                                                                                      
                                       ``:oss/                                        
                           `.+s+.     .+ys--yh+     `./ss+.                           
                          -sh//yy+`   +yy   +yy    -+h+-oyy                           
                          -yh- .oyy/.-sh.   .syo-.:sy-  /yh                           
                 `.-.`    `yh+   -oyyyo.     `/syys:    oys      `.`                  
               `/+ssys+-` `sh+      `                   oys`   .:osyo`                
               -yh- ./syyooyo`                          .sys+/oyo--yh/                
               `yy+    .-:-.                             `-/+/:`  -sh-                
                /yh.                                              oys                 
          ``..---hho---------`   .---------..`      `.-----.`    -hd+---.             
       `./osmNMMMMMMMMMMMMMMMs. +NNMMMMMMMMNNmh+.   yNMMMMMNm-  oNMMMMMNmo++:`        
       +sy--/sdMMMhyyyyyyyNMMh- .oyNMMmyyyyyhNMMm+` -yMMMdyyo:` .oyyNMMNhs+syy`       
       -yy/   /MMM+.`-+/``mMMy-   `mMMh:`````.dMMN:` `MMMy-`-dhhy```mMMy:``+hs        
        -yy+` /MMMo:-mMM+`-oo/.    mMMh:     `dMMN/`  dMMm:`dMMMMy..MMMo-.+yo`        
         .sys`/MMMMNNMMMs-         mMMmyooooymMMNo:   oMMM/sMMMMMM++MMN//oh:          
          `sh+/MMMhyyMMMs- `-`     mMMMMMMMMMNmy+-`   -MMMhMMMsmMMmdMMd/yy+           
    `-/+++oyy-/MMM+.`/hh/.`mNm:`   mMMd+/////:-.`      NMMMMMd/:NMMMMMy:/yyo/:.`      
   +os+//:-..-oMMMo:--:::-/MMMo. .-mMMd+---`           hMMMMN+. oMMMMMo. `-+osyso:`   
   syo     `mNMMMMMNNNNNNNNMMMo.oNNMMMMMNNNN:`         +MMMMs:`  dMMMN/`     ``:syo   
   /yh`     :syyyyyyyyyyyyyyyy+.`+syyyyyyyyo:`         .oyys:`   .oyys:`        +yh   
   -yh-        ````````````````    `````````              ``        ``          oys   
   -+h/------------------------::::::::://////++++++++++++++++++++++///////::::/yd:   
   shdddddddddddddddddddddddddddddhhhhhhhhyyyyyssssssssssssssssyyyyyyyhhhhhhhddddh`   
                                                                                      
 Lee, H., Poncé, S., Bushick, K., Hajinazar, S., Lafuente-Bartolome, J.,Leveillee, J.,
    Lian, C., Lihm, J., Macheda, F., Mori, H., Paudyal, H., Sio, W., Tiwari, S.,      
 Zacharias, M., Zhang, X., Bonini, N., Kioupakis, E., Margine, E.R., and Giustino F., 
                                                     npj Comput Mater 9, 156 (2023)   
                                                                                      

     Program EPW v.6.0 starts on 23Sep2026 at 15:36:36 

     This program is part of the open-source Quantum ESPRESSO suite
     for quantum simulation of materials; please cite
         "P. Giannozzi et al., J. Phys.:Condens. Matter 21 395502 (2009);
         "P. Giannozzi et al., J. Phys.:Condens. Matter 29 465901 (2017);
         "P. Giannozzi et al., J. Chem. Phys. 152 154105 (2020);
          URL http://www.quantum-espresso.org", 
     in publications or presentations arising from this work. More details at
     http://www.quantum-espresso.org/quote

     Parallel version (MPI), running on     8 processors

     MPI processes distributed on     1 nodes
     K-points division:     npool     =       8
     3288 MiB available memory on the printing compute node when the environment starts
 
     Reading input from epw2.in
      Title line not specified: using 'default'.

     Reading supplied temperature list.
                      
     ------------------------------------------------------------------------ 
                   RESTART - RESTART - RESTART - RESTART                         
     Restart is done without reading PWSCF save file.                  
     Be aware that some consistency checks are therefore not done.                  
     ------------------------------------------------------------------------ 
                      

     default                                                                    

     bravais-lattice index     =            0
     lattice parameter (a_0)   =       0.0000  a.u.
     unit-cell volume          =       0.0000 (a.u.)^3
     number of atoms/cell      =            0
     number of atomic types    =            0
     kinetic-energy cut-off    =       0.0000  Ry
     charge density cut-off    =       0.0000  Ry
     Exchange-correlation= not set
                           (  -1  -1  -1  -1  -1  -1  -1)


     celldm(1)=    0.00000  celldm(2)=    0.00000  celldm(3)=    0.00000
     celldm(4)=    0.00000  celldm(5)=    0.00000  celldm(6)=    0.00000

     crystal axes: (cart. coord. in units of a_0)
               a(1) = (  0.0000  0.0000  0.0000 )  
               a(2) = (  0.0000  0.0000  0.0000 )  
               a(3) = (  0.0000  0.0000  0.0000 )  

     reciprocal axes: (cart. coord. in units 2 pi/a_0)
               b(1) = (  0.0000  0.0000  0.0000 )  
               b(2) = (  0.0000  0.0000  0.0000 )  
               b(3) = (  0.0000  0.0000  0.0000 )  


     Atoms inside the unit cell: 

   Cartesian axes

     site n.  atom      mass           positions (a_0 units)

 
     No symmetry!

     G cutoff =    0.0000  (      0 G-vectors)     FFT grid: (  0,  0,  0)
     number of k points=    0
                       cart. coord. in units 2pi/a_0
     EPW          :      0.00s CPU      0.00s WALL

     EPW          :      0.00s CPU      0.00s WALL


     -------------------------------------------------------------------
     Using al.ukk from disk
     -------------------------------------------------------------------

     HDF5 is NOT used in the current build. Exciton-phonon coupling calculations are disabled.
     Symmetries of Bravais lattice:  48
     Symmetries of crystal:          48

     Do not need to read .epb files; read .fmt files


     Band disentanglement is used: nbndsub =    4
     Use zone-centred Wigner-Seitz cells 
     Number of WS vectors for electrons     1957
     Number of WS vectors for phonons       93
     Number of WS vectors for electron-phonon       93
     Maximum number of cores for efficient parallelization      279
     Results may improve by using use_ws == .TRUE. 

     Reading Hamiltonian, Dynamical matrix and EP vertex in Wann rep from file


     Reading interatomic force constants

     IFC last   -0.0002202
     Norm of the difference between old and new effective charges:    0.0000000
     Norm of the difference between old and new force-constants:    0.0000038
     Imposed crystal ASR

     Finished reading ifcs


     EP vertexes are distributed into MPI processes


     Finished reading Wann rep data from file

     ===================================================================
     Memory usage:  VmHWM =        63Mb
                   VmPeak =      2878Mb
     ===================================================================
     
     Using uniform q-mesh:    12   12   12
     Size of q point mesh for interpolation:       1728
     Using uniform MP k-mesh:    24   24   24
     Size of k point mesh for interpolation:        413
     Max number of k points per pool:               52

     Fermi energy coarse grid =   8.267833 eV

     Fermi energy is calculated from the fine k-mesh: Ef =   8.424415 eV

     ===================================================================

              ibndmin =     1  ebndmin =     7.432 eV
              ibndmax =     3  ebndmax =     9.416 eV


     Number of ep-matrix elements per pool :         1404 ~=   10.97 Kb (@ 8 bytes/ DP)
     Number selected, total            100            100
     Number selected, total            200            207
     Number selected, total            300            313
     Number selected, total            400            415
     Number selected, total            500            515
     Number selected, total            600            615
     Number selected, total            700            715
     Number selected, total            800            815
     Number selected, total            900            915
     Number selected, total           1000           1015
     Number selected, total           1100           1115
     Number selected, total           1200           1215
     Number selected, total           1300           1315
     Number selected, total           1400           1419
     Number selected, total           1500           1519
     Number selected, total           1600           1629
     We only need to compute     1692 q-points
      

     Entering adiabatic isotropic Eliashberg
     Gaussian Broadening:   0.100000 eV, ngauss=   1
     DOS =  0.256064 states/spin/eV/Unit Cell at Ef=  8.424415 eV
     nmodes =         3
     w_max (meV) =   45.2038042
     Progression iq (fine) =          1 /       1692
     Progression iq (fine) =          2 /       1692
     Progression iq (fine) =          3 /       1692
     Progression iq (fine) =          4 /       1692
     Progression iq (fine) =          5 /       1692
     Progression iq (fine) =          6 /       1692
     Progression iq (fine) =          7 /       1692
     Progression iq (fine) =          8 /       1692
     Progression iq (fine) =          9 /       1692
     Progression iq (fine) =         10 /       1692
     Progression iq (fine) =         11 /       1692
     Progression iq (fine) =         12 /       1692
     Progression iq (fine) =         13 /       1692
     Progression iq (fine) =         14 /       1692
     Progression iq (fine) =         15 /       1692
     Progression iq (fine) =         16 /       1692
     Progression iq (fine) =         17 /       1692
     Progression iq (fine) =         18 /       1692
     Progression iq (fine) =         19 /       1692
     Progression iq (fine) =         20 /       1692
     Progression iq (fine) =         21 /       1692
     Progression iq (fine) =         22 /       1692
     Progression iq (fine) =         23 /       1692
     Progression iq (fine) =         24 /       1692
     Progression iq (fine) =         25 /       1692
     Progression iq (fine) =         26 /       1692
     Progression iq (fine) =         27 /       1692
     Progression iq (fine) =         28 /       1692
     Progression iq (fine) =         29 /       1692
     Progression iq (fine) =         30 /       1692
     Progression iq (fine) =         31 /       1692
     Progression iq (fine) =         32 /       1692
     Progression iq (fine) =         33 /       1692
     Progression iq (fine) =         34 /       1692
     Progression iq (fine) =         35 /       1692
     Progression iq (fine) =         36 /       1692
     Progression iq (fine) =         37 /       1692
     Progression iq (fine) =         38 /       1692
     Progression iq (fine) =         39 /       1692
     Progression iq (fine) =         40 /       1692
     Progression iq (fine) =         41 /       1692
     Progression iq (fine) =         42 /       1692
     Progression iq (fine) =         43 /       1692
     Progression iq (fine) =         44 /       1692
     Progression iq (fine) =         45 /       1692
     Progression iq (fine) =         46 /       1692
     Progression iq (fine) =         47 /       1692
     Progression iq (fine) =         48 /       1692
     Progression iq (fine) =         49 /       1692
     Progression iq (fine) =         50 /       1692
     Progression iq (fine) =         51 /       1692
     Progression iq (fine) =         52 /       1692
     Progression iq (fine) =         53 /       1692
     Progression iq (fine) =         54 /       1692
     Progression iq (fine) =         55 /       1692
     Progression iq (fine) =         56 /       1692
     Progression iq (fine) =         57 /       1692
     Progression iq (fine) =         58 /       1692
     Progression iq (fine) =         59 /       1692
     Progression iq (fine) =         60 /       1692
     Progression iq (fine) =         61 /       1692
     Progression iq (fine) =         62 /       1692
     Progression iq (fine) =         63 /       1692
     Progression iq (fine) =         64 /       1692
     Progression iq (fine) =         65 /       1692
     Progression iq (fine) =         66 /       1692
     Progression iq (fine) =         67 /       1692
     Progression iq (fine) =         68 /       1692
     Progression iq (fine) =         69 /       1692
     Progression iq (fine) =         70 /       1692
     Progression iq (fine) =         71 /       1692
     Progression iq (fine) =         72 /       1692
     Progression iq (fine) =         73 /       1692
     Progression iq (fine) =         74 /       1692
     Progression iq (fine) =         75 /       1692
     Progression iq (fine) =         76 /       1692
     Progression iq (fine) =         77 /       1692
     Progression iq (fine) =         78 /       1692
     Progression iq (fine) =         79 /       1692
     Progression iq (fine) =         80 /       1692
     Progression iq (fine) =         81 /       1692
     Progression iq (fine) =         82 /       1692
     Progression iq (fine) =         83 /       1692
     Progression iq (fine) =         84 /       1692
     Progression iq (fine) =         85 /       1692
     Progression iq (fine) =         86 /       1692
     Progression iq (fine) =         87 /       1692
     Progression iq (fine) =         88 /       1692
     Progression iq (fine) =         89 /       1692
     Progression iq (fine) =         90 /       1692
     Progression iq (fine) =         91 /       1692
     Progression iq (fine) =         92 /       1692
     Progression iq (fine) =         93 /       1692
     Progression iq (fine) =         94 /       1692
     Progression iq (fine) =         95 /       1692
     Progression iq (fine) =         96 /       1692
     Progression iq (fine) =         97 /       1692
     Progression iq (fine) =         98 /       1692
     Progression iq (fine) =         99 /       1692
     Progression iq (fine) =        100 /       1692
     Progression iq (fine) =        101 /       1692
     Progression iq (fine) =        102 /       1692
     Progression iq (fine) =        103 /       1692
     Progression iq (fine) =        104 /       1692
     Progression iq (fine) =        105 /       1692
     Progression iq (fine) =        106 /       1692
     Progression iq (fine) =        107 /       1692
     Progression iq (fine) =        108 /       1692
     Progression iq (fine) =        109 /       1692
     Progression iq (fine) =        110 /       1692
     Progression iq (fine) =        111 /       1692
     Progression iq (fine) =        112 /       1692
     Progression iq (fine) =        113 /       1692
     Progression iq (fine) =        114 /       1692
     Progression iq (fine) =        115 /       1692
     Progression iq (fine) =        116 /       1692
     Progression iq (fine) =        117 /       1692
     Progression iq (fine) =        118 /       1692
     Progression iq (fine) =        119 /       1692
     Progression iq (fine) =        120 /       1692
     Progression iq (fine) =        121 /       1692
     Progression iq (fine) =        122 /       1692
     Progression iq (fine) =        123 /       1692
     Progression iq (fine) =        124 /       1692
     Progression iq (fine) =        125 /       1692
     Progression iq (fine) =        126 /       1692
     Progression iq (fine) =        127 /       1692
     Progression iq (fine) =        128 /       1692
     Progression iq (fine) =        129 /       1692
     Progression iq (fine) =        130 /       1692
     Progression iq (fine) =        131 /       1692
     Progression iq (fine) =        132 /       1692
     Progression iq (fine) =        133 /       1692
     Progression iq (fine) =        134 /       1692
     Progression iq (fine) =        135 /       1692
     Progression iq (fine) =        136 /       1692
     Progression iq (fine) =        137 /       1692
     Progression iq (fine) =        138 /       1692
     Progression iq (fine) =        139 /       1692
     Progression iq (fine) =        140 /       1692
     Progression iq (fine) =        141 /       1692
     Progression iq (fine) =        142 /       1692
     Progression iq (fine) =        143 /       1692
     Progression iq (fine) =        144 /       1692
     Progression iq (fine) =        145 /       1692
     Progression iq (fine) =        146 /       1692
     Progression iq (fine) =        147 /       1692
     Progression iq (fine) =        148 /       1692
     Progression iq (fine) =        149 /       1692
     Progression iq (fine) =        150 /       1692
     Progression iq (fine) =        151 /       1692
     Progression iq (fine) =        152 /       1692
     Progression iq (fine) =        153 /       1692
     Progression iq (fine) =        154 /       1692
     Progression iq (fine) =        155 /       1692
     Progression iq (fine) =        156 /       1692
     Progression iq (fine) =        157 /       1692
     Progression iq (fine) =        158 /       1692
     Progression iq (fine) =        159 /       1692
     Progression iq (fine) =        160 /       1692
     Progression iq (fine) =        161 /       1692
     Progression iq (fine) =        162 /       1692
     Progression iq (fine) =        163 /       1692
     Progression iq (fine) =        164 /       1692
     Progression iq (fine) =        165 /       1692
     Progression iq (fine) =        166 /       1692
     Progression iq (fine) =        167 /       1692
     Progression iq (fine) =        168 /       1692
     Progression iq (fine) =        169 /       1692
     Progression iq (fine) =        170 /       1692
     Progression iq (fine) =        171 /       1692
     Progression iq (fine) =        172 /       1692
     Progression iq (fine) =        173 /       1692
     Progression iq (fine) =        174 /       1692
     Progression iq (fine) =        175 /       1692
     Progression iq (fine) =        176 /       1692
     Progression iq (fine) =        177 /       1692
     Progression iq (fine) =        178 /       1692
     Progression iq (fine) =        179 /       1692
     Progression iq (fine) =        180 /       1692
     Progression iq (fine) =        181 /       1692
     Progression iq (fine) =        182 /       1692
     Progression iq (fine) =        183 /       1692
     Progression iq (fine) =        184 /       1692
     Progression iq (fine) =        185 /       1692
     Progression iq (fine) =        186 /       1692
     Progression iq (fine) =        187 /       1692
     Progression iq (fine) =        188 /       1692
     Progression iq (fine) =        189 /       1692
     Progression iq (fine) =        190 /       1692
     Progression iq (fine) =        191 /       1692
     Progression iq (fine) =        192 /       1692
     Progression iq (fine) =        193 /       1692
     Progression iq (fine) =        194 /       1692
     Progression iq (fine) =        195 /       1692
     Progression iq (fine) =        196 /       1692
     Progression iq (fine) =        197 /       1692
     Progression iq (fine) =        198 /       1692
     Progression iq (fine) =        199 /       1692
     Progression iq (fine) =        200 /       1692
     Progression iq (fine) =        201 /       1692
     Progression iq (fine) =        202 /       1692
     Progression iq (fine) =        203 /       1692
     Progression iq (fine) =        204 /       1692
     Progression iq (fine) =        205 /       1692
     Progression iq (fine) =        206 /       1692
     Progression iq (fine) =        207 /       1692
     Progression iq (fine) =        208 /       1692
     Progression iq (fine) =        209 /       1692
     Progression iq (fine) =        210 /       1692
     Progression iq (fine) =        211 /       1692
     Progression iq (fine) =        212 /       1692
     Progression iq (fine) =        213 /       1692
     Progression iq (fine) =        214 /       1692
     Progression iq (fine) =        215 /       1692
     Progression iq (fine) =        216 /       1692
     Progression iq (fine) =        217 /       1692
     Progression iq (fine) =        218 /       1692
     Progression iq (fine) =        219 /       1692
     Progression iq (fine) =        220 /       1692
     Progression iq (fine) =        221 /       1692
     Progression iq (fine) =        222 /       1692
     Progression iq (fine) =        223 /       1692
     Progression iq (fine) =        224 /       1692
     Progression iq (fine) =        225 /       1692
     Progression iq (fine) =        226 /       1692
     Progression iq (fine) =        227 /       1692
     Progression iq (fine) =        228 /       1692
     Progression iq (fine) =        229 /       1692
     Progression iq (fine) =        230 /       1692
     Progression iq (fine) =        231 /       1692
     Progression iq (fine) =        232 /       1692
     Progression iq (fine) =        233 /       1692
     Progression iq (fine) =        234 /       1692
     Progression iq (fine) =        235 /       1692
     Progression iq (fine) =        236 /       1692
     Progression iq (fine) =        237 /       1692
     Progression iq (fine) =        238 /       1692
     Progression iq (fine) =        239 /       1692
     Progression iq (fine) =        240 /       1692
     Progression iq (fine) =        241 /       1692
     Progression iq (fine) =        242 /       1692
     Progression iq (fine) =        243 /       1692
     Progression iq (fine) =        244 /       1692
     Progression iq (fine) =        245 /       1692
     Progression iq (fine) =        246 /       1692
     Progression iq (fine) =        247 /       1692
     Progression iq (fine) =        248 /       1692
     Progression iq (fine) =        249 /       1692
     Progression iq (fine) =        250 /       1692
     Progression iq (fine) =        251 /       1692
     Progression iq (fine) =        252 /       1692
     Progression iq (fine) =        253 /       1692
     Progression iq (fine) =        254 /       1692
     Progression iq (fine) =        255 /       1692
     Progression iq (fine) =        256 /       1692
     Progression iq (fine) =        257 /       1692
     Progression iq (fine) =        258 /       1692
     Progression iq (fine) =        259 /       1692
     Progression iq (fine) =        260 /       1692
     Progression iq (fine) =        261 /       1692
     Progression iq (fine) =        262 /       1692
     Progression iq (fine) =        263 /       1692
     Progression iq (fine) =        264 /       1692
     Progression iq (fine) =        265 /       1692
     Progression iq (fine) =        266 /       1692
     Progression iq (fine) =        267 /       1692
     Progression iq (fine) =        268 /       1692
     Progression iq (fine) =        269 /       1692
     Progression iq (fine) =        270 /       1692
     Progression iq (fine) =        271 /       1692
     Progression iq (fine) =        272 /       1692
     Progression iq (fine) =        273 /       1692
     Progression iq (fine) =        274 /       1692
     Progression iq (fine) =        275 /       1692
     Progression iq (fine) =        276 /       1692
     Progression iq (fine) =        277 /       1692
     Progression iq (fine) =        278 /       1692
     Progression iq (fine) =        279 /       1692
     Progression iq (fine) =        280 /       1692
     Progression iq (fine) =        281 /       1692
     Progression iq (fine) =        282 /       1692
     Progression iq (fine) =        283 /       1692
     Progression iq (fine) =        284 /       1692
     Progression iq (fine) =        285 /       1692
     Progression iq (fine) =        286 /       1692
     Progression iq (fine) =        287 /       1692
     Progression iq (fine) =        288 /       1692
     Progression iq (fine) =        289 /       1692
     Progression iq (fine) =        290 /       1692
     Progression iq (fine) =        291 /       1692
     Progression iq (fine) =        292 /       1692
     Progression iq (fine) =        293 /       1692
     Progression iq (fine) =        294 /       1692
     Progression iq (fine) =        295 /       1692
     Progression iq (fine) =        296 /       1692
     Progression iq (fine) =        297 /       1692
     Progression iq (fine) =        298 /       1692
     Progression iq (fine) =        299 /       1692
     Progression iq (fine) =        300 /       1692
     Progression iq (fine) =        301 /       1692
     Progression iq (fine) =        302 /       1692
     Progression iq (fine) =        303 /       1692
     Progression iq (fine) =        304 /       1692
     Progression iq (fine) =        305 /       1692
     Progression iq (fine) =        306 /       1692
     Progression iq (fine) =        307 /       1692
     Progression iq (fine) =        308 /       1692
     Progression iq (fine) =        309 /       1692
     Progression iq (fine) =        310 /       1692
     Progression iq (fine) =        311 /       1692
     Progression iq (fine) =        312 /       1692
     Progression iq (fine) =        313 /       1692
     Progression iq (fine) =        314 /       1692
     Progression iq (fine) =        315 /       1692
     Progression iq (fine) =        316 /       1692
     Progression iq (fine) =        317 /       1692
     Progression iq (fine) =        318 /       1692
     Progression iq (fine) =        319 /       1692
     Progression iq (fine) =        320 /       1692
     Progression iq (fine) =        321 /       1692
     Progression iq (fine) =        322 /       1692
     Progression iq (fine) =        323 /       1692
     Progression iq (fine) =        324 /       1692
     Progression iq (fine) =        325 /       1692
     Progression iq (fine) =        326 /       1692
     Progression iq (fine) =        327 /       1692
     Progression iq (fine) =        328 /       1692
     Progression iq (fine) =        329 /       1692
     Progression iq (fine) =        330 /       1692
     Progression iq (fine) =        331 /       1692
     Progression iq (fine) =        332 /       1692
     Progression iq (fine) =        333 /       1692
     Progression iq (fine) =        334 /       1692
     Progression iq (fine) =        335 /       1692
     Progression iq (fine) =        336 /       1692
     Progression iq (fine) =        337 /       1692
     Progression iq (fine) =        338 /       1692
     Progression iq (fine) =        339 /       1692
     Progression iq (fine) =        340 /       1692
     Progression iq (fine) =        341 /       1692
     Progression iq (fine) =        342 /       1692
     Progression iq (fine) =        343 /       1692
     Progression iq (fine) =        344 /       1692
     Progression iq (fine) =        345 /       1692
     Progression iq (fine) =        346 /       1692
     Progression iq (fine) =        347 /       1692
     Progression iq (fine) =        348 /       1692
     Progression iq (fine) =        349 /       1692
     Progression iq (fine) =        350 /       1692
     Progression iq (fine) =        351 /       1692
     Progression iq (fine) =        352 /       1692
     Progression iq (fine) =        353 /       1692
     Progression iq (fine) =        354 /       1692
     Progression iq (fine) =        355 /       1692
     Progression iq (fine) =        356 /       1692
     Progression iq (fine) =        357 /       1692
     Progression iq (fine) =        358 /       1692
     Progression iq (fine) =        359 /       1692
     Progression iq (fine) =        360 /       1692
     Progression iq (fine) =        361 /       1692
     Progression iq (fine) =        362 /       1692
     Progression iq (fine) =        363 /       1692
     Progression iq (fine) =        364 /       1692
     Progression iq (fine) =        365 /       1692
     Progression iq (fine) =        366 /       1692
     Progression iq (fine) =        367 /       1692
     Progression iq (fine) =        368 /       1692
     Progression iq (fine) =        369 /       1692
     Progression iq (fine) =        370 /       1692
     Progression iq (fine) =        371 /       1692
     Progression iq (fine) =        372 /       1692
     Progression iq (fine) =        373 /       1692
     Progression iq (fine) =        374 /       1692
     Progression iq (fine) =        375 /       1692
     Progression iq (fine) =        376 /       1692
     Progression iq (fine) =        377 /       1692
     Progression iq (fine) =        378 /       1692
     Progression iq (fine) =        379 /       1692
     Progression iq (fine) =        380 /       1692
     Progression iq (fine) =        381 /       1692
     Progression iq (fine) =        382 /       1692
     Progression iq (fine) =        383 /       1692
     Progression iq (fine) =        384 /       1692
     Progression iq (fine) =        385 /       1692
     Progression iq (fine) =        386 /       1692
     Progression iq (fine) =        387 /       1692
     Progression iq (fine) =        388 /       1692
     Progression iq (fine) =        389 /       1692
     Progression iq (fine) =        390 /       1692
     Progression iq (fine) =        391 /       1692
     Progression iq (fine) =        392 /       1692
     Progression iq (fine) =        393 /       1692
     Progression iq (fine) =        394 /       1692
     Progression iq (fine) =        395 /       1692
     Progression iq (fine) =        396 /       1692
     Progression iq (fine) =        397 /       1692
     Progression iq (fine) =        398 /       1692
     Progression iq (fine) =        399 /       1692
     Progression iq (fine) =        400 /       1692
     Progression iq (fine) =        401 /       1692
     Progression iq (fine) =        402 /       1692
     Progression iq (fine) =        403 /       1692
     Progression iq (fine) =        404 /       1692
     Progression iq (fine) =        405 /       1692
     Progression iq (fine) =        406 /       1692
     Progression iq (fine) =        407 /       1692
     Progression iq (fine) =        408 /       1692
     Progression iq (fine) =        409 /       1692
     Progression iq (fine) =        410 /       1692
     Progression iq (fine) =        411 /       1692
     Progression iq (fine) =        412 /       1692
     Progression iq (fine) =        413 /       1692
     Progression iq (fine) =        414 /       1692
     Progression iq (fine) =        415 /       1692
     Progression iq (fine) =        416 /       1692
     Progression iq (fine) =        417 /       1692
     Progression iq (fine) =        418 /       1692
     Progression iq (fine) =        419 /       1692
     Progression iq (fine) =        420 /       1692
     Progression iq (fine) =        421 /       1692
     Progression iq (fine) =        422 /       1692
     Progression iq (fine) =        423 /       1692
     Progression iq (fine) =        424 /       1692
     Progression iq (fine) =        425 /       1692
     Progression iq (fine) =        426 /       1692
     Progression iq (fine) =        427 /       1692
     Progression iq (fine) =        428 /       1692
     Progression iq (fine) =        429 /       1692
     Progression iq (fine) =        430 /       1692
     Progression iq (fine) =        431 /       1692
     Progression iq (fine) =        432 /       1692
     Progression iq (fine) =        433 /       1692
     Progression iq (fine) =        434 /       1692
     Progression iq (fine) =        435 /       1692
     Progression iq (fine) =        436 /       1692
     Progression iq (fine) =        437 /       1692
     Progression iq (fine) =        438 /       1692
     Progression iq (fine) =        439 /       1692
     Progression iq (fine) =        440 /       1692
     Progression iq (fine) =        441 /       1692
     Progression iq (fine) =        442 /       1692
     Progression iq (fine) =        443 /       1692
     Progression iq (fine) =        444 /       1692
     Progression iq (fine) =        445 /       1692
     Progression iq (fine) =        446 /       1692
     Progression iq (fine) =        447 /       1692
     Progression iq (fine) =        448 /       1692
     Progression iq (fine) =        449 /       1692
     Progression iq (fine) =        450 /       1692
     Progression iq (fine) =        451 /       1692
     Progression iq (fine) =        452 /       1692
     Progression iq (fine) =        453 /       1692
     Progression iq (fine) =        454 /       1692
     Progression iq (fine) =        455 /       1692
     Progression iq (fine) =        456 /       1692
     Progression iq (fine) =        457 /       1692
     Progression iq (fine) =        458 /       1692
     Progression iq (fine) =        459 /       1692
     Progression iq (fine) =        460 /       1692
     Progression iq (fine) =        461 /       1692
     Progression iq (fine) =        462 /       1692
     Progression iq (fine) =        463 /       1692
     Progression iq (fine) =        464 /       1692
     Progression iq (fine) =        465 /       1692
     Progression iq (fine) =        466 /       1692
     Progression iq (fine) =        467 /       1692
     Progression iq (fine) =        468 /       1692
     Progression iq (fine) =        469 /       1692
     Progression iq (fine) =        470 /       1692
     Progression iq (fine) =        471 /       1692
     Progression iq (fine) =        472 /       1692
     Progression iq (fine) =        473 /       1692
     Progression iq (fine) =        474 /       1692
     Progression iq (fine) =        475 /       1692
     Progression iq (fine) =        476 /       1692
     Progression iq (fine) =        477 /       1692
     Progression iq (fine) =        478 /       1692
     Progression iq (fine) =        479 /       1692
     Progression iq (fine) =        480 /       1692
     Progression iq (fine) =        481 /       1692
     Progression iq (fine) =        482 /       1692
     Progression iq (fine) =        483 /       1692
     Progression iq (fine) =        484 /       1692
     Progression iq (fine) =        485 /       1692
     Progression iq (fine) =        486 /       1692
     Progression iq (fine) =        487 /       1692
     Progression iq (fine) =        488 /       1692
     Progression iq (fine) =        489 /       1692
     Progression iq (fine) =        490 /       1692
     Progression iq (fine) =        491 /       1692
     Progression iq (fine) =        492 /       1692
     Progression iq (fine) =        493 /       1692
     Progression iq (fine) =        494 /       1692
     Progression iq (fine) =        495 /       1692
     Progression iq (fine) =        496 /       1692
     Progression iq (fine) =        497 /       1692
     Progression iq (fine) =        498 /       1692
     Progression iq (fine) =        499 /       1692
     Progression iq (fine) =        500 /       1692
     Progression iq (fine) =        501 /       1692
     Progression iq (fine) =        502 /       1692
     Progression iq (fine) =        503 /       1692
     Progression iq (fine) =        504 /       1692
     Progression iq (fine) =        505 /       1692
     Progression iq (fine) =        506 /       1692
     Progression iq (fine) =        507 /       1692
     Progression iq (fine) =        508 /       1692
     Progression iq (fine) =        509 /       1692
     Progression iq (fine) =        510 /       1692
     Progression iq (fine) =        511 /       1692
     Progression iq (fine) =        512 /       1692
     Progression iq (fine) =        513 /       1692
     Progression iq (fine) =        514 /       1692
     Progression iq (fine) =        515 /       1692
     Progression iq (fine) =        516 /       1692
     Progression iq (fine) =        517 /       1692
     Progression iq (fine) =        518 /       1692
     Progression iq (fine) =        519 /       1692
     Progression iq (fine) =        520 /       1692
     Progression iq (fine) =        521 /       1692
     Progression iq (fine) =        522 /       1692
     Progression iq (fine) =        523 /       1692
     Progression iq (fine) =        524 /       1692
     Progression iq (fine) =        525 /       1692
     Progression iq (fine) =        526 /       1692
     Progression iq (fine) =        527 /       1692
     Progression iq (fine) =        528 /       1692
     Progression iq (fine) =        529 /       1692
     Progression iq (fine) =        530 /       1692
     Progression iq (fine) =        531 /       1692
     Progression iq (fine) =        532 /       1692
     Progression iq (fine) =        533 /       1692
     Progression iq (fine) =        534 /       1692
     Progression iq (fine) =        535 /       1692
     Progression iq (fine) =        536 /       1692
     Progression iq (fine) =        537 /       1692
     Progression iq (fine) =        538 /       1692
     Progression iq (fine) =        539 /       1692
     Progression iq (fine) =        540 /       1692
     Progression iq (fine) =        541 /       1692
     Progression iq (fine) =        542 /       1692
     Progression iq (fine) =        543 /       1692
     Progression iq (fine) =        544 /       1692
     Progression iq (fine) =        545 /       1692
     Progression iq (fine) =        546 /       1692
     Progression iq (fine) =        547 /       1692
     Progression iq (fine) =        548 /       1692
     Progression iq (fine) =        549 /       1692
     Progression iq (fine) =        550 /       1692
     Progression iq (fine) =        551 /       1692
     Progression iq (fine) =        552 /       1692
     Progression iq (fine) =        553 /       1692
     Progression iq (fine) =        554 /       1692
     Progression iq (fine) =        555 /       1692
     Progression iq (fine) =        556 /       1692
     Progression iq (fine) =        557 /       1692
     Progression iq (fine) =        558 /       1692
     Progression iq (fine) =        559 /       1692
     Progression iq (fine) =        560 /       1692
     Progression iq (fine) =        561 /       1692
     Progression iq (fine) =        562 /       1692
     Progression iq (fine) =        563 /       1692
     Progression iq (fine) =        564 /       1692
     Progression iq (fine) =        565 /       1692
     Progression iq (fine) =        566 /       1692
     Progression iq (fine) =        567 /       1692
     Progression iq (fine) =        568 /       1692
     Progression iq (fine) =        569 /       1692
     Progression iq (fine) =        570 /       1692
     Progression iq (fine) =        571 /       1692
     Progression iq (fine) =        572 /       1692
     Progression iq (fine) =        573 /       1692
     Progression iq (fine) =        574 /       1692
     Progression iq (fine) =        575 /       1692
     Progression iq (fine) =        576 /       1692
     Progression iq (fine) =        577 /       1692
     Progression iq (fine) =        578 /       1692
     Progression iq (fine) =        579 /       1692
     Progression iq (fine) =        580 /       1692
     Progression iq (fine) =        581 /       1692
     Progression iq (fine) =        582 /       1692
     Progression iq (fine) =        583 /       1692
     Progression iq (fine) =        584 /       1692
     Progression iq (fine) =        585 /       1692
     Progression iq (fine) =        586 /       1692
     Progression iq (fine) =        587 /       1692
     Progression iq (fine) =        588 /       1692
     Progression iq (fine) =        589 /       1692
     Progression iq (fine) =        590 /       1692
     Progression iq (fine) =        591 /       1692
     Progression iq (fine) =        592 /       1692
     Progression iq (fine) =        593 /       1692
     Progression iq (fine) =        594 /       1692
     Progression iq (fine) =        595 /       1692
     Progression iq (fine) =        596 /       1692
     Progression iq (fine) =        597 /       1692
     Progression iq (fine) =        598 /       1692
     Progression iq (fine) =        599 /       1692
     Progression iq (fine) =        600 /       1692
     Progression iq (fine) =        601 /       1692
     Progression iq (fine) =        602 /       1692
     Progression iq (fine) =        603 /       1692
     Progression iq (fine) =        604 /       1692
     Progression iq (fine) =        605 /       1692
     Progression iq (fine) =        606 /       1692
     Progression iq (fine) =        607 /       1692
     Progression iq (fine) =        608 /       1692
     Progression iq (fine) =        609 /       1692
     Progression iq (fine) =        610 /       1692
     Progression iq (fine) =        611 /       1692
     Progression iq (fine) =        612 /       1692
     Progression iq (fine) =        613 /       1692
     Progression iq (fine) =        614 /       1692
     Progression iq (fine) =        615 /       1692
     Progression iq (fine) =        616 /       1692
     Progression iq (fine) =        617 /       1692
     Progression iq (fine) =        618 /       1692
     Progression iq (fine) =        619 /       1692
     Progression iq (fine) =        620 /       1692
     Progression iq (fine) =        621 /       1692
     Progression iq (fine) =        622 /       1692
     Progression iq (fine) =        623 /       1692
     Progression iq (fine) =        624 /       1692
     Progression iq (fine) =        625 /       1692
     Progression iq (fine) =        626 /       1692
     Progression iq (fine) =        627 /       1692
     Progression iq (fine) =        628 /       1692
     Progression iq (fine) =        629 /       1692
     Progression iq (fine) =        630 /       1692
     Progression iq (fine) =        631 /       1692
     Progression iq (fine) =        632 /       1692
     Progression iq (fine) =        633 /       1692
     Progression iq (fine) =        634 /       1692
     Progression iq (fine) =        635 /       1692
     Progression iq (fine) =        636 /       1692
     Progression iq (fine) =        637 /       1692
     Progression iq (fine) =        638 /       1692
     Progression iq (fine) =        639 /       1692
     Progression iq (fine) =        640 /       1692
     Progression iq (fine) =        641 /       1692
     Progression iq (fine) =        642 /       1692
     Progression iq (fine) =        643 /       1692
     Progression iq (fine) =        644 /       1692
     Progression iq (fine) =        645 /       1692
     Progression iq (fine) =        646 /       1692
     Progression iq (fine) =        647 /       1692
     Progression iq (fine) =        648 /       1692
     Progression iq (fine) =        649 /       1692
     Progression iq (fine) =        650 /       1692
     Progression iq (fine) =        651 /       1692
     Progression iq (fine) =        652 /       1692
     Progression iq (fine) =        653 /       1692
     Progression iq (fine) =        654 /       1692
     Progression iq (fine) =        655 /       1692
     Progression iq (fine) =        656 /       1692
     Progression iq (fine) =        657 /       1692
     Progression iq (fine) =        658 /       1692
     Progression iq (fine) =        659 /       1692
     Progression iq (fine) =        660 /       1692
     Progression iq (fine) =        661 /       1692
     Progression iq (fine) =        662 /       1692
     Progression iq (fine) =        663 /       1692
     Progression iq (fine) =        664 /       1692
     Progression iq (fine) =        665 /       1692
     Progression iq (fine) =        666 /       1692
     Progression iq (fine) =        667 /       1692
     Progression iq (fine) =        668 /       1692
     Progression iq (fine) =        669 /       1692
     Progression iq (fine) =        670 /       1692
     Progression iq (fine) =        671 /       1692
     Progression iq (fine) =        672 /       1692
     Progression iq (fine) =        673 /       1692
     Progression iq (fine) =        674 /       1692
     Progression iq (fine) =        675 /       1692
     Progression iq (fine) =        676 /       1692
     Progression iq (fine) =        677 /       1692
     Progression iq (fine) =        678 /       1692
     Progression iq (fine) =        679 /       1692
     Progression iq (fine) =        680 /       1692
     Progression iq (fine) =        681 /       1692
     Progression iq (fine) =        682 /       1692
     Progression iq (fine) =        683 /       1692
     Progression iq (fine) =        684 /       1692
     Progression iq (fine) =        685 /       1692
     Progression iq (fine) =        686 /       1692
     Progression iq (fine) =        687 /       1692
     Progression iq (fine) =        688 /       1692
     Progression iq (fine) =        689 /       1692
     Progression iq (fine) =        690 /       1692
     Progression iq (fine) =        691 /       1692
     Progression iq (fine) =        692 /       1692
     Progression iq (fine) =        693 /       1692
     Progression iq (fine) =        694 /       1692
     Progression iq (fine) =        695 /       1692
     Progression iq (fine) =        696 /       1692
     Progression iq (fine) =        697 /       1692
     Progression iq (fine) =        698 /       1692
     Progression iq (fine) =        699 /       1692
     Progression iq (fine) =        700 /       1692
     Progression iq (fine) =        701 /       1692
     Progression iq (fine) =        702 /       1692
     Progression iq (fine) =        703 /       1692
     Progression iq (fine) =        704 /       1692
     Progression iq (fine) =        705 /       1692
     Progression iq (fine) =        706 /       1692
     Progression iq (fine) =        707 /       1692
     Progression iq (fine) =        708 /       1692
     Progression iq (fine) =        709 /       1692
     Progression iq (fine) =        710 /       1692
     Progression iq (fine) =        711 /       1692
     Progression iq (fine) =        712 /       1692
     Progression iq (fine) =        713 /       1692
     Progression iq (fine) =        714 /       1692
     Progression iq (fine) =        715 /       1692
     Progression iq (fine) =        716 /       1692
     Progression iq (fine) =        717 /       1692
     Progression iq (fine) =        718 /       1692
     Progression iq (fine) =        719 /       1692
     Progression iq (fine) =        720 /       1692
     Progression iq (fine) =        721 /       1692
     Progression iq (fine) =        722 /       1692
     Progression iq (fine) =        723 /       1692
     Progression iq (fine) =        724 /       1692
     Progression iq (fine) =        725 /       1692
     Progression iq (fine) =        726 /       1692
     Progression iq (fine) =        727 /       1692
     Progression iq (fine) =        728 /       1692
     Progression iq (fine) =        729 /       1692
     Progression iq (fine) =        730 /       1692
     Progression iq (fine) =        731 /       1692
     Progression iq (fine) =        732 /       1692
     Progression iq (fine) =        733 /       1692
     Progression iq (fine) =        734 /       1692
     Progression iq (fine) =        735 /       1692
     Progression iq (fine) =        736 /       1692
     Progression iq (fine) =        737 /       1692
     Progression iq (fine) =        738 /       1692
     Progression iq (fine) =        739 /       1692
     Progression iq (fine) =        740 /       1692
     Progression iq (fine) =        741 /       1692
     Progression iq (fine) =        742 /       1692
     Progression iq (fine) =        743 /       1692
     Progression iq (fine) =        744 /       1692
     Progression iq (fine) =        745 /       1692
     Progression iq (fine) =        746 /       1692
     Progression iq (fine) =        747 /       1692
     Progression iq (fine) =        748 /       1692
     Progression iq (fine) =        749 /       1692
     Progression iq (fine) =        750 /       1692
     Progression iq (fine) =        751 /       1692
     Progression iq (fine) =        752 /       1692
     Progression iq (fine) =        753 /       1692
     Progression iq (fine) =        754 /       1692
     Progression iq (fine) =        755 /       1692
     Progression iq (fine) =        756 /       1692
     Progression iq (fine) =        757 /       1692
     Progression iq (fine) =        758 /       1692
     Progression iq (fine) =        759 /       1692
     Progression iq (fine) =        760 /       1692
     Progression iq (fine) =        761 /       1692
     Progression iq (fine) =        762 /       1692
     Progression iq (fine) =        763 /       1692
     Progression iq (fine) =        764 /       1692
     Progression iq (fine) =        765 /       1692
     Progression iq (fine) =        766 /       1692
     Progression iq (fine) =        767 /       1692
     Progression iq (fine) =        768 /       1692
     Progression iq (fine) =        769 /       1692
     Progression iq (fine) =        770 /       1692
     Progression iq (fine) =        771 /       1692
     Progression iq (fine) =        772 /       1692
     Progression iq (fine) =        773 /       1692
     Progression iq (fine) =        774 /       1692
     Progression iq (fine) =        775 /       1692
     Progression iq (fine) =        776 /       1692
     Progression iq (fine) =        777 /       1692
     Progression iq (fine) =        778 /       1692
     Progression iq (fine) =        779 /       1692
     Progression iq (fine) =        780 /       1692
     Progression iq (fine) =        781 /       1692
     Progression iq (fine) =        782 /       1692
     Progression iq (fine) =        783 /       1692
     Progression iq (fine) =        784 /       1692
     Progression iq (fine) =        785 /       1692
     Progression iq (fine) =        786 /       1692
     Progression iq (fine) =        787 /       1692
     Progression iq (fine) =        788 /       1692
     Progression iq (fine) =        789 /       1692
     Progression iq (fine) =        790 /       1692
     Progression iq (fine) =        791 /       1692
     Progression iq (fine) =        792 /       1692
     Progression iq (fine) =        793 /       1692
     Progression iq (fine) =        794 /       1692
     Progression iq (fine) =        795 /       1692
     Progression iq (fine) =        796 /       1692
     Progression iq (fine) =        797 /       1692
     Progression iq (fine) =        798 /       1692
     Progression iq (fine) =        799 /       1692
     Progression iq (fine) =        800 /       1692
     Progression iq (fine) =        801 /       1692
     Progression iq (fine) =        802 /       1692
     Progression iq (fine) =        803 /       1692
     Progression iq (fine) =        804 /       1692
     Progression iq (fine) =        805 /       1692
     Progression iq (fine) =        806 /       1692
     Progression iq (fine) =        807 /       1692
     Progression iq (fine) =        808 /       1692
     Progression iq (fine) =        809 /       1692
     Progression iq (fine) =        810 /       1692
     Progression iq (fine) =        811 /       1692
     Progression iq (fine) =        812 /       1692
     Progression iq (fine) =        813 /       1692
     Progression iq (fine) =        814 /       1692
     Progression iq (fine) =        815 /       1692
     Progression iq (fine) =        816 /       1692
     Progression iq (fine) =        817 /       1692
     Progression iq (fine) =        818 /       1692
     Progression iq (fine) =        819 /       1692
     Progression iq (fine) =        820 /       1692
     Progression iq (fine) =        821 /       1692
     Progression iq (fine) =        822 /       1692
     Progression iq (fine) =        823 /       1692
     Progression iq (fine) =        824 /       1692
     Progression iq (fine) =        825 /       1692
     Progression iq (fine) =        826 /       1692
     Progression iq (fine) =        827 /       1692
     Progression iq (fine) =        828 /       1692
     Progression iq (fine) =        829 /       1692
     Progression iq (fine) =        830 /       1692
     Progression iq (fine) =        831 /       1692
     Progression iq (fine) =        832 /       1692
     Progression iq (fine) =        833 /       1692
     Progression iq (fine) =        834 /       1692
     Progression iq (fine) =        835 /       1692
     Progression iq (fine) =        836 /       1692
     Progression iq (fine) =        837 /       1692
     Progression iq (fine) =        838 /       1692
     Progression iq (fine) =        839 /       1692
     Progression iq (fine) =        840 /       1692
     Progression iq (fine) =        841 /       1692
     Progression iq (fine) =        842 /       1692
     Progression iq (fine) =        843 /       1692
     Progression iq (fine) =        844 /       1692
     Progression iq (fine) =        845 /       1692
     Progression iq (fine) =        846 /       1692
     Progression iq (fine) =        847 /       1692
     Progression iq (fine) =        848 /       1692
     Progression iq (fine) =        849 /       1692
     Progression iq (fine) =        850 /       1692
     Progression iq (fine) =        851 /       1692
     Progression iq (fine) =        852 /       1692
     Progression iq (fine) =        853 /       1692
     Progression iq (fine) =        854 /       1692
     Progression iq (fine) =        855 /       1692
     Progression iq (fine) =        856 /       1692
     Progression iq (fine) =        857 /       1692
     Progression iq (fine) =        858 /       1692
     Progression iq (fine) =        859 /       1692
     Progression iq (fine) =        860 /       1692
     Progression iq (fine) =        861 /       1692
     Progression iq (fine) =        862 /       1692
     Progression iq (fine) =        863 /       1692
     Progression iq (fine) =        864 /       1692
     Progression iq (fine) =        865 /       1692
     Progression iq (fine) =        866 /       1692
     Progression iq (fine) =        867 /       1692
     Progression iq (fine) =        868 /       1692
     Progression iq (fine) =        869 /       1692
     Progression iq (fine) =        870 /       1692
     Progression iq (fine) =        871 /       1692
     Progression iq (fine) =        872 /       1692
     Progression iq (fine) =        873 /       1692
     Progression iq (fine) =        874 /       1692
     Progression iq (fine) =        875 /       1692
     Progression iq (fine) =        876 /       1692
     Progression iq (fine) =        877 /       1692
     Progression iq (fine) =        878 /       1692
     Progression iq (fine) =        879 /       1692
     Progression iq (fine) =        880 /       1692
     Progression iq (fine) =        881 /       1692
     Progression iq (fine) =        882 /       1692
     Progression iq (fine) =        883 /       1692
     Progression iq (fine) =        884 /       1692
     Progression iq (fine) =        885 /       1692
     Progression iq (fine) =        886 /       1692
     Progression iq (fine) =        887 /       1692
     Progression iq (fine) =        888 /       1692
     Progression iq (fine) =        889 /       1692
     Progression iq (fine) =        890 /       1692
     Progression iq (fine) =        891 /       1692
     Progression iq (fine) =        892 /       1692
     Progression iq (fine) =        893 /       1692
     Progression iq (fine) =        894 /       1692
     Progression iq (fine) =        895 /       1692
     Progression iq (fine) =        896 /       1692
     Progression iq (fine) =        897 /       1692
     Progression iq (fine) =        898 /       1692
     Progression iq (fine) =        899 /       1692
     Progression iq (fine) =        900 /       1692
     Progression iq (fine) =        901 /       1692
     Progression iq (fine) =        902 /       1692
     Progression iq (fine) =        903 /       1692
     Progression iq (fine) =        904 /       1692
     Progression iq (fine) =        905 /       1692
     Progression iq (fine) =        906 /       1692
     Progression iq (fine) =        907 /       1692
     Progression iq (fine) =        908 /       1692
     Progression iq (fine) =        909 /       1692
     Progression iq (fine) =        910 /       1692
     Progression iq (fine) =        911 /       1692
     Progression iq (fine) =        912 /       1692
     Progression iq (fine) =        913 /       1692
     Progression iq (fine) =        914 /       1692
     Progression iq (fine) =        915 /       1692
     Progression iq (fine) =        916 /       1692
     Progression iq (fine) =        917 /       1692
     Progression iq (fine) =        918 /       1692
     Progression iq (fine) =        919 /       1692
     Progression iq (fine) =        920 /       1692
     Progression iq (fine) =        921 /       1692
     Progression iq (fine) =        922 /       1692
     Progression iq (fine) =        923 /       1692
     Progression iq (fine) =        924 /       1692
     Progression iq (fine) =        925 /       1692
     Progression iq (fine) =        926 /       1692
     Progression iq (fine) =        927 /       1692
     Progression iq (fine) =        928 /       1692
     Progression iq (fine) =        929 /       1692
     Progression iq (fine) =        930 /       1692
     Progression iq (fine) =        931 /       1692
     Progression iq (fine) =        932 /       1692
     Progression iq (fine) =        933 /       1692
     Progression iq (fine) =        934 /       1692
     Progression iq (fine) =        935 /       1692
     Progression iq (fine) =        936 /       1692
     Progression iq (fine) =        937 /       1692
     Progression iq (fine) =        938 /       1692
     Progression iq (fine) =        939 /       1692
     Progression iq (fine) =        940 /       1692
     Progression iq (fine) =        941 /       1692
     Progression iq (fine) =        942 /       1692
     Progression iq (fine) =        943 /       1692
     Progression iq (fine) =        944 /       1692
     Progression iq (fine) =        945 /       1692
     Progression iq (fine) =        946 /       1692
     Progression iq (fine) =        947 /       1692
     Progression iq (fine) =        948 /       1692
     Progression iq (fine) =        949 /       1692
     Progression iq (fine) =        950 /       1692
     Progression iq (fine) =        951 /       1692
     Progression iq (fine) =        952 /       1692
     Progression iq (fine) =        953 /       1692
     Progression iq (fine) =        954 /       1692
     Progression iq (fine) =        955 /       1692
     Progression iq (fine) =        956 /       1692
     Progression iq (fine) =        957 /       1692
     Progression iq (fine) =        958 /       1692
     Progression iq (fine) =        959 /       1692
     Progression iq (fine) =        960 /       1692
     Progression iq (fine) =        961 /       1692
     Progression iq (fine) =        962 /       1692
     Progression iq (fine) =        963 /       1692
     Progression iq (fine) =        964 /       1692
     Progression iq (fine) =        965 /       1692
     Progression iq (fine) =        966 /       1692
     Progression iq (fine) =        967 /       1692
     Progression iq (fine) =        968 /       1692
     Progression iq (fine) =        969 /       1692
     Progression iq (fine) =        970 /       1692
     Progression iq (fine) =        971 /       1692
     Progression iq (fine) =        972 /       1692
     Progression iq (fine) =        973 /       1692
     Progression iq (fine) =        974 /       1692
     Progression iq (fine) =        975 /       1692
     Progression iq (fine) =        976 /       1692
     Progression iq (fine) =        977 /       1692
     Progression iq (fine) =        978 /       1692
     Progression iq (fine) =        979 /       1692
     Progression iq (fine) =        980 /       1692
     Progression iq (fine) =        981 /       1692
     Progression iq (fine) =        982 /       1692
     Progression iq (fine) =        983 /       1692
     Progression iq (fine) =        984 /       1692
     Progression iq (fine) =        985 /       1692
     Progression iq (fine) =        986 /       1692
     Progression iq (fine) =        987 /       1692
     Progression iq (fine) =        988 /       1692
     Progression iq (fine) =        989 /       1692
     Progression iq (fine) =        990 /       1692
     Progression iq (fine) =        991 /       1692
     Progression iq (fine) =        992 /       1692
     Progression iq (fine) =        993 /       1692
     Progression iq (fine) =        994 /       1692
     Progression iq (fine) =        995 /       1692
     Progression iq (fine) =        996 /       1692
     Progression iq (fine) =        997 /       1692
     Progression iq (fine) =        998 /       1692
     Progression iq (fine) =        999 /       1692
     Progression iq (fine) =       1000 /       1692
     Progression iq (fine) =       1001 /       1692
     Progression iq (fine) =       1002 /       1692
     Progression iq (fine) =       1003 /       1692
     Progression iq (fine) =       1004 /       1692
     Progression iq (fine) =       1005 /       1692
     Progression iq (fine) =       1006 /       1692
     Progression iq (fine) =       1007 /       1692
     Progression iq (fine) =       1008 /       1692
     Progression iq (fine) =       1009 /       1692
     Progression iq (fine) =       1010 /       1692
     Progression iq (fine) =       1011 /       1692
     Progression iq (fine) =       1012 /       1692
     Progression iq (fine) =       1013 /       1692
     Progression iq (fine) =       1014 /       1692
     Progression iq (fine) =       1015 /       1692
     Progression iq (fine) =       1016 /       1692
     Progression iq (fine) =       1017 /       1692
     Progression iq (fine) =       1018 /       1692
     Progression iq (fine) =       1019 /       1692
     Progression iq (fine) =       1020 /       1692
     Progression iq (fine) =       1021 /       1692
     Progression iq (fine) =       1022 /       1692
     Progression iq (fine) =       1023 /       1692
     Progression iq (fine) =       1024 /       1692
     Progression iq (fine) =       1025 /       1692
     Progression iq (fine) =       1026 /       1692
     Progression iq (fine) =       1027 /       1692
     Progression iq (fine) =       1028 /       1692
     Progression iq (fine) =       1029 /       1692
     Progression iq (fine) =       1030 /       1692
     Progression iq (fine) =       1031 /       1692
     Progression iq (fine) =       1032 /       1692
     Progression iq (fine) =       1033 /       1692
     Progression iq (fine) =       1034 /       1692
     Progression iq (fine) =       1035 /       1692
     Progression iq (fine) =       1036 /       1692
     Progression iq (fine) =       1037 /       1692
     Progression iq (fine) =       1038 /       1692
     Progression iq (fine) =       1039 /       1692
     Progression iq (fine) =       1040 /       1692
     Progression iq (fine) =       1041 /       1692
     Progression iq (fine) =       1042 /       1692
     Progression iq (fine) =       1043 /       1692
     Progression iq (fine) =       1044 /       1692
     Progression iq (fine) =       1045 /       1692
     Progression iq (fine) =       1046 /       1692
     Progression iq (fine) =       1047 /       1692
     Progression iq (fine) =       1048 /       1692
     Progression iq (fine) =       1049 /       1692
     Progression iq (fine) =       1050 /       1692
     Progression iq (fine) =       1051 /       1692
     Progression iq (fine) =       1052 /       1692
     Progression iq (fine) =       1053 /       1692
     Progression iq (fine) =       1054 /       1692
     Progression iq (fine) =       1055 /       1692
     Progression iq (fine) =       1056 /       1692
     Progression iq (fine) =       1057 /       1692
     Progression iq (fine) =       1058 /       1692
     Progression iq (fine) =       1059 /       1692
     Progression iq (fine) =       1060 /       1692
     Progression iq (fine) =       1061 /       1692
     Progression iq (fine) =       1062 /       1692
     Progression iq (fine) =       1063 /       1692
     Progression iq (fine) =       1064 /       1692
     Progression iq (fine) =       1065 /       1692
     Progression iq (fine) =       1066 /       1692
     Progression iq (fine) =       1067 /       1692
     Progression iq (fine) =       1068 /       1692
     Progression iq (fine) =       1069 /       1692
     Progression iq (fine) =       1070 /       1692
     Progression iq (fine) =       1071 /       1692
     Progression iq (fine) =       1072 /       1692
     Progression iq (fine) =       1073 /       1692
     Progression iq (fine) =       1074 /       1692
     Progression iq (fine) =       1075 /       1692
     Progression iq (fine) =       1076 /       1692
     Progression iq (fine) =       1077 /       1692
     Progression iq (fine) =       1078 /       1692
     Progression iq (fine) =       1079 /       1692
     Progression iq (fine) =       1080 /       1692
     Progression iq (fine) =       1081 /       1692
     Progression iq (fine) =       1082 /       1692
     Progression iq (fine) =       1083 /       1692
     Progression iq (fine) =       1084 /       1692
     Progression iq (fine) =       1085 /       1692
     Progression iq (fine) =       1086 /       1692
     Progression iq (fine) =       1087 /       1692
     Progression iq (fine) =       1088 /       1692
     Progression iq (fine) =       1089 /       1692
     Progression iq (fine) =       1090 /       1692
     Progression iq (fine) =       1091 /       1692
     Progression iq (fine) =       1092 /       1692
     Progression iq (fine) =       1093 /       1692
     Progression iq (fine) =       1094 /       1692
     Progression iq (fine) =       1095 /       1692
     Progression iq (fine) =       1096 /       1692
     Progression iq (fine) =       1097 /       1692
     Progression iq (fine) =       1098 /       1692
     Progression iq (fine) =       1099 /       1692
     Progression iq (fine) =       1100 /       1692
     Progression iq (fine) =       1101 /       1692
     Progression iq (fine) =       1102 /       1692
     Progression iq (fine) =       1103 /       1692
     Progression iq (fine) =       1104 /       1692
     Progression iq (fine) =       1105 /       1692
     Progression iq (fine) =       1106 /       1692
     Progression iq (fine) =       1107 /       1692
     Progression iq (fine) =       1108 /       1692
     Progression iq (fine) =       1109 /       1692
     Progression iq (fine) =       1110 /       1692
     Progression iq (fine) =       1111 /       1692
     Progression iq (fine) =       1112 /       1692
     Progression iq (fine) =       1113 /       1692
     Progression iq (fine) =       1114 /       1692
     Progression iq (fine) =       1115 /       1692
     Progression iq (fine) =       1116 /       1692
     Progression iq (fine) =       1117 /       1692
     Progression iq (fine) =       1118 /       1692
     Progression iq (fine) =       1119 /       1692
     Progression iq (fine) =       1120 /       1692
     Progression iq (fine) =       1121 /       1692
     Progression iq (fine) =       1122 /       1692
     Progression iq (fine) =       1123 /       1692
     Progression iq (fine) =       1124 /       1692
     Progression iq (fine) =       1125 /       1692
     Progression iq (fine) =       1126 /       1692
     Progression iq (fine) =       1127 /       1692
     Progression iq (fine) =       1128 /       1692
     Progression iq (fine) =       1129 /       1692
     Progression iq (fine) =       1130 /       1692
     Progression iq (fine) =       1131 /       1692
     Progression iq (fine) =       1132 /       1692
     Progression iq (fine) =       1133 /       1692
     Progression iq (fine) =       1134 /       1692
     Progression iq (fine) =       1135 /       1692
     Progression iq (fine) =       1136 /       1692
     Progression iq (fine) =       1137 /       1692
     Progression iq (fine) =       1138 /       1692
     Progression iq (fine) =       1139 /       1692
     Progression iq (fine) =       1140 /       1692
     Progression iq (fine) =       1141 /       1692
     Progression iq (fine) =       1142 /       1692
     Progression iq (fine) =       1143 /       1692
     Progression iq (fine) =       1144 /       1692
     Progression iq (fine) =       1145 /       1692
     Progression iq (fine) =       1146 /       1692
     Progression iq (fine) =       1147 /       1692
     Progression iq (fine) =       1148 /       1692
     Progression iq (fine) =       1149 /       1692
     Progression iq (fine) =       1150 /       1692
     Progression iq (fine) =       1151 /       1692
     Progression iq (fine) =       1152 /       1692
     Progression iq (fine) =       1153 /       1692
     Progression iq (fine) =       1154 /       1692
     Progression iq (fine) =       1155 /       1692
     Progression iq (fine) =       1156 /       1692
     Progression iq (fine) =       1157 /       1692
     Progression iq (fine) =       1158 /       1692
     Progression iq (fine) =       1159 /       1692
     Progression iq (fine) =       1160 /       1692
     Progression iq (fine) =       1161 /       1692
     Progression iq (fine) =       1162 /       1692
     Progression iq (fine) =       1163 /       1692
     Progression iq (fine) =       1164 /       1692
     Progression iq (fine) =       1165 /       1692
     Progression iq (fine) =       1166 /       1692
     Progression iq (fine) =       1167 /       1692
     Progression iq (fine) =       1168 /       1692
     Progression iq (fine) =       1169 /       1692
     Progression iq (fine) =       1170 /       1692
     Progression iq (fine) =       1171 /       1692
     Progression iq (fine) =       1172 /       1692
     Progression iq (fine) =       1173 /       1692
     Progression iq (fine) =       1174 /       1692
     Progression iq (fine) =       1175 /       1692
     Progression iq (fine) =       1176 /       1692
     Progression iq (fine) =       1177 /       1692
     Progression iq (fine) =       1178 /       1692
     Progression iq (fine) =       1179 /       1692
     Progression iq (fine) =       1180 /       1692
     Progression iq (fine) =       1181 /       1692
     Progression iq (fine) =       1182 /       1692
     Progression iq (fine) =       1183 /       1692
     Progression iq (fine) =       1184 /       1692
     Progression iq (fine) =       1185 /       1692
     Progression iq (fine) =       1186 /       1692
     Progression iq (fine) =       1187 /       1692
     Progression iq (fine) =       1188 /       1692
     Progression iq (fine) =       1189 /       1692
     Progression iq (fine) =       1190 /       1692
     Progression iq (fine) =       1191 /       1692
     Progression iq (fine) =       1192 /       1692
     Progression iq (fine) =       1193 /       1692
     Progression iq (fine) =       1194 /       1692
     Progression iq (fine) =       1195 /       1692
     Progression iq (fine) =       1196 /       1692
     Progression iq (fine) =       1197 /       1692
     Progression iq (fine) =       1198 /       1692
     Progression iq (fine) =       1199 /       1692
     Progression iq (fine) =       1200 /       1692
     Progression iq (fine) =       1201 /       1692
     Progression iq (fine) =       1202 /       1692
     Progression iq (fine) =       1203 /       1692
     Progression iq (fine) =       1204 /       1692
     Progression iq (fine) =       1205 /       1692
     Progression iq (fine) =       1206 /       1692
     Progression iq (fine) =       1207 /       1692
     Progression iq (fine) =       1208 /       1692
     Progression iq (fine) =       1209 /       1692
     Progression iq (fine) =       1210 /       1692
     Progression iq (fine) =       1211 /       1692
     Progression iq (fine) =       1212 /       1692
     Progression iq (fine) =       1213 /       1692
     Progression iq (fine) =       1214 /       1692
     Progression iq (fine) =       1215 /       1692
     Progression iq (fine) =       1216 /       1692
     Progression iq (fine) =       1217 /       1692
     Progression iq (fine) =       1218 /       1692
     Progression iq (fine) =       1219 /       1692
     Progression iq (fine) =       1220 /       1692
     Progression iq (fine) =       1221 /       1692
     Progression iq (fine) =       1222 /       1692
     Progression iq (fine) =       1223 /       1692
     Progression iq (fine) =       1224 /       1692
     Progression iq (fine) =       1225 /       1692
     Progression iq (fine) =       1226 /       1692
     Progression iq (fine) =       1227 /       1692
     Progression iq (fine) =       1228 /       1692
     Progression iq (fine) =       1229 /       1692
     Progression iq (fine) =       1230 /       1692
     Progression iq (fine) =       1231 /       1692
     Progression iq (fine) =       1232 /       1692
     Progression iq (fine) =       1233 /       1692
     Progression iq (fine) =       1234 /       1692
     Progression iq (fine) =       1235 /       1692
     Progression iq (fine) =       1236 /       1692
     Progression iq (fine) =       1237 /       1692
     Progression iq (fine) =       1238 /       1692
     Progression iq (fine) =       1239 /       1692
     Progression iq (fine) =       1240 /       1692
     Progression iq (fine) =       1241 /       1692
     Progression iq (fine) =       1242 /       1692
     Progression iq (fine) =       1243 /       1692
     Progression iq (fine) =       1244 /       1692
     Progression iq (fine) =       1245 /       1692
     Progression iq (fine) =       1246 /       1692
     Progression iq (fine) =       1247 /       1692
     Progression iq (fine) =       1248 /       1692
     Progression iq (fine) =       1249 /       1692
     Progression iq (fine) =       1250 /       1692
     Progression iq (fine) =       1251 /       1692
     Progression iq (fine) =       1252 /       1692
     Progression iq (fine) =       1253 /       1692
     Progression iq (fine) =       1254 /       1692
     Progression iq (fine) =       1255 /       1692
     Progression iq (fine) =       1256 /       1692
     Progression iq (fine) =       1257 /       1692
     Progression iq (fine) =       1258 /       1692
     Progression iq (fine) =       1259 /       1692
     Progression iq (fine) =       1260 /       1692
     Progression iq (fine) =       1261 /       1692
     Progression iq (fine) =       1262 /       1692
     Progression iq (fine) =       1263 /       1692
     Progression iq (fine) =       1264 /       1692
     Progression iq (fine) =       1265 /       1692
     Progression iq (fine) =       1266 /       1692
     Progression iq (fine) =       1267 /       1692
     Progression iq (fine) =       1268 /       1692
     Progression iq (fine) =       1269 /       1692
     Progression iq (fine) =       1270 /       1692
     Progression iq (fine) =       1271 /       1692
     Progression iq (fine) =       1272 /       1692
     Progression iq (fine) =       1273 /       1692
     Progression iq (fine) =       1274 /       1692
     Progression iq (fine) =       1275 /       1692
     Progression iq (fine) =       1276 /       1692
     Progression iq (fine) =       1277 /       1692
     Progression iq (fine) =       1278 /       1692
     Progression iq (fine) =       1279 /       1692
     Progression iq (fine) =       1280 /       1692
     Progression iq (fine) =       1281 /       1692
     Progression iq (fine) =       1282 /       1692
     Progression iq (fine) =       1283 /       1692
     Progression iq (fine) =       1284 /       1692
     Progression iq (fine) =       1285 /       1692
     Progression iq (fine) =       1286 /       1692
     Progression iq (fine) =       1287 /       1692
     Progression iq (fine) =       1288 /       1692
     Progression iq (fine) =       1289 /       1692
     Progression iq (fine) =       1290 /       1692
     Progression iq (fine) =       1291 /       1692
     Progression iq (fine) =       1292 /       1692
     Progression iq (fine) =       1293 /       1692
     Progression iq (fine) =       1294 /       1692
     Progression iq (fine) =       1295 /       1692
     Progression iq (fine) =       1296 /       1692
     Progression iq (fine) =       1297 /       1692
     Progression iq (fine) =       1298 /       1692
     Progression iq (fine) =       1299 /       1692
     Progression iq (fine) =       1300 /       1692
     Progression iq (fine) =       1301 /       1692
     Progression iq (fine) =       1302 /       1692
     Progression iq (fine) =       1303 /       1692
     Progression iq (fine) =       1304 /       1692
     Progression iq (fine) =       1305 /       1692
     Progression iq (fine) =       1306 /       1692
     Progression iq (fine) =       1307 /       1692
     Progression iq (fine) =       1308 /       1692
     Progression iq (fine) =       1309 /       1692
     Progression iq (fine) =       1310 /       1692
     Progression iq (fine) =       1311 /       1692
     Progression iq (fine) =       1312 /       1692
     Progression iq (fine) =       1313 /       1692
     Progression iq (fine) =       1314 /       1692
     Progression iq (fine) =       1315 /       1692
     Progression iq (fine) =       1316 /       1692
     Progression iq (fine) =       1317 /       1692
     Progression iq (fine) =       1318 /       1692
     Progression iq (fine) =       1319 /       1692
     Progression iq (fine) =       1320 /       1692
     Progression iq (fine) =       1321 /       1692
     Progression iq (fine) =       1322 /       1692
     Progression iq (fine) =       1323 /       1692
     Progression iq (fine) =       1324 /       1692
     Progression iq (fine) =       1325 /       1692
     Progression iq (fine) =       1326 /       1692
     Progression iq (fine) =       1327 /       1692
     Progression iq (fine) =       1328 /       1692
     Progression iq (fine) =       1329 /       1692
     Progression iq (fine) =       1330 /       1692
     Progression iq (fine) =       1331 /       1692
     Progression iq (fine) =       1332 /       1692
     Progression iq (fine) =       1333 /       1692
     Progression iq (fine) =       1334 /       1692
     Progression iq (fine) =       1335 /       1692
     Progression iq (fine) =       1336 /       1692
     Progression iq (fine) =       1337 /       1692
     Progression iq (fine) =       1338 /       1692
     Progression iq (fine) =       1339 /       1692
     Progression iq (fine) =       1340 /       1692
     Progression iq (fine) =       1341 /       1692
     Progression iq (fine) =       1342 /       1692
     Progression iq (fine) =       1343 /       1692
     Progression iq (fine) =       1344 /       1692
     Progression iq (fine) =       1345 /       1692
     Progression iq (fine) =       1346 /       1692
     Progression iq (fine) =       1347 /       1692
     Progression iq (fine) =       1348 /       1692
     Progression iq (fine) =       1349 /       1692
     Progression iq (fine) =       1350 /       1692
     Progression iq (fine) =       1351 /       1692
     Progression iq (fine) =       1352 /       1692
     Progression iq (fine) =       1353 /       1692
     Progression iq (fine) =       1354 /       1692
     Progression iq (fine) =       1355 /       1692
     Progression iq (fine) =       1356 /       1692
     Progression iq (fine) =       1357 /       1692
     Progression iq (fine) =       1358 /       1692
     Progression iq (fine) =       1359 /       1692
     Progression iq (fine) =       1360 /       1692
     Progression iq (fine) =       1361 /       1692
     Progression iq (fine) =       1362 /       1692
     Progression iq (fine) =       1363 /       1692
     Progression iq (fine) =       1364 /       1692
     Progression iq (fine) =       1365 /       1692
     Progression iq (fine) =       1366 /       1692
     Progression iq (fine) =       1367 /       1692
     Progression iq (fine) =       1368 /       1692
     Progression iq (fine) =       1369 /       1692
     Progression iq (fine) =       1370 /       1692
     Progression iq (fine) =       1371 /       1692
     Progression iq (fine) =       1372 /       1692
     Progression iq (fine) =       1373 /       1692
     Progression iq (fine) =       1374 /       1692
     Progression iq (fine) =       1375 /       1692
     Progression iq (fine) =       1376 /       1692
     Progression iq (fine) =       1377 /       1692
     Progression iq (fine) =       1378 /       1692
     Progression iq (fine) =       1379 /       1692
     Progression iq (fine) =       1380 /       1692
     Progression iq (fine) =       1381 /       1692
     Progression iq (fine) =       1382 /       1692
     Progression iq (fine) =       1383 /       1692
     Progression iq (fine) =       1384 /       1692
     Progression iq (fine) =       1385 /       1692
     Progression iq (fine) =       1386 /       1692
     Progression iq (fine) =       1387 /       1692
     Progression iq (fine) =       1388 /       1692
     Progression iq (fine) =       1389 /       1692
     Progression iq (fine) =       1390 /       1692
     Progression iq (fine) =       1391 /       1692
     Progression iq (fine) =       1392 /       1692
     Progression iq (fine) =       1393 /       1692
     Progression iq (fine) =       1394 /       1692
     Progression iq (fine) =       1395 /       1692
     Progression iq (fine) =       1396 /       1692
     Progression iq (fine) =       1397 /       1692
     Progression iq (fine) =       1398 /       1692
     Progression iq (fine) =       1399 /       1692
     Progression iq (fine) =       1400 /       1692
     Progression iq (fine) =       1401 /       1692
     Progression iq (fine) =       1402 /       1692
     Progression iq (fine) =       1403 /       1692
     Progression iq (fine) =       1404 /       1692
     Progression iq (fine) =       1405 /       1692
     Progression iq (fine) =       1406 /       1692
     Progression iq (fine) =       1407 /       1692
     Progression iq (fine) =       1408 /       1692
     Progression iq (fine) =       1409 /       1692
     Progression iq (fine) =       1410 /       1692
     Progression iq (fine) =       1411 /       1692
     Progression iq (fine) =       1412 /       1692
     Progression iq (fine) =       1413 /       1692
     Progression iq (fine) =       1414 /       1692
     Progression iq (fine) =       1415 /       1692
     Progression iq (fine) =       1416 /       1692
     Progression iq (fine) =       1417 /       1692
     Progression iq (fine) =       1418 /       1692
     Progression iq (fine) =       1419 /       1692
     Progression iq (fine) =       1420 /       1692
     Progression iq (fine) =       1421 /       1692
     Progression iq (fine) =       1422 /       1692
     Progression iq (fine) =       1423 /       1692
     Progression iq (fine) =       1424 /       1692
     Progression iq (fine) =       1425 /       1692
     Progression iq (fine) =       1426 /       1692
     Progression iq (fine) =       1427 /       1692
     Progression iq (fine) =       1428 /       1692
     Progression iq (fine) =       1429 /       1692
     Progression iq (fine) =       1430 /       1692
     Progression iq (fine) =       1431 /       1692
     Progression iq (fine) =       1432 /       1692
     Progression iq (fine) =       1433 /       1692
     Progression iq (fine) =       1434 /       1692
     Progression iq (fine) =       1435 /       1692
     Progression iq (fine) =       1436 /       1692
     Progression iq (fine) =       1437 /       1692
     Progression iq (fine) =       1438 /       1692
     Progression iq (fine) =       1439 /       1692
     Progression iq (fine) =       1440 /       1692
     Progression iq (fine) =       1441 /       1692
     Progression iq (fine) =       1442 /       1692
     Progression iq (fine) =       1443 /       1692
     Progression iq (fine) =       1444 /       1692
     Progression iq (fine) =       1445 /       1692
     Progression iq (fine) =       1446 /       1692
     Progression iq (fine) =       1447 /       1692
     Progression iq (fine) =       1448 /       1692
     Progression iq (fine) =       1449 /       1692
     Progression iq (fine) =       1450 /       1692
     Progression iq (fine) =       1451 /       1692
     Progression iq (fine) =       1452 /       1692
     Progression iq (fine) =       1453 /       1692
     Progression iq (fine) =       1454 /       1692
     Progression iq (fine) =       1455 /       1692
     Progression iq (fine) =       1456 /       1692
     Progression iq (fine) =       1457 /       1692
     Progression iq (fine) =       1458 /       1692
     Progression iq (fine) =       1459 /       1692
     Progression iq (fine) =       1460 /       1692
     Progression iq (fine) =       1461 /       1692
     Progression iq (fine) =       1462 /       1692
     Progression iq (fine) =       1463 /       1692
     Progression iq (fine) =       1464 /       1692
     Progression iq (fine) =       1465 /       1692
     Progression iq (fine) =       1466 /       1692
     Progression iq (fine) =       1467 /       1692
     Progression iq (fine) =       1468 /       1692
     Progression iq (fine) =       1469 /       1692
     Progression iq (fine) =       1470 /       1692
     Progression iq (fine) =       1471 /       1692
     Progression iq (fine) =       1472 /       1692
     Progression iq (fine) =       1473 /       1692
     Progression iq (fine) =       1474 /       1692
     Progression iq (fine) =       1475 /       1692
     Progression iq (fine) =       1476 /       1692
     Progression iq (fine) =       1477 /       1692
     Progression iq (fine) =       1478 /       1692
     Progression iq (fine) =       1479 /       1692
     Progression iq (fine) =       1480 /       1692
     Progression iq (fine) =       1481 /       1692
     Progression iq (fine) =       1482 /       1692
     Progression iq (fine) =       1483 /       1692
     Progression iq (fine) =       1484 /       1692
     Progression iq (fine) =       1485 /       1692
     Progression iq (fine) =       1486 /       1692
     Progression iq (fine) =       1487 /       1692
     Progression iq (fine) =       1488 /       1692
     Progression iq (fine) =       1489 /       1692
     Progression iq (fine) =       1490 /       1692
     Progression iq (fine) =       1491 /       1692
     Progression iq (fine) =       1492 /       1692
     Progression iq (fine) =       1493 /       1692
     Progression iq (fine) =       1494 /       1692
     Progression iq (fine) =       1495 /       1692
     Progression iq (fine) =       1496 /       1692
     Progression iq (fine) =       1497 /       1692
     Progression iq (fine) =       1498 /       1692
     Progression iq (fine) =       1499 /       1692
     Progression iq (fine) =       1500 /       1692
     Progression iq (fine) =       1501 /       1692
     Progression iq (fine) =       1502 /       1692
     Progression iq (fine) =       1503 /       1692
     Progression iq (fine) =       1504 /       1692
     Progression iq (fine) =       1505 /       1692
     Progression iq (fine) =       1506 /       1692
     Progression iq (fine) =       1507 /       1692
     Progression iq (fine) =       1508 /       1692
     Progression iq (fine) =       1509 /       1692
     Progression iq (fine) =       1510 /       1692
     Progression iq (fine) =       1511 /       1692
     Progression iq (fine) =       1512 /       1692
     Progression iq (fine) =       1513 /       1692
     Progression iq (fine) =       1514 /       1692
     Progression iq (fine) =       1515 /       1692
     Progression iq (fine) =       1516 /       1692
     Progression iq (fine) =       1517 /       1692
     Progression iq (fine) =       1518 /       1692
     Progression iq (fine) =       1519 /       1692
     Progression iq (fine) =       1520 /       1692
     Progression iq (fine) =       1521 /       1692
     Progression iq (fine) =       1522 /       1692
     Progression iq (fine) =       1523 /       1692
     Progression iq (fine) =       1524 /       1692
     Progression iq (fine) =       1525 /       1692
     Progression iq (fine) =       1526 /       1692
     Progression iq (fine) =       1527 /       1692
     Progression iq (fine) =       1528 /       1692
     Progression iq (fine) =       1529 /       1692
     Progression iq (fine) =       1530 /       1692
     Progression iq (fine) =       1531 /       1692
     Progression iq (fine) =       1532 /       1692
     Progression iq (fine) =       1533 /       1692
     Progression iq (fine) =       1534 /       1692
     Progression iq (fine) =       1535 /       1692
     Progression iq (fine) =       1536 /       1692
     Progression iq (fine) =       1537 /       1692
     Progression iq (fine) =       1538 /       1692
     Progression iq (fine) =       1539 /       1692
     Progression iq (fine) =       1540 /       1692
     Progression iq (fine) =       1541 /       1692
     Progression iq (fine) =       1542 /       1692
     Progression iq (fine) =       1543 /       1692
     Progression iq (fine) =       1544 /       1692
     Progression iq (fine) =       1545 /       1692
     Progression iq (fine) =       1546 /       1692
     Progression iq (fine) =       1547 /       1692
     Progression iq (fine) =       1548 /       1692
     Progression iq (fine) =       1549 /       1692
     Progression iq (fine) =       1550 /       1692
     Progression iq (fine) =       1551 /       1692
     Progression iq (fine) =       1552 /       1692
     Progression iq (fine) =       1553 /       1692
     Progression iq (fine) =       1554 /       1692
     Progression iq (fine) =       1555 /       1692
     Progression iq (fine) =       1556 /       1692
     Progression iq (fine) =       1557 /       1692
     Progression iq (fine) =       1558 /       1692
     Progression iq (fine) =       1559 /       1692
     Progression iq (fine) =       1560 /       1692
     Progression iq (fine) =       1561 /       1692
     Progression iq (fine) =       1562 /       1692
     Progression iq (fine) =       1563 /       1692
     Progression iq (fine) =       1564 /       1692
     Progression iq (fine) =       1565 /       1692
     Progression iq (fine) =       1566 /       1692
     Progression iq (fine) =       1567 /       1692
     Progression iq (fine) =       1568 /       1692
     Progression iq (fine) =       1569 /       1692
     Progression iq (fine) =       1570 /       1692
     Progression iq (fine) =       1571 /       1692
     Progression iq (fine) =       1572 /       1692
     Progression iq (fine) =       1573 /       1692
     Progression iq (fine) =       1574 /       1692
     Progression iq (fine) =       1575 /       1692
     Progression iq (fine) =       1576 /       1692
     Progression iq (fine) =       1577 /       1692
     Progression iq (fine) =       1578 /       1692
     Progression iq (fine) =       1579 /       1692
     Progression iq (fine) =       1580 /       1692
     Progression iq (fine) =       1581 /       1692
     Progression iq (fine) =       1582 /       1692
     Progression iq (fine) =       1583 /       1692
     Progression iq (fine) =       1584 /       1692
     Progression iq (fine) =       1585 /       1692
     Progression iq (fine) =       1586 /       1692
     Progression iq (fine) =       1587 /       1692
     Progression iq (fine) =       1588 /       1692
     Progression iq (fine) =       1589 /       1692
     Progression iq (fine) =       1590 /       1692
     Progression iq (fine) =       1591 /       1692
     Progression iq (fine) =       1592 /       1692
     Progression iq (fine) =       1593 /       1692
     Progression iq (fine) =       1594 /       1692
     Progression iq (fine) =       1595 /       1692
     Progression iq (fine) =       1596 /       1692
     Progression iq (fine) =       1597 /       1692
     Progression iq (fine) =       1598 /       1692
     Progression iq (fine) =       1599 /       1692
     Progression iq (fine) =       1600 /       1692
     Progression iq (fine) =       1601 /       1692
     Progression iq (fine) =       1602 /       1692
     Progression iq (fine) =       1603 /       1692
     Progression iq (fine) =       1604 /       1692
     Progression iq (fine) =       1605 /       1692
     Progression iq (fine) =       1606 /       1692
     Progression iq (fine) =       1607 /       1692
     Progression iq (fine) =       1608 /       1692
     Progression iq (fine) =       1609 /       1692
     Progression iq (fine) =       1610 /       1692
     Progression iq (fine) =       1611 /       1692
     Progression iq (fine) =       1612 /       1692
     Progression iq (fine) =       1613 /       1692
     Progression iq (fine) =       1614 /       1692
     Progression iq (fine) =       1615 /       1692
     Progression iq (fine) =       1616 /       1692
     Progression iq (fine) =       1617 /       1692
     Progression iq (fine) =       1618 /       1692
     Progression iq (fine) =       1619 /       1692
     Progression iq (fine) =       1620 /       1692
     Progression iq (fine) =       1621 /       1692
     Progression iq (fine) =       1622 /       1692
     Progression iq (fine) =       1623 /       1692
     Progression iq (fine) =       1624 /       1692
     Progression iq (fine) =       1625 /       1692
     Progression iq (fine) =       1626 /       1692
     Progression iq (fine) =       1627 /       1692
     Progression iq (fine) =       1628 /       1692
     Progression iq (fine) =       1629 /       1692
     Progression iq (fine) =       1630 /       1692
     Progression iq (fine) =       1631 /       1692
     Progression iq (fine) =       1632 /       1692
     Progression iq (fine) =       1633 /       1692
     Progression iq (fine) =       1634 /       1692
     Progression iq (fine) =       1635 /       1692
     Progression iq (fine) =       1636 /       1692
     Progression iq (fine) =       1637 /       1692
     Progression iq (fine) =       1638 /       1692
     Progression iq (fine) =       1639 /       1692
     Progression iq (fine) =       1640 /       1692
     Progression iq (fine) =       1641 /       1692
     Progression iq (fine) =       1642 /       1692
     Progression iq (fine) =       1643 /       1692
     Progression iq (fine) =       1644 /       1692
     Progression iq (fine) =       1645 /       1692
     Progression iq (fine) =       1646 /       1692
     Progression iq (fine) =       1647 /       1692
     Progression iq (fine) =       1648 /       1692
     Progression iq (fine) =       1649 /       1692
     Progression iq (fine) =       1650 /       1692
     Progression iq (fine) =       1651 /       1692
     Progression iq (fine) =       1652 /       1692
     Progression iq (fine) =       1653 /       1692
     Progression iq (fine) =       1654 /       1692
     Progression iq (fine) =       1655 /       1692
     Progression iq (fine) =       1656 /       1692
     Progression iq (fine) =       1657 /       1692
     Progression iq (fine) =       1658 /       1692
     Progression iq (fine) =       1659 /       1692
     Progression iq (fine) =       1660 /       1692
     Progression iq (fine) =       1661 /       1692
     Progression iq (fine) =       1662 /       1692
     Progression iq (fine) =       1663 /       1692
     Progression iq (fine) =       1664 /       1692
     Progression iq (fine) =       1665 /       1692
     Progression iq (fine) =       1666 /       1692
     Progression iq (fine) =       1667 /       1692
     Progression iq (fine) =       1668 /       1692
     Progression iq (fine) =       1669 /       1692
     Progression iq (fine) =       1670 /       1692
     Progression iq (fine) =       1671 /       1692
     Progression iq (fine) =       1672 /       1692
     Progression iq (fine) =       1673 /       1692
     Progression iq (fine) =       1674 /       1692
     Progression iq (fine) =       1675 /       1692
     Progression iq (fine) =       1676 /       1692
     Progression iq (fine) =       1677 /       1692
     Progression iq (fine) =       1678 /       1692
     Progression iq (fine) =       1679 /       1692
     Progression iq (fine) =       1680 /       1692
     Progression iq (fine) =       1681 /       1692
     Progression iq (fine) =       1682 /       1692
     Progression iq (fine) =       1683 /       1692
     Progression iq (fine) =       1684 /       1692
     Progression iq (fine) =       1685 /       1692
     Progression iq (fine) =       1686 /       1692
     Progression iq (fine) =       1687 /       1692
     Progression iq (fine) =       1688 /       1692
     Progression iq (fine) =       1689 /       1692
     Progression iq (fine) =       1690 /       1692
     Progression iq (fine) =       1691 /       1692
     Progression iq (fine) =       1692 /       1692

     eps_acoustic (mev) =   0.012398

     dosef (1/ev) =   0.256064

     l_sum =   0.350796

     fsthick =   1.000000
     write_a2f    :      0.00s CPU      0.00s WALL (       1 calls)
 
     a2f_iso      :     40.39s CPU     41.57s WALL (       1 calls)
 
     We computed a2f using image paralleilization !
     ===================================================================
     Memory usage:  VmHWM =        75Mb
                   VmPeak =      2878Mb
     ===================================================================


     Finish writing dos file al.dos


     Finish writing phdos files al.phdos and al.phdos_proj


     Unfolding on the coarse grid
     elphon_wrap  :      0.00s CPU      0.00s WALL (       1 calls)

     INITIALIZATION: 




     Electron-Phonon interpolation

     wigner_seitz :      0.01s CPU      0.01s WALL (       1 calls)
     DynW2B       :      0.23s CPU      0.24s WALL (    5148 calls)
     HamW2B       :      8.16s CPU      8.32s WALL (  176176 calls)
     ephW2Bp      :     10.23s CPU     10.33s WALL (    1692 calls)
     ephW2B       :     10.63s CPU     10.83s WALL (   87984 calls)



     Total program execution
     EPW          :     40.91s CPU     42.13s WALL

     % Copyright (C) 2016-2023 EPW-Collaboration                                    
                                                                                    
     ===============================================================================
     Please consider citing the following papers.                                   
                                                                                                 
     % Paper describing the method on which EPW relies                                           
       F. Giustino and M. L. Cohen and S. G. Louie, Phys. Rev. B 76, 165108 (2007)               
                                                                                                 
     % Papers describing the EPW software                                                        
       H. Lee et al., npj Comput. Mater. 9, 156 (2023)                                           
       S. Ponc\'e, E.R. Margine, C. Verdi and F. Giustino, Comput. Phys. Commun. 209, 116 (2016) 
       J. Noffsinger et al., Comput. Phys. Commun. 181, 2140 (2010)                              
                                                                                                 
                                                                                    
     For your convenience, this information is also reported in the                 
     functionality-dependent EPW.bib file.                                          
     ===============================================================================
                                                                                    
