# E(THz)     0.005     0.010     0.015     0.020     0.025     0.030     0.035     0.040     0.045     0.050
  0.0000   0.00000   0.00000   0.00000   0.00000   0.00000   0.00000   0.00000   0.00000   0.00000   0.00000
  0.0070   0.00000   0.00000   0.00000   0.00000   0.00000   0.00000   0.00000   0.00000   0.00000   0.00000
  0.0140   0.00000   0.00000   0.00000   0.00000   0.00000   0.00000   0.00000   0.00000   0.00000   0.00000
  0.0210   0.00000   0.00000   0.00000   0.00000   0.00000   0.00000   0.00000   0.00000   0.00000   0.00000
  0.0280   0.00000   0.00000   0.00000   0.00000   0.00000   0.00000   0.00000   0.00000   0.00000   0.00000
  0.0350   0.00000   0.00000   0.00000   0.00000   0.00000   0.00000   0.00000   0.00000   0.00000   0.00000
  0.0420   0.00000   0.00000   0.00000   0.00000   0.00000   0.00000   0.00000   0.00000   0.00000   0.00000
  0.0490   0.00000   0.00000   0.00000   0.00000   0.00000   0.00000   0.00000   0.00000   0.00000   0.00000
  0.0560   0.00000   0.00000   0.00000   0.00000   0.00000   0.00000   0.00000   0.00000   0.00000   0.00000
  0.0630   0.00000   0.00000   0.00000   0.00000   0.00000   0.00000   0.00000   0.00000   0.00000   0.00000
  0.0700   0.00000   0.00000   0.00000   0.00000   0.00000   0.00000   0.00000   0.00000   0.00000   0.00000
  0.0770   0.00000   0.00000   0.00000   0.00000   0.00000   0.00000   0.00000   0.00000   0.00000   0.00000
  0.0840   0.00000   0.00000   0.00000   0.00000   0.00000   0.00000   0.00000   0.00000   0.00000   0.00000
  0.0910   0.00000   0.00000   0.00000   0.00000   0.00000   0.00000   0.00000   0.00000   0.00000   0.00000
  0.0980   0.00000   0.00000   0.00000   0.00000   0.00000   0.00000   0.00000   0.00000   0.00000   0.00000
  0.1051   0.00000   0.00000   0.00000   0.00000   0.00000   0.00000   0.00000   0.00000   0.00000   0.00000
  0.1121   0.00000   0.00000   0.00000   0.00000   0.00000   0.00000   0.00000   0.00000   0.00000   0.00000
  0.1191   0.00000   0.00000   0.00000   0.00000   0.00000   0.00000   0.00000   0.00000   0.00000   0.00000
  0.1261   0.00000   0.00000   0.00000   0.00000   0.00000   0.00000   0.00000   0.00000   0.00000   0.00000
  0.1331   0.00000   0.00000   0.00000   0.00000   0.00000   0.00000   0.00000   0.00000   0.00000   0.00000
  0.1401   0.00000   0.00000   0.00000   0.00000   0.00000   0.00000   0.00000   0.00000   0.00000   0.00000
  0.1471   0.00000   0.00000   0.00000   0.00000   0.00000   0.00000   0.00000   0.00000   0.00000   0.00000
  0.1541   0.00000   0.00000   0.00000   0.00000   0.00000   0.00000   0.00000   0.00000   0.00000   0.00000
  0.1611   0.00000   0.00000   0.00000   0.00000   0.00000   0.00000   0.00000   0.00000   0.00000   0.00000
  0.1681   0.00000   0.00000   0.00000   0.00000   0.00000   0.00000   0.00000   0.00000   0.00000   0.00000
  0.1751   0.00000   0.00000   0.00000   0.00000   0.00000   0.00000   0.00000   0.00000   0.00000   0.00000
  0.1821   0.00000   0.00000   0.00000   0.00000   0.00000   0.00000   0.00000   0.00000   0.00000   0.00000
  0.1891   0.00000   0.00000   0.00000   0.00000   0.00000   0.00000   0.00000   0.00000   0.00000   0.00000
  0.1961   0.00000   0.00000   0.00000   0.00000   0.00000   0.00000   0.00000   0.00000   0.00000   0.00000
  0.2031   0.00000   0.00000   0.00000   0.00000   0.00000   0.00000   0.00000   0.00000   0.00000   0.00000
  0.2101   0.00000   0.00000   0.00000   0.00000   0.00000   0.00000   0.00000   0.00000   0.00000   0.00000
  0.2171   0.00000   0.00000   0.00000   0.00000   0.00000   0.00000   0.00000   0.00000   0.00000   0.00000
  0.2241   0.00000   0.00000   0.00000   0.00000   0.00000   0.00000   0.00000   0.00000   0.00000   0.00000
  0.2311   0.00000   0.00000   0.00000   0.00000   0.00000   0.00000   0.00000   0.00000   0.00000   0.00000
  0.2381   0.00000   0.00000   0.00000   0.00000   0.00000   0.00000   0.00000   0.00000   0.00000   0.00000
  0.2451   0.00000   0.00000   0.00000   0.00000   0.00000   0.00000   0.00000   0.00000   0.00000   0.00000
  0.2521   0.00000   0.00000   0.00000   0.00000   0.00000   0.00000   0.00000   0.00000   0.00000   0.00000
  0.2591   0.00000   0.00000   0.00000   0.00000   0.00000   0.00000   0.00000   0.00000   0.00000   0.00000
  0.2661   0.00000   0.00000   0.00000   0.00000   0.00000   0.00000   0.00000   0.00000   0.00000   0.00000
  0.2731   0.00000   0.00000   0.00000   0.00000   0.00000   0.00000   0.00000   0.00000   0.00000   0.00000
  0.2801   0.00000   0.00000   0.00000   0.00000   0.00000   0.00000   0.00000   0.00000   0.00000   0.00000
  0.2871   0.00000   0.00000   0.00000   0.00000   0.00000   0.00000   0.00000   0.00000   0.00000   0.00000
  0.2941   0.00000   0.00000   0.00000   0.00000   0.00000   0.00000   0.00000   0.00000   0.00000   0.00000
  0.3012   0.00000   0.00000   0.00000   0.00000   0.00000   0.00000   0.00000   0.00000   0.00000   0.00000
  0.3082   0.00000   0.00000   0.00000   0.00000   0.00000   0.00000   0.00000   0.00000   0.00000   0.00000
  0.3152   0.00000   0.00000   0.00000   0.00000   0.00000   0.00000   0.00000   0.00000   0.00000   0.00000
  0.3222   0.00000   0.00000   0.00000   0.00000   0.00000   0.00000   0.00000   0.00000   0.00000   0.00000
  0.3292   0.00000   0.00000   0.00000   0.00000   0.00000   0.00000   0.00000   0.00000   0.00000   0.00000
  0.3362   0.00000   0.00000   0.00000   0.00000   0.00000   0.00000   0.00000   0.00000   0.00000   0.00000
  0.3432   0.00000   0.00000   0.00000   0.00000   0.00000   0.00000   0.00000   0.00000   0.00000   0.00000
  0.3502   0.00000   0.00000   0.00000   0.00000   0.00000   0.00000   0.00000   0.00000   0.00000   0.00000
  0.3572   0.00000   0.00000   0.00000   0.00000   0.00000   0.00000   0.00000   0.00000   0.00000   0.00000
  0.3642   0.00000   0.00000   0.00000   0.00000   0.00000   0.00000   0.00000   0.00000   0.00000   0.00000
  0.3712   0.00000   0.00000   0.00000   0.00000   0.00000   0.00000   0.00000   0.00000   0.00000   0.00000
  0.3782   0.00000   0.00000   0.00000   0.00000   0.00000   0.00000   0.00000   0.00000   0.00000   0.00000
  0.3852   0.00000   0.00000   0.00000   0.00000   0.00000   0.00000   0.00000   0.00000   0.00000   0.00000
  0.3922   0.00000   0.00000   0.00000   0.00000   0.00000   0.00000   0.00000   0.00000   0.00000   0.00000
  0.3992   0.00000   0.00000   0.00000   0.00000   0.00000   0.00000   0.00000   0.00000   0.00000   0.00000
  0.4062   0.00000   0.00000   0.00000   0.00000   0.00000   0.00000   0.00000   0.00000   0.00000   0.00000
  0.4132   0.00000   0.00000   0.00000   0.00000   0.00000   0.00000   0.00000   0.00000   0.00000   0.00000
  0.4202   0.00000   0.00000   0.00000   0.00000   0.00000   0.00000   0.00000   0.00000   0.00000   0.00000
  0.4272   0.00000   0.00000   0.00000   0.00000   0.00000   0.00000   0.00000   0.00000   0.00000   0.00000
  0.4342   0.00000   0.00000   0.00000   0.00000   0.00000   0.00000   0.00000   0.00000   0.00000   0.00000
  0.4412   0.00000   0.00000   0.00000   0.00000   0.00000   0.00000   0.00000   0.00000   0.00000   0.00000
  0.4482   0.00000   0.00000   0.00000   0.00000   0.00000   0.00000   0.00000   0.00000   0.00000   0.00000
  0.4552   0.00000   0.00000   0.00000   0.00000   0.00000   0.00000   0.00000   0.00000   0.00000   0.00000
  0.4622   0.00000   0.00000   0.00000   0.00000   0.00000   0.00000   0.00000   0.00000   0.00000   0.00000
  0.4692   0.00000   0.00000   0.00000   0.00000   0.00000   0.00000   0.00000   0.00000   0.00000   0.00000
  0.4762   0.00000   0.00000   0.00000   0.00000   0.00000   0.00000   0.00000   0.00000   0.00000   0.00000
  0.4832   0.00000   0.00000   0.00000   0.00000   0.00000   0.00000   0.00000   0.00000   0.00000   0.00000
  0.4902   0.00000   0.00000   0.00000   0.00000   0.00000   0.00000   0.00000   0.00000   0.00000   0.00000
  0.4972   0.00000   0.00000   0.00000   0.00000   0.00000   0.00000   0.00000   0.00000   0.00000   0.00000
  0.5043   0.00000   0.00000   0.00000   0.00000   0.00000   0.00000   0.00000   0.00000   0.00000   0.00000
  0.5113   0.00000   0.00000   0.00000   0.00000   0.00000   0.00000   0.00000   0.00000   0.00000   0.00000
  0.5183   0.00000   0.00000   0.00000   0.00000   0.00000   0.00000   0.00000   0.00000   0.00000   0.00000
  0.5253   0.00000   0.00000   0.00000   0.00000   0.00000   0.00000   0.00000   0.00000   0.00000   0.00000
  0.5323   0.00000   0.00000   0.00000   0.00000   0.00000   0.00000   0.00000   0.00000   0.00000   0.00000
  0.5393   0.00000   0.00000   0.00000   0.00000   0.00000   0.00000   0.00000   0.00000   0.00000   0.00000
  0.5463   0.00000   0.00000   0.00000   0.00000   0.00000   0.00000   0.00000   0.00000   0.00000   0.00000
  0.5533   0.00000   0.00000   0.00000   0.00000   0.00000   0.00000   0.00000   0.00000   0.00000   0.00000
  0.5603   0.00000   0.00000   0.00000   0.00000   0.00000   0.00000   0.00000   0.00000   0.00000   0.00000
  0.5673   0.00000   0.00000   0.00000   0.00000   0.00000   0.00000   0.00000   0.00000   0.00000   0.00000
  0.5743   0.00000   0.00000   0.00000   0.00000   0.00000   0.00000   0.00000   0.00000   0.00000   0.00000
  0.5813   0.00000   0.00000   0.00000   0.00000   0.00000   0.00000   0.00000   0.00000   0.00000   0.00000
  0.5883   0.00000   0.00000   0.00000   0.00000   0.00000   0.00000   0.00000   0.00000   0.00000   0.00000
  0.5953   0.00000   0.00000   0.00000   0.00000   0.00000   0.00000   0.00000   0.00000   0.00000   0.00000
  0.6023   0.00000   0.00000   0.00000   0.00000   0.00000   0.00000   0.00000   0.00000   0.00000   0.00000
  0.6093   0.00000   0.00000   0.00000   0.00000   0.00000   0.00000   0.00000   0.00000   0.00000   0.00000
  0.6163   0.00000   0.00000   0.00000   0.00000   0.00000   0.00000   0.00000   0.00000   0.00000   0.00000
  0.6233   0.00000   0.00000   0.00000   0.00000   0.00000   0.00000   0.00000   0.00000   0.00000   0.00000
  0.6303   0.00000   0.00000   0.00000   0.00000   0.00000   0.00000   0.00000   0.00000   0.00000   0.00000
  0.6373   0.00000   0.00000   0.00000   0.00000   0.00000   0.00000   0.00000   0.00000   0.00000   0.00000
  0.6443   0.00000   0.00000   0.00000   0.00000   0.00000   0.00000   0.00000   0.00000   0.00000   0.00000
  0.6513   0.00000   0.00000   0.00000   0.00000   0.00000   0.00000   0.00000   0.00000   0.00000   0.00000
  0.6583   0.00000   0.00000   0.00000   0.00000   0.00000   0.00000   0.00000   0.00000   0.00000   0.00000
  0.6653   0.00000   0.00000   0.00000   0.00000   0.00000   0.00000   0.00000   0.00000   0.00000   0.00000
  0.6723   0.00000   0.00000   0.00000   0.00000   0.00000   0.00000   0.00000   0.00000   0.00000   0.00000
  0.6793   0.00000   0.00000   0.00000   0.00000   0.00000   0.00000   0.00000   0.00000   0.00000   0.00000
  0.6863   0.00000   0.00000   0.00000   0.00000   0.00000   0.00000   0.00000   0.00000   0.00000   0.00000
  0.6933   0.00000   0.00000   0.00000   0.00000   0.00000   0.00000   0.00000   0.00000   0.00000   0.00000
  0.7004   0.00000   0.00000   0.00000   0.00000   0.00000   0.00000   0.00000   0.00000   0.00000   0.00000
  0.7074   0.00000   0.00000   0.00000   0.00000   0.00000   0.00000   0.00000   0.00000   0.00000   0.00000
  0.7144   0.00000   0.00000   0.00000   0.00000   0.00000   0.00000   0.00000   0.00000   0.00000   0.00000
  0.7214   0.00000   0.00000   0.00000   0.00000   0.00000   0.00000   0.00000   0.00000   0.00000   0.00000
  0.7284   0.00000   0.00000   0.00000   0.00000   0.00000   0.00000   0.00000   0.00000   0.00000   0.00000
  0.7354   0.00000   0.00000   0.00000   0.00000   0.00000   0.00000   0.00000   0.00000   0.00000   0.00000
  0.7424   0.00000   0.00000   0.00000   0.00000   0.00000   0.00000   0.00000   0.00000   0.00000   0.00000
  0.7494   0.00000   0.00000   0.00000   0.00000   0.00000   0.00000   0.00000   0.00000   0.00000   0.00000
  0.7564   0.00000   0.00000   0.00000   0.00000   0.00000   0.00000   0.00000   0.00000   0.00000   0.00000
  0.7634   0.00000   0.00000   0.00000   0.00000   0.00000   0.00000   0.00000   0.00000   0.00000   0.00000
  0.7704   0.00000   0.00000   0.00000   0.00000   0.00000   0.00000   0.00000   0.00000   0.00000   0.00000
  0.7774   0.00000   0.00000   0.00000   0.00000   0.00000   0.00000   0.00000   0.00000   0.00000   0.00000
  0.7844   0.00000   0.00000   0.00000   0.00000   0.00000   0.00000   0.00000   0.00000   0.00000   0.00000
  0.7914   0.00000   0.00000   0.00000   0.00000   0.00000   0.00000   0.00000   0.00000   0.00000   0.00000
  0.7984   0.00000   0.00000   0.00000   0.00000   0.00000   0.00000   0.00000   0.00000   0.00000   0.00000
  0.8054   0.00000   0.00000   0.00000   0.00000   0.00000   0.00000   0.00000   0.00000   0.00000   0.00000
  0.8124   0.00000   0.00000   0.00000   0.00000   0.00000   0.00000   0.00000   0.00000   0.00000   0.00000
  0.8194   0.00000   0.00000   0.00000   0.00000   0.00000   0.00000   0.00000   0.00000   0.00000   0.00000
  0.8264   0.00000   0.00000   0.00000   0.00000   0.00000   0.00000   0.00000   0.00000   0.00000   0.00000
  0.8334   0.00000   0.00000   0.00000   0.00000   0.00000   0.00000   0.00000   0.00000   0.00000   0.00000
  0.8404   0.00000   0.00000   0.00000   0.00000   0.00000   0.00000   0.00000   0.00000   0.00000   0.00000
  0.8474   0.00000   0.00000   0.00000   0.00000   0.00000   0.00000   0.00000   0.00000   0.00000   0.00000
  0.8544   0.00000   0.00000   0.00000   0.00000   0.00000   0.00000   0.00000   0.00000   0.00000   0.00000
  0.8614   0.00000   0.00000   0.00000   0.00000   0.00000   0.00000   0.00000   0.00000   0.00000   0.00000
  0.8684   0.00000   0.00000   0.00000   0.00000   0.00000   0.00000   0.00000   0.00000   0.00000   0.00000
  0.8754   0.00000   0.00000   0.00000   0.00000   0.00000   0.00000   0.00000   0.00000   0.00000   0.00000
  0.8824   0.00000   0.00000   0.00000   0.00000   0.00000   0.00000   0.00000   0.00000   0.00000   0.00000
  0.8894   0.00000   0.00000   0.00000   0.00000   0.00000   0.00000   0.00000   0.00000   0.00000   0.00000
  0.8964   0.00000   0.00000   0.00000   0.00000   0.00000   0.00000   0.00000   0.00000   0.00000   0.00000
  0.9035   0.00000   0.00000   0.00000   0.00000   0.00000   0.00000   0.00000   0.00000   0.00000   0.00000
  0.9105   0.00000   0.00000   0.00000   0.00000   0.00000   0.00000   0.00000   0.00000   0.00000   0.00000
  0.9175   0.00000   0.00000   0.00000   0.00000   0.00000   0.00000   0.00000   0.00000   0.00000   0.00000
  0.9245   0.00000   0.00000   0.00000   0.00000   0.00000   0.00000   0.00000   0.00000   0.00000   0.00000
  0.9315   0.00000   0.00000   0.00000   0.00000   0.00000   0.00000   0.00000   0.00000   0.00000   0.00000
  0.9385   0.00000   0.00000   0.00000   0.00000   0.00000   0.00000   0.00000   0.00000   0.00000   0.00000
  0.9455   0.00000   0.00000   0.00000   0.00000   0.00000   0.00000   0.00000   0.00000   0.00000   0.00000
  0.9525   0.00000   0.00000   0.00000   0.00000   0.00000   0.00000   0.00000   0.00000   0.00000   0.00000
  0.9595   0.00000   0.00000   0.00000   0.00000   0.00000   0.00000   0.00000   0.00000   0.00000   0.00000
  0.9665   0.00000   0.00000   0.00000   0.00000   0.00000   0.00000   0.00000   0.00000   0.00000   0.00000
  0.9735   0.00000   0.00000   0.00000   0.00000   0.00000   0.00000   0.00000   0.00000   0.00000   0.00000
  0.9805   0.00000   0.00000   0.00000   0.00000   0.00000   0.00000   0.00000   0.00000   0.00000   0.00000
  0.9875   0.00000   0.00000   0.00000   0.00000   0.00000   0.00000   0.00000   0.00000   0.00000   0.00000
  0.9945   0.00000   0.00000   0.00000   0.00000   0.00000   0.00000   0.00000   0.00000   0.00000   0.00000
  1.0015   0.00000   0.00000   0.00000   0.00000   0.00000   0.00000   0.00000   0.00000   0.00000   0.00000
  1.0085   0.00000   0.00000   0.00000   0.00000   0.00000   0.00000   0.00000   0.00000   0.00000   0.00000
  1.0155   0.00000   0.00000   0.00000   0.00000   0.00000   0.00000   0.00000   0.00000   0.00000   0.00000
  1.0225   0.00000   0.00000   0.00000   0.00000   0.00000   0.00000   0.00000   0.00000   0.00000   0.00000
  1.0295   0.00000   0.00000   0.00000   0.00000   0.00000   0.00000   0.00000   0.00000   0.00000   0.00000
  1.0365   0.00000   0.00000   0.00000   0.00000   0.00000   0.00000   0.00000   0.00000   0.00000   0.00000
  1.0435   0.00000   0.00000   0.00000   0.00000   0.00000   0.00000   0.00000   0.00000   0.00000   0.00000
  1.0505   0.00000   0.00000   0.00000   0.00000   0.00000   0.00000   0.00000   0.00000   0.00000   0.00000
  1.0575   0.00000   0.00000   0.00000   0.00000   0.00000   0.00000   0.00000   0.00000   0.00000   0.00000
  1.0645   0.00000   0.00000   0.00000   0.00000   0.00000   0.00000   0.00000   0.00000   0.00000   0.00000
  1.0715   0.00000   0.00000   0.00000   0.00000   0.00000   0.00000   0.00000   0.00000   0.00000   0.00000
  1.0785   0.00000   0.00000   0.00000   0.00000   0.00000   0.00000   0.00000   0.00000   0.00000   0.00000
  1.0855   0.00000   0.00000   0.00000   0.00000   0.00000   0.00000   0.00000   0.00000   0.00000   0.00000
  1.0925   0.00000   0.00000   0.00000   0.00000   0.00000   0.00000   0.00000   0.00000   0.00000   0.00000
  1.0995   0.00000   0.00000   0.00000   0.00000   0.00000   0.00000   0.00000   0.00000   0.00000   0.00000
  1.1066   0.00000   0.00000   0.00000   0.00000   0.00000   0.00000   0.00000   0.00000   0.00000   0.00000
  1.1136   0.00000   0.00000   0.00000   0.00000   0.00000   0.00000   0.00000   0.00000   0.00000   0.00000
  1.1206   0.00000   0.00000   0.00000   0.00000   0.00000   0.00000   0.00000   0.00000   0.00000   0.00000
  1.1276   0.00000   0.00000   0.00000   0.00000   0.00000   0.00000   0.00000   0.00000   0.00000   0.00000
  1.1346   0.00000   0.00000   0.00000   0.00000   0.00000   0.00000   0.00000   0.00000   0.00000   0.00000
  1.1416   0.00000   0.00000   0.00000   0.00000   0.00000   0.00000   0.00000   0.00000   0.00000   0.00000
  1.1486   0.00000   0.00000   0.00000   0.00000   0.00000   0.00000   0.00000   0.00000   0.00000   0.00000
  1.1556   0.00000   0.00000   0.00000   0.00000   0.00000   0.00000   0.00000   0.00000   0.00000   0.00000
  1.1626   0.00000   0.00000   0.00000   0.00000   0.00000   0.00000   0.00000   0.00000   0.00000   0.00000
  1.1696   0.00000   0.00000   0.00000   0.00000   0.00000   0.00000   0.00000   0.00000   0.00000   0.00000
  1.1766   0.00000   0.00000   0.00000   0.00000   0.00000   0.00000   0.00000   0.00000   0.00000   0.00000
  1.1836   0.00000   0.00000   0.00000   0.00000   0.00000   0.00000   0.00000   0.00000   0.00000   0.00000
  1.1906   0.00000   0.00000   0.00000   0.00000   0.00000   0.00000   0.00000   0.00000   0.00000   0.00000
  1.1976   0.00000   0.00000   0.00000   0.00000   0.00000   0.00000   0.00000   0.00000   0.00000   0.00000
  1.2046   0.00000   0.00000   0.00000   0.00000   0.00000   0.00000   0.00000   0.00000   0.00000   0.00000
  1.2116   0.00000   0.00000   0.00000   0.00000   0.00000   0.00000   0.00000   0.00000   0.00000   0.00000
  1.2186   0.00000   0.00000   0.00000   0.00000   0.00000   0.00000   0.00000   0.00000   0.00000   0.00000
  1.2256   0.00000   0.00000   0.00000   0.00000   0.00000   0.00000   0.00000   0.00000   0.00000   0.00000
  1.2326   0.00000   0.00000   0.00000   0.00000   0.00000   0.00000   0.00000   0.00000   0.00000   0.00000
  1.2396   0.00000   0.00000   0.00000   0.00000   0.00000   0.00000   0.00000   0.00000   0.00000   0.00000
  1.2466   0.00000   0.00000   0.00000   0.00000   0.00000   0.00000   0.00000   0.00000   0.00000   0.00000
  1.2536   0.00000   0.00000   0.00000   0.00000   0.00000   0.00000   0.00000   0.00000   0.00000   0.00000
  1.2606   0.00000   0.00000   0.00000   0.00000   0.00000   0.00000   0.00000   0.00000   0.00000   0.00000
  1.2676   0.00000   0.00000   0.00000   0.00000   0.00000   0.00000   0.00000   0.00000   0.00000   0.00000
  1.2746   0.00000   0.00000   0.00000   0.00000   0.00000   0.00000   0.00000   0.00000   0.00000   0.00000
  1.2816   0.00000   0.00000   0.00000   0.00000   0.00000   0.00000   0.00000   0.00000   0.00000   0.00000
  1.2886   0.00000   0.00000   0.00000   0.00000   0.00000   0.00000   0.00000   0.00000   0.00000   0.00000
  1.2956   0.00000   0.00000   0.00000   0.00000   0.00000   0.00000   0.00000   0.00000   0.00000   0.00000
  1.3027   0.00000   0.00000   0.00000   0.00000   0.00000   0.00000   0.00000   0.00000   0.00000   0.00000
  1.3097   0.00000   0.00000   0.00000   0.00000   0.00000   0.00000   0.00000   0.00000   0.00000   0.00000
  1.3167   0.00000   0.00000   0.00000   0.00000   0.00000   0.00000   0.00000   0.00000   0.00000   0.00000
  1.3237   0.00000   0.00000   0.00000   0.00000   0.00000   0.00000   0.00000   0.00000   0.00000   0.00000
  1.3307   0.00000   0.00000   0.00000   0.00000   0.00000   0.00000   0.00000   0.00000   0.00000   0.00000
  1.3377   0.00000   0.00000   0.00000   0.00000   0.00000   0.00000   0.00000   0.00000   0.00000   0.00000
  1.3447   0.00000   0.00000   0.00000   0.00000   0.00000   0.00000   0.00000   0.00000   0.00000   0.00000
  1.3517   0.00000   0.00000   0.00000   0.00000   0.00000   0.00000   0.00000   0.00000   0.00000   0.00000
  1.3587   0.00000   0.00000   0.00000   0.00000   0.00000   0.00000   0.00000   0.00000   0.00000   0.00000
  1.3657   0.00000   0.00000   0.00000   0.00000   0.00000   0.00000   0.00000   0.00000   0.00000   0.00000
  1.3727   0.00000   0.00000   0.00000   0.00000   0.00000   0.00000   0.00000   0.00000   0.00000   0.00000
  1.3797   0.00000   0.00000   0.00000   0.00000   0.00000   0.00000   0.00000   0.00000   0.00000   0.00000
  1.3867   0.00000   0.00000   0.00000   0.00000   0.00000   0.00000   0.00000   0.00000   0.00000   0.00000
  1.3937   0.00000   0.00000   0.00000   0.00000   0.00000   0.00000   0.00000   0.00000   0.00000   0.00000
  1.4007   0.00000   0.00000   0.00000   0.00000   0.00000   0.00000   0.00000   0.00000   0.00000   0.00000
  1.4077   0.00000   0.00000   0.00000   0.00000   0.00000   0.00000   0.00000   0.00000   0.00000   0.00000
  1.4147   0.00000   0.00000   0.00000   0.00000   0.00000   0.00000   0.00000   0.00000   0.00000   0.00000
  1.4217   0.00000   0.00000   0.00000   0.00000   0.00000   0.00000   0.00000   0.00000   0.00000   0.00000
  1.4287   0.00000   0.00000   0.00000   0.00000   0.00000   0.00000   0.00000   0.00000   0.00000   0.00000
  1.4357   0.00000   0.00000   0.00000   0.00000   0.00000   0.00000   0.00000   0.00000   0.00000   0.00000
  1.4427   0.00000   0.00000   0.00000   0.00000   0.00000   0.00000   0.00000   0.00000   0.00000   0.00000
  1.4497   0.00000   0.00000   0.00000   0.00000   0.00000   0.00000   0.00000   0.00000   0.00000   0.00000
  1.4567   0.00000   0.00000   0.00000   0.00000   0.00000   0.00000   0.00000   0.00000   0.00000   0.00000
  1.4637   0.00000   0.00000   0.00000   0.00000   0.00000   0.00000   0.00000   0.00000   0.00000   0.00000
  1.4707   0.00000   0.00000   0.00000   0.00000   0.00000   0.00000   0.00000   0.00000   0.00000   0.00000
  1.4777   0.00000   0.00000   0.00000   0.00000   0.00000   0.00000   0.00000   0.00000   0.00000   0.00000
  1.4847   0.00000   0.00000   0.00000   0.00000   0.00000   0.00000   0.00000   0.00000   0.00000   0.00000
  1.4917   0.00000   0.00000   0.00000   0.00000   0.00000   0.00000   0.00000   0.00000   0.00000   0.00000
  1.4987   0.00000   0.00000   0.00000   0.00000   0.00000   0.00000   0.00000   0.00000   0.00000   0.00000
  1.5058   0.00000   0.00000   0.00000   0.00000   0.00000   0.00000   0.00000   0.00000   0.00000   0.00000
  1.5128   0.00000   0.00000   0.00000   0.00000   0.00000   0.00000   0.00000   0.00000   0.00000   0.00000
  1.5198   0.00000   0.00000   0.00000   0.00000   0.00000   0.00000   0.00000   0.00000   0.00000   0.00000
  1.5268   0.00000   0.00000   0.00000   0.00000   0.00000   0.00000   0.00000   0.00000   0.00000   0.00000
  1.5338   0.00000   0.00000   0.00000   0.00000   0.00000   0.00000   0.00000   0.00000   0.00000   0.00000
  1.5408   0.00000   0.00000   0.00000   0.00000   0.00000   0.00000   0.00000   0.00000   0.00000   0.00000
  1.5478   0.00000   0.00000   0.00000   0.00000   0.00000   0.00000   0.00000   0.00000   0.00000   0.00000
  1.5548   0.00000   0.00000   0.00000   0.00000   0.00000   0.00000   0.00000   0.00000   0.00000   0.00000
  1.5618   0.00000   0.00000   0.00000   0.00000   0.00000   0.00000   0.00000   0.00000   0.00000   0.00000
  1.5688   0.00000   0.00000   0.00000   0.00000   0.00000   0.00000   0.00000   0.00000   0.00000   0.00000
  1.5758   0.00000   0.00000   0.00000   0.00000   0.00000   0.00000   0.00000   0.00000   0.00000   0.00000
  1.5828   0.00000   0.00000   0.00000   0.00000   0.00000   0.00000   0.00000   0.00000   0.00000   0.00000
  1.5898   0.00000   0.00000   0.00000   0.00000   0.00000   0.00000   0.00000   0.00000   0.00000   0.00000
  1.5968   0.00000   0.00000   0.00000   0.00000   0.00000   0.00000   0.00000   0.00000   0.00000   0.00000
  1.6038   0.00000   0.00000   0.00000   0.00000   0.00000   0.00000   0.00000   0.00000   0.00000   0.00000
  1.6108   0.00000   0.00000   0.00000   0.00000   0.00000   0.00000   0.00000   0.00000   0.00000   0.00000
  1.6178   0.00000   0.00000   0.00000   0.00000   0.00000   0.00000   0.00000   0.00000   0.00000   0.00000
  1.6248   0.00000   0.00000   0.00000   0.00000   0.00000   0.00000   0.00000   0.00000   0.00000   0.00000
  1.6318   0.00000   0.00000   0.00000   0.00000   0.00000   0.00000   0.00000   0.00000   0.00000   0.00000
  1.6388   0.00000   0.00000   0.00000   0.00000   0.00000   0.00000   0.00000   0.00000   0.00000   0.00000
  1.6458   0.00000   0.00000   0.00000   0.00000   0.00000   0.00000   0.00000   0.00000   0.00000   0.00000
  1.6528   0.00000   0.00000   0.00000   0.00000   0.00000   0.00000   0.00000   0.00000   0.00000   0.00000
  1.6598   0.00000   0.00000   0.00000   0.00000   0.00000   0.00000   0.00000   0.00000   0.00000   0.00000
  1.6668   0.00000   0.00000   0.00000   0.00000   0.00000   0.00000   0.00000   0.00000   0.00000   0.00000
  1.6738   0.00000   0.00000   0.00000   0.00000   0.00000   0.00000   0.00000   0.00000   0.00000   0.00000
  1.6808   0.00000   0.00000   0.00000   0.00000   0.00000   0.00000   0.00000   0.00000   0.00000   0.00000
  1.6878   0.00000   0.00000   0.00000   0.00000   0.00000   0.00000   0.00000   0.00000   0.00000   0.00000
  1.6948   0.00000   0.00000   0.00000   0.00000   0.00000   0.00000   0.00000   0.00000   0.00000   0.00000
  1.7019   0.00000   0.00000   0.00000   0.00000   0.00000   0.00000   0.00000   0.00000   0.00000   0.00000
  1.7089   0.00000   0.00000   0.00000   0.00000   0.00000   0.00000   0.00000   0.00000   0.00000   0.00000
  1.7159   0.00000   0.00000   0.00000   0.00000   0.00000   0.00000   0.00000   0.00000   0.00000   0.00000
  1.7229   0.00000   0.00000   0.00000   0.00000   0.00000   0.00000   0.00000   0.00000   0.00000   0.00000
  1.7299   0.00000   0.00000   0.00000   0.00000   0.00000   0.00000   0.00000   0.00000   0.00000   0.00000
  1.7369   0.00000   0.00000   0.00000   0.00000   0.00000   0.00000   0.00000   0.00000   0.00000   0.00000
  1.7439   0.00000   0.00000   0.00000   0.00000   0.00000   0.00000   0.00000   0.00000   0.00000   0.00000
  1.7509   0.00000   0.00000   0.00000   0.00000   0.00000   0.00000   0.00000   0.00000   0.00000   0.00000
  1.7579   0.00000   0.00000   0.00000   0.00000   0.00000   0.00000   0.00000   0.00000   0.00000   0.00000
  1.7649   0.00000   0.00000   0.00000   0.00000   0.00000   0.00000   0.00000   0.00000   0.00000   0.00000
  1.7719   0.00000   0.00000   0.00000   0.00000   0.00000   0.00000   0.00000   0.00000   0.00000   0.00000
  1.7789   0.00000   0.00000   0.00000   0.00000   0.00000   0.00000   0.00000   0.00000   0.00000   0.00000
  1.7859   0.00000   0.00000   0.00000   0.00000   0.00000   0.00000   0.00000   0.00000   0.00000   0.00000
  1.7929   0.00000   0.00000   0.00000   0.00000   0.00000   0.00000   0.00000   0.00000   0.00000   0.00000
  1.7999   0.00000   0.00000   0.00000   0.00000   0.00000   0.00000   0.00000   0.00000   0.00000   0.00000
  1.8069   0.00000   0.00000   0.00000   0.00000   0.00000   0.00000   0.00000   0.00000   0.00000   0.00000
  1.8139   0.00000   0.00000   0.00000   0.00000   0.00000   0.00000   0.00000   0.00000   0.00000   0.00000
  1.8209   0.00000   0.00000   0.00000   0.00000   0.00000   0.00000   0.00000   0.00000   0.00000   0.00000
  1.8279   0.00000   0.00000   0.00000   0.00000   0.00000   0.00000   0.00000   0.00000   0.00000   0.00000
  1.8349   0.00000   0.00000   0.00000   0.00000   0.00000   0.00000   0.00000   0.00000   0.00000   0.00000
  1.8419   0.00000   0.00000   0.00000   0.00000   0.00000   0.00000   0.00000   0.00000   0.00000   0.00000
  1.8489   0.00000   0.00000   0.00000   0.00000   0.00000   0.00000   0.00000   0.00000   0.00000   0.00000
  1.8559   0.00000   0.00000   0.00000   0.00000   0.00000   0.00000   0.00000   0.00000   0.00000   0.00000
  1.8629   0.00000   0.00000   0.00000   0.00000   0.00000   0.00000   0.00000   0.00000   0.00000   0.00000
  1.8699   0.00000   0.00000   0.00000   0.00000   0.00000   0.00000   0.00000   0.00000   0.00000   0.00000
  1.8769   0.00000   0.00000   0.00000   0.00000   0.00000   0.00000   0.00000   0.00000   0.00000   0.00000
  1.8839   0.00000   0.00000   0.00000   0.00000   0.00000   0.00000   0.00000   0.00000   0.00000   0.00000
  1.8909   0.00000   0.00000   0.00000   0.00000   0.00000   0.00000   0.00000   0.00000   0.00000   0.00000
  1.8979   0.00000   0.00000   0.00000   0.00000   0.00000   0.00000   0.00000   0.00000   0.00000   0.00000
  1.9050   0.00000   0.00000   0.00000   0.00000   0.00000   0.00000   0.00000   0.00000   0.00000   0.00000
  1.9120   0.00000   0.00000   0.00000   0.00000   0.00000   0.00000   0.00000   0.00000   0.00000   0.00000
  1.9190   0.00000   0.00000   0.00000   0.00000   0.00000   0.00000   0.00000   0.00000   0.00000   0.00000
  1.9260   0.00000   0.00000   0.00000   0.00000   0.00000   0.00000   0.00000   0.00000   0.00000   0.00000
  1.9330   0.00000   0.00000   0.00000   0.00000   0.00000   0.00000   0.00000   0.00000   0.00000   0.00000
  1.9400   0.00000   0.00000   0.00000   0.00000   0.00000   0.00000   0.00000   0.00000   0.00000   0.00000
  1.9470   0.00000   0.00000   0.00000   0.00000   0.00000   0.00000   0.00000   0.00000   0.00000   0.00000
  1.9540   0.00000   0.00000   0.00000   0.00000   0.00000   0.00000   0.00000   0.00000   0.00000   0.00000
  1.9610   0.00000   0.00000   0.00000   0.00000   0.00000   0.00000   0.00000   0.00000   0.00000   0.00000
  1.9680   0.00000   0.00000   0.00000   0.00000   0.00000   0.00000   0.00000   0.00000   0.00000   0.00000
  1.9750   0.00000   0.00000   0.00000   0.00000   0.00000   0.00000   0.00000   0.00000   0.00000   0.00000
  1.9820   0.00000   0.00000   0.00000   0.00000   0.00000   0.00000   0.00000   0.00000   0.00000   0.00000
  1.9890   0.00000   0.00000   0.00000   0.00000   0.00000   0.00000   0.00000   0.00000   0.00000   0.00000
  1.9960   0.00000   0.00000   0.00000   0.00000   0.00000   0.00000   0.00000   0.00000   0.00000   0.00000
  2.0030   0.00000   0.00000   0.00000   0.00000   0.00000   0.00000   0.00000   0.00000   0.00000   0.00000
  2.0100   0.00000   0.00000   0.00000   0.00000   0.00000   0.00000   0.00000   0.00000   0.00000   0.00000
  2.0170   0.00000   0.00000   0.00000   0.00000   0.00000   0.00000   0.00000   0.00000   0.00000   0.00000
  2.0240   0.00000   0.00000   0.00000   0.00000   0.00000   0.00000   0.00000   0.00000   0.00000   0.00000
  2.0310   0.00000   0.00000   0.00000   0.00000   0.00000   0.00000   0.00000   0.00000   0.00000   0.00000
  2.0380   0.00000   0.00000   0.00000   0.00000   0.00000   0.00000   0.00000   0.00000   0.00000   0.00000
  2.0450   0.00000   0.00000   0.00000   0.00000   0.00000   0.00000   0.00000   0.00000   0.00000   0.00000
  2.0520   0.00000   0.00000   0.00000   0.00000   0.00000   0.00000   0.00000   0.00000   0.00000   0.00000
  2.0590   0.00000   0.00000   0.00000   0.00000   0.00000   0.00000   0.00000   0.00000   0.00000   0.00000
  2.0660   0.00000   0.00000   0.00000   0.00000   0.00000   0.00000   0.00000   0.00000   0.00000   0.00000
  2.0730   0.00000   0.00000   0.00000   0.00000   0.00000   0.00000   0.00000   0.00000   0.00000   0.00000
  2.0800   0.00000   0.00000   0.00000   0.00000   0.00000   0.00000   0.00000   0.00000   0.00000   0.00000
  2.0870   0.00000   0.00000   0.00000   0.00000   0.00000   0.00000   0.00000   0.00000   0.00000   0.00000
  2.0940   0.00000   0.00000   0.00000   0.00000   0.00000   0.00000   0.00000   0.00000   0.00000   0.00000
  2.1011   0.00000   0.00000   0.00000   0.00000   0.00000   0.00000   0.00000   0.00000   0.00000   0.00000
  2.1081   0.00000   0.00000   0.00000   0.00000   0.00000   0.00000   0.00000   0.00000   0.00000   0.00000
  2.1151   0.00000   0.00000   0.00000   0.00000   0.00000   0.00000   0.00000   0.00000   0.00000   0.00000
  2.1221   0.00000   0.00000   0.00000   0.00000   0.00000   0.00000   0.00000   0.00000   0.00000   0.00000
  2.1291   0.00000   0.00000   0.00000   0.00000   0.00000   0.00000   0.00000   0.00000   0.00000   0.00000
  2.1361   0.00000   0.00000   0.00000   0.00000   0.00000   0.00000   0.00000   0.00000   0.00000   0.00000
  2.1431   0.00000   0.00000   0.00000   0.00000   0.00000   0.00000   0.00000   0.00000   0.00000   0.00000
  2.1501   0.00000   0.00000   0.00000   0.00000   0.00000   0.00000   0.00000   0.00000   0.00000   0.00000
  2.1571   0.00000   0.00000   0.00000   0.00000   0.00000   0.00000   0.00000   0.00000   0.00000   0.00000
  2.1641   0.00000   0.00000   0.00000   0.00000   0.00000   0.00000   0.00000   0.00000   0.00000   0.00000
  2.1711   0.00000   0.00000   0.00000   0.00000   0.00000   0.00000   0.00000   0.00000   0.00000   0.00000
  2.1781   0.00000   0.00000   0.00000   0.00000   0.00000   0.00000   0.00000   0.00000   0.00000   0.00000
  2.1851   0.00000   0.00000   0.00000   0.00000   0.00000   0.00000   0.00000   0.00000   0.00000   0.00000
  2.1921   0.00000   0.00000   0.00000   0.00000   0.00000   0.00000   0.00000   0.00000   0.00000   0.00000
  2.1991   0.00000   0.00000   0.00000   0.00000   0.00000   0.00000   0.00000   0.00000   0.00000   0.00000
  2.2061   0.00000   0.00000   0.00000   0.00000   0.00000   0.00000   0.00000   0.00000   0.00000   0.00000
  2.2131   0.00000   0.00000   0.00000   0.00000   0.00000   0.00000   0.00000   0.00000   0.00000   0.00000
  2.2201   0.00000   0.00000   0.00000   0.00000   0.00000   0.00000   0.00000   0.00000   0.00000   0.00000
  2.2271   0.00000   0.00000   0.00000   0.00000   0.00000   0.00000   0.00000   0.00000   0.00000   0.00000
  2.2341   0.00000   0.00000   0.00000   0.00000   0.00000   0.00000   0.00000   0.00000   0.00000   0.00000
  2.2411   0.00000   0.00000   0.00000   0.00000   0.00000   0.00000   0.00000   0.00000   0.00000   0.00000
  2.2481   0.00000   0.00000   0.00000   0.00000   0.00000   0.00000   0.00000   0.00000   0.00000   0.00000
  2.2551   0.00000   0.00000   0.00000   0.00000   0.00000   0.00000   0.00000   0.00000   0.00000   0.00000
  2.2621   0.00000   0.00000   0.00000   0.00000   0.00000   0.00000   0.00000   0.00000   0.00000   0.00000
  2.2691   0.00000   0.00000   0.00000   0.00000   0.00000   0.00000   0.00000   0.00000   0.00000   0.00000
  2.2761   0.00000   0.00000   0.00000   0.00000   0.00000   0.00000   0.00000   0.00000   0.00000   0.00000
  2.2831   0.00000   0.00000   0.00000   0.00000   0.00000   0.00000   0.00000   0.00000   0.00000   0.00000
  2.2901   0.00000   0.00000   0.00000   0.00000   0.00000   0.00000   0.00000   0.00000   0.00000   0.00000
  2.2971   0.00000   0.00000   0.00000   0.00000   0.00000   0.00000   0.00000   0.00000   0.00000   0.00000
  2.3042   0.00000   0.00000   0.00000   0.00000   0.00000   0.00000   0.00000   0.00000   0.00000   0.00000
  2.3112   0.00000   0.00000   0.00000   0.00000   0.00000   0.00000   0.00000   0.00000   0.00000   0.00000
  2.3182   0.00000   0.00000   0.00000   0.00000   0.00000   0.00000   0.00000   0.00000   0.00000   0.00000
  2.3252   0.00000   0.00000   0.00000   0.00000   0.00000   0.00000   0.00000   0.00000   0.00000   0.00000
  2.3322   0.00000   0.00000   0.00000   0.00000   0.00000   0.00000   0.00000   0.00000   0.00000   0.00000
  2.3392   0.00000   0.00000   0.00000   0.00000   0.00000   0.00000   0.00000   0.00000   0.00000   0.00000
  2.3462   0.00000   0.00000   0.00000   0.00000   0.00000   0.00000   0.00000   0.00000   0.00000   0.00000
  2.3532   0.00000   0.00000   0.00000   0.00000   0.00000   0.00000   0.00000   0.00000   0.00000   0.00000
  2.3602   0.00000   0.00000   0.00000   0.00000   0.00000   0.00000   0.00000   0.00000   0.00000   0.00000
  2.3672   0.00000   0.00000   0.00000   0.00000   0.00000   0.00000   0.00000   0.00000   0.00000   0.00000
  2.3742   0.00000   0.00000   0.00000   0.00000   0.00000   0.00000   0.00000   0.00000   0.00000   0.00000
  2.3812   0.00000   0.00000   0.00000   0.00000   0.00000   0.00000   0.00000   0.00000   0.00000   0.00000
  2.3882   0.00000   0.00000   0.00000   0.00000   0.00000   0.00000   0.00000   0.00000   0.00000   0.00000
  2.3952   0.00000   0.00000   0.00000   0.00000   0.00000   0.00000   0.00000   0.00000   0.00000   0.00000
  2.4022   0.00000   0.00000   0.00000   0.00000   0.00000   0.00000   0.00000   0.00000   0.00000   0.00000
  2.4092   0.00000   0.00000   0.00000   0.00000   0.00000   0.00000   0.00000   0.00000   0.00000   0.00000
  2.4162   0.00000   0.00000   0.00000   0.00000   0.00000   0.00000   0.00000   0.00000   0.00000   0.00000
  2.4232   0.00000   0.00000   0.00000   0.00000   0.00000   0.00000   0.00000   0.00000   0.00000   0.00000
  2.4302   0.00000   0.00000   0.00000   0.00000   0.00000   0.00000   0.00000   0.00000   0.00000   0.00000
  2.4372   0.00000   0.00000   0.00000   0.00000   0.00000   0.00000   0.00000   0.00000   0.00000   0.00000
  2.4442   0.00000   0.00000   0.00000   0.00000   0.00000   0.00000   0.00000   0.00000   0.00000   0.00000
  2.4512   0.00000   0.00000   0.00000   0.00000   0.00000   0.00000   0.00000   0.00000   0.00000   0.00000
  2.4582   0.00000   0.00000   0.00000   0.00000   0.00000   0.00000   0.00000   0.00000   0.00000   0.00000
  2.4652   0.00000   0.00000   0.00000   0.00000   0.00000   0.00000   0.00000   0.00000   0.00000   0.00000
  2.4722   0.00000   0.00000   0.00000   0.00000   0.00000   0.00000   0.00000   0.00000   0.00000   0.00000
  2.4792   0.00000   0.00000   0.00000   0.00000   0.00000   0.00000   0.00000   0.00000   0.00000   0.00000
  2.4862   0.00000   0.00000   0.00000   0.00000   0.00000   0.00000   0.00000   0.00000   0.00000   0.00000
  2.4932   0.00000   0.00000   0.00000   0.00000   0.00000   0.00000   0.00000   0.00000   0.00000   0.00000
  2.5003   0.00000   0.00000   0.00000   0.00000   0.00000   0.00000   0.00000   0.00000   0.00000   0.00000
  2.5073   0.00000   0.00000   0.00000   0.00000   0.00000   0.00000   0.00000   0.00000   0.00000   0.00000
  2.5143   0.00000   0.00000   0.00000   0.00000   0.00000   0.00000   0.00000   0.00000   0.00000   0.00000
  2.5213   0.00000   0.00000   0.00000   0.00000   0.00000   0.00000   0.00000   0.00000   0.00000   0.00000
  2.5283   0.00000   0.00000   0.00000   0.00000   0.00000   0.00000   0.00000   0.00000   0.00000   0.00000
  2.5353   0.00000   0.00000   0.00000   0.00000   0.00000   0.00000   0.00000   0.00000   0.00000   0.00000
  2.5423   0.00000   0.00000   0.00000   0.00000   0.00000   0.00000   0.00000   0.00000   0.00000   0.00000
  2.5493   0.00000   0.00000   0.00000   0.00000   0.00000   0.00000   0.00000   0.00000   0.00000   0.00000
  2.5563   0.00000   0.00000   0.00000   0.00000   0.00000   0.00000   0.00000   0.00000   0.00000   0.00000
  2.5633   0.00000   0.00000   0.00000   0.00000   0.00000   0.00000   0.00000   0.00000   0.00000   0.00000
  2.5703   0.00000   0.00000   0.00000   0.00000   0.00000   0.00000   0.00000   0.00000   0.00000   0.00000
  2.5773   0.00000   0.00000   0.00000   0.00000   0.00000   0.00000   0.00000   0.00000   0.00000   0.00000
  2.5843   0.00000   0.00000   0.00000   0.00000   0.00000   0.00000   0.00000   0.00000   0.00000   0.00000
  2.5913   0.00000   0.00000   0.00000   0.00000   0.00000   0.00000   0.00000   0.00000   0.00000   0.00000
  2.5983   0.00000   0.00000   0.00000   0.00000   0.00000   0.00000   0.00000   0.00000   0.00000   0.00000
  2.6053   0.00000   0.00000   0.00000   0.00000   0.00000   0.00000   0.00000   0.00000   0.00000   0.00000
  2.6123   0.00000   0.00000   0.00000   0.00000   0.00000   0.00000   0.00000   0.00000   0.00000   0.00000
  2.6193   0.00000   0.00000   0.00000   0.00000   0.00000   0.00000   0.00000   0.00000   0.00000   0.00000
  2.6263   0.00000   0.00000   0.00000   0.00000   0.00000   0.00000   0.00000   0.00000   0.00000   0.00000
  2.6333   0.00000   0.00000   0.00000   0.00000   0.00000   0.00000   0.00000   0.00000   0.00000   0.00000
  2.6403   0.00000   0.00000   0.00000   0.00000   0.00000   0.00000   0.00000   0.00000   0.00000   0.00000
  2.6473   0.00000   0.00000   0.00000   0.00000   0.00000   0.00000   0.00000   0.00000   0.00000   0.00000
  2.6543   0.00000   0.00000   0.00000   0.00000   0.00000   0.00000   0.00000   0.00000   0.00000   0.00000
  2.6613   0.00000   0.00000   0.00000   0.00000   0.00000   0.00000   0.00000   0.00000   0.00000   0.00000
  2.6683   0.00000   0.00000   0.00000   0.00000   0.00000   0.00000   0.00000   0.00000   0.00000   0.00000
  2.6753   0.00000   0.00000   0.00000   0.00000   0.00000   0.00000   0.00000   0.00000   0.00000   0.00000
  2.6823   0.00000   0.00000   0.00000   0.00000   0.00000   0.00000   0.00000   0.00000   0.00000   0.00000
  2.6893   0.00000   0.00000   0.00000   0.00000   0.00000   0.00000   0.00000   0.00000   0.00000   0.00000
  2.6963   0.00000   0.00000   0.00000   0.00000   0.00000   0.00000   0.00000   0.00000   0.00000   0.00000
  2.7034   0.00000   0.00000   0.00000   0.00000   0.00000   0.00000   0.00000   0.00000   0.00000   0.00000
  2.7104   0.00000   0.00000   0.00000   0.00000   0.00000   0.00000   0.00000   0.00000   0.00000   0.00000
  2.7174   0.00000   0.00000   0.00000   0.00000   0.00000   0.00000   0.00000   0.00000   0.00000   0.00000
  2.7244   0.00000   0.00000   0.00000   0.00000   0.00000   0.00000   0.00000   0.00000   0.00000   0.00000
  2.7314   0.00000   0.00000   0.00000   0.00000   0.00000   0.00000   0.00000   0.00000   0.00000   0.00000
  2.7384   0.00000   0.00000   0.00000   0.00000   0.00000   0.00000   0.00000   0.00000   0.00000   0.00000
  2.7454   0.00000   0.00000   0.00000   0.00000   0.00000   0.00000   0.00000   0.00000   0.00000   0.00000
  2.7524   0.00000   0.00000   0.00000   0.00000   0.00000   0.00000   0.00000   0.00000   0.00000   0.00000
  2.7594   0.00000   0.00000   0.00000   0.00000   0.00000   0.00000   0.00000   0.00000   0.00000   0.00000
  2.7664   0.00000   0.00000   0.00000   0.00000   0.00000   0.00000   0.00000   0.00000   0.00000   0.00000
  2.7734   0.00000   0.00000   0.00000   0.00000   0.00000   0.00000   0.00000   0.00000   0.00000   0.00000
  2.7804   0.00000   0.00000   0.00000   0.00000   0.00000   0.00000   0.00000   0.00000   0.00000   0.00000
  2.7874   0.00000   0.00000   0.00000   0.00000   0.00000   0.00000   0.00000   0.00000   0.00000   0.00000
  2.7944   0.00000   0.00000   0.00000   0.00000   0.00000   0.00000   0.00000   0.00000   0.00000   0.00000
  2.8014   0.00000   0.00000   0.00000   0.00000   0.00000   0.00000   0.00000   0.00000   0.00000   0.00000
  2.8084   0.00000   0.00000   0.00000   0.00000   0.00000   0.00000   0.00000   0.00000   0.00000   0.00000
  2.8154   0.00000   0.00000   0.00000   0.00000   0.00000   0.00000   0.00000   0.00000   0.00000   0.00000
  2.8224   0.00000   0.00000   0.00000   0.00000   0.00000   0.00000   0.00000   0.00000   0.00000   0.00000
  2.8294   0.00000   0.00000   0.00000   0.00000   0.00000   0.00000   0.00000   0.00000   0.00000   0.00000
  2.8364   0.00000   0.00000   0.00000   0.00000   0.00000   0.00000   0.00000   0.00000   0.00000   0.00000
  2.8434   0.00000   0.00000   0.00000   0.00000   0.00000   0.00000   0.00000   0.00000   0.00000   0.00000
  2.8504   0.00000   0.00000   0.00000   0.00000   0.00000   0.00000   0.00000   0.00000   0.00000   0.00000
  2.8574   0.00000   0.00000   0.00000   0.00000   0.00000   0.00000   0.00000   0.00000   0.00000   0.00000
  2.8644   0.00000   0.00000   0.00000   0.00000   0.00000   0.00000   0.00000   0.00000   0.00000   0.00000
  2.8714   0.00000   0.00000   0.00000   0.00000   0.00000   0.00000   0.00000   0.00000   0.00000   0.00000
  2.8784   0.00000   0.00000   0.00000   0.00000   0.00000   0.00000   0.00000   0.00000   0.00000   0.00000
  2.8854   0.00000   0.00000   0.00000   0.00000   0.00000   0.00000   0.00000   0.00000   0.00000   0.00000
  2.8924   0.00000   0.00000   0.00000   0.00000   0.00000   0.00000   0.00000   0.00000   0.00000   0.00000
  2.8994   0.00000   0.00000   0.00000   0.00000   0.00000   0.00000   0.00000   0.00000   0.00000   0.00000
  2.9065   0.00000   0.00000   0.00000   0.00000   0.00000   0.00000   0.00000   0.00000   0.00000   0.00000
  2.9135   0.00000   0.00000   0.00000   0.00000   0.00000   0.00000   0.00000   0.00000   0.00000   0.00000
  2.9205   0.00000   0.00000   0.00000   0.00000   0.00000   0.00000   0.00000   0.00000   0.00000   0.00000
  2.9275   0.00000   0.00000   0.00000   0.00000   0.00000   0.00000   0.00000   0.00000   0.00000   0.00000
  2.9345   0.00000   0.00000   0.00000   0.00000   0.00000   0.00000   0.00000   0.00000   0.00000   0.00000
  2.9415   0.00000   0.00000   0.00000   0.00000   0.00000   0.00000   0.00000   0.00000   0.00000   0.00000
  2.9485   0.00000   0.00000   0.00000   0.00000   0.00000   0.00000   0.00000   0.00000   0.00000   0.00000
  2.9555   0.00000   0.00000   0.00000   0.00000   0.00000   0.00000   0.00000   0.00000   0.00000   0.00000
  2.9625   0.00000   0.00000   0.00000   0.00000   0.00000   0.00000   0.00000   0.00000   0.00000   0.00000
  2.9695   0.00000   0.00000   0.00000   0.00000   0.00000   0.00000   0.00000   0.00000   0.00000   0.00000
  2.9765   0.00000   0.00000   0.00000   0.00000   0.00000   0.00000   0.00000   0.00000   0.00000   0.00000
  2.9835   0.00000   0.00000   0.00000   0.00000   0.00000   0.00000   0.00000   0.00000   0.00000   0.00000
  2.9905   0.00000   0.00000   0.00000   0.00000   0.00000   0.00000   0.00000   0.00000   0.00000   0.00000
  2.9975   0.00000   0.00000   0.00000   0.00000   0.00000   0.00000   0.00000   0.00000   0.00000   0.00000
  3.0045   0.00000   0.00000   0.00000   0.00000   0.00000   0.00000   0.00000   0.00000   0.00000   0.00000
  3.0115   0.00000   0.00000   0.00000   0.00000   0.00000   0.00000   0.00000   0.00000   0.00000   0.00000
  3.0185   0.00000   0.00000   0.00000   0.00000   0.00000   0.00000   0.00000   0.00000   0.00000   0.00000
  3.0255   0.00000   0.00000   0.00000   0.00000   0.00000   0.00000   0.00000   0.00000   0.00000   0.00000
  3.0325   0.00000   0.00000   0.00000   0.00000   0.00000   0.00000   0.00000   0.00000   0.00000   0.00000
  3.0395   0.00000   0.00000   0.00000   0.00000   0.00000   0.00000   0.00000   0.00000   0.00000   0.00000
  3.0465   0.00000   0.00000   0.00000   0.00000   0.00000   0.00000   0.00000   0.00000   0.00000   0.00000
  3.0535   0.00000   0.00000   0.00000   0.00000   0.00000   0.00000   0.00000   0.00000   0.00000   0.00000
  3.0605   0.00000   0.00000   0.00000   0.00000   0.00000   0.00000   0.00000   0.00000   0.00000   0.00000
  3.0675   0.00000   0.00000   0.00000   0.00000   0.00000   0.00000   0.00000   0.00000   0.00000   0.00000
  3.0745   0.00000   0.00000   0.00000   0.00000   0.00000   0.00000   0.00000   0.00000   0.00000   0.00000
  3.0815   0.00000   0.00000   0.00000   0.00000   0.00000   0.00000   0.00000   0.00000   0.00000   0.00000
  3.0885   0.00000   0.00000   0.00000   0.00000   0.00000   0.00000   0.00000   0.00000   0.00000   0.00000
  3.0955   0.00000   0.00000   0.00000   0.00000   0.00000   0.00000   0.00000   0.00000   0.00000   0.00000
  3.1026   0.00000   0.00000   0.00000   0.00000   0.00000   0.00000   0.00000   0.00000   0.00000   0.00000
  3.1096   0.00000   0.00000   0.00000   0.00000   0.00000   0.00000   0.00000   0.00000   0.00000   0.00000
  3.1166   0.00000   0.00000   0.00000   0.00000   0.00000   0.00000   0.00000   0.00000   0.00000   0.00000
  3.1236   0.00000   0.00000   0.00000   0.00000   0.00000   0.00000   0.00000   0.00000   0.00000   0.00000
  3.1306   0.00000   0.00000   0.00000   0.00000   0.00000   0.00000   0.00000   0.00000   0.00000   0.00000
  3.1376   0.00000   0.00000   0.00000   0.00000   0.00000   0.00000   0.00000   0.00000   0.00000   0.00000
  3.1446   0.00000   0.00000   0.00000   0.00000   0.00000   0.00000   0.00000   0.00000   0.00000   0.00000
  3.1516   0.00000   0.00000   0.00000   0.00000   0.00000   0.00000   0.00000   0.00000   0.00000   0.00000
  3.1586   0.00000   0.00000   0.00000   0.00000   0.00000   0.00000   0.00000   0.00000   0.00000   0.00000
  3.1656   0.00000   0.00000   0.00000   0.00000   0.00000   0.00000   0.00000   0.00000   0.00000   0.00000
  3.1726   0.00000   0.00000   0.00000   0.00000   0.00000   0.00000   0.00000   0.00000   0.00000   0.00000
  3.1796   0.00000   0.00000   0.00000   0.00000   0.00000   0.00000   0.00000   0.00000   0.00000   0.00000
  3.1866   0.00000   0.00000   0.00000   0.00000   0.00000   0.00000   0.00000   0.00000   0.00000   0.00000
  3.1936   0.00000   0.00000   0.00000   0.00000   0.00000   0.00000   0.00000   0.00000   0.00000   0.00000
  3.2006   0.00000   0.00000   0.00000   0.00000   0.00000   0.00000   0.00000   0.00000   0.00000   0.00000
  3.2076   0.00000   0.00000   0.00000   0.00000   0.00000   0.00000   0.00000   0.00000   0.00000   0.00000
  3.2146   0.00001   0.00001   0.00001   0.00001   0.00001   0.00001   0.00001   0.00001   0.00001   0.00001
  3.2216   0.00001   0.00001   0.00001   0.00001   0.00001   0.00001   0.00001   0.00001   0.00001   0.00001
  3.2286   0.00001   0.00001   0.00001   0.00001   0.00001   0.00001   0.00001   0.00001   0.00001   0.00001
  3.2356   0.00002   0.00002   0.00002   0.00002   0.00002   0.00002   0.00002   0.00002   0.00002   0.00002
  3.2426   0.00002   0.00002   0.00002   0.00002   0.00002   0.00002   0.00002   0.00002   0.00002   0.00002
  3.2496   0.00003   0.00003   0.00003   0.00003   0.00003   0.00003   0.00003   0.00003   0.00003   0.00003
  3.2566   0.00004   0.00005   0.00004   0.00004   0.00004   0.00004   0.00004   0.00004   0.00004   0.00004
  3.2636   0.00006   0.00006   0.00006   0.00006   0.00006   0.00006   0.00006   0.00006   0.00006   0.00006
  3.2706   0.00008   0.00009   0.00008   0.00008   0.00008   0.00008   0.00008   0.00008   0.00008   0.00009
  3.2776   0.00011   0.00012   0.00011   0.00011   0.00011   0.00011   0.00011   0.00011   0.00011   0.00012
  3.2846   0.00015   0.00016   0.00016   0.00015   0.00015   0.00015   0.00015   0.00015   0.00016   0.00016
  3.2916   0.00020   0.00022   0.00021   0.00020   0.00020   0.00020   0.00020   0.00021   0.00021   0.00021
  3.2986   0.00027   0.00029   0.00028   0.00027   0.00027   0.00027   0.00027   0.00028   0.00028   0.00028
  3.3057   0.00035   0.00039   0.00037   0.00036   0.00035   0.00036   0.00036   0.00037   0.00037   0.00038
  3.3127   0.00047   0.00051   0.00049   0.00047   0.00047   0.00047   0.00048   0.00048   0.00049   0.00050
  3.3197   0.00061   0.00067   0.00065   0.00062   0.00061   0.00062   0.00063   0.00064   0.00065   0.00065
  3.3267   0.00080   0.00087   0.00084   0.00081   0.00080   0.00080   0.00081   0.00083   0.00084   0.00085
  3.3337   0.00103   0.00113   0.00109   0.00105   0.00103   0.00104   0.00105   0.00107   0.00109   0.00110
  3.3407   0.00132   0.00145   0.00140   0.00135   0.00133   0.00134   0.00135   0.00138   0.00140   0.00142
  3.3477   0.00169   0.00185   0.00179   0.00172   0.00170   0.00170   0.00173   0.00176   0.00178   0.00181
  3.3547   0.00214   0.00235   0.00227   0.00218   0.00215   0.00216   0.00219   0.00222   0.00226   0.00229
  3.3617   0.00269   0.00296   0.00285   0.00274   0.00271   0.00272   0.00276   0.00280   0.00284   0.00288
  3.3687   0.00337   0.00370   0.00357   0.00343   0.00338   0.00340   0.00345   0.00350   0.00356   0.00361
  3.3757   0.00418   0.00459   0.00443   0.00426   0.00420   0.00422   0.00428   0.00435   0.00441   0.00448
  3.3827   0.00516   0.00566   0.00546   0.00525   0.00518   0.00521   0.00528   0.00536   0.00544   0.00552
  3.3897   0.00632   0.00694   0.00669   0.00643   0.00635   0.00638   0.00646   0.00657   0.00667   0.00677
  3.3967   0.00769   0.00844   0.00814   0.00782   0.00772   0.00776   0.00787   0.00799   0.00811   0.00823
  3.4037   0.00929   0.01020   0.00984   0.00945   0.00933   0.00938   0.00950   0.00965   0.00981   0.00995
  3.4107   0.01115   0.01224   0.01181   0.01135   0.01120   0.01126   0.01141   0.01159   0.01177   0.01194
  3.4177   0.01329   0.01459   0.01408   0.01353   0.01335   0.01342   0.01360   0.01381   0.01403   0.01423
  3.4247   0.01573   0.01727   0.01666   0.01601   0.01580   0.01589   0.01610   0.01635   0.01661   0.01685
  3.4317   0.01850   0.02031   0.01960   0.01883   0.01858   0.01868   0.01893   0.01923   0.01953   0.01981
  3.4387   0.02160   0.02372   0.02289   0.02199   0.02170   0.02182   0.02211   0.02246   0.02281   0.02314
  3.4457   0.02506   0.02752   0.02655   0.02551   0.02517   0.02531   0.02565   0.02605   0.02646   0.02684
  3.4527   0.02887   0.03170   0.03059   0.02939   0.02900   0.02916   0.02955   0.03001   0.03048   0.03092
  3.4597   0.03304   0.03628   0.03500   0.03363   0.03318   0.03336   0.03381   0.03434   0.03488   0.03539
  3.4667   0.03755   0.04123   0.03978   0.03822   0.03771   0.03792   0.03842   0.03903   0.03964   0.04022
  3.4737   0.04238   0.04654   0.04490   0.04314   0.04257   0.04280   0.04337   0.04406   0.04475   0.04540
  3.4807   0.04751   0.05218   0.05034   0.04837   0.04773   0.04799   0.04863   0.04940   0.05017   0.05090
  3.4877   0.05291   0.05810   0.05605   0.05386   0.05315   0.05343   0.05415   0.05501   0.05586   0.05667
  3.4947   0.05852   0.06426   0.06199   0.05957   0.05878   0.05910   0.05989   0.06083   0.06178   0.06268
  3.5018   0.06428   0.07059   0.06810   0.06543   0.06457   0.06491   0.06578   0.06682   0.06787   0.06885
  3.5088   0.07013   0.07701   0.07430   0.07139   0.07044   0.07082   0.07177   0.07291   0.07404   0.07512
  3.5158   0.07599   0.08345   0.08051   0.07736   0.07633   0.07674   0.07777   0.07900   0.08023   0.08140
  3.5228   0.08178   0.08981   0.08664   0.08325   0.08215   0.08259   0.08370   0.08502   0.08635   0.08760
  3.5298   0.08742   0.09600   0.09262   0.08899   0.08781   0.08828   0.08947   0.09088   0.09230   0.09364
  3.5368   0.09281   0.10192   0.09833   0.09448   0.09323   0.09373   0.09498   0.09649   0.09799   0.09941
  3.5438   0.09786   0.10747   0.10368   0.09963   0.09830   0.09883   0.10016   0.10174   0.10333   0.10483
  3.5508   0.10249   0.11256   0.10859   0.10434   0.10295   0.10351   0.10489   0.10656   0.10822   0.10979
  3.5578   0.10661   0.11708   0.11295   0.10853   0.10709   0.10767   0.10911   0.11084   0.11257   0.11420
  3.5648   0.11014   0.12096   0.11669   0.11213   0.11064   0.11124   0.11272   0.11451   0.11630   0.11798
  3.5718   0.11302   0.12412   0.11974   0.11506   0.11353   0.11414   0.11567   0.11750   0.11933   0.12107
  3.5788   0.11519   0.12650   0.12203   0.11726   0.11570   0.11633   0.11788   0.11975   0.12162   0.12338
  3.5858   0.11659   0.12804   0.12353   0.11870   0.11712   0.11775   0.11933   0.12122   0.12311   0.12489
  3.5928   0.11722   0.12873   0.12419   0.11933   0.11775   0.11838   0.11997   0.12187   0.12377   0.12556
  3.5998   0.11705   0.12854   0.12401   0.11916   0.11758   0.11821   0.11979   0.12169   0.12359   0.12538
  3.6068   0.11608   0.12748   0.12298   0.11817   0.11661   0.11723   0.11880   0.12068   0.12257   0.12434
  3.6138   0.11434   0.12557   0.12114   0.11640   0.11486   0.11548   0.11702   0.11888   0.12073   0.12248
  3.6208   0.11187   0.12285   0.11852   0.11388   0.11237   0.11298   0.11449   0.11630   0.11812   0.11983
  3.6278   0.10870   0.11937   0.11516   0.11066   0.10919   0.10978   0.11125   0.11301   0.11477   0.11644
  3.6348   0.10491   0.11521   0.11114   0.10680   0.10538   0.10595   0.10736   0.10906   0.11077   0.11237
  3.6418   0.10056   0.11043   0.10654   0.10237   0.10101   0.10155   0.10291   0.10454   0.10617   0.10771
  3.6488   0.09573   0.10513   0.10143   0.09746   0.09616   0.09668   0.09798   0.09953   0.10108   0.10255
  3.6558   0.09052   0.09941   0.09591   0.09215   0.09093   0.09142   0.09264   0.09411   0.09558   0.09697
  3.6628   0.08501   0.09336   0.09007   0.08655   0.08540   0.08586   0.08701   0.08838   0.08976   0.09107
  3.6698   0.07930   0.08709   0.08401   0.08073   0.07966   0.08009   0.08116   0.08244   0.08373   0.08494
  3.6768   0.07347   0.08068   0.07783   0.07479   0.07380   0.07419   0.07519   0.07638   0.07757   0.07870
  3.6838   0.06760   0.07424   0.07162   0.06882   0.06790   0.06827   0.06918   0.07028   0.07138   0.07241
  3.6908   0.06178   0.06785   0.06545   0.06289   0.06206   0.06239   0.06323   0.06423   0.06523   0.06618
  3.6978   0.05608   0.06158   0.05941   0.05709   0.05633   0.05663   0.05739   0.05830   0.05921   0.06007
  3.7049   0.05056   0.05552   0.05356   0.05147   0.05078   0.05106   0.05174   0.05256   0.05338   0.05415
  3.7119   0.04527   0.04971   0.04796   0.04608   0.04547   0.04572   0.04633   0.04706   0.04780   0.04849
  3.7189   0.04026   0.04421   0.04265   0.04099   0.04044   0.04066   0.04120   0.04186   0.04251   0.04313
  3.7259   0.03556   0.03905   0.03768   0.03620   0.03572   0.03591   0.03639   0.03697   0.03755   0.03809
  3.7329   0.03120   0.03426   0.03305   0.03176   0.03134   0.03151   0.03193   0.03243   0.03294   0.03342
  3.7399   0.02718   0.02985   0.02880   0.02767   0.02731   0.02745   0.02782   0.02826   0.02870   0.02912
  3.7469   0.02353   0.02584   0.02493   0.02395   0.02363   0.02376   0.02408   0.02446   0.02484   0.02520
  3.7539   0.02022   0.02221   0.02142   0.02059   0.02031   0.02042   0.02070   0.02102   0.02135   0.02166
  3.7609   0.01726   0.01896   0.01829   0.01758   0.01734   0.01744   0.01767   0.01795   0.01823   0.01849
  3.7679   0.01464   0.01608   0.01551   0.01490   0.01470   0.01478   0.01498   0.01522   0.01546   0.01568
  3.7749   0.01233   0.01354   0.01306   0.01255   0.01238   0.01245   0.01262   0.01282   0.01302   0.01321
  3.7819   0.01031   0.01132   0.01093   0.01050   0.01036   0.01041   0.01055   0.01072   0.01089   0.01105
  3.7889   0.00857   0.00941   0.00908   0.00872   0.00861   0.00865   0.00877   0.00891   0.00905   0.00918
  3.7959   0.00707   0.00776   0.00749   0.00720   0.00710   0.00714   0.00723   0.00735   0.00746   0.00757
  3.8029   0.00579   0.00636   0.00614   0.00590   0.00582   0.00585   0.00593   0.00602   0.00612   0.00621
  3.8099   0.00472   0.00518   0.00500   0.00480   0.00474   0.00476   0.00483   0.00490   0.00498   0.00505
  3.8169   0.00381   0.00419   0.00404   0.00388   0.00383   0.00385   0.00390   0.00396   0.00402   0.00408
  3.8239   0.00306   0.00336   0.00324   0.00312   0.00307   0.00309   0.00313   0.00318   0.00323   0.00328
  3.8309   0.00244   0.00268   0.00259   0.00249   0.00245   0.00247   0.00250   0.00254   0.00258   0.00261
  3.8379   0.00193   0.00212   0.00205   0.00197   0.00194   0.00195   0.00198   0.00201   0.00204   0.00207
  3.8449   0.00152   0.00167   0.00161   0.00155   0.00153   0.00154   0.00156   0.00158   0.00161   0.00163
  3.8519   0.00119   0.00131   0.00126   0.00121   0.00119   0.00120   0.00122   0.00124   0.00125   0.00127
  3.8589   0.00092   0.00101   0.00098   0.00094   0.00093   0.00093   0.00094   0.00096   0.00097   0.00099
  3.8659   0.00071   0.00078   0.00075   0.00072   0.00071   0.00072   0.00073   0.00074   0.00075   0.00076
  3.8729   0.00054   0.00060   0.00058   0.00055   0.00055   0.00055   0.00056   0.00057   0.00057   0.00058
  3.8799   0.00041   0.00045   0.00044   0.00042   0.00042   0.00042   0.00042   0.00043   0.00044   0.00044
  3.8869   0.00031   0.00034   0.00033   0.00032   0.00031   0.00032   0.00032   0.00032   0.00033   0.00033
  3.8939   0.00023   0.00026   0.00025   0.00024   0.00024   0.00024   0.00024   0.00024   0.00025   0.00025
  3.9010   0.00017   0.00019   0.00019   0.00018   0.00018   0.00018   0.00018   0.00018   0.00018   0.00019
  3.9080   0.00013   0.00014   0.00014   0.00013   0.00013   0.00013   0.00013   0.00013   0.00014   0.00014
  3.9150   0.00009   0.00010   0.00010   0.00010   0.00010   0.00010   0.00010   0.00010   0.00010   0.00010
  3.9220   0.00007   0.00008   0.00007   0.00007   0.00007   0.00007   0.00007   0.00007   0.00007   0.00007
  3.9290   0.00005   0.00006   0.00005   0.00005   0.00005   0.00005   0.00005   0.00005   0.00005   0.00005
  3.9360   0.00004   0.00004   0.00004   0.00004   0.00004   0.00004   0.00004   0.00004   0.00004   0.00004
  3.9430   0.00003   0.00003   0.00003   0.00003   0.00003   0.00003   0.00003   0.00003   0.00003   0.00003
  3.9500   0.00002   0.00002   0.00002   0.00002   0.00002   0.00002   0.00002   0.00002   0.00002   0.00002
  3.9570   0.00001   0.00001   0.00001   0.00001   0.00001   0.00001   0.00001   0.00001   0.00001   0.00001
  3.9640   0.00001   0.00001   0.00001   0.00001   0.00001   0.00001   0.00001   0.00001   0.00001   0.00001
  3.9710   0.00001   0.00001   0.00001   0.00001   0.00001   0.00001   0.00001   0.00001   0.00001   0.00001
  3.9780   0.00000   0.00000   0.00000   0.00000   0.00000   0.00000   0.00000   0.00000   0.00000   0.00000
  3.9850   0.00000   0.00000   0.00000   0.00000   0.00000   0.00000   0.00000   0.00000   0.00000   0.00000
  3.9920   0.00000   0.00000   0.00000   0.00000   0.00000   0.00000   0.00000   0.00000   0.00000   0.00000
  3.9990   0.00000   0.00000   0.00000   0.00000   0.00000   0.00000   0.00000   0.00000   0.00000   0.00000
  4.0060   0.00000   0.00000   0.00000   0.00000   0.00000   0.00000   0.00000   0.00000   0.00000   0.00000
  4.0130   0.00000   0.00000   0.00000   0.00000   0.00000   0.00000   0.00000   0.00000   0.00000   0.00000
  4.0200   0.00000   0.00000   0.00000   0.00000   0.00000   0.00000   0.00000   0.00000   0.00000   0.00000
  4.0270   0.00000   0.00000   0.00000   0.00000   0.00000   0.00000   0.00000   0.00000   0.00000   0.00000
  4.0340   0.00000   0.00000   0.00000   0.00000   0.00000   0.00000   0.00000   0.00000   0.00000   0.00000
  4.0410   0.00000   0.00000   0.00000   0.00000   0.00000   0.00000   0.00000   0.00000   0.00000   0.00000
  4.0480   0.00000   0.00000   0.00000   0.00000   0.00000   0.00000   0.00000   0.00000   0.00000   0.00000
  4.0550   0.00000   0.00000   0.00000   0.00000   0.00000   0.00000   0.00000   0.00000   0.00000   0.00000
  4.0620   0.00000   0.00000   0.00000   0.00000   0.00000   0.00000   0.00000   0.00000   0.00000   0.00000
  4.0690   0.00000   0.00000   0.00000   0.00000   0.00000   0.00000   0.00000   0.00000   0.00000   0.00000
  4.0760   0.00000   0.00000   0.00000   0.00000   0.00000   0.00000   0.00000   0.00000   0.00000   0.00000
  4.0830   0.00000   0.00000   0.00000   0.00000   0.00000   0.00000   0.00000   0.00000   0.00000   0.00000
  4.0900   0.00000   0.00000   0.00000   0.00000   0.00000   0.00000   0.00000   0.00000   0.00000   0.00000
  4.0970   0.00000   0.00000   0.00000   0.00000   0.00000   0.00000   0.00000   0.00000   0.00000   0.00000
  4.1041   0.00000   0.00000   0.00000   0.00000   0.00000   0.00000   0.00000   0.00000   0.00000   0.00000
  4.1111   0.00000   0.00000   0.00000   0.00000   0.00000   0.00000   0.00000   0.00000   0.00000   0.00000
  4.1181   0.00000   0.00000   0.00000   0.00000   0.00000   0.00000   0.00000   0.00000   0.00000   0.00000
  4.1251   0.00000   0.00001   0.00001   0.00001   0.00001   0.00001   0.00001   0.00001   0.00001   0.00001
  4.1321   0.00001   0.00001   0.00001   0.00001   0.00001   0.00001   0.00001   0.00001   0.00001   0.00001
  4.1391   0.00001   0.00001   0.00001   0.00001   0.00001   0.00001   0.00001   0.00001   0.00001   0.00001
  4.1461   0.00001   0.00002   0.00002   0.00002   0.00002   0.00002   0.00002   0.00002   0.00002   0.00002
  4.1531   0.00002   0.00002   0.00002   0.00002   0.00002   0.00003   0.00003   0.00003   0.00003   0.00003
  4.1601   0.00003   0.00003   0.00003   0.00003   0.00003   0.00004   0.00004   0.00004   0.00004   0.00004
  4.1671   0.00004   0.00005   0.00005   0.00005   0.00005   0.00005   0.00005   0.00005   0.00006   0.00006
  4.1741   0.00005   0.00007   0.00007   0.00007   0.00007   0.00007   0.00007   0.00008   0.00008   0.00008
  4.1811   0.00007   0.00009   0.00009   0.00009   0.00009   0.00010   0.00010   0.00011   0.00011   0.00011
  4.1881   0.00010   0.00013   0.00013   0.00013   0.00013   0.00014   0.00014   0.00015   0.00015   0.00016
  4.1951   0.00014   0.00018   0.00017   0.00017   0.00018   0.00019   0.00019   0.00020   0.00021   0.00022
  4.2021   0.00019   0.00024   0.00024   0.00024   0.00024   0.00025   0.00026   0.00028   0.00029   0.00029
  4.2091   0.00026   0.00033   0.00032   0.00032   0.00033   0.00034   0.00036   0.00037   0.00039   0.00040
  4.2161   0.00035   0.00044   0.00043   0.00043   0.00044   0.00046   0.00048   0.00050   0.00052   0.00053
  4.2231   0.00047   0.00059   0.00057   0.00057   0.00059   0.00062   0.00064   0.00067   0.00069   0.00071
  4.2301   0.00062   0.00078   0.00076   0.00076   0.00078   0.00082   0.00085   0.00089   0.00092   0.00094
  4.2371   0.00082   0.00102   0.00100   0.00100   0.00103   0.00108   0.00113   0.00117   0.00121   0.00125
  4.2441   0.00107   0.00134   0.00131   0.00131   0.00135   0.00141   0.00147   0.00153   0.00159   0.00163
  4.2511   0.00140   0.00175   0.00171   0.00171   0.00176   0.00184   0.00192   0.00199   0.00206   0.00212
  4.2581   0.00181   0.00226   0.00221   0.00221   0.00227   0.00237   0.00248   0.00258   0.00266   0.00274
  4.2651   0.00233   0.00290   0.00284   0.00283   0.00292   0.00304   0.00318   0.00331   0.00342   0.00351
  4.2721   0.00298   0.00370   0.00362   0.00361   0.00372   0.00388   0.00405   0.00421   0.00435   0.00447
  4.2791   0.00379   0.00469   0.00459   0.00458   0.00471   0.00492   0.00513   0.00534   0.00551   0.00566
  4.2861   0.00478   0.00590   0.00577   0.00576   0.00593   0.00618   0.00645   0.00671   0.00693   0.00712
  4.2931   0.00599   0.00738   0.00722   0.00720   0.00741   0.00773   0.00806   0.00838   0.00866   0.00890
  4.3002   0.00746   0.00917   0.00897   0.00894   0.00920   0.00960   0.01001   0.01041   0.01075   0.01104
  4.3072   0.00923   0.01133   0.01107   0.01103   0.01135   0.01184   0.01235   0.01283   0.01326   0.01361
  4.3142   0.01135   0.01389   0.01357   0.01352   0.01391   0.01451   0.01513   0.01572   0.01624   0.01667
  4.3212   0.01386   0.01692   0.01652   0.01647   0.01694   0.01766   0.01841   0.01913   0.01976   0.02028
  4.3282   0.01683   0.02048   0.02000   0.01992   0.02049   0.02135   0.02226   0.02313   0.02388   0.02451
  4.3352   0.02029   0.02463   0.02404   0.02394   0.02462   0.02566   0.02674   0.02778   0.02868   0.02943
  4.3422   0.02432   0.02943   0.02871   0.02859   0.02939   0.03062   0.03191   0.03315   0.03421   0.03511
  4.3492   0.02895   0.03493   0.03407   0.03392   0.03486   0.03631   0.03784   0.03929   0.04055   0.04160
  4.3562   0.03426   0.04120   0.04017   0.03998   0.04108   0.04278   0.04457   0.04627   0.04774   0.04898
  4.3632   0.04028   0.04827   0.04705   0.04682   0.04809   0.05007   0.05215   0.05414   0.05585   0.05729
  4.3702   0.04705   0.05620   0.05476   0.05447   0.05594   0.05823   0.06064   0.06293   0.06491   0.06657
  4.3772   0.05462   0.06501   0.06332   0.06297   0.06465   0.06728   0.07004   0.07268   0.07495   0.07685
  4.3842   0.06301   0.07472   0.07275   0.07232   0.07423   0.07723   0.08039   0.08340   0.08599   0.08814
  4.3912   0.07224   0.08533   0.08304   0.08253   0.08468   0.08809   0.09166   0.09508   0.09801   0.10045
  4.3982   0.08229   0.09683   0.09419   0.09358   0.09599   0.09982   0.10385   0.10769   0.11099   0.11373
  4.4052   0.09316   0.10918   0.10616   0.10543   0.10811   0.11240   0.11690   0.12120   0.12488   0.12793
  4.4122   0.10481   0.12232   0.11888   0.11803   0.12099   0.12574   0.13075   0.13552   0.13961   0.14299
  4.4192   0.11718   0.13618   0.13229   0.13128   0.13453   0.13978   0.14531   0.15057   0.15508   0.15879
  4.4262   0.13021   0.15065   0.14627   0.14511   0.14865   0.15440   0.16046   0.16622   0.17115   0.17521
  4.4332   0.14378   0.16560   0.16071   0.15937   0.16320   0.16946   0.17606   0.18233   0.18769   0.19210
  4.4402   0.15779   0.18090   0.17546   0.17393   0.17804   0.18481   0.19195   0.19874   0.20452   0.20927
  4.4472   0.17210   0.19637   0.19036   0.18863   0.19301   0.20028   0.20795   0.21524   0.22145   0.22653
  4.4542   0.18655   0.21183   0.20524   0.20328   0.20792   0.21567   0.22386   0.23164   0.23825   0.24365
  4.4612   0.20097   0.22708   0.21989   0.21769   0.22258   0.23079   0.23947   0.24772   0.25472   0.26041
  4.4682   0.21519   0.24191   0.23412   0.23168   0.23677   0.24542   0.25457   0.26324   0.27060   0.27657
  4.4752   0.22900   0.25611   0.24771   0.24502   0.25030   0.25934   0.26891   0.27798   0.28566   0.29188
  4.4822   0.24220   0.26946   0.26047   0.25751   0.26295   0.27233   0.28229   0.29171   0.29968   0.30610
  4.4892   0.25461   0.28175   0.27219   0.26896   0.27452   0.28420   0.29448   0.30421   0.31241   0.31900
  4.4962   0.26601   0.29279   0.28267   0.27919   0.28482   0.29474   0.30529   0.31526   0.32365   0.33037
  4.5033   0.27624   0.30239   0.29175   0.28800   0.29367   0.30378   0.31452   0.32468   0.33321   0.34001
  4.5103   0.28512   0.31038   0.29926   0.29526   0.30093   0.31115   0.32203   0.33230   0.34091   0.34775
  4.5173   0.29249   0.31662   0.30507   0.30085   0.30647   0.31674   0.32768   0.33800   0.34663   0.35346
  4.5243   0.29824   0.32101   0.30909   0.30465   0.31019   0.32043   0.33137   0.34167   0.35027   0.35704
  4.5313   0.30224   0.32347   0.31125   0.30660   0.31202   0.32218   0.33303   0.34325   0.35175   0.35842
  4.5383   0.30445   0.32396   0.31150   0.30668   0.31194   0.32194   0.33265   0.34271   0.35107   0.35759
  4.5453   0.30480   0.32247   0.30985   0.30489   0.30995   0.31974   0.33022   0.34008   0.34823   0.35456
  4.5523   0.30331   0.31903   0.30632   0.30125   0.30609   0.31560   0.32581   0.33539   0.34330   0.34940
  4.5593   0.29999   0.31371   0.30099   0.29584   0.30043   0.30962   0.31949   0.32874   0.33636   0.34220
  4.5663   0.29490   0.30660   0.29396   0.28876   0.29308   0.30189   0.31137   0.32026   0.32754   0.33310
  4.5733   0.28814   0.29782   0.28534   0.28013   0.28416   0.29256   0.30161   0.31008   0.31701   0.32225
  4.5803   0.27982   0.28755   0.27529   0.27011   0.27385   0.28180   0.29038   0.29840   0.30494   0.30985
  4.5873   0.27008   0.27594   0.26398   0.25886   0.26230   0.26978   0.27787   0.28541   0.29154   0.29612
  4.5943   0.25910   0.26319   0.25160   0.24657   0.24971   0.25670   0.26427   0.27133   0.27704   0.28127
  4.6013   0.24704   0.24951   0.23835   0.23345   0.23628   0.24278   0.24982   0.25637   0.26166   0.26554
  4.6083   0.23411   0.23511   0.22442   0.21968   0.22222   0.22821   0.23472   0.24077   0.24563   0.24916
  4.6153   0.22049   0.22019   0.21003   0.20547   0.20773   0.21322   0.21920   0.22475   0.22918   0.23238
  4.6223   0.20640   0.20497   0.19536   0.19101   0.19301   0.19800   0.20346   0.20851   0.21253   0.21541
  4.6293   0.19202   0.18964   0.18062   0.17649   0.17824   0.18276   0.18771   0.19228   0.19591   0.19847
  4.6363   0.17755   0.17439   0.16598   0.16209   0.16361   0.16767   0.17213   0.17624   0.17949   0.18176
  4.6433   0.16315   0.15940   0.15160   0.14797   0.14927   0.15290   0.15689   0.16057   0.16345   0.16545
  4.6503   0.14901   0.14481   0.13763   0.13426   0.13536   0.13859   0.14214   0.14540   0.14795   0.14969
  4.6573   0.13525   0.13077   0.12420   0.12108   0.12201   0.12486   0.12800   0.13088   0.13312   0.13463
  4.6643   0.12201   0.11737   0.11140   0.10855   0.10932   0.11181   0.11457   0.11710   0.11905   0.12035
  4.6713   0.10939   0.10472   0.09932   0.09673   0.09737   0.09954   0.10195   0.10415   0.10585   0.10696
  4.6783   0.09748   0.09287   0.08804   0.08569   0.08621   0.08809   0.09019   0.09210   0.09355   0.09449
  4.6853   0.08634   0.08188   0.07758   0.07547   0.07590   0.07752   0.07932   0.08097   0.08221   0.08301
  4.6923   0.07602   0.07178   0.06797   0.06610   0.06644   0.06783   0.06938   0.07079   0.07185   0.07251
  4.6993   0.06655   0.06258   0.05923   0.05758   0.05785   0.05903   0.06035   0.06155   0.06245   0.06301
  4.7064   0.05793   0.05428   0.05136   0.04990   0.05012   0.05112   0.05225   0.05326   0.05402   0.05448
  4.7134   0.05017   0.04685   0.04432   0.04306   0.04323   0.04407   0.04503   0.04589   0.04653   0.04691
  4.7204   0.04324   0.04028   0.03811   0.03701   0.03715   0.03786   0.03867   0.03940   0.03993   0.04024
  4.7274   0.03711   0.03452   0.03267   0.03174   0.03185   0.03245   0.03313   0.03375   0.03419   0.03445
  4.7344   0.03176   0.02954   0.02798   0.02719   0.02729   0.02780   0.02837   0.02889   0.02927   0.02949
  4.7414   0.02715   0.02529   0.02399   0.02333   0.02342   0.02385   0.02434   0.02478   0.02510   0.02529
  4.7484   0.02322   0.02173   0.02066   0.02011   0.02020   0.02057   0.02100   0.02137   0.02165   0.02181
  4.7554   0.01993   0.01880   0.01793   0.01750   0.01758   0.01791   0.01829   0.01862   0.01886   0.01901
  4.7624   0.01724   0.01646   0.01578   0.01544   0.01553   0.01583   0.01617   0.01646   0.01668   0.01682
  4.7694   0.01511   0.01467   0.01415   0.01390   0.01400   0.01429   0.01460   0.01487   0.01508   0.01521
  4.7764   0.01348   0.01339   0.01302   0.01284   0.01296   0.01324   0.01354   0.01380   0.01400   0.01414
  4.7834   0.01231   0.01257   0.01233   0.01223   0.01238   0.01266   0.01295   0.01321   0.01342   0.01357
  4.7904   0.01158   0.01219   0.01208   0.01203   0.01222   0.01251   0.01281   0.01308   0.01330   0.01346
  4.7974   0.01124   0.01222   0.01221   0.01223   0.01245   0.01276   0.01309   0.01337   0.01361   0.01380
  4.8044   0.01126   0.01262   0.01272   0.01280   0.01306   0.01340   0.01375   0.01407   0.01433   0.01454
  4.8114   0.01162   0.01337   0.01358   0.01372   0.01402   0.01440   0.01479   0.01514   0.01543   0.01567
  4.8184   0.01228   0.01445   0.01476   0.01496   0.01531   0.01574   0.01617   0.01656   0.01689   0.01717
  4.8254   0.01323   0.01584   0.01625   0.01650   0.01691   0.01740   0.01789   0.01832   0.01870   0.01901
  4.8324   0.01444   0.01751   0.01802   0.01833   0.01880   0.01935   0.01990   0.02039   0.02082   0.02118
  4.8394   0.01588   0.01945   0.02006   0.02043   0.02096   0.02158   0.02220   0.02276   0.02324   0.02364
  4.8464   0.01753   0.02162   0.02233   0.02276   0.02337   0.02407   0.02476   0.02538   0.02592   0.02638
  4.8534   0.01937   0.02400   0.02482   0.02531   0.02600   0.02678   0.02756   0.02825   0.02885   0.02937
  4.8604   0.02137   0.02657   0.02749   0.02805   0.02882   0.02968   0.03055   0.03132   0.03199   0.03257
  4.8674   0.02350   0.02928   0.03032   0.03094   0.03179   0.03275   0.03371   0.03456   0.03531   0.03594
  4.8744   0.02573   0.03211   0.03326   0.03396   0.03489   0.03594   0.03700   0.03793   0.03875   0.03945
  4.8814   0.02803   0.03502   0.03629   0.03704   0.03806   0.03922   0.04037   0.04139   0.04228   0.04305
  4.8884   0.03036   0.03796   0.03934   0.04017   0.04128   0.04252   0.04377   0.04488   0.04585   0.04669
  4.8954   0.03269   0.04090   0.04239   0.04328   0.04447   0.04582   0.04717   0.04836   0.04941   0.05031
  4.9025   0.03498   0.04378   0.04537   0.04633   0.04761   0.04905   0.05049   0.05178   0.05290   0.05386
  4.9095   0.03719   0.04655   0.04825   0.04927   0.05063   0.05217   0.05370   0.05506   0.05625   0.05728
  4.9165   0.03928   0.04917   0.05097   0.05205   0.05349   0.05511   0.05673   0.05817   0.05943   0.06051
  4.9235   0.04121   0.05159   0.05348   0.05461   0.05612   0.05782   0.05952   0.06104   0.06236   0.06349
  4.9305   0.04295   0.05377   0.05574   0.05692   0.05850   0.06027   0.06204   0.06362   0.06499   0.06618
  4.9375   0.04445   0.05566   0.05770   0.05892   0.06056   0.06239   0.06423   0.06586   0.06728   0.06851
  4.9445   0.04571   0.05723   0.05933   0.06059   0.06226   0.06415   0.06604   0.06771   0.06918   0.07044
  4.9515   0.04668   0.05845   0.06059   0.06188   0.06359   0.06552   0.06744   0.06915   0.07065   0.07194
  4.9585   0.04735   0.05929   0.06146   0.06276   0.06450   0.06645   0.06841   0.07015   0.07167   0.07297
  4.9655   0.04770   0.05973   0.06192   0.06323   0.06498   0.06695   0.06892   0.07067   0.07220   0.07351
  4.9725   0.04773   0.05977   0.06196   0.06327   0.06502   0.06699   0.06896   0.07071   0.07225   0.07356
  4.9795   0.04743   0.05940   0.06158   0.06288   0.06462   0.06658   0.06854   0.07028   0.07180   0.07311
  4.9865   0.04682   0.05863   0.06078   0.06207   0.06379   0.06572   0.06765   0.06937   0.07088   0.07216
  4.9935   0.04590   0.05748   0.05959   0.06085   0.06254   0.06443   0.06633   0.06801   0.06949   0.07075
  5.0005   0.04470   0.05597   0.05802   0.05926   0.06090   0.06274   0.06459   0.06623   0.06766   0.06889
  5.0075   0.04323   0.05413   0.05612   0.05731   0.05889   0.06068   0.06246   0.06405   0.06544   0.06663
  5.0145   0.04152   0.05200   0.05390   0.05505   0.05657   0.05829   0.06000   0.06152   0.06286   0.06400
  5.0215   0.03962   0.04961   0.05143   0.05252   0.05397   0.05561   0.05724   0.05870   0.05997   0.06106
  5.0285   0.03754   0.04701   0.04873   0.04976   0.05114   0.05269   0.05424   0.05562   0.05682   0.05786
  5.0355   0.03533   0.04424   0.04586   0.04683   0.04813   0.04959   0.05105   0.05234   0.05348   0.05445
  5.0425   0.03302   0.04135   0.04287   0.04378   0.04499   0.04635   0.04772   0.04893   0.04999   0.05090
  5.0495   0.03066   0.03839   0.03980   0.04064   0.04177   0.04303   0.04430   0.04543   0.04641   0.04725
  5.0565   0.02827   0.03540   0.03670   0.03748   0.03851   0.03968   0.04085   0.04189   0.04279   0.04357
  5.0635   0.02589   0.03242   0.03361   0.03432   0.03527   0.03634   0.03741   0.03836   0.03919   0.03991
  5.0705   0.02355   0.02949   0.03057   0.03122   0.03209   0.03306   0.03403   0.03489   0.03565   0.03630
  5.0775   0.02128   0.02664   0.02762   0.02821   0.02899   0.02987   0.03074   0.03152   0.03221   0.03279
  5.0845   0.01909   0.02391   0.02478   0.02531   0.02601   0.02680   0.02759   0.02829   0.02890   0.02943
  5.0915   0.01701   0.02131   0.02209   0.02256   0.02318   0.02388   0.02459   0.02521   0.02576   0.02622
  5.0985   0.01506   0.01886   0.01955   0.01997   0.02052   0.02114   0.02176   0.02232   0.02280   0.02321
  5.1056   0.01324   0.01658   0.01719   0.01755   0.01804   0.01859   0.01913   0.01962   0.02004   0.02041
  5.1126   0.01156   0.01448   0.01501   0.01533   0.01575   0.01623   0.01671   0.01713   0.01750   0.01782
  5.1196   0.01003   0.01256   0.01302   0.01329   0.01366   0.01407   0.01449   0.01486   0.01518   0.01545
  5.1266   0.00864   0.01082   0.01121   0.01145   0.01177   0.01212   0.01248   0.01280   0.01307   0.01331
  5.1336   0.00739   0.00925   0.00959   0.00980   0.01007   0.01037   0.01068   0.01095   0.01119   0.01139
  5.1406   0.00628   0.00786   0.00815   0.00832   0.00855   0.00881   0.00907   0.00930   0.00950   0.00968
  5.1476   0.00530   0.00664   0.00688   0.00703   0.00722   0.00744   0.00766   0.00785   0.00802   0.00817
  5.1546   0.00444   0.00556   0.00577   0.00589   0.00605   0.00624   0.00642   0.00658   0.00672   0.00685
  5.1616   0.00370   0.00463   0.00480   0.00490   0.00504   0.00519   0.00534   0.00548   0.00560   0.00570
  5.1686   0.00306   0.00383   0.00397   0.00406   0.00417   0.00429   0.00442   0.00453   0.00463   0.00472
  5.1756   0.00252   0.00315   0.00326   0.00333   0.00343   0.00353   0.00363   0.00372   0.00381   0.00387
  5.1826   0.00206   0.00257   0.00266   0.00272   0.00280   0.00288   0.00297   0.00304   0.00311   0.00316
  5.1896   0.00167   0.00209   0.00216   0.00221   0.00227   0.00234   0.00241   0.00247   0.00252   0.00257
  5.1966   0.00135   0.00168   0.00175   0.00178   0.00183   0.00189   0.00194   0.00199   0.00203   0.00207
  5.2036   0.00109   0.00135   0.00140   0.00143   0.00147   0.00152   0.00156   0.00160   0.00163   0.00166
  5.2106   0.00088   0.00109   0.00113   0.00115   0.00118   0.00122   0.00125   0.00128   0.00131   0.00133
  5.2176   0.00072   0.00087   0.00091   0.00093   0.00095   0.00098   0.00100   0.00103   0.00105   0.00107
  5.2246   0.00059   0.00071   0.00073   0.00075   0.00077   0.00079   0.00081   0.00083   0.00085   0.00086
  5.2316   0.00051   0.00059   0.00061   0.00062   0.00064   0.00065   0.00067   0.00068   0.00069   0.00071
  5.2386   0.00045   0.00050   0.00052   0.00053   0.00054   0.00055   0.00057   0.00058   0.00059   0.00059
  5.2456   0.00043   0.00045   0.00047   0.00048   0.00049   0.00050   0.00051   0.00051   0.00052   0.00053
  5.2526   0.00045   0.00044   0.00045   0.00046   0.00047   0.00048   0.00048   0.00049   0.00049   0.00050
  5.2596   0.00051   0.00046   0.00048   0.00049   0.00049   0.00050   0.00050   0.00051   0.00051   0.00051
  5.2666   0.00061   0.00053   0.00054   0.00055   0.00056   0.00056   0.00056   0.00056   0.00056   0.00056
  5.2736   0.00077   0.00063   0.00065   0.00067   0.00067   0.00067   0.00067   0.00067   0.00067   0.00067
  5.2806   0.00099   0.00080   0.00082   0.00084   0.00084   0.00084   0.00084   0.00084   0.00083   0.00083
  5.2876   0.00129   0.00102   0.00105   0.00107   0.00108   0.00108   0.00108   0.00107   0.00106   0.00105
  5.2946   0.00168   0.00133   0.00137   0.00140   0.00140   0.00140   0.00139   0.00138   0.00137   0.00136
  5.3017   0.00221   0.00174   0.00178   0.00182   0.00183   0.00183   0.00182   0.00180   0.00179   0.00177
  5.3087   0.00289   0.00226   0.00232   0.00237   0.00238   0.00238   0.00237   0.00235   0.00233   0.00231
  5.3157   0.00375   0.00294   0.00302   0.00308   0.00310   0.00309   0.00307   0.00305   0.00302   0.00299
  5.3227   0.00485   0.00380   0.00390   0.00398   0.00400   0.00399   0.00397   0.00394   0.00390   0.00387
  5.3297   0.00624   0.00488   0.00501   0.00511   0.00514   0.00513   0.00510   0.00505   0.00501   0.00496
  5.3367   0.00797   0.00623   0.00639   0.00653   0.00656   0.00655   0.00651   0.00645   0.00640   0.00634
  5.3437   0.01011   0.00790   0.00811   0.00828   0.00832   0.00830   0.00825   0.00818   0.00812   0.00804
  5.3507   0.01274   0.00995   0.01021   0.01043   0.01049   0.01046   0.01040   0.01031   0.01023   0.01013
  5.3577   0.01594   0.01246   0.01278   0.01306   0.01312   0.01310   0.01301   0.01291   0.01280   0.01267
  5.3647   0.01982   0.01549   0.01589   0.01623   0.01631   0.01628   0.01618   0.01604   0.01591   0.01576
  5.3717   0.02447   0.01912   0.01962   0.02004   0.02014   0.02010   0.01998   0.01981   0.01964   0.01945
  5.3787   0.03001   0.02345   0.02406   0.02458   0.02470   0.02465   0.02450   0.02429   0.02409   0.02386
  5.3857   0.03655   0.02856   0.02931   0.02993   0.03009   0.03003   0.02984   0.02959   0.02934   0.02906
  5.3927   0.04422   0.03455   0.03546   0.03621   0.03640   0.03633   0.03610   0.03580   0.03550   0.03516
  5.3997   0.05313   0.04152   0.04261   0.04352   0.04374   0.04365   0.04338   0.04302   0.04265   0.04224
  5.4067   0.06341   0.04955   0.05085   0.05193   0.05220   0.05209   0.05177   0.05134   0.05090   0.05042
  5.4137   0.07516   0.05873   0.06027   0.06156   0.06188   0.06175   0.06136   0.06085   0.06034   0.05976
  5.4207   0.08849   0.06914   0.07096   0.07247   0.07285   0.07270   0.07224   0.07164   0.07103   0.07035
  5.4277   0.10347   0.08085   0.08297   0.08474   0.08518   0.08500   0.08447   0.08376   0.08306   0.08226
  5.4347   0.12016   0.09389   0.09636   0.09841   0.09892   0.09872   0.09810   0.09728   0.09646   0.09553
  5.4417   0.13860   0.10830   0.11114   0.11351   0.11410   0.11386   0.11315   0.11221   0.11126   0.11020
  5.4487   0.15879   0.12407   0.12733   0.13004   0.13072   0.13045   0.12963   0.12855   0.12746   0.12624
  5.4557   0.18068   0.14118   0.14488   0.14797   0.14874   0.14843   0.14750   0.14627   0.14503   0.14365
  5.4627   0.20419   0.15955   0.16373   0.16722   0.16809   0.16774   0.16670   0.16530   0.16391   0.16234
  5.4697   0.22919   0.17908   0.18378   0.18770   0.18867   0.18828   0.18711   0.18554   0.18398   0.18222
  5.4767   0.25551   0.19965   0.20489   0.20925   0.21034   0.20990   0.20859   0.20685   0.20510   0.20314
  5.4837   0.28291   0.22106   0.22686   0.23169   0.23290   0.23242   0.23097   0.22904   0.22710   0.22493
  5.4907   0.31113   0.24311   0.24949   0.25480   0.25613   0.25560   0.25401   0.25188   0.24976   0.24737
  5.4977   0.33984   0.26555   0.27251   0.27832   0.27977   0.27919   0.27745   0.27513   0.27280   0.27019
  5.5048   0.36868   0.28808   0.29564   0.30194   0.30351   0.30288   0.30099   0.29847   0.29595   0.29312
  5.5118   0.39726   0.31041   0.31855   0.32534   0.32703   0.32635   0.32432   0.32160   0.31889   0.31584
  5.5188   0.42514   0.33220   0.34091   0.34817   0.34999   0.34926   0.34708   0.34418   0.34127   0.33800
  5.5258   0.45189   0.35310   0.36236   0.37008   0.37201   0.37123   0.36892   0.36583   0.36274   0.35927
  5.5328   0.47706   0.37276   0.38254   0.39069   0.39273   0.39191   0.38947   0.38621   0.38295   0.37928
  5.5398   0.50021   0.39086   0.40111   0.40965   0.41179   0.41093   0.40837   0.40495   0.40153   0.39769
  5.5468   0.52093   0.40704   0.41772   0.42662   0.42884   0.42795   0.42528   0.42172   0.41816   0.41416
  5.5538   0.53882   0.42102   0.43207   0.44127   0.44357   0.44265   0.43989   0.43621   0.43253   0.42838
  5.5608   0.55354   0.43253   0.44387   0.45332   0.45569   0.45474   0.45191   0.44812   0.44434   0.44009
  5.5678   0.56480   0.44133   0.45290   0.46255   0.46496   0.46400   0.46110   0.45724   0.45338   0.44904
  5.5748   0.57238   0.44725   0.45898   0.46876   0.47120   0.47022   0.46729   0.46338   0.45947   0.45507
  5.5818   0.57612   0.45017   0.46198   0.47182   0.47428   0.47330   0.47035   0.46641   0.46247   0.45805
  5.5888   0.57595   0.45004   0.46185   0.47168   0.47414   0.47316   0.47021   0.46627   0.46234   0.45791
  5.5958   0.57188   0.44685   0.45858   0.46834   0.47078   0.46981   0.46688   0.46297   0.45906   0.45467
  5.6028   0.56397   0.44068   0.45224   0.46187   0.46428   0.46331   0.46042   0.45657   0.45272   0.44838
  5.6098   0.55240   0.43164   0.44296   0.45239   0.45475   0.45381   0.45098   0.44720   0.44343   0.43918
  5.6168   0.53739   0.41991   0.43092   0.44010   0.44240   0.44148   0.43873   0.43505   0.43138   0.42725
  5.6238   0.51924   0.40573   0.41637   0.42524   0.42746   0.42657   0.42391   0.42036   0.41681   0.41282
  5.6308   0.49830   0.38936   0.39958   0.40809   0.41022   0.40936   0.40681   0.40341   0.40000   0.39617
  5.6378   0.47496   0.37112   0.38086   0.38897   0.39100   0.39019   0.38775   0.38451   0.38126   0.37761
  5.6448   0.44963   0.35134   0.36055   0.36823   0.37015   0.36938   0.36708   0.36401   0.36093   0.35748
  5.6518   0.42277   0.33034   0.33901   0.34623   0.34804   0.34731   0.34515   0.34226   0.33937   0.33612
  5.6588   0.39481   0.30850   0.31659   0.32333   0.32502   0.32435   0.32232   0.31963   0.31693   0.31389
  5.6658   0.36620   0.28614   0.29365   0.29990   0.30147   0.30084   0.29896   0.29646   0.29396   0.29115
  5.6728   0.33735   0.26360   0.27052   0.27628   0.27772   0.27714   0.27542   0.27311   0.27081   0.26821
  5.6798   0.30867   0.24119   0.24752   0.25279   0.25411   0.25358   0.25200   0.24989   0.24778   0.24541
  5.6868   0.28051   0.21919   0.22494   0.22973   0.23092   0.23045   0.22901   0.22709   0.22518   0.22302
  5.6938   0.25319   0.19784   0.20303   0.20735   0.20843   0.20800   0.20670   0.20497   0.20324   0.20130
  5.7009   0.22698   0.17735   0.18201   0.18588   0.18685   0.18646   0.18530   0.18375   0.18220   0.18046
  5.7079   0.20209   0.15791   0.16206   0.16551   0.16637   0.16602   0.16499   0.16361   0.16223   0.16067
  5.7149   0.17872   0.13965   0.14331   0.14636   0.14713   0.14682   0.14591   0.14469   0.14346   0.14209
  5.7219   0.15698   0.12266   0.12588   0.12856   0.12923   0.12896   0.12815   0.12708   0.12601   0.12480
  5.7289   0.13694   0.10700   0.10981   0.11215   0.11273   0.11250   0.11180   0.11086   0.10993   0.10887
  5.7359   0.11865   0.09271   0.09514   0.09717   0.09768   0.09748   0.09687   0.09606   0.09525   0.09433
  5.7429   0.10211   0.07979   0.08188   0.08362   0.08406   0.08388   0.08336   0.08266   0.08197   0.08118
  5.7499   0.08727   0.06819   0.06998   0.07147   0.07185   0.07170   0.07125   0.07065   0.07006   0.06939
  5.7569   0.07409   0.05789   0.05941   0.06068   0.06099   0.06087   0.06049   0.05998   0.05947   0.05890
  5.7639   0.06247   0.04881   0.05009   0.05116   0.05143   0.05132   0.05100   0.05057   0.05015   0.04967
  5.7709   0.05231   0.04088   0.04195   0.04284   0.04307   0.04298   0.04271   0.04235   0.04199   0.04159
  5.7779   0.04351   0.03400   0.03489   0.03563   0.03582   0.03575   0.03552   0.03522   0.03493   0.03459
  5.7849   0.03594   0.02809   0.02882   0.02944   0.02959   0.02953   0.02934   0.02910   0.02885   0.02858
  5.7919   0.02949   0.02304   0.02365   0.02415   0.02428   0.02423   0.02408   0.02388   0.02367   0.02345
  5.7989   0.02403   0.01878   0.01927   0.01968   0.01979   0.01974   0.01962   0.01946   0.01929   0.01911
  5.8059   0.01945   0.01520   0.01560   0.01593   0.01601   0.01598   0.01588   0.01575   0.01562   0.01547
  5.8129   0.01564   0.01222   0.01254   0.01281   0.01287   0.01285   0.01277   0.01266   0.01255   0.01243
  5.8199   0.01249   0.00976   0.01001   0.01023   0.01028   0.01026   0.01019   0.01011   0.01002   0.00993
  5.8269   0.00990   0.00774   0.00794   0.00811   0.00815   0.00813   0.00808   0.00802   0.00795   0.00787
  5.8339   0.00780   0.00609   0.00625   0.00639   0.00642   0.00641   0.00637   0.00631   0.00626   0.00620
  5.8409   0.00610   0.00477   0.00489   0.00500   0.00502   0.00501   0.00498   0.00494   0.00490   0.00485
  5.8479   0.00474   0.00370   0.00380   0.00388   0.00390   0.00389   0.00387   0.00384   0.00381   0.00377
  5.8549   0.00366   0.00286   0.00293   0.00300   0.00301   0.00301   0.00299   0.00296   0.00294   0.00291
  5.8619   0.00280   0.00219   0.00225   0.00230   0.00231   0.00230   0.00229   0.00227   0.00225   0.00223
  5.8689   0.00213   0.00167   0.00171   0.00175   0.00176   0.00175   0.00174   0.00173   0.00171   0.00170
  5.8759   0.00161   0.00126   0.00129   0.00132   0.00133   0.00133   0.00132   0.00131   0.00130   0.00128
  5.8829   0.00121   0.00095   0.00097   0.00099   0.00100   0.00100   0.00099   0.00098   0.00097   0.00096
  5.8899   0.00090   0.00071   0.00072   0.00074   0.00074   0.00074   0.00074   0.00073   0.00073   0.00072
  5.8969   0.00067   0.00052   0.00054   0.00055   0.00055   0.00055   0.00055   0.00054   0.00054   0.00053
  5.9040   0.00049   0.00039   0.00040   0.00040   0.00041   0.00040   0.00040   0.00040   0.00040   0.00039
  5.9110   0.00036   0.00028   0.00029   0.00029   0.00030   0.00030   0.00029   0.00029   0.00029   0.00029
  5.9180   0.00026   0.00020   0.00021   0.00021   0.00022   0.00021   0.00021   0.00021   0.00021   0.00021
  5.9250   0.00019   0.00015   0.00015   0.00015   0.00016   0.00016   0.00015   0.00015   0.00015   0.00015
  5.9320   0.00014   0.00011   0.00011   0.00011   0.00011   0.00011   0.00011   0.00011   0.00011   0.00011
  5.9390   0.00010   0.00008   0.00008   0.00008   0.00008   0.00008   0.00008   0.00008   0.00008   0.00008
  5.9460   0.00007   0.00006   0.00006   0.00006   0.00006   0.00006   0.00006   0.00006   0.00006   0.00006
  5.9530   0.00005   0.00004   0.00004   0.00004   0.00004   0.00004   0.00004   0.00004   0.00004   0.00004
  5.9600   0.00004   0.00003   0.00003   0.00003   0.00003   0.00003   0.00003   0.00003   0.00003   0.00003
  5.9670   0.00004   0.00003   0.00002   0.00002   0.00002   0.00002   0.00002   0.00002   0.00002   0.00002
  5.9740   0.00004   0.00002   0.00002   0.00002   0.00002   0.00002   0.00002   0.00002   0.00002   0.00002
  5.9810   0.00004   0.00002   0.00002   0.00002   0.00002   0.00002   0.00002   0.00002   0.00002   0.00002
  5.9880   0.00005   0.00003   0.00002   0.00002   0.00002   0.00002   0.00002   0.00002   0.00002   0.00002
  5.9950   0.00007   0.00004   0.00003   0.00002   0.00002   0.00002   0.00002   0.00002   0.00002   0.00002
  6.0020   0.00009   0.00005   0.00004   0.00003   0.00003   0.00003   0.00003   0.00003   0.00003   0.00003
  6.0090   0.00013   0.00007   0.00005   0.00004   0.00004   0.00004   0.00004   0.00004   0.00004   0.00004
  6.0160   0.00018   0.00009   0.00007   0.00005   0.00005   0.00005   0.00005   0.00005   0.00005   0.00005
  6.0230   0.00024   0.00013   0.00009   0.00008   0.00007   0.00007   0.00007   0.00007   0.00007   0.00007
  6.0300   0.00033   0.00018   0.00013   0.00010   0.00010   0.00009   0.00009   0.00009   0.00009   0.00009
  6.0370   0.00046   0.00024   0.00017   0.00014   0.00013   0.00013   0.00013   0.00013   0.00012   0.00012
  6.0440   0.00062   0.00033   0.00023   0.00019   0.00018   0.00017   0.00017   0.00017   0.00017   0.00017
  6.0510   0.00084   0.00045   0.00032   0.00026   0.00024   0.00023   0.00023   0.00023   0.00023   0.00023
  6.0580   0.00113   0.00060   0.00042   0.00035   0.00032   0.00031   0.00031   0.00031   0.00031   0.00030
  6.0650   0.00150   0.00080   0.00056   0.00046   0.00043   0.00042   0.00041   0.00041   0.00041   0.00040
  6.0720   0.00199   0.00106   0.00075   0.00061   0.00057   0.00056   0.00055   0.00054   0.00054   0.00053
  6.0790   0.00261   0.00139   0.00098   0.00081   0.00075   0.00073   0.00072   0.00071   0.00071   0.00070
  6.0860   0.00341   0.00181   0.00128   0.00106   0.00098   0.00095   0.00094   0.00093   0.00092   0.00092
  6.0930   0.00442   0.00235   0.00166   0.00137   0.00127   0.00124   0.00122   0.00121   0.00120   0.00119
  6.1001   0.00570   0.00303   0.00214   0.00177   0.00163   0.00159   0.00158   0.00156   0.00155   0.00153
  6.1071   0.00729   0.00388   0.00274   0.00226   0.00209   0.00204   0.00202   0.00200   0.00198   0.00196
  6.1141   0.00927   0.00493   0.00349   0.00287   0.00266   0.00259   0.00256   0.00254   0.00251   0.00249
  6.1211   0.01170   0.00623   0.00440   0.00362   0.00336   0.00327   0.00324   0.00320   0.00317   0.00315
  6.1281   0.01467   0.00781   0.00552   0.00454   0.00421   0.00410   0.00406   0.00402   0.00398   0.00394
  6.1351   0.01827   0.00972   0.00687   0.00566   0.00524   0.00511   0.00505   0.00500   0.00496   0.00491
  6.1421   0.02260   0.01203   0.00850   0.00700   0.00648   0.00632   0.00625   0.00619   0.00613   0.00608
  6.1491   0.02777   0.01477   0.01044   0.00860   0.00796   0.00776   0.00767   0.00760   0.00753   0.00746
  6.1561   0.03388   0.01802   0.01274   0.01049   0.00971   0.00947   0.00936   0.00927   0.00919   0.00911
  6.1631   0.04105   0.02184   0.01544   0.01271   0.01177   0.01148   0.01135   0.01124   0.01113   0.01103
  6.1701   0.04941   0.02629   0.01858   0.01530   0.01416   0.01382   0.01366   0.01353   0.01340   0.01328
  6.1771   0.05906   0.03143   0.02221   0.01829   0.01693   0.01652   0.01633   0.01617   0.01602   0.01588
  6.1841   0.07013   0.03731   0.02637   0.02172   0.02010   0.01961   0.01938   0.01920   0.01902   0.01885
  6.1911   0.08270   0.04400   0.03110   0.02561   0.02371   0.02313   0.02286   0.02264   0.02242   0.02223
  6.1981   0.09686   0.05153   0.03642   0.02999   0.02776   0.02709   0.02677   0.02652   0.02626   0.02603
  6.2051   0.11267   0.05995   0.04237   0.03489   0.03230   0.03151   0.03114   0.03085   0.03055   0.03028
  6.2121   0.13018   0.06926   0.04895   0.04031   0.03732   0.03641   0.03598   0.03564   0.03530   0.03499
  6.2191   0.14938   0.07948   0.05617   0.04626   0.04282   0.04178   0.04129   0.04090   0.04051   0.04015
  6.2261   0.17026   0.09059   0.06402   0.05272   0.04881   0.04761   0.04706   0.04661   0.04617   0.04576
  6.2331   0.19273   0.10255   0.07248   0.05968   0.05525   0.05390   0.05327   0.05277   0.05226   0.05180
  6.2401   0.21669   0.11530   0.08149   0.06710   0.06212   0.06060   0.05990   0.05933   0.05876   0.05824
  6.2471   0.24198   0.12875   0.09100   0.07493   0.06937   0.06767   0.06689   0.06625   0.06561   0.06504
  6.2541   0.26838   0.14280   0.10092   0.08311   0.07693   0.07506   0.07418   0.07348   0.07277   0.07214
  6.2611   0.29564   0.15730   0.11118   0.09155   0.08475   0.08268   0.08172   0.08094   0.08017   0.07946
  6.2681   0.32346   0.17210   0.12164   0.10016   0.09272   0.09046   0.08941   0.08856   0.08771   0.08694
  6.2751   0.35149   0.18702   0.13218   0.10884   0.10076   0.09830   0.09716   0.09623   0.09531   0.09448
  6.2821   0.37936   0.20185   0.14266   0.11748   0.10875   0.10609   0.10486   0.10386   0.10287   0.10197
  6.2891   0.40667   0.21637   0.15293   0.12593   0.11657   0.11373   0.11241   0.11134   0.11027   0.10930
  6.2961   0.43297   0.23037   0.16282   0.13408   0.12412   0.12108   0.11968   0.11854   0.11740   0.11638
  6.3032   0.45785   0.24361   0.17217   0.14178   0.13125   0.12804   0.12655   0.12535   0.12415   0.12306
  6.3102   0.48087   0.25585   0.18083   0.14891   0.13785   0.13448   0.13292   0.13165   0.13039   0.12925
  6.3172   0.50162   0.26689   0.18863   0.15533   0.14379   0.14028   0.13865   0.13733   0.13602   0.13483
  6.3242   0.51971   0.27652   0.19543   0.16093   0.14898   0.14534   0.14365   0.14229   0.14092   0.13969
  6.3312   0.53480   0.28455   0.20111   0.16561   0.15330   0.14956   0.14782   0.14642   0.14501   0.14374
  6.3382   0.54658   0.29082   0.20554   0.16926   0.15668   0.15286   0.15108   0.14965   0.14821   0.14691
  6.3452   0.55484   0.29521   0.20865   0.17181   0.15905   0.15517   0.15336   0.15191   0.15045   0.14913
  6.3522   0.55940   0.29764   0.21036   0.17323   0.16036   0.15644   0.15462   0.15315   0.15169   0.15036
  6.3592   0.56017   0.29805   0.21065   0.17346   0.16058   0.15666   0.15484   0.15336   0.15189   0.15056
  6.3662   0.55712   0.29643   0.20951   0.17252   0.15971   0.15581   0.15399   0.15253   0.15107   0.14975
  6.3732   0.55034   0.29282   0.20695   0.17042   0.15776   0.15391   0.15212   0.15067   0.14923   0.14792
  6.3802   0.53994   0.28729   0.20304   0.16720   0.15478   0.15100   0.14925   0.14783   0.14641   0.14513
  6.3872   0.52615   0.27995   0.19786   0.16293   0.15083   0.14714   0.14543   0.14405   0.14267   0.14142
  6.3942   0.50923   0.27094   0.19149   0.15769   0.14598   0.14241   0.14076   0.13942   0.13808   0.13687
  6.4012   0.48950   0.26045   0.18408   0.15158   0.14032   0.13690   0.13530   0.13402   0.13273   0.13157
  6.4082   0.46735   0.24866   0.17575   0.14472   0.13397   0.13070   0.12918   0.12795   0.12673   0.12562
  6.4152   0.44317   0.23580   0.16665   0.13724   0.12704   0.12394   0.12250   0.12134   0.12017   0.11912
  6.4222   0.41738   0.22208   0.15696   0.12925   0.11965   0.11673   0.11537   0.11428   0.11318   0.11219
  6.4292   0.39044   0.20774   0.14683   0.12091   0.11193   0.10920   0.10793   0.10690   0.10588   0.10495
  6.4362   0.36275   0.19301   0.13642   0.11234   0.10400   0.10146   0.10028   0.09933   0.09837   0.09751
  6.4432   0.33474   0.17811   0.12589   0.10367   0.09597   0.09363   0.09254   0.09166   0.09078   0.08999
  6.4502   0.30680   0.16325   0.11539   0.09503   0.08797   0.08582   0.08482   0.08402   0.08321   0.08249
  6.4572   0.27929   0.14862   0.10505   0.08651   0.08009   0.07814   0.07723   0.07650   0.07576   0.07510
  6.4642   0.25252   0.13439   0.09500   0.07824   0.07243   0.07067   0.06984   0.06918   0.06852   0.06792
  6.4712   0.22678   0.12070   0.08533   0.07029   0.06507   0.06349   0.06275   0.06215   0.06156   0.06102
  6.4782   0.20230   0.10769   0.07615   0.06273   0.05808   0.05666   0.05601   0.05548   0.05495   0.05447
  6.4852   0.17925   0.09545   0.06751   0.05562   0.05151   0.05025   0.04967   0.04920   0.04873   0.04831
  6.4922   0.15778   0.08406   0.05948   0.04902   0.04540   0.04429   0.04378   0.04337   0.04296   0.04259
  6.4992   0.13798   0.07356   0.05208   0.04295   0.03978   0.03882   0.03837   0.03801   0.03765   0.03733
  6.5063   0.11989   0.06399   0.04535   0.03742   0.03468   0.03384   0.03346   0.03315   0.03284   0.03256
  6.5133   0.10353   0.05536   0.03929   0.03247   0.03010   0.02938   0.02905   0.02878   0.02852   0.02828
  6.5203   0.08889   0.04767   0.03391   0.02807   0.02605   0.02544   0.02515   0.02493   0.02470   0.02449
  6.5273   0.07593   0.04089   0.02920   0.02424   0.02252   0.02200   0.02176   0.02157   0.02138   0.02121
  6.5343   0.06458   0.03501   0.02514   0.02096   0.01951   0.01908   0.01888   0.01872   0.01856   0.01842
  6.5413   0.05476   0.02999   0.02172   0.01822   0.01701   0.01665   0.01649   0.01636   0.01623   0.01612
  6.5483   0.04640   0.02581   0.01892   0.01602   0.01502   0.01473   0.01459   0.01449   0.01439   0.01430
  6.5553   0.03940   0.02242   0.01673   0.01435   0.01353   0.01329   0.01319   0.01311   0.01303   0.01297
  6.5623   0.03368   0.01980   0.01514   0.01320   0.01254   0.01235   0.01227   0.01222   0.01217   0.01212
  6.5693   0.02915   0.01792   0.01413   0.01258   0.01205   0.01191   0.01186   0.01183   0.01179   0.01177
  6.5763   0.02575   0.01676   0.01372   0.01250   0.01209   0.01199   0.01196   0.01195   0.01193   0.01193
  6.5833   0.02341   0.01633   0.01391   0.01297   0.01267   0.01260   0.01259   0.01260   0.01261   0.01263
  6.5903   0.02208   0.01662   0.01472   0.01403   0.01382   0.01379   0.01380   0.01383   0.01386   0.01389
  6.5973   0.02173   0.01765   0.01619   0.01572   0.01558   0.01558   0.01562   0.01567   0.01572   0.01578
  6.6043   0.02234   0.01944   0.01835   0.01807   0.01801   0.01804   0.01810   0.01818   0.01825   0.01833
  6.6113   0.02391   0.02203   0.02125   0.02115   0.02115   0.02122   0.02130   0.02141   0.02151   0.02162
  6.6183   0.02645   0.02547   0.02496   0.02502   0.02509   0.02520   0.02530   0.02544   0.02558   0.02571
  6.6253   0.02998   0.02982   0.02955   0.02976   0.02990   0.03005   0.03018   0.03035   0.03052   0.03069
  6.6323   0.03454   0.03514   0.03509   0.03546   0.03566   0.03585   0.03602   0.03623   0.03644   0.03665
  6.6393   0.04018   0.04152   0.04167   0.04219   0.04246   0.04270   0.04290   0.04316   0.04342   0.04367
  6.6463   0.04695   0.04903   0.04937   0.05006   0.05041   0.05070   0.05094   0.05125   0.05155   0.05186
  6.6533   0.05492   0.05775   0.05828   0.05914   0.05957   0.05992   0.06022   0.06059   0.06095   0.06131
  6.6603   0.06415   0.06777   0.06850   0.06955   0.07007   0.07048   0.07083   0.07127   0.07169   0.07211
  6.6673   0.07470   0.07916   0.08010   0.08135   0.08197   0.08246   0.08286   0.08337   0.08387   0.08436
  6.6743   0.08663   0.09199   0.09317   0.09463   0.09536   0.09593   0.09640   0.09700   0.09756   0.09814
  6.6813   0.10000   0.10633   0.10776   0.10946   0.11030   0.11097   0.11152   0.11220   0.11285   0.11351
  6.6883   0.11485   0.12224   0.12394   0.12589   0.12686   0.12763   0.12826   0.12904   0.12978   0.13054
  6.6953   0.13121   0.13973   0.14174   0.14397   0.14506   0.14594   0.14666   0.14755   0.14840   0.14926
  6.7024   0.14911   0.15884   0.16118   0.16369   0.16494   0.16594   0.16675   0.16776   0.16872   0.16968
  6.7094   0.16854   0.17955   0.18226   0.18508   0.18648   0.18760   0.18853   0.18966   0.19073   0.19181
  6.7164   0.18950   0.20185   0.20496   0.20809   0.20965   0.21092   0.21195   0.21322   0.21440   0.21561
  6.7234   0.21194   0.22568   0.22922   0.23269   0.23441   0.23582   0.23698   0.23839   0.23969   0.24103
  6.7304   0.23584   0.25099   0.25499   0.25878   0.26068   0.26224   0.26353   0.26508   0.26652   0.26799
  6.7374   0.26110   0.27767   0.28217   0.28629   0.28835   0.29008   0.29149   0.29320   0.29477   0.29638
  6.7444   0.28767   0.30562   0.31063   0.31507   0.31731   0.31920   0.32075   0.32261   0.32432   0.32606
  6.7514   0.31542   0.33470   0.34024   0.34500   0.34740   0.34945   0.35115   0.35317   0.35501   0.35690
  6.7584   0.34426   0.36476   0.37084   0.37589   0.37845   0.38067   0.38251   0.38469   0.38666   0.38869
  6.7654   0.37404   0.39562   0.40225   0.40756   0.41027   0.41266   0.41465   0.41699   0.41909   0.42126
  6.7724   0.40464   0.42709   0.43427   0.43981   0.44265   0.44521   0.44735   0.44985   0.45207   0.45439
  6.7794   0.43590   0.45900   0.46670   0.47243   0.47538   0.47810   0.48039   0.48305   0.48539   0.48784
  6.7864   0.46766   0.49111   0.49932   0.50519   0.50823   0.51110   0.51353   0.51635   0.51880   0.52139
  6.7934   0.49975   0.52321   0.53189   0.53784   0.54095   0.54397   0.54654   0.54950   0.55207   0.55478
  6.8004   0.53198   0.55509   0.56418   0.57015   0.57330   0.57645   0.57917   0.58227   0.58493   0.58776
  6.8074   0.56417   0.58650   0.59595   0.60188   0.60503   0.60830   0.61115   0.61438   0.61713   0.62007
  6.8144   0.59612   0.61722   0.62694   0.63276   0.63589   0.63926   0.64223   0.64559   0.64842   0.65146
  6.8214   0.62761   0.64700   0.65692   0.66255   0.66561   0.66908   0.67217   0.67564   0.67854   0.68167
  6.8284   0.65842   0.67561   0.68564   0.69099   0.69396   0.69750   0.70069   0.70427   0.70722   0.71044
  6.8354   0.68830   0.70280   0.71283   0.71785   0.72068   0.72427   0.72756   0.73123   0.73423   0.73752
  6.8424   0.71702   0.72834   0.73825   0.74286   0.74552   0.74914   0.75252   0.75628   0.75931   0.76266
  6.8494   0.74431   0.75197   0.76167   0.76579   0.76824   0.77188   0.77534   0.77916   0.78222   0.78562
  6.8564   0.76990   0.77347   0.78283   0.78640   0.78862   0.79225   0.79577   0.79965   0.80272   0.80617
  6.8634   0.79350   0.79260   0.80151   0.80448   0.80642   0.81003   0.81360   0.81753   0.82061   0.82409
  6.8704   0.81485   0.80914   0.81748   0.81980   0.82145   0.82501   0.82862   0.83259   0.83566   0.83917
  6.8774   0.83365   0.82289   0.83054   0.83217   0.83350   0.83700   0.84065   0.84464   0.84770   0.85123
  6.8844   0.84963   0.83364   0.84052   0.84142   0.84243   0.84584   0.84951   0.85352   0.85656   0.86011
  6.8914   0.86256   0.84124   0.84725   0.84740   0.84807   0.85140   0.85507   0.85908   0.86211   0.86566
  6.8984   0.87219   0.84555   0.85062   0.85001   0.85033   0.85355   0.85723   0.86124   0.86425   0.86780
  6.9055   0.87834   0.84648   0.85053   0.84917   0.84914   0.85225   0.85592   0.85992   0.86291   0.86645
  6.9125   0.88086   0.84399   0.84695   0.84485   0.84448   0.84747   0.85112   0.85512   0.85809   0.86162
  6.9195   0.87967   0.83805   0.83990   0.83706   0.83636   0.83923   0.84287   0.84685   0.84981   0.85333
  6.9265   0.87474   0.82874   0.82943   0.82589   0.82487   0.82763   0.83124   0.83521   0.83816   0.84167
  6.9335   0.86609   0.81617   0.81567   0.81145   0.81014   0.81278   0.81638   0.82035   0.82329   0.82680
  6.9405   0.85385   0.80051   0.79881   0.79395   0.79236   0.79489   0.79849   0.80245   0.80541   0.80892
  6.9475   0.83822   0.78200   0.77908   0.77361   0.77178   0.77422   0.77781   0.78179   0.78477   0.78830
  6.9545   0.81944   0.76094   0.75680   0.75076   0.74870   0.75105   0.75466   0.75867   0.76170   0.76525
  6.9615   0.79786   0.73769   0.73231   0.72572   0.72347   0.72576   0.72941   0.73346   0.73657   0.74016
  6.9685   0.77388   0.71265   0.70603   0.69891   0.69649   0.69875   0.70245   0.70658   0.70979   0.71344
  6.9755   0.74797   0.68628   0.67839   0.67077   0.66820   0.67045   0.67424   0.67847   0.68181   0.68555
  6.9825   0.72064   0.65905   0.64986   0.64174   0.63906   0.64132   0.64524   0.64960   0.65312   0.65698
  6.9895   0.69241   0.63147   0.62094   0.61232   0.60954   0.61186   0.61593   0.62048   0.62420   0.62821
  6.9965   0.66387   0.60404   0.59212   0.58300   0.58014   0.58254   0.58682   0.59159   0.59557   0.59977
  7.0035   0.63556   0.57727   0.56390   0.55424   0.55131   0.55384   0.55837   0.56342   0.56770   0.57213
  7.0105   0.60803   0.55163   0.53673   0.52651   0.52353   0.52621   0.53105   0.53643   0.54107   0.54577
  7.0175   0.58180   0.52758   0.51106   0.50022   0.49719   0.50008   0.50527   0.51104   0.51609   0.52112
  7.0245   0.55734   0.50551   0.48726   0.47576   0.47269   0.47582   0.48143   0.48764   0.49316   0.49857
  7.0315   0.53506   0.48575   0.46568   0.45346   0.45034   0.45375   0.45982   0.46655   0.47259   0.47842
  7.0385   0.51530   0.46859   0.44657   0.43355   0.43039   0.43411   0.44072   0.44801   0.45463   0.46093
  7.0455   0.49829   0.45419   0.43011   0.41625   0.41303   0.41711   0.42429   0.43220   0.43946   0.44629
  7.0525   0.48422   0.44268   0.41643   0.40164   0.39836   0.40283   0.41064   0.41923   0.42717   0.43457
  7.0595   0.47314   0.43407   0.40555   0.38978   0.38642   0.39131   0.39980   0.40911   0.41777   0.42578
  7.0665   0.46502   0.42829   0.39742   0.38060   0.37717   0.38249   0.39169   0.40178   0.41119   0.41985
  7.0735   0.45974   0.42520   0.39190   0.37399   0.37047   0.37626   0.38620   0.39708   0.40729   0.41661
  7.0805   0.45710   0.42455   0.38880   0.36977   0.36614   0.37240   0.38311   0.39481   0.40582   0.41584
  7.0875   0.45680   0.42607   0.38784   0.36767   0.36394   0.37067   0.38215   0.39468   0.40650   0.41722
  7.0945   0.45849   0.42937   0.38870   0.36739   0.36354   0.37076   0.38299   0.39635   0.40898   0.42039
  7.1016   0.46176   0.43406   0.39101   0.36857   0.36461   0.37229   0.38528   0.39945   0.41287   0.42496
  7.1086   0.46615   0.43969   0.39436   0.37084   0.36677   0.37490   0.38860   0.40354   0.41772   0.43046
  7.1156   0.47117   0.44580   0.39834   0.37380   0.36962   0.37816   0.39254   0.40821   0.42310   0.43646
  7.1226   0.47636   0.45192   0.40251   0.37703   0.37276   0.38168   0.39668   0.41302   0.42855   0.44247
  7.1296   0.48121   0.45759   0.40645   0.38015   0.37578   0.38505   0.40059   0.41752   0.43363   0.44805
  7.1366   0.48527   0.46238   0.40977   0.38277   0.37832   0.38788   0.40389   0.42133   0.43792   0.45277
  7.1436   0.48812   0.46589   0.41210   0.38453   0.38003   0.38982   0.40621   0.42405   0.44104   0.45623
  7.1506   0.48939   0.46776   0.41312   0.38515   0.38061   0.39057   0.40724   0.42538   0.44266   0.45810
  7.1576   0.48876   0.46771   0.41255   0.38434   0.37978   0.38986   0.40670   0.42502   0.44248   0.45808
  7.1646   0.48598   0.46550   0.41018   0.38191   0.37736   0.38748   0.40438   0.42277   0.44029   0.45594
  7.1716   0.48088   0.46099   0.40587   0.37771   0.37320   0.38329   0.40014   0.41847   0.43595   0.45154
  7.1786   0.47337   0.45408   0.39952   0.37166   0.36721   0.37721   0.39389   0.41205   0.42935   0.44480
  7.1856   0.46343   0.44477   0.39112   0.36374   0.35937   0.36921   0.38562   0.40348   0.42050   0.43570
  7.1926   0.45110   0.43312   0.38070   0.35397   0.34971   0.35932   0.37536   0.39281   0.40945   0.42429
  7.1996   0.43651   0.41925   0.36838   0.34244   0.33832   0.34765   0.36322   0.38015   0.39630   0.41071
  7.2066   0.41984   0.40333   0.35431   0.32931   0.32534   0.33434   0.34934   0.36567   0.38124   0.39513
  7.2136   0.40134   0.38561   0.33867   0.31474   0.31094   0.31956   0.33393   0.34956   0.36447   0.37777
  7.2206   0.38127   0.36636   0.32171   0.29895   0.29535   0.30354   0.31721   0.33207   0.34626   0.35890
  7.2276   0.35996   0.34588   0.30369   0.28220   0.27879   0.28653   0.29944   0.31348   0.32688   0.33883
  7.2346   0.33774   0.32449   0.28489   0.26472   0.26153   0.26879   0.28090   0.29408   0.30665   0.31786
  7.2416   0.31496   0.30252   0.26560   0.24681   0.24383   0.25059   0.26188   0.27416   0.28588   0.29633
  7.2486   0.29196   0.28032   0.24612   0.22872   0.22596   0.23222   0.24267   0.25403   0.26488   0.27456
  7.2556   0.26911   0.25821   0.22673   0.21072   0.20818   0.21393   0.22354   0.23399   0.24397   0.25287
  7.2626   0.24671   0.23650   0.20770   0.19307   0.19075   0.19600   0.20477   0.21432   0.22343   0.23157
  7.2696   0.22509   0.21549   0.18930   0.17601   0.17390   0.17865   0.18661   0.19527   0.20354   0.21093
  7.2766   0.20454   0.19542   0.17174   0.15975   0.15784   0.16212   0.16928   0.17709   0.18455   0.19122
  7.2836   0.18529   0.17656   0.15525   0.14450   0.14277   0.14659   0.15300   0.16000   0.16668   0.17266
  7.2906   0.16760   0.15909   0.14001   0.13041   0.12886   0.13225   0.13795   0.14417   0.15013   0.15545
  7.2976   0.15165   0.14319   0.12616   0.11765   0.11626   0.11924   0.12427   0.12977   0.13505   0.13977
  7.3047   0.13761   0.12901   0.11385   0.10633   0.10509   0.10769   0.11210   0.11693   0.12158   0.12575
  7.3117   0.12564   0.11668   0.10318   0.09657   0.09545   0.09770   0.10154   0.10576   0.10984   0.11350
  7.3187   0.11584   0.10628   0.09424   0.08843   0.08743   0.08935   0.09267   0.09635   0.09991   0.10311
  7.3257   0.10831   0.09787   0.08710   0.08199   0.08109   0.08271   0.08556   0.08875   0.09185   0.09465
  7.3327   0.10315   0.09153   0.08179   0.07731   0.07648   0.07783   0.08026   0.08301   0.08571   0.08816
  7.3397   0.10039   0.08727   0.07836   0.07440   0.07363   0.07473   0.07680   0.07917   0.08152   0.08367
  7.3467   0.10009   0.08511   0.07683   0.07330   0.07257   0.07345   0.07520   0.07723   0.07929   0.08119
  7.3537   0.10228   0.08506   0.07720   0.07402   0.07330   0.07399   0.07545   0.07721   0.07903   0.08072
  7.3607   0.10696   0.08711   0.07947   0.07655   0.07584   0.07634   0.07757   0.07909   0.08071   0.08224
  7.3677   0.11415   0.09123   0.08363   0.08090   0.08017   0.08051   0.08152   0.08286   0.08432   0.08573
  7.3747   0.12380   0.09739   0.08964   0.08702   0.08626   0.08645   0.08729   0.08847   0.08983   0.09115
  7.3817   0.13590   0.10554   0.09746   0.09489   0.09409   0.09413   0.09482   0.09589   0.09717   0.09845
  7.3887   0.15036   0.11560   0.10703   0.10445   0.10358   0.10350   0.10407   0.10505   0.10629   0.10755
  7.3957   0.16710   0.12750   0.11828   0.11563   0.11468   0.11447   0.11495   0.11587   0.11710   0.11838
  7.4027   0.18599   0.14111   0.13110   0.12833   0.12729   0.12697   0.12736   0.12826   0.12951   0.13082
  7.4097   0.20688   0.15631   0.14538   0.14244   0.14130   0.14087   0.14119   0.14208   0.14337   0.14475
  7.4167   0.22956   0.17293   0.16097   0.15782   0.15656   0.15602   0.15630   0.15720   0.15855   0.16001
  7.4237   0.25381   0.19078   0.17769   0.17430   0.17292   0.17227   0.17251   0.17343   0.17487   0.17643
  7.4307   0.27934   0.20966   0.19535   0.19168   0.19017   0.18942   0.18963   0.19059   0.19213   0.19381
  7.4377   0.30584   0.22930   0.21371   0.20975   0.20810   0.20726   0.20744   0.20846   0.21009   0.21190
  7.4447   0.33295   0.24944   0.23253   0.22826   0.22647   0.22553   0.22570   0.22677   0.22852   0.23047
  7.4517   0.36030   0.26979   0.25153   0.24694   0.24500   0.24397   0.24413   0.24526   0.24714   0.24923
  7.4587   0.38746   0.29002   0.27042   0.26551   0.26343   0.26230   0.26246   0.26366   0.26566   0.26789
  7.4657   0.41401   0.30980   0.28889   0.28366   0.28144   0.28023   0.28038   0.28165   0.28377   0.28614
  7.4727   0.43949   0.32881   0.30663   0.30109   0.29873   0.29744   0.29759   0.29893   0.30118   0.30368
  7.4797   0.46346   0.34670   0.32332   0.31750   0.31501   0.31364   0.31379   0.31519   0.31756   0.32020
  7.4867   0.48549   0.36315   0.33867   0.33257   0.32996   0.32853   0.32868   0.33014   0.33262   0.33538
  7.4937   0.50516   0.37784   0.35237   0.34603   0.34332   0.34182   0.34198   0.34350   0.34607   0.34894
  7.5008   0.52209   0.39048   0.36417   0.35763   0.35482   0.35327   0.35344   0.35500   0.35765   0.36061
  7.5078   0.53596   0.40084   0.37383   0.36712   0.36424   0.36265   0.36281   0.36441   0.36713   0.37017
  7.5148   0.54647   0.40869   0.38116   0.37431   0.37138   0.36975   0.36992   0.37155   0.37433   0.37742
  7.5218   0.55342   0.41388   0.38600   0.37907   0.37610   0.37445   0.37462   0.37627   0.37908   0.38222
  7.5288   0.55666   0.41630   0.38826   0.38129   0.37830   0.37664   0.37681   0.37847   0.38130   0.38445
  7.5358   0.55613   0.41590   0.38789   0.38092   0.37794   0.37628   0.37645   0.37811   0.38093   0.38408
  7.5428   0.55183   0.41268   0.38488   0.37797   0.37501   0.37337   0.37354   0.37518   0.37798   0.38110
  7.5498   0.54384   0.40671   0.37932   0.37251   0.36959   0.36797   0.36813   0.36975   0.37251   0.37559
  7.5568   0.53234   0.39811   0.37129   0.36463   0.36177   0.36018   0.36034   0.36193   0.36463   0.36764
  7.5638   0.51754   0.38704   0.36097   0.35449   0.35171   0.35017   0.35033   0.35187   0.35449   0.35742
  7.5708   0.49974   0.37373   0.34855   0.34230   0.33962   0.33813   0.33828   0.33977   0.34230   0.34513
  7.5778   0.47928   0.35842   0.33428   0.32828   0.32571   0.32428   0.32442   0.32585   0.32828   0.33100
  7.5848   0.45653   0.34141   0.31842   0.31270   0.31025   0.30889   0.30903   0.31039   0.31270   0.31529
  7.5918   0.43191   0.32300   0.30125   0.29584   0.29352   0.29223   0.29236   0.29365   0.29584   0.29828
  7.5988   0.40585   0.30351   0.28307   0.27799   0.27581   0.27460   0.27472   0.27593   0.27799   0.28028
  7.6058   0.37877   0.28326   0.26418   0.25944   0.25740   0.25627   0.25639   0.25752   0.25944   0.26158
  7.6128   0.35109   0.26256   0.24488   0.24048   0.23860   0.23755   0.23766   0.23870   0.24048   0.24247
  7.6198   0.32323   0.24173   0.22544   0.22140   0.21966   0.21870   0.21880   0.21976   0.22140   0.22323
  7.6268   0.29556   0.22103   0.20614   0.20244   0.20086   0.19998   0.20007   0.20095   0.20244   0.20412
  7.6338   0.26842   0.20074   0.18722   0.18386   0.18242   0.18162   0.18170   0.18250   0.18386   0.18538
  7.6408   0.24212   0.18107   0.16887   0.16584   0.16454   0.16382   0.16389   0.16462   0.16584   0.16721
  7.6478   0.21692   0.16222   0.15129   0.14858   0.14741   0.14677   0.14683   0.14748   0.14858   0.14981
  7.6548   0.19302   0.14434   0.13462   0.13221   0.13117   0.13059   0.13065   0.13123   0.13221   0.13330
  7.6618   0.17058   0.12757   0.11898   0.11684   0.11592   0.11542   0.11547   0.11598   0.11684   0.11781
  7.6688   0.14973   0.11198   0.10443   0.10256   0.10176   0.10131   0.10135   0.10180   0.10256   0.10341
  7.6758   0.13054   0.09762   0.09105   0.08941   0.08871   0.08832   0.08836   0.08875   0.08941   0.09015
  7.6828   0.11303   0.08453   0.07884   0.07742   0.07681   0.07648   0.07651   0.07685   0.07742   0.07806
  7.6898   0.09721   0.07270   0.06780   0.06658   0.06606   0.06577   0.06580   0.06609   0.06658   0.06713
  7.6968   0.08303   0.06210   0.05791   0.05687   0.05643   0.05618   0.05621   0.05645   0.05687   0.05734
  7.7039   0.07044   0.05268   0.04913   0.04825   0.04787   0.04766   0.04768   0.04789   0.04825   0.04865
  7.7109   0.05936   0.04439   0.04140   0.04066   0.04034   0.04016   0.04018   0.04036   0.04066   0.04099
  7.7179   0.04968   0.03715   0.03465   0.03403   0.03376   0.03361   0.03363   0.03377   0.03403   0.03431
  7.7249   0.04129   0.03088   0.02880   0.02828   0.02806   0.02794   0.02795   0.02807   0.02828   0.02852
  7.7319   0.03409   0.02549   0.02378   0.02335   0.02317   0.02306   0.02307   0.02318   0.02335   0.02354
  7.7389   0.02795   0.02090   0.01950   0.01915   0.01900   0.01891   0.01892   0.01900   0.01915   0.01930
  7.7459   0.02276   0.01702   0.01588   0.01559   0.01547   0.01540   0.01541   0.01548   0.01559   0.01572
  7.7529   0.01841   0.01377   0.01284   0.01261   0.01251   0.01246   0.01246   0.01252   0.01261   0.01272
  7.7599   0.01479   0.01106   0.01032   0.01013   0.01005   0.01001   0.01001   0.01006   0.01013   0.01022
  7.7669   0.01180   0.00883   0.00823   0.00808   0.00802   0.00799   0.00799   0.00802   0.00808   0.00815
  7.7739   0.00935   0.00700   0.00652   0.00641   0.00636   0.00633   0.00633   0.00636   0.00641   0.00646
  7.7809   0.00736   0.00551   0.00514   0.00504   0.00500   0.00498   0.00498   0.00501   0.00504   0.00508
  7.7879   0.00576   0.00430   0.00401   0.00394   0.00391   0.00389   0.00390   0.00391   0.00394   0.00398
  7.7949   0.00447   0.00334   0.00312   0.00306   0.00304   0.00302   0.00303   0.00304   0.00306   0.00309
  7.8019   0.00345   0.00258   0.00240   0.00236   0.00234   0.00233   0.00233   0.00234   0.00236   0.00238
  7.8089   0.00264   0.00197   0.00184   0.00181   0.00179   0.00179   0.00179   0.00180   0.00181   0.00182
  7.8159   0.00201   0.00150   0.00140   0.00138   0.00137   0.00136   0.00136   0.00137   0.00138   0.00139
  7.8229   0.00152   0.00114   0.00106   0.00104   0.00103   0.00103   0.00103   0.00103   0.00104   0.00105
  7.8299   0.00114   0.00085   0.00079   0.00078   0.00077   0.00077   0.00077   0.00077   0.00078   0.00079
  7.8369   0.00085   0.00063   0.00059   0.00058   0.00058   0.00057   0.00057   0.00058   0.00058   0.00059
  7.8439   0.00063   0.00047   0.00044   0.00043   0.00043   0.00043   0.00043   0.00043   0.00043   0.00043
  7.8509   0.00046   0.00035   0.00032   0.00032   0.00031   0.00031   0.00031   0.00031   0.00032   0.00032
  7.8579   0.00034   0.00025   0.00024   0.00023   0.00023   0.00023   0.00023   0.00023   0.00023   0.00023
  7.8649   0.00024   0.00018   0.00017   0.00017   0.00017   0.00017   0.00017   0.00017   0.00017   0.00017
  7.8719   0.00018   0.00013   0.00012   0.00012   0.00012   0.00012   0.00012   0.00012   0.00012   0.00012
  7.8789   0.00013   0.00009   0.00009   0.00009   0.00009   0.00009   0.00009   0.00009   0.00009   0.00009
  7.8859   0.00009   0.00007   0.00006   0.00006   0.00006   0.00006   0.00006   0.00006   0.00006   0.00006
  7.8929   0.00006   0.00005   0.00004   0.00004   0.00004   0.00004   0.00004   0.00004   0.00004   0.00004
  7.8999   0.00004   0.00003   0.00003   0.00003   0.00003   0.00003   0.00003   0.00003   0.00003   0.00003
  7.9070   0.00003   0.00002   0.00002   0.00002   0.00002   0.00002   0.00002   0.00002   0.00002   0.00002
  7.9140   0.00002   0.00002   0.00001   0.00001   0.00001   0.00001   0.00001   0.00001   0.00001   0.00001
  7.9210   0.00001   0.00001   0.00001   0.00001   0.00001   0.00001   0.00001   0.00001   0.00001   0.00001
  7.9280   0.00001   0.00001   0.00001   0.00001   0.00001   0.00001   0.00001   0.00001   0.00001   0.00001
  7.9350   0.00001   0.00001   0.00000   0.00000   0.00000   0.00000   0.00000   0.00000   0.00000   0.00000
  7.9420   0.00000   0.00000   0.00000   0.00000   0.00000   0.00000   0.00000   0.00000   0.00000   0.00000
  7.9490   0.00000   0.00000   0.00000   0.00000   0.00000   0.00000   0.00000   0.00000   0.00000   0.00000
  7.9560   0.00000   0.00000   0.00000   0.00000   0.00000   0.00000   0.00000   0.00000   0.00000   0.00000
  7.9630   0.00000   0.00000   0.00000   0.00000   0.00000   0.00000   0.00000   0.00000   0.00000   0.00000
  7.9700   0.00000   0.00000   0.00000   0.00000   0.00000   0.00000   0.00000   0.00000   0.00000   0.00000
  7.9770   0.00000   0.00000   0.00000   0.00000   0.00000   0.00000   0.00000   0.00000   0.00000   0.00000
  7.9840   0.00000   0.00000   0.00000   0.00000   0.00000   0.00000   0.00000   0.00000   0.00000   0.00000
  7.9910   0.00000   0.00000   0.00000   0.00000   0.00000   0.00000   0.00000   0.00000   0.00000   0.00000
  7.9980   0.00000   0.00000   0.00000   0.00000   0.00000   0.00000   0.00000   0.00000   0.00000   0.00000
  8.0050   0.00000   0.00000   0.00000   0.00000   0.00000   0.00000   0.00000   0.00000   0.00000   0.00000
  8.0120   0.00000   0.00000   0.00000   0.00000   0.00000   0.00000   0.00000   0.00000   0.00000   0.00000
  8.0190   0.00000   0.00000   0.00000   0.00000   0.00000   0.00000   0.00000   0.00000   0.00000   0.00000
  8.0260   0.00000   0.00000   0.00000   0.00000   0.00000   0.00000   0.00000   0.00000   0.00000   0.00000
  8.0330   0.00000   0.00001   0.00001   0.00001   0.00001   0.00001   0.00001   0.00001   0.00001   0.00001
  8.0400   0.00000   0.00001   0.00001   0.00001   0.00001   0.00001   0.00001   0.00001   0.00001   0.00001
  8.0470   0.00000   0.00001   0.00001   0.00001   0.00002   0.00002   0.00002   0.00002   0.00002   0.00002
  8.0540   0.00001   0.00002   0.00002   0.00002   0.00002   0.00002   0.00002   0.00002   0.00002   0.00002
  8.0610   0.00001   0.00002   0.00003   0.00003   0.00003   0.00003   0.00003   0.00003   0.00003   0.00003
  8.0680   0.00001   0.00003   0.00004   0.00005   0.00005   0.00005   0.00005   0.00005   0.00005   0.00005
  8.0750   0.00002   0.00005   0.00006   0.00006   0.00007   0.00007   0.00007   0.00007   0.00007   0.00007
  8.0820   0.00003   0.00007   0.00009   0.00009   0.00009   0.00009   0.00009   0.00009   0.00009   0.00009
  8.0890   0.00004   0.00010   0.00012   0.00013   0.00013   0.00013   0.00013   0.00013   0.00013   0.00013
  8.0960   0.00006   0.00014   0.00017   0.00018   0.00019   0.00019   0.00019   0.00019   0.00018   0.00018
  8.1031   0.00008   0.00019   0.00024   0.00025   0.00026   0.00026   0.00026   0.00026   0.00026   0.00026
  8.1101   0.00011   0.00027   0.00033   0.00035   0.00036   0.00036   0.00036   0.00036   0.00036   0.00035
  8.1171   0.00016   0.00037   0.00045   0.00048   0.00049   0.00049   0.00049   0.00049   0.00049   0.00048
  8.1241   0.00021   0.00050   0.00061   0.00065   0.00067   0.00067   0.00067   0.00067   0.00066   0.00066
  8.1311   0.00029   0.00068   0.00083   0.00088   0.00090   0.00091   0.00091   0.00090   0.00090   0.00089
  8.1381   0.00039   0.00091   0.00111   0.00118   0.00121   0.00122   0.00122   0.00121   0.00121   0.00120
  8.1451   0.00052   0.00122   0.00148   0.00158   0.00162   0.00163   0.00163   0.00162   0.00161   0.00160
  8.1521   0.00069   0.00162   0.00197   0.00209   0.00215   0.00216   0.00216   0.00215   0.00214   0.00212
  8.1591   0.00092   0.00213   0.00259   0.00275   0.00283   0.00285   0.00285   0.00283   0.00281   0.00279
  8.1661   0.00120   0.00279   0.00339   0.00360   0.00370   0.00373   0.00372   0.00370   0.00368   0.00365
  8.1731   0.00156   0.00362   0.00441   0.00468   0.00481   0.00484   0.00484   0.00481   0.00478   0.00474
  8.1801   0.00202   0.00468   0.00569   0.00604   0.00620   0.00625   0.00624   0.00621   0.00617   0.00612
  8.1871   0.00259   0.00599   0.00729   0.00775   0.00795   0.00801   0.00800   0.00796   0.00790   0.00785
  8.1941   0.00330   0.00763   0.00928   0.00986   0.01012   0.01020   0.01019   0.01013   0.01006   0.00999
  8.2011   0.00419   0.00966   0.01174   0.01247   0.01280   0.01290   0.01289   0.01282   0.01273   0.01264
  8.2081   0.00528   0.01214   0.01475   0.01567   0.01608   0.01621   0.01619   0.01610   0.01599   0.01587
  8.2151   0.00660   0.01515   0.01841   0.01956   0.02007   0.02023   0.02020   0.02009   0.01995   0.01981
  8.2221   0.00821   0.01879   0.02283   0.02424   0.02487   0.02507   0.02504   0.02490   0.02472   0.02455
  8.2291   0.01015   0.02315   0.02811   0.02985   0.03063   0.03087   0.03082   0.03066   0.03044   0.03022
  8.2361   0.01246   0.02833   0.03439   0.03652   0.03746   0.03775   0.03770   0.03750   0.03723   0.03697
  8.2431   0.01521   0.03445   0.04180   0.04438   0.04552   0.04587   0.04580   0.04556   0.04523   0.04491
  8.2501   0.01846   0.04161   0.05047   0.05357   0.05495   0.05537   0.05528   0.05498   0.05459   0.05420
  8.2571   0.02227   0.04994   0.06054   0.06425   0.06589   0.06639   0.06629   0.06593   0.06546   0.06499
  8.2641   0.02670   0.05955   0.07215   0.07656   0.07850   0.07908   0.07896   0.07853   0.07797   0.07741
  8.2711   0.03183   0.07056   0.08543   0.09063   0.09291   0.09359   0.09344   0.09293   0.09226   0.09161
  8.2781   0.03774   0.08307   0.10050   0.10659   0.10925   0.11005   0.10986   0.10926   0.10848   0.10770
  8.2851   0.04449   0.09718   0.11748   0.12456   0.12765   0.12856   0.12834   0.12763   0.12671   0.12581
  8.2921   0.05217   0.11298   0.13646   0.14464   0.14819   0.14923   0.14896   0.14813   0.14707   0.14602
  8.2991   0.06085   0.13055   0.15752   0.16690   0.17095   0.17212   0.17180   0.17083   0.16961   0.16840
  8.3062   0.07062   0.14992   0.18070   0.19138   0.19597   0.19728   0.19689   0.19578   0.19437   0.19298
  8.3132   0.08155   0.17114   0.20601   0.21810   0.22326   0.22471   0.22424   0.22296   0.22135   0.21977
  8.3202   0.09372   0.19421   0.23345   0.24703   0.25278   0.25437   0.25381   0.25235   0.25052   0.24873
  8.3272   0.10721   0.21910   0.26297   0.27811   0.28447   0.28619   0.28552   0.28386   0.28180   0.27979
  8.3342   0.12209   0.24578   0.29448   0.31124   0.31822   0.32005   0.31927   0.31738   0.31507   0.31282
  8.3412   0.13845   0.27416   0.32786   0.34628   0.35387   0.35580   0.35488   0.35276   0.35018   0.34768
  8.3482   0.15636   0.30414   0.36295   0.38305   0.39123   0.39324   0.39215   0.38978   0.38692   0.38415
  8.3552   0.17589   0.33560   0.39957   0.42135   0.43009   0.43214   0.43086   0.42821   0.42505   0.42201
  8.3622   0.19711   0.36839   0.43750   0.46091   0.47016   0.47221   0.47072   0.46777   0.46431   0.46098
  8.3692   0.22009   0.40235   0.47649   0.50149   0.51117   0.51318   0.51143   0.50817   0.50439   0.50077
  8.3762   0.24489   0.43729   0.51630   0.54277   0.55281   0.55471   0.55268   0.54909   0.54498   0.54106
  8.3832   0.27157   0.47301   0.55663   0.58446   0.59475   0.59647   0.59413   0.59018   0.58574   0.58152
  8.3902   0.30018   0.50932   0.59722   0.62625   0.63666   0.63813   0.63543   0.63112   0.62633   0.62182
  8.3972   0.33073   0.54602   0.63779   0.66783   0.67822   0.67936   0.67625   0.67155   0.66642   0.66161
  8.4042   0.36326   0.58289   0.67804   0.70888   0.71910   0.71981   0.71626   0.71116   0.70567   0.70058
  8.4112   0.39775   0.61974   0.71772   0.74912   0.75900   0.75918   0.75514   0.74962   0.74378   0.73841
  8.4182   0.43415   0.65636   0.75657   0.78826   0.79762   0.79718   0.79261   0.78664   0.78046   0.77481
  8.4252   0.47240   0.69257   0.79435   0.82606   0.83471   0.83353   0.82838   0.82197   0.81545   0.80953
  8.4322   0.51237   0.72816   0.83084   0.86228   0.87002   0.86801   0.86223   0.85535   0.84850   0.84233
  8.4392   0.55391   0.76294   0.86581   0.89669   0.90334   0.90039   0.89395   0.88658   0.87940   0.87300
  8.4462   0.59680   0.79672   0.89908   0.92910   0.93447   0.93048   0.92334   0.91549   0.90799   0.90136
  8.4532   0.64075   0.82930   0.93045   0.95934   0.96326   0.95814   0.95025   0.94191   0.93410   0.92727
  8.4602   0.68545   0.86049   0.95975   0.98723   0.98953   0.98320   0.97454   0.96571   0.95761   0.95059
  8.4672   0.73048   0.89005   0.98679   1.01263   1.01315   1.00554   0.99610   0.98678   0.97839   0.97120
  8.4742   0.77541   0.91777   1.01140   1.03536   1.03400   1.02506   1.01481   1.00501   0.99636   0.98902
  8.4812   0.81970   0.94341   1.03340   1.05529   1.05195   1.04164   1.03058   1.02031   1.01142   1.00395
  8.4882   0.86282   0.96669   1.05259   1.07225   1.06687   1.05517   1.04332   1.03260   1.02349   1.01591
  8.4952   0.90415   0.98737   1.06878   1.08610   1.07864   1.06556   1.05293   1.04178   1.03247   1.02481
  8.5023   0.94308   1.00515   1.08177   1.09667   1.08713   1.07270   1.05932   1.04777   1.03830   1.03057
  8.5093   0.97896   1.01976   1.09137   1.10380   1.09222   1.07648   1.06240   1.05049   1.04088   1.03311
  8.5163   1.01117   1.03091   1.09736   1.10733   1.09378   1.07681   1.06208   1.04986   1.04014   1.03236
  8.5233   1.03910   1.03834   1.09958   1.10712   1.09171   1.07359   1.05828   1.04579   1.03600   1.02823
  8.5303   1.06219   1.04182   1.09784   1.10303   1.08588   1.06673   1.05093   1.03822   1.02840   1.02067
  8.5373   1.07994   1.04111   1.09200   1.09496   1.07624   1.05619   1.03997   1.02711   1.01729   1.00963
  8.5443   1.09191   1.03607   1.08195   1.08282   1.06271   1.04191   1.02537   1.01243   1.00266   0.99509
  8.5513   1.09778   1.02656   1.06764   1.06658   1.04529   1.02389   1.00715   0.99419   0.98450   0.97706
  8.5583   1.09733   1.01255   1.04905   1.04625   1.02400   1.00218   0.98533   0.97242   0.96287   0.95557
  8.5653   1.09046   0.99405   1.02624   1.02190   0.99893   0.97685   0.96001   0.94722   0.93784   0.93072
  8.5723   1.07717   0.97115   0.99933   0.99365   0.97020   0.94805   0.93132   0.91872   0.90956   0.90265
  8.5793   1.05763   0.94402   0.96850   0.96171   0.93801   0.91595   0.89945   0.88711   0.87820   0.87152
  8.5863   1.03209   0.91291   0.93401   0.92632   0.90260   0.88081   0.86464   0.85263   0.84401   0.83758
  8.5933   1.00093   0.87814   0.89619   0.88780   0.86429   0.84292   0.82718   0.81556   0.80727   0.80111
  8.6003   0.96465   0.84010   0.85541   0.84653   0.82342   0.80264   0.78741   0.77623   0.76830   0.76243
  8.6073   0.92382   0.79923   0.81211   0.80293   0.78042   0.76035   0.74572   0.73503   0.72749   0.72192
  8.6143   0.87909   0.75602   0.76677   0.75745   0.73572   0.71647   0.70252   0.69236   0.68522   0.67998
  8.6213   0.83117   0.71101   0.71990   0.71060   0.68978   0.67146   0.65824   0.64865   0.64194   0.63702
  8.6283   0.78079   0.66474   0.67202   0.66288   0.64310   0.62579   0.61334   0.60434   0.59807   0.59348
  8.6353   0.72871   0.61776   0.62367   0.61480   0.59615   0.57991   0.56827   0.55988   0.55405   0.54980
  8.6423   0.67567   0.57062   0.57537   0.56687   0.54942   0.53429   0.52348   0.51571   0.51032   0.50641
  8.6493   0.62239   0.52384   0.52762   0.51956   0.50336   0.48937   0.47939   0.47224   0.46730   0.46371
  8.6563   0.56954   0.47791   0.48088   0.47332   0.45839   0.44554   0.43640   0.42986   0.42535   0.42208
  8.6633   0.51774   0.43327   0.43558   0.42856   0.41490   0.40318   0.39487   0.38893   0.38484   0.38188
  8.6703   0.46753   0.39032   0.39209   0.38562   0.37323   0.36262   0.35510   0.34974   0.34605   0.34339
  8.6773   0.41939   0.34938   0.35072   0.34482   0.33365   0.32411   0.31736   0.31255   0.30925   0.30687
  8.6843   0.37370   0.31073   0.31172   0.30639   0.29640   0.28787   0.28185   0.27757   0.27464   0.27252
  8.6913   0.33077   0.27457   0.27529   0.27051   0.26163   0.25407   0.24874   0.24495   0.24236   0.24050
  8.6983   0.29081   0.24104   0.24155   0.23731   0.22947   0.22282   0.21813   0.21480   0.21252   0.21088
  8.7054   0.25397   0.21022   0.21058   0.20683   0.19997   0.19415   0.19005   0.18714   0.18516   0.18373
  8.7124   0.22031   0.18214   0.18238   0.17910   0.17314   0.16808   0.16452   0.16200   0.16028   0.15905
  8.7194   0.18982   0.15677   0.15692   0.15408   0.14893   0.14456   0.14150   0.13933   0.13785   0.13678
  8.7264   0.16246   0.13405   0.13413   0.13169   0.12727   0.12353   0.12090   0.11904   0.11778   0.11687
  8.7334   0.13810   0.11386   0.11390   0.11181   0.10804   0.10486   0.10263   0.10105   0.09998   0.09920
  8.7404   0.11661   0.09607   0.09608   0.09430   0.09112   0.08843   0.08655   0.08521   0.08431   0.08366
  8.7474   0.09780   0.08052   0.08051   0.07901   0.07634   0.07408   0.07250   0.07138   0.07062   0.07008
  8.7544   0.08147   0.06704   0.06702   0.06577   0.06354   0.06166   0.06034   0.05941   0.05877   0.05832
  8.7614   0.06741   0.05544   0.05542   0.05438   0.05253   0.05097   0.04988   0.04911   0.04859   0.04822
  8.7684   0.05541   0.04555   0.04552   0.04467   0.04315   0.04187   0.04097   0.04034   0.03991   0.03960
  8.7754   0.04524   0.03718   0.03715   0.03645   0.03521   0.03417   0.03343   0.03292   0.03257   0.03232
  8.7824   0.03670   0.03015   0.03013   0.02956   0.02855   0.02770   0.02711   0.02669   0.02641   0.02621
  8.7894   0.02958   0.02430   0.02428   0.02382   0.02301   0.02233   0.02185   0.02151   0.02129   0.02112
  8.7964   0.02371   0.01947   0.01946   0.01909   0.01844   0.01790   0.01752   0.01725   0.01706   0.01693
  8.8034   0.01890   0.01553   0.01552   0.01523   0.01471   0.01428   0.01398   0.01376   0.01362   0.01351
  8.8104   0.01501   0.01234   0.01234   0.01211   0.01170   0.01136   0.01112   0.01095   0.01084   0.01076
  8.8174   0.01190   0.00979   0.00980   0.00962   0.00931   0.00904   0.00885   0.00872   0.00863   0.00857
  8.8244   0.00945   0.00780   0.00781   0.00768   0.00743   0.00723   0.00708   0.00698   0.00691   0.00686
  8.8314   0.00758   0.00628   0.00630   0.00620   0.00602   0.00586   0.00575   0.00567   0.00561   0.00557
  8.8384   0.00619   0.00516   0.00520   0.00513   0.00499   0.00487   0.00479   0.00473   0.00469   0.00466
  8.8454   0.00523   0.00441   0.00447   0.00442   0.00432   0.00423   0.00417   0.00412   0.00409   0.00407
  8.8524   0.00466   0.00399   0.00407   0.00404   0.00397   0.00391   0.00386   0.00383   0.00380   0.00379
  8.8594   0.00445   0.00387   0.00399   0.00398   0.00393   0.00389   0.00386   0.00384   0.00382   0.00381
  8.8664   0.00460   0.00407   0.00423   0.00424   0.00422   0.00419   0.00417   0.00415   0.00414   0.00413
  8.8734   0.00511   0.00459   0.00480   0.00484   0.00483   0.00482   0.00481   0.00480   0.00480   0.00479
  8.8804   0.00603   0.00548   0.00575   0.00582   0.00583   0.00583   0.00583   0.00583   0.00582   0.00582
  8.8874   0.00739   0.00676   0.00713   0.00723   0.00725   0.00727   0.00728   0.00728   0.00728   0.00728
  8.8944   0.00928   0.00853   0.00901   0.00914   0.00919   0.00922   0.00924   0.00925   0.00925   0.00925
  8.9015   0.01178   0.01085   0.01148   0.01166   0.01173   0.01177   0.01180   0.01182   0.01182   0.01182
  8.9085   0.01501   0.01385   0.01467   0.01490   0.01499   0.01506   0.01510   0.01512   0.01512   0.01513
  8.9155   0.01911   0.01766   0.01870   0.01900   0.01912   0.01921   0.01926   0.01929   0.01930   0.01931
  8.9225   0.02426   0.02242   0.02375   0.02414   0.02429   0.02441   0.02448   0.02451   0.02452   0.02453
  8.9295   0.03064   0.02832   0.03001   0.03050   0.03069   0.03084   0.03093   0.03098   0.03099   0.03101
  8.9365   0.03847   0.03557   0.03769   0.03830   0.03855   0.03874   0.03886   0.03891   0.03893   0.03895
  8.9435   0.04801   0.04439   0.04704   0.04781   0.04812   0.04836   0.04850   0.04857   0.04860   0.04862
  8.9505   0.05952   0.05504   0.05832   0.05928   0.05967   0.05996   0.06014   0.06023   0.06026   0.06029
  8.9575   0.07331   0.06780   0.07184   0.07302   0.07349   0.07386   0.07408   0.07419   0.07423   0.07426
  8.9645   0.08969   0.08295   0.08789   0.08933   0.08992   0.09037   0.09064   0.09077   0.09082   0.09086
  8.9715   0.10900   0.10080   0.10681   0.10856   0.10927   0.10982   0.11014   0.11031   0.11036   0.11042
  8.9785   0.13156   0.12166   0.12892   0.13103   0.13189   0.13255   0.13294   0.13314   0.13321   0.13327
  8.9855   0.15772   0.14585   0.15455   0.15708   0.15811   0.15890   0.15938   0.15961   0.15969   0.15977
  8.9925   0.18779   0.17366   0.18402   0.18704   0.18826   0.18920   0.18977   0.19005   0.19014   0.19024
  8.9995   0.22208   0.20538   0.21763   0.22119   0.22264   0.22375   0.22442   0.22476   0.22487   0.22498
  9.0065   0.26086   0.24123   0.25562   0.25981   0.26151   0.26282   0.26360   0.26400   0.26413   0.26426
  9.0135   0.30432   0.28143   0.29822   0.30310   0.30508   0.30661   0.30752   0.30798   0.30814   0.30829
  9.0205   0.35261   0.32609   0.34554   0.35120   0.35350   0.35527   0.35633   0.35686   0.35704   0.35721
  9.0275   0.40580   0.37527   0.39766   0.40417   0.40682   0.40885   0.41007   0.41068   0.41089   0.41109
  9.0345   0.46384   0.42894   0.45453   0.46198   0.46500   0.46733   0.46872   0.46942   0.46965   0.46988
  9.0415   0.52657   0.48696   0.51601   0.52446   0.52789   0.53053   0.53212   0.53291   0.53318   0.53344
  9.0485   0.59374   0.54907   0.58183   0.59136   0.59523   0.59820   0.59999   0.60088   0.60118   0.60148
  9.0555   0.66492   0.61490   0.65159   0.66226   0.66659   0.66993   0.67193   0.67293   0.67326   0.67359
  9.0625   0.73959   0.68395   0.72475   0.73662   0.74144   0.74515   0.74738   0.74849   0.74886   0.74923
  9.0695   0.81705   0.75559   0.80066   0.81378   0.81910   0.82320   0.82566   0.82689   0.82730   0.82771
  9.0765   0.89650   0.82906   0.87852   0.89291   0.89875   0.90325   0.90595   0.90730   0.90774   0.90819
  9.0835   0.97700   0.90351   0.95740   0.97308   0.97945   0.98435   0.98729   0.98876   0.98925   0.98974
  9.0905   1.05750   0.97795   1.03629   1.05326   1.06015   1.06545   1.06864   1.07023   1.07076   1.07129
  9.0975   1.13686   1.05134   1.11405   1.13230   1.13971   1.14541   1.14883   1.15054   1.15111   1.15168
  9.1046   1.21387   1.12256   1.18952   1.20900   1.21692   1.22300   1.22666   1.22848   1.22909   1.22970
  9.1116   1.28731   1.19047   1.26148   1.28214   1.29054   1.29699   1.30086   1.30280   1.30345   1.30409
  9.1186   1.35591   1.25392   1.32871   1.35047   1.35931   1.36611   1.37019   1.37223   1.37291   1.37359
  9.1256   1.41848   1.31178   1.39003   1.41279   1.42204   1.42915   1.43342   1.43556   1.43627   1.43698
  9.1326   1.47386   1.36299   1.44430   1.46795   1.47756   1.48495   1.48938   1.49160   1.49234   1.49308
  9.1396   1.52101   1.40659   1.49050   1.51491   1.52482   1.53245   1.53703   1.53931   1.54008   1.54084
  9.1466   1.55900   1.44173   1.52773   1.55275   1.56291   1.57073   1.57542   1.57777   1.57855   1.57933
  9.1536   1.58710   1.46771   1.55526   1.58073   1.59108   1.59904   1.60382   1.60620   1.60700   1.60780
  9.1606   1.60474   1.48402   1.57254   1.59830   1.60876   1.61681   1.62164   1.62405   1.62485   1.62566
  9.1676   1.61155   1.49032   1.57922   1.60508   1.61559   1.62367   1.62852   1.63095   1.63175   1.63256
  9.1746   1.60740   1.48649   1.57516   1.60096   1.61144   1.61950   1.62433   1.62675   1.62756   1.62836
  9.1816   1.59239   1.47260   1.56044   1.58600   1.59638   1.60436   1.60916   1.61155   1.61235   1.61315
  9.1886   1.56680   1.44893   1.53537   1.56051   1.57073   1.57858   1.58330   1.58565   1.58644   1.58723
  9.1956   1.53115   1.41597   1.50044   1.52501   1.53499   1.54267   1.54728   1.54958   1.55035   1.55112
  9.2026   1.48616   1.37436   1.45635   1.48020   1.48989   1.49734   1.50181   1.50405   1.50479   1.50554
  9.2096   1.43270   1.32492   1.40396   1.42695   1.43629   1.44348   1.44779   1.44994   1.45066   1.45138
  9.2166   1.37178   1.26859   1.34426   1.36628   1.37522   1.38210   1.38623   1.38829   1.38898   1.38967
  9.2236   1.30454   1.20640   1.27837   1.29930   1.30781   1.31435   1.31828   1.32024   1.32089   1.32155
  9.2306   1.23217   1.13948   1.20745   1.22722   1.23526   1.24144   1.24514   1.24700   1.24761   1.24823
  9.2376   1.15591   1.06896   1.13272   1.15127   1.15881   1.16460   1.16808   1.16982   1.17040   1.17098
  9.2446   1.07701   0.99599   1.05540   1.07269   1.07971   1.08511   1.08835   1.08997   1.09051   1.09105
  9.2516   0.99668   0.92171   0.97669   0.99268   0.99918   1.00418   1.00718   1.00868   1.00918   1.00968
  9.2586   0.91608   0.84717   0.89771   0.91241   0.91838   0.92298   0.92573   0.92711   0.92757   0.92803
  9.2656   0.83629   0.77338   0.81951   0.83293   0.83838   0.84258   0.84510   0.84635   0.84677   0.84719
  9.2726   0.75826   0.70122   0.74305   0.75522   0.76016   0.76396   0.76624   0.76739   0.76777   0.76815
  9.2796   0.68284   0.63148   0.66914   0.68010   0.68455   0.68798   0.69003   0.69106   0.69140   0.69175
  9.2866   0.61075   0.56481   0.59850   0.60830   0.61228   0.61535   0.61718   0.61810   0.61841   0.61872
  9.2936   0.54256   0.50175   0.53168   0.54039   0.54392   0.54665   0.54828   0.54909   0.54937   0.54964
  9.3007   0.47872   0.44270   0.46911   0.47680   0.47992   0.48232   0.48376   0.48448   0.48472   0.48496
  9.3077   0.41951   0.38796   0.41110   0.41783   0.42057   0.42267   0.42393   0.42456   0.42477   0.42498
  9.3147   0.36514   0.33767   0.35781   0.36367   0.36605   0.36788   0.36898   0.36953   0.36972   0.36990
  9.3217   0.31565   0.29191   0.30932   0.31439   0.31644   0.31803   0.31898   0.31945   0.31961   0.31977
  9.3287   0.27102   0.25063   0.26558   0.26993   0.27170   0.27306   0.27387   0.27428   0.27442   0.27455
  9.3357   0.23112   0.21373   0.22648   0.23019   0.23170   0.23286   0.23355   0.23390   0.23402   0.23413
  9.3427   0.19575   0.18103   0.19183   0.19497   0.19625   0.19723   0.19782   0.19811   0.19821   0.19831
  9.3497   0.16468   0.15229   0.16137   0.16401   0.16509   0.16591   0.16641   0.16666   0.16674   0.16682
  9.3567   0.13759   0.12724   0.13483   0.13704   0.13794   0.13863   0.13904   0.13925   0.13932   0.13938
  9.3637   0.11418   0.10559   0.11189   0.11372   0.11447   0.11504   0.11538   0.11555   0.11561   0.11567
  9.3707   0.09411   0.08703   0.09222   0.09373   0.09434   0.09482   0.09510   0.09524   0.09529   0.09534
  9.3777   0.07704   0.07124   0.07549   0.07673   0.07723   0.07762   0.07785   0.07797   0.07801   0.07804
  9.3847   0.06264   0.05793   0.06138   0.06239   0.06279   0.06311   0.06330   0.06339   0.06342   0.06345
  9.3917   0.05058   0.04678   0.04957   0.05038   0.05071   0.05096   0.05112   0.05119   0.05122   0.05124
  9.3987   0.04057   0.03752   0.03976   0.04041   0.04067   0.04088   0.04100   0.04106   0.04108   0.04110
  9.4057   0.03232   0.02989   0.03167   0.03219   0.03240   0.03256   0.03266   0.03271   0.03272   0.03274
  9.4127   0.02557   0.02365   0.02506   0.02547   0.02564   0.02576   0.02584   0.02588   0.02589   0.02590
  9.4197   0.02010   0.01858   0.01969   0.02001   0.02015   0.02025   0.02031   0.02034   0.02035   0.02036
  9.4267   0.01569   0.01451   0.01537   0.01562   0.01572   0.01580   0.01585   0.01587   0.01588   0.01589
  9.4337   0.01216   0.01125   0.01192   0.01211   0.01219   0.01225   0.01229   0.01231   0.01231   0.01232
  9.4407   0.00937   0.00866   0.00918   0.00933   0.00939   0.00943   0.00946   0.00948   0.00948   0.00949
  9.4477   0.00716   0.00662   0.00702   0.00713   0.00718   0.00722   0.00724   0.00725   0.00725   0.00726
  9.4547   0.00545   0.00503   0.00533   0.00542   0.00546   0.00548   0.00550   0.00551   0.00551   0.00551
  9.4617   0.00411   0.00380   0.00403   0.00409   0.00412   0.00414   0.00415   0.00416   0.00416   0.00416
  9.4687   0.00309   0.00285   0.00302   0.00307   0.00309   0.00311   0.00312   0.00312   0.00312   0.00312
  9.4757   0.00231   0.00213   0.00225   0.00229   0.00231   0.00232   0.00233   0.00233   0.00233   0.00233
  9.4827   0.00173   0.00158   0.00168   0.00170   0.00171   0.00172   0.00173   0.00173   0.00173   0.00173
  9.4897   0.00130   0.00118   0.00124   0.00126   0.00127   0.00128   0.00128   0.00128   0.00129   0.00129
  9.4967   0.00098   0.00088   0.00093   0.00094   0.00095   0.00095   0.00095   0.00096   0.00096   0.00096
  9.5038   0.00076   0.00066   0.00070   0.00071   0.00071   0.00072   0.00072   0.00072   0.00072   0.00072
  9.5108   0.00062   0.00052   0.00054   0.00055   0.00055   0.00055   0.00055   0.00055   0.00056   0.00056
  9.5178   0.00054   0.00042   0.00043   0.00044   0.00044   0.00045   0.00045   0.00045   0.00045   0.00045
  9.5248   0.00052   0.00037   0.00037   0.00038   0.00038   0.00039   0.00039   0.00039   0.00039   0.00039
  9.5318   0.00055   0.00036   0.00036   0.00036   0.00036   0.00037   0.00037   0.00037   0.00037   0.00037
  9.5388   0.00063   0.00039   0.00037   0.00038   0.00038   0.00038   0.00039   0.00039   0.00039   0.00039
  9.5458   0.00077   0.00045   0.00043   0.00043   0.00044   0.00044   0.00044   0.00044   0.00045   0.00045
  9.5528   0.00097   0.00055   0.00051   0.00052   0.00053   0.00053   0.00053   0.00054   0.00054   0.00054
  9.5598   0.00125   0.00069   0.00065   0.00065   0.00066   0.00067   0.00067   0.00067   0.00068   0.00068
  9.5668   0.00161   0.00089   0.00082   0.00084   0.00084   0.00085   0.00086   0.00086   0.00087   0.00087
  9.5738   0.00208   0.00114   0.00106   0.00107   0.00108   0.00109   0.00110   0.00111   0.00111   0.00112
  9.5808   0.00269   0.00147   0.00136   0.00138   0.00139   0.00140   0.00141   0.00142   0.00143   0.00144
  9.5878   0.00345   0.00189   0.00174   0.00177   0.00179   0.00180   0.00181   0.00182   0.00184   0.00185
  9.5948   0.00440   0.00241   0.00223   0.00226   0.00228   0.00230   0.00231   0.00233   0.00234   0.00236
  9.6018   0.00558   0.00306   0.00282   0.00287   0.00289   0.00292   0.00294   0.00295   0.00298   0.00300
  9.6088   0.00703   0.00385   0.00356   0.00362   0.00365   0.00368   0.00370   0.00373   0.00375   0.00378
  9.6158   0.00879   0.00483   0.00447   0.00453   0.00458   0.00461   0.00465   0.00468   0.00471   0.00474
  9.6228   0.01093   0.00601   0.00557   0.00565   0.00571   0.00575   0.00579   0.00583   0.00587   0.00591
  9.6298   0.01351   0.00744   0.00689   0.00700   0.00707   0.00712   0.00717   0.00722   0.00726   0.00731
  9.6368   0.01658   0.00915   0.00848   0.00861   0.00869   0.00876   0.00882   0.00888   0.00894   0.00900
  9.6438   0.02021   0.01117   0.01036   0.01052   0.01063   0.01071   0.01078   0.01085   0.01093   0.01100
  9.6508   0.02448   0.01356   0.01258   0.01278   0.01291   0.01301   0.01310   0.01319   0.01328   0.01336
  9.6578   0.02945   0.01635   0.01519   0.01543   0.01559   0.01571   0.01582   0.01592   0.01603   0.01613
  9.6648   0.03521   0.01959   0.01822   0.01850   0.01870   0.01885   0.01898   0.01910   0.01923   0.01936
  9.6718   0.04181   0.02332   0.02172   0.02206   0.02229   0.02247   0.02263   0.02278   0.02293   0.02308
  9.6788   0.04934   0.02759   0.02573   0.02614   0.02642   0.02663   0.02682   0.02700   0.02718   0.02735
  9.6858   0.05785   0.03245   0.03029   0.03078   0.03111   0.03137   0.03159   0.03180   0.03201   0.03222
  9.6928   0.06739   0.03792   0.03545   0.03603   0.03642   0.03673   0.03699   0.03723   0.03748   0.03772
  9.6998   0.07801   0.04404   0.04124   0.04192   0.04238   0.04274   0.04305   0.04333   0.04362   0.04389
  9.7069   0.08973   0.05085   0.04769   0.04849   0.04903   0.04945   0.04981   0.05014   0.05047   0.05078
  9.7139   0.10256   0.05836   0.05483   0.05576   0.05638   0.05687   0.05729   0.05767   0.05805   0.05841
  9.7209   0.11649   0.06657   0.06267   0.06375   0.06447   0.06504   0.06552   0.06596   0.06639   0.06679
  9.7279   0.13149   0.07550   0.07122   0.07246   0.07329   0.07395   0.07450   0.07500   0.07549   0.07594
  9.7349   0.14752   0.08513   0.08047   0.08191   0.08286   0.08361   0.08424   0.08481   0.08535   0.08586
  9.7419   0.16449   0.09544   0.09043   0.09206   0.09315   0.09401   0.09473   0.09537   0.09597   0.09653
  9.7489   0.18231   0.10639   0.10105   0.10291   0.10414   0.10512   0.10594   0.10665   0.10733   0.10794
  9.7559   0.20084   0.11794   0.11231   0.11441   0.11580   0.11691   0.11783   0.11863   0.11937   0.12004
  9.7629   0.21995   0.13002   0.12415   0.12652   0.12808   0.12933   0.13036   0.13125   0.13206   0.13279
  9.7699   0.23947   0.14256   0.13651   0.13917   0.14092   0.14232   0.14347   0.14445   0.14533   0.14612
  9.7769   0.25921   0.15546   0.14933   0.15229   0.15424   0.15580   0.15707   0.15815   0.15911   0.15995
  9.7839   0.27897   0.16865   0.16250   0.16579   0.16795   0.16968   0.17109   0.17228   0.17331   0.17420
  9.7909   0.29853   0.18199   0.17594   0.17958   0.18196   0.18388   0.18543   0.18672   0.18782   0.18877
  9.7979   0.31768   0.19538   0.18955   0.19354   0.19616   0.19827   0.19997   0.20136   0.20254   0.20353
  9.8049   0.33620   0.20870   0.20319   0.20757   0.21043   0.21273   0.21459   0.21609   0.21734   0.21837
  9.8119   0.35387   0.22181   0.21676   0.22153   0.22464   0.22715   0.22916   0.23077   0.23209   0.23316
  9.8189   0.37047   0.23457   0.23011   0.23528   0.23865   0.24138   0.24355   0.24527   0.24665   0.24776
  9.8259   0.38579   0.24687   0.24312   0.24870   0.25234   0.25528   0.25761   0.25944   0.26088   0.26201
  9.8329   0.39966   0.25855   0.25565   0.26165   0.26554   0.26870   0.27120   0.27314   0.27463   0.27578
  9.8399   0.41191   0.26950   0.26756   0.27397   0.27813   0.28150   0.28416   0.28620   0.28775   0.28891
  9.8469   0.42237   0.27957   0.27871   0.28553   0.28995   0.29354   0.29635   0.29849   0.30008   0.30124
  9.8539   0.43094   0.28866   0.28897   0.29619   0.30086   0.30466   0.30762   0.30986   0.31148   0.31264
  9.8609   0.43751   0.29665   0.29821   0.30581   0.31072   0.31472   0.31783   0.32016   0.32180   0.32296
  9.8679   0.44202   0.30344   0.30631   0.31428   0.31941   0.32360   0.32685   0.32925   0.33092   0.33205
  9.8749   0.44442   0.30893   0.31316   0.32146   0.32681   0.33117   0.33454   0.33702   0.33869   0.33981
  9.8819   0.44470   0.31306   0.31866   0.32727   0.33280   0.33732   0.34081   0.34334   0.34502   0.34611
  9.8889   0.44287   0.31576   0.32272   0.33159   0.33729   0.34196   0.34554   0.34812   0.34979   0.35085
  9.8959   0.43898   0.31698   0.32528   0.33437   0.34021   0.34500   0.34866   0.35127   0.35294   0.35395
  9.9030   0.43308   0.31670   0.32627   0.33555   0.34150   0.34638   0.35010   0.35274   0.35438   0.35535
  9.9100   0.42527   0.31492   0.32568   0.33509   0.34111   0.34607   0.34983   0.35248   0.35410   0.35502
  9.9170   0.41565   0.31164   0.32349   0.33298   0.33905   0.34404   0.34783   0.35047   0.35206   0.35293
  9.9240   0.40435   0.30689   0.31971   0.32923   0.33531   0.34031   0.34410   0.34673   0.34827   0.34909
  9.9310   0.39152   0.30072   0.31438   0.32387   0.32992   0.33491   0.33868   0.34128   0.34277   0.34354
  9.9380   0.37731   0.29321   0.30756   0.31696   0.32295   0.32790   0.33162   0.33418   0.33562   0.33633
  9.9450   0.36190   0.28444   0.29932   0.30858   0.31448   0.31935   0.32301   0.32551   0.32690   0.32756
  9.9520   0.34546   0.27452   0.28977   0.29884   0.30461   0.30938   0.31296   0.31539   0.31671   0.31732
  9.9590   0.32818   0.26357   0.27902   0.28785   0.29346   0.29811   0.30158   0.30393   0.30519   0.30575
  9.9660   0.31025   0.25172   0.26722   0.27576   0.28119   0.28568   0.28904   0.29129   0.29249   0.29299
  9.9730   0.29185   0.23912   0.25451   0.26272   0.26793   0.27225   0.27548   0.27763   0.27876   0.27922
  9.9800   0.27318   0.22592   0.24105   0.24890   0.25388   0.25800   0.26108   0.26313   0.26418   0.26460
  9.9870   0.25440   0.21227   0.22702   0.23447   0.23919   0.24311   0.24603   0.24796   0.24895   0.24932
  9.9940   0.23571   0.19834   0.21258   0.21961   0.22407   0.22776   0.23051   0.23233   0.23324   0.23357
 10.0010   0.21725   0.18427   0.19791   0.20450   0.20868   0.21215   0.21472   0.21642   0.21726   0.21755
 10.0080   0.19918   0.17023   0.18318   0.18931   0.19321   0.19643   0.19883   0.20041   0.20118   0.20144
 10.0150   0.18164   0.15634   0.16854   0.17422   0.17782   0.18081   0.18302   0.18448   0.18518   0.18541
 10.0220   0.16474   0.14275   0.15414   0.15936   0.16267   0.16542   0.16746   0.16879   0.16943   0.16963
 10.0290   0.14859   0.12957   0.14012   0.14490   0.14792   0.15043   0.15229   0.15351   0.15408   0.15426
 10.0360   0.13328   0.11690   0.12661   0.13094   0.13368   0.13597   0.13765   0.13875   0.13927   0.13942
 10.0430   0.11887   0.10483   0.11369   0.11760   0.12007   0.12213   0.12365   0.12464   0.12510   0.12523
 10.0500   0.10542   0.09344   0.10146   0.10496   0.10718   0.10902   0.11038   0.11127   0.11168   0.11179
 10.0570   0.09294   0.08278   0.08998   0.09310   0.09507   0.09672   0.09793   0.09871   0.09907   0.09917
 10.0640   0.08146   0.07287   0.07930   0.08206   0.08380   0.08526   0.08633   0.08702   0.08734   0.08742
 10.0710   0.07098   0.06376   0.06945   0.07187   0.07340   0.07468   0.07562   0.07622   0.07650   0.07657
 10.0780   0.06148   0.05543   0.06043   0.06255   0.06388   0.06500   0.06582   0.06634   0.06658   0.06664
 10.0850   0.05293   0.04789   0.05225   0.05408   0.05524   0.05621   0.05692   0.05738   0.05758   0.05763
 10.0920   0.04529   0.04111   0.04489   0.04647   0.04746   0.04829   0.04891   0.04930   0.04948   0.04952
 10.0990   0.03851   0.03506   0.03831   0.03966   0.04052   0.04123   0.04175   0.04209   0.04224   0.04227
 10.1061   0.03255   0.02971   0.03249   0.03364   0.03436   0.03497   0.03541   0.03570   0.03582   0.03585
 10.1131   0.02733   0.02502   0.02737   0.02834   0.02895   0.02946   0.02984   0.03008   0.03018   0.03021
 10.1201   0.02281   0.02093   0.02291   0.02372   0.02424   0.02466   0.02498   0.02518   0.02527   0.02529
 10.1271   0.01892   0.01739   0.01905   0.01973   0.02015   0.02051   0.02077   0.02094   0.02101   0.02103
 10.1341   0.01559   0.01436   0.01574   0.01630   0.01665   0.01694   0.01716   0.01730   0.01736   0.01737
 10.1411   0.01277   0.01178   0.01291   0.01337   0.01366   0.01391   0.01408   0.01420   0.01425   0.01426
 10.1481   0.01038   0.00960   0.01053   0.01090   0.01114   0.01134   0.01148   0.01157   0.01161   0.01162
 10.1551   0.00839   0.00777   0.00852   0.00883   0.00902   0.00918   0.00930   0.00937   0.00941   0.00941
 10.1621   0.00674   0.00625   0.00686   0.00710   0.00726   0.00739   0.00748   0.00754   0.00757   0.00757
 10.1691   0.00538   0.00499   0.00548   0.00568   0.00580   0.00590   0.00598   0.00603   0.00605   0.00605
 10.1761   0.00426   0.00396   0.00435   0.00451   0.00460   0.00469   0.00475   0.00478   0.00480   0.00480
 10.1831   0.00336   0.00312   0.00343   0.00355   0.00363   0.00369   0.00374   0.00377   0.00379   0.00379
 10.1901   0.00263   0.00245   0.00269   0.00278   0.00284   0.00289   0.00293   0.00295   0.00296   0.00297
 10.1971   0.00204   0.00190   0.00209   0.00216   0.00221   0.00225   0.00228   0.00230   0.00231   0.00231
 10.2041   0.00157   0.00147   0.00161   0.00167   0.00171   0.00174   0.00176   0.00178   0.00178   0.00178
 10.2111   0.00121   0.00113   0.00124   0.00128   0.00131   0.00134   0.00135   0.00136   0.00137   0.00137
 10.2181   0.00092   0.00086   0.00094   0.00098   0.00100   0.00102   0.00103   0.00104   0.00104   0.00104
 10.2251   0.00070   0.00065   0.00072   0.00074   0.00076   0.00077   0.00078   0.00079   0.00079   0.00079
 10.2321   0.00052   0.00049   0.00054   0.00056   0.00057   0.00058   0.00059   0.00059   0.00059   0.00059
 10.2391   0.00039   0.00037   0.00040   0.00042   0.00043   0.00043   0.00044   0.00044   0.00044   0.00044
 10.2461   0.00029   0.00027   0.00030   0.00031   0.00032   0.00032   0.00033   0.00033   0.00033   0.00033
 10.2531   0.00021   0.00020   0.00022   0.00023   0.00023   0.00024   0.00024   0.00024   0.00024   0.00024
 10.2601   0.00016   0.00015   0.00016   0.00017   0.00017   0.00017   0.00018   0.00018   0.00018   0.00018
 10.2671   0.00011   0.00011   0.00012   0.00012   0.00012   0.00013   0.00013   0.00013   0.00013   0.00013
 10.2741   0.00008   0.00008   0.00008   0.00009   0.00009   0.00009   0.00009   0.00009   0.00009   0.00009
 10.2811   0.00006   0.00006   0.00006   0.00006   0.00006   0.00007   0.00007   0.00007   0.00007   0.00007
 10.2881   0.00004   0.00004   0.00004   0.00004   0.00005   0.00005   0.00005   0.00005   0.00005   0.00005
 10.2951   0.00003   0.00003   0.00003   0.00003   0.00003   0.00003   0.00003   0.00003   0.00003   0.00003
 10.3022   0.00002   0.00002   0.00002   0.00002   0.00002   0.00002   0.00002   0.00002   0.00002   0.00002
 10.3092   0.00001   0.00001   0.00002   0.00002   0.00002   0.00002   0.00002   0.00002   0.00002   0.00002
 10.3162   0.00001   0.00001   0.00001   0.00001   0.00001   0.00001   0.00001   0.00001   0.00001   0.00001
 10.3232   0.00001   0.00001   0.00001   0.00001   0.00001   0.00001   0.00001   0.00001   0.00001   0.00001
 10.3302   0.00000   0.00000   0.00000   0.00001   0.00001   0.00001   0.00001   0.00001   0.00001   0.00001
 10.3372   0.00000   0.00000   0.00000   0.00000   0.00000   0.00000   0.00000   0.00000   0.00000   0.00000
 10.3442   0.00000   0.00000   0.00000   0.00000   0.00000   0.00000   0.00000   0.00000   0.00000   0.00000
 10.3512   0.00000   0.00000   0.00000   0.00000   0.00000   0.00000   0.00000   0.00000   0.00000   0.00000
 10.3582   0.00000   0.00000   0.00000   0.00000   0.00000   0.00000   0.00000   0.00000   0.00000   0.00000
 10.3652   0.00000   0.00000   0.00000   0.00000   0.00000   0.00000   0.00000   0.00000   0.00000   0.00000
 10.3722   0.00000   0.00000   0.00000   0.00000   0.00000   0.00000   0.00000   0.00000   0.00000   0.00000
 10.3792   0.00000   0.00000   0.00000   0.00000   0.00000   0.00000   0.00000   0.00000   0.00000   0.00000
 10.3862   0.00000   0.00000   0.00000   0.00000   0.00000   0.00000   0.00000   0.00000   0.00000   0.00000
 10.3932   0.00000   0.00000   0.00000   0.00000   0.00000   0.00000   0.00000   0.00000   0.00000   0.00000
 10.4002   0.00000   0.00000   0.00000   0.00000   0.00000   0.00000   0.00000   0.00000   0.00000   0.00000
 10.4072   0.00000   0.00000   0.00000   0.00000   0.00000   0.00000   0.00000   0.00000   0.00000   0.00000
 10.4142   0.00000   0.00000   0.00000   0.00000   0.00000   0.00000   0.00000   0.00000   0.00000   0.00000
 10.4212   0.00000   0.00000   0.00000   0.00000   0.00000   0.00000   0.00000   0.00000   0.00000   0.00000
 10.4282   0.00000   0.00000   0.00000   0.00000   0.00000   0.00000   0.00000   0.00000   0.00000   0.00000
 10.4352   0.00000   0.00000   0.00000   0.00000   0.00000   0.00000   0.00000   0.00000   0.00000   0.00000
 10.4422   0.00000   0.00000   0.00000   0.00000   0.00000   0.00000   0.00000   0.00000   0.00000   0.00000
 10.4492   0.00000   0.00000   0.00000   0.00000   0.00000   0.00000   0.00000   0.00000   0.00000   0.00000
 10.4562   0.00000   0.00000   0.00000   0.00000   0.00000   0.00000   0.00000   0.00000   0.00000   0.00000
 10.4632   0.00000   0.00000   0.00000   0.00000   0.00000   0.00000   0.00000   0.00000   0.00000   0.00000
 10.4702   0.00000   0.00000   0.00000   0.00000   0.00000   0.00000   0.00000   0.00000   0.00000   0.00000
 10.4772   0.00000   0.00000   0.00000   0.00000   0.00000   0.00000   0.00000   0.00000   0.00000   0.00000
 10.4842   0.00000   0.00000   0.00000   0.00000   0.00000   0.00000   0.00000   0.00000   0.00000   0.00000
 10.4912   0.00000   0.00000   0.00000   0.00000   0.00000   0.00000   0.00000   0.00000   0.00000   0.00000
 10.4982   0.00000   0.00000   0.00000   0.00000   0.00000   0.00000   0.00000   0.00000   0.00000   0.00000
 10.5053   0.00000   0.00000   0.00000   0.00000   0.00000   0.00000   0.00000   0.00000   0.00000   0.00000
 10.5123   0.00000   0.00000   0.00000   0.00000   0.00000   0.00000   0.00000   0.00000   0.00000   0.00000
 10.5193   0.00000   0.00000   0.00000   0.00000   0.00000   0.00000   0.00000   0.00000   0.00000   0.00000
 10.5263   0.00000   0.00000   0.00000   0.00000   0.00000   0.00000   0.00000   0.00000   0.00000   0.00000
 10.5333   0.00000   0.00000   0.00000   0.00000   0.00000   0.00000   0.00000   0.00000   0.00000   0.00000
 10.5403   0.00000   0.00000   0.00000   0.00000   0.00000   0.00000   0.00000   0.00000   0.00000   0.00000
 10.5473   0.00000   0.00000   0.00000   0.00000   0.00000   0.00000   0.00000   0.00000   0.00000   0.00000
 10.5543   0.00000   0.00000   0.00000   0.00000   0.00000   0.00000   0.00000   0.00000   0.00000   0.00000
 10.5613   0.00000   0.00000   0.00000   0.00000   0.00000   0.00000   0.00000   0.00000   0.00000   0.00000
 10.5683   0.00000   0.00000   0.00000   0.00000   0.00000   0.00000   0.00000   0.00000   0.00000   0.00000
 10.5753   0.00000   0.00000   0.00000   0.00000   0.00000   0.00000   0.00000   0.00000   0.00000   0.00000
 10.5823   0.00000   0.00000   0.00000   0.00000   0.00000   0.00000   0.00000   0.00000   0.00000   0.00000
 10.5893   0.00000   0.00000   0.00000   0.00000   0.00000   0.00000   0.00000   0.00000   0.00000   0.00000
 10.5963   0.00000   0.00000   0.00000   0.00000   0.00000   0.00000   0.00000   0.00000   0.00000   0.00000
 10.6033   0.00000   0.00000   0.00000   0.00000   0.00000   0.00000   0.00000   0.00000   0.00000   0.00000
 10.6103   0.00000   0.00000   0.00000   0.00000   0.00000   0.00000   0.00000   0.00000   0.00000   0.00000
 10.6173   0.00000   0.00000   0.00000   0.00000   0.00000   0.00000   0.00000   0.00000   0.00000   0.00000
 10.6243   0.00000   0.00000   0.00000   0.00000   0.00000   0.00000   0.00000   0.00000   0.00000   0.00000
 10.6313   0.00000   0.00000   0.00000   0.00000   0.00000   0.00000   0.00000   0.00000   0.00000   0.00000
 10.6383   0.00000   0.00000   0.00000   0.00000   0.00000   0.00000   0.00000   0.00000   0.00000   0.00000
 10.6453   0.00000   0.00000   0.00000   0.00000   0.00000   0.00000   0.00000   0.00000   0.00000   0.00000
 10.6523   0.00000   0.00000   0.00000   0.00000   0.00000   0.00000   0.00000   0.00000   0.00000   0.00000
 10.6593   0.00000   0.00000   0.00000   0.00000   0.00000   0.00000   0.00000   0.00000   0.00000   0.00000
 10.6663   0.00000   0.00000   0.00000   0.00000   0.00000   0.00000   0.00000   0.00000   0.00000   0.00000
 10.6733   0.00000   0.00000   0.00000   0.00000   0.00000   0.00000   0.00000   0.00000   0.00000   0.00000
 10.6803   0.00000   0.00000   0.00000   0.00000   0.00000   0.00000   0.00000   0.00000   0.00000   0.00000
 10.6873   0.00000   0.00000   0.00000   0.00000   0.00000   0.00000   0.00000   0.00000   0.00000   0.00000
 10.6943   0.00000   0.00000   0.00000   0.00000   0.00000   0.00000   0.00000   0.00000   0.00000   0.00000
 10.7014   0.00000   0.00000   0.00000   0.00000   0.00000   0.00000   0.00000   0.00000   0.00000   0.00000
 10.7084   0.00000   0.00000   0.00000   0.00000   0.00000   0.00000   0.00000   0.00000   0.00000   0.00000
 10.7154   0.00000   0.00000   0.00000   0.00000   0.00000   0.00000   0.00000   0.00000   0.00000   0.00000
 10.7224   0.00000   0.00000   0.00000   0.00000   0.00000   0.00000   0.00000   0.00000   0.00000   0.00000
 10.7294   0.00000   0.00000   0.00000   0.00000   0.00000   0.00000   0.00000   0.00000   0.00000   0.00000
 10.7364   0.00000   0.00000   0.00000   0.00000   0.00000   0.00000   0.00000   0.00000   0.00000   0.00000
 10.7434   0.00000   0.00000   0.00000   0.00000   0.00000   0.00000   0.00000   0.00000   0.00000   0.00000
 10.7504   0.00000   0.00000   0.00000   0.00000   0.00000   0.00000   0.00000   0.00000   0.00000   0.00000
 10.7574   0.00000   0.00000   0.00000   0.00000   0.00000   0.00000   0.00000   0.00000   0.00000   0.00000
 10.7644   0.00000   0.00000   0.00000   0.00000   0.00000   0.00000   0.00000   0.00000   0.00000   0.00000
 10.7714   0.00000   0.00000   0.00000   0.00000   0.00000   0.00000   0.00000   0.00000   0.00000   0.00000
 10.7784   0.00000   0.00000   0.00000   0.00000   0.00000   0.00000   0.00000   0.00000   0.00000   0.00000
 10.7854   0.00000   0.00000   0.00000   0.00000   0.00000   0.00000   0.00000   0.00000   0.00000   0.00000
 10.7924   0.00000   0.00000   0.00000   0.00000   0.00000   0.00000   0.00000   0.00000   0.00000   0.00000
 10.7994   0.00000   0.00000   0.00000   0.00000   0.00000   0.00000   0.00000   0.00000   0.00000   0.00000
 10.8064   0.00000   0.00000   0.00000   0.00000   0.00000   0.00000   0.00000   0.00000   0.00000   0.00000
 10.8134   0.00000   0.00000   0.00000   0.00000   0.00000   0.00000   0.00000   0.00000   0.00000   0.00000
 10.8204   0.00000   0.00000   0.00000   0.00000   0.00000   0.00000   0.00000   0.00000   0.00000   0.00000
 10.8274   0.00000   0.00000   0.00000   0.00000   0.00000   0.00000   0.00000   0.00000   0.00000   0.00000
 10.8344   0.00000   0.00000   0.00000   0.00000   0.00000   0.00000   0.00000   0.00000   0.00000   0.00000
 10.8414   0.00000   0.00000   0.00000   0.00000   0.00000   0.00000   0.00000   0.00000   0.00000   0.00000
 10.8484   0.00000   0.00000   0.00000   0.00000   0.00000   0.00000   0.00000   0.00000   0.00000   0.00000
 10.8554   0.00000   0.00000   0.00000   0.00000   0.00000   0.00000   0.00000   0.00000   0.00000   0.00000
 10.8624   0.00000   0.00000   0.00000   0.00000   0.00000   0.00000   0.00000   0.00000   0.00000   0.00000
 10.8694   0.00000   0.00000   0.00000   0.00000   0.00000   0.00000   0.00000   0.00000   0.00000   0.00000
 10.8764   0.00000   0.00000   0.00000   0.00000   0.00000   0.00000   0.00000   0.00000   0.00000   0.00000
 10.8834   0.00000   0.00000   0.00000   0.00000   0.00000   0.00000   0.00000   0.00000   0.00000   0.00000
 10.8904   0.00000   0.00000   0.00000   0.00000   0.00000   0.00000   0.00000   0.00000   0.00000   0.00000
 10.8974   0.00000   0.00000   0.00000   0.00000   0.00000   0.00000   0.00000   0.00000   0.00000   0.00000
 10.9045   0.00000   0.00000   0.00000   0.00000   0.00000   0.00000   0.00000   0.00000   0.00000   0.00000
 10.9115   0.00000   0.00000   0.00000   0.00000   0.00000   0.00000   0.00000   0.00000   0.00000   0.00000
 10.9185   0.00000   0.00000   0.00000   0.00000   0.00000   0.00000   0.00000   0.00000   0.00000   0.00000
 10.9255   0.00000   0.00000   0.00000   0.00000   0.00000   0.00000   0.00000   0.00000   0.00000   0.00000
 10.9325   0.00000   0.00000   0.00000   0.00000   0.00000   0.00000   0.00000   0.00000   0.00000   0.00000
 10.9395   0.00000   0.00000   0.00000   0.00000   0.00000   0.00000   0.00000   0.00000   0.00000   0.00000
 10.9465   0.00000   0.00000   0.00000   0.00000   0.00000   0.00000   0.00000   0.00000   0.00000   0.00000
 10.9535   0.00000   0.00000   0.00000   0.00000   0.00000   0.00000   0.00000   0.00000   0.00000   0.00000
 10.9605   0.00000   0.00000   0.00000   0.00000   0.00000   0.00000   0.00000   0.00000   0.00000   0.00000
 10.9675   0.00000   0.00000   0.00000   0.00000   0.00000   0.00000   0.00000   0.00000   0.00000   0.00000
 10.9745   0.00000   0.00000   0.00000   0.00000   0.00000   0.00000   0.00000   0.00000   0.00000   0.00000
 10.9815   0.00000   0.00000   0.00000   0.00000   0.00000   0.00000   0.00000   0.00000   0.00000   0.00000
 10.9885   0.00000   0.00000   0.00000   0.00000   0.00000   0.00000   0.00000   0.00000   0.00000   0.00000
 10.9955   0.00000   0.00000   0.00000   0.00000   0.00000   0.00000   0.00000   0.00000   0.00000   0.00000
 11.0025   0.00000   0.00000   0.00000   0.00000   0.00000   0.00000   0.00000   0.00000   0.00000   0.00000
 11.0095   0.00000   0.00000   0.00000   0.00000   0.00000   0.00000   0.00000   0.00000   0.00000   0.00000
 11.0165   0.00000   0.00000   0.00000   0.00000   0.00000   0.00000   0.00000   0.00000   0.00000   0.00000
 11.0235   0.00000   0.00000   0.00000   0.00000   0.00000   0.00000   0.00000   0.00000   0.00000   0.00000
 11.0305   0.00000   0.00000   0.00000   0.00000   0.00000   0.00000   0.00000   0.00000   0.00000   0.00000
 11.0375   0.00000   0.00000   0.00000   0.00000   0.00000   0.00000   0.00000   0.00000   0.00000   0.00000
 11.0445   0.00000   0.00000   0.00000   0.00000   0.00000   0.00000   0.00000   0.00000   0.00000   0.00000
 11.0515   0.00000   0.00000   0.00000   0.00000   0.00000   0.00000   0.00000   0.00000   0.00000   0.00000
 11.0585   0.00000   0.00000   0.00000   0.00000   0.00000   0.00000   0.00000   0.00000   0.00000   0.00000
 11.0655   0.00000   0.00000   0.00000   0.00000   0.00000   0.00000   0.00000   0.00000   0.00000   0.00000
 11.0725   0.00000   0.00000   0.00000   0.00000   0.00000   0.00000   0.00000   0.00000   0.00000   0.00000
 11.0795   0.00000   0.00000   0.00000   0.00000   0.00000   0.00000   0.00000   0.00000   0.00000   0.00000
 11.0865   0.00000   0.00000   0.00000   0.00000   0.00000   0.00000   0.00000   0.00000   0.00000   0.00000
 11.0935   0.00000   0.00000   0.00000   0.00000   0.00000   0.00000   0.00000   0.00000   0.00000   0.00000
 11.1006   0.00000   0.00000   0.00000   0.00000   0.00000   0.00000   0.00000   0.00000   0.00000   0.00000
 11.1076   0.00000   0.00000   0.00000   0.00000   0.00000   0.00000   0.00000   0.00000   0.00000   0.00000
 11.1146   0.00000   0.00000   0.00000   0.00000   0.00000   0.00000   0.00000   0.00000   0.00000   0.00000
 11.1216   0.00000   0.00000   0.00000   0.00000   0.00000   0.00000   0.00000   0.00000   0.00000   0.00000
 11.1286   0.00000   0.00000   0.00000   0.00000   0.00000   0.00000   0.00000   0.00000   0.00000   0.00000
 11.1356   0.00000   0.00000   0.00000   0.00000   0.00000   0.00000   0.00000   0.00000   0.00000   0.00000
 11.1426   0.00000   0.00000   0.00000   0.00000   0.00000   0.00000   0.00000   0.00000   0.00000   0.00000
 11.1496   0.00000   0.00000   0.00000   0.00000   0.00000   0.00000   0.00000   0.00000   0.00000   0.00000
 11.1566   0.00000   0.00000   0.00000   0.00000   0.00000   0.00000   0.00000   0.00000   0.00000   0.00000
 11.1636   0.00000   0.00000   0.00000   0.00000   0.00000   0.00000   0.00000   0.00000   0.00000   0.00000
 11.1706   0.00000   0.00000   0.00000   0.00000   0.00000   0.00000   0.00000   0.00000   0.00000   0.00000
 11.1776   0.00000   0.00000   0.00000   0.00000   0.00000   0.00000   0.00000   0.00000   0.00000   0.00000
 11.1846   0.00000   0.00000   0.00000   0.00000   0.00000   0.00000   0.00000   0.00000   0.00000   0.00000
 11.1916   0.00000   0.00000   0.00000   0.00000   0.00000   0.00000   0.00000   0.00000   0.00000   0.00000
 11.1986   0.00000   0.00000   0.00000   0.00000   0.00000   0.00000   0.00000   0.00000   0.00000   0.00000
 11.2056   0.00000   0.00000   0.00000   0.00000   0.00000   0.00000   0.00000   0.00000   0.00000   0.00000
 11.2126   0.00000   0.00000   0.00000   0.00000   0.00000   0.00000   0.00000   0.00000   0.00000   0.00000
 11.2196   0.00000   0.00000   0.00000   0.00000   0.00000   0.00000   0.00000   0.00000   0.00000   0.00000
 11.2266   0.00000   0.00000   0.00000   0.00000   0.00000   0.00000   0.00000   0.00000   0.00000   0.00000
 11.2336   0.00000   0.00000   0.00000   0.00000   0.00000   0.00000   0.00000   0.00000   0.00000   0.00000
 11.2406   0.00000   0.00000   0.00000   0.00000   0.00000   0.00000   0.00000   0.00000   0.00000   0.00000
 11.2476   0.00000   0.00000   0.00000   0.00000   0.00000   0.00000   0.00000   0.00000   0.00000   0.00000
 11.2546   0.00000   0.00000   0.00000   0.00000   0.00000   0.00000   0.00000   0.00000   0.00000   0.00000
 11.2616   0.00000   0.00000   0.00000   0.00000   0.00000   0.00000   0.00000   0.00000   0.00000   0.00000
 11.2686   0.00000   0.00000   0.00000   0.00000   0.00000   0.00000   0.00000   0.00000   0.00000   0.00000
 11.2756   0.00000   0.00000   0.00000   0.00000   0.00000   0.00000   0.00000   0.00000   0.00000   0.00000
 11.2826   0.00000   0.00000   0.00000   0.00000   0.00000   0.00000   0.00000   0.00000   0.00000   0.00000
 11.2896   0.00000   0.00000   0.00000   0.00000   0.00000   0.00000   0.00000   0.00000   0.00000   0.00000
 11.2966   0.00000   0.00000   0.00000   0.00000   0.00000   0.00000   0.00000   0.00000   0.00000   0.00000
 11.3037   0.00000   0.00000   0.00000   0.00000   0.00000   0.00000   0.00000   0.00000   0.00000   0.00000
 11.3107   0.00000   0.00000   0.00000   0.00000   0.00000   0.00000   0.00000   0.00000   0.00000   0.00000
 11.3177   0.00000   0.00000   0.00000   0.00000   0.00000   0.00000   0.00000   0.00000   0.00000   0.00000
 11.3247   0.00000   0.00000   0.00000   0.00000   0.00000   0.00000   0.00000   0.00000   0.00000   0.00000
 11.3317   0.00000   0.00000   0.00000   0.00000   0.00000   0.00000   0.00000   0.00000   0.00000   0.00000
 11.3387   0.00000   0.00000   0.00000   0.00000   0.00000   0.00000   0.00000   0.00000   0.00000   0.00000
 11.3457   0.00000   0.00000   0.00000   0.00000   0.00000   0.00000   0.00000   0.00000   0.00000   0.00000
 11.3527   0.00000   0.00000   0.00000   0.00000   0.00000   0.00000   0.00000   0.00000   0.00000   0.00000
 11.3597   0.00000   0.00000   0.00000   0.00000   0.00000   0.00000   0.00000   0.00000   0.00000   0.00000
 11.3667   0.00000   0.00000   0.00000   0.00000   0.00000   0.00000   0.00000   0.00000   0.00000   0.00000
 11.3737   0.00000   0.00000   0.00000   0.00000   0.00000   0.00000   0.00000   0.00000   0.00000   0.00000
 11.3807   0.00000   0.00000   0.00000   0.00000   0.00000   0.00000   0.00000   0.00000   0.00000   0.00000
 11.3877   0.00000   0.00000   0.00000   0.00000   0.00000   0.00000   0.00000   0.00000   0.00000   0.00000
 11.3947   0.00000   0.00000   0.00000   0.00000   0.00000   0.00000   0.00000   0.00000   0.00000   0.00000
 11.4017   0.00000   0.00000   0.00000   0.00000   0.00000   0.00000   0.00000   0.00000   0.00000   0.00000
 11.4087   0.00000   0.00000   0.00000   0.00000   0.00000   0.00000   0.00000   0.00000   0.00000   0.00000
 11.4157   0.00000   0.00000   0.00000   0.00000   0.00000   0.00000   0.00000   0.00000   0.00000   0.00000
 11.4227   0.00000   0.00000   0.00000   0.00000   0.00000   0.00000   0.00000   0.00000   0.00000   0.00000
 11.4297   0.00000   0.00000   0.00000   0.00000   0.00000   0.00000   0.00000   0.00000   0.00000   0.00000
 11.4367   0.00000   0.00000   0.00000   0.00000   0.00000   0.00000   0.00000   0.00000   0.00000   0.00000
 11.4437   0.00000   0.00000   0.00000   0.00000   0.00000   0.00000   0.00000   0.00000   0.00000   0.00000
 11.4507   0.00000   0.00000   0.00000   0.00000   0.00000   0.00000   0.00000   0.00000   0.00000   0.00000
 11.4577   0.00000   0.00000   0.00000   0.00000   0.00000   0.00000   0.00000   0.00000   0.00000   0.00000
 11.4647   0.00000   0.00000   0.00000   0.00000   0.00000   0.00000   0.00000   0.00000   0.00000   0.00000
 11.4717   0.00000   0.00000   0.00000   0.00000   0.00000   0.00000   0.00000   0.00000   0.00000   0.00000
 11.4787   0.00000   0.00000   0.00000   0.00000   0.00000   0.00000   0.00000   0.00000   0.00000   0.00000
 11.4857   0.00000   0.00000   0.00000   0.00000   0.00000   0.00000   0.00000   0.00000   0.00000   0.00000
 11.4927   0.00000   0.00000   0.00000   0.00000   0.00000   0.00000   0.00000   0.00000   0.00000   0.00000
 11.4997   0.00000   0.00000   0.00000   0.00000   0.00000   0.00000   0.00000   0.00000   0.00000   0.00000
 11.5068   0.00000   0.00000   0.00000   0.00000   0.00000   0.00000   0.00000   0.00000   0.00000   0.00000
 11.5138   0.00000   0.00000   0.00000   0.00000   0.00000   0.00000   0.00000   0.00000   0.00000   0.00000
 11.5208   0.00000   0.00000   0.00000   0.00000   0.00000   0.00000   0.00000   0.00000   0.00000   0.00000
 11.5278   0.00000   0.00000   0.00000   0.00000   0.00000   0.00000   0.00000   0.00000   0.00000   0.00000
 11.5348   0.00000   0.00000   0.00000   0.00000   0.00000   0.00000   0.00000   0.00000   0.00000   0.00000
 11.5418   0.00000   0.00000   0.00000   0.00000   0.00000   0.00000   0.00000   0.00000   0.00000   0.00000
 11.5488   0.00000   0.00000   0.00000   0.00000   0.00000   0.00000   0.00000   0.00000   0.00000   0.00000
 11.5558   0.00000   0.00000   0.00000   0.00000   0.00000   0.00000   0.00000   0.00000   0.00000   0.00000
 11.5628   0.00000   0.00000   0.00000   0.00000   0.00000   0.00000   0.00000   0.00000   0.00000   0.00000
 11.5698   0.00000   0.00000   0.00000   0.00000   0.00000   0.00000   0.00000   0.00000   0.00000   0.00000
 11.5768   0.00000   0.00000   0.00000   0.00000   0.00000   0.00000   0.00000   0.00000   0.00000   0.00000
 11.5838   0.00000   0.00000   0.00000   0.00000   0.00000   0.00000   0.00000   0.00000   0.00000   0.00000
 11.5908   0.00000   0.00000   0.00000   0.00000   0.00000   0.00000   0.00000   0.00000   0.00000   0.00000
 11.5978   0.00000   0.00000   0.00000   0.00000   0.00000   0.00000   0.00000   0.00000   0.00000   0.00000
 11.6048   0.00000   0.00000   0.00000   0.00000   0.00000   0.00000   0.00000   0.00000   0.00000   0.00000
 11.6118   0.00000   0.00000   0.00000   0.00000   0.00000   0.00000   0.00000   0.00000   0.00000   0.00000
 11.6188   0.00000   0.00000   0.00000   0.00000   0.00000   0.00000   0.00000   0.00000   0.00000   0.00000
 11.6258   0.00000   0.00000   0.00000   0.00000   0.00000   0.00000   0.00000   0.00000   0.00000   0.00000
 11.6328   0.00000   0.00000   0.00000   0.00000   0.00000   0.00000   0.00000   0.00000   0.00000   0.00000
 11.6398   0.00000   0.00000   0.00000   0.00000   0.00000   0.00000   0.00000   0.00000   0.00000   0.00000
 11.6468   0.00000   0.00000   0.00000   0.00000   0.00000   0.00000   0.00000   0.00000   0.00000   0.00000
 11.6538   0.00000   0.00000   0.00000   0.00000   0.00000   0.00000   0.00000   0.00000   0.00000   0.00000
 11.6608   0.00000   0.00000   0.00000   0.00000   0.00000   0.00000   0.00000   0.00000   0.00000   0.00000
 11.6678   0.00000   0.00000   0.00000   0.00000   0.00000   0.00000   0.00000   0.00000   0.00000   0.00000
 11.6748   0.00000   0.00000   0.00000   0.00000   0.00000   0.00000   0.00000   0.00000   0.00000   0.00000
 11.6818   0.00000   0.00000   0.00000   0.00000   0.00000   0.00000   0.00000   0.00000   0.00000   0.00000
 11.6888   0.00000   0.00000   0.00000   0.00000   0.00000   0.00000   0.00000   0.00000   0.00000   0.00000
 11.6958   0.00000   0.00000   0.00000   0.00000   0.00000   0.00000   0.00000   0.00000   0.00000   0.00000
 11.7029   0.00000   0.00000   0.00000   0.00000   0.00000   0.00000   0.00000   0.00000   0.00000   0.00000
 11.7099   0.00000   0.00000   0.00000   0.00000   0.00000   0.00000   0.00000   0.00000   0.00000   0.00000
 11.7169   0.00000   0.00000   0.00000   0.00000   0.00000   0.00000   0.00000   0.00000   0.00000   0.00000
 11.7239   0.00000   0.00000   0.00000   0.00000   0.00000   0.00000   0.00000   0.00000   0.00000   0.00000
 11.7309   0.00000   0.00000   0.00000   0.00000   0.00000   0.00000   0.00000   0.00000   0.00000   0.00000
 11.7379   0.00000   0.00000   0.00000   0.00000   0.00000   0.00000   0.00000   0.00000   0.00000   0.00000
 11.7449   0.00000   0.00000   0.00000   0.00000   0.00000   0.00000   0.00000   0.00000   0.00000   0.00000
 11.7519   0.00000   0.00000   0.00000   0.00000   0.00000   0.00000   0.00000   0.00000   0.00000   0.00000
 11.7589   0.00000   0.00000   0.00000   0.00000   0.00000   0.00000   0.00000   0.00000   0.00000   0.00000
 11.7659   0.00000   0.00000   0.00000   0.00000   0.00000   0.00000   0.00000   0.00000   0.00000   0.00000
 11.7729   0.00000   0.00000   0.00000   0.00000   0.00000   0.00000   0.00000   0.00000   0.00000   0.00000
 11.7799   0.00000   0.00000   0.00000   0.00000   0.00000   0.00000   0.00000   0.00000   0.00000   0.00000
 11.7869   0.00000   0.00000   0.00000   0.00000   0.00000   0.00000   0.00000   0.00000   0.00000   0.00000
 11.7939   0.00000   0.00000   0.00000   0.00000   0.00000   0.00000   0.00000   0.00000   0.00000   0.00000
 11.8009   0.00000   0.00000   0.00000   0.00000   0.00000   0.00000   0.00000   0.00000   0.00000   0.00000
 11.8079   0.00000   0.00000   0.00000   0.00000   0.00000   0.00000   0.00000   0.00000   0.00000   0.00000
 11.8149   0.00000   0.00000   0.00000   0.00000   0.00000   0.00000   0.00000   0.00000   0.00000   0.00000
 11.8219   0.00000   0.00000   0.00000   0.00000   0.00000   0.00000   0.00000   0.00000   0.00000   0.00000
 11.8289   0.00000   0.00000   0.00000   0.00000   0.00000   0.00000   0.00000   0.00000   0.00000   0.00000
 11.8359   0.00000   0.00000   0.00000   0.00000   0.00000   0.00000   0.00000   0.00000   0.00000   0.00000
 11.8429   0.00000   0.00000   0.00000   0.00000   0.00000   0.00000   0.00000   0.00000   0.00000   0.00000
 11.8499   0.00000   0.00000   0.00000   0.00000   0.00000   0.00000   0.00000   0.00000   0.00000   0.00000
 11.8569   0.00000   0.00000   0.00000   0.00000   0.00000   0.00000   0.00000   0.00000   0.00000   0.00000
 11.8639   0.00000   0.00000   0.00000   0.00000   0.00000   0.00000   0.00000   0.00000   0.00000   0.00000
 11.8709   0.00000   0.00000   0.00000   0.00000   0.00000   0.00000   0.00000   0.00000   0.00000   0.00000
 11.8779   0.00000   0.00000   0.00000   0.00000   0.00000   0.00000   0.00000   0.00000   0.00000   0.00000
 11.8849   0.00000   0.00000   0.00000   0.00000   0.00000   0.00000   0.00000   0.00000   0.00000   0.00000
 11.8919   0.00000   0.00000   0.00000   0.00000   0.00000   0.00000   0.00000   0.00000   0.00000   0.00000
 11.8989   0.00000   0.00000   0.00000   0.00000   0.00000   0.00000   0.00000   0.00000   0.00000   0.00000
 11.9060   0.00000   0.00000   0.00000   0.00000   0.00000   0.00000   0.00000   0.00000   0.00000   0.00000
 11.9130   0.00000   0.00000   0.00000   0.00000   0.00000   0.00000   0.00000   0.00000   0.00000   0.00000
 11.9200   0.00000   0.00000   0.00000   0.00000   0.00000   0.00000   0.00000   0.00000   0.00000   0.00000
 11.9270   0.00000   0.00000   0.00000   0.00000   0.00000   0.00000   0.00000   0.00000   0.00000   0.00000
 11.9340   0.00000   0.00000   0.00000   0.00000   0.00000   0.00000   0.00000   0.00000   0.00000   0.00000
 11.9410   0.00000   0.00000   0.00000   0.00000   0.00000   0.00000   0.00000   0.00000   0.00000   0.00000
 11.9480   0.00000   0.00000   0.00000   0.00000   0.00000   0.00000   0.00000   0.00000   0.00000   0.00000
 11.9550   0.00000   0.00000   0.00000   0.00000   0.00000   0.00000   0.00000   0.00000   0.00000   0.00000
 11.9620   0.00000   0.00000   0.00000   0.00000   0.00000   0.00000   0.00000   0.00000   0.00000   0.00000
 11.9690   0.00000   0.00000   0.00000   0.00000   0.00000   0.00000   0.00000   0.00000   0.00000   0.00000
 11.9760   0.00000   0.00000   0.00000   0.00000   0.00000   0.00000   0.00000   0.00000   0.00000   0.00000
 11.9830   0.00000   0.00000   0.00000   0.00000   0.00000   0.00000   0.00000   0.00000   0.00000   0.00000
 11.9900   0.00000   0.00000   0.00000   0.00000   0.00000   0.00000   0.00000   0.00000   0.00000   0.00000
 11.9970   0.00000   0.00000   0.00000   0.00000   0.00000   0.00000   0.00000   0.00000   0.00000   0.00000
 12.0040   0.00000   0.00000   0.00000   0.00000   0.00000   0.00000   0.00000   0.00000   0.00000   0.00000
 12.0110   0.00000   0.00000   0.00000   0.00000   0.00000   0.00000   0.00000   0.00000   0.00000   0.00000
 12.0180   0.00000   0.00000   0.00000   0.00000   0.00000   0.00000   0.00000   0.00000   0.00000   0.00000
 12.0250   0.00000   0.00000   0.00000   0.00000   0.00000   0.00000   0.00000   0.00000   0.00000   0.00000
 12.0320   0.00000   0.00000   0.00000   0.00000   0.00000   0.00000   0.00000   0.00000   0.00000   0.00000
 12.0390   0.00000   0.00000   0.00000   0.00000   0.00000   0.00000   0.00000   0.00000   0.00000   0.00000
 12.0460   0.00000   0.00000   0.00000   0.00000   0.00000   0.00000   0.00000   0.00000   0.00000   0.00000
 12.0530   0.00000   0.00000   0.00000   0.00000   0.00000   0.00000   0.00000   0.00000   0.00000   0.00000
 12.0600   0.00000   0.00000   0.00000   0.00000   0.00000   0.00000   0.00000   0.00000   0.00000   0.00000
 12.0670   0.00000   0.00000   0.00000   0.00000   0.00000   0.00000   0.00000   0.00000   0.00000   0.00000
 12.0740   0.00000   0.00000   0.00000   0.00000   0.00000   0.00000   0.00000   0.00000   0.00000   0.00000
 12.0810   0.00000   0.00000   0.00000   0.00000   0.00000   0.00000   0.00000   0.00000   0.00000   0.00000
 12.0880   0.00000   0.00000   0.00000   0.00000   0.00000   0.00000   0.00000   0.00000   0.00000   0.00000
 12.0950   0.00000   0.00000   0.00000   0.00000   0.00000   0.00000   0.00000   0.00000   0.00000   0.00000
 12.1021   0.00000   0.00000   0.00000   0.00000   0.00000   0.00000   0.00000   0.00000   0.00000   0.00000
 12.1091   0.00000   0.00000   0.00000   0.00000   0.00000   0.00000   0.00000   0.00000   0.00000   0.00000
 12.1161   0.00000   0.00000   0.00000   0.00000   0.00000   0.00000   0.00000   0.00000   0.00000   0.00000
 12.1231   0.00000   0.00000   0.00000   0.00000   0.00000   0.00000   0.00000   0.00000   0.00000   0.00000
 12.1301   0.00000   0.00000   0.00000   0.00000   0.00000   0.00000   0.00000   0.00000   0.00000   0.00000
 12.1371   0.00000   0.00000   0.00000   0.00000   0.00000   0.00000   0.00000   0.00000   0.00000   0.00000
 12.1441   0.00000   0.00000   0.00000   0.00000   0.00000   0.00000   0.00000   0.00000   0.00000   0.00000
 12.1511   0.00000   0.00000   0.00000   0.00000   0.00000   0.00000   0.00000   0.00000   0.00000   0.00000
 12.1581   0.00000   0.00000   0.00000   0.00000   0.00000   0.00000   0.00000   0.00000   0.00000   0.00000
 12.1651   0.00000   0.00000   0.00000   0.00000   0.00000   0.00000   0.00000   0.00000   0.00000   0.00000
 12.1721   0.00000   0.00000   0.00000   0.00000   0.00000   0.00000   0.00000   0.00000   0.00000   0.00000
 12.1791   0.00000   0.00000   0.00000   0.00000   0.00000   0.00000   0.00000   0.00000   0.00000   0.00000
 12.1861   0.00000   0.00000   0.00000   0.00000   0.00000   0.00000   0.00000   0.00000   0.00000   0.00000
 12.1931   0.00000   0.00000   0.00000   0.00000   0.00000   0.00000   0.00000   0.00000   0.00000   0.00000
 12.2001   0.00000   0.00000   0.00000   0.00000   0.00000   0.00000   0.00000   0.00000   0.00000   0.00000
 12.2071   0.00000   0.00000   0.00000   0.00000   0.00000   0.00000   0.00000   0.00000   0.00000   0.00000
 12.2141   0.00000   0.00000   0.00000   0.00000   0.00000   0.00000   0.00000   0.00000   0.00000   0.00000
 12.2211   0.00000   0.00000   0.00000   0.00000   0.00000   0.00000   0.00000   0.00000   0.00000   0.00000
 12.2281   0.00000   0.00000   0.00000   0.00000   0.00000   0.00000   0.00000   0.00000   0.00000   0.00000
 12.2351   0.00000   0.00000   0.00000   0.00000   0.00000   0.00000   0.00000   0.00000   0.00000   0.00000
 12.2421   0.00000   0.00000   0.00000   0.00000   0.00000   0.00000   0.00000   0.00000   0.00000   0.00000
 12.2491   0.00000   0.00000   0.00000   0.00000   0.00000   0.00000   0.00000   0.00000   0.00000   0.00000
 12.2561   0.00000   0.00000   0.00000   0.00000   0.00000   0.00000   0.00000   0.00000   0.00000   0.00000
 12.2631   0.00000   0.00000   0.00000   0.00000   0.00000   0.00000   0.00000   0.00000   0.00000   0.00000
 12.2701   0.00000   0.00000   0.00000   0.00000   0.00000   0.00000   0.00000   0.00000   0.00000   0.00000
 12.2771   0.00000   0.00000   0.00000   0.00000   0.00000   0.00000   0.00000   0.00000   0.00000   0.00000
 12.2841   0.00000   0.00000   0.00000   0.00000   0.00000   0.00000   0.00000   0.00000   0.00000   0.00000
 12.2911   0.00000   0.00000   0.00000   0.00000   0.00000   0.00000   0.00000   0.00000   0.00000   0.00000
 12.2981   0.00000   0.00000   0.00000   0.00000   0.00000   0.00000   0.00000   0.00000   0.00000   0.00000
 12.3052   0.00000   0.00000   0.00000   0.00000   0.00000   0.00000   0.00000   0.00000   0.00000   0.00000
 12.3122   0.00000   0.00000   0.00000   0.00000   0.00000   0.00000   0.00000   0.00000   0.00000   0.00000
 12.3192   0.00000   0.00000   0.00000   0.00000   0.00000   0.00000   0.00000   0.00000   0.00000   0.00000
 12.3262   0.00000   0.00000   0.00000   0.00000   0.00000   0.00000   0.00000   0.00000   0.00000   0.00000
 12.3332   0.00000   0.00000   0.00000   0.00000   0.00000   0.00000   0.00000   0.00000   0.00000   0.00000
 12.3402   0.00000   0.00000   0.00000   0.00000   0.00000   0.00000   0.00000   0.00000   0.00000   0.00000
 12.3472   0.00000   0.00000   0.00000   0.00000   0.00000   0.00000   0.00000   0.00000   0.00000   0.00000
 12.3542   0.00000   0.00000   0.00000   0.00000   0.00000   0.00000   0.00000   0.00000   0.00000   0.00000
 12.3612   0.00000   0.00000   0.00000   0.00000   0.00000   0.00000   0.00000   0.00000   0.00000   0.00000
 12.3682   0.00000   0.00000   0.00000   0.00000   0.00000   0.00000   0.00000   0.00000   0.00000   0.00000
 12.3752   0.00000   0.00000   0.00000   0.00000   0.00000   0.00000   0.00000   0.00000   0.00000   0.00000
 12.3822   0.00000   0.00000   0.00000   0.00000   0.00000   0.00000   0.00000   0.00000   0.00000   0.00000
 12.3892   0.00000   0.00000   0.00000   0.00000   0.00000   0.00000   0.00000   0.00000   0.00000   0.00000
 12.3962   0.00000   0.00000   0.00000   0.00000   0.00000   0.00000   0.00000   0.00000   0.00000   0.00000
 12.4032   0.00000   0.00000   0.00000   0.00000   0.00000   0.00000   0.00000   0.00000   0.00000   0.00000
 12.4102   0.00000   0.00000   0.00000   0.00000   0.00000   0.00000   0.00000   0.00000   0.00000   0.00000
 12.4172   0.00000   0.00000   0.00000   0.00000   0.00000   0.00000   0.00000   0.00000   0.00000   0.00000
 12.4242   0.00000   0.00000   0.00000   0.00000   0.00000   0.00000   0.00000   0.00000   0.00000   0.00000
 12.4312   0.00000   0.00000   0.00000   0.00000   0.00000   0.00000   0.00000   0.00000   0.00000   0.00000
 12.4382   0.00000   0.00000   0.00000   0.00000   0.00000   0.00000   0.00000   0.00000   0.00000   0.00000
 12.4452   0.00000   0.00000   0.00000   0.00000   0.00000   0.00000   0.00000   0.00000   0.00000   0.00000
 12.4522   0.00000   0.00000   0.00000   0.00000   0.00000   0.00000   0.00000   0.00000   0.00000   0.00000
 12.4592   0.00000   0.00000   0.00000   0.00000   0.00000   0.00000   0.00000   0.00000   0.00000   0.00000
 12.4662   0.00000   0.00000   0.00000   0.00000   0.00000   0.00000   0.00000   0.00000   0.00000   0.00000
 12.4732   0.00000   0.00000   0.00000   0.00000   0.00000   0.00000   0.00000   0.00000   0.00000   0.00000
 12.4802   0.00000   0.00000   0.00000   0.00000   0.00000   0.00000   0.00000   0.00000   0.00000   0.00000
 12.4872   0.00000   0.00000   0.00000   0.00000   0.00000   0.00000   0.00000   0.00000   0.00000   0.00000
 12.4942   0.00000   0.00000   0.00000   0.00000   0.00000   0.00000   0.00000   0.00000   0.00000   0.00000
 12.5013   0.00000   0.00000   0.00000   0.00000   0.00000   0.00000   0.00000   0.00000   0.00000   0.00000
 12.5083   0.00000   0.00000   0.00000   0.00000   0.00000   0.00000   0.00000   0.00000   0.00000   0.00000
 12.5153   0.00000   0.00000   0.00000   0.00000   0.00000   0.00000   0.00000   0.00000   0.00000   0.00000
 12.5223   0.00000   0.00000   0.00000   0.00000   0.00000   0.00000   0.00000   0.00000   0.00000   0.00000
 12.5293   0.00000   0.00000   0.00000   0.00000   0.00000   0.00000   0.00000   0.00000   0.00000   0.00000
 12.5363   0.00000   0.00000   0.00000   0.00000   0.00000   0.00000   0.00000   0.00000   0.00000   0.00000
 12.5433   0.00000   0.00000   0.00000   0.00000   0.00000   0.00000   0.00000   0.00000   0.00000   0.00000
 12.5503   0.00000   0.00000   0.00000   0.00000   0.00000   0.00000   0.00000   0.00000   0.00000   0.00000
 12.5573   0.00000   0.00000   0.00000   0.00000   0.00000   0.00000   0.00000   0.00000   0.00000   0.00000
 12.5643   0.00000   0.00000   0.00000   0.00000   0.00000   0.00000   0.00000   0.00000   0.00000   0.00000
 12.5713   0.00000   0.00000   0.00000   0.00000   0.00000   0.00000   0.00000   0.00000   0.00000   0.00000
 12.5783   0.00000   0.00000   0.00000   0.00000   0.00000   0.00000   0.00000   0.00000   0.00000   0.00000
 12.5853   0.00000   0.00000   0.00000   0.00000   0.00000   0.00000   0.00000   0.00000   0.00000   0.00000
 12.5923   0.00000   0.00000   0.00000   0.00000   0.00000   0.00000   0.00000   0.00000   0.00000   0.00000
 12.5993   0.00000   0.00000   0.00000   0.00000   0.00000   0.00000   0.00000   0.00000   0.00000   0.00000
 12.6063   0.00000   0.00000   0.00000   0.00000   0.00000   0.00000   0.00000   0.00000   0.00000   0.00000
 12.6133   0.00000   0.00000   0.00000   0.00000   0.00000   0.00000   0.00000   0.00000   0.00000   0.00000
 12.6203   0.00000   0.00000   0.00000   0.00000   0.00000   0.00000   0.00000   0.00000   0.00000   0.00000
 12.6273   0.00000   0.00000   0.00000   0.00000   0.00000   0.00000   0.00000   0.00000   0.00000   0.00000
 12.6343   0.00000   0.00000   0.00000   0.00000   0.00000   0.00000   0.00000   0.00000   0.00000   0.00000
 12.6413   0.00000   0.00000   0.00000   0.00000   0.00000   0.00000   0.00000   0.00000   0.00000   0.00000
 12.6483   0.00000   0.00000   0.00000   0.00000   0.00000   0.00000   0.00000   0.00000   0.00000   0.00000
 12.6553   0.00000   0.00000   0.00000   0.00000   0.00000   0.00000   0.00000   0.00000   0.00000   0.00000
 12.6623   0.00000   0.00000   0.00000   0.00000   0.00000   0.00000   0.00000   0.00000   0.00000   0.00000
 12.6693   0.00000   0.00000   0.00000   0.00000   0.00000   0.00000   0.00000   0.00000   0.00000   0.00000
 12.6763   0.00000   0.00000   0.00000   0.00000   0.00000   0.00000   0.00000   0.00000   0.00000   0.00000
 12.6833   0.00000   0.00000   0.00000   0.00000   0.00000   0.00000   0.00000   0.00000   0.00000   0.00000
 12.6903   0.00000   0.00000   0.00000   0.00000   0.00000   0.00000   0.00000   0.00000   0.00000   0.00000
 12.6973   0.00000   0.00000   0.00000   0.00000   0.00000   0.00000   0.00000   0.00000   0.00000   0.00000
 12.7044   0.00000   0.00000   0.00000   0.00000   0.00000   0.00000   0.00000   0.00000   0.00000   0.00000
 12.7114   0.00000   0.00000   0.00000   0.00000   0.00000   0.00000   0.00000   0.00000   0.00000   0.00000
 12.7184   0.00000   0.00000   0.00000   0.00000   0.00000   0.00000   0.00000   0.00000   0.00000   0.00000
 12.7254   0.00000   0.00000   0.00000   0.00000   0.00000   0.00000   0.00000   0.00000   0.00000   0.00000
 12.7324   0.00000   0.00000   0.00000   0.00000   0.00000   0.00000   0.00000   0.00000   0.00000   0.00000
 12.7394   0.00000   0.00000   0.00000   0.00000   0.00000   0.00000   0.00000   0.00000   0.00000   0.00000
 12.7464   0.00000   0.00000   0.00000   0.00000   0.00000   0.00000   0.00000   0.00000   0.00000   0.00000
 12.7534   0.00000   0.00000   0.00000   0.00000   0.00000   0.00000   0.00000   0.00000   0.00000   0.00000
 12.7604   0.00000   0.00000   0.00000   0.00000   0.00000   0.00000   0.00000   0.00000   0.00000   0.00000
 12.7674   0.00000   0.00000   0.00000   0.00000   0.00000   0.00000   0.00000   0.00000   0.00000   0.00000
 12.7744   0.00000   0.00000   0.00000   0.00000   0.00000   0.00000   0.00000   0.00000   0.00000   0.00000
 12.7814   0.00000   0.00000   0.00000   0.00000   0.00000   0.00000   0.00000   0.00000   0.00000   0.00000
 12.7884   0.00000   0.00000   0.00000   0.00000   0.00000   0.00000   0.00000   0.00000   0.00000   0.00000
 12.7954   0.00000   0.00000   0.00000   0.00000   0.00000   0.00000   0.00000   0.00000   0.00000   0.00000
 12.8024   0.00000   0.00000   0.00000   0.00000   0.00000   0.00000   0.00000   0.00000   0.00000   0.00000
 12.8094   0.00000   0.00000   0.00000   0.00000   0.00000   0.00000   0.00000   0.00000   0.00000   0.00000
 12.8164   0.00000   0.00000   0.00000   0.00000   0.00000   0.00000   0.00000   0.00000   0.00000   0.00000
 12.8234   0.00000   0.00000   0.00000   0.00000   0.00000   0.00000   0.00000   0.00000   0.00000   0.00000
 12.8304   0.00000   0.00000   0.00000   0.00000   0.00000   0.00000   0.00000   0.00000   0.00000   0.00000
 12.8374   0.00000   0.00000   0.00000   0.00000   0.00000   0.00000   0.00000   0.00000   0.00000   0.00000
 12.8444   0.00000   0.00000   0.00000   0.00000   0.00000   0.00000   0.00000   0.00000   0.00000   0.00000
 12.8514   0.00000   0.00000   0.00000   0.00000   0.00000   0.00000   0.00000   0.00000   0.00000   0.00000
 12.8584   0.00000   0.00000   0.00000   0.00000   0.00000   0.00000   0.00000   0.00000   0.00000   0.00000
 12.8654   0.00000   0.00000   0.00000   0.00000   0.00000   0.00000   0.00000   0.00000   0.00000   0.00000
 12.8724   0.00000   0.00000   0.00000   0.00000   0.00000   0.00000   0.00000   0.00000   0.00000   0.00000
 12.8794   0.00000   0.00000   0.00000   0.00000   0.00000   0.00000   0.00000   0.00000   0.00000   0.00000
 12.8864   0.00000   0.00000   0.00000   0.00000   0.00000   0.00000   0.00000   0.00000   0.00000   0.00000
 12.8934   0.00000   0.00000   0.00000   0.00000   0.00000   0.00000   0.00000   0.00000   0.00000   0.00000
 12.9005   0.00000   0.00000   0.00000   0.00000   0.00000   0.00000   0.00000   0.00000   0.00000   0.00000
 12.9075   0.00000   0.00000   0.00000   0.00000   0.00000   0.00000   0.00000   0.00000   0.00000   0.00000
 12.9145   0.00000   0.00000   0.00000   0.00000   0.00000   0.00000   0.00000   0.00000   0.00000   0.00000
 12.9215   0.00000   0.00000   0.00000   0.00000   0.00000   0.00000   0.00000   0.00000   0.00000   0.00000
 12.9285   0.00000   0.00000   0.00000   0.00000   0.00000   0.00000   0.00000   0.00000   0.00000   0.00000
 12.9355   0.00000   0.00000   0.00000   0.00000   0.00000   0.00000   0.00000   0.00000   0.00000   0.00000
 12.9425   0.00000   0.00000   0.00000   0.00000   0.00000   0.00000   0.00000   0.00000   0.00000   0.00000
 12.9495   0.00000   0.00000   0.00000   0.00000   0.00000   0.00000   0.00000   0.00000   0.00000   0.00000
 12.9565   0.00000   0.00000   0.00000   0.00000   0.00000   0.00000   0.00000   0.00000   0.00000   0.00000
 12.9635   0.00000   0.00000   0.00000   0.00000   0.00000   0.00000   0.00000   0.00000   0.00000   0.00000
 12.9705   0.00000   0.00000   0.00000   0.00000   0.00000   0.00000   0.00000   0.00000   0.00000   0.00000
 12.9775   0.00000   0.00000   0.00000   0.00000   0.00000   0.00000   0.00000   0.00000   0.00000   0.00000
 12.9845   0.00000   0.00000   0.00000   0.00000   0.00000   0.00000   0.00000   0.00000   0.00000   0.00000
 12.9915   0.00000   0.00000   0.00000   0.00000   0.00000   0.00000   0.00000   0.00000   0.00000   0.00000
 12.9985   0.00000   0.00000   0.00000   0.00000   0.00000   0.00000   0.00000   0.00000   0.00000   0.00000
 13.0055   0.00000   0.00000   0.00000   0.00000   0.00000   0.00000   0.00000   0.00000   0.00000   0.00000
 13.0125   0.00000   0.00000   0.00000   0.00000   0.00000   0.00000   0.00000   0.00000   0.00000   0.00000
 13.0195   0.00000   0.00000   0.00000   0.00000   0.00000   0.00000   0.00000   0.00000   0.00000   0.00000
 13.0265   0.00000   0.00000   0.00000   0.00000   0.00000   0.00000   0.00000   0.00000   0.00000   0.00000
 13.0335   0.00000   0.00000   0.00000   0.00000   0.00000   0.00000   0.00000   0.00000   0.00000   0.00000
 13.0405   0.00000   0.00000   0.00000   0.00000   0.00000   0.00000   0.00000   0.00000   0.00000   0.00000
 13.0475   0.00000   0.00000   0.00000   0.00000   0.00000   0.00000   0.00000   0.00000   0.00000   0.00000
 13.0545   0.00000   0.00000   0.00000   0.00000   0.00000   0.00000   0.00000   0.00000   0.00000   0.00000
 13.0615   0.00000   0.00000   0.00000   0.00000   0.00000   0.00000   0.00000   0.00000   0.00000   0.00000
 13.0685   0.00000   0.00000   0.00000   0.00000   0.00000   0.00000   0.00000   0.00000   0.00000   0.00000
 13.0755   0.00000   0.00000   0.00000   0.00000   0.00000   0.00000   0.00000   0.00000   0.00000   0.00000
 13.0825   0.00000   0.00000   0.00000   0.00000   0.00000   0.00000   0.00000   0.00000   0.00000   0.00000
 13.0895   0.00000   0.00000   0.00000   0.00000   0.00000   0.00000   0.00000   0.00000   0.00000   0.00000
 13.0965   0.00000   0.00000   0.00000   0.00000   0.00000   0.00000   0.00000   0.00000   0.00000   0.00000
 13.1036   0.00000   0.00000   0.00000   0.00000   0.00000   0.00000   0.00000   0.00000   0.00000   0.00000
 13.1106   0.00000   0.00000   0.00000   0.00000   0.00000   0.00000   0.00000   0.00000   0.00000   0.00000
 13.1176   0.00000   0.00000   0.00000   0.00000   0.00000   0.00000   0.00000   0.00000   0.00000   0.00000
 13.1246   0.00000   0.00000   0.00000   0.00000   0.00000   0.00000   0.00000   0.00000   0.00000   0.00000
 13.1316   0.00000   0.00000   0.00000   0.00000   0.00000   0.00000   0.00000   0.00000   0.00000   0.00000
 13.1386   0.00000   0.00000   0.00000   0.00000   0.00000   0.00000   0.00000   0.00000   0.00000   0.00000
 13.1456   0.00000   0.00000   0.00000   0.00000   0.00000   0.00000   0.00000   0.00000   0.00000   0.00000
 13.1526   0.00000   0.00000   0.00000   0.00000   0.00000   0.00000   0.00000   0.00000   0.00000   0.00000
 13.1596   0.00000   0.00000   0.00000   0.00000   0.00000   0.00000   0.00000   0.00000   0.00000   0.00000
 13.1666   0.00000   0.00000   0.00000   0.00000   0.00000   0.00000   0.00000   0.00000   0.00000   0.00000
 13.1736   0.00000   0.00000   0.00000   0.00000   0.00000   0.00000   0.00000   0.00000   0.00000   0.00000
 13.1806   0.00000   0.00000   0.00000   0.00000   0.00000   0.00000   0.00000   0.00000   0.00000   0.00000
 13.1876   0.00000   0.00000   0.00000   0.00000   0.00000   0.00000   0.00000   0.00000   0.00000   0.00000
 13.1946   0.00000   0.00000   0.00000   0.00000   0.00000   0.00000   0.00000   0.00000   0.00000   0.00000
 13.2016   0.00000   0.00000   0.00000   0.00000   0.00000   0.00000   0.00000   0.00000   0.00000   0.00000
 13.2086   0.00000   0.00000   0.00000   0.00000   0.00000   0.00000   0.00000   0.00000   0.00000   0.00000
 13.2156   0.00000   0.00000   0.00000   0.00000   0.00000   0.00000   0.00000   0.00000   0.00000   0.00000
 13.2226   0.00000   0.00000   0.00000   0.00000   0.00000   0.00000   0.00000   0.00000   0.00000   0.00000
 13.2296   0.00000   0.00000   0.00000   0.00000   0.00000   0.00000   0.00000   0.00000   0.00000   0.00000
 13.2366   0.00000   0.00000   0.00000   0.00000   0.00000   0.00000   0.00000   0.00000   0.00000   0.00000
 13.2436   0.00000   0.00000   0.00000   0.00000   0.00000   0.00000   0.00000   0.00000   0.00000   0.00000
 13.2506   0.00000   0.00000   0.00000   0.00000   0.00000   0.00000   0.00000   0.00000   0.00000   0.00000
 13.2576   0.00000   0.00000   0.00000   0.00000   0.00000   0.00000   0.00000   0.00000   0.00000   0.00000
 13.2646   0.00000   0.00000   0.00000   0.00000   0.00000   0.00000   0.00000   0.00000   0.00000   0.00000
 13.2716   0.00000   0.00000   0.00000   0.00000   0.00000   0.00000   0.00000   0.00000   0.00000   0.00000
 13.2786   0.00000   0.00000   0.00000   0.00000   0.00000   0.00000   0.00000   0.00000   0.00000   0.00000
 13.2856   0.00000   0.00000   0.00000   0.00000   0.00000   0.00000   0.00000   0.00000   0.00000   0.00000
 13.2926   0.00000   0.00000   0.00000   0.00000   0.00000   0.00000   0.00000   0.00000   0.00000   0.00000
 13.2996   0.00000   0.00000   0.00000   0.00000   0.00000   0.00000   0.00000   0.00000   0.00000   0.00000
 13.3067   0.00000   0.00000   0.00000   0.00000   0.00000   0.00000   0.00000   0.00000   0.00000   0.00000
 13.3137   0.00000   0.00000   0.00000   0.00000   0.00000   0.00000   0.00000   0.00000   0.00000   0.00000
 13.3207   0.00000   0.00000   0.00000   0.00000   0.00000   0.00000   0.00000   0.00000   0.00000   0.00000
 13.3277   0.00000   0.00000   0.00000   0.00000   0.00000   0.00000   0.00000   0.00000   0.00000   0.00000
 13.3347   0.00000   0.00000   0.00000   0.00000   0.00000   0.00000   0.00000   0.00000   0.00000   0.00000
 13.3417   0.00000   0.00000   0.00000   0.00000   0.00000   0.00000   0.00000   0.00000   0.00000   0.00000
 13.3487   0.00000   0.00000   0.00000   0.00000   0.00000   0.00000   0.00000   0.00000   0.00000   0.00000
 13.3557   0.00000   0.00000   0.00000   0.00000   0.00000   0.00000   0.00000   0.00000   0.00000   0.00000
 13.3627   0.00000   0.00000   0.00000   0.00000   0.00000   0.00000   0.00000   0.00000   0.00000   0.00000
 13.3697   0.00000   0.00000   0.00000   0.00000   0.00000   0.00000   0.00000   0.00000   0.00000   0.00000
 13.3767   0.00000   0.00000   0.00000   0.00000   0.00000   0.00000   0.00000   0.00000   0.00000   0.00000
 13.3837   0.00000   0.00000   0.00000   0.00000   0.00000   0.00000   0.00000   0.00000   0.00000   0.00000
 13.3907   0.00000   0.00000   0.00000   0.00000   0.00000   0.00000   0.00000   0.00000   0.00000   0.00000
 13.3977   0.00000   0.00000   0.00000   0.00000   0.00000   0.00000   0.00000   0.00000   0.00000   0.00000
 13.4047   0.00000   0.00000   0.00000   0.00000   0.00000   0.00000   0.00000   0.00000   0.00000   0.00000
 13.4117   0.00000   0.00000   0.00000   0.00000   0.00000   0.00000   0.00000   0.00000   0.00000   0.00000
 13.4187   0.00000   0.00000   0.00000   0.00000   0.00000   0.00000   0.00000   0.00000   0.00000   0.00000
 13.4257   0.00000   0.00000   0.00000   0.00000   0.00000   0.00000   0.00000   0.00000   0.00000   0.00000
 13.4327   0.00000   0.00000   0.00000   0.00000   0.00000   0.00000   0.00000   0.00000   0.00000   0.00000
 13.4397   0.00000   0.00000   0.00000   0.00000   0.00000   0.00000   0.00000   0.00000   0.00000   0.00000
 13.4467   0.00000   0.00000   0.00000   0.00000   0.00000   0.00000   0.00000   0.00000   0.00000   0.00000
 13.4537   0.00000   0.00000   0.00000   0.00000   0.00000   0.00000   0.00000   0.00000   0.00000   0.00000
 13.4607   0.00000   0.00000   0.00000   0.00000   0.00000   0.00000   0.00000   0.00000   0.00000   0.00000
 13.4677   0.00000   0.00000   0.00000   0.00000   0.00000   0.00000   0.00000   0.00000   0.00000   0.00000
 13.4747   0.00000   0.00000   0.00000   0.00000   0.00000   0.00000   0.00000   0.00000   0.00000   0.00000
 13.4817   0.00000   0.00000   0.00000   0.00000   0.00000   0.00000   0.00000   0.00000   0.00000   0.00000
 13.4887   0.00000   0.00000   0.00000   0.00000   0.00000   0.00000   0.00000   0.00000   0.00000   0.00000
 13.4957   0.00000   0.00000   0.00000   0.00000   0.00000   0.00000   0.00000   0.00000   0.00000   0.00000
 13.5028   0.00000   0.00000   0.00000   0.00000   0.00000   0.00000   0.00000   0.00000   0.00000   0.00000
 13.5098   0.00000   0.00000   0.00000   0.00000   0.00000   0.00000   0.00000   0.00000   0.00000   0.00000
 13.5168   0.00000   0.00000   0.00000   0.00000   0.00000   0.00000   0.00000   0.00000   0.00000   0.00000
 13.5238   0.00000   0.00000   0.00000   0.00000   0.00000   0.00000   0.00000   0.00000   0.00000   0.00000
 13.5308   0.00000   0.00000   0.00000   0.00000   0.00000   0.00000   0.00000   0.00000   0.00000   0.00000
 13.5378   0.00000   0.00000   0.00000   0.00000   0.00000   0.00000   0.00000   0.00000   0.00000   0.00000
 13.5448   0.00000   0.00000   0.00000   0.00000   0.00000   0.00000   0.00000   0.00000   0.00000   0.00000
 13.5518   0.00000   0.00000   0.00000   0.00000   0.00000   0.00000   0.00000   0.00000   0.00000   0.00000
 13.5588   0.00000   0.00000   0.00000   0.00000   0.00000   0.00000   0.00000   0.00000   0.00000   0.00000
 13.5658   0.00000   0.00000   0.00000   0.00000   0.00000   0.00000   0.00000   0.00000   0.00000   0.00000
 13.5728   0.00000   0.00000   0.00000   0.00000   0.00000   0.00000   0.00000   0.00000   0.00000   0.00000
 13.5798   0.00000   0.00000   0.00000   0.00000   0.00000   0.00000   0.00000   0.00000   0.00000   0.00000
 13.5868   0.00000   0.00000   0.00000   0.00000   0.00000   0.00000   0.00000   0.00000   0.00000   0.00000
 13.5938   0.00000   0.00000   0.00000   0.00000   0.00000   0.00000   0.00000   0.00000   0.00000   0.00000
 13.6008   0.00000   0.00000   0.00000   0.00000   0.00000   0.00000   0.00000   0.00000   0.00000   0.00000
 13.6078   0.00000   0.00000   0.00000   0.00000   0.00000   0.00000   0.00000   0.00000   0.00000   0.00000
 13.6148   0.00000   0.00000   0.00000   0.00000   0.00000   0.00000   0.00000   0.00000   0.00000   0.00000
 13.6218   0.00000   0.00000   0.00000   0.00000   0.00000   0.00000   0.00000   0.00000   0.00000   0.00000
 13.6288   0.00000   0.00000   0.00000   0.00000   0.00000   0.00000   0.00000   0.00000   0.00000   0.00000
 13.6358   0.00000   0.00000   0.00000   0.00000   0.00000   0.00000   0.00000   0.00000   0.00000   0.00000
 13.6428   0.00000   0.00000   0.00000   0.00000   0.00000   0.00000   0.00000   0.00000   0.00000   0.00000
 13.6498   0.00000   0.00000   0.00000   0.00000   0.00000   0.00000   0.00000   0.00000   0.00000   0.00000
 13.6568   0.00000   0.00000   0.00000   0.00000   0.00000   0.00000   0.00000   0.00000   0.00000   0.00000
 13.6638   0.00000   0.00000   0.00000   0.00000   0.00000   0.00000   0.00000   0.00000   0.00000   0.00000
 13.6708   0.00000   0.00000   0.00000   0.00000   0.00000   0.00000   0.00000   0.00000   0.00000   0.00000
 13.6778   0.00000   0.00000   0.00000   0.00000   0.00000   0.00000   0.00000   0.00000   0.00000   0.00000
 13.6848   0.00000   0.00000   0.00000   0.00000   0.00000   0.00000   0.00000   0.00000   0.00000   0.00000
 13.6918   0.00000   0.00000   0.00000   0.00000   0.00000   0.00000   0.00000   0.00000   0.00000   0.00000
 13.6988   0.00000   0.00000   0.00000   0.00000   0.00000   0.00000   0.00000   0.00000   0.00000   0.00000
 13.7059   0.00000   0.00000   0.00000   0.00000   0.00000   0.00000   0.00000   0.00000   0.00000   0.00000
 13.7129   0.00000   0.00000   0.00000   0.00000   0.00000   0.00000   0.00000   0.00000   0.00000   0.00000
 13.7199   0.00000   0.00000   0.00000   0.00000   0.00000   0.00000   0.00000   0.00000   0.00000   0.00000
 13.7269   0.00000   0.00000   0.00000   0.00000   0.00000   0.00000   0.00000   0.00000   0.00000   0.00000
 13.7339   0.00000   0.00000   0.00000   0.00000   0.00000   0.00000   0.00000   0.00000   0.00000   0.00000
 13.7409   0.00000   0.00000   0.00000   0.00000   0.00000   0.00000   0.00000   0.00000   0.00000   0.00000
 13.7479   0.00000   0.00000   0.00000   0.00000   0.00000   0.00000   0.00000   0.00000   0.00000   0.00000
 13.7549   0.00000   0.00000   0.00000   0.00000   0.00000   0.00000   0.00000   0.00000   0.00000   0.00000
 13.7619   0.00000   0.00000   0.00000   0.00000   0.00000   0.00000   0.00000   0.00000   0.00000   0.00000
 13.7689   0.00000   0.00000   0.00000   0.00000   0.00000   0.00000   0.00000   0.00000   0.00000   0.00000
 13.7759   0.00000   0.00000   0.00000   0.00000   0.00000   0.00000   0.00000   0.00000   0.00000   0.00000
 13.7829   0.00000   0.00000   0.00000   0.00000   0.00000   0.00000   0.00000   0.00000   0.00000   0.00000
 13.7899   0.00000   0.00000   0.00000   0.00000   0.00000   0.00000   0.00000   0.00000   0.00000   0.00000
 13.7969   0.00000   0.00000   0.00000   0.00000   0.00000   0.00000   0.00000   0.00000   0.00000   0.00000
 13.8039   0.00000   0.00000   0.00000   0.00000   0.00000   0.00000   0.00000   0.00000   0.00000   0.00000
 13.8109   0.00000   0.00000   0.00000   0.00000   0.00000   0.00000   0.00000   0.00000   0.00000   0.00000
 13.8179   0.00000   0.00000   0.00000   0.00000   0.00000   0.00000   0.00000   0.00000   0.00000   0.00000
 13.8249   0.00000   0.00000   0.00000   0.00000   0.00000   0.00000   0.00000   0.00000   0.00000   0.00000
 13.8319   0.00000   0.00000   0.00000   0.00000   0.00000   0.00000   0.00000   0.00000   0.00000   0.00000
 13.8389   0.00000   0.00000   0.00000   0.00000   0.00000   0.00000   0.00000   0.00000   0.00000   0.00000
 13.8459   0.00000   0.00000   0.00000   0.00000   0.00000   0.00000   0.00000   0.00000   0.00000   0.00000
 13.8529   0.00000   0.00000   0.00000   0.00000   0.00000   0.00000   0.00000   0.00000   0.00000   0.00000
 13.8599   0.00000   0.00000   0.00000   0.00000   0.00000   0.00000   0.00000   0.00000   0.00000   0.00000
 13.8669   0.00000   0.00000   0.00000   0.00000   0.00000   0.00000   0.00000   0.00000   0.00000   0.00000
 13.8739   0.00000   0.00000   0.00000   0.00000   0.00000   0.00000   0.00000   0.00000   0.00000   0.00000
 13.8809   0.00000   0.00000   0.00000   0.00000   0.00000   0.00000   0.00000   0.00000   0.00000   0.00000
 13.8879   0.00000   0.00000   0.00000   0.00000   0.00000   0.00000   0.00000   0.00000   0.00000   0.00000
 13.8949   0.00000   0.00000   0.00000   0.00000   0.00000   0.00000   0.00000   0.00000   0.00000   0.00000
 13.9020   0.00000   0.00000   0.00000   0.00000   0.00000   0.00000   0.00000   0.00000   0.00000   0.00000
 13.9090   0.00000   0.00000   0.00000   0.00000   0.00000   0.00000   0.00000   0.00000   0.00000   0.00000
 13.9160   0.00000   0.00000   0.00000   0.00000   0.00000   0.00000   0.00000   0.00000   0.00000   0.00000
 13.9230   0.00000   0.00000   0.00000   0.00000   0.00000   0.00000   0.00000   0.00000   0.00000   0.00000
 13.9300   0.00000   0.00000   0.00000   0.00000   0.00000   0.00000   0.00000   0.00000   0.00000   0.00000
 13.9370   0.00000   0.00000   0.00000   0.00000   0.00000   0.00000   0.00000   0.00000   0.00000   0.00000
 13.9440   0.00000   0.00000   0.00000   0.00000   0.00000   0.00000   0.00000   0.00000   0.00000   0.00000
 13.9510   0.00000   0.00000   0.00000   0.00000   0.00000   0.00000   0.00000   0.00000   0.00000   0.00000
 13.9580   0.00000   0.00000   0.00000   0.00000   0.00000   0.00000   0.00000   0.00000   0.00000   0.00000
 13.9650   0.00000   0.00000   0.00000   0.00000   0.00000   0.00000   0.00000   0.00000   0.00000   0.00000
 13.9720   0.00000   0.00000   0.00000   0.00000   0.00000   0.00000   0.00000   0.00000   0.00000   0.00000
 13.9790   0.00000   0.00000   0.00000   0.00000   0.00000   0.00000   0.00000   0.00000   0.00000   0.00000
 13.9860   0.00000   0.00000   0.00000   0.00000   0.00000   0.00000   0.00000   0.00000   0.00000   0.00000
 13.9930   0.00000   0.00000   0.00000   0.00000   0.00000   0.00000   0.00000   0.00000   0.00000   0.00000
 14.0000   0.00000   0.00000   0.00000   0.00000   0.00000   0.00000   0.00000   0.00000   0.00000   0.00000
