case,point,kind,offsetx_invA,offsety_invA,k1,k2,k3,valence_eV,conduction_eV,conduction_vac_eV
k16-minus005,1,K-local,-0.03,-0.03,0.31821290879038,0.3277330714639012,0.0,-1.6442770505824926,0.0953063136841211,-4.203862517822268
k16-minus005,2,K-local,-0.03,-0.02,0.31821290879038,0.33211989617753745,0.0,-1.640778966793135,0.09112661684871626,-4.208042214657673
k16-minus005,3,K-local,-0.03,-0.01,0.31821290879038,0.3365067208911737,0.0,-1.6386655778401902,0.08860470940143814,-4.210564122104951
k16-minus005,4,K-local,-0.03,0,0.31821290879038,0.34089354560480994,0.0,-1.6379630011417248,0.08776124409636511,-4.211407587410024
k16-minus005,5,K-local,-0.03,0.01,0.31821290879038,0.3452803703184462,0.0,-1.6386655774374512,0.08860471331112212,-4.210564118195267
k16-minus005,6,K-local,-0.03,0.02,0.31821290879038,0.3496671950320825,0.0,-1.6407789675357398,0.09112661874738444,-4.208042212759005
k16-minus005,7,K-local,-0.03,0.03,0.31821290879038,0.35405401974571876,0.0,-1.6442770471476347,0.09530631326324514,-4.2038625182431435
k16-minus005,8,K-local,-0.02,-0.03,0.3232530503046978,0.3252130007067423,0.0,-1.6411424303673516,0.09176369928437368,-4.207405132222015
k16-minus005,9,K-local,-0.02,-0.02,0.3232530503046978,0.3295998254203786,0.0,-1.63771835326575,0.08761462413525656,-4.211554207371132
k16-minus005,10,K-local,-0.02,-0.01,0.3232530503046978,0.33398665013401485,0.0,-1.63565348385511,0.08510881062901567,-4.2140600208773735
k16-minus005,11,K-local,-0.02,0,0.3232530503046978,0.338373474847651,0.0,-1.6349590917569456,0.08427510156411366,-4.2148937299422755
k16-minus005,12,K-local,-0.02,0.01,0.3232530503046978,0.3427602995612873,0.0,-1.6356534831992582,0.08510880853927606,-4.214060022967113
k16-minus005,13,K-local,-0.02,0.02,0.3232530503046978,0.34714712427492356,0.0,-1.6377183503688164,0.08761462798097389,-4.211554203525415
k16-minus005,14,K-local,-0.02,0.03,0.3232530503046978,0.35153394898855983,0.0,-1.641142431219653,0.09176370072031016,-4.2074051307860785
k16-minus005,15,K-local,-0.01,-0.03,0.32829319181901556,0.32269292994958343,0.0,-1.6392612786319094,0.08979763635473452,-4.209371195151655
k16-minus005,16,K-local,-0.01,-0.02,0.32829319181901556,0.3270797546632197,0.0,-1.635920874036295,0.08569232921195641,-4.213476502294433
k16-minus005,17,K-local,-0.01,-0.01,0.32829319181901556,0.331466579376856,0.0,-1.6339058769461126,0.08321468780289616,-4.215954143703493
k16-minus005,18,K-local,-0.01,0,0.32829319181901556,0.33585340409049214,0.0,-1.633234062786181,0.08238765871061676,-4.2167811727957725
k16-minus005,19,K-local,-0.01,0.01,0.32829319181901556,0.3402402288041284,0.0,-1.6339058778496296,0.08321469231404362,-4.215954139192346
k16-minus005,20,K-local,-0.01,0.02,0.32829319181901556,0.3446270535177647,0.0,-1.6359208742037612,0.08569233261050771,-4.213476498895881
k16-minus005,21,K-local,-0.01,0.03,0.32829319181901556,0.34901387823140095,0.0,-1.639261276147361,0.0897976316619346,-4.209371199844455
k16-minus005,22,K-local,0,-0.03,0.33333333333333337,0.3201728591924245,0.0,-1.6386837640635394,0.08945273593080935,-4.20971609557558
k16-minus005,23,K-local,0,-0.02,0.33333333333333337,0.32455968390606077,0.0,-1.6354362832236877,0.08540333827989709,-4.213765493226492
k16-minus005,24,K-local,0,-0.01,0.33333333333333337,0.32894650861969704,0.0,-1.6334814059503278,0.08296024164107363,-4.216208589865316
k16-minus005,25,K-local,0,0,0.33333333333333337,0.33333333333333326,0.0,-1.632829639435317,0.08214441424903049,-4.217024417257359
k16-minus005,26,K-local,0,0.01,0.33333333333333337,0.33772015804696953,0.0,-1.633481405389679,0.08296023873012694,-4.216208592776262
k16-minus005,27,K-local,0,0.02,0.33333333333333337,0.3421069827606058,0.0,-1.6354362849032034,0.08540333827280061,-4.213765493233589
k16-minus005,28,K-local,0,0.03,0.33333333333333337,0.3464938074742421,0.0,-1.6386837646349022,0.08945273303901626,-4.209716098467372
k16-minus005,29,K-local,0.01,-0.03,0.3383734748476511,0.31765278843526557,0.0,-1.639463856581191,0.09075505985913544,-4.208413771647254
k16-minus005,30,K-local,0.01,-0.02,0.3383734748476511,0.32203961314890184,0.0,-1.6363239095828628,0.08677414872320283,-4.212394682783186
k16-minus005,31,K-local,0.01,-0.01,0.3383734748476511,0.3264264378625381,0.0,-1.6344274217099022,0.08437065763782012,-4.2147981738685685
k16-minus005,32,K-local,0.01,0,0.3383734748476511,0.3308132625761744,0.0,-1.6337955117686034,0.08356919968418171,-4.215599631822207
k16-minus005,33,K-local,0.01,0.01,0.3383734748476511,0.33520008728981066,0.0,-1.6344274210474055,0.0843706561509699,-4.214798175355419
k16-minus005,34,K-local,0.01,0.02,0.3383734748476511,0.33958691200344693,0.0,-1.636323910646402,0.08677415283131525,-4.212394678675074
k16-minus005,35,K-local,0.01,0.03,0.3383734748476511,0.3439737367170832,0.0,-1.6394638608463297,0.09075506391837147,-4.208413767588017
k16-minus005,36,K-local,0.02,-0.03,0.3434136163619689,0.3151327176781067,0.0,-1.6416235793218932,0.09372125954578478,-4.205447571960605
k16-minus005,37,K-local,0.02,-0.02,0.3434136163619689,0.31951954239174296,0.0,-1.6386018404736635,0.08981956750601269,-4.209349264000377
k16-minus005,38,K-local,0.02,-0.01,0.3434136163619689,0.32390636710537923,0.0,-1.636778413696201,0.08746573678872782,-4.211703094717661
k16-minus005,39,K-local,0.02,0,0.3434136163619689,0.3282931918190155,0.0,-1.6361637229419532,0.08668019185971991,-4.212488639646669
k16-minus005,40,K-local,0.02,0.01,0.3434136163619689,0.3326800165326518,0.0,-1.6367784131013585,0.08746573553066105,-4.211703095975728
k16-minus005,41,K-local,0.02,0.02,0.3434136163619689,0.33706684124628805,0.0,-1.638601841281291,0.08981956763068925,-4.2093492638756995
k16-minus005,42,K-local,0.02,0.03,0.3434136163619689,0.3414536659599243,0.0,-1.641623577205946,0.09372125768843502,-4.2054475738179535
k16-minus005,43,K-local,0.03,-0.03,0.3484537578762867,0.3126126469209478,0.0,-1.6451920445715715,0.09834529577616202,-4.200823535730227
k16-minus005,44,K-local,0.03,-0.02,0.3484537578762867,0.3169994716345841,0.0,-1.6422923339224043,0.09453522645183796,-4.204633605054551
k16-minus005,45,K-local,0.03,-0.01,0.3484537578762867,0.32138629634822036,0.0,-1.640542534927732,0.0922389789986384,-4.20692985250775
k16-minus005,46,K-local,0.03,0,0.3484537578762867,0.3257731210618566,0.0,-1.6399557811187666,0.09147464774667706,-4.2076941837597115
k16-minus005,47,K-local,0.03,0.01,0.3484537578762867,0.33015994577549285,0.0,-1.6405425342360156,0.09223898081549675,-4.2069298506908925
k16-minus005,48,K-local,0.03,0.02,0.3484537578762867,0.3345467704891291,0.0,-1.6422923328548151,0.09453522648155323,-4.204633605024836
k16-minus005,49,K-local,0.03,0.03,0.3484537578762867,0.3389335952027654,0.0,-1.6451920420148092,0.0983452936599986,-4.20082353784639
k16-minus005,50,Gamma,0,0,0.0,0.0,0.0,-1.663055664412649,1.1424976598307348,-3.1566711716756544
k16-minus005,51,M,0,0,0.5,0.0,0.0,-2.254522282245544,0.6475067469906247,-3.651662084515764
k16-minus005,52,K-prime,0,0,-0.3333333333333333,-0.3333333333333333,-0.0,-1.632829639280132,0.0821444159033069,-4.217024415603082
k16-minus005,53,Gamma-K1,0.25,0,0.08333333333333333,0.08333333333333333,0.0,-1.8503499566974067,0.7592619885964216,-3.5399068429099674
k16-minus005,54,Gamma-K1,0.3,0,0.09999999999999999,0.09999999999999999,0.0,-1.9590649693697406,0.6215262840265169,-3.677642547479872
k16-minus005,55,Gamma-K1,0.35,0,0.11666666666666665,0.11666666666666665,0.0,-2.0900341335906196,0.5052731775914977,-3.793895653914891
k16-minus005,56,Gamma-K1,0.4,0,0.13333333333333333,0.13333333333333333,0.0,-2.226515975974322,0.40820342122918707,-3.890965410277202
k16-minus005,57,Gamma-K1,0.44999999999999996,0,0.14999999999999997,0.14999999999999997,0.0,-2.341605155113362,0.33519030097976227,-3.9639785305266266
k16-minus005,58,Gamma-K1,0.5,0,0.16666666666666666,0.16666666666666666,0.0,-2.4080037062554958,0.2998214407038641,-3.9993473908025248
k16-minus005,59,Gamma-K1,0.55,0,0.18333333333333335,0.18333333333333335,0.0,-2.417996274349328,0.31525265850461803,-3.983916173001771
k16-minus005,60,Gamma-K1,0.6,0,0.19999999999999998,0.19999999999999998,0.0,-2.3853299023244072,0.3834225063159378,-3.915746325190451
k16-minus005,61,Gamma-K1,0.6499999999999999,0,0.21666666666666662,0.21666666666666662,0.0,-2.32353052623938,0.48408599544762454,-3.8150828360587643
k16-minus005,62,Gamma-K1,0.7,0,0.2333333333333333,0.2333333333333333,0.0,-2.236983165151375,0.5616951406921318,-3.737473690814257
k16-minus005,63,Gamma-K1,0.75,0,0.25,0.25,0.0,-2.1271705772898075,0.5547705156249179,-3.744398315881471
k16-minus005,64,Gamma-K1,0.7999999999999999,0,0.2666666666666666,0.2666666666666666,0.0,-1.9994456232366842,0.4687034284777685,-3.8304654030286205
k16-minus005,65,Gamma-K1,0.85,0,0.2833333333333333,0.2833333333333333,0.0,-1.865913656680375,0.3418483330941203,-3.9573204984122685
k16-minus005,66,Gamma-K1,0.8999999999999999,0,0.29999999999999993,0.29999999999999993,0.0,-1.7455556108065984,0.21203805623089633,-4.087130775275493
k16-minus005,67,Gamma-K1,0.95,0,0.31666666666666665,0.31666666666666665,0.0,-1.6616385203703345,0.11592342300428402,-4.183245408502105
k16-minus005,68,Gamma-K2,0.25,0,-0.16666666666666666,0.08333333333333333,0.0,-1.8450468883335325,0.7756398903041218,-3.523528941202267
k16-minus005,69,Gamma-K2,0.3,0,-0.19999999999999998,0.09999999999999999,0.0,-1.9532974153773486,0.6315682501927643,-3.6676005813136245
k16-minus005,70,Gamma-K2,0.35,0,-0.2333333333333333,0.11666666666666665,0.0,-2.085513637196562,0.5090402163314433,-3.790128615174946
k16-minus005,71,Gamma-K2,0.4,0,-0.26666666666666666,0.13333333333333333,0.0,-2.225741418669151,0.40698674562359616,-3.892182085882793
k16-minus005,72,Gamma-K2,0.44999999999999996,0,-0.29999999999999993,0.14999999999999997,0.0,-2.3474328112657283,0.33114707523138803,-3.968021756275001
k16-minus005,73,Gamma-K2,0.5,0,-0.3333333333333333,0.16666666666666666,0.0,-2.4216755988635716,0.29495307883062033,-4.004215752675768
k16-minus005,74,Gamma-K2,0.55,0,-0.3666666666666667,0.18333333333333335,0.0,-2.4377393799746225,0.3106888905349956,-3.988479940971393
k16-minus005,75,Gamma-K2,0.6,0,-0.39999999999999997,0.19999999999999998,0.0,-2.4081527670621568,0.379504278477035,-3.919664553029354
k16-minus005,76,Gamma-K2,0.6499999999999999,0,-0.43333333333333324,0.21666666666666662,0.0,-2.3471540834043756,0.48100923813068924,-3.8181595933756998
k16-minus005,77,Gamma-K2,0.7,0,-0.4666666666666666,0.2333333333333333,0.0,-2.2597540965696274,0.5627761389087073,-3.736392692597682
k16-minus005,78,Gamma-K2,0.75,0,-0.5,0.25,0.0,-2.1477795895913507,0.5644212469439224,-3.7347475845624665
k16-minus005,79,Gamma-K2,0.7999999999999999,0,-0.5333333333333332,0.2666666666666666,0.0,-2.0168536595498203,0.4840467007814003,-3.8151221307249887
k16-minus005,80,Gamma-K2,0.85,0,-0.5666666666666667,0.2833333333333333,0.0,-1.8792743340830373,0.3577366953402926,-3.9414321361660964
k16-minus005,81,Gamma-K2,0.8999999999999999,0,-0.5999999999999999,0.29999999999999993,0.0,-1.7541945718303817,0.22441516506623313,-4.074753666440156
k16-minus005,82,Gamma-K2,0.95,0,-0.6333333333333333,0.31666666666666665,0.0,-1.6654021641388028,0.12232205386679164,-4.176846777639597
k16-minus005,83,Gamma-K3,0.25,0,0.08333333333333333,-0.16666666666666666,0.0,-1.8503499598433535,0.759261985339128,-3.539906846167261
k16-minus005,84,Gamma-K3,0.3,0,0.09999999999999999,-0.19999999999999998,0.0,-1.9590649710054935,0.621526280160516,-3.677642551345873
k16-minus005,85,Gamma-K3,0.35,0,0.11666666666666665,-0.2333333333333333,0.0,-2.090034133636419,0.5052731779714368,-3.7938956535349524
k16-minus005,86,Gamma-K3,0.4,0,0.13333333333333333,-0.26666666666666666,0.0,-2.22651596404242,0.4082034149716357,-3.8909654165347534
k16-minus005,87,Gamma-K3,0.44999999999999996,0,0.14999999999999997,-0.29999999999999993,0.0,-2.3416051436077687,0.33519030309484266,-3.9639785284115465
k16-minus005,88,Gamma-K3,0.5,0,0.16666666666666666,-0.3333333333333333,0.0,-2.4080037075955096,0.299821435790925,-3.999347395715464
k16-minus005,89,Gamma-K3,0.55,0,0.18333333333333335,-0.3666666666666667,0.0,-2.4179962821810017,0.3152526530835755,-3.9839161784228136
k16-minus005,90,Gamma-K3,0.6,0,0.19999999999999998,-0.39999999999999997,0.0,-2.3853298932832985,0.38342250517456955,-3.9157463263318193
k16-minus005,91,Gamma-K3,0.6499999999999999,0,0.21666666666666662,-0.43333333333333324,0.0,-2.3235305269111874,0.48408600545453945,-3.8150828260518495
k16-minus005,92,Gamma-K3,0.7,0,0.2333333333333333,-0.4666666666666666,0.0,-2.2369831653433425,0.5616951406346377,-3.7374736908717514
k16-minus005,93,Gamma-K3,0.75,0,0.25,-0.5,0.0,-2.127170578052742,0.5547705099479732,-3.744398321558416
k16-minus005,94,Gamma-K3,0.7999999999999999,0,0.2666666666666666,-0.5333333333333332,0.0,-1.9994456272017775,0.4687034309807953,-3.830465400525594
k16-minus005,95,Gamma-K3,0.85,0,0.2833333333333333,-0.5666666666666667,0.0,-1.8659136528548186,0.34184833054440444,-3.9573205009619845
k16-minus005,96,Gamma-K3,0.8999999999999999,0,0.29999999999999993,-0.5999999999999999,0.0,-1.7455556139092818,0.21203805842230855,-4.0871307730840805
k16-minus005,97,Gamma-K3,0.95,0,0.31666666666666665,-0.6333333333333333,0.0,-1.661638523254936,0.1159234221126452,-4.183245409393744
k16-plus005,1,K-local,-0.03,-0.03,0.31806094472462165,0.32780905349678036,0.0,-1.709447887807145,-0.01998957450427797,-4.281981757306923
k16-plus005,2,K-local,-0.03,-0.02,0.31806094472462165,0.3321958782104166,0.0,-1.7057368727226527,-0.024402253918461146,-4.286394436721106
k16-plus005,3,K-local,-0.03,-0.01,0.31806094472462165,0.33658270292405285,0.0,-1.7034986672472807,-0.02706683170758921,-4.289059014510235
k16-plus005,4,K-local,-0.03,0,0.31806094472462165,0.3409695276376891,0.0,-1.7027479061291537,-0.02795422186564346,-4.289946404668289
k16-plus005,5,K-local,-0.03,0.01,0.31806094472462165,0.34535635235132534,0.0,-1.7034986654066722,-0.027066834583953696,-4.289059017386599
k16-plus005,6,K-local,-0.03,0.02,0.31806094472462165,0.3497431770649616,0.0,-1.7057368745420034,-0.024402251032208694,-4.286394433834854
k16-plus005,7,K-local,-0.03,0.03,0.31806094472462165,0.3541300017785979,0.0,-1.7094478858718745,-0.01998957484434782,-4.281981757646993
k16-plus005,8,K-local,-0.02,-0.03,0.3231517409275256,0.3252636553953284,0.0,-1.705877411751428,-0.0247396303500449,-4.286731813152691
k16-plus005,9,K-local,-0.02,-0.02,0.3231517409275256,0.32965048010896464,0.0,-1.7022446219988165,-0.02912238349902126,-4.291114566301666
k16-plus005,10,K-local,-0.02,-0.01,0.3231517409275256,0.3340373048226009,0.0,-1.7000452223079774,-0.03177046062282999,-4.293762643425476
k16-plus005,11,K-local,-0.02,0,0.3231517409275256,0.3384241295362372,0.0,-1.6993093133347656,-0.03265314376447874,-4.294645326567124
k16-plus005,12,K-local,-0.02,0.01,0.3231517409275256,0.3428109542498734,0.0,-1.7000452203955352,-0.031770462439677766,-4.293762645242323
k16-plus005,13,K-local,-0.02,0.02,0.3231517409275256,0.3471977789635097,0.0,-1.7022446233142436,-0.029122382485945213,-4.2911145652885905
k16-plus005,14,K-local,-0.02,0.03,0.3231517409275256,0.35158460367714595,0.0,-1.7058774114797097,-0.02473963035590729,-4.286731813158553
k16-plus005,15,K-local,-0.01,-0.03,0.32824253713042945,0.3227182572938765,0.0,-1.7035085995881434,-0.02791408161277814,-4.289906264415423
k16-plus005,16,K-local,-0.01,-0.02,0.32824253713042945,0.3271050820075127,0.0,-1.6999562501085852,-0.03225419710009225,-4.294246379902738
k16-plus005,17,K-local,-0.01,-0.01,0.32824253713042945,0.331491906721149,0.0,-1.697814280185954,-0.03487578389004468,-4.29686796669269
k16-plus005,18,K-local,-0.01,0,0.32824253713042945,0.33587873143478525,0.0,-1.6970993569315016,-0.03575114080930798,-4.297743323611953
k16-plus005,19,K-local,-0.01,0.01,0.32824253713042945,0.34026555614842147,0.0,-1.697814276219569,-0.03487578609525112,-4.296867968897897
k16-plus005,20,K-local,-0.01,0.02,0.32824253713042945,0.34465238086205774,0.0,-1.6999562481305592,-0.03225419701179731,-4.294246379814442
k16-plus005,21,K-local,-0.01,0.03,0.32824253713042945,0.349039205575694,0.0,-1.7035085977518964,-0.027914079456689802,-4.289906262259335
k16-plus005,22,K-local,0,-0.03,0.3333333333333333,0.32017285919242455,0.0,-1.7024030824673186,-0.02946266597622165,-4.291454848778867
k16-plus005,23,K-local,0,-0.02,0.3333333333333333,0.32455968390606077,0.0,-1.6989474589354043,-0.033745477756088764,-4.295737660558734
k16-plus005,24,K-local,0,-0.01,0.3333333333333333,0.32894650861969704,0.0,-1.696861258227176,-0.03633096874411618,-4.298323151546762
k16-plus005,25,K-local,0,0,0.3333333333333333,0.3333333333333333,0.0,-1.6961660400269054,-0.03719590855742147,-4.299188091360067
k16-plus005,26,K-local,0,0.01,0.3333333333333333,0.33772015804696953,0.0,-1.6968612595242636,-0.03633097144369666,-4.298323154246342
k16-plus005,27,K-local,0,0.02,0.3333333333333333,0.3421069827606058,0.0,-1.698947456583878,-0.033745476702580976,-4.295737659505226
k16-plus005,28,K-local,0,0.03,0.3333333333333333,0.3464938074742421,0.0,-1.7024030853139256,-0.029462664661297582,-4.2914548474639425
k16-plus005,29,K-local,0.01,-0.03,0.33842412953623724,0.3176274610909726,0.0,-1.702612587466248,-0.02934491329018866,-4.291337096092834
k16-plus005,30,K-local,0.01,-0.02,0.33842412953623724,0.32201428580460884,0.0,-1.6992630835193512,-0.03355881509354542,-4.295550997896191
k16-plus005,31,K-local,0.01,-0.01,0.33842412953623724,0.3264011105182451,0.0,-1.6972396411649686,-0.036102142168446066,-4.298094324971092
k16-plus005,32,K-local,0.01,0,0.33842412953623724,0.3307879352318814,0.0,-1.6965562499824622,-0.0369501450679814,-4.298942327870627
k16-plus005,33,K-local,0.01,0.01,0.33842412953623724,0.3351747599455176,0.0,-1.697239642074652,-0.036102146503255106,-4.298094329305901
k16-plus005,34,K-local,0.01,0.02,0.33842412953623724,0.33956158465915387,0.0,-1.6992630816345793,-0.033558815398072366,-4.295550998200717
k16-plus005,35,K-local,0.01,0.03,0.33842412953623724,0.34394840937279014,0.0,-1.7026125857032992,-0.029344912261863736,-4.291337095064509
k16-plus005,36,K-local,0.02,-0.03,0.3435149257391411,0.3150820629895207,0.0,-1.7041727956830999,-0.02753728079627777,-4.289529463598923
k16-plus005,37,K-local,0.02,-0.02,0.3435149257391411,0.3194688877031569,0.0,-1.7009352731385292,-0.03166755690631777,-4.293659739708963
k16-plus005,38,K-local,0.02,-0.01,0.3435149257391411,0.3238557124167932,0.0,-1.698976930163691,-0.03415983237944161,-4.296152015182087
k16-plus005,39,K-local,0.02,0,0.3435149257391411,0.32824253713042945,0.0,-1.6983224458982773,-0.03499011235171583,-4.296982295154361
k16-plus005,40,K-local,0.02,0.01,0.3435149257391411,0.33262936184406566,0.0,-1.698976929315664,-0.03415983740478738,-4.296152020207432
k16-plus005,41,K-local,0.02,0.02,0.3435149257391411,0.33701618655770194,0.0,-1.7009352718841095,-0.03166755798342768,-4.293659740786073
k16-plus005,42,K-local,0.02,0.03,0.3435149257391411,0.3414030112713382,0.0,-1.7041727902709998,-0.027537285985696366,-4.289529468788341
k16-plus005,43,K-local,0.03,-0.03,0.348605721942045,0.31253666488806875,0.0,-1.7070990310664647,-0.024027879540716307,-4.286020062343361
k16-plus005,44,K-local,0.03,-0.02,0.348605721942045,0.31692348960170497,0.0,-1.7039868533648583,-0.02806419381166426,-4.290056376614309
k16-plus005,45,K-local,0.03,-0.01,0.348605721942045,0.32131031431534124,0.0,-1.7021056334702451,-0.030499665298588326,-4.292491848101234
k16-plus005,46,K-local,0.03,0,0.348605721942045,0.3256971390289775,0.0,-1.7014789579079423,-0.03131298097250686,-4.293305163775152
k16-plus005,47,K-local,0.03,0.01,0.348605721942045,0.33008396374261373,0.0,-1.7021056330528828,-0.030499667370801183,-4.292491850173446
k16-plus005,48,K-local,0.03,0.02,0.348605721942045,0.33447078845625,0.0,-1.7039868525462472,-0.02806419551914098,-4.290056378321786
k16-plus005,49,K-local,0.03,0.03,0.348605721942045,0.3388576131698863,0.0,-1.707099029441571,-0.024027877659815785,-4.286020060462461
k16-plus005,50,Gamma,0,0,0.0,0.0,0.0,-1.6619808248393557,1.0509406753517387,-3.2110515074509065
k16-plus005,51,M,0,0,0.5,0.0,0.0,-2.3128140240191755,0.533740520473156,-3.7282516623294892
k16-plus005,52,K-prime,0,0,-0.3333333333333333,-0.3333333333333333,-0.0,-1.6961660386010569,-0.03719591103513451,-4.299188093837779
k16-plus005,53,Gamma-K1,0.25,0,0.08333333333333333,0.08333333333333333,0.0,-1.8608846099964667,0.7167172876269218,-3.5452748951757234
k16-plus005,54,Gamma-K1,0.3,0,0.09999999999999999,0.09999999999999999,0.0,-1.9743036292901406,0.5813952077232227,-3.6805969750794225
k16-plus005,55,Gamma-K1,0.35,0,0.11666666666666665,0.11666666666666665,0.0,-2.110805086032609,0.46554087713009024,-3.796451305672555
k16-plus005,56,Gamma-K1,0.4,0,0.13333333333333333,0.13333333333333333,0.0,-2.2546760540844155,0.36751752067751,-3.8944746621251354
k16-plus005,57,Gamma-K1,0.44999999999999996,0,0.14999999999999997,0.14999999999999997,0.0,-2.3806684391316426,0.29357235888968264,-3.9684198239129627
k16-plus005,58,Gamma-K1,0.5,0,0.16666666666666666,0.16666666666666666,0.0,-2.461156777073746,0.25778791385470634,-4.004204268947939
k16-plus005,59,Gamma-K1,0.55,0,0.18333333333333335,0.18333333333333335,0.0,-2.483908147740145,0.27301761039670647,-3.988974572405939
k16-plus005,60,Gamma-K1,0.6,0,0.19999999999999998,0.19999999999999998,0.0,-2.458920022080181,0.3408997413236693,-3.921092441478976
k16-plus005,61,Gamma-K1,0.6499999999999999,0,0.21666666666666662,0.21666666666666662,0.0,-2.4002379706310566,0.4397546742727571,-3.8222375085298883
k16-plus005,62,Gamma-K1,0.7,0,0.2333333333333333,0.2333333333333333,0.0,-2.3141997914967956,0.5076907286108794,-3.754301454191766
k16-plus005,63,Gamma-K1,0.75,0,0.25,0.25,0.0,-2.2036165677418533,0.48309143087795875,-3.7789007519246867
k16-plus005,64,Gamma-K1,0.7999999999999999,0,0.2666666666666666,0.2666666666666666,0.0,-2.0743691767098684,0.3819944975434224,-3.879997685259223
k16-plus005,65,Gamma-K1,0.85,0,0.2833333333333333,0.2833333333333333,0.0,-1.9385864617339923,0.24401236787556055,-4.0179798149270844
k16-plus005,66,Gamma-K1,0.8999999999999999,0,0.29999999999999993,0.29999999999999993,0.0,-1.81514893107546,0.10531917176493648,-4.156673011037709
k16-plus005,67,Gamma-K1,0.95,0,0.31666666666666665,0.31666666666666665,0.0,-1.7276843051767625,0.0018659636724589694,-4.2601262191301865
k16-plus005,68,Gamma-K2,0.25,0,-0.16666666666666666,0.08333333333333333,0.0,-1.8659558351133765,0.7026513311133625,-3.559340851689283
k16-plus005,69,Gamma-K2,0.3,0,-0.19999999999999998,0.09999999999999999,0.0,-1.9797560618835657,0.5730685189056713,-3.688923663896974
k16-plus005,70,Gamma-K2,0.35,0,-0.2333333333333333,0.11666666666666665,0.0,-2.11506121667849,0.4630512413933881,-3.798940941409257
k16-plus005,71,Gamma-K2,0.4,0,-0.26666666666666666,0.13333333333333333,0.0,-2.2553977517036823,0.369680635049359,-3.892311547753286
k16-plus005,72,Gamma-K2,0.44999999999999996,0,-0.29999999999999993,0.14999999999999997,0.0,-2.3752617181896802,0.29818694283863506,-3.9638052399640102
k16-plus005,73,Gamma-K2,0.5,0,-0.3333333333333333,0.16666666666666666,0.0,-2.448314709995904,0.2629231406721255,-3.99906904213052
k16-plus005,74,Gamma-K2,0.55,0,-0.3666666666666667,0.18333333333333335,0.0,-2.4650725593812486,0.2776082302395355,-3.9843839525631095
k16-plus005,75,Gamma-K2,0.6,0,-0.39999999999999997,0.19999999999999998,0.0,-2.4368431110816466,0.3448106428774133,-3.917181539925232
k16-plus005,76,Gamma-K2,0.6499999999999999,0,-0.43333333333333324,0.21666666666666662,0.0,-2.377197897036206,0.44281138072976484,-3.8191808020728804
k16-plus005,77,Gamma-K2,0.7,0,-0.4666666666666666,0.2333333333333333,0.0,-2.2919038253239172,0.5048961175547192,-3.757096065247926
k16-plus005,78,Gamma-K2,0.75,0,-0.5,0.25,0.0,-2.1833547885453006,0.47049495373976624,-3.791497229062879
k16-plus005,79,Gamma-K2,0.7999999999999999,0,-0.5333333333333332,0.2666666666666666,0.0,-2.0572054973133023,0.36458293865819097,-3.897409244144454
k16-plus005,80,Gamma-K2,0.85,0,-0.5666666666666667,0.2833333333333333,0.0,-1.9253941310398155,0.22699897916637604,-4.034993203636269
k16-plus005,81,Gamma-K2,0.8999999999999999,0,-0.5999999999999999,0.29999999999999993,0.0,-1.8065757274008731,0.0924345901138061,-4.1695575926888395
k16-plus005,82,Gamma-K2,0.95,0,-0.6333333333333333,0.31666666666666665,0.0,-1.723916627886562,-0.004682469325421639,-4.266674652128067
k16-plus005,83,Gamma-K3,0.25,0,0.08333333333333333,-0.16666666666666666,0.0,-1.8608846156312695,0.7167172906609608,-3.5452748921416846
k16-plus005,84,Gamma-K3,0.3,0,0.09999999999999999,-0.19999999999999998,0.0,-1.9743036305713313,0.5813952037721003,-3.680596979030545
k16-plus005,85,Gamma-K3,0.35,0,0.11666666666666665,-0.2333333333333333,0.0,-2.1108050903858104,0.46554088562309665,-3.7964512971795488
k16-plus005,86,Gamma-K3,0.4,0,0.13333333333333333,-0.26666666666666666,0.0,-2.2546760466179774,0.3675175191115758,-3.8944746636910694
k16-plus005,87,Gamma-K3,0.44999999999999996,0,0.14999999999999997,-0.29999999999999993,0.0,-2.380668451512125,0.29357236204042836,-3.9684198207622168
k16-plus005,88,Gamma-K3,0.5,0,0.16666666666666666,-0.3333333333333333,0.0,-2.461156787559718,0.25778791021468317,-4.0042042725879625
k16-plus005,89,Gamma-K3,0.55,0,0.18333333333333335,-0.3666666666666667,0.0,-2.4839081491755977,0.2730176171021784,-3.9889745657004667
k16-plus005,90,Gamma-K3,0.6,0,0.19999999999999998,-0.39999999999999997,0.0,-2.4589200306644785,0.34089973960197767,-3.9210924432006675
k16-plus005,91,Gamma-K3,0.6499999999999999,0,0.21666666666666662,-0.43333333333333324,0.0,-2.4002379687686193,0.4397546701732749,-3.8222375126293704
k16-plus005,92,Gamma-K3,0.7,0,0.2333333333333333,-0.4666666666666666,0.0,-2.3141997908067244,0.5076907268938341,-3.754301455908811
k16-plus005,93,Gamma-K3,0.75,0,0.25,-0.5,0.0,-2.2036165687339744,0.4830914294401396,-3.778900753362506
k16-plus005,94,Gamma-K3,0.7999999999999999,0,0.2666666666666666,-0.5333333333333332,0.0,-2.0743691791317347,0.38199450038096483,-3.8799976824216804
k16-plus005,95,Gamma-K3,0.85,0,0.2833333333333333,-0.5666666666666667,0.0,-1.9385864617649236,0.24401236326846543,-4.01797981953418
k16-plus005,96,Gamma-K3,0.8999999999999999,0,0.29999999999999993,-0.5999999999999999,0.0,-1.8151489293326353,0.10531917209578072,-4.156673010706864
k16-plus005,97,Gamma-K3,0.95,0,0.31666666666666665,-0.6333333333333333,0.0,-1.7276843065124503,0.0018659666366565562,-4.260126216165989
k16-zero,1,K-local,-0.03,-0.03,0.3181369267575008,0.3277710624803408,0.0,-1.677013502873878,0.03732076308568628,-4.243171689298473
k16-zero,2,K-local,-0.03,-0.02,0.3181369267575008,0.3321578871939771,0.0,-1.6734115402463952,0.03302311278193678,-4.2474693396022225
k16-zero,3,K-local,-0.03,-0.01,0.3181369267575008,0.33654471190761337,0.0,-1.671234281990636,0.030428910939459288,-4.2500635414447
k16-zero,4,K-local,-0.03,0,0.3181369267575008,0.34093153662124964,0.0,-1.6705082827288276,0.02956107890109923,-4.25093137348306
k16-zero,5,K-local,-0.03,0.01,0.3181369267575008,0.3453183613348859,0.0,-1.6712342828547864,0.030428912108823633,-4.2500635402753355
k16-zero,6,K-local,-0.03,0.02,0.3181369267575008,0.3497051860485222,0.0,-1.673411540085663,0.033023113437719076,-4.24746933894644
k16-zero,7,K-local,-0.03,0.03,0.3181369267575008,0.35409201076215846,0.0,-1.677013503976972,0.03732075964318371,-4.243171692740976
k16-zero,8,K-local,-0.02,-0.03,0.3232023956161117,0.3252383280510354,0.0,-1.6736546684043754,0.03317896424463138,-4.247313488139528
k16-zero,9,K-local,-0.02,-0.02,0.3232023956161117,0.3296251527646717,0.0,-1.6701236119059293,0.028913385414231715,-4.251579066969928
k16-zero,10,K-local,-0.02,-0.01,0.3232023956161117,0.33401197747830796,0.0,-1.667992555552992,0.026337179897781372,-4.254155272486378
k16-zero,11,K-local,-0.02,0,0.3232023956161117,0.3383988021919442,0.0,-1.6672775954005936,0.025476830741997133,-4.255015621642162
k16-zero,12,K-local,-0.02,0.01,0.3232023956161117,0.34278562690558045,0.0,-1.6679925525591501,0.02633717811272885,-4.25415527427143
k16-zero,13,K-local,-0.02,0.02,0.3232023956161117,0.3471724516192167,0.0,-1.6701236123666485,0.02891338613456829,-4.251579066249591
k16-zero,14,K-local,-0.02,0.03,0.3232023956161117,0.351559276332853,0.0,-1.6736546705270114,0.03317896464164387,-4.247313487742515
k16-zero,15,K-local,-0.01,-0.03,0.3282678644747225,0.32270559362173,0.0,-1.6715232012835834,0.030616096554505652,-4.249876355829653
k16-zero,16,K-local,-0.01,-0.02,0.3282678644747225,0.3270924183353663,0.0,-1.6680772364927667,0.026395540008445083,-4.254096912375714
k16-zero,17,K-local,-0.01,-0.01,0.3282678644747225,0.33147924304900256,0.0,-1.6660016353887737,0.02384527081629694,-4.256647181567862
k16-zero,18,K-local,-0.01,0,0.3282678644747225,0.3358660677626388,0.0,-1.6653055739634859,0.022994475762205847,-4.257497976621953
k16-zero,19,K-local,-0.01,0.01,0.3282678644747225,0.34025289247627505,0.0,-1.6660016348866717,0.02384527321494253,-4.256647179169216
k16-zero,20,K-local,-0.01,0.02,0.3282678644747225,0.3446397171899113,0.0,-1.6680772368664898,0.026395541313594475,-4.254096911070564
k16-zero,21,K-local,-0.01,0.03,0.3282678644747225,0.3490265419035476,0.0,-1.671523199365341,0.030616096566247038,-4.2498763558179125
k16-zero,22,K-local,0,-0.03,0.3333333333333333,0.32017285919242455,0.0,-1.6706877059700385,0.029675362723185737,-4.250817089660973
k16-zero,23,K-local,0,-0.02,0.3333333333333333,0.3245596839060608,0.0,-1.6673322050330053,0.02551081721793785,-4.254981635166222
k16-zero,24,K-local,0,-0.01,0.3333333333333333,0.3289465086196971,0.0,-1.6653125887913418,0.02299740641052468,-4.257495045973634
k16-zero,25,K-local,0,0,0.3333333333333333,0.33333333333333337,0.0,-1.6646336858686528,0.022162193125984293,-4.258330259258175
k16-zero,26,K-local,0,0.01,0.3333333333333333,0.33772015804696964,0.0,-1.6653125878510158,0.022997406992302096,-4.257495045391857
k16-zero,27,K-local,0,0.02,0.3333333333333333,0.3421069827606059,0.0,-1.6673322050746509,0.02551081410194203,-4.254981638282217
k16-zero,28,K-local,0,0.03,0.3333333333333333,0.3464938074742422,0.0,-1.6706877061663779,0.029675362522317755,-4.250817089861841
k16-zero,29,K-local,0.01,-0.03,0.3383988021919442,0.31764012476311915,0.0,-1.6711819105289822,0.03039514560403906,-4.25009730678012
k16-zero,30,K-local,0.01,-0.02,0.3383988021919442,0.3220269494767554,0.0,-1.6679336054329108,0.02629869144727306,-4.254193760936886
k16-zero,31,K-local,0.01,-0.01,0.3383988021919442,0.3264137741903917,0.0,-1.665971034818162,0.023828966129189343,-4.25666348625497
k16-zero,32,K-local,0.01,0,0.3383988021919442,0.3308005989040279,0.0,-1.6653207889531083,0.023001321590618174,-4.257491130793541
k16-zero,33,K-local,0.01,0.01,0.3383988021919442,0.3351874236176642,0.0,-1.66597103429823,0.023828966117145845,-4.256663486267013
k16-zero,34,K-local,0.01,0.02,0.3383988021919442,0.33957424833130045,0.0,-1.6679336051407216,0.02629869186261138,-4.254193760521548
k16-zero,35,K-local,0.01,0.03,0.3383988021919442,0.3439610730449367,0.0,-1.671181906916812,0.03039514255562537,-4.250097309828534
k16-zero,36,K-local,0.02,-0.03,0.343464271050555,0.31510739033381374,0.0,-1.67304263453779,0.03279329759064857,-4.24769915479351
k16-zero,37,K-local,0.02,-0.02,0.343464271050555,0.31949421504745,0.0,-1.6699121008897655,0.028777201330625175,-4.251715251053534
k16-zero,38,K-local,0.02,-0.01,0.343464271050555,0.3238810397610863,0.0,-1.6680198659358618,0.026354059905259308,-4.2541383924789
k16-zero,39,K-local,0.02,0,0.343464271050555,0.3282678644747225,0.0,-1.667384996524313,0.025546952612631384,-4.2549454997715275
k16-zero,40,K-local,0.02,0.01,0.343464271050555,0.3326546891883588,0.0,-1.6680198637827206,0.02635405645991995,-4.254138395924239
k16-zero,41,K-local,0.02,0.02,0.343464271050555,0.33704151390199505,0.0,-1.6699121022918524,0.028777204343076814,-4.251715248041083
k16-zero,42,K-local,0.02,0.03,0.343464271050555,0.3414283386156313,0.0,-1.6730426339804898,0.03279329901210918,-4.24769915337205
k16-zero,43,K-local,0.03,-0.03,0.3485297399091658,0.3125746559045083,0.0,-1.6763007206921492,0.036873071759968734,-4.243619380624191
k16-zero,44,K-local,0.03,-0.02,0.3485297399091658,0.31696148061814455,0.0,-1.673292149556771,0.032947503113263714,-4.247544949270895
k16-zero,45,K-local,0.03,-0.01,0.3485297399091658,0.3213483053317808,0.0,-1.6714722301869487,0.030581759830276167,-4.249910692553883
k16-zero,46,K-local,0.03,0,0.3485297399091658,0.3257351300454171,0.0,-1.6708637152999415,0.029793073673948758,-4.250699378710211
k16-zero,47,K-local,0.03,0.01,0.3485297399091658,0.33012195475905337,0.0,-1.6714722274717335,0.030581758854384945,-4.249910693529774
k16-zero,48,K-local,0.03,0.02,0.3485297399091658,0.33450877947268964,0.0,-1.673292150619129,0.032947504278770134,-4.247544948105389
k16-zero,49,K-local,0.03,0.03,0.3485297399091658,0.3388956041863259,0.0,-1.6763007221838995,0.03687306953682771,-4.243619382847331
k16-zero,50,Gamma,0,0,0.0,0.0,0.0,-1.6623100593533002,1.1098975425812319,-3.1705949098029276
k16-zero,51,M,0,0,0.5,0.0,0.0,-2.283986747722825,0.5910213072019551,-3.689471145182204
k16-zero,52,K-prime,0,0,-0.3333333333333333,-0.3333333333333333,-0.0,-1.6646336838502527,0.022162194326418087,-4.258330258057741
k16-zero,53,Gamma-K1,0.25,0,0.08333333333333333,0.08333333333333333,0.0,-1.8554462967469738,0.7390143876058678,-3.5414780647782913
k16-zero,54,Gamma-K1,0.3,0,0.09999999999999999,0.09999999999999999,0.0,-1.9665549157857827,0.6022656238088082,-3.678226828575351
k16-zero,55,Gamma-K1,0.35,0,0.11666666666666665,0.11666666666666665,0.0,-2.1003776741423708,0.4860333267497795,-3.7944591256343796
k16-zero,56,Gamma-K1,0.4,0,0.13333333333333333,0.13333333333333333,0.0,-2.2406966124177057,0.3883126318312057,-3.8921798205529536
k16-zero,57,Gamma-K1,0.44999999999999996,0,0.14999999999999997,0.14999999999999997,0.0,-2.3614540409796194,0.3146889252891634,-3.965803527094996
k16-zero,58,Gamma-K1,0.5,0,0.16666666666666666,0.16666666666666666,0.0,-2.4350913772366845,0.27900842984231045,-4.001484022541849
k16-zero,59,Gamma-K1,0.55,0,0.18333333333333335,0.18333333333333335,0.0,-2.4514993593961085,0.29427369746151033,-3.986218754922649
k16-zero,60,Gamma-K1,0.6,0,0.19999999999999998,0.19999999999999998,0.0,-2.4225998148131884,0.3622459640290343,-3.918246488355125
k16-zero,61,Gamma-K1,0.6499999999999999,0,0.21666666666666662,0.21666666666666662,0.0,-2.3622698231637074,0.4619551219718594,-3.8185373304123
k16-zero,62,Gamma-K1,0.7,0,0.2333333333333333,0.2333333333333333,0.0,-2.2759098063106404,0.5347747783275419,-3.745717674056617
k16-zero,63,Gamma-K1,0.75,0,0.25,0.25,0.0,-2.1656733809612367,0.5189968879078816,-3.7614955644762778
k16-zero,64,Gamma-K1,0.7999999999999999,0,0.2666666666666666,0.2666666666666666,0.0,-2.037156381638146,0.4252601568595334,-3.8552322955246257
k16-zero,65,Gamma-K1,0.85,0,0.2833333333333333,0.2833333333333333,0.0,-1.9024655974407565,0.29272833439748597,-3.987764117986673
k16-zero,66,Gamma-K1,0.8999999999999999,0,0.29999999999999993,0.29999999999999993,0.0,-1.7805444640795816,0.15838428705131277,-4.122108165332847
k16-zero,67,Gamma-K1,0.95,0,0.31666666666666665,0.31666666666666665,0.0,-1.694822795663154,0.058568169880408506,-4.221924282503751
k16-zero,68,Gamma-K2,0.25,0,-0.16666666666666666,0.08333333333333333,0.0,-1.855446297608438,0.7390143916830914,-3.541478060701068
k16-zero,69,Gamma-K2,0.3,0,-0.19999999999999998,0.09999999999999999,0.0,-1.9665549123763775,0.602265627162681,-3.6782268252214783
k16-zero,70,Gamma-K2,0.35,0,-0.2333333333333333,0.11666666666666665,0.0,-2.1003776864602597,0.4860333481122331,-3.794459104271926
k16-zero,71,Gamma-K2,0.4,0,-0.26666666666666666,0.13333333333333333,0.0,-2.2406966117224547,0.3883126346018212,-3.892179817782338
k16-zero,72,Gamma-K2,0.44999999999999996,0,-0.29999999999999993,0.14999999999999997,0.0,-2.3614540465070006,0.31468891683431605,-3.9658035355498433
k16-zero,73,Gamma-K2,0.5,0,-0.3333333333333333,0.16666666666666666,0.0,-2.435091383483107,0.27900842921265423,-4.001484023171505
k16-zero,74,Gamma-K2,0.55,0,-0.3666666666666667,0.18333333333333335,0.0,-2.451499350557796,0.2942736897214514,-3.9862187626627077
k16-zero,75,Gamma-K2,0.6,0,-0.39999999999999997,0.19999999999999998,0.0,-2.4225998147582275,0.3622459614664624,-3.9182464909176966
k16-zero,76,Gamma-K2,0.6499999999999999,0,-0.43333333333333324,0.21666666666666662,0.0,-2.3622698247626874,0.46195512543931905,-3.81853732694484
k16-zero,77,Gamma-K2,0.7,0,-0.4666666666666666,0.2333333333333333,0.0,-2.275909806548705,0.5347747745956508,-3.7457176777885084
k16-zero,78,Gamma-K2,0.75,0,-0.5,0.25,0.0,-2.165673378727326,0.5189968856737573,-3.7614955667104018
k16-zero,79,Gamma-K2,0.7999999999999999,0,-0.5333333333333332,0.2666666666666666,0.0,-2.037156382376938,0.4252601618740291,-3.85523229051013
k16-zero,80,Gamma-K2,0.85,0,-0.5666666666666667,0.2833333333333333,0.0,-1.9024655965684236,0.29272833418866795,-3.987764118195491
k16-zero,81,Gamma-K2,0.8999999999999999,0,-0.5999999999999999,0.29999999999999993,0.0,-1.7805444634916872,0.1583842868053523,-4.1221081655788065
k16-zero,82,Gamma-K2,0.95,0,-0.6333333333333333,0.31666666666666665,0.0,-1.694822795806803,0.05856817368459519,-4.221924278699564
k16-zero,83,Gamma-K3,0.25,0,0.08333333333333333,-0.16666666666666666,0.0,-1.8554462975025707,0.7390143881441205,-3.5414780642400387
k16-zero,84,Gamma-K3,0.3,0,0.09999999999999999,-0.19999999999999998,0.0,-1.9665549117730272,0.6022656403693234,-3.678226812014836
k16-zero,85,Gamma-K3,0.35,0,0.11666666666666665,-0.2333333333333333,0.0,-2.100377679928278,0.4860333404948237,-3.7944591118893354
k16-zero,86,Gamma-K3,0.4,0,0.13333333333333333,-0.26666666666666666,0.0,-2.240696609352798,0.38831263760651713,-3.8921798147776423
k16-zero,87,Gamma-K3,0.44999999999999996,0,0.14999999999999997,-0.29999999999999993,0.0,-2.36145403772045,0.3146889179548553,-3.9658035344293037
k16-zero,88,Gamma-K3,0.5,0,0.16666666666666666,-0.3333333333333333,0.0,-2.4350913871400253,0.27900842900517475,-4.001484023378985
k16-zero,89,Gamma-K3,0.55,0,0.18333333333333335,-0.3666666666666667,0.0,-2.4514993489647146,0.29427369323424296,-3.9862187591499163
k16-zero,90,Gamma-K3,0.6,0,0.19999999999999998,-0.39999999999999997,0.0,-2.422599814950162,0.36224596135423587,-3.9182464910299233
k16-zero,91,Gamma-K3,0.6499999999999999,0,0.21666666666666662,-0.43333333333333324,0.0,-2.3622698287756454,0.4619551190802355,-3.8185373333039236
k16-zero,92,Gamma-K3,0.7,0,0.2333333333333333,-0.4666666666666666,0.0,-2.2759098083100753,0.5347747840196023,-3.745717668364557
k16-zero,93,Gamma-K3,0.75,0,0.25,-0.5,0.0,-2.16567338041168,0.5189968868578149,-3.7614955655263445
k16-zero,94,Gamma-K3,0.7999999999999999,0,0.2666666666666666,-0.5333333333333332,0.0,-2.0371563806494044,0.4252601572971189,-3.85523229508704
k16-zero,95,Gamma-K3,0.85,0,0.2833333333333333,-0.5666666666666667,0.0,-1.9024655968490374,0.29272833415976235,-3.987764118224397
k16-zero,96,Gamma-K3,0.8999999999999999,0,0.29999999999999993,-0.5999999999999999,0.0,-1.7805444632968357,0.15838428721683118,-4.122108165167328
k16-zero,97,Gamma-K3,0.95,0,0.31666666666666665,-0.6333333333333333,0.0,-1.694822798426991,0.05856817101337198,-4.221924281370788
minus005,1,K-local,-0.03,-0.03,0.31821290879038,0.3277330714639012,0.0,-1.6442691944977461,0.0953063530419043,-4.203862083899384
minus005,2,K-local,-0.03,-0.02,0.31821290879038,0.33211989617753745,0.0,-1.640771087020097,0.09112663478300219,-4.208041802158286
minus005,3,K-local,-0.03,-0.01,0.31821290879038,0.3365067208911737,0.0,-1.6386576836366424,0.08860471436293735,-4.210563722578351
minus005,4,K-local,-0.03,0,0.31821290879038,0.34089354560480994,0.0,-1.6379551019945497,0.0877612446910372,-4.211407192250251
minus005,5,K-local,-0.03,0.01,0.31821290879038,0.3452803703184462,0.0,-1.6386576832337547,0.08860471827255109,-4.2105637186687375
minus005,6,K-local,-0.03,0.02,0.31821290879038,0.3496671950320825,0.0,-1.640771087762743,0.0911266366815888,-4.2080418002597
minus005,7,K-local,-0.03,0.03,0.31821290879038,0.35405401974571876,0.0,-1.644269191062896,0.09530635262109481,-4.2038620843201935
minus005,8,K-local,-0.02,-0.03,0.3232530503046978,0.3252130007067423,0.0,-1.6411345592579791,0.09176372717095677,-4.207404709770332
minus005,9,K-local,-0.02,-0.02,0.3232530503046978,0.3295998254203786,0.0,-1.6377104583478503,0.0876146303200349,-4.211553806621254
minus005,10,K-local,-0.02,-0.01,0.3232530503046978,0.33398665013401485,0.0,-1.635645574457419,0.08510880368240183,-4.214059633258887
minus005,11,K-local,-0.02,0,0.3232530503046978,0.338373474847651,0.0,-1.6349511775005363,0.08427509015072134,-4.214893346790567
minus005,12,K-local,-0.02,0.01,0.3232530503046978,0.3427602995612873,0.0,-1.6356455738015598,0.08510880159264789,-4.21405963534864
minus005,13,K-local,-0.02,0.02,0.3232530503046978,0.34714712427492356,0.0,-1.63771045545096,0.08761463416584288,-4.2115538027754456
minus005,14,K-local,-0.02,0.03,0.3232530503046978,0.35153394898855983,0.0,-1.6411345601103862,0.09176372860688077,-4.2074047083344075
minus005,15,K-local,-0.01,-0.03,0.32829319181901556,0.32269292994958343,0.0,-1.6392534019922176,0.08979766154711724,-4.209370775394171
minus005,16,K-local,-0.01,-0.02,0.32829319181901556,0.3270797546632197,0.0,-1.6359129735980547,0.08569233252928395,-4.213476104412004
minus005,17,K-local,-0.01,-0.01,0.32829319181901556,0.331466579376856,0.0,-1.6338979621554057,0.08321467781815611,-4.215953759123132
minus005,18,K-local,-0.01,0,0.32829319181901556,0.33585340409049214,0.0,-1.6332261430945783,0.0823876443266592,-4.216780792614629
minus005,19,K-local,-0.01,0.01,0.32829319181901556,0.3402402288041284,0.0,-1.6338979630588741,0.08321468232916006,-4.215953754612128
minus005,20,K-local,-0.01,0.02,0.32829319181901556,0.3446270535177647,0.0,-1.6359129737654725,0.08569233592696061,-4.213476101014328
minus005,21,K-local,-0.01,0.03,0.32829319181901556,0.34901387823140095,0.0,-1.639253399507621,0.08979765685424486,-4.209370780087044
minus005,22,K-local,0,-0.03,0.33333333333333337,0.3201728591924245,0.0,-1.6386758913304786,0.08945276729823956,-4.209715669643049
minus005,23,K-local,0,-0.02,0.33333333333333337,0.32455968390606077,0.0,-1.6354283869726258,0.08540334772920825,-4.21376508921208
minus005,24,K-local,0,-0.01,0.33333333333333337,0.32894650861969704,0.0,-1.6334734953121217,0.08296023782050369,-4.216208199120785
minus005,25,K-local,0,0,0.33333333333333337,0.33333333333333326,0.0,-1.6328217239747467,0.08214440604415879,-4.21702403089713
minus005,26,K-local,0,0.01,0.33333333333333337,0.33772015804696953,0.0,-1.6334734947515137,0.08296023490996636,-4.216208202031322
minus005,27,K-local,0,0.02,0.33333333333333337,0.3421069827606058,0.0,-1.6354283886520131,0.08540334772192745,-4.213765089219361
minus005,28,K-local,0,0.03,0.33333333333333337,0.3464938074742421,0.0,-1.6386758919017934,0.08945276440648876,-4.2097156725347995
minus005,29,K-local,0.01,-0.03,0.3383734748476511,0.31765278843526557,0.0,-1.6394559975807155,0.09075510629527533,-4.208413330646013
minus005,30,K-local,0.01,-0.02,0.3383734748476511,0.32203961314890184,0.0,-1.6363160271743638,0.08677417336374772,-4.212394263577541
minus005,31,K-local,0.01,-0.01,0.3383734748476511,0.3264264378625381,0.0,-1.634419525124914,0.0843706690563271,-4.214797767884961
minus005,32,K-local,0.01,0,0.3383734748476511,0.3308132625761744,0.0,-1.6337876104360296,0.08356920670149917,-4.215599230239789
minus005,33,K-local,0.01,0.01,0.3383734748476511,0.33520008728981066,0.0,-1.634419524462452,0.0843706675695464,-4.214797769371742
minus005,34,K-local,0.01,0.02,0.3383734748476511,0.33958691200344693,0.0,-1.6363160282378806,0.08677417747171966,-4.212394259469569
minus005,35,K-local,0.01,0.03,0.3383734748476511,0.3439737367170832,0.0,-1.6394560018463842,0.09075511035503858,-4.20841332658625
minus005,36,K-local,0.02,-0.03,0.3434136163619689,0.3151327176781067,0.0,-1.6416157435743197,0.09372132968278366,-4.205447107258505
minus005,37,K-local,0.02,-0.02,0.3434136163619689,0.31951954239174296,0.0,-1.6385939816499449,0.08981961614845872,-4.20934882079283
minus005,38,K-local,0.02,-0.01,0.3434136163619689,0.32390636710537923,0.0,-1.6367705408962854,0.08746577235304011,-4.211702664588248
minus005,39,K-local,0.02,0,0.3434136163619689,0.3282931918190155,0.0,-1.6361558455475085,0.08668022308180638,-4.212488213859482
minus005,40,K-local,0.02,0.01,0.3434136163619689,0.3326800165326518,0.0,-1.6367705403014532,0.08746577109484492,-4.211702665846444
minus005,41,K-local,0.02,0.02,0.3434136163619689,0.33706684124628805,0.0,-1.638593982457527,0.08981961627314435,-4.209348820668144
minus005,42,K-local,0.02,0.03,0.3434136163619689,0.3414536659599243,0.0,-1.6416157414584511,0.0937213278254928,-4.205447109115796
minus005,43,K-local,0.03,-0.03,0.3484537578762867,0.3126126469209478,0.0,-1.6451842412778948,0.09834539809528173,-4.200823038846007
minus005,44,K-local,0.03,-0.02,0.3484537578762867,0.3169994716345841,0.0,-1.6422845080943644,0.09453530760241009,-4.204633129338879
minus005,45,K-local,0.03,-0.01,0.3484537578762867,0.32138629634822036,0.0,-1.6405346954347724,0.09223904729456203,-4.206929389646726
minus005,46,K-local,0.03,0,0.3484537578762867,0.3257731210618566,0.0,-1.6399479370364651,0.09147471170154554,-4.207693725239743
minus005,47,K-local,0.03,0.01,0.3484537578762867,0.33015994577549285,0.0,-1.6405346947429655,0.09223904911129652,-4.206929387829992
minus005,48,K-local,0.03,0.02,0.3484537578762867,0.3345467704891291,0.0,-1.6422845070266423,0.09453530763205736,-4.204633129309231
minus005,49,K-local,0.03,0.03,0.3484537578762867,0.3389335952027654,0.0,-1.645184238720945,0.09834539597900052,-4.2008230409622875
minus005,50,Gamma,0,0,0.0,0.0,0.0,-1.6630562938320252,1.1424988898719217,-3.1566695470693666
minus005,51,M,0,0,0.5,0.0,0.0,-2.254519889277333,0.6475170878068017,-3.651651349134487
minus005,52,K-prime,0,0,-0.3333333333333333,-0.3333333333333333,-0.0,-1.6328217238212819,0.08214440769878262,-4.217024029242506
minus005,53,Gamma-K1,0.25,0,0.08333333333333333,0.08333333333333333,0.0,-1.8503498457539547,0.7592658285227866,-3.539902608418502
minus005,54,Gamma-K1,0.3,0,0.09999999999999999,0.09999999999999999,0.0,-1.9590643795808114,0.6215300711468106,-3.677638365794478
minus005,55,Gamma-K1,0.35,0,0.11666666666666665,0.11666666666666665,0.0,-2.090032911779932,0.5052770250330038,-3.7938914119082847
minus005,56,Gamma-K1,0.4,0,0.13333333333333333,0.13333333333333333,0.0,-2.226513961967498,0.4082075250288936,-3.8909609119123947
minus005,57,Gamma-K1,0.44999999999999996,0,0.14999999999999997,0.14999999999999997,0.0,-2.3416022211595893,0.3351947975169689,-3.9639736394243195
minus005,58,Gamma-K1,0.5,0,0.16666666666666666,0.16666666666666666,0.0,-2.407999898573983,0.2998263182005959,-3.9993421187406923
minus005,59,Gamma-K1,0.55,0,0.18333333333333335,0.18333333333333335,0.0,-2.4179918602682533,0.31525773853953265,-3.983910698401756
minus005,60,Gamma-K1,0.6,0,0.19999999999999998,0.19999999999999998,0.0,-2.3853251215409372,0.3834274044552676,-3.9157410324860207
minus005,61,Gamma-K1,0.6499999999999999,0,0.21666666666666662,0.21666666666666662,0.0,-2.323525454212993,0.4840900439690051,-3.8150783929722833
minus005,62,Gamma-K1,0.7,0,0.2333333333333333,0.2333333333333333,0.0,-2.236977777709826,0.5616977365638914,-3.737470700377397
minus005,63,Gamma-K1,0.75,0,0.25,0.25,0.0,-2.1271648181607508,0.554772172676451,-3.7443962642648376
minus005,64,Gamma-K1,0.7999999999999999,0,0.2666666666666666,0.2666666666666666,0.0,-1.9994394225801084,0.46870472084787757,-3.8304637160934107
minus005,65,Gamma-K1,0.85,0,0.2833333333333333,0.2833333333333333,0.0,-1.8659069405965982,0.34184929312408446,-3.957319143817204
minus005,66,Gamma-K1,0.8999999999999999,0,0.29999999999999993,0.29999999999999993,0.0,-1.7455483380084174,0.21203859388929355,-4.0871298430519944
minus005,67,Gamma-K1,0.95,0,0.31666666666666665,0.31666666666666665,0.0,-1.6616307773221648,0.11592356334499002,-4.183244873596299
minus005,68,Gamma-K2,0.25,0,-0.16666666666666666,0.08333333333333333,0.0,-1.8450468565543847,0.7756438599203274,-3.523524577020961
minus005,69,Gamma-K2,0.3,0,-0.19999999999999998,0.09999999999999999,0.0,-1.9532969456870586,0.6315721507703898,-3.6675962861708986
minus005,70,Gamma-K2,0.35,0,-0.2333333333333333,0.11666666666666665,0.0,-2.0855125797813883,0.5090441409482402,-3.7901242959930483
minus005,71,Gamma-K2,0.4,0,-0.26666666666666666,0.13333333333333333,0.0,-2.225739645042074,0.4069908865005689,-3.8921775504407194
minus005,72,Gamma-K2,0.44999999999999996,0,-0.29999999999999993,0.14999999999999997,0.0,-2.347430181441677,0.3311515536504267,-3.9680168832908618
minus005,73,Gamma-K2,0.5,0,-0.3333333333333333,0.16666666666666666,0.0,-2.421672115806534,0.29495788942972045,-4.004210547511568
minus005,74,Gamma-K2,0.55,0,-0.3666666666666667,0.18333333333333335,0.0,-2.437735264426307,0.3106938675337303,-3.988474569407558
minus005,75,Gamma-K2,0.6,0,-0.39999999999999997,0.19999999999999998,0.0,-2.4081482497917825,0.3795090638771697,-3.9196593730641185
minus005,76,Gamma-K2,0.6499999999999999,0,-0.43333333333333324,0.21666666666666662,0.0,-2.3471492475996847,0.48101324512395144,-3.818155191817337
minus005,77,Gamma-K2,0.7,0,-0.4666666666666666,0.2333333333333333,0.0,-2.2597489288104495,0.562778864491561,-3.7363895724497276
minus005,78,Gamma-K2,0.75,0,-0.5,0.25,0.0,-2.1477740408558303,0.5644231009671176,-3.734745335974171
minus005,79,Gamma-K2,0.7999999999999999,0,-0.5333333333333332,0.2666666666666666,0.0,-2.016847662969503,0.48404820156974265,-3.8151202353715457
minus005,80,Gamma-K2,0.85,0,-0.5666666666666667,0.2833333333333333,0.0,-1.87926780885679,0.35773786379589473,-3.941430573145394
minus005,81,Gamma-K2,0.8999999999999999,0,-0.5999999999999999,0.29999999999999993,0.0,-1.7541874559627602,0.22441588047435068,-4.074752556466938
minus005,82,Gamma-K2,0.95,0,-0.6333333333333333,0.31666666666666665,0.0,-1.6653945113984345,0.12232229820041747,-4.176846138740871
minus005,83,Gamma-K3,0.25,0,0.08333333333333333,-0.16666666666666666,0.0,-1.8503498488970782,0.7592658252660165,-3.539902611675272
minus005,84,Gamma-K3,0.3,0,0.09999999999999999,-0.19999999999999998,0.0,-1.9590643812165143,0.6215300672745201,-3.6776383696667683
minus005,85,Gamma-K3,0.35,0,0.11666666666666665,-0.2333333333333333,0.0,-2.0900329118257406,0.5052770254131423,-3.793891411528146
minus005,86,Gamma-K3,0.4,0,0.13333333333333333,-0.26666666666666666,0.0,-2.2265139500357827,0.4082075187710552,-3.890960918170233
minus005,87,Gamma-K3,0.44999999999999996,0,0.14999999999999997,-0.29999999999999993,0.0,-2.3416022096546003,0.3351947996240421,-3.9639736373172463
minus005,88,Gamma-K3,0.5,0,0.16666666666666666,-0.3333333333333333,0.0,-2.40799989992,0.29982631328690584,-3.9993421236543827
minus005,89,Gamma-K3,0.55,0,0.18333333333333335,-0.3666666666666667,0.0,-2.4179918681121357,0.3152577331252407,-3.9839107038160475
minus005,90,Gamma-K3,0.6,0,0.19999999999999998,-0.39999999999999997,0.0,-2.385325112500073,0.38342740330883857,-3.91574103363245
minus005,91,Gamma-K3,0.6499999999999999,0,0.21666666666666662,-0.43333333333333324,0.0,-2.3235254548846918,0.4840900538314445,-3.815078383109844
minus005,92,Gamma-K3,0.7,0,0.2333333333333333,-0.4666666666666666,0.0,-2.236977777901567,0.5616977365025969,-3.7374707004386916
minus005,93,Gamma-K3,0.75,0,0.25,-0.5,0.0,-2.1271648189237538,0.5547721670014073,-3.744396269939881
minus005,94,Gamma-K3,0.7999999999999999,0,0.2666666666666666,-0.5333333333333332,0.0,-1.9994394265442712,0.4687047233519663,-3.8304637135893222
minus005,95,Gamma-K3,0.85,0,0.2833333333333333,-0.5666666666666667,0.0,-1.865906936771981,0.3418492905731694,-3.957319146368119
minus005,96,Gamma-K3,0.8999999999999999,0,0.29999999999999993,-0.5999999999999999,0.0,-1.7455483411108055,0.212038596078446,-4.0871298408628425
minus005,97,Gamma-K3,0.95,0,0.31666666666666665,-0.6333333333333333,0.0,-1.66163078020661,0.11592356245333006,-4.183244874487959
minus010,1,K-local,-0.03,-0.03,0.3182888908232592,0.32769508044746165,0.0,-1.6112434285829433,0.1539141689747085,-4.164121745426391
minus010,2,K-local,-0.03,-0.02,0.3182888908232592,0.3320819051610979,0.0,-1.6078503332286946,0.14985181543674808,-4.168184098964351
minus010,3,K-local,-0.03,-0.01,0.3182888908232592,0.3364687298747342,0.0,-1.605797834285732,0.14740448471397086,-4.170631429687128
minus010,4,K-local,-0.03,0,0.3182888908232592,0.3408555545883704,0.0,-1.6051092019695266,0.14658216284227754,-4.171453751558821
minus010,5,K-local,-0.03,0.01,0.3182888908232592,0.3452423793020067,0.0,-1.6057978351043645,0.1474044863847952,-4.1706314280163035
minus010,6,K-local,-0.03,0.02,0.3182888908232592,0.34962920401564296,0.0,-1.6078503333293048,0.149851812199957,-4.168184102201142
minus010,7,K-local,-0.03,0.03,0.3182888908232592,0.35401602872927923,0.0,-1.6112434287303474,0.15391416775306455,-4.164121746648035
minus010,8,K-local,-0.02,-0.03,0.32330370499328387,0.32518767336244925,0.0,-1.6083287236573371,0.150963494736037,-4.167072419665062
minus010,9,K-local,-0.02,-0.02,0.32330370499328387,0.3295744980760855,0.0,-1.6050099451212403,0.1469315993662085,-4.17110431503489
minus010,10,K-local,-0.02,-0.01,0.32330370499328387,0.3339613227897218,0.0,-1.603002259596166,0.14450068232962673,-4.1735352320714725
minus010,11,K-local,-0.02,0,0.32330370499328387,0.33834814750335807,0.0,-1.6023348518923404,0.14368702660150076,-4.1743488877995985
minus010,12,K-local,-0.02,0.01,0.32330370499328387,0.34273497221699434,0.0,-1.6030022607997936,0.1445006823081499,-4.173535232092949
minus010,13,K-local,-0.02,0.02,0.32330370499328387,0.3471217969306306,0.0,-1.6050099423245023,0.14693159588826424,-4.1711043185128345
minus010,14,K-local,-0.02,0.03,0.32330370499328387,0.3515086216442669,0.0,-1.60832872501939,0.15096349443475168,-4.167072419966347
minus010,15,K-local,-0.01,-0.03,0.3283185191633086,0.3226802662774369,0.0,-1.606691931264519,0.14958183976897593,-4.168454074632123
minus010,16,K-local,-0.01,-0.02,0.3283185191633086,0.3270670909910732,0.0,-1.6034579710229204,0.14559642266190728,-4.172439491739191
minus010,17,K-local,-0.01,-0.01,0.3283185191633086,0.33145391570470945,0.0,-1.6015056013801328,0.1431899941993061,-4.1748459202017925
minus010,18,K-local,-0.01,0,0.3283185191633086,0.33584074041834566,0.0,-1.6008486435100586,0.14238719654130727,-4.175648717859792
minus010,19,K-local,-0.01,0.01,0.3283185191633086,0.34022756513198193,0.0,-1.601505602283337,0.1431899932434635,-4.174845921157635
minus010,20,K-local,-0.01,0.02,0.3283185191633086,0.3446143898456182,0.0,-1.60345797133992,0.1455964211651155,-4.172439493235983
minus010,21,K-local,-0.01,0.03,0.3283185191633086,0.3490012145592545,0.0,-1.6066919311462802,0.1495818405231825,-4.168454073877917
minus010,22,K-local,0,-0.03,0.33333333333333337,0.32017285919242455,0.0,-1.6063780271627612,0.14981667847655208,-4.168219235924547
minus010,23,K-local,0,-0.02,0.33333333333333337,0.3245596839060608,0.0,-1.6032422811389528,0.14588429737852426,-4.172151617022575
minus010,24,K-local,0,-0.01,0.33333333333333337,0.3289465086196971,0.0,-1.601348652304375,0.14351149279919218,-4.174524421601907
minus010,25,K-local,0,0,0.33333333333333337,0.33333333333333326,0.0,-1.6007139873613765,0.14272186682926113,-4.175314047571838
minus010,26,K-local,0,0.01,0.33333333333333337,0.33772015804696953,0.0,-1.6013486510184078,0.14351148859749907,-4.1745244258036
minus010,27,K-local,0,0.02,0.33333333333333337,0.3421069827606058,0.0,-1.603242283915717,0.14588429410266018,-4.172151620298439
minus010,28,K-local,0,0.03,0.33333333333333337,0.3464938074742421,0.0,-1.6063780271228243,0.1498166761026355,-4.168219238298463
minus010,29,K-local,0.01,-0.03,0.33834814750335807,0.31766545210741215,0.0,-1.607437469469615,0.15168413171128722,-4.166351782689811
minus010,30,K-local,0.01,-0.02,0.33834814750335807,0.3220522768210484,0.0,-1.604408666176106,0.147819229401205,-4.170216684999894
minus010,31,K-local,0.01,-0.01,0.33834814750335807,0.3264391015346847,0.0,-1.6025794988402913,0.1454887247791434,-4.172547189621955
minus010,32,K-local,0.01,0,0.33834814750335807,0.3308259262483209,0.0,-1.601967756995689,0.14471104944221388,-4.173324864958885
minus010,33,K-local,0.01,0.01,0.33834814750335807,0.3352127509619572,0.0,-1.602579498110289,0.14548872579636737,-4.172547188604732
minus010,34,K-local,0.01,0.02,0.33834814750335807,0.33959957567559346,0.0,-1.6044086663220822,0.14781923268883845,-4.170216681712261
minus010,35,K-local,0.01,0.03,0.33834814750335807,0.34398640038922973,0.0,-1.60743746761103,0.1516841301045217,-4.166351784296578
minus010,36,K-local,0.02,-0.03,0.3433629616733828,0.3151580450223998,0.0,-1.6098949506959097,0.15519792964231083,-4.162837984758788
minus010,37,K-local,0.02,-0.02,0.3433629616733828,0.3195448697360361,0.0,-1.6069813867088607,0.15141136796448953,-4.166624546436609
minus010,38,K-local,0.02,-0.01,0.3433629616733828,0.32393169444967235,0.0,-1.6052241009862156,0.14912670693259858,-4.1689092074685
minus010,39,K-local,0.02,0,0.3433629616733828,0.32831851916330856,0.0,-1.6046368308339545,0.1483648799465952,-4.169671034454503
minus010,40,K-local,0.02,0.01,0.3433629616733828,0.33270534387694484,0.0,-1.605224098831014,0.14912670859078575,-4.168909205810313
minus010,41,K-local,0.02,0.02,0.3433629616733828,0.3370921685905811,0.0,-1.6069813876873615,0.15141136767835564,-4.166624546722743
minus010,42,K-local,0.02,0.03,0.3433629616733828,0.3414789933042174,0.0,-1.609894949678201,0.15519793068987317,-4.162837983711226
minus010,43,K-local,0.03,-0.03,0.3483777758434075,0.31265063793738745,0.0,-1.6137710163716943,0.16034751376447387,-4.157688400636625
minus010,44,K-local,0.03,-0.02,0.3483777758434075,0.3170374626510237,0.0,-1.6109816913549273,0.15664532951534269,-4.161390584885757
minus010,45,K-local,0.03,-0.01,0.3483777758434075,0.32142428736466,0.0,-1.6093004064206757,0.1544146920518023,-4.163621222349296
minus010,46,K-local,0.03,0,0.3483777758434075,0.32581111207829616,0.0,-1.6087388292295812,0.15367118910824637,-4.164364725292852
minus010,47,K-local,0.03,0.01,0.3483777758434075,0.33019793679193243,0.0,-1.609300405189665,0.1544146933806384,-4.163621221020461
minus010,48,K-local,0.03,0.02,0.3483777758434075,0.3345847615055687,0.0,-1.6109816911144814,0.1566453231329425,-4.161390591268156
minus010,49,K-local,0.03,0.03,0.3483777758434075,0.338971586219205,0.0,-1.6137710156537308,0.16034751555611992,-4.157688398844979
minus010,50,Gamma,0,0,0.0,0.0,0.0,-1.6642495993646516,1.1753247146116086,-3.14271119978949
minus010,51,M,0,0,0.5,0.0,0.0,-2.224434276414539,0.7030482438423552,-3.614987670558744
minus010,52,K-prime,0,0,-0.3333333333333333,-0.3333333333333333,-0.0,-1.6007139877609828,0.1427218702594506,-4.175314044141649
minus010,53,Gamma-K1,0.25,0,0.08333333333333333,0.08333333333333333,0.0,-1.845643010919436,0.7777716789110047,-3.540264235490094
minus010,54,Gamma-K1,0.3,0,0.09999999999999999,0.09999999999999999,0.0,-1.9518754872107988,0.6393448309796842,-3.678691083421415
minus010,55,Gamma-K1,0.35,0,0.11666666666666665,0.11666666666666665,0.0,-2.079820756631418,0.5233279833913221,-3.7947079310097767
minus010,56,Gamma-K1,0.4,0,0.13333333333333333,0.13333333333333333,0.0,-2.2121280874499476,0.427215258821028,-3.890820655580071
minus010,57,Gamma-K1,0.44999999999999996,0,0.14999999999999997,0.14999999999999997,0.0,-2.321089645505787,0.35508122818897525,-3.9629546862121234
minus010,58,Gamma-K1,0.5,0,0.16666666666666666,0.16666666666666666,0.0,-2.3798712664274118,0.3202182918093479,-3.997817622591751
minus010,59,Gamma-K1,0.55,0,0.18333333333333335,0.18333333333333335,0.0,-2.383429969310662,0.3359254500492226,-3.9821104643518765
minus010,60,Gamma-K1,0.6,0,0.19999999999999998,0.19999999999999998,0.0,-2.3471589026010458,0.4043927588382671,-3.913643155562832
minus010,61,Gamma-K1,0.6499999999999999,0,0.21666666666666662,0.21666666666666662,0.0,-2.284036735158773,0.5061397624526184,-3.8118961519484804
minus010,62,Gamma-K1,0.7,0,0.2333333333333333,0.2333333333333333,0.0,-2.1974236475712314,0.5884490121917526,-3.729586902209346
minus010,63,Gamma-K1,0.75,0,0.25,0.25,0.0,-2.0881359527747025,0.5903669940707624,-3.7276689203303364
minus010,64,Gamma-K1,0.7999999999999999,0,0.2666666666666666,0.2666666666666666,0.0,-1.96127524927872,0.5122438657587663,-3.8057920486423327
minus010,65,Gamma-K1,0.85,0,0.2833333333333333,0.2833333333333333,0.0,-1.8289750197832204,0.39132992477806083,-3.926705989623038
minus010,66,Gamma-K1,0.8999999999999999,0,0.29999999999999993,0.29999999999999993,0.0,-1.7102534352795442,0.26620721331501435,-4.051828701086085
minus010,67,Gamma-K1,0.95,0,0.31666666666666665,0.31666666666666665,0.0,-1.628143539554039,0.17388494451247508,-4.144150969888623
minus010,68,Gamma-K2,0.25,0,-0.16666666666666666,0.08333333333333333,0.0,-1.8348044335512452,0.812491513230356,-3.505544401170743
minus010,69,Gamma-K2,0.3,0,-0.19999999999999998,0.09999999999999999,0.0,-1.940052743060948,0.6609305621917321,-3.657105352209367
minus010,70,Gamma-K2,0.35,0,-0.2333333333333333,0.11666666666666665,0.0,-2.070502990040584,0.5321036530899206,-3.7859322613111783
minus010,71,Gamma-K2,0.4,0,-0.26666666666666666,0.13333333333333333,0.0,-2.2105932593933866,0.42567656194818415,-3.8923593524529148
minus010,72,Gamma-K2,0.44999999999999996,0,-0.29999999999999993,0.14999999999999997,0.0,-2.333251181147534,0.34755901170152814,-3.9704769026995708
minus010,73,Gamma-K2,0.5,0,-0.3333333333333333,0.16666666666666666,0.0,-2.4081499455602255,0.31072857911436824,-4.007307335286731
minus010,74,Gamma-K2,0.55,0,-0.3666666666666667,0.18333333333333335,0.0,-2.4238182856120027,0.32688255982056313,-3.9911533545805358
minus010,75,Gamma-K2,0.6,0,-0.39999999999999997,0.19999999999999998,0.0,-2.3935558742772485,0.396560961543051,-3.921474952858048
minus010,76,Gamma-K2,0.6499999999999999,0,-0.43333333333333324,0.21666666666666662,0.0,-2.3318854668027433,0.49995505776806515,-3.818080856633034
minus010,77,Gamma-K2,0.7,0,-0.4666666666666666,0.2333333333333333,0.0,-2.2434501574133803,0.589406372288836,-3.728629542112263
minus010,78,Gamma-K2,0.75,0,-0.5,0.25,0.0,-2.129716373347792,0.6070498823620848,-3.7109860320390142
minus010,79,Gamma-K2,0.7999999999999999,0,-0.5333333333333332,0.2666666666666666,0.0,-1.996329448465793,0.5408217653937656,-3.7772141490073334
minus010,80,Gamma-K2,0.85,0,-0.5666666666666667,0.2833333333333333,0.0,-1.8558136622643273,0.4219005211592703,-3.8961353932418286
minus010,81,Gamma-K2,0.8999999999999999,0,-0.5999999999999999,0.29999999999999993,0.0,-1.7275683458356175,0.29039356051853427,-4.027642353882564
minus010,82,Gamma-K2,0.95,0,-0.6333333333333333,0.31666666666666665,0.0,-1.6357003405009005,0.1864774105748587,-4.13155850382624
minus010,83,Gamma-K3,0.25,0,0.08333333333333333,-0.16666666666666666,0.0,-1.8456430132521815,0.7777716732880823,-3.5402642411130167
minus010,84,Gamma-K3,0.3,0,0.09999999999999999,-0.19999999999999998,0.0,-1.9518754900130506,0.6393448280567225,-3.6786910863443762
minus010,85,Gamma-K3,0.35,0,0.11666666666666665,-0.2333333333333333,0.0,-2.079820756656723,0.5233279833436466,-3.7947079310574523
minus010,86,Gamma-K3,0.4,0,0.13333333333333333,-0.26666666666666666,0.0,-2.212128088883306,0.42721525270512684,-3.890820661695972
minus010,87,Gamma-K3,0.44999999999999996,0,0.14999999999999997,-0.29999999999999993,0.0,-2.3210896683351634,0.3550812217223766,-3.9629546926787222
minus010,88,Gamma-K3,0.5,0,0.16666666666666666,-0.3333333333333333,0.0,-2.379871270370465,0.3202182894922562,-3.997817624908843
minus010,89,Gamma-K3,0.55,0,0.18333333333333335,-0.3666666666666667,0.0,-2.383429971071121,0.3359254418670832,-3.982110472534016
minus010,90,Gamma-K3,0.6,0,0.19999999999999998,-0.39999999999999997,0.0,-2.3471589061832474,0.4043927588961552,-3.9136431555049436
minus010,91,Gamma-K3,0.6499999999999999,0,0.21666666666666662,-0.43333333333333324,0.0,-2.2840367363029106,0.5061397690602695,-3.8118961453408295
minus010,92,Gamma-K3,0.7,0,0.2333333333333333,-0.4666666666666666,0.0,-2.197423650501955,0.5884490210393117,-3.729586893361787
minus010,93,Gamma-K3,0.75,0,0.25,-0.5,0.0,-2.088135949728151,0.5903669927553649,-3.727668921645734
minus010,94,Gamma-K3,0.7999999999999999,0,0.2666666666666666,-0.5333333333333332,0.0,-1.961275250752995,0.5122438717078905,-3.8057920426932084
minus010,95,Gamma-K3,0.85,0,0.2833333333333333,-0.5666666666666667,0.0,-1.8289750199911154,0.39132992632842056,-3.9267059880726785
minus010,96,Gamma-K3,0.8999999999999999,0,0.29999999999999993,-0.5999999999999999,0.0,-1.7102534349339307,0.26620721158344385,-4.051828702817655
minus010,97,Gamma-K3,0.95,0,0.31666666666666665,-0.6333333333333333,0.0,-1.6281435377221598,0.17388494286327255,-4.144150971537826
plus005,1,K-local,-0.03,-0.03,0.31806094472462165,0.32780905349678036,0.0,-1.7094407151467574,-0.019992184348128834,-4.2819841600891335
plus005,2,K-local,-0.03,-0.02,0.31806094472462165,0.3321958782104166,0.0,-1.7057296709530898,-0.02440489239078057,-4.286396868131785
plus005,3,K-local,-0.03,-0.01,0.31806094472462165,0.33658270292405285,0.0,-1.7034914478554146,-0.027069487623479025,-4.289061463364484
plus005,4,K-local,-0.03,0,0.31806094472462165,0.3409695276376891,0.0,-1.7027406808354335,-0.027956883659900282,-4.289948859400905
plus005,5,K-local,-0.03,0.01,0.31806094472462165,0.34535635235132534,0.0,-1.7034914460146038,-0.027069490499902423,-4.289061466240907
plus005,6,K-local,-0.03,0.02,0.31806094472462165,0.3497431770649616,0.0,-1.7057296727727094,-0.02440488950447978,-4.286396865245484
plus005,7,K-local,-0.03,0.03,0.31806094472462165,0.3541300017785979,0.0,-1.7094407132115093,-0.019992184688011377,-4.281984160429016
plus005,8,K-local,-0.02,-0.03,0.3231517409275256,0.3252636553953284,0.0,-1.7058702304201276,-0.024742241559022476,-4.286734217300027
plus005,9,K-local,-0.02,-0.02,0.3231517409275256,0.32965048010896464,0.0,-1.702237411594183,-0.029125023508017406,-4.291116999249022
plus005,10,K-local,-0.02,-0.01,0.3231517409275256,0.3340373048226009,0.0,-1.7000379941338797,-0.031773118067316655,-4.293765093808322
plus005,11,K-local,-0.02,0,0.3231517409275256,0.3384241295362372,0.0,-1.6993020791963827,-0.03265580710494149,-4.294647782845946
plus005,12,K-local,-0.02,0.01,0.3231517409275256,0.3428109542498734,0.0,-1.7000379922214286,-0.03177311988450883,-4.293765095625513
plus005,13,K-local,-0.02,0.02,0.3231517409275256,0.3471977789635097,0.0,-1.7022374129096811,-0.029125022494698144,-4.291116998235703
plus005,14,K-local,-0.02,0.03,0.3231517409275256,0.35158460367714595,0.0,-1.7058702301485047,-0.024742241564632603,-4.2867342173056375
plus005,15,K-local,-0.01,-0.03,0.32824253713042945,0.3227182572938765,0.0,-1.7035014204971806,-0.02791668312365486,-4.289908658864659
plus005,16,K-local,-0.01,-0.02,0.32824253713042945,0.3271050820075127,0.0,-1.6999490422204055,-0.032256827342473045,-4.294248803083478
plus005,17,K-local,-0.01,-0.01,0.32824253713042945,0.331491906721149,0.0,-1.6978070546171868,-0.034878431558411346,-4.296870407299416
plus005,18,K-local,-0.01,0,0.32824253713042945,0.33587873143478525,0.0,-1.6970921256005664,-0.03575379433343724,-4.2977457700744415
plus005,19,K-local,-0.01,0.01,0.32824253713042945,0.34026555614842147,0.0,-1.6978070506506524,-0.03487843376358152,-4.296870409504586
plus005,20,K-local,-0.01,0.02,0.32824253713042945,0.34465238086205774,0.0,-1.6999490402423585,-0.03225682725410219,-4.2942488029951065
plus005,21,K-local,-0.01,0.03,0.32824253713042945,0.349039205575694,0.0,-1.7035014186609618,-0.02791668096768584,-4.289908656708691
plus005,22,K-local,0,-0.03,0.3333333333333333,0.32017285919242455,0.0,-1.702395917054457,-0.029465246393438563,-4.291457222134443
plus005,23,K-local,0,-0.02,0.3333333333333333,0.32455968390606077,0.0,-1.698940264810407,-0.0337480867553993,-4.295740062496404
plus005,24,K-local,0,-0.01,0.3333333333333333,0.32894650861969704,0.0,-1.69685404689069,-0.0363335950177552,-4.2983255707587595
plus005,25,K-local,0,0,0.3333333333333333,0.3333333333333333,0.0,-1.6961588227950009,-0.03719854062105436,-4.299190516362059
plus005,26,K-local,0,0.01,0.3333333333333333,0.33772015804696953,0.0,-1.6968540481878942,-0.03633359771730246,-4.298325573458307
plus005,27,K-local,0,0.02,0.3333333333333333,0.3421069827606058,0.0,-1.698940262458781,-0.03374808570173137,-4.295740061442736
plus005,28,K-local,0,0.03,0.3333333333333333,0.3464938074742421,0.0,-1.7023959199010699,-0.02946524507821542,-4.29145722081922
plus005,29,K-local,0.01,-0.03,0.33842412953623724,0.3176274610909726,0.0,-1.7026054469924976,-0.02934746132772104,-4.291339437068726
plus005,30,K-local,0.01,-0.02,0.33842412953623724,0.32201428580460884,0.0,-1.6992559151492554,-0.03356139130575585,-4.29555336704676
plus005,31,K-local,0.01,-0.01,0.33842412953623724,0.3264011105182451,0.0,-1.6972324557219152,-0.03610473545916749,-4.298096711200172
plus005,32,K-local,0.01,0,0.33842412953623724,0.3307879352318814,0.0,-1.6965490588054075,-0.03695274405404053,-4.298944719795045
plus005,33,K-local,0.01,0.01,0.33842412953623724,0.3351747599455176,0.0,-1.697232456631599,-0.03610473979416233,-4.298096715535167
plus005,34,K-local,0.01,0.02,0.33842412953623724,0.33956158465915387,0.0,-1.6992559132643597,-0.03356139161052675,-4.295553367351531
plus005,35,K-local,0.01,0.03,0.33842412953623724,0.34394840937279014,0.0,-1.7026054452294386,-0.02934746029960836,-4.291339436040613
plus005,36,K-local,0.02,-0.03,0.3435149257391411,0.3150820629895207,0.0,-1.704165691781621,-0.027539785224205936,-4.28953176096521
plus005,37,K-local,0.02,-0.02,0.3435149257391411,0.3194688877031569,0.0,-1.7009281418590965,-0.03167008901470705,-4.293662064755711
plus005,38,K-local,0.02,-0.01,0.3435149257391411,0.3238557124167932,0.0,-1.6989697821185148,-0.03416238127356764,-4.296154357014572
plus005,39,K-local,0.02,0,0.3435149257391411,0.32824253713042945,0.0,-1.6983152921783007,-0.03499266691669379,-4.296984642657699
plus005,40,K-local,0.02,0.01,0.3435149257391411,0.33262936184406566,0.0,-1.6989697812703524,-0.034162386298990446,-4.296154362039995
plus005,41,K-local,0.02,0.02,0.3435149257391411,0.33701618655770194,0.0,-1.7009281406044474,-0.031670090092119046,-4.293662065833123
plus005,42,K-local,0.02,0.03,0.3435149257391411,0.3414030112713382,0.0,-1.7041656863695132,-0.0275397904137031,-4.289531766154708
plus005,43,K-local,0.03,-0.03,0.348605721942045,0.31253666488806875,0.0,-1.7070919748177047,-0.02403032955716176,-4.286022305298166
plus005,44,K-local,0.03,-0.02,0.348605721942045,0.31692348960170497,0.0,-1.7039797703342359,-0.02806667086620279,-4.290058646607207
plus005,45,K-local,0.03,-0.01,0.348605721942045,0.32131031431534124,0.0,-1.702098534261273,-0.030502158863129736,-4.2924941346041345
plus005,46,K-local,0.03,0,0.348605721942045,0.3256971390289775,0.0,-1.7014718531548227,-0.03131548003497938,-4.293307455775984
plus005,47,K-local,0.03,0.01,0.348605721942045,0.33008396374261373,0.0,-1.7020985338438788,-0.030502160935251953,-4.292494136676257
plus005,48,K-local,0.03,0.02,0.348605721942045,0.33447078845625,0.0,-1.7039797695155712,-0.028066672573702933,-4.290058648314708
plus005,49,K-local,0.03,0.03,0.348605721942045,0.3388576131698863,0.0,-1.7070919731927976,-0.024030327676883574,-4.286022303417888
plus005,50,Gamma,0,0,0.0,0.0,0.0,-1.6619832377012485,1.0509415285896944,-3.21105044715131
plus005,51,M,0,0,0.5,0.0,0.0,-2.3128128516507096,0.5337500552203186,-3.728241920520686
plus005,52,K-prime,0,0,-0.3333333333333333,-0.3333333333333333,-0.0,-1.6961588213691825,-0.03719854309874931,-4.299190518839754
plus005,53,Gamma-K1,0.25,0,0.08333333333333333,0.08333333333333333,0.0,-1.8608861348941574,0.7167208524198617,-3.5452711233211427
plus005,54,Gamma-K1,0.3,0,0.09999999999999999,0.09999999999999999,0.0,-1.974304599638155,0.5813986820840104,-3.6805932936569943
plus005,55,Gamma-K1,0.35,0,0.11666666666666665,0.11666666666666665,0.0,-2.110805348107509,0.46554442527505324,-3.796447550465951
plus005,56,Gamma-K1,0.4,0,0.13333333333333333,0.13333333333333333,0.0,-2.254675460110628,0.36752136281021536,-3.8944706129307893
plus005,57,Gamma-K1,0.44999999999999996,0,0.14999999999999997,0.14999999999999997,0.0,-2.3806668597494967,0.29357661048575323,-3.968415365255251
plus005,58,Gamma-K1,0.5,0,0.16666666666666666,0.16666666666666666,0.0,-2.4611542143565974,0.2577925342721579,-4.004199441468846
plus005,59,Gamma-K1,0.55,0,0.18333333333333335,0.18333333333333335,0.0,-2.4839048363072322,0.2730223982240601,-3.9889695775169445
plus005,60,Gamma-K1,0.6,0,0.19999999999999998,0.19999999999999998,0.0,-2.458916240567375,0.3409042576048226,-3.921087718136182
plus005,61,Gamma-K1,0.6499999999999999,0,0.21666666666666662,0.21666666666666662,0.0,-2.400233850400157,0.43975804032683286,-3.8222339354141717
plus005,62,Gamma-K1,0.7,0,0.2333333333333333,0.2333333333333333,0.0,-2.3141953392138332,0.5076919864353042,-3.7542999893057
plus005,63,Gamma-K1,0.75,0,0.25,0.25,0.0,-2.2036117303034684,0.4830912429875303,-3.778900732753474
plus005,64,Gamma-K1,0.7999999999999999,0,0.2666666666666666,0.2666666666666666,0.0,-2.0743638700080735,0.381993643278052,-3.8799983324629523
plus005,65,Gamma-K1,0.85,0,0.2833333333333333,0.2833333333333333,0.0,-1.9385805877692472,0.24401096717744922,-4.017981008563555
plus005,66,Gamma-K1,0.8999999999999999,0,0.29999999999999993,0.29999999999999993,0.0,-1.8151424279371886,0.10531718988291748,-4.156674785858087
plus005,67,Gamma-K1,0.95,0,0.31666666666666665,0.31666666666666665,0.0,-1.727677266989367,0.0018634842222483364,-4.260128491518756
plus005,68,Gamma-K2,0.25,0,-0.16666666666666666,0.08333333333333333,0.0,-1.865957538321198,0.7026548883978586,-3.559337087343146
plus005,69,Gamma-K2,0.3,0,-0.19999999999999998,0.09999999999999999,0.0,-1.9797572917648867,0.5730718890685309,-3.6889200866724736
plus005,70,Gamma-K2,0.35,0,-0.2333333333333333,0.11666666666666665,0.0,-2.115061830651231,0.463054549778448,-3.7989374259625563
plus005,71,Gamma-K2,0.4,0,-0.26666666666666666,0.13333333333333333,0.0,-2.2553976051620603,0.3696841210420268,-3.8923078546989776
plus005,72,Gamma-K2,0.44999999999999996,0,-0.29999999999999993,0.14999999999999997,0.0,-2.3752606733909674,0.2981907773768428,-3.9638011983641617
plus005,73,Gamma-K2,0.5,0,-0.3333333333333333,0.16666666666666666,0.0,-2.4483127413753,0.26292731747757475,-3.9990646582634297
plus005,74,Gamma-K2,0.55,0,-0.3666666666666667,0.18333333333333335,0.0,-2.4650698528660913,0.2776125570465251,-3.9843794186944796
plus005,75,Gamma-K2,0.6,0,-0.39999999999999997,0.19999999999999998,0.0,-2.4368399078491083,0.34481467474361543,-3.917177300997389
plus005,76,Gamma-K2,0.6499999999999999,0,-0.43333333333333324,0.21666666666666662,0.0,-2.3771943232666253,0.442814230416962,-3.8191777453240423
plus005,77,Gamma-K2,0.7,0,-0.4666666666666666,0.2333333333333333,0.0,-2.2918998966030912,0.5048970795539125,-3.757094896187092
plus005,78,Gamma-K2,0.75,0,-0.5,0.25,0.0,-2.183350456526829,0.47049502044214614,-3.791496955298858
plus005,79,Gamma-K2,0.7999999999999999,0,-0.5333333333333332,0.2666666666666666,0.0,-2.0572006696011536,0.36458260467811826,-3.8974093710628863
plus005,80,Gamma-K2,0.85,0,-0.5666666666666667,0.2833333333333333,0.0,-1.9253886854410016,0.22699813060925822,-4.034993845131746
plus005,81,Gamma-K2,0.8999999999999999,0,-0.5999999999999999,0.29999999999999993,0.0,-1.806569559750453,0.09243305902278715,-4.169558916718217
plus005,82,Gamma-K2,0.95,0,-0.6333333333333333,0.31666666666666665,0.0,-1.723909778582302,-0.004684693514832796,-4.266676669255837
plus005,83,Gamma-K3,0.25,0,0.08333333333333333,-0.16666666666666666,0.0,-1.8608861405287416,0.7167208554997889,-3.5452711202412157
plus005,84,Gamma-K3,0.3,0,0.09999999999999999,-0.19999999999999998,0.0,-1.9743046009193321,0.5813986781350564,-3.680593297605948
plus005,85,Gamma-K3,0.35,0,0.11666666666666665,-0.2333333333333333,0.0,-2.11080535246091,0.4655444337698352,-3.7964475419711694
plus005,86,Gamma-K3,0.4,0,0.13333333333333333,-0.26666666666666666,0.0,-2.254675452644228,0.3675213612364157,-3.8944706145045886
plus005,87,Gamma-K3,0.44999999999999996,0,0.14999999999999997,-0.29999999999999993,0.0,-2.3806668721303805,0.29357661364362647,-3.968415362097378
plus005,88,Gamma-K3,0.5,0,0.16666666666666666,-0.3333333333333333,0.0,-2.4611542248466614,0.25779253063170576,-4.004199445109299
plus005,89,Gamma-K3,0.55,0,0.18333333333333335,-0.3666666666666667,0.0,-2.483904837743161,0.2730224049215216,-3.988969570819483
plus005,90,Gamma-K3,0.6,0,0.19999999999999998,-0.39999999999999997,0.0,-2.458916249151308,0.34090425586726597,-3.9210877198737384
plus005,91,Gamma-K3,0.6499999999999999,0,0.21666666666666662,-0.43333333333333324,0.0,-2.400233848538061,0.4397580364289212,-3.8222339393120834
plus005,92,Gamma-K3,0.7,0,0.2333333333333333,-0.4666666666666666,0.0,-2.314195338523573,0.5076919847215625,-3.754299991019442
plus005,93,Gamma-K3,0.75,0,0.25,-0.5,0.0,-2.203611731296511,0.4830912415505443,-3.77890073419046
plus005,94,Gamma-K3,0.7999999999999999,0,0.2666666666666666,-0.5333333333333332,0.0,-2.0743638724293008,0.3819936461145746,-3.8799983296264298
plus005,95,Gamma-K3,0.85,0,0.2833333333333333,-0.5666666666666667,0.0,-1.938580587800158,0.24401096257054442,-4.01798101317046
plus005,96,Gamma-K3,0.8999999999999999,0,0.29999999999999993,-0.5999999999999999,0.0,-1.8151424262145235,0.10531719020205961,-4.156674785538945
plus005,97,Gamma-K3,0.95,0,0.31666666666666665,-0.6333333333333333,0.0,-1.7276772683252142,0.0018634871866241663,-4.26012848855438
plus010,1,K-local,-0.03,-0.03,0.3179849626917425,0.32784704451321994,0.0,-1.741599608000815,-0.07667824091996815,-4.320352778895522
plus010,2,K-local,-0.03,-0.02,0.3179849626917425,0.3322338692268562,0.0,-1.7377929474896903,-0.0812063521436763,-4.32488089011923
plus010,3,K-local,-0.03,-0.01,0.3179849626917425,0.33662069394049243,0.0,-1.7354950895718104,-0.08394114589029386,-4.327615683865848
plus010,4,K-local,-0.03,0,0.3179849626917425,0.3410075186541287,0.0,-1.7347238662462277,-0.08485309639254716,-4.328527634368101
plus010,5,K-local,-0.03,0.01,0.3179849626917425,0.3453943433677649,0.0,-1.7354950867745829,-0.0839411473120362,-4.327615685287591
plus010,6,K-local,-0.03,0.02,0.3179849626917425,0.3497811680814012,0.0,-1.737792948100099,-0.08120635172562506,-4.32488088970118
plus010,7,K-local,-0.03,0.03,0.3179849626917425,0.35416799279503747,0.0,-1.7415996084637506,-0.07667824122769142,-4.320352779203246
plus010,8,K-local,-0.02,-0.03,0.32310108623893946,0.3252889827396215,0.0,-1.7378209838711753,-0.08204216180101072,-4.325716699776565
plus010,9,K-local,-0.02,-0.02,0.32310108623893946,0.32967580745325775,0.0,-1.734085570480161,-0.08654094934306261,-4.3302154873186165
plus010,10,K-local,-0.02,-0.01,0.32310108623893946,0.33406263216689397,0.0,-1.731825244185281,-0.08925570099656742,-4.332930238972121
plus010,11,K-local,-0.02,0,0.32310108623893946,0.33844945688053024,0.0,-1.73106690625226,-0.09016173616839913,-4.333836274143954
plus010,12,K-local,-0.02,0.01,0.32310108623893946,0.34283628159416646,0.0,-1.7318252438167188,-0.08925569748513609,-4.33293023546069
plus010,13,K-local,-0.02,0.02,0.32310108623893946,0.34722310630780273,0.0,-1.7340855734930485,-0.08654094935499132,-4.330215487330546
plus010,14,K-local,-0.02,0.03,0.32310108623893946,0.351609931021439,0.0,-1.73782098228444,-0.08204216404821003,-4.325716702023764
plus010,15,K-local,-0.01,-0.03,0.3282172097861364,0.322730920966023,0.0,-1.7352168326348603,-0.08583334248495718,-4.329507880460511
plus010,16,K-local,-0.01,-0.02,0.3282172097861364,0.3271177456796593,0.0,-1.7315619955530417,-0.09028983280176389,-4.333964370777318
plus010,17,K-local,-0.01,-0.01,0.3282172097861364,0.3315045703932955,0.0,-1.7293525501818539,-0.0929796721470717,-4.336654210122626
plus010,18,K-local,-0.01,0,0.3282172097861364,0.3358913951069318,0.0,-1.7286064429790775,-0.09387516635132236,-4.337549704326877
plus010,19,K-local,-0.01,0.01,0.3282172097861364,0.340278219820568,0.0,-1.7293525496190418,-0.09297967181419202,-4.336654209789747
plus010,20,K-local,-0.01,0.02,0.3282172097861364,0.34466504453420427,0.0,-1.7315619924135865,-0.09028983798709196,-4.333964375962646
plus010,21,K-local,-0.01,0.03,0.3282172097861364,0.34905186924784054,0.0,-1.7352168328978022,-0.08583333860598391,-4.3295078765815385
plus010,22,K-local,0,-0.03,0.3333333333333333,0.32017285919242455,0.0,-1.7338486219432396,-0.08800188119431805,-4.331676419169872
plus010,23,K-local,0,-0.02,0.3333333333333333,0.3245596839060608,0.0,-1.730284480504825,-0.09239808508427587,-4.33607262305983
plus010,24,K-local,0,-0.01,0.3333333333333333,0.32894650861969704,0.0,-1.7281286403833693,-0.09505379025494544,-4.338728328230499
plus010,25,K-local,0,0,0.3333333333333333,0.3333333333333333,0.0,-1.7274034766118314,-0.09593770494650533,-4.33961224292206
plus010,26,K-local,0,0.01,0.3333333333333333,0.33772015804696953,0.0,-1.7281286421988833,-0.0950537934462762,-4.33872833142183
plus010,27,K-local,0,0.02,0.3333333333333333,0.3421069827606058,0.0,-1.7302844825951311,-0.09239808601632607,-4.33607262399188
plus010,28,K-local,0,0.03,0.3333333333333333,0.3464938074742421,0.0,-1.7338486222254652,-0.08800188265089408,-4.331676420626448
plus010,29,K-local,0.01,-0.03,0.33844945688053024,0.3176147974188261,0.0,-1.7337683061451636,-0.08849909733497786,-4.332173635310532
plus010,30,K-local,0.01,-0.02,0.33844945688053024,0.32200162213246236,0.0,-1.7303099416769014,-0.0928260218039056,-4.33650055977946
plus010,31,K-local,0.01,-0.01,0.33844945688053024,0.3263884468460986,0.0,-1.7282207654697004,-0.0954395923040387,-4.339114130279593
plus010,32,K-local,0.01,0,0.33844945688053024,0.33077527155973485,0.0,-1.7275230654327378,-0.09631194176979237,-4.339986479745346
plus010,33,K-local,0.01,0.01,0.33844945688053024,0.33516209627337107,0.0,-1.7282207656627944,-0.09543958784324952,-4.339114125818804
plus010,34,K-local,0.01,0.02,0.33844945688053024,0.33954892098700734,0.0,-1.730309939538166,-0.09282602305824814,-4.3365005610338025
plus010,35,K-local,0.01,0.03,0.33844945688053024,0.3439357457006436,0.0,-1.7337683062561517,-0.08849909691153252,-4.332173634887087
plus010,36,K-local,0.02,-0.03,0.3435655804277272,0.3150567356452276,0.0,-1.7350274401280132,-0.08730228348044923,-4.330976821456003
plus010,37,K-local,0.02,-0.02,0.3435655804277272,0.3194435603588639,0.0,-1.7316846205787344,-0.09154638851477064,-4.335220926490325
plus010,38,K-local,0.02,-0.01,0.3435655804277272,0.3238303850725001,0.0,-1.729662729093306,-0.09410716435515569,-4.33778170233071
plus010,39,K-local,0.02,0,0.3435655804277272,0.3282172097861364,0.0,-1.7289884349107205,-0.09496375232835115,-4.338638290303906
plus010,40,K-local,0.02,0.01,0.3435655804277272,0.3326040344997726,0.0,-1.7296627267743108,-0.09410716569798844,-4.337781703673543
plus010,41,K-local,0.02,0.02,0.3435655804277272,0.3369908592134089,0.0,-1.7316846208284282,-0.09154638722778542,-4.335220925203339
plus010,42,K-local,0.02,0.03,0.3435655804277272,0.34137768392704515,0.0,-1.73502743820228,-0.0873022838312945,-4.330976821806849
plus010,43,K-local,0.03,-0.03,0.34868170397492415,0.31249867387162916,0.0,-1.7376397596641109,-0.08439084413258938,-4.328065382108144
plus010,44,K-local,0.03,-0.02,0.34868170397492415,0.31688549858526543,0.0,-1.7344250147435152,-0.0885423114758007,-4.332216849451355
plus010,45,K-local,0.03,-0.01,0.34868170397492415,0.32127232329890165,0.0,-1.7324812652971846,-0.09104603192107362,-4.334720569896628
plus010,46,K-local,0.03,0,0.34868170397492415,0.3256591480125379,0.0,-1.7318331869732462,-0.09188698658134806,-4.335561524556902
plus010,47,K-local,0.03,0.01,0.34868170397492415,0.33004597272617414,0.0,-1.7324812634489706,-0.0910460339805753,-4.3347205719561295
plus010,48,K-local,0.03,0.02,0.34868170397492415,0.3344327974398104,0.0,-1.7344250138696418,-0.08854231241026018,-4.332216850385814
plus010,49,K-local,0.03,0.03,0.34868170397492415,0.3388196221534467,0.0,-1.7376397600285005,-0.08439084151253708,-4.328065379488091
plus010,50,Gamma,0,0,0.0,0.0,0.0,-1.6620408813409058,0.9931191762161586,-3.2505553617593956
plus010,51,M,0,0,0.5,0.0,0.0,-2.341023764081606,0.47579508230120077,-3.7678794556743536
plus010,52,K-prime,0,0,-0.3333333333333333,-0.3333333333333333,-0.0,-1.727403477532971,-0.09593770370622134,-4.339612241681776
plus010,53,Gamma-K1,0.25,0,0.08333333333333333,0.08333333333333333,0.0,-1.8666723300195125,0.6920870044674279,-3.551587533508126
plus010,54,Gamma-K1,0.3,0,0.09999999999999999,0.09999999999999999,0.0,-1.9823034146520289,0.5587515599385305,-3.6849229780370236
plus010,55,Gamma-K1,0.35,0,0.11666666666666665,0.11666666666666665,0.0,-2.1213486063186147,0.4436964252321525,-3.7999781127434016
plus010,56,Gamma-K1,0.4,0,0.13333333333333333,0.13333333333333333,0.0,-2.268510620419403,0.3457689715229678,-3.8979055664525863
plus010,57,Gamma-K1,0.44999999999999996,0,0.14999999999999997,0.14999999999999997,0.0,-2.3993174516734324,0.2718392320535783,-3.971835305921976
plus010,58,Gamma-K1,0.5,0,0.16666666666666666,0.16666666666666666,0.0,-2.486302848335761,0.23613160333572197,-4.007542934639832
plus010,59,Gamma-K1,0.55,0,0.18333333333333335,0.18333333333333335,0.0,-2.515311137032576,0.25144533045983186,-3.9922292075157224
plus010,60,Gamma-K1,0.6,0,0.19999999999999998,0.19999999999999998,0.0,-2.4943542837762,0.3193509245490493,-3.924323613426505
plus010,61,Gamma-K1,0.6499999999999999,0,0.21666666666666662,0.21666666666666662,0.0,-2.437465677022302,0.4174991157899181,-3.8261754221856363
plus010,62,Gamma-K1,0.7,0,0.2333333333333333,0.2333333333333333,0.0,-2.351874788984763,0.4804468162174053,-3.763227721758149
plus010,63,Gamma-K1,0.75,0,0.25,0.25,0.0,-2.2410363402790696,0.44705533872774844,-3.796619199247806
plus010,64,Gamma-K1,0.7999999999999999,0,0.2666666666666666,0.2666666666666666,0.0,-2.1111456379384537,0.338871491362891,-3.9048030466126633
plus010,65,Gamma-K1,0.85,0,0.2833333333333333,0.2833333333333333,0.0,-1.9743300890007685,0.19568116046590936,-4.047993377509645
plus010,66,Gamma-K1,0.8999999999999999,0,0.29999999999999993,0.29999999999999993,0.0,-1.8494339163720184,0.05276686799649665,-4.190907669979057
plus010,67,Gamma-K1,0.95,0,0.31666666666666665,0.31666666666666665,0.0,-1.76026320772711,-0.05424367750376769,-4.297918215479322
plus010,68,Gamma-K2,0.25,0,-0.16666666666666666,0.08333333333333333,0.0,-1.8765429290487377,0.6666029272319508,-3.5770716107436034
plus010,69,Gamma-K2,0.3,0,-0.19999999999999998,0.09999999999999999,0.0,-1.9928740079292366,0.5439978895241582,-3.699676648451396
plus010,70,Gamma-K2,0.35,0,-0.2333333333333333,0.11666666666666665,0.0,-2.1295390388966218,0.44011566636192273,-3.8035588716136317
plus010,71,Gamma-K2,0.4,0,-0.26666666666666666,0.13333333333333333,0.0,-2.26986013239009,0.35106390365692386,-3.8926106343186304
plus010,72,Gamma-K2,0.44999999999999996,0,-0.29999999999999993,0.14999999999999997,0.0,-2.388864107743024,0.2816406724237114,-3.962033865551843
plus010,73,Gamma-K2,0.5,0,-0.3333333333333333,0.16666666666666666,0.0,-2.461391726667466,0.24665669095142953,-3.9970178470241247
plus010,74,Gamma-K2,0.55,0,-0.3666666666666667,0.18333333333333335,0.0,-2.4784784976343484,0.26067496681276536,-3.982999571162789
plus010,75,Gamma-K2,0.6,0,-0.39999999999999997,0.19999999999999998,0.0,-2.4509240759398443,0.3271586911260475,-3.916515846849507
plus010,76,Gamma-K2,0.6499999999999999,0,-0.43333333333333324,0.21666666666666662,0.0,-2.3919981101399967,0.42354800955904187,-3.8201265284165125
plus010,77,Gamma-K2,0.7,0,-0.4666666666666666,0.2333333333333333,0.0,-2.307746668490586,0.47241029978880517,-3.771264238186749
plus010,78,Gamma-K2,0.75,0,-0.5,0.25,0.0,-2.200875507118446,0.4186381806462357,-3.8250363573293185
plus010,79,Gamma-K2,0.7999999999999999,0,-0.5333333333333332,0.2666666666666666,0.0,-2.0770758499067714,0.3020629684565618,-3.9416115695189924
plus010,80,Gamma-K2,0.85,0,-0.5666666666666667,0.2833333333333333,0.0,-1.9480871584498582,0.16065286114861943,-4.0830216768269345
plus010,81,Gamma-K2,0.8999999999999999,0,-0.5999999999999999,0.29999999999999993,0.0,-1.8323814679234427,0.02654909379105412,-4.2171254441845
plus010,82,Gamma-K2,0.95,0,-0.6333333333333333,0.31666666666666665,0.0,-1.7527842541745364,-0.06749990670179527,-4.3111744446773494
plus010,83,Gamma-K3,0.25,0,0.08333333333333333,-0.16666666666666666,0.0,-1.8666723298556647,0.6920870101273746,-3.55158752784818
plus010,84,Gamma-K3,0.3,0,0.09999999999999999,-0.19999999999999998,0.0,-1.982303415025456,0.5587515627269803,-3.6849229752485737
plus010,85,Gamma-K3,0.35,0,0.11666666666666665,-0.2333333333333333,0.0,-2.121348599056347,0.44369641968056794,-3.7999781182949866
plus010,86,Gamma-K3,0.4,0,0.13333333333333333,-0.26666666666666666,0.0,-2.2685106325020454,0.345768957009028,-3.897905580966526
plus010,87,Gamma-K3,0.44999999999999996,0,0.14999999999999997,-0.29999999999999993,0.0,-2.39931744222199,0.2718392386879984,-3.971835299287556
plus010,88,Gamma-K3,0.5,0,0.16666666666666666,-0.3333333333333333,0.0,-2.4863028236385105,0.23613160266470137,-4.007542935310853
plus010,89,Gamma-K3,0.55,0,0.18333333333333335,-0.3666666666666667,0.0,-2.515311135846231,0.25144532524274327,-3.992229212732811
plus010,90,Gamma-K3,0.6,0,0.19999999999999998,-0.39999999999999997,0.0,-2.49435428173366,0.3193509244487535,-3.9243236135268007
plus010,91,Gamma-K3,0.6499999999999999,0,0.21666666666666662,-0.43333333333333324,0.0,-2.4374656811670117,0.41749912166174835,-3.8261754163138058
plus010,92,Gamma-K3,0.7,0,0.2333333333333333,-0.4666666666666666,0.0,-2.3518747936138094,0.48044681124908667,-3.7632277267264675
plus010,93,Gamma-K3,0.75,0,0.25,-0.5,0.0,-2.24103634115897,0.44705533600537717,-3.796619201970177
plus010,94,Gamma-K3,0.7999999999999999,0,0.2666666666666666,-0.5333333333333332,0.0,-2.1111456362350034,0.3388714857134894,-3.9048030522620647
plus010,95,Gamma-K3,0.85,0,0.2833333333333333,-0.5666666666666667,0.0,-1.9743300897450515,0.19568115884170317,-4.047993379133851
plus010,96,Gamma-K3,0.8999999999999999,0,0.29999999999999993,-0.5999999999999999,0.0,-1.8494339188609261,0.05276686775671125,-4.190907670218843
plus010,97,Gamma-K3,0.95,0,0.31666666666666665,-0.6333333333333333,0.0,-1.760263203250418,-0.05424367713836692,-4.2979182151139215
vacuum28-minus005,1,K-local,-0.03,-0.03,0.31821290879038,0.3277330714639012,0.0,-2.4068032804742647,-0.6672065579784467,-4.203844896284805
vacuum28-minus005,2,K-local,-0.03,-0.02,0.31821290879038,0.33211989617753745,0.0,-2.4033028073699483,-0.671384150873069,-4.208022489179427
vacuum28-minus005,3,K-local,-0.03,-0.01,0.31821290879038,0.3365067208911737,0.0,-2.40118947464565,-0.6739062916567029,-4.210544629963061
vacuum28-minus005,4,K-local,-0.03,0,0.31821290879038,0.34089354560480994,0.0,-2.400482694097334,-0.6747472962063855,-4.211385634512744
vacuum28-minus005,5,K-local,-0.03,0.01,0.31821290879038,0.3452803703184462,0.0,-2.401189474142347,-0.6739062890715779,-4.210544627377936
vacuum28-minus005,6,K-local,-0.03,0.02,0.31821290879038,0.3496671950320825,0.0,-2.403302806856697,-0.6713841527557135,-4.208022491062072
vacuum28-minus005,7,K-local,-0.03,0.03,0.31821290879038,0.35405401974571876,0.0,-2.4068032800849335,-0.6672065558633256,-4.203844894169683
vacuum28-minus005,8,K-local,-0.02,-0.03,0.3232530503046978,0.3252130007067423,0.0,-2.403668514280603,-0.6707428471371614,-4.207381185443519
vacuum28-minus005,9,K-local,-0.02,-0.02,0.3232530503046978,0.3295998254203786,0.0,-2.400246182151295,-0.6748925541700512,-4.211530892476409
vacuum28-minus005,10,K-local,-0.02,-0.01,0.3232530503046978,0.33398665013401485,0.0,-2.3981760996201147,-0.6773937147050131,-4.214032053011371
vacuum28-minus005,11,K-local,-0.02,0,0.3232530503046978,0.338373474847651,0.0,-2.3974855310867547,-0.6782307883753167,-4.214869126681675
vacuum28-minus005,12,K-local,-0.02,0.01,0.3232530503046978,0.3427602995612873,0.0,-2.3981760988219114,-0.6773937102668429,-4.214032048573201
vacuum28-minus005,13,K-local,-0.02,0.02,0.3232530503046978,0.34714712427492356,0.0,-2.400246181497425,-0.6748925555785514,-4.211530893884909
vacuum28-minus005,14,K-local,-0.02,0.03,0.3232530503046978,0.35153394898855983,0.0,-2.403668513999317,-0.6707428437154226,-4.207381182021781
vacuum28-minus005,15,K-local,-0.01,-0.03,0.32829319181901556,0.32269292994958343,0.0,-2.401789041628782,-0.6727098362253755,-4.209348174531733
vacuum28-minus005,16,K-local,-0.01,-0.02,0.32829319181901556,0.3270797546632197,0.0,-2.398449119484571,-0.676813615424308,-4.213451953730666
vacuum28-minus005,17,K-local,-0.01,-0.01,0.32829319181901556,0.331466579376856,0.0,-2.3964331183093135,-0.6792901708062783,-4.215928509112636
vacuum28-minus005,18,K-local,-0.01,0,0.32829319181901556,0.33585340409049214,0.0,-2.395758208220125,-0.6801192916788297,-4.216757629985188
vacuum28-minus005,19,K-local,-0.01,0.01,0.32829319181901556,0.3402402288041284,0.0,-2.3964331176682854,-0.679290172302351,-4.215928510608709
vacuum28-minus005,20,K-local,-0.01,0.02,0.32829319181901556,0.3446270535177647,0.0,-2.3984491173704052,-0.6768136148842238,-4.213451953190582
vacuum28-minus005,21,K-local,-0.01,0.03,0.32829319181901556,0.34901387823140095,0.0,-2.4017890404526856,-0.6727098357804028,-4.20934817408676
vacuum28-minus005,22,K-local,0,-0.03,0.33333333333333337,0.3201728591924245,0.0,-2.4012113057352793,-0.6730538254887988,-4.2096921637951565
vacuum28-minus005,23,K-local,0,-0.02,0.33333333333333337,0.32455968390606077,0.0,-2.3979661200460898,-0.677102885527992,-4.21374122383435
vacuum28-minus005,24,K-local,0,-0.01,0.33333333333333337,0.32894650861969704,0.0,-2.396007788248902,-0.6795471400718346,-4.2161854783781925
vacuum28-minus005,25,K-local,0,0,0.33333333333333337,0.33333333333333326,0.0,-2.3953538493109665,-0.6803614816559375,-4.216999819962296
vacuum28-minus005,26,K-local,0,0.01,0.33333333333333337,0.33772015804696953,0.0,-2.39600778734185,-0.679547139713179,-4.216185478019537
vacuum28-minus005,27,K-local,0,0.02,0.33333333333333337,0.3421069827606058,0.0,-2.3979661161421233,-0.6771028871632738,-4.213741225469632
vacuum28-minus005,28,K-local,0,0.03,0.33333333333333337,0.3464938074742421,0.0,-2.401211305613518,-0.6730538266468596,-4.209692164953218
vacuum28-minus005,29,K-local,0.01,-0.03,0.3383734748476511,0.31765278843526557,0.0,-2.40198853404731,-0.6717522853408546,-4.208390623647213
vacuum28-minus005,30,K-local,0.01,-0.02,0.3383734748476511,0.32203961314890184,0.0,-2.398846248241731,-0.6757324438487133,-4.212370782155071
vacuum28-minus005,31,K-local,0.01,-0.01,0.3383734748476511,0.3264264378625381,0.0,-2.396953937207074,-0.678137513252829,-4.214775851559187
vacuum28-minus005,32,K-local,0.01,0,0.3383734748476511,0.3308132625761744,0.0,-2.3963217396005145,-0.6789380215792721,-4.21557635988563
vacuum28-minus005,33,K-local,0.01,0.01,0.3383734748476511,0.33520008728981066,0.0,-2.3969539360208647,-0.6781375131604265,-4.214775851466785
vacuum28-minus005,34,K-local,0.01,0.02,0.3383734748476511,0.33958691200344693,0.0,-2.398846248279132,-0.6757324468400062,-4.212370785146364
vacuum28-minus005,35,K-local,0.01,0.03,0.3383734748476511,0.3439737367170832,0.0,-2.4019885358258546,-0.6717522845685572,-4.208390622874915
vacuum28-minus005,36,K-local,0.02,-0.03,0.3434136163619689,0.3151327176781067,0.0,-2.4041517757996287,-0.668787010393648,-4.205425348700006
vacuum28-minus005,37,K-local,0.02,-0.02,0.3434136163619689,0.31951954239174296,0.0,-2.40112373794461,-0.6726869057099695,-4.209325244016328
vacuum28-minus005,38,K-local,0.02,-0.01,0.3434136163619689,0.32390636710537923,0.0,-2.399301667476631,-0.6750458055412648,-4.211684143847623
vacuum28-minus005,39,K-local,0.02,0,0.3434136163619689,0.3282931918190155,0.0,-2.398693180693314,-0.6758276500987463,-4.212465988405104
vacuum28-minus005,40,K-local,0.02,0.01,0.3434136163619689,0.3326800165326518,0.0,-2.399301666814408,-0.6750458060613544,-4.211684144367712
vacuum28-minus005,41,K-local,0.02,0.02,0.3434136163619689,0.33706684124628805,0.0,-2.401123735656552,-0.6726869066021326,-4.209325244908491
vacuum28-minus005,42,K-local,0.02,0.03,0.3434136163619689,0.3414536659599243,0.0,-2.4041517769848997,-0.6687870086227913,-4.205425346929149
vacuum28-minus005,43,K-local,0.03,-0.03,0.3484537578762867,0.3126126469209478,0.0,-2.407715409117635,-0.6641622488903843,-4.200800587196742
vacuum28-minus005,44,K-local,0.03,-0.02,0.3484537578762867,0.3169994716345841,0.0,-2.4048179973984434,-0.6679727086023894,-4.204611046908747
vacuum28-minus005,45,K-local,0.03,-0.01,0.3484537578762867,0.32138629634822036,0.0,-2.4030663641488688,-0.6702719181276651,-4.206910256434023
vacuum28-minus005,46,K-local,0.03,0,0.3484537578762867,0.3257731210618566,0.0,-2.4024843736462396,-0.6710396535048765,-4.207677991811234
vacuum28-minus005,47,K-local,0.03,0.01,0.3484537578762867,0.33015994577549285,0.0,-2.4030663614883885,-0.6702719175657429,-4.206910255872101
vacuum28-minus005,48,K-local,0.03,0.02,0.3484537578762867,0.3345467704891291,0.0,-2.4048179971057113,-0.6679727095776531,-4.204611047884011
vacuum28-minus005,49,K-local,0.03,0.03,0.3484537578762867,0.3389335952027654,0.0,-2.4077154105295677,-0.6641622510253121,-4.20080058933167
vacuum28-minus005,50,Gamma,0,0,0.0,0.0,0.0,-2.4255603550734093,0.37994817680993537,-3.1566901614964227
vacuum28-minus005,51,M,0,0,0.5,0.0,0.0,-3.0170686926324852,-0.11503819540814339,-3.651676533714501
vacuum28-minus005,52,K-prime,0,0,-0.3333333333333333,-0.3333333333333333,-0.0,-2.3953538494704283,-0.6803614818745709,-4.216999820180929
vacuum28-minus005,53,Gamma-K1,0.25,0,0.08333333333333333,0.08333333333333333,0.0,-2.6128797966248096,-0.003266329811478219,-3.539904668117836
vacuum28-minus005,54,Gamma-K1,0.3,0,0.09999999999999999,0.09999999999999999,0.0,-2.721595793595281,-0.14100602560583395,-3.677644363912192
vacuum28-minus005,55,Gamma-K1,0.35,0,0.11666666666666665,0.11666666666666665,0.0,-2.8525652704995585,-0.2572594170916124,-3.7938977553979703
vacuum28-minus005,56,Gamma-K1,0.4,0,0.13333333333333333,0.13333333333333333,0.0,-2.9890449542860202,-0.35432318611321817,-3.890961524419576
vacuum28-minus005,57,Gamma-K1,0.44999999999999996,0,0.14999999999999997,0.14999999999999997,0.0,-3.104132585215891,-0.42733961614734234,-3.9639779544537004
vacuum28-minus005,58,Gamma-K1,0.5,0,0.16666666666666666,0.16666666666666666,0.0,-3.1705395483503125,-0.4627120655028059,-3.999350403809164
vacuum28-minus005,59,Gamma-K1,0.55,0,0.18333333333333335,0.18333333333333335,0.0,-3.1805348948181975,-0.4472850092304548,-3.9839233475368125
vacuum28-minus005,60,Gamma-K1,0.6,0,0.19999999999999998,0.19999999999999998,0.0,-3.1478677472507006,-0.37911589120837036,-3.9157542295147283
vacuum28-minus005,61,Gamma-K1,0.6499999999999999,0,0.21666666666666662,0.21666666666666662,0.0,-3.0860562590567664,-0.27844022607126834,-3.815078564377626
vacuum28-minus005,62,Gamma-K1,0.7,0,0.2333333333333333,0.2333333333333333,0.0,-2.9995163432274827,-0.2008361266517201,-3.737474464958078
vacuum28-minus005,63,Gamma-K1,0.75,0,0.25,0.25,0.0,-2.8896971569630527,-0.2077558696977538,-3.744394208004112
vacuum28-minus005,64,Gamma-K1,0.7999999999999999,0,0.2666666666666666,0.2666666666666666,0.0,-2.761973866194696,-0.2938362201099871,-3.830474558416345
vacuum28-minus005,65,Gamma-K1,0.85,0,0.2833333333333333,0.2833333333333333,0.0,-2.6284455694089726,-0.4206881549632778,-3.957326493269636
vacuum28-minus005,66,Gamma-K1,0.8999999999999999,0,0.29999999999999993,0.29999999999999993,0.0,-2.508084570963807,-0.5504893224370813,-4.087127660743439
vacuum28-minus005,67,Gamma-K1,0.95,0,0.31666666666666665,0.31666666666666665,0.0,-2.424161628834308,-0.6465918965949833,-4.183230234901341
vacuum28-minus005,68,Gamma-K2,0.25,0,-0.16666666666666666,0.08333333333333333,0.0,-2.607578965362998,0.013113191808018744,-3.523525146498339
vacuum28-minus005,69,Gamma-K2,0.3,0,-0.19999999999999998,0.09999999999999999,0.0,-2.715832327771632,-0.13097361012625833,-3.6676119484326164
vacuum28-minus005,70,Gamma-K2,0.35,0,-0.2333333333333333,0.11666666666666665,0.0,-2.8480450385784932,-0.25348741359609717,-3.790125751902455
vacuum28-minus005,71,Gamma-K2,0.4,0,-0.26666666666666666,0.13333333333333333,0.0,-2.9882689258638635,-0.3555400597625329,-3.892178398068891
vacuum28-minus005,72,Gamma-K2,0.44999999999999996,0,-0.29999999999999993,0.14999999999999997,0.0,-3.10996228621703,-0.43138455980644075,-3.9680228981127987
vacuum28-minus005,73,Gamma-K2,0.5,0,-0.3333333333333333,0.16666666666666666,0.0,-3.1842203526332487,-0.4675858398498033,-4.004224178156162
vacuum28-minus005,74,Gamma-K2,0.55,0,-0.3666666666666667,0.18333333333333335,0.0,-3.2002674939077664,-0.45183801620409697,-3.988476354510455
vacuum28-minus005,75,Gamma-K2,0.6,0,-0.39999999999999997,0.19999999999999998,0.0,-3.1706810926663174,-0.3830241684200469,-3.919662506726405
vacuum28-minus005,76,Gamma-K2,0.6499999999999999,0,-0.43333333333333324,0.21666666666666662,0.0,-3.109678160184977,-0.28151508847833845,-3.8181534267846966
vacuum28-minus005,77,Gamma-K2,0.7,0,-0.4666666666666666,0.2333333333333333,0.0,-3.022293381385398,-0.19975807733307746,-3.7363964156394354
vacuum28-minus005,78,Gamma-K2,0.75,0,-0.5,0.25,0.0,-2.910314693249905,-0.19810701425081936,-3.7347453525571774
vacuum28-minus005,79,Gamma-K2,0.7999999999999999,0,-0.5333333333333332,0.2666666666666666,0.0,-2.7793822277223845,-0.27848751858898424,-3.8151258568953423
vacuum28-minus005,80,Gamma-K2,0.85,0,-0.5666666666666667,0.2833333333333333,0.0,-2.641805096577115,-0.4048075487147696,-3.9414458870211275
vacuum28-minus005,81,Gamma-K2,0.8999999999999999,0,-0.5999999999999999,0.29999999999999993,0.0,-2.5167281676316513,-0.5381182983648696,-4.074756636671228
vacuum28-minus005,82,Gamma-K2,0.95,0,-0.6333333333333333,0.31666666666666665,0.0,-2.4279219214471057,-0.6401922639752876,-4.176830602281646
vacuum28-minus005,83,Gamma-K3,0.25,0,0.08333333333333333,-0.16666666666666666,0.0,-2.6128797964470345,-0.003266332733301511,-3.5399046710396593
vacuum28-minus005,84,Gamma-K3,0.3,0,0.09999999999999999,-0.19999999999999998,0.0,-2.7215957971790914,-0.14100602726419184,-3.6776443655705497
vacuum28-minus005,85,Gamma-K3,0.35,0,0.11666666666666665,-0.2333333333333333,0.0,-2.8525652704858193,-0.2572594167139302,-3.7938977550202884
vacuum28-minus005,86,Gamma-K3,0.4,0,0.13333333333333333,-0.26666666666666666,0.0,-2.9890449588348607,-0.3543231696343347,-3.8909615079406925
vacuum28-minus005,87,Gamma-K3,0.44999999999999996,0,0.14999999999999997,-0.29999999999999993,0.0,-3.1041325885958067,-0.4273396253415628,-3.963977963647921
vacuum28-minus005,88,Gamma-K3,0.5,0,0.16666666666666666,-0.3333333333333333,0.0,-3.170539563038834,-0.46271206620210836,-3.9993504045084665
vacuum28-minus005,89,Gamma-K3,0.55,0,0.18333333333333335,-0.3666666666666667,0.0,-3.180534902712996,-0.44728499851534886,-3.983923336821707
vacuum28-minus005,90,Gamma-K3,0.6,0,0.19999999999999998,-0.39999999999999997,0.0,-3.1478677456537323,-0.37911589452330524,-3.9157542328296633
vacuum28-minus005,91,Gamma-K3,0.6499999999999999,0,0.21666666666666662,-0.43333333333333324,0.0,-3.086056258361077,-0.278440220739142,-3.8150785590455
vacuum28-minus005,92,Gamma-K3,0.7,0,0.2333333333333333,-0.4666666666666666,0.0,-2.9995163427468423,-0.20083612779928894,-3.737474466105647
vacuum28-minus005,93,Gamma-K3,0.75,0,0.25,-0.5,0.0,-2.88969715643267,-0.20775585435791813,-3.7443941926642763
vacuum28-minus005,94,Gamma-K3,0.7999999999999999,0,0.2666666666666666,-0.5333333333333332,0.0,-2.761973862589925,-0.2938362213342527,-3.830474559640611
vacuum28-minus005,95,Gamma-K3,0.85,0,0.2833333333333333,-0.5666666666666667,0.0,-2.6284455704865732,-0.42068815694174155,-3.9573264952480995
vacuum28-minus005,96,Gamma-K3,0.8999999999999999,0,0.29999999999999993,-0.5999999999999999,0.0,-2.5080845722434724,-0.5504893207801826,-4.087127659086541
vacuum28-minus005,97,Gamma-K3,0.95,0,0.31666666666666665,-0.6333333333333333,0.0,-2.4241616311585115,-0.6465918934386035,-4.183230231744961
vacuum28-plus005,1,K-local,-0.03,-0.03,0.31806094472462165,0.32780905349678036,0.0,-2.4653770837153246,-0.7759141310393958,-4.281968016357553
vacuum28-plus005,2,K-local,-0.03,-0.02,0.31806094472462165,0.3321958782104166,0.0,-2.4616720712081506,-0.7803285825522149,-4.286382467870372
vacuum28-plus005,3,K-local,-0.03,-0.01,0.31806094472462165,0.33658270292405285,0.0,-2.459430988590258,-0.7829957542424733,-4.289049639560631
vacuum28-plus005,4,K-local,-0.03,0,0.31806094472462165,0.3409695276376891,0.0,-2.458684302940253,-0.7838856899439961,-4.289939575262153
vacuum28-plus005,5,K-local,-0.03,0.01,0.31806094472462165,0.34535635235132534,0.0,-2.459430988463944,-0.782995753703506,-4.2890496390216635
vacuum28-plus005,6,K-local,-0.03,0.02,0.31806094472462165,0.3497431770649616,0.0,-2.4616720693837033,-0.7803285812209166,-4.286382466539074
vacuum28-plus005,7,K-local,-0.03,0.03,0.31806094472462165,0.3541300017785979,0.0,-2.4653770841539435,-0.7759141292740328,-4.28196801459219
vacuum28-plus005,8,K-local,-0.02,-0.03,0.3231517409275256,0.3252636553953284,0.0,-2.461806728653064,-0.7806640414166904,-4.286717926734847
vacuum28-plus005,9,K-local,-0.02,-0.02,0.3231517409275256,0.32965048010896464,0.0,-2.458173911514399,-0.7850489477137338,-4.291102833031891
vacuum28-plus005,10,K-local,-0.02,-0.01,0.3231517409275256,0.3340373048226009,0.0,-2.4559768549007637,-0.7876986849846014,-4.293752570302758
vacuum28-plus005,11,K-local,-0.02,0,0.3231517409275256,0.3384241295362372,0.0,-2.4552380443802613,-0.7885814008983678,-4.294635286216525
vacuum28-plus005,12,K-local,-0.02,0.01,0.3231517409275256,0.3428109542498734,0.0,-2.4559768563159765,-0.7876986856340831,-4.29375257095224
vacuum28-plus005,13,K-local,-0.02,0.02,0.3231517409275256,0.3471977789635097,0.0,-2.45817391263657,-0.7850489485340435,-4.2911028338522
vacuum28-plus005,14,K-local,-0.02,0.03,0.3231517409275256,0.35158460367714595,0.0,-2.4618067289907106,-0.780664041994955,-4.286717927313112
vacuum28-plus005,15,K-local,-0.01,-0.03,0.32824253713042945,0.3227182572938765,0.0,-2.459441055025577,-0.7838407703694088,-4.289894655687566
vacuum28-plus005,16,K-local,-0.01,-0.02,0.32824253713042945,0.3271050820075127,0.0,-2.4558862927840406,-0.7881810461560864,-4.294234931474244
vacuum28-plus005,17,K-local,-0.01,-0.01,0.32824253713042945,0.331491906721149,0.0,-2.453741188520915,-0.7908023540735938,-4.296856239391751
vacuum28-plus005,18,K-local,-0.01,0,0.32824253713042945,0.33587873143478525,0.0,-2.4530241020990022,-0.7916791690097363,-4.297733054327893
vacuum28-plus005,19,K-local,-0.01,0.01,0.32824253713042945,0.34026555614842147,0.0,-2.453741189529759,-0.7908023536270955,-4.296856238945253
vacuum28-plus005,20,K-local,-0.01,0.02,0.32824253713042945,0.34465238086205774,0.0,-2.4558862930900354,-0.7881810483003867,-4.294234933618544
vacuum28-plus005,21,K-local,-0.01,0.03,0.32824253713042945,0.349039205575694,0.0,-2.4594410534697,-0.7838407676735352,-4.289894652991692
vacuum28-plus005,22,K-local,0,-0.03,0.3333333333333333,0.32017285919242455,0.0,-2.4583338298528687,-0.7853886654864204,-4.291442550804577
vacuum28-plus005,23,K-local,0,-0.02,0.3333333333333333,0.32455968390606077,0.0,-2.454874146371708,-0.789673207516002,-4.295727092834159
vacuum28-plus005,24,K-local,0,-0.01,0.3333333333333333,0.32894650861969704,0.0,-2.452787896377219,-0.7922607457987427,-4.2983146311169
vacuum28-plus005,25,K-local,0,0,0.3333333333333333,0.3333333333333333,0.0,-2.4520908813677464,-0.7931241351770579,-4.299178020495215
vacuum28-plus005,26,K-local,0,0.01,0.3333333333333333,0.33772015804696953,0.0,-2.4527878981906515,-0.79226074714054,-4.298314632458697
vacuum28-plus005,27,K-local,0,0.02,0.3333333333333333,0.3421069827606058,0.0,-2.4548741456315892,-0.7896732060573988,-4.295727091375555
vacuum28-plus005,28,K-local,0,0.03,0.3333333333333333,0.3464938074742421,0.0,-2.458333832126483,-0.7853886612960715,-4.2914425466142285
vacuum28-plus005,29,K-local,0.01,-0.03,0.33842412953623724,0.3176274610909726,0.0,-2.4585431029402973,-0.7852669858235544,-4.2913208711417115
vacuum28-plus005,30,K-local,0.01,-0.02,0.33842412953623724,0.32201428580460884,0.0,-2.4551886026487844,-0.7894860314757756,-4.295539916793933
vacuum28-plus005,31,K-local,0.01,-0.01,0.33842412953623724,0.3264011105182451,0.0,-2.453165180781711,-0.7920314930870606,-4.298085378405218
vacuum28-plus005,32,K-local,0.01,0,0.33842412953623724,0.3307879352318814,0.0,-2.452490321918959,-0.7928814312325617,-4.298935316550719
vacuum28-plus005,33,K-local,0.01,0.01,0.33842412953623724,0.3351747599455176,0.0,-2.4531651835728394,-0.7920314917529391,-4.2980853770710965
vacuum28-plus005,34,K-local,0.01,0.02,0.33842412953623724,0.33956158465915387,0.0,-2.455188602364689,-0.7894860331038079,-4.295539918421965
vacuum28-plus005,35,K-local,0.01,0.03,0.33842412953623724,0.34394840937279014,0.0,-2.4585431028130316,-0.785266983647057,-4.291320868965214
vacuum28-plus005,36,K-local,0.02,-0.03,0.3435149257391411,0.3150820629895207,0.0,-2.460100160505572,-0.7834615629157794,-4.289515448233937
vacuum28-plus005,37,K-local,0.02,-0.02,0.3435149257391411,0.3194688877031569,0.0,-2.4568640190621807,-0.7875952321521209,-4.293649117470278
vacuum28-plus005,38,K-local,0.02,-0.01,0.3435149257391411,0.3238557124167932,0.0,-2.4549099357746456,-0.790090159950527,-4.296144045268684
vacuum28-plus005,39,K-local,0.02,0,0.3435149257391411,0.32824253713042945,0.0,-2.454251932985982,-0.790921012265719,-4.296974897583876
vacuum28-plus005,40,K-local,0.02,0.01,0.3435149257391411,0.33262936184406566,0.0,-2.4549099366039915,-0.7900901617756164,-4.296144047093773
vacuum28-plus005,41,K-local,0.02,0.02,0.3435149257391411,0.33701618655770194,0.0,-2.456864019194003,-0.7875952327108967,-4.2936491180290535
vacuum28-plus005,42,K-local,0.02,0.03,0.3435149257391411,0.3414030112713382,0.0,-2.4601001560733367,-0.783461569764626,-4.289515455082783
vacuum28-plus005,43,K-local,0.03,-0.03,0.348605721942045,0.31253666488806875,0.0,-2.463033105860795,-0.7799595355597356,-4.286013420877893
vacuum28-plus005,44,K-local,0.03,-0.02,0.348605721942045,0.31692348960170497,0.0,-2.459918255282578,-0.7839965775922834,-4.290050462910441
vacuum28-plus005,45,K-local,0.03,-0.01,0.348605721942045,0.32131031431534124,0.0,-2.4580377995968,-0.7864338600348264,-4.292487745352983
vacuum28-plus005,46,K-local,0.03,0,0.348605721942045,0.3256971390289775,0.0,-2.4574097486804316,-0.7872448559157046,-4.293298741233862
vacuum28-plus005,47,K-local,0.03,0.01,0.348605721942045,0.33008396374261373,0.0,-2.4580378023115586,-0.7864338601718303,-4.2924877454899875
vacuum28-plus005,48,K-local,0.03,0.02,0.348605721942045,0.33447078845625,0.0,-2.4599182546913347,-0.7839965780367177,-4.290050463354875
vacuum28-plus005,49,K-local,0.03,0.03,0.348605721942045,0.3388576131698863,0.0,-2.4630331050654286,-0.7799595359259875,-4.286013421244145
vacuum28-plus005,50,Gamma,0,0,0.0,0.0,0.0,-2.4178894750295625,0.29500000355184147,-3.2110538817663157
vacuum28-plus005,51,M,0,0,0.5,0.0,0.0,-3.0687641062739135,-0.2221998822467877,-3.728253767564945
vacuum28-plus005,52,K-prime,0,0,-0.3333333333333333,-0.3333333333333333,-0.0,-2.452090882919172,-0.7931241346173096,-4.299178019935467
vacuum28-plus005,53,Gamma-K1,0.25,0,0.08333333333333333,0.08333333333333333,0.0,-2.6168266525021004,-0.03921821977565287,-3.54527210509381
vacuum28-plus005,54,Gamma-K1,0.3,0,0.09999999999999999,0.09999999999999999,0.0,-2.730230940445459,-0.17452990621268216,-3.6805837915308395
vacuum28-plus005,55,Gamma-K1,0.35,0,0.11666666666666665,0.11666666666666665,0.0,-2.8667468944261314,-0.290400021450332,-3.7964539067684893
vacuum28-plus005,56,Gamma-K1,0.4,0,0.13333333333333333,0.13333333333333333,0.0,-3.0106096880214492,-0.3884126593053085,-3.8944665446234654
vacuum28-plus005,57,Gamma-K1,0.44999999999999996,0,0.14999999999999997,0.14999999999999997,0.0,-3.1365988756420253,-0.46235751721869706,-3.968411402536854
vacuum28-plus005,58,Gamma-K1,0.5,0,0.16666666666666666,0.16666666666666666,0.0,-3.2170942317513895,-0.49814437566851827,-4.0041982609866755
vacuum28-plus005,59,Gamma-K1,0.55,0,0.18333333333333335,0.18333333333333335,0.0,-3.2398444506135746,-0.48291455252805554,-3.9889684378462125
vacuum28-plus005,60,Gamma-K1,0.6,0,0.19999999999999998,0.19999999999999998,0.0,-3.214846281220938,-0.41502560307934994,-3.921079488397507
vacuum28-plus005,61,Gamma-K1,0.6499999999999999,0,0.21666666666666662,0.21666666666666662,0.0,-3.156168214336621,-0.3161742741733021,-3.822228159491459
vacuum28-plus005,62,Gamma-K1,0.7,0,0.2333333333333333,0.2333333333333333,0.0,-3.070126523601509,-0.24823681793570088,-3.754290703253858
vacuum28-plus005,63,Gamma-K1,0.75,0,0.25,0.25,0.0,-2.959545850208472,-0.27284004934391204,-3.778893934662069
vacuum28-plus005,64,Gamma-K1,0.7999999999999999,0,0.2666666666666666,0.2666666666666666,0.0,-2.8303095909146405,-0.37394917327227184,-3.880003058590429
vacuum28-plus005,65,Gamma-K1,0.85,0,0.2833333333333333,0.2833333333333333,0.0,-2.6945181138233267,-0.5119185825899576,-4.017972467908114
vacuum28-plus005,66,Gamma-K1,0.8999999999999999,0,0.29999999999999993,0.29999999999999993,0.0,-2.571070607217737,-0.6506137114590728,-4.15666759677723
vacuum28-plus005,67,Gamma-K1,0.95,0,0.31666666666666665,0.31666666666666665,0.0,-2.4836133285848097,-0.7540641799005658,-4.260118065218723
vacuum28-plus005,68,Gamma-K2,0.25,0,-0.16666666666666666,0.08333333333333333,0.0,-2.62188585911735,-0.05327147209349522,-3.559325357411652
vacuum28-plus005,69,Gamma-K2,0.3,0,-0.19999999999999998,0.09999999999999999,0.0,-2.7356929654099,-0.18286437802558525,-3.6889182633437425
vacuum28-plus005,70,Gamma-K2,0.35,0,-0.2333333333333333,0.11666666666666665,0.0,-2.8709957192775986,-0.29287797983778124,-3.7989318651559385
vacuum28-plus005,71,Gamma-K2,0.4,0,-0.26666666666666666,0.13333333333333333,0.0,-3.011332863443814,-0.3862529727229878,-3.892306858041145
vacuum28-plus005,72,Gamma-K2,0.44999999999999996,0,-0.29999999999999993,0.14999999999999997,0.0,-3.1312016357098345,-0.45775352385931983,-3.963807409177477
vacuum28-plus005,73,Gamma-K2,0.5,0,-0.3333333333333333,0.16666666666666666,0.0,-3.204254880604854,-0.4930115406419175,-3.9990654259600746
vacuum28-plus005,74,Gamma-K2,0.55,0,-0.3666666666666667,0.18333333333333335,0.0,-3.221001496682987,-0.47831882088751576,-3.984372706205673
vacuum28-plus005,75,Gamma-K2,0.6,0,-0.39999999999999997,0.19999999999999998,0.0,-3.1927716068755996,-0.4111182613048392,-3.9171721466229963
vacuum28-plus005,76,Gamma-K2,0.6499999999999999,0,-0.43333333333333324,0.21666666666666662,0.0,-3.1331383822024774,-0.3131314454508007,-3.8191853307689576
vacuum28-plus005,77,Gamma-K2,0.7,0,-0.4666666666666666,0.2333333333333333,0.0,-3.0478300093958537,-0.25102839327260096,-3.757082278590758
vacuum28-plus005,78,Gamma-K2,0.75,0,-0.5,0.25,0.0,-2.939291760274441,-0.2854444035695876,-3.7914982888877446
vacuum28-plus005,79,Gamma-K2,0.7999999999999999,0,-0.5333333333333332,0.2666666666666666,0.0,-2.813140460493422,-0.3913561886809311,-3.897410073999088
vacuum28-plus005,80,Gamma-K2,0.85,0,-0.5666666666666667,0.2833333333333333,0.0,-2.6813103687561117,-0.5289345115919369,-4.034988396910094
vacuum28-plus005,81,Gamma-K2,0.8999999999999999,0,-0.5999999999999999,0.29999999999999993,0.0,-2.5625000219765663,-0.6634869558406729,-4.16954084115883
vacuum28-plus005,82,Gamma-K2,0.95,0,-0.6333333333333333,0.31666666666666665,0.0,-2.4798432305410736,-0.7606008559382952,-4.266654741256453
vacuum28-plus005,83,Gamma-K3,0.25,0,0.08333333333333333,-0.16666666666666666,0.0,-2.6168266557469706,-0.03921821501201793,-3.545272100330175
vacuum28-plus005,84,Gamma-K3,0.3,0,0.09999999999999999,-0.19999999999999998,0.0,-2.73023094631809,-0.17452990823115772,-3.6805837935493146
vacuum28-plus005,85,Gamma-K3,0.35,0,0.11666666666666665,-0.2333333333333333,0.0,-2.8667468947429615,-0.290400040648824,-3.796453925966981
vacuum28-plus005,86,Gamma-K3,0.4,0,0.13333333333333333,-0.26666666666666666,0.0,-3.010609684271187,-0.38841265581307155,-3.8944665411312287
vacuum28-plus005,87,Gamma-K3,0.44999999999999996,0,0.14999999999999997,-0.29999999999999993,0.0,-3.1365988933177746,-0.4623575222449816,-3.9684114075631385
vacuum28-plus005,88,Gamma-K3,0.5,0,0.16666666666666666,-0.3333333333333333,0.0,-3.217094252286979,-0.4981443825843035,-4.004198267902461
vacuum28-plus005,89,Gamma-K3,0.55,0,0.18333333333333335,-0.3666666666666667,0.0,-3.2398444572934255,-0.4829145556118376,-3.9889684409299946
vacuum28-plus005,90,Gamma-K3,0.6,0,0.19999999999999998,-0.39999999999999997,0.0,-3.2148462802922544,-0.4150255971522991,-3.9210794824704562
vacuum28-plus005,91,Gamma-K3,0.6499999999999999,0,0.21666666666666662,-0.43333333333333324,0.0,-3.156168208328684,-0.31617427391178293,-3.82222815922994
vacuum28-plus005,92,Gamma-K3,0.7,0,0.2333333333333333,-0.4666666666666666,0.0,-3.0701265228921164,-0.24823682850108922,-3.7542907138192465
vacuum28-plus005,93,Gamma-K3,0.75,0,0.25,-0.5,0.0,-2.9595458485975525,-0.27284004490542124,-3.7788939302235782
vacuum28-plus005,94,Gamma-K3,0.7999999999999999,0,0.2666666666666666,-0.5333333333333332,0.0,-2.830309591067726,-0.3739491707765352,-3.8800030560946923
vacuum28-plus005,95,Gamma-K3,0.85,0,0.2833333333333333,-0.5666666666666667,0.0,-2.694518110596884,-0.5119185839429714,-4.017972469261128
vacuum28-plus005,96,Gamma-K3,0.8999999999999999,0,0.29999999999999993,-0.5999999999999999,0.0,-2.571070608814098,-0.6506137109044273,-4.156667596222585
vacuum28-plus005,97,Gamma-K3,0.95,0,0.31666666666666665,-0.6333333333333333,0.0,-2.483613330384156,-0.7540641790199811,-4.260118064338139
vacuum28-zero,1,K-local,-0.03,-0.03,0.3181369267575008,0.3277710624803408,0.0,-2.4362274372238906,-0.7218795229273857,-4.243152806004535
vacuum28-zero,2,K-local,-0.03,-0.02,0.3181369267575008,0.3321578871939771,0.0,-2.4326251131591294,-0.7261774962173155,-4.247450779294466
vacuum28-zero,3,K-local,-0.03,-0.01,0.3181369267575008,0.33654471190761337,0.0,-2.430447736797365,-0.7287722059654076,-4.250045489042558
vacuum28-zero,4,K-local,-0.03,0,0.3181369267575008,0.34093153662124964,0.0,-2.42972089036382,-0.7296403737441609,-4.250913656821311
vacuum28-zero,5,K-local,-0.03,0.01,0.3181369267575008,0.3453183613348859,0.0,-2.4304477327119645,-0.7287722081482807,-4.250045491225431
vacuum28-zero,6,K-local,-0.03,0.02,0.3181369267575008,0.3497051860485222,0.0,-2.4326251110143127,-0.7261774979758053,-4.247450781052955
vacuum28-zero,7,K-local,-0.03,0.03,0.3181369267575008,0.35409201076215846,0.0,-2.436227437139737,-0.7218795228671092,-4.243152805944259
vacuum28-zero,8,K-local,-0.02,-0.03,0.3232023956161117,0.3252383280510354,0.0,-2.4328678229101253,-0.7260179557715523,-4.247291238848702
vacuum28-zero,9,K-local,-0.02,-0.02,0.3232023956161117,0.3296251527646717,0.0,-2.429333657414206,-0.7302844502496602,-4.25155773332681
vacuum28-zero,10,K-local,-0.02,-0.01,0.3232023956161117,0.33401197747830796,0.0,-2.4272052177005046,-0.732864044558837,-4.254137327635987
vacuum28-zero,11,K-local,-0.02,0,0.3232023956161117,0.3383988021919442,0.0,-2.426492960307404,-0.7337296045725867,-4.255002887649737
vacuum28-zero,12,K-local,-0.02,0.01,0.3232023956161117,0.34278562690558045,0.0,-2.427205217876014,-0.7328640433442609,-4.254137326421411
vacuum28-zero,13,K-local,-0.02,0.02,0.3232023956161117,0.3471724516192167,0.0,-2.4293336558805776,-0.7302844506766544,-4.251557733753804
vacuum28-zero,14,K-local,-0.02,0.03,0.3232023956161117,0.351559276332853,0.0,-2.4328678236416836,-0.7260179558203169,-4.247291238897467
vacuum28-zero,15,K-local,-0.01,-0.03,0.3282678644747225,0.32270559362173,0.0,-2.4307358213137316,-0.7285811958326854,-4.249854478909835
vacuum28-zero,16,K-local,-0.01,-0.02,0.3282678644747225,0.3270924183353663,0.0,-2.427289015728323,-0.7328039402045589,-4.254077223281709
vacuum28-zero,17,K-local,-0.01,-0.01,0.3282678644747225,0.33147924304900256,0.0,-2.425210919576873,-0.7353571462857265,-4.256630429362876
vacuum28-zero,18,K-local,-0.01,0,0.3282678644747225,0.3358660677626388,0.0,-2.4245155979271313,-0.7362170813475991,-4.257490364424749
vacuum28-zero,19,K-local,-0.01,0.01,0.3282678644747225,0.34025289247627505,0.0,-2.425210918563428,-0.7353571460419018,-4.256630429119052
vacuum28-zero,20,K-local,-0.01,0.02,0.3282678644747225,0.3446397171899113,0.0,-2.4272890144492396,-0.7328039411790506,-4.254077224256201
vacuum28-zero,21,K-local,-0.01,0.03,0.3282678644747225,0.3490265419035476,0.0,-2.4307358229074882,-0.7285811937668292,-4.249854476843979
vacuum28-zero,22,K-local,0,-0.03,0.3333333333333333,0.32017285919242455,0.0,-2.4298999071868783,-0.7295254652000146,-4.250798748277164
vacuum28-zero,23,K-local,0,-0.02,0.3333333333333333,0.3245596839060608,0.0,-2.4265463069567836,-0.7336925888726518,-4.254965871949802
vacuum28-zero,24,K-local,0,-0.01,0.3333333333333333,0.3289465086196971,0.0,-2.424522248154216,-0.7362086956671918,-4.257481978744342
vacuum28-zero,25,K-local,0,0,0.3333333333333333,0.33333333333333337,0.0,-2.423845764750722,-0.7370449504311657,-4.258318233508316
vacuum28-zero,26,K-local,0,0.01,0.3333333333333333,0.33772015804696964,0.0,-2.42452224725684,-0.7362086967889078,-4.257481979866058
vacuum28-zero,27,K-local,0,0.02,0.3333333333333333,0.3421069827606059,0.0,-2.4265463065569297,-0.7336925902447434,-4.254965873321893
vacuum28-zero,28,K-local,0,0.03,0.3333333333333333,0.3464938074742422,0.0,-2.4298999050192873,-0.7295254676058699,-4.25079875068302
vacuum28-zero,29,K-local,0.01,-0.03,0.3383988021919442,0.31764012476311915,0.0,-2.4303973794674754,-0.7288059455728674,-4.2500792286500175
vacuum28-zero,30,K-local,0.01,-0.02,0.3383988021919442,0.3220269494767554,0.0,-2.4271459069693795,-0.7329047319030728,-4.254178014980223
vacuum28-zero,31,K-local,0.01,-0.01,0.3383988021919442,0.3264137741903917,0.0,-2.425184934524348,-0.7353804444497736,-4.256653727526924
vacuum28-zero,32,K-local,0.01,0,0.3383988021919442,0.3308005989040279,0.0,-2.424529831845755,-0.7362072955802356,-4.257480578657385
vacuum28-zero,33,K-local,0.01,0.01,0.3383988021919442,0.3351874236176642,0.0,-2.4251849335556233,-0.7353804436351283,-4.256653726712278
vacuum28-zero,34,K-local,0.01,0.02,0.3383988021919442,0.33957424833130045,0.0,-2.4271459045787713,-0.7329047337316772,-4.254178016808828
vacuum28-zero,35,K-local,0.01,0.03,0.3383988021919442,0.3439610730449367,0.0,-2.4303973792924634,-0.728805945186245,-4.250079228263395
vacuum28-zero,36,K-local,0.02,-0.03,0.343464271050555,0.31510739033381374,0.0,-2.43226523644692,-0.7264081247052617,-4.247681407782411
vacuum28-zero,37,K-local,0.02,-0.02,0.343464271050555,0.31949421504745,0.0,-2.4291264196954496,-0.7304259747129231,-4.251699257790073
vacuum28-zero,38,K-local,0.02,-0.01,0.343464271050555,0.3238810397610863,0.0,-2.427233500044431,-0.7328488029481891,-4.2541220860253395
vacuum28-zero,39,K-local,0.02,0,0.343464271050555,0.3282678644747225,0.0,-2.4265961571056844,-0.7336523191822728,-4.254925602259423
vacuum28-zero,40,K-local,0.02,0.01,0.343464271050555,0.3326546891883588,0.0,-2.4272334994569684,-0.7328487997055317,-4.254122082782682
vacuum28-zero,41,K-local,0.02,0.02,0.343464271050555,0.33704151390199505,0.0,-2.4291264226700564,-0.73042597376382,-4.25169925684097
vacuum28-zero,42,K-local,0.02,0.03,0.343464271050555,0.3414283386156313,0.0,-2.43226523892726,-0.7264081233432165,-4.247681406420367
vacuum28-zero,43,K-local,0.03,-0.03,0.3485297399091658,0.3125746559045083,0.0,-2.4355161593001786,-0.7223294773277388,-4.2436027604048885
vacuum28-zero,44,K-local,0.03,-0.02,0.3485297399091658,0.31696148061814455,0.0,-2.432506673112818,-0.7262535066617348,-4.247526789738885
vacuum28-zero,45,K-local,0.03,-0.01,0.3485297399091658,0.3213483053317808,0.0,-2.4306864516485853,-0.7286212243506388,-4.249894507427789
vacuum28-zero,46,K-local,0.03,0,0.3485297399091658,0.3257351300454171,0.0,-2.4300758255754524,-0.7294062990042078,-4.250679582081358
vacuum28-zero,47,K-local,0.03,0.01,0.3485297399091658,0.33012195475905337,0.0,-2.4306864537872768,-0.728621228319655,-4.249894511396805
vacuum28-zero,48,K-local,0.03,0.02,0.3485297399091658,0.33450877947268964,0.0,-2.4325066749435704,-0.7262535082099898,-4.2475267912871395
vacuum28-zero,49,K-local,0.03,0.03,0.3485297399091658,0.3388956041863259,0.0,-2.435516160452798,-0.7223294774466721,-4.243602760523822
vacuum28-zero,50,Gamma,0,0,0.0,0.0,0.0,-2.421512517294664,0.35064681220327515,-3.170626470873875
vacuum28-zero,51,M,0,0,0.5,0.0,0.0,-3.0432306260097057,-0.1682127377155225,-3.6894860207926725
vacuum28-zero,52,K-prime,0,0,-0.3333333333333333,-0.3333333333333333,-0.0,-2.42384576403123,-0.7370449524920042,-4.2583182355691545
vacuum28-zero,53,Gamma-K1,0.25,0,0.08333333333333333,0.08333333333333333,0.0,-2.6146700750705647,-0.0202065695925913,-3.5414798526697413
vacuum28-zero,54,Gamma-K1,0.3,0,0.09999999999999999,0.09999999999999999,0.0,-2.7257707758209784,-0.15694627367643754,-3.6782195567535876
vacuum28-zero,55,Gamma-K1,0.35,0,0.11666666666666665,0.11666666666666665,0.0,-2.8596007767189136,-0.2731941693122186,-3.7944674523893687
vacuum28-zero,56,Gamma-K1,0.4,0,0.13333333333333333,0.13333333333333333,0.0,-2.9999150501409293,-0.37090154419195087,-3.892174827269101
vacuum28-zero,57,Gamma-K1,0.44999999999999996,0,0.14999999999999997,0.14999999999999997,0.0,-3.1206663015225855,-0.44452684405351317,-3.965800127130663
vacuum28-zero,58,Gamma-K1,0.5,0,0.16666666666666666,0.16666666666666666,0.0,-3.1943100814309333,-0.48020834892159003,-4.00148163199874
vacuum28-zero,59,Gamma-K1,0.55,0,0.18333333333333335,0.18333333333333335,0.0,-3.2107187390972824,-0.4649452418937658,-3.9862185249709157
vacuum28-zero,60,Gamma-K1,0.6,0,0.19999999999999998,0.19999999999999998,0.0,-3.181812230619599,-0.3969668563925367,-3.918240139469687
vacuum28-zero,61,Gamma-K1,0.6499999999999999,0,0.21666666666666662,0.21666666666666662,0.0,-3.121485556175637,-0.2972600315573942,-3.818533314634544
vacuum28-zero,62,Gamma-K1,0.7,0,0.2333333333333333,0.2333333333333333,0.0,-3.0351379406569237,-0.2244474250210152,-3.7457207080981654
vacuum28-zero,63,Gamma-K1,0.75,0,0.25,0.25,0.0,-2.924886564114363,-0.24021518000680658,-3.7614884630839565
vacuum28-zero,64,Gamma-K1,0.7999999999999999,0,0.2666666666666666,0.2666666666666666,0.0,-2.796375277967186,-0.3339649843512333,-3.8552382674283834
vacuum28-zero,65,Gamma-K1,0.85,0,0.2833333333333333,0.2833333333333333,0.0,-2.6616765021309097,-0.46648991029878917,-3.9877631933759394
vacuum28-zero,66,Gamma-K1,0.8999999999999999,0,0.29999999999999993,0.29999999999999993,0.0,-2.539753754559295,-0.6008279629897163,-4.122101246066866
vacuum28-zero,67,Gamma-K1,0.95,0,0.31666666666666665,0.31666666666666665,0.0,-2.454029849719204,-0.7006348283792224,-4.221908111456372
vacuum28-zero,68,Gamma-K2,0.25,0,-0.16666666666666666,0.08333333333333333,0.0,-2.6146700671969625,-0.020206570729198178,-3.541479853806348
vacuum28-zero,69,Gamma-K2,0.3,0,-0.19999999999999998,0.09999999999999999,0.0,-2.7257707723999522,-0.15694626902911232,-3.6782195521062624
vacuum28-zero,70,Gamma-K2,0.35,0,-0.2333333333333333,0.11666666666666665,0.0,-2.8596007767784193,-0.27319417309779537,-3.7944674561749454
vacuum28-zero,71,Gamma-K2,0.4,0,-0.26666666666666666,0.13333333333333333,0.0,-2.9999150505719845,-0.37090154846942,-3.89217483154657
vacuum28-zero,72,Gamma-K2,0.44999999999999996,0,-0.29999999999999993,0.14999999999999997,0.0,-3.1206663024080226,-0.4445268507362658,-3.9658001338134157
vacuum28-zero,73,Gamma-K2,0.5,0,-0.3333333333333333,0.16666666666666666,0.0,-3.194310088289577,-0.48020834595566303,-4.0014816290328135
vacuum28-zero,74,Gamma-K2,0.55,0,-0.3666666666666667,0.18333333333333335,0.0,-3.210718751524355,-0.4649452400160925,-3.9862185230932425
vacuum28-zero,75,Gamma-K2,0.6,0,-0.39999999999999997,0.19999999999999998,0.0,-3.181812227379191,-0.3969668541117205,-3.9182401371888704
vacuum28-zero,76,Gamma-K2,0.6499999999999999,0,-0.43333333333333324,0.21666666666666662,0.0,-3.1214855593216546,-0.29726002941827834,-3.818533312495428
vacuum28-zero,77,Gamma-K2,0.7,0,-0.4666666666666666,0.2333333333333333,0.0,-3.035137937044449,-0.22444742243477925,-3.7457207055119293
vacuum28-zero,78,Gamma-K2,0.75,0,-0.5,0.25,0.0,-2.9248865605374292,-0.24021517801576384,-3.761488461092914
vacuum28-zero,79,Gamma-K2,0.7999999999999999,0,-0.5333333333333332,0.2666666666666666,0.0,-2.7963752777120603,-0.33396498246969764,-3.8552382655468476
vacuum28-zero,80,Gamma-K2,0.85,0,-0.5666666666666667,0.2833333333333333,0.0,-2.6616765011937202,-0.46648991185136585,-3.9877631949285157
vacuum28-zero,81,Gamma-K2,0.8999999999999999,0,-0.5999999999999999,0.29999999999999993,0.0,-2.5397537502044942,-0.6008279610626139,-4.122101244139764
vacuum28-zero,82,Gamma-K2,0.95,0,-0.6333333333333333,0.31666666666666665,0.0,-2.4540298519743535,-0.7006348300204299,-4.22190811309758
vacuum28-zero,83,Gamma-K3,0.25,0,0.08333333333333333,-0.16666666666666666,0.0,-2.6146700661394275,-0.020206576188223937,-3.541479859265374
vacuum28-zero,84,Gamma-K3,0.3,0,0.09999999999999999,-0.19999999999999998,0.0,-2.725770770652739,-0.15694625834151335,-3.6782195414186636
vacuum28-zero,85,Gamma-K3,0.35,0,0.11666666666666665,-0.2333333333333333,0.0,-2.859600776778705,-0.27319417255575196,-3.794467455632902
vacuum28-zero,86,Gamma-K3,0.4,0,0.13333333333333333,-0.26666666666666666,0.0,-2.999915045699987,-0.3709015475072194,-3.8921748305843695
vacuum28-zero,87,Gamma-K3,0.44999999999999996,0,0.14999999999999997,-0.29999999999999993,0.0,-3.120666294647286,-0.4445268402270799,-3.9658001233042297
vacuum28-zero,88,Gamma-K3,0.5,0,0.16666666666666666,-0.3333333333333333,0.0,-3.1943100810590432,-0.4802083452263614,-4.0014816283035115
vacuum28-zero,89,Gamma-K3,0.55,0,0.18333333333333335,-0.3666666666666667,0.0,-3.2107187462753224,-0.46494523822608996,-3.98621852130324
vacuum28-zero,90,Gamma-K3,0.6,0,0.19999999999999998,-0.39999999999999997,0.0,-3.1818122216328533,-0.3969668547707218,-3.9182401378478717
vacuum28-zero,91,Gamma-K3,0.6499999999999999,0,0.21666666666666662,-0.43333333333333324,0.0,-3.1214855622907187,-0.29726002614996305,-3.818533309227113
vacuum28-zero,92,Gamma-K3,0.7,0,0.2333333333333333,-0.4666666666666666,0.0,-3.035137936722255,-0.22444741996050116,-3.745720703037651
vacuum28-zero,93,Gamma-K3,0.75,0,0.25,-0.5,0.0,-2.9248865607054646,-0.24021516992099737,-3.7614884529981474
vacuum28-zero,94,Gamma-K3,0.7999999999999999,0,0.2666666666666666,-0.5333333333333332,0.0,-2.796375277228049,-0.3339649816216967,-3.855238264698847
vacuum28-zero,95,Gamma-K3,0.85,0,0.2833333333333333,-0.5666666666666667,0.0,-2.66167650053131,-0.4664899111217107,-3.9877631941988607
vacuum28-zero,96,Gamma-K3,0.8999999999999999,0,0.29999999999999993,-0.5999999999999999,0.0,-2.539753750069569,-0.6008279616766532,-4.122101244753804
vacuum28-zero,97,Gamma-K3,0.95,0,0.31666666666666665,-0.6333333333333333,0.0,-2.454029850901073,-0.7006348306515525,-4.221908113728703
zero,1,K-local,-0.03,-0.03,0.3181369267575008,0.3277710624803408,0.0,-1.6769956232429815,0.037332995275584244,-4.24315713903861
zero,2,K-local,-0.03,-0.02,0.3181369267575008,0.3321578871939771,0.0,-1.673393634209613,0.033035332161922226,-4.247454802152272
zero,3,K-local,-0.03,-0.01,0.3181369267575008,0.33654471190761337,0.0,-1.6712163666690338,0.030441127674873426,-4.250049006639321
zero,4,K-local,-0.03,0,0.3181369267575008,0.34093153662124964,0.0,-1.6704903610554058,0.02957328881423171,-4.250916845499963
zero,5,K-local,-0.03,0.01,0.3181369267575008,0.3453183613348859,0.0,-1.6712163657381416,0.030441125399647655,-4.250049008914546
zero,6,K-local,-0.03,0.02,0.3181369267575008,0.3497051860485222,0.0,-1.6733936351606293,0.03303533301394273,-4.247454801300251
zero,7,K-local,-0.03,0.03,0.3181369267575008,0.35409201076215846,0.0,-1.6769956221368003,0.03733299563224581,-4.243157138681948
zero,8,K-local,-0.02,-0.03,0.3232023956161117,0.3252383280510354,0.0,-1.673636766843551,0.03319118370044269,-4.247298950613751
zero,9,K-local,-0.02,-0.02,0.3232023956161117,0.3296251527646717,0.0,-1.670105682664414,0.028925586717923543,-4.251564547596271
zero,10,K-local,-0.02,-0.01,0.3232023956161117,0.33401197747830796,0.0,-1.667974613353473,0.026349377475472596,-4.254140756838721
zero,11,K-local,-0.02,0,0.3232023956161117,0.3383988021919442,0.0,-1.6672596487557234,0.025489026292584618,-4.2550011080216095
zero,12,K-local,-0.02,0.01,0.3232023956161117,0.34278562690558045,0.0,-1.6679746151354635,0.02634937790796455,-4.25414075640623
zero,13,K-local,-0.02,0.02,0.3232023956161117,0.3471724516192167,0.0,-1.6701056827380936,0.028925587821731408,-4.251564546492462
zero,14,K-local,-0.02,0.03,0.3232023956161117,0.351559276332853,0.0,-1.673636765597457,0.03319118399218448,-4.247298950322009
zero,15,K-local,-0.01,-0.03,0.3282678644747225,0.32270559362173,0.0,-1.6715052826433587,0.030628308959435403,-4.249861825354759
zero,16,K-local,-0.01,-0.02,0.3282678644747225,0.3270924183353663,0.0,-1.6680592956106672,0.026407738574429754,-4.254082395739764
zero,17,K-local,-0.01,-0.01,0.3282678644747225,0.33147924304900256,0.0,-1.6659836781726947,0.023857457959416718,-4.256632676354777
zero,18,K-local,-0.01,0,0.3282678644747225,0.3358660677626388,0.0,-1.6652876135119987,0.023006658896017315,-4.2574834754181765
zero,19,K-local,-0.01,0.01,0.3282678644747225,0.34025289247627505,0.0,-1.6659836775671302,0.023857458858097657,-4.256632675456096
zero,20,K-local,-0.01,0.02,0.3282678644747225,0.3446397171899113,0.0,-1.6680592947101465,0.026407738238819003,-4.254082396075375
zero,21,K-local,-0.01,0.03,0.3282678644747225,0.3490265419035476,0.0,-1.6715052849072602,0.030628310124029483,-4.249861824190164
zero,22,K-local,0,-0.03,0.3333333333333333,0.32017285919242455,0.0,-1.670669782547915,0.029687571002973277,-4.250802563311221
zero,23,K-local,0,-0.02,0.3333333333333333,0.3245596839060608,0.0,-1.6673142571601691,0.025523006733661587,-4.2549671275805325
zero,24,K-local,0,-0.01,0.3333333333333333,0.3289465086196971,0.0,-1.6652946275555387,0.02300959181093451,-4.257480542503259
zero,25,K-local,0,0,0.3333333333333333,0.33333333333333337,0.0,-1.6646157215477089,0.02217437632732047,-4.258315757986874
zero,26,K-local,0,0.01,0.3333333333333333,0.33772015804696964,0.0,-1.6652946274507447,0.023009591747998052,-4.257480542566196
zero,27,K-local,0,0.02,0.3333333333333333,0.3421069827606059,0.0,-1.6673142591043186,0.02552301186009389,-4.2549671224541
zero,28,K-local,0,0.03,0.3333333333333333,0.3464938074742422,0.0,-1.6706697846181144,0.02968757240225019,-4.250802561911944
zero,29,K-local,0.01,-0.03,0.3383988021919442,0.31764012476311915,0.0,-1.6711639909296374,0.03040735572633463,-4.250082778587859
zero,30,K-local,0.01,-0.02,0.3383988021919442,0.3220269494767554,0.0,-1.6679156640005517,0.02631089086554862,-4.254179243448645
zero,31,K-local,0.01,-0.01,0.3383988021919442,0.3264137741903917,0.0,-1.6659530803982914,0.023841155642453177,-4.25664897867174
zero,32,K-local,0.01,0,0.3383988021919442,0.3308005989040279,0.0,-1.6653028296230306,0.023013506709236117,-4.257476627604958
zero,33,K-local,0.01,0.01,0.3383988021919442,0.3351874236176642,0.0,-1.6659530794320532,0.02384115710677448,-4.256648977207419
zero,34,K-local,0.01,0.02,0.3383988021919442,0.33957424833130045,0.0,-1.6679156632082608,0.026310890898087063,-4.2541792434161065
zero,35,K-local,0.01,0.03,0.3383988021919442,0.3439610730449367,0.0,-1.6711639922257266,0.030407356624041253,-4.250082777690153
zero,36,K-local,0.02,-0.03,0.343464271050555,0.31510739033381374,0.0,-1.673024726605326,0.0328055191747695,-4.247684615139424
zero,37,K-local,0.02,-0.02,0.343464271050555,0.31949421504745,0.0,-1.6698941741197264,0.02878941044531432,-4.25170072386888
zero,38,K-local,0.02,-0.01,0.343464271050555,0.3238810397610863,0.0,-1.6680019224893763,0.026366253121891774,-4.254123881192302
zero,39,K-local,0.02,0,0.343464271050555,0.3282678644747225,0.0,-1.6673670485380299,0.02555914919065709,-4.254930985123536
zero,40,K-local,0.02,0.01,0.343464271050555,0.3326546891883588,0.0,-1.6680019250314788,0.026366254002643034,-4.254123880311551
zero,41,K-local,0.02,0.02,0.343464271050555,0.33704151390199505,0.0,-1.6698941742556372,0.02878940785814636,-4.251700726456048
zero,42,K-local,0.02,0.03,0.343464271050555,0.3414283386156313,0.0,-1.6730247286790572,0.03280551686793199,-4.247684617446262
zero,43,K-local,0.03,-0.03,0.3485297399091658,0.3125746559045083,0.0,-1.676282841592043,0.03688530908481842,-4.243604825229376
zero,44,K-local,0.03,-0.02,0.3485297399091658,0.31696148061814455,0.0,-1.673274248288969,0.03295972616238037,-4.247530408151814
zero,45,K-local,0.03,-0.01,0.3485297399091658,0.3213483053317808,0.0,-1.6714543108313884,0.030593971822223256,-4.249896162491971
zero,46,K-local,0.03,0,0.3485297399091658,0.3257351300454171,0.0,-1.6708457896777553,0.029805279489116585,-4.250684854825077
zero,47,K-local,0.03,0.01,0.3485297399091658,0.33012195475905337,0.0,-1.6714543120753897,0.030593972634133007,-4.249896161680061
zero,48,K-local,0.03,0.02,0.3485297399091658,0.33450877947268964,0.0,-1.6732742487424395,0.03295972498249967,-4.247530409331694
zero,49,K-local,0.03,0.03,0.3485297399091658,0.3388956041863259,0.0,-1.6762828416263744,0.03688531118484776,-4.243604823129346
zero,50,Gamma,0,0,0.0,0.0,0.0,-1.6623027548910485,1.1099063272727105,-3.170583807041483
zero,51,M,0,0,0.5,0.0,0.0,-2.2839759884822777,0.5910428075877013,-3.6894473267264924
zero,52,K-prime,0,0,-0.3333333333333333,-0.3333333333333333,-0.0,-1.66461572209319,0.02217437492800279,-4.258315759386191
zero,53,Gamma-K1,0.25,0,0.08333333333333333,0.08333333333333333,0.0,-1.85543799392527,0.7390249290297217,-3.541465205284472
zero,54,Gamma-K1,0.3,0,0.09999999999999999,0.09999999999999999,0.0,-1.9665459980007076,0.6022762731844628,-3.678213861129731
zero,55,Gamma-K1,0.35,0,0.11666666666666665,0.11666666666666665,0.0,-2.1003679676949556,0.48604418444462383,-3.79444594986957
zero,56,Gamma-K1,0.4,0,0.13333333333333333,0.13333333333333333,0.0,-2.240685896152698,0.3883239397972597,-3.892166194516934
zero,57,Gamma-K1,0.44999999999999996,0,0.14999999999999997,0.14999999999999997,0.0,-2.361442133119102,0.314700854055107,-3.965789280259087
zero,58,Gamma-K1,0.5,0,0.16666666666666666,0.16666666666666666,0.0,-2.435078353777274,0.2790210221673114,-4.001469112146882
zero,59,Gamma-K1,0.55,0,0.18333333333333335,0.18333333333333335,0.0,-2.4514855538964113,0.2942867201848605,-3.986203414129333
zero,60,Gamma-K1,0.6,0,0.19999999999999998,0.19999999999999998,0.0,-2.4225855501092495,0.36225897200576523,-3.9182311623084285
zero,61,Gamma-K1,0.6499999999999999,0,0.21666666666666662,0.21666666666666662,0.0,-2.36225516196591,0.46196741937620234,-3.8185227149379917
zero,62,Gamma-K1,0.7,0,0.2333333333333333,0.2333333333333333,0.0,-2.2758946910201594,0.534786231643192,-3.7457039026710017
zero,63,Gamma-K1,0.75,0,0.25,0.25,0.0,-2.1656577613363774,0.5190085936600561,-3.7614815406541378
zero,64,Gamma-K1,0.7999999999999999,0,0.2666666666666666,0.2666666666666666,0.0,-2.037140222556031,0.42527244703854405,-3.85521768727565
zero,65,Gamma-K1,0.85,0,0.2833333333333333,0.2833333333333333,0.0,-1.902448871533924,0.2927408901298626,-3.9877492441843314
zero,66,Gamma-K1,0.8999999999999999,0,0.29999999999999993,0.29999999999999993,0.0,-1.780527168198307,0.15839679399032436,-4.12209334032387
zero,67,Gamma-K1,0.95,0,0.31666666666666665,0.31666666666666665,0.0,-1.694805029434378,0.05858047003436018,-4.221909664279834
zero,68,Gamma-K2,0.25,0,-0.16666666666666666,0.08333333333333333,0.0,-1.8554379871582514,0.7390249254400795,-3.5414652088741145
zero,69,Gamma-K2,0.3,0,-0.19999999999999998,0.09999999999999999,0.0,-1.966545996279282,0.6022762592823441,-3.67821387503185
zero,70,Gamma-K2,0.35,0,-0.2333333333333333,0.11666666666666665,0.0,-2.100367964129095,0.48604418051442533,-3.7944459537997686
zero,71,Gamma-K2,0.4,0,-0.26666666666666666,0.13333333333333333,0.0,-2.240685892926485,0.3883239509307769,-3.892166183383417
zero,72,Gamma-K2,0.44999999999999996,0,-0.29999999999999993,0.14999999999999997,0.0,-2.361442131876555,0.31470085118400837,-3.9657892831301855
zero,73,Gamma-K2,0.5,0,-0.3333333333333333,0.16666666666666666,0.0,-2.4350783641677016,0.2790210117430359,-4.001469122571158
zero,74,Gamma-K2,0.55,0,-0.3666666666666667,0.18333333333333335,0.0,-2.4514855589642184,0.2942867208469783,-3.9862034134672157
zero,75,Gamma-K2,0.6,0,-0.39999999999999997,0.19999999999999998,0.0,-2.422585552896183,0.36225897543425,-3.918231158879944
zero,76,Gamma-K2,0.6499999999999999,0,-0.43333333333333324,0.21666666666666662,0.0,-2.362255163741056,0.4619674204920582,-3.818522713822136
zero,77,Gamma-K2,0.7,0,-0.4666666666666666,0.2333333333333333,0.0,-2.2758946913863314,0.5347862270948665,-3.7457039072193274
zero,78,Gamma-K2,0.75,0,-0.5,0.25,0.0,-2.1656577590414683,0.5190085890674424,-3.7614815452467516
zero,79,Gamma-K2,0.7999999999999999,0,-0.5333333333333332,0.2666666666666666,0.0,-2.0371402207756386,0.4252724497069372,-3.855217684607257
zero,80,Gamma-K2,0.85,0,-0.5666666666666667,0.2833333333333333,0.0,-1.9024488704466165,0.29274089031549977,-3.987749243998694
zero,81,Gamma-K2,0.8999999999999999,0,-0.5999999999999999,0.29999999999999993,0.0,-1.7805271706885726,0.15839679348304428,-4.1220933408311495
zero,82,Gamma-K2,0.95,0,-0.6333333333333333,0.31666666666666665,0.0,-1.694805029054371,0.058580472887946544,-4.221909661426247
zero,83,Gamma-K3,0.25,0,0.08333333333333333,-0.16666666666666666,0.0,-1.8554379895762438,0.7390249152513152,-3.5414652190628786
zero,84,Gamma-K3,0.3,0,0.09999999999999999,-0.19999999999999998,0.0,-1.9665460037448643,0.602276260597318,-3.678213873716876
zero,85,Gamma-K3,0.35,0,0.11666666666666665,-0.2333333333333333,0.0,-2.100367978911053,0.48604418484616346,-3.7944459494680305
zero,86,Gamma-K3,0.4,0,0.13333333333333333,-0.26666666666666666,0.0,-2.2406858956508446,0.38832394695322026,-3.8921661873609734
zero,87,Gamma-K3,0.44999999999999996,0,0.14999999999999997,-0.29999999999999993,0.0,-2.361442137884498,0.31470085289625244,-3.9657892814179414
zero,88,Gamma-K3,0.5,0,0.16666666666666666,-0.3333333333333333,0.0,-2.4350783551661133,0.2790210198684706,-4.001469114445723
zero,89,Gamma-K3,0.55,0,0.18333333333333335,-0.3666666666666667,0.0,-2.451485571851855,0.2942867214085108,-3.986203412905683
zero,90,Gamma-K3,0.6,0,0.19999999999999998,-0.39999999999999997,0.0,-2.4225855531265195,0.36225897264526385,-3.9182311616689303
zero,91,Gamma-K3,0.6499999999999999,0,0.21666666666666662,-0.43333333333333324,0.0,-2.362255162352332,0.46196741603816466,-3.818522718276029
zero,92,Gamma-K3,0.7,0,0.2333333333333333,-0.4666666666666666,0.0,-2.2758946921099414,0.5347862238881441,-3.74570391042605
zero,93,Gamma-K3,0.75,0,0.25,-0.5,0.0,-2.165657760570452,0.5190085940975343,-3.7614815402166597
zero,94,Gamma-K3,0.7999999999999999,0,0.2666666666666666,-0.5333333333333332,0.0,-2.0371402223084076,0.4252724469210695,-3.8552176873931243
zero,95,Gamma-K3,0.85,0,0.2833333333333333,-0.5666666666666667,0.0,-1.9024488707298963,0.2927408923360796,-3.9877492419781144
zero,96,Gamma-K3,0.8999999999999999,0,0.29999999999999993,-0.5999999999999999,0.0,-1.7805271690783042,0.15839679567402146,-4.122093338640172
zero,97,Gamma-K3,0.95,0,0.31666666666666665,-0.6333333333333333,0.0,-1.694805027295469,0.05858046852343733,-4.221909665790757
