distance_angstrom,max_abs_matrix_element_Ry,amplitude_over_global_max
20.5563312875743,7.541245583730786e-05,9.919746273193874e-05
19.3806949996813,9.801449268267535e-05,0.0001289281575189007
18.7652772429228,0.000105379380034767,0.00013861592236520358
18.7652772429228,8.613289634360482e-05,0.00011329911856300712
18.5556027598526,6.851889334677257e-05,9.01296780980525e-05
18.3435317635167,8.57042816536439e-05,0.00011273531926404933
18.5556027598526,5.009331296581088e-05,6.589268962100361e-05
18.7652772429228,8.840559204257056e-05,0.00011628862002395357
18.3435317635167,9.685735730131e-05,0.00012740606289150347
18.3435317635167,8.34074705190202e-05,0.00010971409638515694
18.7652772429228,9.930120198696654e-05,0.00013062069354417784
19.3806949996813,5.640168847367013e-05,7.419071993167228e-05
18.7652772429228,0.0001042306658449919,0.00013710490496410347
18.5556027598526,6.50093556134682e-05,8.551323596471511e-05
18.7652772429228,8.676577486270249e-05,0.00011413160628158076
19.3806949996813,7.917874300297725e-05,0.00010415163279053322
20.5563312875743,5.755593087933121e-05,7.570900914196139e-05
19.1777501925634,3.118879626963855e-05,4.1025708833644946e-05
19.1777501925634,2.838494299063524e-05,3.73375232671943e-05
18.1289801515926,0.00012704299380404,0.00016711221645424233
17.9118587844627,6.185741680226978e-05,8.136717906621366e-05
18.1289801515926,0.0001242481804936585,0.00016343592205272597
17.4695223938699,0.000118550747997585,0.00015594152551807037
17.0156910005239,0.0001421204434009588,0.00018694507732419847
17.0156910005239,0.0001468369512807899,0.00019314916668105214
17.4695223938699,0.0001147835959963141,0.00015098621785566236
17.2440997575291,0.0002857154665945635,0.0003758298153105803
16.5494189559845,0.0001138233750054984,0.0001497231442043234
16.3112854048476,0.0001119354873360708,0.00014723981880866
16.5494189559845,0.0001638961753420929,0.00021558885153507226
17.2440997575291,0.0002830172738362645,0.00037228061547862706
17.4695223938699,0.0001237024832294366,0.00016271811246239314
16.5494189559845,0.0001466401205564182,0.00019289025575939373
16.069623372565,0.0001630987597435765,0.0002145399319204353
16.069623372565,0.0001670774530816692,0.0002197735008281861
16.5494189559845,0.0001430092669168712,0.00018811423481437757
17.4695223938699,0.0001066056757598946,0.00014022899043388063
18.1289801515926,0.0001251359447237082,0.0001646036861594286
17.0156910005239,0.0001318062933799818,0.00017337785555748172
16.3112854048476,8.640087066559867e-05,0.00011365161169592471
16.069623372565,0.0001682236244845813,0.00022128117345020058
16.3112854048476,8.352344555509285e-05,0.00010986664982199861
17.0156910005239,9.968749295878487e-05,0.00013112882027013014
18.1289801515926,0.000121563624834762,0.00015990466044655697
19.1777501925634,3.967698391992678e-05,5.219106167559037e-05
17.9118587844627,6.178358734792588e-05,8.127006388193166e-05
17.0156910005239,0.0001145132035007928,0.0001506305438599058
16.5494189559845,0.0001494594990139118,0.00019659886312881577
16.5494189559845,0.0001679501681622299,0.00022092146929995004
17.0156910005239,0.0001357061845773904,0.00017850776821472431
17.9118587844627,6.242692758379892e-05,8.211631293142091e-05
19.1777501925634,4.905059830535245e-05,6.452110388596247e-05
20.5563312875743,5.506473843834539e-05,7.243209730320751e-05
19.1777501925634,3.679168269623293e-05,4.8395739570907066e-05
18.1289801515926,0.0001245328493813141,0.00016381037519923376
17.4695223938699,0.0001116629269385928,0.0001468812931570176
17.2440997575291,0.0002851184868288938,0.0003750445487733852
17.4695223938699,0.0001078631449219566,0.0001418830640077384
18.1289801515926,0.0001210867087284048,0.000159277325516785
19.1777501925634,2.927367423767241e-05,3.850655938699489e-05
20.5563312875743,5.610593429469258e-05,7.380168520496568e-05
23.7364068048643,9.386813093114016e-05,0.00012347403776170315
21.8480985342122,3.777245479995189e-05,4.968584613390081e-05
21.8480985342122,3.912183479819774e-05,5.146081912212958e-05
20.17206691343,4.593904266130746e-05,6.0428166961797115e-05
19.9771631453915,8.118112248480037e-05,0.00010678556059221982
20.17206691343,5.837856211939495e-05,7.679109738417961e-05
18.7652772429228,0.0001264365062865239,0.00016631444343056596
18.3435317635167,8.54479512176574e-05,0.00011239814248617476
18.3435317635167,7.713051785256872e-05,0.00010145739964604312
18.7652772429228,0.0001106776330826915,0.00014558523868610056
17.6920730524217,0.0001065823317199316,0.0001401982837089964
17.0156910005239,7.215771736720956e-05,9.491618327345892e-05
16.7841742127221,4.185435449343269e-05,5.5055172569750096e-05
17.0156910005239,7.014596789024025e-05,9.226993019030531e-05
17.6920730524217,0.0001039166730891753,0.00013669187923317632
17.0156910005239,0.0003503339356774556,0.00046082887955633037
16.069623372565,0.000229767832122843,0.00030223635752130336
15.5750545068541,0.0001431739550204483,0.00018833086536745527
15.5750545068541,0.0001665157209597262,0.00021903459900337363
16.069623372565,0.0002214627433507475,0.000291311852745425
17.0156910005239,0.0003510023180589918,0.0004617080690171027
16.7841742127221,0.001101875365792354,0.0014494056627625989
15.5750545068541,0.0003756438043372609,0.0004941214533792508
14.802250309482,0.0001224701745206154,0.00016109713492147793
14.535521249761,0.0002185605199643409,0.00028749427124623707
14.802250309482,0.0001614268284617422,0.00021234067532311773
15.5750545068541,0.0005016390238433562,0.0006598554286567826
16.7841742127221,0.001104291245079523,0.001452583507760391
17.0156910005239,0.0003503339356784593,0.0004608288795576506
15.5750545068541,0.0003912102696047957,0.0005145975649327003
14.535521249761,0.0002539766129298387,0.0003340805615751858
13.9868118439351,0.000194045194665016,0.00025524683889915185
13.9868118439351,0.0002267367909363132,0.0002982493292273512
14.535521249761,0.0002768926201642815,0.00036422425267188766
15.5750545068541,0.0004126917356594788,0.000542854262115245
17.0156910005239,0.0003510023180568288,0.00046170806901425754
17.6920730524217,0.0001065823317301471,0.00014019828372243383
16.069623372565,0.0002445311862618546,0.0003216560575661136
14.802250309482,0.0001226606633304806,0.00016134770369566318
13.9868118439351,0.000197671290775588,0.000260016601795707
13.7042208583829,0.0001700393935809354,0.00022366963415295206
13.9868118439351,0.0002205079095268492,0.00029005586536761454
14.802250309482,0.0001236447184290204,0.00016264212870648856
16.069623372565,0.0001982566550540729,0.0002607865893336395
17.6920730524217,0.0001039166730894158,0.00013669187923349266
18.7652772429228,0.0001264365062864057,0.0001663144434304105
17.0156910005239,5.260606825726563e-05,6.919796520991039e-05
15.5750545068541,0.0001420950256568503,0.00018691164285112718
14.535521249761,0.0002434011101598455,0.0003201695566854746
13.9868118439351,0.00022897082614489,0.0003011879767211118
13.9868118439351,0.0002291567965349118,0.0003014326019707288
14.535521249761,0.0002128748595185168,0.00028001535965372964
15.5750545068541,0.0001189630850993716,0.00015648391329517336
17.0156910005239,7.598600678283479e-05,9.995191102449295e-05
18.7652772429228,0.0001106776330815559,0.00014558523868460677
20.17206691343,4.593904265969351e-05,6.0428166959674125e-05
18.3435317635167,5.391417294665779e-05,7.091864470157678e-05
16.7841742127221,5.338164382670991e-05,7.021815647396003e-05
15.5750545068541,0.0001314408500195105,0.00017289715175691602
14.802250309482,0.0001230330133712388,0.00016183749253599792
14.535521249761,0.000272134763681751,0.0003579657734078263
14.802250309482,0.0001254451461461187,0.00016501040937558266
15.5750545068541,0.0001507120365332817,0.00019824644962521763
16.7841742127221,5.169634603441187e-05,6.800131758325523e-05
18.3435317635167,6.923562242814589e-05,9.107246275542806e-05
20.17206691343,5.837856211955058e-05,7.679109738438432e-05
21.8480985342122,3.77724547995031e-05,4.9685846133310474e-05
19.9771631453915,9.110616371699571e-05,0.0001198409490796026
18.3435317635167,8.138628718372555e-05,0.00010705543401497966
17.0156910005239,9.255116676270825e-05,0.00012174170452090326
16.069623372565,0.0002386543426906512,0.0003139256638975456
15.5750545068541,0.0003938852856469941,0.0005181162781373967
15.5750545068541,0.0004243409352554832,0.0005581776066470098
16.069623372565,0.000212486391254014,0.0002795043689193384
17.0156910005239,6.606903401614563e-05,8.690713578789833e-05
18.3435317635167,6.738395612975914e-05,8.863678291200177e-05
19.9771631453915,6.609553092759702e-05,8.694198979652365e-05
21.8480985342122,3.91218347989888e-05,5.1460819123170136e-05
23.7364068048643,9.386813093114016e-05,0.00012347403776170315
21.8480985342122,4.616213891936366e-05,6.0721627538016895e-05
20.17206691343,4.373935405190611e-05,5.753469894739237e-05
18.7652772429228,0.0001038013755598451,0.00013654021698796987
17.6920730524217,0.0001170089793327309,0.00015391348468615424
17.0156910005239,0.0003764034192284831,0.0004951206499844536
16.7841742127221,0.00118996214316603,0.0015652749143163847
17.0156910005239,0.0003764034192299113,0.0004951206499863323
17.6920730524217,0.0001170089793327741,0.00015391348468621105
18.7652772429228,0.0001038013755602365,0.00013654021698848473
20.17206691343,4.373935405197152e-05,5.7534698947478415e-05
21.8480985342122,4.616213892072557e-05,6.072162753980835e-05
23.7364068048643,9.386813093114016e-05,0.00012347403776170315
21.8480985342122,3.622841531873733e-05,4.765481827260352e-05
21.8480985342122,3.277188358969513e-05,4.310810017986375e-05
20.5563312875743,5.506473844132979e-05,7.243209730713319e-05
19.9771631453915,7.55809807477945e-05,9.941914021666975e-05
19.7803390040536,6.873056382251216e-05,9.040810921258785e-05
19.9771631453915,9.416566755754606e-05,0.0001238654171178265
20.5563312875743,5.610593429847481e-05,7.380168520994082e-05
19.1777501925634,3.967698392243383e-05,5.219106167888814e-05
18.3435317635167,5.61776251888092e-05,7.389598732944091e-05
17.9118587844627,9.104457158120883e-05,0.00011975993085089672
17.9118587844627,9.862504840288015e-05,0.00012973128185198767
18.3435317635167,6.385510342779243e-05,8.399493388980527e-05
19.1777501925634,4.905059830502849e-05,6.452110388553634e-05
18.1289801515926,0.0001251359447180388,0.00016460368615197108
17.0156910005239,6.900543021693344e-05,9.076966817011193e-05
16.3112854048476,0.0001095777903253543,0.0001441385067142984
16.069623372565,0.0001187183503119296,0.00015616198942083537
16.3112854048476,0.0001450858255719011,0.00019084573782015968
17.0156910005239,7.011115876220234e-05,9.222414230098473e-05
18.1289801515926,0.0001215636248352721,0.00015990466044722796
17.4695223938699,0.0001237024831982312,0.0001627181124213456
16.069623372565,0.0002048764601828005,0.00026949427383030045
15.0642573811942,0.0001416466563483714,0.00018632185834836632
14.535521249761,0.0001160730993566214,0.00015268242917919694
14.535521249761,0.0001410353625933124,0.00018551776320503151
15.0642573811942,0.0001456791787029381,0.0001916262338860868
16.069623372565,0.0002322406120129703,0.00030548904951059987
17.4695223938699,0.0001066056757603513,0.0001402289904344814
17.2440997575291,0.0002857154664884216,0.0003758298151709613
15.5750545068541,0.0004571007890203048,0.000601269882808264
14.2638053050351,0.0003241720358672285,0.0004264155448809487
13.4156786303575,0.0001695257173693678,0.00022299394502059986
13.1207925404956,0.0002203381908554228,0.0002898326176110363
13.4156786303575,0.0002078090381750551,0.0002733517837451448
14.2638053050351,0.0003799927187787435,0.0004998420107254278
15.5750545068541,0.0003788483835434932,0.0004983367533963669
17.2440997575291,0.0002830172738359225,0.00037228061547817717
17.4695223938699,0.0001185507479980712,0.00015594152551870995
15.5750545068541,0.0005306663675815323,0.0006980379651715314
13.9868118439351,0.002178120401369329,0.0028650972169191554
12.8191248011875,0.0004495594353954204,0.0005913499944178536
12.1934198740061,0.0003153532201611773,0.0004148152842525437
12.1934198740061,0.0002860331002300247,0.00037624763025064856
12.8191248011875,0.001308493859738144,0.001721191405918003
13.9868118439351,0.002173820563960509,0.0028594412154485894
15.5750545068541,0.0003838340798435265,0.0005048949329096065
17.4695223938699,0.0001147835960030415,0.0001509862178645116
18.1289801515926,0.0001270429937947842,0.00016711221644206728
16.069623372565,0.0002113857196319,0.00027805654665970654
14.2638053050351,0.0003868237996257459,0.0005088276070730824
12.8191248011875,0.001025144825392832,0.0013484743930250924
11.8682034024322,0.0005073341858405371,0.0006673468385796538
11.5338205196369,0.0003758206787281653,0.0004943541137614804
11.8682034024322,0.0005344322265623794,0.0007029915719962744
12.8191248011875,0.000514618551506641,0.0006769286852874185
14.2638053050351,0.0003911571645428305,0.0005145277105917074
16.069623372565,0.0002008516857092682,0.0002642000898469012
18.1289801515926,0.0001242481804973196,0.00016343592205754178
19.1777501925634,3.118879627087225e-05,4.102570883526775e-05
17.0156910005239,7.6060718389618e-05,0.00010005018659113819
15.0642573811942,0.000116915424647564,0.0001537904229546113
13.4156786303575,0.0001813442150065444,0.00023853998401236203
12.1934198740061,0.0002363175523385715,0.0003108518523993116
11.5338205196369,0.0004003709061976773,0.0005266474563854285
11.5338205196369,0.0003625860196833463,0.0004769452575878976
12.1934198740061,0.0003609172181627759,0.00047475011787515687
13.4156786303575,0.0001668328872738375,0.0002194517992294445
15.0642573811942,0.000152873748712163,0.00020108996348404718
17.0156910005239,5.913749970556329e-05,7.778940306304806e-05
19.1777501925634,2.83849429936596e-05,3.7337523271172545e-05
20.5563312875743,5.755593087549413e-05,7.57090091369141e-05
18.3435317635167,6.63945300566418e-05,8.73352929270342e-05
16.3112854048476,0.0001270321936882833,0.0001670980099936732
14.535521249761,0.0001426206631019673,0.00018760306577713553
13.1207925404956,0.0002089647236088163,0.00027487197111303395
12.1934198740061,0.0002560255651701973,0.00033677575113300875
11.8682034024322,0.0006178746567385777,0.00081275165427662
12.1934198740061,0.0002472894902460681,0.0003252843276395305
13.1207925404956,0.0001970866192746818,0.00025924752553665114
14.535521249761,0.0001195711162358609,0.0001572837167935752
16.3112854048476,0.0001035910574354567,0.00013626356475493723
18.3435317635167,5.402997880596252e-05,7.107097560348116e-05
20.5563312875743,5.755593087775916e-05,7.570900913989352e-05
19.9771631453915,8.198036573962848e-05,0.00010783688430398975
17.9118587844627,0.0001292647085187903,0.00017003465758376742
16.069623372565,0.0001222837362295096,0.0001608518941952818
14.535521249761,0.000124715589723511,0.00016405075164744023
13.4156786303575,0.0001823976477617499,0.00023992566831762508
12.8191248011875,0.0005216238922545552,0.0006861435029199981
12.8191248011875,0.0007595222904964485,0.0009990747983083831
13.4156786303575,0.0001723444633695707,0.00022670172045638666
14.535521249761,0.0001130558897612472,0.00014871359494527043
16.069623372565,0.000116049947760352,0.00015265197559453882
17.9118587844627,7.376665247802614e-05,9.703257477564863e-05
19.9771631453915,7.378432099484904e-05,9.705581592354135e-05
21.8480985342122,4.793364240706171e-05,6.305186130708467e-05
19.7803390040536,5.243988012390093e-05,6.897936151927471e-05
17.9118587844627,8.345164773158734e-05,0.00010977220704272105
16.3112854048476,0.0001368070582809667,0.00017995585629209277
15.0642573811942,0.0001171930388429123,0.00015415559636649875
14.2638053050351,0.0003950852065768733,0.0005196946528289696
13.9868118439351,0.002340789798485583,0.0030790723657046376
14.2638053050351,0.0003856322008012423,0.0005072601792699072
15.0642573811942,0.0001447526310101227,0.00019040745405446714
16.3112854048476,0.0001402480251088251,0.00018448210033067319
17.9118587844627,7.940401889700884e-05,0.00010444796045755433
19.7803390040536,5.853577683846065e-05,7.699789745536516e-05
21.8480985342122,4.793364240489253e-05,6.305186130423132e-05
21.8480985342122,3.277188359071821e-05,4.310810018120951e-05
19.9771631453915,7.995077728171189e-05,0.00010516716584461884
18.3435317635167,6.133521807218984e-05,8.068027942224074e-05
17.0156910005239,6.350939373318029e-05,8.354018773193791e-05
16.069623372565,0.0001988238800743504,0.000261532716510972
15.5750545068541,0.0004340577107190951,0.0005709590425679629
15.5750545068541,0.000397097214026956,0.0005223412452496772
16.069623372565,0.0002198351272148035,0.0002891708882430154
17.0156910005239,8.630584688419767e-05,0.00011352661751678659
18.3435317635167,6.773157322974715e-05,8.909403806883472e-05
19.9771631453915,9.647430745554057e-05,0.00012690219953924556
21.8480985342122,3.622841531851805e-05,4.765481827231508e-05
20.5563312875743,5.610593429497003e-05,7.380168520533063e-05
19.1777501925634,2.927367423805775e-05,3.850655938750176e-05
18.1289801515926,0.0001210867087264013,0.00015927732551414958
17.4695223938699,0.0001078631449236049,0.0001418830640099066
17.2440997575291,0.0002851184868226553,0.0003750445487651791
17.4695223938699,0.0001116629269374143,0.0001468812931554674
18.1289801515926,0.0001245328493782348,0.00016381037519518324
19.1777501925634,3.679168269637109e-05,4.83957395710888e-05
20.5563312875743,5.506473844154669e-05,7.243209730741848e-05
20.17206691343,5.988043369425025e-05,7.876665762712242e-05
19.9771631453915,7.26275050341949e-05,9.55341414618017e-05
20.17206691343,4.397221167601282e-05,5.784099961394281e-05
19.1777501925634,4.900721691082903e-05,6.446404004659115e-05
18.3435317635167,6.810399424089493e-05,8.958392026354301e-05
17.9118587844627,9.282975908760075e-05,0.00012210816456333375
17.9118587844627,0.0001094929430164678,0.0001440268986560841
18.3435317635167,6.350414445857579e-05,8.353328284180846e-05
19.1777501925634,3.525110485687005e-05,4.636926514955231e-05
19.3806949996813,5.640168847212997e-05,7.419071992964635e-05
17.9118587844627,3.264508276504355e-05,4.294130651245036e-05
16.7841742127221,3.294533500595426e-05,4.333625798495216e-05
16.069623372565,0.0001434504188981579,0.00018869452565276664
15.8242712032429,0.0001361958786914181,0.00017915191132194668
16.069623372565,0.0001206943639303281,0.00015876123559432911
16.7841742127221,5.338575084465751e-05,7.022355884092015e-05
17.9118587844627,4.461226167473134e-05,5.8682920689042554e-05
19.3806949996813,7.917874300017805e-05,0.00010415163278685114
18.7652772429228,8.840559204129508e-05,0.00011628862002227581
17.0156910005239,0.000141054569906183,0.00018554302848357876
15.5750545068541,0.000124115947112063,0.00016326198240579237
14.535521249761,0.0001473103024962573,0.00019377181235720868
13.9868118439351,0.000165471044761746,0.00021766043306400084
13.9868118439351,0.000221325306674595,0.0002911310686904666
14.535521249761,0.0001398843989809553,0.00018400378691590328
15.5750545068541,0.0001260954009208033,0.00016586575380193576
17.0156910005239,0.000106173460340288,0.00013966045473904674
18.7652772429228,9.930120198938652e-05,0.00013062069354736108
18.5556027598526,6.851889334800965e-05,9.012967809967975e-05
16.5494189559845,0.0001583330882205996,0.00020827117276063495
14.802250309482,0.0001574719592023377,0.00020713844458267042
13.4156786303575,0.0001696705323603589,0.00022318443450290574
12.5101848286152,0.0002640197571018291,0.00034729130254166203
12.1934198740061,0.0003246078598165215,0.00042698882723182384
12.5101848286152,0.0002633527958966662,0.0003464139824947519
13.4156786303575,0.000195393572884183,0.0002570204941482653
14.802250309482,0.0001053430879790549,0.0001385681838344265
16.5494189559845,0.000139562643642667,0.00018358055029240024
18.5556027598526,5.009331296385962e-05,6.589268961843693e-05
18.7652772429228,0.0001053793800400432,0.0001386159223721439
16.5494189559845,0.0001762198833978008,0.0002317994437641957
14.535521249761,0.0002675899802205032,0.0003519875701651887
12.8191248011875,0.0006062359872858269,0.0007974421610838861
11.5338205196369,0.0005653358183561652,0.0007436421231712772
10.8341378676194,0.0003700421473151219,0.0004867530397992778
10.8341378676194,0.0005237962282009896,0.0006890009912711607
11.5338205196369,0.0003493973294886239,0.0004595968687899448
12.8191248011875,0.0007367898720862657,0.0009691725997522746
14.535521249761,0.0002190291735896603,0.00028811073771740074
16.5494189559845,0.0001477341075444539,0.00019432928505859885
18.7652772429228,8.613289633948439e-05,0.00011329911855758712
19.3806949996813,9.801449267733553e-05,0.00012892815751187672
17.0156910005239,0.0001377307651335491,0.00018117089928554677
14.802250309482,0.0001282461609361661,0.00016869486119673499
12.8191248011875,0.001159759694715555,0.0015255466463357907
11.189449475148,0.004725239171534372,0.0062155744885036375
10.086033456715,0.0007216989343976937,0.0009493219966611663
9.69034749984067,0.0008970970525353464,0.001180040491292187
10.086033456715,0.003076314119096103,0.004046580260416388
11.189449475148,0.00474238268204747,0.006238125043665062
12.8191248011875,0.0005595363568188569,0.0007360135177462852
14.802250309482,0.0001078549179789004,0.0001418722422957526
17.0156910005239,0.0001139493143986342,0.00014988880474565392
19.3806949996813,9.801449261924629e-05,0.0001289281574354662
17.9118587844627,7.314978980176319e-05,9.622115427939361e-05
15.5750545068541,0.000144629765804383,0.00019024583729590792
13.4156786303575,0.0002106055890134684,0.00027703036368915236
11.5338205196369,0.0004221344314347396,0.0005552751739109868
10.086033456715,0.002428990278540448,0.0031950911816421125
9.27780137992631,0.001197752157924931,0.001575521891293165
9.27780137992631,0.001388032672689904,0.0018258166743291865
10.086033456715,0.0008217028264563375,0.0010808670079645707
11.5338205196369,0.000717090821987004,0.0009432604905870222
13.4156786303575,0.0001664439626917445,0.00021894020825538924
15.5750545068541,0.0001365122493692538,0.00017956806496892232
17.9118587844627,4.234375600774781e-05,5.569893079162743e-05
19.1777501925634,4.400456410098479e-05,5.7883555958711225e-05
16.7841742127221,5.50752694687746e-05,7.244594980922833e-05
14.535521249761,0.0001644438705901429,0.00021630928927116868
12.5101848286152,0.0002640302179276005,0.000347305062700552
10.8341378676194,0.0004910682889273252,0.0006459506953970094
9.69034749984067,0.0009355940927655164,0.0012306794563162248
9.27780137992631,0.001403929688974269,0.0018467275923321669
9.69034749984067,0.0008301984898267518,0.0010920421943606733
10.8341378676194,0.0003875656074112727,0.0005098033802307397
12.5101848286152,0.000261167925861126,0.0003435400068163547
14.535521249761,0.0001270132142528808,0.00016707304446490068
16.7841742127221,5.085209644980654e-05,6.689079259404104e-05
19.1777501925634,4.400456410305722e-05,5.7883555961437296e-05
18.3435317635167,7.206967916775703e-05,9.480037792125e-05
16.069623372565,0.0001382555653959482,0.0001818612209823147
13.9868118439351,0.0002818675227136779,0.0003707682340972297
12.1934198740061,0.0002856278688616613,0.0003757145893475946
10.8341378676194,0.0005813727579821574,0.0007647370961862881
10.086033456715,0.0009087402070207531,0.0011953558840920187
10.086033456715,0.001841640062435433,0.0024224913435149827
10.8341378676194,0.0003610311487253832,0.0004748999820138165
12.1934198740061,0.0002989084119157328,0.00039318380129725275
13.9868118439351,0.0001577167341805024,0.00020746042132384148
16.069623372565,0.0001303345753827482,0.0001714419592978842
18.3435317635167,6.765658466592864e-05,8.89953981932052e-05
20.17206691343,4.405923447424671e-05,5.7955469308488484e-05
17.9118587844627,8.787389282838396e-05,0.00011558922345347638
15.8242712032429,0.0001315230919928534,0.00017300533275957798
13.9868118439351,0.0001633592200046247,0.00021488254106572316
12.5101848286152,0.0002718510405413851,0.0003575925642962791
11.5338205196369,0.0005128172676754499,0.0006745592784867739
11.189449475148,0.00512659471793804,0.0067435171395495985
11.5338205196369,0.0005238672339975884,0.000689094392219103
12.5101848286152,0.000271988298022393,0.0003577731126381383
13.9868118439351,0.0001936399943195016,0.0002547138388035198
15.8242712032429,0.0001289750159973917,0.00016965359635487504
17.9118587844627,9.13033361657531e-05,0.00012010030950514786
20.17206691343,4.405923447718409e-05,5.795546931235231e-05
19.9771631453915,8.16895709158197e-05,0.00010745437310770085
17.9118587844627,6.673049361715326e-05,8.77772190306612e-05
16.069623372565,0.000135298599264947,0.00017797163093617691
14.535521249761,0.0001526726213094626,0.00020082540071636877
13.4156786303575,0.0002095855217037365,0.00027568856825472844
12.8191248011875,0.0008186419118551633,0.0010768406842133502
12.8191248011875,0.000606608691721821,0.0007979324160953304
13.4156786303575,0.0001845379401362692,0.00024274100658899588
14.535521249761,0.0001377162002277722,0.00018115174062426255
16.069623372565,0.0001300575100705084,0.00017107750788624324
17.9118587844627,9.372961474182678e-05,0.00012329183371630211
19.9771631453915,8.154994913493743e-05,0.00010727071476834753
20.17206691343,4.397221167481178e-05,5.7840999612362965e-05
18.3435317635167,5.98807252323624e-05,7.876704111603939e-05
16.7841742127221,4.576505560056932e-05,6.0199304570541155e-05
15.5750545068541,0.000161564193275283,0.00021252136485007452
14.802250309482,0.0001038893276837235,0.00013665590911646184
14.535521249761,0.0002666216980445672,0.0003507138928396733
14.802250309482,9.929496177553375e-05,0.0001306124851768177
15.5750545068541,0.0001237394393480067,0.00016276672450073442
16.7841742127221,5.814473929815164e-05,7.648352709836104e-05
18.3435317635167,7.178143357368002e-05,9.442121997898928e-05
20.17206691343,5.988043369085839e-05,7.876665762266078e-05
19.1777501925634,3.525110485697374e-05,4.63692651496887e-05
17.9118587844627,3.732733303151073e-05,4.910033344178832e-05
17.0156910005239,0.0001141605185088562,0.00015016662240349254
16.5494189559845,0.000158221783388961,0.0002081247625056477
16.5494189559845,0.0001487556005365634,0.00019567295583407823
17.0156910005239,9.269605734821084e-05,0.0001219322934401477
17.9118587844627,5.605135202159619e-05,7.372988774205074e-05
19.1777501925634,4.900721690830015e-05,6.446404004326467e-05
19.3806949996813,7.917874300063456e-05,0.00010415163278745166
18.7652772429228,8.676577486236213e-05,0.00011413160628113305
18.5556027598526,6.500935561394622e-05,8.551323596534391e-05
18.7652772429228,0.000104230665848598,0.00013710490496884694
19.3806949996813,5.640168847409011e-05,7.419071993222472e-05
20.5563312875743,6.035791531671557e-05,7.939473643617053e-05
18.7652772429228,0.0001144978782301837,0.00015061038501554483
18.3435317635167,8.6242471929405e-05,0.0001134432541698914
18.3435317635167,7.715538996935176e-05,0.00010149011640152147
18.7652772429228,0.0001170040046186481,0.00015390694095263762
18.1289801515926,0.0001407135117882961,0.0001850944010046978
17.0156910005239,7.619142351866089e-05,0.00010022211597631928
16.3112854048476,0.0001031437571199626,0.0001356751864043908
16.069623372565,0.0001261836309263007,0.00016598181145560838
16.3112854048476,0.0001395866357111023,0.00018361210943323511
17.0156910005239,8.11140527422977e-05,0.00010669733712557256
18.1289801515926,0.0001265731652517847,0.00016649420448545973
18.7652772429228,7.476415021338765e-05,9.834468221639006e-05
17.0156910005239,0.0001455818964633897,0.00019149826893354765
15.5750545068541,0.0001144955921860155,0.00015060737795552192
14.535521249761,0.0001349967549612787,0.0001775745852660481
13.9868118439351,0.0001524615715544504,0.00020054778609720591
13.9868118439351,0.0002465372703040671,0.0003242948583425241
14.535521249761,0.0001554838857571699,0.00020452333492610589
15.5750545068541,0.0001330275689170723,0.00017498432007625195
17.0156910005239,9.523542091947418e-05,0.00012527256953149627
18.7652772429228,9.909441815168256e-05,0.00013034869031120524
20.5563312875743,7.541245583647177e-05,9.919746273083896e-05
18.3435317635167,6.627123505223232e-05,8.717311081177026e-05
16.3112854048476,9.138261931505074e-05,0.00012020459847386532
14.535521249761,0.0001827257676649341,0.000240357276882899
13.1207925404956,0.0001480929457832427,0.00019480130048925713
12.1934198740061,0.0003240341186407711,0.0004262341287106397
11.8682034024322,0.0004695558079150602,0.0006176532011728526
12.1934198740061,0.0002247295237204506,0.00029560897210560277
13.1207925404956,0.0001885699687739273,0.0002480447326920295
14.535521249761,0.0002230612345424227,0.00029341450632768755
16.3112854048476,8.255530990045688e-05,0.00010859316523044256
18.3435317635167,8.86574360759613e-05,0.00011661989539271275
20.5563312875743,7.541245583950837e-05,9.919746273483329e-05
18.3435317635167,8.921919786782485e-05,0.00011735883624530655
16.069623372565,0.000160970309464326,0.00021174017072835534
13.9868118439351,0.000228649831544202,0.00030076574077102426
12.1934198740061,0.0002884534843051395,0.0003794314008416257
10.8341378676194,0.0003211999440897554,0.00042250605857582383
10.086033456715,0.000512709676300756,0.0006744177529090299
10.086033456715,0.0006068262450999698,0.0007982185855733232
10.8341378676194,0.0006149576757812529,0.0008089146606846296
12.1934198740061,0.000198665249260847,0.00026132405371069687
13.9868118439351,0.0001869987688756822,0.0002459779780475867
16.069623372565,0.0001549370113950988,0.00020380397698253704
18.3435317635167,7.09848041466948e-05,9.337333449353294e-05
18.7652772429228,9.218743318924392e-05,0.00012126324977231472
16.3112854048476,0.0001033922737993385,0.00013600208497528256
13.9868118439351,0.0002433665084897061,0.00032012404168604906
11.8682034024322,0.0006550915108994303,0.0008617066639316002
10.086033456715,0.001018027196979065,0.0013391118723184647
8.84603652621087,0.000987914064098703,0.0012995010899420627
8.39208710636104,0.001575136158491676,0.0020719323969079365
8.84603652621087,0.001224909350435462,0.0016112444329085616
10.086033456715,0.001772558210862954,0.002331621150776555
11.8682034024322,0.0005791403266436592,0.0007618005584214918
13.9868118439351,0.000199393267693728,0.0002622816883688185
16.3112854048476,0.0001088258612451849,0.0001431494200166303
18.7652772429228,9.218743319194059e-05,0.00012126324977586192
17.0156910005239,0.0001130640785682965,0.00014872436649319406
14.535521249761,0.0002277962520490609,0.0002996429432275962
12.1934198740061,0.0002760528270293055,0.0003631195896916892
10.086033456715,0.002665897082667047,0.0035067181352051984
8.39208710636104,0.01047629628547422,0.013780508787421772
7.40112515474099,0.001881434203124332,0.002474836513077591
7.40112515474099,0.007084247818055747,0.009318611907182393
8.39208710636104,0.01060293773670638,0.01394709281521186
10.086033456715,0.000915517822048248,0.0012042711515586001
12.1934198740061,0.0002254009224731902,0.0002964921292977892
14.535521249761,0.0001488419027319077,0.0001957864776483634
17.0156910005239,0.0001136281915175626,0.0001494664000556887
18.1289801515926,0.0001406308473363513,0.00018498566427414045
15.5750545068541,0.0001347169287480407,0.00017720650216822428
13.1207925404956,0.0001995103560031124,0.0002624357062041687
10.8341378676194,0.0006832558834709631,0.0008987540491083988
8.84603652621087,0.001342533256289871,0.0017659667912753268
7.40112515474099,0.00586220964654135,0.0077111442199169315
6.85211042919144,0.005107174997687122,0.006717972460564326
7.40112515474099,0.001576692286580025,0.002073979326109966
8.84603652621087,0.001054380404636668,0.0013869308422984543
10.8341378676194,0.0002478244586983786,0.00032598802456229505
13.1207925404956,0.0001835922521958001,0.00024149704969634263
15.5750545068541,0.0001343037597728284,0.00017666302014571815
18.1289801515926,0.0001406308473308134,0.0001849856642668559
17.0156910005239,7.254076855044263e-05,9.542004838501505e-05
14.535521249761,0.0001064374580962577,0.00014000771710132303
12.1934198740061,0.0002665534942223767,0.00035062417760583294
10.086033456715,0.0007352228553077502,0.0009671113475789936
8.39208710636104,0.001006188831873488,0.0013235396996802862
7.40112515474099,0.0026624918908162,0.003502238949532632
7.40112515474099,0.003800434592556288,0.004999087546937676
8.39208710636104,0.00106823417342011,0.0014051540747516866
10.086033456715,0.0004990722224193265,0.000656479060843622
12.1934198740061,0.000309267821353677,0.00040681055725202937
14.535521249761,0.0001319826414969704,0.00017360982367957233
17.0156910005239,7.066470013166748e-05,9.29522700188589e-05
18.7652772429228,0.0001239067916003828,0.00016298685947225687
16.3112854048476,0.0001194255622075524,0.00015709225518238245
13.9868118439351,0.0001477003072180152,0.00019428482414580927
11.8682034024322,0.0003676820055697222,0.0004836485119035617
10.086033456715,0.0004632885864846279,0.0006094093048910589
8.84603652621087,0.00108952964581714,0.0014331661160783974
8.39208710636104,0.01160595508867316,0.015266460753657776
8.84603652621087,0.0009316408993058005,0.0012254794299208728
10.086033456715,0.0006407935891393979,0.0008428991931340065
11.8682034024322,0.0003650811737549301,0.00048022738055124943
13.9868118439351,0.000124470522401377,0.00016372839035732855
16.3112854048476,0.0001101294945392849,0.00014486421783977218
18.7652772429228,0.0001239067915994345,0.0001629868594710095
18.3435317635167,7.242939906235611e-05,9.527355308100624e-05
16.069623372565,0.0001208044372038572,0.000158906025859113
13.9868118439351,0.0001902132758830874,0.00025020633708361324
12.1934198740061,0.0003502062983852668,0.00046066098560042446
10.8341378676194,0.0003866855501009203,0.0005086457537978598
10.086033456715,0.001955711644629476,0.002572540979186293
10.086033456715,0.001414989112850043,0.001861275146520305
10.8341378676194,0.0005633101822673714,0.0007409776036539697
12.1934198740061,0.0003293655681721085,0.0004332471116498641
13.9868118439351,0.0002395003436464808,0.0003150384926385714
16.069623372565,0.0001141600667313975,0.00015016602813591268
18.3435317635167,6.609053564020485e-05,8.693541900089821e-05
20.5563312875743,6.035791531531774e-05,7.939473643433183e-05
18.3435317635167,6.778805682032608e-05,8.916833652270694e-05
16.3112854048476,0.0001078125759394284,0.00014181654562289022
14.535521249761,0.0001126212758361206,0.00014814190425887323
13.1207925404956,0.0001949263381091203,0.0002564058940311926
12.1934198740061,0.0002297939448120177,0.00030227070612436204
11.8682034024322,0.0006604623220689844,0.0008687714231271037
12.1934198740061,0.0002773914307701043,0.00036488038760254353
13.1207925404956,0.000200437137541103,0.00026365479363547856
14.535521249761,0.0001405934482870781,0.00018493646960523203
16.3112854048476,0.0001217164153436718,0.00016010564091649513
18.3435317635167,7.22694935019116e-05,9.506321347998537e-05
20.5563312875743,6.035791531328676e-05,7.939473643166027e-05
18.7652772429228,0.0001170040046177249,0.00015390694095142324
17.0156910005239,7.53668337620215e-05,9.913745150351865e-05
15.5750545068541,0.0001228255259609941,0.00016156456382128399
14.535521249761,0.0001767601300548392,0.00023251008363174273
13.9868118439351,0.0001897550453102895,0.00024960358108444753
13.9868118439351,0.0002125981869607007,0.00027965142487083227
14.535521249761,0.0002229342566385123,0.0002932474797304089
15.5750545068541,0.0001363897892983122,0.00017940698112423772
17.0156910005239,7.325325393026855e-05,9.635725088197137e-05
18.7652772429228,0.0001144978782297924,0.0001506103850150301
18.1289801515926,0.0001265731652510075,0.00016649420448443743
17.0156910005239,0.0001109793288110462,0.00014598208892042277
16.3112854048476,8.507355257008981e-05,0.00011190565891066174
16.069623372565,0.0001768925294348532,0.00023268424163281625
16.3112854048476,8.929562315957312e-05,0.00011745936599129879
17.0156910005239,0.0001008531811224495,0.00013266216521810062
18.1289801515926,0.0001407135117938837,0.00018509440101204772
18.7652772429228,9.909441814936356e-05,0.00013034869030815484
18.3435317635167,7.43313992583232e-05,9.777544207879492e-05
18.3435317635167,0.0001055115589248909,0.00013878979033411445
18.7652772429228,7.476415021484603e-05,9.834468221830842e-05
20.5563312875743,7.541245583690711e-05,9.91974627314116e-05
19.1777501925634,3.353379810465491e-05,4.411032170764026e-05
19.1777501925634,3.191925913900069e-05,4.1986558900866445e-05
17.6920730524217,0.0001184703083140811,0.00015583571524551063
17.0156910005239,7.207581538025483e-05,9.480844948852369e-05
16.7841742127221,4.330611120256983e-05,5.6964811772604823e-05
17.0156910005239,5.990721129876988e-05,7.88018808591057e-05
17.6920730524217,0.0001215767598795516,0.00015992193827024713
17.4695223938699,0.0001211852782408959,0.0001594069837467588
16.069623372565,0.0002243038065593758,0.0002950489842130036
15.0642573811942,0.0001674164012286732,0.00022021935285365289
14.535521249761,0.0001167826439083821,0.00015361576331410136
14.535521249761,0.0001550849032522609,0.00020399851377127183
15.0642573811942,0.0001290211285324301,0.00016971425273352175
16.069623372565,0.0002458827812527588,0.00032343394415328613
17.4695223938699,0.0001259389183926527,0.00016565991685388694
18.5556027598526,6.851062788864493e-05,9.011880572338342e-05
16.5494189559845,0.0001494694397846128,0.0001966119392078294
14.802250309482,0.0001533517961754342,0.00020171878659947851
13.4156786303575,0.0001822064322579494,0.0002396741436510244
12.5101848286152,0.0002640700467079015,0.00034735745343502283
12.1934198740061,0.0003343054564862539,0.00043974503538807974
12.5101848286152,0.0002418671290212737,0.0003181517595571958
13.4156786303575,0.0002020277954455816,0.00026574714332024666
14.802250309482,9.958396122746856e-05,0.00013099263474288807
16.5494189559845,0.0001572117749895278,0.0002067961985509362
18.5556027598526,7.89498286231618e-05,0.00010385051906325272
18.3435317635167,9.132061626739614e-05,0.00012012303973213367
16.069623372565,0.0001660247110641704,0.0002183887251185543
13.9868118439351,0.0002093260198228783,0.0002753472197617045
12.1934198740061,0.0003047211983391159,0.00040082993426295574
10.8341378676194,0.0003169533627575119,0.00041692011009070666
10.086033456715,0.0004830887047199966,0.0006354543589730834
10.086033456715,0.0006936678058972641,0.0009124498805911851
10.8341378676194,0.0006466495562797564,0.0008506021259680515
12.1934198740061,0.0002098395899985229,0.00027602276941451843
13.9868118439351,0.0002360890382499743,0.0003105512652146661
16.069623372565,0.0001515313973531904,0.00019932423596030597
18.3435317635167,6.702926690305837e-05,8.817022508735043e-05
18.5556027598526,6.427350704375202e-05,8.454530155308097e-05
16.069623372565,0.0001539373443724603,0.00020248901606366093
13.7042208583829,0.0001657278246403339,0.00021799820103818651
11.5338205196369,0.0003042691611891978,0.00040023532508553833
9.69034749984067,0.0005953887836303994,0.0007831737611437439
8.39208710636104,0.001057922300985514,0.0013915898489196288
7.91213560162144,0.001571298373233797,0.0020668841783362864
8.39208710636104,0.001230180925866469,0.0016181786575210587
9.69034749984067,0.0008136688470877816,0.0010702991202044796
11.5338205196369,0.0003838406721833779,0.0005049036044663072
13.7042208583829,0.0001626390769941727,0.000213935265729735
16.069623372565,0.0001575343950590916,0.00020722057264102248
18.5556027598526,6.427350704900616e-05,8.454530155999225e-05
16.5494189559845,0.000112211236065607,0.00014760253838883863
13.9868118439351,0.0001980330162093819,0.000260492415039548
11.5338205196369,0.0003850147418530864,0.0005064479744382501
9.27780137992631,0.001312284475895418,0.0017261775783058045
7.40112515474099,0.001349976145732862,0.0017757571599875176
6.2550924143076,0.002621155425873415,0.0034478650083168976
6.2550924143076,0.003043115046165092,0.004002910235839631
7.40112515474099,0.004900363389090971,0.006445932694606992
9.27780137992631,0.00125232155086514,0.0016473024116646143
11.5338205196369,0.0003100938445430969,0.00040789710726075697
13.9868118439351,0.0002381612054901403,0.00031327699175809234
16.5494189559845,0.0001610206605272252,0.00021180640246195958
17.4695223938699,0.0001169134377306038,0.0001537878093661938
14.802250309482,0.0001282911786167048,0.0001687540774049586
12.1934198740061,0.0002500646117540952,0.00032893471946555735
9.69034749984067,0.001064646283907098,0.0014004345687721816
7.40112515474099,0.006867962389386248,0.009034110288561322
5.59472473757402,0.02687866099540996,0.03535616156207358
4.84517374992033,0.01747769030080387,0.02299013489223416
5.59472473757402,0.02773361825049867,0.036480771409444515
7.40112515474099,0.002344844360697978,0.0030844057324474748
9.69034749984067,0.001046175616948992,0.0013761382734603887
12.1934198740061,0.0004302459897724525,0.000565945108963084
14.802250309482,0.0001111215521419795,0.00014616916933589557
17.4695223938699,0.0001169134377244731,0.00015378780935812952
16.069623372565,0.0002525653901154388,0.0003322242406135677
13.4156786303575,0.0001815974334580878,0.00023887306728927066
10.8341378676194,0.0003947354713982157,0.0005192346115537488
8.39208710636104,0.001367049437622661,0.0017982153496479047
6.2550924143076,0.002183899788374182,0.0028726994163258976
4.84517374992033,0.01853502157545515,0.02438094730575386
4.84517374992033,0.008557148827816557,0.011256064300176876
6.2550924143076,0.001966293621893781,0.00258646050061881
8.39208710636104,0.00129242630667838,0.0017000561640253648
10.8341378676194,0.0004909482132428695,0.0006457927479717259
13.4156786303575,0.000195400676720364,0.0002570298385266839
16.069623372565,0.000214378175137859,0.0002819928193912266
17.6920730524217,0.0001002695793557848,0.00013189449608630747
15.0642573811942,0.0001478729244049531,0.00019451188460655207
12.5101848286152,0.0002653544399351727,0.00034904694289509636
10.086033456715,0.0003918248244493147,0.0005154059497095789
7.91213560162144,0.001331144739363379,0.0017509863484447027
6.2550924143076,0.00350639124737207,0.004612303249149884
5.59472473757402,0.03089187859984512,0.04063514365237927
6.2550924143076,0.003070552599575146,0.004039001563878612
7.91213560162144,0.00123235443640804,0.001621037690933392
10.086033456715,0.0004254382408695177,0.0005596210012632594
12.5101848286152,0.0002605354398762567,0.00034270803543687983
15.0642573811942,0.0001079881986982491,0.00014204755960963241
17.6920730524217,0.0001002695793533992,0.00013189449608316947
17.0156910005239,7.425066534705333e-05,9.766924477935048e-05
14.535521249761,0.0001518912628798568,0.00019979760268432585
12.1934198740061,0.0003064449150499022,0.0004030973093574299
10.086033456715,0.000553131309790098,0.0007275883258217265
8.39208710636104,0.001172445692314247,0.0015422337938373728
7.40112515474099,0.00385789248244446,0.005074667593066052
7.40112515474099,0.00388495986011336,0.005110271992336042
8.39208710636104,0.001003754112422977,0.001320337072352039
10.086033456715,0.0007639483202222583,0.0010048967930160434
12.1934198740061,0.0002696529398683571,0.00035470118505166
14.535521249761,0.000128728066081804,0.00016932875870337332
17.0156910005239,7.958306887598304e-05,0.00010468348260597457
19.1777501925634,3.770169940752589e-05,4.959277456733621e-05
16.7841742127221,5.43565682282006e-05,7.150057097577614e-05
14.535521249761,0.0001034211778703508,0.00013604010535898722
12.5101848286152,0.0002640251033266334,0.00034729833495997936
10.8341378676194,0.0003911576682549105,0.0005145283731740319
9.69034749984067,0.0008125526572424612,0.0010688308852908493
9.27780137992631,0.001476081355945721,0.001941635816921599
9.69034749984067,0.0009522573756691578,0.001252598320600286
10.8341378676194,0.0004389197265178195,0.0005773545328837346
12.5101848286152,0.0002626858257409127,0.00034553665067424454
14.535521249761,0.0001484857200647485,0.0001953179553537505
16.7841742127221,6.195756821525614e-05,8.149891812638561e-05
19.1777501925634,3.770169940558084e-05,4.9592774564777696e-05
19.1777501925634,3.191925914174478e-05,4.1986558904476025e-05
17.0156910005239,8.219912944243064e-05,0.0001081246458417208
15.0642573811942,0.0001833975566576906,0.00024124094739638098
13.4156786303575,0.0001661222821066568,0.0002185170699621653
12.1934198740061,0.0004169674116466621,0.0005484784816779586
11.5338205196369,0.0003562328360850946,0.00046858828676365675
11.5338205196369,0.0004055472691332148,0.0005334564385845062
12.1934198740061,0.0002352430278873861,0.0003094384241000003
13.4156786303575,0.0001694501373549024,0.00022289452715143
15.0642573811942,0.0001191582955832773,0.0001567406929542776
17.0156910005239,7.363887559472791e-05,9.686449720174858e-05
19.1777501925634,3.353379810721844e-05,4.411032171101233e-05
17.6920730524217,0.0001215767598797476,0.00015992193827050495
16.069623372565,0.000189895954649355,0.0002497889330764406
14.802250309482,0.0001223386770292239,0.00016092416326372167
13.9868118439351,0.0002039675095116785,0.0002682986411019576
13.7042208583829,0.0001962734875472194,0.0002581779329430202
13.9868118439351,0.0001959598882354507,0.0002577654247479675
14.802250309482,0.00011549044442702,0.00015191600551585138
16.069623372565,0.0002533891288104754,0.0003333077856008577
17.6920730524217,0.0001184703083227814,0.00015583571525695498
17.4695223938699,0.0001259389183927979,0.00016565991685407795
16.5494189559845,0.0001280353563213308,0.0001684175690346953
16.069623372565,0.000173724121655189,0.00022851652147103186
16.069623372565,0.0001828662018293764,0.00024054200383070735
16.5494189559845,0.0001448632807002127,0.00019055300253697092
17.4695223938699,0.0001211852782642884,0.00015940698377752926
18.5556027598526,7.894982862391566e-05,0.00010385051906424435
18.3435317635167,9.807831186919914e-05,0.0001290121052077339
18.5556027598526,6.85106278875269e-05,9.011880572191277e-05
18.1289801515926,0.0001421777765594567,0.00018702049329879117
17.9118587844627,5.265889082332765e-05,6.92674479560982e-05
18.1289801515926,0.0001236832796769794,0.0001626928521302896
17.0156910005239,0.0003754544326372197,0.0004938723540501182
16.069623372565,0.0002375042051952066,0.0003124127742817094
15.5750545068541,0.0001504637321064325,0.0001979198302510696
15.5750545068541,0.000166147445294878,0.00021855016959269812
16.069623372565,0.0001902522788122263,0.0002502576414943599
17.0156910005239,0.000356020177165361,0.00046830855545096226
17.2440997575291,0.0003051515047450329,0.00040139595884324994
15.5750545068541,0.0004875602101612772,0.0006413361723876208
14.2638053050351,0.0003295282706673441,0.00043346113033587995
13.4156786303575,0.0001600882282710246,0.0002105798820820364
13.1207925404956,0.0002043640726728495,0.00026882027985465894
13.4156786303575,0.0001893642340955908,0.00024908950843590614
14.2638053050351,0.0003900689798616702,0.000513096313640682
15.5750545068541,0.0003649369286400341,0.0004800376406833418
17.2440997575291,0.000278482685642265,0.00036631582307948573
18.7652772429228,0.0001097261590728436,0.0001443336708040531
16.5494189559845,0.0001764792351893591,0.0002321405948299171
14.535521249761,0.0002726817879790555,0.0003586853285760387
12.8191248011875,0.0006254668168180348,0.0008227383734223486
11.5338205196369,0.0005698303232275692,0.0007495541900112891
10.8341378676194,0.0003526189184707482,0.00046383454344784666
10.8341378676194,0.0005585705188342851,0.000734743055507443
11.5338205196369,0.0005016372530391122,0.0006598530993427978
12.8191248011875,0.0008327058874783082,0.0010953404225158604
14.535521249761,0.0002321365854593346,0.0003053522130946148
16.5494189559845,0.0001301411552673166,0.0001711875346875317
18.7652772429228,0.0001080038053667312,0.00014206808860445078
18.7652772429228,0.0001046365175764903,0.00013763876189215338
16.3112854048476,0.0001265494546159042,0.00016646301554070264
13.9868118439351,0.0002442986962295679,0.00032135024042944505
11.8682034024322,0.0006008402991003719,0.00079034467868861
10.086033456715,0.001365739957820729,0.0017964928613346928
8.84603652621087,0.001015680296799989,0.0013360247623647493
8.39208710636104,0.001589880728166494,0.002091327387888891
8.84603652621087,0.001424615671275699,0.0018739379110472416
10.086033456715,0.002033025905862139,0.002674240074675507
11.8682034024322,0.000597241415493922,0.0007856107110905043
13.9868118439351,0.0002097945741824086,0.00027596355565875664
16.3112854048476,0.000101053933074217,0.00013292623411802855
18.7652772429228,0.0001046365175805528,0.0001376387618974972
16.5494189559845,0.0001512625108419161,0.00019897054293459686
13.9868118439351,0.000219150920905371,0.00028827088400462653
11.5338205196369,0.0003542089155927128,0.00046592602394001156
9.27780137992631,0.001250227284056292,0.001644547615372479
7.40112515474099,0.00226216675027504,0.00297565169324222
6.2550924143076,0.002772546181333465,0.0036470042440832906
6.2550924143076,0.002874551884787596,0.0037811824359282303
7.40112515474099,0.00549654351458073,0.007230147385975464
9.27780137992631,0.001308636127411671,0.0017213785446616755
11.5338205196369,0.0003585913218603409,0.0004716906363980266
13.9868118439351,0.0002007346003202831,0.00026404607585304106
16.5494189559845,0.0001491777971142131,0.00019622831275505306
17.2440997575291,0.0003133795611846981,0.00041221913537248044
14.535521249761,0.0002757428009849062,0.0003627117817686642
11.8682034024322,0.0004312772832924889,0.0005673016713423838
9.27780137992631,0.001289071780083637,0.0016956436233758043
6.85211042919144,0.00443362098275344,0.00583198023882213
4.84517374992033,0.006340217035552924,0.008339914621710541
3.95606780081072,0.01674048952990692,0.022020421796631343
4.84517374992033,0.02044422376468055,0.026892309797674308
6.85211042919144,0.004559112198126648,0.005997051247609129
9.27780137992631,0.001122065947039914,0.0014759643314679635
11.8682034024322,0.0004509463791005652,0.0005931743786654534
14.535521249761,0.0002916642647104596,0.00038365485790930564
17.2440997575291,0.0003133795611031686,0.0004122191352652366
15.5750545068541,0.000426753367272722,0.0005613509171096694
12.8191248011875,0.0006595150705740276,0.0008675254095365707
10.086033456715,0.001069768396907558,0.0014071721906654148
7.40112515474099,0.003162790923049438,0.004160331754676761
4.84517374992033,0.02227736928255519,0.029303627426474153
2.79736236878701,0.146890042637932,0.1932190029947356
2.79736236878701,0.147430389638885,0.1939297748545592
4.84517374992033,0.01037420817964596,0.01364622220358315
7.40112515474099,0.004452193876306259,0.00585641100288589
10.086033456715,0.00209740088406359,0.002758918851279525
12.8191248011875,0.000916585505477007,0.001205675581184421
15.5750545068541,0.000460285167951587,0.0006054586114055889
17.0156910005239,0.0003849322534920742,0.0005063394693375148
14.2638053050351,0.0003482929912043859,0.0004581442234069264
11.5338205196369,0.000542819627621845,0.00071402435026581
8.84603652621087,0.001080003116789438,0.0014206349301131914
6.2550924143076,0.003214479640995391,0.00422832303828072
3.95606780081072,0.01639076302713643,0.021560391933662947
2.79736236878701,0.146447909079786,0.19263742099120892
3.95606780081072,0.01846065691418522,0.02428312811086102
6.2550924143076,0.002917464312379991,0.0038376293967063956
8.84603652621087,0.001161087907547029,0.0015272937760557731
11.5338205196369,0.0006339618620237269,0.000833912746685245
14.2638053050351,0.0003499698057686032,0.00046034990346860167
17.0156910005239,0.0003849322534891912,0.0005063394693337225
16.069623372565,0.0002344607477338702,0.0003084094136333243
13.4156786303575,0.0002075773793941001,0.00027304706003557775
10.8341378676194,0.0004972594653372566,0.0006540945621411978
8.39208710636104,0.001453345543671767,0.0019117291540807619
6.2550924143076,0.002004833191556657,0.0026371554088125675
4.84517374992033,0.007784837713832775,0.010240167097304359
4.84517374992033,0.01560949995090982,0.020532719329351752
6.2550924143076,0.002481979070374096,0.0032647925810298825
8.39208710636104,0.001297599177710598,0.0017068605529785982
10.8341378676194,0.0003764822914041602,0.0004952243983589157
13.4156786303575,0.0001677162843003448,0.0002206138187213374
16.069623372565,0.000253408940929924,0.00033333384644132263
18.1289801515926,0.0001447876980165563,0.0001904535811567501
15.5750545068541,0.0001459737972459484,0.00019201377479847204
13.1207925404956,0.000195573773319726,0.00025725752960601014
10.8341378676194,0.0002345552589932722,0.00030853373364158004
8.84603652621087,0.0009721791579856231,0.0012788034114828153
7.40112515474099,0.001255110572368379,0.0016509710875292885
6.85211042919144,0.005145612970095501,0.0067685337278395544
7.40112515474099,0.004637174601473486,0.0060997344484250435
8.84603652621087,0.001060893358643876,0.0013954979749455946
10.8341378676194,0.000702948843021678,0.0009246581467726892
13.1207925404956,0.000217222203595782,0.0002857338513445159
15.5750545068541,0.0001403765047225966,0.00018465110227547664
18.1289801515926,0.0001447876980228903,0.00019045358116508184
17.9118587844627,6.077084851664233e-05,7.993790832012143e-05
15.5750545068541,0.0001420449909395009,0.0001868458272381165
13.4156786303575,0.0001765918217036742,0.0002322886910089089
11.5338205196369,0.0007107697609580441,0.0009349457737556368
10.086033456715,0.0007387116373533658,0.0009717004877032248
9.27780137992631,0.001306261039936347,0.001718254357169004
9.27780137992631,0.00121727399393969,0.0016012008932435966
10.086033456715,0.001905563911453094,0.002506576705279245
11.5338205196369,0.0004444679719872639,0.0005846526889651413
13.4156786303575,0.0002063844022811655,0.0002714778192332932
15.5750545068541,0.0001593042586964749,0.00020954864935276228
17.9118587844627,6.610225507169765e-05,8.695083472839094e-05
18.1289801515926,0.000123683279680662,0.00016269285213513368
16.069623372565,0.000194999603484483,0.00025650226722659364
14.2638053050351,0.0004006436499035095,0.0005270062231606815
12.8191248011875,0.0004780808581860376,0.000628867043066128
11.8682034024322,0.0005007558690916012,0.0006586937278528364
11.5338205196369,0.0003996323548950529,0.000525675966801854
11.8682034024322,0.0004817780052682071,0.0006337302663337698
12.8191248011875,0.0007903799695573836,0.0010396649559243204
14.2638053050351,0.0003790545201328473,0.0004986079052427445
16.069623372565,0.0001969888904355721,0.0002591189731275328
18.1289801515926,0.0001421777765498642,0.00018702049328617323
17.0156910005239,0.0003560201771645995,0.0004683085554499605
15.5750545068541,0.0003846114729831766,0.0005059175150035364
14.535521249761,0.0002648976883164215,0.0003484461323104819
13.9868118439351,0.0002232007131718452,0.00029359797636576573
13.9868118439351,0.0002117243659187885,0.0002785020016187044
14.535521249761,0.0002711208588328432,0.000356632084067696
15.5750545068541,0.0004264938345518391,0.0005610095280497104
17.0156910005239,0.0003754544326378808,0.0004938723540509878
17.2440997575291,0.0002784826856394024,0.00036631582307572024
16.5494189559845,0.0001620545708391949,0.0002131664069665343
16.3112854048476,0.0001166460183964999,0.0001534360462637456
16.5494189559845,0.0001164196980351919,0.0001531383447056003
17.2440997575291,0.0003051515048419384,0.0004013959589707194
18.7652772429228,0.0001080038053710251,0.00014206808861009896
18.7652772429228,0.0001097261590660544,0.0001443336707951226
19.3806949996813,9.31235312763929e-05,0.0001224945921822971
17.4695223938699,0.0001109830879355706,0.0001459870336687508
17.0156910005239,0.0001087842220461441,0.00014309464785930992
17.0156910005239,0.0001361917117220079,0.00017914643009489759
17.4695223938699,0.0001315162749834826,0.00017299636567283492
16.7841742127221,0.001084917128675131,0.0014270988160254463
15.5750545068541,0.0003961856952215719,0.0005211422344003074
14.802250309482,0.0001245850364189119,0.00016387902197196805
14.535521249761,0.0002125536221947827,0.0002795928044260102
14.802250309482,0.0001480351308894271,0.0001947252508405493
15.5750545068541,0.0005830508318572832,0.0007669444327441686
16.7841742127221,0.001074667545884803,0.0014136165259239946
17.4695223938699,0.0001109830879349081,0.00014598703366787934
15.5750545068541,0.0004913852484051532,0.0006463676235508572
13.9868118439351,0.002111825939197007,0.002777893553178776
12.8191248011875,0.0005143626330258266,0.0006765920503949311
12.1934198740061,0.0002663623360191341,0.000350372728312324
12.1934198740061,0.000325348598594725,0.00042796319421840574
12.8191248011875,0.001419591684568917,0.0018673293643744356
13.9868118439351,0.002129241847317263,0.002800802419857631
15.5750545068541,0.0003613482258607481,0.00047531706493426093
17.4695223938699,0.0001315162749810957,0.00017299636566969518
19.3806949996813,9.312353121684042e-05,0.00012249459210396185
17.0156910005239,0.0001201626576712129,0.0001580618297569605
14.802250309482,0.0001170675194095041,0.0001539904882397391
12.8191248011875,0.001134055908918585,0.001491735914337281
11.189449475148,0.004628566780130219,0.006088411729552925
10.086033456715,0.0007882478688907376,0.0010368603930166142
9.69034749984067,0.0009383277235468403,0.0012342752712852833
10.086033456715,0.003221500006262761,0.004237557619149918
11.189449475148,0.004632537483270019,0.006093634788162496
12.8191248011875,0.0005409140721849772,0.000711517784707991
14.802250309482,0.0001385765025129448,0.00018228338131841685
17.0156910005239,0.000132513707109829,0.00017430838681154894
19.3806949996813,9.31235312478853e-05,0.00012249459214479824
17.0156910005239,0.0001116591752843671,0.00014687635823511239
14.535521249761,0.0002081694753370313,0.00027382590239763215
12.1934198740061,0.0003063881516888992,0.0004030226428938448
10.086033456715,0.002576013293548795,0.0033884850963488743
8.39208710636104,0.01030139026719474,0.013550437600411218
7.40112515474099,0.002225184502174599,0.002927005284145012
7.40112515474099,0.007494894839362868,0.0098587765542531
8.39208710636104,0.01030202987142228,0.013551278935119392
10.086033456715,0.0009462563973404145,0.0012447046402060962
12.1934198740061,0.0002649064638072194,0.00034845767558157304
14.535521249761,0.0002022061668314537,0.00026598177284803534
17.0156910005239,0.0001585026261957958,0.0002084941828295877
17.4695223938699,0.0001044502699739914,0.00013739377199754426
14.802250309482,0.0001151602237563521,0.00015148163360330466
12.1934198740061,0.0002395983770537607,0.000315167445676331
9.69034749984067,0.001037105087595282,0.0013642069089724752
7.40112515474099,0.006420876240517196,0.00844601365256153
5.59472473757402,0.0261995248860757,0.03446282665940262
4.84517374992033,0.01996673490352296,0.026264221466858233
5.59472473757402,0.02675965910712974,0.03519962660711634
7.40112515474099,0.002067670411480137,0.002719811419843232
9.69034749984067,0.0009652687794195327,0.0012697135070013567
12.1934198740061,0.0004054988841511282,0.0005333927930314734
14.802250309482,0.0001713792290689285,0.00022543205230273166
17.4695223938699,0.0001044502699723678,0.0001373937719954086
15.5750545068541,0.0004098205083673437,0.0005390774528448911
12.8191248011875,0.0006184012384534359,0.0008134443192940232
10.086033456715,0.001007598777058483,0.0013253943400495692
7.40112515474099,0.002997736485183289,0.003943219325872017
4.84517374992033,0.0192523657583123,0.025324541066955062
2.79736236878701,0.146293130950777,0.192433826007945
2.79736236878701,0.145831110172468,0.19182608437655504
4.84517374992033,0.0120913825454366,0.01590499150453579
7.40112515474099,0.005052955198835547,0.0066466517958784326
10.086033456715,0.00235223464816017,0.003094126908571094
12.8191248011875,0.001039315730107245,0.0013671147857384457
15.5750545068541,0.0004691035865880381,0.000617058349729072
16.7841742127221,0.001123190187803575,0.0014774431565508595
13.9868118439351,0.001958703458491225,0.0025764764078997147
11.189449475148,0.004330643601689665,0.005696523903301852
8.39208710636104,0.00972704433443168,0.012794943582507632
5.59472473757402,0.02449089052120654,0.032215290866412734
2.79736236878701,0.150857775590527,0.19843815462327347
0.0,0.760225652556204,1.0
2.79736236878701,0.150857775590527,0.19843815462327347
5.59472473757402,0.02449089052120654,0.032215290866412734
8.39208710636104,0.00972704433443168,0.012794943582507632
11.189449475148,0.004330643601689665,0.005696523903301852
13.9868118439351,0.001958703458491225,0.0025764764078997147
16.7841742127221,0.001123190187803575,0.0014774431565508595
15.5750545068541,0.0004691035865880394,0.0006170583497290737
12.8191248011875,0.001039315730107245,0.0013671147857384457
10.086033456715,0.00235223464816017,0.003094126908571094
7.40112515474099,0.005052955198835547,0.0066466517958784326
4.84517374992033,0.0120913825454366,0.01590499150453579
2.79736236878701,0.145831110172468,0.19182608437655504
2.79736236878701,0.146293130950777,0.192433826007945
4.84517374992033,0.0192523657583123,0.025324541066955062
7.40112515474099,0.002997736485183289,0.003943219325872017
10.086033456715,0.001007598777058483,0.0013253943400495692
12.8191248011875,0.0006184012384534359,0.0008134443192940232
15.5750545068541,0.0004098205083673445,0.0005390774528448922
17.4695223938699,0.0001044502699723678,0.0001373937719954086
14.802250309482,0.0001713792290689285,0.00022543205230273166
12.1934198740061,0.0004054988841511282,0.0005333927930314734
9.69034749984067,0.0009652687794195327,0.0012697135070013567
7.40112515474099,0.002067670411480137,0.002719811419843232
5.59472473757402,0.02675965910712974,0.03519962660711634
4.84517374992033,0.01996673490352296,0.026264221466858233
5.59472473757402,0.0261995248860757,0.03446282665940262
7.40112515474099,0.006420876240517196,0.00844601365256153
9.69034749984067,0.001037105087595282,0.0013642069089724752
12.1934198740061,0.0002395983770537607,0.000315167445676331
14.802250309482,0.0001151602237563523,0.00015148163360330494
17.4695223938699,0.0001044502699739914,0.00013739377199754426
17.0156910005239,0.0001585026261957958,0.0002084941828295877
14.535521249761,0.0002022061668314535,0.0002659817728480351
12.1934198740061,0.000264906463807221,0.00034845767558157515
10.086033456715,0.000946256397340414,0.0012447046402060953
8.39208710636104,0.01030202987142228,0.013551278935119392
7.40112515474099,0.007494894839362868,0.0098587765542531
7.40112515474099,0.002225184502174599,0.002927005284145012
8.39208710636104,0.01030139026719474,0.013550437600411218
10.086033456715,0.002576013293548795,0.0033884850963488743
12.1934198740061,0.0003063881516888992,0.0004030226428938448
14.535521249761,0.0002081694753370317,0.00027382590239763264
17.0156910005239,0.0001116591752843671,0.00014687635823511239
19.3806949996813,9.31235312478853e-05,0.00012249459214479824
17.0156910005239,0.000132513707109829,0.00017430838681154894
14.802250309482,0.0001385765025129448,0.00018228338131841685
12.8191248011875,0.0005409140721849764,0.00071151778470799
11.189449475148,0.004632537483270019,0.006093634788162496
10.086033456715,0.003221500006262761,0.004237557619149918
9.69034749984067,0.0009383277235468403,0.0012342752712852833
10.086033456715,0.0007882478688907376,0.0010368603930166142
11.189449475148,0.004628566780130219,0.006088411729552925
12.8191248011875,0.001134055908918585,0.001491735914337281
14.802250309482,0.0001170675194095041,0.0001539904882397391
17.0156910005239,0.0001201626576712129,0.0001580618297569605
19.3806949996813,9.312353121684042e-05,0.00012249459210396185
17.4695223938699,0.0001315162749810957,0.00017299636566969518
15.5750545068541,0.0003613482258607482,0.00047531706493426104
13.9868118439351,0.002129241847317263,0.002800802419857631
12.8191248011875,0.001419591684568917,0.0018673293643744356
12.1934198740061,0.000325348598594725,0.00042796319421840574
12.1934198740061,0.0002663623360191341,0.000350372728312324
12.8191248011875,0.0005143626330258266,0.0006765920503949311
13.9868118439351,0.002111825939197007,0.002777893553178776
15.5750545068541,0.0004913852484051532,0.0006463676235508572
17.4695223938699,0.0001109830879349087,0.00014598703366788013
16.7841742127221,0.001074667545884803,0.0014136165259239946
15.5750545068541,0.0005830508318572832,0.0007669444327441686
14.802250309482,0.0001480351308894271,0.0001947252508405493
14.535521249761,0.0002125536221947812,0.0002795928044260082
14.802250309482,0.0001245850364189108,0.0001638790219719666
15.5750545068541,0.0003961856952215717,0.000521142234400307
16.7841742127221,0.001084917128675131,0.0014270988160254463
17.4695223938699,0.0001315162749834826,0.00017299636567283492
17.0156910005239,0.0001361917117220079,0.00017914643009489759
17.0156910005239,0.0001087842220461441,0.00014309464785930992
17.4695223938699,0.0001109830879355709,0.0001459870336687512
19.3806949996813,9.31235312763929e-05,0.0001224945921822971
18.7652772429228,0.0001097261590660544,0.0001443336707951226
18.7652772429228,0.0001080038053710251,0.00014206808861009896
17.2440997575291,0.0003051515048419401,0.0004013959589707216
16.5494189559845,0.0001164196980351919,0.0001531383447056003
16.3112854048476,0.0001166460183964999,0.0001534360462637456
16.5494189559845,0.0001620545708391941,0.00021316640696653327
17.2440997575291,0.0002784826856394019,0.0003663158230757196
17.0156910005239,0.0003754544326378811,0.0004938723540509882
15.5750545068541,0.0004264938345518399,0.0005610095280497115
14.535521249761,0.0002711208588328435,0.0003566320840676964
13.9868118439351,0.0002117243659187869,0.00027850200161870227
13.9868118439351,0.0002232007131718448,0.0002935979763657652
14.535521249761,0.0002648976883164215,0.0003484461323104819
15.5750545068541,0.0003846114729831754,0.0005059175150035349
17.0156910005239,0.0003560201771645995,0.0004683085554499605
18.1289801515926,0.0001421777765498642,0.00018702049328617323
16.069623372565,0.0001969888904355721,0.0002591189731275328
14.2638053050351,0.0003790545201328473,0.0004986079052427445
12.8191248011875,0.0007903799695573836,0.0010396649559243204
11.8682034024322,0.0004817780052682071,0.0006337302663337698
11.5338205196369,0.0003996323548950521,0.000525675966801853
11.8682034024322,0.0005007558690916012,0.0006586937278528364
12.8191248011875,0.0004780808581860396,0.0006288670430661307
14.2638053050351,0.0004006436499035095,0.0005270062231606815
16.069623372565,0.0001949996034844842,0.00025650226722659527
18.1289801515926,0.0001236832796806624,0.0001626928521351342
17.9118587844627,6.610225507169765e-05,8.695083472839094e-05
15.5750545068541,0.0001593042586964749,0.00020954864935276228
13.4156786303575,0.0002063844022811655,0.0002714778192332932
11.5338205196369,0.0004444679719872639,0.0005846526889651413
10.086033456715,0.001905563911453094,0.002506576705279245
9.27780137992631,0.00121727399393969,0.0016012008932435966
9.27780137992631,0.001306261039936347,0.001718254357169004
10.086033456715,0.0007387116373533658,0.0009717004877032248
11.5338205196369,0.0007107697609580441,0.0009349457737556368
13.4156786303575,0.0001765918217036742,0.0002322886910089089
15.5750545068541,0.0001420449909395015,0.0001868458272381173
17.9118587844627,6.077084851664233e-05,7.993790832012143e-05
18.1289801515926,0.0001447876980228906,0.00019045358116508225
15.5750545068541,0.0001403765047225973,0.00018465110227547756
13.1207925404956,0.000217222203595782,0.0002857338513445159
10.8341378676194,0.000702948843021678,0.0009246581467726892
8.84603652621087,0.001060893358643876,0.0013954979749455946
7.40112515474099,0.004637174601473486,0.0060997344484250435
6.85211042919144,0.005145612970095501,0.0067685337278395544
7.40112515474099,0.001255110572368379,0.0016509710875292885
8.84603652621087,0.0009721791579856231,0.0012788034114828153
10.8341378676194,0.0002345552589932722,0.00030853373364158004
13.1207925404956,0.000195573773319726,0.00025725752960601014
15.5750545068541,0.0001459737972459484,0.00019201377479847204
18.1289801515926,0.0001447876980165569,0.00019045358115675088
16.069623372565,0.0002534089409299242,0.0003333338464413229
13.4156786303575,0.0001677162843003441,0.00022061381872133648
10.8341378676194,0.0003764822914041602,0.0004952243983589157
8.39208710636104,0.001297599177710598,0.0017068605529785982
6.2550924143076,0.002481979070374096,0.0032647925810298825
4.84517374992033,0.01560949995090982,0.020532719329351752
4.84517374992033,0.007784837713832775,0.010240167097304359
6.2550924143076,0.002004833191556657,0.0026371554088125675
8.39208710636104,0.001453345543671767,0.0019117291540807619
10.8341378676194,0.0004972594653372566,0.0006540945621411978
13.4156786303575,0.0002075773793941001,0.00027304706003557775
16.069623372565,0.0002344607477338714,0.0003084094136333259
17.0156910005239,0.0003849322534891922,0.0005063394693337238
14.2638053050351,0.0003499698057686032,0.00046034990346860167
11.5338205196369,0.0006339618620237269,0.000833912746685245
8.84603652621087,0.001161087907547029,0.0015272937760557731
6.2550924143076,0.002917464312379991,0.0038376293967063956
3.95606780081072,0.01846065691418522,0.02428312811086102
2.79736236878701,0.146447909079786,0.19263742099120892
3.95606780081072,0.01639076302713643,0.021560391933662947
6.2550924143076,0.003214479640995391,0.00422832303828072
8.84603652621087,0.001080003116789438,0.0014206349301131914
11.5338205196369,0.000542819627621845,0.00071402435026581
14.2638053050351,0.0003482929912043859,0.0004581442234069264
17.0156910005239,0.0003849322534920738,0.0005063394693375142
15.5750545068541,0.000460285167951587,0.0006054586114055889
12.8191248011875,0.000916585505477007,0.001205675581184421
10.086033456715,0.00209740088406359,0.002758918851279525
7.40112515474099,0.004452193876306259,0.00585641100288589
4.84517374992033,0.01037420817964596,0.01364622220358315
2.79736236878701,0.147430389638885,0.1939297748545592
2.79736236878701,0.146890042637932,0.1932190029947356
4.84517374992033,0.02227736928255519,0.029303627426474153
7.40112515474099,0.003162790923049438,0.004160331754676761
10.086033456715,0.001069768396907558,0.0014071721906654148
12.8191248011875,0.0006595150705740276,0.0008675254095365707
15.5750545068541,0.000426753367272722,0.0005613509171096694
17.2440997575291,0.0003133795611031684,0.0004122191352652363
14.535521249761,0.0002916642647104596,0.00038365485790930564
11.8682034024322,0.0004509463791005652,0.0005931743786654534
9.27780137992631,0.001122065947039914,0.0014759643314679635
6.85211042919144,0.004559112198126648,0.005997051247609129
4.84517374992033,0.02044422376468055,0.026892309797674308
3.95606780081072,0.01674048952990692,0.022020421796631343
4.84517374992033,0.006340217035552924,0.008339914621710541
6.85211042919144,0.00443362098275344,0.00583198023882213
9.27780137992631,0.001289071780083637,0.0016956436233758043
11.8682034024322,0.0004312772832924889,0.0005673016713423838
14.535521249761,0.000275742800984905,0.00036271178176866265
17.2440997575291,0.0003133795611846973,0.00041221913537247936
16.5494189559845,0.0001491777971142131,0.00019622831275505306
13.9868118439351,0.0002007346003202831,0.00026404607585304106
11.5338205196369,0.0003585913218603417,0.0004716906363980276
9.27780137992631,0.001308636127411672,0.0017213785446616768
7.40112515474099,0.00549654351458073,0.007230147385975464
6.2550924143076,0.002874551884787596,0.0037811824359282303
6.2550924143076,0.002772546181333465,0.0036470042440832906
7.40112515474099,0.00226216675027504,0.00297565169324222
9.27780137992631,0.001250227284056292,0.001644547615372479
11.5338205196369,0.0003542089155927144,0.0004659260239400136
13.9868118439351,0.0002191509209053708,0.00028827088400462626
16.5494189559845,0.0001512625108419148,0.00019897054293459512
18.7652772429228,0.0001046365175805528,0.0001376387618974972
16.3112854048476,0.000101053933074217,0.00013292623411802855
13.9868118439351,0.0002097945741824087,0.0002759635556587568
11.8682034024322,0.000597241415493922,0.0007856107110905043
10.086033456715,0.002033025905862139,0.002674240074675507
8.84603652621087,0.001424615671275699,0.0018739379110472416
8.39208710636104,0.001589880728166494,0.002091327387888891
8.84603652621087,0.001015680296799989,0.0013360247623647493
10.086033456715,0.001365739957820729,0.0017964928613346928
11.8682034024322,0.0006008402991003719,0.00079034467868861
13.9868118439351,0.0002442986962295701,0.0003213502404294479
16.3112854048476,0.0001265494546159042,0.00016646301554070264
18.7652772429228,0.0001046365175764903,0.00013763876189215338
18.7652772429228,0.0001080038053667312,0.00014206808860445078
16.5494189559845,0.0001301411552673161,0.00017118753468753107
14.535521249761,0.000232136585459335,0.00030535221309461536
12.8191248011875,0.0008327058874783082,0.0010953404225158604
11.5338205196369,0.0005016372530391122,0.0006598530993427978
10.8341378676194,0.0005585705188342851,0.000734743055507443
10.8341378676194,0.0003526189184707482,0.00046383454344784666
11.5338205196369,0.0005698303232275692,0.0007495541900112891
12.8191248011875,0.0006254668168180339,0.0008227383734223473
14.535521249761,0.0002726817879790555,0.0003586853285760387
16.5494189559845,0.000176479235189359,0.000232140594829917
18.7652772429228,0.0001097261590728436,0.0001443336708040531
17.2440997575291,0.0002784826856422658,0.00036631582307948676
15.5750545068541,0.0003649369286400341,0.0004800376406833418
14.2638053050351,0.0003900689798616702,0.000513096313640682
13.4156786303575,0.0001893642340955908,0.00024908950843590614
13.1207925404956,0.0002043640726728495,0.00026882027985465894
13.4156786303575,0.0001600882282710261,0.00021057988208203834
14.2638053050351,0.0003295282706673441,0.00043346113033587995
15.5750545068541,0.0004875602101612755,0.0006413361723876186
17.2440997575291,0.0003051515047450337,0.00040139595884325103
17.0156910005239,0.000356020177165361,0.00046830855545096226
16.069623372565,0.0001902522788122263,0.0002502576414943599
15.5750545068541,0.000166147445294878,0.00021855016959269812
15.5750545068541,0.0001504637321064319,0.00019791983025106878
16.069623372565,0.0002375042051952071,0.00031241277428171007
17.0156910005239,0.0003754544326372191,0.0004938723540501174
18.1289801515926,0.0001236832796769792,0.0001626928521302893
17.9118587844627,5.265889082332765e-05,6.92674479560982e-05
18.1289801515926,0.000142177776559456,0.00018702049329879028
18.5556027598526,6.851062788752734e-05,9.011880572191334e-05
18.3435317635167,9.807831186919902e-05,0.00012901210520773374
18.5556027598526,7.894982862391358e-05,0.0001038505190642416
17.4695223938699,0.0001211852782642884,0.00015940698377752926
16.5494189559845,0.0001448632807002134,0.00019055300253697184
16.069623372565,0.0001828662018293753,0.00024054200383070588
16.069623372565,0.0001737241216551897,0.0002285165214710328
16.5494189559845,0.0001280353563213308,0.0001684175690346953
17.4695223938699,0.0001259389183927979,0.00016565991685407795
17.6920730524217,0.00011847030832278,0.00015583571525695314
16.069623372565,0.0002533891288104758,0.00033330778560085826
14.802250309482,0.0001154904444270209,0.00015191600551585255
13.9868118439351,0.0001959598882354512,0.00025776542474796816
13.7042208583829,0.0001962734875472172,0.0002581779329430173
13.9868118439351,0.0002039675095116764,0.0002682986411019548
14.802250309482,0.0001223386770292239,0.00016092416326372167
16.069623372565,0.0001898959546493561,0.00024978893307644204
17.6920730524217,0.0001215767598797463,0.00015992193827050325
19.1777501925634,3.353379810721844e-05,4.411032171101233e-05
17.0156910005239,7.363887559472798e-05,9.686449720174867e-05
15.0642573811942,0.000119158295583279,0.00015674069295427983
13.4156786303575,0.0001694501373549006,0.0002228945271514276
12.1934198740061,0.0002352430278873861,0.0003094384241000003
11.5338205196369,0.0004055472691332174,0.0005334564385845096
11.5338205196369,0.0003562328360850942,0.00046858828676365626
12.1934198740061,0.0004169674116466621,0.0005484784816779586
13.4156786303575,0.0001661222821066568,0.0002185170699621653
15.0642573811942,0.0001833975566576906,0.00024124094739638098
17.0156910005239,8.219912944242965e-05,0.0001081246458417195
19.1777501925634,3.191925914174478e-05,4.1986558904476025e-05
19.1777501925634,3.770169940558084e-05,4.9592774564777696e-05
16.7841742127221,6.195756821525599e-05,8.149891812638541e-05
14.535521249761,0.0001484857200647485,0.0001953179553537505
12.5101848286152,0.0002626858257409127,0.00034553665067424454
10.8341378676194,0.0004389197265178195,0.0005773545328837346
9.69034749984067,0.0009522573756691578,0.001252598320600286
9.27780137992631,0.001476081355945721,0.001941635816921599
9.69034749984067,0.0008125526572424612,0.0010688308852908493
10.8341378676194,0.0003911576682549105,0.0005145283731740319
12.5101848286152,0.0002640251033266334,0.00034729833495997936
14.535521249761,0.0001034211778703508,0.00013604010535898722
16.7841742127221,5.43565682282006e-05,7.150057097577614e-05
19.1777501925634,3.770169940752589e-05,4.959277456733621e-05
17.0156910005239,7.958306887598304e-05,0.00010468348260597457
14.535521249761,0.000128728066081804,0.00016932875870337332
12.1934198740061,0.0002696529398683571,0.00035470118505166
10.086033456715,0.0007639483202222583,0.0010048967930160434
8.39208710636104,0.001003754112422977,0.001320337072352039
7.40112515474099,0.00388495986011336,0.005110271992336042
7.40112515474099,0.00385789248244446,0.005074667593066052
8.39208710636104,0.001172445692314247,0.0015422337938373728
10.086033456715,0.000553131309790098,0.0007275883258217265
12.1934198740061,0.0003064449150499022,0.0004030973093574299
14.535521249761,0.0001518912628798568,0.00019979760268432585
17.0156910005239,7.425066534705392e-05,9.766924477935124e-05
17.6920730524217,0.0001002695793533985,0.00013189449608316854
15.0642573811942,0.0001079881986982491,0.00014204755960963241
12.5101848286152,0.0002605354398762567,0.00034270803543687983
10.086033456715,0.0004254382408695182,0.0005596210012632602
7.91213560162144,0.00123235443640804,0.001621037690933392
6.2550924143076,0.003070552599575146,0.004039001563878612
5.59472473757402,0.03089187859984512,0.04063514365237927
6.2550924143076,0.00350639124737207,0.004612303249149884
7.91213560162144,0.001331144739363379,0.0017509863484447027
10.086033456715,0.0003918248244493147,0.0005154059497095789
12.5101848286152,0.0002653544399351727,0.00034904694289509636
15.0642573811942,0.0001478729244049531,0.00019451188460655207
17.6920730524217,0.0001002695793557831,0.00013189449608630525
16.069623372565,0.0002143781751378596,0.00028199281939122735
13.4156786303575,0.000195400676720364,0.0002570298385266839
10.8341378676194,0.0004909482132428695,0.0006457927479717259
8.39208710636104,0.00129242630667838,0.0017000561640253648
6.2550924143076,0.001966293621893781,0.00258646050061881
4.84517374992033,0.008557148827816557,0.011256064300176876
4.84517374992033,0.01853502157545515,0.02438094730575386
6.2550924143076,0.002183899788374182,0.0028726994163258976
8.39208710636104,0.001367049437622661,0.0017982153496479047
10.8341378676194,0.0003947354713982157,0.0005192346115537488
13.4156786303575,0.0001815974334580864,0.0002388730672892688
16.069623372565,0.00025256539011544,0.00033222424061356927
17.4695223938699,0.0001169134377244735,0.00015378780935813003
14.802250309482,0.0001111215521419795,0.00014616916933589557
12.1934198740061,0.0004302459897724525,0.000565945108963084
9.69034749984067,0.001046175616948992,0.0013761382734603887
7.40112515474099,0.002344844360697978,0.0030844057324474748
5.59472473757402,0.02773361825049867,0.036480771409444515
4.84517374992033,0.01747769030080387,0.02299013489223416
5.59472473757402,0.02687866099540996,0.03535616156207358
7.40112515474099,0.006867962389386248,0.009034110288561322
9.69034749984067,0.001064646283907098,0.0014004345687721816
12.1934198740061,0.0002500646117540956,0.00032893471946555784
14.802250309482,0.0001282911786167062,0.00016875407740496042
17.4695223938699,0.0001169134377306038,0.0001537878093661938
16.5494189559845,0.0001610206605272235,0.00021180640246195735
13.9868118439351,0.0002381612054901394,0.00031327699175809115
11.5338205196369,0.000310093844543097,0.00040789710726075714
9.27780137992631,0.001252321550865141,0.0016473024116646158
7.40112515474099,0.004900363389090971,0.006445932694606992
6.2550924143076,0.003043115046165092,0.004002910235839631
6.2550924143076,0.002621155425873415,0.0034478650083168976
7.40112515474099,0.001349976145732862,0.0017757571599875176
9.27780137992631,0.001312284475895418,0.0017261775783058045
11.5338205196369,0.0003850147418530863,0.00050644797443825
13.9868118439351,0.0001980330162093823,0.0002604924150395485
16.5494189559845,0.0001122112360656061,0.00014760253838883743
18.5556027598526,6.427350704900616e-05,8.454530155999225e-05
16.069623372565,0.0001575343950590919,0.0002072205726410229
13.7042208583829,0.0001626390769941727,0.000213935265729735
11.5338205196369,0.0003838406721833796,0.0005049036044663094
9.69034749984067,0.0008136688470877816,0.0010702991202044796
8.39208710636104,0.001230180925866469,0.0016181786575210587
7.91213560162144,0.001571298373233797,0.0020668841783362864
8.39208710636104,0.001057922300985514,0.0013915898489196288
9.69034749984067,0.0005953887836303994,0.0007831737611437439
11.5338205196369,0.0003042691611891995,0.00040023532508554055
13.7042208583829,0.0001657278246403333,0.00021799820103818573
16.069623372565,0.0001539373443724607,0.00020248901606366147
18.5556027598526,6.427350704375202e-05,8.454530155308097e-05
18.3435317635167,6.702926690305745e-05,8.817022508734922e-05
16.069623372565,0.0001515313973531894,0.00019932423596030467
13.9868118439351,0.0002360890382499737,0.0003105512652146653
12.1934198740061,0.000209839589998524,0.00027602276941451984
10.8341378676194,0.0006466495562797564,0.0008506021259680515
10.086033456715,0.0006936678058972641,0.0009124498805911851
10.086033456715,0.0004830887047199966,0.0006354543589730834
10.8341378676194,0.0003169533627575119,0.00041692011009070666
12.1934198740061,0.0003047211983391159,0.00040082993426295574
13.9868118439351,0.0002093260198228791,0.00027534721976170553
16.069623372565,0.0001660247110641704,0.0002183887251185543
18.3435317635167,9.132061626739761e-05,0.0001201230397321356
18.5556027598526,7.89498286231601e-05,0.00010385051906325047
16.5494189559845,0.0001572117749895284,0.00020679619855093698
14.802250309482,9.958396122746856e-05,0.00013099263474288807
13.4156786303575,0.0002020277954455823,0.0002657471433202476
12.5101848286152,0.0002418671290212743,0.00031815175955719657
12.1934198740061,0.0003343054564862539,0.00043974503538807974
12.5101848286152,0.0002640700467079015,0.00034735745343502283
13.4156786303575,0.0001822064322579489,0.00023967414365102372
14.802250309482,0.0001533517961754342,0.00020171878659947851
16.5494189559845,0.0001494694397846139,0.0001966119392078308
18.5556027598526,6.851062788864524e-05,9.011880572338383e-05
17.4695223938699,0.0001259389183926527,0.00016565991685388694
16.069623372565,0.0002458827812527593,0.00032343394415328683
15.0642573811942,0.0001290211285324311,0.00016971425273352306
14.535521249761,0.0001550849032522609,0.00020399851377127183
14.535521249761,0.0001167826439083821,0.00015361576331410136
15.0642573811942,0.0001674164012286732,0.00022021935285365289
16.069623372565,0.0002243038065593766,0.00029504898421300467
17.4695223938699,0.0001211852782408959,0.0001594069837467588
17.6920730524217,0.0001215767598795499,0.00015992193827024488
17.0156910005239,5.990721129876862e-05,7.880188085910405e-05
16.7841742127221,4.330611120257199e-05,5.6964811772607656e-05
17.0156910005239,7.207581538025483e-05,9.480844948852369e-05
17.6920730524217,0.0001184703083140802,0.00015583571524550944
19.1777501925634,3.191925913900069e-05,4.1986558900866445e-05
19.1777501925634,3.353379810465491e-05,4.411032170764026e-05
20.5563312875743,7.541245583690676e-05,9.919746273141114e-05
18.7652772429228,7.476415021484603e-05,9.834468221830842e-05
18.3435317635167,0.0001055115589248923,0.0001387897903341163
18.3435317635167,7.433139925832248e-05,9.777544207879397e-05
18.7652772429228,9.909441814936356e-05,0.00013034869030815484
18.1289801515926,0.000140713511793882,0.00018509440101204552
17.0156910005239,0.0001008531811224476,0.00013266216521809813
16.3112854048476,8.929562315957218e-05,0.00011745936599129756
16.069623372565,0.000176892529434852,0.00023268424163281468
16.3112854048476,8.507355257009004e-05,0.00011190565891066206
17.0156910005239,0.0001109793288110462,0.00014598208892042277
18.1289801515926,0.0001265731652510072,0.00016649420448443703
18.7652772429228,0.0001144978782297924,0.0001506103850150301
17.0156910005239,7.325325393026855e-05,9.635725088197137e-05
15.5750545068541,0.000136389789298312,0.00017940698112423747
14.535521249761,0.0002229342566385122,0.0002932474797304087
13.9868118439351,0.0002125981869607028,0.000279651424870835
13.9868118439351,0.0001897550453102908,0.00024960358108444926
14.535521249761,0.000176760130054839,0.0002325100836317425
15.5750545068541,0.0001228255259609922,0.0001615645638212815
17.0156910005239,7.53668337620202e-05,9.913745150351694e-05
18.7652772429228,0.0001170040046177249,0.00015390694095142324
20.5563312875743,6.035791531328727e-05,7.939473643166095e-05
18.3435317635167,7.22694935019116e-05,9.506321347998537e-05
16.3112854048476,0.0001217164153436726,0.00016010564091649618
14.535521249761,0.0001405934482870781,0.00018493646960523203
13.1207925404956,0.000200437137541103,0.00026365479363547856
12.1934198740061,0.0002773914307701043,0.00036488038760254353
11.8682034024322,0.0006604623220689844,0.0008687714231271037
12.1934198740061,0.0002297939448120177,0.00030227070612436204
13.1207925404956,0.0001949263381091203,0.0002564058940311926
14.535521249761,0.0001126212758361206,0.00014814190425887323
16.3112854048476,0.0001078125759394284,0.00014181654562289022
18.3435317635167,6.778805682032608e-05,8.916833652270694e-05
20.5563312875743,6.03579153153179e-05,7.939473643433205e-05
18.3435317635167,6.609053564020485e-05,8.693541900089821e-05
16.069623372565,0.0001141600667313975,0.00015016602813591268
13.9868118439351,0.0002395003436464808,0.0003150384926385714
12.1934198740061,0.0003293655681721085,0.0004332471116498641
10.8341378676194,0.0005633101822673714,0.0007409776036539697
10.086033456715,0.001414989112850043,0.001861275146520305
10.086033456715,0.001955711644629476,0.002572540979186293
10.8341378676194,0.0003866855501009203,0.0005086457537978598
12.1934198740061,0.0003502062983852668,0.00046066098560042446
13.9868118439351,0.0001902132758830874,0.00025020633708361324
16.069623372565,0.0001208044372038562,0.00015890602585911167
18.3435317635167,7.242939906235611e-05,9.527355308100624e-05
18.7652772429228,0.0001239067915994333,0.0001629868594710079
16.3112854048476,0.0001101294945392844,0.00014486421783977153
13.9868118439351,0.000124470522401377,0.00016372839035732855
11.8682034024322,0.0003650811737549301,0.00048022738055124943
10.086033456715,0.0006407935891393979,0.0008428991931340065
8.84603652621087,0.0009316408993058005,0.0012254794299208728
8.39208710636104,0.01160595508867316,0.015266460753657776
8.84603652621087,0.00108952964581714,0.0014331661160783974
10.086033456715,0.0004632885864846279,0.0006094093048910589
11.8682034024322,0.0003676820055697222,0.0004836485119035617
13.9868118439351,0.0001477003072180152,0.00019428482414580927
16.3112854048476,0.0001194255622075517,0.0001570922551823815
18.7652772429228,0.0001239067916003823,0.0001629868594722562
17.0156910005239,7.066470013166689e-05,9.295227001885812e-05
14.535521249761,0.0001319826414969704,0.00017360982367957233
12.1934198740061,0.000309267821353677,0.00040681055725202937
10.086033456715,0.0004990722224193265,0.000656479060843622
8.39208710636104,0.00106823417342011,0.0014051540747516866
7.40112515474099,0.003800434592556288,0.004999087546937676
7.40112515474099,0.0026624918908162,0.003502238949532632
8.39208710636104,0.001006188831873488,0.0013235396996802862
10.086033456715,0.0007352228553077502,0.0009671113475789936
12.1934198740061,0.0002665534942223767,0.00035062417760583294
14.535521249761,0.0001064374580962577,0.00014000771710132303
17.0156910005239,7.254076855044287e-05,9.542004838501537e-05
18.1289801515926,0.000140630847330813,0.0001849856642668554
15.5750545068541,0.0001343037597728284,0.00017666302014571815
13.1207925404956,0.0001835922521958001,0.00024149704969634263
10.8341378676194,0.0002478244586983786,0.00032598802456229505
8.84603652621087,0.001054380404636668,0.0013869308422984543
7.40112515474099,0.001576692286580025,0.002073979326109966
6.85211042919144,0.005107174997687122,0.006717972460564326
7.40112515474099,0.00586220964654135,0.0077111442199169315
8.84603652621087,0.001342533256289871,0.0017659667912753268
10.8341378676194,0.0006832558834709631,0.0008987540491083988
13.1207925404956,0.0001995103560031124,0.0002624357062041687
15.5750545068541,0.0001347169287480399,0.00017720650216822325
18.1289801515926,0.0001406308473363516,0.00018498566427414085
17.0156910005239,0.0001136281915175626,0.0001494664000556887
14.535521249761,0.0001488419027319072,0.00019578647764836271
12.1934198740061,0.0002254009224731902,0.0002964921292977892
10.086033456715,0.0009155178220482503,0.0012042711515586032
8.39208710636104,0.01060293773670638,0.01394709281521186
7.40112515474099,0.007084247818055747,0.009318611907182393
7.40112515474099,0.001881434203124332,0.002474836513077591
8.39208710636104,0.01047629628547422,0.013780508787421772
10.086033456715,0.002665897082667047,0.0035067181352051984
12.1934198740061,0.0002760528270293055,0.0003631195896916892
14.535521249761,0.0002277962520490595,0.0002996429432275943
17.0156910005239,0.0001130640785682973,0.00014872436649319512
18.7652772429228,9.218743319194059e-05,0.00012126324977586192
16.3112854048476,0.0001088258612451849,0.0001431494200166303
13.9868118439351,0.0001993932676937284,0.00026228168836881904
11.8682034024322,0.0005791403266436592,0.0007618005584214918
10.086033456715,0.001772558210862954,0.002331621150776555
8.84603652621087,0.001224909350435462,0.0016112444329085616
8.39208710636104,0.001575136158491676,0.0020719323969079365
8.84603652621087,0.000987914064098703,0.0012995010899420627
10.086033456715,0.001018027196979065,0.0013391118723184647
11.8682034024322,0.0006550915108994303,0.0008617066639316002
13.9868118439351,0.0002433665084897068,0.00032012404168605
16.3112854048476,0.0001033922737993385,0.00013600208497528256
18.7652772429228,9.218743318924392e-05,0.00012126324977231472
18.3435317635167,7.098480414669518e-05,9.337333449353345e-05
16.069623372565,0.0001549370113950981,0.00020380397698253612
13.9868118439351,0.0001869987688756813,0.0002459779780475855
12.1934198740061,0.0001986652492608476,0.0002613240537106976
10.8341378676194,0.0006149576757812529,0.0008089146606846296
10.086033456715,0.0006068262450999698,0.0007982185855733232
10.086033456715,0.000512709676300756,0.0006744177529090299
10.8341378676194,0.0003211999440897554,0.00042250605857582383
12.1934198740061,0.0002884534843051395,0.0003794314008416257
13.9868118439351,0.0002286498315442018,0.000300765740771024
16.069623372565,0.0001609703094643287,0.00021174017072835892
18.3435317635167,8.921919786782591e-05,0.00011735883624530794
20.5563312875743,7.54124558395081e-05,9.919746273483293e-05
18.3435317635167,8.865743607596195e-05,0.0001166198953927136
16.3112854048476,8.255530990045493e-05,0.00010859316523044
14.535521249761,0.0002230612345424227,0.00029341450632768755
13.1207925404956,0.0001885699687739273,0.0002480447326920295
12.1934198740061,0.0002247295237204506,0.00029560897210560277
11.8682034024322,0.0004695558079150606,0.0006176532011728531
12.1934198740061,0.0003240341186407711,0.0004262341287106397
13.1207925404956,0.0001480929457832427,0.00019480130048925713
14.535521249761,0.0001827257676649358,0.00024035727688290125
16.3112854048476,9.138261931505074e-05,0.00012020459847386532
18.3435317635167,6.627123505223232e-05,8.717311081177026e-05
20.5563312875743,7.541245583647087e-05,9.919746273083777e-05
18.7652772429228,9.909441815168256e-05,0.00013034869031120524
17.0156910005239,9.523542091947418e-05,0.00012527256953149627
15.5750545068541,0.0001330275689170723,0.00017498432007625195
14.535521249761,0.0001554838857571699,0.00020452333492610589
13.9868118439351,0.0002465372703040671,0.0003242948583425241
13.9868118439351,0.0001524615715544504,0.00020054778609720591
14.535521249761,0.0001349967549612787,0.0001775745852660481
15.5750545068541,0.0001144955921860155,0.00015060737795552192
17.0156910005239,0.0001455818964633897,0.00019149826893354765
18.7652772429228,7.476415021338765e-05,9.834468221639006e-05
18.1289801515926,0.0001265731652517852,0.0001664942044854604
17.0156910005239,8.111405274229615e-05,0.00010669733712557053
16.3112854048476,0.0001395866357111026,0.0001836121094332355
16.069623372565,0.0001261836309263007,0.00016598181145560838
16.3112854048476,0.0001031437571199626,0.0001356751864043908
17.0156910005239,7.619142351865984e-05,0.00010022211597631791
18.1289801515926,0.0001407135117882971,0.00018509440100469913
18.7652772429228,0.0001170040046186481,0.00015390694095263762
18.3435317635167,7.715538996935176e-05,0.00010149011640152147
18.3435317635167,8.6242471929405e-05,0.0001134432541698914
18.7652772429228,0.0001144978782301837,0.00015061038501554483
20.5563312875743,6.035791531671633e-05,7.939473643617153e-05
19.3806949996813,5.640168847409011e-05,7.419071993222472e-05
18.7652772429228,0.000104230665848598,0.00013710490496884694
18.5556027598526,6.500935561394529e-05,8.551323596534268e-05
18.7652772429228,8.676577486235999e-05,0.00011413160628113024
19.3806949996813,7.917874300063456e-05,0.00010415163278745166
19.1777501925634,4.900721690830015e-05,6.446404004326467e-05
17.9118587844627,5.605135202159619e-05,7.372988774205074e-05
17.0156910005239,9.269605734821084e-05,0.0001219322934401477
16.5494189559845,0.0001487556005365658,0.00019567295583408138
16.5494189559845,0.0001582217833889604,0.0002081247625056469
17.0156910005239,0.0001141605185088562,0.00015016662240349254
17.9118587844627,3.732733303151073e-05,4.910033344178832e-05
19.1777501925634,3.525110485697374e-05,4.63692651496887e-05
20.17206691343,5.988043369085887e-05,7.87666576226614e-05
18.3435317635167,7.178143357368002e-05,9.442121997898928e-05
16.7841742127221,5.814473929815201e-05,7.648352709836153e-05
15.5750545068541,0.0001237394393480065,0.00016276672450073415
14.802250309482,9.929496177553375e-05,0.0001306124851768177
14.535521249761,0.0002666216980445672,0.0003507138928396733
14.802250309482,0.0001038893276837235,0.00013665590911646184
15.5750545068541,0.000161564193275283,0.00021252136485007452
16.7841742127221,4.576505560056932e-05,6.0199304570541155e-05
18.3435317635167,5.98807252323624e-05,7.876704111603939e-05
20.17206691343,4.397221167481168e-05,5.784099961236284e-05
19.9771631453915,8.154994913493727e-05,0.00010727071476834733
17.9118587844627,9.372961474182678e-05,0.00012329183371630211
16.069623372565,0.0001300575100705084,0.00017107750788624324
14.535521249761,0.0001377162002277722,0.00018115174062426255
13.4156786303575,0.0001845379401362686,0.0002427410065889951
12.8191248011875,0.000606608691721821,0.0007979324160953304
12.8191248011875,0.0008186419118551633,0.0010768406842133502
13.4156786303575,0.0002095855217037356,0.00027568856825472724
14.535521249761,0.0001526726213094626,0.00020082540071636877
16.069623372565,0.000135298599264947,0.00017797163093617691
17.9118587844627,6.673049361715326e-05,8.77772190306612e-05
19.9771631453915,8.16895709158182e-05,0.00010745437310769888
20.17206691343,4.405923447718322e-05,5.7955469312351164e-05
17.9118587844627,9.13033361657531e-05,0.00012010030950514786
15.8242712032429,0.0001289750159973917,0.00016965359635487504
13.9868118439351,0.0001936399943195016,0.0002547138388035198
12.5101848286152,0.000271988298022393,0.0003577731126381383
11.5338205196369,0.0005238672339975884,0.000689094392219103
11.189449475148,0.00512659471793804,0.0067435171395495985
11.5338205196369,0.0005128172676754499,0.0006745592784867739
12.5101848286152,0.0002718510405413851,0.0003575925642962791
13.9868118439351,0.0001633592200046249,0.00021488254106572343
15.8242712032429,0.0001315230919928534,0.00017300533275957798
17.9118587844627,8.787389282838396e-05,0.00011558922345347638
20.17206691343,4.405923447424584e-05,5.795546930848734e-05
18.3435317635167,6.765658466592864e-05,8.89953981932052e-05
16.069623372565,0.0001303345753827478,0.0001714419592978837
13.9868118439351,0.0001577167341805024,0.00020746042132384148
12.1934198740061,0.0002989084119157328,0.00039318380129725275
10.8341378676194,0.0003610311487253832,0.0004748999820138165
10.086033456715,0.001841640062435433,0.0024224913435149827
10.086033456715,0.0009087402070207531,0.0011953558840920187
10.8341378676194,0.0005813727579821574,0.0007647370961862881
12.1934198740061,0.0002856278688616613,0.0003757145893475946
13.9868118439351,0.0002818675227136779,0.0003707682340972297
16.069623372565,0.0001382555653959482,0.0001818612209823147
18.3435317635167,7.206967916775703e-05,9.480037792125e-05
19.1777501925634,4.400456410305722e-05,5.7883555961437296e-05
16.7841742127221,5.085209644980654e-05,6.689079259404104e-05
14.535521249761,0.0001270132142528808,0.00016707304446490068
12.5101848286152,0.000261167925861126,0.0003435400068163547
10.8341378676194,0.0003875656074112727,0.0005098033802307397
9.69034749984067,0.0008301984898267518,0.0010920421943606733
9.27780137992631,0.001403929688974269,0.0018467275923321669
9.69034749984067,0.0009355940927655164,0.0012306794563162248
10.8341378676194,0.0004910682889273252,0.0006459506953970094
12.5101848286152,0.0002640302179276005,0.000347305062700552
14.535521249761,0.0001644438705901429,0.00021630928927116868
16.7841742127221,5.507526946877369e-05,7.244594980922712e-05
19.1777501925634,4.400456410098479e-05,5.7883555958711225e-05
17.9118587844627,4.234375600774781e-05,5.569893079162743e-05
15.5750545068541,0.0001365122493692534,0.00017956806496892178
13.4156786303575,0.0001664439626917445,0.00021894020825538924
11.5338205196369,0.000717090821987004,0.0009432604905870222
10.086033456715,0.0008217028264563375,0.0010808670079645707
9.27780137992631,0.001388032672689904,0.0018258166743291865
9.27780137992631,0.001197752157924931,0.001575521891293165
10.086033456715,0.002428990278540448,0.0031950911816421125
11.5338205196369,0.0004221344314347396,0.0005552751739109868
13.4156786303575,0.0002106055890134684,0.00027703036368915236
15.5750545068541,0.000144629765804383,0.00019024583729590792
17.9118587844627,7.314978980176319e-05,9.622115427939361e-05
19.3806949996813,9.801449261924629e-05,0.0001289281574354662
17.0156910005239,0.0001139493143986342,0.00014988880474565392
14.802250309482,0.0001078549179789004,0.0001418722422957526
12.8191248011875,0.0005595363568188569,0.0007360135177462852
11.189449475148,0.00474238268204747,0.006238125043665062
10.086033456715,0.003076314119096103,0.004046580260416388
9.69034749984067,0.0008970970525353464,0.001180040491292187
10.086033456715,0.0007216989343976937,0.0009493219966611663
11.189449475148,0.004725239171534372,0.0062155744885036375
12.8191248011875,0.001159759694715555,0.0015255466463357907
14.802250309482,0.0001282461609361661,0.00016869486119673499
17.0156910005239,0.0001377307651335491,0.00018117089928554677
19.3806949996813,9.801449267733553e-05,0.00012892815751187672
18.7652772429228,8.613289633948439e-05,0.00011329911855758712
16.5494189559845,0.0001477341075444542,0.00019432928505859926
14.535521249761,0.0002190291735896603,0.00028811073771740074
12.8191248011875,0.0007367898720862657,0.0009691725997522746
11.5338205196369,0.0003493973294886239,0.0004595968687899448
10.8341378676194,0.0005237962282009896,0.0006890009912711607
10.8341378676194,0.0003700421473151219,0.0004867530397992778
11.5338205196369,0.0005653358183561652,0.0007436421231712772
12.8191248011875,0.0006062359872858269,0.0007974421610838861
14.535521249761,0.0002675899802205032,0.0003519875701651887
16.5494189559845,0.0001762198833978007,0.0002317994437641956
18.7652772429228,0.0001053793800400432,0.0001386159223721439
18.5556027598526,5.009331296386015e-05,6.589268961843763e-05
16.5494189559845,0.0001395626436426683,0.00018358055029240195
14.802250309482,0.0001053430879790549,0.0001385681838344265
13.4156786303575,0.0001953935728841823,0.00025702049414826436
12.5101848286152,0.0002633527958966676,0.00034641398249475374
12.1934198740061,0.0003246078598165215,0.00042698882723182384
12.5101848286152,0.0002640197571018291,0.00034729130254166203
13.4156786303575,0.0001696705323603582,0.00022318443450290484
14.802250309482,0.0001574719592023377,0.00020713844458267042
16.5494189559845,0.0001583330882205994,0.00020827117276063468
18.5556027598526,6.851889334800996e-05,9.012967809968016e-05
18.7652772429228,9.930120198938652e-05,0.00013062069354736108
17.0156910005239,0.000106173460340288,0.00013966045473904674
15.5750545068541,0.0001260954009208032,0.00016586575380193565
14.535521249761,0.0001398843989809553,0.00018400378691590328
13.9868118439351,0.000221325306674595,0.0002911310686904666
13.9868118439351,0.000165471044761746,0.00021766043306400084
14.535521249761,0.0001473103024962573,0.00019377181235720868
15.5750545068541,0.000124115947112063,0.00016326198240579237
17.0156910005239,0.000141054569906183,0.00018554302848357876
18.7652772429228,8.840559204129529e-05,0.0001162886200222761
19.3806949996813,7.917874300017805e-05,0.00010415163278685114
17.9118587844627,4.461226167473134e-05,5.8682920689042554e-05
16.7841742127221,5.338575084465781e-05,7.022355884092054e-05
16.069623372565,0.0001206943639303281,0.00015876123559432911
15.8242712032429,0.0001361958786914159,0.0001791519113219438
16.069623372565,0.0001434504188981579,0.00018869452565276664
16.7841742127221,3.294533500595426e-05,4.333625798495216e-05
17.9118587844627,3.264508276504309e-05,4.294130651244976e-05
19.3806949996813,5.640168847212997e-05,7.419071992964635e-05
19.1777501925634,3.525110485687005e-05,4.636926514955231e-05
18.3435317635167,6.350414445857579e-05,8.353328284180846e-05
17.9118587844627,0.0001094929430164678,0.0001440268986560841
17.9118587844627,9.282975908760075e-05,0.00012210816456333375
18.3435317635167,6.810399424089493e-05,8.958392026354301e-05
19.1777501925634,4.900721691082903e-05,6.446404004659115e-05
20.17206691343,4.397221167601228e-05,5.7840999613942106e-05
19.9771631453915,7.262750503419449e-05,9.553414146180115e-05
20.17206691343,5.988043369425035e-05,7.876665762712256e-05
20.5563312875743,5.506473844154584e-05,7.243209730741737e-05
19.1777501925634,3.679168269637109e-05,4.83957395710888e-05
18.1289801515926,0.0001245328493782348,0.00016381037519518324
17.4695223938699,0.0001116629269374143,0.0001468812931554674
17.2440997575291,0.0002851184868226543,0.0003750445487651777
17.4695223938699,0.0001078631449236049,0.0001418830640099066
18.1289801515926,0.0001210867087264008,0.00015927732551414893
19.1777501925634,2.927367423805775e-05,3.850655938750176e-05
20.5563312875743,5.610593429496836e-05,7.380168520532844e-05
21.8480985342122,3.622841531851805e-05,4.765481827231508e-05
19.9771631453915,9.647430745554358e-05,0.00012690219953924952
18.3435317635167,6.773157322974715e-05,8.909403806883472e-05
17.0156910005239,8.630584688419767e-05,0.00011352661751678659
16.069623372565,0.000219835127214804,0.00028917088824301603
15.5750545068541,0.0003970972140269561,0.0005223412452496773
15.5750545068541,0.0004340577107190949,0.0005709590425679627
16.069623372565,0.0001988238800743491,0.0002615327165109703
17.0156910005239,6.350939373318029e-05,8.354018773193791e-05
18.3435317635167,6.133521807218984e-05,8.068027942224074e-05
19.9771631453915,7.9950777281713e-05,0.0001051671658446203
21.8480985342122,3.277188359071821e-05,4.310810018120951e-05
21.8480985342122,4.793364240489253e-05,6.305186130423132e-05
19.7803390040536,5.85357768384588e-05,7.699789745536272e-05
17.9118587844627,7.940401889700884e-05,0.00010444796045755433
16.3112854048476,0.0001402480251088243,0.0001844821003306721
15.0642573811942,0.0001447526310101227,0.00019040745405446714
14.2638053050351,0.0003856322008012423,0.0005072601792699072
13.9868118439351,0.002340789798485583,0.0030790723657046376
14.2638053050351,0.0003950852065768733,0.0005196946528289696
15.0642573811942,0.0001171930388429123,0.00015415559636649875
16.3112854048476,0.0001368070582809666,0.00017995585629209266
17.9118587844627,8.345164773158734e-05,0.00010977220704272105
19.7803390040536,5.243988012390267e-05,6.8979361519277e-05
21.8480985342122,4.793364240706171e-05,6.305186130708467e-05
19.9771631453915,7.378432099484999e-05,9.70558159235426e-05
17.9118587844627,7.376665247802614e-05,9.703257477564863e-05
16.069623372565,0.000116049947760352,0.00015265197559453882
14.535521249761,0.0001130558897612472,0.00014871359494527043
13.4156786303575,0.0001723444633695707,0.00022670172045638666
12.8191248011875,0.0007595222904964485,0.0009990747983083831
12.8191248011875,0.0005216238922545552,0.0006861435029199981
13.4156786303575,0.0001823976477617505,0.0002399256683176259
14.535521249761,0.000124715589723511,0.00016405075164744023
16.069623372565,0.0001222837362295096,0.0001608518941952818
17.9118587844627,0.0001292647085187903,0.00017003465758376742
19.9771631453915,8.198036573962803e-05,0.00010783688430398917
20.5563312875743,5.75559308777585e-05,7.570900913989265e-05
18.3435317635167,5.402997880596252e-05,7.107097560348116e-05
16.3112854048476,0.0001035910574354567,0.00013626356475493723
14.535521249761,0.0001195711162358609,0.0001572837167935752
13.1207925404956,0.0001970866192746818,0.00025924752553665114
12.1934198740061,0.0002472894902460677,0.0003252843276395299
11.8682034024322,0.0006178746567385777,0.00081275165427662
12.1934198740061,0.0002560255651701973,0.00033677575113300875
13.1207925404956,0.0002089647236088163,0.00027487197111303395
14.535521249761,0.0001426206631019673,0.00018760306577713553
16.3112854048476,0.000127032193688282,0.0001670980099936715
18.3435317635167,6.63945300566418e-05,8.73352929270342e-05
20.5563312875743,5.755593087549392e-05,7.570900913691382e-05
19.1777501925634,2.83849429936596e-05,3.7337523271172545e-05
17.0156910005239,5.913749970556329e-05,7.778940306304806e-05
15.0642573811942,0.000152873748712163,0.00020108996348404718
13.4156786303575,0.0001668328872738375,0.0002194517992294445
12.1934198740061,0.0003609172181627759,0.00047475011787515687
11.5338205196369,0.0003625860196833459,0.00047694525758789713
11.5338205196369,0.0004003709061976772,0.0005266474563854284
12.1934198740061,0.0002363175523385715,0.0003108518523993116
13.4156786303575,0.0001813442150065444,0.00023853998401236203
15.0642573811942,0.000116915424647564,0.0001537904229546113
17.0156910005239,7.6060718389618e-05,0.00010005018659113819
19.1777501925634,3.118879627087225e-05,4.102570883526775e-05
18.1289801515926,0.0001242481804973208,0.00016343592205754335
16.069623372565,0.0002008516857092684,0.0002642000898469015
14.2638053050351,0.0003911571645428305,0.0005145277105917074
12.8191248011875,0.0005146185515066394,0.0006769286852874165
11.8682034024322,0.0005344322265623794,0.0007029915719962744
11.5338205196369,0.0003758206787281643,0.000494354113761479
11.8682034024322,0.0005073341858405371,0.0006673468385796538
12.8191248011875,0.001025144825392832,0.0013484743930250924
14.2638053050351,0.0003868237996257459,0.0005088276070730824
16.069623372565,0.0002113857196319,0.00027805654665970654
18.1289801515926,0.0001270429937947837,0.0001671122164420666
17.4695223938699,0.0001147835960030415,0.0001509862178645116
15.5750545068541,0.0003838340798435265,0.0005048949329096065
13.9868118439351,0.002173820563960509,0.0028594412154485894
12.8191248011875,0.001308493859738144,0.001721191405918003
12.1934198740061,0.0002860331002300247,0.00037624763025064856
12.1934198740061,0.0003153532201611773,0.0004148152842525437
12.8191248011875,0.0004495594353954186,0.0005913499944178513
13.9868118439351,0.002178120401369329,0.0028650972169191554
15.5750545068541,0.0005306663675815323,0.0006980379651715314
17.4695223938699,0.0001185507479980732,0.00015594152551871257
17.2440997575291,0.0002830172738359225,0.00037228061547817717
15.5750545068541,0.0003788483835434936,0.0004983367533963675
14.2638053050351,0.0003799927187787435,0.0004998420107254278
13.4156786303575,0.0002078090381750551,0.0002733517837451448
13.1207925404956,0.0002203381908554228,0.0002898326176110363
13.4156786303575,0.0001695257173693678,0.00022299394502059986
14.2638053050351,0.0003241720358672285,0.0004264155448809487
15.5750545068541,0.0004571007890203048,0.000601269882808264
17.2440997575291,0.0002857154664884213,0.00037582981517096095
17.4695223938699,0.0001066056757603524,0.00014022899043448283
16.069623372565,0.0002322406120129715,0.00030548904951060144
15.0642573811942,0.0001456791787029378,0.00019162623388608639
14.535521249761,0.0001410353625933124,0.00018551776320503151
14.535521249761,0.0001160730993566214,0.00015268242917919694
15.0642573811942,0.0001416466563483714,0.00018632185834836632
16.069623372565,0.0002048764601828015,0.00026949427383030175
17.4695223938699,0.0001237024831982312,0.0001627181124213456
18.1289801515926,0.0001215636248352722,0.0001599046604472281
17.0156910005239,7.011115876220234e-05,9.222414230098473e-05
16.3112854048476,0.0001450858255719004,0.00019084573782015874
16.069623372565,0.0001187183503119296,0.00015616198942083537
16.3112854048476,0.0001095777903253543,0.0001441385067142984
17.0156910005239,6.900543021693417e-05,9.076966817011289e-05
18.1289801515926,0.0001251359447180401,0.0001646036861519728
19.1777501925634,4.905059830502849e-05,6.452110388553634e-05
18.3435317635167,6.385510342779243e-05,8.399493388980527e-05
17.9118587844627,9.862504840288015e-05,0.00012973128185198767
17.9118587844627,9.104457158120883e-05,0.00011975993085089672
18.3435317635167,5.61776251888092e-05,7.389598732944091e-05
19.1777501925634,3.967698392243383e-05,5.219106167888814e-05
20.5563312875743,5.610593429847274e-05,7.38016852099381e-05
19.9771631453915,9.416566755754466e-05,0.00012386541711782468
19.7803390040536,6.873056382251076e-05,9.040810921258602e-05
19.9771631453915,7.558098074779547e-05,9.941914021667102e-05
20.5563312875743,5.506473844132899e-05,7.243209730713213e-05
21.8480985342122,3.277188358969513e-05,4.310810017986375e-05
21.8480985342122,3.622841531873733e-05,4.765481827260352e-05
23.7364068048643,9.386813093114016e-05,0.00012347403776170315
21.8480985342122,4.616213892072557e-05,6.072162753980835e-05
20.17206691343,4.373935405197152e-05,5.7534698947478415e-05
18.7652772429228,0.0001038013755602354,0.00013654021698848327
17.6920730524217,0.0001170089793327736,0.00015391348468621037
17.0156910005239,0.0003764034192299113,0.0004951206499863323
16.7841742127221,0.00118996214316603,0.0015652749143163847
17.0156910005239,0.0003764034192284831,0.0004951206499844536
17.6920730524217,0.0001170089793327318,0.0001539134846861554
18.7652772429228,0.0001038013755598459,0.00013654021698797093
20.17206691343,4.373935405190611e-05,5.753469894739237e-05
21.8480985342122,4.616213891936366e-05,6.0721627538016895e-05
23.7364068048643,9.386813093114016e-05,0.00012347403776170315
21.8480985342122,3.91218347989888e-05,5.1460819123170136e-05
19.9771631453915,6.609553092759541e-05,8.694198979652153e-05
18.3435317635167,6.738395612975914e-05,8.863678291200177e-05
17.0156910005239,6.606903401614627e-05,8.690713578789917e-05
16.069623372565,0.000212486391254014,0.0002795043689193384
15.5750545068541,0.0004243409352554838,0.0005581776066470106
15.5750545068541,0.0003938852856469941,0.0005181162781373967
16.069623372565,0.0002386543426906523,0.00031392566389754707
17.0156910005239,9.25511667627101e-05,0.0001217417045209057
18.3435317635167,8.138628718372555e-05,0.00010705543401497966
19.9771631453915,9.1106163716995e-05,0.00011984094907960168
21.8480985342122,3.77724547995031e-05,4.9685846133310474e-05
20.17206691343,5.837856211955056e-05,7.679109738438429e-05
18.3435317635167,6.923562242814589e-05,9.107246275542806e-05
16.7841742127221,5.169634603441187e-05,6.800131758325523e-05
15.5750545068541,0.0001507120365332817,0.00019824644962521763
14.802250309482,0.0001254451461461187,0.00016501040937558266
14.535521249761,0.000272134763681751,0.0003579657734078263
14.802250309482,0.0001230330133712388,0.00016183749253599792
15.5750545068541,0.0001314408500195091,0.00017289715175691417
16.7841742127221,5.338164382671089e-05,7.021815647396132e-05
18.3435317635167,5.391417294665779e-05,7.091864470157678e-05
20.17206691343,4.593904265969351e-05,6.0428166959674125e-05
18.7652772429228,0.0001106776330815559,0.00014558523868460677
17.0156910005239,7.59860067828353e-05,9.99519110244936e-05
15.5750545068541,0.0001189630850993725,0.00015648391329517453
14.535521249761,0.0002128748595185178,0.000280015359653731
13.9868118439351,0.0002291567965349122,0.0003014326019707293
13.9868118439351,0.0002289708261448877,0.00030118797672110874
14.535521249761,0.0002434011101598447,0.0003201695566854736
15.5750545068541,0.0001420950256568503,0.00018691164285112718
17.0156910005239,5.260606825726563e-05,6.919796520991039e-05
18.7652772429228,0.0001264365062864057,0.0001663144434304105
17.6920730524217,0.0001039166730894146,0.0001366918792334911
16.069623372565,0.0001982566550540747,0.0002607865893336419
14.802250309482,0.0001236447184290204,0.00016264212870648856
13.9868118439351,0.0002205079095268493,0.00029005586536761464
13.7042208583829,0.0001700393935809342,0.0002236696341529505
13.9868118439351,0.0001976712907755891,0.00026001660179570844
14.802250309482,0.0001226606633304805,0.00016134770369566305
16.069623372565,0.0002445311862618546,0.0003216560575661136
17.6920730524217,0.0001065823317301473,0.0001401982837224341
17.0156910005239,0.0003510023180568288,0.00046170806901425754
15.5750545068541,0.0004126917356594788,0.000542854262115245
14.535521249761,0.0002768926201642815,0.00036422425267188766
13.9868118439351,0.0002267367909363127,0.00029824932922735057
13.9868118439351,0.0001940451946650147,0.0002552468388991501
14.535521249761,0.0002539766129298378,0.0003340805615751846
15.5750545068541,0.0003912102696047957,0.0005145975649327003
17.0156910005239,0.0003503339356784595,0.00046082887955765093
16.7841742127221,0.001104291245079523,0.001452583507760391
15.5750545068541,0.0005016390238433562,0.0006598554286567826
14.802250309482,0.0001614268284617422,0.00021234067532311773
14.535521249761,0.0002185605199643394,0.0002874942712462351
14.802250309482,0.0001224701745206154,0.00016109713492147793
15.5750545068541,0.0003756438043372609,0.0004941214533792508
16.7841742127221,0.001101875365792354,0.0014494056627625989
17.0156910005239,0.0003510023180589918,0.0004617080690171027
16.069623372565,0.0002214627433507475,0.000291311852745425
15.5750545068541,0.0001665157209597262,0.00021903459900337363
15.5750545068541,0.0001431739550204473,0.00018833086536745397
16.069623372565,0.0002297678321228415,0.00030223635752130135
17.0156910005239,0.0003503339356774552,0.0004608288795563299
17.6920730524217,0.0001039166730891766,0.00013669187923317803
17.0156910005239,7.014596789024045e-05,9.226993019030558e-05
16.7841742127221,4.185435449343203e-05,5.505517256974923e-05
17.0156910005239,7.215771736720956e-05,9.491618327345892e-05
17.6920730524217,0.0001065823317199304,0.00014019828370899482
18.7652772429228,0.0001106776330826915,0.00014558523868610056
18.3435317635167,7.713051785256872e-05,0.00010145739964604312
18.3435317635167,8.54479512176574e-05,0.00011239814248617476
18.7652772429228,0.0001264365062865239,0.00016631444343056596
20.17206691343,5.837856211939414e-05,7.679109738417854e-05
19.9771631453915,8.118112248480106e-05,0.00010678556059222073
20.17206691343,4.593904266130746e-05,6.0428166961797115e-05
21.8480985342122,3.912183479819774e-05,5.146081912212958e-05
21.8480985342122,3.777245479995189e-05,4.968584613390081e-05
23.7364068048643,9.386813093114016e-05,0.00012347403776170315
20.5563312875743,5.61059342946935e-05,7.38016852049669e-05
19.1777501925634,2.927367423767241e-05,3.850655938699489e-05
18.1289801515926,0.0001210867087284054,0.0001592773255167858
17.4695223938699,0.0001078631449219566,0.0001418830640077384
17.2440997575291,0.0002851184868288953,0.0003750445487733871
17.4695223938699,0.0001116629269385928,0.0001468812931570176
18.1289801515926,0.0001245328493813141,0.00016381037519923376
19.1777501925634,3.679168269623293e-05,4.8395739570907066e-05
20.5563312875743,5.506473843834666e-05,7.243209730320918e-05
19.1777501925634,4.905059830535245e-05,6.452110388596247e-05
17.9118587844627,6.242692758379892e-05,8.211631293142091e-05
17.0156910005239,0.0001357061845773904,0.00017850776821472431
16.5494189559845,0.000167950168162231,0.0002209214692999515
16.5494189559845,0.0001494594990139118,0.00019659886312881577
17.0156910005239,0.0001145132035007954,0.00015063054385990924
17.9118587844627,6.178358734792588e-05,8.127006388193166e-05
19.1777501925634,3.967698391992678e-05,5.219106167559037e-05
18.1289801515926,0.0001215636248347628,0.00015990466044655803
17.0156910005239,9.968749295878487e-05,0.00013112882027013014
16.3112854048476,8.352344555509295e-05,0.00010986664982199875
16.069623372565,0.0001682236244845809,0.00022128117345020004
16.3112854048476,8.640087066560029e-05,0.00011365161169592683
17.0156910005239,0.0001318062933799818,0.00017337785555748172
18.1289801515926,0.0001251359447237076,0.0001646036861594278
17.4695223938699,0.000106605675759894,0.00014022899043387985
16.5494189559845,0.0001430092669168733,0.00018811423481438036
16.069623372565,0.0001670774530816664,0.0002197735008281824
16.069623372565,0.0001630987597435762,0.00021453993192043492
16.5494189559845,0.0001466401205564185,0.00019289025575939414
17.4695223938699,0.0001237024832294366,0.00016271811246239314
17.2440997575291,0.0002830172738362645,0.00037228061547862706
16.5494189559845,0.0001638961753420916,0.00021558885153507058
16.3112854048476,0.0001119354873360708,0.00014723981880866
16.5494189559845,0.0001138233750054984,0.0001497231442043234
17.2440997575291,0.0002857154665945648,0.000375829815310582
17.4695223938699,0.0001147835959963141,0.00015098621785566236
17.0156910005239,0.0001468369512807899,0.00019314916668105214
17.0156910005239,0.0001421204434009588,0.00018694507732419847
17.4695223938699,0.0001185507479975838,0.0001559415255180688
18.1289801515926,0.0001242481804936574,0.00016343592205272453
17.9118587844627,6.185741680226978e-05,8.136717906621366e-05
18.1289801515926,0.0001270429938040408,0.0001671122164542434
19.1777501925634,2.838494299063524e-05,3.73375232671943e-05
19.1777501925634,3.118879626963855e-05,4.1025708833644946e-05
20.5563312875743,5.755593087933147e-05,7.570900914196173e-05
19.3806949996813,7.917874300297725e-05,0.00010415163279053322
18.7652772429228,8.676577486270305e-05,0.00011413160628158151
18.5556027598526,6.50093556134687e-05,8.551323596471576e-05
18.7652772429228,0.0001042306658449919,0.00013710490496410347
19.3806949996813,5.640168847367013e-05,7.419071993167228e-05
18.7652772429228,9.930120198696654e-05,0.00013062069354417784
18.3435317635167,8.340747051902111e-05,0.00010971409638515814
18.3435317635167,9.685735730131193e-05,0.00012740606289150601
18.7652772429228,8.840559204257013e-05,0.000116288620023953
18.5556027598526,5.009331296580981e-05,6.58926896210022e-05
18.3435317635167,8.570428165364232e-05,0.00011273531926404726
18.5556027598526,6.85188933467718e-05,9.012967809805148e-05
18.7652772429228,8.613289634360482e-05,0.00011329911856300712
18.7652772429228,0.000105379380034767,0.00013861592236520358
19.3806949996813,9.801449268267535e-05,0.0001289281575189007
20.5563312875743,7.541245583730897e-05,9.91974627319402e-05
