q_index,qx_cart_2pi_alat,qy_cart_2pi_alat,qz_cart_2pi_alat,mode,frequency_meV
1,0.0,0.0,0.0,1,-0.0
1,0.0,0.0,0.0,2,-0.0
1,0.0,0.0,0.0,3,0.0
2,-0.058926,0.058926,-0.058926,1,5.9373
2,-0.058926,0.058926,-0.058926,2,5.9373
2,-0.058926,0.058926,-0.058926,3,11.0593
3,-0.117851,0.117851,-0.117851,1,11.0617
3,-0.117851,0.117851,-0.117851,2,11.0617
3,-0.117851,0.117851,-0.117851,3,21.1855
4,-0.176777,0.176777,-0.176777,1,14.8669
4,-0.176777,0.176777,-0.176777,2,14.8669
4,-0.176777,0.176777,-0.176777,3,29.6349
5,-0.235702,0.235702,-0.235702,1,17.2766
5,-0.235702,0.235702,-0.235702,2,17.2766
5,-0.235702,0.235702,-0.235702,3,35.9264
6,-0.294628,0.294628,-0.294628,1,18.525
6,-0.294628,0.294628,-0.294628,2,18.525
6,-0.294628,0.294628,-0.294628,3,39.7916
7,-0.353553,0.353553,-0.353553,1,18.9003
7,-0.353553,0.353553,-0.353553,2,18.9003
7,-0.353553,0.353553,-0.353553,3,41.0944
8,-0.412479,0.412479,-0.412479,1,18.525
8,-0.412479,0.412479,-0.412479,2,18.525
8,-0.412479,0.412479,-0.412479,3,39.7916
9,-0.471405,0.471405,-0.471405,1,17.2766
9,-0.471405,0.471405,-0.471405,2,17.2766
9,-0.471405,0.471405,-0.471405,3,35.9264
10,-0.53033,0.53033,-0.53033,1,14.8669
10,-0.53033,0.53033,-0.53033,2,14.8669
10,-0.53033,0.53033,-0.53033,3,29.6349
11,-0.589256,0.589256,-0.589256,1,11.0617
11,-0.589256,0.589256,-0.589256,2,11.0617
11,-0.589256,0.589256,-0.589256,3,21.1855
12,-0.648181,0.648181,-0.648181,1,5.9373
12,-0.648181,0.648181,-0.648181,2,5.9373
12,-0.648181,0.648181,-0.648181,3,11.0593
13,0.058926,0.058926,0.058926,1,5.9373
13,0.058926,0.058926,0.058926,2,5.9373
13,0.058926,0.058926,0.058926,3,11.0593
14,0.0,0.117851,0.0,1,6.8906
14,0.0,0.117851,0.0,2,6.8906
14,0.0,0.117851,0.0,3,12.6468
15,-0.058926,0.176777,-0.058926,1,10.9529
15,-0.058926,0.176777,-0.058926,2,11.2788
15,-0.058926,0.176777,-0.058926,3,19.9977
16,-0.117851,0.235702,-0.117851,1,14.7722
16,-0.117851,0.235702,-0.117851,2,15.4938
16,-0.117851,0.235702,-0.117851,3,27.6667
17,-0.176777,0.294628,-0.176777,1,17.4576
17,-0.176777,0.294628,-0.176777,2,18.3918
17,-0.176777,0.294628,-0.176777,3,34.0733
18,-0.235702,0.353553,-0.235702,1,18.9689
18,-0.235702,0.353553,-0.235702,2,20.0426
18,-0.235702,0.353553,-0.235702,3,38.5178
19,-0.294628,0.412479,-0.294628,1,19.5243
19,-0.294628,0.412479,-0.294628,2,20.7732
19,-0.294628,0.412479,-0.294628,3,40.6112
20,-0.353553,0.471405,-0.353553,1,19.3102
20,-0.353553,0.471405,-0.353553,2,20.7679
20,-0.353553,0.471405,-0.353553,3,40.1778
21,-0.412479,0.53033,-0.412479,1,18.3356
21,-0.412479,0.53033,-0.412479,2,19.9414
21,-0.412479,0.53033,-0.412479,3,37.2436
22,-0.471405,0.589256,-0.471405,1,16.4264
22,-0.471405,0.589256,-0.471405,2,17.993
22,-0.471405,0.589256,-0.471405,3,32.0449
23,-0.53033,0.648181,-0.53033,1,13.3926
23,-0.53033,0.648181,-0.53033,2,14.6122
23,-0.53033,0.648181,-0.53033,3,25.0748
24,-0.589256,0.707107,-0.589256,1,9.4081
24,-0.589256,0.707107,-0.589256,2,9.9223
24,-0.589256,0.707107,-0.589256,3,17.287
25,0.117851,0.117851,0.117851,1,11.0617
25,0.117851,0.117851,0.117851,2,11.0617
25,0.117851,0.117851,0.117851,3,21.1855
26,0.058926,0.176777,0.058926,1,10.9529
26,0.058926,0.176777,0.058926,2,11.2788
26,0.058926,0.176777,0.058926,3,19.9977
27,0.0,0.235702,0.0,1,13.2766
27,0.0,0.235702,0.0,2,13.2766
27,0.0,0.235702,0.0,3,23.3324
28,-0.058926,0.294628,-0.058926,1,16.3266
28,-0.058926,0.294628,-0.058926,2,17.0152
28,-0.058926,0.294628,-0.058926,3,28.2474
29,-0.117851,0.353553,-0.117851,1,18.8553
29,-0.117851,0.353553,-0.117851,2,20.8498
29,-0.117851,0.353553,-0.117851,3,32.9699
30,-0.176777,0.412479,-0.176777,1,20.454
30,-0.176777,0.412479,-0.176777,2,23.5022
30,-0.176777,0.412479,-0.176777,3,36.8919
31,-0.235702,0.471405,-0.235702,1,21.1292
31,-0.235702,0.471405,-0.235702,2,24.9519
31,-0.235702,0.471405,-0.235702,3,39.2999
32,-0.294628,0.53033,-0.294628,1,20.9964
32,-0.294628,0.53033,-0.294628,2,25.4879
32,-0.294628,0.53033,-0.294628,3,39.5939
33,-0.353553,0.589256,-0.353553,1,20.1366
33,-0.353553,0.589256,-0.353553,2,25.109
33,-0.353553,0.589256,-0.353553,3,37.6407
34,-0.412479,0.648181,-0.412479,1,18.5505
34,-0.412479,0.648181,-0.412479,2,23.3956
34,-0.412479,0.648181,-0.412479,3,33.9195
35,-0.471405,0.707107,-0.471405,1,16.2217
35,-0.471405,0.707107,-0.471405,2,19.7216
35,-0.471405,0.707107,-0.471405,3,29.4701
36,-0.53033,0.766032,-0.53033,1,13.3926
36,-0.53033,0.766032,-0.53033,2,14.6122
36,-0.53033,0.766032,-0.53033,3,25.0748
37,0.176777,0.176777,0.176777,1,14.8669
37,0.176777,0.176777,0.176777,2,14.8669
37,0.176777,0.176777,0.176777,3,29.6349
38,0.117851,0.235702,0.117851,1,14.7722
38,0.117851,0.235702,0.117851,2,15.4938
38,0.117851,0.235702,0.117851,3,27.6667
39,0.058926,0.294628,0.058926,1,16.3266
39,0.058926,0.294628,0.058926,2,17.0152
39,0.058926,0.294628,0.058926,3,28.2474
40,0.0,0.353553,0.0,1,18.6716
40,0.0,0.353553,0.0,2,18.6716
40,0.0,0.353553,0.0,3,31.1471
41,-0.058926,0.412479,-0.058926,1,20.8571
41,-0.058926,0.412479,-0.058926,2,21.8481
41,-0.058926,0.412479,-0.058926,3,34.144
42,-0.117851,0.471405,-0.117851,1,22.3843
42,-0.117851,0.471405,-0.117851,2,25.6514
42,-0.117851,0.471405,-0.117851,3,36.4484
43,-0.176777,0.53033,-0.176777,1,23.0978
43,-0.176777,0.53033,-0.176777,2,28.6935
43,-0.176777,0.53033,-0.176777,3,37.9178
44,-0.235702,0.589256,-0.235702,1,22.9831
44,-0.235702,0.589256,-0.235702,2,30.3848
44,-0.235702,0.589256,-0.235702,3,38.1935
45,-0.294628,0.648181,-0.294628,1,22.0939
45,-0.294628,0.648181,-0.294628,2,30.4877
45,-0.294628,0.648181,-0.294628,3,37.074
46,-0.353553,0.707107,-0.353553,1,20.5529
46,-0.353553,0.707107,-0.353553,2,28.199
46,-0.353553,0.707107,-0.353553,3,35.4153
47,-0.412479,0.766032,-0.412479,1,18.5505
47,-0.412479,0.766032,-0.412479,2,23.3956
47,-0.412479,0.766032,-0.412479,3,33.9195
48,-0.471405,0.824958,-0.471405,1,16.4264
48,-0.471405,0.824958,-0.471405,2,17.993
48,-0.471405,0.824958,-0.471405,3,32.0449
49,0.235702,0.235702,0.235702,1,17.2766
49,0.235702,0.235702,0.235702,2,17.2766
49,0.235702,0.235702,0.235702,3,35.9264
50,0.176777,0.294628,0.176777,1,17.4576
50,0.176777,0.294628,0.176777,2,18.3918
50,0.176777,0.294628,0.176777,3,34.0733
51,0.117851,0.353553,0.117851,1,18.8553
51,0.117851,0.353553,0.117851,2,20.8498
51,0.117851,0.353553,0.117851,3,32.9699
52,0.058926,0.412479,0.058926,1,20.8571
52,0.058926,0.412479,0.058926,2,21.8481
52,0.058926,0.412479,0.058926,3,34.144
53,0.0,0.471405,0.0,1,22.764
53,0.0,0.471405,0.0,2,22.764
53,0.0,0.471405,0.0,3,36.3824
54,-0.058926,0.53033,-0.058926,1,24.1477
54,-0.058926,0.53033,-0.058926,2,25.3801
54,-0.058926,0.53033,-0.058926,3,37.9839
55,-0.117851,0.589256,-0.117851,1,24.8179
55,-0.117851,0.589256,-0.117851,2,29.1424
55,-0.117851,0.589256,-0.117851,3,38.3887
56,-0.176777,0.648181,-0.176777,1,24.6803
56,-0.176777,0.648181,-0.176777,2,32.7511
56,-0.176777,0.648181,-0.176777,3,37.3931
57,-0.235702,0.707107,-0.235702,1,23.7221
57,-0.235702,0.707107,-0.235702,2,34.6256
57,-0.235702,0.707107,-0.235702,3,35.5944
58,-0.294628,0.766032,-0.294628,1,22.0939
58,-0.294628,0.766032,-0.294628,2,30.4877
58,-0.294628,0.766032,-0.294628,3,37.074
59,-0.353553,0.824958,-0.353553,1,20.1366
59,-0.353553,0.824958,-0.353553,2,25.109
59,-0.353553,0.824958,-0.353553,3,37.6407
60,-0.412479,0.883883,-0.412479,1,18.3356
60,-0.412479,0.883883,-0.412479,2,19.9414
60,-0.412479,0.883883,-0.412479,3,37.2436
61,0.294628,0.294628,0.294628,1,18.525
61,0.294628,0.294628,0.294628,2,18.525
61,0.294628,0.294628,0.294628,3,39.7916
62,0.235702,0.353553,0.235702,1,18.9689
62,0.235702,0.353553,0.235702,2,20.0426
62,0.235702,0.353553,0.235702,3,38.5178
63,0.176777,0.412479,0.176777,1,20.454
63,0.176777,0.412479,0.176777,2,23.5022
63,0.176777,0.412479,0.176777,3,36.8919
64,0.117851,0.471405,0.117851,1,22.3843
64,0.117851,0.471405,0.117851,2,25.6514
64,0.117851,0.471405,0.117851,3,36.4484
65,0.058926,0.53033,0.058926,1,24.1477
65,0.058926,0.53033,0.058926,2,25.3801
65,0.058926,0.53033,0.058926,3,37.9839
66,0.0,0.589256,0.0,1,25.3765
66,0.0,0.589256,0.0,2,25.3765
66,0.0,0.589256,0.0,3,39.5763
67,-0.058926,0.648181,-0.058926,1,25.9206
67,-0.058926,0.648181,-0.058926,2,27.2912
67,-0.058926,0.648181,-0.058926,3,40.0031
68,-0.117851,0.707107,-0.117851,1,25.7013
68,-0.117851,0.707107,-0.117851,2,30.4626
68,-0.117851,0.707107,-0.117851,3,39.0196
69,-0.176777,0.766032,-0.176777,1,24.6803
69,-0.176777,0.766032,-0.176777,2,32.7511
69,-0.176777,0.766032,-0.176777,3,37.3931
70,-0.235702,0.824958,-0.235702,1,22.9831
70,-0.235702,0.824958,-0.235702,2,30.3848
70,-0.235702,0.824958,-0.235702,3,38.1935
71,-0.294628,0.883883,-0.294628,1,20.9964
71,-0.294628,0.883883,-0.294628,2,25.4879
71,-0.294628,0.883883,-0.294628,3,39.5939
72,-0.353553,0.942809,-0.353553,1,19.3102
72,-0.353553,0.942809,-0.353553,2,20.7679
72,-0.353553,0.942809,-0.353553,3,40.1778
73,0.353553,0.353553,0.353553,1,18.9003
73,0.353553,0.353553,0.353553,2,18.9003
73,0.353553,0.353553,0.353553,3,41.0944
74,0.294628,0.412479,0.294628,1,19.5243
74,0.294628,0.412479,0.294628,2,20.7732
74,0.294628,0.412479,0.294628,3,40.6112
75,0.235702,0.471405,0.235702,1,21.1292
75,0.235702,0.471405,0.235702,2,24.9519
75,0.235702,0.471405,0.235702,3,39.2999
76,0.176777,0.53033,0.176777,1,23.0978
76,0.176777,0.53033,0.176777,2,28.6935
76,0.176777,0.53033,0.176777,3,37.9178
77,0.117851,0.589256,0.117851,1,24.8179
77,0.117851,0.589256,0.117851,2,29.1424
77,0.117851,0.589256,0.117851,3,38.3887
78,0.058926,0.648181,0.058926,1,25.9206
78,0.058926,0.648181,0.058926,2,27.2912
78,0.058926,0.648181,0.058926,3,40.0031
79,0.0,0.707107,0.0,1,26.2909
79,0.0,0.707107,0.0,2,26.2909
79,0.0,0.707107,0.0,3,40.7011
80,-0.058926,0.766032,-0.058926,1,25.9206
80,-0.058926,0.766032,-0.058926,2,27.2912
80,-0.058926,0.766032,-0.058926,3,40.0031
81,-0.117851,0.824958,-0.117851,1,24.8179
81,-0.117851,0.824958,-0.117851,2,29.1424
81,-0.117851,0.824958,-0.117851,3,38.3887
82,-0.176777,0.883883,-0.176777,1,23.0978
82,-0.176777,0.883883,-0.176777,2,28.6935
82,-0.176777,0.883883,-0.176777,3,37.9178
83,-0.235702,0.942809,-0.235702,1,21.1292
83,-0.235702,0.942809,-0.235702,2,24.9519
83,-0.235702,0.942809,-0.235702,3,39.2999
84,-0.294628,1.001735,-0.294628,1,19.5243
84,-0.294628,1.001735,-0.294628,2,20.7732
84,-0.294628,1.001735,-0.294628,3,40.6112
85,0.412479,0.412479,0.412479,1,18.525
85,0.412479,0.412479,0.412479,2,18.525
85,0.412479,0.412479,0.412479,3,39.7916
86,0.353553,0.471405,0.353553,1,19.3102
86,0.353553,0.471405,0.353553,2,20.7679
86,0.353553,0.471405,0.353553,3,40.1778
87,0.294628,0.53033,0.294628,1,20.9964
87,0.294628,0.53033,0.294628,2,25.4879
87,0.294628,0.53033,0.294628,3,39.5939
88,0.235702,0.589256,0.235702,1,22.9831
88,0.235702,0.589256,0.235702,2,30.3848
88,0.235702,0.589256,0.235702,3,38.1935
89,0.176777,0.648181,0.176777,1,24.6803
89,0.176777,0.648181,0.176777,2,32.7511
89,0.176777,0.648181,0.176777,3,37.3931
90,0.117851,0.707107,0.117851,1,25.7013
90,0.117851,0.707107,0.117851,2,30.4626
90,0.117851,0.707107,0.117851,3,39.0196
91,0.058926,0.766032,0.058926,1,25.9206
91,0.058926,0.766032,0.058926,2,27.2912
91,0.058926,0.766032,0.058926,3,40.0031
92,0.0,0.824958,0.0,1,25.3765
92,0.0,0.824958,0.0,2,25.3765
92,0.0,0.824958,0.0,3,39.5763
93,-0.058926,0.883883,-0.058926,1,24.1477
93,-0.058926,0.883883,-0.058926,2,25.3801
93,-0.058926,0.883883,-0.058926,3,37.9839
94,-0.117851,0.942809,-0.117851,1,22.3843
94,-0.117851,0.942809,-0.117851,2,25.6514
94,-0.117851,0.942809,-0.117851,3,36.4484
95,-0.176777,1.001735,-0.176777,1,20.454
95,-0.176777,1.001735,-0.176777,2,23.5022
95,-0.176777,1.001735,-0.176777,3,36.8919
96,-0.235702,1.06066,-0.235702,1,18.9689
96,-0.235702,1.06066,-0.235702,2,20.0426
96,-0.235702,1.06066,-0.235702,3,38.5178
97,0.471405,0.471405,0.471405,1,17.2766
97,0.471405,0.471405,0.471405,2,17.2766
97,0.471405,0.471405,0.471405,3,35.9264
98,0.412479,0.53033,0.412479,1,18.3356
98,0.412479,0.53033,0.412479,2,19.9414
98,0.412479,0.53033,0.412479,3,37.2436
99,0.353553,0.589256,0.353553,1,20.1366
99,0.353553,0.589256,0.353553,2,25.109
99,0.353553,0.589256,0.353553,3,37.6407
100,0.294628,0.648181,0.294628,1,22.0939
100,0.294628,0.648181,0.294628,2,30.4877
100,0.294628,0.648181,0.294628,3,37.074
101,0.235702,0.707107,0.235702,1,23.7221
101,0.235702,0.707107,0.235702,2,34.6256
101,0.235702,0.707107,0.235702,3,35.5944
102,0.176777,0.766032,0.176777,1,24.6803
102,0.176777,0.766032,0.176777,2,32.7511
102,0.176777,0.766032,0.176777,3,37.3931
103,0.117851,0.824958,0.117851,1,24.8179
103,0.117851,0.824958,0.117851,2,29.1424
103,0.117851,0.824958,0.117851,3,38.3887
104,0.058926,0.883883,0.058926,1,24.1477
104,0.058926,0.883883,0.058926,2,25.3801
104,0.058926,0.883883,0.058926,3,37.9839
105,0.0,0.942809,0.0,1,22.764
105,0.0,0.942809,0.0,2,22.764
105,0.0,0.942809,0.0,3,36.3824
106,-0.058926,1.001735,-0.058926,1,20.8571
106,-0.058926,1.001735,-0.058926,2,21.8481
106,-0.058926,1.001735,-0.058926,3,34.144
107,-0.117851,1.06066,-0.117851,1,18.8553
107,-0.117851,1.06066,-0.117851,2,20.8498
107,-0.117851,1.06066,-0.117851,3,32.9699
108,-0.176777,1.119586,-0.176777,1,17.4576
108,-0.176777,1.119586,-0.176777,2,18.3918
108,-0.176777,1.119586,-0.176777,3,34.0733
109,0.53033,0.53033,0.53033,1,14.8669
109,0.53033,0.53033,0.53033,2,14.8669
109,0.53033,0.53033,0.53033,3,29.6349
110,0.471405,0.589256,0.471405,1,16.4264
110,0.471405,0.589256,0.471405,2,17.993
110,0.471405,0.589256,0.471405,3,32.0449
111,0.412479,0.648181,0.412479,1,18.5505
111,0.412479,0.648181,0.412479,2,23.3956
111,0.412479,0.648181,0.412479,3,33.9195
112,0.353553,0.707107,0.353553,1,20.5529
112,0.353553,0.707107,0.353553,2,28.199
112,0.353553,0.707107,0.353553,3,35.4153
113,0.294628,0.766032,0.294628,1,22.0939
113,0.294628,0.766032,0.294628,2,30.4877
113,0.294628,0.766032,0.294628,3,37.074
114,0.235702,0.824958,0.235702,1,22.9831
114,0.235702,0.824958,0.235702,2,30.3848
114,0.235702,0.824958,0.235702,3,38.1935
115,0.176777,0.883883,0.176777,1,23.0978
115,0.176777,0.883883,0.176777,2,28.6935
115,0.176777,0.883883,0.176777,3,37.9178
116,0.117851,0.942809,0.117851,1,22.3843
116,0.117851,0.942809,0.117851,2,25.6514
116,0.117851,0.942809,0.117851,3,36.4484
117,0.058926,1.001735,0.058926,1,20.8571
117,0.058926,1.001735,0.058926,2,21.8481
117,0.058926,1.001735,0.058926,3,34.144
118,0.0,1.06066,0.0,1,18.6716
118,0.0,1.06066,0.0,2,18.6716
118,0.0,1.06066,0.0,3,31.1471
119,-0.058926,1.119586,-0.058926,1,16.3266
119,-0.058926,1.119586,-0.058926,2,17.0152
119,-0.058926,1.119586,-0.058926,3,28.2474
120,-0.117851,1.178511,-0.117851,1,14.7722
120,-0.117851,1.178511,-0.117851,2,15.4938
120,-0.117851,1.178511,-0.117851,3,27.6667
121,0.589256,0.589256,0.589256,1,11.0617
121,0.589256,0.589256,0.589256,2,11.0617
121,0.589256,0.589256,0.589256,3,21.1855
122,0.53033,0.648181,0.53033,1,13.3926
122,0.53033,0.648181,0.53033,2,14.6122
122,0.53033,0.648181,0.53033,3,25.0748
123,0.471405,0.707107,0.471405,1,16.2217
123,0.471405,0.707107,0.471405,2,19.7216
123,0.471405,0.707107,0.471405,3,29.4701
124,0.412479,0.766032,0.412479,1,18.5505
124,0.412479,0.766032,0.412479,2,23.3956
124,0.412479,0.766032,0.412479,3,33.9195
125,0.353553,0.824958,0.353553,1,20.1366
125,0.353553,0.824958,0.353553,2,25.109
125,0.353553,0.824958,0.353553,3,37.6407
126,0.294628,0.883883,0.294628,1,20.9964
126,0.294628,0.883883,0.294628,2,25.4879
126,0.294628,0.883883,0.294628,3,39.5939
127,0.235702,0.942809,0.235702,1,21.1292
127,0.235702,0.942809,0.235702,2,24.9519
127,0.235702,0.942809,0.235702,3,39.2999
128,0.176777,1.001735,0.176777,1,20.454
128,0.176777,1.001735,0.176777,2,23.5022
128,0.176777,1.001735,0.176777,3,36.8919
129,0.117851,1.06066,0.117851,1,18.8553
129,0.117851,1.06066,0.117851,2,20.8498
129,0.117851,1.06066,0.117851,3,32.9699
130,0.058926,1.119586,0.058926,1,16.3266
130,0.058926,1.119586,0.058926,2,17.0152
130,0.058926,1.119586,0.058926,3,28.2474
131,0.0,1.178511,0.0,1,13.2766
131,0.0,1.178511,0.0,2,13.2766
131,0.0,1.178511,0.0,3,23.3324
132,-0.058926,1.237437,-0.058926,1,10.9529
132,-0.058926,1.237437,-0.058926,2,11.2788
132,-0.058926,1.237437,-0.058926,3,19.9977
133,0.648181,0.648181,0.648181,1,5.9373
133,0.648181,0.648181,0.648181,2,5.9373
133,0.648181,0.648181,0.648181,3,11.0593
134,0.589256,0.707107,0.589256,1,9.4081
134,0.589256,0.707107,0.589256,2,9.9223
134,0.589256,0.707107,0.589256,3,17.287
135,0.53033,0.766032,0.53033,1,13.3926
135,0.53033,0.766032,0.53033,2,14.6122
135,0.53033,0.766032,0.53033,3,25.0748
136,0.471405,0.824958,0.471405,1,16.4264
136,0.471405,0.824958,0.471405,2,17.993
136,0.471405,0.824958,0.471405,3,32.0449
137,0.412479,0.883883,0.412479,1,18.3356
137,0.412479,0.883883,0.412479,2,19.9414
137,0.412479,0.883883,0.412479,3,37.2436
138,0.353553,0.942809,0.353553,1,19.3102
138,0.353553,0.942809,0.353553,2,20.7679
138,0.353553,0.942809,0.353553,3,40.1778
139,0.294628,1.001735,0.294628,1,19.5243
139,0.294628,1.001735,0.294628,2,20.7732
139,0.294628,1.001735,0.294628,3,40.6112
140,0.235702,1.06066,0.235702,1,18.9689
140,0.235702,1.06066,0.235702,2,20.0426
140,0.235702,1.06066,0.235702,3,38.5178
141,0.176777,1.119586,0.176777,1,17.4576
141,0.176777,1.119586,0.176777,2,18.3918
141,0.176777,1.119586,0.176777,3,34.0733
142,0.117851,1.178511,0.117851,1,14.7722
142,0.117851,1.178511,0.117851,2,15.4938
142,0.117851,1.178511,0.117851,3,27.6667
143,0.058926,1.237437,0.058926,1,10.9529
143,0.058926,1.237437,0.058926,2,11.2788
143,0.058926,1.237437,0.058926,3,19.9977
144,0.0,1.296362,0.0,1,6.8906
144,0.0,1.296362,0.0,2,6.8906
144,0.0,1.296362,0.0,3,12.6468
145,-0.058926,-0.058926,0.058926,1,5.9373
145,-0.058926,-0.058926,0.058926,2,5.9373
145,-0.058926,-0.058926,0.058926,3,11.0593
146,-0.117851,0.0,0.0,1,6.8906
146,-0.117851,0.0,0.0,2,6.8906
146,-0.117851,0.0,0.0,3,12.6468
147,-0.176777,0.058926,-0.058926,1,10.9529
147,-0.176777,0.058926,-0.058926,2,11.2788
147,-0.176777,0.058926,-0.058926,3,19.9977
148,-0.235702,0.117851,-0.117851,1,14.7722
148,-0.235702,0.117851,-0.117851,2,15.4938
148,-0.235702,0.117851,-0.117851,3,27.6667
149,-0.294628,0.176777,-0.176777,1,17.4576
149,-0.294628,0.176777,-0.176777,2,18.3918
149,-0.294628,0.176777,-0.176777,3,34.0733
150,-0.353553,0.235702,-0.235702,1,18.9689
150,-0.353553,0.235702,-0.235702,2,20.0426
150,-0.353553,0.235702,-0.235702,3,38.5178
151,-0.412479,0.294628,-0.294628,1,19.5243
151,-0.412479,0.294628,-0.294628,2,20.7732
151,-0.412479,0.294628,-0.294628,3,40.6112
152,-0.471405,0.353553,-0.353553,1,19.3102
152,-0.471405,0.353553,-0.353553,2,20.7679
152,-0.471405,0.353553,-0.353553,3,40.1778
153,-0.53033,0.412479,-0.412479,1,18.3356
153,-0.53033,0.412479,-0.412479,2,19.9414
153,-0.53033,0.412479,-0.412479,3,37.2436
154,-0.589256,0.471405,-0.471405,1,16.4264
154,-0.589256,0.471405,-0.471405,2,17.993
154,-0.589256,0.471405,-0.471405,3,32.0449
155,-0.648181,0.53033,-0.53033,1,13.3926
155,-0.648181,0.53033,-0.53033,2,14.6122
155,-0.648181,0.53033,-0.53033,3,25.0748
156,-0.707107,0.589256,-0.589256,1,9.4081
156,-0.707107,0.589256,-0.589256,2,9.9223
156,-0.707107,0.589256,-0.589256,3,17.287
157,0.0,0.0,0.117851,1,6.8906
157,0.0,0.0,0.117851,2,6.8906
157,0.0,0.0,0.117851,3,12.6468
158,-0.058926,0.058926,0.058926,1,5.9373
158,-0.058926,0.058926,0.058926,2,5.9373
158,-0.058926,0.058926,0.058926,3,11.0593
159,-0.117851,0.117851,-0.0,1,9.4081
159,-0.117851,0.117851,-0.0,2,9.9223
159,-0.117851,0.117851,-0.0,3,17.287
160,-0.176777,0.176777,-0.058926,1,13.3926
160,-0.176777,0.176777,-0.058926,2,14.6122
160,-0.176777,0.176777,-0.058926,3,25.0748
161,-0.235702,0.235702,-0.117851,1,16.4264
161,-0.235702,0.235702,-0.117851,2,17.993
161,-0.235702,0.235702,-0.117851,3,32.0449
162,-0.294628,0.294628,-0.176777,1,18.3356
162,-0.294628,0.294628,-0.176777,2,19.9414
162,-0.294628,0.294628,-0.176777,3,37.2436
163,-0.353553,0.353553,-0.235702,1,19.3102
163,-0.353553,0.353553,-0.235702,2,20.7679
163,-0.353553,0.353553,-0.235702,3,40.1778
164,-0.412479,0.412479,-0.294628,1,19.5243
164,-0.412479,0.412479,-0.294628,2,20.7732
164,-0.412479,0.412479,-0.294628,3,40.6112
165,-0.471405,0.471405,-0.353553,1,18.9689
165,-0.471405,0.471405,-0.353553,2,20.0426
165,-0.471405,0.471405,-0.353553,3,38.5178
166,-0.53033,0.53033,-0.412479,1,17.4576
166,-0.53033,0.53033,-0.412479,2,18.3918
166,-0.53033,0.53033,-0.412479,3,34.0733
167,-0.589256,0.589256,-0.471405,1,14.7722
167,-0.589256,0.589256,-0.471405,2,15.4938
167,-0.589256,0.589256,-0.471405,3,27.6667
168,-0.648181,0.648181,-0.53033,1,10.9529
168,-0.648181,0.648181,-0.53033,2,11.2788
168,-0.648181,0.648181,-0.53033,3,19.9977
169,0.058926,0.058926,0.176777,1,10.9529
169,0.058926,0.058926,0.176777,2,11.2788
169,0.058926,0.058926,0.176777,3,19.9977
170,0.0,0.117851,0.117851,1,9.4081
170,0.0,0.117851,0.117851,2,9.9223
170,0.0,0.117851,0.117851,3,17.287
171,-0.058926,0.176777,0.058926,1,10.9529
171,-0.058926,0.176777,0.058926,2,11.2788
171,-0.058926,0.176777,0.058926,3,19.9977
172,-0.117851,0.235702,0.0,1,14.1277
172,-0.117851,0.235702,0.0,2,15.336
172,-0.117851,0.235702,0.0,3,25.2266
173,-0.176777,0.294628,-0.058926,1,17.087
173,-0.176777,0.294628,-0.058926,2,19.5137
173,-0.176777,0.294628,-0.058926,3,30.7066
174,-0.235702,0.353553,-0.117851,1,19.1897
174,-0.235702,0.353553,-0.117851,2,22.2373
174,-0.235702,0.353553,-0.117851,3,35.5522
175,-0.294628,0.412479,-0.176777,1,20.3864
175,-0.294628,0.412479,-0.176777,2,23.5745
175,-0.294628,0.412479,-0.176777,3,38.892
176,-0.353553,0.471405,-0.235702,1,20.7711
176,-0.353553,0.471405,-0.235702,2,23.9582
176,-0.353553,0.471405,-0.235702,3,40.0797
177,-0.412479,0.53033,-0.294628,1,20.3864
177,-0.412479,0.53033,-0.294628,2,23.5745
177,-0.412479,0.53033,-0.294628,3,38.892
178,-0.471405,0.589256,-0.353553,1,19.1897
178,-0.471405,0.589256,-0.353553,2,22.2373
178,-0.471405,0.589256,-0.353553,3,35.5522
179,-0.53033,0.648181,-0.412479,1,17.087
179,-0.53033,0.648181,-0.412479,2,19.5137
179,-0.53033,0.648181,-0.412479,3,30.7066
180,-0.589256,0.707107,-0.471405,1,14.1277
180,-0.589256,0.707107,-0.471405,2,15.336
180,-0.589256,0.707107,-0.471405,3,25.2266
181,0.117851,0.117851,0.235702,1,14.7722
181,0.117851,0.117851,0.235702,2,15.4938
181,0.117851,0.117851,0.235702,3,27.6667
182,0.058926,0.176777,0.176777,1,13.3926
182,0.058926,0.176777,0.176777,2,14.6122
182,0.058926,0.176777,0.176777,3,25.0748
183,0.0,0.235702,0.117851,1,14.1277
183,0.0,0.235702,0.117851,2,15.336
183,0.0,0.235702,0.117851,3,25.2266
184,-0.058926,0.294628,0.058926,1,16.3266
184,-0.058926,0.294628,0.058926,2,17.0152
184,-0.058926,0.294628,0.058926,3,28.2474
185,-0.117851,0.353553,-0.0,1,18.9532
185,-0.117851,0.353553,-0.0,2,20.4028
185,-0.117851,0.353553,-0.0,3,31.7428
186,-0.176777,0.412479,-0.058926,1,21.0777
186,-0.176777,0.412479,-0.058926,2,24.1666
186,-0.176777,0.412479,-0.058926,3,34.8575
187,-0.235702,0.471405,-0.117851,1,22.3685
187,-0.235702,0.471405,-0.117851,2,26.8686
187,-0.235702,0.471405,-0.117851,3,37.3964
188,-0.294628,0.53033,-0.176777,1,22.8007
188,-0.294628,0.53033,-0.176777,2,28.2355
188,-0.294628,0.53033,-0.176777,3,38.7411
189,-0.353553,0.589256,-0.235702,1,22.4064
189,-0.353553,0.589256,-0.235702,2,28.4603
189,-0.353553,0.589256,-0.235702,3,38.2887
190,-0.412479,0.648181,-0.294628,1,21.2514
190,-0.412479,0.648181,-0.294628,2,27.3292
190,-0.412479,0.648181,-0.294628,3,36.2109
191,-0.471405,0.707107,-0.353553,1,19.4205
191,-0.471405,0.707107,-0.353553,2,24.2179
191,-0.471405,0.707107,-0.353553,3,33.4937
192,-0.53033,0.766032,-0.412479,1,17.087
192,-0.53033,0.766032,-0.412479,2,19.5137
192,-0.53033,0.766032,-0.412479,3,30.7066
193,0.176777,0.176777,0.294628,1,17.4576
193,0.176777,0.176777,0.294628,2,18.3918
193,0.176777,0.176777,0.294628,3,34.0733
194,0.117851,0.235702,0.235702,1,16.4264
194,0.117851,0.235702,0.235702,2,17.993
194,0.117851,0.235702,0.235702,3,32.0449
195,0.058926,0.294628,0.176777,1,17.087
195,0.058926,0.294628,0.176777,2,19.5137
195,0.058926,0.294628,0.176777,3,30.7066
196,0.0,0.353553,0.117851,1,18.9532
196,0.0,0.353553,0.117851,2,20.4028
196,0.0,0.353553,0.117851,3,31.7428
197,-0.058926,0.412479,0.058926,1,20.8571
197,-0.058926,0.412479,0.058926,2,21.8481
197,-0.058926,0.412479,0.058926,3,34.144
198,-0.117851,0.471405,-0.0,1,23.0388
198,-0.117851,0.471405,-0.0,2,24.3854
198,-0.117851,0.471405,-0.0,3,36.1969
199,-0.176777,0.53033,-0.058926,1,24.4397
199,-0.176777,0.53033,-0.058926,2,27.9384
199,-0.176777,0.53033,-0.058926,3,37.3783
200,-0.235702,0.589256,-0.117851,1,24.8657
200,-0.235702,0.589256,-0.117851,2,31.1683
200,-0.235702,0.589256,-0.117851,3,37.5633
201,-0.294628,0.648181,-0.176777,1,24.3893
201,-0.294628,0.648181,-0.176777,2,32.9151
201,-0.294628,0.648181,-0.176777,3,36.7815
202,-0.353553,0.707107,-0.235702,1,23.1076
202,-0.353553,0.707107,-0.235702,2,31.5693
202,-0.353553,0.707107,-0.235702,3,36.2826
203,-0.412479,0.766032,-0.294628,1,21.2514
203,-0.412479,0.766032,-0.294628,2,27.3292
203,-0.412479,0.766032,-0.294628,3,36.2109
204,-0.471405,0.824958,-0.353553,1,19.1897
204,-0.471405,0.824958,-0.353553,2,22.2373
204,-0.471405,0.824958,-0.353553,3,35.5522
205,0.235702,0.235702,0.353553,1,18.9689
205,0.235702,0.235702,0.353553,2,20.0426
205,0.235702,0.235702,0.353553,3,38.5178
206,0.176777,0.294628,0.294628,1,18.3356
206,0.176777,0.294628,0.294628,2,19.9414
206,0.176777,0.294628,0.294628,3,37.2436
207,0.117851,0.353553,0.235702,1,19.1897
207,0.117851,0.353553,0.235702,2,22.2373
207,0.117851,0.353553,0.235702,3,35.5522
208,0.058926,0.412479,0.176777,1,21.0777
208,0.058926,0.412479,0.176777,2,24.1666
208,0.058926,0.412479,0.176777,3,34.8575
209,0.0,0.471405,0.117851,1,23.0388
209,0.0,0.471405,0.117851,2,24.3854
209,0.0,0.471405,0.117851,3,36.1969
210,-0.058926,0.53033,0.058926,1,24.1477
210,-0.058926,0.53033,0.058926,2,25.3801
210,-0.058926,0.53033,0.058926,3,37.9839
211,-0.117851,0.589256,0.0,1,25.8345
211,-0.117851,0.589256,0.0,2,26.9909
211,-0.117851,0.589256,0.0,3,38.9094
212,-0.176777,0.648181,-0.058926,1,26.3747
212,-0.176777,0.648181,-0.058926,2,30.2081
212,-0.176777,0.648181,-0.058926,3,38.5573
213,-0.235702,0.707107,-0.117851,1,25.8115
213,-0.235702,0.707107,-0.117851,2,33.5086
213,-0.235702,0.707107,-0.117851,3,36.8744
214,-0.294628,0.766032,-0.176777,1,24.3893
214,-0.294628,0.766032,-0.176777,2,32.9151
214,-0.294628,0.766032,-0.176777,3,36.7815
215,-0.353553,0.824958,-0.235702,1,22.4064
215,-0.353553,0.824958,-0.235702,2,28.4603
215,-0.353553,0.824958,-0.235702,3,38.2887
216,-0.412479,0.883883,-0.294628,1,20.3864
216,-0.412479,0.883883,-0.294628,2,23.5745
216,-0.412479,0.883883,-0.294628,3,38.892
217,0.294628,0.294628,0.412479,1,19.5243
217,0.294628,0.294628,0.412479,2,20.7732
217,0.294628,0.294628,0.412479,3,40.6112
218,0.235702,0.353553,0.353553,1,19.3102
218,0.235702,0.353553,0.353553,2,20.7679
218,0.235702,0.353553,0.353553,3,40.1778
219,0.176777,0.412479,0.294628,1,20.3864
219,0.176777,0.412479,0.294628,2,23.5745
219,0.176777,0.412479,0.294628,3,38.892
220,0.117851,0.471405,0.235702,1,22.3685
220,0.117851,0.471405,0.235702,2,26.8686
220,0.117851,0.471405,0.235702,3,37.3964
221,0.058926,0.53033,0.176777,1,24.4397
221,0.058926,0.53033,0.176777,2,27.9384
221,0.058926,0.53033,0.176777,3,37.3783
222,0.0,0.589256,0.117851,1,25.8345
222,0.0,0.589256,0.117851,2,26.9909
222,0.0,0.589256,0.117851,3,38.9094
223,-0.058926,0.648181,0.058926,1,25.9206
223,-0.058926,0.648181,0.058926,2,27.2912
223,-0.058926,0.648181,0.058926,3,40.0031
224,-0.117851,0.707107,0.0,1,26.8428
224,-0.117851,0.707107,0.0,2,27.9163
224,-0.117851,0.707107,0.0,3,39.8645
225,-0.176777,0.766032,-0.058926,1,26.3747
225,-0.176777,0.766032,-0.058926,2,30.2081
225,-0.176777,0.766032,-0.058926,3,38.5573
226,-0.235702,0.824958,-0.117851,1,24.8657
226,-0.235702,0.824958,-0.117851,2,31.1683
226,-0.235702,0.824958,-0.117851,3,37.5633
227,-0.294628,0.883883,-0.176777,1,22.8007
227,-0.294628,0.883883,-0.176777,2,28.2355
227,-0.294628,0.883883,-0.176777,3,38.7411
228,-0.353553,0.942809,-0.235702,1,20.7711
228,-0.353553,0.942809,-0.235702,2,23.9582
228,-0.353553,0.942809,-0.235702,3,40.0797
229,0.353553,0.353553,0.471405,1,19.3102
229,0.353553,0.353553,0.471405,2,20.7679
229,0.353553,0.353553,0.471405,3,40.1778
230,0.294628,0.412479,0.412479,1,19.5243
230,0.294628,0.412479,0.412479,2,20.7732
230,0.294628,0.412479,0.412479,3,40.6112
231,0.235702,0.471405,0.353553,1,20.7711
231,0.235702,0.471405,0.353553,2,23.9582
231,0.235702,0.471405,0.353553,3,40.0797
232,0.176777,0.53033,0.294628,1,22.8007
232,0.176777,0.53033,0.294628,2,28.2355
232,0.176777,0.53033,0.294628,3,38.7411
233,0.117851,0.589256,0.235702,1,24.8657
233,0.117851,0.589256,0.235702,2,31.1683
233,0.117851,0.589256,0.235702,3,37.5633
234,0.058926,0.648181,0.176777,1,26.3747
234,0.058926,0.648181,0.176777,2,30.2081
234,0.058926,0.648181,0.176777,3,38.5573
235,0.0,0.707107,0.117851,1,26.8428
235,0.0,0.707107,0.117851,2,27.9163
235,0.0,0.707107,0.117851,3,39.8645
236,-0.058926,0.766032,0.058926,1,25.9206
236,-0.058926,0.766032,0.058926,2,27.2912
236,-0.058926,0.766032,0.058926,3,40.0031
237,-0.117851,0.824958,-0.0,1,25.8345
237,-0.117851,0.824958,-0.0,2,26.9909
237,-0.117851,0.824958,-0.0,3,38.9094
238,-0.176777,0.883883,-0.058926,1,24.4397
238,-0.176777,0.883883,-0.058926,2,27.9384
238,-0.176777,0.883883,-0.058926,3,37.3783
239,-0.235702,0.942809,-0.117851,1,22.3685
239,-0.235702,0.942809,-0.117851,2,26.8686
239,-0.235702,0.942809,-0.117851,3,37.3964
240,-0.294628,1.001735,-0.176777,1,20.3864
240,-0.294628,1.001735,-0.176777,2,23.5745
240,-0.294628,1.001735,-0.176777,3,38.892
241,0.412479,0.412479,0.53033,1,18.3356
241,0.412479,0.412479,0.53033,2,19.9414
241,0.412479,0.412479,0.53033,3,37.2436
242,0.353553,0.471405,0.471405,1,18.9689
242,0.353553,0.471405,0.471405,2,20.0426
242,0.353553,0.471405,0.471405,3,38.5178
243,0.294628,0.53033,0.412479,1,20.3864
243,0.294628,0.53033,0.412479,2,23.5745
243,0.294628,0.53033,0.412479,3,38.892
244,0.235702,0.589256,0.353553,1,22.4064
244,0.235702,0.589256,0.353553,2,28.4603
244,0.235702,0.589256,0.353553,3,38.2887
245,0.176777,0.648181,0.294628,1,24.3893
245,0.176777,0.648181,0.294628,2,32.9151
245,0.176777,0.648181,0.294628,3,36.7815
246,0.117851,0.707107,0.235702,1,25.8115
246,0.117851,0.707107,0.235702,2,33.5086
246,0.117851,0.707107,0.235702,3,36.8744
247,0.058926,0.766032,0.176777,1,26.3747
247,0.058926,0.766032,0.176777,2,30.2081
247,0.058926,0.766032,0.176777,3,38.5573
248,0.0,0.824958,0.117851,1,25.8345
248,0.0,0.824958,0.117851,2,26.9909
248,0.0,0.824958,0.117851,3,38.9094
249,-0.058926,0.883883,0.058926,1,24.1477
249,-0.058926,0.883883,0.058926,2,25.3801
249,-0.058926,0.883883,0.058926,3,37.9839
250,-0.117851,0.942809,0.0,1,23.0388
250,-0.117851,0.942809,0.0,2,24.3854
250,-0.117851,0.942809,0.0,3,36.1969
251,-0.176777,1.001735,-0.058926,1,21.0777
251,-0.176777,1.001735,-0.058926,2,24.1666
251,-0.176777,1.001735,-0.058926,3,34.8575
252,-0.235702,1.06066,-0.117851,1,19.1897
252,-0.235702,1.06066,-0.117851,2,22.2373
252,-0.235702,1.06066,-0.117851,3,35.5522
253,0.471405,0.471405,0.589256,1,16.4264
253,0.471405,0.471405,0.589256,2,17.993
253,0.471405,0.471405,0.589256,3,32.0449
254,0.412479,0.53033,0.53033,1,17.4576
254,0.412479,0.53033,0.53033,2,18.3918
254,0.412479,0.53033,0.53033,3,34.0733
255,0.353553,0.589256,0.471405,1,19.1897
255,0.353553,0.589256,0.471405,2,22.2373
255,0.353553,0.589256,0.471405,3,35.5522
256,0.294628,0.648181,0.412479,1,21.2514
256,0.294628,0.648181,0.412479,2,27.3292
256,0.294628,0.648181,0.412479,3,36.2109
257,0.235702,0.707107,0.353553,1,23.1076
257,0.235702,0.707107,0.353553,2,31.5693
257,0.235702,0.707107,0.353553,3,36.2826
258,0.176777,0.766032,0.294628,1,24.3893
258,0.176777,0.766032,0.294628,2,32.9151
258,0.176777,0.766032,0.294628,3,36.7815
259,0.117851,0.824958,0.235702,1,24.8657
259,0.117851,0.824958,0.235702,2,31.1683
259,0.117851,0.824958,0.235702,3,37.5633
260,0.058926,0.883883,0.176777,1,24.4397
260,0.058926,0.883883,0.176777,2,27.9384
260,0.058926,0.883883,0.176777,3,37.3783
261,0.0,0.942809,0.117851,1,23.0388
261,0.0,0.942809,0.117851,2,24.3854
261,0.0,0.942809,0.117851,3,36.1969
262,-0.058926,1.001735,0.058926,1,20.8571
262,-0.058926,1.001735,0.058926,2,21.8481
262,-0.058926,1.001735,0.058926,3,34.144
263,-0.117851,1.06066,0.0,1,18.9532
263,-0.117851,1.06066,0.0,2,20.4028
263,-0.117851,1.06066,0.0,3,31.7428
264,-0.176777,1.119586,-0.058926,1,17.087
264,-0.176777,1.119586,-0.058926,2,19.5137
264,-0.176777,1.119586,-0.058926,3,30.7066
265,0.53033,0.53033,0.648181,1,13.3926
265,0.53033,0.53033,0.648181,2,14.6122
265,0.53033,0.53033,0.648181,3,25.0748
266,0.471405,0.589256,0.589256,1,14.7722
266,0.471405,0.589256,0.589256,2,15.4938
266,0.471405,0.589256,0.589256,3,27.6667
267,0.412479,0.648181,0.53033,1,17.087
267,0.412479,0.648181,0.53033,2,19.5137
267,0.412479,0.648181,0.53033,3,30.7066
268,0.353553,0.707107,0.471405,1,19.4205
268,0.353553,0.707107,0.471405,2,24.2179
268,0.353553,0.707107,0.471405,3,33.4937
269,0.294628,0.766032,0.412479,1,21.2514
269,0.294628,0.766032,0.412479,2,27.3292
269,0.294628,0.766032,0.412479,3,36.2109
270,0.235702,0.824958,0.353553,1,22.4064
270,0.235702,0.824958,0.353553,2,28.4603
270,0.235702,0.824958,0.353553,3,38.2887
271,0.176777,0.883883,0.294628,1,22.8007
271,0.176777,0.883883,0.294628,2,28.2355
271,0.176777,0.883883,0.294628,3,38.7411
272,0.117851,0.942809,0.235702,1,22.3685
272,0.117851,0.942809,0.235702,2,26.8686
272,0.117851,0.942809,0.235702,3,37.3964
273,0.058926,1.001735,0.176777,1,21.0777
273,0.058926,1.001735,0.176777,2,24.1666
273,0.058926,1.001735,0.176777,3,34.8575
274,0.0,1.06066,0.117851,1,18.9532
274,0.0,1.06066,0.117851,2,20.4028
274,0.0,1.06066,0.117851,3,31.7428
275,-0.058926,1.119586,0.058926,1,16.3266
275,-0.058926,1.119586,0.058926,2,17.0152
275,-0.058926,1.119586,0.058926,3,28.2474
276,-0.117851,1.178511,-0.0,1,14.1277
276,-0.117851,1.178511,-0.0,2,15.336
276,-0.117851,1.178511,-0.0,3,25.2266
277,0.589256,0.589256,0.707107,1,9.4081
277,0.589256,0.589256,0.707107,2,9.9223
277,0.589256,0.589256,0.707107,3,17.287
278,0.53033,0.648181,0.648181,1,10.9529
278,0.53033,0.648181,0.648181,2,11.2788
278,0.53033,0.648181,0.648181,3,19.9977
279,0.471405,0.707107,0.589256,1,14.1277
279,0.471405,0.707107,0.589256,2,15.336
279,0.471405,0.707107,0.589256,3,25.2266
280,0.412479,0.766032,0.53033,1,17.087
280,0.412479,0.766032,0.53033,2,19.5137
280,0.412479,0.766032,0.53033,3,30.7066
281,0.353553,0.824958,0.471405,1,19.1897
281,0.353553,0.824958,0.471405,2,22.2373
281,0.353553,0.824958,0.471405,3,35.5522
282,0.294628,0.883883,0.412479,1,20.3864
282,0.294628,0.883883,0.412479,2,23.5745
282,0.294628,0.883883,0.412479,3,38.892
283,0.235702,0.942809,0.353553,1,20.7711
283,0.235702,0.942809,0.353553,2,23.9582
283,0.235702,0.942809,0.353553,3,40.0797
284,0.176777,1.001735,0.294628,1,20.3864
284,0.176777,1.001735,0.294628,2,23.5745
284,0.176777,1.001735,0.294628,3,38.892
285,0.117851,1.06066,0.235702,1,19.1897
285,0.117851,1.06066,0.235702,2,22.2373
285,0.117851,1.06066,0.235702,3,35.5522
286,0.058926,1.119586,0.176777,1,17.087
286,0.058926,1.119586,0.176777,2,19.5137
286,0.058926,1.119586,0.176777,3,30.7066
287,0.0,1.178511,0.117851,1,14.1277
287,0.0,1.178511,0.117851,2,15.336
287,0.0,1.178511,0.117851,3,25.2266
288,-0.058926,1.237437,0.058926,1,10.9529
288,-0.058926,1.237437,0.058926,2,11.2788
288,-0.058926,1.237437,0.058926,3,19.9977
289,-0.117851,-0.117851,0.117851,1,11.0617
289,-0.117851,-0.117851,0.117851,2,11.0617
289,-0.117851,-0.117851,0.117851,3,21.1855
290,-0.176777,-0.058926,0.058926,1,10.9529
290,-0.176777,-0.058926,0.058926,2,11.2788
290,-0.176777,-0.058926,0.058926,3,19.9977
291,-0.235702,0.0,0.0,1,13.2766
291,-0.235702,0.0,0.0,2,13.2766
291,-0.235702,0.0,0.0,3,23.3324
292,-0.294628,0.058926,-0.058926,1,16.3266
292,-0.294628,0.058926,-0.058926,2,17.0152
292,-0.294628,0.058926,-0.058926,3,28.2474
293,-0.353553,0.117851,-0.117851,1,18.8553
293,-0.353553,0.117851,-0.117851,2,20.8498
293,-0.353553,0.117851,-0.117851,3,32.9699
294,-0.412479,0.176777,-0.176777,1,20.454
294,-0.412479,0.176777,-0.176777,2,23.5022
294,-0.412479,0.176777,-0.176777,3,36.8919
295,-0.471405,0.235702,-0.235702,1,21.1292
295,-0.471405,0.235702,-0.235702,2,24.9519
295,-0.471405,0.235702,-0.235702,3,39.2999
296,-0.53033,0.294628,-0.294628,1,20.9964
296,-0.53033,0.294628,-0.294628,2,25.4879
296,-0.53033,0.294628,-0.294628,3,39.5939
297,-0.589256,0.353553,-0.353553,1,20.1366
297,-0.589256,0.353553,-0.353553,2,25.109
297,-0.589256,0.353553,-0.353553,3,37.6407
298,-0.648181,0.412479,-0.412479,1,18.5505
298,-0.648181,0.412479,-0.412479,2,23.3956
298,-0.648181,0.412479,-0.412479,3,33.9195
299,-0.707107,0.471405,-0.471405,1,16.2217
299,-0.707107,0.471405,-0.471405,2,19.7216
299,-0.707107,0.471405,-0.471405,3,29.4701
300,-0.766032,0.53033,-0.53033,1,13.3926
300,-0.766032,0.53033,-0.53033,2,14.6122
300,-0.766032,0.53033,-0.53033,3,25.0748
301,-0.058926,-0.058926,0.176777,1,10.9529
301,-0.058926,-0.058926,0.176777,2,11.2788
301,-0.058926,-0.058926,0.176777,3,19.9977
302,-0.117851,-0.0,0.117851,1,9.4081
302,-0.117851,-0.0,0.117851,2,9.9223
302,-0.117851,-0.0,0.117851,3,17.287
303,-0.176777,0.058926,0.058926,1,10.9529
303,-0.176777,0.058926,0.058926,2,11.2788
303,-0.176777,0.058926,0.058926,3,19.9977
304,-0.235702,0.117851,0.0,1,14.1277
304,-0.235702,0.117851,0.0,2,15.336
304,-0.235702,0.117851,0.0,3,25.2266
305,-0.294628,0.176777,-0.058926,1,17.087
305,-0.294628,0.176777,-0.058926,2,19.5137
305,-0.294628,0.176777,-0.058926,3,30.7066
306,-0.353553,0.235702,-0.117851,1,19.1897
306,-0.353553,0.235702,-0.117851,2,22.2373
306,-0.353553,0.235702,-0.117851,3,35.5522
307,-0.412479,0.294628,-0.176777,1,20.3864
307,-0.412479,0.294628,-0.176777,2,23.5745
307,-0.412479,0.294628,-0.176777,3,38.892
308,-0.471405,0.353553,-0.235702,1,20.7711
308,-0.471405,0.353553,-0.235702,2,23.9582
308,-0.471405,0.353553,-0.235702,3,40.0797
309,-0.53033,0.412479,-0.294628,1,20.3864
309,-0.53033,0.412479,-0.294628,2,23.5745
309,-0.53033,0.412479,-0.294628,3,38.892
310,-0.589256,0.471405,-0.353553,1,19.1897
310,-0.589256,0.471405,-0.353553,2,22.2373
310,-0.589256,0.471405,-0.353553,3,35.5522
311,-0.648181,0.53033,-0.412479,1,17.087
311,-0.648181,0.53033,-0.412479,2,19.5137
311,-0.648181,0.53033,-0.412479,3,30.7066
312,-0.707107,0.589256,-0.471405,1,14.1277
312,-0.707107,0.589256,-0.471405,2,15.336
312,-0.707107,0.589256,-0.471405,3,25.2266
313,0.0,0.0,0.235702,1,13.2766
313,0.0,0.0,0.235702,2,13.2766
313,0.0,0.0,0.235702,3,23.3324
314,-0.058926,0.058926,0.176777,1,10.9529
314,-0.058926,0.058926,0.176777,2,11.2788
314,-0.058926,0.058926,0.176777,3,19.9977
315,-0.117851,0.117851,0.117851,1,11.0617
315,-0.117851,0.117851,0.117851,2,11.0617
315,-0.117851,0.117851,0.117851,3,21.1855
316,-0.176777,0.176777,0.058926,1,13.3926
316,-0.176777,0.176777,0.058926,2,14.6122
316,-0.176777,0.176777,0.058926,3,25.0748
317,-0.235702,0.235702,0.0,1,16.2217
317,-0.235702,0.235702,0.0,2,19.7216
317,-0.235702,0.235702,0.0,3,29.4701
318,-0.294628,0.294628,-0.058926,1,18.5505
318,-0.294628,0.294628,-0.058926,2,23.3956
318,-0.294628,0.294628,-0.058926,3,33.9195
319,-0.353553,0.353553,-0.117851,1,20.1366
319,-0.353553,0.353553,-0.117851,2,25.109
319,-0.353553,0.353553,-0.117851,3,37.6407
320,-0.412479,0.412479,-0.176777,1,20.9964
320,-0.412479,0.412479,-0.176777,2,25.4879
320,-0.412479,0.412479,-0.176777,3,39.5939
321,-0.471405,0.471405,-0.235702,1,21.1292
321,-0.471405,0.471405,-0.235702,2,24.9519
321,-0.471405,0.471405,-0.235702,3,39.2999
322,-0.53033,0.53033,-0.294628,1,20.454
322,-0.53033,0.53033,-0.294628,2,23.5022
322,-0.53033,0.53033,-0.294628,3,36.8919
323,-0.589256,0.589256,-0.353553,1,18.8553
323,-0.589256,0.589256,-0.353553,2,20.8498
323,-0.589256,0.589256,-0.353553,3,32.9699
324,-0.648181,0.648181,-0.412479,1,16.3266
324,-0.648181,0.648181,-0.412479,2,17.0152
324,-0.648181,0.648181,-0.412479,3,28.2474
325,0.058926,0.058926,0.294628,1,16.3266
325,0.058926,0.058926,0.294628,2,17.0152
325,0.058926,0.058926,0.294628,3,28.2474
326,0.0,0.117851,0.235702,1,14.1277
326,0.0,0.117851,0.235702,2,15.336
326,0.0,0.117851,0.235702,3,25.2266
327,-0.058926,0.176777,0.176777,1,13.3926
327,-0.058926,0.176777,0.176777,2,14.6122
327,-0.058926,0.176777,0.176777,3,25.0748
328,-0.117851,0.235702,0.117851,1,14.7722
328,-0.117851,0.235702,0.117851,2,15.4938
328,-0.117851,0.235702,0.117851,3,27.6667
329,-0.176777,0.294628,0.058926,1,17.087
329,-0.176777,0.294628,0.058926,2,19.5137
329,-0.176777,0.294628,0.058926,3,30.7066
330,-0.235702,0.353553,0.0,1,19.4205
330,-0.235702,0.353553,0.0,2,24.2179
330,-0.235702,0.353553,0.0,3,33.4937
331,-0.294628,0.412479,-0.058926,1,21.2514
331,-0.294628,0.412479,-0.058926,2,27.3292
331,-0.294628,0.412479,-0.058926,3,36.2109
332,-0.353553,0.471405,-0.117851,1,22.4064
332,-0.353553,0.471405,-0.117851,2,28.4603
332,-0.353553,0.471405,-0.117851,3,38.2887
333,-0.412479,0.53033,-0.176777,1,22.8007
333,-0.412479,0.53033,-0.176777,2,28.2355
333,-0.412479,0.53033,-0.176777,3,38.7411
334,-0.471405,0.589256,-0.235702,1,22.3685
334,-0.471405,0.589256,-0.235702,2,26.8686
334,-0.471405,0.589256,-0.235702,3,37.3964
335,-0.53033,0.648181,-0.294628,1,21.0777
335,-0.53033,0.648181,-0.294628,2,24.1666
335,-0.53033,0.648181,-0.294628,3,34.8575
336,-0.589256,0.707107,-0.353553,1,18.9532
336,-0.589256,0.707107,-0.353553,2,20.4028
336,-0.589256,0.707107,-0.353553,3,31.7428
337,0.117851,0.117851,0.353553,1,18.8553
337,0.117851,0.117851,0.353553,2,20.8498
337,0.117851,0.117851,0.353553,3,32.9699
338,0.058926,0.176777,0.294628,1,17.087
338,0.058926,0.176777,0.294628,2,19.5137
338,0.058926,0.176777,0.294628,3,30.7066
339,-0.0,0.235702,0.235702,1,16.2217
339,-0.0,0.235702,0.235702,2,19.7216
339,-0.0,0.235702,0.235702,3,29.4701
340,-0.058926,0.294628,0.176777,1,17.087
340,-0.058926,0.294628,0.176777,2,19.5137
340,-0.058926,0.294628,0.176777,3,30.7066
341,-0.117851,0.353553,0.117851,1,18.8553
341,-0.117851,0.353553,0.117851,2,20.8498
341,-0.117851,0.353553,0.117851,3,32.9699
342,-0.176777,0.412479,0.058926,1,21.0777
342,-0.176777,0.412479,0.058926,2,24.1666
342,-0.176777,0.412479,0.058926,3,34.8575
343,-0.235702,0.471405,0.0,1,23.2336
343,-0.235702,0.471405,0.0,2,27.9374
343,-0.235702,0.471405,0.0,3,36.1386
344,-0.294628,0.53033,-0.058926,1,24.6834
344,-0.294628,0.53033,-0.058926,2,30.7269
344,-0.294628,0.53033,-0.058926,3,36.9898
345,-0.353553,0.589256,-0.117851,1,25.1922
345,-0.353553,0.589256,-0.117851,2,31.6909
345,-0.353553,0.589256,-0.117851,3,37.345
346,-0.412479,0.648181,-0.176777,1,24.6834
346,-0.412479,0.648181,-0.176777,2,30.7269
346,-0.412479,0.648181,-0.176777,3,36.9898
347,-0.471405,0.707107,-0.235702,1,23.2336
347,-0.471405,0.707107,-0.235702,2,27.9374
347,-0.471405,0.707107,-0.235702,3,36.1386
348,-0.53033,0.766032,-0.294628,1,21.0777
348,-0.53033,0.766032,-0.294628,2,24.1666
348,-0.53033,0.766032,-0.294628,3,34.8575
349,0.176777,0.176777,0.412479,1,20.454
349,0.176777,0.176777,0.412479,2,23.5022
349,0.176777,0.176777,0.412479,3,36.8919
350,0.117851,0.235702,0.353553,1,19.1897
350,0.117851,0.235702,0.353553,2,22.2373
350,0.117851,0.235702,0.353553,3,35.5522
351,0.058926,0.294628,0.294628,1,18.5505
351,0.058926,0.294628,0.294628,2,23.3956
351,0.058926,0.294628,0.294628,3,33.9195
352,0.0,0.353553,0.235702,1,19.4205
352,0.0,0.353553,0.235702,2,24.2179
352,0.0,0.353553,0.235702,3,33.4937
353,-0.058926,0.412479,0.176777,1,21.0777
353,-0.058926,0.412479,0.176777,2,24.1666
353,-0.058926,0.412479,0.176777,3,34.8575
354,-0.117851,0.471405,0.117851,1,22.3843
354,-0.117851,0.471405,0.117851,2,25.6514
354,-0.117851,0.471405,0.117851,3,36.4484
355,-0.176777,0.53033,0.058926,1,24.4397
355,-0.176777,0.53033,0.058926,2,27.9384
355,-0.176777,0.53033,0.058926,3,37.3783
356,-0.235702,0.589256,0.0,1,26.5566
356,-0.235702,0.589256,0.0,2,30.4902
356,-0.235702,0.589256,0.0,3,37.4197
357,-0.294628,0.648181,-0.058926,1,27.2618
357,-0.294628,0.648181,-0.058926,2,33.2509
357,-0.294628,0.648181,-0.058926,3,36.4376
358,-0.353553,0.707107,-0.117851,1,26.509
358,-0.353553,0.707107,-0.117851,2,33.9839
358,-0.353553,0.707107,-0.117851,3,35.735
359,-0.412479,0.766032,-0.176777,1,24.6834
359,-0.412479,0.766032,-0.176777,2,30.7269
359,-0.412479,0.766032,-0.176777,3,36.9898
360,-0.471405,0.824958,-0.235702,1,22.3685
360,-0.471405,0.824958,-0.235702,2,26.8686
360,-0.471405,0.824958,-0.235702,3,37.3964
361,0.235702,0.235702,0.471405,1,21.1292
361,0.235702,0.235702,0.471405,2,24.9519
361,0.235702,0.235702,0.471405,3,39.2999
362,0.176777,0.294628,0.412479,1,20.3864
362,0.176777,0.294628,0.412479,2,23.5745
362,0.176777,0.294628,0.412479,3,38.892
363,0.117851,0.353553,0.353553,1,20.1366
363,0.117851,0.353553,0.353553,2,25.109
363,0.117851,0.353553,0.353553,3,37.6407
364,0.058926,0.412479,0.294628,1,21.2514
364,0.058926,0.412479,0.294628,2,27.3292
364,0.058926,0.412479,0.294628,3,36.2109
365,-0.0,0.471405,0.235702,1,23.2336
365,-0.0,0.471405,0.235702,2,27.9374
365,-0.0,0.471405,0.235702,3,36.1386
366,-0.058926,0.53033,0.176777,1,24.4397
366,-0.058926,0.53033,0.176777,2,27.9384
366,-0.058926,0.53033,0.176777,3,37.3783
367,-0.117851,0.589256,0.117851,1,24.8179
367,-0.117851,0.589256,0.117851,2,29.1424
367,-0.117851,0.589256,0.117851,3,38.3887
368,-0.176777,0.648181,0.058926,1,26.3747
368,-0.176777,0.648181,0.058926,2,30.2081
368,-0.176777,0.648181,0.058926,3,38.5573
369,-0.235702,0.707107,0.0,1,27.9367
369,-0.235702,0.707107,0.0,2,31.4254
369,-0.235702,0.707107,0.0,3,37.7479
370,-0.294628,0.766032,-0.058926,1,27.2618
370,-0.294628,0.766032,-0.058926,2,33.2509
370,-0.294628,0.766032,-0.058926,3,36.4376
371,-0.353553,0.824958,-0.117851,1,25.1922
371,-0.353553,0.824958,-0.117851,2,31.6909
371,-0.353553,0.824958,-0.117851,3,37.345
372,-0.412479,0.883883,-0.176777,1,22.8007
372,-0.412479,0.883883,-0.176777,2,28.2355
372,-0.412479,0.883883,-0.176777,3,38.7411
373,0.294628,0.294628,0.53033,1,20.9964
373,0.294628,0.294628,0.53033,2,25.4879
373,0.294628,0.294628,0.53033,3,39.5939
374,0.235702,0.353553,0.471405,1,20.7711
374,0.235702,0.353553,0.471405,2,23.9582
374,0.235702,0.353553,0.471405,3,40.0797
375,0.176777,0.412479,0.412479,1,20.9964
375,0.176777,0.412479,0.412479,2,25.4879
375,0.176777,0.412479,0.412479,3,39.5939
376,0.117851,0.471405,0.353553,1,22.4064
376,0.117851,0.471405,0.353553,2,28.4603
376,0.117851,0.471405,0.353553,3,38.2887
377,0.058926,0.53033,0.294628,1,24.6834
377,0.058926,0.53033,0.294628,2,30.7269
377,0.058926,0.53033,0.294628,3,36.9898
378,-0.0,0.589256,0.235702,1,26.5566
378,-0.0,0.589256,0.235702,2,30.4902
378,-0.0,0.589256,0.235702,3,37.4197
379,-0.058926,0.648181,0.176777,1,26.3747
379,-0.058926,0.648181,0.176777,2,30.2081
379,-0.058926,0.648181,0.176777,3,38.5573
380,-0.117851,0.707107,0.117851,1,25.7013
380,-0.117851,0.707107,0.117851,2,30.4626
380,-0.117851,0.707107,0.117851,3,39.0196
381,-0.176777,0.766032,0.058926,1,26.3747
381,-0.176777,0.766032,0.058926,2,30.2081
381,-0.176777,0.766032,0.058926,3,38.5573
382,-0.235702,0.824958,0.0,1,26.5566
382,-0.235702,0.824958,0.0,2,30.4902
382,-0.235702,0.824958,0.0,3,37.4197
383,-0.294628,0.883883,-0.058926,1,24.6834
383,-0.294628,0.883883,-0.058926,2,30.7269
383,-0.294628,0.883883,-0.058926,3,36.9898
384,-0.353553,0.942809,-0.117851,1,22.4064
384,-0.353553,0.942809,-0.117851,2,28.4603
384,-0.353553,0.942809,-0.117851,3,38.2887
385,0.353553,0.353553,0.589256,1,20.1366
385,0.353553,0.353553,0.589256,2,25.109
385,0.353553,0.353553,0.589256,3,37.6407
386,0.294628,0.412479,0.53033,1,20.3864
386,0.294628,0.412479,0.53033,2,23.5745
386,0.294628,0.412479,0.53033,3,38.892
387,0.235702,0.471405,0.471405,1,21.1292
387,0.235702,0.471405,0.471405,2,24.9519
387,0.235702,0.471405,0.471405,3,39.2999
388,0.176777,0.53033,0.412479,1,22.8007
388,0.176777,0.53033,0.412479,2,28.2355
388,0.176777,0.53033,0.412479,3,38.7411
389,0.117851,0.589256,0.353553,1,25.1922
389,0.117851,0.589256,0.353553,2,31.6909
389,0.117851,0.589256,0.353553,3,37.345
390,0.058926,0.648181,0.294628,1,27.2618
390,0.058926,0.648181,0.294628,2,33.2509
390,0.058926,0.648181,0.294628,3,36.4376
391,0.0,0.707107,0.235702,1,27.9367
391,0.0,0.707107,0.235702,2,31.4254
391,0.0,0.707107,0.235702,3,37.7479
392,-0.058926,0.766032,0.176777,1,26.3747
392,-0.058926,0.766032,0.176777,2,30.2081
392,-0.058926,0.766032,0.176777,3,38.5573
393,-0.117851,0.824958,0.117851,1,24.8179
393,-0.117851,0.824958,0.117851,2,29.1424
393,-0.117851,0.824958,0.117851,3,38.3887
394,-0.176777,0.883883,0.058926,1,24.4397
394,-0.176777,0.883883,0.058926,2,27.9384
394,-0.176777,0.883883,0.058926,3,37.3783
395,-0.235702,0.942809,0.0,1,23.2336
395,-0.235702,0.942809,0.0,2,27.9374
395,-0.235702,0.942809,0.0,3,36.1386
396,-0.294628,1.001735,-0.058926,1,21.2514
396,-0.294628,1.001735,-0.058926,2,27.3292
396,-0.294628,1.001735,-0.058926,3,36.2109
397,0.412479,0.412479,0.648181,1,18.5505
397,0.412479,0.412479,0.648181,2,23.3956
397,0.412479,0.412479,0.648181,3,33.9195
398,0.353553,0.471405,0.589256,1,19.1897
398,0.353553,0.471405,0.589256,2,22.2373
398,0.353553,0.471405,0.589256,3,35.5522
399,0.294628,0.53033,0.53033,1,20.454
399,0.294628,0.53033,0.53033,2,23.5022
399,0.294628,0.53033,0.53033,3,36.8919
400,0.235702,0.589256,0.471405,1,22.3685
400,0.235702,0.589256,0.471405,2,26.8686
400,0.235702,0.589256,0.471405,3,37.3964
401,0.176777,0.648181,0.412479,1,24.6834
401,0.176777,0.648181,0.412479,2,30.7269
401,0.176777,0.648181,0.412479,3,36.9898
402,0.117851,0.707107,0.353553,1,26.509
402,0.117851,0.707107,0.353553,2,33.9839
402,0.117851,0.707107,0.353553,3,35.735
403,0.058926,0.766032,0.294628,1,27.2618
403,0.058926,0.766032,0.294628,2,33.2509
403,0.058926,0.766032,0.294628,3,36.4376
404,0.0,0.824958,0.235702,1,26.5566
404,0.0,0.824958,0.235702,2,30.4902
404,0.0,0.824958,0.235702,3,37.4197
405,-0.058926,0.883883,0.176777,1,24.4397
405,-0.058926,0.883883,0.176777,2,27.9384
405,-0.058926,0.883883,0.176777,3,37.3783
406,-0.117851,0.942809,0.117851,1,22.3843
406,-0.117851,0.942809,0.117851,2,25.6514
406,-0.117851,0.942809,0.117851,3,36.4484
407,-0.176777,1.001735,0.058926,1,21.0777
407,-0.176777,1.001735,0.058926,2,24.1666
407,-0.176777,1.001735,0.058926,3,34.8575
408,-0.235702,1.06066,0.0,1,19.4205
408,-0.235702,1.06066,0.0,2,24.2179
408,-0.235702,1.06066,0.0,3,33.4937
409,0.471405,0.471405,0.707107,1,16.2217
409,0.471405,0.471405,0.707107,2,19.7216
409,0.471405,0.471405,0.707107,3,29.4701
410,0.412479,0.53033,0.648181,1,17.087
410,0.412479,0.53033,0.648181,2,19.5137
410,0.412479,0.53033,0.648181,3,30.7066
411,0.353553,0.589256,0.589256,1,18.8553
411,0.353553,0.589256,0.589256,2,20.8498
411,0.353553,0.589256,0.589256,3,32.9699
412,0.294628,0.648181,0.53033,1,21.0777
412,0.294628,0.648181,0.53033,2,24.1666
412,0.294628,0.648181,0.53033,3,34.8575
413,0.235702,0.707107,0.471405,1,23.2336
413,0.235702,0.707107,0.471405,2,27.9374
413,0.235702,0.707107,0.471405,3,36.1386
414,0.176777,0.766032,0.412479,1,24.6834
414,0.176777,0.766032,0.412479,2,30.7269
414,0.176777,0.766032,0.412479,3,36.9898
415,0.117851,0.824958,0.353553,1,25.1922
415,0.117851,0.824958,0.353553,2,31.6909
415,0.117851,0.824958,0.353553,3,37.345
416,0.058926,0.883883,0.294628,1,24.6834
416,0.058926,0.883883,0.294628,2,30.7269
416,0.058926,0.883883,0.294628,3,36.9898
417,-0.0,0.942809,0.235702,1,23.2336
417,-0.0,0.942809,0.235702,2,27.9374
417,-0.0,0.942809,0.235702,3,36.1386
418,-0.058926,1.001735,0.176777,1,21.0777
418,-0.058926,1.001735,0.176777,2,24.1666
418,-0.058926,1.001735,0.176777,3,34.8575
419,-0.117851,1.06066,0.117851,1,18.8553
419,-0.117851,1.06066,0.117851,2,20.8498
419,-0.117851,1.06066,0.117851,3,32.9699
420,-0.176777,1.119586,0.058926,1,17.087
420,-0.176777,1.119586,0.058926,2,19.5137
420,-0.176777,1.119586,0.058926,3,30.7066
421,0.53033,0.53033,0.766032,1,13.3926
421,0.53033,0.53033,0.766032,2,14.6122
421,0.53033,0.53033,0.766032,3,25.0748
422,0.471405,0.589256,0.707107,1,14.1277
422,0.471405,0.589256,0.707107,2,15.336
422,0.471405,0.589256,0.707107,3,25.2266
423,0.412479,0.648181,0.648181,1,16.3266
423,0.412479,0.648181,0.648181,2,17.0152
423,0.412479,0.648181,0.648181,3,28.2474
424,0.353553,0.707107,0.589256,1,18.9532
424,0.353553,0.707107,0.589256,2,20.4028
424,0.353553,0.707107,0.589256,3,31.7428
425,0.294628,0.766032,0.53033,1,21.0777
425,0.294628,0.766032,0.53033,2,24.1666
425,0.294628,0.766032,0.53033,3,34.8575
426,0.235702,0.824958,0.471405,1,22.3685
426,0.235702,0.824958,0.471405,2,26.8686
426,0.235702,0.824958,0.471405,3,37.3964
427,0.176777,0.883883,0.412479,1,22.8007
427,0.176777,0.883883,0.412479,2,28.2355
427,0.176777,0.883883,0.412479,3,38.7411
428,0.117851,0.942809,0.353553,1,22.4064
428,0.117851,0.942809,0.353553,2,28.4603
428,0.117851,0.942809,0.353553,3,38.2887
429,0.058926,1.001735,0.294628,1,21.2514
429,0.058926,1.001735,0.294628,2,27.3292
429,0.058926,1.001735,0.294628,3,36.2109
430,0.0,1.06066,0.235702,1,19.4205
430,0.0,1.06066,0.235702,2,24.2179
430,0.0,1.06066,0.235702,3,33.4937
431,-0.058926,1.119586,0.176777,1,17.087
431,-0.058926,1.119586,0.176777,2,19.5137
431,-0.058926,1.119586,0.176777,3,30.7066
432,-0.117851,1.178511,0.117851,1,14.7722
432,-0.117851,1.178511,0.117851,2,15.4938
432,-0.117851,1.178511,0.117851,3,27.6667
433,-0.176777,-0.176777,0.176777,1,14.8669
433,-0.176777,-0.176777,0.176777,2,14.8669
433,-0.176777,-0.176777,0.176777,3,29.6349
434,-0.235702,-0.117851,0.117851,1,14.7722
434,-0.235702,-0.117851,0.117851,2,15.4938
434,-0.235702,-0.117851,0.117851,3,27.6667
435,-0.294628,-0.058926,0.058926,1,16.3266
435,-0.294628,-0.058926,0.058926,2,17.0152
435,-0.294628,-0.058926,0.058926,3,28.2474
436,-0.353553,0.0,0.0,1,18.6716
436,-0.353553,0.0,0.0,2,18.6716
436,-0.353553,0.0,0.0,3,31.1471
437,-0.412479,0.058926,-0.058926,1,20.8571
437,-0.412479,0.058926,-0.058926,2,21.8481
437,-0.412479,0.058926,-0.058926,3,34.144
438,-0.471405,0.117851,-0.117851,1,22.3843
438,-0.471405,0.117851,-0.117851,2,25.6514
438,-0.471405,0.117851,-0.117851,3,36.4484
439,-0.53033,0.176777,-0.176777,1,23.0978
439,-0.53033,0.176777,-0.176777,2,28.6935
439,-0.53033,0.176777,-0.176777,3,37.9178
440,-0.589256,0.235702,-0.235702,1,22.9831
440,-0.589256,0.235702,-0.235702,2,30.3848
440,-0.589256,0.235702,-0.235702,3,38.1935
441,-0.648181,0.294628,-0.294628,1,22.0939
441,-0.648181,0.294628,-0.294628,2,30.4877
441,-0.648181,0.294628,-0.294628,3,37.074
442,-0.707107,0.353553,-0.353553,1,20.5529
442,-0.707107,0.353553,-0.353553,2,28.199
442,-0.707107,0.353553,-0.353553,3,35.4153
443,-0.766032,0.412479,-0.412479,1,18.5505
443,-0.766032,0.412479,-0.412479,2,23.3956
443,-0.766032,0.412479,-0.412479,3,33.9195
444,-0.824958,0.471405,-0.471405,1,16.4264
444,-0.824958,0.471405,-0.471405,2,17.993
444,-0.824958,0.471405,-0.471405,3,32.0449
445,-0.117851,-0.117851,0.235702,1,14.7722
445,-0.117851,-0.117851,0.235702,2,15.4938
445,-0.117851,-0.117851,0.235702,3,27.6667
446,-0.176777,-0.058926,0.176777,1,13.3926
446,-0.176777,-0.058926,0.176777,2,14.6122
446,-0.176777,-0.058926,0.176777,3,25.0748
447,-0.235702,0.0,0.117851,1,14.1277
447,-0.235702,0.0,0.117851,2,15.336
447,-0.235702,0.0,0.117851,3,25.2266
448,-0.294628,0.058926,0.058926,1,16.3266
448,-0.294628,0.058926,0.058926,2,17.0152
448,-0.294628,0.058926,0.058926,3,28.2474
449,-0.353553,0.117851,-0.0,1,18.9532
449,-0.353553,0.117851,-0.0,2,20.4028
449,-0.353553,0.117851,-0.0,3,31.7428
450,-0.412479,0.176777,-0.058926,1,21.0777
450,-0.412479,0.176777,-0.058926,2,24.1666
450,-0.412479,0.176777,-0.058926,3,34.8575
451,-0.471405,0.235702,-0.117851,1,22.3685
451,-0.471405,0.235702,-0.117851,2,26.8686
451,-0.471405,0.235702,-0.117851,3,37.3964
452,-0.53033,0.294628,-0.176777,1,22.8007
452,-0.53033,0.294628,-0.176777,2,28.2355
452,-0.53033,0.294628,-0.176777,3,38.7411
453,-0.589256,0.353553,-0.235702,1,22.4064
453,-0.589256,0.353553,-0.235702,2,28.4603
453,-0.589256,0.353553,-0.235702,3,38.2887
454,-0.648181,0.412479,-0.294628,1,21.2514
454,-0.648181,0.412479,-0.294628,2,27.3292
454,-0.648181,0.412479,-0.294628,3,36.2109
455,-0.707107,0.471405,-0.353553,1,19.4205
455,-0.707107,0.471405,-0.353553,2,24.2179
455,-0.707107,0.471405,-0.353553,3,33.4937
456,-0.766032,0.53033,-0.412479,1,17.087
456,-0.766032,0.53033,-0.412479,2,19.5137
456,-0.766032,0.53033,-0.412479,3,30.7066
457,-0.058926,-0.058926,0.294628,1,16.3266
457,-0.058926,-0.058926,0.294628,2,17.0152
457,-0.058926,-0.058926,0.294628,3,28.2474
458,-0.117851,0.0,0.235702,1,14.1277
458,-0.117851,0.0,0.235702,2,15.336
458,-0.117851,0.0,0.235702,3,25.2266
459,-0.176777,0.058926,0.176777,1,13.3926
459,-0.176777,0.058926,0.176777,2,14.6122
459,-0.176777,0.058926,0.176777,3,25.0748
460,-0.235702,0.117851,0.117851,1,14.7722
460,-0.235702,0.117851,0.117851,2,15.4938
460,-0.235702,0.117851,0.117851,3,27.6667
461,-0.294628,0.176777,0.058926,1,17.087
461,-0.294628,0.176777,0.058926,2,19.5137
461,-0.294628,0.176777,0.058926,3,30.7066
462,-0.353553,0.235702,0.0,1,19.4205
462,-0.353553,0.235702,0.0,2,24.2179
462,-0.353553,0.235702,0.0,3,33.4937
463,-0.412479,0.294628,-0.058926,1,21.2514
463,-0.412479,0.294628,-0.058926,2,27.3292
463,-0.412479,0.294628,-0.058926,3,36.2109
464,-0.471405,0.353553,-0.117851,1,22.4064
464,-0.471405,0.353553,-0.117851,2,28.4603
464,-0.471405,0.353553,-0.117851,3,38.2887
465,-0.53033,0.412479,-0.176777,1,22.8007
465,-0.53033,0.412479,-0.176777,2,28.2355
465,-0.53033,0.412479,-0.176777,3,38.7411
466,-0.589256,0.471405,-0.235702,1,22.3685
466,-0.589256,0.471405,-0.235702,2,26.8686
466,-0.589256,0.471405,-0.235702,3,37.3964
467,-0.648181,0.53033,-0.294628,1,21.0777
467,-0.648181,0.53033,-0.294628,2,24.1666
467,-0.648181,0.53033,-0.294628,3,34.8575
468,-0.707107,0.589256,-0.353553,1,18.9532
468,-0.707107,0.589256,-0.353553,2,20.4028
468,-0.707107,0.589256,-0.353553,3,31.7428
469,0.0,0.0,0.353553,1,18.6716
469,0.0,0.0,0.353553,2,18.6716
469,0.0,0.0,0.353553,3,31.1471
470,-0.058926,0.058926,0.294628,1,16.3266
470,-0.058926,0.058926,0.294628,2,17.0152
470,-0.058926,0.058926,0.294628,3,28.2474
471,-0.117851,0.117851,0.235702,1,14.7722
471,-0.117851,0.117851,0.235702,2,15.4938
471,-0.117851,0.117851,0.235702,3,27.6667
472,-0.176777,0.176777,0.176777,1,14.8669
472,-0.176777,0.176777,0.176777,2,14.8669
472,-0.176777,0.176777,0.176777,3,29.6349
473,-0.235702,0.235702,0.117851,1,16.4264
473,-0.235702,0.235702,0.117851,2,17.993
473,-0.235702,0.235702,0.117851,3,32.0449
474,-0.294628,0.294628,0.058926,1,18.5505
474,-0.294628,0.294628,0.058926,2,23.3956
474,-0.294628,0.294628,0.058926,3,33.9195
475,-0.353553,0.353553,0.0,1,20.5529
475,-0.353553,0.353553,0.0,2,28.199
475,-0.353553,0.353553,0.0,3,35.4153
476,-0.412479,0.412479,-0.058926,1,22.0939
476,-0.412479,0.412479,-0.058926,2,30.4877
476,-0.412479,0.412479,-0.058926,3,37.074
477,-0.471405,0.471405,-0.117851,1,22.9831
477,-0.471405,0.471405,-0.117851,2,30.3848
477,-0.471405,0.471405,-0.117851,3,38.1935
478,-0.53033,0.53033,-0.176777,1,23.0978
478,-0.53033,0.53033,-0.176777,2,28.6935
478,-0.53033,0.53033,-0.176777,3,37.9178
479,-0.589256,0.589256,-0.235702,1,22.3843
479,-0.589256,0.589256,-0.235702,2,25.6514
479,-0.589256,0.589256,-0.235702,3,36.4484
480,-0.648181,0.648181,-0.294628,1,20.8571
480,-0.648181,0.648181,-0.294628,2,21.8481
480,-0.648181,0.648181,-0.294628,3,34.144
481,0.058926,0.058926,0.412479,1,20.8571
481,0.058926,0.058926,0.412479,2,21.8481
481,0.058926,0.058926,0.412479,3,34.144
482,0.0,0.117851,0.353553,1,18.9532
482,0.0,0.117851,0.353553,2,20.4028
482,0.0,0.117851,0.353553,3,31.7428
483,-0.058926,0.176777,0.294628,1,17.087
483,-0.058926,0.176777,0.294628,2,19.5137
483,-0.058926,0.176777,0.294628,3,30.7066
484,-0.117851,0.235702,0.235702,1,16.4264
484,-0.117851,0.235702,0.235702,2,17.993
484,-0.117851,0.235702,0.235702,3,32.0449
485,-0.176777,0.294628,0.176777,1,17.4576
485,-0.176777,0.294628,0.176777,2,18.3918
485,-0.176777,0.294628,0.176777,3,34.0733
486,-0.235702,0.353553,0.117851,1,19.1897
486,-0.235702,0.353553,0.117851,2,22.2373
486,-0.235702,0.353553,0.117851,3,35.5522
487,-0.294628,0.412479,0.058926,1,21.2514
487,-0.294628,0.412479,0.058926,2,27.3292
487,-0.294628,0.412479,0.058926,3,36.2109
488,-0.353553,0.471405,0.0,1,23.1076
488,-0.353553,0.471405,0.0,2,31.5693
488,-0.353553,0.471405,0.0,3,36.2826
489,-0.412479,0.53033,-0.058926,1,24.3893
489,-0.412479,0.53033,-0.058926,2,32.9151
489,-0.412479,0.53033,-0.058926,3,36.7815
490,-0.471405,0.589256,-0.117851,1,24.8657
490,-0.471405,0.589256,-0.117851,2,31.1683
490,-0.471405,0.589256,-0.117851,3,37.5633
491,-0.53033,0.648181,-0.176777,1,24.4397
491,-0.53033,0.648181,-0.176777,2,27.9384
491,-0.53033,0.648181,-0.176777,3,37.3783
492,-0.589256,0.707107,-0.235702,1,23.0388
492,-0.589256,0.707107,-0.235702,2,24.3854
492,-0.589256,0.707107,-0.235702,3,36.1969
493,0.117851,0.117851,0.471405,1,22.3843
493,0.117851,0.117851,0.471405,2,25.6514
493,0.117851,0.117851,0.471405,3,36.4484
494,0.058926,0.176777,0.412479,1,21.0777
494,0.058926,0.176777,0.412479,2,24.1666
494,0.058926,0.176777,0.412479,3,34.8575
495,0.0,0.235702,0.353553,1,19.4205
495,0.0,0.235702,0.353553,2,24.2179
495,0.0,0.235702,0.353553,3,33.4937
496,-0.058926,0.294628,0.294628,1,18.5505
496,-0.058926,0.294628,0.294628,2,23.3956
496,-0.058926,0.294628,0.294628,3,33.9195
497,-0.117851,0.353553,0.235702,1,19.1897
497,-0.117851,0.353553,0.235702,2,22.2373
497,-0.117851,0.353553,0.235702,3,35.5522
498,-0.176777,0.412479,0.176777,1,20.454
498,-0.176777,0.412479,0.176777,2,23.5022
498,-0.176777,0.412479,0.176777,3,36.8919
499,-0.235702,0.471405,0.117851,1,22.3685
499,-0.235702,0.471405,0.117851,2,26.8686
499,-0.235702,0.471405,0.117851,3,37.3964
500,-0.294628,0.53033,0.058926,1,24.6834
500,-0.294628,0.53033,0.058926,2,30.7269
500,-0.294628,0.53033,0.058926,3,36.9898
501,-0.353553,0.589256,0.0,1,26.509
501,-0.353553,0.589256,0.0,2,33.9839
501,-0.353553,0.589256,0.0,3,35.735
502,-0.412479,0.648181,-0.058926,1,27.2618
502,-0.412479,0.648181,-0.058926,2,33.2509
502,-0.412479,0.648181,-0.058926,3,36.4376
503,-0.471405,0.707107,-0.117851,1,26.5566
503,-0.471405,0.707107,-0.117851,2,30.4902
503,-0.471405,0.707107,-0.117851,3,37.4197
504,-0.53033,0.766032,-0.176777,1,24.4397
504,-0.53033,0.766032,-0.176777,2,27.9384
504,-0.53033,0.766032,-0.176777,3,37.3783
505,0.176777,0.176777,0.53033,1,23.0978
505,0.176777,0.176777,0.53033,2,28.6935
505,0.176777,0.176777,0.53033,3,37.9178
506,0.117851,0.235702,0.471405,1,22.3685
506,0.117851,0.235702,0.471405,2,26.8686
506,0.117851,0.235702,0.471405,3,37.3964
507,0.058926,0.294628,0.412479,1,21.2514
507,0.058926,0.294628,0.412479,2,27.3292
507,0.058926,0.294628,0.412479,3,36.2109
508,0.0,0.353553,0.353553,1,20.5529
508,0.0,0.353553,0.353553,2,28.199
508,0.0,0.353553,0.353553,3,35.4153
509,-0.058926,0.412479,0.294628,1,21.2514
509,-0.058926,0.412479,0.294628,2,27.3292
509,-0.058926,0.412479,0.294628,3,36.2109
510,-0.117851,0.471405,0.235702,1,22.3685
510,-0.117851,0.471405,0.235702,2,26.8686
510,-0.117851,0.471405,0.235702,3,37.3964
511,-0.176777,0.53033,0.176777,1,23.0978
511,-0.176777,0.53033,0.176777,2,28.6935
511,-0.176777,0.53033,0.176777,3,37.9178
512,-0.235702,0.589256,0.117851,1,24.8657
512,-0.235702,0.589256,0.117851,2,31.1683
512,-0.235702,0.589256,0.117851,3,37.5633
513,-0.294628,0.648181,0.058926,1,27.2618
513,-0.294628,0.648181,0.058926,2,33.2509
513,-0.294628,0.648181,0.058926,3,36.4376
514,-0.353553,0.707107,0.0,1,28.4791
514,-0.353553,0.707107,0.0,2,34.8979
514,-0.353553,0.707107,0.0,3,34.8979
515,-0.412479,0.766032,-0.058926,1,27.2618
515,-0.412479,0.766032,-0.058926,2,33.2509
515,-0.412479,0.766032,-0.058926,3,36.4376
516,-0.471405,0.824958,-0.117851,1,24.8657
516,-0.471405,0.824958,-0.117851,2,31.1683
516,-0.471405,0.824958,-0.117851,3,37.5633
517,0.235702,0.235702,0.589256,1,22.9831
517,0.235702,0.235702,0.589256,2,30.3848
517,0.235702,0.235702,0.589256,3,38.1935
518,0.176777,0.294628,0.53033,1,22.8007
518,0.176777,0.294628,0.53033,2,28.2355
518,0.176777,0.294628,0.53033,3,38.7411
519,0.117851,0.353553,0.471405,1,22.4064
519,0.117851,0.353553,0.471405,2,28.4603
519,0.117851,0.353553,0.471405,3,38.2887
520,0.058926,0.412479,0.412479,1,22.0939
520,0.058926,0.412479,0.412479,2,30.4877
520,0.058926,0.412479,0.412479,3,37.074
521,-0.0,0.471405,0.353553,1,23.1076
521,-0.0,0.471405,0.353553,2,31.5693
521,-0.0,0.471405,0.353553,3,36.2826
522,-0.058926,0.53033,0.294628,1,24.6834
522,-0.058926,0.53033,0.294628,2,30.7269
522,-0.058926,0.53033,0.294628,3,36.9898
523,-0.117851,0.589256,0.235702,1,24.8657
523,-0.117851,0.589256,0.235702,2,31.1683
523,-0.117851,0.589256,0.235702,3,37.5633
524,-0.176777,0.648181,0.176777,1,24.6803
524,-0.176777,0.648181,0.176777,2,32.7511
524,-0.176777,0.648181,0.176777,3,37.3931
525,-0.235702,0.707107,0.117851,1,25.8115
525,-0.235702,0.707107,0.117851,2,33.5086
525,-0.235702,0.707107,0.117851,3,36.8744
526,-0.294628,0.766032,0.058926,1,27.2618
526,-0.294628,0.766032,0.058926,2,33.2509
526,-0.294628,0.766032,0.058926,3,36.4376
527,-0.353553,0.824958,0.0,1,26.509
527,-0.353553,0.824958,0.0,2,33.9839
527,-0.353553,0.824958,0.0,3,35.735
528,-0.412479,0.883883,-0.058926,1,24.3893
528,-0.412479,0.883883,-0.058926,2,32.9151
528,-0.412479,0.883883,-0.058926,3,36.7815
529,0.294628,0.294628,0.648181,1,22.0939
529,0.294628,0.294628,0.648181,2,30.4877
529,0.294628,0.294628,0.648181,3,37.074
530,0.235702,0.353553,0.589256,1,22.4064
530,0.235702,0.353553,0.589256,2,28.4603
530,0.235702,0.353553,0.589256,3,38.2887
531,0.176777,0.412479,0.53033,1,22.8007
531,0.176777,0.412479,0.53033,2,28.2355
531,0.176777,0.412479,0.53033,3,38.7411
532,0.117851,0.471405,0.471405,1,22.9831
532,0.117851,0.471405,0.471405,2,30.3848
532,0.117851,0.471405,0.471405,3,38.1935
533,0.058926,0.53033,0.412479,1,24.3893
533,0.058926,0.53033,0.412479,2,32.9151
533,0.058926,0.53033,0.412479,3,36.7815
534,0.0,0.589256,0.353553,1,26.509
534,0.0,0.589256,0.353553,2,33.9839
534,0.0,0.589256,0.353553,3,35.735
535,-0.058926,0.648181,0.294628,1,27.2618
535,-0.058926,0.648181,0.294628,2,33.2509
535,-0.058926,0.648181,0.294628,3,36.4376
536,-0.117851,0.707107,0.235702,1,25.8115
536,-0.117851,0.707107,0.235702,2,33.5086
536,-0.117851,0.707107,0.235702,3,36.8744
537,-0.176777,0.766032,0.176777,1,24.6803
537,-0.176777,0.766032,0.176777,2,32.7511
537,-0.176777,0.766032,0.176777,3,37.3931
538,-0.235702,0.824958,0.117851,1,24.8657
538,-0.235702,0.824958,0.117851,2,31.1683
538,-0.235702,0.824958,0.117851,3,37.5633
539,-0.294628,0.883883,0.058926,1,24.6834
539,-0.294628,0.883883,0.058926,2,30.7269
539,-0.294628,0.883883,0.058926,3,36.9898
540,-0.353553,0.942809,0.0,1,23.1076
540,-0.353553,0.942809,0.0,2,31.5693
540,-0.353553,0.942809,0.0,3,36.2826
541,0.353553,0.353553,0.707107,1,20.5529
541,0.353553,0.353553,0.707107,2,28.199
541,0.353553,0.353553,0.707107,3,35.4153
542,0.294628,0.412479,0.648181,1,21.2514
542,0.294628,0.412479,0.648181,2,27.3292
542,0.294628,0.412479,0.648181,3,36.2109
543,0.235702,0.471405,0.589256,1,22.3685
543,0.235702,0.471405,0.589256,2,26.8686
543,0.235702,0.471405,0.589256,3,37.3964
544,0.176777,0.53033,0.53033,1,23.0978
544,0.176777,0.53033,0.53033,2,28.6935
544,0.176777,0.53033,0.53033,3,37.9178
545,0.117851,0.589256,0.471405,1,24.8657
545,0.117851,0.589256,0.471405,2,31.1683
545,0.117851,0.589256,0.471405,3,37.5633
546,0.058926,0.648181,0.412479,1,27.2618
546,0.058926,0.648181,0.412479,2,33.2509
546,0.058926,0.648181,0.412479,3,36.4376
547,0.0,0.707107,0.353553,1,28.4791
547,0.0,0.707107,0.353553,2,34.8979
547,0.0,0.707107,0.353553,3,34.8979
548,-0.058926,0.766032,0.294628,1,27.2618
548,-0.058926,0.766032,0.294628,2,33.2509
548,-0.058926,0.766032,0.294628,3,36.4376
549,-0.117851,0.824958,0.235702,1,24.8657
549,-0.117851,0.824958,0.235702,2,31.1683
549,-0.117851,0.824958,0.235702,3,37.5633
550,-0.176777,0.883883,0.176777,1,23.0978
550,-0.176777,0.883883,0.176777,2,28.6935
550,-0.176777,0.883883,0.176777,3,37.9178
551,-0.235702,0.942809,0.117851,1,22.3685
551,-0.235702,0.942809,0.117851,2,26.8686
551,-0.235702,0.942809,0.117851,3,37.3964
552,-0.294628,1.001735,0.058926,1,21.2514
552,-0.294628,1.001735,0.058926,2,27.3292
552,-0.294628,1.001735,0.058926,3,36.2109
553,0.412479,0.412479,0.766032,1,18.5505
553,0.412479,0.412479,0.766032,2,23.3956
553,0.412479,0.412479,0.766032,3,33.9195
554,0.353553,0.471405,0.707107,1,19.4205
554,0.353553,0.471405,0.707107,2,24.2179
554,0.353553,0.471405,0.707107,3,33.4937
555,0.294628,0.53033,0.648181,1,21.0777
555,0.294628,0.53033,0.648181,2,24.1666
555,0.294628,0.53033,0.648181,3,34.8575
556,0.235702,0.589256,0.589256,1,22.3843
556,0.235702,0.589256,0.589256,2,25.6514
556,0.235702,0.589256,0.589256,3,36.4484
557,0.176777,0.648181,0.53033,1,24.4397
557,0.176777,0.648181,0.53033,2,27.9384
557,0.176777,0.648181,0.53033,3,37.3783
558,0.117851,0.707107,0.471405,1,26.5566
558,0.117851,0.707107,0.471405,2,30.4902
558,0.117851,0.707107,0.471405,3,37.4197
559,0.058926,0.766032,0.412479,1,27.2618
559,0.058926,0.766032,0.412479,2,33.2509
559,0.058926,0.766032,0.412479,3,36.4376
560,0.0,0.824958,0.353553,1,26.509
560,0.0,0.824958,0.353553,2,33.9839
560,0.0,0.824958,0.353553,3,35.735
561,-0.058926,0.883883,0.294628,1,24.6834
561,-0.058926,0.883883,0.294628,2,30.7269
561,-0.058926,0.883883,0.294628,3,36.9898
562,-0.117851,0.942809,0.235702,1,22.3685
562,-0.117851,0.942809,0.235702,2,26.8686
562,-0.117851,0.942809,0.235702,3,37.3964
563,-0.176777,1.001735,0.176777,1,20.454
563,-0.176777,1.001735,0.176777,2,23.5022
563,-0.176777,1.001735,0.176777,3,36.8919
564,-0.235702,1.06066,0.117851,1,19.1897
564,-0.235702,1.06066,0.117851,2,22.2373
564,-0.235702,1.06066,0.117851,3,35.5522
565,0.471405,0.471405,0.824958,1,16.4264
565,0.471405,0.471405,0.824958,2,17.993
565,0.471405,0.471405,0.824958,3,32.0449
566,0.412479,0.53033,0.766032,1,17.087
566,0.412479,0.53033,0.766032,2,19.5137
566,0.412479,0.53033,0.766032,3,30.7066
567,0.353553,0.589256,0.707107,1,18.9532
567,0.353553,0.589256,0.707107,2,20.4028
567,0.353553,0.589256,0.707107,3,31.7428
568,0.294628,0.648181,0.648181,1,20.8571
568,0.294628,0.648181,0.648181,2,21.8481
568,0.294628,0.648181,0.648181,3,34.144
569,0.235702,0.707107,0.589256,1,23.0388
569,0.235702,0.707107,0.589256,2,24.3854
569,0.235702,0.707107,0.589256,3,36.1969
570,0.176777,0.766032,0.53033,1,24.4397
570,0.176777,0.766032,0.53033,2,27.9384
570,0.176777,0.766032,0.53033,3,37.3783
571,0.117851,0.824958,0.471405,1,24.8657
571,0.117851,0.824958,0.471405,2,31.1683
571,0.117851,0.824958,0.471405,3,37.5633
572,0.058926,0.883883,0.412479,1,24.3893
572,0.058926,0.883883,0.412479,2,32.9151
572,0.058926,0.883883,0.412479,3,36.7815
573,0.0,0.942809,0.353553,1,23.1076
573,0.0,0.942809,0.353553,2,31.5693
573,0.0,0.942809,0.353553,3,36.2826
574,-0.058926,1.001735,0.294628,1,21.2514
574,-0.058926,1.001735,0.294628,2,27.3292
574,-0.058926,1.001735,0.294628,3,36.2109
575,-0.117851,1.06066,0.235702,1,19.1897
575,-0.117851,1.06066,0.235702,2,22.2373
575,-0.117851,1.06066,0.235702,3,35.5522
576,-0.176777,1.119586,0.176777,1,17.4576
576,-0.176777,1.119586,0.176777,2,18.3918
576,-0.176777,1.119586,0.176777,3,34.0733
577,-0.235702,-0.235702,0.235702,1,17.2766
577,-0.235702,-0.235702,0.235702,2,17.2766
577,-0.235702,-0.235702,0.235702,3,35.9264
578,-0.294628,-0.176777,0.176777,1,17.4576
578,-0.294628,-0.176777,0.176777,2,18.3918
578,-0.294628,-0.176777,0.176777,3,34.0733
579,-0.353553,-0.117851,0.117851,1,18.8553
579,-0.353553,-0.117851,0.117851,2,20.8498
579,-0.353553,-0.117851,0.117851,3,32.9699
580,-0.412479,-0.058926,0.058926,1,20.8571
580,-0.412479,-0.058926,0.058926,2,21.8481
580,-0.412479,-0.058926,0.058926,3,34.144
581,-0.471405,0.0,0.0,1,22.764
581,-0.471405,0.0,0.0,2,22.764
581,-0.471405,0.0,0.0,3,36.3824
582,-0.53033,0.058926,-0.058926,1,24.1477
582,-0.53033,0.058926,-0.058926,2,25.3801
582,-0.53033,0.058926,-0.058926,3,37.9839
583,-0.589256,0.117851,-0.117851,1,24.8179
583,-0.589256,0.117851,-0.117851,2,29.1424
583,-0.589256,0.117851,-0.117851,3,38.3887
584,-0.648181,0.176777,-0.176777,1,24.6803
584,-0.648181,0.176777,-0.176777,2,32.7511
584,-0.648181,0.176777,-0.176777,3,37.3931
585,-0.707107,0.235702,-0.235702,1,23.7221
585,-0.707107,0.235702,-0.235702,2,34.6256
585,-0.707107,0.235702,-0.235702,3,35.5944
586,-0.766032,0.294628,-0.294628,1,22.0939
586,-0.766032,0.294628,-0.294628,2,30.4877
586,-0.766032,0.294628,-0.294628,3,37.074
587,-0.824958,0.353553,-0.353553,1,20.1366
587,-0.824958,0.353553,-0.353553,2,25.109
587,-0.824958,0.353553,-0.353553,3,37.6407
588,-0.883883,0.412479,-0.412479,1,18.3356
588,-0.883883,0.412479,-0.412479,2,19.9414
588,-0.883883,0.412479,-0.412479,3,37.2436
589,-0.176777,-0.176777,0.294628,1,17.4576
589,-0.176777,-0.176777,0.294628,2,18.3918
589,-0.176777,-0.176777,0.294628,3,34.0733
590,-0.235702,-0.117851,0.235702,1,16.4264
590,-0.235702,-0.117851,0.235702,2,17.993
590,-0.235702,-0.117851,0.235702,3,32.0449
591,-0.294628,-0.058926,0.176777,1,17.087
591,-0.294628,-0.058926,0.176777,2,19.5137
591,-0.294628,-0.058926,0.176777,3,30.7066
592,-0.353553,-0.0,0.117851,1,18.9532
592,-0.353553,-0.0,0.117851,2,20.4028
592,-0.353553,-0.0,0.117851,3,31.7428
593,-0.412479,0.058926,0.058926,1,20.8571
593,-0.412479,0.058926,0.058926,2,21.8481
593,-0.412479,0.058926,0.058926,3,34.144
594,-0.471405,0.117851,-0.0,1,23.0388
594,-0.471405,0.117851,-0.0,2,24.3854
594,-0.471405,0.117851,-0.0,3,36.1969
595,-0.53033,0.176777,-0.058926,1,24.4397
595,-0.53033,0.176777,-0.058926,2,27.9384
595,-0.53033,0.176777,-0.058926,3,37.3783
596,-0.589256,0.235702,-0.117851,1,24.8657
596,-0.589256,0.235702,-0.117851,2,31.1683
596,-0.589256,0.235702,-0.117851,3,37.5633
597,-0.648181,0.294628,-0.176777,1,24.3893
597,-0.648181,0.294628,-0.176777,2,32.9151
597,-0.648181,0.294628,-0.176777,3,36.7815
598,-0.707107,0.353553,-0.235702,1,23.1076
598,-0.707107,0.353553,-0.235702,2,31.5693
598,-0.707107,0.353553,-0.235702,3,36.2826
599,-0.766032,0.412479,-0.294628,1,21.2514
599,-0.766032,0.412479,-0.294628,2,27.3292
599,-0.766032,0.412479,-0.294628,3,36.2109
600,-0.824958,0.471405,-0.353553,1,19.1897
600,-0.824958,0.471405,-0.353553,2,22.2373
600,-0.824958,0.471405,-0.353553,3,35.5522
601,-0.117851,-0.117851,0.353553,1,18.8553
601,-0.117851,-0.117851,0.353553,2,20.8498
601,-0.117851,-0.117851,0.353553,3,32.9699
602,-0.176777,-0.058926,0.294628,1,17.087
602,-0.176777,-0.058926,0.294628,2,19.5137
602,-0.176777,-0.058926,0.294628,3,30.7066
603,-0.235702,0.0,0.235702,1,16.2217
603,-0.235702,0.0,0.235702,2,19.7216
603,-0.235702,0.0,0.235702,3,29.4701
604,-0.294628,0.058926,0.176777,1,17.087
604,-0.294628,0.058926,0.176777,2,19.5137
604,-0.294628,0.058926,0.176777,3,30.7066
605,-0.353553,0.117851,0.117851,1,18.8553
605,-0.353553,0.117851,0.117851,2,20.8498
605,-0.353553,0.117851,0.117851,3,32.9699
606,-0.412479,0.176777,0.058926,1,21.0777
606,-0.412479,0.176777,0.058926,2,24.1666
606,-0.412479,0.176777,0.058926,3,34.8575
607,-0.471405,0.235702,0.0,1,23.2336
607,-0.471405,0.235702,0.0,2,27.9374
607,-0.471405,0.235702,0.0,3,36.1386
608,-0.53033,0.294628,-0.058926,1,24.6834
608,-0.53033,0.294628,-0.058926,2,30.7269
608,-0.53033,0.294628,-0.058926,3,36.9898
609,-0.589256,0.353553,-0.117851,1,25.1922
609,-0.589256,0.353553,-0.117851,2,31.6909
609,-0.589256,0.353553,-0.117851,3,37.345
610,-0.648181,0.412479,-0.176777,1,24.6834
610,-0.648181,0.412479,-0.176777,2,30.7269
610,-0.648181,0.412479,-0.176777,3,36.9898
611,-0.707107,0.471405,-0.235702,1,23.2336
611,-0.707107,0.471405,-0.235702,2,27.9374
611,-0.707107,0.471405,-0.235702,3,36.1386
612,-0.766032,0.53033,-0.294628,1,21.0777
612,-0.766032,0.53033,-0.294628,2,24.1666
612,-0.766032,0.53033,-0.294628,3,34.8575
613,-0.058926,-0.058926,0.412479,1,20.8571
613,-0.058926,-0.058926,0.412479,2,21.8481
613,-0.058926,-0.058926,0.412479,3,34.144
614,-0.117851,-0.0,0.353553,1,18.9532
614,-0.117851,-0.0,0.353553,2,20.4028
614,-0.117851,-0.0,0.353553,3,31.7428
615,-0.176777,0.058926,0.294628,1,17.087
615,-0.176777,0.058926,0.294628,2,19.5137
615,-0.176777,0.058926,0.294628,3,30.7066
616,-0.235702,0.117851,0.235702,1,16.4264
616,-0.235702,0.117851,0.235702,2,17.993
616,-0.235702,0.117851,0.235702,3,32.0449
617,-0.294628,0.176777,0.176777,1,17.4576
617,-0.294628,0.176777,0.176777,2,18.3918
617,-0.294628,0.176777,0.176777,3,34.0733
618,-0.353553,0.235702,0.117851,1,19.1897
618,-0.353553,0.235702,0.117851,2,22.2373
618,-0.353553,0.235702,0.117851,3,35.5522
619,-0.412479,0.294628,0.058926,1,21.2514
619,-0.412479,0.294628,0.058926,2,27.3292
619,-0.412479,0.294628,0.058926,3,36.2109
620,-0.471405,0.353553,0.0,1,23.1076
620,-0.471405,0.353553,0.0,2,31.5693
620,-0.471405,0.353553,0.0,3,36.2826
621,-0.53033,0.412479,-0.058926,1,24.3893
621,-0.53033,0.412479,-0.058926,2,32.9151
621,-0.53033,0.412479,-0.058926,3,36.7815
622,-0.589256,0.471405,-0.117851,1,24.8657
622,-0.589256,0.471405,-0.117851,2,31.1683
622,-0.589256,0.471405,-0.117851,3,37.5633
623,-0.648181,0.53033,-0.176777,1,24.4397
623,-0.648181,0.53033,-0.176777,2,27.9384
623,-0.648181,0.53033,-0.176777,3,37.3783
624,-0.707107,0.589256,-0.235702,1,23.0388
624,-0.707107,0.589256,-0.235702,2,24.3854
624,-0.707107,0.589256,-0.235702,3,36.1969
625,0.0,0.0,0.471405,1,22.764
625,0.0,0.0,0.471405,2,22.764
625,0.0,0.0,0.471405,3,36.3824
626,-0.058926,0.058926,0.412479,1,20.8571
626,-0.058926,0.058926,0.412479,2,21.8481
626,-0.058926,0.058926,0.412479,3,34.144
627,-0.117851,0.117851,0.353553,1,18.8553
627,-0.117851,0.117851,0.353553,2,20.8498
627,-0.117851,0.117851,0.353553,3,32.9699
628,-0.176777,0.176777,0.294628,1,17.4576
628,-0.176777,0.176777,0.294628,2,18.3918
628,-0.176777,0.176777,0.294628,3,34.0733
629,-0.235702,0.235702,0.235702,1,17.2766
629,-0.235702,0.235702,0.235702,2,17.2766
629,-0.235702,0.235702,0.235702,3,35.9264
630,-0.294628,0.294628,0.176777,1,18.3356
630,-0.294628,0.294628,0.176777,2,19.9414
630,-0.294628,0.294628,0.176777,3,37.2436
631,-0.353553,0.353553,0.117851,1,20.1366
631,-0.353553,0.353553,0.117851,2,25.109
631,-0.353553,0.353553,0.117851,3,37.6407
632,-0.412479,0.412479,0.058926,1,22.0939
632,-0.412479,0.412479,0.058926,2,30.4877
632,-0.412479,0.412479,0.058926,3,37.074
633,-0.471405,0.471405,-0.0,1,23.7221
633,-0.471405,0.471405,-0.0,2,34.6256
633,-0.471405,0.471405,-0.0,3,35.5944
634,-0.53033,0.53033,-0.058926,1,24.6803
634,-0.53033,0.53033,-0.058926,2,32.7511
634,-0.53033,0.53033,-0.058926,3,37.3931
635,-0.589256,0.589256,-0.117851,1,24.8179
635,-0.589256,0.589256,-0.117851,2,29.1424
635,-0.589256,0.589256,-0.117851,3,38.3887
636,-0.648181,0.648181,-0.176777,1,24.1477
636,-0.648181,0.648181,-0.176777,2,25.3801
636,-0.648181,0.648181,-0.176777,3,37.9839
637,0.058926,0.058926,0.53033,1,24.1477
637,0.058926,0.058926,0.53033,2,25.3801
637,0.058926,0.058926,0.53033,3,37.9839
638,0.0,0.117851,0.471405,1,23.0388
638,0.0,0.117851,0.471405,2,24.3854
638,0.0,0.117851,0.471405,3,36.1969
639,-0.058926,0.176777,0.412479,1,21.0777
639,-0.058926,0.176777,0.412479,2,24.1666
639,-0.058926,0.176777,0.412479,3,34.8575
640,-0.117851,0.235702,0.353553,1,19.1897
640,-0.117851,0.235702,0.353553,2,22.2373
640,-0.117851,0.235702,0.353553,3,35.5522
641,-0.176777,0.294628,0.294628,1,18.3356
641,-0.176777,0.294628,0.294628,2,19.9414
641,-0.176777,0.294628,0.294628,3,37.2436
642,-0.235702,0.353553,0.235702,1,18.9689
642,-0.235702,0.353553,0.235702,2,20.0426
642,-0.235702,0.353553,0.235702,3,38.5178
643,-0.294628,0.412479,0.176777,1,20.3864
643,-0.294628,0.412479,0.176777,2,23.5745
643,-0.294628,0.412479,0.176777,3,38.892
644,-0.353553,0.471405,0.117851,1,22.4064
644,-0.353553,0.471405,0.117851,2,28.4603
644,-0.353553,0.471405,0.117851,3,38.2887
645,-0.412479,0.53033,0.058926,1,24.3893
645,-0.412479,0.53033,0.058926,2,32.9151
645,-0.412479,0.53033,0.058926,3,36.7815
646,-0.471405,0.589256,0.0,1,25.8115
646,-0.471405,0.589256,0.0,2,33.5086
646,-0.471405,0.589256,0.0,3,36.8744
647,-0.53033,0.648181,-0.058926,1,26.3747
647,-0.53033,0.648181,-0.058926,2,30.2081
647,-0.53033,0.648181,-0.058926,3,38.5573
648,-0.589256,0.707107,-0.117851,1,25.8345
648,-0.589256,0.707107,-0.117851,2,26.9909
648,-0.589256,0.707107,-0.117851,3,38.9094
649,0.117851,0.117851,0.589256,1,24.8179
649,0.117851,0.117851,0.589256,2,29.1424
649,0.117851,0.117851,0.589256,3,38.3887
650,0.058926,0.176777,0.53033,1,24.4397
650,0.058926,0.176777,0.53033,2,27.9384
650,0.058926,0.176777,0.53033,3,37.3783
651,-0.0,0.235702,0.471405,1,23.2336
651,-0.0,0.235702,0.471405,2,27.9374
651,-0.0,0.235702,0.471405,3,36.1386
652,-0.058926,0.294628,0.412479,1,21.2514
652,-0.058926,0.294628,0.412479,2,27.3292
652,-0.058926,0.294628,0.412479,3,36.2109
653,-0.117851,0.353553,0.353553,1,20.1366
653,-0.117851,0.353553,0.353553,2,25.109
653,-0.117851,0.353553,0.353553,3,37.6407
654,-0.176777,0.412479,0.294628,1,20.3864
654,-0.176777,0.412479,0.294628,2,23.5745
654,-0.176777,0.412479,0.294628,3,38.892
655,-0.235702,0.471405,0.235702,1,21.1292
655,-0.235702,0.471405,0.235702,2,24.9519
655,-0.235702,0.471405,0.235702,3,39.2999
656,-0.294628,0.53033,0.176777,1,22.8007
656,-0.294628,0.53033,0.176777,2,28.2355
656,-0.294628,0.53033,0.176777,3,38.7411
657,-0.353553,0.589256,0.117851,1,25.1922
657,-0.353553,0.589256,0.117851,2,31.6909
657,-0.353553,0.589256,0.117851,3,37.345
658,-0.412479,0.648181,0.058926,1,27.2618
658,-0.412479,0.648181,0.058926,2,33.2509
658,-0.412479,0.648181,0.058926,3,36.4376
659,-0.471405,0.707107,0.0,1,27.9367
659,-0.471405,0.707107,0.0,2,31.4254
659,-0.471405,0.707107,0.0,3,37.7479
660,-0.53033,0.766032,-0.058926,1,26.3747
660,-0.53033,0.766032,-0.058926,2,30.2081
660,-0.53033,0.766032,-0.058926,3,38.5573
661,0.176777,0.176777,0.648181,1,24.6803
661,0.176777,0.176777,0.648181,2,32.7511
661,0.176777,0.176777,0.648181,3,37.3931
662,0.117851,0.235702,0.589256,1,24.8657
662,0.117851,0.235702,0.589256,2,31.1683
662,0.117851,0.235702,0.589256,3,37.5633
663,0.058926,0.294628,0.53033,1,24.6834
663,0.058926,0.294628,0.53033,2,30.7269
663,0.058926,0.294628,0.53033,3,36.9898
664,-0.0,0.353553,0.471405,1,23.1076
664,-0.0,0.353553,0.471405,2,31.5693
664,-0.0,0.353553,0.471405,3,36.2826
665,-0.058926,0.412479,0.412479,1,22.0939
665,-0.058926,0.412479,0.412479,2,30.4877
665,-0.058926,0.412479,0.412479,3,37.074
666,-0.117851,0.471405,0.353553,1,22.4064
666,-0.117851,0.471405,0.353553,2,28.4603
666,-0.117851,0.471405,0.353553,3,38.2887
667,-0.176777,0.53033,0.294628,1,22.8007
667,-0.176777,0.53033,0.294628,2,28.2355
667,-0.176777,0.53033,0.294628,3,38.7411
668,-0.235702,0.589256,0.235702,1,22.9831
668,-0.235702,0.589256,0.235702,2,30.3848
668,-0.235702,0.589256,0.235702,3,38.1935
669,-0.294628,0.648181,0.176777,1,24.3893
669,-0.294628,0.648181,0.176777,2,32.9151
669,-0.294628,0.648181,0.176777,3,36.7815
670,-0.353553,0.707107,0.117851,1,26.509
670,-0.353553,0.707107,0.117851,2,33.9839
670,-0.353553,0.707107,0.117851,3,35.735
671,-0.412479,0.766032,0.058926,1,27.2618
671,-0.412479,0.766032,0.058926,2,33.2509
671,-0.412479,0.766032,0.058926,3,36.4376
672,-0.471405,0.824958,-0.0,1,25.8115
672,-0.471405,0.824958,-0.0,2,33.5086
672,-0.471405,0.824958,-0.0,3,36.8744
673,0.235702,0.235702,0.707107,1,23.7221
673,0.235702,0.235702,0.707107,2,34.6256
673,0.235702,0.235702,0.707107,3,35.5944
674,0.176777,0.294628,0.648181,1,24.3893
674,0.176777,0.294628,0.648181,2,32.9151
674,0.176777,0.294628,0.648181,3,36.7815
675,0.117851,0.353553,0.589256,1,25.1922
675,0.117851,0.353553,0.589256,2,31.6909
675,0.117851,0.353553,0.589256,3,37.345
676,0.058926,0.412479,0.53033,1,24.3893
676,0.058926,0.412479,0.53033,2,32.9151
676,0.058926,0.412479,0.53033,3,36.7815
677,0.0,0.471405,0.471405,1,23.7221
677,0.0,0.471405,0.471405,2,34.6256
677,0.0,0.471405,0.471405,3,35.5944
678,-0.058926,0.53033,0.412479,1,24.3893
678,-0.058926,0.53033,0.412479,2,32.9151
678,-0.058926,0.53033,0.412479,3,36.7815
679,-0.117851,0.589256,0.353553,1,25.1922
679,-0.117851,0.589256,0.353553,2,31.6909
679,-0.117851,0.589256,0.353553,3,37.345
680,-0.176777,0.648181,0.294628,1,24.3893
680,-0.176777,0.648181,0.294628,2,32.9151
680,-0.176777,0.648181,0.294628,3,36.7815
681,-0.235702,0.707107,0.235702,1,23.7221
681,-0.235702,0.707107,0.235702,2,34.6256
681,-0.235702,0.707107,0.235702,3,35.5944
682,-0.294628,0.766032,0.176777,1,24.3893
682,-0.294628,0.766032,0.176777,2,32.9151
682,-0.294628,0.766032,0.176777,3,36.7815
683,-0.353553,0.824958,0.117851,1,25.1922
683,-0.353553,0.824958,0.117851,2,31.6909
683,-0.353553,0.824958,0.117851,3,37.345
684,-0.412479,0.883883,0.058926,1,24.3893
684,-0.412479,0.883883,0.058926,2,32.9151
684,-0.412479,0.883883,0.058926,3,36.7815
685,0.294628,0.294628,0.766032,1,22.0939
685,0.294628,0.294628,0.766032,2,30.4877
685,0.294628,0.294628,0.766032,3,37.074
686,0.235702,0.353553,0.707107,1,23.1076
686,0.235702,0.353553,0.707107,2,31.5693
686,0.235702,0.353553,0.707107,3,36.2826
687,0.176777,0.412479,0.648181,1,24.6834
687,0.176777,0.412479,0.648181,2,30.7269
687,0.176777,0.412479,0.648181,3,36.9898
688,0.117851,0.471405,0.589256,1,24.8657
688,0.117851,0.471405,0.589256,2,31.1683
688,0.117851,0.471405,0.589256,3,37.5633
689,0.058926,0.53033,0.53033,1,24.6803
689,0.058926,0.53033,0.53033,2,32.7511
689,0.058926,0.53033,0.53033,3,37.3931
690,0.0,0.589256,0.471405,1,25.8115
690,0.0,0.589256,0.471405,2,33.5086
690,0.0,0.589256,0.471405,3,36.8744
691,-0.058926,0.648181,0.412479,1,27.2618
691,-0.058926,0.648181,0.412479,2,33.2509
691,-0.058926,0.648181,0.412479,3,36.4376
692,-0.117851,0.707107,0.353553,1,26.509
692,-0.117851,0.707107,0.353553,2,33.9839
692,-0.117851,0.707107,0.353553,3,35.735
693,-0.176777,0.766032,0.294628,1,24.3893
693,-0.176777,0.766032,0.294628,2,32.9151
693,-0.176777,0.766032,0.294628,3,36.7815
694,-0.235702,0.824958,0.235702,1,22.9831
694,-0.235702,0.824958,0.235702,2,30.3848
694,-0.235702,0.824958,0.235702,3,38.1935
695,-0.294628,0.883883,0.176777,1,22.8007
695,-0.294628,0.883883,0.176777,2,28.2355
695,-0.294628,0.883883,0.176777,3,38.7411
696,-0.353553,0.942809,0.117851,1,22.4064
696,-0.353553,0.942809,0.117851,2,28.4603
696,-0.353553,0.942809,0.117851,3,38.2887
697,0.353553,0.353553,0.824958,1,20.1366
697,0.353553,0.353553,0.824958,2,25.109
697,0.353553,0.353553,0.824958,3,37.6407
698,0.294628,0.412479,0.766032,1,21.2514
698,0.294628,0.412479,0.766032,2,27.3292
698,0.294628,0.412479,0.766032,3,36.2109
699,0.235702,0.471405,0.707107,1,23.2336
699,0.235702,0.471405,0.707107,2,27.9374
699,0.235702,0.471405,0.707107,3,36.1386
700,0.176777,0.53033,0.648181,1,24.4397
700,0.176777,0.53033,0.648181,2,27.9384
700,0.176777,0.53033,0.648181,3,37.3783
701,0.117851,0.589256,0.589256,1,24.8179
701,0.117851,0.589256,0.589256,2,29.1424
701,0.117851,0.589256,0.589256,3,38.3887
702,0.058926,0.648181,0.53033,1,26.3747
702,0.058926,0.648181,0.53033,2,30.2081
702,0.058926,0.648181,0.53033,3,38.5573
703,0.0,0.707107,0.471405,1,27.9367
703,0.0,0.707107,0.471405,2,31.4254
703,0.0,0.707107,0.471405,3,37.7479
704,-0.058926,0.766032,0.412479,1,27.2618
704,-0.058926,0.766032,0.412479,2,33.2509
704,-0.058926,0.766032,0.412479,3,36.4376
705,-0.117851,0.824958,0.353553,1,25.1922
705,-0.117851,0.824958,0.353553,2,31.6909
705,-0.117851,0.824958,0.353553,3,37.345
706,-0.176777,0.883883,0.294628,1,22.8007
706,-0.176777,0.883883,0.294628,2,28.2355
706,-0.176777,0.883883,0.294628,3,38.7411
707,-0.235702,0.942809,0.235702,1,21.1292
707,-0.235702,0.942809,0.235702,2,24.9519
707,-0.235702,0.942809,0.235702,3,39.2999
708,-0.294628,1.001735,0.176777,1,20.3864
708,-0.294628,1.001735,0.176777,2,23.5745
708,-0.294628,1.001735,0.176777,3,38.892
709,0.412479,0.412479,0.883883,1,18.3356
709,0.412479,0.412479,0.883883,2,19.9414
709,0.412479,0.412479,0.883883,3,37.2436
710,0.353553,0.471405,0.824958,1,19.1897
710,0.353553,0.471405,0.824958,2,22.2373
710,0.353553,0.471405,0.824958,3,35.5522
711,0.294628,0.53033,0.766032,1,21.0777
711,0.294628,0.53033,0.766032,2,24.1666
711,0.294628,0.53033,0.766032,3,34.8575
712,0.235702,0.589256,0.707107,1,23.0388
712,0.235702,0.589256,0.707107,2,24.3854
712,0.235702,0.589256,0.707107,3,36.1969
713,0.176777,0.648181,0.648181,1,24.1477
713,0.176777,0.648181,0.648181,2,25.3801
713,0.176777,0.648181,0.648181,3,37.9839
714,0.117851,0.707107,0.589256,1,25.8345
714,0.117851,0.707107,0.589256,2,26.9909
714,0.117851,0.707107,0.589256,3,38.9094
715,0.058926,0.766032,0.53033,1,26.3747
715,0.058926,0.766032,0.53033,2,30.2081
715,0.058926,0.766032,0.53033,3,38.5573
716,0.0,0.824958,0.471405,1,25.8115
716,0.0,0.824958,0.471405,2,33.5086
716,0.0,0.824958,0.471405,3,36.8744
717,-0.058926,0.883883,0.412479,1,24.3893
717,-0.058926,0.883883,0.412479,2,32.9151
717,-0.058926,0.883883,0.412479,3,36.7815
718,-0.117851,0.942809,0.353553,1,22.4064
718,-0.117851,0.942809,0.353553,2,28.4603
718,-0.117851,0.942809,0.353553,3,38.2887
719,-0.176777,1.001735,0.294628,1,20.3864
719,-0.176777,1.001735,0.294628,2,23.5745
719,-0.176777,1.001735,0.294628,3,38.892
720,-0.235702,1.06066,0.235702,1,18.9689
720,-0.235702,1.06066,0.235702,2,20.0426
720,-0.235702,1.06066,0.235702,3,38.5178
721,-0.294628,-0.294628,0.294628,1,18.525
721,-0.294628,-0.294628,0.294628,2,18.525
721,-0.294628,-0.294628,0.294628,3,39.7916
722,-0.353553,-0.235702,0.235702,1,18.9689
722,-0.353553,-0.235702,0.235702,2,20.0426
722,-0.353553,-0.235702,0.235702,3,38.5178
723,-0.412479,-0.176777,0.176777,1,20.454
723,-0.412479,-0.176777,0.176777,2,23.5022
723,-0.412479,-0.176777,0.176777,3,36.8919
724,-0.471405,-0.117851,0.117851,1,22.3843
724,-0.471405,-0.117851,0.117851,2,25.6514
724,-0.471405,-0.117851,0.117851,3,36.4484
725,-0.53033,-0.058926,0.058926,1,24.1477
725,-0.53033,-0.058926,0.058926,2,25.3801
725,-0.53033,-0.058926,0.058926,3,37.9839
726,-0.589256,0.0,0.0,1,25.3765
726,-0.589256,0.0,0.0,2,25.3765
726,-0.589256,0.0,0.0,3,39.5763
727,-0.648181,0.058926,-0.058926,1,25.9206
727,-0.648181,0.058926,-0.058926,2,27.2912
727,-0.648181,0.058926,-0.058926,3,40.0031
728,-0.707107,0.117851,-0.117851,1,25.7013
728,-0.707107,0.117851,-0.117851,2,30.4626
728,-0.707107,0.117851,-0.117851,3,39.0196
729,-0.766032,0.176777,-0.176777,1,24.6803
729,-0.766032,0.176777,-0.176777,2,32.7511
729,-0.766032,0.176777,-0.176777,3,37.3931
730,-0.824958,0.235702,-0.235702,1,22.9831
730,-0.824958,0.235702,-0.235702,2,30.3848
730,-0.824958,0.235702,-0.235702,3,38.1935
731,-0.883883,0.294628,-0.294628,1,20.9964
731,-0.883883,0.294628,-0.294628,2,25.4879
731,-0.883883,0.294628,-0.294628,3,39.5939
732,-0.942809,0.353553,-0.353553,1,19.3102
732,-0.942809,0.353553,-0.353553,2,20.7679
732,-0.942809,0.353553,-0.353553,3,40.1778
733,-0.235702,-0.235702,0.353553,1,18.9689
733,-0.235702,-0.235702,0.353553,2,20.0426
733,-0.235702,-0.235702,0.353553,3,38.5178
734,-0.294628,-0.176777,0.294628,1,18.3356
734,-0.294628,-0.176777,0.294628,2,19.9414
734,-0.294628,-0.176777,0.294628,3,37.2436
735,-0.353553,-0.117851,0.235702,1,19.1897
735,-0.353553,-0.117851,0.235702,2,22.2373
735,-0.353553,-0.117851,0.235702,3,35.5522
736,-0.412479,-0.058926,0.176777,1,21.0777
736,-0.412479,-0.058926,0.176777,2,24.1666
736,-0.412479,-0.058926,0.176777,3,34.8575
737,-0.471405,-0.0,0.117851,1,23.0388
737,-0.471405,-0.0,0.117851,2,24.3854
737,-0.471405,-0.0,0.117851,3,36.1969
738,-0.53033,0.058926,0.058926,1,24.1477
738,-0.53033,0.058926,0.058926,2,25.3801
738,-0.53033,0.058926,0.058926,3,37.9839
739,-0.589256,0.117851,0.0,1,25.8345
739,-0.589256,0.117851,0.0,2,26.9909
739,-0.589256,0.117851,0.0,3,38.9094
740,-0.648181,0.176777,-0.058926,1,26.3747
740,-0.648181,0.176777,-0.058926,2,30.2081
740,-0.648181,0.176777,-0.058926,3,38.5573
741,-0.707107,0.235702,-0.117851,1,25.8115
741,-0.707107,0.235702,-0.117851,2,33.5086
741,-0.707107,0.235702,-0.117851,3,36.8744
742,-0.766032,0.294628,-0.176777,1,24.3893
742,-0.766032,0.294628,-0.176777,2,32.9151
742,-0.766032,0.294628,-0.176777,3,36.7815
743,-0.824958,0.353553,-0.235702,1,22.4064
743,-0.824958,0.353553,-0.235702,2,28.4603
743,-0.824958,0.353553,-0.235702,3,38.2887
744,-0.883883,0.412479,-0.294628,1,20.3864
744,-0.883883,0.412479,-0.294628,2,23.5745
744,-0.883883,0.412479,-0.294628,3,38.892
745,-0.176777,-0.176777,0.412479,1,20.454
745,-0.176777,-0.176777,0.412479,2,23.5022
745,-0.176777,-0.176777,0.412479,3,36.8919
746,-0.235702,-0.117851,0.353553,1,19.1897
746,-0.235702,-0.117851,0.353553,2,22.2373
746,-0.235702,-0.117851,0.353553,3,35.5522
747,-0.294628,-0.058926,0.294628,1,18.5505
747,-0.294628,-0.058926,0.294628,2,23.3956
747,-0.294628,-0.058926,0.294628,3,33.9195
748,-0.353553,0.0,0.235702,1,19.4205
748,-0.353553,0.0,0.235702,2,24.2179
748,-0.353553,0.0,0.235702,3,33.4937
749,-0.412479,0.058926,0.176777,1,21.0777
749,-0.412479,0.058926,0.176777,2,24.1666
749,-0.412479,0.058926,0.176777,3,34.8575
750,-0.471405,0.117851,0.117851,1,22.3843
750,-0.471405,0.117851,0.117851,2,25.6514
750,-0.471405,0.117851,0.117851,3,36.4484
751,-0.53033,0.176777,0.058926,1,24.4397
751,-0.53033,0.176777,0.058926,2,27.9384
751,-0.53033,0.176777,0.058926,3,37.3783
752,-0.589256,0.235702,0.0,1,26.5566
752,-0.589256,0.235702,0.0,2,30.4902
752,-0.589256,0.235702,0.0,3,37.4197
753,-0.648181,0.294628,-0.058926,1,27.2618
753,-0.648181,0.294628,-0.058926,2,33.2509
753,-0.648181,0.294628,-0.058926,3,36.4376
754,-0.707107,0.353553,-0.117851,1,26.509
754,-0.707107,0.353553,-0.117851,2,33.9839
754,-0.707107,0.353553,-0.117851,3,35.735
755,-0.766032,0.412479,-0.176777,1,24.6834
755,-0.766032,0.412479,-0.176777,2,30.7269
755,-0.766032,0.412479,-0.176777,3,36.9898
756,-0.824958,0.471405,-0.235702,1,22.3685
756,-0.824958,0.471405,-0.235702,2,26.8686
756,-0.824958,0.471405,-0.235702,3,37.3964
757,-0.117851,-0.117851,0.471405,1,22.3843
757,-0.117851,-0.117851,0.471405,2,25.6514
757,-0.117851,-0.117851,0.471405,3,36.4484
758,-0.176777,-0.058926,0.412479,1,21.0777
758,-0.176777,-0.058926,0.412479,2,24.1666
758,-0.176777,-0.058926,0.412479,3,34.8575
759,-0.235702,0.0,0.353553,1,19.4205
759,-0.235702,0.0,0.353553,2,24.2179
759,-0.235702,0.0,0.353553,3,33.4937
760,-0.294628,0.058926,0.294628,1,18.5505
760,-0.294628,0.058926,0.294628,2,23.3956
760,-0.294628,0.058926,0.294628,3,33.9195
761,-0.353553,0.117851,0.235702,1,19.1897
761,-0.353553,0.117851,0.235702,2,22.2373
761,-0.353553,0.117851,0.235702,3,35.5522
762,-0.412479,0.176777,0.176777,1,20.454
762,-0.412479,0.176777,0.176777,2,23.5022
762,-0.412479,0.176777,0.176777,3,36.8919
763,-0.471405,0.235702,0.117851,1,22.3685
763,-0.471405,0.235702,0.117851,2,26.8686
763,-0.471405,0.235702,0.117851,3,37.3964
764,-0.53033,0.294628,0.058926,1,24.6834
764,-0.53033,0.294628,0.058926,2,30.7269
764,-0.53033,0.294628,0.058926,3,36.9898
765,-0.589256,0.353553,0.0,1,26.509
765,-0.589256,0.353553,0.0,2,33.9839
765,-0.589256,0.353553,0.0,3,35.735
766,-0.648181,0.412479,-0.058926,1,27.2618
766,-0.648181,0.412479,-0.058926,2,33.2509
766,-0.648181,0.412479,-0.058926,3,36.4376
767,-0.707107,0.471405,-0.117851,1,26.5566
767,-0.707107,0.471405,-0.117851,2,30.4902
767,-0.707107,0.471405,-0.117851,3,37.4197
768,-0.766032,0.53033,-0.176777,1,24.4397
768,-0.766032,0.53033,-0.176777,2,27.9384
768,-0.766032,0.53033,-0.176777,3,37.3783
769,-0.058926,-0.058926,0.53033,1,24.1477
769,-0.058926,-0.058926,0.53033,2,25.3801
769,-0.058926,-0.058926,0.53033,3,37.9839
770,-0.117851,-0.0,0.471405,1,23.0388
770,-0.117851,-0.0,0.471405,2,24.3854
770,-0.117851,-0.0,0.471405,3,36.1969
771,-0.176777,0.058926,0.412479,1,21.0777
771,-0.176777,0.058926,0.412479,2,24.1666
771,-0.176777,0.058926,0.412479,3,34.8575
772,-0.235702,0.117851,0.353553,1,19.1897
772,-0.235702,0.117851,0.353553,2,22.2373
772,-0.235702,0.117851,0.353553,3,35.5522
773,-0.294628,0.176777,0.294628,1,18.3356
773,-0.294628,0.176777,0.294628,2,19.9414
773,-0.294628,0.176777,0.294628,3,37.2436
774,-0.353553,0.235702,0.235702,1,18.9689
774,-0.353553,0.235702,0.235702,2,20.0426
774,-0.353553,0.235702,0.235702,3,38.5178
775,-0.412479,0.294628,0.176777,1,20.3864
775,-0.412479,0.294628,0.176777,2,23.5745
775,-0.412479,0.294628,0.176777,3,38.892
776,-0.471405,0.353553,0.117851,1,22.4064
776,-0.471405,0.353553,0.117851,2,28.4603
776,-0.471405,0.353553,0.117851,3,38.2887
777,-0.53033,0.412479,0.058926,1,24.3893
777,-0.53033,0.412479,0.058926,2,32.9151
777,-0.53033,0.412479,0.058926,3,36.7815
778,-0.589256,0.471405,0.0,1,25.8115
778,-0.589256,0.471405,0.0,2,33.5086
778,-0.589256,0.471405,0.0,3,36.8744
779,-0.648181,0.53033,-0.058926,1,26.3747
779,-0.648181,0.53033,-0.058926,2,30.2081
779,-0.648181,0.53033,-0.058926,3,38.5573
780,-0.707107,0.589256,-0.117851,1,25.8345
780,-0.707107,0.589256,-0.117851,2,26.9909
780,-0.707107,0.589256,-0.117851,3,38.9094
781,0.0,0.0,0.589256,1,25.3765
781,0.0,0.0,0.589256,2,25.3765
781,0.0,0.0,0.589256,3,39.5763
782,-0.058926,0.058926,0.53033,1,24.1477
782,-0.058926,0.058926,0.53033,2,25.3801
782,-0.058926,0.058926,0.53033,3,37.9839
783,-0.117851,0.117851,0.471405,1,22.3843
783,-0.117851,0.117851,0.471405,2,25.6514
783,-0.117851,0.117851,0.471405,3,36.4484
784,-0.176777,0.176777,0.412479,1,20.454
784,-0.176777,0.176777,0.412479,2,23.5022
784,-0.176777,0.176777,0.412479,3,36.8919
785,-0.235702,0.235702,0.353553,1,18.9689
785,-0.235702,0.235702,0.353553,2,20.0426
785,-0.235702,0.235702,0.353553,3,38.5178
786,-0.294628,0.294628,0.294628,1,18.525
786,-0.294628,0.294628,0.294628,2,18.525
786,-0.294628,0.294628,0.294628,3,39.7916
787,-0.353553,0.353553,0.235702,1,19.3102
787,-0.353553,0.353553,0.235702,2,20.7679
787,-0.353553,0.353553,0.235702,3,40.1778
788,-0.412479,0.412479,0.176777,1,20.9964
788,-0.412479,0.412479,0.176777,2,25.4879
788,-0.412479,0.412479,0.176777,3,39.5939
789,-0.471405,0.471405,0.117851,1,22.9831
789,-0.471405,0.471405,0.117851,2,30.3848
789,-0.471405,0.471405,0.117851,3,38.1935
790,-0.53033,0.53033,0.058926,1,24.6803
790,-0.53033,0.53033,0.058926,2,32.7511
790,-0.53033,0.53033,0.058926,3,37.3931
791,-0.589256,0.589256,0.0,1,25.7013
791,-0.589256,0.589256,0.0,2,30.4626
791,-0.589256,0.589256,0.0,3,39.0196
792,-0.648181,0.648181,-0.058926,1,25.9206
792,-0.648181,0.648181,-0.058926,2,27.2912
792,-0.648181,0.648181,-0.058926,3,40.0031
793,0.058926,0.058926,0.648181,1,25.9206
793,0.058926,0.058926,0.648181,2,27.2912
793,0.058926,0.058926,0.648181,3,40.0031
794,0.0,0.117851,0.589256,1,25.8345
794,0.0,0.117851,0.589256,2,26.9909
794,0.0,0.117851,0.589256,3,38.9094
795,-0.058926,0.176777,0.53033,1,24.4397
795,-0.058926,0.176777,0.53033,2,27.9384
795,-0.058926,0.176777,0.53033,3,37.3783
796,-0.117851,0.235702,0.471405,1,22.3685
796,-0.117851,0.235702,0.471405,2,26.8686
796,-0.117851,0.235702,0.471405,3,37.3964
797,-0.176777,0.294628,0.412479,1,20.3864
797,-0.176777,0.294628,0.412479,2,23.5745
797,-0.176777,0.294628,0.412479,3,38.892
798,-0.235702,0.353553,0.353553,1,19.3102
798,-0.235702,0.353553,0.353553,2,20.7679
798,-0.235702,0.353553,0.353553,3,40.1778
799,-0.294628,0.412479,0.294628,1,19.5243
799,-0.294628,0.412479,0.294628,2,20.7732
799,-0.294628,0.412479,0.294628,3,40.6112
800,-0.353553,0.471405,0.235702,1,20.7711
800,-0.353553,0.471405,0.235702,2,23.9582
800,-0.353553,0.471405,0.235702,3,40.0797
801,-0.412479,0.53033,0.176777,1,22.8007
801,-0.412479,0.53033,0.176777,2,28.2355
801,-0.412479,0.53033,0.176777,3,38.7411
802,-0.471405,0.589256,0.117851,1,24.8657
802,-0.471405,0.589256,0.117851,2,31.1683
802,-0.471405,0.589256,0.117851,3,37.5633
803,-0.53033,0.648181,0.058926,1,26.3747
803,-0.53033,0.648181,0.058926,2,30.2081
803,-0.53033,0.648181,0.058926,3,38.5573
804,-0.589256,0.707107,0.0,1,26.8428
804,-0.589256,0.707107,0.0,2,27.9163
804,-0.589256,0.707107,0.0,3,39.8645
805,0.117851,0.117851,0.707107,1,25.7013
805,0.117851,0.117851,0.707107,2,30.4626
805,0.117851,0.117851,0.707107,3,39.0196
806,0.058926,0.176777,0.648181,1,26.3747
806,0.058926,0.176777,0.648181,2,30.2081
806,0.058926,0.176777,0.648181,3,38.5573
807,-0.0,0.235702,0.589256,1,26.5566
807,-0.0,0.235702,0.589256,2,30.4902
807,-0.0,0.235702,0.589256,3,37.4197
808,-0.058926,0.294628,0.53033,1,24.6834
808,-0.058926,0.294628,0.53033,2,30.7269
808,-0.058926,0.294628,0.53033,3,36.9898
809,-0.117851,0.353553,0.471405,1,22.4064
809,-0.117851,0.353553,0.471405,2,28.4603
809,-0.117851,0.353553,0.471405,3,38.2887
810,-0.176777,0.412479,0.412479,1,20.9964
810,-0.176777,0.412479,0.412479,2,25.4879
810,-0.176777,0.412479,0.412479,3,39.5939
811,-0.235702,0.471405,0.353553,1,20.7711
811,-0.235702,0.471405,0.353553,2,23.9582
811,-0.235702,0.471405,0.353553,3,40.0797
812,-0.294628,0.53033,0.294628,1,20.9964
812,-0.294628,0.53033,0.294628,2,25.4879
812,-0.294628,0.53033,0.294628,3,39.5939
813,-0.353553,0.589256,0.235702,1,22.4064
813,-0.353553,0.589256,0.235702,2,28.4603
813,-0.353553,0.589256,0.235702,3,38.2887
814,-0.412479,0.648181,0.176777,1,24.6834
814,-0.412479,0.648181,0.176777,2,30.7269
814,-0.412479,0.648181,0.176777,3,36.9898
815,-0.471405,0.707107,0.117851,1,26.5566
815,-0.471405,0.707107,0.117851,2,30.4902
815,-0.471405,0.707107,0.117851,3,37.4197
816,-0.53033,0.766032,0.058926,1,26.3747
816,-0.53033,0.766032,0.058926,2,30.2081
816,-0.53033,0.766032,0.058926,3,38.5573
817,0.176777,0.176777,0.766032,1,24.6803
817,0.176777,0.176777,0.766032,2,32.7511
817,0.176777,0.176777,0.766032,3,37.3931
818,0.117851,0.235702,0.707107,1,25.8115
818,0.117851,0.235702,0.707107,2,33.5086
818,0.117851,0.235702,0.707107,3,36.8744
819,0.058926,0.294628,0.648181,1,27.2618
819,0.058926,0.294628,0.648181,2,33.2509
819,0.058926,0.294628,0.648181,3,36.4376
820,0.0,0.353553,0.589256,1,26.509
820,0.0,0.353553,0.589256,2,33.9839
820,0.0,0.353553,0.589256,3,35.735
821,-0.058926,0.412479,0.53033,1,24.3893
821,-0.058926,0.412479,0.53033,2,32.9151
821,-0.058926,0.412479,0.53033,3,36.7815
822,-0.117851,0.471405,0.471405,1,22.9831
822,-0.117851,0.471405,0.471405,2,30.3848
822,-0.117851,0.471405,0.471405,3,38.1935
823,-0.176777,0.53033,0.412479,1,22.8007
823,-0.176777,0.53033,0.412479,2,28.2355
823,-0.176777,0.53033,0.412479,3,38.7411
824,-0.235702,0.589256,0.353553,1,22.4064
824,-0.235702,0.589256,0.353553,2,28.4603
824,-0.235702,0.589256,0.353553,3,38.2887
825,-0.294628,0.648181,0.294628,1,22.0939
825,-0.294628,0.648181,0.294628,2,30.4877
825,-0.294628,0.648181,0.294628,3,37.074
826,-0.353553,0.707107,0.235702,1,23.1076
826,-0.353553,0.707107,0.235702,2,31.5693
826,-0.353553,0.707107,0.235702,3,36.2826
827,-0.412479,0.766032,0.176777,1,24.6834
827,-0.412479,0.766032,0.176777,2,30.7269
827,-0.412479,0.766032,0.176777,3,36.9898
828,-0.471405,0.824958,0.117851,1,24.8657
828,-0.471405,0.824958,0.117851,2,31.1683
828,-0.471405,0.824958,0.117851,3,37.5633
829,0.235702,0.235702,0.824958,1,22.9831
829,0.235702,0.235702,0.824958,2,30.3848
829,0.235702,0.235702,0.824958,3,38.1935
830,0.176777,0.294628,0.766032,1,24.3893
830,0.176777,0.294628,0.766032,2,32.9151
830,0.176777,0.294628,0.766032,3,36.7815
831,0.117851,0.353553,0.707107,1,26.509
831,0.117851,0.353553,0.707107,2,33.9839
831,0.117851,0.353553,0.707107,3,35.735
832,0.058926,0.412479,0.648181,1,27.2618
832,0.058926,0.412479,0.648181,2,33.2509
832,0.058926,0.412479,0.648181,3,36.4376
833,-0.0,0.471405,0.589256,1,25.8115
833,-0.0,0.471405,0.589256,2,33.5086
833,-0.0,0.471405,0.589256,3,36.8744
834,-0.058926,0.53033,0.53033,1,24.6803
834,-0.058926,0.53033,0.53033,2,32.7511
834,-0.058926,0.53033,0.53033,3,37.3931
835,-0.117851,0.589256,0.471405,1,24.8657
835,-0.117851,0.589256,0.471405,2,31.1683
835,-0.117851,0.589256,0.471405,3,37.5633
836,-0.176777,0.648181,0.412479,1,24.6834
836,-0.176777,0.648181,0.412479,2,30.7269
836,-0.176777,0.648181,0.412479,3,36.9898
837,-0.235702,0.707107,0.353553,1,23.1076
837,-0.235702,0.707107,0.353553,2,31.5693
837,-0.235702,0.707107,0.353553,3,36.2826
838,-0.294628,0.766032,0.294628,1,22.0939
838,-0.294628,0.766032,0.294628,2,30.4877
838,-0.294628,0.766032,0.294628,3,37.074
839,-0.353553,0.824958,0.235702,1,22.4064
839,-0.353553,0.824958,0.235702,2,28.4603
839,-0.353553,0.824958,0.235702,3,38.2887
840,-0.412479,0.883883,0.176777,1,22.8007
840,-0.412479,0.883883,0.176777,2,28.2355
840,-0.412479,0.883883,0.176777,3,38.7411
841,0.294628,0.294628,0.883883,1,20.9964
841,0.294628,0.294628,0.883883,2,25.4879
841,0.294628,0.294628,0.883883,3,39.5939
842,0.235702,0.353553,0.824958,1,22.4064
842,0.235702,0.353553,0.824958,2,28.4603
842,0.235702,0.353553,0.824958,3,38.2887
843,0.176777,0.412479,0.766032,1,24.6834
843,0.176777,0.412479,0.766032,2,30.7269
843,0.176777,0.412479,0.766032,3,36.9898
844,0.117851,0.471405,0.707107,1,26.5566
844,0.117851,0.471405,0.707107,2,30.4902
844,0.117851,0.471405,0.707107,3,37.4197
845,0.058926,0.53033,0.648181,1,26.3747
845,0.058926,0.53033,0.648181,2,30.2081
845,0.058926,0.53033,0.648181,3,38.5573
846,-0.0,0.589256,0.589256,1,25.7013
846,-0.0,0.589256,0.589256,2,30.4626
846,-0.0,0.589256,0.589256,3,39.0196
847,-0.058926,0.648181,0.53033,1,26.3747
847,-0.058926,0.648181,0.53033,2,30.2081
847,-0.058926,0.648181,0.53033,3,38.5573
848,-0.117851,0.707107,0.471405,1,26.5566
848,-0.117851,0.707107,0.471405,2,30.4902
848,-0.117851,0.707107,0.471405,3,37.4197
849,-0.176777,0.766032,0.412479,1,24.6834
849,-0.176777,0.766032,0.412479,2,30.7269
849,-0.176777,0.766032,0.412479,3,36.9898
850,-0.235702,0.824958,0.353553,1,22.4064
850,-0.235702,0.824958,0.353553,2,28.4603
850,-0.235702,0.824958,0.353553,3,38.2887
851,-0.294628,0.883883,0.294628,1,20.9964
851,-0.294628,0.883883,0.294628,2,25.4879
851,-0.294628,0.883883,0.294628,3,39.5939
852,-0.353553,0.942809,0.235702,1,20.7711
852,-0.353553,0.942809,0.235702,2,23.9582
852,-0.353553,0.942809,0.235702,3,40.0797
853,0.353553,0.353553,0.942809,1,19.3102
853,0.353553,0.353553,0.942809,2,20.7679
853,0.353553,0.353553,0.942809,3,40.1778
854,0.294628,0.412479,0.883883,1,20.3864
854,0.294628,0.412479,0.883883,2,23.5745
854,0.294628,0.412479,0.883883,3,38.892
855,0.235702,0.471405,0.824958,1,22.3685
855,0.235702,0.471405,0.824958,2,26.8686
855,0.235702,0.471405,0.824958,3,37.3964
856,0.176777,0.53033,0.766032,1,24.4397
856,0.176777,0.53033,0.766032,2,27.9384
856,0.176777,0.53033,0.766032,3,37.3783
857,0.117851,0.589256,0.707107,1,25.8345
857,0.117851,0.589256,0.707107,2,26.9909
857,0.117851,0.589256,0.707107,3,38.9094
858,0.058926,0.648181,0.648181,1,25.9206
858,0.058926,0.648181,0.648181,2,27.2912
858,0.058926,0.648181,0.648181,3,40.0031
859,0.0,0.707107,0.589256,1,26.8428
859,0.0,0.707107,0.589256,2,27.9163
859,0.0,0.707107,0.589256,3,39.8645
860,-0.058926,0.766032,0.53033,1,26.3747
860,-0.058926,0.766032,0.53033,2,30.2081
860,-0.058926,0.766032,0.53033,3,38.5573
861,-0.117851,0.824958,0.471405,1,24.8657
861,-0.117851,0.824958,0.471405,2,31.1683
861,-0.117851,0.824958,0.471405,3,37.5633
862,-0.176777,0.883883,0.412479,1,22.8007
862,-0.176777,0.883883,0.412479,2,28.2355
862,-0.176777,0.883883,0.412479,3,38.7411
863,-0.235702,0.942809,0.353553,1,20.7711
863,-0.235702,0.942809,0.353553,2,23.9582
863,-0.235702,0.942809,0.353553,3,40.0797
864,-0.294628,1.001735,0.294628,1,19.5243
864,-0.294628,1.001735,0.294628,2,20.7732
864,-0.294628,1.001735,0.294628,3,40.6112
865,-0.353553,-0.353553,0.353553,1,18.9003
865,-0.353553,-0.353553,0.353553,2,18.9003
865,-0.353553,-0.353553,0.353553,3,41.0944
866,-0.412479,-0.294628,0.294628,1,19.5243
866,-0.412479,-0.294628,0.294628,2,20.7732
866,-0.412479,-0.294628,0.294628,3,40.6112
867,-0.471405,-0.235702,0.235702,1,21.1292
867,-0.471405,-0.235702,0.235702,2,24.9519
867,-0.471405,-0.235702,0.235702,3,39.2999
868,-0.53033,-0.176777,0.176777,1,23.0978
868,-0.53033,-0.176777,0.176777,2,28.6935
868,-0.53033,-0.176777,0.176777,3,37.9178
869,-0.589256,-0.117851,0.117851,1,24.8179
869,-0.589256,-0.117851,0.117851,2,29.1424
869,-0.589256,-0.117851,0.117851,3,38.3887
870,-0.648181,-0.058926,0.058926,1,25.9206
870,-0.648181,-0.058926,0.058926,2,27.2912
870,-0.648181,-0.058926,0.058926,3,40.0031
871,-0.707107,0.0,0.0,1,26.2909
871,-0.707107,0.0,0.0,2,26.2909
871,-0.707107,0.0,0.0,3,40.7011
872,-0.766032,0.058926,-0.058926,1,25.9206
872,-0.766032,0.058926,-0.058926,2,27.2912
872,-0.766032,0.058926,-0.058926,3,40.0031
873,-0.824958,0.117851,-0.117851,1,24.8179
873,-0.824958,0.117851,-0.117851,2,29.1424
873,-0.824958,0.117851,-0.117851,3,38.3887
874,-0.883883,0.176777,-0.176777,1,23.0978
874,-0.883883,0.176777,-0.176777,2,28.6935
874,-0.883883,0.176777,-0.176777,3,37.9178
875,-0.942809,0.235702,-0.235702,1,21.1292
875,-0.942809,0.235702,-0.235702,2,24.9519
875,-0.942809,0.235702,-0.235702,3,39.2999
876,-1.001735,0.294628,-0.294628,1,19.5243
876,-1.001735,0.294628,-0.294628,2,20.7732
876,-1.001735,0.294628,-0.294628,3,40.6112
877,-0.294628,-0.294628,0.412479,1,19.5243
877,-0.294628,-0.294628,0.412479,2,20.7732
877,-0.294628,-0.294628,0.412479,3,40.6112
878,-0.353553,-0.235702,0.353553,1,19.3102
878,-0.353553,-0.235702,0.353553,2,20.7679
878,-0.353553,-0.235702,0.353553,3,40.1778
879,-0.412479,-0.176777,0.294628,1,20.3864
879,-0.412479,-0.176777,0.294628,2,23.5745
879,-0.412479,-0.176777,0.294628,3,38.892
880,-0.471405,-0.117851,0.235702,1,22.3685
880,-0.471405,-0.117851,0.235702,2,26.8686
880,-0.471405,-0.117851,0.235702,3,37.3964
881,-0.53033,-0.058926,0.176777,1,24.4397
881,-0.53033,-0.058926,0.176777,2,27.9384
881,-0.53033,-0.058926,0.176777,3,37.3783
882,-0.589256,0.0,0.117851,1,25.8345
882,-0.589256,0.0,0.117851,2,26.9909
882,-0.589256,0.0,0.117851,3,38.9094
883,-0.648181,0.058926,0.058926,1,25.9206
883,-0.648181,0.058926,0.058926,2,27.2912
883,-0.648181,0.058926,0.058926,3,40.0031
884,-0.707107,0.117851,0.0,1,26.8428
884,-0.707107,0.117851,0.0,2,27.9163
884,-0.707107,0.117851,0.0,3,39.8645
885,-0.766032,0.176777,-0.058926,1,26.3747
885,-0.766032,0.176777,-0.058926,2,30.2081
885,-0.766032,0.176777,-0.058926,3,38.5573
886,-0.824958,0.235702,-0.117851,1,24.8657
886,-0.824958,0.235702,-0.117851,2,31.1683
886,-0.824958,0.235702,-0.117851,3,37.5633
887,-0.883883,0.294628,-0.176777,1,22.8007
887,-0.883883,0.294628,-0.176777,2,28.2355
887,-0.883883,0.294628,-0.176777,3,38.7411
888,-0.942809,0.353553,-0.235702,1,20.7711
888,-0.942809,0.353553,-0.235702,2,23.9582
888,-0.942809,0.353553,-0.235702,3,40.0797
889,-0.235702,-0.235702,0.471405,1,21.1292
889,-0.235702,-0.235702,0.471405,2,24.9519
889,-0.235702,-0.235702,0.471405,3,39.2999
890,-0.294628,-0.176777,0.412479,1,20.3864
890,-0.294628,-0.176777,0.412479,2,23.5745
890,-0.294628,-0.176777,0.412479,3,38.892
891,-0.353553,-0.117851,0.353553,1,20.1366
891,-0.353553,-0.117851,0.353553,2,25.109
891,-0.353553,-0.117851,0.353553,3,37.6407
892,-0.412479,-0.058926,0.294628,1,21.2514
892,-0.412479,-0.058926,0.294628,2,27.3292
892,-0.412479,-0.058926,0.294628,3,36.2109
893,-0.471405,0.0,0.235702,1,23.2336
893,-0.471405,0.0,0.235702,2,27.9374
893,-0.471405,0.0,0.235702,3,36.1386
894,-0.53033,0.058926,0.176777,1,24.4397
894,-0.53033,0.058926,0.176777,2,27.9384
894,-0.53033,0.058926,0.176777,3,37.3783
895,-0.589256,0.117851,0.117851,1,24.8179
895,-0.589256,0.117851,0.117851,2,29.1424
895,-0.589256,0.117851,0.117851,3,38.3887
896,-0.648181,0.176777,0.058926,1,26.3747
896,-0.648181,0.176777,0.058926,2,30.2081
896,-0.648181,0.176777,0.058926,3,38.5573
897,-0.707107,0.235702,0.0,1,27.9367
897,-0.707107,0.235702,0.0,2,31.4254
897,-0.707107,0.235702,0.0,3,37.7479
898,-0.766032,0.294628,-0.058926,1,27.2618
898,-0.766032,0.294628,-0.058926,2,33.2509
898,-0.766032,0.294628,-0.058926,3,36.4376
899,-0.824958,0.353553,-0.117851,1,25.1922
899,-0.824958,0.353553,-0.117851,2,31.6909
899,-0.824958,0.353553,-0.117851,3,37.345
900,-0.883883,0.412479,-0.176777,1,22.8007
900,-0.883883,0.412479,-0.176777,2,28.2355
900,-0.883883,0.412479,-0.176777,3,38.7411
901,-0.176777,-0.176777,0.53033,1,23.0978
901,-0.176777,-0.176777,0.53033,2,28.6935
901,-0.176777,-0.176777,0.53033,3,37.9178
902,-0.235702,-0.117851,0.471405,1,22.3685
902,-0.235702,-0.117851,0.471405,2,26.8686
902,-0.235702,-0.117851,0.471405,3,37.3964
903,-0.294628,-0.058926,0.412479,1,21.2514
903,-0.294628,-0.058926,0.412479,2,27.3292
903,-0.294628,-0.058926,0.412479,3,36.2109
904,-0.353553,0.0,0.353553,1,20.5529
904,-0.353553,0.0,0.353553,2,28.199
904,-0.353553,0.0,0.353553,3,35.4153
905,-0.412479,0.058926,0.294628,1,21.2514
905,-0.412479,0.058926,0.294628,2,27.3292
905,-0.412479,0.058926,0.294628,3,36.2109
906,-0.471405,0.117851,0.235702,1,22.3685
906,-0.471405,0.117851,0.235702,2,26.8686
906,-0.471405,0.117851,0.235702,3,37.3964
907,-0.53033,0.176777,0.176777,1,23.0978
907,-0.53033,0.176777,0.176777,2,28.6935
907,-0.53033,0.176777,0.176777,3,37.9178
908,-0.589256,0.235702,0.117851,1,24.8657
908,-0.589256,0.235702,0.117851,2,31.1683
908,-0.589256,0.235702,0.117851,3,37.5633
909,-0.648181,0.294628,0.058926,1,27.2618
909,-0.648181,0.294628,0.058926,2,33.2509
909,-0.648181,0.294628,0.058926,3,36.4376
910,-0.707107,0.353553,0.0,1,28.4791
910,-0.707107,0.353553,0.0,2,34.8979
910,-0.707107,0.353553,0.0,3,34.8979
911,-0.766032,0.412479,-0.058926,1,27.2618
911,-0.766032,0.412479,-0.058926,2,33.2509
911,-0.766032,0.412479,-0.058926,3,36.4376
912,-0.824958,0.471405,-0.117851,1,24.8657
912,-0.824958,0.471405,-0.117851,2,31.1683
912,-0.824958,0.471405,-0.117851,3,37.5633
913,-0.117851,-0.117851,0.589256,1,24.8179
913,-0.117851,-0.117851,0.589256,2,29.1424
913,-0.117851,-0.117851,0.589256,3,38.3887
914,-0.176777,-0.058926,0.53033,1,24.4397
914,-0.176777,-0.058926,0.53033,2,27.9384
914,-0.176777,-0.058926,0.53033,3,37.3783
915,-0.235702,0.0,0.471405,1,23.2336
915,-0.235702,0.0,0.471405,2,27.9374
915,-0.235702,0.0,0.471405,3,36.1386
916,-0.294628,0.058926,0.412479,1,21.2514
916,-0.294628,0.058926,0.412479,2,27.3292
916,-0.294628,0.058926,0.412479,3,36.2109
917,-0.353553,0.117851,0.353553,1,20.1366
917,-0.353553,0.117851,0.353553,2,25.109
917,-0.353553,0.117851,0.353553,3,37.6407
918,-0.412479,0.176777,0.294628,1,20.3864
918,-0.412479,0.176777,0.294628,2,23.5745
918,-0.412479,0.176777,0.294628,3,38.892
919,-0.471405,0.235702,0.235702,1,21.1292
919,-0.471405,0.235702,0.235702,2,24.9519
919,-0.471405,0.235702,0.235702,3,39.2999
920,-0.53033,0.294628,0.176777,1,22.8007
920,-0.53033,0.294628,0.176777,2,28.2355
920,-0.53033,0.294628,0.176777,3,38.7411
921,-0.589256,0.353553,0.117851,1,25.1922
921,-0.589256,0.353553,0.117851,2,31.6909
921,-0.589256,0.353553,0.117851,3,37.345
922,-0.648181,0.412479,0.058926,1,27.2618
922,-0.648181,0.412479,0.058926,2,33.2509
922,-0.648181,0.412479,0.058926,3,36.4376
923,-0.707107,0.471405,0.0,1,27.9367
923,-0.707107,0.471405,0.0,2,31.4254
923,-0.707107,0.471405,0.0,3,37.7479
924,-0.766032,0.53033,-0.058926,1,26.3747
924,-0.766032,0.53033,-0.058926,2,30.2081
924,-0.766032,0.53033,-0.058926,3,38.5573
925,-0.058926,-0.058926,0.648181,1,25.9206
925,-0.058926,-0.058926,0.648181,2,27.2912
925,-0.058926,-0.058926,0.648181,3,40.0031
926,-0.117851,0.0,0.589256,1,25.8345
926,-0.117851,0.0,0.589256,2,26.9909
926,-0.117851,0.0,0.589256,3,38.9094
927,-0.176777,0.058926,0.53033,1,24.4397
927,-0.176777,0.058926,0.53033,2,27.9384
927,-0.176777,0.058926,0.53033,3,37.3783
928,-0.235702,0.117851,0.471405,1,22.3685
928,-0.235702,0.117851,0.471405,2,26.8686
928,-0.235702,0.117851,0.471405,3,37.3964
929,-0.294628,0.176777,0.412479,1,20.3864
929,-0.294628,0.176777,0.412479,2,23.5745
929,-0.294628,0.176777,0.412479,3,38.892
930,-0.353553,0.235702,0.353553,1,19.3102
930,-0.353553,0.235702,0.353553,2,20.7679
930,-0.353553,0.235702,0.353553,3,40.1778
931,-0.412479,0.294628,0.294628,1,19.5243
931,-0.412479,0.294628,0.294628,2,20.7732
931,-0.412479,0.294628,0.294628,3,40.6112
932,-0.471405,0.353553,0.235702,1,20.7711
932,-0.471405,0.353553,0.235702,2,23.9582
932,-0.471405,0.353553,0.235702,3,40.0797
933,-0.53033,0.412479,0.176777,1,22.8007
933,-0.53033,0.412479,0.176777,2,28.2355
933,-0.53033,0.412479,0.176777,3,38.7411
934,-0.589256,0.471405,0.117851,1,24.8657
934,-0.589256,0.471405,0.117851,2,31.1683
934,-0.589256,0.471405,0.117851,3,37.5633
935,-0.648181,0.53033,0.058926,1,26.3747
935,-0.648181,0.53033,0.058926,2,30.2081
935,-0.648181,0.53033,0.058926,3,38.5573
936,-0.707107,0.589256,0.0,1,26.8428
936,-0.707107,0.589256,0.0,2,27.9163
936,-0.707107,0.589256,0.0,3,39.8645
937,0.0,0.0,0.707107,1,26.2909
937,0.0,0.0,0.707107,2,26.2909
937,0.0,0.0,0.707107,3,40.7011
938,-0.058926,0.058926,0.648181,1,25.9206
938,-0.058926,0.058926,0.648181,2,27.2912
938,-0.058926,0.058926,0.648181,3,40.0031
939,-0.117851,0.117851,0.589256,1,24.8179
939,-0.117851,0.117851,0.589256,2,29.1424
939,-0.117851,0.117851,0.589256,3,38.3887
940,-0.176777,0.176777,0.53033,1,23.0978
940,-0.176777,0.176777,0.53033,2,28.6935
940,-0.176777,0.176777,0.53033,3,37.9178
941,-0.235702,0.235702,0.471405,1,21.1292
941,-0.235702,0.235702,0.471405,2,24.9519
941,-0.235702,0.235702,0.471405,3,39.2999
942,-0.294628,0.294628,0.412479,1,19.5243
942,-0.294628,0.294628,0.412479,2,20.7732
942,-0.294628,0.294628,0.412479,3,40.6112
943,-0.353553,0.353553,0.353553,1,18.9003
943,-0.353553,0.353553,0.353553,2,18.9003
943,-0.353553,0.353553,0.353553,3,41.0944
944,-0.412479,0.412479,0.294628,1,19.5243
944,-0.412479,0.412479,0.294628,2,20.7732
944,-0.412479,0.412479,0.294628,3,40.6112
945,-0.471405,0.471405,0.235702,1,21.1292
945,-0.471405,0.471405,0.235702,2,24.9519
945,-0.471405,0.471405,0.235702,3,39.2999
946,-0.53033,0.53033,0.176777,1,23.0978
946,-0.53033,0.53033,0.176777,2,28.6935
946,-0.53033,0.53033,0.176777,3,37.9178
947,-0.589256,0.589256,0.117851,1,24.8179
947,-0.589256,0.589256,0.117851,2,29.1424
947,-0.589256,0.589256,0.117851,3,38.3887
948,-0.648181,0.648181,0.058926,1,25.9206
948,-0.648181,0.648181,0.058926,2,27.2912
948,-0.648181,0.648181,0.058926,3,40.0031
949,0.058926,0.058926,0.766032,1,25.9206
949,0.058926,0.058926,0.766032,2,27.2912
949,0.058926,0.058926,0.766032,3,40.0031
950,0.0,0.117851,0.707107,1,26.8428
950,0.0,0.117851,0.707107,2,27.9163
950,0.0,0.117851,0.707107,3,39.8645
951,-0.058926,0.176777,0.648181,1,26.3747
951,-0.058926,0.176777,0.648181,2,30.2081
951,-0.058926,0.176777,0.648181,3,38.5573
952,-0.117851,0.235702,0.589256,1,24.8657
952,-0.117851,0.235702,0.589256,2,31.1683
952,-0.117851,0.235702,0.589256,3,37.5633
953,-0.176777,0.294628,0.53033,1,22.8007
953,-0.176777,0.294628,0.53033,2,28.2355
953,-0.176777,0.294628,0.53033,3,38.7411
954,-0.235702,0.353553,0.471405,1,20.7711
954,-0.235702,0.353553,0.471405,2,23.9582
954,-0.235702,0.353553,0.471405,3,40.0797
955,-0.294628,0.412479,0.412479,1,19.5243
955,-0.294628,0.412479,0.412479,2,20.7732
955,-0.294628,0.412479,0.412479,3,40.6112
956,-0.353553,0.471405,0.353553,1,19.3102
956,-0.353553,0.471405,0.353553,2,20.7679
956,-0.353553,0.471405,0.353553,3,40.1778
957,-0.412479,0.53033,0.294628,1,20.3864
957,-0.412479,0.53033,0.294628,2,23.5745
957,-0.412479,0.53033,0.294628,3,38.892
958,-0.471405,0.589256,0.235702,1,22.3685
958,-0.471405,0.589256,0.235702,2,26.8686
958,-0.471405,0.589256,0.235702,3,37.3964
959,-0.53033,0.648181,0.176777,1,24.4397
959,-0.53033,0.648181,0.176777,2,27.9384
959,-0.53033,0.648181,0.176777,3,37.3783
960,-0.589256,0.707107,0.117851,1,25.8345
960,-0.589256,0.707107,0.117851,2,26.9909
960,-0.589256,0.707107,0.117851,3,38.9094
961,0.117851,0.117851,0.824958,1,24.8179
961,0.117851,0.117851,0.824958,2,29.1424
961,0.117851,0.117851,0.824958,3,38.3887
962,0.058926,0.176777,0.766032,1,26.3747
962,0.058926,0.176777,0.766032,2,30.2081
962,0.058926,0.176777,0.766032,3,38.5573
963,0.0,0.235702,0.707107,1,27.9367
963,0.0,0.235702,0.707107,2,31.4254
963,0.0,0.235702,0.707107,3,37.7479
964,-0.058926,0.294628,0.648181,1,27.2618
964,-0.058926,0.294628,0.648181,2,33.2509
964,-0.058926,0.294628,0.648181,3,36.4376
965,-0.117851,0.353553,0.589256,1,25.1922
965,-0.117851,0.353553,0.589256,2,31.6909
965,-0.117851,0.353553,0.589256,3,37.345
966,-0.176777,0.412479,0.53033,1,22.8007
966,-0.176777,0.412479,0.53033,2,28.2355
966,-0.176777,0.412479,0.53033,3,38.7411
967,-0.235702,0.471405,0.471405,1,21.1292
967,-0.235702,0.471405,0.471405,2,24.9519
967,-0.235702,0.471405,0.471405,3,39.2999
968,-0.294628,0.53033,0.412479,1,20.3864
968,-0.294628,0.53033,0.412479,2,23.5745
968,-0.294628,0.53033,0.412479,3,38.892
969,-0.353553,0.589256,0.353553,1,20.1366
969,-0.353553,0.589256,0.353553,2,25.109
969,-0.353553,0.589256,0.353553,3,37.6407
970,-0.412479,0.648181,0.294628,1,21.2514
970,-0.412479,0.648181,0.294628,2,27.3292
970,-0.412479,0.648181,0.294628,3,36.2109
971,-0.471405,0.707107,0.235702,1,23.2336
971,-0.471405,0.707107,0.235702,2,27.9374
971,-0.471405,0.707107,0.235702,3,36.1386
972,-0.53033,0.766032,0.176777,1,24.4397
972,-0.53033,0.766032,0.176777,2,27.9384
972,-0.53033,0.766032,0.176777,3,37.3783
973,0.176777,0.176777,0.883883,1,23.0978
973,0.176777,0.176777,0.883883,2,28.6935
973,0.176777,0.176777,0.883883,3,37.9178
974,0.117851,0.235702,0.824958,1,24.8657
974,0.117851,0.235702,0.824958,2,31.1683
974,0.117851,0.235702,0.824958,3,37.5633
975,0.058926,0.294628,0.766032,1,27.2618
975,0.058926,0.294628,0.766032,2,33.2509
975,0.058926,0.294628,0.766032,3,36.4376
976,0.0,0.353553,0.707107,1,28.4791
976,0.0,0.353553,0.707107,2,34.8979
976,0.0,0.353553,0.707107,3,34.8979
977,-0.058926,0.412479,0.648181,1,27.2618
977,-0.058926,0.412479,0.648181,2,33.2509
977,-0.058926,0.412479,0.648181,3,36.4376
978,-0.117851,0.471405,0.589256,1,24.8657
978,-0.117851,0.471405,0.589256,2,31.1683
978,-0.117851,0.471405,0.589256,3,37.5633
979,-0.176777,0.53033,0.53033,1,23.0978
979,-0.176777,0.53033,0.53033,2,28.6935
979,-0.176777,0.53033,0.53033,3,37.9178
980,-0.235702,0.589256,0.471405,1,22.3685
980,-0.235702,0.589256,0.471405,2,26.8686
980,-0.235702,0.589256,0.471405,3,37.3964
981,-0.294628,0.648181,0.412479,1,21.2514
981,-0.294628,0.648181,0.412479,2,27.3292
981,-0.294628,0.648181,0.412479,3,36.2109
982,-0.353553,0.707107,0.353553,1,20.5529
982,-0.353553,0.707107,0.353553,2,28.199
982,-0.353553,0.707107,0.353553,3,35.4153
983,-0.412479,0.766032,0.294628,1,21.2514
983,-0.412479,0.766032,0.294628,2,27.3292
983,-0.412479,0.766032,0.294628,3,36.2109
984,-0.471405,0.824958,0.235702,1,22.3685
984,-0.471405,0.824958,0.235702,2,26.8686
984,-0.471405,0.824958,0.235702,3,37.3964
985,0.235702,0.235702,0.942809,1,21.1292
985,0.235702,0.235702,0.942809,2,24.9519
985,0.235702,0.235702,0.942809,3,39.2999
986,0.176777,0.294628,0.883883,1,22.8007
986,0.176777,0.294628,0.883883,2,28.2355
986,0.176777,0.294628,0.883883,3,38.7411
987,0.117851,0.353553,0.824958,1,25.1922
987,0.117851,0.353553,0.824958,2,31.6909
987,0.117851,0.353553,0.824958,3,37.345
988,0.058926,0.412479,0.766032,1,27.2618
988,0.058926,0.412479,0.766032,2,33.2509
988,0.058926,0.412479,0.766032,3,36.4376
989,-0.0,0.471405,0.707107,1,27.9367
989,-0.0,0.471405,0.707107,2,31.4254
989,-0.0,0.471405,0.707107,3,37.7479
990,-0.058926,0.53033,0.648181,1,26.3747
990,-0.058926,0.53033,0.648181,2,30.2081
990,-0.058926,0.53033,0.648181,3,38.5573
991,-0.117851,0.589256,0.589256,1,24.8179
991,-0.117851,0.589256,0.589256,2,29.1424
991,-0.117851,0.589256,0.589256,3,38.3887
992,-0.176777,0.648181,0.53033,1,24.4397
992,-0.176777,0.648181,0.53033,2,27.9384
992,-0.176777,0.648181,0.53033,3,37.3783
993,-0.235702,0.707107,0.471405,1,23.2336
993,-0.235702,0.707107,0.471405,2,27.9374
993,-0.235702,0.707107,0.471405,3,36.1386
994,-0.294628,0.766032,0.412479,1,21.2514
994,-0.294628,0.766032,0.412479,2,27.3292
994,-0.294628,0.766032,0.412479,3,36.2109
995,-0.353553,0.824958,0.353553,1,20.1366
995,-0.353553,0.824958,0.353553,2,25.109
995,-0.353553,0.824958,0.353553,3,37.6407
996,-0.412479,0.883883,0.294628,1,20.3864
996,-0.412479,0.883883,0.294628,2,23.5745
996,-0.412479,0.883883,0.294628,3,38.892
997,0.294628,0.294628,1.001735,1,19.5243
997,0.294628,0.294628,1.001735,2,20.7732
997,0.294628,0.294628,1.001735,3,40.6112
998,0.235702,0.353553,0.942809,1,20.7711
998,0.235702,0.353553,0.942809,2,23.9582
998,0.235702,0.353553,0.942809,3,40.0797
999,0.176777,0.412479,0.883883,1,22.8007
999,0.176777,0.412479,0.883883,2,28.2355
999,0.176777,0.412479,0.883883,3,38.7411
1000,0.117851,0.471405,0.824958,1,24.8657
1000,0.117851,0.471405,0.824958,2,31.1683
1000,0.117851,0.471405,0.824958,3,37.5633
1001,0.058926,0.53033,0.766032,1,26.3747
1001,0.058926,0.53033,0.766032,2,30.2081
1001,0.058926,0.53033,0.766032,3,38.5573
1002,0.0,0.589256,0.707107,1,26.8428
1002,0.0,0.589256,0.707107,2,27.9163
1002,0.0,0.589256,0.707107,3,39.8645
1003,-0.058926,0.648181,0.648181,1,25.9206
1003,-0.058926,0.648181,0.648181,2,27.2912
1003,-0.058926,0.648181,0.648181,3,40.0031
1004,-0.117851,0.707107,0.589256,1,25.8345
1004,-0.117851,0.707107,0.589256,2,26.9909
1004,-0.117851,0.707107,0.589256,3,38.9094
1005,-0.176777,0.766032,0.53033,1,24.4397
1005,-0.176777,0.766032,0.53033,2,27.9384
1005,-0.176777,0.766032,0.53033,3,37.3783
1006,-0.235702,0.824958,0.471405,1,22.3685
1006,-0.235702,0.824958,0.471405,2,26.8686
1006,-0.235702,0.824958,0.471405,3,37.3964
1007,-0.294628,0.883883,0.412479,1,20.3864
1007,-0.294628,0.883883,0.412479,2,23.5745
1007,-0.294628,0.883883,0.412479,3,38.892
1008,-0.353553,0.942809,0.353553,1,19.3102
1008,-0.353553,0.942809,0.353553,2,20.7679
1008,-0.353553,0.942809,0.353553,3,40.1778
1009,-0.412479,-0.412479,0.412479,1,18.525
1009,-0.412479,-0.412479,0.412479,2,18.525
1009,-0.412479,-0.412479,0.412479,3,39.7916
1010,-0.471405,-0.353553,0.353553,1,19.3102
1010,-0.471405,-0.353553,0.353553,2,20.7679
1010,-0.471405,-0.353553,0.353553,3,40.1778
1011,-0.53033,-0.294628,0.294628,1,20.9964
1011,-0.53033,-0.294628,0.294628,2,25.4879
1011,-0.53033,-0.294628,0.294628,3,39.5939
1012,-0.589256,-0.235702,0.235702,1,22.9831
1012,-0.589256,-0.235702,0.235702,2,30.3848
1012,-0.589256,-0.235702,0.235702,3,38.1935
1013,-0.648181,-0.176777,0.176777,1,24.6803
1013,-0.648181,-0.176777,0.176777,2,32.7511
1013,-0.648181,-0.176777,0.176777,3,37.3931
1014,-0.707107,-0.117851,0.117851,1,25.7013
1014,-0.707107,-0.117851,0.117851,2,30.4626
1014,-0.707107,-0.117851,0.117851,3,39.0196
1015,-0.766032,-0.058926,0.058926,1,25.9206
1015,-0.766032,-0.058926,0.058926,2,27.2912
1015,-0.766032,-0.058926,0.058926,3,40.0031
1016,-0.824958,0.0,0.0,1,25.3765
1016,-0.824958,0.0,0.0,2,25.3765
1016,-0.824958,0.0,0.0,3,39.5763
1017,-0.883883,0.058926,-0.058926,1,24.1477
1017,-0.883883,0.058926,-0.058926,2,25.3801
1017,-0.883883,0.058926,-0.058926,3,37.9839
1018,-0.942809,0.117851,-0.117851,1,22.3843
1018,-0.942809,0.117851,-0.117851,2,25.6514
1018,-0.942809,0.117851,-0.117851,3,36.4484
1019,-1.001735,0.176777,-0.176777,1,20.454
1019,-1.001735,0.176777,-0.176777,2,23.5022
1019,-1.001735,0.176777,-0.176777,3,36.8919
1020,-1.06066,0.235702,-0.235702,1,18.9689
1020,-1.06066,0.235702,-0.235702,2,20.0426
1020,-1.06066,0.235702,-0.235702,3,38.5178
1021,-0.353553,-0.353553,0.471405,1,19.3102
1021,-0.353553,-0.353553,0.471405,2,20.7679
1021,-0.353553,-0.353553,0.471405,3,40.1778
1022,-0.412479,-0.294628,0.412479,1,19.5243
1022,-0.412479,-0.294628,0.412479,2,20.7732
1022,-0.412479,-0.294628,0.412479,3,40.6112
1023,-0.471405,-0.235702,0.353553,1,20.7711
1023,-0.471405,-0.235702,0.353553,2,23.9582
1023,-0.471405,-0.235702,0.353553,3,40.0797
1024,-0.53033,-0.176777,0.294628,1,22.8007
1024,-0.53033,-0.176777,0.294628,2,28.2355
1024,-0.53033,-0.176777,0.294628,3,38.7411
1025,-0.589256,-0.117851,0.235702,1,24.8657
1025,-0.589256,-0.117851,0.235702,2,31.1683
1025,-0.589256,-0.117851,0.235702,3,37.5633
1026,-0.648181,-0.058926,0.176777,1,26.3747
1026,-0.648181,-0.058926,0.176777,2,30.2081
1026,-0.648181,-0.058926,0.176777,3,38.5573
1027,-0.707107,0.0,0.117851,1,26.8428
1027,-0.707107,0.0,0.117851,2,27.9163
1027,-0.707107,0.0,0.117851,3,39.8645
1028,-0.766032,0.058926,0.058926,1,25.9206
1028,-0.766032,0.058926,0.058926,2,27.2912
1028,-0.766032,0.058926,0.058926,3,40.0031
1029,-0.824958,0.117851,-0.0,1,25.8345
1029,-0.824958,0.117851,-0.0,2,26.9909
1029,-0.824958,0.117851,-0.0,3,38.9094
1030,-0.883883,0.176777,-0.058926,1,24.4397
1030,-0.883883,0.176777,-0.058926,2,27.9384
1030,-0.883883,0.176777,-0.058926,3,37.3783
1031,-0.942809,0.235702,-0.117851,1,22.3685
1031,-0.942809,0.235702,-0.117851,2,26.8686
1031,-0.942809,0.235702,-0.117851,3,37.3964
1032,-1.001735,0.294628,-0.176777,1,20.3864
1032,-1.001735,0.294628,-0.176777,2,23.5745
1032,-1.001735,0.294628,-0.176777,3,38.892
1033,-0.294628,-0.294628,0.53033,1,20.9964
1033,-0.294628,-0.294628,0.53033,2,25.4879
1033,-0.294628,-0.294628,0.53033,3,39.5939
1034,-0.353553,-0.235702,0.471405,1,20.7711
1034,-0.353553,-0.235702,0.471405,2,23.9582
1034,-0.353553,-0.235702,0.471405,3,40.0797
1035,-0.412479,-0.176777,0.412479,1,20.9964
1035,-0.412479,-0.176777,0.412479,2,25.4879
1035,-0.412479,-0.176777,0.412479,3,39.5939
1036,-0.471405,-0.117851,0.353553,1,22.4064
1036,-0.471405,-0.117851,0.353553,2,28.4603
1036,-0.471405,-0.117851,0.353553,3,38.2887
1037,-0.53033,-0.058926,0.294628,1,24.6834
1037,-0.53033,-0.058926,0.294628,2,30.7269
1037,-0.53033,-0.058926,0.294628,3,36.9898
1038,-0.589256,0.0,0.235702,1,26.5566
1038,-0.589256,0.0,0.235702,2,30.4902
1038,-0.589256,0.0,0.235702,3,37.4197
1039,-0.648181,0.058926,0.176777,1,26.3747
1039,-0.648181,0.058926,0.176777,2,30.2081
1039,-0.648181,0.058926,0.176777,3,38.5573
1040,-0.707107,0.117851,0.117851,1,25.7013
1040,-0.707107,0.117851,0.117851,2,30.4626
1040,-0.707107,0.117851,0.117851,3,39.0196
1041,-0.766032,0.176777,0.058926,1,26.3747
1041,-0.766032,0.176777,0.058926,2,30.2081
1041,-0.766032,0.176777,0.058926,3,38.5573
1042,-0.824958,0.235702,0.0,1,26.5566
1042,-0.824958,0.235702,0.0,2,30.4902
1042,-0.824958,0.235702,0.0,3,37.4197
1043,-0.883883,0.294628,-0.058926,1,24.6834
1043,-0.883883,0.294628,-0.058926,2,30.7269
1043,-0.883883,0.294628,-0.058926,3,36.9898
1044,-0.942809,0.353553,-0.117851,1,22.4064
1044,-0.942809,0.353553,-0.117851,2,28.4603
1044,-0.942809,0.353553,-0.117851,3,38.2887
1045,-0.235702,-0.235702,0.589256,1,22.9831
1045,-0.235702,-0.235702,0.589256,2,30.3848
1045,-0.235702,-0.235702,0.589256,3,38.1935
1046,-0.294628,-0.176777,0.53033,1,22.8007
1046,-0.294628,-0.176777,0.53033,2,28.2355
1046,-0.294628,-0.176777,0.53033,3,38.7411
1047,-0.353553,-0.117851,0.471405,1,22.4064
1047,-0.353553,-0.117851,0.471405,2,28.4603
1047,-0.353553,-0.117851,0.471405,3,38.2887
1048,-0.412479,-0.058926,0.412479,1,22.0939
1048,-0.412479,-0.058926,0.412479,2,30.4877
1048,-0.412479,-0.058926,0.412479,3,37.074
1049,-0.471405,0.0,0.353553,1,23.1076
1049,-0.471405,0.0,0.353553,2,31.5693
1049,-0.471405,0.0,0.353553,3,36.2826
1050,-0.53033,0.058926,0.294628,1,24.6834
1050,-0.53033,0.058926,0.294628,2,30.7269
1050,-0.53033,0.058926,0.294628,3,36.9898
1051,-0.589256,0.117851,0.235702,1,24.8657
1051,-0.589256,0.117851,0.235702,2,31.1683
1051,-0.589256,0.117851,0.235702,3,37.5633
1052,-0.648181,0.176777,0.176777,1,24.6803
1052,-0.648181,0.176777,0.176777,2,32.7511
1052,-0.648181,0.176777,0.176777,3,37.3931
1053,-0.707107,0.235702,0.117851,1,25.8115
1053,-0.707107,0.235702,0.117851,2,33.5086
1053,-0.707107,0.235702,0.117851,3,36.8744
1054,-0.766032,0.294628,0.058926,1,27.2618
1054,-0.766032,0.294628,0.058926,2,33.2509
1054,-0.766032,0.294628,0.058926,3,36.4376
1055,-0.824958,0.353553,0.0,1,26.509
1055,-0.824958,0.353553,0.0,2,33.9839
1055,-0.824958,0.353553,0.0,3,35.735
1056,-0.883883,0.412479,-0.058926,1,24.3893
1056,-0.883883,0.412479,-0.058926,2,32.9151
1056,-0.883883,0.412479,-0.058926,3,36.7815
1057,-0.176777,-0.176777,0.648181,1,24.6803
1057,-0.176777,-0.176777,0.648181,2,32.7511
1057,-0.176777,-0.176777,0.648181,3,37.3931
1058,-0.235702,-0.117851,0.589256,1,24.8657
1058,-0.235702,-0.117851,0.589256,2,31.1683
1058,-0.235702,-0.117851,0.589256,3,37.5633
1059,-0.294628,-0.058926,0.53033,1,24.6834
1059,-0.294628,-0.058926,0.53033,2,30.7269
1059,-0.294628,-0.058926,0.53033,3,36.9898
1060,-0.353553,0.0,0.471405,1,23.1076
1060,-0.353553,0.0,0.471405,2,31.5693
1060,-0.353553,0.0,0.471405,3,36.2826
1061,-0.412479,0.058926,0.412479,1,22.0939
1061,-0.412479,0.058926,0.412479,2,30.4877
1061,-0.412479,0.058926,0.412479,3,37.074
1062,-0.471405,0.117851,0.353553,1,22.4064
1062,-0.471405,0.117851,0.353553,2,28.4603
1062,-0.471405,0.117851,0.353553,3,38.2887
1063,-0.53033,0.176777,0.294628,1,22.8007
1063,-0.53033,0.176777,0.294628,2,28.2355
1063,-0.53033,0.176777,0.294628,3,38.7411
1064,-0.589256,0.235702,0.235702,1,22.9831
1064,-0.589256,0.235702,0.235702,2,30.3848
1064,-0.589256,0.235702,0.235702,3,38.1935
1065,-0.648181,0.294628,0.176777,1,24.3893
1065,-0.648181,0.294628,0.176777,2,32.9151
1065,-0.648181,0.294628,0.176777,3,36.7815
1066,-0.707107,0.353553,0.117851,1,26.509
1066,-0.707107,0.353553,0.117851,2,33.9839
1066,-0.707107,0.353553,0.117851,3,35.735
1067,-0.766032,0.412479,0.058926,1,27.2618
1067,-0.766032,0.412479,0.058926,2,33.2509
1067,-0.766032,0.412479,0.058926,3,36.4376
1068,-0.824958,0.471405,-0.0,1,25.8115
1068,-0.824958,0.471405,-0.0,2,33.5086
1068,-0.824958,0.471405,-0.0,3,36.8744
1069,-0.117851,-0.117851,0.707107,1,25.7013
1069,-0.117851,-0.117851,0.707107,2,30.4626
1069,-0.117851,-0.117851,0.707107,3,39.0196
1070,-0.176777,-0.058926,0.648181,1,26.3747
1070,-0.176777,-0.058926,0.648181,2,30.2081
1070,-0.176777,-0.058926,0.648181,3,38.5573
1071,-0.235702,0.0,0.589256,1,26.5566
1071,-0.235702,0.0,0.589256,2,30.4902
1071,-0.235702,0.0,0.589256,3,37.4197
1072,-0.294628,0.058926,0.53033,1,24.6834
1072,-0.294628,0.058926,0.53033,2,30.7269
1072,-0.294628,0.058926,0.53033,3,36.9898
1073,-0.353553,0.117851,0.471405,1,22.4064
1073,-0.353553,0.117851,0.471405,2,28.4603
1073,-0.353553,0.117851,0.471405,3,38.2887
1074,-0.412479,0.176777,0.412479,1,20.9964
1074,-0.412479,0.176777,0.412479,2,25.4879
1074,-0.412479,0.176777,0.412479,3,39.5939
1075,-0.471405,0.235702,0.353553,1,20.7711
1075,-0.471405,0.235702,0.353553,2,23.9582
1075,-0.471405,0.235702,0.353553,3,40.0797
1076,-0.53033,0.294628,0.294628,1,20.9964
1076,-0.53033,0.294628,0.294628,2,25.4879
1076,-0.53033,0.294628,0.294628,3,39.5939
1077,-0.589256,0.353553,0.235702,1,22.4064
1077,-0.589256,0.353553,0.235702,2,28.4603
1077,-0.589256,0.353553,0.235702,3,38.2887
1078,-0.648181,0.412479,0.176777,1,24.6834
1078,-0.648181,0.412479,0.176777,2,30.7269
1078,-0.648181,0.412479,0.176777,3,36.9898
1079,-0.707107,0.471405,0.117851,1,26.5566
1079,-0.707107,0.471405,0.117851,2,30.4902
1079,-0.707107,0.471405,0.117851,3,37.4197
1080,-0.766032,0.53033,0.058926,1,26.3747
1080,-0.766032,0.53033,0.058926,2,30.2081
1080,-0.766032,0.53033,0.058926,3,38.5573
1081,-0.058926,-0.058926,0.766032,1,25.9206
1081,-0.058926,-0.058926,0.766032,2,27.2912
1081,-0.058926,-0.058926,0.766032,3,40.0031
1082,-0.117851,0.0,0.707107,1,26.8428
1082,-0.117851,0.0,0.707107,2,27.9163
1082,-0.117851,0.0,0.707107,3,39.8645
1083,-0.176777,0.058926,0.648181,1,26.3747
1083,-0.176777,0.058926,0.648181,2,30.2081
1083,-0.176777,0.058926,0.648181,3,38.5573
1084,-0.235702,0.117851,0.589256,1,24.8657
1084,-0.235702,0.117851,0.589256,2,31.1683
1084,-0.235702,0.117851,0.589256,3,37.5633
1085,-0.294628,0.176777,0.53033,1,22.8007
1085,-0.294628,0.176777,0.53033,2,28.2355
1085,-0.294628,0.176777,0.53033,3,38.7411
1086,-0.353553,0.235702,0.471405,1,20.7711
1086,-0.353553,0.235702,0.471405,2,23.9582
1086,-0.353553,0.235702,0.471405,3,40.0797
1087,-0.412479,0.294628,0.412479,1,19.5243
1087,-0.412479,0.294628,0.412479,2,20.7732
1087,-0.412479,0.294628,0.412479,3,40.6112
1088,-0.471405,0.353553,0.353553,1,19.3102
1088,-0.471405,0.353553,0.353553,2,20.7679
1088,-0.471405,0.353553,0.353553,3,40.1778
1089,-0.53033,0.412479,0.294628,1,20.3864
1089,-0.53033,0.412479,0.294628,2,23.5745
1089,-0.53033,0.412479,0.294628,3,38.892
1090,-0.589256,0.471405,0.235702,1,22.3685
1090,-0.589256,0.471405,0.235702,2,26.8686
1090,-0.589256,0.471405,0.235702,3,37.3964
1091,-0.648181,0.53033,0.176777,1,24.4397
1091,-0.648181,0.53033,0.176777,2,27.9384
1091,-0.648181,0.53033,0.176777,3,37.3783
1092,-0.707107,0.589256,0.117851,1,25.8345
1092,-0.707107,0.589256,0.117851,2,26.9909
1092,-0.707107,0.589256,0.117851,3,38.9094
1093,0.0,0.0,0.824958,1,25.3765
1093,0.0,0.0,0.824958,2,25.3765
1093,0.0,0.0,0.824958,3,39.5763
1094,-0.058926,0.058926,0.766032,1,25.9206
1094,-0.058926,0.058926,0.766032,2,27.2912
1094,-0.058926,0.058926,0.766032,3,40.0031
1095,-0.117851,0.117851,0.707107,1,25.7013
1095,-0.117851,0.117851,0.707107,2,30.4626
1095,-0.117851,0.117851,0.707107,3,39.0196
1096,-0.176777,0.176777,0.648181,1,24.6803
1096,-0.176777,0.176777,0.648181,2,32.7511
1096,-0.176777,0.176777,0.648181,3,37.3931
1097,-0.235702,0.235702,0.589256,1,22.9831
1097,-0.235702,0.235702,0.589256,2,30.3848
1097,-0.235702,0.235702,0.589256,3,38.1935
1098,-0.294628,0.294628,0.53033,1,20.9964
1098,-0.294628,0.294628,0.53033,2,25.4879
1098,-0.294628,0.294628,0.53033,3,39.5939
1099,-0.353553,0.353553,0.471405,1,19.3102
1099,-0.353553,0.353553,0.471405,2,20.7679
1099,-0.353553,0.353553,0.471405,3,40.1778
1100,-0.412479,0.412479,0.412479,1,18.525
1100,-0.412479,0.412479,0.412479,2,18.525
1100,-0.412479,0.412479,0.412479,3,39.7916
1101,-0.471405,0.471405,0.353553,1,18.9689
1101,-0.471405,0.471405,0.353553,2,20.0426
1101,-0.471405,0.471405,0.353553,3,38.5178
1102,-0.53033,0.53033,0.294628,1,20.454
1102,-0.53033,0.53033,0.294628,2,23.5022
1102,-0.53033,0.53033,0.294628,3,36.8919
1103,-0.589256,0.589256,0.235702,1,22.3843
1103,-0.589256,0.589256,0.235702,2,25.6514
1103,-0.589256,0.589256,0.235702,3,36.4484
1104,-0.648181,0.648181,0.176777,1,24.1477
1104,-0.648181,0.648181,0.176777,2,25.3801
1104,-0.648181,0.648181,0.176777,3,37.9839
1105,0.058926,0.058926,0.883883,1,24.1477
1105,0.058926,0.058926,0.883883,2,25.3801
1105,0.058926,0.058926,0.883883,3,37.9839
1106,0.0,0.117851,0.824958,1,25.8345
1106,0.0,0.117851,0.824958,2,26.9909
1106,0.0,0.117851,0.824958,3,38.9094
1107,-0.058926,0.176777,0.766032,1,26.3747
1107,-0.058926,0.176777,0.766032,2,30.2081
1107,-0.058926,0.176777,0.766032,3,38.5573
1108,-0.117851,0.235702,0.707107,1,25.8115
1108,-0.117851,0.235702,0.707107,2,33.5086
1108,-0.117851,0.235702,0.707107,3,36.8744
1109,-0.176777,0.294628,0.648181,1,24.3893
1109,-0.176777,0.294628,0.648181,2,32.9151
1109,-0.176777,0.294628,0.648181,3,36.7815
1110,-0.235702,0.353553,0.589256,1,22.4064
1110,-0.235702,0.353553,0.589256,2,28.4603
1110,-0.235702,0.353553,0.589256,3,38.2887
1111,-0.294628,0.412479,0.53033,1,20.3864
1111,-0.294628,0.412479,0.53033,2,23.5745
1111,-0.294628,0.412479,0.53033,3,38.892
1112,-0.353553,0.471405,0.471405,1,18.9689
1112,-0.353553,0.471405,0.471405,2,20.0426
1112,-0.353553,0.471405,0.471405,3,38.5178
1113,-0.412479,0.53033,0.412479,1,18.3356
1113,-0.412479,0.53033,0.412479,2,19.9414
1113,-0.412479,0.53033,0.412479,3,37.2436
1114,-0.471405,0.589256,0.353553,1,19.1897
1114,-0.471405,0.589256,0.353553,2,22.2373
1114,-0.471405,0.589256,0.353553,3,35.5522
1115,-0.53033,0.648181,0.294628,1,21.0777
1115,-0.53033,0.648181,0.294628,2,24.1666
1115,-0.53033,0.648181,0.294628,3,34.8575
1116,-0.589256,0.707107,0.235702,1,23.0388
1116,-0.589256,0.707107,0.235702,2,24.3854
1116,-0.589256,0.707107,0.235702,3,36.1969
1117,0.117851,0.117851,0.942809,1,22.3843
1117,0.117851,0.117851,0.942809,2,25.6514
1117,0.117851,0.117851,0.942809,3,36.4484
1118,0.058926,0.176777,0.883883,1,24.4397
1118,0.058926,0.176777,0.883883,2,27.9384
1118,0.058926,0.176777,0.883883,3,37.3783
1119,0.0,0.235702,0.824958,1,26.5566
1119,0.0,0.235702,0.824958,2,30.4902
1119,0.0,0.235702,0.824958,3,37.4197
1120,-0.058926,0.294628,0.766032,1,27.2618
1120,-0.058926,0.294628,0.766032,2,33.2509
1120,-0.058926,0.294628,0.766032,3,36.4376
1121,-0.117851,0.353553,0.707107,1,26.509
1121,-0.117851,0.353553,0.707107,2,33.9839
1121,-0.117851,0.353553,0.707107,3,35.735
1122,-0.176777,0.412479,0.648181,1,24.6834
1122,-0.176777,0.412479,0.648181,2,30.7269
1122,-0.176777,0.412479,0.648181,3,36.9898
1123,-0.235702,0.471405,0.589256,1,22.3685
1123,-0.235702,0.471405,0.589256,2,26.8686
1123,-0.235702,0.471405,0.589256,3,37.3964
1124,-0.294628,0.53033,0.53033,1,20.454
1124,-0.294628,0.53033,0.53033,2,23.5022
1124,-0.294628,0.53033,0.53033,3,36.8919
1125,-0.353553,0.589256,0.471405,1,19.1897
1125,-0.353553,0.589256,0.471405,2,22.2373
1125,-0.353553,0.589256,0.471405,3,35.5522
1126,-0.412479,0.648181,0.412479,1,18.5505
1126,-0.412479,0.648181,0.412479,2,23.3956
1126,-0.412479,0.648181,0.412479,3,33.9195
1127,-0.471405,0.707107,0.353553,1,19.4205
1127,-0.471405,0.707107,0.353553,2,24.2179
1127,-0.471405,0.707107,0.353553,3,33.4937
1128,-0.53033,0.766032,0.294628,1,21.0777
1128,-0.53033,0.766032,0.294628,2,24.1666
1128,-0.53033,0.766032,0.294628,3,34.8575
1129,0.176777,0.176777,1.001735,1,20.454
1129,0.176777,0.176777,1.001735,2,23.5022
1129,0.176777,0.176777,1.001735,3,36.8919
1130,0.117851,0.235702,0.942809,1,22.3685
1130,0.117851,0.235702,0.942809,2,26.8686
1130,0.117851,0.235702,0.942809,3,37.3964
1131,0.058926,0.294628,0.883883,1,24.6834
1131,0.058926,0.294628,0.883883,2,30.7269
1131,0.058926,0.294628,0.883883,3,36.9898
1132,0.0,0.353553,0.824958,1,26.509
1132,0.0,0.353553,0.824958,2,33.9839
1132,0.0,0.353553,0.824958,3,35.735
1133,-0.058926,0.412479,0.766032,1,27.2618
1133,-0.058926,0.412479,0.766032,2,33.2509
1133,-0.058926,0.412479,0.766032,3,36.4376
1134,-0.117851,0.471405,0.707107,1,26.5566
1134,-0.117851,0.471405,0.707107,2,30.4902
1134,-0.117851,0.471405,0.707107,3,37.4197
1135,-0.176777,0.53033,0.648181,1,24.4397
1135,-0.176777,0.53033,0.648181,2,27.9384
1135,-0.176777,0.53033,0.648181,3,37.3783
1136,-0.235702,0.589256,0.589256,1,22.3843
1136,-0.235702,0.589256,0.589256,2,25.6514
1136,-0.235702,0.589256,0.589256,3,36.4484
1137,-0.294628,0.648181,0.53033,1,21.0777
1137,-0.294628,0.648181,0.53033,2,24.1666
1137,-0.294628,0.648181,0.53033,3,34.8575
1138,-0.353553,0.707107,0.471405,1,19.4205
1138,-0.353553,0.707107,0.471405,2,24.2179
1138,-0.353553,0.707107,0.471405,3,33.4937
1139,-0.412479,0.766032,0.412479,1,18.5505
1139,-0.412479,0.766032,0.412479,2,23.3956
1139,-0.412479,0.766032,0.412479,3,33.9195
1140,-0.471405,0.824958,0.353553,1,19.1897
1140,-0.471405,0.824958,0.353553,2,22.2373
1140,-0.471405,0.824958,0.353553,3,35.5522
1141,0.235702,0.235702,1.06066,1,18.9689
1141,0.235702,0.235702,1.06066,2,20.0426
1141,0.235702,0.235702,1.06066,3,38.5178
1142,0.176777,0.294628,1.001735,1,20.3864
1142,0.176777,0.294628,1.001735,2,23.5745
1142,0.176777,0.294628,1.001735,3,38.892
1143,0.117851,0.353553,0.942809,1,22.4064
1143,0.117851,0.353553,0.942809,2,28.4603
1143,0.117851,0.353553,0.942809,3,38.2887
1144,0.058926,0.412479,0.883883,1,24.3893
1144,0.058926,0.412479,0.883883,2,32.9151
1144,0.058926,0.412479,0.883883,3,36.7815
1145,0.0,0.471405,0.824958,1,25.8115
1145,0.0,0.471405,0.824958,2,33.5086
1145,0.0,0.471405,0.824958,3,36.8744
1146,-0.058926,0.53033,0.766032,1,26.3747
1146,-0.058926,0.53033,0.766032,2,30.2081
1146,-0.058926,0.53033,0.766032,3,38.5573
1147,-0.117851,0.589256,0.707107,1,25.8345
1147,-0.117851,0.589256,0.707107,2,26.9909
1147,-0.117851,0.589256,0.707107,3,38.9094
1148,-0.176777,0.648181,0.648181,1,24.1477
1148,-0.176777,0.648181,0.648181,2,25.3801
1148,-0.176777,0.648181,0.648181,3,37.9839
1149,-0.235702,0.707107,0.589256,1,23.0388
1149,-0.235702,0.707107,0.589256,2,24.3854
1149,-0.235702,0.707107,0.589256,3,36.1969
1150,-0.294628,0.766032,0.53033,1,21.0777
1150,-0.294628,0.766032,0.53033,2,24.1666
1150,-0.294628,0.766032,0.53033,3,34.8575
1151,-0.353553,0.824958,0.471405,1,19.1897
1151,-0.353553,0.824958,0.471405,2,22.2373
1151,-0.353553,0.824958,0.471405,3,35.5522
1152,-0.412479,0.883883,0.412479,1,18.3356
1152,-0.412479,0.883883,0.412479,2,19.9414
1152,-0.412479,0.883883,0.412479,3,37.2436
1153,-0.471405,-0.471405,0.471405,1,17.2766
1153,-0.471405,-0.471405,0.471405,2,17.2766
1153,-0.471405,-0.471405,0.471405,3,35.9264
1154,-0.53033,-0.412479,0.412479,1,18.3356
1154,-0.53033,-0.412479,0.412479,2,19.9414
1154,-0.53033,-0.412479,0.412479,3,37.2436
1155,-0.589256,-0.353553,0.353553,1,20.1366
1155,-0.589256,-0.353553,0.353553,2,25.109
1155,-0.589256,-0.353553,0.353553,3,37.6407
1156,-0.648181,-0.294628,0.294628,1,22.0939
1156,-0.648181,-0.294628,0.294628,2,30.4877
1156,-0.648181,-0.294628,0.294628,3,37.074
1157,-0.707107,-0.235702,0.235702,1,23.7221
1157,-0.707107,-0.235702,0.235702,2,34.6256
1157,-0.707107,-0.235702,0.235702,3,35.5944
1158,-0.766032,-0.176777,0.176777,1,24.6803
1158,-0.766032,-0.176777,0.176777,2,32.7511
1158,-0.766032,-0.176777,0.176777,3,37.3931
1159,-0.824958,-0.117851,0.117851,1,24.8179
1159,-0.824958,-0.117851,0.117851,2,29.1424
1159,-0.824958,-0.117851,0.117851,3,38.3887
1160,-0.883883,-0.058926,0.058926,1,24.1477
1160,-0.883883,-0.058926,0.058926,2,25.3801
1160,-0.883883,-0.058926,0.058926,3,37.9839
1161,-0.942809,0.0,0.0,1,22.764
1161,-0.942809,0.0,0.0,2,22.764
1161,-0.942809,0.0,0.0,3,36.3824
1162,-1.001735,0.058926,-0.058926,1,20.8571
1162,-1.001735,0.058926,-0.058926,2,21.8481
1162,-1.001735,0.058926,-0.058926,3,34.144
1163,-1.06066,0.117851,-0.117851,1,18.8553
1163,-1.06066,0.117851,-0.117851,2,20.8498
1163,-1.06066,0.117851,-0.117851,3,32.9699
1164,-1.119586,0.176777,-0.176777,1,17.4576
1164,-1.119586,0.176777,-0.176777,2,18.3918
1164,-1.119586,0.176777,-0.176777,3,34.0733
1165,-0.412479,-0.412479,0.53033,1,18.3356
1165,-0.412479,-0.412479,0.53033,2,19.9414
1165,-0.412479,-0.412479,0.53033,3,37.2436
1166,-0.471405,-0.353553,0.471405,1,18.9689
1166,-0.471405,-0.353553,0.471405,2,20.0426
1166,-0.471405,-0.353553,0.471405,3,38.5178
1167,-0.53033,-0.294628,0.412479,1,20.3864
1167,-0.53033,-0.294628,0.412479,2,23.5745
1167,-0.53033,-0.294628,0.412479,3,38.892
1168,-0.589256,-0.235702,0.353553,1,22.4064
1168,-0.589256,-0.235702,0.353553,2,28.4603
1168,-0.589256,-0.235702,0.353553,3,38.2887
1169,-0.648181,-0.176777,0.294628,1,24.3893
1169,-0.648181,-0.176777,0.294628,2,32.9151
1169,-0.648181,-0.176777,0.294628,3,36.7815
1170,-0.707107,-0.117851,0.235702,1,25.8115
1170,-0.707107,-0.117851,0.235702,2,33.5086
1170,-0.707107,-0.117851,0.235702,3,36.8744
1171,-0.766032,-0.058926,0.176777,1,26.3747
1171,-0.766032,-0.058926,0.176777,2,30.2081
1171,-0.766032,-0.058926,0.176777,3,38.5573
1172,-0.824958,-0.0,0.117851,1,25.8345
1172,-0.824958,-0.0,0.117851,2,26.9909
1172,-0.824958,-0.0,0.117851,3,38.9094
1173,-0.883883,0.058926,0.058926,1,24.1477
1173,-0.883883,0.058926,0.058926,2,25.3801
1173,-0.883883,0.058926,0.058926,3,37.9839
1174,-0.942809,0.117851,0.0,1,23.0388
1174,-0.942809,0.117851,0.0,2,24.3854
1174,-0.942809,0.117851,0.0,3,36.1969
1175,-1.001735,0.176777,-0.058926,1,21.0777
1175,-1.001735,0.176777,-0.058926,2,24.1666
1175,-1.001735,0.176777,-0.058926,3,34.8575
1176,-1.06066,0.235702,-0.117851,1,19.1897
1176,-1.06066,0.235702,-0.117851,2,22.2373
1176,-1.06066,0.235702,-0.117851,3,35.5522
1177,-0.353553,-0.353553,0.589256,1,20.1366
1177,-0.353553,-0.353553,0.589256,2,25.109
1177,-0.353553,-0.353553,0.589256,3,37.6407
1178,-0.412479,-0.294628,0.53033,1,20.3864
1178,-0.412479,-0.294628,0.53033,2,23.5745
1178,-0.412479,-0.294628,0.53033,3,38.892
1179,-0.471405,-0.235702,0.471405,1,21.1292
1179,-0.471405,-0.235702,0.471405,2,24.9519
1179,-0.471405,-0.235702,0.471405,3,39.2999
1180,-0.53033,-0.176777,0.412479,1,22.8007
1180,-0.53033,-0.176777,0.412479,2,28.2355
1180,-0.53033,-0.176777,0.412479,3,38.7411
1181,-0.589256,-0.117851,0.353553,1,25.1922
1181,-0.589256,-0.117851,0.353553,2,31.6909
1181,-0.589256,-0.117851,0.353553,3,37.345
1182,-0.648181,-0.058926,0.294628,1,27.2618
1182,-0.648181,-0.058926,0.294628,2,33.2509
1182,-0.648181,-0.058926,0.294628,3,36.4376
1183,-0.707107,0.0,0.235702,1,27.9367
1183,-0.707107,0.0,0.235702,2,31.4254
1183,-0.707107,0.0,0.235702,3,37.7479
1184,-0.766032,0.058926,0.176777,1,26.3747
1184,-0.766032,0.058926,0.176777,2,30.2081
1184,-0.766032,0.058926,0.176777,3,38.5573
1185,-0.824958,0.117851,0.117851,1,24.8179
1185,-0.824958,0.117851,0.117851,2,29.1424
1185,-0.824958,0.117851,0.117851,3,38.3887
1186,-0.883883,0.176777,0.058926,1,24.4397
1186,-0.883883,0.176777,0.058926,2,27.9384
1186,-0.883883,0.176777,0.058926,3,37.3783
1187,-0.942809,0.235702,0.0,1,23.2336
1187,-0.942809,0.235702,0.0,2,27.9374
1187,-0.942809,0.235702,0.0,3,36.1386
1188,-1.001735,0.294628,-0.058926,1,21.2514
1188,-1.001735,0.294628,-0.058926,2,27.3292
1188,-1.001735,0.294628,-0.058926,3,36.2109
1189,-0.294628,-0.294628,0.648181,1,22.0939
1189,-0.294628,-0.294628,0.648181,2,30.4877
1189,-0.294628,-0.294628,0.648181,3,37.074
1190,-0.353553,-0.235702,0.589256,1,22.4064
1190,-0.353553,-0.235702,0.589256,2,28.4603
1190,-0.353553,-0.235702,0.589256,3,38.2887
1191,-0.412479,-0.176777,0.53033,1,22.8007
1191,-0.412479,-0.176777,0.53033,2,28.2355
1191,-0.412479,-0.176777,0.53033,3,38.7411
1192,-0.471405,-0.117851,0.471405,1,22.9831
1192,-0.471405,-0.117851,0.471405,2,30.3848
1192,-0.471405,-0.117851,0.471405,3,38.1935
1193,-0.53033,-0.058926,0.412479,1,24.3893
1193,-0.53033,-0.058926,0.412479,2,32.9151
1193,-0.53033,-0.058926,0.412479,3,36.7815
1194,-0.589256,0.0,0.353553,1,26.509
1194,-0.589256,0.0,0.353553,2,33.9839
1194,-0.589256,0.0,0.353553,3,35.735
1195,-0.648181,0.058926,0.294628,1,27.2618
1195,-0.648181,0.058926,0.294628,2,33.2509
1195,-0.648181,0.058926,0.294628,3,36.4376
1196,-0.707107,0.117851,0.235702,1,25.8115
1196,-0.707107,0.117851,0.235702,2,33.5086
1196,-0.707107,0.117851,0.235702,3,36.8744
1197,-0.766032,0.176777,0.176777,1,24.6803
1197,-0.766032,0.176777,0.176777,2,32.7511
1197,-0.766032,0.176777,0.176777,3,37.3931
1198,-0.824958,0.235702,0.117851,1,24.8657
1198,-0.824958,0.235702,0.117851,2,31.1683
1198,-0.824958,0.235702,0.117851,3,37.5633
1199,-0.883883,0.294628,0.058926,1,24.6834
1199,-0.883883,0.294628,0.058926,2,30.7269
1199,-0.883883,0.294628,0.058926,3,36.9898
1200,-0.942809,0.353553,0.0,1,23.1076
1200,-0.942809,0.353553,0.0,2,31.5693
1200,-0.942809,0.353553,0.0,3,36.2826
1201,-0.235702,-0.235702,0.707107,1,23.7221
1201,-0.235702,-0.235702,0.707107,2,34.6256
1201,-0.235702,-0.235702,0.707107,3,35.5944
1202,-0.294628,-0.176777,0.648181,1,24.3893
1202,-0.294628,-0.176777,0.648181,2,32.9151
1202,-0.294628,-0.176777,0.648181,3,36.7815
1203,-0.353553,-0.117851,0.589256,1,25.1922
1203,-0.353553,-0.117851,0.589256,2,31.6909
1203,-0.353553,-0.117851,0.589256,3,37.345
1204,-0.412479,-0.058926,0.53033,1,24.3893
1204,-0.412479,-0.058926,0.53033,2,32.9151
1204,-0.412479,-0.058926,0.53033,3,36.7815
1205,-0.471405,-0.0,0.471405,1,23.7221
1205,-0.471405,-0.0,0.471405,2,34.6256
1205,-0.471405,-0.0,0.471405,3,35.5944
1206,-0.53033,0.058926,0.412479,1,24.3893
1206,-0.53033,0.058926,0.412479,2,32.9151
1206,-0.53033,0.058926,0.412479,3,36.7815
1207,-0.589256,0.117851,0.353553,1,25.1922
1207,-0.589256,0.117851,0.353553,2,31.6909
1207,-0.589256,0.117851,0.353553,3,37.345
1208,-0.648181,0.176777,0.294628,1,24.3893
1208,-0.648181,0.176777,0.294628,2,32.9151
1208,-0.648181,0.176777,0.294628,3,36.7815
1209,-0.707107,0.235702,0.235702,1,23.7221
1209,-0.707107,0.235702,0.235702,2,34.6256
1209,-0.707107,0.235702,0.235702,3,35.5944
1210,-0.766032,0.294628,0.176777,1,24.3893
1210,-0.766032,0.294628,0.176777,2,32.9151
1210,-0.766032,0.294628,0.176777,3,36.7815
1211,-0.824958,0.353553,0.117851,1,25.1922
1211,-0.824958,0.353553,0.117851,2,31.6909
1211,-0.824958,0.353553,0.117851,3,37.345
1212,-0.883883,0.412479,0.058926,1,24.3893
1212,-0.883883,0.412479,0.058926,2,32.9151
1212,-0.883883,0.412479,0.058926,3,36.7815
1213,-0.176777,-0.176777,0.766032,1,24.6803
1213,-0.176777,-0.176777,0.766032,2,32.7511
1213,-0.176777,-0.176777,0.766032,3,37.3931
1214,-0.235702,-0.117851,0.707107,1,25.8115
1214,-0.235702,-0.117851,0.707107,2,33.5086
1214,-0.235702,-0.117851,0.707107,3,36.8744
1215,-0.294628,-0.058926,0.648181,1,27.2618
1215,-0.294628,-0.058926,0.648181,2,33.2509
1215,-0.294628,-0.058926,0.648181,3,36.4376
1216,-0.353553,0.0,0.589256,1,26.509
1216,-0.353553,0.0,0.589256,2,33.9839
1216,-0.353553,0.0,0.589256,3,35.735
1217,-0.412479,0.058926,0.53033,1,24.3893
1217,-0.412479,0.058926,0.53033,2,32.9151
1217,-0.412479,0.058926,0.53033,3,36.7815
1218,-0.471405,0.117851,0.471405,1,22.9831
1218,-0.471405,0.117851,0.471405,2,30.3848
1218,-0.471405,0.117851,0.471405,3,38.1935
1219,-0.53033,0.176777,0.412479,1,22.8007
1219,-0.53033,0.176777,0.412479,2,28.2355
1219,-0.53033,0.176777,0.412479,3,38.7411
1220,-0.589256,0.235702,0.353553,1,22.4064
1220,-0.589256,0.235702,0.353553,2,28.4603
1220,-0.589256,0.235702,0.353553,3,38.2887
1221,-0.648181,0.294628,0.294628,1,22.0939
1221,-0.648181,0.294628,0.294628,2,30.4877
1221,-0.648181,0.294628,0.294628,3,37.074
1222,-0.707107,0.353553,0.235702,1,23.1076
1222,-0.707107,0.353553,0.235702,2,31.5693
1222,-0.707107,0.353553,0.235702,3,36.2826
1223,-0.766032,0.412479,0.176777,1,24.6834
1223,-0.766032,0.412479,0.176777,2,30.7269
1223,-0.766032,0.412479,0.176777,3,36.9898
1224,-0.824958,0.471405,0.117851,1,24.8657
1224,-0.824958,0.471405,0.117851,2,31.1683
1224,-0.824958,0.471405,0.117851,3,37.5633
1225,-0.117851,-0.117851,0.824958,1,24.8179
1225,-0.117851,-0.117851,0.824958,2,29.1424
1225,-0.117851,-0.117851,0.824958,3,38.3887
1226,-0.176777,-0.058926,0.766032,1,26.3747
1226,-0.176777,-0.058926,0.766032,2,30.2081
1226,-0.176777,-0.058926,0.766032,3,38.5573
1227,-0.235702,0.0,0.707107,1,27.9367
1227,-0.235702,0.0,0.707107,2,31.4254
1227,-0.235702,0.0,0.707107,3,37.7479
1228,-0.294628,0.058926,0.648181,1,27.2618
1228,-0.294628,0.058926,0.648181,2,33.2509
1228,-0.294628,0.058926,0.648181,3,36.4376
1229,-0.353553,0.117851,0.589256,1,25.1922
1229,-0.353553,0.117851,0.589256,2,31.6909
1229,-0.353553,0.117851,0.589256,3,37.345
1230,-0.412479,0.176777,0.53033,1,22.8007
1230,-0.412479,0.176777,0.53033,2,28.2355
1230,-0.412479,0.176777,0.53033,3,38.7411
1231,-0.471405,0.235702,0.471405,1,21.1292
1231,-0.471405,0.235702,0.471405,2,24.9519
1231,-0.471405,0.235702,0.471405,3,39.2999
1232,-0.53033,0.294628,0.412479,1,20.3864
1232,-0.53033,0.294628,0.412479,2,23.5745
1232,-0.53033,0.294628,0.412479,3,38.892
1233,-0.589256,0.353553,0.353553,1,20.1366
1233,-0.589256,0.353553,0.353553,2,25.109
1233,-0.589256,0.353553,0.353553,3,37.6407
1234,-0.648181,0.412479,0.294628,1,21.2514
1234,-0.648181,0.412479,0.294628,2,27.3292
1234,-0.648181,0.412479,0.294628,3,36.2109
1235,-0.707107,0.471405,0.235702,1,23.2336
1235,-0.707107,0.471405,0.235702,2,27.9374
1235,-0.707107,0.471405,0.235702,3,36.1386
1236,-0.766032,0.53033,0.176777,1,24.4397
1236,-0.766032,0.53033,0.176777,2,27.9384
1236,-0.766032,0.53033,0.176777,3,37.3783
1237,-0.058926,-0.058926,0.883883,1,24.1477
1237,-0.058926,-0.058926,0.883883,2,25.3801
1237,-0.058926,-0.058926,0.883883,3,37.9839
1238,-0.117851,-0.0,0.824958,1,25.8345
1238,-0.117851,-0.0,0.824958,2,26.9909
1238,-0.117851,-0.0,0.824958,3,38.9094
1239,-0.176777,0.058926,0.766032,1,26.3747
1239,-0.176777,0.058926,0.766032,2,30.2081
1239,-0.176777,0.058926,0.766032,3,38.5573
1240,-0.235702,0.117851,0.707107,1,25.8115
1240,-0.235702,0.117851,0.707107,2,33.5086
1240,-0.235702,0.117851,0.707107,3,36.8744
1241,-0.294628,0.176777,0.648181,1,24.3893
1241,-0.294628,0.176777,0.648181,2,32.9151
1241,-0.294628,0.176777,0.648181,3,36.7815
1242,-0.353553,0.235702,0.589256,1,22.4064
1242,-0.353553,0.235702,0.589256,2,28.4603
1242,-0.353553,0.235702,0.589256,3,38.2887
1243,-0.412479,0.294628,0.53033,1,20.3864
1243,-0.412479,0.294628,0.53033,2,23.5745
1243,-0.412479,0.294628,0.53033,3,38.892
1244,-0.471405,0.353553,0.471405,1,18.9689
1244,-0.471405,0.353553,0.471405,2,20.0426
1244,-0.471405,0.353553,0.471405,3,38.5178
1245,-0.53033,0.412479,0.412479,1,18.3356
1245,-0.53033,0.412479,0.412479,2,19.9414
1245,-0.53033,0.412479,0.412479,3,37.2436
1246,-0.589256,0.471405,0.353553,1,19.1897
1246,-0.589256,0.471405,0.353553,2,22.2373
1246,-0.589256,0.471405,0.353553,3,35.5522
1247,-0.648181,0.53033,0.294628,1,21.0777
1247,-0.648181,0.53033,0.294628,2,24.1666
1247,-0.648181,0.53033,0.294628,3,34.8575
1248,-0.707107,0.589256,0.235702,1,23.0388
1248,-0.707107,0.589256,0.235702,2,24.3854
1248,-0.707107,0.589256,0.235702,3,36.1969
1249,0.0,0.0,0.942809,1,22.764
1249,0.0,0.0,0.942809,2,22.764
1249,0.0,0.0,0.942809,3,36.3824
1250,-0.058926,0.058926,0.883883,1,24.1477
1250,-0.058926,0.058926,0.883883,2,25.3801
1250,-0.058926,0.058926,0.883883,3,37.9839
1251,-0.117851,0.117851,0.824958,1,24.8179
1251,-0.117851,0.117851,0.824958,2,29.1424
1251,-0.117851,0.117851,0.824958,3,38.3887
1252,-0.176777,0.176777,0.766032,1,24.6803
1252,-0.176777,0.176777,0.766032,2,32.7511
1252,-0.176777,0.176777,0.766032,3,37.3931
1253,-0.235702,0.235702,0.707107,1,23.7221
1253,-0.235702,0.235702,0.707107,2,34.6256
1253,-0.235702,0.235702,0.707107,3,35.5944
1254,-0.294628,0.294628,0.648181,1,22.0939
1254,-0.294628,0.294628,0.648181,2,30.4877
1254,-0.294628,0.294628,0.648181,3,37.074
1255,-0.353553,0.353553,0.589256,1,20.1366
1255,-0.353553,0.353553,0.589256,2,25.109
1255,-0.353553,0.353553,0.589256,3,37.6407
1256,-0.412479,0.412479,0.53033,1,18.3356
1256,-0.412479,0.412479,0.53033,2,19.9414
1256,-0.412479,0.412479,0.53033,3,37.2436
1257,-0.471405,0.471405,0.471405,1,17.2766
1257,-0.471405,0.471405,0.471405,2,17.2766
1257,-0.471405,0.471405,0.471405,3,35.9264
1258,-0.53033,0.53033,0.412479,1,17.4576
1258,-0.53033,0.53033,0.412479,2,18.3918
1258,-0.53033,0.53033,0.412479,3,34.0733
1259,-0.589256,0.589256,0.353553,1,18.8553
1259,-0.589256,0.589256,0.353553,2,20.8498
1259,-0.589256,0.589256,0.353553,3,32.9699
1260,-0.648181,0.648181,0.294628,1,20.8571
1260,-0.648181,0.648181,0.294628,2,21.8481
1260,-0.648181,0.648181,0.294628,3,34.144
1261,0.058926,0.058926,1.001735,1,20.8571
1261,0.058926,0.058926,1.001735,2,21.8481
1261,0.058926,0.058926,1.001735,3,34.144
1262,0.0,0.117851,0.942809,1,23.0388
1262,0.0,0.117851,0.942809,2,24.3854
1262,0.0,0.117851,0.942809,3,36.1969
1263,-0.058926,0.176777,0.883883,1,24.4397
1263,-0.058926,0.176777,0.883883,2,27.9384
1263,-0.058926,0.176777,0.883883,3,37.3783
1264,-0.117851,0.235702,0.824958,1,24.8657
1264,-0.117851,0.235702,0.824958,2,31.1683
1264,-0.117851,0.235702,0.824958,3,37.5633
1265,-0.176777,0.294628,0.766032,1,24.3893
1265,-0.176777,0.294628,0.766032,2,32.9151
1265,-0.176777,0.294628,0.766032,3,36.7815
1266,-0.235702,0.353553,0.707107,1,23.1076
1266,-0.235702,0.353553,0.707107,2,31.5693
1266,-0.235702,0.353553,0.707107,3,36.2826
1267,-0.294628,0.412479,0.648181,1,21.2514
1267,-0.294628,0.412479,0.648181,2,27.3292
1267,-0.294628,0.412479,0.648181,3,36.2109
1268,-0.353553,0.471405,0.589256,1,19.1897
1268,-0.353553,0.471405,0.589256,2,22.2373
1268,-0.353553,0.471405,0.589256,3,35.5522
1269,-0.412479,0.53033,0.53033,1,17.4576
1269,-0.412479,0.53033,0.53033,2,18.3918
1269,-0.412479,0.53033,0.53033,3,34.0733
1270,-0.471405,0.589256,0.471405,1,16.4264
1270,-0.471405,0.589256,0.471405,2,17.993
1270,-0.471405,0.589256,0.471405,3,32.0449
1271,-0.53033,0.648181,0.412479,1,17.087
1271,-0.53033,0.648181,0.412479,2,19.5137
1271,-0.53033,0.648181,0.412479,3,30.7066
1272,-0.589256,0.707107,0.353553,1,18.9532
1272,-0.589256,0.707107,0.353553,2,20.4028
1272,-0.589256,0.707107,0.353553,3,31.7428
1273,0.117851,0.117851,1.06066,1,18.8553
1273,0.117851,0.117851,1.06066,2,20.8498
1273,0.117851,0.117851,1.06066,3,32.9699
1274,0.058926,0.176777,1.001735,1,21.0777
1274,0.058926,0.176777,1.001735,2,24.1666
1274,0.058926,0.176777,1.001735,3,34.8575
1275,-0.0,0.235702,0.942809,1,23.2336
1275,-0.0,0.235702,0.942809,2,27.9374
1275,-0.0,0.235702,0.942809,3,36.1386
1276,-0.058926,0.294628,0.883883,1,24.6834
1276,-0.058926,0.294628,0.883883,2,30.7269
1276,-0.058926,0.294628,0.883883,3,36.9898
1277,-0.117851,0.353553,0.824958,1,25.1922
1277,-0.117851,0.353553,0.824958,2,31.6909
1277,-0.117851,0.353553,0.824958,3,37.345
1278,-0.176777,0.412479,0.766032,1,24.6834
1278,-0.176777,0.412479,0.766032,2,30.7269
1278,-0.176777,0.412479,0.766032,3,36.9898
1279,-0.235702,0.471405,0.707107,1,23.2336
1279,-0.235702,0.471405,0.707107,2,27.9374
1279,-0.235702,0.471405,0.707107,3,36.1386
1280,-0.294628,0.53033,0.648181,1,21.0777
1280,-0.294628,0.53033,0.648181,2,24.1666
1280,-0.294628,0.53033,0.648181,3,34.8575
1281,-0.353553,0.589256,0.589256,1,18.8553
1281,-0.353553,0.589256,0.589256,2,20.8498
1281,-0.353553,0.589256,0.589256,3,32.9699
1282,-0.412479,0.648181,0.53033,1,17.087
1282,-0.412479,0.648181,0.53033,2,19.5137
1282,-0.412479,0.648181,0.53033,3,30.7066
1283,-0.471405,0.707107,0.471405,1,16.2217
1283,-0.471405,0.707107,0.471405,2,19.7216
1283,-0.471405,0.707107,0.471405,3,29.4701
1284,-0.53033,0.766032,0.412479,1,17.087
1284,-0.53033,0.766032,0.412479,2,19.5137
1284,-0.53033,0.766032,0.412479,3,30.7066
1285,0.176777,0.176777,1.119586,1,17.4576
1285,0.176777,0.176777,1.119586,2,18.3918
1285,0.176777,0.176777,1.119586,3,34.0733
1286,0.117851,0.235702,1.06066,1,19.1897
1286,0.117851,0.235702,1.06066,2,22.2373
1286,0.117851,0.235702,1.06066,3,35.5522
1287,0.058926,0.294628,1.001735,1,21.2514
1287,0.058926,0.294628,1.001735,2,27.3292
1287,0.058926,0.294628,1.001735,3,36.2109
1288,0.0,0.353553,0.942809,1,23.1076
1288,0.0,0.353553,0.942809,2,31.5693
1288,0.0,0.353553,0.942809,3,36.2826
1289,-0.058926,0.412479,0.883883,1,24.3893
1289,-0.058926,0.412479,0.883883,2,32.9151
1289,-0.058926,0.412479,0.883883,3,36.7815
1290,-0.117851,0.471405,0.824958,1,24.8657
1290,-0.117851,0.471405,0.824958,2,31.1683
1290,-0.117851,0.471405,0.824958,3,37.5633
1291,-0.176777,0.53033,0.766032,1,24.4397
1291,-0.176777,0.53033,0.766032,2,27.9384
1291,-0.176777,0.53033,0.766032,3,37.3783
1292,-0.235702,0.589256,0.707107,1,23.0388
1292,-0.235702,0.589256,0.707107,2,24.3854
1292,-0.235702,0.589256,0.707107,3,36.1969
1293,-0.294628,0.648181,0.648181,1,20.8571
1293,-0.294628,0.648181,0.648181,2,21.8481
1293,-0.294628,0.648181,0.648181,3,34.144
1294,-0.353553,0.707107,0.589256,1,18.9532
1294,-0.353553,0.707107,0.589256,2,20.4028
1294,-0.353553,0.707107,0.589256,3,31.7428
1295,-0.412479,0.766032,0.53033,1,17.087
1295,-0.412479,0.766032,0.53033,2,19.5137
1295,-0.412479,0.766032,0.53033,3,30.7066
1296,-0.471405,0.824958,0.471405,1,16.4264
1296,-0.471405,0.824958,0.471405,2,17.993
1296,-0.471405,0.824958,0.471405,3,32.0449
1297,-0.53033,-0.53033,0.53033,1,14.8669
1297,-0.53033,-0.53033,0.53033,2,14.8669
1297,-0.53033,-0.53033,0.53033,3,29.6349
1298,-0.589256,-0.471405,0.471405,1,16.4264
1298,-0.589256,-0.471405,0.471405,2,17.993
1298,-0.589256,-0.471405,0.471405,3,32.0449
1299,-0.648181,-0.412479,0.412479,1,18.5505
1299,-0.648181,-0.412479,0.412479,2,23.3956
1299,-0.648181,-0.412479,0.412479,3,33.9195
1300,-0.707107,-0.353553,0.353553,1,20.5529
1300,-0.707107,-0.353553,0.353553,2,28.199
1300,-0.707107,-0.353553,0.353553,3,35.4153
1301,-0.766032,-0.294628,0.294628,1,22.0939
1301,-0.766032,-0.294628,0.294628,2,30.4877
1301,-0.766032,-0.294628,0.294628,3,37.074
1302,-0.824958,-0.235702,0.235702,1,22.9831
1302,-0.824958,-0.235702,0.235702,2,30.3848
1302,-0.824958,-0.235702,0.235702,3,38.1935
1303,-0.883883,-0.176777,0.176777,1,23.0978
1303,-0.883883,-0.176777,0.176777,2,28.6935
1303,-0.883883,-0.176777,0.176777,3,37.9178
1304,-0.942809,-0.117851,0.117851,1,22.3843
1304,-0.942809,-0.117851,0.117851,2,25.6514
1304,-0.942809,-0.117851,0.117851,3,36.4484
1305,-1.001735,-0.058926,0.058926,1,20.8571
1305,-1.001735,-0.058926,0.058926,2,21.8481
1305,-1.001735,-0.058926,0.058926,3,34.144
1306,-1.06066,0.0,0.0,1,18.6716
1306,-1.06066,0.0,0.0,2,18.6716
1306,-1.06066,0.0,0.0,3,31.1471
1307,-1.119586,0.058926,-0.058926,1,16.3266
1307,-1.119586,0.058926,-0.058926,2,17.0152
1307,-1.119586,0.058926,-0.058926,3,28.2474
1308,-1.178511,0.117851,-0.117851,1,14.7722
1308,-1.178511,0.117851,-0.117851,2,15.4938
1308,-1.178511,0.117851,-0.117851,3,27.6667
1309,-0.471405,-0.471405,0.589256,1,16.4264
1309,-0.471405,-0.471405,0.589256,2,17.993
1309,-0.471405,-0.471405,0.589256,3,32.0449
1310,-0.53033,-0.412479,0.53033,1,17.4576
1310,-0.53033,-0.412479,0.53033,2,18.3918
1310,-0.53033,-0.412479,0.53033,3,34.0733
1311,-0.589256,-0.353553,0.471405,1,19.1897
1311,-0.589256,-0.353553,0.471405,2,22.2373
1311,-0.589256,-0.353553,0.471405,3,35.5522
1312,-0.648181,-0.294628,0.412479,1,21.2514
1312,-0.648181,-0.294628,0.412479,2,27.3292
1312,-0.648181,-0.294628,0.412479,3,36.2109
1313,-0.707107,-0.235702,0.353553,1,23.1076
1313,-0.707107,-0.235702,0.353553,2,31.5693
1313,-0.707107,-0.235702,0.353553,3,36.2826
1314,-0.766032,-0.176777,0.294628,1,24.3893
1314,-0.766032,-0.176777,0.294628,2,32.9151
1314,-0.766032,-0.176777,0.294628,3,36.7815
1315,-0.824958,-0.117851,0.235702,1,24.8657
1315,-0.824958,-0.117851,0.235702,2,31.1683
1315,-0.824958,-0.117851,0.235702,3,37.5633
1316,-0.883883,-0.058926,0.176777,1,24.4397
1316,-0.883883,-0.058926,0.176777,2,27.9384
1316,-0.883883,-0.058926,0.176777,3,37.3783
1317,-0.942809,0.0,0.117851,1,23.0388
1317,-0.942809,0.0,0.117851,2,24.3854
1317,-0.942809,0.0,0.117851,3,36.1969
1318,-1.001735,0.058926,0.058926,1,20.8571
1318,-1.001735,0.058926,0.058926,2,21.8481
1318,-1.001735,0.058926,0.058926,3,34.144
1319,-1.06066,0.117851,0.0,1,18.9532
1319,-1.06066,0.117851,0.0,2,20.4028
1319,-1.06066,0.117851,0.0,3,31.7428
1320,-1.119586,0.176777,-0.058926,1,17.087
1320,-1.119586,0.176777,-0.058926,2,19.5137
1320,-1.119586,0.176777,-0.058926,3,30.7066
1321,-0.412479,-0.412479,0.648181,1,18.5505
1321,-0.412479,-0.412479,0.648181,2,23.3956
1321,-0.412479,-0.412479,0.648181,3,33.9195
1322,-0.471405,-0.353553,0.589256,1,19.1897
1322,-0.471405,-0.353553,0.589256,2,22.2373
1322,-0.471405,-0.353553,0.589256,3,35.5522
1323,-0.53033,-0.294628,0.53033,1,20.454
1323,-0.53033,-0.294628,0.53033,2,23.5022
1323,-0.53033,-0.294628,0.53033,3,36.8919
1324,-0.589256,-0.235702,0.471405,1,22.3685
1324,-0.589256,-0.235702,0.471405,2,26.8686
1324,-0.589256,-0.235702,0.471405,3,37.3964
1325,-0.648181,-0.176777,0.412479,1,24.6834
1325,-0.648181,-0.176777,0.412479,2,30.7269
1325,-0.648181,-0.176777,0.412479,3,36.9898
1326,-0.707107,-0.117851,0.353553,1,26.509
1326,-0.707107,-0.117851,0.353553,2,33.9839
1326,-0.707107,-0.117851,0.353553,3,35.735
1327,-0.766032,-0.058926,0.294628,1,27.2618
1327,-0.766032,-0.058926,0.294628,2,33.2509
1327,-0.766032,-0.058926,0.294628,3,36.4376
1328,-0.824958,0.0,0.235702,1,26.5566
1328,-0.824958,0.0,0.235702,2,30.4902
1328,-0.824958,0.0,0.235702,3,37.4197
1329,-0.883883,0.058926,0.176777,1,24.4397
1329,-0.883883,0.058926,0.176777,2,27.9384
1329,-0.883883,0.058926,0.176777,3,37.3783
1330,-0.942809,0.117851,0.117851,1,22.3843
1330,-0.942809,0.117851,0.117851,2,25.6514
1330,-0.942809,0.117851,0.117851,3,36.4484
1331,-1.001735,0.176777,0.058926,1,21.0777
1331,-1.001735,0.176777,0.058926,2,24.1666
1331,-1.001735,0.176777,0.058926,3,34.8575
1332,-1.06066,0.235702,0.0,1,19.4205
1332,-1.06066,0.235702,0.0,2,24.2179
1332,-1.06066,0.235702,0.0,3,33.4937
1333,-0.353553,-0.353553,0.707107,1,20.5529
1333,-0.353553,-0.353553,0.707107,2,28.199
1333,-0.353553,-0.353553,0.707107,3,35.4153
1334,-0.412479,-0.294628,0.648181,1,21.2514
1334,-0.412479,-0.294628,0.648181,2,27.3292
1334,-0.412479,-0.294628,0.648181,3,36.2109
1335,-0.471405,-0.235702,0.589256,1,22.3685
1335,-0.471405,-0.235702,0.589256,2,26.8686
1335,-0.471405,-0.235702,0.589256,3,37.3964
1336,-0.53033,-0.176777,0.53033,1,23.0978
1336,-0.53033,-0.176777,0.53033,2,28.6935
1336,-0.53033,-0.176777,0.53033,3,37.9178
1337,-0.589256,-0.117851,0.471405,1,24.8657
1337,-0.589256,-0.117851,0.471405,2,31.1683
1337,-0.589256,-0.117851,0.471405,3,37.5633
1338,-0.648181,-0.058926,0.412479,1,27.2618
1338,-0.648181,-0.058926,0.412479,2,33.2509
1338,-0.648181,-0.058926,0.412479,3,36.4376
1339,-0.707107,0.0,0.353553,1,28.4791
1339,-0.707107,0.0,0.353553,2,34.8979
1339,-0.707107,0.0,0.353553,3,34.8979
1340,-0.766032,0.058926,0.294628,1,27.2618
1340,-0.766032,0.058926,0.294628,2,33.2509
1340,-0.766032,0.058926,0.294628,3,36.4376
1341,-0.824958,0.117851,0.235702,1,24.8657
1341,-0.824958,0.117851,0.235702,2,31.1683
1341,-0.824958,0.117851,0.235702,3,37.5633
1342,-0.883883,0.176777,0.176777,1,23.0978
1342,-0.883883,0.176777,0.176777,2,28.6935
1342,-0.883883,0.176777,0.176777,3,37.9178
1343,-0.942809,0.235702,0.117851,1,22.3685
1343,-0.942809,0.235702,0.117851,2,26.8686
1343,-0.942809,0.235702,0.117851,3,37.3964
1344,-1.001735,0.294628,0.058926,1,21.2514
1344,-1.001735,0.294628,0.058926,2,27.3292
1344,-1.001735,0.294628,0.058926,3,36.2109
1345,-0.294628,-0.294628,0.766032,1,22.0939
1345,-0.294628,-0.294628,0.766032,2,30.4877
1345,-0.294628,-0.294628,0.766032,3,37.074
1346,-0.353553,-0.235702,0.707107,1,23.1076
1346,-0.353553,-0.235702,0.707107,2,31.5693
1346,-0.353553,-0.235702,0.707107,3,36.2826
1347,-0.412479,-0.176777,0.648181,1,24.6834
1347,-0.412479,-0.176777,0.648181,2,30.7269
1347,-0.412479,-0.176777,0.648181,3,36.9898
1348,-0.471405,-0.117851,0.589256,1,24.8657
1348,-0.471405,-0.117851,0.589256,2,31.1683
1348,-0.471405,-0.117851,0.589256,3,37.5633
1349,-0.53033,-0.058926,0.53033,1,24.6803
1349,-0.53033,-0.058926,0.53033,2,32.7511
1349,-0.53033,-0.058926,0.53033,3,37.3931
1350,-0.589256,0.0,0.471405,1,25.8115
1350,-0.589256,0.0,0.471405,2,33.5086
1350,-0.589256,0.0,0.471405,3,36.8744
1351,-0.648181,0.058926,0.412479,1,27.2618
1351,-0.648181,0.058926,0.412479,2,33.2509
1351,-0.648181,0.058926,0.412479,3,36.4376
1352,-0.707107,0.117851,0.353553,1,26.509
1352,-0.707107,0.117851,0.353553,2,33.9839
1352,-0.707107,0.117851,0.353553,3,35.735
1353,-0.766032,0.176777,0.294628,1,24.3893
1353,-0.766032,0.176777,0.294628,2,32.9151
1353,-0.766032,0.176777,0.294628,3,36.7815
1354,-0.824958,0.235702,0.235702,1,22.9831
1354,-0.824958,0.235702,0.235702,2,30.3848
1354,-0.824958,0.235702,0.235702,3,38.1935
1355,-0.883883,0.294628,0.176777,1,22.8007
1355,-0.883883,0.294628,0.176777,2,28.2355
1355,-0.883883,0.294628,0.176777,3,38.7411
1356,-0.942809,0.353553,0.117851,1,22.4064
1356,-0.942809,0.353553,0.117851,2,28.4603
1356,-0.942809,0.353553,0.117851,3,38.2887
1357,-0.235702,-0.235702,0.824958,1,22.9831
1357,-0.235702,-0.235702,0.824958,2,30.3848
1357,-0.235702,-0.235702,0.824958,3,38.1935
1358,-0.294628,-0.176777,0.766032,1,24.3893
1358,-0.294628,-0.176777,0.766032,2,32.9151
1358,-0.294628,-0.176777,0.766032,3,36.7815
1359,-0.353553,-0.117851,0.707107,1,26.509
1359,-0.353553,-0.117851,0.707107,2,33.9839
1359,-0.353553,-0.117851,0.707107,3,35.735
1360,-0.412479,-0.058926,0.648181,1,27.2618
1360,-0.412479,-0.058926,0.648181,2,33.2509
1360,-0.412479,-0.058926,0.648181,3,36.4376
1361,-0.471405,0.0,0.589256,1,25.8115
1361,-0.471405,0.0,0.589256,2,33.5086
1361,-0.471405,0.0,0.589256,3,36.8744
1362,-0.53033,0.058926,0.53033,1,24.6803
1362,-0.53033,0.058926,0.53033,2,32.7511
1362,-0.53033,0.058926,0.53033,3,37.3931
1363,-0.589256,0.117851,0.471405,1,24.8657
1363,-0.589256,0.117851,0.471405,2,31.1683
1363,-0.589256,0.117851,0.471405,3,37.5633
1364,-0.648181,0.176777,0.412479,1,24.6834
1364,-0.648181,0.176777,0.412479,2,30.7269
1364,-0.648181,0.176777,0.412479,3,36.9898
1365,-0.707107,0.235702,0.353553,1,23.1076
1365,-0.707107,0.235702,0.353553,2,31.5693
1365,-0.707107,0.235702,0.353553,3,36.2826
1366,-0.766032,0.294628,0.294628,1,22.0939
1366,-0.766032,0.294628,0.294628,2,30.4877
1366,-0.766032,0.294628,0.294628,3,37.074
1367,-0.824958,0.353553,0.235702,1,22.4064
1367,-0.824958,0.353553,0.235702,2,28.4603
1367,-0.824958,0.353553,0.235702,3,38.2887
1368,-0.883883,0.412479,0.176777,1,22.8007
1368,-0.883883,0.412479,0.176777,2,28.2355
1368,-0.883883,0.412479,0.176777,3,38.7411
1369,-0.176777,-0.176777,0.883883,1,23.0978
1369,-0.176777,-0.176777,0.883883,2,28.6935
1369,-0.176777,-0.176777,0.883883,3,37.9178
1370,-0.235702,-0.117851,0.824958,1,24.8657
1370,-0.235702,-0.117851,0.824958,2,31.1683
1370,-0.235702,-0.117851,0.824958,3,37.5633
1371,-0.294628,-0.058926,0.766032,1,27.2618
1371,-0.294628,-0.058926,0.766032,2,33.2509
1371,-0.294628,-0.058926,0.766032,3,36.4376
1372,-0.353553,0.0,0.707107,1,28.4791
1372,-0.353553,0.0,0.707107,2,34.8979
1372,-0.353553,0.0,0.707107,3,34.8979
1373,-0.412479,0.058926,0.648181,1,27.2618
1373,-0.412479,0.058926,0.648181,2,33.2509
1373,-0.412479,0.058926,0.648181,3,36.4376
1374,-0.471405,0.117851,0.589256,1,24.8657
1374,-0.471405,0.117851,0.589256,2,31.1683
1374,-0.471405,0.117851,0.589256,3,37.5633
1375,-0.53033,0.176777,0.53033,1,23.0978
1375,-0.53033,0.176777,0.53033,2,28.6935
1375,-0.53033,0.176777,0.53033,3,37.9178
1376,-0.589256,0.235702,0.471405,1,22.3685
1376,-0.589256,0.235702,0.471405,2,26.8686
1376,-0.589256,0.235702,0.471405,3,37.3964
1377,-0.648181,0.294628,0.412479,1,21.2514
1377,-0.648181,0.294628,0.412479,2,27.3292
1377,-0.648181,0.294628,0.412479,3,36.2109
1378,-0.707107,0.353553,0.353553,1,20.5529
1378,-0.707107,0.353553,0.353553,2,28.199
1378,-0.707107,0.353553,0.353553,3,35.4153
1379,-0.766032,0.412479,0.294628,1,21.2514
1379,-0.766032,0.412479,0.294628,2,27.3292
1379,-0.766032,0.412479,0.294628,3,36.2109
1380,-0.824958,0.471405,0.235702,1,22.3685
1380,-0.824958,0.471405,0.235702,2,26.8686
1380,-0.824958,0.471405,0.235702,3,37.3964
1381,-0.117851,-0.117851,0.942809,1,22.3843
1381,-0.117851,-0.117851,0.942809,2,25.6514
1381,-0.117851,-0.117851,0.942809,3,36.4484
1382,-0.176777,-0.058926,0.883883,1,24.4397
1382,-0.176777,-0.058926,0.883883,2,27.9384
1382,-0.176777,-0.058926,0.883883,3,37.3783
1383,-0.235702,0.0,0.824958,1,26.5566
1383,-0.235702,0.0,0.824958,2,30.4902
1383,-0.235702,0.0,0.824958,3,37.4197
1384,-0.294628,0.058926,0.766032,1,27.2618
1384,-0.294628,0.058926,0.766032,2,33.2509
1384,-0.294628,0.058926,0.766032,3,36.4376
1385,-0.353553,0.117851,0.707107,1,26.509
1385,-0.353553,0.117851,0.707107,2,33.9839
1385,-0.353553,0.117851,0.707107,3,35.735
1386,-0.412479,0.176777,0.648181,1,24.6834
1386,-0.412479,0.176777,0.648181,2,30.7269
1386,-0.412479,0.176777,0.648181,3,36.9898
1387,-0.471405,0.235702,0.589256,1,22.3685
1387,-0.471405,0.235702,0.589256,2,26.8686
1387,-0.471405,0.235702,0.589256,3,37.3964
1388,-0.53033,0.294628,0.53033,1,20.454
1388,-0.53033,0.294628,0.53033,2,23.5022
1388,-0.53033,0.294628,0.53033,3,36.8919
1389,-0.589256,0.353553,0.471405,1,19.1897
1389,-0.589256,0.353553,0.471405,2,22.2373
1389,-0.589256,0.353553,0.471405,3,35.5522
1390,-0.648181,0.412479,0.412479,1,18.5505
1390,-0.648181,0.412479,0.412479,2,23.3956
1390,-0.648181,0.412479,0.412479,3,33.9195
1391,-0.707107,0.471405,0.353553,1,19.4205
1391,-0.707107,0.471405,0.353553,2,24.2179
1391,-0.707107,0.471405,0.353553,3,33.4937
1392,-0.766032,0.53033,0.294628,1,21.0777
1392,-0.766032,0.53033,0.294628,2,24.1666
1392,-0.766032,0.53033,0.294628,3,34.8575
1393,-0.058926,-0.058926,1.001735,1,20.8571
1393,-0.058926,-0.058926,1.001735,2,21.8481
1393,-0.058926,-0.058926,1.001735,3,34.144
1394,-0.117851,0.0,0.942809,1,23.0388
1394,-0.117851,0.0,0.942809,2,24.3854
1394,-0.117851,0.0,0.942809,3,36.1969
1395,-0.176777,0.058926,0.883883,1,24.4397
1395,-0.176777,0.058926,0.883883,2,27.9384
1395,-0.176777,0.058926,0.883883,3,37.3783
1396,-0.235702,0.117851,0.824958,1,24.8657
1396,-0.235702,0.117851,0.824958,2,31.1683
1396,-0.235702,0.117851,0.824958,3,37.5633
1397,-0.294628,0.176777,0.766032,1,24.3893
1397,-0.294628,0.176777,0.766032,2,32.9151
1397,-0.294628,0.176777,0.766032,3,36.7815
1398,-0.353553,0.235702,0.707107,1,23.1076
1398,-0.353553,0.235702,0.707107,2,31.5693
1398,-0.353553,0.235702,0.707107,3,36.2826
1399,-0.412479,0.294628,0.648181,1,21.2514
1399,-0.412479,0.294628,0.648181,2,27.3292
1399,-0.412479,0.294628,0.648181,3,36.2109
1400,-0.471405,0.353553,0.589256,1,19.1897
1400,-0.471405,0.353553,0.589256,2,22.2373
1400,-0.471405,0.353553,0.589256,3,35.5522
1401,-0.53033,0.412479,0.53033,1,17.4576
1401,-0.53033,0.412479,0.53033,2,18.3918
1401,-0.53033,0.412479,0.53033,3,34.0733
1402,-0.589256,0.471405,0.471405,1,16.4264
1402,-0.589256,0.471405,0.471405,2,17.993
1402,-0.589256,0.471405,0.471405,3,32.0449
1403,-0.648181,0.53033,0.412479,1,17.087
1403,-0.648181,0.53033,0.412479,2,19.5137
1403,-0.648181,0.53033,0.412479,3,30.7066
1404,-0.707107,0.589256,0.353553,1,18.9532
1404,-0.707107,0.589256,0.353553,2,20.4028
1404,-0.707107,0.589256,0.353553,3,31.7428
1405,0.0,0.0,1.06066,1,18.6716
1405,0.0,0.0,1.06066,2,18.6716
1405,0.0,0.0,1.06066,3,31.1471
1406,-0.058926,0.058926,1.001735,1,20.8571
1406,-0.058926,0.058926,1.001735,2,21.8481
1406,-0.058926,0.058926,1.001735,3,34.144
1407,-0.117851,0.117851,0.942809,1,22.3843
1407,-0.117851,0.117851,0.942809,2,25.6514
1407,-0.117851,0.117851,0.942809,3,36.4484
1408,-0.176777,0.176777,0.883883,1,23.0978
1408,-0.176777,0.176777,0.883883,2,28.6935
1408,-0.176777,0.176777,0.883883,3,37.9178
1409,-0.235702,0.235702,0.824958,1,22.9831
1409,-0.235702,0.235702,0.824958,2,30.3848
1409,-0.235702,0.235702,0.824958,3,38.1935
1410,-0.294628,0.294628,0.766032,1,22.0939
1410,-0.294628,0.294628,0.766032,2,30.4877
1410,-0.294628,0.294628,0.766032,3,37.074
1411,-0.353553,0.353553,0.707107,1,20.5529
1411,-0.353553,0.353553,0.707107,2,28.199
1411,-0.353553,0.353553,0.707107,3,35.4153
1412,-0.412479,0.412479,0.648181,1,18.5505
1412,-0.412479,0.412479,0.648181,2,23.3956
1412,-0.412479,0.412479,0.648181,3,33.9195
1413,-0.471405,0.471405,0.589256,1,16.4264
1413,-0.471405,0.471405,0.589256,2,17.993
1413,-0.471405,0.471405,0.589256,3,32.0449
1414,-0.53033,0.53033,0.53033,1,14.8669
1414,-0.53033,0.53033,0.53033,2,14.8669
1414,-0.53033,0.53033,0.53033,3,29.6349
1415,-0.589256,0.589256,0.471405,1,14.7722
1415,-0.589256,0.589256,0.471405,2,15.4938
1415,-0.589256,0.589256,0.471405,3,27.6667
1416,-0.648181,0.648181,0.412479,1,16.3266
1416,-0.648181,0.648181,0.412479,2,17.0152
1416,-0.648181,0.648181,0.412479,3,28.2474
1417,0.058926,0.058926,1.119586,1,16.3266
1417,0.058926,0.058926,1.119586,2,17.0152
1417,0.058926,0.058926,1.119586,3,28.2474
1418,0.0,0.117851,1.06066,1,18.9532
1418,0.0,0.117851,1.06066,2,20.4028
1418,0.0,0.117851,1.06066,3,31.7428
1419,-0.058926,0.176777,1.001735,1,21.0777
1419,-0.058926,0.176777,1.001735,2,24.1666
1419,-0.058926,0.176777,1.001735,3,34.8575
1420,-0.117851,0.235702,0.942809,1,22.3685
1420,-0.117851,0.235702,0.942809,2,26.8686
1420,-0.117851,0.235702,0.942809,3,37.3964
1421,-0.176777,0.294628,0.883883,1,22.8007
1421,-0.176777,0.294628,0.883883,2,28.2355
1421,-0.176777,0.294628,0.883883,3,38.7411
1422,-0.235702,0.353553,0.824958,1,22.4064
1422,-0.235702,0.353553,0.824958,2,28.4603
1422,-0.235702,0.353553,0.824958,3,38.2887
1423,-0.294628,0.412479,0.766032,1,21.2514
1423,-0.294628,0.412479,0.766032,2,27.3292
1423,-0.294628,0.412479,0.766032,3,36.2109
1424,-0.353553,0.471405,0.707107,1,19.4205
1424,-0.353553,0.471405,0.707107,2,24.2179
1424,-0.353553,0.471405,0.707107,3,33.4937
1425,-0.412479,0.53033,0.648181,1,17.087
1425,-0.412479,0.53033,0.648181,2,19.5137
1425,-0.412479,0.53033,0.648181,3,30.7066
1426,-0.471405,0.589256,0.589256,1,14.7722
1426,-0.471405,0.589256,0.589256,2,15.4938
1426,-0.471405,0.589256,0.589256,3,27.6667
1427,-0.53033,0.648181,0.53033,1,13.3926
1427,-0.53033,0.648181,0.53033,2,14.6122
1427,-0.53033,0.648181,0.53033,3,25.0748
1428,-0.589256,0.707107,0.471405,1,14.1277
1428,-0.589256,0.707107,0.471405,2,15.336
1428,-0.589256,0.707107,0.471405,3,25.2266
1429,0.117851,0.117851,1.178511,1,14.7722
1429,0.117851,0.117851,1.178511,2,15.4938
1429,0.117851,0.117851,1.178511,3,27.6667
1430,0.058926,0.176777,1.119586,1,17.087
1430,0.058926,0.176777,1.119586,2,19.5137
1430,0.058926,0.176777,1.119586,3,30.7066
1431,0.0,0.235702,1.06066,1,19.4205
1431,0.0,0.235702,1.06066,2,24.2179
1431,0.0,0.235702,1.06066,3,33.4937
1432,-0.058926,0.294628,1.001735,1,21.2514
1432,-0.058926,0.294628,1.001735,2,27.3292
1432,-0.058926,0.294628,1.001735,3,36.2109
1433,-0.117851,0.353553,0.942809,1,22.4064
1433,-0.117851,0.353553,0.942809,2,28.4603
1433,-0.117851,0.353553,0.942809,3,38.2887
1434,-0.176777,0.412479,0.883883,1,22.8007
1434,-0.176777,0.412479,0.883883,2,28.2355
1434,-0.176777,0.412479,0.883883,3,38.7411
1435,-0.235702,0.471405,0.824958,1,22.3685
1435,-0.235702,0.471405,0.824958,2,26.8686
1435,-0.235702,0.471405,0.824958,3,37.3964
1436,-0.294628,0.53033,0.766032,1,21.0777
1436,-0.294628,0.53033,0.766032,2,24.1666
1436,-0.294628,0.53033,0.766032,3,34.8575
1437,-0.353553,0.589256,0.707107,1,18.9532
1437,-0.353553,0.589256,0.707107,2,20.4028
1437,-0.353553,0.589256,0.707107,3,31.7428
1438,-0.412479,0.648181,0.648181,1,16.3266
1438,-0.412479,0.648181,0.648181,2,17.0152
1438,-0.412479,0.648181,0.648181,3,28.2474
1439,-0.471405,0.707107,0.589256,1,14.1277
1439,-0.471405,0.707107,0.589256,2,15.336
1439,-0.471405,0.707107,0.589256,3,25.2266
1440,-0.53033,0.766032,0.53033,1,13.3926
1440,-0.53033,0.766032,0.53033,2,14.6122
1440,-0.53033,0.766032,0.53033,3,25.0748
1441,-0.589256,-0.589256,0.589256,1,11.0617
1441,-0.589256,-0.589256,0.589256,2,11.0617
1441,-0.589256,-0.589256,0.589256,3,21.1855
1442,-0.648181,-0.53033,0.53033,1,13.3926
1442,-0.648181,-0.53033,0.53033,2,14.6122
1442,-0.648181,-0.53033,0.53033,3,25.0748
1443,-0.707107,-0.471405,0.471405,1,16.2217
1443,-0.707107,-0.471405,0.471405,2,19.7216
1443,-0.707107,-0.471405,0.471405,3,29.4701
1444,-0.766032,-0.412479,0.412479,1,18.5505
1444,-0.766032,-0.412479,0.412479,2,23.3956
1444,-0.766032,-0.412479,0.412479,3,33.9195
1445,-0.824958,-0.353553,0.353553,1,20.1366
1445,-0.824958,-0.353553,0.353553,2,25.109
1445,-0.824958,-0.353553,0.353553,3,37.6407
1446,-0.883883,-0.294628,0.294628,1,20.9964
1446,-0.883883,-0.294628,0.294628,2,25.4879
1446,-0.883883,-0.294628,0.294628,3,39.5939
1447,-0.942809,-0.235702,0.235702,1,21.1292
1447,-0.942809,-0.235702,0.235702,2,24.9519
1447,-0.942809,-0.235702,0.235702,3,39.2999
1448,-1.001735,-0.176777,0.176777,1,20.454
1448,-1.001735,-0.176777,0.176777,2,23.5022
1448,-1.001735,-0.176777,0.176777,3,36.8919
1449,-1.06066,-0.117851,0.117851,1,18.8553
1449,-1.06066,-0.117851,0.117851,2,20.8498
1449,-1.06066,-0.117851,0.117851,3,32.9699
1450,-1.119586,-0.058926,0.058926,1,16.3266
1450,-1.119586,-0.058926,0.058926,2,17.0152
1450,-1.119586,-0.058926,0.058926,3,28.2474
1451,-1.178511,0.0,0.0,1,13.2766
1451,-1.178511,0.0,0.0,2,13.2766
1451,-1.178511,0.0,0.0,3,23.3324
1452,-1.237437,0.058926,-0.058926,1,10.9529
1452,-1.237437,0.058926,-0.058926,2,11.2788
1452,-1.237437,0.058926,-0.058926,3,19.9977
1453,-0.53033,-0.53033,0.648181,1,13.3926
1453,-0.53033,-0.53033,0.648181,2,14.6122
1453,-0.53033,-0.53033,0.648181,3,25.0748
1454,-0.589256,-0.471405,0.589256,1,14.7722
1454,-0.589256,-0.471405,0.589256,2,15.4938
1454,-0.589256,-0.471405,0.589256,3,27.6667
1455,-0.648181,-0.412479,0.53033,1,17.087
1455,-0.648181,-0.412479,0.53033,2,19.5137
1455,-0.648181,-0.412479,0.53033,3,30.7066
1456,-0.707107,-0.353553,0.471405,1,19.4205
1456,-0.707107,-0.353553,0.471405,2,24.2179
1456,-0.707107,-0.353553,0.471405,3,33.4937
1457,-0.766032,-0.294628,0.412479,1,21.2514
1457,-0.766032,-0.294628,0.412479,2,27.3292
1457,-0.766032,-0.294628,0.412479,3,36.2109
1458,-0.824958,-0.235702,0.353553,1,22.4064
1458,-0.824958,-0.235702,0.353553,2,28.4603
1458,-0.824958,-0.235702,0.353553,3,38.2887
1459,-0.883883,-0.176777,0.294628,1,22.8007
1459,-0.883883,-0.176777,0.294628,2,28.2355
1459,-0.883883,-0.176777,0.294628,3,38.7411
1460,-0.942809,-0.117851,0.235702,1,22.3685
1460,-0.942809,-0.117851,0.235702,2,26.8686
1460,-0.942809,-0.117851,0.235702,3,37.3964
1461,-1.001735,-0.058926,0.176777,1,21.0777
1461,-1.001735,-0.058926,0.176777,2,24.1666
1461,-1.001735,-0.058926,0.176777,3,34.8575
1462,-1.06066,0.0,0.117851,1,18.9532
1462,-1.06066,0.0,0.117851,2,20.4028
1462,-1.06066,0.0,0.117851,3,31.7428
1463,-1.119586,0.058926,0.058926,1,16.3266
1463,-1.119586,0.058926,0.058926,2,17.0152
1463,-1.119586,0.058926,0.058926,3,28.2474
1464,-1.178511,0.117851,-0.0,1,14.1277
1464,-1.178511,0.117851,-0.0,2,15.336
1464,-1.178511,0.117851,-0.0,3,25.2266
1465,-0.471405,-0.471405,0.707107,1,16.2217
1465,-0.471405,-0.471405,0.707107,2,19.7216
1465,-0.471405,-0.471405,0.707107,3,29.4701
1466,-0.53033,-0.412479,0.648181,1,17.087
1466,-0.53033,-0.412479,0.648181,2,19.5137
1466,-0.53033,-0.412479,0.648181,3,30.7066
1467,-0.589256,-0.353553,0.589256,1,18.8553
1467,-0.589256,-0.353553,0.589256,2,20.8498
1467,-0.589256,-0.353553,0.589256,3,32.9699
1468,-0.648181,-0.294628,0.53033,1,21.0777
1468,-0.648181,-0.294628,0.53033,2,24.1666
1468,-0.648181,-0.294628,0.53033,3,34.8575
1469,-0.707107,-0.235702,0.471405,1,23.2336
1469,-0.707107,-0.235702,0.471405,2,27.9374
1469,-0.707107,-0.235702,0.471405,3,36.1386
1470,-0.766032,-0.176777,0.412479,1,24.6834
1470,-0.766032,-0.176777,0.412479,2,30.7269
1470,-0.766032,-0.176777,0.412479,3,36.9898
1471,-0.824958,-0.117851,0.353553,1,25.1922
1471,-0.824958,-0.117851,0.353553,2,31.6909
1471,-0.824958,-0.117851,0.353553,3,37.345
1472,-0.883883,-0.058926,0.294628,1,24.6834
1472,-0.883883,-0.058926,0.294628,2,30.7269
1472,-0.883883,-0.058926,0.294628,3,36.9898
1473,-0.942809,0.0,0.235702,1,23.2336
1473,-0.942809,0.0,0.235702,2,27.9374
1473,-0.942809,0.0,0.235702,3,36.1386
1474,-1.001735,0.058926,0.176777,1,21.0777
1474,-1.001735,0.058926,0.176777,2,24.1666
1474,-1.001735,0.058926,0.176777,3,34.8575
1475,-1.06066,0.117851,0.117851,1,18.8553
1475,-1.06066,0.117851,0.117851,2,20.8498
1475,-1.06066,0.117851,0.117851,3,32.9699
1476,-1.119586,0.176777,0.058926,1,17.087
1476,-1.119586,0.176777,0.058926,2,19.5137
1476,-1.119586,0.176777,0.058926,3,30.7066
1477,-0.412479,-0.412479,0.766032,1,18.5505
1477,-0.412479,-0.412479,0.766032,2,23.3956
1477,-0.412479,-0.412479,0.766032,3,33.9195
1478,-0.471405,-0.353553,0.707107,1,19.4205
1478,-0.471405,-0.353553,0.707107,2,24.2179
1478,-0.471405,-0.353553,0.707107,3,33.4937
1479,-0.53033,-0.294628,0.648181,1,21.0777
1479,-0.53033,-0.294628,0.648181,2,24.1666
1479,-0.53033,-0.294628,0.648181,3,34.8575
1480,-0.589256,-0.235702,0.589256,1,22.3843
1480,-0.589256,-0.235702,0.589256,2,25.6514
1480,-0.589256,-0.235702,0.589256,3,36.4484
1481,-0.648181,-0.176777,0.53033,1,24.4397
1481,-0.648181,-0.176777,0.53033,2,27.9384
1481,-0.648181,-0.176777,0.53033,3,37.3783
1482,-0.707107,-0.117851,0.471405,1,26.5566
1482,-0.707107,-0.117851,0.471405,2,30.4902
1482,-0.707107,-0.117851,0.471405,3,37.4197
1483,-0.766032,-0.058926,0.412479,1,27.2618
1483,-0.766032,-0.058926,0.412479,2,33.2509
1483,-0.766032,-0.058926,0.412479,3,36.4376
1484,-0.824958,0.0,0.353553,1,26.509
1484,-0.824958,0.0,0.353553,2,33.9839
1484,-0.824958,0.0,0.353553,3,35.735
1485,-0.883883,0.058926,0.294628,1,24.6834
1485,-0.883883,0.058926,0.294628,2,30.7269
1485,-0.883883,0.058926,0.294628,3,36.9898
1486,-0.942809,0.117851,0.235702,1,22.3685
1486,-0.942809,0.117851,0.235702,2,26.8686
1486,-0.942809,0.117851,0.235702,3,37.3964
1487,-1.001735,0.176777,0.176777,1,20.454
1487,-1.001735,0.176777,0.176777,2,23.5022
1487,-1.001735,0.176777,0.176777,3,36.8919
1488,-1.06066,0.235702,0.117851,1,19.1897
1488,-1.06066,0.235702,0.117851,2,22.2373
1488,-1.06066,0.235702,0.117851,3,35.5522
1489,-0.353553,-0.353553,0.824958,1,20.1366
1489,-0.353553,-0.353553,0.824958,2,25.109
1489,-0.353553,-0.353553,0.824958,3,37.6407
1490,-0.412479,-0.294628,0.766032,1,21.2514
1490,-0.412479,-0.294628,0.766032,2,27.3292
1490,-0.412479,-0.294628,0.766032,3,36.2109
1491,-0.471405,-0.235702,0.707107,1,23.2336
1491,-0.471405,-0.235702,0.707107,2,27.9374
1491,-0.471405,-0.235702,0.707107,3,36.1386
1492,-0.53033,-0.176777,0.648181,1,24.4397
1492,-0.53033,-0.176777,0.648181,2,27.9384
1492,-0.53033,-0.176777,0.648181,3,37.3783
1493,-0.589256,-0.117851,0.589256,1,24.8179
1493,-0.589256,-0.117851,0.589256,2,29.1424
1493,-0.589256,-0.117851,0.589256,3,38.3887
1494,-0.648181,-0.058926,0.53033,1,26.3747
1494,-0.648181,-0.058926,0.53033,2,30.2081
1494,-0.648181,-0.058926,0.53033,3,38.5573
1495,-0.707107,0.0,0.471405,1,27.9367
1495,-0.707107,0.0,0.471405,2,31.4254
1495,-0.707107,0.0,0.471405,3,37.7479
1496,-0.766032,0.058926,0.412479,1,27.2618
1496,-0.766032,0.058926,0.412479,2,33.2509
1496,-0.766032,0.058926,0.412479,3,36.4376
1497,-0.824958,0.117851,0.353553,1,25.1922
1497,-0.824958,0.117851,0.353553,2,31.6909
1497,-0.824958,0.117851,0.353553,3,37.345
1498,-0.883883,0.176777,0.294628,1,22.8007
1498,-0.883883,0.176777,0.294628,2,28.2355
1498,-0.883883,0.176777,0.294628,3,38.7411
1499,-0.942809,0.235702,0.235702,1,21.1292
1499,-0.942809,0.235702,0.235702,2,24.9519
1499,-0.942809,0.235702,0.235702,3,39.2999
1500,-1.001735,0.294628,0.176777,1,20.3864
1500,-1.001735,0.294628,0.176777,2,23.5745
1500,-1.001735,0.294628,0.176777,3,38.892
1501,-0.294628,-0.294628,0.883883,1,20.9964
1501,-0.294628,-0.294628,0.883883,2,25.4879
1501,-0.294628,-0.294628,0.883883,3,39.5939
1502,-0.353553,-0.235702,0.824958,1,22.4064
1502,-0.353553,-0.235702,0.824958,2,28.4603
1502,-0.353553,-0.235702,0.824958,3,38.2887
1503,-0.412479,-0.176777,0.766032,1,24.6834
1503,-0.412479,-0.176777,0.766032,2,30.7269
1503,-0.412479,-0.176777,0.766032,3,36.9898
1504,-0.471405,-0.117851,0.707107,1,26.5566
1504,-0.471405,-0.117851,0.707107,2,30.4902
1504,-0.471405,-0.117851,0.707107,3,37.4197
1505,-0.53033,-0.058926,0.648181,1,26.3747
1505,-0.53033,-0.058926,0.648181,2,30.2081
1505,-0.53033,-0.058926,0.648181,3,38.5573
1506,-0.589256,0.0,0.589256,1,25.7013
1506,-0.589256,0.0,0.589256,2,30.4626
1506,-0.589256,0.0,0.589256,3,39.0196
1507,-0.648181,0.058926,0.53033,1,26.3747
1507,-0.648181,0.058926,0.53033,2,30.2081
1507,-0.648181,0.058926,0.53033,3,38.5573
1508,-0.707107,0.117851,0.471405,1,26.5566
1508,-0.707107,0.117851,0.471405,2,30.4902
1508,-0.707107,0.117851,0.471405,3,37.4197
1509,-0.766032,0.176777,0.412479,1,24.6834
1509,-0.766032,0.176777,0.412479,2,30.7269
1509,-0.766032,0.176777,0.412479,3,36.9898
1510,-0.824958,0.235702,0.353553,1,22.4064
1510,-0.824958,0.235702,0.353553,2,28.4603
1510,-0.824958,0.235702,0.353553,3,38.2887
1511,-0.883883,0.294628,0.294628,1,20.9964
1511,-0.883883,0.294628,0.294628,2,25.4879
1511,-0.883883,0.294628,0.294628,3,39.5939
1512,-0.942809,0.353553,0.235702,1,20.7711
1512,-0.942809,0.353553,0.235702,2,23.9582
1512,-0.942809,0.353553,0.235702,3,40.0797
1513,-0.235702,-0.235702,0.942809,1,21.1292
1513,-0.235702,-0.235702,0.942809,2,24.9519
1513,-0.235702,-0.235702,0.942809,3,39.2999
1514,-0.294628,-0.176777,0.883883,1,22.8007
1514,-0.294628,-0.176777,0.883883,2,28.2355
1514,-0.294628,-0.176777,0.883883,3,38.7411
1515,-0.353553,-0.117851,0.824958,1,25.1922
1515,-0.353553,-0.117851,0.824958,2,31.6909
1515,-0.353553,-0.117851,0.824958,3,37.345
1516,-0.412479,-0.058926,0.766032,1,27.2618
1516,-0.412479,-0.058926,0.766032,2,33.2509
1516,-0.412479,-0.058926,0.766032,3,36.4376
1517,-0.471405,0.0,0.707107,1,27.9367
1517,-0.471405,0.0,0.707107,2,31.4254
1517,-0.471405,0.0,0.707107,3,37.7479
1518,-0.53033,0.058926,0.648181,1,26.3747
1518,-0.53033,0.058926,0.648181,2,30.2081
1518,-0.53033,0.058926,0.648181,3,38.5573
1519,-0.589256,0.117851,0.589256,1,24.8179
1519,-0.589256,0.117851,0.589256,2,29.1424
1519,-0.589256,0.117851,0.589256,3,38.3887
1520,-0.648181,0.176777,0.53033,1,24.4397
1520,-0.648181,0.176777,0.53033,2,27.9384
1520,-0.648181,0.176777,0.53033,3,37.3783
1521,-0.707107,0.235702,0.471405,1,23.2336
1521,-0.707107,0.235702,0.471405,2,27.9374
1521,-0.707107,0.235702,0.471405,3,36.1386
1522,-0.766032,0.294628,0.412479,1,21.2514
1522,-0.766032,0.294628,0.412479,2,27.3292
1522,-0.766032,0.294628,0.412479,3,36.2109
1523,-0.824958,0.353553,0.353553,1,20.1366
1523,-0.824958,0.353553,0.353553,2,25.109
1523,-0.824958,0.353553,0.353553,3,37.6407
1524,-0.883883,0.412479,0.294628,1,20.3864
1524,-0.883883,0.412479,0.294628,2,23.5745
1524,-0.883883,0.412479,0.294628,3,38.892
1525,-0.176777,-0.176777,1.001735,1,20.454
1525,-0.176777,-0.176777,1.001735,2,23.5022
1525,-0.176777,-0.176777,1.001735,3,36.8919
1526,-0.235702,-0.117851,0.942809,1,22.3685
1526,-0.235702,-0.117851,0.942809,2,26.8686
1526,-0.235702,-0.117851,0.942809,3,37.3964
1527,-0.294628,-0.058926,0.883883,1,24.6834
1527,-0.294628,-0.058926,0.883883,2,30.7269
1527,-0.294628,-0.058926,0.883883,3,36.9898
1528,-0.353553,0.0,0.824958,1,26.509
1528,-0.353553,0.0,0.824958,2,33.9839
1528,-0.353553,0.0,0.824958,3,35.735
1529,-0.412479,0.058926,0.766032,1,27.2618
1529,-0.412479,0.058926,0.766032,2,33.2509
1529,-0.412479,0.058926,0.766032,3,36.4376
1530,-0.471405,0.117851,0.707107,1,26.5566
1530,-0.471405,0.117851,0.707107,2,30.4902
1530,-0.471405,0.117851,0.707107,3,37.4197
1531,-0.53033,0.176777,0.648181,1,24.4397
1531,-0.53033,0.176777,0.648181,2,27.9384
1531,-0.53033,0.176777,0.648181,3,37.3783
1532,-0.589256,0.235702,0.589256,1,22.3843
1532,-0.589256,0.235702,0.589256,2,25.6514
1532,-0.589256,0.235702,0.589256,3,36.4484
1533,-0.648181,0.294628,0.53033,1,21.0777
1533,-0.648181,0.294628,0.53033,2,24.1666
1533,-0.648181,0.294628,0.53033,3,34.8575
1534,-0.707107,0.353553,0.471405,1,19.4205
1534,-0.707107,0.353553,0.471405,2,24.2179
1534,-0.707107,0.353553,0.471405,3,33.4937
1535,-0.766032,0.412479,0.412479,1,18.5505
1535,-0.766032,0.412479,0.412479,2,23.3956
1535,-0.766032,0.412479,0.412479,3,33.9195
1536,-0.824958,0.471405,0.353553,1,19.1897
1536,-0.824958,0.471405,0.353553,2,22.2373
1536,-0.824958,0.471405,0.353553,3,35.5522
1537,-0.117851,-0.117851,1.06066,1,18.8553
1537,-0.117851,-0.117851,1.06066,2,20.8498
1537,-0.117851,-0.117851,1.06066,3,32.9699
1538,-0.176777,-0.058926,1.001735,1,21.0777
1538,-0.176777,-0.058926,1.001735,2,24.1666
1538,-0.176777,-0.058926,1.001735,3,34.8575
1539,-0.235702,0.0,0.942809,1,23.2336
1539,-0.235702,0.0,0.942809,2,27.9374
1539,-0.235702,0.0,0.942809,3,36.1386
1540,-0.294628,0.058926,0.883883,1,24.6834
1540,-0.294628,0.058926,0.883883,2,30.7269
1540,-0.294628,0.058926,0.883883,3,36.9898
1541,-0.353553,0.117851,0.824958,1,25.1922
1541,-0.353553,0.117851,0.824958,2,31.6909
1541,-0.353553,0.117851,0.824958,3,37.345
1542,-0.412479,0.176777,0.766032,1,24.6834
1542,-0.412479,0.176777,0.766032,2,30.7269
1542,-0.412479,0.176777,0.766032,3,36.9898
1543,-0.471405,0.235702,0.707107,1,23.2336
1543,-0.471405,0.235702,0.707107,2,27.9374
1543,-0.471405,0.235702,0.707107,3,36.1386
1544,-0.53033,0.294628,0.648181,1,21.0777
1544,-0.53033,0.294628,0.648181,2,24.1666
1544,-0.53033,0.294628,0.648181,3,34.8575
1545,-0.589256,0.353553,0.589256,1,18.8553
1545,-0.589256,0.353553,0.589256,2,20.8498
1545,-0.589256,0.353553,0.589256,3,32.9699
1546,-0.648181,0.412479,0.53033,1,17.087
1546,-0.648181,0.412479,0.53033,2,19.5137
1546,-0.648181,0.412479,0.53033,3,30.7066
1547,-0.707107,0.471405,0.471405,1,16.2217
1547,-0.707107,0.471405,0.471405,2,19.7216
1547,-0.707107,0.471405,0.471405,3,29.4701
1548,-0.766032,0.53033,0.412479,1,17.087
1548,-0.766032,0.53033,0.412479,2,19.5137
1548,-0.766032,0.53033,0.412479,3,30.7066
1549,-0.058926,-0.058926,1.119586,1,16.3266
1549,-0.058926,-0.058926,1.119586,2,17.0152
1549,-0.058926,-0.058926,1.119586,3,28.2474
1550,-0.117851,0.0,1.06066,1,18.9532
1550,-0.117851,0.0,1.06066,2,20.4028
1550,-0.117851,0.0,1.06066,3,31.7428
1551,-0.176777,0.058926,1.001735,1,21.0777
1551,-0.176777,0.058926,1.001735,2,24.1666
1551,-0.176777,0.058926,1.001735,3,34.8575
1552,-0.235702,0.117851,0.942809,1,22.3685
1552,-0.235702,0.117851,0.942809,2,26.8686
1552,-0.235702,0.117851,0.942809,3,37.3964
1553,-0.294628,0.176777,0.883883,1,22.8007
1553,-0.294628,0.176777,0.883883,2,28.2355
1553,-0.294628,0.176777,0.883883,3,38.7411
1554,-0.353553,0.235702,0.824958,1,22.4064
1554,-0.353553,0.235702,0.824958,2,28.4603
1554,-0.353553,0.235702,0.824958,3,38.2887
1555,-0.412479,0.294628,0.766032,1,21.2514
1555,-0.412479,0.294628,0.766032,2,27.3292
1555,-0.412479,0.294628,0.766032,3,36.2109
1556,-0.471405,0.353553,0.707107,1,19.4205
1556,-0.471405,0.353553,0.707107,2,24.2179
1556,-0.471405,0.353553,0.707107,3,33.4937
1557,-0.53033,0.412479,0.648181,1,17.087
1557,-0.53033,0.412479,0.648181,2,19.5137
1557,-0.53033,0.412479,0.648181,3,30.7066
1558,-0.589256,0.471405,0.589256,1,14.7722
1558,-0.589256,0.471405,0.589256,2,15.4938
1558,-0.589256,0.471405,0.589256,3,27.6667
1559,-0.648181,0.53033,0.53033,1,13.3926
1559,-0.648181,0.53033,0.53033,2,14.6122
1559,-0.648181,0.53033,0.53033,3,25.0748
1560,-0.707107,0.589256,0.471405,1,14.1277
1560,-0.707107,0.589256,0.471405,2,15.336
1560,-0.707107,0.589256,0.471405,3,25.2266
1561,0.0,0.0,1.178511,1,13.2766
1561,0.0,0.0,1.178511,2,13.2766
1561,0.0,0.0,1.178511,3,23.3324
1562,-0.058926,0.058926,1.119586,1,16.3266
1562,-0.058926,0.058926,1.119586,2,17.0152
1562,-0.058926,0.058926,1.119586,3,28.2474
1563,-0.117851,0.117851,1.06066,1,18.8553
1563,-0.117851,0.117851,1.06066,2,20.8498
1563,-0.117851,0.117851,1.06066,3,32.9699
1564,-0.176777,0.176777,1.001735,1,20.454
1564,-0.176777,0.176777,1.001735,2,23.5022
1564,-0.176777,0.176777,1.001735,3,36.8919
1565,-0.235702,0.235702,0.942809,1,21.1292
1565,-0.235702,0.235702,0.942809,2,24.9519
1565,-0.235702,0.235702,0.942809,3,39.2999
1566,-0.294628,0.294628,0.883883,1,20.9964
1566,-0.294628,0.294628,0.883883,2,25.4879
1566,-0.294628,0.294628,0.883883,3,39.5939
1567,-0.353553,0.353553,0.824958,1,20.1366
1567,-0.353553,0.353553,0.824958,2,25.109
1567,-0.353553,0.353553,0.824958,3,37.6407
1568,-0.412479,0.412479,0.766032,1,18.5505
1568,-0.412479,0.412479,0.766032,2,23.3956
1568,-0.412479,0.412479,0.766032,3,33.9195
1569,-0.471405,0.471405,0.707107,1,16.2217
1569,-0.471405,0.471405,0.707107,2,19.7216
1569,-0.471405,0.471405,0.707107,3,29.4701
1570,-0.53033,0.53033,0.648181,1,13.3926
1570,-0.53033,0.53033,0.648181,2,14.6122
1570,-0.53033,0.53033,0.648181,3,25.0748
1571,-0.589256,0.589256,0.589256,1,11.0617
1571,-0.589256,0.589256,0.589256,2,11.0617
1571,-0.589256,0.589256,0.589256,3,21.1855
1572,-0.648181,0.648181,0.53033,1,10.9529
1572,-0.648181,0.648181,0.53033,2,11.2788
1572,-0.648181,0.648181,0.53033,3,19.9977
1573,0.058926,0.058926,1.237437,1,10.9529
1573,0.058926,0.058926,1.237437,2,11.2788
1573,0.058926,0.058926,1.237437,3,19.9977
1574,0.0,0.117851,1.178511,1,14.1277
1574,0.0,0.117851,1.178511,2,15.336
1574,0.0,0.117851,1.178511,3,25.2266
1575,-0.058926,0.176777,1.119586,1,17.087
1575,-0.058926,0.176777,1.119586,2,19.5137
1575,-0.058926,0.176777,1.119586,3,30.7066
1576,-0.117851,0.235702,1.06066,1,19.1897
1576,-0.117851,0.235702,1.06066,2,22.2373
1576,-0.117851,0.235702,1.06066,3,35.5522
1577,-0.176777,0.294628,1.001735,1,20.3864
1577,-0.176777,0.294628,1.001735,2,23.5745
1577,-0.176777,0.294628,1.001735,3,38.892
1578,-0.235702,0.353553,0.942809,1,20.7711
1578,-0.235702,0.353553,0.942809,2,23.9582
1578,-0.235702,0.353553,0.942809,3,40.0797
1579,-0.294628,0.412479,0.883883,1,20.3864
1579,-0.294628,0.412479,0.883883,2,23.5745
1579,-0.294628,0.412479,0.883883,3,38.892
1580,-0.353553,0.471405,0.824958,1,19.1897
1580,-0.353553,0.471405,0.824958,2,22.2373
1580,-0.353553,0.471405,0.824958,3,35.5522
1581,-0.412479,0.53033,0.766032,1,17.087
1581,-0.412479,0.53033,0.766032,2,19.5137
1581,-0.412479,0.53033,0.766032,3,30.7066
1582,-0.471405,0.589256,0.707107,1,14.1277
1582,-0.471405,0.589256,0.707107,2,15.336
1582,-0.471405,0.589256,0.707107,3,25.2266
1583,-0.53033,0.648181,0.648181,1,10.9529
1583,-0.53033,0.648181,0.648181,2,11.2788
1583,-0.53033,0.648181,0.648181,3,19.9977
1584,-0.589256,0.707107,0.589256,1,9.4081
1584,-0.589256,0.707107,0.589256,2,9.9223
1584,-0.589256,0.707107,0.589256,3,17.287
1585,-0.648181,-0.648181,0.648181,1,5.9373
1585,-0.648181,-0.648181,0.648181,2,5.9373
1585,-0.648181,-0.648181,0.648181,3,11.0593
1586,-0.707107,-0.589256,0.589256,1,9.4081
1586,-0.707107,-0.589256,0.589256,2,9.9223
1586,-0.707107,-0.589256,0.589256,3,17.287
1587,-0.766032,-0.53033,0.53033,1,13.3926
1587,-0.766032,-0.53033,0.53033,2,14.6122
1587,-0.766032,-0.53033,0.53033,3,25.0748
1588,-0.824958,-0.471405,0.471405,1,16.4264
1588,-0.824958,-0.471405,0.471405,2,17.993
1588,-0.824958,-0.471405,0.471405,3,32.0449
1589,-0.883883,-0.412479,0.412479,1,18.3356
1589,-0.883883,-0.412479,0.412479,2,19.9414
1589,-0.883883,-0.412479,0.412479,3,37.2436
1590,-0.942809,-0.353553,0.353553,1,19.3102
1590,-0.942809,-0.353553,0.353553,2,20.7679
1590,-0.942809,-0.353553,0.353553,3,40.1778
1591,-1.001735,-0.294628,0.294628,1,19.5243
1591,-1.001735,-0.294628,0.294628,2,20.7732
1591,-1.001735,-0.294628,0.294628,3,40.6112
1592,-1.06066,-0.235702,0.235702,1,18.9689
1592,-1.06066,-0.235702,0.235702,2,20.0426
1592,-1.06066,-0.235702,0.235702,3,38.5178
1593,-1.119586,-0.176777,0.176777,1,17.4576
1593,-1.119586,-0.176777,0.176777,2,18.3918
1593,-1.119586,-0.176777,0.176777,3,34.0733
1594,-1.178511,-0.117851,0.117851,1,14.7722
1594,-1.178511,-0.117851,0.117851,2,15.4938
1594,-1.178511,-0.117851,0.117851,3,27.6667
1595,-1.237437,-0.058926,0.058926,1,10.9529
1595,-1.237437,-0.058926,0.058926,2,11.2788
1595,-1.237437,-0.058926,0.058926,3,19.9977
1596,-1.296362,0.0,0.0,1,6.8906
1596,-1.296362,0.0,0.0,2,6.8906
1596,-1.296362,0.0,0.0,3,12.6468
1597,-0.589256,-0.589256,0.707107,1,9.4081
1597,-0.589256,-0.589256,0.707107,2,9.9223
1597,-0.589256,-0.589256,0.707107,3,17.287
1598,-0.648181,-0.53033,0.648181,1,10.9529
1598,-0.648181,-0.53033,0.648181,2,11.2788
1598,-0.648181,-0.53033,0.648181,3,19.9977
1599,-0.707107,-0.471405,0.589256,1,14.1277
1599,-0.707107,-0.471405,0.589256,2,15.336
1599,-0.707107,-0.471405,0.589256,3,25.2266
1600,-0.766032,-0.412479,0.53033,1,17.087
1600,-0.766032,-0.412479,0.53033,2,19.5137
1600,-0.766032,-0.412479,0.53033,3,30.7066
1601,-0.824958,-0.353553,0.471405,1,19.1897
1601,-0.824958,-0.353553,0.471405,2,22.2373
1601,-0.824958,-0.353553,0.471405,3,35.5522
1602,-0.883883,-0.294628,0.412479,1,20.3864
1602,-0.883883,-0.294628,0.412479,2,23.5745
1602,-0.883883,-0.294628,0.412479,3,38.892
1603,-0.942809,-0.235702,0.353553,1,20.7711
1603,-0.942809,-0.235702,0.353553,2,23.9582
1603,-0.942809,-0.235702,0.353553,3,40.0797
1604,-1.001735,-0.176777,0.294628,1,20.3864
1604,-1.001735,-0.176777,0.294628,2,23.5745
1604,-1.001735,-0.176777,0.294628,3,38.892
1605,-1.06066,-0.117851,0.235702,1,19.1897
1605,-1.06066,-0.117851,0.235702,2,22.2373
1605,-1.06066,-0.117851,0.235702,3,35.5522
1606,-1.119586,-0.058926,0.176777,1,17.087
1606,-1.119586,-0.058926,0.176777,2,19.5137
1606,-1.119586,-0.058926,0.176777,3,30.7066
1607,-1.178511,-0.0,0.117851,1,14.1277
1607,-1.178511,-0.0,0.117851,2,15.336
1607,-1.178511,-0.0,0.117851,3,25.2266
1608,-1.237437,0.058926,0.058926,1,10.9529
1608,-1.237437,0.058926,0.058926,2,11.2788
1608,-1.237437,0.058926,0.058926,3,19.9977
1609,-0.53033,-0.53033,0.766032,1,13.3926
1609,-0.53033,-0.53033,0.766032,2,14.6122
1609,-0.53033,-0.53033,0.766032,3,25.0748
1610,-0.589256,-0.471405,0.707107,1,14.1277
1610,-0.589256,-0.471405,0.707107,2,15.336
1610,-0.589256,-0.471405,0.707107,3,25.2266
1611,-0.648181,-0.412479,0.648181,1,16.3266
1611,-0.648181,-0.412479,0.648181,2,17.0152
1611,-0.648181,-0.412479,0.648181,3,28.2474
1612,-0.707107,-0.353553,0.589256,1,18.9532
1612,-0.707107,-0.353553,0.589256,2,20.4028
1612,-0.707107,-0.353553,0.589256,3,31.7428
1613,-0.766032,-0.294628,0.53033,1,21.0777
1613,-0.766032,-0.294628,0.53033,2,24.1666
1613,-0.766032,-0.294628,0.53033,3,34.8575
1614,-0.824958,-0.235702,0.471405,1,22.3685
1614,-0.824958,-0.235702,0.471405,2,26.8686
1614,-0.824958,-0.235702,0.471405,3,37.3964
1615,-0.883883,-0.176777,0.412479,1,22.8007
1615,-0.883883,-0.176777,0.412479,2,28.2355
1615,-0.883883,-0.176777,0.412479,3,38.7411
1616,-0.942809,-0.117851,0.353553,1,22.4064
1616,-0.942809,-0.117851,0.353553,2,28.4603
1616,-0.942809,-0.117851,0.353553,3,38.2887
1617,-1.001735,-0.058926,0.294628,1,21.2514
1617,-1.001735,-0.058926,0.294628,2,27.3292
1617,-1.001735,-0.058926,0.294628,3,36.2109
1618,-1.06066,0.0,0.235702,1,19.4205
1618,-1.06066,0.0,0.235702,2,24.2179
1618,-1.06066,0.0,0.235702,3,33.4937
1619,-1.119586,0.058926,0.176777,1,17.087
1619,-1.119586,0.058926,0.176777,2,19.5137
1619,-1.119586,0.058926,0.176777,3,30.7066
1620,-1.178511,0.117851,0.117851,1,14.7722
1620,-1.178511,0.117851,0.117851,2,15.4938
1620,-1.178511,0.117851,0.117851,3,27.6667
1621,-0.471405,-0.471405,0.824958,1,16.4264
1621,-0.471405,-0.471405,0.824958,2,17.993
1621,-0.471405,-0.471405,0.824958,3,32.0449
1622,-0.53033,-0.412479,0.766032,1,17.087
1622,-0.53033,-0.412479,0.766032,2,19.5137
1622,-0.53033,-0.412479,0.766032,3,30.7066
1623,-0.589256,-0.353553,0.707107,1,18.9532
1623,-0.589256,-0.353553,0.707107,2,20.4028
1623,-0.589256,-0.353553,0.707107,3,31.7428
1624,-0.648181,-0.294628,0.648181,1,20.8571
1624,-0.648181,-0.294628,0.648181,2,21.8481
1624,-0.648181,-0.294628,0.648181,3,34.144
1625,-0.707107,-0.235702,0.589256,1,23.0388
1625,-0.707107,-0.235702,0.589256,2,24.3854
1625,-0.707107,-0.235702,0.589256,3,36.1969
1626,-0.766032,-0.176777,0.53033,1,24.4397
1626,-0.766032,-0.176777,0.53033,2,27.9384
1626,-0.766032,-0.176777,0.53033,3,37.3783
1627,-0.824958,-0.117851,0.471405,1,24.8657
1627,-0.824958,-0.117851,0.471405,2,31.1683
1627,-0.824958,-0.117851,0.471405,3,37.5633
1628,-0.883883,-0.058926,0.412479,1,24.3893
1628,-0.883883,-0.058926,0.412479,2,32.9151
1628,-0.883883,-0.058926,0.412479,3,36.7815
1629,-0.942809,0.0,0.353553,1,23.1076
1629,-0.942809,0.0,0.353553,2,31.5693
1629,-0.942809,0.0,0.353553,3,36.2826
1630,-1.001735,0.058926,0.294628,1,21.2514
1630,-1.001735,0.058926,0.294628,2,27.3292
1630,-1.001735,0.058926,0.294628,3,36.2109
1631,-1.06066,0.117851,0.235702,1,19.1897
1631,-1.06066,0.117851,0.235702,2,22.2373
1631,-1.06066,0.117851,0.235702,3,35.5522
1632,-1.119586,0.176777,0.176777,1,17.4576
1632,-1.119586,0.176777,0.176777,2,18.3918
1632,-1.119586,0.176777,0.176777,3,34.0733
1633,-0.412479,-0.412479,0.883883,1,18.3356
1633,-0.412479,-0.412479,0.883883,2,19.9414
1633,-0.412479,-0.412479,0.883883,3,37.2436
1634,-0.471405,-0.353553,0.824958,1,19.1897
1634,-0.471405,-0.353553,0.824958,2,22.2373
1634,-0.471405,-0.353553,0.824958,3,35.5522
1635,-0.53033,-0.294628,0.766032,1,21.0777
1635,-0.53033,-0.294628,0.766032,2,24.1666
1635,-0.53033,-0.294628,0.766032,3,34.8575
1636,-0.589256,-0.235702,0.707107,1,23.0388
1636,-0.589256,-0.235702,0.707107,2,24.3854
1636,-0.589256,-0.235702,0.707107,3,36.1969
1637,-0.648181,-0.176777,0.648181,1,24.1477
1637,-0.648181,-0.176777,0.648181,2,25.3801
1637,-0.648181,-0.176777,0.648181,3,37.9839
1638,-0.707107,-0.117851,0.589256,1,25.8345
1638,-0.707107,-0.117851,0.589256,2,26.9909
1638,-0.707107,-0.117851,0.589256,3,38.9094
1639,-0.766032,-0.058926,0.53033,1,26.3747
1639,-0.766032,-0.058926,0.53033,2,30.2081
1639,-0.766032,-0.058926,0.53033,3,38.5573
1640,-0.824958,-0.0,0.471405,1,25.8115
1640,-0.824958,-0.0,0.471405,2,33.5086
1640,-0.824958,-0.0,0.471405,3,36.8744
1641,-0.883883,0.058926,0.412479,1,24.3893
1641,-0.883883,0.058926,0.412479,2,32.9151
1641,-0.883883,0.058926,0.412479,3,36.7815
1642,-0.942809,0.117851,0.353553,1,22.4064
1642,-0.942809,0.117851,0.353553,2,28.4603
1642,-0.942809,0.117851,0.353553,3,38.2887
1643,-1.001735,0.176777,0.294628,1,20.3864
1643,-1.001735,0.176777,0.294628,2,23.5745
1643,-1.001735,0.176777,0.294628,3,38.892
1644,-1.06066,0.235702,0.235702,1,18.9689
1644,-1.06066,0.235702,0.235702,2,20.0426
1644,-1.06066,0.235702,0.235702,3,38.5178
1645,-0.353553,-0.353553,0.942809,1,19.3102
1645,-0.353553,-0.353553,0.942809,2,20.7679
1645,-0.353553,-0.353553,0.942809,3,40.1778
1646,-0.412479,-0.294628,0.883883,1,20.3864
1646,-0.412479,-0.294628,0.883883,2,23.5745
1646,-0.412479,-0.294628,0.883883,3,38.892
1647,-0.471405,-0.235702,0.824958,1,22.3685
1647,-0.471405,-0.235702,0.824958,2,26.8686
1647,-0.471405,-0.235702,0.824958,3,37.3964
1648,-0.53033,-0.176777,0.766032,1,24.4397
1648,-0.53033,-0.176777,0.766032,2,27.9384
1648,-0.53033,-0.176777,0.766032,3,37.3783
1649,-0.589256,-0.117851,0.707107,1,25.8345
1649,-0.589256,-0.117851,0.707107,2,26.9909
1649,-0.589256,-0.117851,0.707107,3,38.9094
1650,-0.648181,-0.058926,0.648181,1,25.9206
1650,-0.648181,-0.058926,0.648181,2,27.2912
1650,-0.648181,-0.058926,0.648181,3,40.0031
1651,-0.707107,0.0,0.589256,1,26.8428
1651,-0.707107,0.0,0.589256,2,27.9163
1651,-0.707107,0.0,0.589256,3,39.8645
1652,-0.766032,0.058926,0.53033,1,26.3747
1652,-0.766032,0.058926,0.53033,2,30.2081
1652,-0.766032,0.058926,0.53033,3,38.5573
1653,-0.824958,0.117851,0.471405,1,24.8657
1653,-0.824958,0.117851,0.471405,2,31.1683
1653,-0.824958,0.117851,0.471405,3,37.5633
1654,-0.883883,0.176777,0.412479,1,22.8007
1654,-0.883883,0.176777,0.412479,2,28.2355
1654,-0.883883,0.176777,0.412479,3,38.7411
1655,-0.942809,0.235702,0.353553,1,20.7711
1655,-0.942809,0.235702,0.353553,2,23.9582
1655,-0.942809,0.235702,0.353553,3,40.0797
1656,-1.001735,0.294628,0.294628,1,19.5243
1656,-1.001735,0.294628,0.294628,2,20.7732
1656,-1.001735,0.294628,0.294628,3,40.6112
1657,-0.294628,-0.294628,1.001735,1,19.5243
1657,-0.294628,-0.294628,1.001735,2,20.7732
1657,-0.294628,-0.294628,1.001735,3,40.6112
1658,-0.353553,-0.235702,0.942809,1,20.7711
1658,-0.353553,-0.235702,0.942809,2,23.9582
1658,-0.353553,-0.235702,0.942809,3,40.0797
1659,-0.412479,-0.176777,0.883883,1,22.8007
1659,-0.412479,-0.176777,0.883883,2,28.2355
1659,-0.412479,-0.176777,0.883883,3,38.7411
1660,-0.471405,-0.117851,0.824958,1,24.8657
1660,-0.471405,-0.117851,0.824958,2,31.1683
1660,-0.471405,-0.117851,0.824958,3,37.5633
1661,-0.53033,-0.058926,0.766032,1,26.3747
1661,-0.53033,-0.058926,0.766032,2,30.2081
1661,-0.53033,-0.058926,0.766032,3,38.5573
1662,-0.589256,0.0,0.707107,1,26.8428
1662,-0.589256,0.0,0.707107,2,27.9163
1662,-0.589256,0.0,0.707107,3,39.8645
1663,-0.648181,0.058926,0.648181,1,25.9206
1663,-0.648181,0.058926,0.648181,2,27.2912
1663,-0.648181,0.058926,0.648181,3,40.0031
1664,-0.707107,0.117851,0.589256,1,25.8345
1664,-0.707107,0.117851,0.589256,2,26.9909
1664,-0.707107,0.117851,0.589256,3,38.9094
1665,-0.766032,0.176777,0.53033,1,24.4397
1665,-0.766032,0.176777,0.53033,2,27.9384
1665,-0.766032,0.176777,0.53033,3,37.3783
1666,-0.824958,0.235702,0.471405,1,22.3685
1666,-0.824958,0.235702,0.471405,2,26.8686
1666,-0.824958,0.235702,0.471405,3,37.3964
1667,-0.883883,0.294628,0.412479,1,20.3864
1667,-0.883883,0.294628,0.412479,2,23.5745
1667,-0.883883,0.294628,0.412479,3,38.892
1668,-0.942809,0.353553,0.353553,1,19.3102
1668,-0.942809,0.353553,0.353553,2,20.7679
1668,-0.942809,0.353553,0.353553,3,40.1778
1669,-0.235702,-0.235702,1.06066,1,18.9689
1669,-0.235702,-0.235702,1.06066,2,20.0426
1669,-0.235702,-0.235702,1.06066,3,38.5178
1670,-0.294628,-0.176777,1.001735,1,20.3864
1670,-0.294628,-0.176777,1.001735,2,23.5745
1670,-0.294628,-0.176777,1.001735,3,38.892
1671,-0.353553,-0.117851,0.942809,1,22.4064
1671,-0.353553,-0.117851,0.942809,2,28.4603
1671,-0.353553,-0.117851,0.942809,3,38.2887
1672,-0.412479,-0.058926,0.883883,1,24.3893
1672,-0.412479,-0.058926,0.883883,2,32.9151
1672,-0.412479,-0.058926,0.883883,3,36.7815
1673,-0.471405,-0.0,0.824958,1,25.8115
1673,-0.471405,-0.0,0.824958,2,33.5086
1673,-0.471405,-0.0,0.824958,3,36.8744
1674,-0.53033,0.058926,0.766032,1,26.3747
1674,-0.53033,0.058926,0.766032,2,30.2081
1674,-0.53033,0.058926,0.766032,3,38.5573
1675,-0.589256,0.117851,0.707107,1,25.8345
1675,-0.589256,0.117851,0.707107,2,26.9909
1675,-0.589256,0.117851,0.707107,3,38.9094
1676,-0.648181,0.176777,0.648181,1,24.1477
1676,-0.648181,0.176777,0.648181,2,25.3801
1676,-0.648181,0.176777,0.648181,3,37.9839
1677,-0.707107,0.235702,0.589256,1,23.0388
1677,-0.707107,0.235702,0.589256,2,24.3854
1677,-0.707107,0.235702,0.589256,3,36.1969
1678,-0.766032,0.294628,0.53033,1,21.0777
1678,-0.766032,0.294628,0.53033,2,24.1666
1678,-0.766032,0.294628,0.53033,3,34.8575
1679,-0.824958,0.353553,0.471405,1,19.1897
1679,-0.824958,0.353553,0.471405,2,22.2373
1679,-0.824958,0.353553,0.471405,3,35.5522
1680,-0.883883,0.412479,0.412479,1,18.3356
1680,-0.883883,0.412479,0.412479,2,19.9414
1680,-0.883883,0.412479,0.412479,3,37.2436
1681,-0.176777,-0.176777,1.119586,1,17.4576
1681,-0.176777,-0.176777,1.119586,2,18.3918
1681,-0.176777,-0.176777,1.119586,3,34.0733
1682,-0.235702,-0.117851,1.06066,1,19.1897
1682,-0.235702,-0.117851,1.06066,2,22.2373
1682,-0.235702,-0.117851,1.06066,3,35.5522
1683,-0.294628,-0.058926,1.001735,1,21.2514
1683,-0.294628,-0.058926,1.001735,2,27.3292
1683,-0.294628,-0.058926,1.001735,3,36.2109
1684,-0.353553,0.0,0.942809,1,23.1076
1684,-0.353553,0.0,0.942809,2,31.5693
1684,-0.353553,0.0,0.942809,3,36.2826
1685,-0.412479,0.058926,0.883883,1,24.3893
1685,-0.412479,0.058926,0.883883,2,32.9151
1685,-0.412479,0.058926,0.883883,3,36.7815
1686,-0.471405,0.117851,0.824958,1,24.8657
1686,-0.471405,0.117851,0.824958,2,31.1683
1686,-0.471405,0.117851,0.824958,3,37.5633
1687,-0.53033,0.176777,0.766032,1,24.4397
1687,-0.53033,0.176777,0.766032,2,27.9384
1687,-0.53033,0.176777,0.766032,3,37.3783
1688,-0.589256,0.235702,0.707107,1,23.0388
1688,-0.589256,0.235702,0.707107,2,24.3854
1688,-0.589256,0.235702,0.707107,3,36.1969
1689,-0.648181,0.294628,0.648181,1,20.8571
1689,-0.648181,0.294628,0.648181,2,21.8481
1689,-0.648181,0.294628,0.648181,3,34.144
1690,-0.707107,0.353553,0.589256,1,18.9532
1690,-0.707107,0.353553,0.589256,2,20.4028
1690,-0.707107,0.353553,0.589256,3,31.7428
1691,-0.766032,0.412479,0.53033,1,17.087
1691,-0.766032,0.412479,0.53033,2,19.5137
1691,-0.766032,0.412479,0.53033,3,30.7066
1692,-0.824958,0.471405,0.471405,1,16.4264
1692,-0.824958,0.471405,0.471405,2,17.993
1692,-0.824958,0.471405,0.471405,3,32.0449
1693,-0.117851,-0.117851,1.178511,1,14.7722
1693,-0.117851,-0.117851,1.178511,2,15.4938
1693,-0.117851,-0.117851,1.178511,3,27.6667
1694,-0.176777,-0.058926,1.119586,1,17.087
1694,-0.176777,-0.058926,1.119586,2,19.5137
1694,-0.176777,-0.058926,1.119586,3,30.7066
1695,-0.235702,0.0,1.06066,1,19.4205
1695,-0.235702,0.0,1.06066,2,24.2179
1695,-0.235702,0.0,1.06066,3,33.4937
1696,-0.294628,0.058926,1.001735,1,21.2514
1696,-0.294628,0.058926,1.001735,2,27.3292
1696,-0.294628,0.058926,1.001735,3,36.2109
1697,-0.353553,0.117851,0.942809,1,22.4064
1697,-0.353553,0.117851,0.942809,2,28.4603
1697,-0.353553,0.117851,0.942809,3,38.2887
1698,-0.412479,0.176777,0.883883,1,22.8007
1698,-0.412479,0.176777,0.883883,2,28.2355
1698,-0.412479,0.176777,0.883883,3,38.7411
1699,-0.471405,0.235702,0.824958,1,22.3685
1699,-0.471405,0.235702,0.824958,2,26.8686
1699,-0.471405,0.235702,0.824958,3,37.3964
1700,-0.53033,0.294628,0.766032,1,21.0777
1700,-0.53033,0.294628,0.766032,2,24.1666
1700,-0.53033,0.294628,0.766032,3,34.8575
1701,-0.589256,0.353553,0.707107,1,18.9532
1701,-0.589256,0.353553,0.707107,2,20.4028
1701,-0.589256,0.353553,0.707107,3,31.7428
1702,-0.648181,0.412479,0.648181,1,16.3266
1702,-0.648181,0.412479,0.648181,2,17.0152
1702,-0.648181,0.412479,0.648181,3,28.2474
1703,-0.707107,0.471405,0.589256,1,14.1277
1703,-0.707107,0.471405,0.589256,2,15.336
1703,-0.707107,0.471405,0.589256,3,25.2266
1704,-0.766032,0.53033,0.53033,1,13.3926
1704,-0.766032,0.53033,0.53033,2,14.6122
1704,-0.766032,0.53033,0.53033,3,25.0748
1705,-0.058926,-0.058926,1.237437,1,10.9529
1705,-0.058926,-0.058926,1.237437,2,11.2788
1705,-0.058926,-0.058926,1.237437,3,19.9977
1706,-0.117851,-0.0,1.178511,1,14.1277
1706,-0.117851,-0.0,1.178511,2,15.336
1706,-0.117851,-0.0,1.178511,3,25.2266
1707,-0.176777,0.058926,1.119586,1,17.087
1707,-0.176777,0.058926,1.119586,2,19.5137
1707,-0.176777,0.058926,1.119586,3,30.7066
1708,-0.235702,0.117851,1.06066,1,19.1897
1708,-0.235702,0.117851,1.06066,2,22.2373
1708,-0.235702,0.117851,1.06066,3,35.5522
1709,-0.294628,0.176777,1.001735,1,20.3864
1709,-0.294628,0.176777,1.001735,2,23.5745
1709,-0.294628,0.176777,1.001735,3,38.892
1710,-0.353553,0.235702,0.942809,1,20.7711
1710,-0.353553,0.235702,0.942809,2,23.9582
1710,-0.353553,0.235702,0.942809,3,40.0797
1711,-0.412479,0.294628,0.883883,1,20.3864
1711,-0.412479,0.294628,0.883883,2,23.5745
1711,-0.412479,0.294628,0.883883,3,38.892
1712,-0.471405,0.353553,0.824958,1,19.1897
1712,-0.471405,0.353553,0.824958,2,22.2373
1712,-0.471405,0.353553,0.824958,3,35.5522
1713,-0.53033,0.412479,0.766032,1,17.087
1713,-0.53033,0.412479,0.766032,2,19.5137
1713,-0.53033,0.412479,0.766032,3,30.7066
1714,-0.589256,0.471405,0.707107,1,14.1277
1714,-0.589256,0.471405,0.707107,2,15.336
1714,-0.589256,0.471405,0.707107,3,25.2266
1715,-0.648181,0.53033,0.648181,1,10.9529
1715,-0.648181,0.53033,0.648181,2,11.2788
1715,-0.648181,0.53033,0.648181,3,19.9977
1716,-0.707107,0.589256,0.589256,1,9.4081
1716,-0.707107,0.589256,0.589256,2,9.9223
1716,-0.707107,0.589256,0.589256,3,17.287
1717,0.0,0.0,1.296362,1,6.8906
1717,0.0,0.0,1.296362,2,6.8906
1717,0.0,0.0,1.296362,3,12.6468
1718,-0.058926,0.058926,1.237437,1,10.9529
1718,-0.058926,0.058926,1.237437,2,11.2788
1718,-0.058926,0.058926,1.237437,3,19.9977
1719,-0.117851,0.117851,1.178511,1,14.7722
1719,-0.117851,0.117851,1.178511,2,15.4938
1719,-0.117851,0.117851,1.178511,3,27.6667
1720,-0.176777,0.176777,1.119586,1,17.4576
1720,-0.176777,0.176777,1.119586,2,18.3918
1720,-0.176777,0.176777,1.119586,3,34.0733
1721,-0.235702,0.235702,1.06066,1,18.9689
1721,-0.235702,0.235702,1.06066,2,20.0426
1721,-0.235702,0.235702,1.06066,3,38.5178
1722,-0.294628,0.294628,1.001735,1,19.5243
1722,-0.294628,0.294628,1.001735,2,20.7732
1722,-0.294628,0.294628,1.001735,3,40.6112
1723,-0.353553,0.353553,0.942809,1,19.3102
1723,-0.353553,0.353553,0.942809,2,20.7679
1723,-0.353553,0.353553,0.942809,3,40.1778
1724,-0.412479,0.412479,0.883883,1,18.3356
1724,-0.412479,0.412479,0.883883,2,19.9414
1724,-0.412479,0.412479,0.883883,3,37.2436
1725,-0.471405,0.471405,0.824958,1,16.4264
1725,-0.471405,0.471405,0.824958,2,17.993
1725,-0.471405,0.471405,0.824958,3,32.0449
1726,-0.53033,0.53033,0.766032,1,13.3926
1726,-0.53033,0.53033,0.766032,2,14.6122
1726,-0.53033,0.53033,0.766032,3,25.0748
1727,-0.589256,0.589256,0.707107,1,9.4081
1727,-0.589256,0.589256,0.707107,2,9.9223
1727,-0.589256,0.589256,0.707107,3,17.287
1728,-0.648181,0.648181,0.648181,1,5.9373
1728,-0.648181,0.648181,0.648181,2,5.9373
1728,-0.648181,0.648181,0.648181,3,11.0593
