x_A,z_A,delta_n_e_A3
0.0000000000,0.0000000000,2.412583164220e-08
0.0694444444,0.0000000000,2.434538849920e-08
0.1388888889,0.0000000000,2.404275426820e-08
0.2083333333,0.0000000000,2.100634371157e-08
0.2777777778,0.0000000000,1.389123886332e-08
0.3472222222,0.0000000000,4.492252651500e-09
0.4166666667,0.0000000000,-2.917960174300e-09
0.4861111111,0.0000000000,-5.586349403500e-09
0.5555555556,0.0000000000,-4.715971319200e-09
0.6250000000,0.0000000000,-2.306283749700e-09
0.6944444444,0.0000000000,3.471662912920e-09
0.7638888889,0.0000000000,1.645774468890e-08
0.8333333333,0.0000000000,3.475545408330e-08
0.9027777778,0.0000000000,4.765778129100e-08
0.9722222222,0.0000000000,4.394538870440e-08
1.0416666667,0.0000000000,2.351052241691e-08
1.1111111111,0.0000000000,-1.516543564000e-09
1.1805555556,0.0000000000,-1.797358122270e-08
1.2500000000,0.0000000000,-2.262182442600e-08
1.3194444444,0.0000000000,-2.176068258200e-08
1.3888888889,0.0000000000,-2.245009628800e-08
1.4583333333,0.0000000000,-2.628280383200e-08
1.5277777778,0.0000000000,-3.068463522600e-08
1.5972222222,0.0000000000,-3.334635749100e-08
1.6666666667,0.0000000000,-3.412197930700e-08
1.7361111111,0.0000000000,-3.384231031280e-08
1.8055555556,0.0000000000,-3.278217978560e-08
1.8750000000,0.0000000000,-3.060042620340e-08
1.9444444444,0.0000000000,-2.760146510000e-08
2.0138888889,0.0000000000,-2.594156250870e-08
2.0833333333,0.0000000000,-2.897410178330e-08
2.1527777778,0.0000000000,-3.846560525590e-08
2.2222222222,0.0000000000,-5.253612258820e-08
2.2916666667,0.0000000000,-6.740254283230e-08
2.3611111111,0.0000000000,-8.113556832500e-08
2.4305555556,0.0000000000,-9.401117060500e-08
2.5000000000,0.0000000000,-1.045638800750e-07
2.5694444444,0.0000000000,-1.079369690358e-07
2.6388888889,0.0000000000,-1.013870478031e-07
2.7083333333,0.0000000000,-9.099942680690e-08
2.7777777778,0.0000000000,-8.936044321910e-08
2.8472222222,0.0000000000,-1.046371460476e-07
2.9166666667,0.0000000000,-1.335195310900e-07
2.9861111111,0.0000000000,-1.661411087377e-07
3.0555555556,0.0000000000,-1.956387903060e-07
3.1250000000,0.0000000000,-2.202327270850e-07
3.1944444444,0.0000000000,-2.379306141510e-07
3.2638888889,0.0000000000,-2.445794122950e-07
3.3333333333,0.0000000000,-2.395495939742e-07
3.4027777778,0.0000000000,-2.304640214421e-07
3.4722222222,0.0000000000,-2.287697555454e-07
3.5416666667,0.0000000000,-2.405363090980e-07
3.6111111111,0.0000000000,-2.628980583620e-07
3.6805555556,0.0000000000,-2.886655370882e-07
3.7500000000,0.0000000000,-3.127887060165e-07
3.8194444444,0.0000000000,-3.355884264709e-07
3.8888888889,0.0000000000,-3.627947684006e-07
3.9583333333,0.0000000000,-4.025290763324e-07
4.0277777778,0.0000000000,-4.586473906270e-07
4.0972222222,0.0000000000,-5.248743823590e-07
4.1666666667,0.0000000000,-5.876025594900e-07
4.2361111111,0.0000000000,-6.368336719700e-07
4.3055555556,0.0000000000,-6.729276577800e-07
4.3750000000,0.0000000000,-7.004946642600e-07
4.4444444444,0.0000000000,-7.182898838200e-07
4.5138888889,0.0000000000,-7.203992438500e-07
4.5833333333,0.0000000000,-7.076945127500e-07
4.6527777778,0.0000000000,-6.922250818000e-07
4.7222222222,0.0000000000,-6.861763587000e-07
4.7916666667,0.0000000000,-6.895213680000e-07
4.8611111111,0.0000000000,-6.931329033600e-07
4.9305555556,0.0000000000,-6.922014483800e-07
5.0000000000,0.0000000000,-6.906972572600e-07
5.0694444444,0.0000000000,-6.922049874000e-07
5.1388888889,0.0000000000,-6.931393810400e-07
5.2083333333,0.0000000000,-6.895297455300e-07
5.2777777778,0.0000000000,-6.861854256700e-07
5.3472222222,0.0000000000,-6.922337450600e-07
5.4166666667,0.0000000000,-7.077020187800e-07
5.4861111111,0.0000000000,-7.204052736000e-07
5.5555555556,0.0000000000,-7.182945081700e-07
5.6250000000,0.0000000000,-7.004981972600e-07
5.6944444444,0.0000000000,-6.729304731900e-07
5.7638888889,0.0000000000,-6.368360539000e-07
5.8333333333,0.0000000000,-5.876046332300e-07
5.9027777778,0.0000000000,-5.248761323900e-07
5.9722222222,0.0000000000,-4.586487395170e-07
6.0416666667,0.0000000000,-4.025299762347e-07
6.1111111111,0.0000000000,-3.627952616677e-07
6.1805555556,0.0000000000,-3.355886502415e-07
6.2500000000,0.0000000000,-3.127888457895e-07
6.3194444444,0.0000000000,-2.886657561065e-07
6.3888888889,0.0000000000,-2.628984390965e-07
6.4583333333,0.0000000000,-2.405368329696e-07
6.5277777778,0.0000000000,-2.287703285343e-07
6.5972222222,0.0000000000,-2.304645296932e-07
6.6666666667,0.0000000000,-2.395499625948e-07
6.7361111111,0.0000000000,-2.445796395110e-07
6.8055555556,0.0000000000,-2.379307674210e-07
6.8750000000,0.0000000000,-2.202329060510e-07
6.9444444444,0.0000000000,-1.956390767240e-07
7.0138888889,0.0000000000,-1.661415286201e-07
7.0833333333,0.0000000000,-1.335200455905e-07
7.1527777778,0.0000000000,-1.046376738712e-07
7.2222222222,0.0000000000,-8.936090200710e-08
7.2916666667,0.0000000000,-9.099977287440e-08
7.3611111111,0.0000000000,-1.013872952177e-07
7.4305555556,0.0000000000,-1.079371798178e-07
7.5000000000,0.0000000000,-1.045641313020e-07
7.5694444444,0.0000000000,-9.401151595300e-08
7.6388888889,0.0000000000,-8.113601270700e-08
7.7083333333,0.0000000000,-6.740304189080e-08
7.7777777778,0.0000000000,-5.253660607160e-08
7.8472222222,0.0000000000,-3.846601170610e-08
7.9166666667,0.0000000000,-2.897440773450e-08
7.9861111111,0.0000000000,-2.594179233210e-08
8.0555555556,0.0000000000,-2.760167736620e-08
8.1250000000,0.0000000000,-3.060068386300e-08
8.1944444444,0.0000000000,-3.278251900420e-08
8.2638888889,0.0000000000,-3.384272355760e-08
8.3333333333,0.0000000000,-3.412242004600e-08
8.4027777778,0.0000000000,-3.334676381800e-08
8.4722222222,0.0000000000,-3.068496037400e-08
8.5416666667,0.0000000000,-2.628303848500e-08
8.6111111111,0.0000000000,-2.245027188300e-08
8.6805555556,0.0000000000,-2.176085397600e-08
8.7500000000,0.0000000000,-2.262204125100e-08
8.8194444444,0.0000000000,-1.797386266160e-08
8.8888888889,0.0000000000,-1.516869389500e-09
8.9583333333,0.0000000000,2.351020083468e-08
9.0277777778,0.0000000000,4.394512396540e-08
9.0972222222,0.0000000000,4.765760435590e-08
9.1666666667,0.0000000000,3.475535970410e-08
9.2361111111,0.0000000000,1.645769387193e-08
9.3055555556,0.0000000000,3.471601763800e-09
9.3750000000,0.0000000000,-2.306397789200e-09
9.4444444444,0.0000000000,-4.716148059100e-09
9.5138888889,0.0000000000,-5.586560639000e-09
9.5833333333,0.0000000000,-2.918153337900e-09
9.6527777778,0.0000000000,4.492128442700e-09
9.7222222222,0.0000000000,1.389120747668e-08
9.7916666667,0.0000000000,2.100639058015e-08
9.8611111111,0.0000000000,2.404283364290e-08
9.9305555556,0.0000000000,2.434544611400e-08
0.0000000000,0.0694444444,1.497753625868e-08
0.0694444444,0.0694444444,1.578026504479e-08
0.1388888889,0.0694444444,1.713855917879e-08
0.2083333333,0.0694444444,1.642025783477e-08
0.2777777778,0.0694444444,1.144786856617e-08
0.3472222222,0.0694444444,3.263342719410e-09
0.4166666667,0.0694444444,-3.835521719880e-09
0.4861111111,0.0694444444,-6.346719009800e-09
0.5555555556,0.0694444444,-5.016043680200e-09
0.6250000000,0.0694444444,-2.530771148300e-09
0.6944444444,0.0694444444,1.650921898530e-09
0.7638888889,0.0694444444,1.111206093129e-08
0.8333333333,0.0694444444,2.564642473487e-08
0.9027777778,0.0694444444,3.709479153439e-08
0.9722222222,0.0694444444,3.538946645865e-08
1.0416666667,0.0694444444,1.900022413897e-08
1.1111111111,0.0694444444,-2.789877883900e-09
1.1805555556,0.0694444444,-1.870282307040e-08
1.2500000000,0.0694444444,-2.505196518400e-08
1.3194444444,0.0694444444,-2.610724834300e-08
1.3888888889,0.0694444444,-2.719812200800e-08
1.4583333333,0.0694444444,-2.968192341800e-08
1.5277777778,0.0694444444,-3.196900194700e-08
1.5972222222,0.0694444444,-3.291478111100e-08
1.6666666667,0.0694444444,-3.302192855180e-08
1.7361111111,0.0694444444,-3.324475209910e-08
1.8055555556,0.0694444444,-3.368831853850e-08
1.8750000000,0.0694444444,-3.359904143690e-08
1.9444444444,0.0694444444,-3.259929113500e-08
2.0138888889,0.0694444444,-3.210394486300e-08
2.0833333333,0.0694444444,-3.508787871250e-08
2.1527777778,0.0694444444,-4.354657129130e-08
2.2222222222,0.0694444444,-5.623398236020e-08
2.2916666667,0.0694444444,-6.993787252100e-08
2.3611111111,0.0694444444,-8.291567828000e-08
2.4305555556,0.0694444444,-9.527129644000e-08
2.5000000000,0.0694444444,-1.052472734940e-07
2.5694444444,0.0694444444,-1.078156239092e-07
2.6388888889,0.0694444444,-1.003378935305e-07
2.7083333333,0.0694444444,-8.930857158010e-08
2.7777777778,0.0694444444,-8.783098425700e-08
2.8472222222,0.0694444444,-1.042887401966e-07
2.9166666667,0.0694444444,-1.349904320948e-07
2.9861111111,0.0694444444,-1.693203234974e-07
3.0555555556,0.0694444444,-2.000253243390e-07
3.1250000000,0.0694444444,-2.258675873130e-07
3.1944444444,0.0694444444,-2.460708229020e-07
3.2638888889,0.0694444444,-2.573677834000e-07
3.3333333333,0.0694444444,-2.588042182120e-07
3.4027777778,0.0694444444,-2.565181979361e-07
3.4722222222,0.0694444444,-2.602432298385e-07
3.5416666667,0.0694444444,-2.751197292395e-07
3.6111111111,0.0694444444,-2.984730079347e-07
3.6805555556,0.0694444444,-3.239500076130e-07
3.7500000000,0.0694444444,-3.471404066588e-07
3.8194444444,0.0694444444,-3.682248322200e-07
3.8888888889,0.0694444444,-3.921434458617e-07
3.9583333333,0.0694444444,-4.264162997520e-07
4.0277777778,0.0694444444,-4.754151269430e-07
4.0972222222,0.0694444444,-5.346147000240e-07
4.1666666667,0.0694444444,-5.923533219000e-07
4.2361111111,0.0694444444,-6.393488996500e-07
4.3055555556,0.0694444444,-6.749503689100e-07
4.3750000000,0.0694444444,-7.019910367300e-07
4.4444444444,0.0694444444,-7.182249953600e-07
4.5138888889,0.0694444444,-7.182332595800e-07
4.5833333333,0.0694444444,-7.042816304500e-07
4.6527777778,0.0694444444,-6.895548869760e-07
4.7222222222,0.0694444444,-6.864205901990e-07
4.7916666667,0.0694444444,-6.941299361700e-07
4.8611111111,0.0694444444,-7.023278325000e-07
4.9305555556,0.0694444444,-7.048676169200e-07
5.0000000000,0.0694444444,-7.046575948400e-07
5.0694444444,0.0694444444,-7.048712683100e-07
5.1388888889,0.0694444444,-7.023345055000e-07
5.2083333333,0.0694444444,-6.941385394100e-07
5.2777777778,0.0694444444,-6.864298541980e-07
5.3472222222,0.0694444444,-6.895636700710e-07
5.4166666667,0.0694444444,-7.042891514500e-07
5.4861111111,0.0694444444,-7.182391969000e-07
5.5555555556,0.0694444444,-7.182294408200e-07
5.6250000000,0.0694444444,-7.019943388300e-07
5.6944444444,0.0694444444,-6.749529375900e-07
5.7638888889,0.0694444444,-6.393510483400e-07
5.8333333333,0.0694444444,-5.923551924600e-07
5.9027777778,0.0694444444,-5.346162811360e-07
5.9722222222,0.0694444444,-4.754163373910e-07
6.0416666667,0.0694444444,-4.264170854950e-07
6.1111111111,0.0694444444,-3.921438448326e-07
6.1805555556,0.0694444444,-3.682249806113e-07
6.2500000000,0.0694444444,-3.471404913136e-07
6.3194444444,0.0694444444,-3.239501927523e-07
6.3888888889,0.0694444444,-2.984733741177e-07
6.4583333333,0.0694444444,-2.751202524115e-07
6.5277777778,0.0694444444,-2.602438080808e-07
6.5972222222,0.0694444444,-2.565187097846e-07
6.6666666667,0.0694444444,-2.588045840511e-07
6.7361111111,0.0694444444,-2.573680011560e-07
6.8055555556,0.0694444444,-2.460709636210e-07
6.8750000000,0.0694444444,-2.258677559880e-07
6.9444444444,0.0694444444,-2.000256070070e-07
7.0138888889,0.0694444444,-1.693207472820e-07
7.0833333333,0.0694444444,-1.349909556629e-07
7.1527777778,0.0694444444,-1.042892775306e-07
7.2222222222,0.0694444444,-8.783144836210e-08
7.2916666667,0.0694444444,-8.930891630500e-08
7.3611111111,0.0694444444,-1.003381336228e-07
7.4305555556,0.0694444444,-1.078158246948e-07
7.5000000000,0.0694444444,-1.052475162870e-07
7.5694444444,0.0694444444,-9.527163799200e-08
7.6388888889,0.0694444444,-8.291612396000e-08
7.7083333333,0.0694444444,-6.993837571600e-08
7.7777777778,0.0694444444,-5.623446915100e-08
7.8472222222,0.0694444444,-4.354697709020e-08
7.9166666667,0.0694444444,-3.508817904430e-08
7.9861111111,0.0694444444,-3.210416561890e-08
8.0555555556,0.0694444444,-3.259949409120e-08
8.1250000000,0.0694444444,-3.359929281220e-08
8.1944444444,0.0694444444,-3.368865622720e-08
8.2638888889,0.0694444444,-3.324516792010e-08
8.3333333333,0.0694444444,-3.302237330510e-08
8.4027777778,0.0694444444,-3.291518949700e-08
8.4722222222,0.0694444444,-3.196932472000e-08
8.5416666667,0.0694444444,-2.968215084400e-08
8.6111111111,0.0694444444,-2.719828732800e-08
8.6805555556,0.0694444444,-2.610740962600e-08
8.7500000000,0.0694444444,-2.505217527900e-08
8.8194444444,0.0694444444,-1.870310293810e-08
8.8888888889,0.0694444444,-2.790206756900e-09
8.9583333333,0.0694444444,1.899989754905e-08
9.0277777778,0.0694444444,3.538919826929e-08
9.0972222222,0.0694444444,3.709461525461e-08
9.1666666667,0.0694444444,2.564633536242e-08
9.2361111111,0.0694444444,1.111201734660e-08
9.3055555556,0.0694444444,1.650866988180e-09
9.3750000000,0.0694444444,-2.530882492100e-09
9.4444444444,0.0694444444,-5.016221876300e-09
9.5138888889,0.0694444444,-6.346934377500e-09
9.5833333333,0.0694444444,-3.835719028240e-09
9.6527777778,0.0694444444,3.263216834220e-09
9.7222222222,0.0694444444,1.144783910078e-08
9.7916666667,0.0694444444,1.642030950405e-08
9.8611111111,0.0694444444,1.713864405475e-08
9.9305555556,0.0694444444,1.578032627401e-08
0.0000000000,0.1388888889,-7.687268629000e-11
0.0694444444,0.1388888889,1.108647248850e-09
0.1388888889,0.1388888889,4.140652048058e-09
0.2083333333,0.1388888889,6.919688383880e-09
0.2777777778,0.1388888889,6.278238172650e-09
0.3472222222,0.1388888889,1.228971360030e-09
0.4166666667,0.1388888889,-4.806825969288e-09
0.4861111111,0.1388888889,-7.128543785940e-09
0.5555555556,0.1388888889,-5.155970437100e-09
0.6250000000,0.1388888889,-2.606111333800e-09
0.6944444444,0.1388888889,-1.758149980100e-09
0.7638888889,0.1388888889,8.239937811000e-12
0.8333333333,0.1388888889,5.955680489300e-09
0.9027777778,0.1388888889,1.372898600210e-08
0.9722222222,0.1388888889,1.617224787255e-08
1.0416666667,0.1388888889,8.766803866570e-09
1.1111111111,0.1388888889,-5.596012289600e-09
1.1805555556,0.1388888889,-1.986134389430e-08
1.2500000000,0.1388888889,-2.920529698850e-08
1.3194444444,0.1388888889,-3.328634350310e-08
1.3888888889,0.1388888889,-3.385169822810e-08
1.4583333333,0.1388888889,-3.235901195950e-08
1.5277777778,0.1388888889,-2.998357634910e-08
1.5972222222,0.1388888889,-2.826423876380e-08
1.6666666667,0.1388888889,-2.869123658830e-08
1.7361111111,0.1388888889,-3.181204265490e-08
1.8055555556,0.1388888889,-3.684231879530e-08
1.8750000000,0.1388888889,-4.194834739720e-08
1.9444444444,0.1388888889,-4.535883916940e-08
2.0138888889,0.1388888889,-4.710126112050e-08
2.0833333333,0.1388888889,-4.959088849340e-08
2.1527777778,0.1388888889,-5.554409923740e-08
2.2222222222,0.1388888889,-6.518365694550e-08
2.2916666667,0.1388888889,-7.645627458100e-08
2.3611111111,0.1388888889,-8.785719546800e-08
2.4305555556,0.1388888889,-9.901877703100e-08
2.5000000000,0.1388888889,-1.075917563800e-07
2.5694444444,0.1388888889,-1.082788156631e-07
2.6388888889,0.1388888889,-9.872377558258e-08
2.7083333333,0.1388888889,-8.632391178180e-08
2.7777777778,0.1388888889,-8.536566506300e-08
2.8472222222,0.1388888889,-1.048018313216e-07
2.9166666667,0.1388888889,-1.401025059236e-07
2.9861111111,0.1388888889,-1.788044693620e-07
3.0555555556,0.1388888889,-2.125075039290e-07
3.1250000000,0.1388888889,-2.410381577590e-07
3.1944444444,0.1388888889,-2.664419426580e-07
3.2638888889,0.1388888889,-2.876564316940e-07
3.3333333333,0.1388888889,-3.031152274710e-07
3.4027777778,0.1388888889,-3.155641905150e-07
3.4722222222,0.1388888889,-3.307942229750e-07
3.5416666667,0.1388888889,-3.519193364760e-07
3.6111111111,0.1388888889,-3.769669073690e-07
3.6805555556,0.1388888889,-4.018300520600e-07
3.7500000000,0.1388888889,-4.237749866950e-07
3.8194444444,0.1388888889,-4.425711638030e-07
3.8888888889,0.1388888889,-4.609020272900e-07
3.9583333333,0.1388888889,-4.842780967680e-07
4.0277777778,0.1388888889,-5.177724590070e-07
4.0972222222,0.1388888889,-5.607791436630e-07
4.1666666667,0.1388888889,-6.063164917900e-07
4.2361111111,0.1388888889,-6.469974576000e-07
4.3055555556,0.1388888889,-6.800057226500e-07
4.3750000000,0.1388888889,-7.043118008200e-07
4.4444444444,0.1388888889,-7.158317198700e-07
4.5138888889,0.1388888889,-7.108524339000e-07
4.5833333333,0.1388888889,-6.951111934970e-07
4.6527777778,0.1388888889,-6.841126232480e-07
4.7222222222,0.1388888889,-6.899757247340e-07
4.7916666667,0.1388888889,-7.096805138300e-07
4.8611111111,0.1388888889,-7.297697795500e-07
4.9305555556,0.1388888889,-7.410306668900e-07
5.0000000000,0.1388888889,-7.440270169300e-07
5.0694444444,0.1388888889,-7.410325977200e-07
5.1388888889,0.1388888889,-7.297732993800e-07
5.2083333333,0.1388888889,-7.096850277400e-07
5.2777777778,0.1388888889,-6.899805439900e-07
5.3472222222,0.1388888889,-6.841171321660e-07
5.4166666667,0.1388888889,-6.951149763220e-07
5.4861111111,0.1388888889,-7.108553304000e-07
5.5555555556,0.1388888889,-7.158337971600e-07
5.6250000000,0.1388888889,-7.043132670100e-07
5.6944444444,0.1388888889,-6.800068181900e-07
5.7638888889,0.1388888889,-6.469983665800e-07
5.8333333333,0.1388888889,-6.063173001800e-07
5.9027777778,0.1388888889,-5.607798494000e-07
5.9722222222,0.1388888889,-5.177730174020e-07
6.0416666667,0.1388888889,-4.842784744490e-07
6.1111111111,0.1388888889,-4.609022386420e-07
6.1805555556,0.1388888889,-4.425712755000e-07
6.2500000000,0.1388888889,-4.237750928540e-07
6.3194444444,0.1388888889,-4.018302350220e-07
6.3888888889,0.1388888889,-3.769672050490e-07
6.4583333333,0.1388888889,-3.519197312060e-07
6.5277777778,0.1388888889,-3.307946562840e-07
6.5972222222,0.1388888889,-3.155645944730e-07
6.6666666667,0.1388888889,-3.031155577760e-07
6.7361111111,0.1388888889,-2.876566868250e-07
6.8055555556,0.1388888889,-2.664421610740e-07
6.8750000000,0.1388888889,-2.410383963350e-07
6.9444444444,0.1388888889,-2.125078087920e-07
7.0138888889,0.1388888889,-1.788048542820e-07
7.0833333333,0.1388888889,-1.401029473937e-07
7.1527777778,0.1388888889,-1.048022818156e-07
7.2222222222,0.1388888889,-8.536607693110e-08
7.2916666667,0.1388888889,-8.632425986130e-08
7.3611111111,0.1388888889,-9.872406792901e-08
7.4305555556,0.1388888889,-1.082790878253e-07
7.5000000000,0.1388888889,-1.075920524140e-07
7.5694444444,0.1388888889,-9.901912737100e-08
7.6388888889,0.1388888889,-8.785760228800e-08
7.7083333333,0.1388888889,-7.645671163400e-08
7.7777777778,0.1388888889,-6.518408330410e-08
7.8472222222,0.1388888889,-5.554447942200e-08
7.9166666667,0.1388888889,-4.959120920030e-08
7.9861111111,0.1388888889,-4.710153656460e-08
8.0555555556,0.1388888889,-4.535910293910e-08
8.1250000000,0.1388888889,-4.194863522680e-08
8.1944444444,0.1388888889,-3.684265075660e-08
8.2638888889,0.1388888889,-3.181241372380e-08
8.3333333333,0.1388888889,-2.869161954950e-08
8.4027777778,0.1388888889,-2.826459777820e-08
8.4722222222,0.1388888889,-2.998388436270e-08
8.5416666667,0.1388888889,-3.235926341750e-08
8.6111111111,0.1388888889,-3.385191097520e-08
8.6805555556,0.1388888889,-3.328654893200e-08
8.7500000000,0.1388888889,-2.920552373630e-08
8.8194444444,0.1388888889,-1.986160329980e-08
8.8888888889,0.1388888889,-5.596292965400e-09
8.9583333333,0.1388888889,8.766529959620e-09
9.0277777778,0.1388888889,1.617201152858e-08
9.0972222222,0.1388888889,1.372880573190e-08
9.1666666667,0.1388888889,5.955553776400e-09
9.2361111111,0.1388888889,8.144314884000e-12
9.3055555556,0.1388888889,-1.758245804200e-09
9.3750000000,0.1388888889,-2.606231997800e-09
9.4444444444,0.1388888889,-5.156121336900e-09
9.5138888889,0.1388888889,-7.128708314750e-09
9.5833333333,0.1388888889,-4.806973746548e-09
9.6527777778,0.1388888889,1.228869397330e-09
9.7222222222,0.1388888889,6.278195418550e-09
9.7916666667,0.1388888889,6.919696418720e-09
9.8611111111,0.1388888889,4.140684807515e-09
9.9305555556,0.1388888889,1.108673820450e-09
0.0000000000,0.2083333333,1.224170180700e-09
0.0694444444,0.2083333333,1.309402312000e-10
0.1388888889,0.2083333333,-1.114262444000e-09
0.2083333333,0.2083333333,1.248603497000e-10
0.2777777778,0.2083333333,2.311106003236e-09
0.3472222222,0.2083333333,1.583948185660e-09
0.4166666667,0.2083333333,-2.261681241600e-09
0.4861111111,0.2083333333,-4.988511461290e-09
0.5555555556,0.2083333333,-3.965293478000e-09
0.6250000000,0.2083333333,-2.147340560200e-09
0.6944444444,0.2083333333,-3.865548714500e-09
0.7638888889,0.2083333333,-8.338603924240e-09
0.8333333333,0.2083333333,-1.023858596570e-08
0.9027777778,0.2083333333,-6.690444026470e-09
0.9722222222,0.2083333333,-1.400828040331e-09
1.0416666667,0.2083333333,-8.953445538000e-10
1.1111111111,0.2083333333,-7.914736244390e-09
1.1805555556,0.2083333333,-1.926785436617e-08
1.2500000000,0.2083333333,-2.901913811733e-08
1.3194444444,0.2083333333,-3.275692044517e-08
1.3888888889,0.2083333333,-2.978684525860e-08
1.4583333333,0.2083333333,-2.303745123512e-08
1.5277777778,0.2083333333,-1.727519116320e-08
1.5972222222,0.2083333333,-1.641259132090e-08
1.6666666667,0.2083333333,-2.160273193150e-08
1.7361111111,0.2083333333,-3.140531598650e-08
1.8055555556,0.2083333333,-4.312495413350e-08
1.8750000000,0.2083333333,-5.373275341990e-08
1.9444444444,0.2083333333,-6.066449760310e-08
2.0138888889,0.2083333333,-6.343437393990e-08
2.0833333333,0.2083333333,-6.463897512730e-08
2.1527777778,0.2083333333,-6.805988375800e-08
2.2222222222,0.2083333333,-7.524702361100e-08
2.2916666667,0.2083333333,-8.482904698800e-08
2.3611111111,0.2083333333,-9.510689764200e-08
2.4305555556,0.2083333333,-1.052157413690e-07
2.5000000000,0.2083333333,-1.125887749750e-07
2.5694444444,0.2083333333,-1.120132609923e-07
2.6388888889,0.2083333333,-1.013355819810e-07
2.7083333333,0.2083333333,-8.840861852260e-08
2.7777777778,0.2083333333,-8.837875955550e-08
2.8472222222,0.2083333333,-1.109130684009e-07
2.9166666667,0.2083333333,-1.510345338717e-07
2.9861111111,0.2083333333,-1.945408627080e-07
3.0555555556,0.2083333333,-2.314999598140e-07
3.1250000000,0.2083333333,-2.622643364490e-07
3.1944444444,0.2083333333,-2.914886865080e-07
3.2638888889,0.2083333333,-3.205452343760e-07
3.3333333333,0.2083333333,-3.476670340160e-07
3.4027777778,0.2083333333,-3.725402998800e-07
3.4722222222,0.2083333333,-3.972517756220e-07
3.5416666667,0.2083333333,-4.231619672280e-07
3.6111111111,0.2083333333,-4.493765089610e-07
3.6805555556,0.2083333333,-4.744485030500e-07
3.7500000000,0.2083333333,-4.975780262900e-07
3.8194444444,0.2083333333,-5.179394722200e-07
3.8888888889,0.2083333333,-5.351447616580e-07
3.9583333333,0.2083333333,-5.514468949230e-07
4.0277777778,0.2083333333,-5.715445291730e-07
4.0972222222,0.2083333333,-5.983926941530e-07
4.1666666667,0.2083333333,-6.300323853700e-07
4.2361111111,0.2083333333,-6.615625218900e-07
4.3055555556,0.2083333333,-6.885996056300e-07
4.3750000000,0.2083333333,-7.071069313700e-07
4.4444444444,0.2083333333,-7.124645612230e-07
4.5138888889,0.2083333333,-7.038888663570e-07
4.5833333333,0.2083333333,-6.907596872400e-07
4.6527777778,0.2083333333,-6.896290914600e-07
4.7222222222,0.2083333333,-7.103960351170e-07
4.7916666667,0.2083333333,-7.463338868010e-07
4.8611111111,0.2083333333,-7.806116916200e-07
4.9305555556,0.2083333333,-8.015141477000e-07
5.0000000000,0.2083333333,-8.079321888100e-07
5.0694444444,0.2083333333,-8.015133958000e-07
5.1388888889,0.2083333333,-7.806103030600e-07
5.2083333333,0.2083333333,-7.463320616600e-07
5.2777777778,0.2083333333,-7.103940118670e-07
5.3472222222,0.2083333333,-6.896270897870e-07
5.4166666667,0.2083333333,-6.907578671030e-07
5.4861111111,0.2083333333,-7.038873090570e-07
5.5555555556,0.2083333333,-7.124632765100e-07
5.6250000000,0.2083333333,-7.071058831500e-07
5.6944444444,0.2083333333,-6.885987436000e-07
5.7638888889,0.2083333333,-6.615618079000e-07
5.8333333333,0.2083333333,-6.300318058900e-07
5.9027777778,0.2083333333,-5.983922564820e-07
5.9722222222,0.2083333333,-5.715442473800e-07
6.0416666667,0.2083333333,-5.514467729970e-07
6.1111111111,0.2083333333,-5.351447833110e-07
6.1805555556,0.2083333333,-5.179396013100e-07
6.2500000000,0.2083333333,-4.975782169600e-07
6.3194444444,0.2083333333,-4.744487142000e-07
6.3888888889,0.2083333333,-4.493767164620e-07
6.4583333333,0.2083333333,-4.231621683780e-07
6.5277777778,0.2083333333,-3.972519846200e-07
6.5972222222,0.2083333333,-3.725405364650e-07
6.6666666667,0.2083333333,-3.476673115040e-07
6.7361111111,0.2083333333,-3.205455524770e-07
6.8055555556,0.2083333333,-2.914890314890e-07
6.8750000000,0.2083333333,-2.622646879140e-07
6.9444444444,0.2083333333,-2.315002999110e-07
7.0138888889,0.2083333333,-1.945411840500e-07
7.0833333333,0.2083333333,-1.510348420313e-07
7.1527777778,0.2083333333,-1.109133780737e-07
7.2222222222,0.2083333333,-8.837908659490e-08
7.2916666667,0.2083333333,-8.840897163830e-08
7.3611111111,0.2083333333,-1.013359584810e-07
7.4305555556,0.2083333333,-1.120136484705e-07
7.5000000000,0.2083333333,-1.125891574510e-07
7.5694444444,0.2083333333,-1.052161068730e-07
7.6388888889,0.2083333333,-9.510724323500e-08
7.7083333333,0.2083333333,-8.482937926300e-08
7.7777777778,0.2083333333,-7.524735473700e-08
7.8472222222,0.2083333333,-6.806022491500e-08
7.9166666667,0.2083333333,-6.463933067770e-08
7.9861111111,0.2083333333,-6.343473904690e-08
8.0555555556,0.2083333333,-6.066486043300e-08
8.1250000000,0.2083333333,-5.373310081930e-08
8.1944444444,0.2083333333,-4.312527776560e-08
8.2638888889,0.2083333333,-3.140561615530e-08
8.3333333333,0.2083333333,-2.160301691700e-08
8.4027777778,0.2083333333,-1.641287270160e-08
8.4722222222,0.2083333333,-1.727547762430e-08
8.5416666667,0.2083333333,-2.303774403216e-08
8.6111111111,0.2083333333,-2.978713755845e-08
8.6805555556,0.2083333333,-3.275720058600e-08
8.7500000000,0.2083333333,-2.901939526750e-08
8.8194444444,0.2083333333,-1.926808360151e-08
8.8888888889,0.2083333333,-7.914940692070e-09
8.9583333333,0.2083333333,-8.955336500000e-10
9.0277777778,0.2083333333,-1.401012492955e-09
9.0972222222,0.2083333333,-6.690630412990e-09
9.1666666667,0.2083333333,-1.023877333490e-08
9.2361111111,0.2083333333,-8.338784546290e-09
9.3055555556,0.2083333333,-3.865711746900e-09
9.3750000000,0.2083333333,-2.147477262800e-09
9.4444444444,0.2083333333,-3.965401163800e-09
9.5138888889,0.2083333333,-4.988594836280e-09
9.5833333333,0.2083333333,-2.261750062000e-09
9.6527777778,0.2083333333,1.583884073300e-09
9.7222222222,0.2083333333,2.311041687213e-09
9.7916666667,0.2083333333,1.247986241000e-10
9.8611111111,0.2083333333,-1.114312732800e-09
9.9305555556,0.2083333333,1.309116639000e-10
0.0000000000,0.2777777778,2.408955212900e-08
0.0694444444,0.2777777778,1.763992319900e-08
0.1388888889,0.2777777778,5.083612761100e-09
0.2083333333,0.2777777778,-1.494628079400e-09
0.2777777778,0.2777777778,1.292736161990e-09
0.3472222222,0.2777777778,6.147970727800e-09
0.4166666667,0.2777777778,5.924846476300e-09
0.4861111111,0.2777777778,1.739398781320e-09
0.5555555556,0.2777777778,-1.259323387270e-09
0.6250000000,0.2777777778,-2.311705999800e-09
0.6944444444,0.2777777778,-5.310175887400e-09
0.7638888889,0.2777777778,-1.172085805850e-08
0.8333333333,0.2777777778,-1.720117841708e-08
0.9027777778,0.2777777778,-1.673967551818e-08
0.9722222222,0.2777777778,-1.116157680480e-08
1.0416666667,0.2777777778,-6.680996556800e-09
1.1111111111,0.2777777778,-8.458245428220e-09
1.1805555556,0.2777777778,-1.558752897185e-08
1.2500000000,0.2777777778,-2.209136684830e-08
1.3194444444,0.2777777778,-2.213911938780e-08
1.3888888889,0.2777777778,-1.483341494950e-08
1.4583333333,0.2777777778,-5.103011483200e-09
1.5277777778,0.2777777778,-2.175265894200e-10
1.5972222222,0.2777777778,-4.708394653554e-09
1.6666666667,0.2777777778,-1.786633971321e-08
1.7361111111,0.2777777778,-3.539930915070e-08
1.8055555556,0.2777777778,-5.262039514160e-08
1.8750000000,0.2777777778,-6.600771168850e-08
1.9444444444,0.2777777778,-7.347764744550e-08
2.0138888889,0.2777777778,-7.534606492800e-08
2.0833333333,0.2777777778,-7.510459132900e-08
2.1527777778,0.2777777778,-7.738361555800e-08
2.2222222222,0.2777777778,-8.414848085800e-08
2.2916666667,0.2777777778,-9.375549138000e-08
2.3611111111,0.2777777778,-1.039722477050e-07
2.4305555556,0.2777777778,-1.139487973170e-07
2.5000000000,0.2777777778,-1.218531076260e-07
2.5694444444,0.2777777778,-1.230697632061e-07
2.6388888889,0.2777777778,-1.150095098937e-07
2.7083333333,0.2777777778,-1.043629504008e-07
2.7777777778,0.2777777778,-1.056669866546e-07
2.8472222222,0.2777777778,-1.291924225031e-07
2.9166666667,0.2777777778,-1.709127541614e-07
2.9861111111,0.2777777778,-2.166204400250e-07
3.0555555556,0.2777777778,-2.554295676160e-07
3.1250000000,0.2777777778,-2.871730868250e-07
3.1944444444,0.2777777778,-3.174013421670e-07
3.2638888889,0.2777777778,-3.490510127080e-07
3.3333333333,0.2777777778,-3.809403059030e-07
3.4027777778,0.2777777778,-4.116962224810e-07
3.4722222222,0.2777777778,-4.416711849280e-07
3.5416666667,0.2777777778,-4.713041953000e-07
3.6111111111,0.2777777778,-5.002257164500e-07
3.6805555556,0.2777777778,-5.283960009700e-07
3.7500000000,0.2777777778,-5.560385964000e-07
3.8194444444,0.2777777778,-5.817361445500e-07
3.8888888889,0.2777777778,-6.026013494300e-07
3.9583333333,0.2777777778,-6.178412936600e-07
4.0277777778,0.2777777778,-6.309674621600e-07
4.0972222222,0.2777777778,-6.468943326000e-07
4.1666666667,0.2777777778,-6.673129288590e-07
4.2361111111,0.2777777778,-6.897325264560e-07
4.3055555556,0.2777777778,-7.097702578540e-07
4.3750000000,0.2777777778,-7.228962423030e-07
4.4444444444,0.2777777778,-7.259757254550e-07
4.5138888889,0.2777777778,-7.213206187850e-07
4.5833333333,0.2777777778,-7.199115496710e-07
4.6527777778,0.2777777778,-7.361454169420e-07
4.7222222222,0.2777777778,-7.751883576080e-07
4.7916666667,0.2777777778,-8.261934553390e-07
4.8611111111,0.2777777778,-8.707078755300e-07
4.9305555556,0.2777777778,-8.972937423300e-07
5.0000000000,0.2777777778,-9.055159553700e-07
5.0694444444,0.2777777778,-8.972906937100e-07
5.1388888889,0.2777777778,-8.707022931800e-07
5.2083333333,0.2777777778,-8.261862325650e-07
5.2777777778,0.2777777778,-7.751805389730e-07
5.3472222222,0.2777777778,-7.361379473430e-07
5.4166666667,0.2777777778,-7.199050837770e-07
5.4861111111,0.2777777778,-7.213154388560e-07
5.5555555556,0.2777777778,-7.259717791300e-07
5.6250000000,0.2777777778,-7.228932671550e-07
5.6944444444,0.2777777778,-7.097679382880e-07
5.7638888889,0.2777777778,-6.897306209700e-07
5.8333333333,0.2777777778,-6.673113307460e-07
5.9027777778,0.2777777778,-6.468930548530e-07
5.9722222222,0.2777777778,-6.309665705800e-07
6.0416666667,0.2777777778,-6.178408278800e-07
6.1111111111,0.2777777778,-6.026012711500e-07
6.1805555556,0.2777777778,-5.817363332300e-07
6.2500000000,0.2777777778,-5.560388892900e-07
6.3194444444,0.2777777778,-5.283962538800e-07
6.3888888889,0.2777777778,-5.002258549100e-07
6.4583333333,0.2777777778,-4.713042324000e-07
6.5277777778,0.2777777778,-4.416712002470e-07
6.5972222222,0.2777777778,-4.116963135380e-07
6.6666666667,0.2777777778,-3.809405370170e-07
6.7361111111,0.2777777778,-3.490513849660e-07
6.8055555556,0.2777777778,-3.174017963050e-07
6.8750000000,0.2777777778,-2.871735349160e-07
6.9444444444,0.2777777778,-2.554299359880e-07
7.0138888889,0.2777777778,-2.166207029430e-07
7.0833333333,0.2777777778,-1.709129427706e-07
7.1527777778,0.2777777778,-1.291926061863e-07
7.2222222222,0.2777777778,-1.056672370632e-07
7.2916666667,0.2777777778,-1.043633059965e-07
7.3611111111,0.2777777778,-1.150099585153e-07
7.4305555556,0.2777777778,-1.230702502797e-07
7.5000000000,0.2777777778,-1.218535644420e-07
7.5694444444,0.2777777778,-1.139491747580e-07
7.6388888889,0.2777777778,-1.039725384970e-07
7.7083333333,0.2777777778,-9.375573107300e-08
7.7777777778,0.2777777778,-8.414872821200e-08
7.8472222222,0.2777777778,-7.738392252200e-08
7.9166666667,0.2777777778,-7.510497748700e-08
7.9861111111,0.2777777778,-7.534650850800e-08
8.0555555556,0.2777777778,-7.347809669890e-08
8.1250000000,0.2777777778,-6.600811067220e-08
8.1944444444,0.2777777778,-5.262071076600e-08
8.2638888889,0.2777777778,-3.539954651810e-08
8.3333333333,0.2777777778,-1.786653824846e-08
8.4027777778,0.2777777778,-4.708607480300e-09
8.4722222222,0.2777777778,-2.177937474400e-10
8.5416666667,0.2777777778,-5.103340331000e-09
8.6111111111,0.2777777778,-1.483377716670e-08
8.6805555556,0.2777777778,-2.213946557200e-08
8.7500000000,0.2777777778,-2.209165132060e-08
8.8194444444,0.2777777778,-1.558773214806e-08
8.8888888889,0.2777777778,-8.458382869300e-09
8.9583333333,0.2777777778,-6.681110609800e-09
9.0277777778,0.2777777778,-1.116171499500e-08
9.0972222222,0.2777777778,-1.673986694409e-08
9.1666666667,0.2777777778,-1.720141931667e-08
9.2361111111,0.2777777778,-1.172111396450e-08
9.3055555556,0.2777777778,-5.310398456400e-09
9.3750000000,0.2777777778,-2.311856798200e-09
9.4444444444,0.2777777778,-1.259392685250e-09
9.5138888889,0.2777777778,1.739387166350e-09
9.5833333333,0.2777777778,5.924847201100e-09
9.6527777778,0.2777777778,6.147939821800e-09
9.7222222222,0.2777777778,1.292653010060e-09
9.7916666667,0.2777777778,-1.494750533100e-09
9.8611111111,0.2777777778,5.083490383000e-09
9.9305555556,0.2777777778,1.763984685600e-08
0.0000000000,0.3472222222,4.938156740300e-08
0.0694444444,0.3472222222,3.733202802600e-08
0.1388888889,0.3472222222,1.299324248200e-08
0.2083333333,0.3472222222,-1.481914101400e-09
0.2777777778,0.3472222222,2.707302598260e-09
0.3472222222,0.3472222222,1.455571459618e-08
0.4166666667,0.3472222222,1.881023033262e-08
0.4861111111,0.3472222222,1.225268575015e-08
0.5555555556,0.3472222222,2.617224113320e-09
0.6250000000,0.3472222222,-3.842933666900e-09
0.6944444444,0.3472222222,-8.377356982900e-09
0.7638888889,0.3472222222,-1.412389645550e-08
0.8333333333,0.3472222222,-1.955151117700e-08
0.9027777778,0.3472222222,-2.022969509420e-08
0.9722222222,0.3472222222,-1.525064618330e-08
1.0416666667,0.3472222222,-9.144650753600e-09
1.1111111111,0.3472222222,-7.154460733000e-09
1.1805555556,0.3472222222,-9.830261864430e-09
1.2500000000,0.3472222222,-1.267923724560e-08
1.3194444444,0.3472222222,-1.073252378040e-08
1.3888888889,0.3472222222,-3.560661720100e-09
1.4583333333,0.3472222222,3.633453987400e-09
1.5277777778,0.3472222222,3.815270495900e-09
1.5972222222,0.3472222222,-6.454213833660e-09
1.6666666667,0.3472222222,-2.478583853107e-08
1.7361111111,0.3472222222,-4.545924187530e-08
1.8055555556,0.3472222222,-6.334486710330e-08
1.8750000000,0.3472222222,-7.553705688650e-08
1.9444444444,0.3472222222,-8.110963200140e-08
2.0138888889,0.3472222222,-8.146657294300e-08
2.0833333333,0.3472222222,-8.076856880700e-08
2.1527777778,0.3472222222,-8.376371723400e-08
2.2222222222,0.3472222222,-9.195896578900e-08
2.2916666667,0.3472222222,-1.029435346050e-07
2.3611111111,0.3472222222,-1.141473145250e-07
2.4305555556,0.3472222222,-1.255291771520e-07
2.5000000000,0.3472222222,-1.368945302460e-07
2.5694444444,0.3472222222,-1.444874578616e-07
2.6388888889,0.3472222222,-1.442925339379e-07
2.7083333333,0.3472222222,-1.397491083897e-07
2.7777777778,0.3472222222,-1.427972985835e-07
2.8472222222,0.3472222222,-1.639609999014e-07
2.9166666667,0.3472222222,-2.019455697489e-07
2.9861111111,0.3472222222,-2.452052396770e-07
3.0555555556,0.3472222222,-2.833823484720e-07
3.1250000000,0.3472222222,-3.150263036000e-07
3.1944444444,0.3472222222,-3.444916714610e-07
3.2638888889,0.3472222222,-3.749022713860e-07
3.3333333333,0.3472222222,-4.063450910040e-07
3.4027777778,0.3472222222,-4.387086196690e-07
3.4722222222,0.3472222222,-4.728516917600e-07
3.5416666667,0.3472222222,-5.088423219800e-07
3.6111111111,0.3472222222,-5.453290207700e-07
3.6805555556,0.3472222222,-5.811651749400e-07
3.7500000000,0.3472222222,-6.157922643900e-07
3.8194444444,0.3472222222,-6.473093753100e-07
3.8888888889,0.3472222222,-6.721707891800e-07
3.9583333333,0.3472222222,-6.886339060600e-07
4.0277777778,0.3472222222,-6.997378466700e-07
4.0972222222,0.3472222222,-7.112500431850e-07
4.1666666667,0.3472222222,-7.267271180840e-07
4.2361111111,0.3472222222,-7.453364462330e-07
4.3055555556,0.3472222222,-7.636959702410e-07
4.3750000000,0.3472222222,-7.785771112540e-07
4.4444444444,0.3472222222,-7.890841155290e-07
4.5138888889,0.3472222222,-7.991910006540e-07
4.5833333333,0.3472222222,-8.183736100790e-07
4.6527777778,0.3472222222,-8.558939485210e-07
4.7222222222,0.3472222222,-9.110946115840e-07
4.7916666667,0.3472222222,-9.703848503800e-07
4.8611111111,0.3472222222,-1.016755045040e-06
4.9305555556,0.3472222222,-1.042380683040e-06
5.0000000000,0.3472222222,-1.049907503150e-06
5.0694444444,0.3472222222,-1.042376879760e-06
5.1388888889,0.3472222222,-1.016748094900e-06
5.2083333333,0.3472222222,-9.703758887600e-07
5.2777777778,0.3472222222,-9.110849627540e-07
5.3472222222,0.3472222222,-8.558848075640e-07
5.4166666667,0.3472222222,-8.183657967040e-07
5.4861111111,0.3472222222,-7.991848553100e-07
5.5555555556,0.3472222222,-7.890795488810e-07
5.6250000000,0.3472222222,-7.785737669120e-07
5.6944444444,0.3472222222,-7.636934254950e-07
5.7638888889,0.3472222222,-7.453343776320e-07
5.8333333333,0.3472222222,-7.267253796530e-07
5.9027777778,0.3472222222,-7.112486472940e-07
5.9722222222,0.3472222222,-6.997368784300e-07
6.0416666667,0.3472222222,-6.886334215000e-07
6.1111111111,0.3472222222,-6.721707476700e-07
6.1805555556,0.3472222222,-6.473096327500e-07
6.2500000000,0.3472222222,-6.157926228900e-07
6.3194444444,0.3472222222,-5.811654592800e-07
6.3888888889,0.3472222222,-5.453291428900e-07
6.4583333333,0.3472222222,-5.088423037000e-07
6.5277777778,0.3472222222,-4.728516379700e-07
6.5972222222,0.3472222222,-4.387086567590e-07
6.6666666667,0.3472222222,-4.063453021050e-07
6.7361111111,0.3472222222,-3.749026584220e-07
6.8055555556,0.3472222222,-3.444921591710e-07
6.8750000000,0.3472222222,-3.150267802920e-07
6.9444444444,0.3472222222,-2.833827208680e-07
7.0138888889,0.3472222222,-2.452054757140e-07
7.0833333333,0.3472222222,-2.019457098850e-07
7.1527777778,0.3472222222,-1.639611331705e-07
7.2222222222,0.3472222222,-1.427975167077e-07
7.2916666667,0.3472222222,-1.397494604919e-07
7.3611111111,0.3472222222,-1.442930043495e-07
7.4305555556,0.3472222222,-1.444879766995e-07
7.5000000000,0.3472222222,-1.368950097880e-07
7.5694444444,0.3472222222,-1.255295550970e-07
7.6388888889,0.3472222222,-1.141475823340e-07
7.7083333333,0.3472222222,-1.029437384590e-07
7.7777777778,0.3472222222,-9.195918117800e-08
7.8472222222,0.3472222222,-8.376401050700e-08
7.9166666667,0.3472222222,-8.076896466500e-08
7.9861111111,0.3472222222,-8.146704323800e-08
8.0555555556,0.3472222222,-8.111011053090e-08
8.1250000000,0.3472222222,-7.553747241830e-08
8.1944444444,0.3472222222,-6.334517783440e-08
8.2638888889,0.3472222222,-4.545945476510e-08
8.3333333333,0.3472222222,-2.478600419301e-08
8.4027777778,0.3472222222,-6.454400214870e-09
8.4722222222,0.3472222222,3.815012158000e-09
8.5416666667,0.3472222222,3.633114072100e-09
8.6111111111,0.3472222222,-3.561047331100e-09
8.6805555556,0.3472222222,-1.073289223800e-08
8.7500000000,0.3472222222,-1.267953034440e-08
8.8194444444,0.3472222222,-9.830454629860e-09
8.8888888889,0.3472222222,-7.154573083900e-09
8.9583333333,0.3472222222,-9.144736889000e-09
9.0277777778,0.3472222222,-1.525076705490e-08
9.0972222222,0.3472222222,-2.022988813580e-08
9.1666666667,0.3472222222,-1.955177166130e-08
9.2361111111,0.3472222222,-1.412417997560e-08
9.3055555556,0.3472222222,-8.377601127800e-09
9.3750000000,0.3472222222,-3.843088888300e-09
9.4444444444,0.3472222222,2.617169994190e-09
9.5138888889,0.3472222222,1.225270146094e-08
9.5833333333,0.3472222222,1.881025711675e-08
9.6527777778,0.3472222222,1.455569606826e-08
9.7222222222,0.3472222222,2.707212882350e-09
9.7916666667,0.3472222222,-1.482057943100e-09
9.8611111111,0.3472222222,1.299309491400e-08
9.9305555556,0.3472222222,3.733193509300e-08
0.0000000000,0.4166666667,5.366149822100e-08
0.0694444444,0.4166666667,3.968476910300e-08
0.1388888889,0.4166666667,1.197362536000e-08
0.2083333333,0.4166666667,-2.689807979100e-09
0.2777777778,0.4166666667,6.321710252290e-09
0.3472222222,0.4166666667,2.487322578559e-08
0.4166666667,0.4166666667,3.248138913580e-08
0.4861111111,0.4166666667,2.337876738968e-08
0.5555555556,0.4166666667,7.383017300365e-09
0.6250000000,0.4166666667,-4.891761829780e-09
0.6944444444,0.4166666667,-1.189826002830e-08
0.7638888889,0.4166666667,-1.717755745690e-08
0.8333333333,0.4166666667,-2.133897214950e-08
0.9027777778,0.4166666667,-2.137287479380e-08
0.9722222222,0.4166666667,-1.605685793240e-08
1.0416666667,0.4166666667,-8.810393070000e-09
1.1111111111,0.4166666667,-4.567523565070e-09
1.1805555556,0.4166666667,-5.093837535180e-09
1.2500000000,0.4166666667,-7.932371698900e-09
1.3194444444,0.4166666667,-9.444537021600e-09
1.3888888889,0.4166666667,-8.666786024000e-09
1.4583333333,0.4166666667,-8.529990886800e-09
1.5277777778,0.4166666667,-1.340018561110e-08
1.5972222222,0.4166666667,-2.516568173676e-08
1.6666666667,0.4166666667,-4.158844959872e-08
1.7361111111,0.4166666667,-5.826503899300e-08
1.8055555556,0.4166666667,-7.161335842320e-08
1.8750000000,0.4166666667,-7.991673712690e-08
1.9444444444,0.4166666667,-8.296000913400e-08
2.0138888889,0.4166666667,-8.244550433000e-08
2.0833333333,0.4166666667,-8.247681323900e-08
2.1527777778,0.4166666667,-8.743269462600e-08
2.2222222222,0.4166666667,-9.821401551300e-08
2.2916666667,0.4166666667,-1.118052273440e-07
2.3611111111,0.4166666667,-1.255750364280e-07
2.4305555556,0.4166666667,-1.405052914030e-07
2.5000000000,0.4166666667,-1.581679543000e-07
2.5694444444,0.4166666667,-1.756513532630e-07
2.6388888889,0.4166666667,-1.870600822575e-07
2.7083333333,0.4166666667,-1.914625814330e-07
2.7777777778,0.4166666667,-1.968380243723e-07
2.8472222222,0.4166666667,-2.134015253365e-07
2.9166666667,0.4166666667,-2.435489067476e-07
2.9861111111,0.4166666667,-2.803287351690e-07
3.0555555556,0.4166666667,-3.153020341510e-07
3.1250000000,0.4166666667,-3.455146104420e-07
3.1944444444,0.4166666667,-3.727390726920e-07
3.2638888889,0.4166666667,-3.992500624420e-07
3.3333333333,0.4166666667,-4.268483545470e-07
3.4027777778,0.4166666667,-4.583793914020e-07
3.4722222222,0.4166666667,-4.968744863140e-07
3.5416666667,0.4166666667,-5.424211316480e-07
3.6111111111,0.4166666667,-5.914491683500e-07
3.6805555556,0.4166666667,-6.395589348400e-07
3.7500000000,0.4166666667,-6.837186122900e-07
3.8194444444,0.4166666667,-7.215079849700e-07
3.8888888889,0.4166666667,-7.505108408100e-07
3.9583333333,0.4166666667,-7.704900268100e-07
4.0277777778,0.4166666667,-7.854306520650e-07
4.0972222222,0.4166666667,-8.014806303870e-07
4.1666666667,0.4166666667,-8.224161538090e-07
4.2361111111,0.4166666667,-8.477509256360e-07
4.3055555556,0.4166666667,-8.748678228700e-07
4.3750000000,0.4166666667,-9.019581751820e-07
4.4444444444,0.4166666667,-9.295627021330e-07
4.5138888889,0.4166666667,-9.612779065900e-07
4.5833333333,0.4166666667,-1.002934419614e-06
4.6527777778,0.4166666667,-1.058003238523e-06
4.7222222222,0.4166666667,-1.121452561945e-06
4.7916666667,0.4166666667,-1.179709665670e-06
4.8611111111,0.4166666667,-1.219860659830e-06
4.9305555556,0.4166666667,-1.239307745190e-06
5.0000000000,0.4166666667,-1.244367611530e-06
5.0694444444,0.4166666667,-1.239305112190e-06
5.1388888889,0.4166666667,-1.219855858620e-06
5.2083333333,0.4166666667,-1.179703501860e-06
5.2777777778,0.4166666667,-1.121445974110e-06
5.3472222222,0.4166666667,-1.057997068238e-06
5.4166666667,0.4166666667,-1.002929238187e-06
5.4861111111,0.4166666667,-9.612739409550e-07
5.5555555556,0.4166666667,-9.295598705940e-07
5.6250000000,0.4166666667,-9.019562054860e-07
5.6944444444,0.4166666667,-8.748663979020e-07
5.7638888889,0.4166666667,-8.477498028480e-07
5.8333333333,0.4166666667,-8.224152215310e-07
5.9027777778,0.4166666667,-8.014798949220e-07
5.9722222222,0.4166666667,-7.854301758080e-07
6.0416666667,0.4166666667,-7.704898547000e-07
6.1111111111,0.4166666667,-7.505109509300e-07
6.1805555556,0.4166666667,-7.215082823000e-07
6.2500000000,0.4166666667,-6.837189631400e-07
6.3194444444,0.4166666667,-6.395592205600e-07
6.3888888889,0.4166666667,-5.914493309900e-07
6.4583333333,0.4166666667,-5.424211903440e-07
6.5277777778,0.4166666667,-4.968745185150e-07
6.5972222222,0.4166666667,-4.583794890680e-07
6.6666666667,0.4166666667,-4.268485779620e-07
6.7361111111,0.4166666667,-3.992504133260e-07
6.8055555556,0.4166666667,-3.727394973770e-07
6.8750000000,0.4166666667,-3.455150292200e-07
6.9444444444,0.4166666667,-3.153023803590e-07
7.0138888889,0.4166666667,-2.803289857230e-07
7.0833333333,0.4166666667,-2.435490904437e-07
7.1527777778,0.4166666667,-2.134017059345e-07
7.2222222222,0.4166666667,-1.968382678069e-07
7.2916666667,0.4166666667,-1.914629230416e-07
7.3611111111,0.4166666667,-1.870605105041e-07
7.4305555556,0.4166666667,-1.756518174270e-07
7.5000000000,0.4166666667,-1.581683909430e-07
7.5694444444,0.4166666667,-1.405056556800e-07
7.6388888889,0.4166666667,-1.255753222990e-07
7.7083333333,0.4166666667,-1.118054679830e-07
7.7777777778,0.4166666667,-9.821426485100e-08
7.8472222222,0.4166666667,-8.743299980900e-08
7.9166666667,0.4166666667,-8.247719142000e-08
7.9861111111,0.4166666667,-8.244593475900e-08
8.0555555556,0.4166666667,-8.296044382940e-08
8.1250000000,0.4166666667,-7.991712466770e-08
8.1944444444,0.4166666667,-7.161366865340e-08
8.2638888889,0.4166666667,-5.826527684930e-08
8.3333333333,0.4166666667,-4.158865133066e-08
8.4027777778,0.4166666667,-2.516589596365e-08
8.4722222222,0.4166666667,-1.340044894180e-08
8.5416666667,0.4166666667,-8.530310104100e-09
8.6111111111,0.4166666667,-8.667135278400e-09
8.6805555556,0.4166666667,-9.444871067100e-09
8.7500000000,0.4166666667,-7.932648629900e-09
8.8194444444,0.4166666667,-5.094039338820e-09
8.8888888889,0.4166666667,-4.567664548670e-09
8.9583333333,0.4166666667,-8.810512285900e-09
9.0277777778,0.4166666667,-1.605699933100e-08
9.0972222222,0.4166666667,-2.137306537630e-08
9.1666666667,0.4166666667,-2.133920831190e-08
9.2361111111,0.4166666667,-1.717780664420e-08
9.3055555556,0.4166666667,-1.189847639710e-08
9.3750000000,0.4166666667,-4.891908957110e-09
9.4444444444,0.4166666667,7.382948212838e-09
9.5138888889,0.4166666667,2.337875301222e-08
9.5833333333,0.4166666667,3.248138610650e-08
9.6527777778,0.4166666667,2.487319306265e-08
9.7222222222,0.4166666667,6.321629644410e-09
9.7916666667,0.4166666667,-2.689923380000e-09
9.8611111111,0.4166666667,1.197351173800e-08
9.9305555556,0.4166666667,3.968469880100e-08
0.0000000000,0.4861111111,3.305953771600e-08
0.0694444444,0.4861111111,2.234664675100e-08
0.1388888889,0.4861111111,2.676146967000e-09
0.2083333333,0.4861111111,-3.104981553500e-09
0.2777777778,0.4861111111,1.223598323840e-08
0.3472222222,0.4861111111,3.345386965970e-08
0.4166666667,0.4861111111,4.087446481790e-08
0.4861111111,0.4861111111,2.999804196104e-08
0.5555555556,0.4861111111,1.151855209898e-08
0.6250000000,0.4861111111,-3.222806066370e-09
0.6944444444,0.4861111111,-1.172779853860e-08
0.7638888889,0.4861111111,-1.677097871980e-08
0.8333333333,0.4861111111,-1.919255997140e-08
0.9027777778,0.4861111111,-1.728037127610e-08
0.9722222222,0.4861111111,-1.115006343380e-08
1.0416666667,0.4861111111,-4.538067193400e-09
1.1111111111,0.4861111111,-1.831692939100e-09
1.1805555556,0.4861111111,-4.583093707048e-09
1.2500000000,0.4861111111,-1.112481478412e-08
1.3194444444,0.4861111111,-1.867228776540e-08
1.3888888889,0.4861111111,-2.552657653630e-08
1.4583333333,0.4861111111,-3.192236309174e-08
1.5277777778,0.4861111111,-3.923152743114e-08
1.5972222222,0.4861111111,-4.825648109956e-08
1.6666666667,0.4861111111,-5.823152298950e-08
1.7361111111,0.4861111111,-6.745949342990e-08
1.8055555556,0.4861111111,-7.449382544310e-08
1.8750000000,0.4861111111,-7.844471610440e-08
1.9444444444,0.4861111111,-7.904958562300e-08
2.0138888889,0.4861111111,-7.778813674700e-08
2.0833333333,0.4861111111,-7.868172065810e-08
2.1527777778,0.4861111111,-8.610723752430e-08
2.2222222222,0.4861111111,-1.008237489500e-07
2.2916666667,0.4861111111,-1.193740534740e-07
2.3611111111,0.4861111111,-1.386118659270e-07
2.4305555556,0.4861111111,-1.595896191090e-07
2.5000000000,0.4861111111,-1.848518259870e-07
2.5694444444,0.4861111111,-2.123737512990e-07
2.6388888889,0.4861111111,-2.352243431590e-07
2.7083333333,0.4861111111,-2.489310790824e-07
2.7777777778,0.4861111111,-2.575452435134e-07
2.8472222222,0.4861111111,-2.702725747426e-07
2.9166666667,0.4861111111,-2.925341407160e-07
2.9861111111,0.4861111111,-3.219203215810e-07
3.0555555556,0.4861111111,-3.522947277450e-07
3.1250000000,0.4861111111,-3.794618585000e-07
3.1944444444,0.4861111111,-4.025363230270e-07
3.2638888889,0.4861111111,-4.228278129170e-07
3.3333333333,0.4861111111,-4.440603077360e-07
3.4027777778,0.4861111111,-4.725982864940e-07
3.4722222222,0.4861111111,-5.143063347150e-07
3.5416666667,0.4861111111,-5.697721371580e-07
3.6111111111,0.4861111111,-6.333164489620e-07
3.6805555556,0.4861111111,-6.969704506020e-07
3.7500000000,0.4861111111,-7.547151085800e-07
3.8194444444,0.4861111111,-8.034156613800e-07
3.8888888889,0.4861111111,-8.422829318800e-07
3.9583333333,0.4861111111,-8.734673414690e-07
4.0277777778,0.4861111111,-9.022776529730e-07
4.0972222222,0.4861111111,-9.345011351560e-07
4.1666666667,0.4861111111,-9.726186370120e-07
4.2361111111,0.4861111111,-1.015126732250e-06
4.3055555556,0.4861111111,-1.059409284620e-06
4.3750000000,0.4861111111,-1.104460351200e-06
4.4444444444,0.4861111111,-1.151224415316e-06
4.5138888889,0.4861111111,-1.201833071334e-06
4.5833333333,0.4861111111,-1.258524072754e-06
4.6527777778,0.4861111111,-1.320945120350e-06
4.7222222222,0.4861111111,-1.382892303160e-06
4.7916666667,0.4861111111,-1.433469186730e-06
4.8611111111,0.4861111111,-1.464525314280e-06
4.9305555556,0.4861111111,-1.477384139460e-06
5.0000000000,0.4861111111,-1.480130646180e-06
5.0694444444,0.4861111111,-1.477384013960e-06
5.1388888889,0.4861111111,-1.464525102410e-06
5.2083333333,0.4861111111,-1.433468956460e-06
5.2777777778,0.4861111111,-1.382892131090e-06
5.3472222222,0.4861111111,-1.320945072030e-06
5.4166666667,0.4861111111,-1.258524181943e-06
5.4861111111,0.4861111111,-1.201833335751e-06
5.5555555556,0.4861111111,-1.151224800959e-06
5.6250000000,0.4861111111,-1.104460807500e-06
5.6944444444,0.4861111111,-1.059409759700e-06
5.7638888889,0.4861111111,-1.015127186660e-06
5.8333333333,0.4861111111,-9.726190500910e-07
5.9027777778,0.4861111111,-9.345015042570e-07
5.9722222222,0.4861111111,-9.022779870090e-07
6.0416666667,0.4861111111,-8.734676523700e-07
6.1111111111,0.4861111111,-8.422832279600e-07
6.1805555556,0.4861111111,-8.034159448500e-07
6.2500000000,0.4861111111,-7.547153772700e-07
6.3194444444,0.4861111111,-6.969707018010e-07
6.3888888889,0.4861111111,-6.333166835250e-07
6.4583333333,0.4861111111,-5.697723615020e-07
6.5277777778,0.4861111111,-5.143065598960e-07
6.5972222222,0.4861111111,-4.725985239200e-07
6.6666666667,0.4861111111,-4.440605645850e-07
6.7361111111,0.4861111111,-4.228280897570e-07
6.8055555556,0.4861111111,-4.025366145900e-07
6.8750000000,0.4861111111,-3.794621569050e-07
6.9444444444,0.4861111111,-3.522950259160e-07
7.0138888889,0.4861111111,-3.219206163250e-07
7.0833333333,0.4861111111,-2.925344340380e-07
7.1527777778,0.4861111111,-2.702728728431e-07
7.2222222222,0.4861111111,-2.575455535790e-07
7.2916666667,0.4861111111,-2.489314050094e-07
7.3611111111,0.4861111111,-2.352246830930e-07
7.4305555556,0.4861111111,-2.123740985690e-07
7.5000000000,0.4861111111,-1.848521725710e-07
7.5694444444,0.4861111111,-1.595899595550e-07
7.6388888889,0.4861111111,-1.386121992560e-07
7.7083333333,0.4861111111,-1.193743826860e-07
7.7777777778,0.4861111111,-1.008240788950e-07
7.8472222222,0.4861111111,-8.610757214700e-08
7.9166666667,0.4861111111,-7.868206070330e-08
7.9861111111,0.4861111111,-7.778847897800e-08
8.0555555556,0.4861111111,-7.904992383920e-08
8.1250000000,0.4861111111,-7.844504383820e-08
8.1944444444,0.4861111111,-7.449413864490e-08
8.2638888889,0.4861111111,-6.745979210200e-08
8.3333333333,0.4861111111,-5.823181065170e-08
8.4027777778,0.4861111111,-4.825676259007e-08
8.4722222222,0.4861111111,-3.923180622031e-08
8.5416666667,0.4861111111,-3.192263939640e-08
8.6111111111,0.4861111111,-2.552684702670e-08
8.6805555556,0.4861111111,-1.867254697400e-08
8.7500000000,0.4861111111,-1.112505782784e-08
8.8194444444,0.4861111111,-4.583318550967e-09
8.8888888889,0.4861111111,-1.831901285750e-09
8.9583333333,0.4861111111,-4.538263563800e-09
9.0277777778,0.4861111111,-1.115025273180e-08
9.0972222222,0.4861111111,-1.728055633060e-08
9.1666666667,0.4861111111,-1.919273971860e-08
9.2361111111,0.4861111111,-1.677114833650e-08
9.3055555556,0.4861111111,-1.172795117770e-08
9.3750000000,0.4861111111,-3.222936161060e-09
9.4444444444,0.4861111111,1.151844584233e-08
9.5138888889,0.4861111111,2.999795561899e-08
9.5833333333,0.4861111111,4.087439151000e-08
9.6527777778,0.4861111111,3.345380367660e-08
9.7222222222,0.4861111111,1.223592305580e-08
9.7916666667,0.4861111111,-3.105032953900e-09
9.8611111111,0.4861111111,2.676109254000e-09
9.9305555556,0.4861111111,2.234662681100e-08
0.0000000000,0.5555555556,5.594425419000e-09
0.0694444444,0.5555555556,1.058153350000e-09
0.1388888889,0.5555555556,-4.933518370000e-09
0.2083333333,0.5555555556,4.616682056000e-10
0.2777777778,0.5555555556,1.827055032578e-08
0.3472222222,0.5555555556,3.527255121096e-08
0.4166666667,0.5555555556,3.835259279982e-08
0.4861111111,0.5555555556,2.720919814976e-08
0.5555555556,0.5555555556,1.157443205901e-08
0.6250000000,0.5555555556,-3.010871744400e-10
0.6944444444,0.5555555556,-6.966501688800e-09
0.7638888889,0.5555555556,-9.793163530000e-09
0.8333333333,0.5555555556,-8.782907544500e-09
0.9027777778,0.5555555556,-4.042815838900e-09
0.9722222222,0.5555555556,1.391806302300e-09
1.0416666667,0.5555555556,3.022656162500e-09
1.1111111111,0.5555555556,-1.110863893090e-09
1.1805555556,0.5555555556,-9.298209637900e-09
1.2500000000,0.5555555556,-1.874304856725e-08
1.3194444444,0.5555555556,-2.801585363960e-08
1.3888888889,0.5555555556,-3.697034335260e-08
1.4583333333,0.5555555556,-4.554930846950e-08
1.5277777778,0.5555555556,-5.339324522720e-08
1.5972222222,0.5555555556,-6.014647469770e-08
1.6666666667,0.5555555556,-6.561984121420e-08
1.7361111111,0.5555555556,-6.969212712500e-08
1.8055555556,0.5555555556,-7.209235023290e-08
1.8750000000,0.5555555556,-7.224306267630e-08
1.9444444444,0.5555555556,-6.992264023920e-08
2.0138888889,0.5555555556,-6.701402165320e-08
2.0833333333,0.5555555556,-6.832138558340e-08
2.1527777778,0.5555555556,-7.895291981540e-08
2.2222222222,0.5555555556,-9.982178007530e-08
2.2916666667,0.5555555556,-1.266596166930e-07
2.3611111111,0.5555555556,-1.546914680900e-07
2.4305555556,0.5555555556,-1.835112427220e-07
2.5000000000,0.5555555556,-2.155495156970e-07
2.5694444444,0.5555555556,-2.499538794780e-07
2.6388888889,0.5555555556,-2.805585814530e-07
2.7083333333,0.5555555556,-3.016353656230e-07
2.7777777778,0.5555555556,-3.145496779390e-07
2.8472222222,0.5555555556,-3.269140336120e-07
2.9166666667,0.5555555556,-3.453509697050e-07
2.9861111111,0.5555555556,-3.703168851570e-07
3.0555555556,0.5555555556,-3.974965681780e-07
3.1250000000,0.5555555556,-4.221956842580e-07
3.1944444444,0.5555555556,-4.420473288180e-07
3.2638888889,0.5555555556,-4.580747726870e-07
3.3333333333,0.5555555556,-4.756354419480e-07
3.4027777778,0.5555555556,-5.036065061419e-07
3.4722222222,0.5555555556,-5.497734390480e-07
3.5416666667,0.5555555556,-6.152128007890e-07
3.6111111111,0.5555555556,-6.931878104500e-07
3.6805555556,0.5555555556,-7.736336022380e-07
3.7500000000,0.5555555556,-8.485451580780e-07
3.8194444444,0.5555555556,-9.141918087920e-07
3.8888888889,0.5555555556,-9.708782069760e-07
3.9583333333,0.5555555556,-1.022343701953e-06
4.0277777778,0.5555555556,-1.074269089486e-06
4.0972222222,0.5555555556,-1.130954997744e-06
4.1666666667,0.5555555556,-1.192485060200e-06
4.2361111111,0.5555555556,-1.255599172890e-06
4.3055555556,0.5555555556,-1.317343168540e-06
4.3750000000,0.5555555556,-1.377248159370e-06
4.4444444444,0.5555555556,-1.436358993320e-06
4.5138888889,0.5555555556,-1.495589575330e-06
4.5833333333,0.5555555556,-1.555219742660e-06
4.6527777778,0.5555555556,-1.614095164520e-06
4.7222222222,0.5555555556,-1.667918874160e-06
4.7916666667,0.5555555556,-1.709773743610e-06
4.8611111111,0.5555555556,-1.734900952380e-06
4.9305555556,0.5555555556,-1.745275912420e-06
5.0000000000,0.5555555556,-1.747519761290e-06
5.0694444444,0.5555555556,-1.745278371420e-06
5.1388888889,0.5555555556,-1.734905462210e-06
5.2083333333,0.5555555556,-1.709779596620e-06
5.2777777778,0.5555555556,-1.667925245130e-06
5.3472222222,0.5555555556,-1.614101307180e-06
5.4166666667,0.5555555556,-1.555225134850e-06
5.4861111111,0.5555555556,-1.495593986280e-06
5.5555555556,0.5555555556,-1.436362454130e-06
5.6250000000,0.5555555556,-1.377250866850e-06
5.6944444444,0.5555555556,-1.317345363170e-06
5.7638888889,0.5555555556,-1.255601038470e-06
5.8333333333,0.5555555556,-1.192486677390e-06
5.9027777778,0.5555555556,-1.130956356261e-06
5.9722222222,0.5555555556,-1.074270140483e-06
6.0416666667,0.5555555556,-1.022344418575e-06
6.1111111111,0.5555555556,-9.708786241780e-07
6.1805555556,0.5555555556,-9.141920254310e-07
6.2500000000,0.5555555556,-8.485453049730e-07
6.3194444444,0.5555555556,-7.736337940270e-07
6.3888888889,0.5555555556,-6.931881060490e-07
6.4583333333,0.5555555556,-6.152131902600e-07
6.5277777778,0.5555555556,-5.497738613304e-07
6.5972222222,0.5555555556,-5.036068863145e-07
6.6666666667,0.5555555556,-4.756357304180e-07
6.7361111111,0.5555555556,-4.580749685730e-07
6.8055555556,0.5555555556,-4.420474778450e-07
6.8750000000,0.5555555556,-4.221958542500e-07
6.9444444444,0.5555555556,-3.974968149270e-07
7.0138888889,0.5555555556,-3.703172262710e-07
7.0833333333,0.5555555556,-3.453513787540e-07
7.1527777778,0.5555555556,-3.269144557570e-07
7.2222222222,0.5555555556,-3.145500581190e-07
7.2916666667,0.5555555556,-3.016356744050e-07
7.3611111111,0.5555555556,-2.805588273420e-07
7.4305555556,0.5555555556,-2.499541025990e-07
7.5000000000,0.5555555556,-2.155497667860e-07
7.5694444444,0.5555555556,-1.835115579370e-07
7.6388888889,0.5555555556,-1.546918515000e-07
7.7083333333,0.5555555556,-1.266600391030e-07
7.7777777778,0.5555555556,-9.982219430300e-08
7.8472222222,0.5555555556,-7.895328425170e-08
7.9166666667,0.5555555556,-6.832168394490e-08
7.9861111111,0.5555555556,-6.701426957680e-08
8.0555555556,0.5555555556,-6.992287594180e-08
8.1250000000,0.5555555556,-7.224332725750e-08
8.1944444444,0.5555555556,-7.209266710450e-08
8.2638888889,0.5555555556,-6.969249086960e-08
8.3333333333,0.5555555556,-6.562022061960e-08
8.4027777778,0.5555555556,-6.014682829590e-08
8.4722222222,0.5555555556,-5.339354148470e-08
8.5416666667,0.5555555556,-4.554954065260e-08
8.6111111111,0.5555555556,-3.697053186740e-08
8.6805555556,0.5555555556,-2.801603496140e-08
8.7500000000,0.5555555556,-1.874325685475e-08
8.8194444444,0.5555555556,-9.298459699180e-09
8.8888888889,0.5555555556,-1.111144070920e-09
8.9583333333,0.5555555556,3.022377914600e-09
9.0277777778,0.5555555556,1.391566482800e-09
9.0972222222,0.5555555556,-4.042994396900e-09
9.1666666667,0.5555555556,-8.783026529200e-09
9.2361111111,0.5555555556,-9.793247814900e-09
9.3055555556,0.5555555556,-6.966586246000e-09
9.3750000000,0.5555555556,-3.011995111400e-10
9.4444444444,0.5555555556,1.157428537177e-08
9.5138888889,0.5555555556,2.720903430952e-08
9.5833333333,0.5555555556,3.835244421818e-08
9.6527777778,0.5555555556,3.527244982083e-08
9.7222222222,0.5555555556,1.827051192195e-08
9.7916666667,0.5555555556,4.616845694000e-10
9.8611111111,0.5555555556,-4.933476020000e-09
9.9305555556,0.5555555556,1.058186400000e-09
0.0000000000,0.6250000000,-7.556989952000e-09
0.0694444444,0.6250000000,-7.114657919400e-09
0.1388888889,0.6250000000,-3.261674496860e-09
0.2083333333,0.6250000000,6.926825563785e-09
0.2777777778,0.6250000000,1.989687762810e-08
0.3472222222,0.6250000000,2.723775393680e-08
0.4166666667,0.6250000000,2.434856258729e-08
0.4861111111,0.6250000000,1.477448755570e-08
0.5555555556,0.6250000000,5.311254572770e-09
0.6250000000,0.6250000000,-5.024261845000e-10
0.6944444444,0.6250000000,-2.520573151900e-09
0.7638888889,0.6250000000,-4.537557314000e-10
0.8333333333,0.6250000000,5.992711270810e-09
0.9027777778,0.6250000000,1.358935963874e-08
0.9722222222,0.6250000000,1.576565688678e-08
1.0416666667,0.6250000000,8.540275500890e-09
1.1111111111,0.6250000000,-4.900085487300e-09
1.1805555556,0.6250000000,-1.725125870830e-08
1.2500000000,0.6250000000,-2.431592472670e-08
1.3194444444,0.6250000000,-2.803675776100e-08
1.3888888889,0.6250000000,-3.288261820000e-08
1.4583333333,0.6250000000,-4.087470841200e-08
1.5277777778,0.6250000000,-5.048572028500e-08
1.5972222222,0.6250000000,-5.899174817500e-08
1.6666666667,0.6250000000,-6.472981234800e-08
1.7361111111,0.6250000000,-6.739975837500e-08
1.8055555556,0.6250000000,-6.715134575500e-08
1.8750000000,0.6250000000,-6.401064192080e-08
1.9444444444,0.6250000000,-5.868850827590e-08
2.0138888889,0.6250000000,-5.436480819150e-08
2.0833333333,0.6250000000,-5.708848625120e-08
2.1527777778,0.6250000000,-7.263770484930e-08
2.2222222222,0.6250000000,-1.016903302051e-07
2.2916666667,0.6250000000,-1.386635846226e-07
2.3611111111,0.6250000000,-1.765570557850e-07
2.4305555556,0.6250000000,-2.127822426300e-07
2.5000000000,0.6250000000,-2.490880792900e-07
2.5694444444,0.6250000000,-2.860324463090e-07
2.6388888889,0.6250000000,-3.196940451980e-07
2.7083333333,0.6250000000,-3.453306815350e-07
2.7777777778,0.6250000000,-3.633044916320e-07
2.8472222222,0.6250000000,-3.796164557430e-07
2.9166666667,0.6250000000,-4.004717025580e-07
2.9861111111,0.6250000000,-4.273218313860e-07
3.0555555556,0.6250000000,-4.570259775710e-07
3.1250000000,0.6250000000,-4.853501870640e-07
3.1944444444,0.6250000000,-5.100363464760e-07
3.2638888889,0.6250000000,-5.325310997970e-07
3.3333333333,0.6250000000,-5.587652588408e-07
3.4027777778,0.6250000000,-5.976681911146e-07
3.4722222222,0.6250000000,-6.564507035727e-07
3.5416666667,0.6250000000,-7.355739828598e-07
3.6111111111,0.6250000000,-8.280563696370e-07
3.6805555556,0.6250000000,-9.237869452830e-07
3.7500000000,0.6250000000,-1.014750191177e-06
3.8194444444,0.6250000000,-1.097534256499e-06
3.8888888889,0.6250000000,-1.173274004175e-06
3.9583333333,0.6250000000,-1.246393632956e-06
4.0277777778,0.6250000000,-1.322017476150e-06
4.0972222222,0.6250000000,-1.402344066200e-06
4.1666666667,0.6250000000,-1.484814911550e-06
4.2361111111,0.6250000000,-1.564413175780e-06
4.3055555556,0.6250000000,-1.637856599830e-06
4.3750000000,0.6250000000,-1.705083918770e-06
4.4444444444,0.6250000000,-1.767196076360e-06
4.5138888889,0.6250000000,-1.824517104490e-06
4.5833333333,0.6250000000,-1.877067423210e-06
4.6527777778,0.6250000000,-1.925228675160e-06
4.7222222222,0.6250000000,-1.968364127490e-06
4.7916666667,0.6250000000,-2.003544212150e-06
4.8611111111,0.6250000000,-2.027483894560e-06
4.9305555556,0.6250000000,-2.039904209540e-06
5.0000000000,0.6250000000,-2.043475336030e-06
5.0694444444,0.6250000000,-2.039908026620e-06
5.1388888889,0.6250000000,-2.027490876150e-06
5.2083333333,0.6250000000,-2.003553229440e-06
5.2777777778,0.6250000000,-1.968373865130e-06
5.3472222222,0.6250000000,-1.925237949390e-06
5.4166666667,0.6250000000,-1.877075418580e-06
5.4861111111,0.6250000000,-1.824523477860e-06
5.5555555556,0.6250000000,-1.767200909270e-06
5.6250000000,0.6250000000,-1.705087558060e-06
5.6944444444,0.6250000000,-1.637859457770e-06
5.7638888889,0.6250000000,-1.564415567400e-06
5.8333333333,0.6250000000,-1.484816978030e-06
5.9027777778,0.6250000000,-1.402345793970e-06
5.9722222222,0.6250000000,-1.322018782750e-06
6.0416666667,0.6250000000,-1.246394466466e-06
6.1111111111,0.6250000000,-1.173274409132e-06
6.1805555556,0.6250000000,-1.097534379197e-06
6.2500000000,0.6250000000,-1.014750230126e-06
6.3194444444,0.6250000000,-9.237870749850e-07
6.3888888889,0.6250000000,-8.280566771980e-07
6.4583333333,0.6250000000,-7.355744465269e-07
6.5277777778,0.6250000000,-6.564512205981e-07
6.5972222222,0.6250000000,-5.976686378055e-07
6.6666666667,0.6250000000,-5.587655537565e-07
6.7361111111,0.6250000000,-5.325312410500e-07
6.8055555556,0.6250000000,-5.100364078920e-07
6.8750000000,0.6250000000,-4.853502781550e-07
6.9444444444,0.6250000000,-4.570261886670e-07
7.0138888889,0.6250000000,-4.273221914200e-07
7.0833333333,0.6250000000,-4.004721692820e-07
7.1527777778,0.6250000000,-3.796169405410e-07
7.2222222222,0.6250000000,-3.633049049210e-07
7.2916666667,0.6250000000,-3.453309754400e-07
7.3611111111,0.6250000000,-3.196942339990e-07
7.4305555556,0.6250000000,-2.860325961600e-07
7.5000000000,0.6250000000,-2.490882735080e-07
7.5694444444,0.6250000000,-2.127825402460e-07
7.6388888889,0.6250000000,-1.765574633880e-07
7.7083333333,0.6250000000,-1.386640549398e-07
7.7777777778,0.6250000000,-1.016907872218e-07
7.8472222222,0.6250000000,-7.263808190790e-08
7.9166666667,0.6250000000,-5.708875792610e-08
7.9861111111,0.6250000000,-5.436500084310e-08
8.0555555556,0.6250000000,-5.868868487660e-08
8.1250000000,0.6250000000,-6.401086992110e-08
8.1944444444,0.6250000000,-6.715166365100e-08
8.2638888889,0.6250000000,-6.740015757800e-08
8.3333333333,0.6250000000,-6.473024230800e-08
8.4027777778,0.6250000000,-5.899214178300e-08
8.4722222222,0.6250000000,-5.048602669800e-08
8.5416666667,0.6250000000,-4.087491710000e-08
8.6111111111,0.6250000000,-3.288276266200e-08
8.6805555556,0.6250000000,-2.803689748800e-08
8.7500000000,0.6250000000,-2.431611516420e-08
8.8194444444,0.6250000000,-1.725152362940e-08
8.8888888889,0.6250000000,-4.900405613500e-09
8.9583333333,0.6250000000,8.539952478080e-09
9.0277777778,0.6250000000,1.576539021950e-08
9.0972222222,0.6250000000,1.358918613759e-08
9.1666666667,0.6250000000,5.992627482950e-09
9.2361111111,0.6250000000,-4.537914021000e-10
9.3055555556,0.6250000000,-2.520619188600e-09
9.3750000000,0.6250000000,-5.025286859000e-10
9.4444444444,0.6250000000,5.311084722010e-09
9.5138888889,0.6250000000,1.477427971417e-08
9.5833333333,0.6250000000,2.434837154235e-08
9.6527777778,0.6250000000,2.723763279655e-08
9.7222222222,0.6250000000,1.989685161027e-08
9.7916666667,0.6250000000,6.926879813669e-09
9.8611111111,0.6250000000,-3.261587684790e-09
9.9305555556,0.6250000000,-7.114595555900e-09
0.0000000000,0.6944444444,-4.554029812500e-10
0.0694444444,0.6944444444,1.197133836990e-09
0.1388888889,0.6944444444,5.814165267820e-09
0.2083333333,0.6944444444,1.149398878381e-08
0.2777777778,0.6944444444,1.449822772387e-08
0.3472222222,0.6944444444,1.210445275634e-08
0.4166666667,0.6944444444,5.660218245950e-09
0.4861111111,0.6944444444,-7.391470593000e-10
0.5555555556,0.6944444444,-4.473558419600e-09
0.6250000000,0.6944444444,-5.537735148400e-09
0.6944444444,0.6944444444,-3.522043504400e-09
0.7638888889,0.6944444444,3.531261641945e-09
0.8333333333,0.6944444444,1.492503920314e-08
0.9027777778,0.6944444444,2.367880067290e-08
0.9722222222,0.6944444444,2.092743380448e-08
1.0416666667,0.6944444444,5.324302660271e-09
1.1111111111,0.6944444444,-1.388707015000e-08
1.1805555556,0.6944444444,-2.505404736970e-08
1.2500000000,0.6944444444,-2.495524479400e-08
1.3194444444,0.6944444444,-2.063949080200e-08
1.3888888889,0.6944444444,-2.139886341300e-08
1.4583333333,0.6944444444,-3.041954309300e-08
1.5277777778,0.6944444444,-4.386277607400e-08
1.5972222222,0.6944444444,-5.584199896100e-08
1.6666666667,0.6944444444,-6.293469566900e-08
1.7361111111,0.6944444444,-6.487107285100e-08
1.8055555556,0.6944444444,-6.281479936610e-08
1.8750000000,0.6944444444,-5.807111565580e-08
1.9444444444,0.6944444444,-5.259393482920e-08
2.0138888889,0.6944444444,-5.047257617690e-08
2.0833333333,0.6944444444,-5.796653972210e-08
2.1527777778,0.6944444444,-8.033251634950e-08
2.2222222222,0.6944444444,-1.173420428246e-07
2.2916666667,0.6944444444,-1.623429158055e-07
2.3611111111,0.6944444444,-2.070145227250e-07
2.4305555556,0.6944444444,-2.473950777180e-07
2.5000000000,0.6944444444,-2.847103977070e-07
2.5694444444,0.6944444444,-3.206989226540e-07
2.6388888889,0.6944444444,-3.539220425520e-07
2.7083333333,0.6944444444,-3.818137218230e-07
2.7777777778,0.6944444444,-4.053103408280e-07
2.8472222222,0.6944444444,-4.296106207520e-07
2.9166666667,0.6944444444,-4.599733320770e-07
2.9861111111,0.6944444444,-4.976118525770e-07
3.0555555556,0.6944444444,-5.398278865420e-07
3.1250000000,0.6944444444,-5.831886024040e-07
3.1944444444,0.6944444444,-6.263489680800e-07
3.2638888889,0.6944444444,-6.712432904330e-07
3.3333333333,0.6944444444,-7.229638384160e-07
3.4027777778,0.6944444444,-7.879234980430e-07
3.4722222222,0.6944444444,-8.701617248790e-07
3.5416666667,0.6944444444,-9.680837026490e-07
3.6111111111,0.6944444444,-1.074713869292e-06
3.6805555556,0.6944444444,-1.181471684060e-06
3.7500000000,0.6944444444,-1.282271343492e-06
3.8194444444,0.6944444444,-1.375417617783e-06
3.8888888889,0.6944444444,-1.463422890540e-06
3.9583333333,0.6944444444,-1.551431292060e-06
4.0277777778,0.6944444444,-1.644085846860e-06
4.0972222222,0.6944444444,-1.741854237700e-06
4.1666666667,0.6944444444,-1.839988088040e-06
4.2361111111,0.6944444444,-1.931806498170e-06
4.3055555556,0.6944444444,-2.013194271900e-06
4.3750000000,0.6944444444,-2.083638939820e-06
4.4444444444,0.6944444444,-2.143715635540e-06
4.5138888889,0.6944444444,-2.193417237930e-06
4.5833333333,0.6944444444,-2.233598174280e-06
4.6527777778,0.6944444444,-2.267435052350e-06
4.7222222222,0.6944444444,-2.298535075090e-06
4.7916666667,0.6944444444,-2.327532764100e-06
4.8611111111,0.6944444444,-2.351580903720e-06
4.9305555556,0.6944444444,-2.367175061730e-06
5.0000000000,0.6944444444,-2.372497946080e-06
5.0694444444,0.6944444444,-2.367178318150e-06
5.1388888889,0.6944444444,-2.351586847900e-06
5.2083333333,0.6944444444,-2.327540412530e-06
5.2777777778,0.6944444444,-2.298543285010e-06
5.3472222222,0.6944444444,-2.267442798850e-06
5.4166666667,0.6944444444,-2.233604759220e-06
5.4861111111,0.6944444444,-2.193422379990e-06
5.5555555556,0.6944444444,-2.143719427090e-06
5.6250000000,0.6944444444,-2.083641704480e-06
5.6944444444,0.6944444444,-2.013196387360e-06
5.7638888889,0.6944444444,-1.931808251890e-06
5.8333333333,0.6944444444,-1.839989609770e-06
5.9027777778,0.6944444444,-1.741855516750e-06
5.9722222222,0.6944444444,-1.644086808300e-06
6.0416666667,0.6944444444,-1.551431884710e-06
6.1111111111,0.6944444444,-1.463423146250e-06
6.1805555556,0.6944444444,-1.375417657241e-06
6.2500000000,0.6944444444,-1.282271333192e-06
6.3194444444,0.6944444444,-1.181471770730e-06
6.3888888889,0.6944444444,-1.074714124088e-06
6.4583333333,0.6944444444,-9.680841025730e-07
6.5277777778,0.6944444444,-8.701621770390e-07
6.5972222222,0.6944444444,-7.879238922320e-07
6.6666666667,0.6944444444,-7.229641023330e-07
6.7361111111,0.6944444444,-6.712434222550e-07
6.8055555556,0.6944444444,-6.263490326590e-07
6.8750000000,0.6944444444,-5.831886958230e-07
6.9444444444,0.6944444444,-5.398280879030e-07
7.0138888889,0.6944444444,-4.976121869720e-07
7.0833333333,0.6944444444,-4.599737621150e-07
7.1527777778,0.6944444444,-4.296110683960e-07
7.2222222222,0.6944444444,-4.053107272360e-07
7.2916666667,0.6944444444,-3.818140048490e-07
7.3611111111,0.6944444444,-3.539222347590e-07
7.4305555556,0.6944444444,-3.206990822750e-07
7.5000000000,0.6944444444,-2.847105979510e-07
7.5694444444,0.6944444444,-2.473953701430e-07
7.6388888889,0.6944444444,-2.070149125910e-07
7.7083333333,0.6944444444,-1.623433610426e-07
7.7777777778,0.6944444444,-1.173424763646e-07
7.8472222222,0.6944444444,-8.033287963960e-08
7.9166666667,0.6944444444,-5.796681063840e-08
7.9861111111,0.6944444444,-5.047277815580e-08
8.0555555556,0.6944444444,-5.259412339020e-08
8.1250000000,0.6944444444,-5.807135010810e-08
8.1944444444,0.6944444444,-6.281511339150e-08
8.2638888889,0.6944444444,-6.487145863200e-08
8.3333333333,0.6944444444,-6.293510849600e-08
8.4027777778,0.6944444444,-5.584237964700e-08
8.4722222222,0.6944444444,-4.386307982300e-08
8.5416666667,0.6944444444,-3.041976058100e-08
8.6111111111,0.6944444444,-2.139902396400e-08
8.6805555556,0.6944444444,-2.063964637300e-08
8.7500000000,0.6944444444,-2.495544354100e-08
8.8194444444,0.6944444444,-2.505430946150e-08
8.8888888889,0.6944444444,-1.388737808060e-08
8.9583333333,0.6944444444,5.323995001883e-09
9.0277777778,0.6944444444,2.092717818742e-08
9.0972222222,0.6944444444,2.367862894010e-08
9.1666666667,0.6944444444,1.492494785824e-08
9.2361111111,0.6944444444,3.531213755113e-09
9.3055555556,0.6944444444,-3.522099701000e-09
9.3750000000,0.6944444444,-5.537840456300e-09
9.4444444444,0.6944444444,-4.473722354600e-09
9.5138888889,0.6944444444,-7.393432518000e-10
9.5833333333,0.6944444444,5.660038794290e-09
9.6527777778,0.6944444444,1.210433731689e-08
9.7222222222,0.6944444444,1.449819843107e-08
9.7916666667,0.6944444444,1.149403208432e-08
9.8611111111,0.6944444444,5.814238748250e-09
9.9305555556,0.6944444444,1.197187222190e-09
0.0000000000,0.7638888889,1.589376944386e-08
0.0694444444,0.7638888889,1.568942466880e-08
0.1388888889,0.7638888889,1.446113070881e-08
0.2083333333,0.7638888889,1.092221470540e-08
0.2777777778,0.7638888889,4.628154371350e-09
0.3472222222,0.7638888889,-2.758013444500e-09
0.4166666667,0.7638888889,-8.384205363500e-09
0.4861111111,0.7638888889,-1.097972249620e-08
0.5555555556,0.7638888889,-1.186329729510e-08
0.6250000000,0.7638888889,-1.204411401170e-08
0.6944444444,0.7638888889,-9.238432829270e-09
0.7638888889,0.7638888889,-3.727283445400e-10
0.8333333333,0.7638888889,1.204517091420e-08
0.9027777778,0.7638888889,1.856150742460e-08
0.9722222222,0.7638888889,1.093089645320e-08
1.0416666667,0.7638888889,-8.149783218928e-09
1.1111111111,0.7638888889,-2.576698578930e-08
1.1805555556,0.7638888889,-3.069743694600e-08
1.2500000000,0.7638888889,-2.391503505200e-08
1.3194444444,0.7638888889,-1.660767352500e-08
1.3888888889,0.7638888889,-1.882180253000e-08
1.4583333333,0.7638888889,-3.117871689900e-08
1.5277777778,0.7638888889,-4.667622897900e-08
1.5972222222,0.7638888889,-5.816083309600e-08
1.6666666667,0.7638888889,-6.320791508100e-08
1.7361111111,0.7638888889,-6.350969345100e-08
1.8055555556,0.7638888889,-6.182291789870e-08
1.8750000000,0.7638888889,-6.022358081940e-08
1.9444444444,0.7638888889,-6.068040045710e-08
2.0138888889,0.7638888889,-6.651260922610e-08
2.0833333333,0.7638888889,-8.242734748040e-08
2.1527777778,0.7638888889,-1.119039302446e-07
2.2222222222,0.7638888889,-1.536678080292e-07
2.2916666667,0.7638888889,-2.011700405380e-07
2.3611111111,0.7638888889,-2.467167141620e-07
2.4305555556,0.7638888889,-2.866061273120e-07
2.5000000000,0.7638888889,-3.219866463100e-07
2.5694444444,0.7638888889,-3.551471088440e-07
2.6388888889,0.7638888889,-3.864805091000e-07
2.7083333333,0.7638888889,-4.159342312430e-07
2.7777777778,0.7638888889,-4.463039371780e-07
2.8472222222,0.7638888889,-4.831759584950e-07
2.9166666667,0.7638888889,-5.309685088630e-07
2.9861111111,0.7638888889,-5.896599469440e-07
3.0555555556,0.7638888889,-6.556947452190e-07
3.1250000000,0.7638888889,-7.255509424690e-07
3.1944444444,0.7638888889,-7.983437057070e-07
3.2638888889,0.7638888889,-8.760546045840e-07
3.3333333333,0.7638888889,-9.622275676390e-07
3.4027777778,0.7638888889,-1.059901857344e-06
3.4722222222,0.7638888889,-1.169275245923e-06
3.5416666667,0.7638888889,-1.286484563320e-06
3.6111111111,0.7638888889,-1.404904130000e-06
3.6805555556,0.7638888889,-1.518292009490e-06
3.7500000000,0.7638888889,-1.623484836780e-06
3.8194444444,0.7638888889,-1.721332666300e-06
3.8888888889,0.7638888889,-1.816233630250e-06
3.9583333333,0.7638888889,-1.914425005410e-06
4.0277777778,0.7638888889,-2.020617306610e-06
4.0972222222,0.7638888889,-2.134275173480e-06
4.1666666667,0.7638888889,-2.248899775150e-06
4.2361111111,0.7638888889,-2.355735546080e-06
4.3055555556,0.7638888889,-2.448523439150e-06
4.3750000000,0.7638888889,-2.524765204670e-06
4.4444444444,0.7638888889,-2.583691551920e-06
4.5138888889,0.7638888889,-2.625289441760e-06
4.5833333333,0.7638888889,-2.652256616790e-06
4.6527777778,0.7638888889,-2.671316797590e-06
4.7222222222,0.7638888889,-2.690242590760e-06
4.7916666667,0.7638888889,-2.712619314430e-06
4.8611111111,0.7638888889,-2.735712354410e-06
4.9305555556,0.7638888889,-2.753240676320e-06
5.0000000000,0.7638888889,-2.759758182000e-06
5.0694444444,0.7638888889,-2.753241725970e-06
5.1388888889,0.7638888889,-2.735714255460e-06
5.2083333333,0.7638888889,-2.712621726330e-06
5.2777777778,0.7638888889,-2.690245119050e-06
5.3472222222,0.7638888889,-2.671319096990e-06
5.4166666667,0.7638888889,-2.652258460610e-06
5.4861111111,0.7638888889,-2.625290754860e-06
5.5555555556,0.7638888889,-2.583692392000e-06
5.6250000000,0.7638888889,-2.524765710180e-06
5.6944444444,0.7638888889,-2.448523762970e-06
5.7638888889,0.7638888889,-2.355735802640e-06
5.8333333333,0.7638888889,-2.248900016510e-06
5.9027777778,0.7638888889,-2.134275396650e-06
5.9722222222,0.7638888889,-2.020617481490e-06
6.0416666667,0.7638888889,-1.914425107440e-06
6.1111111111,0.7638888889,-1.816233662740e-06
6.1805555556,0.7638888889,-1.721332663400e-06
6.2500000000,0.7638888889,-1.623484849320e-06
6.3194444444,0.7638888889,-1.518292082070e-06
6.3888888889,0.7638888889,-1.404904281700e-06
6.4583333333,0.7638888889,-1.286484781320e-06
6.5277777778,0.7638888889,-1.169275494258e-06
6.5972222222,0.7638888889,-1.059902094935e-06
6.6666666667,0.7638888889,-9.622277681690e-07
6.7361111111,0.7638888889,-8.760547671880e-07
6.8055555556,0.7638888889,-7.983438534800e-07
6.8750000000,0.7638888889,-7.255511094230e-07
6.9444444444,0.7638888889,-6.556949588310e-07
7.0138888889,0.7638888889,-5.896602151590e-07
7.0833333333,0.7638888889,-5.309688176450e-07
7.1527777778,0.7638888889,-4.831762796800e-07
7.2222222222,0.7638888889,-4.463042427180e-07
7.2916666667,0.7638888889,-4.159345061100e-07
7.3611111111,0.7638888889,-3.864807575070e-07
7.4305555556,0.7638888889,-3.551473510150e-07
7.5000000000,0.7638888889,-3.219869075480e-07
7.5694444444,0.7638888889,-2.866064249500e-07
7.6388888889,0.7638888889,-2.467170488440e-07
7.7083333333,0.7638888889,-2.011703961060e-07
7.7777777778,0.7638888889,-1.536681598038e-07
7.8472222222,0.7638888889,-1.119042570348e-07
7.9166666667,0.7638888889,-8.242764128430e-08
7.9861111111,0.7638888889,-6.651287826390e-08
8.0555555556,0.7638888889,-6.068066411620e-08
8.1250000000,0.7638888889,-6.022385968070e-08
8.1944444444,0.7638888889,-6.182322327620e-08
8.2638888889,0.7638888889,-6.351002194700e-08
8.3333333333,0.7638888889,-6.320825027100e-08
8.4027777778,0.7638888889,-5.816115348200e-08
8.4722222222,0.7638888889,-4.667651817100e-08
8.5416666667,0.7638888889,-3.117897104000e-08
8.6111111111,0.7638888889,-1.882203139400e-08
8.6805555556,0.7638888889,-1.660789458300e-08
8.7500000000,0.7638888889,-2.391526415900e-08
8.8194444444,0.7638888889,-3.069767987300e-08
8.8888888889,0.7638888889,-2.576723530320e-08
8.9583333333,0.7638888889,-8.150022773080e-09
9.0277777778,0.7638888889,1.093068461770e-08
9.0972222222,0.7638888889,1.856133367310e-08
9.1666666667,0.7638888889,1.204503339160e-08
9.2361111111,0.7638888889,-3.728428827400e-10
9.3055555556,0.7638888889,-9.238542596410e-09
9.3750000000,0.7638888889,-1.204423328600e-08
9.4444444444,0.7638888889,-1.186342922520e-08
9.5138888889,0.7638888889,-1.097985732430e-08
9.5833333333,0.7638888889,-8.384325108700e-09
9.6527777778,0.7638888889,-2.758100756100e-09
9.7222222222,0.7638888889,4.628107552770e-09
9.7916666667,0.7638888889,1.092220339852e-08
9.8611111111,0.7638888889,1.446113941640e-08
9.9305555556,0.7638888889,1.568943506824e-08
0.0000000000,0.8333333333,2.556474695960e-08
0.0694444444,0.8333333333,2.328962523163e-08
0.1388888889,0.8333333333,1.654202282116e-08
0.2083333333,0.8333333333,6.314675776409e-09
0.2777777778,0.8333333333,-4.476202780670e-09
0.3472222222,0.8333333333,-1.198320293470e-08
0.4166666667,0.8333333333,-1.446301025700e-08
0.4861111111,0.8333333333,-1.409563591100e-08
0.5555555556,0.8333333333,-1.452360295670e-08
0.6250000000,0.8333333333,-1.606793648930e-08
0.6944444444,0.8333333333,-1.473512931338e-08
0.7638888889,0.8333333333,-7.659076259070e-09
0.8333333333,0.8333333333,9.618093858000e-10
0.9027777778,0.8333333333,1.911819339500e-09
0.9722222222,0.8333333333,-9.401416652900e-09
1.0416666667,0.8333333333,-2.646735747869e-08
1.1111111111,0.8333333333,-3.698139578360e-08
1.1805555556,0.8333333333,-3.503412081200e-08
1.2500000000,0.8333333333,-2.677661883700e-08
1.3194444444,0.8333333333,-2.355648231400e-08
1.3888888889,0.8333333333,-3.068819954000e-08
1.4583333333,0.8333333333,-4.381480387100e-08
1.5277777778,0.8333333333,-5.498593876300e-08
1.5972222222,0.8333333333,-6.031365667200e-08
1.6666666667,0.8333333333,-6.172010908700e-08
1.7361111111,0.8333333333,-6.333692447440e-08
1.8055555556,0.8333333333,-6.785171091760e-08
1.8750000000,0.8333333333,-7.594294722900e-08
1.9444444444,0.8333333333,-8.791495985820e-08
2.0138888889,0.8333333333,-1.052311543111e-07
2.0833333333,0.8333333333,-1.303928177459e-07
2.1527777778,0.8333333333,-1.649374557044e-07
2.2222222222,0.8333333333,-2.070772268940e-07
2.2916666667,0.8333333333,-2.516120637980e-07
2.3611111111,0.8333333333,-2.930384464430e-07
2.4305555556,0.8333333333,-3.291184813350e-07
2.5000000000,0.8333333333,-3.612531898480e-07
2.5694444444,0.8333333333,-3.918368378220e-07
2.6388888889,0.8333333333,-4.225628517690e-07
2.7083333333,0.8333333333,-4.559434329290e-07
2.7777777778,0.8333333333,-4.972538857970e-07
2.8472222222,0.8333333333,-5.529547582180e-07
2.9166666667,0.8333333333,-6.262708632630e-07
2.9861111111,0.8333333333,-7.146894541800e-07
3.0555555556,0.8333333333,-8.121766624520e-07
3.1250000000,0.8333333333,-9.137366328950e-07
3.1944444444,0.8333333333,-1.018103607200e-06
3.2638888889,0.8333333333,-1.127119091240e-06
3.3333333333,0.8333333333,-1.243334923120e-06
3.4027777778,0.8333333333,-1.367680087060e-06
3.4722222222,0.8333333333,-1.498117961820e-06
3.5416666667,0.8333333333,-1.629889489130e-06
3.6111111111,0.8333333333,-1.757459111870e-06
3.6805555556,0.8333333333,-1.877049402570e-06
3.7500000000,0.8333333333,-1.988193350140e-06
3.8194444444,0.8333333333,-2.093922120830e-06
3.8888888889,0.8333333333,-2.200137812830e-06
3.9583333333,0.8333333333,-2.313933222930e-06
4.0277777778,0.8333333333,-2.440155617160e-06
4.0972222222,0.8333333333,-2.577538994850e-06
4.1666666667,0.8333333333,-2.717844412210e-06
4.2361111111,0.8333333333,-2.849545556680e-06
4.3055555556,0.8333333333,-2.962972607940e-06
4.3750000000,0.8333333333,-3.052601247940e-06
4.4444444444,0.8333333333,-3.116328500640e-06
4.5138888889,0.8333333333,-3.155238041590e-06
4.5833333333,0.8333333333,-3.175157670010e-06
4.6527777778,0.8333333333,-3.186699673900e-06
4.7222222222,0.8333333333,-3.200838502910e-06
4.7916666667,0.8333333333,-3.222580867370e-06
4.8611111111,0.8333333333,-3.248383097460e-06
4.9305555556,0.8333333333,-3.269427059180e-06
5.0000000000,0.8333333333,-3.277511452090e-06
5.0694444444,0.8333333333,-3.269425358570e-06
5.1388888889,0.8333333333,-3.248379970530e-06
5.2083333333,0.8333333333,-3.222576791320e-06
5.2777777778,0.8333333333,-3.200834037320e-06
5.3472222222,0.8333333333,-3.186695330920e-06
5.4166666667,0.8333333333,-3.175153812320e-06
5.4861111111,0.8333333333,-3.155234840510e-06
5.5555555556,0.8333333333,-3.116325951660e-06
5.6250000000,0.8333333333,-3.052599233960e-06
5.6944444444,0.8333333333,-2.962970979360e-06
5.7638888889,0.8333333333,-2.849544196170e-06
5.8333333333,0.8333333333,-2.717843267160e-06
5.9027777778,0.8333333333,-2.577538071030e-06
5.9722222222,0.8333333333,-2.440154944900e-06
6.0416666667,0.8333333333,-2.313932817180e-06
6.1111111111,0.8333333333,-2.200137646890e-06
6.1805555556,0.8333333333,-2.093922124670e-06
6.2500000000,0.8333333333,-1.988193432770e-06
6.3194444444,0.8333333333,-1.877049483410e-06
6.3888888889,0.8333333333,-1.757459148020e-06
6.4583333333,0.8333333333,-1.629889484520e-06
6.5277777778,0.8333333333,-1.498117956000e-06
6.5972222222,0.8333333333,-1.367680129700e-06
6.6666666667,0.8333333333,-1.243335047540e-06
6.7361111111,0.8333333333,-1.127119298100e-06
6.8055555556,0.8333333333,-1.018103865820e-06
6.8750000000,0.8333333333,-9.137368973660e-07
6.9444444444,0.8333333333,-8.121768940180e-07
7.0138888889,0.8333333333,-7.146896389700e-07
7.0833333333,0.8333333333,-6.262710174100e-07
7.1527777778,0.8333333333,-5.529549179550e-07
7.2222222222,0.8333333333,-4.972540885580e-07
7.2916666667,0.8333333333,-4.559436986440e-07
7.3611111111,0.8333333333,-4.225631738530e-07
7.4305555556,0.8333333333,-3.918371874810e-07
7.5000000000,0.8333333333,-3.612535306600e-07
7.5694444444,0.8333333333,-3.291187866360e-07
7.6388888889,0.8333333333,-2.930387111870e-07
7.7083333333,0.8333333333,-2.516123054060e-07
7.7777777778,0.8333333333,-2.070774753690e-07
7.8472222222,0.8333333333,-1.649377378580e-07
7.9166666667,0.8333333333,-1.303931435325e-07
7.9861111111,0.8333333333,-1.052315120507e-07
8.0555555556,0.8333333333,-8.791532209540e-08
8.1250000000,0.8333333333,-7.594328441470e-08
8.1944444444,0.8333333333,-6.785200546900e-08
8.2638888889,0.8333333333,-6.333717880100e-08
8.3333333333,0.8333333333,-6.172034346500e-08
8.4027777778,0.8333333333,-6.031389839400e-08
8.4722222222,0.8333333333,-5.498620810800e-08
8.5416666667,0.8333333333,-4.381510392000e-08
8.6111111111,0.8333333333,-3.068851471700e-08
8.6805555556,0.8333333333,-2.355678570500e-08
8.7500000000,0.8333333333,-2.677688506800e-08
8.8194444444,0.8333333333,-3.503433770500e-08
8.8888888889,0.8333333333,-3.698156982840e-08
8.9583333333,0.8333333333,-2.646751026771e-08
9.0277777778,0.8333333333,-9.401573863600e-09
9.0972222222,0.8333333333,1.911640936600e-09
9.1666666667,0.8333333333,9.616104575000e-10
9.2361111111,0.8333333333,-7.659278221100e-09
9.3055555556,0.8333333333,-1.473530911215e-08
9.3750000000,0.8333333333,-1.606807404870e-08
9.4444444444,0.8333333333,-1.452369319410e-08
9.5138888889,0.8333333333,-1.409569079900e-08
9.5833333333,0.8333333333,-1.446305236970e-08
9.6527777778,0.8333333333,-1.198325394330e-08
9.7222222222,0.8333333333,-4.476272782510e-09
9.7916666667,0.8333333333,6.314593230394e-09
9.8611111111,0.8333333333,1.654194734297e-08
9.9305555556,0.8333333333,2.328957986964e-08
0.0000000000,0.9027777778,1.994227364931e-08
0.0694444444,0.9027777778,1.783361811761e-08
0.1388888889,0.9027777778,1.123417253434e-08
0.2083333333,0.9027777778,7.919403359200e-10
0.2777777778,0.9027777778,-1.005054566940e-08
0.3472222222,0.9027777778,-1.667321527770e-08
0.4166666667,0.9027777778,-1.757752104140e-08
0.4861111111,0.9027777778,-1.601708918100e-08
0.5555555556,0.9027777778,-1.609199338100e-08
0.6250000000,0.9027777778,-1.769093930900e-08
0.6944444444,0.9027777778,-1.707008400920e-08
0.7638888889,0.9027777778,-1.301915500146e-08
0.8333333333,0.9027777778,-1.058124835102e-08
0.9027777778,0.9027777778,-1.630780395320e-08
0.9722222222,0.9027777778,-2.983916354340e-08
1.0416666667,0.9027777778,-4.248779069490e-08
1.1111111111,0.9027777778,-4.577714698180e-08
1.1805555556,0.9027777778,-4.047373731800e-08
1.2500000000,0.9027777778,-3.546723377600e-08
1.3194444444,0.9027777778,-3.788819850700e-08
1.3888888889,0.9027777778,-4.607687498600e-08
1.4583333333,0.9027777778,-5.290593773100e-08
1.5277777778,0.9027777778,-5.445518780100e-08
1.5972222222,0.9027777778,-5.386546295890e-08
1.6666666667,0.9027777778,-5.734081052790e-08
1.7361111111,0.9027777778,-6.826521465420e-08
1.8055555556,0.9027777778,-8.568900480750e-08
1.8750000000,0.9027777778,-1.070656146031e-07
1.9444444444,0.9027777778,-1.311263245900e-07
2.0138888889,0.9027777778,-1.584397379420e-07
2.0833333333,0.9027777778,-1.902205630370e-07
2.1527777778,0.9027777778,-2.267292829880e-07
2.2222222222,0.9027777778,-2.662285929840e-07
2.2916666667,0.9027777778,-3.054139048770e-07
2.3611111111,0.9027777778,-3.414502106930e-07
2.4305555556,0.9027777778,-3.739205403640e-07
2.5000000000,0.9027777778,-4.047073114230e-07
2.5694444444,0.9027777778,-4.363976759900e-07
2.6388888889,0.9027777778,-4.718832423990e-07
2.7083333333,0.9027777778,-5.158791865490e-07
2.7777777778,0.9027777778,-5.754623096840e-07
2.8472222222,0.9027777778,-6.569988108520e-07
2.9166666667,0.9027777778,-7.614384066040e-07
2.9861111111,0.9027777778,-8.828581043410e-07
3.0555555556,0.9027777778,-1.012173442390e-06
3.1250000000,0.9027777778,-1.142669807640e-06
3.1944444444,0.9027777778,-1.272713327190e-06
3.2638888889,0.9027777778,-1.404407018400e-06
3.3333333333,0.9027777778,-1.540397316640e-06
3.4027777778,0.9027777778,-1.681346839890e-06
3.4722222222,0.9027777778,-1.825126387150e-06
3.5416666667,0.9027777778,-1.967737293790e-06
3.6111111111,0.9027777778,-2.105369071440e-06
3.6805555556,0.9027777778,-2.236380394030e-06
3.7500000000,0.9027777778,-2.362160595020e-06
3.8194444444,0.9027777778,-2.486973948850e-06
3.8888888889,0.9027777778,-2.617335248200e-06
3.9583333333,0.9027777778,-2.760417637080e-06
4.0277777778,0.9027777778,-2.920625505340e-06
4.0972222222,0.9027777778,-3.095595640610e-06
4.1666666667,0.9027777778,-3.275066293710e-06
4.2361111111,0.9027777778,-3.444431183310e-06
4.3055555556,0.9027777778,-3.590454299750e-06
4.3750000000,0.9027777778,-3.705016180110e-06
4.4444444444,0.9027777778,-3.785908830120e-06
4.5138888889,0.9027777778,-3.836859453220e-06
4.5833333333,0.9027777778,-3.867633897230e-06
4.6527777778,0.9027777778,-3.891921994220e-06
4.7222222222,0.9027777778,-3.921541561830e-06
4.7916666667,0.9027777778,-3.960098940010e-06
4.8611111111,0.9027777778,-4.001272064230e-06
4.9305555556,0.9027777778,-4.033156362220e-06
5.0000000000,0.9027777778,-4.045155542600e-06
5.0694444444,0.9027777778,-4.033152752800e-06
5.1388888889,0.9027777778,-4.001265457010e-06
5.2083333333,0.9027777778,-3.960090393880e-06
5.2777777778,0.9027777778,-3.921532312150e-06
5.3472222222,0.9027777778,-3.891913158620e-06
5.4166666667,0.9027777778,-3.867626249570e-06
5.4861111111,0.9027777778,-3.836853326070e-06
5.5555555556,0.9027777778,-3.785904159130e-06
5.6250000000,0.9027777778,-3.705012651370e-06
5.6944444444,0.9027777778,-3.590451534810e-06
5.7638888889,0.9027777778,-3.444428891130e-06
5.8333333333,0.9027777778,-3.275064343190e-06
5.9027777778,0.9027777778,-3.095594043740e-06
5.9722222222,0.9027777778,-2.920624338500e-06
6.0416666667,0.9027777778,-2.760416948050e-06
6.1111111111,0.9027777778,-2.617334994110e-06
6.1805555556,0.9027777778,-2.486973990870e-06
6.2500000000,0.9027777778,-2.362160745000e-06
6.3194444444,0.9027777778,-2.236380486370e-06
6.3888888889,0.9027777778,-2.105369022330e-06
6.4583333333,0.9027777778,-1.967737122380e-06
6.5277777778,0.9027777778,-1.825126189500e-06
6.5972222222,0.9027777778,-1.681346732500e-06
6.6666666667,0.9027777778,-1.540397376350e-06
6.7361111111,0.9027777778,-1.404407247350e-06
6.8055555556,0.9027777778,-1.272713655830e-06
6.8750000000,0.9027777778,-1.142670132490e-06
6.9444444444,0.9027777778,-1.012173676940e-06
7.0138888889,0.9027777778,-8.828582192330e-07
7.0833333333,0.9027777778,-7.614384399500e-07
7.1527777778,0.9027777778,-6.569988453720e-07
7.2222222222,0.9027777778,-5.754624300710e-07
7.2916666667,0.9027777778,-5.158794379020e-07
7.3611111111,0.9027777778,-4.718836103650e-07
7.4305555556,0.9027777778,-4.363980964190e-07
7.5000000000,0.9027777778,-4.047077034530e-07
7.5694444444,0.9027777778,-3.739208456720e-07
7.6388888889,0.9027777778,-3.414504202120e-07
7.7083333333,0.9027777778,-3.054140603710e-07
7.7777777778,0.9027777778,-2.662287638910e-07
7.8472222222,0.9027777778,-2.267295306690e-07
7.9166666667,0.9027777778,-1.902209102530e-07
7.9861111111,0.9027777778,-1.584401584890e-07
8.0555555556,0.9027777778,-1.311267570040e-07
8.1250000000,0.9027777778,-1.070659928618e-07
8.1944444444,0.9027777778,-8.568929018650e-08
8.2638888889,0.9027777778,-6.826541362870e-08
8.3333333333,0.9027777778,-5.734096997300e-08
8.4027777778,0.9027777778,-5.386564567540e-08
8.4722222222,0.9027777778,-5.445544077900e-08
8.5416666667,0.9027777778,-5.290626909700e-08
8.6111111111,0.9027777778,-4.607725072200e-08
8.6805555556,0.9027777778,-3.788855956900e-08
8.7500000000,0.9027777778,-3.546752518900e-08
8.8194444444,0.9027777778,-4.047393435600e-08
8.8888888889,0.9027777778,-4.577726642460e-08
8.9583333333,0.9027777778,-4.248788172540e-08
9.0277777778,0.9027777778,-2.983928283578e-08
9.0972222222,0.9027777778,-1.630798734270e-08
9.1666666667,0.9027777778,-1.058149299857e-08
9.2361111111,0.9027777778,-1.301942115331e-08
9.3055555556,0.9027777778,-1.707031519230e-08
9.3750000000,0.9027777778,-1.769109063180e-08
9.4444444444,0.9027777778,-1.609205374000e-08
9.5138888889,0.9027777778,-1.601708626900e-08
9.5833333333,0.9027777778,-1.757750695820e-08
9.6527777778,0.9027777778,-1.667324017930e-08
9.7222222222,0.9027777778,-1.005063289700e-08
9.7916666667,0.9027777778,7.918056269400e-10
9.8611111111,0.9027777778,1.123403559262e-08
9.9305555556,0.9027777778,1.783353209891e-08
0.0000000000,0.9722222222,1.394846874900e-09
0.0694444444,0.9722222222,2.049382432200e-09
0.1388888889,0.9722222222,1.569958541600e-09
0.2083333333,0.9722222222,-3.774948953900e-09
0.2777777778,0.9722222222,-1.315749279760e-08
0.3472222222,0.9722222222,-2.115596585290e-08
0.4166666667,0.9722222222,-2.369730657110e-08
0.4861111111,0.9722222222,-2.209319842950e-08
0.5555555556,0.9722222222,-2.014442969480e-08
0.6250000000,0.9722222222,-1.897412801090e-08
0.6944444444,0.9722222222,-1.712760870270e-08
0.7638888889,0.9722222222,-1.542098127277e-08
0.8333333333,0.9722222222,-1.852446976603e-08
0.9027777778,0.9722222222,-2.949255956239e-08
0.9722222222,0.9722222222,-4.405645092064e-08
1.0416666667,0.9722222222,-5.334407709300e-08
1.1111111111,0.9722222222,-5.307969329200e-08
1.1805555556,0.9722222222,-4.810836156600e-08
1.2500000000,0.9722222222,-4.626542194200e-08
1.3194444444,0.9722222222,-4.906130915200e-08
1.3888888889,0.9722222222,-5.078961860200e-08
1.4583333333,0.9722222222,-4.696939742340e-08
1.5277777778,0.9722222222,-4.142877925130e-08
1.5972222222,0.9722222222,-4.350010600340e-08
1.6666666667,0.9722222222,-5.912177811010e-08
1.7361111111,0.9722222222,-8.616594022600e-08
1.8055555556,0.9722222222,-1.180415898010e-07
1.8750000000,0.9722222222,-1.500461094840e-07
1.9444444444,0.9722222222,-1.816806077340e-07
2.0138888889,0.9722222222,-2.144299475830e-07
2.0833333333,0.9722222222,-2.490446309580e-07
2.1527777778,0.9722222222,-2.848803655850e-07
2.2222222222,0.9722222222,-3.206244849410e-07
2.2916666667,0.9722222222,-3.551720597300e-07
2.3611111111,0.9722222222,-3.884080862040e-07
2.4305555556,0.9722222222,-4.216633511370e-07
2.5000000000,0.9722222222,-4.573579523740e-07
2.5694444444,0.9722222222,-4.983633512350e-07
2.6388888889,0.9722222222,-5.483848478050e-07
2.7083333333,0.9722222222,-6.130528570390e-07
2.7777777778,0.9722222222,-6.992553821250e-07
2.8472222222,0.9722222222,-8.114084506300e-07
2.9166666667,0.9722222222,-9.473723991090e-07
2.9861111111,0.9722222222,-1.098362343148e-06
3.0555555556,0.9722222222,-1.253681837960e-06
3.1250000000,0.9722222222,-1.406356204970e-06
3.1944444444,0.9722222222,-1.555264423320e-06
3.2638888889,0.9722222222,-1.703143589710e-06
3.3333333333,0.9722222222,-1.853134093370e-06
3.4027777778,0.9722222222,-2.006468635830e-06
3.4722222222,0.9722222222,-2.162070468680e-06
3.5416666667,0.9722222222,-2.317630661370e-06
3.6111111111,0.9722222222,-2.471366616780e-06
3.6805555556,0.9722222222,-2.623482789000e-06
3.7500000000,0.9722222222,-2.776668627640e-06
3.8194444444,0.9722222222,-2.935826647010e-06
3.8888888889,0.9722222222,-3.107397691160e-06
3.9583333333,0.9722222222,-3.297709564280e-06
4.0277777778,0.9722222222,-3.509608229230e-06
4.0972222222,0.9722222222,-3.738649839120e-06
4.1666666667,0.9722222222,-3.972119963850e-06
4.2361111111,0.9722222222,-4.192747980840e-06
4.3055555556,0.9722222222,-4.385016770500e-06
4.3750000000,0.9722222222,-4.540062594740e-06
4.4444444444,0.9722222222,-4.657352284070e-06
4.5138888889,0.9722222222,-4.744128345880e-06
4.5833333333,0.9722222222,-4.813375678980e-06
4.6527777778,0.9722222222,-4.879474346740e-06
4.7222222222,0.9722222222,-4.951765673510e-06
4.7916666667,0.9722222222,-5.029444420480e-06
4.8611111111,0.9722222222,-5.101734282520e-06
4.9305555556,0.9722222222,-5.153474721930e-06
5.0000000000,0.9722222222,-5.172276012500e-06
5.0694444444,0.9722222222,-5.153471016230e-06
5.1388888889,0.9722222222,-5.101727511490e-06
5.2083333333,0.9722222222,-5.029435694300e-06
5.2777777778,0.9722222222,-4.951756283920e-06
5.3472222222,0.9722222222,-4.879465455440e-06
5.4166666667,0.9722222222,-4.813368081270e-06
5.4861111111,0.9722222222,-4.744122369380e-06
5.5555555556,0.9722222222,-4.657347836460e-06
5.6250000000,0.9722222222,-4.540059322840e-06
5.6944444444,0.9722222222,-4.385014257360e-06
5.7638888889,0.9722222222,-4.192745907810e-06
5.8333333333,0.9722222222,-3.972118187600e-06
5.9027777778,0.9722222222,-3.738648372760e-06
5.9722222222,0.9722222222,-3.509607158070e-06
6.0416666667,0.9722222222,-3.297708945960e-06
6.1111111111,0.9722222222,-3.107397489110e-06
6.1805555556,0.9722222222,-2.935826723440e-06
6.2500000000,0.9722222222,-2.776668792190e-06
6.3194444444,0.9722222222,-2.623482873790e-06
6.3888888889,0.9722222222,-2.471366539530e-06
6.4583333333,0.9722222222,-2.317630447000e-06
6.5277777778,0.9722222222,-2.162070222310e-06
6.5972222222,0.9722222222,-2.006468482950e-06
6.6666666667,0.9722222222,-1.853134116530e-06
6.7361111111,0.9722222222,-1.703143791650e-06
6.8055555556,0.9722222222,-1.555264730600e-06
6.8750000000,0.9722222222,-1.406356507970e-06
6.9444444444,0.9722222222,-1.253682045400e-06
7.0138888889,0.9722222222,-1.098362424211e-06
7.0833333333,0.9722222222,-9.473723946630e-07
7.1527777778,0.9722222222,-8.114084484190e-07
7.2222222222,0.9722222222,-6.992554717870e-07
7.2916666667,0.9722222222,-6.130530861910e-07
7.3611111111,0.9722222222,-5.483852012280e-07
7.4305555556,0.9722222222,-4.983637610800e-07
7.5000000000,0.9722222222,-4.573583331640e-07
7.5694444444,0.9722222222,-4.216636413400e-07
7.6388888889,0.9722222222,-3.884082764960e-07
7.7083333333,0.9722222222,-3.551721945860e-07
7.7777777778,0.9722222222,-3.206246380000e-07
7.8472222222,0.9722222222,-2.848806017310e-07
7.9166666667,0.9722222222,-2.490449740870e-07
7.9861111111,0.9722222222,-2.144303697190e-07
8.0555555556,0.9722222222,-1.816810435050e-07
8.1250000000,0.9722222222,-1.500464885370e-07
8.1944444444,0.9722222222,-1.180418706090e-07
8.2638888889,0.9722222222,-8.616612924730e-08
8.3333333333,0.9722222222,-5.912192497970e-08
8.4027777778,0.9722222222,-4.350027764640e-08
8.4722222222,0.9722222222,-4.142902599610e-08
8.5416666667,0.9722222222,-4.696972823020e-08
8.6111111111,0.9722222222,-5.078999746900e-08
8.6805555556,0.9722222222,-4.906167348900e-08
8.7500000000,0.9722222222,-4.626571368900e-08
8.8194444444,0.9722222222,-4.810855503200e-08
8.8888888889,0.9722222222,-5.307980678100e-08
8.9583333333,0.9722222222,-5.334416281510e-08
9.0277777778,0.9722222222,-4.405656841718e-08
9.0972222222,0.9722222222,-2.949274599131e-08
9.1666666667,0.9722222222,-1.852472152538e-08
9.2361111111,0.9722222222,-1.542125609162e-08
9.3055555556,0.9722222222,-1.712784685900e-08
9.3750000000,0.9722222222,-1.897428196670e-08
9.4444444444,0.9722222222,-2.014448757990e-08
9.5138888889,0.9722222222,-2.209318960570e-08
9.5833333333,0.9722222222,-2.369728655960e-08
9.6527777778,0.9722222222,-2.115598825710e-08
9.7222222222,0.9722222222,-1.315758256240e-08
9.7916666667,0.9722222222,-3.775090181300e-09
9.8611111111,0.9722222222,1.569814177870e-09
9.9305555556,0.9722222222,2.049291585400e-09
0.0000000000,1.0416666667,-2.081520912410e-08
0.0694444444,1.0416666667,-1.631419337610e-08
0.1388888889,1.0416666667,-8.383016299915e-09
0.2083333333,1.0416666667,-7.122826565000e-09
0.2777777778,1.0416666667,-1.549420941770e-08
0.3472222222,1.0416666667,-2.656255788880e-08
0.4166666667,1.0416666667,-3.185310430430e-08
0.4861111111,1.0416666667,-2.966004454690e-08
0.5555555556,1.0416666667,-2.418238743800e-08
0.6250000000,1.0416666667,-1.928685436300e-08
0.6944444444,1.0416666667,-1.624987928710e-08
0.7638888889,1.0416666667,-1.673847619190e-08
0.8333333333,1.0416666667,-2.384898082390e-08
0.9027777778,1.0416666667,-3.782220212180e-08
0.9722222222,1.0416666667,-5.275695202550e-08
1.0416666667,1.0416666667,-6.086757733100e-08
1.1111111111,1.0416666667,-6.026833630400e-08
1.1805555556,1.0416666667,-5.616982821600e-08
1.2500000000,1.0416666667,-5.348973706600e-08
1.3194444444,1.0416666667,-5.067065336200e-08
1.3888888889,1.0416666667,-4.336729304050e-08
1.4583333333,1.0416666667,-3.344714105120e-08
1.5277777778,1.0416666667,-3.112303712430e-08
1.5972222222,1.0416666667,-4.642384540480e-08
1.6666666667,1.0416666667,-7.964063626200e-08
1.7361111111,1.0416666667,-1.215443849500e-07
1.8055555556,1.0416666667,-1.622933731710e-07
1.8750000000,1.0416666667,-1.986265030210e-07
1.9444444444,1.0416666667,-2.328317114240e-07
2.0138888889,1.0416666667,-2.672288350470e-07
2.0833333333,1.0416666667,-3.014084912670e-07
2.1527777778,1.0416666667,-3.340188930290e-07
2.2222222222,1.0416666667,-3.653476808320e-07
2.2916666667,1.0416666667,-3.976167922680e-07
2.3611111111,1.0416666667,-4.336755600880e-07
2.4305555556,1.0416666667,-4.760560267700e-07
2.5000000000,1.0416666667,-5.269444511990e-07
2.5694444444,1.0416666667,-5.886848865740e-07
2.6388888889,1.0416666667,-6.645782000460e-07
2.7083333333,1.0416666667,-7.592874300580e-07
2.7777777778,1.0416666667,-8.774600101080e-07
2.8472222222,1.0416666667,-1.020423190856e-06
2.9166666667,1.0416666667,-1.183527305330e-06
2.9861111111,1.0416666667,-1.357228952020e-06
3.0555555556,1.0416666667,-1.531748875720e-06
3.1250000000,1.0416666667,-1.701604527840e-06
3.1944444444,1.0416666667,-1.866661996140e-06
3.2638888889,1.0416666667,-2.029888634850e-06
3.3333333333,1.0416666667,-2.194475182470e-06
3.4027777778,1.0416666667,-2.362344262180e-06
3.4722222222,1.0416666667,-2.534166752310e-06
3.5416666667,1.0416666667,-2.710170892750e-06
3.6111111111,1.0416666667,-2.891174889360e-06
3.6805555556,1.0416666667,-3.079384736130e-06
3.7500000000,1.0416666667,-3.278597226560e-06
3.8194444444,1.0416666667,-3.493819225740e-06
3.8888888889,1.0416666667,-3.730370861300e-06
3.9583333333,1.0416666667,-3.992037592280e-06
4.0277777778,1.0416666667,-4.278010857730e-06
4.0972222222,1.0416666667,-4.580021651920e-06
4.1666666667,1.0416666667,-4.882422464790e-06
4.2361111111,1.0416666667,-5.166535959760e-06
4.3055555556,1.0416666667,-5.417171695890e-06
4.3750000000,1.0416666667,-5.627522411490e-06
4.4444444444,1.0416666667,-5.800375328680e-06
4.5138888889,1.0416666667,-5.946142222190e-06
4.5833333333,1.0416666667,-6.078776140590e-06
4.6527777778,1.0416666667,-6.210124718490e-06
4.7222222222,1.0416666667,-6.344163308050e-06
4.7916666667,1.0416666667,-6.474181710710e-06
4.8611111111,1.0416666667,-6.585194697750e-06
4.9305555556,1.0416666667,-6.660255135540e-06
5.0000000000,1.0416666667,-6.686786593920e-06
5.0694444444,1.0416666667,-6.660253209410e-06
5.1388888889,1.0416666667,-6.585191191780e-06
5.2083333333,1.0416666667,-6.474177222650e-06
5.2777777778,1.0416666667,-6.344158531360e-06
5.3472222222,1.0416666667,-6.210120271370e-06
5.4166666667,1.0416666667,-6.078772436820e-06
5.4861111111,1.0416666667,-5.946139417500e-06
5.5555555556,1.0416666667,-5.800373349930e-06
5.6250000000,1.0416666667,-5.627521044410e-06
5.6944444444,1.0416666667,-5.417170696570e-06
5.7638888889,1.0416666667,-5.166535143680e-06
5.8333333333,1.0416666667,-4.882421749430e-06
5.9027777778,1.0416666667,-4.580021046120e-06
5.9722222222,1.0416666667,-4.278010413840e-06
6.0416666667,1.0416666667,-3.992037349940e-06
6.1111111111,1.0416666667,-3.730370809450e-06
6.1805555556,1.0416666667,-3.493819297980e-06
6.2500000000,1.0416666667,-3.278597326830e-06
6.3194444444,1.0416666667,-3.079384779650e-06
6.3888888889,1.0416666667,-2.891174837070e-06
6.4583333333,1.0416666667,-2.710170763220e-06
6.5277777778,1.0416666667,-2.534166607470e-06
6.5972222222,1.0416666667,-2.362344173710e-06
6.6666666667,1.0416666667,-2.194475197730e-06
6.7361111111,1.0416666667,-2.029888756310e-06
6.8055555556,1.0416666667,-1.866662183680e-06
6.8750000000,1.0416666667,-1.701604720820e-06
6.9444444444,1.0416666667,-1.531749023820e-06
7.0138888889,1.0416666667,-1.357229038110e-06
7.0833333333,1.0416666667,-1.183527352130e-06
7.1527777778,1.0416666667,-1.020423246935e-06
7.2222222222,1.0416666667,-8.774601247580e-07
7.2916666667,1.0416666667,-7.592876292610e-07
7.3611111111,1.0416666667,-6.645784750220e-07
7.4305555556,1.0416666667,-5.886851994420e-07
7.5000000000,1.0416666667,-5.269447543290e-07
7.5694444444,1.0416666667,-4.760562857010e-07
7.6388888889,1.0416666667,-4.336757692970e-07
7.7083333333,1.0416666667,-3.976169759400e-07
7.7777777778,1.0416666667,-3.653478792140e-07
7.8472222222,1.0416666667,-3.340191413670e-07
7.9166666667,1.0416666667,-3.014088020700e-07
7.9861111111,1.0416666667,-2.672291921940e-07
8.0555555556,1.0416666667,-2.328320779870e-07
8.1250000000,1.0416666667,-1.986268390320e-07
8.1944444444,1.0416666667,-1.622936542160e-07
8.2638888889,1.0416666667,-1.215446132400e-07
8.3333333333,1.0416666667,-7.964083843440e-08
8.4027777778,1.0416666667,-4.642405846980e-08
8.4722222222,1.0416666667,-3.112328935440e-08
8.5416666667,1.0416666667,-3.344743770290e-08
8.6111111111,1.0416666667,-4.336761403090e-08
8.6805555556,1.0416666667,-5.067096343000e-08
8.7500000000,1.0416666667,-5.349000343300e-08
8.8194444444,1.0416666667,-5.617003626100e-08
8.8888888889,1.0416666667,-6.026849605600e-08
8.9583333333,1.0416666667,-6.086771760800e-08
9.0277777778,1.0416666667,-5.275710539360e-08
9.0972222222,1.0416666667,-3.782238850247e-08
9.1666666667,1.0416666667,-2.384919762760e-08
9.2361111111,1.0416666667,-1.673869973010e-08
9.3055555556,1.0416666667,-1.625007643020e-08
9.3750000000,1.0416666667,-1.928699861230e-08
9.4444444444,1.0416666667,-2.418247192570e-08
9.5138888889,1.0416666667,-2.966008537690e-08
9.5833333333,1.0416666667,-3.185313239240e-08
9.6527777778,1.0416666667,-2.656260319360e-08
9.7222222222,1.0416666667,-1.549428576880e-08
9.7916666667,1.0416666667,-7.122924851800e-09
9.8611111111,1.0416666667,-8.383109512538e-09
9.9305555556,1.0416666667,-1.631425021480e-08
0.0000000000,1.1111111111,-3.712445630890e-08
0.0694444444,1.1111111111,-2.966315105910e-08
0.1388888889,1.1111111111,-1.533017002332e-08
0.2083333333,1.1111111111,-9.174226277200e-09
0.2777777778,1.1111111111,-1.682318275540e-08
0.3472222222,1.1111111111,-2.971128913432e-08
0.4166666667,1.1111111111,-3.581366388322e-08
0.4861111111,1.1111111111,-3.171477678741e-08
0.5555555556,1.1111111111,-2.305428464138e-08
0.6250000000,1.1111111111,-1.647081898710e-08
0.6944444444,1.1111111111,-1.471639205520e-08
0.7638888889,1.1111111111,-1.858862479180e-08
0.8333333333,1.1111111111,-2.898659288020e-08
0.9027777778,1.1111111111,-4.454531274060e-08
0.9722222222,1.1111111111,-5.951173645240e-08
1.0416666667,1.1111111111,-6.736430769490e-08
1.1111111111,1.1111111111,-6.670447499340e-08
1.1805555556,1.1111111111,-6.141830576300e-08
1.2500000000,1.1111111111,-5.480996209800e-08
1.3194444444,1.1111111111,-4.636472950440e-08
1.3888888889,1.1111111111,-3.630973439270e-08
1.4583333333,1.1111111111,-3.144537749540e-08
1.5277777778,1.1111111111,-4.259452139730e-08
1.5972222222,1.1111111111,-7.474983494710e-08
1.6666666667,1.1111111111,-1.213446333050e-07
1.7361111111,1.1111111111,-1.698163224650e-07
1.8055555556,1.1111111111,-2.121549897840e-07
1.8750000000,1.1111111111,-2.488512099290e-07
1.9444444444,1.1111111111,-2.836042044290e-07
2.0138888889,1.1111111111,-3.169754688870e-07
2.0833333333,1.1111111111,-3.466207420810e-07
2.1527777778,1.1111111111,-3.723618785330e-07
2.2222222222,1.1111111111,-3.989697564960e-07
2.2916666667,1.1111111111,-4.336253791940e-07
2.3611111111,1.1111111111,-4.816094548380e-07
2.4305555556,1.1111111111,-5.446920514080e-07
2.5000000000,1.1111111111,-6.226863717180e-07
2.5694444444,1.1111111111,-7.157212638900e-07
2.6388888889,1.1111111111,-8.253540249200e-07
2.7083333333,1.1111111111,-9.541699562300e-07
2.7777777778,1.1111111111,-1.104072714330e-06
2.8472222222,1.1111111111,-1.273986061250e-06
2.9166666667,1.1111111111,-1.458680481200e-06
2.9861111111,1.1111111111,-1.650248416130e-06
3.0555555556,1.1111111111,-1.841546177660e-06
3.1250000000,1.1111111111,-2.028951966430e-06
3.1944444444,1.1111111111,-2.212570604040e-06
3.2638888889,1.1111111111,-2.394619020320e-06
3.3333333333,1.1111111111,-2.578013163960e-06
3.4027777778,1.1111111111,-2.766065299250e-06
3.4722222222,1.1111111111,-2.962665605430e-06
3.5416666667,1.1111111111,-3.172202129070e-06
3.6111111111,1.1111111111,-3.399240776000e-06
3.6805555556,1.1111111111,-3.648263639160e-06
3.7500000000,1.1111111111,-3.923426472100e-06
3.8194444444,1.1111111111,-4.228050789610e-06
3.8888888889,1.1111111111,-4.563577565340e-06
3.9583333333,1.1111111111,-4.927836449000e-06
4.0277777778,1.1111111111,-5.313055344800e-06
4.0972222222,1.1111111111,-5.705076796450e-06
4.1666666667,1.1111111111,-6.085512536830e-06
4.2361111111,1.1111111111,-6.436888138520e-06
4.3055555556,1.1111111111,-6.748324479400e-06
4.3750000000,1.1111111111,-7.018594771460e-06
4.4444444444,1.1111111111,-7.255246377060e-06
4.5138888889,1.1111111111,-7.470732013990e-06
4.5833333333,1.1111111111,-7.677145046250e-06
4.6527777778,1.1111111111,-7.880896786830e-06
4.7222222222,1.1111111111,-8.079058799720e-06
4.7916666667,1.1111111111,-8.259436570240e-06
4.8611111111,1.1111111111,-8.404850798100e-06
4.9305555556,1.1111111111,-8.499195962070e-06
5.0000000000,1.1111111111,-8.531842284560e-06
5.0694444444,1.1111111111,-8.499196807220e-06
5.1388888889,1.1111111111,-8.404852361010e-06
5.2083333333,1.1111111111,-8.259438630440e-06
5.2777777778,1.1111111111,-8.079061093480e-06
5.3472222222,1.1111111111,-7.880899069700e-06
5.4166666667,1.1111111111,-7.677147136610e-06
5.4861111111,1.1111111111,-7.470733815420e-06
5.5555555556,1.1111111111,-7.255247871970e-06
5.6250000000,1.1111111111,-7.018595995410e-06
5.6944444444,1.1111111111,-6.748325486930e-06
5.7638888889,1.1111111111,-6.436888975210e-06
5.8333333333,1.1111111111,-6.085513224440e-06
5.9027777778,1.1111111111,-5.705077336200e-06
5.9722222222,1.1111111111,-5.313055730270e-06
6.0416666667,1.1111111111,-4.927836682320e-06
6.1111111111,1.1111111111,-4.563577667660e-06
6.1805555556,1.1111111111,-4.228050800810e-06
6.2500000000,1.1111111111,-3.923426440370e-06
6.3194444444,1.1111111111,-3.648263607120e-06
6.3888888889,1.1111111111,-3.399240768550e-06
6.4583333333,1.1111111111,-3.172202149870e-06
6.5277777778,1.1111111111,-2.962665641860e-06
6.5972222222,1.1111111111,-2.766065333550e-06
6.6666666667,1.1111111111,-2.578013184390e-06
6.7361111111,1.1111111111,-2.394619028510e-06
6.8055555556,1.1111111111,-2.212570613870e-06
6.8750000000,1.1111111111,-2.028951997500e-06
6.9444444444,1.1111111111,-1.841546246070e-06
7.0138888889,1.1111111111,-1.650248527090e-06
7.0833333333,1.1111111111,-1.458680627580e-06
7.1527777778,1.1111111111,-1.273986227400e-06
7.2222222222,1.1111111111,-1.104072884050e-06
7.2916666667,1.1111111111,-9.541701202600e-07
7.3611111111,1.1111111111,-8.253541849800e-07
7.4305555556,1.1111111111,-7.157214307630e-07
7.5000000000,1.1111111111,-6.226865592320e-07
7.5694444444,1.1111111111,-5.446922689900e-07
7.6388888889,1.1111111111,-4.816097029350e-07
7.7083333333,1.1111111111,-4.336256489280e-07
7.7777777778,1.1111111111,-3.989700338090e-07
7.8472222222,1.1111111111,-3.723621506040e-07
7.9166666667,1.1111111111,-3.466210030220e-07
7.9861111111,1.1111111111,-3.169757219900e-07
8.0555555556,1.1111111111,-2.836044594020e-07
8.1250000000,1.1111111111,-2.488514768680e-07
8.1944444444,1.1111111111,-2.121552730300e-07
8.2638888889,1.1111111111,-1.698166178130e-07
8.3333333333,1.1111111111,-1.213449298680e-07
8.4027777778,1.1111111111,-7.475012021970e-08
8.4722222222,1.1111111111,-4.259478677820e-08
8.5416666667,1.1111111111,-3.144562171420e-08
8.6111111111,1.1111111111,-3.630996347770e-08
8.6805555556,1.1111111111,-4.636495320310e-08
8.7500000000,1.1111111111,-5.481018903400e-08
8.8194444444,1.1111111111,-6.141853899900e-08
8.8888888889,1.1111111111,-6.670471045200e-08
8.9583333333,1.1111111111,-6.736453575680e-08
9.0277777778,1.1111111111,-5.951194605810e-08
9.0972222222,1.1111111111,-4.454549646110e-08
9.1666666667,1.1111111111,-2.898675036880e-08
9.2361111111,1.1111111111,-1.858876279990e-08
9.3055555556,1.1111111111,-1.471652068670e-08
9.3750000000,1.1111111111,-1.647094607460e-08
9.4444444444,1.1111111111,-2.305441170012e-08
9.5138888889,1.1111111111,-3.171489843943e-08
9.5833333333,1.1111111111,-3.581377065110e-08
9.6527777778,1.1111111111,-2.971137184418e-08
9.7222222222,1.1111111111,-1.682323668680e-08
9.7916666667,1.1111111111,-9.174253419500e-09
9.8611111111,1.1111111111,-1.533017858642e-08
9.9305555556,1.1111111111,-2.966315164300e-08
0.0000000000,1.1805555556,-4.239156600410e-08
0.0694444444,1.1805555556,-3.402397325725e-08
0.1388888889,1.1805555556,-1.764931423686e-08
0.2083333333,1.1805555556,-9.607110878100e-09
0.2777777778,1.1805555556,-1.608750716014e-08
0.3472222222,1.1805555556,-2.797929855782e-08
0.4166666667,1.1805555556,-3.256901301070e-08
0.4861111111,1.1805555556,-2.674597235600e-08
0.5555555556,1.1805555556,-1.745349383572e-08
0.6250000000,1.1805555556,-1.247395764393e-08
0.6944444444,1.1805555556,-1.436998505590e-08
0.7638888889,1.1805555556,-2.235969516220e-08
0.8333333333,1.1805555556,-3.552095389920e-08
0.9027777778,1.1805555556,-5.175771133320e-08
0.9722222222,1.1805555556,-6.593543482300e-08
1.0416666667,1.1805555556,-7.244478702580e-08
1.1111111111,1.1805555556,-6.997968959660e-08
1.1805555556,1.1805555556,-6.209450001200e-08
1.2500000000,1.1805555556,-5.308163537240e-08
1.3194444444,1.1805555556,-4.555896343720e-08
1.3888888889,1.1805555556,-4.303297023520e-08
1.4583333333,1.1805555556,-5.220162790490e-08
1.5277777778,1.1805555556,-7.915516764340e-08
1.5972222222,1.1805555556,-1.226675198300e-07
1.6666666667,1.1805555556,-1.734262299800e-07
1.7361111111,1.1805555556,-2.213935630950e-07
1.8055555556,1.1805555556,-2.630574555990e-07
1.8750000000,1.1805555556,-3.004346066400e-07
1.9444444444,1.1805555556,-3.343867948590e-07
2.0138888889,1.1805555556,-3.618439003360e-07
2.0833333333,1.1805555556,-3.808580999300e-07
2.1527777778,1.1805555556,-3.969602945080e-07
2.2222222222,1.1805555556,-4.225565897500e-07
2.2916666667,1.1805555556,-4.695077419990e-07
2.3611111111,1.1805555556,-5.424859081630e-07
2.4305555556,1.1805555556,-6.388532168540e-07
2.5000000000,1.1805555556,-7.534898662130e-07
2.5694444444,1.1805555556,-8.832010513700e-07
2.6388888889,1.1805555556,-1.027706312000e-06
2.7083333333,1.1805555556,-1.188101462410e-06
2.7777777778,1.1805555556,-1.364864586450e-06
2.8472222222,1.1805555556,-1.556555321210e-06
2.9166666667,1.1805555556,-1.759616417720e-06
2.9861111111,1.1805555556,-1.969377214040e-06
3.0555555556,1.1805555556,-2.181672098210e-06
3.1250000000,1.1805555556,-2.393937772230e-06
3.1944444444,1.1805555556,-2.605304390170e-06
3.2638888889,1.1805555556,-2.816451930850e-06
3.3333333333,1.1805555556,-3.030140063580e-06
3.4027777778,1.1805555556,-3.252082226620e-06
3.4722222222,1.1805555556,-3.490920532660e-06
3.5416666667,1.1805555556,-3.756705408060e-06
3.6111111111,1.1805555556,-4.058625758130e-06
3.6805555556,1.1805555556,-4.403158657260e-06
3.7500000000,1.1805555556,-4.793048909370e-06
3.8194444444,1.1805555556,-5.226671073590e-06
3.8888888889,1.1805555556,-5.697272267710e-06
3.9583333333,1.1805555556,-6.192283610200e-06
4.0277777778,1.1805555556,-6.693680967070e-06
4.0972222222,1.1805555556,-7.180513938950e-06
4.1666666667,1.1805555556,-7.633693191700e-06
4.2361111111,1.1805555556,-8.041338199640e-06
4.3055555556,1.1805555556,-8.401947272670e-06
4.3750000000,1.1805555556,-8.723603074120e-06
4.4444444444,1.1805555556,-9.019703167010e-06
4.5138888889,1.1805555556,-9.303278099300e-06
4.5833333333,1.1805555556,-9.581868048240e-06
4.6527777778,1.1805555556,-9.854226215200e-06
4.7222222222,1.1805555556,-1.010989117990e-05
4.7916666667,1.1805555556,-1.033223562920e-05
4.8611111111,1.1805555556,-1.050390372330e-05
4.9305555556,1.1805555556,-1.061168830160e-05
5.0000000000,1.1805555556,-1.064833451960e-05
5.0694444444,1.1805555556,-1.061169151400e-05
5.1388888889,1.1805555556,-1.050390960870e-05
5.2083333333,1.1805555556,-1.033224324700e-05
5.2777777778,1.1805555556,-1.010989943610e-05
5.3472222222,1.1805555556,-9.854234115700e-06
5.4166666667,1.1805555556,-9.581874903740e-06
5.4861111111,1.1805555556,-9.303283605850e-06
5.5555555556,1.1805555556,-9.019707373230e-06
5.6250000000,1.1805555556,-8.723606250630e-06
5.6944444444,1.1805555556,-8.401949749200e-06
5.7638888889,1.1805555556,-8.041340231990e-06
5.8333333333,1.1805555556,-7.633694897790e-06
5.9027777778,1.1805555556,-7.180515312220e-06
5.9722222222,1.1805555556,-6.693681945860e-06
6.0416666667,1.1805555556,-6.192284158300e-06
6.1111111111,1.1805555556,-5.697272428570e-06
6.1805555556,1.1805555556,-5.226670974590e-06
6.2500000000,1.1805555556,-4.793048720750e-06
6.3194444444,1.1805555556,-4.403158529480e-06
6.3888888889,1.1805555556,-4.058625769100e-06
6.4583333333,1.1805555556,-3.756705545420e-06
6.5277777778,1.1805555556,-3.490920716170e-06
6.5972222222,1.1805555556,-3.252082357600e-06
6.6666666667,1.1805555556,-3.030140077540e-06
6.7361111111,1.1805555556,-2.816451828170e-06
6.8055555556,1.1805555556,-2.605304232540e-06
6.8750000000,1.1805555556,-2.393937650360e-06
6.9444444444,1.1805555556,-2.181672086970e-06
7.0138888889,1.1805555556,-1.969377338400e-06
7.0833333333,1.1805555556,-1.759616644290e-06
7.1527777778,1.1805555556,-1.556555577480e-06
7.2222222222,1.1805555556,-1.364864798280e-06
7.2916666667,1.1805555556,-1.188101589570e-06
7.3611111111,1.1805555556,-1.027706365260e-06
7.4305555556,1.1805555556,-8.832010845300e-07
7.5000000000,1.1805555556,-7.534899470520e-07
7.5694444444,1.1805555556,-6.388533932910e-07
7.6388888889,1.1805555556,-5.424861857320e-07
7.7083333333,1.1805555556,-4.695080825880e-07
7.7777777778,1.1805555556,-4.225569315330e-07
7.8472222222,1.1805555556,-3.969605824120e-07
7.9166666667,1.1805555556,-3.808583119520e-07
7.9861111111,1.1805555556,-3.618440569730e-07
8.0555555556,1.1805555556,-3.343869470850e-07
8.1250000000,1.1805555556,-3.004348091080e-07
8.1944444444,1.1805555556,-2.630577385010e-07
8.2638888889,1.1805555556,-2.213939169870e-07
8.3333333333,1.1805555556,-1.734266106740e-07
8.4027777778,1.1805555556,-1.226678704000e-07
8.4722222222,1.1805555556,-7.915544601090e-08
8.5416666667,1.1805555556,-5.220182645720e-08
8.6111111111,1.1805555556,-4.303311811220e-08
8.6805555556,1.1805555556,-4.555911064500e-08
8.7500000000,1.1805555556,-5.308182754950e-08
8.8194444444,1.1805555556,-6.209475585600e-08
8.8888888889,1.1805555556,-6.997999218990e-08
8.9583333333,1.1805555556,-7.244509239000e-08
9.0277777778,1.1805555556,-6.593569326500e-08
9.0972222222,1.1805555556,-5.175789149090e-08
9.1666666667,1.1805555556,-3.552105771630e-08
9.2361111111,1.1805555556,-2.235975645180e-08
9.3055555556,1.1805555556,-1.437005216940e-08
9.3750000000,1.1805555556,-1.247406883983e-08
9.4444444444,1.1805555556,-1.745365821216e-08
9.5138888889,1.1805555556,-2.674616563950e-08
9.5833333333,1.1805555556,-3.256918984220e-08
9.6527777778,1.1805555556,-2.797941475604e-08
9.7222222222,1.1805555556,-1.608754121770e-08
9.7916666667,1.1805555556,-9.607074530100e-09
9.8611111111,1.1805555556,-1.764924713140e-08
9.9305555556,1.1805555556,-3.402392351889e-08
0.0000000000,1.2500000000,-3.689349697792e-08
0.0694444444,1.2500000000,-2.970031374603e-08
0.1388888889,1.2500000000,-1.560379915030e-08
0.2083333333,1.2500000000,-8.525353838700e-09
0.2777777778,1.2500000000,-1.356285375204e-08
0.3472222222,1.2500000000,-2.285505388550e-08
0.4166666667,1.2500000000,-2.595252239620e-08
0.4861111111,1.2500000000,-2.102935253110e-08
0.5555555556,1.2500000000,-1.469084604207e-08
0.6250000000,1.2500000000,-1.358428018070e-08
0.6944444444,1.2500000000,-1.923490582470e-08
0.7638888889,1.2500000000,-3.003092578730e-08
0.8333333333,1.2500000000,-4.428533087790e-08
0.9027777778,1.2500000000,-5.949805670520e-08
0.9722222222,1.2500000000,-7.090778060880e-08
1.0416666667,1.2500000000,-7.392819250890e-08
1.1111111111,1.2500000000,-6.849415763390e-08
1.1805555556,1.2500000000,-5.965099447320e-08
1.2500000000,1.2500000000,-5.368519177630e-08
1.3194444444,1.2500000000,-5.490695160790e-08
1.3888888889,1.2500000000,-6.617113845810e-08
1.4583333333,1.2500000000,-9.007152220580e-08
1.5277777778,1.2500000000,-1.272567440520e-07
1.5972222222,1.2500000000,-1.739966874350e-07
1.6666666667,1.2500000000,-2.235802470550e-07
1.7361111111,1.2500000000,-2.708749744880e-07
1.8055555556,1.2500000000,-3.141997302370e-07
1.8750000000,1.2500000000,-3.520279190680e-07
1.9444444444,1.2500000000,-3.799136599750e-07
2.0138888889,1.2500000000,-3.939468608520e-07
2.0833333333,1.2500000000,-3.985601699310e-07
2.1527777778,1.2500000000,-4.094318199110e-07
2.2222222222,1.2500000000,-4.462952859350e-07
2.2916666667,1.2500000000,-5.212865209060e-07
2.3611111111,1.2500000000,-6.332153489550e-07
2.4305555556,1.2500000000,-7.717873537630e-07
2.5000000000,1.2500000000,-9.263540103600e-07
2.5694444444,1.2500000000,-1.091387139320e-06
2.6388888889,1.2500000000,-1.266174572670e-06
2.7083333333,1.2500000000,-1.451822602120e-06
2.7777777778,1.2500000000,-1.649203458530e-06
2.8472222222,1.2500000000,-1.858644634840e-06
2.9166666667,1.2500000000,-2.080196056360e-06
2.9861111111,1.2500000000,-2.313573301710e-06
3.0555555556,1.2500000000,-2.557798600650e-06
3.1250000000,1.2500000000,-2.810953415920e-06
3.1944444444,1.2500000000,-3.070555205290e-06
3.2638888889,1.2500000000,-3.335046732750e-06
3.3333333333,1.2500000000,-3.606247039640e-06
3.4027777778,1.2500000000,-3.891451136010e-06
3.4722222222,1.2500000000,-4.203404802020e-06
3.5416666667,1.2500000000,-4.557504310470e-06
3.6111111111,1.2500000000,-4.967415525170e-06
3.6805555556,1.2500000000,-5.441102618580e-06
3.7500000000,1.2500000000,-5.978403315450e-06
3.8194444444,1.2500000000,-6.569997785800e-06
3.8888888889,1.2500000000,-7.197399267560e-06
3.9583333333,1.2500000000,-7.834481706480e-06
4.0277777778,1.2500000000,-8.451610212010e-06
4.0972222222,1.2500000000,-9.022400112080e-06
4.1666666667,1.2500000000,-9.530964724560e-06
4.2361111111,1.2500000000,-9.976173623860e-06
4.3055555556,1.2500000000,-1.037048786198e-05
4.3750000000,1.2500000000,-1.073382991420e-05
4.4444444444,1.2500000000,-1.108543387840e-05
4.5138888889,1.2500000000,-1.143696925490e-05
4.5833333333,1.2500000000,-1.178885164160e-05
4.6527777778,1.2500000000,-1.213022999950e-05
4.7222222222,1.2500000000,-1.244241932580e-05
4.7916666667,1.2500000000,-1.270476350060e-05
4.8611111111,1.2500000000,-1.290059075290e-05
4.9305555556,1.2500000000,-1.302031686060e-05
5.0000000000,1.2500000000,-1.306043116150e-05
5.0694444444,1.2500000000,-1.302032082870e-05
5.1388888889,1.2500000000,-1.290059800210e-05
5.2083333333,1.2500000000,-1.270477284640e-05
5.2777777778,1.2500000000,-1.244242938600e-05
5.3472222222,1.2500000000,-1.213023952960e-05
5.4166666667,1.2500000000,-1.178885978550e-05
5.4861111111,1.2500000000,-1.143697565530e-05
5.5555555556,1.2500000000,-1.108543862710e-05
5.6250000000,1.2500000000,-1.073383338390e-05
5.6944444444,1.2500000000,-1.037049049392e-05
5.7638888889,1.2500000000,-9.976175758940e-06
5.8333333333,1.2500000000,-9.530966518530e-06
5.9027777778,1.2500000000,-9.022401555600e-06
5.9722222222,1.2500000000,-8.451611219630e-06
6.0416666667,1.2500000000,-7.834482222030e-06
6.1111111111,1.2500000000,-7.197399335150e-06
6.1805555556,1.2500000000,-6.569997556970e-06
6.2500000000,1.2500000000,-5.978402998060e-06
6.3194444444,1.2500000000,-5.441102396800e-06
6.3888888889,1.2500000000,-4.967415492180e-06
6.4583333333,1.2500000000,-4.557504445270e-06
6.5277777778,1.2500000000,-4.203404997630e-06
6.5972222222,1.2500000000,-3.891451263130e-06
6.6666666667,1.2500000000,-3.606247013990e-06
6.7361111111,1.2500000000,-3.335046553530e-06
6.8055555556,1.2500000000,-3.070554951620e-06
6.8750000000,1.2500000000,-2.810953204410e-06
6.9444444444,1.2500000000,-2.557798527780e-06
7.0138888889,1.2500000000,-2.313573399990e-06
7.0833333333,1.2500000000,-2.080196282860e-06
7.1527777778,1.2500000000,-1.858644896640e-06
7.2222222222,1.2500000000,-1.649203660640e-06
7.2916666667,1.2500000000,-1.451822693130e-06
7.3611111111,1.2500000000,-1.266174566760e-06
7.4305555556,1.2500000000,-1.091387105210e-06
7.5000000000,1.2500000000,-9.263540351700e-07
7.5694444444,1.2500000000,-7.717874986710e-07
7.6388888889,1.2500000000,-6.332156208430e-07
7.7083333333,1.2500000000,-5.212868709600e-07
7.7777777778,1.2500000000,-4.462956352880e-07
7.8472222222,1.2500000000,-4.094320987500e-07
7.9166666667,1.2500000000,-3.985603508620e-07
7.9861111111,1.2500000000,-3.939469708060e-07
8.0555555556,1.2500000000,-3.799137648620e-07
8.1250000000,1.2500000000,-3.520280897870e-07
8.1944444444,1.2500000000,-3.142000066020e-07
8.2638888889,1.2500000000,-2.708753454460e-07
8.3333333333,1.2500000000,-2.235806562740e-07
8.4027777778,1.2500000000,-1.739970611830e-07
8.4722222222,1.2500000000,-1.272570271150e-07
8.5416666667,1.2500000000,-9.007170384770e-08
8.6111111111,1.2500000000,-6.617125600140e-08
8.6805555556,1.2500000000,-5.490707003320e-08
8.7500000000,1.2500000000,-5.368537064370e-08
8.8194444444,1.2500000000,-5.965125829970e-08
8.8888888889,1.2500000000,-6.849448455530e-08
8.9583333333,1.2500000000,-7.392852563470e-08
9.0277777778,1.2500000000,-7.090805599380e-08
9.0972222222,1.2500000000,-5.949823440560e-08
9.1666666667,1.2500000000,-4.428541394610e-08
9.2361111111,1.2500000000,-3.003095808680e-08
9.3055555556,1.2500000000,-1.923494970410e-08
9.3750000000,1.2500000000,-1.358438503686e-08
9.4444444444,1.2500000000,-1.469102383473e-08
9.5138888889,1.2500000000,-2.102957214770e-08
9.5833333333,1.2500000000,-2.595272526200e-08
9.6527777778,1.2500000000,-2.285518274010e-08
9.7222222222,1.2500000000,-1.356288066821e-08
9.7916666667,1.2500000000,-8.525294026400e-09
9.8611111111,1.2500000000,-1.560370393330e-08
9.9305555556,1.2500000000,-2.970024526965e-08
0.0000000000,1.3194444444,-2.420798394182e-08
0.0694444444,1.3194444444,-1.957400649358e-08
0.1388888889,1.3194444444,-1.065764230920e-08
0.2083333333,1.3194444444,-6.656779467400e-09
0.2777777778,1.3194444444,-1.080409537055e-08
0.3472222222,1.3194444444,-1.787784582710e-08
0.4166666667,1.3194444444,-2.131385001240e-08
0.4861111111,1.3194444444,-2.038425054150e-08
0.5555555556,1.3194444444,-1.955249492139e-08
0.6250000000,1.3194444444,-2.283005051749e-08
0.6944444444,1.3194444444,-3.078373023700e-08
0.7638888889,1.3194444444,-4.204502115630e-08
0.8333333333,1.3194444444,-5.490119998650e-08
0.9027777778,1.3194444444,-6.649574323270e-08
0.9722222222,1.3194444444,-7.262132714120e-08
1.0416666667,1.3194444444,-7.076104207740e-08
1.1111111111,1.3194444444,-6.353882040230e-08
1.1805555556,1.3194444444,-5.793061495530e-08
1.2500000000,1.3194444444,-6.058805085870e-08
1.3194444444,1.3194444444,-7.429869324100e-08
1.3888888889,1.3194444444,-9.855511247900e-08
1.4583333333,1.3194444444,-1.319462607120e-07
1.5277777778,1.3194444444,-1.730331121130e-07
1.5972222222,1.3194444444,-2.198017322320e-07
1.6666666667,1.3194444444,-2.695770683110e-07
1.7361111111,1.3194444444,-3.191696787630e-07
1.8055555556,1.3194444444,-3.638056537620e-07
1.8750000000,1.3194444444,-3.962972791140e-07
1.9444444444,1.3194444444,-4.103609382270e-07
2.0138888889,1.3194444444,-4.082372377100e-07
2.0833333333,1.3194444444,-4.058726511162e-07
2.1527777778,1.3194444444,-4.282847986003e-07
2.2222222222,1.3194444444,-4.963437359979e-07
2.2916666667,1.3194444444,-6.152427691120e-07
2.3611111111,1.3194444444,-7.739865494720e-07
2.4305555556,1.3194444444,-9.550834704000e-07
2.5000000000,1.3194444444,-1.145244567500e-06
2.5694444444,1.3194444444,-1.339313437000e-06
2.6388888889,1.3194444444,-1.537594483540e-06
2.7083333333,1.3194444444,-1.742030157340e-06
2.7777777778,1.3194444444,-1.955105534120e-06
2.8472222222,1.3194444444,-2.180772946560e-06
2.9166666667,1.3194444444,-2.424657585530e-06
2.9861111111,1.3194444444,-2.692362141850e-06
3.0555555556,1.3194444444,-2.986950619380e-06
3.1250000000,1.3194444444,-3.307367177660e-06
3.1944444444,1.3194444444,-3.648910546260e-06
3.2638888889,1.3194444444,-4.006004080910e-06
3.3333333333,1.3194444444,-4.376512866700e-06
3.4027777778,1.3194444444,-4.765663981310e-06
3.4722222222,1.3194444444,-5.187084282050e-06
3.5416666667,1.3194444444,-5.659646836240e-06
3.6111111111,1.3194444444,-6.201213509130e-06
3.6805555556,1.3194444444,-6.821967666550e-06
3.7500000000,1.3194444444,-7.519590031020e-06
3.8194444444,1.3194444444,-8.277091812900e-06
3.8888888889,1.3194444444,-9.063613191900e-06
3.9583333333,1.3194444444,-9.839050588030e-06
4.0277777778,1.3194444444,-1.056304587790e-05
4.0972222222,1.3194444444,-1.120641131960e-05
4.1666666667,1.3194444444,-1.176019432740e-05
4.2361111111,1.3194444444,-1.223748866890e-05
4.3055555556,1.3194444444,-1.266670329930e-05
4.3750000000,1.3194444444,-1.307962580680e-05
4.4444444444,1.3194444444,-1.349972163250e-05
4.5138888889,1.3194444444,-1.393481711750e-05
4.5833333333,1.3194444444,-1.437564043390e-05
4.6527777778,1.3194444444,-1.479972818350e-05
4.7222222222,1.3194444444,-1.517908247720e-05
4.7916666667,1.3194444444,-1.548885555700e-05
4.8611111111,1.3194444444,-1.571350326410e-05
4.9305555556,1.3194444444,-1.584767036900e-05
5.0000000000,1.3194444444,-1.589203383150e-05
5.0694444444,1.3194444444,-1.584767307180e-05
5.1388888889,1.3194444444,-1.571350818660e-05
5.2083333333,1.3194444444,-1.548886186530e-05
5.2777777778,1.3194444444,-1.517908920250e-05
5.3472222222,1.3194444444,-1.479973445820e-05
5.4166666667,1.3194444444,-1.437564567260e-05
5.4861111111,1.3194444444,-1.393482108980e-05
5.5555555556,1.3194444444,-1.349972442800e-05
5.6250000000,1.3194444444,-1.307962771400e-05
5.6944444444,1.3194444444,-1.266670464930e-05
5.7638888889,1.3194444444,-1.223748971770e-05
5.8333333333,1.3194444444,-1.176019519230e-05
5.9027777778,1.3194444444,-1.120641199390e-05
5.9722222222,1.3194444444,-1.056304629790e-05
6.0416666667,1.3194444444,-9.839050705560e-06
6.1111111111,1.3194444444,-9.063613029940e-06
6.1805555556,1.3194444444,-8.277091470490e-06
6.2500000000,1.3194444444,-7.519589648980e-06
6.3194444444,1.3194444444,-6.821967370610e-06
6.3888888889,1.3194444444,-6.201213361770e-06
6.4583333333,1.3194444444,-5.659646819760e-06
6.5277777778,1.3194444444,-5.187084318280e-06
6.5972222222,1.3194444444,-4.765663976670e-06
6.6666666667,1.3194444444,-4.376512760100e-06
6.7361111111,1.3194444444,-4.006003871710e-06
6.8055555556,1.3194444444,-3.648910291120e-06
6.8750000000,1.3194444444,-3.307366960400e-06
6.9444444444,1.3194444444,-2.986950509650e-06
7.0138888889,1.3194444444,-2.692362163500e-06
7.0833333333,1.3194444444,-2.424657708510e-06
7.1527777778,1.3194444444,-2.180773104610e-06
7.2222222222,1.3194444444,-1.955105659430e-06
7.2916666667,1.3194444444,-1.742030213030e-06
7.3611111111,1.3194444444,-1.537594479490e-06
7.4305555556,1.3194444444,-1.339313421740e-06
7.5000000000,1.3194444444,-1.145244602020e-06
7.5694444444,1.3194444444,-9.550835968800e-07
7.6388888889,1.3194444444,-7.739867714690e-07
7.7083333333,1.3194444444,-6.152430509410e-07
7.7777777778,1.3194444444,-4.963440212922e-07
7.8472222222,1.3194444444,-4.282850380086e-07
7.9166666667,1.3194444444,-4.058728257039e-07
7.9861111111,1.3194444444,-4.082373670150e-07
8.0555555556,1.3194444444,-4.103610691680e-07
8.1250000000,1.3194444444,-3.962974619160e-07
8.1944444444,1.3194444444,-3.638059163310e-07
8.2638888889,1.3194444444,-3.191700125880e-07
8.3333333333,1.3194444444,-2.695774322230e-07
8.4027777778,1.3194444444,-2.198020721920e-07
8.4722222222,1.3194444444,-1.730333870230e-07
8.5416666667,1.3194444444,-1.319464615910e-07
8.6111111111,1.3194444444,-9.855526547800e-08
8.6805555556,1.3194444444,-7.429884497280e-08
8.7500000000,1.3194444444,-6.058824426850e-08
8.8194444444,1.3194444444,-5.793086749890e-08
8.8888888889,1.3194444444,-6.353911581660e-08
8.9583333333,1.3194444444,-7.076133879410e-08
9.0277777778,1.3194444444,-7.262157873160e-08
9.0972222222,1.3194444444,-6.649592088630e-08
9.1666666667,1.3194444444,-5.490130605190e-08
9.2361111111,1.3194444444,-4.204508733130e-08
9.3055555556,1.3194444444,-3.078380139790e-08
9.3750000000,1.3194444444,-2.283016211786e-08
9.4444444444,1.3194444444,-1.955265546649e-08
9.5138888889,1.3194444444,-2.038443756510e-08
9.5833333333,1.3194444444,-2.131402122420e-08
9.6527777778,1.3194444444,-1.787795974200e-08
9.7222222222,1.3194444444,-1.080413153951e-08
9.7916666667,1.3194444444,-6.656748616000e-09
9.8611111111,1.3194444444,-1.065758151240e-08
9.9305555556,1.3194444444,-1.957396088887e-08
0.0000000000,1.3888888889,-8.444124024700e-09
0.0694444444,1.3888888889,-6.903272821500e-09
0.1388888889,1.3888888889,-4.423860262300e-09
0.2083333333,1.3888888889,-4.832925291800e-09
0.2777777778,1.3888888889,-9.190191875576e-09
0.3472222222,1.3888888889,-1.501884625384e-08
0.4166666667,1.3888888889,-1.968472584082e-08
0.4861111111,1.3888888889,-2.328750011260e-08
0.5555555556,1.3888888889,-2.788669723189e-08
0.6250000000,1.3888888889,-3.495999556580e-08
0.6944444444,1.3888888889,-4.438220195300e-08
0.7638888889,1.3888888889,-5.500039841000e-08
0.8333333333,1.3888888889,-6.482082766860e-08
0.9027777778,1.3888888889,-7.083515958620e-08
0.9722222222,1.3888888889,-7.048467203810e-08
1.0416666667,1.3888888889,-6.467977591790e-08
1.1111111111,1.3888888889,-5.902015891120e-08
1.1805555556,1.3888888889,-6.085709477510e-08
1.2500000000,1.3888888889,-7.455421395110e-08
1.3194444444,1.3888888889,-9.955316059100e-08
1.3888888889,1.3888888889,-1.326336105140e-07
1.4583333333,1.3888888889,-1.713353514030e-07
1.5277777778,1.3888888889,-2.151328996570e-07
1.5972222222,1.3888888889,-2.639825818280e-07
1.6666666667,1.3888888889,-3.159674652350e-07
1.7361111111,1.3888888889,-3.655927715560e-07
1.8055555556,1.3888888889,-4.040722446580e-07
1.8750000000,1.3888888889,-4.232348594270e-07
1.9444444444,1.3888888889,-4.228292623910e-07
2.0138888889,1.3888888889,-4.165575871316e-07
2.0833333333,1.3888888889,-4.301228759903e-07
2.1527777778,1.3888888889,-4.896370261292e-07
2.2222222222,1.3888888889,-6.076314046148e-07
2.2916666667,1.3888888889,-7.773390134060e-07
2.3611111111,1.3888888889,-9.793033182180e-07
2.4305555556,1.3888888889,-1.193983037990e-06
2.5000000000,1.3888888889,-1.410245367280e-06
2.5694444444,1.3888888889,-1.625419757150e-06
2.6388888889,1.3888888889,-1.840861077180e-06
2.7083333333,1.3888888889,-2.059342327590e-06
2.7777777778,1.3888888889,-2.286230723280e-06
2.8472222222,1.3888888889,-2.531369386940e-06
2.9166666667,1.3888888889,-2.808079129880e-06
2.9861111111,1.3888888889,-3.128971734180e-06
3.0555555556,1.3888888889,-3.501126596050e-06
3.1250000000,1.3888888889,-3.923323892390e-06
3.1944444444,1.3888888889,-4.386605100330e-06
3.2638888889,1.3888888889,-4.878228707020e-06
3.3333333333,1.3888888889,-5.388109032520e-06
3.4027777778,1.3888888889,-5.915379519660e-06
3.4722222222,1.3888888889,-6.471603173290e-06
3.5416666667,1.3888888889,-7.078117718230e-06
3.6111111111,1.3888888889,-7.758079592180e-06
3.6805555556,1.3888888889,-8.526531218090e-06
3.7500000000,1.3888888889,-9.382146785600e-06
3.8194444444,1.3888888889,-1.030297387580e-05
3.8888888889,1.3888888889,-1.124766895650e-05
3.9583333333,1.3888888889,-1.216353495220e-05
4.0277777778,1.3888888889,-1.300089616500e-05
4.0972222222,1.3888888889,-1.372928705550e-05
4.1666666667,1.3888888889,-1.434781226500e-05
4.2361111111,1.3888888889,-1.488383673870e-05
4.3055555556,1.3888888889,-1.538048556450e-05
4.3750000000,1.3888888889,-1.587929217230e-05
4.4444444444,1.3888888889,-1.640549405720e-05
4.5138888889,1.3888888889,-1.696055258550e-05
4.5833333333,1.3888888889,-1.752299837820e-05
4.6527777778,1.3888888889,-1.805651417360e-05
4.7222222222,1.3888888889,-1.852239656170e-05
4.7916666667,1.3888888889,-1.889161436630e-05
4.8611111111,1.3888888889,-1.915118055790e-05
4.9305555556,1.3888888889,-1.930215335750e-05
5.0000000000,1.3888888889,-1.935130425030e-05
5.0694444444,1.3888888889,-1.930215338580e-05
5.1388888889,1.3888888889,-1.915118058330e-05
5.2083333333,1.3888888889,-1.889161433580e-05
5.2777777778,1.3888888889,-1.852239642130e-05
5.3472222222,1.3888888889,-1.805651388080e-05
5.4166666667,1.3888888889,-1.752299791760e-05
5.4861111111,1.3888888889,-1.696055197520e-05
5.5555555556,1.3888888889,-1.640549333890e-05
5.6250000000,1.3888888889,-1.587929140260e-05
5.6944444444,1.3888888889,-1.538048479820e-05
5.7638888889,1.3888888889,-1.488383601580e-05
5.8333333333,1.3888888889,-1.434781160790e-05
5.9027777778,1.3888888889,-1.372928646780e-05
5.9722222222,1.3888888889,-1.300089563570e-05
6.0416666667,1.3888888889,-1.216353446940e-05
6.1111111111,1.3888888889,-1.124766850830e-05
6.1805555556,1.3888888889,-1.030297345930e-05
6.2500000000,1.3888888889,-9.382146402600e-06
6.3194444444,1.3888888889,-8.526530871970e-06
6.3888888889,1.3888888889,-7.758079283810e-06
6.4583333333,1.3888888889,-7.078117443770e-06
6.5277777778,1.3888888889,-6.471602924970e-06
6.5972222222,1.3888888889,-5.915379288880e-06
6.6666666667,1.3888888889,-5.388108813920e-06
6.7361111111,1.3888888889,-4.878228500590e-06
6.8055555556,1.3888888889,-4.386604911450e-06
6.8750000000,1.3888888889,-3.923323729170e-06
6.9444444444,1.3888888889,-3.501126465910e-06
7.0138888889,1.3888888889,-3.128971640720e-06
7.0833333333,1.3888888889,-2.808079071810e-06
7.1527777778,1.3888888889,-2.531369359190e-06
7.2222222222,1.3888888889,-2.286230720330e-06
7.2916666667,1.3888888889,-2.059342345970e-06
7.3611111111,1.3888888889,-1.840861117060e-06
7.4305555556,1.3888888889,-1.625419820830e-06
7.5000000000,1.3888888889,-1.410245457360e-06
7.5694444444,1.3888888889,-1.193983154510e-06
7.6388888889,1.3888888889,-9.793034581810e-07
7.7083333333,1.3888888889,-7.773391714370e-07
7.7777777778,1.3888888889,-6.076315750949e-07
7.8472222222,1.3888888889,-4.896372052014e-07
7.9166666667,1.3888888889,-4.301230628331e-07
7.9861111111,1.3888888889,-4.165577838996e-07
8.0555555556,1.3888888889,-4.228294725970e-07
8.1250000000,1.3888888889,-4.232350860080e-07
8.1944444444,1.3888888889,-4.040724878670e-07
8.2638888889,1.3888888889,-3.655930281200e-07
8.3333333333,1.3888888889,-3.159677287210e-07
8.4027777778,1.3888888889,-2.639828445130e-07
8.4722222222,1.3888888889,-2.151331550390e-07
8.5416666667,1.3888888889,-1.713355963750e-07
8.6111111111,1.3888888889,-1.326338461890e-07
8.6805555556,1.3888888889,-9.955339070300e-08
8.7500000000,1.3888888889,-7.455444218280e-08
8.8194444444,1.3888888889,-6.085732191320e-08
8.8888888889,1.3888888889,-5.902038205690e-08
8.9583333333,1.3888888889,-6.467998960940e-08
9.0277777778,1.3888888889,-7.048487059680e-08
9.0972222222,1.3888888889,-7.083533958910e-08
9.1666666667,1.3888888889,-6.482098923830e-08
9.2361111111,1.3888888889,-5.500054477670e-08
9.3055555556,1.3888888889,-4.438233760230e-08
9.3750000000,1.3888888889,-3.496012375720e-08
9.4444444444,1.3888888889,-2.788681837748e-08
9.5138888889,1.3888888889,-2.328761158106e-08
9.5833333333,1.3888888889,-1.968482311941e-08
9.6527777778,1.3888888889,-1.501892482026e-08
9.7222222222,1.3888888889,-9.190249127796e-09
9.7916666667,1.3888888889,-4.832961798800e-09
9.8611111111,1.3888888889,-4.423879851000e-09
9.9305555556,1.3888888889,-6.903280726200e-09
0.0000000000,1.4583333333,6.787216912600e-09
0.0694444444,1.4583333333,5.448861393900e-09
0.1388888889,1.4583333333,1.673863748900e-09
0.2083333333,1.4583333333,-3.717315531880e-09
0.2777777778,1.4583333333,-9.446650227420e-09
0.3472222222,1.4583333333,-1.455747228850e-08
0.4166666667,1.4583333333,-1.924532642780e-08
0.4861111111,1.4583333333,-2.474280531600e-08
0.5555555556,1.4583333333,-3.229144609210e-08
0.6250000000,1.4583333333,-4.219462244540e-08
0.6944444444,1.4583333333,-5.350102451320e-08
0.7638888889,1.4583333333,-6.402923138230e-08
0.8333333333,1.4583333333,-7.074881473380e-08
0.9027777778,1.4583333333,-7.122122765690e-08
0.9722222222,1.4583333333,-6.595502248570e-08
1.0416666667,1.4583333333,-5.965836066570e-08
1.1111111111,1.4583333333,-5.939656729140e-08
1.1805555556,1.4583333333,-7.054532764230e-08
1.2500000000,1.4583333333,-9.400922435700e-08
1.3194444444,1.4583333333,-1.270685447100e-07
1.3888888889,1.4583333333,-1.665343093590e-07
1.4583333333,1.4583333333,-2.108956189010e-07
1.5277777778,1.4583333333,-2.597249771780e-07
1.5972222222,1.4583333333,-3.113745730280e-07
1.6666666667,1.4583333333,-3.611102234220e-07
1.7361111111,1.4583333333,-4.013642695590e-07
1.8055555556,1.4583333333,-4.250505632070e-07
1.8750000000,1.4583333333,-4.315154173460e-07
1.9444444444,1.4583333333,-4.319589154680e-07
2.0138888889,1.4583333333,-4.491760403673e-07
2.0833333333,1.4583333333,-5.089640773887e-07
2.1527777778,1.4583333333,-6.272838792868e-07
2.2222222222,1.4583333333,-8.021512145150e-07
2.2916666667,1.4583333333,-1.016414359024e-06
2.3611111111,1.4583333333,-1.248801444930e-06
2.4305555556,1.4583333333,-1.484283608150e-06
2.5000000000,1.4583333333,-1.716961319460e-06
2.5694444444,1.4583333333,-1.946542039580e-06
2.6388888889,1.4583333333,-2.174767888770e-06
2.7083333333,1.4583333333,-2.406172386680e-06
2.7777777778,1.4583333333,-2.651529489640e-06
2.8472222222,1.4583333333,-2.929026834260e-06
2.9166666667,1.4583333333,-3.260385297380e-06
2.9861111111,1.4583333333,-3.663700625820e-06
3.0555555556,1.4583333333,-4.147021954950e-06
3.1250000000,1.4583333333,-4.705499911030e-06
3.1944444444,1.4583333333,-5.322827875640e-06
3.2638888889,1.4583333333,-5.976722739210e-06
3.3333333333,1.4583333333,-6.647577937100e-06
3.4027777778,1.4583333333,-7.327713480200e-06
3.4722222222,1.4583333333,-8.026818898840e-06
3.5416666667,1.4583333333,-8.769873885300e-06
3.6111111111,1.4583333333,-9.587535509000e-06
3.6805555556,1.4583333333,-1.050280379950e-05
3.7500000000,1.4583333333,-1.151889286730e-05
3.8194444444,1.4583333333,-1.261221497100e-05
3.8888888889,1.4583333333,-1.373346847330e-05
3.9583333333,1.4583333333,-1.481880843120e-05
4.0277777778,1.4583333333,-1.580955993660e-05
4.0972222222,1.4583333333,-1.667314798150e-05
4.1666666667,1.4583333333,-1.741477171040e-05
4.2361111111,1.4583333333,-1.807327572510e-05
4.3055555556,1.4583333333,-1.870351854810e-05
4.3750000000,1.4583333333,-1.935418128620e-05
4.4444444444,1.4583333333,-2.005007570140e-05
4.5138888889,1.4583333333,-2.078397921660e-05
4.5833333333,1.4583333333,-2.151938835430e-05
4.6527777778,1.4583333333,-2.220318701860e-05
4.7222222222,1.4583333333,-2.278409299420e-05
4.7916666667,1.4583333333,-2.322922910070e-05
4.8611111111,1.4583333333,-2.353089025300e-05
4.9305555556,1.4583333333,-2.370058181270e-05
5.0000000000,1.4583333333,-2.375469474300e-05
5.0694444444,1.4583333333,-2.370057909100e-05
5.1388888889,1.4583333333,-2.353088525530e-05
5.2083333333,1.4583333333,-2.322922259670e-05
5.2777777778,1.4583333333,-2.278408588410e-05
5.3472222222,1.4583333333,-2.220318012120e-05
5.4166666667,1.4583333333,-2.151938224290e-05
5.4861111111,1.4583333333,-2.078397414900e-05
5.5555555556,1.4583333333,-2.005007165170e-05
5.6250000000,1.4583333333,-1.935417804770e-05
5.6944444444,1.4583333333,-1.870351586690e-05
5.7638888889,1.4583333333,-1.807327340590e-05
5.8333333333,1.4583333333,-1.741476967050e-05
5.9027777778,1.4583333333,-1.667314623400e-05
5.9722222222,1.4583333333,-1.580955853770e-05
6.0416666667,1.4583333333,-1.481880740870e-05
6.1111111111,1.4583333333,-1.373346779050e-05
6.1805555556,1.4583333333,-1.261221452090e-05
6.2500000000,1.4583333333,-1.151889251080e-05
6.3194444444,1.4583333333,-1.050280341470e-05
6.3888888889,1.4583333333,-9.587535036600e-06
6.4583333333,1.4583333333,-8.769873338700e-06
6.5277777778,1.4583333333,-8.026818347570e-06
6.5972222222,1.4583333333,-7.327713007860e-06
6.6666666667,1.4583333333,-6.647577598390e-06
6.7361111111,1.4583333333,-5.976722535250e-06
6.8055555556,1.4583333333,-5.322827756870e-06
6.8750000000,1.4583333333,-4.705499804730e-06
6.9444444444,1.4583333333,-4.147021801720e-06
7.0138888889,1.4583333333,-3.663700407590e-06
7.0833333333,1.4583333333,-3.260385043600e-06
7.1527777778,1.4583333333,-2.929026605250e-06
7.2222222222,1.4583333333,-2.651529346460e-06
7.2916666667,1.4583333333,-2.406172361620e-06
7.3611111111,1.4583333333,-2.174767971490e-06
7.4305555556,1.4583333333,-1.946542183720e-06
7.5000000000,1.4583333333,-1.716961465780e-06
7.5694444444,1.4583333333,-1.484283712490e-06
7.6388888889,1.4583333333,-1.248801497740e-06
7.7083333333,1.4583333333,-1.016414387162e-06
7.7777777778,1.4583333333,-8.021512657530e-07
7.8472222222,1.4583333333,-6.272839971563e-07
7.9166666667,1.4583333333,-5.089642793923e-07
7.9861111111,1.4583333333,-4.491763097362e-07
8.0555555556,1.4583333333,-4.319592098150e-07
8.1250000000,1.4583333333,-4.315156897670e-07
8.1944444444,1.4583333333,-4.250507847500e-07
8.2638888889,1.4583333333,-4.013644423250e-07
8.3333333333,1.4583333333,-3.611103776940e-07
8.4027777778,1.4583333333,-3.113747505250e-07
8.4722222222,1.4583333333,-2.597252087700e-07
8.5416666667,1.4583333333,-2.108959084960e-07
8.6111111111,1.4583333333,-1.665346317660e-07
8.6805555556,1.4583333333,-1.270688577980e-07
8.7500000000,1.4583333333,-9.400948948900e-08
8.8194444444,1.4583333333,-7.054552751100e-08
8.8888888889,1.4583333333,-5.939671328150e-08
8.9583333333,1.4583333333,-5.965848603950e-08
9.0277777778,1.4583333333,-6.595516513730e-08
9.0972222222,1.4583333333,-7.122141109100e-08
9.1666666667,1.4583333333,-7.074903642690e-08
9.2361111111,1.4583333333,-6.402946399220e-08
9.3055555556,1.4583333333,-5.350122940420e-08
9.3750000000,1.4583333333,-4.219476860420e-08
9.4444444444,1.4583333333,-3.229152533010e-08
9.5138888889,1.4583333333,-2.474283615320e-08
9.5833333333,1.4583333333,-1.924534467130e-08
9.6527777778,1.4583333333,-1.455751297820e-08
9.7222222222,1.4583333333,-9.446729996960e-09
9.7916666667,1.4583333333,-3.717424207470e-09
9.8611111111,1.4583333333,1.673757932400e-09
9.9305555556,1.4583333333,5.448796050800e-09
0.0000000000,1.5277777778,1.752958314554e-08
0.0694444444,1.5277777778,1.422508378360e-08
0.1388888889,1.5277777778,5.849297624120e-09
0.2083333333,1.5277777778,-4.018202398000e-09
0.2777777778,1.5277777778,-1.204988724700e-08
0.3472222222,1.5277777778,-1.704645028770e-08
0.4166666667,1.5277777778,-2.028657407400e-08
0.4861111111,1.5277777778,-2.446932070600e-08
0.5555555556,1.5277777778,-3.203899164300e-08
0.6250000000,1.5277777778,-4.358862828200e-08
0.6944444444,1.5277777778,-5.694746837400e-08
0.7638888889,1.5277777778,-6.775018678900e-08
0.8333333333,1.5277777778,-7.189040273150e-08
0.9027777778,1.5277777778,-6.871083368890e-08
0.9722222222,1.5277777778,-6.241003070900e-08
1.0416666667,1.5277777778,-6.004411365970e-08
1.1111111111,1.5277777778,-6.749773679090e-08
1.1805555556,1.5277777778,-8.681763548800e-08
1.2500000000,1.5277777778,-1.168496154830e-07
1.3194444444,1.5277777778,-1.556819012030e-07
1.3888888889,1.5277777778,-2.018993242160e-07
1.4583333333,1.5277777778,-2.535936227660e-07
1.5277777778,1.5277777778,-3.067972334980e-07
1.5972222222,1.5277777778,-3.554010781870e-07
1.6666666667,1.5277777778,-3.929919309480e-07
1.7361111111,1.5277777778,-4.158917580650e-07
1.8055555556,1.5277777778,-4.266675093120e-07
1.8750000000,1.5277777778,-4.368719140130e-07
1.9444444444,1.5277777778,-4.664437163486e-07
2.0138888889,1.5277777778,-5.376039300426e-07
2.0833333333,1.5277777778,-6.649809064230e-07
2.1527777778,1.5277777778,-8.481279875350e-07
2.2222222222,1.5277777778,-1.072277944127e-06
2.2916666667,1.5277777778,-1.317068052910e-06
2.3611111111,1.5277777778,-1.566550787180e-06
2.4305555556,1.5277777778,-1.813480727780e-06
2.5000000000,1.5277777778,-2.056871190420e-06
2.5694444444,1.5277777778,-2.297952103180e-06
2.6388888889,1.5277777778,-2.540002367970e-06
2.7083333333,1.5277777778,-2.792369251160e-06
2.7777777778,1.5277777778,-3.073949103320e-06
2.8472222222,1.5277777778,-3.411367699260e-06
2.9166666667,1.5277777778,-3.831578557650e-06
2.9861111111,1.5277777778,-4.352920410070e-06
3.0555555556,1.5277777778,-4.979130104320e-06
3.1250000000,1.5277777778,-5.698142722570e-06
3.1944444444,1.5277777778,-6.485230810900e-06
3.2638888889,1.5277777778,-7.309844725010e-06
3.3333333333,1.5277777778,-8.145595198500e-06
3.4027777778,1.5277777778,-8.981030956300e-06
3.4722222222,1.5277777778,-9.826427701900e-06
3.5416666667,1.5277777778,-1.071209366560e-05
3.6111111111,1.5277777778,-1.167758966120e-05
3.6805555556,1.5277777778,-1.275566349260e-05
3.7500000000,1.5277777778,-1.395650351160e-05
3.8194444444,1.5277777778,-1.525759290640e-05
3.8888888889,1.5277777778,-1.660389250820e-05
3.9583333333,1.5277777778,-1.792139228340e-05
4.0277777778,1.5277777778,-1.914168662510e-05
4.0972222222,1.5277777778,-2.022761396400e-05
4.1666666667,1.5277777778,-2.118678000200e-05
4.2361111111,1.5277777778,-2.206559989490e-05
4.3055555556,1.5277777778,-2.292745742240e-05
4.3750000000,1.5277777778,-2.382586708690e-05
4.4444444444,1.5277777778,-2.478309566620e-05
4.5138888889,1.5277777778,-2.578037150460e-05
4.5833333333,1.5277777778,-2.676234521820e-05
4.6527777778,1.5277777778,-2.765531825120e-05
4.7222222222,1.5277777778,-2.839329244560e-05
4.7916666667,1.5277777778,-2.894023059530e-05
4.8611111111,1.5277777778,-2.929712905020e-05
4.9305555556,1.5277777778,-2.949069083690e-05
5.0000000000,1.5277777778,-2.955095992720e-05
5.0694444444,1.5277777778,-2.949068668640e-05
5.1388888889,1.5277777778,-2.929712145070e-05
5.2083333333,1.5277777778,-2.894022076250e-05
5.2777777778,1.5277777778,-2.839328179490e-05
5.3472222222,1.5277777778,-2.765530806020e-05
5.4166666667,1.5277777778,-2.676233636430e-05
5.4861111111,1.5277777778,-2.578036435850e-05
5.5555555556,1.5277777778,-2.478309014390e-05
5.6250000000,1.5277777778,-2.382586282040e-05
5.6944444444,1.5277777778,-2.292745397640e-05
5.7638888889,1.5277777778,-2.206559693640e-05
5.8333333333,1.5277777778,-2.118677738820e-05
5.9027777778,1.5277777778,-2.022761171600e-05
5.9722222222,1.5277777778,-1.914168483900e-05
6.0416666667,1.5277777778,-1.792139101970e-05
6.1111111111,1.5277777778,-1.660389172110e-05
6.1805555556,1.5277777778,-1.525759243920e-05
6.2500000000,1.5277777778,-1.395650315360e-05
6.3194444444,1.5277777778,-1.275566305870e-05
6.3888888889,1.5277777778,-1.167758906300e-05
6.4583333333,1.5277777778,-1.071209292990e-05
6.5277777778,1.5277777778,-9.826426943100e-06
6.5972222222,1.5277777778,-8.981030310800e-06
6.6666666667,1.5277777778,-8.145594755400e-06
6.7361111111,1.5277777778,-7.309844486120e-06
6.8055555556,1.5277777778,-6.485230696090e-06
6.8750000000,1.5277777778,-5.698142613900e-06
6.9444444444,1.5277777778,-4.979129904940e-06
7.0138888889,1.5277777778,-4.352920089490e-06
7.0833333333,1.5277777778,-3.831578162540e-06
7.1527777778,1.5277777778,-3.411367326630e-06
7.2222222222,1.5277777778,-3.073948851370e-06
7.2916666667,1.5277777778,-2.792369172470e-06
7.3611111111,1.5277777778,-2.540002446830e-06
7.4305555556,1.5277777778,-2.297952266550e-06
7.5000000000,1.5277777778,-2.056871345260e-06
7.5694444444,1.5277777778,-1.813480805920e-06
7.6388888889,1.5277777778,-1.566550775870e-06
7.7083333333,1.5277777778,-1.317067996930e-06
7.7777777778,1.5277777778,-1.072277919899e-06
7.8472222222,1.5277777778,-8.481280635630e-07
7.9166666667,1.5277777778,-6.649811089450e-07
7.9861111111,1.5277777778,-5.376042309927e-07
8.0555555556,1.5277777778,-4.664440479303e-07
8.1250000000,1.5277777778,-4.368722024110e-07
8.1944444444,1.5277777778,-4.266677101000e-07
8.2638888889,1.5277777778,-4.158918765870e-07
8.3333333333,1.5277777778,-3.929920176680e-07
8.4027777778,1.5277777778,-3.554012020440e-07
8.4722222222,1.5277777778,-3.067974461880e-07
8.5416666667,1.5277777778,-2.535939324350e-07
8.6111111111,1.5277777778,-2.018996913520e-07
8.6805555556,1.5277777778,-1.556822581240e-07
8.7500000000,1.5277777778,-1.168498997200e-07
8.8194444444,1.5277777778,-8.681781935900e-08
8.8888888889,1.5277777778,-6.749783948890e-08
8.9583333333,1.5277777778,-6.004418997870e-08
9.0277777778,1.5277777778,-6.241014272900e-08
9.0972222222,1.5277777778,-6.871101971160e-08
9.1666666667,1.5277777778,-7.189065850910e-08
9.2361111111,1.5277777778,-6.775046777800e-08
9.3055555556,1.5277777778,-5.694771192400e-08
9.3750000000,1.5277777778,-4.358878444000e-08
9.4444444444,1.5277777778,-3.203904760300e-08
9.5138888889,1.5277777778,-2.446930683100e-08
9.5833333333,1.5277777778,-2.028654858000e-08
9.6527777778,1.5277777778,-1.704647018210e-08
9.7222222222,1.5277777778,-1.204997987800e-08
9.7916666667,1.5277777778,-4.018351641600e-09
9.8611111111,1.5277777778,5.849143396040e-09
9.9305555556,1.5277777778,1.422498618977e-08
0.0000000000,1.5972222222,1.894860210430e-08
0.0694444444,1.5972222222,1.525087984380e-08
0.1388888889,1.5972222222,5.542972259058e-09
0.2083333333,1.5972222222,-6.608989538100e-09
0.2777777778,1.5972222222,-1.705272746070e-08
0.3472222222,1.5972222222,-2.312984977330e-08
0.4166666667,1.5972222222,-2.532741437800e-08
0.4861111111,1.5972222222,-2.727978765200e-08
0.5555555556,1.5972222222,-3.339281307300e-08
0.6250000000,1.5972222222,-4.515676565000e-08
0.6944444444,1.5972222222,-5.911259242800e-08
0.7638888889,1.5972222222,-6.896012757700e-08
0.8333333333,1.5972222222,-7.075571072300e-08
0.9027777778,1.5972222222,-6.668622088800e-08
0.9722222222,1.5972222222,-6.372460148400e-08
1.0416666667,1.5972222222,-6.848030816900e-08
1.1111111111,1.5972222222,-8.344660524300e-08
1.1805555556,1.5972222222,-1.079799240520e-07
1.2500000000,1.5972222222,-1.417393053340e-07
1.3194444444,1.5972222222,-1.856457938750e-07
1.3888888889,1.5972222222,-2.388798295260e-07
1.4583333333,1.5972222222,-2.956749897430e-07
1.5277777778,1.5972222222,-3.463073837120e-07
1.5972222222,1.5972222222,-3.822613441800e-07
1.6666666667,1.5972222222,-4.016232177710e-07
1.7361111111,1.5972222222,-4.114021997400e-07
1.8055555556,1.5972222222,-4.265912140900e-07
1.8750000000,1.5972222222,-4.670073272860e-07
1.9444444444,1.5972222222,-5.520134417590e-07
2.0138888889,1.5972222222,-6.935313521340e-07
2.0833333333,1.5972222222,-8.903975186500e-07
2.1527777778,1.5972222222,-1.128462057770e-06
2.2222222222,1.5972222222,-1.387561705620e-06
2.2916666667,1.5972222222,-1.650916492140e-06
2.3611111111,1.5972222222,-1.910488275300e-06
2.4305555556,1.5972222222,-2.165820960950e-06
2.5000000000,1.5972222222,-2.419834487860e-06
2.5694444444,1.5972222222,-2.677056055970e-06
2.6388888889,1.5972222222,-2.946311167690e-06
2.7083333333,1.5972222222,-3.244808231080e-06
2.7777777778,1.5972222222,-3.598680771060e-06
2.8472222222,1.5972222222,-4.037756669480e-06
2.9166666667,1.5972222222,-4.586831228070e-06
2.9861111111,1.5972222222,-5.258052996860e-06
3.0555555556,1.5972222222,-6.047612071170e-06
3.1250000000,1.5972222222,-6.936814500630e-06
3.1944444444,1.5972222222,-7.896159945000e-06
3.2638888889,1.5972222222,-8.891994460900e-06
3.3333333333,1.5972222222,-9.896073916300e-06
3.4027777778,1.5972222222,-1.089651495040e-05
3.4722222222,1.5972222222,-1.190552109640e-05
3.5416666667,1.5972222222,-1.295876108870e-05
3.6111111111,1.5972222222,-1.410469424030e-05
3.6805555556,1.5972222222,-1.538675050290e-05
3.7500000000,1.5972222222,-1.682407808670e-05
3.8194444444,1.5972222222,-1.839761953850e-05
3.8888888889,1.5972222222,-2.004846971150e-05
3.9583333333,1.5972222222,-2.169299983880e-05
4.0277777778,1.5972222222,-2.325178343080e-05
4.0972222222,1.5972222222,-2.467993429600e-05
4.1666666667,1.5972222222,-2.598314153010e-05
4.2361111111,1.5972222222,-2.721098003290e-05
4.3055555556,1.5972222222,-2.843165706530e-05
4.3750000000,1.5972222222,-2.970041306630e-05
4.4444444444,1.5972222222,-3.103366807820e-05
4.5138888889,1.5972222222,-3.239711323850e-05
4.5833333333,1.5972222222,-3.371242931980e-05
4.6527777778,1.5972222222,-3.488242993140e-05
4.7222222222,1.5972222222,-3.582589910600e-05
4.7916666667,1.5972222222,-3.650574813920e-05
4.8611111111,1.5972222222,-3.693554767970e-05
4.9305555556,1.5972222222,-3.716142706100e-05
5.0000000000,1.5972222222,-3.723027550000e-05
5.0694444444,1.5972222222,-3.716142354640e-05
5.1388888889,1.5972222222,-3.693554125680e-05
5.2083333333,1.5972222222,-3.650573986160e-05
5.2777777778,1.5972222222,-3.582589019270e-05
5.3472222222,1.5972222222,-3.488242147550e-05
5.4166666667,1.5972222222,-3.371242206110e-05
5.4861111111,1.5972222222,-3.239710747150e-05
5.5555555556,1.5972222222,-3.103366370270e-05
5.6250000000,1.5972222222,-2.970040973760e-05
5.6944444444,1.5972222222,-2.843165438420e-05
5.7638888889,1.5972222222,-2.721097770270e-05
5.8333333333,1.5972222222,-2.598313942240e-05
5.9027777778,1.5972222222,-2.467993243510e-05
5.9722222222,1.5972222222,-2.325178190870e-05
6.0416666667,1.5972222222,-2.169299871670e-05
6.1111111111,1.5972222222,-2.004846896230e-05
6.1805555556,1.5972222222,-1.839761903520e-05
6.2500000000,1.5972222222,-1.682407765490e-05
6.3194444444,1.5972222222,-1.538674999020e-05
6.3888888889,1.5972222222,-1.410469357380e-05
6.4583333333,1.5972222222,-1.295876029940e-05
6.5277777778,1.5972222222,-1.190552028880e-05
6.5972222222,1.5972222222,-1.089651424590e-05
6.6666666667,1.5972222222,-9.896073395900e-06
6.7361111111,1.5972222222,-8.891994126800e-06
6.8055555556,1.5972222222,-7.896159726500e-06
6.8750000000,1.5972222222,-6.936814293560e-06
6.9444444444,1.5972222222,-6.047611790150e-06
7.0138888889,1.5972222222,-5.258052615110e-06
7.0833333333,1.5972222222,-4.586830786490e-06
7.1527777778,1.5972222222,-4.037756253660e-06
7.2222222222,1.5972222222,-3.598680467830e-06
7.2916666667,1.5972222222,-3.244808087560e-06
7.3611111111,1.5972222222,-2.946311170870e-06
7.4305555556,1.5972222222,-2.677056142280e-06
7.5000000000,1.5972222222,-2.419834576370e-06
7.5694444444,1.5972222222,-2.165820992220e-06
7.6388888889,1.5972222222,-1.910488238340e-06
7.7083333333,1.5972222222,-1.650916425570e-06
7.7777777778,1.5972222222,-1.387561675120e-06
7.8472222222,1.5972222222,-1.128462120890e-06
7.9166666667,1.5972222222,-8.903976960880e-07
7.9861111111,1.5972222222,-6.935316174370e-07
8.0555555556,1.5972222222,-5.520137350140e-07
8.1250000000,1.5972222222,-4.670075844860e-07
8.1944444444,1.5972222222,-4.265913973330e-07
8.2638888889,1.5972222222,-4.114023142510e-07
8.3333333333,1.5972222222,-4.016233075340e-07
8.4027777778,1.5972222222,-3.822614690090e-07
8.4722222222,1.5972222222,-3.463075885370e-07
8.5416666667,1.5972222222,-2.956752816360e-07
8.6111111111,1.5972222222,-2.388801737350e-07
8.6805555556,1.5972222222,-1.856461307310e-07
8.7500000000,1.5972222222,-1.417395794570e-07
8.8194444444,1.5972222222,-1.079801105670e-07
8.8888888889,1.5972222222,-8.344672055100e-08
8.9583333333,1.5972222222,-6.848040000900e-08
9.0277777778,1.5972222222,-6.372472394900e-08
9.0972222222,1.5972222222,-6.668640713300e-08
9.1666666667,1.5972222222,-7.075595660400e-08
9.2361111111,1.5972222222,-6.896039370900e-08
9.3055555556,1.5972222222,-5.911282377700e-08
9.3750000000,1.5972222222,-4.515691854200e-08
9.4444444444,1.5972222222,-3.339287651600e-08
9.5138888889,1.5972222222,-2.727978843700e-08
9.5833333333,1.5972222222,-2.532740354000e-08
9.6527777778,1.5972222222,-2.312987715970e-08
9.7222222222,1.5972222222,-1.705281690830e-08
9.7916666667,1.5972222222,-6.609126799400e-09
9.8611111111,1.5972222222,5.542832579779e-09
9.9305555556,1.5972222222,1.525079196860e-08
0.0000000000,1.6666666667,7.192319691100e-09
0.0694444444,1.6666666667,4.973182263100e-09
0.1388888889,1.6666666667,-1.786711126190e-09
0.2083333333,1.6666666667,-1.234057494590e-08
0.2777777778,1.6666666667,-2.367020884470e-08
0.3472222222,1.6666666667,-3.162378757600e-08
0.4166666667,1.6666666667,-3.456600034100e-08
0.4861111111,1.6666666667,-3.568028403600e-08
0.5555555556,1.6666666667,-4.044534701600e-08
0.6250000000,1.6666666667,-5.095366444900e-08
0.6944444444,1.6666666667,-6.307436786600e-08
0.7638888889,1.6666666667,-7.023379235900e-08
0.8333333333,1.6666666667,-7.034950992700e-08
0.9027777778,1.6666666667,-6.844422790100e-08
0.9722222222,1.6666666667,-7.203666818500e-08
1.0416666667,1.6666666667,-8.469662885100e-08
1.1111111111,1.6666666667,-1.051486967220e-07
1.1805555556,1.6666666667,-1.322477487440e-07
1.2500000000,1.6666666667,-1.686192290530e-07
1.3194444444,1.6666666667,-2.173324834680e-07
1.3888888889,1.6666666667,-2.749792683420e-07
1.4583333333,1.6666666667,-3.298426081010e-07
1.5277777778,1.6666666667,-3.688241147760e-07
1.5972222222,1.6666666667,-3.874818310240e-07
1.6666666667,1.6666666667,-3.947035743630e-07
1.7361111111,1.6666666667,-4.094311606460e-07
1.8055555556,1.6666666667,-4.535543449580e-07
1.8750000000,1.6666666667,-5.455900969620e-07
1.9444444444,1.6666666667,-6.960933045990e-07
2.0138888889,1.6666666667,-9.042976038210e-07
2.0833333333,1.6666666667,-1.157497156490e-06
2.1527777778,1.6666666667,-1.435420132580e-06
2.2222222222,1.6666666667,-1.718485845100e-06
2.2916666667,1.6666666667,-1.995003599460e-06
2.3611111111,1.6666666667,-2.263118730330e-06
2.4305555556,1.6666666667,-2.528148443250e-06
2.5000000000,1.6666666667,-2.799518359830e-06
2.5694444444,1.6666666667,-3.090347129950e-06
2.6388888889,1.6666666667,-3.418880589070e-06
2.7083333333,1.6666666667,-3.808735495590e-06
2.7777777778,1.6666666667,-4.285961767430e-06
2.8472222222,1.6666666667,-4.873603817600e-06
2.9166666667,1.6666666667,-5.586272852130e-06
2.9861111111,1.6666666667,-6.427039914280e-06
3.0555555556,1.6666666667,-7.387185071500e-06
3.1250000000,1.6666666667,-8.447696870500e-06
3.1944444444,1.6666666667,-9.581629267300e-06
3.2638888889,1.6666666667,-1.075826611780e-05
3.3333333333,1.6666666667,-1.195091990280e-05
3.4027777778,1.6666666667,-1.314792226200e-05
3.4722222222,1.6666666667,-1.436233533650e-05
3.5416666667,1.6666666667,-1.563407886500e-05
3.6111111111,1.6666666667,-1.702065110080e-05
3.6805555556,1.6666666667,-1.857767630060e-05
3.7500000000,1.6666666667,-2.033524330140e-05
3.8194444444,1.6666666667,-2.227916419740e-05
3.8888888889,1.6666666667,-2.434701748990e-05
3.9583333333,1.6666666667,-2.644478510540e-05
4.0277777778,1.6666666667,-2.848002064790e-05
4.0972222222,1.6666666667,-3.039669202260e-05
4.1666666667,1.6666666667,-3.219387605420e-05
4.2361111111,1.6666666667,-3.391897963250e-05
4.3055555556,1.6666666667,-3.563974075830e-05
4.3750000000,1.6666666667,-3.740810028390e-05
4.4444444444,1.6666666667,-3.922993933530e-05
4.5138888889,1.6666666667,-4.105163474550e-05
4.5833333333,1.6666666667,-4.277019926850e-05
4.6527777778,1.6666666667,-4.426620034140e-05
4.7222222222,1.6666666667,-4.544701016250e-05
4.7916666667,1.6666666667,-4.627932200210e-05
4.8611111111,1.6666666667,-4.679346861790e-05
4.9305555556,1.6666666667,-4.705769517700e-05
5.0000000000,1.6666666667,-4.713701765350e-05
5.0694444444,1.6666666667,-4.705769407250e-05
5.1388888889,1.6666666667,-4.679346661220e-05
5.2083333333,1.6666666667,-4.627931944600e-05
5.2777777778,1.6666666667,-4.544700745710e-05
5.3472222222,1.6666666667,-4.426619783720e-05
5.4166666667,1.6666666667,-4.277019718690e-05
5.4861111111,1.6666666667,-4.105163315120e-05
5.5555555556,1.6666666667,-3.922993816140e-05
5.6250000000,1.6666666667,-3.740809938430e-05
5.6944444444,1.6666666667,-3.563973997860e-05
5.7638888889,1.6666666667,-3.391897886420e-05
5.8333333333,1.6666666667,-3.219387525770e-05
5.9027777778,1.6666666667,-3.039669121460e-05
5.9722222222,1.6666666667,-2.848001987370e-05
6.0416666667,1.6666666667,-2.644478440130e-05
6.1111111111,1.6666666667,-2.434701685900e-05
6.1805555556,1.6666666667,-2.227916361000e-05
6.2500000000,1.6666666667,-2.033524271020e-05
6.3194444444,1.6666666667,-1.857767566590e-05
6.3888888889,1.6666666667,-1.702065041040e-05
6.4583333333,1.6666666667,-1.563407813810e-05
6.5277777778,1.6666666667,-1.436233461720e-05
6.5972222222,1.6666666667,-1.314792160010e-05
6.6666666667,1.6666666667,-1.195091932720e-05
6.7361111111,1.6666666667,-1.075826563070e-05
6.8055555556,1.6666666667,-9.581628844500e-06
6.8750000000,1.6666666667,-8.447696475600e-06
6.9444444444,1.6666666667,-7.387184675000e-06
7.0138888889,1.6666666667,-6.427039507100e-06
7.0833333333,1.6666666667,-5.586272449290e-06
7.1527777778,1.6666666667,-4.873603449860e-06
7.2222222222,1.6666666667,-4.285961466260e-06
7.2916666667,1.6666666667,-3.808735278690e-06
7.3611111111,1.6666666667,-3.418880453110e-06
7.4305555556,1.6666666667,-3.090347053570e-06
7.5000000000,1.6666666667,-2.799518314940e-06
7.5694444444,1.6666666667,-2.528148408540e-06
7.6388888889,1.6666666667,-2.263118700400e-06
7.7083333333,1.6666666667,-1.995003585410e-06
7.7777777778,1.6666666667,-1.718485866520e-06
7.8472222222,1.6666666667,-1.435420205510e-06
7.9166666667,1.6666666667,-1.157497283850e-06
7.9861111111,1.6666666667,-9.042977730360e-07
8.0555555556,1.6666666667,-6.960934930650e-07
8.1250000000,1.6666666667,-5.455902824060e-07
8.1944444444,1.6666666667,-4.535545147820e-07
8.2638888889,1.6666666667,-4.094313166600e-07
8.3333333333,1.6666666667,-3.947037305100e-07
8.4027777778,1.6666666667,-3.874820061260e-07
8.4722222222,1.6666666667,-3.688243224540e-07
8.5416666667,1.6666666667,-3.298428493340e-07
8.6111111111,1.6666666667,-2.749795298870e-07
8.6805555556,1.6666666667,-2.173327434100e-07
8.7500000000,1.6666666667,-1.686194668490e-07
8.8194444444,1.6666666667,-1.322479543640e-07
8.8888888889,1.6666666667,-1.051488744330e-07
8.9583333333,1.6666666667,-8.469679372100e-08
9.0277777778,1.6666666667,-7.203683743800e-08
9.0972222222,1.6666666667,-6.844441169900e-08
9.1666666667,1.6666666667,-7.034970602000e-08
9.2361111111,1.6666666667,-7.023398672300e-08
9.3055555556,1.6666666667,-6.307454145600e-08
9.3750000000,1.6666666667,-5.095380234100e-08
9.4444444444,1.6666666667,-4.044544561400e-08
9.5138888889,1.6666666667,-3.568035263700e-08
9.5833333333,1.6666666667,-3.456605631100e-08
9.6527777778,1.6666666667,-3.162384758700e-08
9.7222222222,1.6666666667,-2.367028053160e-08
9.7916666667,1.6666666667,-1.234065294790e-08
9.8611111111,1.6666666667,-1.786779663740e-09
9.9305555556,1.6666666667,4.973141828200e-09
0.0000000000,1.7361111111,-1.697894573270e-08
0.0694444444,1.7361111111,-1.636159280190e-08
0.1388888889,1.7361111111,-1.672253810787e-08
0.2083333333,1.7361111111,-2.165887744790e-08
0.2777777778,1.7361111111,-3.091483908060e-08
0.3472222222,1.7361111111,-3.978390837600e-08
0.4166666667,1.7361111111,-4.430407316100e-08
0.4861111111,1.7361111111,-4.595980354300e-08
0.5555555556,1.7361111111,-4.980525001300e-08
0.6250000000,1.7361111111,-5.799868814700e-08
0.6944444444,1.7361111111,-6.681975970100e-08
0.7638888889,1.7361111111,-7.129102359000e-08
0.8333333333,1.7361111111,-7.194813952400e-08
0.9027777778,1.7361111111,-7.521863844100e-08
0.9722222222,1.7361111111,-8.675393340700e-08
1.0416666667,1.7361111111,-1.061854057270e-07
1.1111111111,1.7361111111,-1.300889370520e-07
1.1805555556,1.7361111111,-1.590291733740e-07
1.2500000000,1.7361111111,-1.984938798390e-07
1.3194444444,1.7361111111,-2.508914775960e-07
1.3888888889,1.7361111111,-3.078668324540e-07
1.4583333333,1.7361111111,-3.535443476230e-07
1.5277777778,1.7361111111,-3.775293876530e-07
1.5972222222,1.7361111111,-3.855313253060e-07
1.6666666667,1.7361111111,-3.980688546268e-07
1.7361111111,1.7361111111,-4.399317106470e-07
1.8055555556,1.7361111111,-5.303298707940e-07
1.8750000000,1.7361111111,-6.793025838650e-07
1.9444444444,1.7361111111,-8.878760096700e-07
2.0138888889,1.7361111111,-1.147950083910e-06
2.0833333333,1.7361111111,-1.442605114410e-06
2.1527777778,1.7361111111,-1.750131890900e-06
2.2222222222,1.7361111111,-2.051754125040e-06
2.2916666667,1.7361111111,-2.338708130980e-06
2.3611111111,1.7361111111,-2.614824485450e-06
2.4305555556,1.7361111111,-2.894842337390e-06
2.5000000000,1.7361111111,-3.201060510780e-06
2.5694444444,1.7361111111,-3.559758224870e-06
2.6388888889,1.7361111111,-3.997156634460e-06
2.7083333333,1.7361111111,-4.535143533940e-06
2.7777777778,1.7361111111,-5.188302690950e-06
2.8472222222,1.7361111111,-5.963553009860e-06
2.9166666667,1.7361111111,-6.861935131640e-06
2.9861111111,1.7361111111,-7.880701698800e-06
3.0555555556,1.7361111111,-9.013948026600e-06
3.1250000000,1.7361111111,-1.025122563420e-05
3.1944444444,1.7361111111,-1.157541639260e-05
3.2638888889,1.7361111111,-1.296298620300e-05
3.3333333333,1.7361111111,-1.438995023890e-05
3.4027777778,1.7361111111,-1.584388792880e-05
3.4722222222,1.7361111111,-1.733719586020e-05
3.5416666667,1.7361111111,-1.891330269500e-05
3.6111111111,1.7361111111,-2.063905959540e-05
3.6805555556,1.7361111111,-2.258270268370e-05
3.7500000000,1.7361111111,-2.478452553020e-05
3.8194444444,1.7361111111,-2.723301789190e-05
3.8888888889,1.7361111111,-2.985951987940e-05
3.9583333333,1.7361111111,-3.255745132040e-05
4.0277777778,1.7361111111,-3.521970388190e-05
4.0972222222,1.7361111111,-3.777683706100e-05
4.1666666667,1.7361111111,-4.021729802280e-05
4.2361111111,1.7361111111,-4.258045487990e-05
4.3055555556,1.7361111111,-4.492677778640e-05
4.3750000000,1.7361111111,-4.729854694730e-05
4.4444444444,1.7361111111,-4.968667457150e-05
4.5138888889,1.7361111111,-5.201723156320e-05
4.5833333333,1.7361111111,-5.416593143320e-05
4.6527777778,1.7361111111,-5.599817477540e-05
4.7222222222,1.7361111111,-5.741824246780e-05
4.7916666667,1.7361111111,-5.840310134470e-05
4.8611111111,1.7361111111,-5.900270873570e-05
4.9305555556,1.7361111111,-5.930707073130e-05
5.0000000000,1.7361111111,-5.939773294220e-05
5.0694444444,1.7361111111,-5.930707260960e-05
5.1388888889,1.7361111111,-5.900271218590e-05
5.2083333333,1.7361111111,-5.840310582360e-05
5.2777777778,1.7361111111,-5.741824734220e-05
5.3472222222,1.7361111111,-5.599817946130e-05
5.4166666667,1.7361111111,-5.416593550950e-05
5.4861111111,1.7361111111,-5.201723482680e-05
5.5555555556,1.7361111111,-4.968667702520e-05
5.6250000000,1.7361111111,-4.729854872020e-05
5.6944444444,1.7361111111,-4.492677905830e-05
5.7638888889,1.7361111111,-4.258045579020e-05
5.8333333333,1.7361111111,-4.021729864670e-05
5.9027777778,1.7361111111,-3.777683740470e-05
5.9722222222,1.7361111111,-3.521970392230e-05
6.0416666667,1.7361111111,-3.255745105020e-05
6.1111111111,1.7361111111,-2.985951933540e-05
6.1805555556,1.7361111111,-2.723301715980e-05
6.2500000000,1.7361111111,-2.478452471820e-05
6.3194444444,1.7361111111,-2.258270189260e-05
6.3888888889,1.7361111111,-2.063905888290e-05
6.4583333333,1.7361111111,-1.891330206310e-05
6.5277777778,1.7361111111,-1.733719527330e-05
6.5972222222,1.7361111111,-1.584388733570e-05
6.6666666667,1.7361111111,-1.438994960610e-05
6.7361111111,1.7361111111,-1.296298553190e-05
6.8055555556,1.7361111111,-1.157541571900e-05
6.8750000000,1.7361111111,-1.025122500970e-05
6.9444444444,1.7361111111,-9.013947495200e-06
7.0138888889,1.7361111111,-7.880701274700e-06
7.0833333333,1.7361111111,-6.861934796590e-06
7.1527777778,1.7361111111,-5.963552723190e-06
7.2222222222,1.7361111111,-5.188302411470e-06
7.2916666667,1.7361111111,-4.535143240310e-06
7.3611111111,1.7361111111,-3.997156334960e-06
7.4305555556,1.7361111111,-3.559757952130e-06
7.5000000000,1.7361111111,-3.201060304950e-06
7.5694444444,1.7361111111,-2.894842226150e-06
7.6388888889,1.7361111111,-2.614824470580e-06
7.7083333333,1.7361111111,-2.338708187940e-06
7.7777777778,1.7361111111,-2.051754214520e-06
7.8472222222,1.7361111111,-1.750131976730e-06
7.9166666667,1.7361111111,-1.442605178550e-06
7.9861111111,1.7361111111,-1.147950132850e-06
8.0555555556,1.7361111111,-8.878760691400e-07
8.1250000000,1.7361111111,-6.793026842180e-07
8.1944444444,1.7361111111,-5.303300305120e-07
8.2638888889,1.7361111111,-4.399319260980e-07
8.3333333333,1.7361111111,-3.980691010184e-07
8.4027777778,1.7361111111,-3.855315689780e-07
8.4722222222,1.7361111111,-3.775296022430e-07
8.5416666667,1.7361111111,-3.535445262120e-07
8.6111111111,1.7361111111,-3.078669893190e-07
8.6805555556,1.7361111111,-2.508916393830e-07
8.7500000000,1.7361111111,-1.984940712170e-07
8.8194444444,1.7361111111,-1.590294037400e-07
8.8888888889,1.7361111111,-1.300891952270e-07
8.9583333333,1.7361111111,-1.061856645960e-07
9.0277777778,1.7361111111,-8.675416248000e-08
9.0972222222,1.7361111111,-7.521881820700e-08
9.1666666667,1.7361111111,-7.194827039600e-08
9.2361111111,1.7361111111,-7.129112462600e-08
9.3055555556,1.7361111111,-6.681985853700e-08
9.3750000000,1.7361111111,-5.799880689400e-08
9.4444444444,1.7361111111,-4.980539431900e-08
9.5138888889,1.7361111111,-4.595995982400e-08
9.5833333333,1.7361111111,-4.430421519700e-08
9.6527777778,1.7361111111,-3.978401005000e-08
9.7222222222,1.7361111111,-3.091488720580e-08
9.7916666667,1.7361111111,-2.165887821940e-08
9.8611111111,1.7361111111,-1.672251411843e-08
9.9305555556,1.7361111111,-1.636157155580e-08
0.0000000000,1.8055555556,-4.625764590290e-08
0.0694444444,1.8055555556,-4.277865653850e-08
0.1388888889,1.8055555556,-3.624519977032e-08
0.2083333333,1.8055555556,-3.395925118900e-08
0.2777777778,1.8055555556,-3.862814081170e-08
0.3472222222,1.8055555556,-4.611762075500e-08
0.4166666667,1.8055555556,-5.108790447600e-08
0.4861111111,1.8055555556,-5.313445795000e-08
0.5555555556,1.8055555556,-5.600402284200e-08
0.6250000000,1.8055555556,-6.170705351200e-08
0.6944444444,1.8055555556,-6.787349382600e-08
0.7638888889,1.8055555556,-7.198125934900e-08
0.8333333333,1.8055555556,-7.642354330600e-08
0.9027777778,1.8055555556,-8.693244492300e-08
0.9722222222,1.8055555556,-1.060202861990e-07
1.0416666667,1.8055555556,-1.305250384280e-07
1.1111111111,1.8055555556,-1.572547818110e-07
1.1805555556,1.8055555556,-1.891703535780e-07
1.2500000000,1.8055555556,-2.324127860150e-07
1.3194444444,1.8055555556,-2.860917098150e-07
1.3888888889,1.8055555556,-3.377097572380e-07
1.4583333333,1.8055555556,-3.723744409920e-07
1.5277777778,1.8055555556,-3.880786745986e-07
1.5972222222,1.8055555556,-4.015493938175e-07
1.6666666667,1.8055555556,-4.390804785690e-07
1.7361111111,1.8055555556,-5.222659257650e-07
1.8055555556,1.8055555556,-6.614938091390e-07
1.8750000000,1.8055555556,-8.588051459100e-07
1.9444444444,1.8055555556,-1.111531220120e-06
2.0138888889,1.8055555556,-1.410708484970e-06
2.0833333333,1.8055555556,-1.738102026470e-06
2.1527777778,1.8055555556,-2.069303255310e-06
2.2222222222,1.8055555556,-2.384025999810e-06
2.2916666667,1.8055555556,-2.677107077440e-06
2.3611111111,1.8055555556,-2.963245597330e-06
2.4305555556,1.8055555556,-3.273787279300e-06
2.5000000000,1.8055555556,-3.648191743770e-06
2.5694444444,1.8055555556,-4.123578452430e-06
2.6388888889,1.8055555556,-4.725428006800e-06
2.7083333333,1.8055555556,-5.462774751780e-06
2.7777777778,1.8055555556,-6.330294511700e-06
2.8472222222,1.8055555556,-7.316250270000e-06
2.9166666667,1.8055555556,-8.411608502800e-06
2.9861111111,1.8055555556,-9.615115369000e-06
3.0555555556,1.8055555556,-1.093198664970e-05
3.1250000000,1.8055555556,-1.236756102290e-05
3.1944444444,1.8055555556,-1.391979119590e-05
3.2638888889,1.8055555556,-1.557554478320e-05
3.3333333333,1.8055555556,-1.731503064920e-05
3.4027777778,1.8055555556,-1.912514601260e-05
3.4722222222,1.8055555556,-2.101647740120e-05
3.5416666667,1.8055555556,-2.303359692460e-05
3.6111111111,1.8055555556,-2.524882669950e-05
3.6805555556,1.8055555556,-2.773734653190e-05
3.7500000000,1.8055555556,-3.054272341610e-05
3.8194444444,1.8055555556,-3.364971962900e-05
3.8888888889,1.8055555556,-3.697986246380e-05
3.9583333333,1.8055555556,-4.041431355060e-05
4.0277777778,1.8055555556,-4.383405692030e-05
4.0972222222,1.8055555556,-4.715826582000e-05
4.1666666667,1.8055555556,-5.036332201770e-05
4.2361111111,1.8055555556,-5.347519658820e-05
4.3055555556,1.8055555556,-5.653968886120e-05
4.3750000000,1.8055555556,-5.958297235210e-05
4.4444444444,1.8055555556,-6.257830065650e-05
4.5138888889,1.8055555556,-6.543414917810e-05
4.5833333333,1.8055555556,-6.801276063160e-05
4.6527777778,1.8055555556,-7.017475508370e-05
4.7222222222,1.8055555556,-7.183026067710e-05
4.7916666667,1.8055555556,-7.297062333440e-05
4.8611111111,1.8055555556,-7.366389437120e-05
4.9305555556,1.8055555556,-7.401677021350e-05
5.0000000000,1.8055555556,-7.412225460140e-05
5.0694444444,1.8055555556,-7.401677413230e-05
5.1388888889,1.8055555556,-7.366390153620e-05
5.2083333333,1.8055555556,-7.297063257830e-05
5.2777777778,1.8055555556,-7.183027063350e-05
5.3472222222,1.8055555556,-7.017476451760e-05
5.4166666667,1.8055555556,-6.801276868430e-05
5.4861111111,1.8055555556,-6.543415547780e-05
5.5555555556,1.8055555556,-6.257830527570e-05
5.6250000000,1.8055555556,-5.958297563810e-05
5.6944444444,1.8055555556,-5.653969124010e-05
5.7638888889,1.8055555556,-5.347519839230e-05
5.8333333333,1.8055555556,-5.036332339970e-05
5.9027777778,1.8055555556,-4.715826677680e-05
5.9722222222,1.8055555556,-4.383405737510e-05
6.0416666667,1.8055555556,-4.041431345640e-05
6.1111111111,1.8055555556,-3.697986187370e-05
6.1805555556,1.8055555556,-3.364971870470e-05
6.2500000000,1.8055555556,-3.054272237590e-05
6.3194444444,1.8055555556,-2.773734556920e-05
6.3888888889,1.8055555556,-2.524882592030e-05
6.4583333333,1.8055555556,-2.303359631530e-05
6.5277777778,1.8055555556,-2.101647686590e-05
6.5972222222,1.8055555556,-1.912514542700e-05
6.6666666667,1.8055555556,-1.731502993350e-05
6.7361111111,1.8055555556,-1.557554393750e-05
6.8055555556,1.8055555556,-1.391979029970e-05
6.8750000000,1.8055555556,-1.236756019370e-05
6.9444444444,1.8055555556,-1.093198598390e-05
7.0138888889,1.8055555556,-9.615114900500e-06
7.0833333333,1.8055555556,-8.411608188900e-06
7.1527777778,1.8055555556,-7.316250018100e-06
7.2222222222,1.8055555556,-6.330294227160e-06
7.2916666667,1.8055555556,-5.462774383250e-06
7.3611111111,1.8055555556,-4.725427569660e-06
7.4305555556,1.8055555556,-4.123578017910e-06
7.5000000000,1.8055555556,-3.648191401380e-06
7.5694444444,1.8055555556,-3.273787092350e-06
7.6388888889,1.8055555556,-2.963245573480e-06
7.7083333333,1.8055555556,-2.677107166540e-06
7.7777777778,1.8055555556,-2.384026120450e-06
7.8472222222,1.8055555556,-2.069303334180e-06
7.9166666667,1.8055555556,-1.738102031510e-06
7.9861111111,1.8055555556,-1.410708437440e-06
8.0555555556,1.8055555556,-1.111531180410e-06
8.1250000000,1.8055555556,-8.588051813900e-07
8.1944444444,1.8055555556,-6.614939591950e-07
8.2638888889,1.8055555556,-5.222661815950e-07
8.3333333333,1.8055555556,-4.390807869560e-07
8.4027777778,1.8055555556,-4.015496835505e-07
8.4722222222,1.8055555556,-3.880788910022e-07
8.5416666667,1.8055555556,-3.723745717090e-07
8.6111111111,1.8055555556,-3.377098363330e-07
8.6805555556,1.8055555556,-2.860917987870e-07
8.7500000000,1.8055555556,-2.324129419800e-07
8.8194444444,1.8055555556,-1.891706000640e-07
8.8888888889,1.8055555556,-1.572550966110e-07
8.9583333333,1.8055555556,-1.305253640110e-07
9.0277777778,1.8055555556,-1.060205575180e-07
9.0972222222,1.8055555556,-8.693262091200e-08
9.1666666667,1.8055555556,-7.642362633400e-08
9.2361111111,1.8055555556,-7.198129253400e-08
9.3055555556,1.8055555556,-6.787353865100e-08
9.3750000000,1.8055555556,-6.170715875200e-08
9.4444444444,1.8055555556,-5.600420053700e-08
9.5138888889,1.8055555556,-5.313467772100e-08
9.5833333333,1.8055555556,-5.108810853900e-08
9.6527777778,1.8055555556,-4.611775219300e-08
9.7222222222,1.8055555556,-3.862817152610e-08
9.7916666667,1.8055555556,-3.395919579760e-08
9.8611111111,1.8055555556,-3.624510862633e-08
9.9305555556,1.8055555556,-4.277859054520e-08
0.0000000000,1.8750000000,-6.970771576760e-08
0.0694444444,1.8750000000,-6.477653026280e-08
0.1388888889,1.8750000000,-5.436243917217e-08
0.2083333333,1.8750000000,-4.704339445580e-08
0.2777777778,1.8750000000,-4.713198202510e-08
0.3472222222,1.8750000000,-5.169156305400e-08
0.4166666667,1.8750000000,-5.548749752800e-08
0.4861111111,1.8750000000,-5.707645546500e-08
0.5555555556,1.8750000000,-5.896352351160e-08
0.6250000000,1.8750000000,-6.311292950410e-08
0.6944444444,1.8750000000,-6.880168328410e-08
0.7638888889,1.8750000000,-7.555443013720e-08
0.8333333333,1.8750000000,-8.606840504200e-08
0.9027777778,1.8750000000,-1.039353927000e-07
0.9722222222,1.8750000000,-1.289628677290e-07
1.0416666667,1.8750000000,-1.573605633760e-07
1.1111111111,1.8750000000,-1.876111909350e-07
1.1805555556,1.8750000000,-2.238015047080e-07
1.2500000000,1.8750000000,-2.700668239690e-07
1.3194444444,1.8750000000,-3.219198926800e-07
1.3888888889,1.8750000000,-3.667054390130e-07
1.4583333333,1.8750000000,-3.959597688980e-07
1.5277777778,1.8750000000,-4.175534974560e-07
1.5972222222,1.8750000000,-4.541361312770e-07
1.6666666667,1.8750000000,-5.292557510740e-07
1.7361111111,1.8750000000,-6.556806087550e-07
1.8055555556,1.8750000000,-8.360590134400e-07
1.8750000000,1.8750000000,-1.070410349620e-06
1.9444444444,1.8750000000,-1.357874688150e-06
2.0138888889,1.8750000000,-1.689681362860e-06
2.0833333333,1.8750000000,-2.043526159700e-06
2.1527777778,1.8750000000,-2.390032655490e-06
2.2222222222,1.8750000000,-2.709706524220e-06
2.2916666667,1.8750000000,-3.008195331730e-06
2.3611111111,1.8750000000,-3.319193498650e-06
2.4305555556,1.8750000000,-3.694096903280e-06
2.5000000000,1.8750000000,-4.185126400790e-06
2.5694444444,1.8750000000,-4.829663338440e-06
2.6388888889,1.8750000000,-5.641087355750e-06
2.7083333333,1.8750000000,-6.608899549800e-06
2.7777777778,1.8750000000,-7.708093302400e-06
2.8472222222,1.8750000000,-8.913845227200e-06
2.9166666667,1.8750000000,-1.021466079180e-05
2.9861111111,1.8750000000,-1.161787566590e-05
3.0555555556,1.8750000000,-1.314561778440e-05
3.1250000000,1.8750000000,-1.482393731810e-05
3.1944444444,1.8750000000,-1.667047889830e-05
3.2638888889,1.8750000000,-1.868675139890e-05
3.3333333333,1.8750000000,-2.086007678410e-05
3.4027777778,1.8750000000,-2.317674719840e-05
3.4722222222,1.8750000000,-2.564135379230e-05
3.5416666667,1.8750000000,-2.829068727700e-05
3.6111111111,1.8750000000,-3.118992398410e-05
3.6805555556,1.8750000000,-3.440748734860e-05
3.7500000000,1.8750000000,-3.797904284540e-05
3.8194444444,1.8750000000,-4.188043086340e-05
3.8888888889,1.8750000000,-4.602586060960e-05
3.9583333333,1.8750000000,-5.029305770250e-05
4.0277777778,1.8750000000,-5.456191564550e-05
4.0972222222,1.8750000000,-5.874775625510e-05
4.1666666667,1.8750000000,-6.281580429750e-05
4.2361111111,1.8750000000,-6.677323692350e-05
4.3055555556,1.8750000000,-7.064293792960e-05
4.3750000000,1.8750000000,-7.442836602250e-05
4.4444444444,1.8750000000,-7.808348954260e-05
4.5138888889,1.8750000000,-8.150344845330e-05
4.5833333333,1.8750000000,-8.454530509620e-05
4.6527777778,1.8750000000,-8.707328981320e-05
4.7222222222,1.8750000000,-8.900762996590e-05
4.7916666667,1.8750000000,-9.035183724940e-05
4.8611111111,1.8750000000,-9.118424876070e-05
4.9305555556,1.8750000000,-9.161830637200e-05
5.0000000000,1.8750000000,-9.175050324400e-05
5.0694444444,1.8750000000,-9.161831031600e-05
5.1388888889,1.8750000000,-9.118425595770e-05
5.2083333333,1.8750000000,-9.035184647780e-05
5.2777777778,1.8750000000,-8.900763982530e-05
5.3472222222,1.8750000000,-8.707329904020e-05
5.4166666667,1.8750000000,-8.454531281650e-05
5.4861111111,1.8750000000,-8.150345432760e-05
5.5555555556,1.8750000000,-7.808349367200e-05
5.6250000000,1.8750000000,-7.442836880400e-05
5.6944444444,1.8750000000,-7.064293982950e-05
5.7638888889,1.8750000000,-6.677323829890e-05
5.8333333333,1.8750000000,-6.281580531470e-05
5.9027777778,1.8750000000,-5.874775690320e-05
5.9722222222,1.8750000000,-5.456191583200e-05
6.0416666667,1.8750000000,-5.029305736720e-05
6.1111111111,1.8750000000,-4.602585979660e-05
6.1805555556,1.8750000000,-4.188042973290e-05
6.2500000000,1.8750000000,-3.797904161750e-05
6.3194444444,1.8750000000,-3.440748622230e-05
6.3888888889,1.8750000000,-3.118992306230e-05
6.4583333333,1.8750000000,-2.829068654250e-05
6.5277777778,1.8750000000,-2.564135313960e-05
6.5972222222,1.8750000000,-2.317674649390e-05
6.6666666667,1.8750000000,-2.086007594110e-05
6.7361111111,1.8750000000,-1.868675041830e-05
6.8055555556,1.8750000000,-1.667047786650e-05
6.8750000000,1.8750000000,-1.482393635980e-05
6.9444444444,1.8750000000,-1.314561700230e-05
7.0138888889,1.8750000000,-1.161787509830e-05
7.0833333333,1.8750000000,-1.021466039470e-05
7.1527777778,1.8750000000,-8.913844902800e-06
7.2222222222,1.8750000000,-7.708092948500e-06
7.2916666667,1.8750000000,-6.608899110100e-06
7.3611111111,1.8750000000,-5.641086843750e-06
7.4305555556,1.8750000000,-4.829662827510e-06
7.5000000000,1.8750000000,-4.185125985130e-06
7.5694444444,1.8750000000,-3.694096650880e-06
7.6388888889,1.8750000000,-3.319193418570e-06
7.7083333333,1.8750000000,-3.008195372510e-06
7.7777777778,1.8750000000,-2.709706601100e-06
7.8472222222,1.8750000000,-2.390032692220e-06
7.9166666667,1.8750000000,-2.043526123990e-06
7.9861111111,1.8750000000,-1.689681277900e-06
8.0555555556,1.8750000000,-1.357874617630e-06
8.1250000000,1.8750000000,-1.070410363090e-06
8.1944444444,1.8750000000,-8.360591500700e-07
8.2638888889,1.8750000000,-6.556808572400e-07
8.3333333333,1.8750000000,-5.292560543930e-07
8.4027777778,1.8750000000,-4.541364145780e-07
8.4722222222,1.8750000000,-4.175537039010e-07
8.5416666667,1.8750000000,-3.959598861310e-07
8.6111111111,1.8750000000,-3.667055031070e-07
8.6805555556,1.8750000000,-3.219199682940e-07
8.7500000000,1.8750000000,-2.700669710610e-07
8.8194444444,1.8750000000,-2.238017480650e-07
8.8888888889,1.8750000000,-1.876115073990e-07
8.9583333333,1.8750000000,-1.573608925260e-07
9.0277777778,1.8750000000,-1.289631410270e-07
9.0972222222,1.8750000000,-1.039355667310e-07
9.1666666667,1.8750000000,-8.606848224400e-08
9.2361111111,1.8750000000,-7.555445605020e-08
9.3055555556,1.8750000000,-6.880172280380e-08
9.3750000000,1.8750000000,-6.311303388110e-08
9.4444444444,1.8750000000,-5.896370503830e-08
9.5138888889,1.8750000000,-5.707668176800e-08
9.5833333333,1.8750000000,-5.548770764000e-08
9.6527777778,1.8750000000,-5.169169716400e-08
9.7222222222,1.8750000000,-4.713201071160e-08
9.7916666667,1.8750000000,-4.704333320690e-08
9.8611111111,1.8750000000,-5.436234110419e-08
9.9305555556,1.8750000000,-6.477645965180e-08
0.0000000000,1.9444444444,-7.934076127833e-08
0.0694444444,1.9444444444,-7.496386454079e-08
0.1388888889,1.9444444444,-6.538163563600e-08
0.2083333333,1.9444444444,-5.768363743310e-08
0.2777777778,1.9444444444,-5.581987651600e-08
0.3472222222,1.9444444444,-5.801714760700e-08
0.4166666667,1.9444444444,-6.034264172200e-08
0.4861111111,1.9444444444,-6.144894863200e-08
0.5555555556,1.9444444444,-6.314657903290e-08
0.6250000000,1.9444444444,-6.745978650110e-08
0.6944444444,1.9444444444,-7.495060381960e-08
0.7638888889,1.9444444444,-8.617826422310e-08
0.8333333333,1.9444444444,-1.029979461540e-07
0.9027777778,1.9444444444,-1.267976431780e-07
0.9722222222,1.9444444444,-1.561385741860e-07
1.0416666667,1.9444444444,-1.881481780840e-07
1.1111111111,1.9444444444,-2.226186112000e-07
1.1805555556,1.9444444444,-2.626137503680e-07
1.2500000000,1.9444444444,-3.091856818200e-07
1.3194444444,1.9444444444,-3.568153083640e-07
1.3888888889,1.9444444444,-3.976129464120e-07
1.4583333333,1.9444444444,-4.320659982650e-07
1.5277777778,1.9444444444,-4.745098049840e-07
1.5972222222,1.9444444444,-5.460053675090e-07
1.6666666667,1.9444444444,-6.617216532560e-07
1.7361111111,1.9444444444,-8.262572712900e-07
1.8055555556,1.9444444444,-1.040034432050e-06
1.8750000000,1.9444444444,-1.305743105230e-06
1.9444444444,1.9444444444,-1.624013048700e-06
2.0138888889,1.9444444444,-1.982281140150e-06
2.0833333333,1.9444444444,-2.351987183880e-06
2.1527777778,1.9444444444,-2.702797472870e-06
2.2222222222,1.9444444444,-3.025447372810e-06
2.2916666667,1.9444444444,-3.345613976000e-06
2.3611111111,1.9444444444,-3.718547785850e-06
2.4305555556,1.9444444444,-4.208956884460e-06
2.5000000000,1.9444444444,-4.868817223860e-06
2.5694444444,1.9444444444,-5.723223249170e-06
2.6388888889,1.9444444444,-6.767451666500e-06
2.7083333333,1.9444444444,-7.973881073000e-06
2.7777777778,1.9444444444,-9.305933345400e-06
2.8472222222,1.9444444444,-1.073499004710e-05
2.9166666667,1.9444444444,-1.225456199570e-05
2.9861111111,1.9444444444,-1.388596166680e-05
3.0555555556,1.9444444444,-1.567282841520e-05
3.1250000000,1.9444444444,-1.766669023180e-05
3.1944444444,1.9444444444,-1.990957176170e-05
3.2638888889,1.9444444444,-2.242101904200e-05
3.3333333333,1.9444444444,-2.519585107480e-05
3.4027777778,1.9444444444,-2.821528372780e-05
3.4722222222,1.9444444444,-3.146736651280e-05
3.5416666667,1.9444444444,-3.496509901460e-05
3.6111111111,1.9444444444,-3.874828475860e-05
3.6805555556,1.9444444444,-4.286340009610e-05
3.7500000000,1.9444444444,-4.733123428510e-05
3.8194444444,1.9444444444,-5.212261334180e-05
3.8888888889,1.9444444444,-5.715791869880e-05
3.9583333333,1.9444444444,-6.232955707200e-05
4.0277777778,1.9444444444,-6.753246945860e-05
4.0972222222,1.9444444444,-7.268687959210e-05
4.1666666667,1.9444444444,-7.774632575360e-05
4.2361111111,1.9444444444,-8.269152200390e-05
4.3055555556,1.9444444444,-8.751235213790e-05
4.3750000000,1.9444444444,-9.218188160700e-05
4.4444444444,1.9444444444,-9.663229799800e-05
4.5138888889,1.9444444444,-1.007478605280e-04
4.5833333333,1.9444444444,-1.043849535720e-04
4.6527777778,1.9444444444,-1.074138333300e-04
4.7222222222,1.9444444444,-1.097618508690e-04
4.7916666667,1.9444444444,-1.114355915890e-04
4.8611111111,1.9444444444,-1.125106846740e-04
4.9305555556,1.9444444444,-1.130943141460e-04
5.0000000000,1.9444444444,-1.132771367390e-04
5.0694444444,1.9444444444,-1.130943160300e-04
5.1388888889,1.9444444444,-1.125106880860e-04
5.2083333333,1.9444444444,-1.114355959020e-04
5.2777777778,1.9444444444,-1.097618553630e-04
5.3472222222,1.9444444444,-1.074138373380e-04
5.4166666667,1.9444444444,-1.043849566930e-04
5.4861111111,1.9444444444,-1.007478626000e-04
5.5555555556,1.9444444444,-9.663229912000e-05
5.6250000000,1.9444444444,-9.218188201100e-05
5.6944444444,1.9444444444,-8.751235211850e-05
5.7638888889,1.9444444444,-8.269152175470e-05
5.8333333333,1.9444444444,-7.774632537270e-05
5.9027777778,1.9444444444,-7.268687907150e-05
5.9722222222,1.9444444444,-6.753246874390e-05
6.0416666667,1.9444444444,-6.232955612030e-05
6.1111111111,1.9444444444,-5.715791752470e-05
6.1805555556,1.9444444444,-5.212261202430e-05
6.2500000000,1.9444444444,-4.733123293910e-05
6.3194444444,1.9444444444,-4.286339882680e-05
6.3888888889,1.9444444444,-3.874828362060e-05
6.4583333333,1.9444444444,-3.496509800050e-05
6.5277777778,1.9444444444,-3.146736556250e-05
6.5972222222,1.9444444444,-2.821528277020e-05
6.6666666667,1.9444444444,-2.519585006260e-05
6.7361111111,1.9444444444,-2.242101797520e-05
6.8055555556,1.9444444444,-1.990957069130e-05
6.8750000000,1.9444444444,-1.766668922860e-05
6.9444444444,1.9444444444,-1.567282753990e-05
7.0138888889,1.9444444444,-1.388596094320e-05
7.0833333333,1.9444444444,-1.225456140170e-05
7.1527777778,1.9444444444,-1.073498953090e-05
7.2222222222,1.9444444444,-9.305932849200e-06
7.2916666667,1.9444444444,-7.973880562600e-06
7.3611111111,1.9444444444,-6.767451145200e-06
7.4305555556,1.9444444444,-5.723222754100e-06
7.5000000000,1.9444444444,-4.868816805190e-06
7.5694444444,1.9444444444,-4.208956579650e-06
7.6388888889,1.9444444444,-3.718547601100e-06
7.7083333333,1.9444444444,-3.345613884090e-06
7.7777777778,1.9444444444,-3.025447327560e-06
7.8472222222,1.9444444444,-2.702797432070e-06
7.9166666667,1.9444444444,-2.351987128770e-06
7.9861111111,1.9444444444,-1.982281081810e-06
8.0555555556,1.9444444444,-1.624013019390e-06
8.1250000000,1.9444444444,-1.305743139560e-06
8.1944444444,1.9444444444,-1.040034547800e-06
8.2638888889,1.9444444444,-8.262574586400e-07
8.3333333333,1.9444444444,-6.617218782890e-07
8.4027777778,1.9444444444,-5.460055878130e-07
8.4722222222,1.9444444444,-4.745099889880e-07
8.5416666667,1.9444444444,-4.320661389810e-07
8.6111111111,1.9444444444,-3.976130628350e-07
8.6805555556,1.9444444444,-3.568154344070e-07
8.7500000000,1.9444444444,-3.091858485320e-07
8.8194444444,1.9444444444,-2.626139699160e-07
8.8888888889,1.9444444444,-2.226188701050e-07
8.9583333333,1.9444444444,-1.881484426820e-07
9.0277777778,1.9444444444,-1.561388060580e-07
9.0972222222,1.9444444444,-1.267978174180e-07
9.1666666667,1.9444444444,-1.029980632030e-07
9.2361111111,1.9444444444,-8.617834847260e-08
9.3055555556,1.9444444444,-7.495069053430e-08
9.3750000000,1.9444444444,-6.745990332680e-08
9.4444444444,1.9444444444,-6.314673215550e-08
9.5138888889,1.9444444444,-6.144911993130e-08
9.5833333333,1.9444444444,-6.034279774300e-08
9.6527777778,1.9444444444,-5.801725562900e-08
9.7222222222,1.9444444444,-5.581992025800e-08
9.7916666667,1.9444444444,-5.768362498500e-08
9.8611111111,1.9444444444,-6.538159586758e-08
9.9305555556,1.9444444444,-7.496383272340e-08
0.0000000000,2.0138888889,-7.470143085052e-08
0.0694444444,2.0138888889,-7.233122464645e-08
0.1388888889,2.0138888889,-6.720708002900e-08
0.2083333333,2.0138888889,-6.329536495790e-08
0.2777777778,2.0138888889,-6.278419090700e-08
0.3472222222,2.0138888889,-6.462455498000e-08
0.4166666667,2.0138888889,-6.660317013800e-08
0.4861111111,2.0138888889,-6.818790697500e-08
0.5555555556,2.0138888889,-7.100352011260e-08
0.6250000000,2.0138888889,-7.711548002390e-08
0.6944444444,2.0138888889,-8.776971192090e-08
0.7638888889,2.0138888889,-1.037960123610e-07
0.8333333333,2.0138888889,-1.260800462860e-07
0.9027777778,2.0138888889,-1.546928152170e-07
0.9722222222,2.0138888889,-1.880354366830e-07
1.0416666667,2.0138888889,-2.240042798400e-07
1.1111111111,2.0138888889,-2.620787450730e-07
1.1805555556,2.0138888889,-3.031021558790e-07
1.2500000000,2.0138888889,-3.466011464990e-07
1.3194444444,2.0138888889,-3.900868780440e-07
1.3888888889,2.0138888889,-4.334544504720e-07
1.4583333333,2.0138888889,-4.844969994290e-07
1.5277777778,2.0138888889,-5.581558928060e-07
1.5972222222,2.0138888889,-6.686198443100e-07
1.6666666667,2.0138888889,-8.225220655400e-07
1.7361111111,2.0138888889,-1.020777903920e-06
1.8055555556,2.0138888889,-1.265523772620e-06
1.8750000000,2.0138888889,-1.561084139870e-06
1.9444444444,2.0138888889,-1.904841370090e-06
2.0138888889,2.0138888889,-2.278135544470e-06
2.0833333333,2.0138888889,-2.651329539310e-06
2.1527777778,2.0138888889,-3.004535232090e-06
2.2222222222,2.0138888889,-3.349173263110e-06
2.2916666667,2.0138888889,-3.732865738190e-06
2.3611111111,2.0138888889,-4.223497402610e-06
2.4305555556,2.0138888889,-4.883824878210e-06
2.5000000000,2.0138888889,-5.751948272620e-06
2.5694444444,2.0138888889,-6.834948254600e-06
2.6388888889,2.0138888889,-8.113415348700e-06
2.7083333333,2.0138888889,-9.551790249100e-06
2.7777777778,2.0138888889,-1.111213888470e-05
2.8472222222,2.0138888889,-1.277050212190e-05
2.9166666667,2.0138888889,-1.453213166730e-05
2.9861111111,2.0138888889,-1.643850437930e-05
3.0555555556,2.0138888889,-1.856051041650e-05
3.1250000000,2.0138888889,-2.097899717610e-05
3.1944444444,2.0138888889,-2.376067242340e-05
3.2638888889,2.0138888889,-2.693940857720e-05
3.3333333333,2.0138888889,-3.051035017300e-05
3.4027777778,2.0138888889,-3.443952923010e-05
3.4722222222,2.0138888889,-3.868567417580e-05
3.5416666667,2.0138888889,-4.322373267670e-05
3.6111111111,2.0138888889,-4.805568569430e-05
3.6805555556,2.0138888889,-5.320015102710e-05
3.7500000000,2.0138888889,-5.866725096720e-05
3.8194444444,2.0138888889,-6.443699425680e-05
3.8888888889,2.0138888889,-7.045578698260e-05
3.9583333333,2.0138888889,-7.664968041550e-05
4.0277777778,2.0138888889,-8.294102181690e-05
4.0972222222,2.0138888889,-8.925803871700e-05
4.1666666667,2.0138888889,-9.553731396600e-05
4.2361111111,2.0138888889,-1.017228377810e-04
4.3055555556,2.0138888889,-1.077604009400e-04
4.3750000000,2.0138888889,-1.135840818560e-04
4.4444444444,2.0138888889,-1.190996109730e-04
4.5138888889,2.0138888889,-1.241787399800e-04
4.5833333333,2.0138888889,-1.286759189820e-04
4.6527777778,2.0138888889,-1.324633479850e-04
4.7222222222,2.0138888889,-1.354665402460e-04
4.7916666667,2.0138888889,-1.376815601170e-04
4.8611111111,2.0138888889,-1.391655841050e-04
4.9305555556,2.0138888889,-1.400051652270e-04
5.0000000000,2.0138888889,-1.402752385370e-04
5.0694444444,2.0138888889,-1.400051639720e-04
5.1388888889,2.0138888889,-1.391655817690e-04
5.2083333333,2.0138888889,-1.376815569850e-04
5.2777777778,2.0138888889,-1.354665366790e-04
5.3472222222,2.0138888889,-1.324633443060e-04
5.4166666667,2.0138888889,-1.286759154250e-04
5.4861111111,2.0138888889,-1.241787366920e-04
5.5555555556,2.0138888889,-1.190996079920e-04
5.6250000000,2.0138888889,-1.135840791300e-04
5.6944444444,2.0138888889,-1.077603984310e-04
5.7638888889,2.0138888889,-1.017228354420e-04
5.8333333333,2.0138888889,-9.553731176400e-05
5.9027777778,2.0138888889,-8.925803667300e-05
5.9722222222,2.0138888889,-8.294101993190e-05
6.0416666667,2.0138888889,-7.664967869540e-05
6.1111111111,2.0138888889,-7.045578540780e-05
6.1805555556,2.0138888889,-6.443699278620e-05
6.2500000000,2.0138888889,-5.866724955390e-05
6.3194444444,2.0138888889,-5.320014963320e-05
6.3888888889,2.0138888889,-4.805568430260e-05
6.4583333333,2.0138888889,-4.322373129310e-05
6.5277777778,2.0138888889,-3.868567282550e-05
6.5972222222,2.0138888889,-3.443952794200e-05
6.6666666667,2.0138888889,-3.051034896500e-05
6.7361111111,2.0138888889,-2.693940745230e-05
6.8055555556,2.0138888889,-2.376067137000e-05
6.8750000000,2.0138888889,-2.097899617580e-05
6.9444444444,2.0138888889,-1.856050945850e-05
7.0138888889,2.0138888889,-1.643850346310e-05
7.0833333333,2.0138888889,-1.453213080840e-05
7.1527777778,2.0138888889,-1.277050133900e-05
7.2222222222,2.0138888889,-1.111213819650e-05
7.2916666667,2.0138888889,-9.551789660800e-06
7.3611111111,2.0138888889,-8.113414850000e-06
7.4305555556,2.0138888889,-6.834947825500e-06
7.5000000000,2.0138888889,-5.751947890950e-06
7.5694444444,2.0138888889,-4.883824529960e-06
7.6388888889,2.0138888889,-4.223497087140e-06
7.7083333333,2.0138888889,-3.732865466520e-06
7.7777777778,2.0138888889,-3.349173051620e-06
7.8472222222,2.0138888889,-3.004535093550e-06
7.9166666667,2.0138888889,-2.651329476290e-06
7.9861111111,2.0138888889,-2.278135547140e-06
8.0555555556,2.0138888889,-1.904841419520e-06
8.1250000000,2.0138888889,-1.561084215330e-06
8.1944444444,2.0138888889,-1.265523858980e-06
8.2638888889,2.0138888889,-1.020777996400e-06
8.3333333333,2.0138888889,-8.225221690600e-07
8.4027777778,2.0138888889,-6.686199690600e-07
8.4722222222,2.0138888889,-5.581560472920e-07
8.5416666667,2.0138888889,-4.844971843890e-07
8.6111111111,2.0138888889,-4.334546568500e-07
8.6805555556,2.0138888889,-3.900870900480e-07
8.7500000000,2.0138888889,-3.466013485690e-07
8.8194444444,2.0138888889,-3.031023397120e-07
8.8888888889,2.0138888889,-2.620789127530e-07
8.9583333333,2.0138888889,-2.240044410570e-07
9.0277777778,2.0138888889,-1.880356022730e-07
9.0972222222,2.0138888889,-1.546929907300e-07
9.1666666667,2.0138888889,-1.260802290370e-07
9.2361111111,2.0138888889,-1.037961921040e-07
9.3055555556,2.0138888889,-8.776987540540e-08
9.3750000000,2.0138888889,-7.711561653480e-08
9.4444444444,2.0138888889,-7.100362631100e-08
9.5138888889,2.0138888889,-6.818798840130e-08
9.5833333333,2.0138888889,-6.660323828300e-08
9.6527777778,2.0138888889,-6.462462106900e-08
9.7222222222,2.0138888889,-6.278425981400e-08
9.7916666667,2.0138888889,-6.329543258410e-08
9.8611111111,2.0138888889,-6.720713568770e-08
9.9305555556,2.0138888889,-7.233125629440e-08
0.0000000000,2.0833333333,-6.116613968648e-08
0.0694444444,2.0833333333,-6.111157258430e-08
0.1388888889,2.0833333333,-6.143781788650e-08
0.2083333333,2.0833333333,-6.300573597380e-08
0.2777777778,2.0833333333,-6.594142738680e-08
0.3472222222,2.0833333333,-6.938302119600e-08
0.4166666667,2.0833333333,-7.249321891800e-08
0.4861111111,2.0833333333,-7.566939377110e-08
0.5555555556,2.0833333333,-8.063352245800e-08
0.6250000000,2.0833333333,-8.942878072000e-08
0.6944444444,2.0833333333,-1.035645834690e-07
0.7638888889,2.0833333333,-1.240172551160e-07
0.8333333333,2.0833333333,-1.513640130330e-07
0.9027777778,2.0833333333,-1.852305827010e-07
0.9722222222,2.0833333333,-2.236737769840e-07
1.0416666667,2.0833333333,-2.637644610230e-07
1.1111111111,2.0833333333,-3.032254024900e-07
1.1805555556,2.0833333333,-3.416027647960e-07
1.2500000000,2.0833333333,-3.804051635830e-07
1.3194444444,2.0833333333,-4.234423633080e-07
1.3888888889,2.0833333333,-4.779484974470e-07
1.4583333333,2.0833333333,-5.545195081220e-07
1.5277777778,2.0833333333,-6.638937890100e-07
1.5972222222,2.0833333333,-8.126013960600e-07
1.6666666667,2.0833333333,-1.002247727350e-06
1.7361111111,2.0833333333,-1.233487260320e-06
1.8055555556,2.0833333333,-1.509089855360e-06
1.8750000000,2.0833333333,-1.830190293690e-06
1.9444444444,2.0833333333,-2.188376251170e-06
2.0138888889,2.0833333333,-2.564214982820e-06
2.0833333333,2.0833333333,-2.939306405630e-06
2.1527777778,2.0833333333,-3.315767191270e-06
2.2222222222,2.0833333333,-3.727797086490e-06
2.2916666667,2.0833333333,-4.234863822790e-06
2.3611111111,2.0833333333,-4.900515708120e-06
2.4305555556,2.0833333333,-5.770950425770e-06
2.5000000000,2.0833333333,-6.864828923100e-06
2.5694444444,2.0833333333,-8.175201852200e-06
2.6388888889,2.0833333333,-9.677206890100e-06
2.7083333333,2.0833333333,-1.133709424190e-05
2.7777777778,2.0833333333,-1.312406102600e-05
2.8472222222,2.0833333333,-1.502712968870e-05
2.9166666667,2.0833333333,-1.707254450560e-05
2.9861111111,2.0833333333,-1.933061117630e-05
3.0555555556,2.0833333333,-2.190367306010e-05
3.1250000000,2.0833333333,-2.489836723400e-05
3.1944444444,2.0833333333,-2.839510117570e-05
3.2638888889,2.0833333333,-3.242765068610e-05
3.3333333333,2.0833333333,-3.697864848310e-05
3.4027777778,2.0833333333,-4.199061613590e-05
3.4722222222,2.0833333333,-4.738917439100e-05
3.5416666667,2.0833333333,-5.311090484490e-05
3.6111111111,2.0833333333,-5.912310593160e-05
3.6805555556,2.0833333333,-6.542429984160e-05
3.7500000000,2.0833333333,-7.202675028370e-05
3.8194444444,2.0833333333,-7.893535413440e-05
3.8888888889,2.0833333333,-8.613678807300e-05
3.9583333333,2.0833333333,-9.359937227100e-05
4.0277777778,2.0833333333,-1.012742122010e-04
4.0972222222,2.0833333333,-1.090928229100e-04
4.1666666667,2.0833333333,-1.169665882030e-04
4.2361111111,2.0833333333,-1.247931773690e-04
4.3055555556,2.0833333333,-1.324645903740e-04
4.3750000000,2.0833333333,-1.398668572810e-04
4.4444444444,2.0833333333,-1.468713380980e-04
4.5138888889,2.0833333333,-1.533304566290e-04
4.5833333333,2.0833333333,-1.590899429140e-04
4.6527777778,2.0833333333,-1.640153822100e-04
4.7222222222,2.0833333333,-1.680185764520e-04
4.7916666667,2.0833333333,-1.710696973770e-04
4.8611111111,2.0833333333,-1.731902272790e-04
4.9305555556,2.0833333333,-1.744300134290e-04
5.0000000000,2.0833333333,-1.748368080810e-04
5.0694444444,2.0833333333,-1.744300095210e-04
5.1388888889,2.0833333333,-1.731902201020e-04
5.2083333333,2.0833333333,-1.710696880210e-04
5.2777777778,2.0833333333,-1.680185661760e-04
5.3472222222,2.0833333333,-1.640153721850e-04
5.4166666667,2.0833333333,-1.590899339430e-04
5.4861111111,2.0833333333,-1.533304490830e-04
5.5555555556,2.0833333333,-1.468713319300e-04
5.6250000000,2.0833333333,-1.398668521900e-04
5.6944444444,2.0833333333,-1.324645860130e-04
5.7638888889,2.0833333333,-1.247931734480e-04
5.8333333333,2.0833333333,-1.169665846070e-04
5.9027777778,2.0833333333,-1.090928196690e-04
5.9722222222,2.0833333333,-1.012742093760e-04
6.0416666667,2.0833333333,-9.359936992800e-05
6.1111111111,2.0833333333,-8.613678617600e-05
6.1805555556,2.0833333333,-7.893535253580e-05
6.2500000000,2.0833333333,-7.202674880320e-05
6.3194444444,2.0833333333,-6.542429831960e-05
6.3888888889,2.0833333333,-5.912310429140e-05
6.4583333333,2.0833333333,-5.311090310980e-05
6.5277777778,2.0833333333,-4.738917266220e-05
6.5972222222,2.0833333333,-4.199061453120e-05
6.6666666667,2.0833333333,-3.697864708110e-05
6.7361111111,2.0833333333,-3.242764948890e-05
6.8055555556,2.0833333333,-2.839510011750e-05
6.8750000000,2.0833333333,-2.489836621890e-05
6.9444444444,2.0833333333,-2.190367201040e-05
7.0138888889,2.0833333333,-1.933061006950e-05
7.0833333333,2.0833333333,-1.707254338710e-05
7.1527777778,2.0833333333,-1.502712864460e-05
7.2222222222,2.0833333333,-1.312406014100e-05
7.2916666667,2.0833333333,-1.133709355920e-05
7.3611111111,2.0833333333,-9.677206391400e-06
7.4305555556,2.0833333333,-8.175201466800e-06
7.5000000000,2.0833333333,-6.864828565000e-06
7.5694444444,2.0833333333,-5.770950033390e-06
7.6388888889,2.0833333333,-4.900515272190e-06
7.7083333333,2.0833333333,-4.234863386670e-06
7.7777777778,2.0833333333,-3.727796721340e-06
7.8472222222,2.0833333333,-3.315766958740e-06
7.9166666667,2.0833333333,-2.939306327590e-06
7.9861111111,2.0833333333,-2.564215030770e-06
8.0555555556,2.0833333333,-2.188376360790e-06
8.1250000000,2.0833333333,-1.830190395530e-06
8.1944444444,2.0833333333,-1.509089906270e-06
8.2638888889,2.0833333333,-1.233487261130e-06
8.3333333333,2.0833333333,-1.002247718040e-06
8.4027777778,2.0833333333,-8.126014331600e-07
8.4722222222,2.0833333333,-6.638939154700e-07
8.5416666667,2.0833333333,-5.545197305900e-07
8.6111111111,2.0833333333,-4.779487816260e-07
8.6805555556,2.0833333333,-4.234426495560e-07
8.7500000000,2.0833333333,-3.804053954230e-07
8.8194444444,2.0833333333,-3.416029158760e-07
8.8888888889,2.0833333333,-3.032254884480e-07
8.9583333333,2.0833333333,-2.637645297460e-07
9.0277777778,2.0833333333,-2.236738829160e-07
9.0972222222,2.0833333333,-1.852307585740e-07
9.1666666667,2.0833333333,-1.513642534870e-07
9.2361111111,2.0833333333,-1.240175191180e-07
9.3055555556,2.0833333333,-1.035648145930e-07
9.3750000000,2.0833333333,-8.942893425800e-08
9.4444444444,2.0833333333,-8.063358683200e-08
9.5138888889,2.0833333333,-7.566939567810e-08
9.5833333333,2.0833333333,-7.249320967100e-08
9.6527777778,2.0833333333,-6.938305077100e-08
9.7222222222,2.0833333333,-6.594151919720e-08
9.7916666667,2.0833333333,-6.300587502810e-08
9.8611111111,2.0833333333,-6.143795843020e-08
9.9305555556,2.0833333333,-6.111166064340e-08
0.0000000000,2.1527777778,-4.466565613166e-08
0.0694444444,2.1527777778,-4.630984311851e-08
0.1388888889,2.1527777778,-5.085221040852e-08
0.2083333333,2.1527777778,-5.724078414660e-08
0.2777777778,2.1527777778,-6.411789619110e-08
0.3472222222,2.1527777778,-7.039766077680e-08
0.4166666667,2.1527777778,-7.590877074970e-08
0.4861111111,2.1527777778,-8.168862241900e-08
0.5555555556,2.1527777778,-8.958536051300e-08
0.6250000000,2.1527777778,-1.014800302830e-07
0.6944444444,2.1527777778,-1.189230379040e-07
0.7638888889,2.1527777778,-1.433432830760e-07
0.8333333333,2.1527777778,-1.758704994680e-07
0.9027777778,2.1527777778,-2.160431849160e-07
0.9722222222,2.1527777778,-2.605010827220e-07
1.0416666667,2.1527777778,-3.038045779130e-07
1.1111111111,2.1527777778,-3.418426747750e-07
1.1805555556,2.1527777778,-3.754926907970e-07
1.2500000000,2.1527777778,-4.116554958930e-07
1.3194444444,2.1527777778,-4.611275705680e-07
1.3888888889,2.1527777778,-5.351292783490e-07
1.4583333333,2.1527777778,-6.424414867500e-07
1.5277777778,2.1527777778,-7.880046599200e-07
1.5972222222,2.1527777778,-9.732576815800e-07
1.6666666667,2.1527777778,-1.197987984020e-06
1.7361111111,2.1527777778,-1.462046435300e-06
1.8055555556,2.1527777778,-1.764573490040e-06
1.8750000000,2.1527777778,-2.100905282700e-06
1.9444444444,2.1527777778,-2.461559660710e-06
2.0138888889,2.1527777778,-2.838150376020e-06
2.0833333333,2.1527777778,-3.235163407880e-06
2.1527777778,2.1527777778,-3.679363362050e-06
2.2222222222,2.1527777778,-4.218160097500e-06
2.2916666667,2.1527777778,-4.906131458350e-06
2.3611111111,2.1527777778,-5.787925757700e-06
2.4305555556,2.1527777778,-6.887593418000e-06
2.5000000000,2.1527777778,-8.208017695200e-06
2.5694444444,2.1527777778,-9.736461158900e-06
2.6388888889,2.1527777778,-1.145085542730e-05
2.7083333333,2.1527777778,-1.332678787410e-05
2.7777777778,2.1527777778,-1.534983678510e-05
2.8472222222,2.1527777778,-1.753445717260e-05
2.9166666667,2.1527777778,-1.994061018600e-05
2.9861111111,2.1527777778,-2.267383481280e-05
3.0555555556,2.1527777778,-2.586238235410e-05
3.1250000000,2.1527777778,-2.962121089780e-05
3.1944444444,2.1527777778,-3.402155741870e-05
3.2638888889,2.1527777778,-3.907818890950e-05
3.3333333333,2.1527777778,-4.475323152130e-05
3.4027777778,2.1527777778,-5.097011132500e-05
3.4722222222,2.1527777778,-5.763487323720e-05
3.5416666667,2.1527777778,-6.466336222970e-05
3.6111111111,2.1527777778,-7.200591259320e-05
3.6805555556,2.1527777778,-7.965645913040e-05
3.7500000000,2.1527777778,-8.764117298600e-05
3.8194444444,2.1527777778,-9.599627425500e-05
3.8888888889,2.1527777778,-1.047487043750e-04
3.9583333333,2.1527777778,-1.139032844520e-04
4.0277777778,2.1527777778,-1.234311161580e-04
4.0972222222,2.1527777778,-1.332584740670e-04
4.1666666667,2.1527777778,-1.432646113330e-04
4.2361111111,2.1527777778,-1.532942729050e-04
4.3055555556,2.1527777778,-1.631771161250e-04
4.3750000000,2.1527777778,-1.727397474610e-04
4.4444444444,2.1527777778,-1.818063397810e-04
4.5138888889,2.1527777778,-1.901980036690e-04
4.5833333333,2.1527777778,-1.977416504240e-04
4.6527777778,2.1527777778,-2.042869254170e-04
4.7222222222,2.1527777778,-2.097209032980e-04
4.7916666667,2.1527777778,-2.139731658240e-04
4.8611111111,2.1527777778,-2.170112883470e-04
4.9305555556,2.1527777778,-2.188296564680e-04
5.0000000000,2.1527777778,-2.194344419040e-04
5.0694444444,2.1527777778,-2.188296517630e-04
5.1388888889,2.1527777778,-2.170112797290e-04
5.2083333333,2.1527777778,-2.139731546410e-04
5.2777777778,2.1527777778,-2.097208911210e-04
5.3472222222,2.1527777778,-2.042869136690e-04
5.4166666667,2.1527777778,-1.977416400840e-04
5.4861111111,2.1527777778,-1.901979951340e-04
5.5555555556,2.1527777778,-1.818063329730e-04
5.6250000000,2.1527777778,-1.727397419530e-04
5.6944444444,2.1527777778,-1.631771114330e-04
5.7638888889,2.1527777778,-1.532942686730e-04
5.8333333333,2.1527777778,-1.432646074140e-04
5.9027777778,2.1527777778,-1.332584704820e-04
5.9722222222,2.1527777778,-1.234311130310e-04
6.0416666667,2.1527777778,-1.139032818730e-04
6.1111111111,2.1527777778,-1.047487022920e-04
6.1805555556,2.1527777778,-9.599627252700e-05
6.2500000000,2.1527777778,-8.764117138500e-05
6.3194444444,2.1527777778,-7.965645744980e-05
6.3888888889,2.1527777778,-7.200591074550e-05
6.4583333333,2.1527777778,-6.466336024930e-05
6.5277777778,2.1527777778,-5.763487125620e-05
6.5972222222,2.1527777778,-5.097010949490e-05
6.6666666667,2.1527777778,-4.475322994480e-05
6.7361111111,2.1527777778,-3.907818758790e-05
6.8055555556,2.1527777778,-3.402155626590e-05
6.8750000000,2.1527777778,-2.962120978660e-05
6.9444444444,2.1527777778,-2.586238118110e-05
7.0138888889,2.1527777778,-2.267383354840e-05
7.0833333333,2.1527777778,-1.994060888430e-05
7.1527777778,2.1527777778,-1.753445594570e-05
7.2222222222,2.1527777778,-1.534983574390e-05
7.2916666667,2.1527777778,-1.332678707830e-05
7.3611111111,2.1527777778,-1.145085485690e-05
7.4305555556,2.1527777778,-9.736460727900e-06
7.5000000000,2.1527777778,-8.208017296200e-06
7.5694444444,2.1527777778,-6.887592969200e-06
7.6388888889,2.1527777778,-5.787925242840e-06
7.7083333333,2.1527777778,-4.906130929220e-06
7.7777777778,2.1527777778,-4.218159642990e-06
7.8472222222,2.1527777778,-3.679363061410e-06
7.9166666667,2.1527777778,-3.235163290480e-06
7.9861111111,2.1527777778,-2.838150407800e-06
8.0555555556,2.1527777778,-2.461559761440e-06
8.1250000000,2.1527777778,-2.100905366200e-06
8.1944444444,2.1527777778,-1.764573503880e-06
8.2638888889,2.1527777778,-1.462046383050e-06
8.3333333333,2.1527777778,-1.197987918680e-06
8.4027777778,2.1527777778,-9.732576755400e-07
8.4722222222,2.1527777778,-7.880047671900e-07
8.5416666667,2.1527777778,-6.424417146900e-07
8.6111111111,2.1527777778,-5.351295829230e-07
8.6805555556,2.1527777778,-4.611278765690e-07
8.7500000000,2.1527777778,-4.116557326440e-07
8.8194444444,2.1527777778,-3.754928255940e-07
8.8888888889,2.1527777778,-3.418427278110e-07
8.9583333333,2.1527777778,-3.038046103150e-07
9.0277777778,2.1527777778,-2.605011644420e-07
9.0972222222,2.1527777778,-2.160433585200e-07
9.1666666667,2.1527777778,-1.758707587520e-07
9.2361111111,2.1527777778,-1.433435759230e-07
9.3055555556,2.1527777778,-1.189232923240e-07
9.3750000000,2.1527777778,-1.014801893800e-07
9.4444444444,2.1527777778,-8.958540988500e-08
9.5138888889,2.1527777778,-8.168859638300e-08
9.5833333333,2.1527777778,-7.590873471170e-08
9.6527777778,2.1527777778,-7.039767830150e-08
9.7222222222,2.1527777778,-6.411799710820e-08
9.7916666667,2.1527777778,-5.724094949590e-08
9.8611111111,2.1527777778,-5.085238187607e-08
9.9305555556,2.1527777778,-4.630995167352e-08
0.0000000000,2.2222222222,-2.959175814743e-08
0.0694444444,2.2222222222,-3.193631347157e-08
0.1388888889,2.2222222222,-3.843836855080e-08
0.2083333333,2.2222222222,-4.764009761914e-08
0.2777777778,2.2222222222,-5.766611172043e-08
0.3472222222,2.2222222222,-6.713144863850e-08
0.4166666667,2.2222222222,-7.598894104660e-08
0.4861111111,2.2222222222,-8.555107712640e-08
0.5555555556,2.2222222222,-9.755709627800e-08
0.6250000000,2.2222222222,-1.133292466280e-07
0.6944444444,2.2222222222,-1.341231915290e-07
0.7638888889,2.2222222222,-1.620310482830e-07
0.8333333333,2.2222222222,-1.993068140280e-07
0.9027777778,2.2222222222,-2.454567973960e-07
0.9722222222,2.2222222222,-2.949652870000e-07
1.0416666667,2.2222222222,-3.395260212370e-07
1.1111111111,2.2222222222,-3.746212897280e-07
1.1805555556,2.2222222222,-4.051222945720e-07
1.2500000000,2.2222222222,-4.445683055480e-07
1.3194444444,2.2222222222,-5.085827904960e-07
1.3888888889,2.2222222222,-6.081944596530e-07
1.4583333333,2.2222222222,-7.479722919900e-07
1.5277777778,2.2222222222,-9.284989180500e-07
1.5972222222,2.2222222222,-1.149087193140e-06
1.6666666667,2.2222222222,-1.407972141620e-06
1.7361111111,2.2222222222,-1.700873761540e-06
1.8055555556,2.2222222222,-2.020804380390e-06
1.8750000000,2.2222222222,-2.361190423920e-06
1.9444444444,2.2222222222,-2.722097845090e-06
2.0138888889,2.2222222222,-3.116933064200e-06
2.0833333333,2.2222222222,-3.575548777760e-06
2.1527777778,2.2222222222,-4.140623112460e-06
2.2222222222,2.2222222222,-4.857845953340e-06
2.2916666667,2.2222222222,-5.764533902800e-06
2.3611111111,2.2222222222,-6.882337640400e-06
2.4305555556,2.2222222222,-8.216642578800e-06
2.5000000000,2.2222222222,-9.760825093900e-06
2.5694444444,2.2222222222,-1.150176917180e-05
2.6388888889,2.2222222222,-1.342556290070e-05
2.7083333333,2.2222222222,-1.552628070150e-05
2.7777777778,2.2222222222,-1.782075550260e-05
2.8472222222,2.2222222222,-2.036552496330e-05
2.9166666667,2.2222222222,-2.326379988770e-05
2.9861111111,2.2222222222,-2.665079018580e-05
3.0555555556,2.2222222222,-3.065928485440e-05
3.1250000000,2.2222222222,-3.538351891600e-05
3.1944444444,2.2222222222,-4.086127183570e-05
3.2638888889,2.2222222222,-4.707850730670e-05
3.3333333333,2.2222222222,-5.398431193940e-05
3.4027777778,2.2222222222,-6.150409308340e-05
3.4722222222,2.2222222222,-6.955233364540e-05
3.5416666667,2.2222222222,-7.805246079050e-05
3.6111111111,2.2222222222,-8.696117617200e-05
3.6805555556,2.2222222222,-9.628241602900e-05
3.7500000000,2.2222222222,-1.060600964190e-04
3.8194444444,2.2222222222,-1.163551213400e-04
3.8888888889,2.2222222222,-1.272204992330e-04
3.9583333333,2.2222222222,-1.386807696850e-04
4.0277777778,2.2222222222,-1.507127474390e-04
4.0972222222,2.2222222222,-1.632282281220e-04
4.1666666667,2.2222222222,-1.760685977180e-04
4.2361111111,2.2222222222,-1.890190065320e-04
4.3055555556,2.2222222222,-2.018353460610e-04
4.3750000000,2.2222222222,-2.142685430280e-04
4.4444444444,2.2222222222,-2.260782384920e-04
4.5138888889,2.2222222222,-2.370403945920e-04
4.5833333333,2.2222222222,-2.469547609780e-04
4.6527777778,2.2222222222,-2.556502204450e-04
4.7222222222,2.2222222222,-2.629832839070e-04
4.7916666667,2.2222222222,-2.688319070180e-04
4.8611111111,2.2222222222,-2.730924504270e-04
4.9305555556,2.2222222222,-2.756835709830e-04
5.0000000000,2.2222222222,-2.765532240760e-04
5.0694444444,2.2222222222,-2.756835677890e-04
5.1388888889,2.2222222222,-2.730924445840e-04
5.2083333333,2.2222222222,-2.688318994500e-04
5.2777777778,2.2222222222,-2.629832756830e-04
5.3472222222,2.2222222222,-2.556502125470e-04
5.4166666667,2.2222222222,-2.469547540490e-04
5.4861111111,2.2222222222,-2.370403888750e-04
5.5555555556,2.2222222222,-2.260782338920e-04
5.6250000000,2.2222222222,-2.142685392290e-04
5.6944444444,2.2222222222,-2.018353427120e-04
5.7638888889,2.2222222222,-1.890190033710e-04
5.8333333333,2.2222222222,-1.760685946580e-04
5.9027777778,2.2222222222,-1.632282251810e-04
5.9722222222,2.2222222222,-1.507127447250e-04
6.0416666667,2.2222222222,-1.386807672830e-04
6.1111111111,2.2222222222,-1.272204971390e-04
6.1805555556,2.2222222222,-1.163551194490e-04
6.2500000000,2.2222222222,-1.060600945870e-04
6.3194444444,2.2222222222,-9.628241413900e-05
6.3888888889,2.2222222222,-8.696117417300e-05
6.4583333333,2.2222222222,-7.805245870260e-05
6.5277777778,2.2222222222,-6.955233157520e-05
6.5972222222,2.2222222222,-6.150409114600e-05
6.6666666667,2.2222222222,-5.398431020960e-05
6.7361111111,2.2222222222,-4.707850578720e-05
6.8055555556,2.2222222222,-4.086127046460e-05
6.8750000000,2.2222222222,-3.538351760020e-05
6.9444444444,2.2222222222,-3.065928351830e-05
7.0138888889,2.2222222222,-2.665078880870e-05
7.0833333333,2.2222222222,-2.326379850970e-05
7.1527777778,2.2222222222,-2.036552366490e-05
7.2222222222,2.2222222222,-1.782075436610e-05
7.2916666667,2.2222222222,-1.552627977240e-05
7.3611111111,2.2222222222,-1.342556217090e-05
7.4305555556,2.2222222222,-1.150176858240e-05
7.5000000000,2.2222222222,-9.760824567700e-06
7.5694444444,2.2222222222,-8.216642052900e-06
7.6388888889,2.2222222222,-6.882337097500e-06
7.7083333333,2.2222222222,-5.764533372600e-06
7.7777777778,2.2222222222,-4.857845494160e-06
7.8472222222,2.2222222222,-4.140622778850e-06
7.9166666667,2.2222222222,-3.575548590950e-06
7.9861111111,2.2222222222,-3.116933001030e-06
8.0555555556,2.2222222222,-2.722097849320e-06
8.1250000000,2.2222222222,-2.361190434260e-06
8.1944444444,2.2222222222,-2.020804359040e-06
8.2638888889,2.2222222222,-1.700873710290e-06
8.3333333333,2.2222222222,-1.407972096400e-06
8.4027777778,2.2222222222,-1.149087202670e-06
8.4722222222,2.2222222222,-9.284990173900e-07
8.5416666667,2.2222222222,-7.479724832500e-07
8.6111111111,2.2222222222,-6.081947097180e-07
8.6805555556,2.2222222222,-5.085830453900e-07
8.7500000000,2.2222222222,-4.445685149560e-07
8.8194444444,2.2222222222,-4.051224347180e-07
8.8888888889,2.2222222222,-3.746213737820e-07
8.9583333333,2.2222222222,-3.395260911340e-07
9.0277777778,2.2222222222,-2.949653913040e-07
9.0972222222,2.2222222222,-2.454569656230e-07
9.1666666667,2.2222222222,-1.993070414180e-07
9.2361111111,2.2222222222,-1.620312975060e-07
9.3055555556,2.2222222222,-1.341234113350e-07
9.3750000000,2.2222222222,-1.133293965560e-07
9.4444444444,2.2222222222,-9.755716602000e-08
9.5138888889,2.2222222222,-8.555109068890e-08
9.5833333333,2.2222222222,-7.598894417700e-08
9.6527777778,2.2222222222,-6.713148566530e-08
9.7222222222,2.2222222222,-5.766620320871e-08
9.7916666667,2.2222222222,-4.764022983059e-08
9.8611111111,2.2222222222,-3.843850008916e-08
9.9305555556,2.2222222222,-3.193639540947e-08
0.0000000000,2.2916666667,-2.130781106850e-08
0.0694444444,2.2916666667,-2.336420744670e-08
0.1388888889,2.2916666667,-2.937639109350e-08
0.2083333333,2.2916666667,-3.860615084860e-08
0.2777777778,2.2916666667,-4.959849983925e-08
0.3472222222,2.2916666667,-6.104779575859e-08
0.4166666667,2.2916666667,-7.304202121674e-08
0.4861111111,2.2916666667,-8.704126483620e-08
0.5555555556,2.2916666667,-1.043483891330e-07
0.6250000000,2.2916666667,-1.251399414410e-07
0.6944444444,2.2916666667,-1.497857337780e-07
0.7638888889,2.2916666667,-1.807581453080e-07
0.8333333333,2.2916666667,-2.214228944650e-07
0.9027777778,2.2916666667,-2.713418285590e-07
0.9722222222,2.2916666667,-3.233148981760e-07
1.0416666667,2.2916666667,-3.675847068890e-07
1.1111111111,2.2916666667,-4.012957588610e-07
1.1805555556,2.2916666667,-4.343512724900e-07
1.2500000000,2.2916666667,-4.852832869370e-07
1.3194444444,2.2916666667,-5.708164746970e-07
1.3888888889,2.2916666667,-6.989502944400e-07
1.4583333333,2.2916666667,-8.704863739800e-07
1.5277777778,2.2916666667,-1.084252332050e-06
1.5972222222,2.2916666667,-1.338504643880e-06
1.6666666667,2.2916666667,-1.627709233130e-06
1.7361111111,2.2916666667,-1.941108269330e-06
1.8055555556,2.2916666667,-2.268422742250e-06
1.8750000000,2.2916666667,-2.610403254520e-06
1.9444444444,2.2916666667,-2.986540529160e-06
2.0138888889,2.2916666667,-3.434254625190e-06
2.0833333333,2.2916666667,-4.000245561850e-06
2.1527777778,2.2916666667,-4.729190371850e-06
2.2222222222,2.2916666667,-5.654876808500e-06
2.2916666667,2.2916666667,-6.796013373100e-06
2.3611111111,2.2916666667,-8.156407491100e-06
2.4305555556,2.2916666667,-9.728342795100e-06
2.5000000000,2.2916666667,-1.149836523950e-05
2.5694444444,2.2916666667,-1.345538935650e-05
2.6388888889,2.2916666667,-1.560147034690e-05
2.7083333333,2.2916666667,-1.796499496330e-05
2.7777777778,2.2916666667,-2.061327696190e-05
2.8472222222,2.2916666667,-2.365712129180e-05
2.9166666667,2.2916666667,-2.723843285940e-05
2.9861111111,2.2916666667,-3.149916271140e-05
3.0555555556,2.2916666667,-3.654420241430e-05
3.1250000000,2.2916666667,-4.241968674420e-05
3.1944444444,2.2916666667,-4.911925605570e-05
3.2638888889,2.2916666667,-5.660901405080e-05
3.3333333333,2.2916666667,-6.484870667000e-05
3.4027777778,2.2916666667,-7.379677928300e-05
3.4722222222,2.2916666667,-8.340871315000e-05
3.5416666667,2.2916666667,-9.364530033200e-05
3.6111111111,2.2916666667,-1.044920252980e-04
3.6805555556,2.2916666667,-1.159728756870e-04
3.7500000000,2.2916666667,-1.281442744900e-04
3.8194444444,2.2916666667,-1.410729880670e-04
3.8888888889,2.2916666667,-1.548119625570e-04
3.9583333333,2.2916666667,-1.693799503150e-04
4.0277777778,2.2916666667,-1.847402863960e-04
4.0972222222,2.2916666667,-2.007782652330e-04
4.1666666667,2.2916666667,-2.172887830870e-04
4.2361111111,2.2916666667,-2.339868088180e-04
4.3055555556,2.2916666667,-2.505390557660e-04
4.3750000000,2.2916666667,-2.666024497020e-04
4.4444444444,2.2916666667,-2.818561976490e-04
4.5138888889,2.2916666667,-2.960223955740e-04
4.5833333333,2.2916666667,-3.088728352670e-04
4.6527777778,2.2916666667,-3.202189176610e-04
4.7222222222,2.2916666667,-3.298878135450e-04
4.7916666667,2.2916666667,-3.376999789350e-04
4.8611111111,2.2916666667,-3.434664039190e-04
4.9305555556,2.2916666667,-3.470112831470e-04
5.0000000000,2.2916666667,-3.482082578750e-04
5.0694444444,2.2916666667,-3.470112830490e-04
5.1388888889,2.2916666667,-3.434664037390e-04
5.2083333333,2.2916666667,-3.376999786940e-04
5.2777777778,2.2916666667,-3.298878132660e-04
5.3472222222,2.2916666667,-3.202189173250e-04
5.4166666667,2.2916666667,-3.088728348590e-04
5.4861111111,2.2916666667,-2.960223950770e-04
5.5555555556,2.2916666667,-2.818561970030e-04
5.6250000000,2.2916666667,-2.666024488640e-04
5.6944444444,2.2916666667,-2.505390546950e-04
5.7638888889,2.2916666667,-2.339868075190e-04
5.8333333333,2.2916666667,-2.172887815580e-04
5.9027777778,2.2916666667,-2.007782635080e-04
5.9722222222,2.2916666667,-1.847402845190e-04
6.0416666667,2.2916666667,-1.693799483280e-04
6.1111111111,2.2916666667,-1.548119604930e-04
6.1805555556,2.2916666667,-1.410729859530e-04
6.2500000000,2.2916666667,-1.281442723480e-04
6.3194444444,2.2916666667,-1.159728735460e-04
6.3888888889,2.2916666667,-1.044920231620e-04
6.4583333333,2.2916666667,-9.364529822500e-05
6.5277777778,2.2916666667,-8.340871109900e-05
6.5972222222,2.2916666667,-7.379677730800e-05
6.6666666667,2.2916666667,-6.484870478870e-05
6.7361111111,2.2916666667,-5.660901226670e-05
6.8055555556,2.2916666667,-4.911925436570e-05
6.8750000000,2.2916666667,-4.241968513840e-05
6.9444444444,2.2916666667,-3.654420088510e-05
7.0138888889,2.2916666667,-3.149916125690e-05
7.0833333333,2.2916666667,-2.723843148260e-05
7.1527777778,2.2916666667,-2.365712000520e-05
7.2222222222,2.2916666667,-2.061327577690e-05
7.2916666667,2.2916666667,-1.796499389100e-05
7.3611111111,2.2916666667,-1.560146939340e-05
7.4305555556,2.2916666667,-1.345538852210e-05
7.5000000000,2.2916666667,-1.149836451690e-05
7.5694444444,2.2916666667,-9.728342171300e-06
7.6388888889,2.2916666667,-8.156406951700e-06
7.7083333333,2.2916666667,-6.796012905900e-06
7.7777777778,2.2916666667,-5.654876406400e-06
7.8472222222,2.2916666667,-4.729190032590e-06
7.9166666667,2.2916666667,-4.000245285610e-06
7.9861111111,2.2916666667,-3.434254411190e-06
8.0555555556,2.2916666667,-2.986540373920e-06
8.1250000000,2.2916666667,-2.610403152590e-06
8.1944444444,2.2916666667,-2.268422688360e-06
8.2638888889,2.2916666667,-1.941108259400e-06
8.3333333333,2.2916666667,-1.627709263800e-06
8.4027777778,2.2916666667,-1.338504711280e-06
8.4722222222,2.2916666667,-1.084252430720e-06
8.5416666667,2.2916666667,-8.704864970800e-07
8.6111111111,2.2916666667,-6.989504351200e-07
8.6805555556,2.2916666667,-5.708166267980e-07
8.7500000000,2.2916666667,-4.852834454430e-07
8.8194444444,2.2916666667,-4.343514335420e-07
8.8888888889,2.2916666667,-4.012959202970e-07
8.9583333333,2.2916666667,-3.675848680800e-07
9.0277777778,2.2916666667,-3.233150593730e-07
9.0972222222,2.2916666667,-2.713419893840e-07
9.1666666667,2.2916666667,-2.214230531050e-07
9.2361111111,2.2916666667,-1.807582981480e-07
9.3055555556,2.2916666667,-1.497858768480e-07
9.3750000000,2.2916666667,-1.251400716060e-07
9.4444444444,2.2916666667,-1.043485051490e-07
9.5138888889,2.2916666667,-8.704136720610e-08
9.5833333333,2.2916666667,-7.304211138691e-08
9.6527777778,2.2916666667,-6.104787495000e-08
9.7222222222,2.2916666667,-4.959856802169e-08
9.7916666667,2.2916666667,-3.860620627480e-08
9.8611111111,2.2916666667,-2.937643081710e-08
9.9305555556,2.2916666667,-2.336422829620e-08
0.0000000000,2.3611111111,-2.678198751520e-08
0.0694444444,2.3611111111,-2.783158545880e-08
0.1388888889,2.3611111111,-3.132477053700e-08
0.2083333333,2.3611111111,-3.760920657400e-08
0.2777777778,2.3611111111,-4.620073593310e-08
0.3472222222,2.3611111111,-5.648732991788e-08
0.4166666667,2.3611111111,-6.919716533634e-08
0.4861111111,2.3611111111,-8.618978336929e-08
0.5555555556,2.3611111111,-1.083004653026e-07
0.6250000000,2.3611111111,-1.342942300060e-07
0.6944444444,2.3611111111,-1.631589976810e-07
0.7638888889,2.3611111111,-1.970189872150e-07
0.8333333333,2.3611111111,-2.396775897840e-07
0.9027777778,2.3611111111,-2.908576439600e-07
0.9722222222,2.3611111111,-3.431843371410e-07
1.0416666667,2.3611111111,-3.878920016210e-07
1.1111111111,2.3611111111,-4.253459749970e-07
1.1805555556,2.3611111111,-4.693580577760e-07
1.2500000000,2.3611111111,-5.398874941400e-07
1.3194444444,2.3611111111,-6.513802932600e-07
1.3888888889,2.3611111111,-8.082845171000e-07
1.4583333333,2.3611111111,-1.009775864580e-06
1.5277777778,2.3611111111,-1.254672360800e-06
1.5972222222,2.3611111111,-1.539176016220e-06
1.6666666667,2.3611111111,-1.852005998440e-06
1.7361111111,2.3611111111,-2.177636558650e-06
1.8055555556,2.3611111111,-2.510039207620e-06
1.8750000000,2.3611111111,-2.866404296870e-06
1.9444444444,2.3611111111,-3.288423686180e-06
2.0138888889,2.3611111111,-3.829915483840e-06
2.0833333333,2.3611111111,-4.540880713660e-06
2.1527777778,2.3611111111,-5.457995476000e-06
2.2222222222,2.3611111111,-6.602699441800e-06
2.2916666667,2.3611111111,-7.981808051400e-06
2.3611111111,2.3611111111,-9.587834546600e-06
2.4305555556,2.3611111111,-1.140207968740e-05
2.5000000000,2.3611111111,-1.340506603120e-05
2.5694444444,2.3611111111,-1.559431408710e-05
2.6388888889,2.3611111111,-1.800364096480e-05
2.7083333333,2.3611111111,-2.071583115720e-05
2.7777777778,2.3611111111,-2.386183164640e-05
2.8472222222,2.3611111111,-2.760271880110e-05
2.9166666667,2.3611111111,-3.209609143330e-05
2.9861111111,2.3611111111,-3.745750466290e-05
3.0555555556,2.3611111111,-4.373575129440e-05
3.1250000000,2.3611111111,-5.091818083600e-05
3.1944444444,2.3611111111,-5.896441196600e-05
3.2638888889,2.3611111111,-6.784570465200e-05
3.3333333333,2.3611111111,-7.756359532400e-05
3.4027777778,2.3611111111,-8.814144373500e-05
3.4722222222,2.3611111111,-9.960694689400e-05
3.5416666667,2.3611111111,-1.119868432960e-04
3.6111111111,2.3611111111,-1.253152745970e-04
3.6805555556,2.3611111111,-1.396394437560e-04
3.7500000000,2.3611111111,-1.550108496970e-04
3.8194444444,2.3611111111,-1.714683013660e-04
3.8888888889,2.3611111111,-1.890249327870e-04
3.9583333333,2.3611111111,-2.076588221470e-04
4.0277777778,2.3611111111,-2.272955816310e-04
4.0972222222,2.3611111111,-2.477796270400e-04
4.1666666667,2.3611111111,-2.688498379880e-04
4.2361111111,2.3611111111,-2.901412375270e-04
4.3055555556,2.3611111111,-3.112196396540e-04
4.3750000000,2.3611111111,-3.316366699810e-04
4.4444444444,2.3611111111,-3.509843831860e-04
4.5138888889,2.3611111111,-3.689312601590e-04
4.5833333333,2.3611111111,-3.852268958970e-04
4.6527777778,2.3611111111,-3.996718953990e-04
4.7222222222,2.3611111111,-4.120665444460e-04
4.7916666667,2.3611111111,-4.221688194790e-04
4.8611111111,2.3611111111,-4.296921030010e-04
4.9305555556,2.3611111111,-4.343503532630e-04
5.0000000000,2.3611111111,-4.359295897370e-04
5.0694444444,2.3611111111,-4.343503563060e-04
5.1388888889,2.3611111111,-4.296921085330e-04
5.2083333333,2.3611111111,-4.221688265810e-04
5.2777777778,2.3611111111,-4.120665520240e-04
5.3472222222,2.3611111111,-3.996719024930e-04
5.4166666667,2.3611111111,-3.852269018010e-04
5.4861111111,2.3611111111,-3.689312645780e-04
5.5555555556,2.3611111111,-3.509843861570e-04
5.6250000000,2.3611111111,-3.316366717760e-04
5.6944444444,2.3611111111,-3.112196405820e-04
5.7638888889,2.3611111111,-2.901412378330e-04
5.8333333333,2.3611111111,-2.688498378210e-04
5.9027777778,2.3611111111,-2.477796264000e-04
5.9722222222,2.3611111111,-2.272955804880e-04
6.0416666667,2.3611111111,-2.076588204980e-04
6.1111111111,2.3611111111,-1.890249306920e-04
6.1805555556,2.3611111111,-1.714682989740e-04
6.2500000000,2.3611111111,-1.550108472060e-04
6.3194444444,2.3611111111,-1.396394413250e-04
6.3888888889,2.3611111111,-1.253152723140e-04
6.4583333333,2.3611111111,-1.119868411570e-04
6.5277777778,2.3611111111,-9.960694485000e-05
6.5972222222,2.3611111111,-8.814144169900e-05
6.6666666667,2.3611111111,-7.756359326100e-05
6.7361111111,2.3611111111,-6.784570256800e-05
6.8055555556,2.3611111111,-5.896440992270e-05
6.8750000000,2.3611111111,-5.091817891410e-05
6.9444444444,2.3611111111,-4.373574955810e-05
7.0138888889,2.3611111111,-3.745750312910e-05
7.0833333333,2.3611111111,-3.209609006590e-05
7.1527777778,2.3611111111,-2.760271753580e-05
7.2222222222,2.3611111111,-2.386183041880e-05
7.2916666667,2.3611111111,-2.071582993920e-05
7.3611111111,2.3611111111,-1.800363977900e-05
7.4305555556,2.3611111111,-1.559431299170e-05
7.5000000000,2.3611111111,-1.340506509450e-05
7.5694444444,2.3611111111,-1.140207895180e-05
7.6388888889,2.3611111111,-9.587834003900e-06
7.7083333333,2.3611111111,-7.981807647400e-06
7.7777777778,2.3611111111,-6.602699101100e-06
7.8472222222,2.3611111111,-5.457995135400e-06
7.9166666667,2.3611111111,-4.540880348830e-06
7.9861111111,2.3611111111,-3.829915115800e-06
8.0555555556,2.3611111111,-3.288423366540e-06
8.1250000000,2.3611111111,-2.866404079630e-06
8.1944444444,2.3611111111,-2.510039121650e-06
8.2638888889,2.3611111111,-2.177636593860e-06
8.3333333333,2.3611111111,-1.852006109740e-06
8.4027777778,2.3611111111,-1.539176143930e-06
8.4722222222,2.3611111111,-1.254672457390e-06
8.5416666667,2.3611111111,-1.009775914610e-06
8.6111111111,2.3611111111,-8.082845419200e-07
8.6805555556,2.3611111111,-6.513803369900e-07
8.7500000000,2.3611111111,-5.398875990420e-07
8.8194444444,2.3611111111,-4.693582407750e-07
8.8888888889,2.3611111111,-4.253462179970e-07
8.9583333333,2.3611111111,-3.878922592680e-07
9.0277777778,2.3611111111,-3.431845587580e-07
9.0972222222,2.3611111111,-2.908577973870e-07
9.1666666667,2.3611111111,-2.396776761550e-07
9.2361111111,2.3611111111,-1.970190384910e-07
9.3055555556,2.3611111111,-1.631590599180e-07
9.3750000000,2.3611111111,-1.342943395160e-07
9.4444444444,2.3611111111,-1.083006302849e-07
9.5138888889,2.3611111111,-8.618997937563e-08
9.5833333333,2.3611111111,-6.919734699919e-08
9.6527777778,2.3611111111,-5.648745300530e-08
9.7222222222,2.3611111111,-4.620077876640e-08
9.7916666667,2.3611111111,-3.760918016550e-08
9.8611111111,2.3611111111,-3.132471266020e-08
9.9305555556,2.3611111111,-2.783154141850e-08
0.0000000000,2.4305555556,-4.893278354183e-08
0.0694444444,2.4305555556,-4.882080738623e-08
0.1388888889,2.4305555556,-4.908807442364e-08
0.2083333333,2.4305555556,-5.073701133614e-08
0.2777777778,2.4305555556,-5.414844671006e-08
0.3472222222,2.4305555556,-5.974198620321e-08
0.4166666667,2.4305555556,-6.936422510366e-08
0.4861111111,2.4305555556,-8.568456961530e-08
0.5555555556,2.4305555556,-1.095314720818e-07
0.6250000000,2.4305555556,-1.387816396136e-07
0.6944444444,2.4305555556,-1.711638571520e-07
0.7638888889,2.4305555556,-2.077433836980e-07
0.8333333333,2.4305555556,-2.517226763710e-07
0.9027777778,2.4305555556,-3.029738582770e-07
0.9722222222,2.4305555556,-3.556750964320e-07
1.0416666667,2.4305555556,-4.042859601660e-07
1.1111111111,2.4305555556,-4.527438124120e-07
1.1805555556,2.4305555556,-5.162116165330e-07
1.2500000000,2.4305555556,-6.124245242230e-07
1.3194444444,2.4305555556,-7.518410465610e-07
1.3888888889,2.4305555556,-9.365862095200e-07
1.4583333333,2.4305555556,-1.166189430930e-06
1.5277777778,2.4305555556,-1.439512440550e-06
1.5972222222,2.4305555556,-1.749325798800e-06
1.6666666667,2.4305555556,-2.079539562490e-06
1.7361111111,2.4305555556,-2.415744971260e-06
1.8055555556,2.4305555556,-2.764281837290e-06
1.8750000000,2.4305555556,-3.162258557030e-06
1.9444444444,2.4305555556,-3.667759421550e-06
2.0138888889,2.4305555556,-4.338735880150e-06
2.0833333333,2.4305555556,-5.218282577200e-06
2.1527777778,2.4305555556,-6.333503763600e-06
2.2222222222,2.4305555556,-7.699394095700e-06
2.2916666667,2.4305555556,-9.317412073900e-06
2.3611111111,2.4305555556,-1.117121783620e-05
2.4305555556,2.4305555556,-1.323215323430e-05
2.5000000000,2.4305555556,-1.548157532580e-05
2.5694444444,2.4305555556,-1.794195096170e-05
2.6388888889,2.4305555556,-2.069930978620e-05
2.7083333333,2.4305555556,-2.390356874800e-05
2.7777777778,2.4305555556,-2.774438970630e-05
2.8472222222,2.4305555556,-3.240983428060e-05
2.9166666667,2.4305555556,-3.804115513500e-05
2.9861111111,2.4305555556,-4.470128787090e-05
3.0555555556,2.4305555556,-5.237400343390e-05
3.1250000000,2.4305555556,-6.099896103610e-05
3.1944444444,2.4305555556,-7.052697415500e-05
3.2638888889,2.4305555556,-8.096493017000e-05
3.3333333333,2.4305555556,-9.238657565100e-05
3.4027777778,2.4305555556,-1.049104994390e-04
3.4722222222,2.4305555556,-1.186673852110e-04
3.5416666667,2.4305555556,-1.337763147820e-04
3.6111111111,2.4305555556,-1.503314716170e-04
3.6805555556,2.4305555556,-1.683900106090e-04
3.7500000000,2.4305555556,-1.879601650170e-04
3.8194444444,2.4305555556,-2.090001717880e-04
3.8888888889,2.4305555556,-2.314325279420e-04
3.9583333333,2.4305555556,-2.551580693570e-04
4.0277777778,2.4305555556,-2.800461106830e-04
4.0972222222,2.4305555556,-3.058955587920e-04
4.1666666667,2.4305555556,-3.323913755940e-04
4.2361111111,2.4305555556,-3.590915989310e-04
4.3055555556,2.4305555556,-3.854625670230e-04
4.3750000000,2.4305555556,-4.109509961430e-04
4.4444444444,2.4305555556,-4.350623685200e-04
4.5138888889,2.4305555556,-4.574122291320e-04
4.5833333333,2.4305555556,-4.777269662840e-04
4.6527777778,2.4305555556,-4.957914980930e-04
4.7222222222,2.4305555556,-5.113694457010e-04
4.7916666667,2.4305555556,-5.241424007800e-04
4.8611111111,2.4305555556,-5.337102451420e-04
4.9305555556,2.4305555556,-5.396617519840e-04
5.0000000000,2.4305555556,-5.416845291340e-04
5.0694444444,2.4305555556,-5.396617565460e-04
5.1388888889,2.4305555556,-5.337102534530e-04
5.2083333333,2.4305555556,-5.241424114000e-04
5.2777777778,2.4305555556,-5.113694569980e-04
5.3472222222,2.4305555556,-4.957915085650e-04
5.4166666667,2.4305555556,-4.777269749320e-04
5.4861111111,2.4305555556,-4.574122355360e-04
5.5555555556,2.4305555556,-4.350623728130e-04
5.6250000000,2.4305555556,-4.109509987450e-04
5.6944444444,2.4305555556,-3.854625684990e-04
5.7638888889,2.4305555556,-3.590915996550e-04
5.8333333333,2.4305555556,-3.323913757830e-04
5.9027777778,2.4305555556,-3.058955584140e-04
5.9722222222,2.4305555556,-2.800461096760e-04
6.0416666667,2.4305555556,-2.551580676640e-04
6.1111111111,2.4305555556,-2.314325256510e-04
6.1805555556,2.4305555556,-2.090001691020e-04
6.2500000000,2.4305555556,-1.879601621920e-04
6.3194444444,2.4305555556,-1.683900078910e-04
6.3888888889,2.4305555556,-1.503314691150e-04
6.4583333333,2.4305555556,-1.337763124980e-04
6.5277777778,2.4305555556,-1.186673830330e-04
6.5972222222,2.4305555556,-1.049104972430e-04
6.6666666667,2.4305555556,-9.238657335400e-05
6.7361111111,2.4305555556,-8.096492779300e-05
6.8055555556,2.4305555556,-7.052697180000e-05
6.8750000000,2.4305555556,-6.099895883910e-05
6.9444444444,2.4305555556,-5.237400149530e-05
7.0138888889,2.4305555556,-4.470128621630e-05
7.0833333333,2.4305555556,-3.804115370420e-05
7.1527777778,2.4305555556,-3.240983296170e-05
7.2222222222,2.4305555556,-2.774438839490e-05
7.2916666667,2.4305555556,-2.390356739190e-05
7.3611111111,2.4305555556,-2.069930841560e-05
7.4305555556,2.4305555556,-1.794194966840e-05
7.5000000000,2.4305555556,-1.548157421830e-05
7.5694444444,2.4305555556,-1.323215238470e-05
7.6388888889,2.4305555556,-1.117121724300e-05
7.7083333333,2.4305555556,-9.317411663900e-06
7.7777777778,2.4305555556,-7.699393757100e-06
7.8472222222,2.4305555556,-6.333503398800e-06
7.9166666667,2.4305555556,-5.218282145300e-06
7.9861111111,2.4305555556,-4.338735411500e-06
8.0555555556,2.4305555556,-3.667758995750e-06
8.1250000000,2.4305555556,-3.162258260050e-06
8.1944444444,2.4305555556,-2.764281717080e-06
8.2638888889,2.4305555556,-2.415745014690e-06
8.3333333333,2.4305555556,-2.079539701980e-06
8.4027777778,2.4305555556,-1.749325945240e-06
8.4722222222,2.4305555556,-1.439512524150e-06
8.5416666667,2.4305555556,-1.166189432290e-06
8.6111111111,2.4305555556,-9.365861650000e-07
8.6805555556,2.4305555556,-7.518410265630e-07
8.7500000000,2.4305555556,-6.124245955550e-07
8.8194444444,2.4305555556,-5.162118068500e-07
8.8888888889,2.4305555556,-4.527440951280e-07
8.9583333333,2.4305555556,-4.042862662850e-07
9.0277777778,2.4305555556,-3.556753481110e-07
9.0972222222,2.4305555556,-3.029740062440e-07
9.1666666667,2.4305555556,-2.517227231360e-07
9.2361111111,2.4305555556,-2.077433801370e-07
9.3055555556,2.4305555556,-1.711638759840e-07
9.3750000000,2.4305555556,-1.387817380980e-07
9.4444444444,2.4305555556,-1.095316632668e-07
9.5138888889,2.4305555556,-8.568481554575e-08
9.5833333333,2.4305555556,-6.936445531504e-08
9.6527777778,2.4305555556,-5.974213216100e-08
9.7222222222,2.4305555556,-5.414847520756e-08
9.7916666667,2.4305555556,-5.073694030516e-08
9.8611111111,2.4305555556,-4.908796358514e-08
9.9305555556,2.4305555556,-4.882072818313e-08
0.0000000000,2.5000000000,-8.109360806500e-08
0.0694444444,2.5000000000,-8.034165702560e-08
0.1388888889,2.5000000000,-7.854183918690e-08
0.2083333333,2.5000000000,-7.650653354724e-08
0.2777777778,2.5000000000,-7.484480314054e-08
0.3472222222,2.5000000000,-7.476616295687e-08
0.4166666667,2.5000000000,-7.915553186057e-08
0.4861111111,2.5000000000,-9.156310644001e-08
0.5555555556,2.5000000000,-1.133739016238e-07
0.6250000000,2.5000000000,-1.426279158246e-07
0.6944444444,2.5000000000,-1.765758730035e-07
0.7638888889,2.5000000000,-2.150226949420e-07
0.8333333333,2.5000000000,-2.598405656790e-07
0.9027777778,2.5000000000,-3.111183642130e-07
0.9722222222,2.5000000000,-3.659095259950e-07
1.0416666667,2.5000000000,-4.230764152440e-07
1.1111111111,2.5000000000,-4.893169504610e-07
1.1805555556,2.5000000000,-5.784435153520e-07
1.2500000000,2.5000000000,-7.036745660390e-07
1.3194444444,2.5000000000,-8.715090838000e-07
1.3888888889,2.5000000000,-1.083267692050e-06
1.4583333333,2.5000000000,-1.339387895820e-06
1.5277777778,2.5000000000,-1.637835207290e-06
1.5972222222,2.5000000000,-1.968321005490e-06
1.6666666667,2.5000000000,-2.314566108430e-06
1.7361111111,2.5000000000,-2.670679684750e-06
1.8055555556,2.5000000000,-3.059555302780e-06
1.8750000000,2.5000000000,-3.534154117800e-06
1.9444444444,2.5000000000,-4.158193505520e-06
2.0138888889,2.5000000000,-4.983798483130e-06
2.0833333333,2.5000000000,-6.044561853800e-06
2.1527777778,2.5000000000,-7.362376648100e-06
2.2222222222,2.5000000000,-8.951020268100e-06
2.2916666667,2.5000000000,-1.080828410500e-05
2.3611111111,2.5000000000,-1.290989621640e-05
2.4305555556,2.5000000000,-1.522474648060e-05
2.5000000000,2.5000000000,-1.775261815470e-05
2.5694444444,2.5000000000,-2.056243204850e-05
2.6388888889,2.5000000000,-2.380497343360e-05
2.7083333333,2.5000000000,-2.769080209800e-05
2.7777777778,2.5000000000,-3.244348192310e-05
2.8472222222,2.5000000000,-3.824647116210e-05
2.9166666667,2.5000000000,-4.520141740440e-05
2.9861111111,2.5000000000,-5.331366809520e-05
3.0555555556,2.5000000000,-6.251584363700e-05
3.1250000000,2.5000000000,-7.272580076900e-05
3.1944444444,2.5000000000,-8.391522650200e-05
3.2638888889,2.5000000000,-9.615586211200e-05
3.3333333333,2.5000000000,-1.096230407150e-04
3.4027777778,2.5000000000,-1.245611928870e-04
3.4722222222,2.5000000000,-1.412315665810e-04
3.5416666667,2.5000000000,-1.598591101950e-04
3.6111111111,2.5000000000,-1.805856683500e-04
3.6805555556,2.5000000000,-2.034367824030e-04
3.7500000000,2.5000000000,-2.283169073360e-04
3.8194444444,2.5000000000,-2.550437087020e-04
3.8888888889,2.5000000000,-2.834077066320e-04
3.9583333333,2.5000000000,-3.132178364210e-04
4.0277777778,2.5000000000,-3.442955684100e-04
4.0972222222,2.5000000000,-3.764156669880e-04
4.1666666667,2.5000000000,-4.092329468100e-04
4.2361111111,2.5000000000,-4.422474134020e-04
4.3055555556,2.5000000000,-4.748364509460e-04
4.3750000000,2.5000000000,-5.063426457430e-04
4.4444444444,2.5000000000,-5.361756711520e-04
4.5138888889,2.5000000000,-5.638792142740e-04
4.5833333333,2.5000000000,-5.891291738250e-04
4.6527777778,2.5000000000,-6.116619976190e-04
4.7222222222,2.5000000000,-6.311705405720e-04
4.7916666667,2.5000000000,-6.472288733560e-04
4.8611111111,2.5000000000,-6.592982099320e-04
4.9305555556,2.5000000000,-6.668241989650e-04
5.0000000000,2.5000000000,-6.693854254560e-04
5.0694444444,2.5000000000,-6.668242026090e-04
5.1388888889,2.5000000000,-6.592982165170e-04
5.2083333333,2.5000000000,-6.472288816830e-04
5.2777777778,2.5000000000,-6.311705492680e-04
5.3472222222,2.5000000000,-6.116620054730e-04
5.4166666667,2.5000000000,-5.891291800240e-04
5.4861111111,2.5000000000,-5.638792185050e-04
5.5555555556,2.5000000000,-5.361756735840e-04
5.6250000000,2.5000000000,-5.063426467780e-04
5.6944444444,2.5000000000,-4.748364510870e-04
5.7638888889,2.5000000000,-4.422474129750e-04
5.8333333333,2.5000000000,-4.092329460130e-04
5.9027777778,2.5000000000,-3.764156657830e-04
5.9722222222,2.5000000000,-3.442955667240e-04
6.0416666667,2.5000000000,-3.132178342080e-04
6.1111111111,2.5000000000,-2.834077039480e-04
6.1805555556,2.5000000000,-2.550437057000e-04
6.2500000000,2.5000000000,-2.283169042560e-04
6.3194444444,2.5000000000,-2.034367794210e-04
6.3888888889,2.5000000000,-1.805856655630e-04
6.4583333333,2.5000000000,-1.598591075990e-04
6.5277777778,2.5000000000,-1.412315640760e-04
6.5972222222,2.5000000000,-1.245611903710e-04
6.6666666667,2.5000000000,-1.096230381240e-04
6.7361111111,2.5000000000,-9.615585947800e-05
6.8055555556,2.5000000000,-8.391522392700e-05
6.8750000000,2.5000000000,-7.272579837300e-05
6.9444444444,2.5000000000,-6.251584151000e-05
7.0138888889,2.5000000000,-5.331366625070e-05
7.0833333333,2.5000000000,-4.520141578640e-05
7.1527777778,2.5000000000,-3.824646966800e-05
7.2222222222,2.5000000000,-3.244348045680e-05
7.2916666667,2.5000000000,-2.769080061560e-05
7.3611111111,2.5000000000,-2.380497196140e-05
7.4305555556,2.5000000000,-2.056243066470e-05
7.5000000000,2.5000000000,-1.775261695320e-05
7.5694444444,2.5000000000,-1.522474552410e-05
7.6388888889,2.5000000000,-1.290989550740e-05
7.7083333333,2.5000000000,-1.080828358110e-05
7.7777777778,2.5000000000,-8.951019833800e-06
7.8472222222,2.5000000000,-7.362376216900e-06
7.9166666667,2.5000000000,-6.044561385700e-06
7.9861111111,2.5000000000,-4.983797998140e-06
8.0555555556,2.5000000000,-4.158193067920e-06
8.1250000000,2.5000000000,-3.534153799440e-06
8.1944444444,2.5000000000,-3.059555144560e-06
8.2638888889,2.5000000000,-2.670679675730e-06
8.3333333333,2.5000000000,-2.314566191070e-06
8.4027777778,2.5000000000,-1.968321103690e-06
8.4722222222,2.5000000000,-1.637835261730e-06
8.5416666667,2.5000000000,-1.339387889580e-06
8.6111111111,2.5000000000,-1.083267654910e-06
8.6805555556,2.5000000000,-8.715090733600e-07
8.7500000000,2.5000000000,-7.036746368500e-07
8.8194444444,2.5000000000,-5.784436894560e-07
8.8888888889,2.5000000000,-4.893172048520e-07
8.9583333333,2.5000000000,-4.230766913910e-07
9.0277777778,2.5000000000,-3.659097577990e-07
9.0972222222,2.5000000000,-3.111185094610e-07
9.1666666667,2.5000000000,-2.598406259960e-07
9.2361111111,2.5000000000,-2.150227128640e-07
9.3055555556,2.5000000000,-1.765759095555e-07
9.3750000000,2.5000000000,-1.426280188321e-07
9.4444444444,2.5000000000,-1.133740815239e-07
9.5138888889,2.5000000000,-9.156333064286e-08
9.5833333333,2.5000000000,-7.915574043750e-08
9.6527777778,2.5000000000,-7.476629772163e-08
9.7222222222,2.5000000000,-7.484483589519e-08
9.7916666667,2.5000000000,-7.650647949479e-08
9.8611111111,2.5000000000,-7.854174909490e-08
9.9305555556,2.5000000000,-8.034159171900e-08
0.0000000000,2.5694444444,-1.111160076250e-07
0.0694444444,2.5694444444,-1.105047993380e-07
0.1388888889,2.5694444444,-1.087237223980e-07
0.2083333333,2.5694444444,-1.058355961463e-07
0.2777777778,2.5694444444,-1.021387508921e-07
0.3472222222,2.5694444444,-9.912663458506e-08
0.4166666667,2.5694444444,-1.000988544221e-07
0.4861111111,2.5694444444,-1.089199560621e-07
0.5555555556,2.5694444444,-1.275000710138e-07
0.6250000000,2.5694444444,-1.546847680009e-07
0.6944444444,2.5694444444,-1.880481508847e-07
0.7638888889,2.5694444444,-2.265520525793e-07
0.8333333333,2.5694444444,-2.709468986600e-07
0.9027777778,2.5694444444,-3.221058980490e-07
0.9722222222,2.5694444444,-3.807535561040e-07
1.0416666667,2.5694444444,-4.501538631190e-07
1.1111111111,2.5694444444,-5.383720269870e-07
1.1805555556,2.5694444444,-6.560702460750e-07
1.2500000000,2.5694444444,-8.113865833700e-07
1.3194444444,2.5694444444,-1.007687516360e-06
1.3888888889,2.5694444444,-1.246011798690e-06
1.4583333333,2.5694444444,-1.526852727560e-06
1.5277777778,2.5694444444,-1.846881734170e-06
1.5972222222,2.5694444444,-2.195957347970e-06
1.6666666667,2.5694444444,-2.564446864440e-06
1.7361111111,2.5694444444,-2.960476126030e-06
1.8055555556,2.5694444444,-3.421805793540e-06
1.8750000000,2.5694444444,-4.008034407180e-06
1.9444444444,2.5694444444,-4.778251101930e-06
2.0138888889,2.5694444444,-5.774719766200e-06
2.0833333333,2.5694444444,-7.024621378600e-06
2.1527777778,2.5694444444,-8.549182321600e-06
2.2222222222,2.5694444444,-1.036201809260e-05
2.2916666667,2.5694444444,-1.245724220160e-05
2.3611111111,2.5694444444,-1.480947446330e-05
2.4305555556,2.5694444444,-1.740308027940e-05
2.5000000000,2.5694444444,-2.027898775350e-05
2.5694444444,2.5694444444,-2.356602541450e-05
2.6388888889,2.5694444444,-2.747281575940e-05
2.7083333333,2.5694444444,-3.224428176400e-05
2.7777777778,2.5694444444,-3.810532670190e-05
2.8472222222,2.5694444444,-4.521243910600e-05
2.9166666667,2.5694444444,-5.362541456630e-05
2.9861111111,2.5694444444,-6.330913532500e-05
3.0555555556,2.5694444444,-7.417348684800e-05
3.1250000000,2.5694444444,-8.614578234400e-05
3.1944444444,2.5694444444,-9.924889714500e-05
3.2638888889,2.5694444444,-1.136494570500e-04
3.3333333333,2.5694444444,-1.296544798140e-04
3.4027777778,2.5694444444,-1.476593216120e-04
3.4722222222,2.5694444444,-1.680648120230e-04
3.5416666667,2.5694444444,-1.911836693050e-04
3.6111111111,2.5694444444,-2.171581610260e-04
3.6805555556,2.5694444444,-2.459178388420e-04
3.7500000000,2.5694444444,-2.772039297610e-04
3.8194444444,2.5694444444,-3.106600188040e-04
3.8888888889,2.5694444444,-3.459464440800e-04
3.9583333333,2.5694444444,-3.828120432950e-04
4.0277777778,2.5694444444,-4.210776365730e-04
4.0972222222,2.5694444444,-4.605408568030e-04
4.1666666667,2.5694444444,-5.008620948520e-04
4.2361111111,2.5694444444,-5.415017977740e-04
4.3055555556,2.5694444444,-5.817470030140e-04
4.3750000000,2.5694444444,-6.208142937720e-04
4.4444444444,2.5694444444,-6.579765959290e-04
4.5138888889,2.5694444444,-6.926496782520e-04
4.5833333333,2.5694444444,-7.243941123550e-04
4.6527777778,2.5694444444,-7.528318814720e-04
4.7222222222,2.5694444444,-7.775250288130e-04
4.7916666667,2.5694444444,-7.978908996590e-04
4.8611111111,2.5694444444,-8.132155903810e-04
4.9305555556,2.5694444444,-8.227774045700e-04
5.0000000000,2.5694444444,-8.260323130670e-04
5.0694444444,2.5694444444,-8.227774052150e-04
5.1388888889,2.5694444444,-8.132155914300e-04
5.2083333333,2.5694444444,-7.978909008590e-04
5.2777777778,2.5694444444,-7.775250297080e-04
5.3472222222,2.5694444444,-7.528318818210e-04
5.4166666667,2.5694444444,-7.243941118920e-04
5.4861111111,2.5694444444,-6.926496770340e-04
5.5555555556,2.5694444444,-6.579765940680e-04
5.6250000000,2.5694444444,-6.208142914540e-04
5.6944444444,2.5694444444,-5.817470004170e-04
5.7638888889,2.5694444444,-5.415017950310e-04
5.8333333333,2.5694444444,-5.008620920310e-04
5.9027777778,2.5694444444,-4.605408538960e-04
5.9722222222,2.5694444444,-4.210776335560e-04
6.0416666667,2.5694444444,-3.828120401570e-04
6.1111111111,2.5694444444,-3.459464408530e-04
6.1805555556,2.5694444444,-3.106600155170e-04
6.2500000000,2.5694444444,-2.772039264880e-04
6.3194444444,2.5694444444,-2.459178356230e-04
6.3888888889,2.5694444444,-2.171581578900e-04
6.4583333333,2.5694444444,-1.911836662370e-04
6.5277777778,2.5694444444,-1.680648090140e-04
6.5972222222,2.5694444444,-1.476593186470e-04
6.6666666667,2.5694444444,-1.296544768930e-04
6.7361111111,2.5694444444,-1.136494542160e-04
6.8055555556,2.5694444444,-9.924889443000e-05
6.8750000000,2.5694444444,-8.614577982400e-05
6.9444444444,2.5694444444,-7.417348453500e-05
7.0138888889,2.5694444444,-6.330913322100e-05
7.0833333333,2.5694444444,-5.362541264200e-05
7.1527777778,2.5694444444,-4.521243731780e-05
7.2222222222,2.5694444444,-3.810532501620e-05
7.2916666667,2.5694444444,-3.224428016620e-05
7.3611111111,2.5694444444,-2.747281425910e-05
7.4305555556,2.5694444444,-2.356602403870e-05
7.5000000000,2.5694444444,-2.027898653010e-05
7.5694444444,2.5694444444,-1.740307922780e-05
7.6388888889,2.5694444444,-1.480947358160e-05
7.7083333333,2.5694444444,-1.245724146820e-05
7.7777777778,2.5694444444,-1.036201747250e-05
7.8472222222,2.5694444444,-8.549181782100e-06
7.9166666667,2.5694444444,-7.024620896400e-06
7.9861111111,2.5694444444,-5.774719336800e-06
8.0555555556,2.5694444444,-4.778250735560e-06
8.1250000000,2.5694444444,-4.008034119800e-06
8.1944444444,2.5694444444,-3.421805594580e-06
8.2638888889,2.5694444444,-2.960476010640e-06
8.3333333333,2.5694444444,-2.564446814210e-06
8.4027777778,2.5694444444,-2.195957338390e-06
8.4722222222,2.5694444444,-1.846881745110e-06
8.5416666667,2.5694444444,-1.526852750330e-06
8.6111111111,2.5694444444,-1.246011836760e-06
8.6805555556,2.5694444444,-1.007687580180e-06
8.7500000000,2.5694444444,-8.113866827600e-07
8.8194444444,2.5694444444,-6.560703830580e-07
8.8888888889,2.5694444444,-5.383721926770e-07
8.9583333333,2.5694444444,-4.501540395630e-07
9.0277777778,2.5694444444,-3.807537234070e-07
9.0972222222,2.5694444444,-3.221060426830e-07
9.1666666667,2.5694444444,-2.709470194030e-07
9.2361111111,2.5694444444,-2.265521594591e-07
9.3055555556,2.5694444444,-1.880482591396e-07
9.3750000000,2.5694444444,-1.546848890314e-07
9.4444444444,2.5694444444,-1.275002060054e-07
9.5138888889,2.5694444444,-1.089200945904e-07
9.5833333333,2.5694444444,-1.000989788225e-07
9.6527777778,2.5694444444,-9.912672787749e-08
9.7222222222,2.5694444444,-1.021388046107e-07
9.7916666667,2.5694444444,-1.058356141563e-07
9.8611111111,2.5694444444,-1.087237189280e-07
9.9305555556,2.5694444444,-1.105047917680e-07
0.0000000000,2.6388888889,-1.324120323390e-07
0.0694444444,2.6388888889,-1.322498261420e-07
0.1388888889,2.6388888889,-1.315211626910e-07
0.2083333333,2.6388888889,-1.297905761130e-07
0.2777777778,2.6388888889,-1.272270402870e-07
0.3472222222,2.6388888889,-1.254584724384e-07
0.4166666667,2.6388888889,-1.275933233259e-07
0.4861111111,2.6388888889,-1.368968324352e-07
0.5555555556,2.6388888889,-1.549352820751e-07
0.6250000000,2.6388888889,-1.808763465040e-07
0.6944444444,2.6388888889,-2.127150755308e-07
0.7638888889,2.6388888889,-2.492964341186e-07
0.8333333333,2.6388888889,-2.914371712620e-07
0.9027777778,2.6388888889,-3.419114658630e-07
0.9722222222,2.6388888889,-4.054065653790e-07
1.0416666667,2.6388888889,-4.887511883190e-07
1.1111111111,2.6388888889,-6.001262014490e-07
1.1805555556,2.6388888889,-7.465921291280e-07
1.2500000000,2.6388888889,-9.318481468600e-07
1.3194444444,2.6388888889,-1.156638855080e-06
1.3888888889,2.6388888889,-1.420879291620e-06
1.4583333333,2.6388888889,-1.723910345150e-06
1.5277777778,2.6388888889,-2.062489972510e-06
1.5972222222,2.6388888889,-2.432054116350e-06
1.6666666667,2.6388888889,-2.836017761020e-06
1.7361111111,2.6388888889,-3.298049505590e-06
1.8055555556,2.6388888889,-3.864669048080e-06
1.8750000000,2.6388888889,-4.592346432880e-06
1.9444444444,2.6388888889,-5.529407980200e-06
2.0138888889,2.6388888889,-6.708961210300e-06
2.0833333333,2.6388888889,-8.155503300500e-06
2.1527777778,2.6388888889,-9.890917545600e-06
2.2222222222,2.6388888889,-1.192829201720e-05
2.2916666667,2.6388888889,-1.426339415420e-05
2.3611111111,2.6388888889,-1.688632809060e-05
2.4305555556,2.6388888889,-1.981985532030e-05
2.5000000000,2.6388888889,-2.316103598880e-05
2.5694444444,2.6388888889,-2.709313296870e-05
2.6388888889,2.6388888889,-3.185667534570e-05
2.7083333333,2.6388888889,-3.769781116450e-05
2.7777777778,2.6388888889,-4.481957676800e-05
2.8472222222,2.6388888889,-5.334847868500e-05
2.9166666667,2.6388888889,-6.331911538400e-05
2.9861111111,2.6388888889,-7.468489035000e-05
3.0555555556,2.6388888889,-8.736685606000e-05
3.1250000000,2.6388888889,-1.013369273590e-04
3.1944444444,2.6388888889,-1.167045103620e-04
3.2638888889,2.6388888889,-1.337640396480e-04
3.3333333333,2.6388888889,-1.529771717410e-04
3.4027777778,2.6388888889,-1.748917791850e-04
3.4722222222,2.6388888889,-2.000197002940e-04
3.5416666667,2.6388888889,-2.287047684130e-04
3.6111111111,2.6388888889,-2.610216217890e-04
3.6805555556,2.6388888889,-2.967503051390e-04
3.7500000000,2.6388888889,-3.354525503050e-04
3.8194444444,2.6388888889,-3.766266802060e-04
3.8888888889,2.6388888889,-4.198666450160e-04
3.9583333333,2.6388888889,-4.649387613340e-04
4.0277777778,2.6388888889,-5.117332421430e-04
4.0972222222,2.6388888889,-5.601191242550e-04
4.1666666667,2.6388888889,-6.097835141560e-04
4.2361111111,2.6388888889,-6.601398141720e-04
4.3055555556,2.6388888889,-7.103490762320e-04
4.3750000000,2.6388888889,-7.594400863720e-04
4.4444444444,2.6388888889,-8.064660078970e-04
4.5138888889,2.6388888889,-8.506188408100e-04
4.5833333333,2.6388888889,-8.912454255000e-04
4.6527777778,2.6388888889,-9.277617249700e-04
4.7222222222,2.6388888889,-9.595205178700e-04
4.7916666667,2.6388888889,-9.857195818300e-04
4.8611111111,2.6388888889,-1.005422474170e-03
4.9305555556,2.6388888889,-1.017706990710e-03
5.0000000000,2.6388888889,-1.021886735020e-03
5.0694444444,2.6388888889,-1.017706987740e-03
5.1388888889,2.6388888889,-1.005422468640e-03
5.2083333333,2.6388888889,-9.857195744300e-04
5.2777777778,2.6388888889,-9.595205095800e-04
5.3472222222,2.6388888889,-9.277617165300e-04
5.4166666667,2.6388888889,-8.912454173900e-04
5.4861111111,2.6388888889,-8.506188335500e-04
5.5555555556,2.6388888889,-8.064660014200e-04
5.6250000000,2.6388888889,-7.594400805020e-04
5.6944444444,2.6388888889,-7.103490707650e-04
5.7638888889,2.6388888889,-6.601398089780e-04
5.8333333333,2.6388888889,-6.097835091500e-04
5.9027777778,2.6388888889,-5.601191194620e-04
5.9722222222,2.6388888889,-5.117332376360e-04
6.0416666667,2.6388888889,-4.649387571790e-04
6.1111111111,2.6388888889,-4.198666411890e-04
6.1805555556,2.6388888889,-3.766266766300e-04
6.2500000000,2.6388888889,-3.354525468710e-04
6.3194444444,2.6388888889,-2.967503016920e-04
6.3888888889,2.6388888889,-2.610216182780e-04
6.4583333333,2.6388888889,-2.287047648350e-04
6.5277777778,2.6388888889,-2.000196967290e-04
6.5972222222,2.6388888889,-1.748917757330e-04
6.6666666667,2.6388888889,-1.529771684830e-04
6.7361111111,2.6388888889,-1.337640366310e-04
6.8055555556,2.6388888889,-1.167045075570e-04
6.8750000000,2.6388888889,-1.013369247260e-04
6.9444444444,2.6388888889,-8.736685355500e-05
7.0138888889,2.6388888889,-7.468488794200e-05
7.0833333333,2.6388888889,-6.331911309100e-05
7.1527777778,2.6388888889,-5.334847654600e-05
7.2222222222,2.6388888889,-4.481957483020e-05
7.2916666667,2.6388888889,-3.769780945190e-05
7.3611111111,2.6388888889,-3.185667384550e-05
7.4305555556,2.6388888889,-2.709313163730e-05
7.5000000000,2.6388888889,-2.316103477240e-05
7.5694444444,2.6388888889,-1.981985417780e-05
7.6388888889,2.6388888889,-1.688632701580e-05
7.7083333333,2.6388888889,-1.426339317280e-05
7.7777777778,2.6388888889,-1.192829117410e-05
7.8472222222,2.6388888889,-9.890916874800e-06
7.9166666667,2.6388888889,-8.155502805300e-06
7.9861111111,2.6388888889,-6.708960857500e-06
8.0555555556,2.6388888889,-5.529407713000e-06
8.1250000000,2.6388888889,-4.592346195430e-06
8.1944444444,2.6388888889,-3.864668808480e-06
8.2638888889,2.6388888889,-3.298049265430e-06
8.3333333333,2.6388888889,-2.836017550870e-06
8.4027777778,2.6388888889,-2.432053977240e-06
8.4722222222,2.6388888889,-2.062489934000e-06
8.5416666667,2.6388888889,-1.723910408800e-06
8.6111111111,2.6388888889,-1.420879427790e-06
8.6805555556,2.6388888889,-1.156639015020e-06
8.7500000000,2.6388888889,-9.318482844600e-07
8.8194444444,2.6388888889,-7.465922212560e-07
8.8888888889,2.6388888889,-6.001262569130e-07
8.9583333333,2.6388888889,-4.887512401450e-07
9.0277777778,2.6388888889,-4.054066519820e-07
9.0972222222,2.6388888889,-3.419116100950e-07
9.1666666667,2.6388888889,-2.914373684400e-07
9.2361111111,2.6388888889,-2.492966532541e-07
9.3055555556,2.6388888889,-2.127152739764e-07
9.3750000000,2.6388888889,-1.808764896840e-07
9.4444444444,2.6388888889,-1.549353595960e-07
9.5138888889,2.6388888889,-1.368968620521e-07
9.5833333333,2.6388888889,-1.275933409684e-07
9.6527777778,2.6388888889,-1.254585133788e-07
9.7222222222,2.6388888889,-1.272271210840e-07
9.7916666667,2.6388888889,-1.297906861770e-07
9.8611111111,2.6388888889,-1.315212697330e-07
9.9305555556,2.6388888889,-1.322498922070e-07
0.0000000000,2.7083333333,-1.479798137560e-07
0.0694444444,2.7083333333,-1.478029466790e-07
0.1388888889,2.7083333333,-1.471599036650e-07
0.2083333333,2.7083333333,-1.460648565120e-07
0.2777777778,2.7083333333,-1.453999975780e-07
0.3472222222,2.7083333333,-1.472989378800e-07
0.4166666667,2.7083333333,-1.545544724263e-07
0.4861111111,2.7083333333,-1.692035228276e-07
0.5555555556,2.7083333333,-1.913041153421e-07
0.6250000000,2.7083333333,-2.190008450631e-07
0.6944444444,2.7083333333,-2.500431113860e-07
0.7638888889,2.7083333333,-2.838230076890e-07
0.8333333333,2.7083333333,-3.227783379280e-07
0.9027777778,2.7083333333,-3.726609191580e-07
0.9722222222,2.7083333333,-4.417670194340e-07
1.0416666667,2.7083333333,-5.392743586160e-07
1.1111111111,2.7083333333,-6.729275064960e-07
1.1805555556,2.7083333333,-8.469762671500e-07
1.2500000000,2.7083333333,-1.061689743230e-06
1.3194444444,2.7083333333,-1.314785023150e-06
1.3888888889,2.7083333333,-1.603432957610e-06
1.4583333333,2.7083333333,-1.925524711570e-06
1.5277777778,2.7083333333,-2.281232701030e-06
1.5972222222,2.7083333333,-2.677348905400e-06
1.6666666667,2.7083333333,-3.133964988620e-06
1.7361111111,2.7083333333,-3.687943567350e-06
1.8055555556,2.7083333333,-4.387420318400e-06
1.8750000000,2.7083333333,-5.279246522400e-06
1.9444444444,2.7083333333,-6.399309184700e-06
2.0138888889,2.7083333333,-7.773367762700e-06
2.0833333333,2.7083333333,-9.424200734500e-06
2.1527777778,2.7083333333,-1.137389273700e-05
2.2222222222,2.7083333333,-1.363890478520e-05
2.2916666667,2.7083333333,-1.623093200630e-05
2.3611111111,2.7083333333,-1.917741346900e-05
2.4305555556,2.7083333333,-2.255595905040e-05
2.5000000000,2.7083333333,-2.651732135250e-05
2.5694444444,2.7083333333,-3.127588371260e-05
2.6388888889,2.7083333333,-3.707201860190e-05
2.7083333333,2.7083333333,-4.412932755730e-05
2.7777777778,2.7083333333,-5.262368089900e-05
2.8472222222,2.7083333333,-6.266424171300e-05
2.9166666667,2.7083333333,-7.428509191100e-05
2.9861111111,2.7083333333,-8.746066176500e-05
3.0555555556,2.7083333333,-1.021624795400e-04
3.1250000000,2.7083333333,-1.184512343390e-04
3.1944444444,2.7083333333,-1.365645669140e-04
3.2638888889,2.7083333333,-1.569510380750e-04
3.3333333333,2.7083333333,-1.802242565830e-04
3.4027777778,2.7083333333,-2.070463120090e-04
3.4722222222,2.7083333333,-2.379732991530e-04
3.5416666667,2.7083333333,-2.733072647100e-04
3.6111111111,2.7083333333,-3.130065795370e-04
3.6805555556,2.7083333333,-3.567022831220e-04
3.7500000000,2.7083333333,-4.038328261600e-04
3.8194444444,2.7083333333,-4.538480522870e-04
3.8888888889,2.7083333333,-5.063843452790e-04
3.9583333333,2.7083333333,-5.613184232540e-04
4.0277777778,2.7083333333,-6.186697401750e-04
4.0972222222,2.7083333333,-6.784003810700e-04
4.1666666667,2.7083333333,-7.402093260960e-04
4.2361111111,2.7083333333,-8.034147329600e-04
4.3055555556,2.7083333333,-8.669731668200e-04
4.3750000000,2.7083333333,-9.296217220600e-04
4.4444444444,2.7083333333,-9.900731871500e-04
4.5138888889,2.7083333333,-1.047170175250e-03
4.5833333333,2.7083333333,-1.099926667420e-03
4.6527777778,2.7083333333,-1.147447775500e-03
4.7222222222,2.7083333333,-1.188789234780e-03
4.7916666667,2.7083333333,-1.222857633610e-03
4.8611111111,2.7083333333,-1.248436821580e-03
4.9305555556,2.7083333333,-1.264361110790e-03
5.0000000000,2.7083333333,-1.269774511430e-03
5.0694444444,2.7083333333,-1.264361105450e-03
5.1388888889,2.7083333333,-1.248436811770e-03
5.2083333333,2.7083333333,-1.222857620690e-03
5.2777777778,2.7083333333,-1.188789220560e-03
5.3472222222,2.7083333333,-1.147447761400e-03
5.4166666667,2.7083333333,-1.099926654660e-03
5.4861111111,2.7083333333,-1.047170164230e-03
5.5555555556,2.7083333333,-9.900731779500e-04
5.6250000000,2.7083333333,-9.296217142000e-04
5.6944444444,2.7083333333,-8.669731597800e-04
5.7638888889,2.7083333333,-8.034147262400e-04
5.8333333333,2.7083333333,-7.402093197780e-04
5.9027777778,2.7083333333,-6.784003750390e-04
5.9722222222,2.7083333333,-6.186697346190e-04
6.0416666667,2.7083333333,-5.613184183090e-04
6.1111111111,2.7083333333,-5.063843409300e-04
6.1805555556,2.7083333333,-4.538480483900e-04
6.2500000000,2.7083333333,-4.038328224710e-04
6.3194444444,2.7083333333,-3.567022793980e-04
6.3888888889,2.7083333333,-3.130065756570e-04
6.4583333333,2.7083333333,-2.733072606750e-04
6.5277777778,2.7083333333,-2.379732951110e-04
6.5972222222,2.7083333333,-2.070463081370e-04
6.6666666667,2.7083333333,-1.802242530100e-04
6.7361111111,2.7083333333,-1.569510348410e-04
6.8055555556,2.7083333333,-1.365645639540e-04
6.8750000000,2.7083333333,-1.184512315440e-04
6.9444444444,2.7083333333,-1.021624768030e-04
7.0138888889,2.7083333333,-8.746065904400e-05
7.0833333333,2.7083333333,-7.428508926800e-05
7.1527777778,2.7083333333,-6.266423925000e-05
7.2222222222,2.7083333333,-5.262367872300e-05
7.2916666667,2.7083333333,-4.412932571610e-05
7.3611111111,2.7083333333,-3.707201706410e-05
7.4305555556,2.7083333333,-3.127588238010e-05
7.5000000000,2.7083333333,-2.651732010770e-05
7.5694444444,2.7083333333,-2.255595781230e-05
7.6388888889,2.7083333333,-1.917741222370e-05
7.7083333333,2.7083333333,-1.623093081600e-05
7.7777777778,2.7083333333,-1.363890375000e-05
7.8472222222,2.7083333333,-1.137389194180e-05
7.9166666667,2.7083333333,-9.424200202100e-06
7.9861111111,2.7083333333,-7.773367442200e-06
8.0555555556,2.7083333333,-6.399308972200e-06
8.1250000000,2.7083333333,-5.279246309800e-06
8.1944444444,2.7083333333,-4.387420041120e-06
8.2638888889,2.7083333333,-3.687943230340e-06
8.3333333333,2.7083333333,-3.133964656440e-06
8.4027777778,2.7083333333,-2.677348665620e-06
8.4722222222,2.7083333333,-2.281232618680e-06
8.5416666667,2.7083333333,-1.925524795690e-06
8.6111111111,2.7083333333,-1.603433155700e-06
8.6805555556,2.7083333333,-1.314785244830e-06
8.7500000000,2.7083333333,-1.061689903040e-06
8.8194444444,2.7083333333,-8.469763240600e-07
8.8888888889,2.7083333333,-6.729274813180e-07
8.9583333333,2.7083333333,-5.392743199950e-07
9.0277777778,2.7083333333,-4.417670467730e-07
9.0972222222,2.7083333333,-3.726610609480e-07
9.1666666667,2.7083333333,-3.227785870430e-07
9.2361111111,2.7083333333,-2.838233041570e-07
9.3055555556,2.7083333333,-2.500433717300e-07
9.3750000000,2.7083333333,-2.190010022980e-07
9.4444444444,2.7083333333,-1.913041508995e-07
9.5138888889,2.7083333333,-1.692034743508e-07
9.5833333333,2.7083333333,-1.545544137517e-07
9.6527777778,2.7083333333,-1.472989413200e-07
9.7222222222,2.7083333333,-1.454000974550e-07
9.7916666667,2.7083333333,-1.460650319590e-07
9.8611111111,2.7083333333,-1.471600892770e-07
9.9305555556,2.7083333333,-1.478030651060e-07
0.0000000000,2.7777777778,-1.617577292500e-07
0.0694444444,2.7777777778,-1.607992576990e-07
0.1388888889,2.7777777778,-1.584421246200e-07
0.2083333333,2.7777777778,-1.561985000000e-07
0.2777777778,2.7777777778,-1.564820799340e-07
0.3472222222,2.7777777778,-1.623068904630e-07
0.4166666667,2.7777777778,-1.763367195360e-07
0.4861111111,2.7777777778,-1.993290881450e-07
0.5555555556,2.7777777778,-2.291322236380e-07
0.6250000000,2.7777777778,-2.616260933150e-07
0.6944444444,2.7777777778,-2.935369544820e-07
0.7638888889,2.7777777778,-3.253084111490e-07
0.8333333333,2.7777777778,-3.621745754470e-07
0.9027777778,2.7777777778,-4.131782744650e-07
0.9722222222,2.7777777778,-4.891485647560e-07
1.0416666667,2.7777777778,-6.004676864640e-07
1.1111111111,2.7777777778,-7.547966745300e-07
1.1805555556,2.7777777778,-9.550819466000e-07
1.2500000000,2.7777777778,-1.198812746360e-06
1.3194444444,2.7777777778,-1.479451273070e-06
1.3888888889,2.7777777778,-1.790074171850e-06
1.4583333333,2.7777777778,-2.128476574270e-06
1.5277777778,2.7777777778,-2.502625686660e-06
1.5972222222,2.7777777778,-2.934739910240e-06
1.6666666667,2.7777777778,-3.461460399600e-06
1.7361111111,2.7777777778,-4.128274265120e-06
1.8055555556,2.7777777778,-4.979746135100e-06
1.8750000000,2.7777777778,-6.051066056900e-06
1.9444444444,2.7777777778,-7.366458986600e-06
2.0138888889,2.7777777778,-8.944625222800e-06
2.0833333333,2.7777777778,-1.080552639330e-05
2.1527777778,2.7777777778,-1.297358715160e-05
2.2222222222,2.7777777778,-1.547999861730e-05
2.2916666667,2.7777777778,-1.837209906970e-05
2.3611111111,2.7777777778,-2.173198672040e-05
2.4305555556,2.7777777778,-2.569364684150e-05
2.5000000000,2.7777777778,-3.044296827610e-05
2.5694444444,2.7777777778,-3.619639029730e-05
2.6388888889,2.7777777778,-4.317061062140e-05
2.7083333333,2.7777777778,-5.155905665000e-05
2.7777777778,2.7777777778,-6.151830868700e-05
2.8472222222,2.7777777778,-7.315828210200e-05
2.9166666667,2.7777777778,-8.653924753100e-05
2.9861111111,2.7777777778,-1.016950873600e-04
3.0555555556,2.7777777778,-1.186982760620e-04
3.1250000000,2.7777777778,-1.377508931510e-04
3.1944444444,2.7777777778,-1.592545408090e-04
3.2638888889,2.7777777778,-1.838122605170e-04
3.3333333333,2.7777777778,-2.121479897790e-04
3.4027777778,2.7777777778,-2.449656930050e-04
3.4722222222,2.7777777778,-2.827896877810e-04
3.5416666667,2.7777777778,-3.258339443120e-04
3.6111111111,2.7777777778,-3.739503061700e-04
3.6805555556,2.7777777778,-4.266935204910e-04
3.7500000000,2.7777777778,-4.834980422280e-04
3.8194444444,2.7777777778,-5.438989005960e-04
3.8888888889,2.7777777778,-6.076898222340e-04
3.9583333333,2.7777777778,-6.749325619670e-04
4.0277777778,2.7777777778,-7.458033976000e-04
4.0972222222,2.7777777778,-8.203405743000e-04
4.1666666667,2.7777777778,-8.981985300000e-04
4.2361111111,2.7777777778,-9.785087537700e-04
4.3055555556,2.7777777778,-1.059902696050e-03
4.3750000000,2.7777777778,-1.140685426760e-03
4.4444444444,2.7777777778,-1.219082263190e-03
4.5138888889,2.7777777778,-1.293445712140e-03
4.5833333333,2.7777777778,-1.362331892970e-03
4.6527777778,2.7777777778,-1.424429156480e-03
4.7222222222,2.7777777778,-1.478407722060e-03
4.7916666667,2.7777777778,-1.522808509640e-03
4.8611111111,2.7777777778,-1.556073353680e-03
4.9305555556,2.7777777778,-1.576744275690e-03
5.0000000000,2.7777777778,-1.583763973550e-03
5.0694444444,2.7777777778,-1.576744270520e-03
5.1388888889,2.7777777778,-1.556073344130e-03
5.2083333333,2.7777777778,-1.522808497180e-03
5.2777777778,2.7777777778,-1.478407708410e-03
5.3472222222,2.7777777778,-1.424429143070e-03
5.4166666667,2.7777777778,-1.362331880890e-03
5.4861111111,2.7777777778,-1.293445701870e-03
5.5555555556,2.7777777778,-1.219082254620e-03
5.6250000000,2.7777777778,-1.140685419440e-03
5.6944444444,2.7777777778,-1.059902689450e-03
5.7638888889,2.7777777778,-9.785087474600e-04
5.8333333333,2.7777777778,-8.981985237800e-04
5.9027777778,2.7777777778,-8.203405682800e-04
5.9722222222,2.7777777778,-7.458033918200e-04
6.0416666667,2.7777777778,-6.749325567060e-04
6.1111111111,2.7777777778,-6.076898174970e-04
6.1805555556,2.7777777778,-5.438988962880e-04
6.2500000000,2.7777777778,-4.834980381380e-04
6.3194444444,2.7777777778,-4.266935163960e-04
6.3888888889,2.7777777778,-3.739503019400e-04
6.4583333333,2.7777777778,-3.258339399600e-04
6.5277777778,2.7777777778,-2.827896834370e-04
6.5972222222,2.7777777778,-2.449656888460e-04
6.6666666667,2.7777777778,-2.121479859370e-04
6.7361111111,2.7777777778,-1.838122570220e-04
6.8055555556,2.7777777778,-1.592545375850e-04
6.8750000000,2.7777777778,-1.377508900770e-04
6.9444444444,2.7777777778,-1.186982730440e-04
7.0138888889,2.7777777778,-1.016950843630e-04
7.0833333333,2.7777777778,-8.653924462100e-05
7.1527777778,2.7777777778,-7.315827940400e-05
7.2222222222,2.7777777778,-6.151830631500e-05
7.2916666667,2.7777777778,-5.155905465100e-05
7.3611111111,2.7777777778,-4.317060895530e-05
7.4305555556,2.7777777778,-3.619638885470e-05
7.5000000000,2.7777777778,-3.044296692610e-05
7.5694444444,2.7777777778,-2.569364549380e-05
7.6388888889,2.7777777778,-2.173198536300e-05
7.7083333333,2.7777777778,-1.837209776780e-05
7.7777777778,2.7777777778,-1.547999747530e-05
7.8472222222,2.7777777778,-1.297358626050e-05
7.9166666667,2.7777777778,-1.080552578380e-05
7.9861111111,2.7777777778,-8.944624844200e-06
8.0555555556,2.7777777778,-7.366458731100e-06
8.1250000000,2.7777777778,-6.051065809200e-06
8.1944444444,2.7777777778,-4.979745824400e-06
8.2638888889,2.7777777778,-4.128273893010e-06
8.3333333333,2.7777777778,-3.461460031200e-06
8.4027777778,2.7777777778,-2.934739636300e-06
8.4722222222,2.7777777778,-2.502625575020e-06
8.5416666667,2.7777777778,-2.128476635340e-06
8.6111111111,2.7777777778,-1.790074352410e-06
8.6805555556,2.7777777778,-1.479451481080e-06
8.7500000000,2.7777777778,-1.198812893850e-06
8.8194444444,2.7777777778,-9.550819907000e-07
8.8888888889,2.7777777778,-7.547966358500e-07
8.9583333333,2.7777777778,-6.004676349820e-07
9.0277777778,2.7777777778,-4.891485819620e-07
9.0972222222,2.7777777778,-4.131784102740e-07
9.1666666667,2.7777777778,-3.621748224020e-07
9.2361111111,2.7777777778,-3.253087074420e-07
9.3055555556,2.7777777778,-2.935372142270e-07
9.3750000000,2.7777777778,-2.616262477010e-07
9.4444444444,2.7777777778,-2.291322535910e-07
9.5138888889,2.7777777778,-1.993290324050e-07
9.5833333333,2.7777777778,-1.763366542300e-07
9.6527777778,2.7777777778,-1.623068902980e-07
9.7222222222,2.7777777778,-1.564821804390e-07
9.7916666667,2.7777777778,-1.561986795520e-07
9.8611111111,2.7777777778,-1.584423154350e-07
9.9305555556,2.7777777778,-1.607993796370e-07
0.0000000000,2.8472222222,-1.701511043750e-07
0.0694444444,2.8472222222,-1.679568546380e-07
0.1388888889,2.8472222222,-1.629296239110e-07
0.2083333333,2.8472222222,-1.588221103670e-07
0.2777777778,2.8472222222,-1.599032300450e-07
0.3472222222,2.8472222222,-1.699435459150e-07
0.4166666667,2.8472222222,-1.914426089060e-07
0.4861111111,2.8472222222,-2.240559873390e-07
0.5555555556,2.8472222222,-2.633460616760e-07
0.6250000000,2.8472222222,-3.024585829660e-07
0.6944444444,2.8472222222,-3.368682906750e-07
0.7638888889,2.8472222222,-3.685415459450e-07
0.8333333333,2.8472222222,-4.059950510640e-07
0.9027777778,2.8472222222,-4.609876103370e-07
0.9722222222,2.8472222222,-5.454609301140e-07
1.0416666667,2.8472222222,-6.703290230890e-07
1.1111111111,2.8472222222,-8.441542397700e-07
1.1805555556,2.8472222222,-1.069966554820e-06
1.2500000000,2.8472222222,-1.342333879800e-06
1.3194444444,2.8472222222,-1.649022336080e-06
1.3888888889,2.8472222222,-1.978888416080e-06
1.4583333333,2.8472222222,-2.332557784090e-06
1.5277777778,2.8472222222,-2.729822893180e-06
1.5972222222,2.8472222222,-3.209439089180e-06
1.6666666667,2.8472222222,-3.821266226180e-06
1.7361111111,2.8472222222,-4.614617186600e-06
1.8055555556,2.8472222222,-5.628350888200e-06
1.8750000000,2.8472222222,-6.887045211000e-06
1.9444444444,2.8472222222,-8.404253977400e-06
2.0138888889,2.8472222222,-1.019061636030e-05
2.0833333333,2.8472222222,-1.226374944840e-05
2.1527777778,2.8472222222,-1.465847747170e-05
2.2222222222,2.8472222222,-1.743741140740e-05
2.2916666667,2.8472222222,-2.070061453870e-05
2.3611111111,2.8472222222,-2.458995854050e-05
2.4305555556,2.8472222222,-2.928312260130e-05
2.5000000000,2.8472222222,-3.497713897600e-05
2.5694444444,2.8472222222,-4.186885932470e-05
2.6388888889,2.8472222222,-5.014187049100e-05
2.7083333333,2.8472222222,-5.996257153600e-05
2.7777777778,2.8472222222,-7.147971999100e-05
2.8472222222,2.8472222222,-8.482374120300e-05
2.9166666667,2.8472222222,-1.001150885540e-04
2.9861111111,2.8472222222,-1.174986772040e-04
3.0555555556,2.8472222222,-1.372076974010e-04
3.1250000000,2.8472222222,-1.596312736380e-04
3.1944444444,2.8472222222,-1.853434074260e-04
3.2638888889,2.8472222222,-2.150642018320e-04
3.3333333333,2.8472222222,-2.495575784310e-04
3.4027777778,2.8472222222,-2.894957529380e-04
3.4722222222,2.8472222222,-3.353283478270e-04
3.5416666667,2.8472222222,-3.871942114560e-04
3.6111111111,2.8472222222,-4.449145357730e-04
3.6805555556,2.8472222222,-5.080927961230e-04
3.7500000000,2.8472222222,-5.763043756300e-04
3.8194444444,2.8472222222,-6.493012670030e-04
3.8888888889,2.8472222222,-7.271280972700e-04
3.9583333333,2.8472222222,-8.100750213300e-04
4.0277777778,2.8472222222,-8.984665255500e-04
4.0972222222,2.8472222222,-9.923590744000e-04
4.1666666667,2.8472222222,-1.091259922900e-03
4.2361111111,2.8472222222,-1.193974913690e-03
4.3055555556,2.8472222222,-1.298649002080e-03
4.3750000000,2.8472222222,-1.402989034920e-03
4.4444444444,2.8472222222,-1.504577857330e-03
4.5138888889,2.8472222222,-1.601143659300e-03
4.5833333333,2.8472222222,-1.690672949590e-03
4.6527777778,2.8472222222,-1.771343954770e-03
4.7222222222,2.8472222222,-1.841360681740e-03
4.7916666667,2.8472222222,-1.898826770160e-03
4.8611111111,2.8472222222,-1.941779824970e-03
4.9305555556,2.8472222222,-1.968420262770e-03
5.0000000000,2.8472222222,-1.977457569020e-03
5.0694444444,2.8472222222,-1.968420260230e-03
5.1388888889,2.8472222222,-1.941779820460e-03
5.2083333333,2.8472222222,-1.898826764130e-03
5.2777777778,2.8472222222,-1.841360675060e-03
5.3472222222,2.8472222222,-1.771343948200e-03
5.4166666667,2.8472222222,-1.690672943570e-03
5.4861111111,2.8472222222,-1.601143654000e-03
5.5555555556,2.8472222222,-1.504577852690e-03
5.6250000000,2.8472222222,-1.402989030670e-03
5.6944444444,2.8472222222,-1.298648997850e-03
5.7638888889,2.8472222222,-1.193974909280e-03
5.8333333333,2.8472222222,-1.091259918150e-03
5.9027777778,2.8472222222,-9.923590693700e-04
5.9722222222,2.8472222222,-8.984665203900e-04
6.0416666667,2.8472222222,-8.100750162300e-04
6.1111111111,2.8472222222,-7.271280923100e-04
6.1805555556,2.8472222222,-6.493012622060e-04
6.2500000000,2.8472222222,-5.763043709420e-04
6.3194444444,2.8472222222,-5.080927914990e-04
6.3888888889,2.8472222222,-4.449145311660e-04
6.4583333333,2.8472222222,-3.871942068750e-04
6.5277777778,2.8472222222,-3.353283433400e-04
6.5972222222,2.8472222222,-2.894957486150e-04
6.6666666667,2.8472222222,-2.495575743540e-04
6.7361111111,2.8472222222,-2.150641979990e-04
6.8055555556,2.8472222222,-1.853434038080e-04
6.8750000000,2.8472222222,-1.596312701780e-04
6.9444444444,2.8472222222,-1.372076940470e-04
7.0138888889,2.8472222222,-1.174986739680e-04
7.0833333333,2.8472222222,-1.001150854820e-04
7.1527777778,2.8472222222,-8.482373836700e-05
7.2222222222,2.8472222222,-7.147971746600e-05
7.2916666667,2.8472222222,-5.996256934300e-05
7.3611111111,2.8472222222,-5.014186859500e-05
7.4305555556,2.8472222222,-4.186885764990e-05
7.5000000000,2.8472222222,-3.497713743320e-05
7.5694444444,2.8472222222,-2.928312113330e-05
7.6388888889,2.8472222222,-2.458995713370e-05
7.7083333333,2.8472222222,-2.070061322790e-05
7.7777777778,2.8472222222,-1.743741025250e-05
7.8472222222,2.8472222222,-1.465847652340e-05
7.9166666667,2.8472222222,-1.226374872400e-05
7.9861111111,2.8472222222,-1.019061582950e-05
8.0555555556,2.8472222222,-8.404253575000e-06
8.1250000000,2.8472222222,-6.887044863700e-06
8.1944444444,2.8472222222,-5.628350546800e-06
8.2638888889,2.8472222222,-4.614616843700e-06
8.3333333333,2.8472222222,-3.821265912750e-06
8.4027777778,2.8472222222,-3.209438852440e-06
8.4722222222,2.8472222222,-2.729822769050e-06
8.5416666667,2.8472222222,-2.332557777200e-06
8.6111111111,2.8472222222,-1.978888496280e-06
8.6805555556,2.8472222222,-1.649022451030e-06
8.7500000000,2.8472222222,-1.342333978580e-06
8.8194444444,2.8472222222,-1.069966609930e-06
8.8888888889,2.8472222222,-8.441542585400e-07
8.9583333333,2.8472222222,-6.703290408070e-07
9.0277777778,2.8472222222,-5.454609893190e-07
9.0972222222,2.8472222222,-4.609877366550e-07
9.1666666667,2.8472222222,-4.059952389320e-07
9.2361111111,2.8472222222,-3.685417604130e-07
9.3055555556,2.8472222222,-3.368684840910e-07
9.3750000000,2.8472222222,-3.024587170440e-07
9.4444444444,2.8472222222,-2.633461249670e-07
9.5138888889,2.8472222222,-2.240559997630e-07
9.5833333333,2.8472222222,-1.914426110930e-07
9.6527777778,2.8472222222,-1.699435781560e-07
9.7222222222,2.8472222222,-1.599033114400e-07
9.7916666667,2.8472222222,-1.588222286670e-07
9.8611111111,2.8472222222,-1.629297416770e-07
9.9305555556,2.8472222222,-1.679569279800e-07
0.0000000000,2.9166666667,-1.676579003370e-07
0.0694444444,2.9166666667,-1.640624667180e-07
0.1388888889,2.9166666667,-1.561838129884e-07
0.2083333333,2.9166666667,-1.505655652601e-07
0.2777777778,2.9166666667,-1.534687054281e-07
0.3472222222,2.9166666667,-1.690663134715e-07
0.4166666667,2.9166666667,-1.993116556830e-07
0.4861111111,2.9166666667,-2.426458119580e-07
0.5555555556,2.9166666667,-2.923828834570e-07
0.6250000000,2.9166666667,-3.390395665050e-07
0.6944444444,2.9166666667,-3.771736741800e-07
0.7638888889,2.9166666667,-4.107441747670e-07
0.8333333333,2.9166666667,-4.515400885420e-07
0.9027777778,2.9166666667,-5.131764540020e-07
0.9722222222,2.9166666667,-6.076996550330e-07
1.0416666667,2.9166666667,-7.465234236000e-07
1.1111111111,2.9166666667,-9.400000052100e-07
1.1805555556,2.9166666667,-1.191623355100e-06
1.2500000000,2.9166666667,-1.492113593290e-06
1.3194444444,2.9166666667,-1.822770584750e-06
1.3888888889,2.9166666667,-2.169846050180e-06
1.4583333333,2.9166666667,-2.540511180350e-06
1.5277777778,2.9166666667,-2.968757108120e-06
1.5972222222,2.9166666667,-3.507936669620e-06
1.6666666667,2.9166666667,-4.216148408010e-06
1.7361111111,2.9166666667,-5.142911701200e-06
1.8055555556,2.9166666667,-6.321572718900e-06
1.8750000000,2.9166666667,-7.767965365500e-06
1.9444444444,2.9166666667,-9.485361462700e-06
2.0138888889,2.9166666667,-1.147652322640e-05
2.0833333333,2.9166666667,-1.376218098830e-05
2.1527777778,2.9166666667,-1.640108901000e-05
2.2222222222,2.9166666667,-1.950323516350e-05
2.2916666667,2.9166666667,-2.322874059510e-05
2.3611111111,2.9166666667,-2.777136588020e-05
2.4305555556,2.9166666667,-3.333376021640e-05
2.5000000000,2.9166666667,-4.010599851770e-05
2.5694444444,2.9166666667,-4.825632159500e-05
2.6388888889,2.9166666667,-5.793532724000e-05
2.7083333333,2.9166666667,-6.928811819100e-05
2.7777777778,2.9166666667,-8.246855200800e-05
2.8472222222,2.9166666667,-9.765589010700e-05
2.9166666667,2.9166666667,-1.150800972760e-04
2.9861111111,2.9166666667,-1.350590967020e-04
3.0555555556,2.9166666667,-1.580381488130e-04
3.1250000000,2.9166666667,-1.846088781110e-04
3.1944444444,2.9166666667,-2.154872346510e-04
3.2638888889,2.9166666667,-2.514473950520e-04
3.3333333333,2.9166666667,-2.932280083050e-04
3.4027777778,2.9166666667,-3.414343108000e-04
3.4722222222,2.9166666667,-3.964574207920e-04
3.5416666667,2.9166666667,-4.584336839230e-04
3.6111111111,2.9166666667,-5.272721949670e-04
3.6805555556,2.9166666667,-6.027679191860e-04
3.7500000000,2.9166666667,-6.847772840500e-04
3.8194444444,2.9166666667,-7.733814856900e-04
3.8888888889,2.9166666667,-8.689416953100e-04
3.9583333333,2.9166666667,-9.719844522800e-04
4.0277777778,2.9166666667,-1.082928327190e-03
4.0972222222,2.9166666667,-1.201734294290e-03
4.1666666667,2.9166666667,-1.327601168460e-03
4.2361111111,2.9166666667,-1.458822687750e-03
4.3055555556,2.9166666667,-1.592873153500e-03
4.3750000000,2.9166666667,-1.726701995800e-03
4.4444444444,2.9166666667,-1.857124754670e-03
4.5138888889,2.9166666667,-1.981149765520e-03
4.5833333333,2.9166666667,-2.096114321280e-03
4.6527777778,2.9166666667,-2.199609957480e-03
4.7222222222,2.9166666667,-2.289294766930e-03
4.7916666667,2.9166666667,-2.362754276890e-03
4.8611111111,2.9166666667,-2.417547433980e-03
4.9305555556,2.9166666667,-2.451473733000e-03
5.0000000000,2.9166666667,-2.462971719660e-03
5.0694444444,2.9166666667,-2.451473734660e-03
5.1388888889,2.9166666667,-2.417547436740e-03
5.2083333333,2.9166666667,-2.362754280570e-03
5.2777777778,2.9166666667,-2.289294770680e-03
5.3472222222,2.9166666667,-2.199609960720e-03
5.4166666667,2.9166666667,-2.096114323850e-03
5.4861111111,2.9166666667,-1.981149767070e-03
5.5555555556,2.9166666667,-1.857124755370e-03
5.6250000000,2.9166666667,-1.726701995660e-03
5.6944444444,2.9166666667,-1.592873152570e-03
5.7638888889,2.9166666667,-1.458822686080e-03
5.8333333333,2.9166666667,-1.327601165940e-03
5.9027777778,2.9166666667,-1.201734291090e-03
5.9722222222,2.9166666667,-1.082928323290e-03
6.0416666667,2.9166666667,-9.719844477500e-04
6.1111111111,2.9166666667,-8.689416902400e-04
6.1805555556,2.9166666667,-7.733814804600e-04
6.2500000000,2.9166666667,-6.847772787100e-04
6.3194444444,2.9166666667,-6.027679139410e-04
6.3888888889,2.9166666667,-5.272721899290e-04
6.4583333333,2.9166666667,-4.584336791030e-04
6.5277777778,2.9166666667,-3.964574161660e-04
6.5972222222,2.9166666667,-3.414343063300e-04
6.6666666667,2.9166666667,-2.932280039610e-04
6.7361111111,2.9166666667,-2.514473908260e-04
6.8055555556,2.9166666667,-2.154872305550e-04
6.8750000000,2.9166666667,-1.846088741920e-04
6.9444444444,2.9166666667,-1.580381451090e-04
7.0138888889,2.9166666667,-1.350590932450e-04
7.0833333333,2.9166666667,-1.150800940800e-04
7.1527777778,2.9166666667,-9.765588718300e-05
7.2222222222,2.9166666667,-8.246854934000e-05
7.2916666667,2.9166666667,-6.928811576800e-05
7.3611111111,2.9166666667,-5.793532504400e-05
7.4305555556,2.9166666667,-4.825631960900e-05
7.5000000000,2.9166666667,-4.010599673180e-05
7.5694444444,2.9166666667,-3.333375861820e-05
7.6388888889,2.9166666667,-2.777136445820e-05
7.7083333333,2.9166666667,-2.322873933510e-05
7.7777777778,2.9166666667,-1.950323404900e-05
7.8472222222,2.9166666667,-1.640108802710e-05
7.9166666667,2.9166666667,-1.376218013120e-05
7.9861111111,2.9166666667,-1.147652249350e-05
8.0555555556,2.9166666667,-9.485360855900e-06
8.1250000000,2.9166666667,-7.767964880600e-06
8.1944444444,2.9166666667,-6.321572345100e-06
8.2638888889,2.9166666667,-5.142911420200e-06
8.3333333333,2.9166666667,-4.216148197990e-06
8.4027777778,2.9166666667,-3.507936509100e-06
8.4722222222,2.9166666667,-2.968756981660e-06
8.5416666667,2.9166666667,-2.540511082900e-06
8.6111111111,2.9166666667,-2.169845986730e-06
8.6805555556,2.9166666667,-1.822770565040e-06
8.7500000000,2.9166666667,-1.492113624160e-06
8.8194444444,2.9166666667,-1.191623433650e-06
8.8888888889,2.9166666667,-9.400001189200e-07
8.9583333333,2.9166666667,-7.465235539700e-07
9.0277777778,2.9166666667,-6.076997839380e-07
9.0972222222,2.9166666667,-5.131765691280e-07
9.1666666667,2.9166666667,-4.515401873630e-07
9.2361111111,2.9166666667,-4.107442643090e-07
9.3055555556,2.9166666667,-3.771737665800e-07
9.3750000000,2.9166666667,-3.390396712490e-07
9.4444444444,2.9166666667,-2.923830010390e-07
9.5138888889,2.9166666667,-2.426459329480e-07
9.5833333333,2.9166666667,-1.993117650540e-07
9.6527777778,2.9166666667,-1.690663974100e-07
9.7222222222,2.9166666667,-1.534687571322e-07
9.7916666667,2.9166666667,-1.505655872247e-07
9.8611111111,2.9166666667,-1.561838156617e-07
9.9305555556,2.9166666667,-1.640624634570e-07
0.0000000000,2.9861111111,-1.596591475430e-07
0.0694444444,2.9861111111,-1.543118861968e-07
0.1388888889,2.9861111111,-1.427300241728e-07
0.2083333333,2.9861111111,-1.347312284582e-07
0.2777777778,2.9861111111,-1.390570877904e-07
0.3472222222,2.9861111111,-1.605048582018e-07
0.4166666667,2.9861111111,-2.003255497656e-07
0.4861111111,2.9861111111,-2.553475448280e-07
0.5555555556,2.9861111111,-3.163272847730e-07
0.6250000000,2.9861111111,-3.712152363710e-07
0.6944444444,2.9861111111,-4.140169709860e-07
0.7638888889,2.9861111111,-4.509215915950e-07
0.8333333333,2.9861111111,-4.967809304380e-07
0.9027777778,2.9861111111,-5.666650705520e-07
0.9722222222,2.9861111111,-6.727029210820e-07
1.0416666667,2.9861111111,-8.271801057200e-07
1.1111111111,2.9861111111,-1.042177296540e-06
1.1805555556,2.9861111111,-1.320569944070e-06
1.2500000000,2.9861111111,-1.648097416760e-06
1.3194444444,2.9861111111,-2.000401985500e-06
1.3888888889,2.9861111111,-2.364418223810e-06
1.4583333333,2.9861111111,-2.757176910530e-06
1.5277777778,2.9861111111,-3.226747429910e-06
1.5972222222,2.9861111111,-3.836920569900e-06
1.6666666667,2.9861111111,-4.649156957800e-06
1.7361111111,2.9861111111,-5.711274093800e-06
1.8055555556,2.9861111111,-7.052163120100e-06
1.8750000000,2.9861111111,-8.680105125800e-06
1.9444444444,2.9861111111,-1.058876993970e-05
2.0138888889,2.9861111111,-1.277707195570e-05
2.0833333333,2.9861111111,-1.527994243440e-05
2.1527777778,2.9861111111,-1.819504676900e-05
2.2222222222,2.9861111111,-2.168880255750e-05
2.2916666667,2.9861111111,-2.597678939710e-05
2.3611111111,2.9861111111,-3.128893847670e-05
2.4305555556,2.9861111111,-3.783679787080e-05
2.5000000000,2.9861111111,-4.579571117900e-05
2.5694444444,2.9861111111,-5.530553181400e-05
2.6388888889,2.9861111111,-6.648745373200e-05
2.7083333333,2.9861111111,-7.947350785900e-05
2.7777777778,2.9861111111,-9.444533652800e-05
2.8472222222,2.9861111111,-1.116763323230e-04
2.9166666667,2.9861111111,-1.315669434390e-04
2.9861111111,2.9861111111,-1.546609407390e-04
3.0555555556,2.9861111111,-1.816338569760e-04
3.1250000000,2.9861111111,-2.132533321570e-04
3.1944444444,2.9861111111,-2.503208072040e-04
3.2638888889,2.9861111111,-2.936090471370e-04
3.3333333333,2.9861111111,-3.438068562740e-04
3.4027777778,2.9861111111,-4.014751173260e-04
3.4722222222,2.9861111111,-4.670172387690e-04
3.5416666667,2.9861111111,-5.406770940800e-04
3.6111111111,2.9861111111,-6.225869549900e-04
3.6805555556,2.9861111111,-7.128757882200e-04
3.7500000000,2.9861111111,-8.118085493300e-04
3.8194444444,2.9861111111,-9.198835280200e-04
3.8888888889,2.9861111111,-1.037804592260e-03
3.9583333333,2.9861111111,-1.166285225680e-03
4.0277777778,2.9861111111,-1.305713028120e-03
4.0972222222,2.9861111111,-1.455770301940e-03
4.1666666667,2.9861111111,-1.615139787990e-03
4.2361111111,2.9861111111,-1.781411562420e-03
4.3055555556,2.9861111111,-1.951245549800e-03
4.3750000000,2.9861111111,-2.120747014730e-03
4.4444444444,2.9861111111,-2.285917952440e-03
4.5138888889,2.9861111111,-2.443009282260e-03
4.5833333333,2.9861111111,-2.588649835060e-03
4.6527777778,2.9861111111,-2.719748139590e-03
4.7222222222,2.9861111111,-2.833286712600e-03
4.7916666667,2.9861111111,-2.926188010090e-03
4.8611111111,2.9861111111,-2.995395282750e-03
4.9305555556,2.9861111111,-3.038197917300e-03
5.0000000000,2.9861111111,-3.052694545490e-03
5.0694444444,2.9861111111,-3.038197922190e-03
5.1388888889,2.9861111111,-2.995395291720e-03
5.2083333333,2.9861111111,-2.926188021450e-03
5.2777777778,2.9861111111,-2.833286724720e-03
5.3472222222,2.9861111111,-2.719748150870e-03
5.4166666667,2.9861111111,-2.588649844420e-03
5.4861111111,2.9861111111,-2.443009289380e-03
5.5555555556,2.9861111111,-2.285917957370e-03
5.6250000000,2.9861111111,-2.120747017730e-03
5.6944444444,2.9861111111,-1.951245551510e-03
5.7638888889,2.9861111111,-1.781411562860e-03
5.8333333333,2.9861111111,-1.615139787330e-03
5.9027777778,2.9861111111,-1.455770300290e-03
5.9722222222,2.9861111111,-1.305713025160e-03
6.0416666667,2.9861111111,-1.166285221570e-03
6.1111111111,2.9861111111,-1.037804587140e-03
6.1805555556,2.9861111111,-9.198835222800e-04
6.2500000000,2.9861111111,-8.118085433600e-04
6.3194444444,2.9861111111,-7.128757823500e-04
6.3888888889,2.9861111111,-6.225869494200e-04
6.4583333333,2.9861111111,-5.406770888670e-04
6.5277777778,2.9861111111,-4.670172338490e-04
6.5972222222,2.9861111111,-4.014751125690e-04
6.6666666667,2.9861111111,-3.438068515740e-04
6.7361111111,2.9861111111,-2.936090424850e-04
6.8055555556,2.9861111111,-2.503208026480e-04
6.8750000000,2.9861111111,-2.132533277930e-04
6.9444444444,2.9861111111,-1.816338529310e-04
7.0138888889,2.9861111111,-1.546609370560e-04
7.0833333333,2.9861111111,-1.315669400920e-04
7.1527777778,2.9861111111,-1.116763292520e-04
7.2222222222,2.9861111111,-9.444533367500e-05
7.2916666667,2.9861111111,-7.947350517900e-05
7.3611111111,2.9861111111,-6.648745122700e-05
7.4305555556,2.9861111111,-5.530552952600e-05
7.5000000000,2.9861111111,-4.579570915700e-05
7.5694444444,2.9861111111,-3.783679614330e-05
7.6388888889,2.9861111111,-3.128893702720e-05
7.7083333333,2.9861111111,-2.597678816700e-05
7.7777777778,2.9861111111,-2.168880146530e-05
7.8472222222,2.9861111111,-1.819504574660e-05
7.9166666667,2.9861111111,-1.527994145330e-05
7.9861111111,2.9861111111,-1.277707104030e-05
8.0555555556,2.9861111111,-1.058876914790e-05
8.1250000000,2.9861111111,-8.680104512500e-06
8.1944444444,2.9861111111,-7.052162707600e-06
8.2638888889,2.9861111111,-5.711273856100e-06
8.3333333333,2.9861111111,-4.649156828800e-06
8.4027777778,2.9861111111,-3.836920469920e-06
8.4722222222,2.9861111111,-3.226747299780e-06
8.5416666667,2.9861111111,-2.757176736030e-06
8.6111111111,2.9861111111,-2.364418038810e-06
8.6805555556,2.9861111111,-2.000401851330e-06
8.7500000000,2.9861111111,-1.648097388340e-06
8.8194444444,2.9861111111,-1.320570039580e-06
8.8888888889,2.9861111111,-1.042177487110e-06
8.9583333333,2.9861111111,-8.271803282200e-07
9.0277777778,2.9861111111,-6.727031068400e-07
9.0972222222,2.9861111111,-5.666651755920e-07
9.1666666667,2.9861111111,-4.967809545840e-07
9.2361111111,2.9861111111,-4.509215766640e-07
9.3055555556,2.9861111111,-4.140169788570e-07
9.3750000000,2.9861111111,-3.712153163420e-07
9.4444444444,2.9861111111,-3.163274473930e-07
9.5138888889,2.9861111111,-2.553477562400e-07
9.5833333333,2.9861111111,-2.003257484963e-07
9.6527777778,2.9861111111,-1.605049852761e-07
9.7222222222,2.9861111111,-1.390571146628e-07
9.7916666667,2.9861111111,-1.347311698804e-07
9.8611111111,2.9861111111,-1.427299305844e-07
9.9305555556,2.9861111111,-1.543118188563e-07
0.0000000000,3.0555555556,-1.622547440159e-07
0.0694444444,3.0555555556,-1.546756631701e-07
0.1388888889,3.0555555556,-1.377582744423e-07
0.2083333333,3.0555555556,-1.244696061511e-07
0.2777777778,3.0555555556,-1.266319531101e-07
0.3472222222,3.0555555556,-1.507909090343e-07
0.4166666667,3.0555555556,-1.982386323606e-07
0.4861111111,3.0555555556,-2.641009947766e-07
0.5555555556,3.0555555556,-3.361430186950e-07
0.6250000000,3.0555555556,-3.995766431860e-07
0.6944444444,3.0555555556,-4.478275691320e-07
0.7638888889,3.0555555556,-4.890049283440e-07
0.8333333333,3.0555555556,-5.406482001290e-07
0.9027777778,3.0555555556,-6.195646047340e-07
0.9722222222,3.0555555556,-7.388774055160e-07
1.0416666667,3.0555555556,-9.120198984700e-07
1.1111111111,3.0555555556,-1.151373783600e-06
1.1805555556,3.0555555556,-1.457019902640e-06
1.2500000000,3.0555555556,-1.809376641750e-06
1.3194444444,3.0555555556,-2.181342622430e-06
1.3888888889,3.0555555556,-2.564788786680e-06
1.4583333333,3.0555555556,-2.988322972690e-06
1.5277777778,3.0555555556,-3.511345502910e-06
1.5972222222,3.0555555556,-4.203024958940e-06
1.6666666667,3.0555555556,-5.124718364300e-06
1.7361111111,3.0555555556,-6.322118906200e-06
1.8055555556,3.0555555556,-7.820386956000e-06
1.8750000000,3.0555555556,-9.620661010200e-06
1.9444444444,3.0555555556,-1.170956570410e-05
2.0138888889,3.0555555556,-1.409093287770e-05
2.0833333333,3.0555555556,-1.682804294530e-05
2.1527777778,3.0555555556,-2.006880126440e-05
2.2222222222,3.0555555556,-2.403537326030e-05
2.2916666667,3.0555555556,-2.898538146950e-05
2.3611111111,3.0555555556,-3.516813197320e-05
2.4305555556,3.0555555556,-4.279437234300e-05
2.5000000000,3.0555555556,-5.202425427000e-05
2.5694444444,3.0555555556,-6.297327893500e-05
2.6388888889,3.0555555556,-7.574079005900e-05
2.7083333333,3.0555555556,-9.046548339000e-05
2.7777777778,3.0555555556,-1.073984591790e-04
2.8472222222,3.0555555556,-1.269662537150e-04
2.9166666667,3.0555555556,-1.497925869610e-04
2.9861111111,3.0555555556,-1.766654798880e-04
3.0555555556,3.0555555556,-2.084639935920e-04
3.1250000000,3.0555555556,-2.460764287350e-04
3.1944444444,3.0555555556,-2.903390253100e-04
3.2638888889,3.0555555556,-3.420064329530e-04
3.3333333333,3.0555555556,-4.017469147720e-04
3.4027777778,3.0555555556,-4.701488206440e-04
3.4722222222,3.0555555556,-5.477332399200e-04
3.5416666667,3.0555555556,-6.349822567400e-04
3.6111111111,3.0555555556,-7.323968282900e-04
3.6805555556,3.0555555556,-8.405810633200e-04
3.7500000000,3.0555555556,-9.603158565800e-04
3.8194444444,3.0555555556,-1.092558169890e-03
3.8888888889,3.0555555556,-1.238308317600e-03
3.9583333333,3.0555555556,-1.398332317000e-03
4.0277777778,3.0555555556,-1.572790289860e-03
4.0972222222,3.0555555556,-1.760874704860e-03
4.1666666667,3.0555555556,-1.960580283490e-03
4.2361111111,3.0555555556,-2.168699973350e-03
4.3055555556,3.0555555556,-2.381070699410e-03
4.3750000000,3.0555555556,-2.592998140150e-03
4.4444444444,3.0555555556,-2.799711586000e-03
4.5138888889,3.0555555556,-2.996684003790e-03
4.5833333333,3.0555555556,-3.179718959250e-03
4.6527777778,3.0555555556,-3.344827854260e-03
4.7222222222,3.0555555556,-3.488035159540e-03
4.7916666667,3.0555555556,-3.605294911520e-03
4.8611111111,3.0555555556,-3.692652995160e-03
4.9305555556,3.0555555556,-3.746667103140e-03
5.0000000000,3.0555555556,-3.764956525730e-03
5.0694444444,3.0555555556,-3.746667109110e-03
5.1388888889,3.0555555556,-3.692653005940e-03
5.2083333333,3.0555555556,-3.605294925250e-03
5.2777777778,3.0555555556,-3.488035174200e-03
5.3472222222,3.0555555556,-3.344827867790e-03
5.4166666667,3.0555555556,-3.179718970600e-03
5.4861111111,3.0555555556,-2.996684012440e-03
5.5555555556,3.0555555556,-2.799711592110e-03
5.6250000000,3.0555555556,-2.592998144060e-03
5.6944444444,3.0555555556,-2.381070701860e-03
5.7638888889,3.0555555556,-2.168699974530e-03
5.8333333333,3.0555555556,-1.960580283650e-03
5.9027777778,3.0555555556,-1.760874703810e-03
5.9722222222,3.0555555556,-1.572790287420e-03
6.0416666667,3.0555555556,-1.398332313180e-03
6.1111111111,3.0555555556,-1.238308312520e-03
6.1805555556,3.0555555556,-1.092558163910e-03
6.2500000000,3.0555555556,-9.603158502300e-04
6.3194444444,3.0555555556,-8.405810569200e-04
6.3888888889,3.0555555556,-7.323968221400e-04
6.4583333333,3.0555555556,-6.349822509400e-04
6.5277777778,3.0555555556,-5.477332344300e-04
6.5972222222,3.0555555556,-4.701488153570e-04
6.6666666667,3.0555555556,-4.017469095980e-04
6.7361111111,3.0555555556,-3.420064278730e-04
6.8055555556,3.0555555556,-2.903390203780e-04
6.8750000000,3.0555555556,-2.460764240400e-04
6.9444444444,3.0555555556,-2.084639892460e-04
7.0138888889,3.0555555556,-1.766654759240e-04
7.0833333333,3.0555555556,-1.497925833540e-04
7.1527777778,3.0555555556,-1.269662503920e-04
7.2222222222,3.0555555556,-1.073984560610e-04
7.2916666667,3.0555555556,-9.046548044200e-05
7.3611111111,3.0555555556,-7.574078730100e-05
7.4305555556,3.0555555556,-6.297327642700e-05
7.5000000000,3.0555555556,-5.202425207600e-05
7.5694444444,3.0555555556,-4.279437049300e-05
7.6388888889,3.0555555556,-3.516813044000e-05
7.7083333333,3.0555555556,-2.898538017760e-05
7.7777777778,3.0555555556,-2.403537210880e-05
7.8472222222,3.0555555556,-2.006880017020e-05
7.9166666667,3.0555555556,-1.682804187650e-05
7.9861111111,3.0555555556,-1.409093186400e-05
8.0555555556,3.0555555556,-1.170956481590e-05
8.1250000000,3.0555555556,-9.620660320200e-06
8.1944444444,3.0555555556,-7.820386495500e-06
8.2638888889,3.0555555556,-6.322118647200e-06
8.3333333333,3.0555555556,-5.124718229300e-06
8.4027777778,3.0555555556,-4.203024853670e-06
8.4722222222,3.0555555556,-3.511345356370e-06
8.5416666667,3.0555555556,-2.988322766640e-06
8.6111111111,3.0555555556,-2.564788560600e-06
8.6805555556,3.0555555556,-2.181342449280e-06
8.7500000000,3.0555555556,-1.809376587750e-06
8.8194444444,3.0555555556,-1.457019991500e-06
8.8888888889,3.0555555556,-1.151373982830e-06
8.9583333333,3.0555555556,-9.120201348600e-07
9.0277777778,3.0555555556,-7.388775986890e-07
9.0972222222,3.0555555556,-6.195647032020e-07
9.1666666667,3.0555555556,-5.406482037730e-07
9.2361111111,3.0555555556,-4.890048865520e-07
9.3055555556,3.0555555556,-4.478275549540e-07
9.3750000000,3.0555555556,-3.995767150700e-07
9.4444444444,3.0555555556,-3.361431896680e-07
9.5138888889,3.0555555556,-2.641012254642e-07
9.5833333333,3.0555555556,-1.982388506704e-07
9.6527777778,3.0555555556,-1.507910455610e-07
9.7222222222,3.0555555556,-1.266319741811e-07
9.7916666667,3.0555555556,-1.244695291029e-07
9.8611111111,3.0555555556,-1.377581587360e-07
9.9305555556,3.0555555556,-1.546755810677e-07
0.0000000000,3.1250000000,-1.854018161716e-07
0.0694444444,3.1250000000,-1.759012101995e-07
0.1388888889,3.1250000000,-1.536103423801e-07
0.2083333333,3.1250000000,-1.329544309167e-07
0.2777777778,3.1250000000,-1.284858808871e-07
0.3472222222,3.1250000000,-1.498523788114e-07
0.4166666667,3.1250000000,-2.000050520041e-07
0.4861111111,3.1250000000,-2.731090207922e-07
0.5555555556,3.1250000000,-3.540766355790e-07
0.6250000000,3.1250000000,-4.254610083640e-07
0.6944444444,3.1250000000,-4.798293345180e-07
0.7638888889,3.1250000000,-5.262592000370e-07
0.8333333333,3.1250000000,-5.842116760660e-07
0.9027777778,3.1250000000,-6.727873827260e-07
0.9722222222,3.1250000000,-8.073765101770e-07
1.0416666667,3.1250000000,-1.002391882720e-06
1.1111111111,3.1250000000,-1.268126847240e-06
1.1805555556,3.1250000000,-1.599691074050e-06
1.2500000000,3.1250000000,-1.973491431550e-06
1.3194444444,3.1250000000,-2.364391515500e-06
1.3888888889,3.1250000000,-2.773204111680e-06
1.4583333333,3.1250000000,-3.239523651360e-06
1.5277777778,3.1250000000,-3.829462313480e-06
1.5972222222,3.1250000000,-4.613072538370e-06
1.6666666667,3.1250000000,-5.650101771700e-06
1.7361111111,3.1250000000,-6.984438098100e-06
1.8055555556,3.1250000000,-8.637325965200e-06
1.8750000000,3.1250000000,-1.060318536030e-05
1.9444444444,3.1250000000,-1.286695679380e-05
2.0138888889,3.1250000000,-1.544934419390e-05
2.0833333333,3.1250000000,-1.845487393840e-05
2.1527777778,3.1250000000,-2.208593752340e-05
2.2222222222,3.1250000000,-2.661161075400e-05
2.2916666667,3.1250000000,-3.231530355710e-05
2.3611111111,3.1250000000,-3.945244602200e-05
2.4305555556,3.1250000000,-4.822817010300e-05
2.5000000000,3.1250000000,-5.878908885900e-05
2.5694444444,3.1250000000,-7.123308334400e-05
2.6388888889,3.1250000000,-8.565616113400e-05
2.7083333333,3.1250000000,-1.022435781550e-04
2.7777777778,3.1250000000,-1.213745284920e-04
2.8472222222,3.1250000000,-1.436834466560e-04
2.9166666667,3.1250000000,-1.700379472920e-04
2.9861111111,3.1250000000,-2.014431191950e-04
3.0555555556,3.1250000000,-2.389230357630e-04
3.1250000000,3.1250000000,-2.834330437380e-04
3.1944444444,3.1250000000,-3.358270384230e-04
3.2638888889,3.1250000000,-3.968715797210e-04
3.3333333333,3.1250000000,-4.672850866340e-04
3.4027777778,3.1250000000,-5.477856378000e-04
3.4722222222,3.1250000000,-6.391419636600e-04
3.5416666667,3.1250000000,-7.422270048800e-04
3.6111111111,3.1250000000,-8.580675222200e-04
3.6805555556,3.1250000000,-9.878694193000e-04
3.7500000000,3.1250000000,-1.132985116860e-03
3.8194444444,3.1250000000,-1.294788054630e-03
3.8888888889,3.1250000000,-1.474438520650e-03
3.9583333333,3.1250000000,-1.672562301780e-03
4.0277777778,3.1250000000,-1.888905336290e-03
4.0972222222,3.1250000000,-2.122054962070e-03
4.1666666667,3.1250000000,-2.369316629230e-03
4.2361111111,3.1250000000,-2.626798370800e-03
4.3055555556,3.1250000000,-2.889690473930e-03
4.3750000000,3.1250000000,-3.152655784770e-03
4.4444444444,3.1250000000,-3.410199351270e-03
4.5138888889,3.1250000000,-3.656894359140e-03
4.5833333333,3.1250000000,-3.887411355810e-03
4.6527777778,3.1250000000,-4.096402804630e-03
4.7222222222,3.1250000000,-4.278384441960e-03
4.7916666667,3.1250000000,-4.427780092740e-03
4.8611111111,3.1250000000,-4.539236851230e-03
4.9305555556,3.1250000000,-4.608192914300e-03
5.0000000000,3.1250000000,-4.631545972700e-03
5.0694444444,3.1250000000,-4.608192918420e-03
5.1388888889,3.1250000000,-4.539236858700e-03
5.2083333333,3.1250000000,-4.427780102230e-03
5.2777777778,3.1250000000,-4.278384451940e-03
5.3472222222,3.1250000000,-4.096402813970e-03
5.4166666667,3.1250000000,-3.887411363620e-03
5.4861111111,3.1250000000,-3.656894364920e-03
5.5555555556,3.1250000000,-3.410199355420e-03
5.6250000000,3.1250000000,-3.152655787350e-03
5.6944444444,3.1250000000,-2.889690475570e-03
5.7638888889,3.1250000000,-2.626798371340e-03
5.8333333333,3.1250000000,-2.369316628900e-03
5.9027777778,3.1250000000,-2.122054960530e-03
5.9722222222,3.1250000000,-1.888905333670e-03
6.0416666667,3.1250000000,-1.672562297930e-03
6.1111111111,3.1250000000,-1.474438515710e-03
6.1805555556,3.1250000000,-1.294788048860e-03
6.2500000000,3.1250000000,-1.132985110510e-03
6.3194444444,3.1250000000,-9.878694126900e-04
6.3888888889,3.1250000000,-8.580675154400e-04
6.4583333333,3.1250000000,-7.422269983000e-04
6.5277777778,3.1250000000,-6.391419573000e-04
6.5972222222,3.1250000000,-5.477856317100e-04
6.6666666667,3.1250000000,-4.672850808180e-04
6.7361111111,3.1250000000,-3.968715742000e-04
6.8055555556,3.1250000000,-3.358270331990e-04
6.8750000000,3.1250000000,-2.834330388100e-04
6.9444444444,3.1250000000,-2.389230311470e-04
7.0138888889,3.1250000000,-2.014431148830e-04
7.0833333333,3.1250000000,-1.700379432780e-04
7.1527777778,3.1250000000,-1.436834429270e-04
7.2222222222,3.1250000000,-1.213745250150e-04
7.2916666667,3.1250000000,-1.022435749430e-04
7.3611111111,3.1250000000,-8.565615820900e-05
7.4305555556,3.1250000000,-7.123308073400e-05
7.5000000000,3.1250000000,-5.878908657500e-05
7.5694444444,3.1250000000,-4.822816813400e-05
7.6388888889,3.1250000000,-3.945244432800e-05
7.7083333333,3.1250000000,-3.231530207890e-05
7.7777777778,3.1250000000,-2.661160943190e-05
7.8472222222,3.1250000000,-2.208593631370e-05
7.9166666667,3.1250000000,-1.845487282340e-05
7.9861111111,3.1250000000,-1.544934318630e-05
8.0555555556,3.1250000000,-1.286695592740e-05
8.1250000000,3.1250000000,-1.060318466390e-05
8.1944444444,3.1250000000,-8.637325447500e-06
8.2638888889,3.1250000000,-6.984437736900e-06
8.3333333333,3.1250000000,-5.650101520500e-06
8.4027777778,3.1250000000,-4.613072343070e-06
8.4722222222,3.1250000000,-3.829462132560e-06
8.5416666667,3.1250000000,-3.239523470380e-06
8.6111111111,3.1250000000,-2.773203946230e-06
8.6805555556,3.1250000000,-2.364391399060e-06
8.7500000000,3.1250000000,-1.973491395000e-06
8.8194444444,3.1250000000,-1.599691126170e-06
8.8888888889,3.1250000000,-1.268126968480e-06
8.9583333333,3.1250000000,-1.002392033510e-06
9.0277777778,3.1250000000,-8.073766477460e-07
9.0972222222,3.1250000000,-6.727874788090e-07
9.1666666667,3.1250000000,-5.842117278420e-07
9.2361111111,3.1250000000,-5.262592298490e-07
9.3055555556,3.1250000000,-4.798293775800e-07
9.3750000000,3.1250000000,-4.254610932650e-07
9.4444444444,3.1250000000,-3.540767680480e-07
9.5138888889,3.1250000000,-2.731091800081e-07
9.5833333333,3.1250000000,-2.000052008430e-07
9.6527777778,3.1250000000,-1.498524817973e-07
9.7222222222,3.1250000000,-1.284859204551e-07
9.7916666667,3.1250000000,-1.329544147465e-07
9.8611111111,3.1250000000,-1.536102994114e-07
9.9305555556,3.1250000000,-1.759011764663e-07
0.0000000000,3.1944444444,-2.203356922120e-07
0.0694444444,3.1944444444,-2.107650256770e-07
0.1388888889,3.1944444444,-1.869091322385e-07
0.2083333333,3.1944444444,-1.612045646494e-07
0.2777777778,3.1944444444,-1.489811400870e-07
0.3472222222,3.1944444444,-1.635734122519e-07
0.4166666667,3.1944444444,-2.112568780392e-07
0.4861111111,3.1944444444,-2.865957145462e-07
0.5555555556,3.1944444444,-3.727424300150e-07
0.6250000000,3.1944444444,-4.505472836360e-07
0.6944444444,3.1944444444,-5.117255141310e-07
0.7638888889,3.1944444444,-5.649808535810e-07
0.8333333333,3.1944444444,-6.303504775360e-07
0.9027777778,3.1944444444,-7.294307636590e-07
0.9722222222,3.1944444444,-8.808765528510e-07
1.0416666667,3.1944444444,-1.099547129490e-06
1.1111111111,3.1944444444,-1.391329451760e-06
1.1805555556,3.1944444444,-1.745360960810e-06
1.2500000000,3.1944444444,-2.137076450750e-06
1.3194444444,3.1944444444,-2.548558609260e-06
1.3888888889,3.1944444444,-2.992040722630e-06
1.4583333333,3.1944444444,-3.515404809770e-06
1.5277777778,3.1944444444,-4.186563838810e-06
1.5972222222,3.1944444444,-5.073792563500e-06
1.6666666667,3.1944444444,-6.235410400400e-06
1.7361111111,3.1944444444,-7.713571296200e-06
1.8055555556,3.1944444444,-9.524508584300e-06
1.8750000000,3.1944444444,-1.165732183430e-05
1.9444444444,3.1944444444,-1.410312036910e-05
2.0138888889,3.1944444444,-1.691150993210e-05
2.0833333333,3.1944444444,-2.023602226310e-05
2.1527777778,3.1944444444,-2.433022015510e-05
2.2222222222,3.1944444444,-2.949747868760e-05
2.2916666667,3.1944444444,-3.603335659700e-05
2.3611111111,3.1944444444,-4.419100824400e-05
2.4305555556,3.1944444444,-5.416690025700e-05
2.5000000000,3.1944444444,-6.609600693100e-05
2.5694444444,3.1944444444,-8.007211199700e-05
2.6388888889,3.1944444444,-9.622370059200e-05
2.7083333333,3.1944444444,-1.148408526450e-04
2.7777777778,3.1944444444,-1.364907152370e-04
2.8472222222,3.1944444444,-1.620443884550e-04
2.9166666667,3.1944444444,-1.925916865330e-04
2.9861111111,3.1944444444,-2.292949825210e-04
3.0555555556,3.1944444444,-2.732625937420e-04
3.1250000000,3.1944444444,-3.254905550520e-04
3.1944444444,3.1944444444,-3.868714583960e-04
3.2638888889,3.1944444444,-4.582454826500e-04
3.3333333333,3.1944444444,-5.404752905300e-04
3.4027777778,3.1944444444,-6.345358529100e-04
3.4722222222,3.1944444444,-7.416041256400e-04
3.5416666667,3.1944444444,-8.631197908500e-04
3.6111111111,3.1944444444,-1.000784484900e-03
3.6805555556,3.1944444444,-1.156478514620e-03
3.7500000000,3.1944444444,-1.332092719650e-03
3.8194444444,3.1944444444,-1.529289667560e-03
3.8888888889,3.1944444444,-1.749220999710e-03
3.9583333333,3.1944444444,-1.992238991850e-03
4.0277777778,3.1944444444,-2.257649895880e-03
4.0972222222,3.1944444444,-2.543558632590e-03
4.1666666667,3.1944444444,-2.846841531330e-03
4.2361111111,3.1944444444,-3.163253664210e-03
4.3055555556,3.1944444444,-3.487637117860e-03
4.3750000000,3.1944444444,-3.814162083180e-03
4.4444444444,3.1944444444,-4.136521661760e-03
4.5138888889,3.1944444444,-4.448024926500e-03
4.5833333333,3.1944444444,-4.741589047310e-03
4.6527777778,3.1944444444,-5.009702056250e-03
4.7222222222,3.1944444444,-5.244481121180e-03
4.7916666667,3.1944444444,-5.437952595520e-03
4.8611111111,3.1944444444,-5.582612674620e-03
4.9305555556,3.1944444444,-5.672208956960e-03
5.0000000000,3.1944444444,-5.702564695130e-03
5.0694444444,3.1944444444,-5.672208957490e-03
5.1388888889,3.1944444444,-5.582612675730e-03
5.2083333333,3.1944444444,-5.437952596970e-03
5.2777777778,3.1944444444,-5.244481122430e-03
5.3472222222,3.1944444444,-5.009702057490e-03
5.4166666667,3.1944444444,-4.741589048540e-03
5.4861111111,3.1944444444,-4.448024927500e-03
5.5555555556,3.1944444444,-4.136521662520e-03
5.6250000000,3.1944444444,-3.814162083670e-03
5.6944444444,3.1944444444,-3.487637117830e-03
5.7638888889,3.1944444444,-3.163253663590e-03
5.8333333333,3.1944444444,-2.846841529820e-03
5.9027777778,3.1944444444,-2.543558630340e-03
5.9722222222,3.1944444444,-2.257649892740e-03
6.0416666667,3.1944444444,-1.992238987890e-03
6.1111111111,3.1944444444,-1.749220995100e-03
6.1805555556,3.1944444444,-1.529289662350e-03
6.2500000000,3.1944444444,-1.332092713740e-03
6.3194444444,3.1944444444,-1.156478508020e-03
6.3888888889,3.1944444444,-1.000784477770e-03
6.4583333333,3.1944444444,-8.631197834500e-04
6.5277777778,3.1944444444,-7.416041182400e-04
6.5972222222,3.1944444444,-6.345358458400e-04
6.6666666667,3.1944444444,-5.404752839800e-04
6.7361111111,3.1944444444,-4.582454766700e-04
6.8055555556,3.1944444444,-3.868714529220e-04
6.8750000000,3.1944444444,-3.254905499610e-04
6.9444444444,3.1944444444,-2.732625889020e-04
7.0138888889,3.1944444444,-2.292949778420e-04
7.0833333333,3.1944444444,-1.925916820280e-04
7.1527777778,3.1944444444,-1.620443842160e-04
7.2222222222,3.1944444444,-1.364907113400e-04
7.2916666667,3.1944444444,-1.148408491850e-04
7.3611111111,3.1944444444,-9.622369756300e-05
7.4305555556,3.1944444444,-8.007210936600e-05
7.5000000000,3.1944444444,-6.609600461400e-05
7.5694444444,3.1944444444,-5.416689816900e-05
7.6388888889,3.1944444444,-4.419100632600e-05
7.7083333333,3.1944444444,-3.603335483900e-05
7.7777777778,3.1944444444,-2.949747711330e-05
7.8472222222,3.1944444444,-2.433021879550e-05
7.9166666667,3.1944444444,-2.023602113190e-05
7.9861111111,3.1944444444,-1.691150900770e-05
8.0555555556,3.1944444444,-1.410311960720e-05
8.1250000000,3.1944444444,-1.165732118310e-05
8.1944444444,3.1944444444,-9.524508004700e-06
8.2638888889,3.1944444444,-7.713570775800e-06
8.3333333333,3.1944444444,-6.235409953300e-06
8.4027777778,3.1944444444,-5.073792216100e-06
8.4722222222,3.1944444444,-4.186563609330e-06
8.5416666667,3.1944444444,-3.515404693580e-06
8.6111111111,3.1944444444,-2.992040690590e-06
8.6805555556,3.1944444444,-2.548558618610e-06
8.7500000000,3.1944444444,-2.137076462840e-06
8.8194444444,3.1944444444,-1.745360955010e-06
8.8888888889,3.1944444444,-1.391329433110e-06
8.9583333333,3.1944444444,-1.099547123220e-06
9.0277777778,3.1944444444,-8.808765893900e-07
9.0972222222,3.1944444444,-7.294308600610e-07
9.1666666667,3.1944444444,-6.303506264710e-07
9.2361111111,3.1944444444,-5.649810256140e-07
9.3055555556,3.1944444444,-5.117256713940e-07
9.3750000000,3.1944444444,-4.505473967520e-07
9.4444444444,3.1944444444,-3.727424903290e-07
9.5138888889,3.1944444444,-2.865957370007e-07
9.5833333333,3.1944444444,-2.112568932376e-07
9.6527777778,3.1944444444,-1.635734505983e-07
9.7222222222,3.1944444444,-1.489812154446e-07
9.7916666667,3.1944444444,-1.612046663472e-07
9.8611111111,3.1944444444,-1.869092302573e-07
9.9305555556,3.1944444444,-2.107650858120e-07
0.0000000000,3.2638888889,-2.488911246690e-07
0.0694444444,3.2638888889,-2.419935690510e-07
0.1388888889,3.2638888889,-2.229557195150e-07
0.2083333333,3.2638888889,-1.984162238792e-07
0.2777777778,3.2638888889,-1.818000373197e-07
0.3472222222,3.2638888889,-1.896778811121e-07
0.4166666667,3.2638888889,-2.323672259322e-07
0.4861111111,3.2638888889,-3.058788752554e-07
0.5555555556,3.2638888889,-3.932285247320e-07
0.6250000000,3.2638888889,-4.754803977560e-07
0.6944444444,3.2638888889,-5.442100402670e-07
0.7638888889,3.2638888889,-6.064885282010e-07
0.8333333333,3.2638888889,-6.811448669300e-07
0.9027777778,3.2638888889,-7.917831982230e-07
0.9722222222,3.2638888889,-9.607014866340e-07
1.0416666667,3.2638888889,-1.202654432870e-06
1.1111111111,3.2638888889,-1.517859405680e-06
1.1805555556,3.2638888889,-1.890190866120e-06
1.2500000000,3.2638888889,-2.298025157720e-06
1.3194444444,3.2638888889,-2.734799696810e-06
1.3888888889,3.2638888889,-3.224403103970e-06
1.4583333333,3.2638888889,-3.819339334540e-06
1.5277777778,3.2638888889,-4.585944191240e-06
1.5972222222,3.2638888889,-5.590452537600e-06
1.6666666667,3.2638888889,-6.890637840400e-06
1.7361111111,3.2638888889,-8.525889036200e-06
1.8055555556,3.2638888889,-1.050598545200e-05
1.8750000000,3.2638888889,-1.281792441870e-05
1.9444444444,3.2638888889,-1.546825725680e-05
2.0138888889,3.2638888889,-1.854463257650e-05
2.0833333333,3.2638888889,-2.225038223840e-05
2.1527777778,3.2638888889,-2.688128614120e-05
2.2222222222,3.2638888889,-3.276288189740e-05
2.2916666667,3.2638888889,-4.019421539900e-05
2.3611111111,3.2638888889,-4.942139321100e-05
2.4305555556,3.2638888889,-6.062963910800e-05
2.5000000000,3.2638888889,-7.394739183600e-05
2.5694444444,3.2638888889,-8.948992398300e-05
2.6388888889,3.2638888889,-1.074703232500e-04
2.7083333333,3.2638888889,-1.283467463790e-04
2.7777777778,3.2638888889,-1.529155171280e-04
2.8472222222,3.2638888889,-1.822768942680e-04
2.9166666667,3.2638888889,-2.176901220480e-04
2.9861111111,3.2638888889,-2.604100213060e-04
3.0555555556,3.2638888889,-3.115901093400e-04
3.1250000000,3.2638888889,-3.722713910000e-04
3.1944444444,3.2638888889,-4.434287675200e-04
3.2638888889,3.2638888889,-5.260528820600e-04
3.3333333333,3.2638888889,-6.212665084100e-04
3.4027777778,3.2638888889,-7.304636650700e-04
3.4722222222,3.2638888889,-8.554221761800e-04
3.5416666667,3.2638888889,-9.983228885300e-04
3.6111111111,3.2638888889,-1.161638059000e-03
3.6805555556,3.2638888889,-1.347905962280e-03
3.7500000000,3.2638888889,-1.559447388270e-03
3.8194444444,3.2638888889,-1.798083452940e-03
3.8888888889,3.2638888889,-2.064894821230e-03
3.9583333333,3.2638888889,-2.360040917330e-03
4.0277777778,3.2638888889,-2.682643888530e-03
4.0972222222,3.2638888889,-3.030733274930e-03
4.1666666667,3.2638888889,-3.401237872840e-03
4.2361111111,3.2638888889,-3.790000991470e-03
4.3055555556,3.2638888889,-4.191790417810e-03
4.3750000000,3.2638888889,-4.600281693140e-03
4.4444444444,3.2638888889,-5.008013534550e-03
4.5138888889,3.2638888889,-5.406342017870e-03
4.5833333333,3.2638888889,-5.785449205940e-03
4.6527777778,3.2638888889,-6.134486270010e-03
4.7222222222,3.2638888889,-6.441938873170e-03
4.7916666667,3.2638888889,-6.696274776440e-03
4.8611111111,3.2638888889,-6.886859515080e-03
4.9305555556,3.2638888889,-7.005023027180e-03
5.0000000000,3.2638888889,-7.045072844870e-03
5.0694444444,3.2638888889,-7.005023024020e-03
5.1388888889,3.2638888889,-6.886859510230e-03
5.2083333333,3.2638888889,-6.696274771050e-03
5.2777777778,3.2638888889,-6.441938868090e-03
5.3472222222,3.2638888889,-6.134486264590e-03
5.4166666667,3.2638888889,-5.785449202720e-03
5.4861111111,3.2638888889,-5.406342016030e-03
5.5555555556,3.2638888889,-5.008013533930e-03
5.6250000000,3.2638888889,-4.600281693050e-03
5.6944444444,3.2638888889,-4.191790417430e-03
5.7638888889,3.2638888889,-3.790000990320e-03
5.8333333333,3.2638888889,-3.401237870890e-03
5.9027777778,3.2638888889,-3.030733272230e-03
5.9722222222,3.2638888889,-2.682643885250e-03
6.0416666667,3.2638888889,-2.360040913710e-03
6.1111111111,3.2638888889,-2.064894817330e-03
6.1805555556,3.2638888889,-1.798083448480e-03
6.2500000000,3.2638888889,-1.559447383110e-03
6.3194444444,3.2638888889,-1.347905956040e-03
6.3888888889,3.2638888889,-1.161638051730e-03
6.4583333333,3.2638888889,-9.983228805200e-04
6.5277777778,3.2638888889,-8.554221678600e-04
6.5972222222,3.2638888889,-7.304636570500e-04
6.6666666667,3.2638888889,-6.212665010500e-04
6.7361111111,3.2638888889,-5.260528755400e-04
6.8055555556,3.2638888889,-4.434287617400e-04
6.8750000000,3.2638888889,-3.722713856700e-04
6.9444444444,3.2638888889,-3.115901042270e-04
7.0138888889,3.2638888889,-2.604100162470e-04
7.0833333333,3.2638888889,-2.176901170600e-04
7.1527777778,3.2638888889,-1.822768895220e-04
7.2222222222,3.2638888889,-1.529155128250e-04
7.2916666667,3.2638888889,-1.283467426610e-04
7.3611111111,3.2638888889,-1.074703201260e-04
7.4305555556,3.2638888889,-8.948992133100e-05
7.5000000000,3.2638888889,-7.394738947900e-05
7.5694444444,3.2638888889,-6.062963688600e-05
7.6388888889,3.2638888889,-4.942139105400e-05
7.7083333333,3.2638888889,-4.019421334500e-05
7.7777777778,3.2638888889,-3.276288005780e-05
7.8472222222,3.2638888889,-2.688128462710e-05
7.9166666667,3.2638888889,-2.225038109220e-05
7.9861111111,3.2638888889,-1.854463174340e-05
8.0555555556,3.2638888889,-1.546825661070e-05
8.1250000000,3.2638888889,-1.281792382060e-05
8.1944444444,3.2638888889,-1.050598481230e-05
8.2638888889,3.2638888889,-8.525888352300e-06
8.3333333333,3.2638888889,-6.890637189700e-06
8.4027777778,3.2638888889,-5.590452030800e-06
8.4722222222,3.2638888889,-4.585943910250e-06
8.5416666667,3.2638888889,-3.819339285570e-06
8.6111111111,3.2638888889,-3.224403211520e-06
8.6805555556,3.2638888889,-2.734799838720e-06
8.7500000000,3.2638888889,-2.298025221980e-06
8.8194444444,3.2638888889,-1.890190801130e-06
8.8888888889,3.2638888889,-1.517859241780e-06
8.9583333333,3.2638888889,-1.202654262970e-06
9.0277777778,3.2638888889,-9.607014176190e-07
9.0972222222,3.2638888889,-7.917832947200e-07
9.1666666667,3.2638888889,-6.811451171430e-07
9.2361111111,3.2638888889,-6.064888488610e-07
9.3055555556,3.2638888889,-5.442103171740e-07
9.3750000000,3.2638888889,-4.754805407400e-07
9.4444444444,3.2638888889,-3.932285098530e-07
9.5138888889,3.2638888889,-3.058787547581e-07
9.5833333333,3.2638888889,-2.323671011697e-07
9.6527777778,3.2638888889,-1.896778513835e-07
9.7222222222,3.2638888889,-1.818001495257e-07
9.7916666667,3.2638888889,-1.984164483318e-07
9.8611111111,3.2638888889,-2.229559647070e-07
9.9305555556,3.2638888889,-2.419937272550e-07
0.0000000000,3.3333333333,-2.634439361600e-07
0.0694444444,3.3333333333,-2.610375660800e-07
0.1388888889,3.3333333333,-2.513380467890e-07
0.2083333333,3.3333333333,-2.332708865140e-07
0.2777777778,3.3333333333,-2.168693519206e-07
0.3472222222,3.3333333333,-2.210865713272e-07
0.4166666667,3.3333333333,-2.595525134287e-07
0.4861111111,3.3333333333,-3.294966279300e-07
0.5555555556,3.3333333333,-4.150250024880e-07
0.6250000000,3.3333333333,-4.996979404730e-07
0.6944444444,3.3333333333,-5.763282910520e-07
0.7638888889,3.3333333333,-6.496545536980e-07
0.8333333333,3.3333333333,-7.356237291070e-07
0.9027777778,3.3333333333,-8.588763939640e-07
0.9722222222,3.3333333333,-1.045116542104e-06
1.0416666667,3.3333333333,-1.308645081030e-06
1.1111111111,3.3333333333,-1.644103644300e-06
1.1805555556,3.3333333333,-2.032155445990e-06
1.2500000000,3.3333333333,-2.457607995740e-06
1.3194444444,3.3333333333,-2.927068401170e-06
1.3888888889,3.3333333333,-3.474305558300e-06
1.4583333333,3.3333333333,-4.153355481290e-06
1.5277777778,3.3333333333,-5.028260473300e-06
1.5972222222,3.3333333333,-6.164808034300e-06
1.6666666667,3.3333333333,-7.620467917100e-06
1.7361111111,3.3333333333,-9.429490244600e-06
1.8055555556,3.3333333333,-1.159455914950e-05
1.8750000000,3.3333333333,-1.410632644460e-05
1.9444444444,3.3333333333,-1.699641925830e-05
2.0138888889,3.3333333333,-2.039531473550e-05
2.0833333333,3.3333333333,-2.455065320180e-05
2.1527777778,3.3333333333,-2.978871343840e-05
2.2222222222,3.3333333333,-3.644748427610e-05
2.2916666667,3.3333333333,-4.482456878000e-05
2.3611111111,3.3333333333,-5.515575402200e-05
2.4305555556,3.3333333333,-6.761445357700e-05
2.5000000000,3.3333333333,-8.233607395300e-05
2.5694444444,3.3333333333,-9.949675026600e-05
2.6388888889,3.3333333333,-1.194535406460e-04
2.7083333333,3.3333333333,-1.428837681230e-04
2.7777777778,3.3333333333,-1.708241189260e-04
2.8472222222,3.3333333333,-2.045674364900e-04
2.9166666667,3.3333333333,-2.454821059150e-04
2.9861111111,3.3333333333,-2.948676646250e-04
3.0555555556,3.3333333333,-3.539091560610e-04
3.1250000000,3.3333333333,-4.237132373100e-04
3.1944444444,3.3333333333,-5.053892229300e-04
3.2638888889,3.3333333333,-6.001726676100e-04
3.3333333333,3.3333333333,-7.095988609000e-04
3.4027777778,3.3333333333,-8.356817511600e-04
3.4722222222,3.3333333333,-9.809979843800e-04
3.5416666667,3.3333333333,-1.148593189260e-03
3.6111111111,3.3333333333,-1.341717354700e-03
3.6805555556,3.3333333333,-1.563481456330e-03
3.7500000000,3.3333333333,-1.816543871260e-03
3.8194444444,3.3333333333,-2.102889263040e-03
3.8888888889,3.3333333333,-2.423705456790e-03
3.9583333333,3.3333333333,-2.779330279920e-03
4.0277777778,3.3333333333,-3.169228415610e-03
4.0972222222,3.3333333333,-3.591952986510e-03
4.1666666667,3.3333333333,-4.045044801600e-03
4.2361111111,3.3333333333,-4.524833364230e-03
4.3055555556,3.3333333333,-5.026135794030e-03
4.3750000000,3.3333333333,-5.541898385630e-03
4.4444444444,3.3333333333,-6.062873352390e-03
4.5138888889,3.3333333333,-6.577449939800e-03
4.5833333333,3.3333333333,-7.071754250400e-03
4.6527777778,3.3333333333,-7.530099747500e-03
4.7222222222,3.3333333333,-7.935818269400e-03
4.7916666667,3.3333333333,-8.272431847800e-03
4.8611111111,3.3333333333,-8.525043739500e-03
4.9305555556,3.3333333333,-8.681754431900e-03
5.0000000000,3.3333333333,-8.734877255600e-03
5.0694444444,3.3333333333,-8.681754429700e-03
5.1388888889,3.3333333333,-8.525043734900e-03
5.2083333333,3.3333333333,-8.272431842400e-03
5.2777777778,3.3333333333,-7.935818264900e-03
5.3472222222,3.3333333333,-7.530099745300e-03
5.4166666667,3.3333333333,-7.071754249900e-03
5.4861111111,3.3333333333,-6.577449942200e-03
5.5555555556,3.3333333333,-6.062873356730e-03
5.6250000000,3.3333333333,-5.541898389510e-03
5.6944444444,3.3333333333,-5.026135797030e-03
5.7638888889,3.3333333333,-4.524833365760e-03
5.8333333333,3.3333333333,-4.045044801490e-03
5.9027777778,3.3333333333,-3.591952984870e-03
5.9722222222,3.3333333333,-3.169228413260e-03
6.0416666667,3.3333333333,-2.779330277130e-03
6.1111111111,3.3333333333,-2.423705453700e-03
6.1805555556,3.3333333333,-2.102889259580e-03
6.2500000000,3.3333333333,-1.816543866900e-03
6.3194444444,3.3333333333,-1.563481450590e-03
6.3888888889,3.3333333333,-1.341717347630e-03
6.4583333333,3.3333333333,-1.148593181000e-03
6.5277777778,3.3333333333,-9.809979754800e-04
6.5972222222,3.3333333333,-8.356817424900e-04
6.6666666667,3.3333333333,-7.095988528100e-04
6.7361111111,3.3333333333,-6.001726604500e-04
6.8055555556,3.3333333333,-5.053892166500e-04
6.8750000000,3.3333333333,-4.237132316100e-04
6.9444444444,3.3333333333,-3.539091506140e-04
7.0138888889,3.3333333333,-2.948676591900e-04
7.0833333333,3.3333333333,-2.454821005380e-04
7.1527777778,3.3333333333,-2.045674313490e-04
7.2222222222,3.3333333333,-1.708241142770e-04
7.2916666667,3.3333333333,-1.428837641520e-04
7.3611111111,3.3333333333,-1.194535373630e-04
7.4305555556,3.3333333333,-9.949674750400e-05
7.5000000000,3.3333333333,-8.233607148200e-05
7.5694444444,3.3333333333,-6.761445119700e-05
7.6388888889,3.3333333333,-5.515575165500e-05
7.7083333333,3.3333333333,-4.482456649400e-05
7.7777777778,3.3333333333,-3.644748223390e-05
7.8472222222,3.3333333333,-2.978871179390e-05
7.9166666667,3.3333333333,-2.455065201540e-05
7.9861111111,3.3333333333,-2.039531392970e-05
8.0555555556,3.3333333333,-1.699641865910e-05
8.1250000000,3.3333333333,-1.410632585940e-05
8.1944444444,3.3333333333,-1.159455845800e-05
8.2638888889,3.3333333333,-9.429489448100e-06
8.3333333333,3.3333333333,-7.620467130700e-06
8.4027777778,3.3333333333,-6.164807419200e-06
8.4722222222,3.3333333333,-5.028260149700e-06
8.5416666667,3.3333333333,-4.153355463150e-06
8.6111111111,3.3333333333,-3.474305742550e-06
8.6805555556,3.3333333333,-2.927068617330e-06
8.7500000000,3.3333333333,-2.457608086890e-06
8.8194444444,3.3333333333,-2.032155341720e-06
8.8888888889,3.3333333333,-1.644103389640e-06
8.9583333333,3.3333333333,-1.308644809550e-06
9.0277777778,3.3333333333,-1.045116406443e-06
9.0972222222,3.3333333333,-8.588764873680e-07
9.1666666667,3.3333333333,-7.356240375380e-07
9.2361111111,3.3333333333,-6.496549618060e-07
9.3055555556,3.3333333333,-5.763286386980e-07
9.3750000000,3.3333333333,-4.996981006000e-07
9.4444444444,3.3333333333,-4.150249416730e-07
9.5138888889,3.3333333333,-3.294964206580e-07
9.5833333333,3.3333333333,-2.595523035171e-07
9.6527777778,3.3333333333,-2.210864994287e-07
9.7222222222,3.3333333333,-2.168694848931e-07
9.7916666667,3.3333333333,-2.332711835690e-07
9.8611111111,3.3333333333,-2.513383796620e-07
9.9305555556,3.3333333333,-2.610377828860e-07
0.0000000000,3.4027777778,-2.721653751500e-07
0.0694444444,3.4027777778,-2.738161751400e-07
0.1388888889,3.4027777778,-2.727219818740e-07
0.2083333333,3.4027777778,-2.614046512630e-07
0.2777777778,3.4027777778,-2.474451914438e-07
0.3472222222,3.4027777778,-2.516036962092e-07
0.4166666667,3.4027777778,-2.888308946239e-07
0.4861111111,3.4027777778,-3.558501972560e-07
0.5555555556,3.4027777778,-4.380376528490e-07
0.6250000000,3.4027777778,-5.232353212700e-07
0.6944444444,3.4027777778,-6.070408747380e-07
0.7638888889,3.4027777778,-6.919875623880e-07
0.8333333333,3.4027777778,-7.903420067230e-07
0.9027777778,3.4027777778,-9.269745945870e-07
0.9722222222,3.4027777778,-1.130370960561e-06
1.0416666667,3.4027777778,-1.414109457140e-06
1.1111111111,3.4027777778,-1.768228580290e-06
1.1805555556,3.4027777778,-2.172648248010e-06
1.2500000000,3.4027777778,-2.620690380790e-06
1.3194444444,3.4027777778,-3.131476844570e-06
1.3888888889,3.4027777778,-3.745872690720e-06
1.4583333333,3.4027777778,-4.518030945700e-06
1.5277777778,3.4027777778,-5.511414909500e-06
1.5972222222,3.4027777778,-6.793325897100e-06
1.6666666667,3.4027777778,-8.419533331500e-06
1.7361111111,3.4027777778,-1.041615720030e-05
1.8055555556,3.4027777778,-1.278039293310e-05
1.8750000000,3.4027777778,-1.551509075970e-05
1.9444444444,3.4027777778,-1.868602574330e-05
2.0138888889,3.4027777778,-2.246708884060e-05
2.0833333333,3.4027777778,-2.714093942760e-05
2.1527777778,3.4027777778,-3.305253280580e-05
2.2222222222,3.4027777778,-4.054462509800e-05
2.2916666667,3.4027777778,-4.990912895900e-05
2.3611111111,3.4027777778,-6.136849450100e-05
2.4305555556,3.4027777778,-7.508903182900e-05
2.5000000000,3.4027777778,-9.123858452400e-05
2.5694444444,3.4027777778,-1.101034224560e-04
2.6388888889,3.4027777778,-1.322384520950e-04
2.7083333333,3.4027777778,-1.585673319630e-04
2.7777777778,3.4027777778,-1.903503265210e-04
2.8472222222,3.4027777778,-2.290247503040e-04
2.9166666667,3.4027777778,-2.760195253890e-04
2.9861111111,3.4027777778,-3.326527854900e-04
3.0555555556,3.4027777778,-4.001413074700e-04
3.1250000000,3.4027777778,-4.796834941300e-04
3.1944444444,3.4027777778,-5.725898595000e-04
3.2638888889,3.4027777778,-6.804724756900e-04
3.3333333333,3.4027777778,-8.054761562700e-04
3.4027777778,3.4027777778,-9.504488344600e-04
3.4722222222,3.4027777778,-1.118917323160e-03
3.5416666667,3.4027777778,-1.314825745770e-03
3.6111111111,3.4027777778,-1.542137715500e-03
3.6805555556,3.4027777778,-1.804469408930e-03
3.7500000000,3.4027777778,-2.104863898860e-03
3.8194444444,3.4027777778,-2.445710967620e-03
3.8888888889,3.4027777778,-2.828752457960e-03
3.9583333333,3.4027777778,-3.255106761330e-03
4.0277777778,3.4027777778,-3.725253302380e-03
4.0972222222,3.4027777778,-4.238910192930e-03
4.1666666667,3.4027777778,-4.794733633910e-03
4.2361111111,3.4027777778,-5.389798472960e-03
4.3055555556,3.4027777778,-6.018892938000e-03
4.3750000000,3.4027777778,-6.673753593300e-03
4.4444444444,3.4027777778,-7.342441528100e-03
4.5138888889,3.4027777778,-8.009084100600e-03
4.5833333333,3.4027777778,-8.654162230800e-03
4.6527777778,3.4027777778,-9.255420779600e-03
4.7222222222,3.4027777778,-9.789347203900e-03
4.7916666667,3.4027777778,-1.023303625200e-02
4.8611111111,3.4027777778,-1.056617013060e-02
4.9305555556,3.4027777778,-1.077282425390e-02
5.0000000000,3.4027777778,-1.084286690350e-02
5.0694444444,3.4027777778,-1.077282425490e-02
5.1388888889,3.4027777778,-1.056617013370e-02
5.2083333333,3.4027777778,-1.023303625700e-02
5.2777777778,3.4027777778,-9.789347212000e-03
5.3472222222,3.4027777778,-9.255420790400e-03
5.4166666667,3.4027777778,-8.654162244700e-03
5.4861111111,3.4027777778,-8.009084116100e-03
5.5555555556,3.4027777778,-7.342441544700e-03
5.6250000000,3.4027777778,-6.673753607300e-03
5.6944444444,3.4027777778,-6.018892950800e-03
5.7638888889,3.4027777778,-5.389798481540e-03
5.8333333333,3.4027777778,-4.794733639110e-03
5.9027777778,3.4027777778,-4.238910195060e-03
5.9722222222,3.4027777778,-3.725253302560e-03
6.0416666667,3.4027777778,-3.255106760220e-03
6.1111111111,3.4027777778,-2.828752456150e-03
6.1805555556,3.4027777778,-2.445710965110e-03
6.2500000000,3.4027777778,-2.104863895330e-03
6.3194444444,3.4027777778,-1.804469403830e-03
6.3888888889,3.4027777778,-1.542137708720e-03
6.4583333333,3.4027777778,-1.314825737640e-03
6.5277777778,3.4027777778,-1.118917314110e-03
6.5972222222,3.4027777778,-9.504488252100e-04
6.6666666667,3.4027777778,-8.054761475700e-04
6.7361111111,3.4027777778,-6.804724678200e-04
6.8055555556,3.4027777778,-5.725898525200e-04
6.8750000000,3.4027777778,-4.796834878500e-04
6.9444444444,3.4027777778,-4.001413015600e-04
7.0138888889,3.4027777778,-3.326527797090e-04
7.0833333333,3.4027777778,-2.760195197270e-04
7.1527777778,3.4027777778,-2.290247449090e-04
7.2222222222,3.4027777778,-1.903503216240e-04
7.2916666667,3.4027777778,-1.585673277410e-04
7.3611111111,3.4027777778,-1.322384485610e-04
7.4305555556,3.4027777778,-1.101034194560e-04
7.5000000000,3.4027777778,-9.123858183500e-05
7.5694444444,3.4027777778,-7.508902926300e-05
7.6388888889,3.4027777778,-6.136849198200e-05
7.7083333333,3.4027777778,-4.990912654800e-05
7.7777777778,3.4027777778,-4.054462294900e-05
7.8472222222,3.4027777778,-3.305253107120e-05
7.9166666667,3.4027777778,-2.714093815990e-05
7.9861111111,3.4027777778,-2.246708796470e-05
8.0555555556,3.4027777778,-1.868602508380e-05
8.1250000000,3.4027777778,-1.551509012340e-05
8.1944444444,3.4027777778,-1.278039219900e-05
8.2638888889,3.4027777778,-1.041615636890e-05
8.3333333333,3.4027777778,-8.419532514800e-06
8.4027777778,3.4027777778,-6.793325253800e-06
8.4722222222,3.4027777778,-5.511414559400e-06
8.5416666667,3.4027777778,-4.518030903400e-06
8.6111111111,3.4027777778,-3.745872854660e-06
8.6805555556,3.4027777778,-3.131477044570e-06
8.7500000000,3.4027777778,-2.620690459840e-06
8.8194444444,3.4027777778,-2.172648134880e-06
8.8888888889,3.4027777778,-1.768228319190e-06
8.9583333333,3.4027777778,-1.414109180010e-06
9.0277777778,3.4027777778,-1.130370818526e-06
9.0972222222,3.4027777778,-9.269746805010e-07
9.1666666667,3.4027777778,-7.903423073590e-07
9.2361111111,3.4027777778,-6.919879637120e-07
9.3055555556,3.4027777778,-6.070412175580e-07
9.3750000000,3.4027777778,-5.232354787070e-07
9.4444444444,3.4027777778,-4.380375911320e-07
9.5138888889,3.4027777778,-3.558499900120e-07
9.5833333333,3.4027777778,-2.888306844049e-07
9.6527777778,3.4027777778,-2.516036225553e-07
9.7222222222,3.4027777778,-2.474453209550e-07
9.7916666667,3.4027777778,-2.614049439440e-07
9.8611111111,3.4027777778,-2.727223108770e-07
9.9305555556,3.4027777778,-2.738163897300e-07
0.0000000000,3.4722222222,-2.850117500800e-07
0.0694444444,3.4722222222,-2.884827739300e-07
0.1388888889,3.4722222222,-2.910384055870e-07
0.2083333333,3.4722222222,-2.825669589530e-07
0.2777777778,3.4722222222,-2.708685114140e-07
0.3472222222,3.4722222222,-2.781618731062e-07
0.4166666667,3.4722222222,-3.181587015240e-07
0.4861111111,3.4722222222,-3.846858165550e-07
0.5555555556,3.4722222222,-4.636996316940e-07
0.6250000000,3.4722222222,-5.480101053700e-07
0.6944444444,3.4722222222,-6.370101177900e-07
0.7638888889,3.4722222222,-7.318972863400e-07
0.8333333333,3.4722222222,-8.419143770640e-07
0.9027777778,3.4722222222,-9.922132808070e-07
0.9722222222,3.4722222222,-1.213322084418e-06
1.0416666667,3.4722222222,-1.517573048480e-06
1.1111111111,3.4722222222,-1.891435772040e-06
1.1805555556,3.4722222222,-2.316111843300e-06
1.2500000000,3.4722222222,-2.793906434600e-06
1.3194444444,3.4722222222,-3.354135068480e-06
1.3888888889,3.4722222222,-4.042093024350e-06
1.4583333333,3.4722222222,-4.912395497300e-06
1.5277777778,3.4722222222,-6.030657673800e-06
1.5972222222,3.4722222222,-7.466471069000e-06
1.6666666667,3.4722222222,-9.270959645800e-06
1.7361111111,3.4722222222,-1.146011379770e-05
1.8055555556,3.4722222222,-1.403051516610e-05
1.8750000000,3.4722222222,-1.700764974910e-05
1.9444444444,3.4722222222,-2.049867747090e-05
2.0138888889,3.4722222222,-2.471821574140e-05
2.0833333333,3.4722222222,-2.997389662430e-05
2.1527777778,3.4722222222,-3.661941683100e-05
2.2222222222,3.4722222222,-4.499548054400e-05
2.2916666667,3.4722222222,-5.538267779500e-05
2.3611111111,3.4722222222,-6.798821435500e-05
2.4305555556,3.4722222222,-8.298440202100e-05
2.5000000000,3.4722222222,-1.006083449310e-04
2.5694444444,3.4722222222,-1.213072126360e-04
2.6388888889,3.4722222222,-1.458710948900e-04
2.7083333333,3.4722222222,-1.754706839350e-04
2.7777777778,3.4722222222,-2.115558533810e-04
2.8472222222,3.4722222222,-2.556639132170e-04
2.9166666667,3.4722222222,-3.092524256570e-04
2.9861111111,3.4722222222,-3.736450884000e-04
3.0555555556,3.4722222222,-4.500962267000e-04
3.1250000000,3.4722222222,-5.399360060900e-04
3.1944444444,3.4722222222,-6.447807716500e-04
3.2638888889,3.4722222222,-7.668010347900e-04
3.3333333333,3.4722222222,-9.089710655700e-04
3.4027777778,3.4722222222,-1.075147490510e-03
3.4722222222,3.4722222222,-1.269867010370e-03
3.5416666667,3.4722222222,-1.497923281530e-03
3.6111111111,3.4722222222,-1.763929785930e-03
3.6805555556,3.4722222222,-2.072058011330e-03
3.7500000000,3.4722222222,-2.425988827640e-03
3.8194444444,3.4722222222,-2.828983479610e-03
3.8888888889,3.4722222222,-3.283962437440e-03
3.9583333333,3.4722222222,-3.793524929050e-03
4.0277777778,3.4722222222,-4.359854025260e-03
4.0972222222,3.4722222222,-4.984418327400e-03
4.1666666667,3.4722222222,-5.667369694600e-03
4.2361111111,3.4722222222,-6.406601712700e-03
4.3055555556,3.4722222222,-7.196561510500e-03
4.3750000000,3.4722222222,-8.027042504600e-03
4.4444444444,3.4722222222,-8.882276446300e-03
4.5138888889,3.4722222222,-9.740654592600e-03
4.5833333333,3.4722222222,-1.057531978130e-02
4.6527777778,3.4722222222,-1.135569068280e-02
4.7222222222,3.4722222222,-1.204975351150e-02
4.7916666667,3.4722222222,-1.262676075850e-02
4.8611111111,3.4722222222,-1.305988638610e-02
4.9305555556,3.4722222222,-1.332844221580e-02
5.0000000000,3.4722222222,-1.341943510890e-02
5.0694444444,3.4722222222,-1.332844222580e-02
5.1388888889,3.4722222222,-1.305988640400e-02
5.2083333333,3.4722222222,-1.262676078330e-02
5.2777777778,3.4722222222,-1.204975354180e-02
5.3472222222,3.4722222222,-1.135569071880e-02
5.4166666667,3.4722222222,-1.057531981980e-02
5.4861111111,3.4722222222,-9.740654631800e-03
5.5555555556,3.4722222222,-8.882276483200e-03
5.6250000000,3.4722222222,-8.027042538100e-03
5.6944444444,3.4722222222,-7.196561538200e-03
5.7638888889,3.4722222222,-6.406601734100e-03
5.8333333333,3.4722222222,-5.667369709000e-03
5.9027777778,3.4722222222,-4.984418336450e-03
5.9722222222,3.4722222222,-4.359854029960e-03
6.0416666667,3.4722222222,-3.793524930700e-03
6.1111111111,3.4722222222,-3.283962437170e-03
6.1805555556,3.4722222222,-2.828983478080e-03
6.2500000000,3.4722222222,-2.425988824810e-03
6.3194444444,3.4722222222,-2.072058007100e-03
6.3888888889,3.4722222222,-1.763929779810e-03
6.4583333333,3.4722222222,-1.497923273870e-03
6.5277777778,3.4722222222,-1.269867001470e-03
6.5972222222,3.4722222222,-1.075147481120e-03
6.6666666667,3.4722222222,-9.089710563200e-04
6.7361111111,3.4722222222,-7.668010261800e-04
6.8055555556,3.4722222222,-6.447807638500e-04
6.8750000000,3.4722222222,-5.399359990400e-04
6.9444444444,3.4722222222,-4.500962202200e-04
7.0138888889,3.4722222222,-3.736450822700e-04
7.0833333333,3.4722222222,-3.092524197870e-04
7.1527777778,3.4722222222,-2.556639076640e-04
7.2222222222,3.4722222222,-2.115558483080e-04
7.2916666667,3.4722222222,-1.754706794570e-04
7.3611111111,3.4722222222,-1.458710910290e-04
7.4305555556,3.4722222222,-1.213072092960e-04
7.5000000000,3.4722222222,-1.006083419530e-04
7.5694444444,3.4722222222,-8.298439925200e-05
7.6388888889,3.4722222222,-6.798821172700e-05
7.7083333333,3.4722222222,-5.538267533900e-05
7.7777777778,3.4722222222,-4.499547836600e-05
7.8472222222,3.4722222222,-3.661941503400e-05
7.9166666667,3.4722222222,-2.997389524850e-05
7.9861111111,3.4722222222,-2.471821472430e-05
8.0555555556,3.4722222222,-2.049867667330e-05
8.1250000000,3.4722222222,-1.700764901510e-05
8.1944444444,3.4722222222,-1.403051439790e-05
8.2638888889,3.4722222222,-1.146011298780e-05
8.3333333333,3.4722222222,-9.270958875300e-06
8.4027777778,3.4722222222,-7.466470455900e-06
8.4722222222,3.4722222222,-6.030657308900e-06
8.5416666667,3.4722222222,-4.912395391300e-06
8.6111111111,3.4722222222,-4.042093097780e-06
8.6805555556,3.4722222222,-3.354135187450e-06
8.7500000000,3.4722222222,-2.793906473930e-06
8.8194444444,3.4722222222,-2.316111744670e-06
8.8888888889,3.4722222222,-1.891435566360e-06
8.9583333333,3.4722222222,-1.517572835820e-06
9.0277777778,3.4722222222,-1.213321980074e-06
9.0972222222,3.4722222222,-9.922133560810e-07
9.1666666667,3.4722222222,-8.419146218180e-07
9.2361111111,3.4722222222,-7.318976122040e-07
9.3055555556,3.4722222222,-6.370104007100e-07
9.3750000000,3.4722222222,-5.480102457300e-07
9.4444444444,3.4722222222,-4.636996019330e-07
9.5138888889,3.4722222222,-3.846856725580e-07
9.5833333333,3.4722222222,-3.181585528590e-07
9.6527777778,3.4722222222,-2.781618273293e-07
9.7222222222,3.4722222222,-2.708686200600e-07
9.7916666667,3.4722222222,-2.825671914490e-07
9.8611111111,3.4722222222,-2.910386641690e-07
9.9305555556,3.4722222222,-2.884829420600e-07
0.0000000000,3.5416666667,-3.012571355500e-07
0.0694444444,3.5416666667,-3.042818149500e-07
0.1388888889,3.5416666667,-3.056442033400e-07
0.2083333333,3.5416666667,-2.965356961710e-07
0.2777777778,3.5416666667,-2.872827160255e-07
0.3472222222,3.5416666667,-3.008016966751e-07
0.4166666667,3.5416666667,-3.473655064140e-07
0.4861111111,3.5416666667,-4.163526145150e-07
0.5555555556,3.5416666667,-4.936592050570e-07
0.6250000000,3.5416666667,-5.765839365900e-07
0.6944444444,3.5416666667,-6.682024175000e-07
0.7638888889,3.5416666667,-7.695547100710e-07
0.8333333333,3.5416666667,-8.889634891990e-07
0.9027777778,3.5416666667,-1.053008066478e-06
0.9722222222,3.5416666667,-1.293523497437e-06
1.0416666667,3.5416666667,-1.620557040940e-06
1.1111111111,3.5416666667,-2.017544560890e-06
1.1805555556,3.5416666667,-2.468219633880e-06
1.2500000000,3.5416666667,-2.983210602900e-06
1.3194444444,3.5416666667,-3.599175839700e-06
1.3888888889,3.5416666667,-4.363935703700e-06
1.4583333333,3.5416666667,-5.333834702800e-06
1.5277777778,3.5416666667,-6.578691125000e-06
1.5972222222,3.5416666667,-8.169342841100e-06
1.6666666667,3.5416666667,-1.014914171670e-05
1.7361111111,3.5416666667,-1.252475983900e-05
1.8055555556,3.5416666667,-1.530016011120e-05
1.8750000000,3.5416666667,-1.853353323190e-05
1.9444444444,3.5416666667,-2.237708062690e-05
2.0138888889,3.5416666667,-2.708113726470e-05
2.0833333333,3.5416666667,-3.297002150240e-05
2.1527777778,3.5416666667,-4.039937545600e-05
2.2222222222,3.5416666667,-4.970147445200e-05
2.2916666667,3.5416666667,-6.113911119600e-05
2.3611111111,3.5416666667,-7.490616742000e-05
2.4305555556,3.5416666667,-9.120369085400e-05
2.5000000000,3.5416666667,-1.103811216570e-04
2.5694444444,3.5416666667,-1.330887900700e-04
2.6388888889,3.5416666667,-1.603666203490e-04
2.7083333333,3.5416666667,-1.936112135000e-04
2.7777777778,3.5416666667,-2.344220483060e-04
2.8472222222,3.5416666667,-2.844009723110e-04
2.9166666667,3.5416666667,-3.450130203000e-04
2.9861111111,3.5416666667,-4.175804426700e-04
3.0555555556,3.5416666667,-5.034144919900e-04
3.1250000000,3.5416666667,-6.040548698900e-04
3.1944444444,3.5416666667,-7.215835593500e-04
3.2638888889,3.5416666667,-8.589457554800e-04
3.3333333333,3.5416666667,-1.020137645300e-03
3.4027777778,3.5416666667,-1.210109619180e-03
3.4722222222,3.5416666667,-1.434370693700e-03
3.5416666667,3.5416666667,-1.698485042910e-03
3.6111111111,3.5416666667,-2.007728241500e-03
3.6805555556,3.5416666667,-2.367033097710e-03
3.7500000000,3.5416666667,-2.781139317170e-03
3.8194444444,3.5416666667,-3.254767336280e-03
3.8888888889,3.5416666667,-3.792698101270e-03
3.9583333333,3.5416666667,-4.399717024350e-03
4.0277777778,3.5416666667,-5.080359586600e-03
4.0972222222,3.5416666667,-5.838328890800e-03
4.1666666667,3.5416666667,-6.675468054400e-03
4.2361111111,3.5416666667,-7.590302457600e-03
4.3055555556,3.5416666667,-8.576345337000e-03
4.3750000000,3.5416666667,-9.620499827900e-03
4.4444444444,3.5416666667,-1.070196071500e-02
4.5138888889,3.5416666667,-1.179201137000e-02
4.5833333333,3.5416666667,-1.285499858520e-02
4.6527777778,3.5416666667,-1.385053289450e-02
4.7222222222,3.5416666667,-1.473665300910e-02
4.7916666667,3.5416666667,-1.547342611800e-02
4.8611111111,3.5416666667,-1.602635486250e-02
4.9305555556,3.5416666667,-1.636908356060e-02
5.0000000000,3.5416666667,-1.648518286800e-02
5.0694444444,3.5416666667,-1.636908357840e-02
5.1388888889,3.5416666667,-1.602635489830e-02
5.2083333333,3.5416666667,-1.547342616770e-02
5.2777777778,3.5416666667,-1.473665307070e-02
5.3472222222,3.5416666667,-1.385053296090e-02
5.4166666667,3.5416666667,-1.285499865630e-02
5.4861111111,3.5416666667,-1.179201144080e-02
5.5555555556,3.5416666667,-1.070196078230e-02
5.6250000000,3.5416666667,-9.620499888600e-03
5.6944444444,3.5416666667,-8.576345387000e-03
5.7638888889,3.5416666667,-7.590302497100e-03
5.8333333333,3.5416666667,-6.675468083400e-03
5.9027777778,3.5416666667,-5.838328909900e-03
5.9722222222,3.5416666667,-5.080359598100e-03
6.0416666667,3.5416666667,-4.399717030100e-03
6.1111111111,3.5416666667,-3.792698103260e-03
6.1805555556,3.5416666667,-3.254767335820e-03
6.2500000000,3.5416666667,-2.781139315120e-03
6.3194444444,3.5416666667,-2.367033093990e-03
6.3888888889,3.5416666667,-2.007728236080e-03
6.4583333333,3.5416666667,-1.698485035780e-03
6.5277777778,3.5416666667,-1.434370685080e-03
6.5972222222,3.5416666667,-1.210109609770e-03
6.6666666667,3.5416666667,-1.020137635600e-03
6.7361111111,3.5416666667,-8.589457460800e-04
6.8055555556,3.5416666667,-7.215835507300e-04
6.8750000000,3.5416666667,-6.040548620600e-04
6.9444444444,3.5416666667,-5.034144848500e-04
7.0138888889,3.5416666667,-4.175804360900e-04
7.0833333333,3.5416666667,-3.450130141300e-04
7.1527777778,3.5416666667,-2.844009665520e-04
7.2222222222,3.5416666667,-2.344220430170e-04
7.2916666667,3.5416666667,-1.936112087580e-04
7.3611111111,3.5416666667,-1.603666161820e-04
7.4305555556,3.5416666667,-1.330887864180e-04
7.5000000000,3.5416666667,-1.103811184050e-04
7.5694444444,3.5416666667,-9.120368788300e-05
7.6388888889,3.5416666667,-7.490616467000e-05
7.7083333333,3.5416666667,-6.113910867300e-05
7.7777777778,3.5416666667,-4.970147222100e-05
7.8472222222,3.5416666667,-4.039937359000e-05
7.9166666667,3.5416666667,-3.297002002350e-05
7.9861111111,3.5416666667,-2.708113612210e-05
8.0555555556,3.5416666667,-2.237707971030e-05
8.1250000000,3.5416666667,-1.853353241540e-05
8.1944444444,3.5416666667,-1.530015931040e-05
8.2638888889,3.5416666667,-1.252475904260e-05
8.3333333333,3.5416666667,-1.014914097770e-05
8.4027777778,3.5416666667,-8.169342246200e-06
8.4722222222,3.5416666667,-6.578690741700e-06
8.5416666667,3.5416666667,-5.333834539900e-06
8.6111111111,3.5416666667,-4.363935700700e-06
8.6805555556,3.5416666667,-3.599175892210e-06
8.7500000000,3.5416666667,-2.983210611030e-06
8.8194444444,3.5416666667,-2.468219548260e-06
8.8888888889,3.5416666667,-2.017544401020e-06
8.9583333333,3.5416666667,-1.620556880200e-06
9.0277777778,3.5416666667,-1.293523422414e-06
9.0972222222,3.5416666667,-1.053008131324e-06
9.1666666667,3.5416666667,-8.889636867400e-07
9.2361111111,3.5416666667,-7.695549732220e-07
9.3055555556,3.5416666667,-6.682026509900e-07
9.3750000000,3.5416666667,-5.765840629000e-07
9.4444444444,3.5416666667,-4.936592013770e-07
9.5138888889,3.5416666667,-4.163525219890e-07
9.5833333333,3.5416666667,-3.473654076080e-07
9.6527777778,3.5416666667,-3.008016731388e-07
9.7222222222,3.5416666667,-2.872828071454e-07
9.7916666667,3.5416666667,-2.965358791970e-07
9.8611111111,3.5416666667,-3.056444042230e-07
9.9305555556,3.5416666667,-3.042819450300e-07
0.0000000000,3.6111111111,-3.139125194200e-07
0.0694444444,3.6111111111,-3.157056455680e-07
0.1388888889,3.6111111111,-3.147569772910e-07
0.2083333333,3.6111111111,-3.055814150980e-07
0.2777777778,3.6111111111,-3.011752088449e-07
0.3472222222,3.6111111111,-3.234928290293e-07
0.4166666667,3.6111111111,-3.783118838200e-07
0.4861111111,3.6111111111,-4.511161029860e-07
0.5555555556,3.6111111111,-5.281537497490e-07
0.6250000000,3.6111111111,-6.100044260400e-07
0.6944444444,3.6111111111,-7.020708956000e-07
0.7638888889,3.6111111111,-8.061776497050e-07
0.8333333333,3.6111111111,-9.325758026730e-07
0.9027777778,3.6111111111,-1.111007140661e-06
0.9722222222,3.6111111111,-1.373736981097e-06
1.0416666667,3.6111111111,-1.727012624820e-06
1.1111111111,3.6111111111,-2.151319023910e-06
1.1805555556,3.6111111111,-2.633653487860e-06
1.2500000000,3.6111111111,-3.191915672940e-06
1.3194444444,3.6111111111,-3.867562780310e-06
1.3888888889,3.6111111111,-4.709786006500e-06
1.4583333333,3.6111111111,-5.777719221900e-06
1.5277777778,3.6111111111,-7.145719025900e-06
1.5972222222,3.6111111111,-8.883580174000e-06
1.6666666667,3.6111111111,-1.102547722500e-05
1.7361111111,3.6111111111,-1.357338818000e-05
1.8055555556,3.6111111111,-1.654826942950e-05
1.8750000000,3.6111111111,-2.004793610940e-05
1.9444444444,3.6111111111,-2.426839958720e-05
2.0138888889,3.6111111111,-2.948942221230e-05
2.0833333333,3.6111111111,-3.604699400600e-05
2.1527777778,3.6111111111,-4.429543384200e-05
2.2222222222,3.6111111111,-5.455316196900e-05
2.2916666667,3.6111111111,-6.706038307900e-05
2.3611111111,3.6111111111,-8.200621192300e-05
2.4305555556,3.6111111111,-9.965100235200e-05
2.5000000000,3.6111111111,-1.204978372930e-04
2.5694444444,3.6111111111,-1.454256322860e-04
2.6388888889,3.6111111111,-1.757156600970e-04
2.7083333333,3.6111111111,-2.129552169360e-04
2.7777777778,3.6111111111,-2.588538204400e-04
2.8472222222,3.6111111111,-3.150486705000e-04
2.9166666667,3.6111111111,-3.829953157800e-04
2.9861111111,3.6111111111,-4.640180003600e-04
3.0555555556,3.6111111111,-5.595381196600e-04
3.1250000000,3.6111111111,-6.714390923900e-04
3.1944444444,3.6111111111,-8.024735667700e-04
3.2638888889,3.6111111111,-9.565664763700e-04
3.3333333333,3.6111111111,-1.138848018200e-03
3.4027777778,3.6111111111,-1.355340418420e-03
3.4722222222,3.6111111111,-1.612425118180e-03
3.5416666667,3.6111111111,-1.916383893750e-03
3.6111111111,3.6111111111,-2.273262785520e-03
3.6805555556,3.6111111111,-2.689067314920e-03
3.7500000000,3.6111111111,-3.170082062600e-03
3.8194444444,3.6111111111,-3.723094877520e-03
3.8888888889,3.6111111111,-4.355428924200e-03
3.9583333333,3.6111111111,-5.074744576800e-03
4.0277777778,3.6111111111,-5.888505448200e-03
4.0972222222,3.6111111111,-6.802950198500e-03
4.1666666667,3.6111111111,-7.821512370200e-03
4.2361111111,3.6111111111,-8.942838447100e-03
4.3055555556,3.6111111111,-1.015871711240e-02
4.3750000000,3.6111111111,-1.145228647380e-02
4.4444444444,3.6111111111,-1.279689226750e-02
4.5138888889,3.6111111111,-1.415597549800e-02
4.5833333333,3.6111111111,-1.548431012690e-02
4.6527777778,3.6111111111,-1.673069738780e-02
4.7222222222,3.6111111111,-1.784186675200e-02
4.7916666667,3.6111111111,-1.876698073920e-02
4.8611111111,3.6111111111,-1.946197368250e-02
4.9305555556,3.6111111111,-1.989306906990e-02
5.0000000000,3.6111111111,-2.003915637460e-02
5.0694444444,3.6111111111,-1.989306909730e-02
5.1388888889,3.6111111111,-1.946197373570e-02
5.2083333333,3.6111111111,-1.876698081470e-02
5.2777777778,3.6111111111,-1.784186684350e-02
5.3472222222,3.6111111111,-1.673069748990e-02
5.4166666667,3.6111111111,-1.548431023470e-02
5.4861111111,3.6111111111,-1.415597560530e-02
5.5555555556,3.6111111111,-1.279689237040e-02
5.6250000000,3.6111111111,-1.145228656900e-02
5.6944444444,3.6111111111,-1.015871719450e-02
5.7638888889,3.6111111111,-8.942838513600e-03
5.8333333333,3.6111111111,-7.821512420000e-03
5.9027777778,3.6111111111,-6.802950232300e-03
5.9722222222,3.6111111111,-5.888505469100e-03
6.0416666667,3.6111111111,-5.074744588500e-03
6.1111111111,3.6111111111,-4.355428929500e-03
6.1805555556,3.6111111111,-3.723094878830e-03
6.2500000000,3.6111111111,-3.170082061510e-03
6.3194444444,3.6111111111,-2.689067311740e-03
6.3888888889,3.6111111111,-2.273262780540e-03
6.4583333333,3.6111111111,-1.916383886970e-03
6.5277777778,3.6111111111,-1.612425109650e-03
6.5972222222,3.6111111111,-1.355340408850e-03
6.6666666667,3.6111111111,-1.138848008210e-03
6.7361111111,3.6111111111,-9.565664666400e-04
6.8055555556,3.6111111111,-8.024735575200e-04
6.8750000000,3.6111111111,-6.714390839400e-04
6.9444444444,3.6111111111,-5.595381119300e-04
7.0138888889,3.6111111111,-4.640179931900e-04
7.0833333333,3.6111111111,-3.829953090700e-04
7.1527777778,3.6111111111,-3.150486642700e-04
7.2222222222,3.6111111111,-2.588538147870e-04
7.2916666667,3.6111111111,-2.129552119240e-04
7.3611111111,3.6111111111,-1.757156557530e-04
7.4305555556,3.6111111111,-1.454256284900e-04
7.5000000000,3.6111111111,-1.204978339020e-04
7.5694444444,3.6111111111,-9.965099921700e-05
7.6388888889,3.6111111111,-8.200620896700e-05
7.7083333333,3.6111111111,-6.706038033900e-05
7.7777777778,3.6111111111,-5.455315954600e-05
7.8472222222,3.6111111111,-4.429543184200e-05
7.9166666667,3.6111111111,-3.604699246800e-05
7.9861111111,3.6111111111,-2.948942107220e-05
8.0555555556,3.6111111111,-2.426839869620e-05
8.1250000000,3.6111111111,-2.004793530160e-05
8.1944444444,3.6111111111,-1.654826859190e-05
8.2638888889,3.6111111111,-1.357338730000e-05
8.3333333333,3.6111111111,-1.102547638250e-05
8.4027777778,3.6111111111,-8.883579491300e-06
8.4722222222,3.6111111111,-7.145718599500e-06
8.5416666667,3.6111111111,-5.777719069200e-06
8.6111111111,3.6111111111,-4.709786050900e-06
8.6805555556,3.6111111111,-3.867562885360e-06
8.7500000000,3.6111111111,-3.191915705980e-06
8.8194444444,3.6111111111,-2.633653382170e-06
8.8888888889,3.6111111111,-2.151318806020e-06
8.9583333333,3.6111111111,-1.727012394760e-06
9.0277777778,3.6111111111,-1.373736857525e-06
9.0972222222,3.6111111111,-1.111007199131e-06
9.1666666667,3.6111111111,-9.325760359930e-07
9.2361111111,3.6111111111,-8.061779700530e-07
9.3055555556,3.6111111111,-7.020711767100e-07
9.3750000000,3.6111111111,-6.100045646600e-07
9.4444444444,3.6111111111,-5.281537154840e-07
9.5138888889,3.6111111111,-4.511159512230e-07
9.5833333333,3.6111111111,-3.783117259150e-07
9.6527777778,3.6111111111,-3.234927751954e-07
9.7222222222,3.6111111111,-3.011753127272e-07
9.7916666667,3.6111111111,-3.055816465980e-07
9.8611111111,3.6111111111,-3.147572373630e-07
9.9305555556,3.6111111111,-3.157058153150e-07
0.0000000000,3.6805555556,-3.209850286650e-07
0.0694444444,3.6805555556,-3.224054205860e-07
0.1388888889,3.6805555556,-3.219886560230e-07
0.2083333333,3.6805555556,-3.172118259240e-07
0.2777777778,3.6805555556,-3.215253612237e-07
0.3472222222,3.6805555556,-3.535052637025e-07
0.4166666667,3.6805555556,-4.146938782270e-07
0.4861111111,3.6805555556,-4.894450913220e-07
0.5555555556,3.6805555556,-5.661500912100e-07
0.6250000000,3.6805555556,-6.473998840000e-07
0.6944444444,3.6805555556,-7.388392204100e-07
0.7638888889,3.6805555556,-8.434842786460e-07
0.8333333333,3.6805555556,-9.760347038430e-07
0.9027777778,3.6805555556,-1.170687965718e-06
0.9722222222,3.6805555556,-1.458852066233e-06
1.0416666667,3.6805555556,-1.841405129090e-06
1.1111111111,3.6805555556,-2.296110082580e-06
1.1805555556,3.6805555556,-2.813979395540e-06
1.2500000000,3.6805555556,-3.419255038580e-06
1.3194444444,3.6805555556,-4.156222319200e-06
1.3888888889,3.6805555556,-5.074675919800e-06
1.4583333333,3.6805555556,-6.236684157400e-06
1.5277777778,3.6805555556,-7.719764351600e-06
1.5972222222,3.6805555556,-9.590328850500e-06
1.6666666667,3.6805555556,-1.187487961300e-05
1.7361111111,3.6805555556,-1.457855960750e-05
1.8055555556,3.6805555556,-1.774825617180e-05
1.8750000000,3.6805555556,-2.152338114350e-05
1.9444444444,3.6805555556,-2.613803820050e-05
2.0138888889,3.6805555556,-3.189539816600e-05
2.0833333333,3.6805555556,-3.914182316700e-05
2.1527777778,3.6805555556,-4.822990013500e-05
2.2222222222,3.6805555556,-5.946034645300e-05
2.2916666667,3.6805555556,-7.305027343600e-05
2.3611111111,3.6805555556,-8.920017276400e-05
2.4305555556,3.6805555556,-1.082634359230e-04
2.5000000000,3.6805555556,-1.309280851750e-04
2.5694444444,3.6805555556,-1.583060429980e-04
2.6388888889,3.6805555556,-1.918926589080e-04
2.7083333333,3.6805555556,-2.334242402720e-04
2.7777777778,3.6805555556,-2.846829911240e-04
2.8472222222,3.6805555556,-3.473142047100e-04
2.9166666667,3.6805555556,-4.227518776900e-04
2.9861111111,3.6805555556,-5.123500751100e-04
3.0555555556,3.6805555556,-6.177440476600e-04
3.1250000000,3.6805555556,-7.413465317200e-04
3.1944444444,3.6805555556,-8.867922738100e-04
3.2638888889,3.6805555556,-1.059127221910e-03
3.3333333333,3.6805555556,-1.264620677340e-03
3.4027777778,3.6805555556,-1.510258058110e-03
3.4722222222,3.6805555556,-1.803174028810e-03
3.5416666667,3.6805555556,-2.150354167820e-03
3.6111111111,3.6805555556,-2.558769276150e-03
3.6805555556,3.6805555556,-3.035820482890e-03
3.7500000000,3.6805555556,-3.589806584540e-03
3.8194444444,3.6805555556,-4.230180361100e-03
3.8888888889,3.6805555556,-4.967489043100e-03
3.9583333333,3.6805555556,-5.812910786300e-03
4.0277777778,3.6805555556,-6.777240557500e-03
4.0972222222,3.6805555556,-7.869238215600e-03
4.1666666667,3.6805555556,-9.093480295600e-03
4.2361111111,3.6805555556,-1.044806363810e-02
4.3055555556,3.6805555556,-1.192250631990e-02
4.3750000000,3.6805555556,-1.349604857350e-02
4.4444444444,3.6805555556,-1.513650785270e-02
4.5138888889,3.6805555556,-1.679997983650e-02
4.5833333333,3.6805555556,-1.843182852490e-02
4.6527777778,3.6805555556,-1.996933048670e-02
4.7222222222,3.6805555556,-2.134596997030e-02
4.7916666667,3.6805555556,-2.249689004960e-02
4.8611111111,3.6805555556,-2.336464383790e-02
4.9305555556,3.6805555556,-2.390433394140e-02
5.0000000000,3.6805555556,-2.408747965070e-02
5.0694444444,3.6805555556,-2.390433397610e-02
5.1388888889,3.6805555556,-2.336464390510e-02
5.2083333333,3.6805555556,-2.249689014440e-02
5.2777777778,3.6805555556,-2.134597008850e-02
5.3472222222,3.6805555556,-1.996933062140e-02
5.4166666667,3.6805555556,-1.843182866990e-02
5.4861111111,3.6805555556,-1.679997998670e-02
5.5555555556,3.6805555556,-1.513650800070e-02
5.6250000000,3.6805555556,-1.349604871130e-02
5.6944444444,3.6805555556,-1.192250644160e-02
5.7638888889,3.6805555556,-1.044806373950e-02
5.8333333333,3.6805555556,-9.093480372100e-03
5.9027777778,3.6805555556,-7.869238268800e-03
5.9722222222,3.6805555556,-6.777240591900e-03
6.0416666667,3.6805555556,-5.812910807000e-03
6.1111111111,3.6805555556,-4.967489053500e-03
6.1805555556,3.6805555556,-4.230180365400e-03
6.2500000000,3.6805555556,-3.589806585040e-03
6.3194444444,3.6805555556,-3.035820480670e-03
6.3888888889,3.6805555556,-2.558769271430e-03
6.4583333333,3.6805555556,-2.150354160810e-03
6.5277777778,3.6805555556,-1.803174019910e-03
6.5972222222,3.6805555556,-1.510258048030e-03
6.6666666667,3.6805555556,-1.264620666940e-03
6.7361111111,3.6805555556,-1.059127211800e-03
6.8055555556,3.6805555556,-8.867922643700e-04
6.8750000000,3.6805555556,-7.413465229800e-04
6.9444444444,3.6805555556,-6.177440394000e-04
7.0138888889,3.6805555556,-5.123500671800e-04
7.0833333333,3.6805555556,-4.227518701000e-04
7.1527777778,3.6805555556,-3.473141976400e-04
7.2222222222,3.6805555556,-2.846829848420e-04
7.2916666667,3.6805555556,-2.334242349740e-04
7.3611111111,3.6805555556,-1.918926545730e-04
7.4305555556,3.6805555556,-1.583060393650e-04
7.5000000000,3.6805555556,-1.309280818800e-04
7.5694444444,3.6805555556,-1.082634326670e-04
7.6388888889,3.6805555556,-8.920016946200e-05
7.7083333333,3.6805555556,-7.305027021700e-05
7.7777777778,3.6805555556,-5.946034359300e-05
7.8472222222,3.6805555556,-4.822989789300e-05
7.9166666667,3.6805555556,-3.914182164800e-05
7.9861111111,3.6805555556,-3.189539724600e-05
8.0555555556,3.6805555556,-2.613803758550e-05
8.1250000000,3.6805555556,-2.152338050010e-05
8.1944444444,3.6805555556,-1.774825528800e-05
8.2638888889,3.6805555556,-1.457855847920e-05
8.3333333333,3.6805555556,-1.187487843240e-05
8.4027777778,3.6805555556,-9.590327894700e-06
8.4722222222,3.6805555556,-7.719763837800e-06
8.5416666667,3.6805555556,-6.236684130500e-06
8.6111111111,3.6805555556,-5.074676227200e-06
8.6805555556,3.6805555556,-4.156222683800e-06
8.7500000000,3.6805555556,-3.419255193100e-06
8.8194444444,3.6805555556,-2.813979210850e-06
8.8888888889,3.6805555556,-2.296109624120e-06
8.9583333333,3.6805555556,-1.841404616580e-06
9.0277777778,3.6805555556,-1.458851757195e-06
9.0972222222,3.6805555556,-1.170688024053e-06
9.1666666667,3.6805555556,-9.760351176820e-07
9.2361111111,3.6805555556,-8.434848659690e-07
9.3055555556,3.6805555556,-7.388397192200e-07
9.3750000000,3.6805555556,-6.474000814600e-07
9.4444444444,3.6805555556,-5.661499275300e-07
9.5138888889,3.6805555556,-4.894446867730e-07
9.5833333333,3.6805555556,-4.146934704440e-07
9.6527777778,3.6805555556,-3.535050872751e-07
9.7222222222,3.6805555556,-3.215255301607e-07
9.7916666667,3.6805555556,-3.172122766920e-07
9.8611111111,3.6805555556,-3.219891793350e-07
9.9305555556,3.6805555556,-3.224057657830e-07
0.0000000000,3.7500000000,-3.266247428790e-07
0.0694444444,3.7500000000,-3.291579497360e-07
0.1388888889,3.7500000000,-3.334892782410e-07
0.2083333333,3.7500000000,-3.385500827790e-07
0.2777777778,3.7500000000,-3.550856369677e-07
0.3472222222,3.7500000000,-3.957849610765e-07
0.4166666667,3.7500000000,-4.589207841580e-07
0.4861111111,3.7500000000,-5.314020592860e-07
0.5555555556,3.7500000000,-6.062435791500e-07
0.6250000000,3.7500000000,-6.872277068700e-07
0.6944444444,3.7500000000,-7.783542410400e-07
0.7638888889,3.7500000000,-8.838251154790e-07
0.8333333333,3.7500000000,-1.024089576470e-06
0.9027777778,3.7500000000,-1.237721862153e-06
0.9722222222,3.7500000000,-1.553519860970e-06
1.0416666667,3.7500000000,-1.966082210580e-06
1.1111111111,3.7500000000,-2.451570969550e-06
1.1805555556,3.7500000000,-3.006140788230e-06
1.2500000000,3.7500000000,-3.659605066010e-06
1.3194444444,3.7500000000,-4.457514870400e-06
1.3888888889,3.7500000000,-5.449637868500e-06
1.4583333333,3.7500000000,-6.700289793300e-06
1.5277777778,3.7500000000,-8.287857040000e-06
1.5972222222,3.7500000000,-1.027392370190e-05
1.6666666667,3.7500000000,-1.268141226340e-05
1.7361111111,3.7500000000,-1.552765647270e-05
1.8055555556,3.7500000000,-1.889162515810e-05
1.8750000000,3.7500000000,-2.295150625520e-05
1.9444444444,3.7500000000,-2.797164523510e-05
2.0138888889,3.7500000000,-3.427469021600e-05
2.0833333333,3.7500000000,-4.221910792000e-05
2.1527777778,3.7500000000,-5.215655229500e-05
2.2222222222,3.7500000000,-6.436792066500e-05
2.2916666667,3.7500000000,-7.905238096700e-05
2.3611111111,3.7500000000,-9.644411034500e-05
2.4305555556,3.7500000000,-1.170205636800e-04
2.5000000000,3.7500000000,-1.416703593870e-04
2.5694444444,3.7500000000,-1.717228275740e-04
2.6388888889,3.7500000000,-2.088485206750e-04
2.7083333333,3.7500000000,-2.548903377920e-04
2.7777777778,3.7500000000,-3.116675486900e-04
2.8472222222,3.7500000000,-3.808074126500e-04
2.9166666667,3.7500000000,-4.637232896100e-04
2.9861111111,3.7500000000,-5.618646757500e-04
3.0555555556,3.7500000000,-6.772341200600e-04
3.1250000000,3.7500000000,-8.129799600600e-04
3.1944444444,3.7500000000,-9.737871366600e-04
3.2638888889,3.7500000000,-1.165866065400e-03
3.3333333333,3.7500000000,-1.396530294180e-03
3.4027777778,3.7500000000,-1.673566701110e-03
3.4722222222,3.7500000000,-2.004738601710e-03
3.5416666667,3.7500000000,-2.397721284020e-03
3.6111111111,3.7500000000,-2.860533411440e-03
3.6805555556,3.7500000000,-3.402243789200e-03
3.7500000000,3.7500000000,-4.033605542100e-03
3.8194444444,3.7500000000,-4.767335165300e-03
3.8888888889,3.7500000000,-5.617854034500e-03
3.9583333333,3.7500000000,-6.600338949500e-03
4.0277777778,3.7500000000,-7.728999406700e-03
4.0972222222,3.7500000000,-9.014749754100e-03
4.1666666667,3.7500000000,-1.046274109570e-02
4.2361111111,3.7500000000,-1.207023735040e-02
4.3055555556,3.7500000000,-1.382496777370e-02
4.3750000000,3.7500000000,-1.570370079550e-02
4.4444444444,3.7500000000,-1.767079876730e-02
4.5138888889,3.7500000000,-1.967698693860e-02
4.5833333333,3.7500000000,-2.165911559400e-02
4.6527777778,3.7500000000,-2.354186151460e-02
4.7222222222,3.7500000000,-2.524195262670e-02
4.7916666667,3.7500000000,-2.667478344660e-02
4.8611111111,3.7500000000,-2.776253831470e-02
4.9305555556,3.7500000000,-2.844245360140e-02
5.0000000000,3.7500000000,-2.867379520110e-02
5.0694444444,3.7500000000,-2.844245364090e-02
5.1388888889,3.7500000000,-2.776253838980e-02
5.2083333333,3.7500000000,-2.667478355570e-02
5.2777777778,3.7500000000,-2.524195276600e-02
5.3472222222,3.7500000000,-2.354186167790e-02
5.4166666667,3.7500000000,-2.165911577660e-02
5.4861111111,3.7500000000,-1.967698713370e-02
5.5555555556,3.7500000000,-1.767079896560e-02
5.6250000000,3.7500000000,-1.570370098520e-02
5.6944444444,3.7500000000,-1.382496794380e-02
5.7638888889,3.7500000000,-1.207023749370e-02
5.8333333333,3.7500000000,-1.046274120670e-02
5.9027777778,3.7500000000,-9.014749833800e-03
5.9722222222,3.7500000000,-7.728999458400e-03
6.0416666667,3.7500000000,-6.600338981900e-03
6.1111111111,3.7500000000,-5.617854052800e-03
6.1805555556,3.7500000000,-4.767335174300e-03
6.2500000000,3.7500000000,-4.033605545400e-03
6.3194444444,3.7500000000,-3.402243788300e-03
6.3888888889,3.7500000000,-2.860533406900e-03
6.4583333333,3.7500000000,-2.397721276400e-03
6.5277777778,3.7500000000,-2.004738591680e-03
6.5972222222,3.7500000000,-1.673566690050e-03
6.6666666667,3.7500000000,-1.396530283190e-03
6.7361111111,3.7500000000,-1.165866055240e-03
6.8055555556,3.7500000000,-9.737871274500e-04
6.8750000000,3.7500000000,-8.129799514200e-04
6.9444444444,3.7500000000,-6.772341114400e-04
7.0138888889,3.7500000000,-5.618646668900e-04
7.0833333333,3.7500000000,-4.637232807100e-04
7.1527777778,3.7500000000,-3.808074042800e-04
7.2222222222,3.7500000000,-3.116675415100e-04
7.2916666667,3.7500000000,-2.548903322020e-04
7.3611111111,3.7500000000,-2.088485165870e-04
7.4305555556,3.7500000000,-1.717228244390e-04
7.5000000000,3.7500000000,-1.416703564680e-04
7.5694444444,3.7500000000,-1.170205603880e-04
7.6388888889,3.7500000000,-9.644410653600e-05
7.7083333333,3.7500000000,-7.905237696700e-05
7.7777777778,3.7500000000,-6.436791707400e-05
7.8472222222,3.7500000000,-5.215654967500e-05
7.9166666667,3.7500000000,-4.221910649800e-05
7.9861111111,3.7500000000,-3.427468976700e-05
8.0555555556,3.7500000000,-2.797164518690e-05
8.1250000000,3.7500000000,-2.295150596510e-05
8.1944444444,3.7500000000,-1.889162422030e-05
8.2638888889,3.7500000000,-1.552765490350e-05
8.3333333333,3.7500000000,-1.268141046750e-05
8.4027777778,3.7500000000,-1.027392225130e-05
8.4722222222,3.7500000000,-8.287856382100e-06
8.5416666667,3.7500000000,-6.700290025100e-06
8.6111111111,3.7500000000,-5.449638691400e-06
8.6805555556,3.7500000000,-4.457515739500e-06
8.7500000000,3.7500000000,-3.659605458060e-06
8.8194444444,3.7500000000,-3.006140456340e-06
8.8888888889,3.7500000000,-2.451570055570e-06
8.9583333333,3.7500000000,-1.966081162980e-06
9.0277777778,3.7500000000,-1.553519202330e-06
9.0972222222,3.7500000000,-1.237721925677e-06
9.1666666667,3.7500000000,-1.024090340659e-06
9.2361111111,3.7500000000,-8.838262178150e-07
9.3055555556,3.7500000000,-7.783551597200e-07
9.3750000000,3.7500000000,-6.872280195700e-07
9.4444444444,3.7500000000,-6.062431701900e-07
9.5138888889,3.7500000000,-5.314011732610e-07
9.5833333333,3.7500000000,-4.589199003700e-07
9.6527777778,3.7500000000,-3.957845519864e-07
9.7222222222,3.7500000000,-3.550859319260e-07
9.7916666667,3.7500000000,-3.385509541460e-07
9.8611111111,3.7500000000,-3.334903058300e-07
9.9305555556,3.7500000000,-3.291586308790e-07
0.0000000000,3.8194444444,-3.337881547950e-07
0.0694444444,3.8194444444,-3.382191907930e-07
0.1388888889,3.8194444444,-3.496385135610e-07
0.2083333333,3.8194444444,-3.676435318260e-07
0.2777777778,3.8194444444,-3.981773641370e-07
0.3472222222,3.8194444444,-4.462905492300e-07
0.4166666667,3.8194444444,-5.077303699990e-07
0.4861111111,3.8194444444,-5.746518972100e-07
0.5555555556,3.8194444444,-6.465391761200e-07
0.6250000000,3.8194444444,-7.280673653500e-07
0.6944444444,3.8194444444,-8.206998315000e-07
0.7638888889,3.8194444444,-9.297679779200e-07
0.8333333333,3.8194444444,-1.081236781140e-06
0.9027777778,3.8194444444,-1.316350151949e-06
0.9722222222,3.8194444444,-1.659451380650e-06
1.0416666667,3.8194444444,-2.099299620640e-06
1.1111111111,3.8194444444,-2.612825810450e-06
1.1805555556,3.8194444444,-3.202674870660e-06
1.2500000000,3.8194444444,-3.903267121000e-06
1.3194444444,3.8194444444,-4.760050758300e-06
1.3888888889,3.8194444444,-5.822435449000e-06
1.4583333333,3.8194444444,-7.156201313700e-06
1.5277777778,3.8194444444,-8.838432261600e-06
1.5972222222,3.8194444444,-1.092556531460e-05
1.6666666667,3.8194444444,-1.344207044880e-05
1.7361111111,3.8194444444,-1.642509914050e-05
1.8055555556,3.8194444444,-1.998794108550e-05
1.8750000000,3.8194444444,-2.434173243100e-05
1.9444444444,3.8194444444,-2.977406251600e-05
2.0138888889,3.8194444444,-3.662616637100e-05
2.0833333333,3.8194444444,-4.527152606100e-05
2.1527777778,3.8194444444,-5.606084610000e-05
2.2222222222,3.8194444444,-6.925480080000e-05
2.2916666667,3.8194444444,-8.504565913500e-05
2.3611111111,3.8194444444,-1.037270337060e-04
2.4305555556,3.8194444444,-1.259240157710e-04
2.5000000000,3.8194444444,-1.527245295980e-04
2.5694444444,3.8194444444,-1.856449441380e-04
2.6388888889,3.8194444444,-2.264880506780e-04
2.7083333333,3.8194444444,-2.771633662800e-04
2.7777777778,3.8194444444,-3.394929758200e-04
2.8472222222,3.8194444444,-4.150651557700e-04
2.9166666667,3.8194444444,-5.052970313300e-04
2.9861111111,3.8194444444,-6.118406542100e-04
3.0555555556,3.8194444444,-7.372484541000e-04
3.1250000000,3.8194444444,-8.855877893700e-04
3.1944444444,3.8194444444,-1.062679242280e-03
3.2638888889,3.8194444444,-1.275836993070e-03
3.3333333333,3.8194444444,-1.533247976260e-03
3.4027777778,3.8194444444,-1.843303157410e-03
3.4722222222,3.8194444444,-2.214241710340e-03
3.5416666667,3.8194444444,-2.654359760170e-03
3.6111111111,3.8194444444,-3.172775706200e-03
3.6805555556,3.8194444444,-3.780453702900e-03
3.7500000000,3.8194444444,-4.491036857700e-03
3.8194444444,3.8194444444,-5.321075295800e-03
3.8888888889,3.8194444444,-6.289354522100e-03
3.9583333333,3.8194444444,-7.415199719400e-03
4.0277777778,3.8194444444,-8.715940947500e-03
4.0972222222,3.8194444444,-1.020413874680e-02
4.1666666667,3.8194444444,-1.188535003550e-02
4.2361111111,3.8194444444,-1.375681665210e-02
4.3055555556,3.8194444444,-1.580664556660e-02
4.3750000000,3.8194444444,-1.801250142430e-02
4.4444444444,3.8194444444,-2.033912089460e-02
4.5138888889,3.8194444444,-2.273497503100e-02
4.5833333333,3.8194444444,-2.512947922090e-02
4.6527777778,3.8194444444,-2.743264005520e-02
4.7222222222,3.8194444444,-2.953870605270e-02
4.7916666667,3.8194444444,-3.133438126710e-02
4.8611111111,3.8194444444,-3.271078600670e-02
4.9305555556,3.8194444444,-3.357706869650e-02
5.0000000000,3.8194444444,-3.387288035220e-02
5.0694444444,3.8194444444,-3.357706873910e-02
5.1388888889,3.8194444444,-3.271078608860e-02
5.2083333333,3.8194444444,-3.133438138800e-02
5.2777777778,3.8194444444,-2.953870620860e-02
5.3472222222,3.8194444444,-2.743264024320e-02
5.4166666667,3.8194444444,-2.512947943820e-02
5.4861111111,3.8194444444,-2.273497527140e-02
5.5555555556,3.8194444444,-2.033912114600e-02
5.6250000000,3.8194444444,-1.801250167140e-02
5.6944444444,3.8194444444,-1.580664579600e-02
5.7638888889,3.8194444444,-1.375681684730e-02
5.8333333333,3.8194444444,-1.188535018980e-02
5.9027777778,3.8194444444,-1.020413885930e-02
5.9722222222,3.8194444444,-8.715941023300e-03
6.0416666667,3.8194444444,-7.415199767000e-03
6.1111111111,3.8194444444,-6.289354550200e-03
6.1805555556,3.8194444444,-5.321075311700e-03
6.2500000000,3.8194444444,-4.491036865200e-03
6.3194444444,3.8194444444,-3.780453703900e-03
6.3888888889,3.8194444444,-3.172775701700e-03
6.4583333333,3.8194444444,-2.654359751430e-03
6.5277777778,3.8194444444,-2.214241698790e-03
6.5972222222,3.8194444444,-1.843303144910e-03
6.6666666667,3.8194444444,-1.533247964650e-03
6.7361111111,3.8194444444,-1.275836983100e-03
6.8055555556,3.8194444444,-1.062679233740e-03
6.8750000000,3.8194444444,-8.855877812200e-04
6.9444444444,3.8194444444,-7.372484453200e-04
7.0138888889,3.8194444444,-6.118406443300e-04
7.0833333333,3.8194444444,-5.052970208000e-04
7.1527777778,3.8194444444,-4.150651457000e-04
7.2222222222,3.8194444444,-3.394929674500e-04
7.2916666667,3.8194444444,-2.771633603300e-04
7.3611111111,3.8194444444,-2.264880470130e-04
7.4305555556,3.8194444444,-1.856449418140e-04
7.5000000000,3.8194444444,-1.527245273110e-04
7.5694444444,3.8194444444,-1.259240125260e-04
7.6388888889,3.8194444444,-1.037270292670e-04
7.7083333333,3.8194444444,-8.504565407900e-05
7.7777777778,3.8194444444,-6.925479620400e-05
7.8472222222,3.8194444444,-5.606084296000e-05
7.9166666667,3.8194444444,-4.527152479800e-05
7.9861111111,3.8194444444,-3.662616661600e-05
8.0555555556,3.8194444444,-2.977406330340e-05
8.1250000000,3.8194444444,-2.434173267160e-05
8.1944444444,3.8194444444,-1.998794009710e-05
8.2638888889,3.8194444444,-1.642509695880e-05
8.3333333333,3.8194444444,-1.344206778320e-05
8.4027777778,3.8194444444,-1.092556316120e-05
8.4722222222,3.8194444444,-8.838431400900e-06
8.5416666667,3.8194444444,-7.156201921200e-06
8.6111111111,3.8194444444,-5.822437018500e-06
8.6805555556,3.8194444444,-4.760052359300e-06
8.7500000000,3.8194444444,-3.903267861900e-06
8.8194444444,3.8194444444,-3.202674333310e-06
8.8888888889,3.8194444444,-2.612824244730e-06
8.9583333333,3.8194444444,-2.099297803950e-06
9.0277777778,3.8194444444,-1.659450218140e-06
9.0972222222,3.8194444444,-1.316350221800e-06
9.1666666667,3.8194444444,-1.081238049967e-06
9.2361111111,3.8194444444,-9.297698239680e-07
9.3055555556,3.8194444444,-8.207013584000e-07
9.3750000000,3.8194444444,-7.280678478300e-07
9.4444444444,3.8194444444,-6.465384169000e-07
9.5138888889,3.8194444444,-5.746503193340e-07
9.5833333333,3.8194444444,-5.077288008440e-07
9.6527777778,3.8194444444,-4.462898044180e-07
9.7222222222,3.8194444444,-3.981778398770e-07
9.7916666667,3.8194444444,-3.676450085410e-07
9.8611111111,3.8194444444,-3.496402673800e-07
9.9305555556,3.8194444444,-3.382203558790e-07
0.0000000000,3.8888888889,-3.422018697650e-07
0.0694444444,3.8888888889,-3.477887619040e-07
0.1388888889,3.8888888889,-3.646958584190e-07
0.2083333333,3.8888888889,-3.942417999260e-07
0.2777777778,3.8888888889,-4.378716761170e-07
0.3472222222,3.8888888889,-4.927286340710e-07
0.4166666667,3.8888888889,-5.521200983360e-07
0.4861111111,3.8888888889,-6.138957486000e-07
0.5555555556,3.8888888889,-6.841282278900e-07
0.6250000000,3.8888888889,-7.682783743000e-07
0.6944444444,3.8888888889,-8.655808830200e-07
0.7638888889,3.8888888889,-9.826465257280e-07
0.8333333333,3.8888888889,-1.149455872809e-06
0.9027777778,3.8888888889,-1.407095867183e-06
0.9722222222,3.8888888889,-1.774134475040e-06
1.0416666667,3.8888888889,-2.235505348520e-06
1.1111111111,3.8888888889,-2.772150480160e-06
1.1805555556,3.8888888889,-3.394179049790e-06
1.2500000000,3.8888888889,-4.139143111100e-06
1.3194444444,3.8888888889,-5.051330880300e-06
1.3888888889,3.8888888889,-6.180274572100e-06
1.4583333333,3.8888888889,-7.593169597400e-06
1.5277777778,3.8888888889,-9.364433290400e-06
1.5972222222,3.8888888889,-1.154579371790e-05
1.6666666667,3.8888888889,-1.416768375710e-05
1.7361111111,3.8888888889,-1.729150537280e-05
1.8055555556,3.8888888889,-2.106333338250e-05
1.8750000000,3.8888888889,-2.572060024370e-05
1.9444444444,3.8888888889,-3.156977574790e-05
2.0138888889,3.8888888889,-3.897198104300e-05
2.0833333333,3.8888888889,-4.831726458000e-05
2.1527777778,3.8888888889,-5.995323019600e-05
2.2222222222,3.8888888889,-7.412220565000e-05
2.2916666667,3.8888888889,-9.102626056500e-05
2.3611111111,3.8888888889,-1.110448405850e-04
2.4305555556,3.8888888889,-1.349644313170e-04
2.5000000000,3.8888888889,-1.640567016330e-04
2.5694444444,3.8888888889,-1.999871371860e-04
2.6388888889,3.8888888889,-2.446495258660e-04
2.7083333333,3.8888888889,-2.999836640500e-04
2.7777777778,3.8888888889,-3.677830799500e-04
2.8472222222,3.8888888889,-4.495888094300e-04
2.9166666667,3.8888888889,-5.468770834800e-04
2.9861111111,3.8888888889,-6.616421098500e-04
3.0555555556,3.8888888889,-7.971648866200e-04
3.1250000000,3.8888888889,-9.585520169000e-04
3.1944444444,3.8888888889,-1.152743629920e-03
3.2638888889,3.8888888889,-1.388004702860e-03
3.3333333333,3.8888888889,-1.673167326560e-03
3.4027777778,3.8888888889,-2.016987130940e-03
3.4722222222,3.8888888889,-2.427967349260e-03
3.5416666667,3.8888888889,-2.914884457700e-03
3.6111111111,3.8888888889,-3.487965287300e-03
3.6805555556,3.8888888889,-4.160298850200e-03
3.7500000000,3.8888888889,-4.948836646700e-03
3.8194444444,3.8888888889,-5.874377938400e-03
3.8888888889,3.8888888889,-6.960210413200e-03
3.9583333333,3.8888888889,-8.229513302000e-03
4.0277777778,3.8888888889,-9.702177630700e-03
4.0972222222,3.8888888889,-1.139211615080e-02
4.1666666667,3.8888888889,-1.330596499760e-02
4.2361111111,3.8888888889,-1.544311505760e-02
4.3055555556,3.8888888889,-1.779577890010e-02
4.3750000000,3.8888888889,-2.034728347400e-02
4.4444444444,3.8888888889,-2.306753778820e-02
4.5138888889,3.8888888889,-2.590627880120e-02
4.5833333333,3.8888888889,-2.878633595800e-02
4.6527777778,3.8888888889,-3.160005092930e-02
4.7222222222,3.8888888889,-3.421183072120e-02
4.7916666667,3.8888888889,-3.646851271130e-02
4.8611111111,3.8888888889,-3.821694966440e-02
4.9305555556,3.8888888889,-3.932567196160e-02
5.0000000000,3.8888888889,-3.970573218500e-02
5.0694444444,3.8888888889,-3.932567201440e-02
5.1388888889,3.8888888889,-3.821694975070e-02
5.2083333333,3.8888888889,-3.646851284160e-02
5.2777777778,3.8888888889,-3.421183089820e-02
5.3472222222,3.8888888889,-3.160005113970e-02
5.4166666667,3.8888888889,-2.878633620840e-02
5.4861111111,3.8888888889,-2.590627908480e-02
5.5555555556,3.8888888889,-2.306753809360e-02
5.6250000000,3.8888888889,-2.034728378260e-02
5.6944444444,3.8888888889,-1.779577919180e-02
5.7638888889,3.8888888889,-1.544311531160e-02
5.8333333333,3.8888888889,-1.330596520290e-02
5.9027777778,3.8888888889,-1.139211630360e-02
5.9722222222,3.8888888889,-9.702177735400e-03
6.0416666667,3.8888888889,-8.229513369900e-03
6.1111111111,3.8888888889,-6.960210455400e-03
6.1805555556,3.8888888889,-5.874377963100e-03
6.2500000000,3.8888888889,-4.948836659800e-03
6.3194444444,3.8888888889,-4.160298854000e-03
6.3888888889,3.8888888889,-3.487965283100e-03
6.4583333333,3.8888888889,-2.914884447400e-03
6.5277777778,3.8888888889,-2.427967335380e-03
6.5972222222,3.8888888889,-2.016987116410e-03
6.6666666667,3.8888888889,-1.673167313980e-03
6.7361111111,3.8888888889,-1.388004693010e-03
6.8055555556,3.8888888889,-1.152743622340e-03
6.8750000000,3.8888888889,-9.585520095500e-04
6.9444444444,3.8888888889,-7.971648779200e-04
7.0138888889,3.8888888889,-6.616420989500e-04
7.0833333333,3.8888888889,-5.468770710900e-04
7.1527777778,3.8888888889,-4.495887973500e-04
7.2222222222,3.8888888889,-3.677830701200e-04
7.2916666667,3.8888888889,-2.999836576800e-04
7.3611111111,3.8888888889,-2.446495227600e-04
7.4305555556,3.8888888889,-1.999871359170e-04
7.5000000000,3.8888888889,-1.640567002080e-04
7.5694444444,3.8888888889,-1.349644282070e-04
7.6388888889,3.8888888889,-1.110448354260e-04
7.7083333333,3.8888888889,-9.102625424500e-05
7.7777777778,3.8888888889,-7.412219982400e-05
7.8472222222,3.8888888889,-5.995322641200e-05
7.9166666667,3.8888888889,-4.831726350300e-05
7.9861111111,3.8888888889,-3.897198214500e-05
8.0555555556,3.8888888889,-3.156977758210e-05
8.1250000000,3.8888888889,-2.572060116550e-05
8.1944444444,3.8888888889,-2.106333235760e-05
8.2638888889,3.8888888889,-1.729150245570e-05
8.3333333333,3.8888888889,-1.416768002400e-05
8.4027777778,3.8888888889,-1.154579069320e-05
8.4722222222,3.8888888889,-9.364432170600e-06
8.5416666667,3.8888888889,-7.593170663800e-06
8.6111111111,3.8888888889,-6.180277066000e-06
8.6805555556,3.8888888889,-5.051333395000e-06
8.7500000000,3.8888888889,-4.139144294700e-06
8.8194444444,3.8888888889,-3.394178267800e-06
8.8888888889,3.8888888889,-2.772148112160e-06
8.9583333333,3.8888888889,-2.235502577870e-06
9.0277777778,3.8888888889,-1.774132682670e-06
9.0972222222,3.8888888889,-1.407095938834e-06
9.1666666667,3.8888888889,-1.149457764081e-06
9.2361111111,3.8888888889,-9.826492951360e-07
9.3055555556,3.8888888889,-8.655831688300e-07
9.3750000000,3.8888888889,-7.682790731500e-07
9.4444444444,3.8888888889,-6.841270386700e-07
9.5138888889,3.8888888889,-6.138933142900e-07
9.5833333333,3.8888888889,-5.521176780380e-07
9.6527777778,3.8888888889,-4.927274702140e-07
9.7222222222,3.8888888889,-4.378723733930e-07
9.7916666667,3.8888888889,-3.942440257320e-07
9.8611111111,3.8888888889,-3.646985123460e-07
9.9305555556,3.8888888889,-3.477905271340e-07
0.0000000000,3.9583333333,-3.531904102400e-07
0.0694444444,3.9583333333,-3.578386150020e-07
0.1388888889,3.9583333333,-3.749732387080e-07
0.2083333333,3.9583333333,-4.100814761950e-07
0.2777777778,3.9583333333,-4.626511896780e-07
0.3472222222,3.9583333333,-5.234010910450e-07
0.4166666667,3.9583333333,-5.830395156300e-07
0.4861111111,3.9583333333,-6.435234182800e-07
0.5555555556,3.9583333333,-7.157771823800e-07
0.6250000000,3.9583333333,-8.057457611900e-07
0.6944444444,3.9583333333,-9.115445533300e-07
0.7638888889,3.9583333333,-1.041391431650e-06
0.8333333333,3.9583333333,-1.227098112919e-06
0.9027777778,3.9583333333,-1.506529730540e-06
0.9722222222,3.9583333333,-1.892095412560e-06
1.0416666667,3.9583333333,-2.367988203610e-06
1.1111111111,3.9583333333,-2.922301709630e-06
1.1805555556,3.9583333333,-3.572645321930e-06
1.2500000000,3.9583333333,-4.357913272600e-06
1.3194444444,3.9583333333,-5.321045522400e-06
1.3888888889,3.9583333333,-6.513438386200e-06
1.4583333333,3.9583333333,-8.004628932600e-06
1.5277777778,3.9583333333,-9.865759741400e-06
1.5972222222,3.9583333333,-1.214442969240e-05
1.6666666667,3.9583333333,-1.487975365760e-05
1.7361111111,3.9583333333,-1.815831097390e-05
1.8055555556,3.9583333333,-2.215474969290e-05
1.8750000000,3.9583333333,-2.712679134020e-05
1.9444444444,3.9583333333,-3.339784031910e-05
2.0138888889,3.9583333333,-4.135015288600e-05
2.0833333333,3.9583333333,-5.138858476700e-05
2.1527777778,3.9583333333,-6.385373805500e-05
2.2222222222,3.9583333333,-7.897513294900e-05
2.2916666667,3.9583333333,-9.698629097400e-05
2.3611111111,3.9583333333,-1.183768095660e-04
2.4305555556,3.9583333333,-1.440979861820e-04
2.5000000000,3.9583333333,-1.755799923180e-04
2.5694444444,3.9583333333,-2.145985936690e-04
2.6388888889,3.9583333333,-2.631025223600e-04
2.7083333333,3.9583333333,-3.230300549200e-04
2.7777777778,3.9583333333,-3.961220848900e-04
2.8472222222,3.9583333333,-4.838853071300e-04
2.9166666667,3.9583333333,-5.879421319700e-04
2.9861111111,3.9583333333,-7.107812083800e-04
3.0555555556,3.9583333333,-8.565513479100e-04
3.1250000000,3.9583333333,-1.031427826030e-03
3.1944444444,3.9583333333,-1.243351439900e-03
3.2638888889,3.9583333333,-1.501308389850e-03
3.3333333333,3.9583333333,-1.814496297480e-03
3.4027777778,3.9583333333,-2.191743170560e-03
3.4722222222,3.9583333333,-2.641547028700e-03
3.5416666667,3.9583333333,-3.172998354200e-03
3.6111111111,3.9583333333,-3.797469220500e-03
3.6805555556,3.9583333333,-4.530425379400e-03
3.7500000000,3.9583333333,-5.392429042700e-03
3.8194444444,3.9583333333,-6.408592703400e-03
3.8888888889,3.9583333333,-7.606318171300e-03
3.9583333333,3.9583333333,-9.011875712000e-03
4.0277777778,3.9583333333,-1.064701938070e-02
4.0972222222,3.9583333333,-1.252703634730e-02
4.1666666667,3.9583333333,-1.466095552040e-02
4.2361111111,3.9583333333,-1.705312941270e-02
4.3055555556,3.9583333333,-1.970392511860e-02
4.3750000000,3.9583333333,-2.260696747920e-02
4.4444444444,3.9583333333,-2.574167110220e-02
4.5138888889,3.9583333333,-2.906203175470e-02
4.5833333333,3.9583333333,-3.248483276410e-02
4.6527777778,3.9583333333,-3.588187651720e-02
4.7222222222,3.9583333333,-3.908106561410e-02
4.7916666667,3.9583333333,-4.187955343700e-02
4.8611111111,3.9583333333,-4.406865464200e-02
4.9305555556,3.9583333333,-4.546588489300e-02
5.0000000000,3.9583333333,-4.594641921100e-02
5.0694444444,3.9583333333,-4.546588495100e-02
5.1388888889,3.9583333333,-4.406865473900e-02
5.2083333333,3.9583333333,-4.187955357600e-02
5.2777777778,3.9583333333,-3.908106580740e-02
5.3472222222,3.9583333333,-3.588187675210e-02
5.4166666667,3.9583333333,-3.248483303900e-02
5.4861111111,3.9583333333,-2.906203207700e-02
5.5555555556,3.9583333333,-2.574167145640e-02
5.6250000000,3.9583333333,-2.260696784630e-02
5.6944444444,3.9583333333,-1.970392547210e-02
5.7638888889,3.9583333333,-1.705312972850e-02
5.8333333333,3.9583333333,-1.466095577860e-02
5.9027777778,3.9583333333,-1.252703654330e-02
5.9722222222,3.9583333333,-1.064701951700e-02
6.0416666667,3.9583333333,-9.011875802100e-03
6.1111111111,3.9583333333,-7.606318229400e-03
6.1805555556,3.9583333333,-6.408592739500e-03
6.2500000000,3.9583333333,-5.392429062400e-03
6.3194444444,3.9583333333,-4.530425386400e-03
6.3888888889,3.9583333333,-3.797469216700e-03
6.4583333333,3.9583333333,-3.172998342100e-03
6.5277777778,3.9583333333,-2.641547011900e-03
6.5972222222,3.9583333333,-2.191743153540e-03
6.6666666667,3.9583333333,-1.814496283500e-03
6.7361111111,3.9583333333,-1.501308380100e-03
6.8055555556,3.9583333333,-1.243351433340e-03
6.8750000000,3.9583333333,-1.031427819860e-03
6.9444444444,3.9583333333,-8.565513395300e-04
7.0138888889,3.9583333333,-7.107811964900e-04
7.0833333333,3.9583333333,-5.879421175800e-04
7.1527777778,3.9583333333,-4.838852927800e-04
7.2222222222,3.9583333333,-3.961220734100e-04
7.2916666667,3.9583333333,-3.230300480400e-04
7.3611111111,3.9583333333,-2.631025198900e-04
7.4305555556,3.9583333333,-2.145985936280e-04
7.5000000000,3.9583333333,-1.755799919490e-04
7.5694444444,3.9583333333,-1.440979833120e-04
7.6388888889,3.9583333333,-1.183768036400e-04
7.7083333333,3.9583333333,-9.698628322700e-05
7.7777777778,3.9583333333,-7.897512570100e-05
7.8472222222,3.9583333333,-6.385373350200e-05
7.9166666667,3.9583333333,-5.138858388600e-05
7.9861111111,3.9583333333,-4.135015497200e-05
8.0555555556,3.9583333333,-3.339784337500e-05
8.1250000000,3.9583333333,-2.712679307780e-05
8.1944444444,3.9583333333,-2.215474865720e-05
8.2638888889,3.9583333333,-1.815830722720e-05
8.3333333333,3.9583333333,-1.487974869620e-05
8.4027777778,3.9583333333,-1.214442564920e-05
8.4722222222,3.9583333333,-9.865758307500e-06
8.5416666667,3.9583333333,-8.004630519900e-06
8.6111111111,3.9583333333,-6.513441950200e-06
8.6805555556,3.9583333333,-5.321049105100e-06
8.7500000000,3.9583333333,-4.357914983800e-06
8.8194444444,3.9583333333,-3.572644269150e-06
8.8888888889,3.9583333333,-2.922298417200e-06
8.9583333333,3.9583333333,-2.367984323820e-06
9.0277777778,3.9583333333,-1.892092881140e-06
9.0972222222,3.9583333333,-1.506529795520e-06
9.1666666667,3.9583333333,-1.227100721971e-06
9.2361111111,3.9583333333,-1.041395274400e-06
9.3055555556,3.9583333333,-9.115477264500e-07
9.3750000000,3.9583333333,-8.057467186800e-07
9.4444444444,3.9583333333,-7.157754990200e-07
9.5138888889,3.9583333333,-6.435199904400e-07
9.5833333333,3.9583333333,-5.830361041650e-07
9.6527777778,3.9583333333,-5.233994359300e-07
9.7222222222,3.9583333333,-4.626521400050e-07
9.7916666667,3.9583333333,-4.100845695050e-07
9.8611111111,3.9583333333,-3.749769372670e-07
9.9305555556,3.9583333333,-3.578410773340e-07
0.0000000000,4.0277777778,-3.697287444400e-07
0.0694444444,4.0277777778,-3.712176170220e-07
0.1388888889,4.0277777778,-3.825582236490e-07
0.2083333333,4.0277777778,-4.154400389640e-07
0.2777777778,4.0277777778,-4.705419399920e-07
0.3472222222,4.0277777778,-5.349290695020e-07
0.4166666667,4.0277777778,-5.971273074480e-07
0.4861111111,4.0277777778,-6.609327825600e-07
0.5555555556,4.0277777778,-7.394036438400e-07
0.6250000000,4.0277777778,-8.383859305700e-07
0.6944444444,4.0277777778,-9.561773869000e-07
0.7638888889,4.0277777778,-1.102893522930e-06
0.8333333333,4.0277777778,-1.309889602460e-06
0.9027777778,4.0277777778,-1.609255761470e-06
0.9722222222,4.0277777778,-2.007733531460e-06
1.0416666667,4.0277777778,-2.491921093420e-06
1.1111111111,4.0277777778,-3.059105789740e-06
1.1805555556,4.0277777778,-3.733469803300e-06
1.2500000000,4.0277777778,-4.553947164300e-06
1.3194444444,4.0277777778,-5.563461406500e-06
1.3888888889,4.0277777778,-6.818144650000e-06
1.4583333333,4.0277777778,-8.391086769000e-06
1.5277777778,4.0277777778,-1.034956194740e-05
1.5972222222,4.0277777778,-1.273726896680e-05
1.6666666667,4.0277777778,-1.560309242460e-05
1.7361111111,4.0277777778,-1.905716649580e-05
1.8055555556,4.0277777778,-2.329724490830e-05
1.8750000000,4.0277777778,-2.859640921870e-05
1.9444444444,4.0277777778,-3.529400273000e-05
2.0138888889,4.0277777778,-4.379260834700e-05
2.0833333333,4.0277777778,-5.450680040600e-05
2.1527777778,4.0277777778,-6.776676509400e-05
2.2222222222,4.0277777778,-8.379987278000e-05
2.2916666667,4.0277777778,-1.028958204550e-04
2.3611111111,4.0277777778,-1.256733542330e-04
2.4305555556,4.0277777778,-1.532416483320e-04
2.5000000000,4.0277777778,-1.871587477730e-04
2.5694444444,4.0277777778,-2.292754844000e-04
2.6388888889,4.0277777778,-2.815664531600e-04
2.7083333333,4.0277777778,-3.459433811800e-04
2.7777777778,4.0277777778,-4.240844868000e-04
2.8472222222,4.0277777778,-5.175022656800e-04
2.9166666667,4.0277777778,-6.280764723000e-04
2.9861111111,4.0277777778,-7.589288946900e-04
3.0555555556,4.0277777778,-9.151456739600e-04
3.1250000000,4.0277777778,-1.103896963600e-03
3.1944444444,4.0277777778,-1.333912205180e-03
3.2638888889,4.0277777778,-1.614606186350e-03
3.3333333333,4.0277777778,-1.955215064850e-03
3.4027777778,4.0277777778,-2.364305978700e-03
3.4722222222,4.0277777778,-2.850096509900e-03
3.5416666667,4.0277777778,-3.421885365500e-03
3.6111111111,4.0277777778,-4.092310522600e-03
3.6805555556,4.0277777778,-4.879434441000e-03
3.7500000000,4.0277777778,-5.807441981900e-03
3.8194444444,4.0277777778,-6.905264280600e-03
3.8888888889,4.0277777778,-8.203368482400e-03
3.9583333333,4.0277777778,-9.729818214100e-03
4.0277777778,4.0277777778,-1.150722214390e-02
4.0972222222,4.0277777778,-1.355202963880e-02
4.1666666667,4.0277777778,-1.587647595540e-02
4.2361111111,4.0277777778,-1.849157471500e-02
4.3055555556,4.0277777778,-2.140801860370e-02
4.3750000000,4.0277777778,-2.463187347010e-02
4.4444444444,4.0277777778,-2.815372590910e-02
4.5138888889,4.0277777778,-3.193265535500e-02
4.5833333333,4.0277777778,-3.587915190200e-02
4.6527777778,4.0277777778,-3.984325993200e-02
4.7222222222,4.0277777778,-4.361483700100e-02
4.7916666667,4.0277777778,-4.694056692300e-02
4.8611111111,4.0277777778,-4.955705462900e-02
4.9305555556,4.0277777778,-5.123310862600e-02
5.0000000000,4.0277777778,-5.181052929800e-02
5.0694444444,4.0277777778,-5.123310868300e-02
5.1388888889,4.0277777778,-4.955705473400e-02
5.2083333333,4.0277777778,-4.694056708900e-02
5.2777777778,4.0277777778,-4.361483720100e-02
5.3472222222,4.0277777778,-3.984326017900e-02
5.4166666667,4.0277777778,-3.587915218800e-02
5.4861111111,4.0277777778,-3.193265570800e-02
5.5555555556,4.0277777778,-2.815372630050e-02
5.6250000000,4.0277777778,-2.463187388600e-02
5.6944444444,4.0277777778,-2.140801901280e-02
5.7638888889,4.0277777778,-1.849157508730e-02
5.8333333333,4.0277777778,-1.587647626620e-02
5.9027777778,4.0277777778,-1.355202987760e-02
5.9722222222,4.0277777778,-1.150722231440e-02
6.0416666667,4.0277777778,-9.729818328900e-03
6.1111111111,4.0277777778,-8.203368556700e-03
6.1805555556,4.0277777778,-6.905264328300e-03
6.2500000000,4.0277777778,-5.807442009500e-03
6.3194444444,4.0277777778,-4.879434451900e-03
6.3888888889,4.0277777778,-4.092310519200e-03
6.4583333333,4.0277777778,-3.421885351100e-03
6.5277777778,4.0277777778,-2.850096489700e-03
6.5972222222,4.0277777778,-2.364305958300e-03
6.6666666667,4.0277777778,-1.955215049010e-03
6.7361111111,4.0277777778,-1.614606176450e-03
6.8055555556,4.0277777778,-1.333912199780e-03
6.8750000000,4.0277777778,-1.103896958840e-03
6.9444444444,4.0277777778,-9.151456660800e-04
7.0138888889,4.0277777778,-7.589288818700e-04
7.0833333333,4.0277777778,-6.280764557500e-04
7.1527777778,4.0277777778,-5.175022487900e-04
7.2222222222,4.0277777778,-4.240844734200e-04
7.2916666667,4.0277777778,-3.459433737000e-04
7.3611111111,4.0277777778,-2.815664514200e-04
7.4305555556,4.0277777778,-2.292754858300e-04
7.5000000000,4.0277777778,-1.871587486800e-04
7.5694444444,4.0277777778,-1.532416458130e-04
7.6388888889,4.0277777778,-1.256733474860e-04
7.7083333333,4.0277777778,-1.028958110810e-04
7.7777777778,4.0277777778,-8.379986388500e-05
7.8472222222,4.0277777778,-6.776675963800e-05
7.9166666667,4.0277777778,-5.450679973800e-05
7.9861111111,4.0277777778,-4.379261157700e-05
8.0555555556,4.0277777778,-3.529400722300e-05
8.1250000000,4.0277777778,-2.859641193260e-05
8.1944444444,4.0277777778,-2.329724388820e-05
8.2638888889,4.0277777778,-1.905716180410e-05
8.3333333333,4.0277777778,-1.560308603640e-05
8.4027777778,4.0277777778,-1.273726373140e-05
8.4722222222,4.0277777778,-1.034956013570e-05
8.5416666667,4.0277777778,-8.391088955800e-06
8.6111111111,4.0277777778,-6.818149463600e-06
8.6805555556,4.0277777778,-5.563466245300e-06
8.7500000000,4.0277777778,-4.553949505000e-06
8.8194444444,4.0277777778,-3.733468445700e-06
8.8888888889,4.0277777778,-3.059101422580e-06
8.9583333333,4.0277777778,-2.491915915670e-06
9.0277777778,4.0277777778,-2.007730129320e-06
9.0972222222,4.0277777778,-1.609255811370e-06
9.1666666667,4.0277777778,-1.309893047280e-06
9.2361111111,4.0277777778,-1.102898622590e-06
9.3055555556,4.0277777778,-9.561816032900e-07
9.3750000000,4.0277777778,-8.383871967500e-07
9.4444444444,4.0277777778,-7.394013862400e-07
9.5138888889,4.0277777778,-6.609281925000e-07
9.5833333333,4.0277777778,-5.971227331610e-07
9.6527777778,4.0277777778,-5.349268348050e-07
9.7222222222,4.0277777778,-4.705431820140e-07
9.7916666667,4.0277777778,-4.154441446880e-07
9.8611111111,4.0277777778,-3.825631437460e-07
9.9305555556,4.0277777778,-3.712208951100e-07
0.0000000000,4.0972222222,-3.895899643920e-07
0.0694444444,4.0972222222,-3.871627421460e-07
0.1388888889,4.0972222222,-3.899219653140e-07
0.2083333333,4.0972222222,-4.154553003070e-07
0.2777777778,4.0972222222,-4.673405330730e-07
0.3472222222,4.0972222222,-5.320053565510e-07
0.4166666667,4.0972222222,-5.972562693760e-07
0.4861111111,4.0972222222,-6.672312113300e-07
0.5555555556,4.0972222222,-7.546783824300e-07
0.6250000000,4.0972222222,-8.647515063300e-07
0.6944444444,4.0972222222,-9.970013064900e-07
0.7638888889,4.0972222222,-1.163482549930e-06
0.8333333333,4.0972222222,-1.393076223750e-06
0.9027777778,4.0972222222,-1.710405498950e-06
0.9722222222,4.0972222222,-2.117509071180e-06
1.0416666667,4.0972222222,-2.605676549470e-06
1.1111111111,4.0972222222,-3.181906082400e-06
1.1805555556,4.0972222222,-3.875641950000e-06
1.2500000000,4.0972222222,-4.725935070800e-06
1.3194444444,4.0972222222,-5.778653459700e-06
1.3888888889,4.0972222222,-7.097736112900e-06
1.4583333333,4.0972222222,-8.760057954900e-06
1.5277777778,4.0972222222,-1.082763850190e-05
1.5972222222,4.0972222222,-1.334012793930e-05
1.6666666667,4.0972222222,-1.635642875770e-05
1.7361111111,4.0972222222,-2.000743579580e-05
1.8055555556,4.0972222222,-2.450838608240e-05
1.8750000000,4.0972222222,-3.014364267100e-05
1.9444444444,4.0972222222,-3.726714756800e-05
2.0138888889,4.0972222222,-4.629859941900e-05
2.0833333333,4.0972222222,-5.765598109500e-05
2.1527777778,4.0972222222,-7.165907331000e-05
2.2222222222,4.0972222222,-8.854907131700e-05
2.2916666667,4.0972222222,-1.086961229060e-04
2.3611111111,4.0972222222,-1.328581169600e-04
2.4305555556,4.0972222222,-1.622849318570e-04
2.5000000000,4.0972222222,-1.986296546240e-04
2.5694444444,4.0972222222,-2.437889766500e-04
2.6388888889,4.0972222222,-2.997422677400e-04
2.7083333333,4.0972222222,-3.683599424400e-04
2.7777777778,4.0972222222,-4.512677987500e-04
2.8472222222,4.0972222222,-5.500515695700e-04
2.9166666667,4.0972222222,-6.669676828700e-04
2.9861111111,4.0972222222,-8.058688279900e-04
3.0555555556,4.0972222222,-9.727587889400e-04
3.1250000000,4.0972222222,-1.175628072780e-03
3.1944444444,4.0972222222,-1.423706679800e-03
3.2638888889,4.0972222222,-1.726497631920e-03
3.3333333333,4.0972222222,-2.092918374200e-03
3.4027777778,4.0972222222,-2.530946058400e-03
3.4722222222,4.0972222222,-3.048319458900e-03
3.5416666667,4.0972222222,-3.654575884200e-03
3.6111111111,4.0972222222,-4.363813742900e-03
3.6805555556,4.0972222222,-5.196747724100e-03
3.7500000000,4.0972222222,-6.180703295600e-03
3.8194444444,4.0972222222,-7.347190097500e-03
3.8888888889,4.0972222222,-8.727865462900e-03
3.9583333333,4.0972222222,-1.035046063940e-02
4.0277777778,4.0972222222,-1.223645747420e-02
4.0972222222,4.0972222222,-1.440180097420e-02
4.1666666667,4.0972222222,-1.686042837850e-02
4.2361111111,4.0972222222,-1.962824920030e-02
4.3055555556,4.0972222222,-2.272373497450e-02
4.3750000000,4.0972222222,-2.616169547000e-02
4.4444444444,4.0972222222,-2.993911511300e-02
4.5138888889,4.0972222222,-3.401515345900e-02
4.5833333333,4.0972222222,-3.829074968100e-02
4.6527777778,4.0972222222,-4.259590187400e-02
4.7222222222,4.0972222222,-4.669289615000e-02
4.7916666667,4.0972222222,-5.029965171200e-02
4.8611111111,4.0972222222,-5.312960771900e-02
4.9305555556,4.0972222222,-5.493757539900e-02
5.0000000000,4.0972222222,-5.555942270800e-02
5.0694444444,4.0972222222,-5.493757545800e-02
5.1388888889,4.0972222222,-5.312960784700e-02
5.2083333333,4.0972222222,-5.029965188200e-02
5.2777777778,4.0972222222,-4.669289636200e-02
5.3472222222,4.0972222222,-4.259590212100e-02
5.4166666667,4.0972222222,-3.829074997500e-02
5.4861111111,4.0972222222,-3.401515382100e-02
5.5555555556,4.0972222222,-2.993911553100e-02
5.6250000000,4.0972222222,-2.616169591700e-02
5.6944444444,4.0972222222,-2.272373542400e-02
5.7638888889,4.0972222222,-1.962824961620e-02
5.8333333333,4.0972222222,-1.686042873140e-02
5.9027777778,4.0972222222,-1.440180124980e-02
5.9722222222,4.0972222222,-1.223645767410e-02
6.0416666667,4.0972222222,-1.035046077500e-02
6.1111111111,4.0972222222,-8.727865553400e-03
6.1805555556,4.0972222222,-7.347190156800e-03
6.2500000000,4.0972222222,-6.180703331300e-03
6.3194444444,4.0972222222,-5.196747739200e-03
6.3888888889,4.0972222222,-4.363813739600e-03
6.4583333333,4.0972222222,-3.654575866800e-03
6.5277777778,4.0972222222,-3.048319433900e-03
6.5972222222,4.0972222222,-2.530946033700e-03
6.6666666667,4.0972222222,-2.092918355800e-03
6.7361111111,4.0972222222,-1.726497621930e-03
6.8055555556,4.0972222222,-1.423706675860e-03
6.8750000000,4.0972222222,-1.175628069770e-03
6.9444444444,4.0972222222,-9.727587818400e-04
7.0138888889,4.0972222222,-8.058688142000e-04
7.0833333333,4.0972222222,-6.669676638400e-04
7.1527777778,4.0972222222,-5.500515497100e-04
7.2222222222,4.0972222222,-4.512677831400e-04
7.2916666667,4.0972222222,-3.683599343000e-04
7.3611111111,4.0972222222,-2.997422669700e-04
7.4305555556,4.0972222222,-2.437889799100e-04
7.5000000000,4.0972222222,-1.986296571470e-04
7.5694444444,4.0972222222,-1.622849298080e-04
7.6388888889,4.0972222222,-1.328581092420e-04
7.7083333333,4.0972222222,-1.086961115850e-04
7.7777777778,4.0972222222,-8.854906043000e-05
7.8472222222,4.0972222222,-7.165906676600e-05
7.9166666667,4.0972222222,-5.765598070400e-05
7.9861111111,4.0972222222,-4.629860406800e-05
8.0555555556,4.0972222222,-3.726715384100e-05
8.1250000000,4.0972222222,-3.014364659600e-05
8.1944444444,4.0972222222,-2.450838509460e-05
8.2638888889,4.0972222222,-2.000742995290e-05
8.3333333333,4.0972222222,-1.635642062800e-05
8.4027777778,4.0972222222,-1.334012124600e-05
8.4722222222,4.0972222222,-1.082763623050e-05
8.5416666667,4.0972222222,-8.760060882300e-06
8.6111111111,4.0972222222,-7.097742465700e-06
8.6805555556,4.0972222222,-5.778659845700e-06
8.7500000000,4.0972222222,-4.725938189000e-06
8.8194444444,4.0972222222,-3.875640220900e-06
8.8888888889,4.0972222222,-3.181900396700e-06
8.9583333333,4.0972222222,-2.605669777920e-06
9.0277777778,4.0972222222,-2.117504600170e-06
9.0972222222,4.0972222222,-1.710405531410e-06
9.1666666667,4.0972222222,-1.393080697470e-06
9.2361111111,4.0972222222,-1.163489196620e-06
9.3055555556,4.0972222222,-9.970068069800e-07
9.3750000000,4.0972222222,-8.647531525200e-07
9.4444444444,4.0972222222,-7.546754180900e-07
9.5138888889,4.0972222222,-6.672251906400e-07
9.5833333333,4.0972222222,-5.972502631180e-07
9.6527777778,4.0972222222,-5.320024069900e-07
9.7222222222,4.0972222222,-4.673421320260e-07
9.7916666667,4.0972222222,-4.154606501360e-07
9.8611111111,4.0972222222,-3.899283875500e-07
9.9305555556,4.0972222222,-3.871670236620e-07
0.0000000000,4.1666666667,-4.049430120580e-07
0.0694444444,4.1666666667,-4.000243446350e-07
0.1388888889,4.1666666667,-3.966544878640e-07
0.2083333333,4.1666666667,-4.151249674660e-07
0.2777777778,4.1666666667,-4.611955149280e-07
0.3472222222,4.1666666667,-5.229626934100e-07
0.4166666667,4.1666666667,-5.897800331020e-07
0.4861111111,4.1666666667,-6.660206634100e-07
0.5555555556,4.1666666667,-7.628151259900e-07
0.6250000000,4.1666666667,-8.844152959400e-07
0.6944444444,4.1666666667,-1.032360085630e-06
0.7638888889,4.1666666667,-1.220329100160e-06
0.8333333333,4.1666666667,-1.473088391870e-06
0.9027777778,4.1666666667,-1.806948947330e-06
0.9722222222,4.1666666667,-2.220308780110e-06
1.0416666667,4.1666666667,-2.710247567820e-06
1.1111111111,4.1666666667,-3.292752507370e-06
1.1805555556,4.1666666667,-4.001541794120e-06
1.2500000000,4.1666666667,-4.877448260600e-06
1.3194444444,4.1666666667,-5.973037369000e-06
1.3888888889,4.1666666667,-7.361965368300e-06
1.4583333333,4.1666666667,-9.123243725000e-06
1.5277777778,4.1666666667,-1.131143708770e-05
1.5972222222,4.1666666667,-1.396223495580e-05
1.6666666667,4.1666666667,-1.714488355600e-05
1.7361111111,4.1666666667,-2.100801147820e-05
1.8055555556,4.1666666667,-2.577902748650e-05
1.8750000000,4.1666666667,-3.175006336270e-05
1.9444444444,4.1666666667,-3.928778831200e-05
2.0138888889,4.1666666667,-4.882479863100e-05
2.0833333333,4.1666666667,-6.077783265000e-05
2.1527777778,4.1666666667,-7.546139275600e-05
2.2222222222,4.1666666667,-9.314974984800e-05
2.2916666667,4.1666666667,-1.143127824700e-04
2.3611111111,4.1666666667,-1.398457412660e-04
2.4305555556,4.1666666667,-1.711130281590e-04
2.5000000000,4.1666666667,-2.098304570600e-04
2.5694444444,4.1666666667,-2.579184021400e-04
2.6388888889,4.1666666667,-3.173484069200e-04
2.7083333333,4.1666666667,-3.899479079600e-04
2.7777777778,4.1666666667,-4.773228283100e-04
2.8472222222,4.1666666667,-5.812188406200e-04
2.9166666667,4.1666666667,-7.043754148300e-04
2.9861111111,4.1666666667,-8.514111158200e-04
3.0555555556,4.1666666667,-1.029134047100e-03
3.1250000000,4.1666666667,-1.246096552320e-03
3.1944444444,4.1666666667,-1.511689147500e-03
3.2638888889,4.1666666667,-1.835137514020e-03
3.3333333333,4.1666666667,-2.224687653600e-03
3.4027777778,4.1666666667,-2.687466200600e-03
3.4722222222,4.1666666667,-3.230685383800e-03
3.5416666667,4.1666666667,-3.864306644300e-03
3.6111111111,4.1666666667,-4.604068530200e-03
3.6805555556,4.1666666667,-5.473051784300e-03
3.7500000000,4.1666666667,-6.500554145000e-03
3.8194444444,4.1666666667,-7.718497432200e-03
3.8888888889,4.1666666667,-9.156756448900e-03
3.9583333333,4.1666666667,-1.083922295700e-02
4.0277777778,4.1666666667,-1.278231737170e-02
4.0972222222,4.1666666667,-1.499693704330e-02
4.1666666667,4.1666666667,-1.749306142580e-02
4.2361111111,4.1666666667,-2.028388466800e-02
4.3055555556,4.1666666667,-2.338508162700e-02
4.3750000000,4.1666666667,-2.680597316600e-02
4.4444444444,4.1666666667,-3.053261505900e-02
4.5138888889,4.1666666667,-3.450687611400e-02
4.5833333333,4.1666666667,-3.860926558600e-02
4.6527777778,4.1666666667,-4.265511011600e-02
4.7222222222,4.1666666667,-4.641098367700e-02
4.7916666667,4.1666666667,-4.962726180800e-02
4.8611111111,4.1666666667,-5.202654125600e-02
4.9305555556,4.1666666667,-5.344832172700e-02
5.0000000000,4.1666666667,-5.391159935300e-02
5.0694444444,4.1666666667,-5.344832179800e-02
5.1388888889,4.1666666667,-5.202654138900e-02
5.2083333333,4.1666666667,-4.962726197200e-02
5.2777777778,4.1666666667,-4.641098387200e-02
5.3472222222,4.1666666667,-4.265511034200e-02
5.4166666667,4.1666666667,-3.860926587500e-02
5.4861111111,4.1666666667,-3.450687644700e-02
5.5555555556,4.1666666667,-3.053261546900e-02
5.6250000000,4.1666666667,-2.680597362300e-02
5.6944444444,4.1666666667,-2.338508209200e-02
5.7638888889,4.1666666667,-2.028388510700e-02
5.8333333333,4.1666666667,-1.749306180350e-02
5.9027777778,4.1666666667,-1.499693734110e-02
5.9722222222,4.1666666667,-1.278231758990e-02
6.0416666667,4.1666666667,-1.083922310880e-02
6.1111111111,4.1666666667,-9.156756551300e-03
6.1805555556,4.1666666667,-7.718497502000e-03
6.2500000000,4.1666666667,-6.500554187200e-03
6.3194444444,4.1666666667,-5.473051803300e-03
6.3888888889,4.1666666667,-4.604068526600e-03
6.4583333333,4.1666666667,-3.864306622900e-03
6.5277777778,4.1666666667,-3.230685353100e-03
6.5972222222,4.1666666667,-2.687466170400e-03
6.6666666667,4.1666666667,-2.224687632100e-03
6.7361111111,4.1666666667,-1.835137503730e-03
6.8055555556,4.1666666667,-1.511689145480e-03
6.8750000000,4.1666666667,-1.246096551590e-03
6.9444444444,4.1666666667,-1.029134041020e-03
7.0138888889,4.1666666667,-8.514111009200e-04
7.0833333333,4.1666666667,-7.043753928200e-04
7.1527777778,4.1666666667,-5.812188171600e-04
7.2222222222,4.1666666667,-4.773228100500e-04
7.2916666667,4.1666666667,-3.899478991800e-04
7.3611111111,4.1666666667,-3.173484075100e-04
7.4305555556,4.1666666667,-2.579184078400e-04
7.5000000000,4.1666666667,-2.098304616800e-04
7.5694444444,4.1666666667,-1.711130267060e-04
7.6388888889,4.1666666667,-1.398457323120e-04
7.7083333333,4.1666666667,-1.143127686880e-04
7.7777777778,4.1666666667,-9.314973647900e-05
7.8472222222,4.1666666667,-7.546138489100e-05
7.9166666667,4.1666666667,-6.077783267900e-05
7.9861111111,4.1666666667,-4.882480513200e-05
8.0555555556,4.1666666667,-3.928779687000e-05
8.1250000000,4.1666666667,-3.175006882720e-05
8.1944444444,4.1666666667,-2.577902652390e-05
8.2638888889,4.1666666667,-2.100800415890e-05
8.3333333333,4.1666666667,-1.714487321090e-05
8.4027777778,4.1666666667,-1.396222642240e-05
8.4722222222,4.1666666667,-1.131143425590e-05
8.5416666667,4.1666666667,-9.123247618400e-06
8.6111111111,4.1666666667,-7.361973695200e-06
8.6805555556,4.1666666667,-5.973045726900e-06
8.7500000000,4.1666666667,-4.877452360100e-06
8.8194444444,4.1666666667,-4.001539579980e-06
8.8888888889,4.1666666667,-3.292745134240e-06
8.9583333333,4.1666666667,-2.710238766630e-06
9.0277777778,4.1666666667,-2.220302955690e-06
9.0972222222,4.1666666667,-1.806948970110e-06
9.1666666667,4.1666666667,-1.473094187550e-06
9.2361111111,4.1666666667,-1.220337723480e-06
9.3055555556,4.1666666667,-1.032367220910e-06
9.3750000000,4.1666666667,-8.844174197100e-07
9.4444444444,4.1666666667,-7.628112527700e-07
9.5138888889,4.1666666667,-6.660128132000e-07
9.5833333333,4.1666666667,-5.897721994310e-07
9.6527777778,4.1666666667,-5.229588341150e-07
9.7222222222,4.1666666667,-4.611975727420e-07
9.7916666667,4.1666666667,-4.151319078400e-07
9.8611111111,4.1666666667,-3.966628290320e-07
9.9305555556,4.1666666667,-4.000299076980e-07
0.0000000000,4.2361111111,-4.139070663490e-07
0.0694444444,4.2361111111,-4.092120763880e-07
0.1388888889,4.2361111111,-4.054322642220e-07
0.2083333333,4.2361111111,-4.208910538220e-07
0.2777777778,4.2361111111,-4.612204609800e-07
0.3472222222,4.2361111111,-5.175037066620e-07
0.4166666667,4.2361111111,-5.829209193280e-07
0.4861111111,4.2361111111,-6.629074330220e-07
0.5555555556,4.2361111111,-7.668792170160e-07
0.6250000000,4.2361111111,-8.986092040300e-07
0.6944444444,4.2361111111,-1.062163433260e-06
0.7638888889,4.2361111111,-1.272209329710e-06
0.8333333333,4.2361111111,-1.548081791310e-06
0.9027777778,4.2361111111,-1.897606780980e-06
0.9722222222,4.2361111111,-2.316582864010e-06
1.0416666667,4.2361111111,-2.808074135360e-06
1.1111111111,4.2361111111,-3.395719083510e-06
1.1805555556,4.2361111111,-4.117077923140e-06
1.2500000000,4.2361111111,-5.017206634100e-06
1.3194444444,4.2361111111,-6.158423170800e-06
1.3888888889,4.2361111111,-7.623873345200e-06
1.4583333333,4.2361111111,-9.491453685700e-06
1.5277777778,4.2361111111,-1.180634778530e-05
1.5972222222,4.2361111111,-1.460156507590e-05
1.6666666667,4.2361111111,-1.795752994180e-05
1.7361111111,4.2361111111,-2.203744695580e-05
1.8055555556,4.2361111111,-2.707588428790e-05
1.8750000000,4.2361111111,-3.336993477900e-05
1.9444444444,4.2361111111,-4.129752770400e-05
2.0138888889,4.2361111111,-5.130095969900e-05
2.0833333333,4.2361111111,-6.379448019900e-05
2.1527777778,4.2361111111,-7.909661966000e-05
2.2222222222,4.2361111111,-9.753318551900e-05
2.2916666667,4.2361111111,-1.196840533490e-04
2.3611111111,4.2361111111,-1.465680849910e-04
2.4305555556,4.2361111111,-1.796324079040e-04
2.5000000000,4.2361111111,-2.206267428400e-04
2.5694444444,4.2361111111,-2.714802237000e-04
2.6388888889,4.2361111111,-3.341518940800e-04
2.7083333333,4.2361111111,-4.104375783300e-04
2.7777777778,4.2361111111,-5.019738081600e-04
2.8472222222,4.2361111111,-6.107576162600e-04
2.9166666667,4.2361111111,-7.400846627500e-04
2.9861111111,4.2361111111,-8.953016541000e-04
3.0555555556,4.2361111111,-1.083826444560e-03
3.1250000000,4.2361111111,-1.314459294460e-03
3.1944444444,4.2361111111,-1.596388932930e-03
3.2638888889,4.2361111111,-1.938202517100e-03
3.3333333333,4.2361111111,-2.347170453300e-03
3.4027777778,4.2361111111,-2.829434591000e-03
3.4722222222,4.2361111111,-3.391813529600e-03
3.5416666667,4.2361111111,-4.044980803000e-03
3.6111111111,4.2361111111,-4.806336729900e-03
3.6805555556,4.2361111111,-5.700523525800e-03
3.7500000000,4.2361111111,-6.756799132900e-03
3.8194444444,4.2361111111,-8.004225464600e-03
3.8888888889,4.2361111111,-9.466493042100e-03
3.9583333333,4.2361111111,-1.115818488910e-02
4.0277777778,4.2361111111,-1.308397569850e-02
4.0972222222,4.2361111111,-1.524136747870e-02
4.1666666667,4.2361111111,-1.762539770700e-02
4.2361111111,4.2361111111,-2.023118019200e-02
4.3055555556,4.2361111111,-2.304955855600e-02
4.3750000000,4.2361111111,-2.605401721900e-02
4.4444444444,4.2361111111,-2.918222441800e-02
4.5138888889,4.2361111111,-3.232087758200e-02
4.5833333333,4.2361111111,-3.530572755100e-02
4.6527777778,4.2361111111,-3.794678927800e-02
4.7222222222,4.2361111111,-3.999764405900e-02
4.7916666667,4.2361111111,-4.100811284500e-02
4.8611111111,4.2361111111,-4.101583585500e-02
4.9305555556,4.2361111111,-4.058542596200e-02
5.0000000000,4.2361111111,-4.035212088500e-02
5.0694444444,4.2361111111,-4.058542604400e-02
5.1388888889,4.2361111111,-4.101583598600e-02
5.2083333333,4.2361111111,-4.100811300600e-02
5.2777777778,4.2361111111,-3.999764421800e-02
5.3472222222,4.2361111111,-3.794678946400e-02
5.4166666667,4.2361111111,-3.530572777500e-02
5.4861111111,4.2361111111,-3.232087787700e-02
5.5555555556,4.2361111111,-2.918222479700e-02
5.6250000000,4.2361111111,-2.605401764600e-02
5.6944444444,4.2361111111,-2.304955902300e-02
5.7638888889,4.2361111111,-2.023118063100e-02
5.8333333333,4.2361111111,-1.762539808900e-02
5.9027777778,4.2361111111,-1.524136778180e-02
5.9722222222,4.2361111111,-1.308397592310e-02
6.0416666667,4.2361111111,-1.115818504690e-02
6.1111111111,4.2361111111,-9.466493151700e-03
6.1805555556,4.2361111111,-8.004225540800e-03
6.2500000000,4.2361111111,-6.756799182600e-03
6.3194444444,4.2361111111,-5.700523548300e-03
6.3888888889,4.2361111111,-4.806336724700e-03
6.4583333333,4.2361111111,-4.044980775900e-03
6.5277777778,4.2361111111,-3.391813491200e-03
6.5972222222,4.2361111111,-2.829434554000e-03
6.6666666667,4.2361111111,-2.347170427900e-03
6.7361111111,4.2361111111,-1.938202506800e-03
6.8055555556,4.2361111111,-1.596388933420e-03
6.8750000000,4.2361111111,-1.314459296740e-03
6.9444444444,4.2361111111,-1.083826439800e-03
7.0138888889,4.2361111111,-8.953016378300e-04
7.0833333333,4.2361111111,-7.400846370600e-04
7.1527777778,4.2361111111,-6.107575884500e-04
7.2222222222,4.2361111111,-5.019737868100e-04
7.2916666667,4.2361111111,-4.104375689400e-04
7.3611111111,4.2361111111,-3.341518965600e-04
7.4305555556,4.2361111111,-2.714802325400e-04
7.5000000000,4.2361111111,-2.206267501100e-04
7.5694444444,4.2361111111,-1.796324071760e-04
7.6388888889,4.2361111111,-1.465680744660e-04
7.7083333333,4.2361111111,-1.196840364750e-04
7.7777777778,4.2361111111,-9.753316908200e-05
7.8472222222,4.2361111111,-7.909661022100e-05
7.9166666667,4.2361111111,-6.379448084000e-05
7.9861111111,4.2361111111,-5.130096859000e-05
8.0555555556,4.2361111111,-4.129753915600e-05
8.1250000000,4.2361111111,-3.336994216200e-05
8.1944444444,4.2361111111,-2.707588332300e-05
8.2638888889,4.2361111111,-2.203743775020e-05
8.3333333333,4.2361111111,-1.795751680440e-05
8.4027777778,4.2361111111,-1.460155424950e-05
8.4722222222,4.2361111111,-1.180634428710e-05
8.5416666667,4.2361111111,-9.491458832600e-06
8.6111111111,4.2361111111,-7.623884177700e-06
8.6805555556,4.2361111111,-6.158434009500e-06
8.7500000000,4.2361111111,-5.017211950200e-06
8.8194444444,4.2361111111,-4.117075074540e-06
8.8888888889,4.2361111111,-3.395709570160e-06
8.9583333333,4.2361111111,-2.808062778340e-06
9.0277777778,4.2361111111,-2.316575349450e-06
9.0972222222,4.2361111111,-1.897606812390e-06
9.1666666667,4.2361111111,-1.548089269410e-06
9.2361111111,4.2361111111,-1.272220449720e-06
9.3055555556,4.2361111111,-1.062172623130e-06
9.3750000000,4.2361111111,-8.986119171600e-07
9.4444444444,4.2361111111,-7.668741856660e-07
9.5138888889,4.2361111111,-6.628972696990e-07
9.5833333333,4.2361111111,-5.829107824500e-07
9.6527777778,4.2361111111,-5.174987064990e-07
9.7222222222,4.2361111111,-4.612231054190e-07
9.7916666667,4.2361111111,-4.209000068960e-07
9.8611111111,4.2361111111,-4.054430298850e-07
9.9305555556,4.2361111111,-4.092192577660e-07
0.0000000000,4.3055555556,-4.279819611780e-07
0.0694444444,4.3055555556,-4.256791647110e-07
0.1388888889,4.3055555556,-4.261055020080e-07
0.2083333333,4.3055555556,-4.419532662550e-07
0.2777777778,4.3055555556,-4.767661689740e-07
0.3472222222,4.3055555556,-5.252327496820e-07
0.4166666667,4.3055555556,-5.856782284050e-07
0.4861111111,4.3055555556,-6.652295285810e-07
0.5555555556,4.3055555556,-7.721302058720e-07
0.6250000000,4.3055555556,-9.107319587670e-07
0.6944444444,4.3055555556,-1.088230736920e-06
0.7638888889,4.3055555556,-1.319536712190e-06
0.8333333333,4.3055555556,-1.617561900910e-06
0.9027777778,4.3055555556,-1.982019001770e-06
0.9722222222,4.3055555556,-2.407217109260e-06
1.0416666667,4.3055555556,-2.901988632610e-06
1.1111111111,4.3055555556,-3.496116164280e-06
1.1805555556,4.3055555556,-4.230728714440e-06
1.2500000000,4.3055555556,-5.156968531700e-06
1.3194444444,4.3055555556,-6.348000929100e-06
1.3888888889,4.3055555556,-7.894166204800e-06
1.4583333333,4.3055555556,-9.868820761800e-06
1.5277777778,4.3055555556,-1.230765525620e-05
1.5972222222,4.3055555556,-1.524400102780e-05
1.6666666667,4.3055555556,-1.877039223170e-05
1.7361111111,4.3055555556,-2.306080354510e-05
1.8055555556,4.3055555556,-2.835224395050e-05
1.8750000000,4.3055555556,-3.494537614900e-05
1.9444444444,4.3055555556,-4.322973299600e-05
2.0138888889,4.3055555556,-5.365652943100e-05
2.0833333333,4.3055555556,-6.663937104700e-05
2.1527777778,4.3055555556,-8.251107483900e-05
2.2222222222,4.3055555556,-1.016621381760e-04
2.2916666667,4.3055555556,-1.247818134620e-04
2.3611111111,4.3055555556,-1.529897696440e-04
2.4305555556,4.3055555556,-1.877835729420e-04
2.5000000000,4.3055555556,-2.309243431200e-04
2.5694444444,4.3055555556,-2.843415969700e-04
2.6388888889,4.3055555556,-3.499830469100e-04
2.7083333333,4.3055555556,-4.296337044700e-04
2.7777777778,4.3055555556,-5.250197156000e-04
2.8472222222,4.3055555556,-6.384694920300e-04
2.9166666667,4.3055555556,-7.738620875700e-04
2.9861111111,4.3055555556,-9.371673094300e-04
3.0555555556,4.3055555556,-1.136163653260e-03
3.1250000000,4.3055555556,-1.379565187210e-03
3.1944444444,4.3055555556,-1.676005908200e-03
3.2638888889,4.3055555556,-2.033109832000e-03
3.3333333333,4.3055555556,-2.456956515900e-03
3.4027777778,4.3055555556,-2.952724938700e-03
3.4722222222,4.3055555556,-3.527127883900e-03
3.5416666667,4.3055555556,-4.191833970100e-03
3.6111111111,4.3055555556,-4.965614824800e-03
3.6805555556,4.3055555556,-5.873218524300e-03
3.7500000000,4.3055555556,-6.940915321500e-03
3.8194444444,4.3055555556,-8.190415814000e-03
3.8888888889,4.3055555556,-9.633202335300e-03
3.9583333333,4.3055555556,-1.126690889390e-02
4.0277777778,4.3055555556,-1.307497062580e-02
4.0972222222,4.3055555556,-1.502947782100e-02
4.1666666667,4.3055555556,-1.709423362900e-02
4.2361111111,4.3055555556,-1.922236619300e-02
4.3055555556,4.3055555556,-2.134406631500e-02
4.3750000000,4.3055555556,-2.334630334200e-02
4.4444444444,4.3055555556,-2.505502509700e-02
4.5138888889,4.3055555556,-2.623727127300e-02
4.5833333333,4.3055555556,-2.664172807300e-02
4.6527777778,4.3055555556,-2.594417843800e-02
4.7222222222,4.3055555556,-2.329385974000e-02
4.7916666667,4.3055555556,-1.856921574300e-02
4.8611111111,4.3055555556,-1.296297098100e-02
4.9305555556,4.3055555556,-8.421887788000e-03
5.0000000000,4.3055555556,-6.679812582000e-03
5.0694444444,4.3055555556,-8.421887864000e-03
5.1388888889,4.3055555556,-1.296297111300e-02
5.2083333333,4.3055555556,-1.856921587900e-02
5.2777777778,4.3055555556,-2.329385986900e-02
5.3472222222,4.3055555556,-2.594417855900e-02
5.4166666667,4.3055555556,-2.664172824000e-02
5.4861111111,4.3055555556,-2.623727149800e-02
5.5555555556,4.3055555556,-2.505502542600e-02
5.6250000000,4.3055555556,-2.334630373900e-02
5.6944444444,4.3055555556,-2.134406674500e-02
5.7638888889,4.3055555556,-1.922236660900e-02
5.8333333333,4.3055555556,-1.709423399100e-02
5.9027777778,4.3055555556,-1.502947810900e-02
5.9722222222,4.3055555556,-1.307497083870e-02
6.0416666667,4.3055555556,-1.126690904680e-02
6.1111111111,4.3055555556,-9.633202446300e-03
6.1805555556,4.3055555556,-8.190415894500e-03
6.2500000000,4.3055555556,-6.940915374100e-03
6.3194444444,4.3055555556,-5.873218547600e-03
6.3888888889,4.3055555556,-4.965614816000e-03
6.4583333333,4.3055555556,-4.191833935800e-03
6.5277777778,4.3055555556,-3.527127836200e-03
6.5972222222,4.3055555556,-2.952724893700e-03
6.6666666667,4.3055555556,-2.456956486100e-03
6.7361111111,4.3055555556,-2.033109821600e-03
6.8055555556,4.3055555556,-1.676005911600e-03
6.8750000000,4.3055555556,-1.379565193030e-03
6.9444444444,4.3055555556,-1.136163650060e-03
7.0138888889,4.3055555556,-9.371672914500e-04
7.0833333333,4.3055555556,-7.738620575400e-04
7.1527777778,4.3055555556,-6.384694591900e-04
7.2222222222,4.3055555556,-5.250196907700e-04
7.2916666667,4.3055555556,-4.296336945900e-04
7.3611111111,4.3055555556,-3.499830517800e-04
7.4305555556,4.3055555556,-2.843416096100e-04
7.5000000000,4.3055555556,-2.309243534900e-04
7.5694444444,4.3055555556,-1.877835730230e-04
7.6388888889,4.3055555556,-1.529897571960e-04
7.7083333333,4.3055555556,-1.247817929280e-04
7.7777777778,4.3055555556,-1.016621181510e-04
7.8472222222,4.3055555556,-8.251106362000e-05
7.9166666667,4.3055555556,-6.663937250400e-05
7.9861111111,4.3055555556,-5.365654121400e-05
8.0555555556,4.3055555556,-4.322974788900e-05
8.1250000000,4.3055555556,-3.494538577800e-05
8.1944444444,4.3055555556,-2.835224293430e-05
8.2638888889,4.3055555556,-2.306079206800e-05
8.3333333333,4.3055555556,-1.877037577660e-05
8.4027777778,4.3055555556,-1.524398750820e-05
8.4722222222,4.3055555556,-1.230765101100e-05
8.5416666667,4.3055555556,-9.868827434200e-06
8.6111111111,4.3055555556,-7.894180027300e-06
8.6805555556,4.3055555556,-6.348014703200e-06
8.7500000000,4.3055555556,-5.156975266400e-06
8.8194444444,4.3055555556,-4.230725086100e-06
8.8888888889,4.3055555556,-3.496104096400e-06
8.9583333333,4.3055555556,-2.901974246190e-06
9.0277777778,4.3055555556,-2.407207607580e-06
9.0972222222,4.3055555556,-1.982019066080e-06
9.1666666667,4.3055555556,-1.617571391550e-06
9.2361111111,4.3055555556,-1.319550798260e-06
9.3055555556,4.3055555556,-1.088242356150e-06
9.3750000000,4.3055555556,-9.107353566470e-07
9.4444444444,4.3055555556,-7.721237875760e-07
9.5138888889,4.3055555556,-6.652166151540e-07
9.5833333333,4.3055555556,-5.856653615970e-07
9.6527777778,4.3055555556,-5.252264044110e-07
9.7222222222,4.3055555556,-4.767695194050e-07
9.7916666667,4.3055555556,-4.419646154440e-07
9.8611111111,4.3055555556,-4.261191493180e-07
9.9305555556,4.3055555556,-4.256882683570e-07
0.0000000000,4.3750000000,-4.604889057320e-07
0.0694444444,4.3750000000,-4.609611895960e-07
0.1388888889,4.3750000000,-4.662243350180e-07
0.2083333333,4.3750000000,-4.825205346600e-07
0.2777777778,4.3750000000,-5.111651080550e-07
0.3472222222,4.3750000000,-5.506284884490e-07
0.4166666667,4.3750000000,-6.039629234860e-07
0.4861111111,4.3750000000,-6.793556018690e-07
0.5555555556,4.3750000000,-7.843185563040e-07
0.6250000000,4.3750000000,-9.252693503170e-07
0.6944444444,4.3750000000,-1.113425380570e-06
0.7638888889,4.3750000000,-1.363443985080e-06
0.8333333333,4.3750000000,-1.681339554610e-06
0.9027777778,4.3750000000,-2.059637083840e-06
0.9722222222,4.3750000000,-2.492428986750e-06
1.0416666667,4.3750000000,-2.993966763700e-06
1.1111111111,4.3750000000,-3.598552004710e-06
1.1805555556,4.3750000000,-4.350141343230e-06
1.2500000000,4.3750000000,-5.306279729200e-06
1.3194444444,4.3750000000,-6.549871669500e-06
1.3888888889,4.3750000000,-8.175171681100e-06
1.4583333333,4.3750000000,-1.024904249290e-05
1.5277777778,4.3750000000,-1.280019132320e-05
1.5972222222,4.3750000000,-1.586646781270e-05
1.6666666667,4.3750000000,-1.955252107520e-05
1.7361111111,4.3750000000,-2.403819650220e-05
1.8055555556,4.3750000000,-2.955893634100e-05
1.8750000000,4.3750000000,-3.641992485800e-05
1.9444444444,4.3750000000,-4.502537008100e-05
2.0138888889,4.3750000000,-5.583710262400e-05
2.0833333333,4.3750000000,-6.927116986300e-05
2.1527777778,4.3750000000,-8.568228763200e-05
2.2222222222,4.3750000000,-1.055306762870e-04
2.2916666667,4.3750000000,-1.296045278720e-04
2.3611111111,4.3750000000,-1.590973871420e-04
2.4305555556,4.3750000000,-1.955294134900e-04
2.5000000000,4.3750000000,-2.406582732900e-04
2.5694444444,4.3750000000,-2.964101208600e-04
2.6388888889,4.3750000000,-3.647251544300e-04
2.7083333333,4.3750000000,-4.474022085300e-04
2.7777777778,4.3750000000,-5.463138884300e-04
2.8472222222,4.3750000000,-6.641764868400e-04
2.9166666667,4.3750000000,-8.054323049800e-04
2.9861111111,4.3750000000,-9.765208931200e-04
3.0555555556,4.3750000000,-1.185312276360e-03
3.1250000000,4.3750000000,-1.440115576650e-03
3.1944444444,4.3750000000,-1.748696544300e-03
3.2638888889,4.3750000000,-2.117458254000e-03
3.3333333333,4.3750000000,-2.551190208500e-03
3.4027777778,4.3750000000,-3.054281085600e-03
3.4722222222,4.3750000000,-3.633709109600e-03
3.5416666667,4.3750000000,-4.302289408700e-03
3.6111111111,4.3750000000,-5.079445807700e-03
3.6805555556,4.3750000000,-5.987882658400e-03
3.7500000000,4.3750000000,-7.047033142200e-03
3.8194444444,4.3750000000,-8.265633220900e-03
3.8888888889,4.3750000000,-9.635509383800e-03
3.9583333333,4.3750000000,-1.112803187310e-02
4.0277777778,4.3750000000,-1.269407292500e-02
4.0972222222,4.3750000000,-1.426605338900e-02
4.1666666667,4.3750000000,-1.575649150700e-02
4.2361111111,4.3750000000,-1.704535733600e-02
4.3055555556,4.3750000000,-1.795341443200e-02
4.3750000000,4.3750000000,-1.821064013400e-02
4.4444444444,4.3750000000,-1.744241284800e-02
4.5138888889,4.3750000000,-1.520493304300e-02
4.5833333333,4.3750000000,-1.104672929600e-02
4.6527777778,4.3750000000,-3.753300735000e-03
4.7222222222,4.3750000000,7.812732315000e-03
4.7916666667,4.3750000000,2.272730416800e-02
4.8611111111,4.3750000000,3.792421082600e-02
4.9305555556,4.3750000000,4.933599654800e-02
5.0000000000,4.3750000000,5.357551171900e-02
5.0694444444,4.3750000000,4.933599645100e-02
5.1388888889,4.3750000000,3.792421069300e-02
5.2083333333,4.3750000000,2.272730404900e-02
5.2777777778,4.3750000000,7.812732230000e-03
5.3472222222,4.3750000000,-3.753300790000e-03
5.4166666667,4.3750000000,-1.104672938400e-02
5.4861111111,4.3750000000,-1.520493320900e-02
5.5555555556,4.3750000000,-1.744241309900e-02
5.6250000000,4.3750000000,-1.821064046400e-02
5.6944444444,4.3750000000,-1.795341481800e-02
5.7638888889,4.3750000000,-1.704535770000e-02
5.8333333333,4.3750000000,-1.575649183200e-02
5.9027777778,4.3750000000,-1.426605364400e-02
5.9722222222,4.3750000000,-1.269407311200e-02
6.0416666667,4.3750000000,-1.112803201090e-02
6.1111111111,4.3750000000,-9.635509487200e-03
6.1805555556,4.3750000000,-8.265633300700e-03
6.2500000000,4.3750000000,-7.047033197200e-03
6.3194444444,4.3750000000,-5.987882682500e-03
6.3888888889,4.3750000000,-5.079445795400e-03
6.4583333333,4.3750000000,-4.302289365900e-03
6.5277777778,4.3750000000,-3.633709051500e-03
6.5972222222,4.3750000000,-3.054281031700e-03
6.6666666667,4.3750000000,-2.551190174000e-03
6.7361111111,4.3750000000,-2.117458243500e-03
6.8055555556,4.3750000000,-1.748696550900e-03
6.8750000000,4.3750000000,-1.440115586190e-03
6.9444444444,4.3750000000,-1.185312274550e-03
7.0138888889,4.3750000000,-9.765208731900e-04
7.0833333333,4.3750000000,-8.054322702300e-04
7.1527777778,4.3750000000,-6.641764486200e-04
7.2222222222,4.3750000000,-5.463138599900e-04
7.2916666667,4.3750000000,-4.474021982600e-04
7.3611111111,4.3750000000,-3.647251619600e-04
7.4305555556,4.3750000000,-2.964101376100e-04
7.5000000000,4.3750000000,-2.406582869800e-04
7.5694444444,4.3750000000,-1.955294143600e-04
7.6388888889,4.3750000000,-1.590973725740e-04
7.7083333333,4.3750000000,-1.296045033920e-04
7.7777777778,4.3750000000,-1.055306524440e-04
7.8472222222,4.3750000000,-8.568227457300e-05
7.9166666667,4.3750000000,-6.927117226700e-05
7.9861111111,4.3750000000,-5.583711755700e-05
8.0555555556,4.3750000000,-4.502538867600e-05
8.1250000000,4.3750000000,-3.641993686400e-05
8.1944444444,4.3750000000,-2.955893522600e-05
8.2638888889,4.3750000000,-2.403818255120e-05
8.3333333333,4.3750000000,-1.955250105290e-05
8.4027777778,4.3750000000,-1.586645142380e-05
8.4722222222,4.3750000000,-1.280018631190e-05
8.5416666667,4.3750000000,-1.024905083550e-05
8.6111111111,4.3750000000,-8.175188727600e-06
8.6805555556,4.3750000000,-6.549888586900e-06
8.7500000000,4.3750000000,-5.306287963700e-06
8.8194444444,4.3750000000,-4.350136853190e-06
8.8888888889,4.3750000000,-3.598537180870e-06
8.9583333333,4.3750000000,-2.993949128110e-06
9.0277777778,4.3750000000,-2.492417367810e-06
9.0972222222,4.3750000000,-2.059637203410e-06
9.1666666667,4.3750000000,-1.681351219800e-06
9.2361111111,4.3750000000,-1.363461257800e-06
9.3055555556,4.3750000000,-1.113439599700e-06
9.3750000000,4.3750000000,-9.252734704240e-07
9.4444444444,4.3750000000,-7.843106383760e-07
9.5138888889,4.3750000000,-6.793397324340e-07
9.5833333333,4.3750000000,-6.039471300300e-07
9.6527777778,4.3750000000,-5.506207080930e-07
9.7222222222,4.3750000000,-5.111692261310e-07
9.7916666667,4.3750000000,-4.825344636550e-07
9.8611111111,4.3750000000,-4.662410801090e-07
9.9305555556,4.3750000000,-4.609723585720e-07
0.0000000000,4.4444444444,-5.083184311450e-07
0.0694444444,4.4444444444,-5.104217952860e-07
0.1388888889,4.4444444444,-5.179509756440e-07
0.2083333333,4.4444444444,-5.327172500810e-07
0.2777777778,4.4444444444,-5.554384765050e-07
0.3472222222,4.4444444444,-5.880279543590e-07
0.4166666667,4.4444444444,-6.359983162070e-07
0.4861111111,4.4444444444,-7.064568454750e-07
0.5555555556,4.4444444444,-8.061174573920e-07
0.6250000000,4.4444444444,-9.450249766440e-07
0.6944444444,4.4444444444,-1.139564198630e-06
0.7638888889,4.4444444444,-1.404168438940e-06
0.8333333333,4.4444444444,-1.738277427320e-06
0.9027777778,4.4444444444,-2.128777539490e-06
0.9722222222,4.4444444444,-2.570919612620e-06
1.0416666667,4.4444444444,-3.083816493340e-06
1.1111111111,4.4444444444,-3.704365636630e-06
1.1805555556,4.4444444444,-4.477850666070e-06
1.2500000000,4.4444444444,-5.467022808600e-06
1.3194444444,4.4444444444,-6.762066070300e-06
1.3888888889,4.4444444444,-8.458246518100e-06
1.4583333333,4.4444444444,-1.061619633200e-05
1.5277777778,4.4444444444,-1.326214498840e-05
1.5972222222,4.4444444444,-1.644247103080e-05
1.6666666667,4.4444444444,-2.027223180170e-05
1.7361111111,4.4444444444,-2.493151577310e-05
1.8055555556,4.4444444444,-3.065172297100e-05
1.8750000000,4.4444444444,-3.774618982300e-05
1.9444444444,4.4444444444,-4.663910925200e-05
2.0138888889,4.4444444444,-5.780577713500e-05
2.0833333333,4.4444444444,-7.166693660000e-05
2.1527777778,4.4444444444,-8.860228870700e-05
2.2222222222,4.4444444444,-1.091389904770e-04
2.2916666667,4.4444444444,-1.341475085610e-04
2.3611111111,4.4444444444,-1.648691785940e-04
2.4305555556,4.4444444444,-2.028260672500e-04
2.5000000000,4.4444444444,-2.497642307500e-04
2.5694444444,4.4444444444,-3.076046641500e-04
2.6388888889,4.4444444444,-3.782835944300e-04
2.7083333333,4.4444444444,-4.636371184000e-04
2.7777777778,4.4444444444,-5.657308218000e-04
2.8472222222,4.4444444444,-6.876968332400e-04
2.9166666667,4.4444444444,-8.344821885000e-04
2.9861111111,4.4444444444,-1.012821077200e-03
3.0555555556,4.4444444444,-1.230420710040e-03
3.1250000000,4.4444444444,-1.494913246400e-03
3.1944444444,4.4444444444,-1.812949186100e-03
3.2638888889,4.4444444444,-2.189545208600e-03
3.3333333333,4.4444444444,-2.628227050900e-03
3.4027777778,4.4444444444,-3.132878572500e-03
3.4722222222,4.4444444444,-3.711103287700e-03
3.5416666667,4.4444444444,-4.376777329700e-03
3.6111111111,4.4444444444,-5.148796064300e-03
3.6805555556,4.4444444444,-6.045073885500e-03
3.7500000000,4.4444444444,-7.073696262400e-03
3.8194444444,4.4444444444,-8.224088605100e-03
3.8888888889,4.4444444444,-9.460288286800e-03
3.9583333333,4.4444444444,-1.071767714600e-02
4.0277777778,4.4444444444,-1.190333105900e-02
4.0972222222,4.4444444444,-1.289605173200e-02
4.1666666667,4.4444444444,-1.353642955600e-02
4.2361111111,4.4444444444,-1.359690255900e-02
4.3055555556,4.4444444444,-1.273264498000e-02
4.3750000000,4.4444444444,-1.043381601600e-02
4.4444444444,4.4444444444,-6.019472058000e-03
4.5138888889,4.4444444444,1.275557178000e-03
4.5833333333,4.4444444444,1.253755891400e-02
4.6527777778,4.4444444444,3.012278007700e-02
4.7222222222,4.4444444444,5.491169229300e-02
4.7916666667,4.4444444444,8.444081936800e-02
4.8611111111,4.4444444444,1.131173735450e-01
4.9305555556,4.4444444444,1.340790856030e-01
5.0000000000,4.4444444444,1.417730786340e-01
5.0694444444,4.4444444444,1.340790855090e-01
5.1388888889,4.4444444444,1.131173734170e-01
5.2083333333,4.4444444444,8.444081923300e-02
5.2777777778,4.4444444444,5.491169221700e-02
5.3472222222,4.4444444444,3.012278007600e-02
5.4166666667,4.4444444444,1.253755891000e-02
5.4861111111,4.4444444444,1.275557085000e-03
5.5555555556,4.4444444444,-6.019472246000e-03
5.6250000000,4.4444444444,-1.043381630600e-02
5.6944444444,4.4444444444,-1.273264529700e-02
5.7638888889,4.4444444444,-1.359690288800e-02
5.8333333333,4.4444444444,-1.353642982400e-02
5.9027777778,4.4444444444,-1.289605193700e-02
5.9722222222,4.4444444444,-1.190333120700e-02
6.0416666667,4.4444444444,-1.071767725400e-02
6.1111111111,4.4444444444,-9.460288374600e-03
6.1805555556,4.4444444444,-8.224088676000e-03
6.2500000000,4.4444444444,-7.073696316300e-03
6.3194444444,4.4444444444,-6.045073906100e-03
6.3888888889,4.4444444444,-5.148796046000e-03
6.4583333333,4.4444444444,-4.376777277700e-03
6.5277777778,4.4444444444,-3.711103219100e-03
6.5972222222,4.4444444444,-3.132878509900e-03
6.6666666667,4.4444444444,-2.628227011600e-03
6.7361111111,4.4444444444,-2.189545198000e-03
6.8055555556,4.4444444444,-1.812949195600e-03
6.8750000000,4.4444444444,-1.494913259000e-03
6.9444444444,4.4444444444,-1.230420709460e-03
7.0138888889,4.4444444444,-1.012821055230e-03
7.0833333333,4.4444444444,-8.344821491700e-04
7.1527777778,4.4444444444,-6.876967899900e-04
7.2222222222,4.4444444444,-5.657307900100e-04
7.2916666667,4.4444444444,-4.636371078300e-04
7.3611111111,4.4444444444,-3.782836045000e-04
7.4305555556,4.4444444444,-3.076046847400e-04
7.5000000000,4.4444444444,-2.497642475000e-04
7.5694444444,4.4444444444,-2.028260687800e-04
7.6388888889,4.4444444444,-1.648691619760e-04
7.7083333333,4.4444444444,-1.341474803550e-04
7.7777777778,4.4444444444,-1.091389630830e-04
7.8472222222,4.4444444444,-8.860227396900e-05
7.9166666667,4.4444444444,-7.166693993300e-05
7.9861111111,4.4444444444,-5.780579503600e-05
8.0555555556,4.4444444444,-4.663913129900e-05
8.1250000000,4.4444444444,-3.774620402500e-05
8.1944444444,4.4444444444,-3.065172172700e-05
8.2638888889,4.4444444444,-2.493149948430e-05
8.3333333333,4.4444444444,-2.027220843990e-05
8.4027777778,4.4444444444,-1.644245197620e-05
8.4722222222,4.4444444444,-1.326213928740e-05
8.5416666667,4.4444444444,-1.061620625700e-05
8.6111111111,4.4444444444,-8.458266584700e-06
8.6805555556,4.4444444444,-6.762085916700e-06
8.7500000000,4.4444444444,-5.467032426600e-06
8.8194444444,4.4444444444,-4.477845353640e-06
8.8888888889,4.4444444444,-3.704348229820e-06
8.9583333333,4.4444444444,-3.083795825880e-06
9.0277777778,4.4444444444,-2.570906028610e-06
9.0972222222,4.4444444444,-2.128777724980e-06
9.1666666667,4.4444444444,-1.738291132610e-06
9.2361111111,4.4444444444,-1.404188688550e-06
9.3055555556,4.4444444444,-1.139580839190e-06
9.3750000000,4.4444444444,-9.450297616850e-07
9.4444444444,4.4444444444,-8.061081318380e-07
9.5138888889,4.4444444444,-7.064382142330e-07
9.5833333333,4.4444444444,-6.359797946160e-07
9.6527777778,4.4444444444,-5.880188426430e-07
9.7222222222,4.4444444444,-5.554433206960e-07
9.7916666667,4.4444444444,-5.327335953130e-07
9.8611111111,4.4444444444,-5.179706176740e-07
9.9305555556,4.4444444444,-5.104348946160e-07
0.0000000000,4.5138888889,-5.517845701200e-07
0.0694444444,4.5138888889,-5.541061427000e-07
0.1388888889,4.5138888889,-5.611433673300e-07
0.2083333333,4.5138888889,-5.734534433200e-07
0.2777777778,4.5138888889,-5.932370530700e-07
0.3472222222,4.5138888889,-6.248992720300e-07
0.4166666667,4.5138888889,-6.731943848200e-07
0.4861111111,4.5138888889,-7.414063505800e-07
0.5555555556,4.5138888889,-8.350528565810e-07
0.6250000000,4.5138888889,-9.690017828570e-07
0.6944444444,4.5138888889,-1.165767722280e-06
0.7638888889,4.5138888889,-1.440029004620e-06
0.8333333333,4.5138888889,-1.785861539390e-06
0.9027777778,4.5138888889,-2.186637384960e-06
0.9722222222,4.5138888889,-2.640006651670e-06
1.0416666667,4.5138888889,-3.168914320810e-06
1.1111111111,4.5138888889,-3.810529069390e-06
1.1805555556,4.5138888889,-4.609490490290e-06
1.2500000000,4.5138888889,-5.631954673300e-06
1.3194444444,4.5138888889,-6.972886317000e-06
1.3888888889,4.5138888889,-8.726847954300e-06
1.4583333333,4.5138888889,-1.095013613020e-05
1.5277777778,4.5138888889,-1.367131243070e-05
1.5972222222,4.5138888889,-1.694782137530e-05
1.6666666667,4.5138888889,-2.090201927040e-05
1.7361111111,4.5138888889,-2.570925610500e-05
1.8055555556,4.5138888889,-3.159667246100e-05
1.8750000000,4.5138888889,-3.889109313500e-05
1.9444444444,4.5138888889,-4.804204846400e-05
2.0138888889,4.5138888889,-5.954008067000e-05
2.0833333333,4.5138888889,-7.381082247700e-05
2.1527777778,4.5138888889,-9.125817240400e-05
2.2222222222,4.5138888889,-1.124687348840e-04
2.2916666667,4.5138888889,-1.383770032280e-04
2.3611111111,4.5138888889,-1.702502415860e-04
2.4305555556,4.5138888889,-2.095987462800e-04
2.5000000000,4.5138888889,-2.581528320700e-04
2.5694444444,4.5138888889,-3.178262668300e-04
2.6388888889,4.5138888889,-3.905533764900e-04
2.7083333333,4.5138888889,-4.782271041200e-04
2.7777777778,4.5138888889,-5.831382262500e-04
2.8472222222,4.5138888889,-7.088356491600e-04
2.9166666667,4.5138888889,-8.606891146000e-04
2.9861111111,4.5138888889,-1.045557540600e-03
3.0555555556,4.5138888889,-1.270774959020e-03
3.1250000000,4.5138888889,-1.543096392400e-03
3.1944444444,4.5138888889,-1.867899642500e-03
3.2638888889,4.5138888889,-2.248759281000e-03
3.3333333333,4.5138888889,-2.688078599200e-03
3.4027777778,4.5138888889,-3.189574335000e-03
3.4722222222,4.5138888889,-3.761732279900e-03
3.5416666667,4.5138888889,-4.419120667100e-03
3.6111111111,4.5138888889,-5.178552889700e-03
3.6805555556,4.5138888889,-6.050087590300e-03
3.7500000000,4.5138888889,-7.025784653100e-03
3.8194444444,4.5138888889,-8.069492915700e-03
3.8888888889,4.5138888889,-9.109850179000e-03
3.9583333333,4.5138888889,-1.003787666300e-02
4.0277777778,4.5138888889,-1.070807648400e-02
4.0972222222,4.5138888889,-1.093507661700e-02
4.1666666667,4.5138888889,-1.047057988100e-02
4.2361111111,4.5138888889,-8.948358972000e-03
4.3055555556,4.5138888889,-5.804143900000e-03
4.3750000000,4.5138888889,-2.062852160000e-04
4.4444444444,4.5138888889,8.940124165000e-03
4.5138888889,4.5138888889,2.285311519000e-02
4.5833333333,4.5138888889,4.366515610400e-02
4.6527777778,4.5138888889,7.452833647300e-02
4.7222222222,4.5138888889,1.158018886200e-01
4.7916666667,4.5138888889,1.631566876490e-01
4.8611111111,4.5138888889,2.080675280690e-01
4.9305555556,4.5138888889,2.404547467870e-01
5.0000000000,4.5138888889,2.522702534600e-01
5.0694444444,4.5138888889,2.404547467350e-01
5.1388888889,4.5138888889,2.080675278640e-01
5.2083333333,4.5138888889,1.631566874550e-01
5.2777777778,4.5138888889,1.158018885710e-01
5.3472222222,4.5138888889,7.452833650100e-02
5.4166666667,4.5138888889,4.366515615100e-02
5.4861111111,4.5138888889,2.285311515800e-02
5.5555555556,4.5138888889,8.940124037000e-03
5.6250000000,4.5138888889,-2.062854370000e-04
5.6944444444,4.5138888889,-5.804144169000e-03
5.7638888889,4.5138888889,-8.948359214000e-03
5.8333333333,4.5138888889,-1.047058008300e-02
5.9027777778,4.5138888889,-1.093507676200e-02
5.9722222222,4.5138888889,-1.070807658200e-02
6.0416666667,4.5138888889,-1.003787673400e-02
6.1111111111,4.5138888889,-9.109850242000e-03
6.1805555556,4.5138888889,-8.069492974500e-03
6.2500000000,4.5138888889,-7.025784697100e-03
6.3194444444,4.5138888889,-6.050087604000e-03
6.3888888889,4.5138888889,-5.178552864500e-03
6.4583333333,4.5138888889,-4.419120606100e-03
6.5277777778,4.5138888889,-3.761732201800e-03
6.5972222222,4.5138888889,-3.189574264500e-03
6.6666666667,4.5138888889,-2.688078555300e-03
6.7361111111,4.5138888889,-2.248759269400e-03
6.8055555556,4.5138888889,-1.867899653500e-03
6.8750000000,4.5138888889,-1.543096407000e-03
6.9444444444,4.5138888889,-1.270774958770e-03
7.0138888889,4.5138888889,-1.045557516770e-03
7.0833333333,4.5138888889,-8.606890716600e-04
7.1527777778,4.5138888889,-7.088356019400e-04
7.2222222222,4.5138888889,-5.831381918600e-04
7.2916666667,4.5138888889,-4.782270932700e-04
7.3611111111,4.5138888889,-3.905533884700e-04
7.4305555556,4.5138888889,-3.178262902900e-04
7.5000000000,4.5138888889,-2.581528510800e-04
7.5694444444,4.5138888889,-2.095987482500e-04
7.6388888889,4.5138888889,-1.702502233580e-04
7.7083333333,4.5138888889,-1.383769721620e-04
7.7777777778,4.5138888889,-1.124687047830e-04
7.8472222222,4.5138888889,-9.125815639900e-05
7.9166666667,4.5138888889,-7.381082653000e-05
7.9861111111,4.5138888889,-5.954010083200e-05
8.0555555556,4.5138888889,-4.804207312500e-05
8.1250000000,4.5138888889,-3.889110898300e-05
8.1944444444,4.5138888889,-3.159667109300e-05
8.2638888889,4.5138888889,-2.570923802070e-05
8.3333333333,4.5138888889,-2.090199336640e-05
8.4027777778,4.5138888889,-1.694780030180e-05
8.4722222222,4.5138888889,-1.367130621830e-05
8.5416666667,4.5138888889,-1.095014726820e-05
8.6111111111,4.5138888889,-8.726870318100e-06
8.6805555556,4.5138888889,-6.972908382300e-06
8.7500000000,4.5138888889,-5.631965331700e-06
8.8194444444,4.5138888889,-4.609484543820e-06
8.8888888889,4.5138888889,-3.810509697330e-06
8.9583333333,4.5138888889,-3.168891354800e-06
9.0277777778,4.5138888889,-2.639991583900e-06
9.0972222222,4.5138888889,-2.186637629100e-06
9.1666666667,4.5138888889,-1.785876798360e-06
9.2361111111,4.5138888889,-1.440051513510e-06
9.3055555556,4.5138888889,-1.165786196270e-06
9.3750000000,4.5138888889,-9.690070669930e-07
9.4444444444,4.5138888889,-8.350424593470e-07
9.5138888889,4.5138888889,-7.413856244400e-07
9.5833333333,4.5138888889,-6.731737987500e-07
9.6527777778,4.5138888889,-6.248891591600e-07
9.7222222222,4.5138888889,-5.932424582400e-07
9.7916666667,4.5138888889,-5.734716305200e-07
9.8611111111,4.5138888889,-5.611652133300e-07
9.9305555556,4.5138888889,-5.541207095700e-07
0.0000000000,4.5833333333,-5.731924142800e-07
0.0694444444,4.5833333333,-5.752183451100e-07
0.1388888889,4.5833333333,-5.813064615900e-07
0.2083333333,4.5833333333,-5.929086260700e-07
0.2777777778,4.5833333333,-6.146846015600e-07
0.3472222222,4.5833333333,-6.521969857900e-07
0.4166666667,4.5833333333,-7.068829058500e-07
0.4861111111,4.5833333333,-7.764721373700e-07
0.5555555556,4.5833333333,-8.651470627110e-07
0.6250000000,4.5833333333,-9.930431209640e-07
0.6944444444,4.5833333333,-1.188920926540e-06
0.7638888889,4.5833333333,-1.468162905750e-06
0.8333333333,4.5833333333,-1.821314009730e-06
0.9027777778,4.5833333333,-2.230650981670e-06
0.9722222222,4.5833333333,-2.697021825490e-06
1.0416666667,4.5833333333,-3.245531261000e-06
1.1111111111,4.5833333333,-3.911058358710e-06
1.1805555556,4.5833333333,-4.735829449630e-06
1.2500000000,4.5833333333,-5.788124614000e-06
1.3194444444,4.5833333333,-7.166150654700e-06
1.3888888889,4.5833333333,-8.963192452200e-06
1.4583333333,4.5833333333,-1.123333552710e-05
1.5277777778,4.5833333333,-1.401086947390e-05
1.5972222222,4.5833333333,-1.736498136880e-05
1.6666666667,4.5833333333,-2.142221908880e-05
1.7361111111,4.5833333333,-2.635057223290e-05
1.8055555556,4.5833333333,-3.237497731800e-05
1.8750000000,4.5833333333,-3.984060749200e-05
1.9444444444,4.5833333333,-4.922470652100e-05
2.0138888889,4.5833333333,-6.103173627000e-05
2.0833333333,4.5833333333,-7.569038169600e-05
2.1527777778,4.5833333333,-9.362644236900e-05
2.2222222222,4.5833333333,-1.154778647800e-04
2.2916666667,4.5833333333,-1.422272092940e-04
2.3611111111,4.5833333333,-1.751511988670e-04
2.4305555556,4.5833333333,-2.157396074100e-04
2.5000000000,4.5833333333,-2.657041163900e-04
2.5694444444,4.5833333333,-3.269482700100e-04
2.6388888889,4.5833333333,-4.014059477100e-04
2.7083333333,4.5833333333,-4.910423169300e-04
2.7777777778,4.5833333333,-5.983906047100e-04
2.8472222222,4.5833333333,-7.273956208600e-04
2.9166666667,4.5833333333,-8.837597008400e-04
2.9861111111,4.5833333333,-1.074323548150e-03
3.0555555556,4.5833333333,-1.305902068300e-03
3.1250000000,4.5833333333,-1.584262079300e-03
3.1944444444,4.5833333333,-1.913456367700e-03
3.2638888889,4.5833333333,-2.295675265600e-03
3.3333333333,4.5833333333,-2.732425387900e-03
3.4027777778,4.5833333333,-3.227576443900e-03
3.4722222222,4.5833333333,-3.790589463400e-03
3.5416666667,4.5833333333,-4.436112097200e-03
3.6111111111,4.5833333333,-5.177174194000e-03
3.6805555556,4.5833333333,-6.013046530100e-03
3.7500000000,4.5833333333,-6.915630215400e-03
3.8194444444,4.5833333333,-7.818028676000e-03
3.8888888889,4.5833333333,-8.607787470000e-03
3.9583333333,4.5833333333,-9.126289238000e-03
4.0277777778,4.5833333333,-9.171226721000e-03
4.0972222222,4.5833333333,-8.488564799000e-03
4.1666666667,4.5833333333,-6.731953494000e-03
4.2361111111,4.5833333333,-3.375480917000e-03
4.3055555556,4.5833333333,2.405325272000e-03
4.3750000000,4.5833333333,1.183033050600e-02
4.4444444444,4.5833333333,2.650103223500e-02
4.5138888889,4.5833333333,4.822470154800e-02
4.5833333333,4.5833333333,8.011383816300e-02
4.6527777778,4.5833333333,1.257651536590e-01
4.7222222222,4.5833333333,1.848766725920e-01
4.7916666667,4.5833333333,2.511834124600e-01
4.8611111111,4.5833333333,3.131892389600e-01
4.9305555556,4.5833333333,3.575523719300e-01
5.0000000000,4.5833333333,3.736803399100e-01
5.0694444444,4.5833333333,3.575523716800e-01
5.1388888889,4.5833333333,3.131892387700e-01
5.2083333333,4.5833333333,2.511834122560e-01
5.2777777778,4.5833333333,1.848766725080e-01
5.3472222222,4.5833333333,1.257651536970e-01
5.4166666667,4.5833333333,8.011383822200e-02
5.4861111111,4.5833333333,4.822470157000e-02
5.5555555556,4.5833333333,2.650103216200e-02
5.6250000000,4.5833333333,1.183033035100e-02
5.6944444444,4.5833333333,2.405325090000e-03
5.7638888889,4.5833333333,-3.375481092000e-03
5.8333333333,4.5833333333,-6.731953629000e-03
5.9027777778,4.5833333333,-8.488564875000e-03
5.9722222222,4.5833333333,-9.171226760000e-03
6.0416666667,4.5833333333,-9.126289264000e-03
6.1111111111,4.5833333333,-8.607787499000e-03
6.1805555556,4.5833333333,-7.818028713000e-03
6.2500000000,4.5833333333,-6.915630244600e-03
6.3194444444,4.5833333333,-6.013046533500e-03
6.3888888889,4.5833333333,-5.177174159600e-03
6.4583333333,4.5833333333,-4.436112028000e-03
6.5277777778,4.5833333333,-3.790589377900e-03
6.5972222222,4.5833333333,-3.227576367400e-03
6.6666666667,4.5833333333,-2.732425340100e-03
6.7361111111,4.5833333333,-2.295675252200e-03
6.8055555556,4.5833333333,-1.913456378300e-03
6.8750000000,4.5833333333,-1.584262093800e-03
6.9444444444,4.5833333333,-1.305902067580e-03
7.0138888889,4.5833333333,-1.074323522740e-03
7.0833333333,4.5833333333,-8.837596556800e-04
7.1527777778,4.5833333333,-7.273955713900e-04
7.2222222222,4.5833333333,-5.983905687900e-04
7.2916666667,4.5833333333,-4.910423057700e-04
7.3611111111,4.5833333333,-4.014059605000e-04
7.4305555556,4.5833333333,-3.269482948000e-04
7.5000000000,4.5833333333,-2.657041364100e-04
7.5694444444,4.5833333333,-2.157396095100e-04
7.6388888889,4.5833333333,-1.751511797680e-04
7.7083333333,4.5833333333,-1.422271767460e-04
7.7777777778,4.5833333333,-1.154778332930e-04
7.8472222222,4.5833333333,-9.362642570600e-05
7.9166666667,4.5833333333,-7.569038608800e-05
7.9861111111,4.5833333333,-6.103175754400e-05
8.0555555556,4.5833333333,-4.922473247200e-05
8.1250000000,4.5833333333,-3.984062414700e-05
8.1944444444,4.5833333333,-3.237497587300e-05
8.2638888889,4.5833333333,-2.635055324030e-05
8.3333333333,4.5833333333,-2.142219190850e-05
8.4027777778,4.5833333333,-1.736495928540e-05
8.4722222222,4.5833333333,-1.401086300670e-05
8.5416666667,4.5833333333,-1.123334727080e-05
8.6111111111,4.5833333333,-8.963215961600e-06
8.6805555556,4.5833333333,-7.166173825500e-06
8.7500000000,4.5833333333,-5.788135789300e-06
8.8194444444,4.5833333333,-4.735823186170e-06
8.8888888889,4.5833333333,-3.911038007770e-06
8.9583333333,4.5833333333,-3.245507152080e-06
9.0277777778,4.5833333333,-2.697006022070e-06
9.0972222222,4.5833333333,-2.230651258000e-06
9.1666666667,4.5833333333,-1.821330043840e-06
9.2361111111,4.5833333333,-1.468186539290e-06
9.3055555556,4.5833333333,-1.188940312050e-06
9.3750000000,4.5833333333,-9.930486523450e-07
9.4444444444,4.5833333333,-8.651361323310e-07
9.5138888889,4.5833333333,-7.764503719000e-07
9.5833333333,4.5833333333,-7.068612997300e-07
9.6527777778,4.5833333333,-6.521863858500e-07
9.7222222222,4.5833333333,-6.146902990600e-07
9.7916666667,4.5833333333,-5.929277424700e-07
9.8611111111,4.5833333333,-5.813294139400e-07
9.9305555556,4.5833333333,-5.752336473600e-07
0.0000000000,4.6527777778,-5.685912945800e-07
0.0694444444,4.6527777778,-5.712298386100e-07
0.1388888889,4.6527777778,-5.790874824800e-07
0.2083333333,4.6527777778,-5.941854486800e-07
0.2777777778,4.6527777778,-6.226146431300e-07
0.3472222222,4.6527777778,-6.697718758000e-07
0.4166666667,4.6527777778,-7.331823569700e-07
0.4861111111,4.6527777778,-8.055301822500e-07
0.5555555556,4.6527777778,-8.902905255500e-07
0.6250000000,4.6527777778,-1.012420237978e-06
0.6944444444,4.6527777778,-1.205793474050e-06
0.7638888889,4.6527777778,-1.486489468960e-06
0.8333333333,4.6527777778,-1.843484924640e-06
0.9027777778,4.6527777778,-2.260229957110e-06
0.9722222222,4.6527777778,-2.740916880230e-06
1.0416666667,4.6527777778,-3.310623472730e-06
1.1111111111,4.6527777778,-3.999568192590e-06
1.1805555556,4.6527777778,-4.846637281800e-06
1.2500000000,4.6527777778,-5.922158493400e-06
1.3194444444,4.6527777778,-7.327298515100e-06
1.3888888889,4.6527777778,-9.154070132900e-06
1.4583333333,4.6527777778,-1.145545632270e-05
1.5277777778,4.6527777778,-1.427257611860e-05
1.5972222222,4.6527777778,-1.768564701570e-05
1.6666666667,4.6527777778,-2.182378152480e-05
1.7361111111,4.6527777778,-2.684823406510e-05
1.8055555556,4.6527777778,-3.298513663600e-05
1.8750000000,4.6527777778,-4.060011144900e-05
1.9444444444,4.6527777778,-5.019548609400e-05
2.0138888889,4.6527777778,-6.228465246600e-05
2.0833333333,4.6527777778,-7.729658944500e-05
2.1527777778,4.6527777778,-9.567756999900e-05
2.2222222222,4.6527777778,-1.181109894380e-04
2.2916666667,4.6527777778,-1.456156102930e-04
2.3611111111,4.6527777778,-1.794659962580e-04
2.4305555556,4.6527777778,-2.211252832300e-04
2.5000000000,4.6527777778,-2.722833864300e-04
2.5694444444,4.6527777778,-3.348306115500e-04
2.6388888889,4.6527777778,-4.107029314900e-04
2.7083333333,4.6527777778,-5.019491878200e-04
2.7777777778,4.6527777778,-6.113479357900e-04
2.8472222222,4.6527777778,-7.432029125700e-04
2.9166666667,4.6527777778,-9.034631239100e-04
2.9861111111,4.6527777778,-1.098848924340e-03
3.0555555556,4.6527777778,-1.335584776700e-03
3.1250000000,4.6527777778,-1.618434250400e-03
3.1944444444,4.6527777778,-1.950180601900e-03
3.2638888889,4.6527777778,-2.331787024000e-03
3.3333333333,4.6527777778,-2.764127673900e-03
3.4027777778,4.6527777778,-3.251466371900e-03
3.4722222222,4.6527777778,-3.804158039000e-03
3.5416666667,4.6527777778,-4.436203414100e-03
3.6111111111,4.6527777778,-5.155332441300e-03
3.6805555556,4.6527777778,-5.947788741000e-03
3.7500000000,4.6527777778,-6.762522820100e-03
3.8194444444,4.6527777778,-7.498856029000e-03
3.8888888889,4.6527777778,-8.000663924000e-03
3.9583333333,4.6527777778,-8.058692494000e-03
4.0277777778,4.6527777778,-7.415173536000e-03
4.0972222222,4.6527777778,-5.750225892000e-03
4.1666666667,4.6527777778,-2.620411584000e-03
4.2361111111,4.6527777778,2.666044213000e-03
4.3055555556,4.6527777778,1.121328476000e-02
4.3750000000,4.6527777778,2.466821974800e-02
4.4444444444,4.6527777778,4.520143189100e-02
4.5138888889,4.6527777778,7.526086469500e-02
4.5833333333,4.6527777778,1.185569626550e-01
4.6527777778,4.6527777778,1.788252807800e-01
4.7222222222,4.6527777778,2.550617523000e-01
4.7916666667,4.6527777778,3.392466865800e-01
4.8611111111,4.6527777778,4.172333799500e-01
4.9305555556,4.6527777778,4.727476560100e-01
5.0000000000,4.6527777778,4.928857066300e-01
5.0694444444,4.6527777778,4.727476557600e-01
5.1388888889,4.6527777778,4.172333797600e-01
5.2083333333,4.6527777778,3.392466864800e-01
5.2777777778,4.6527777778,2.550617522200e-01
5.3472222222,4.6527777778,1.788252808200e-01
5.4166666667,4.6527777778,1.185569627360e-01
5.4861111111,4.6527777778,7.526086475300e-02
5.5555555556,4.6527777778,4.520143187600e-02
5.6250000000,4.6527777778,2.466821966300e-02
5.6944444444,4.6527777778,1.121328465000e-02
5.7638888889,4.6527777778,2.666044121000e-03
5.8333333333,4.6527777778,-2.620411629000e-03
5.9027777778,4.6527777778,-5.750225896000e-03
5.9722222222,4.6527777778,-7.415173514000e-03
6.0416666667,4.6527777778,-8.058692469000e-03
6.1111111111,4.6527777778,-8.000663913000e-03
6.1805555556,4.6527777778,-7.498856035000e-03
6.2500000000,4.6527777778,-6.762522828100e-03
6.3194444444,4.6527777778,-5.947788728900e-03
6.3888888889,4.6527777778,-5.155332397800e-03
6.4583333333,4.6527777778,-4.436203338000e-03
6.5277777778,4.6527777778,-3.804157948500e-03
6.5972222222,4.6527777778,-3.251466291200e-03
6.6666666667,4.6527777778,-2.764127622600e-03
6.7361111111,4.6527777778,-2.331787007500e-03
6.8055555556,4.6527777778,-1.950180610000e-03
6.8750000000,4.6527777778,-1.618434263000e-03
6.9444444444,4.6527777778,-1.335584774700e-03
7.0138888889,4.6527777778,-1.098848898200e-03
7.0833333333,4.6527777778,-9.034630782900e-04
7.1527777778,4.6527777778,-7.432028627700e-04
7.2222222222,4.6527777778,-6.113478995500e-04
7.2916666667,4.6527777778,-5.019491762700e-04
7.3611111111,4.6527777778,-4.107029438100e-04
7.4305555556,4.6527777778,-3.348306359000e-04
7.5000000000,4.6527777778,-2.722834061300e-04
7.5694444444,4.6527777778,-2.211252851700e-04
7.6388888889,4.6527777778,-1.794659771540e-04
7.7083333333,4.6527777778,-1.456155778400e-04
7.7777777778,4.6527777778,-1.181109580370e-04
7.8472222222,4.6527777778,-9.567755333700e-05
7.9166666667,4.6527777778,-7.729659372200e-05
7.9861111111,4.6527777778,-6.228467353900e-05
8.0555555556,4.6527777778,-5.019551184200e-05
8.1250000000,4.6527777778,-4.060012798200e-05
8.1944444444,4.6527777778,-3.298513519500e-05
8.2638888889,4.6527777778,-2.684821518830e-05
8.3333333333,4.6527777778,-2.182375450600e-05
8.4027777778,4.6527777778,-1.768562505360e-05
8.4722222222,4.6527777778,-1.427256966900e-05
8.5416666667,4.6527777778,-1.145546797130e-05
8.6111111111,4.6527777778,-9.154093480900e-06
8.6805555556,4.6527777778,-7.327321537600e-06
8.7500000000,4.6527777778,-5.922169606600e-06
8.8194444444,4.6527777778,-4.846631072300e-06
8.8888888889,4.6527777778,-3.999547984940e-06
8.9583333333,4.6527777778,-3.310599526290e-06
9.0277777778,4.6527777778,-2.740901178730e-06
9.0972222222,4.6527777778,-2.260230226460e-06
9.1666666667,4.6527777778,-1.843500847840e-06
9.2361111111,4.6527777778,-1.486512944430e-06
9.3055555556,4.6527777778,-1.205812733640e-06
9.3750000000,4.6527777778,-1.012425738585e-06
9.4444444444,4.6527777778,-8.902796760200e-07
9.5138888889,4.6527777778,-8.055085721800e-07
9.5833333333,4.6527777778,-7.331609088300e-07
9.6527777778,4.6527777778,-6.697613646800e-07
9.7222222222,4.6527777778,-6.226203235100e-07
9.7916666667,4.6527777778,-5.942044578200e-07
9.8611111111,4.6527777778,-5.791102976100e-07
9.9305555556,4.6527777778,-5.712450474100e-07
0.0000000000,4.7222222222,-5.394972003900e-07
0.0694444444,4.7222222222,-5.449728558700e-07
0.1388888889,4.7222222222,-5.601541958500e-07
0.2083333333,4.7222222222,-5.848416123000e-07
0.2777777778,4.7222222222,-6.236611130800e-07
0.3472222222,4.7222222222,-6.807093986100e-07
0.4166666667,4.7222222222,-7.510027844700e-07
0.4861111111,4.7222222222,-8.248091340000e-07
0.5555555556,4.7222222222,-9.062542815800e-07
0.6250000000,4.7222222222,-1.023986107443e-06
0.6944444444,4.7222222222,-1.214867365230e-06
0.7638888889,4.7222222222,-1.495138647220e-06
0.8333333333,4.7222222222,-1.853859978360e-06
0.9027777778,4.7222222222,-2.277348344090e-06
0.9722222222,4.7222222222,-2.772658658640e-06
1.0416666667,4.7222222222,-3.362611584210e-06
1.1111111111,4.7222222222,-4.071115505480e-06
1.1805555556,4.7222222222,-4.933889694700e-06
1.2500000000,4.7222222222,-6.024358002500e-06
1.3194444444,4.7222222222,-7.447270824900e-06
1.3888888889,4.7222222222,-9.293446816900e-06
1.4583333333,4.7222222222,-1.161449438050e-05
1.5277777778,4.7222222222,-1.445734284630e-05
1.5972222222,4.7222222222,-1.791180393990e-05
1.6666666667,4.7222222222,-2.210979412600e-05
1.7361111111,4.7222222222,-2.720902479000e-05
1.8055555556,4.7222222222,-3.344008380700e-05
1.8750000000,4.7222222222,-4.118738120900e-05
1.9444444444,4.7222222222,-5.097114195700e-05
2.0138888889,4.7222222222,-6.330657531100e-05
2.0833333333,4.7222222222,-7.862079285700e-05
2.1527777778,4.7222222222,-9.738085114700e-05
2.2222222222,4.7222222222,-1.203121670680e-04
2.2916666667,4.7222222222,-1.484615515440e-04
2.3611111111,4.7222222222,-1.830935750840e-04
2.4305555556,4.7222222222,-2.256402603600e-04
2.5000000000,4.7222222222,-2.777666767500e-04
2.5694444444,4.7222222222,-3.413482931900e-04
2.6388888889,4.7222222222,-4.183274614100e-04
2.7083333333,4.7222222222,-5.108432395300e-04
2.7777777778,4.7222222222,-6.219079830100e-04
2.8472222222,4.7222222222,-7.561355997800e-04
2.9166666667,4.7222222222,-9.196476495200e-04
2.9861111111,4.7222222222,-1.118988283790e-03
3.0555555556,4.7222222222,-1.359794540900e-03
3.1250000000,4.7222222222,-1.645902111300e-03
3.1944444444,4.7222222222,-1.978974394400e-03
3.2638888889,4.7222222222,-2.358972354900e-03
3.3333333333,4.7222222222,-2.786390013800e-03
3.4027777778,4.7222222222,-3.266011062100e-03
3.4722222222,4.7222222222,-3.808873553900e-03
3.5416666667,4.7222222222,-4.427683105400e-03
3.6111111111,4.7222222222,-5.123905130600e-03
3.6805555556,4.7222222222,-5.869746531300e-03
3.7500000000,4.7222222222,-6.590447580000e-03
3.8194444444,4.7222222222,-7.151423818000e-03
3.8888888889,4.7222222222,-7.354094572000e-03
3.9583333333,4.7222222222,-6.942105755000e-03
4.0277777778,4.7222222222,-5.608798634000e-03
4.0972222222,4.7222222222,-2.977778688000e-03
4.1666666667,4.7222222222,1.480831438000e-03
4.2361111111,4.7222222222,8.615011650000e-03
4.3055555556,4.7222222222,1.980313419500e-02
4.3750000000,4.7222222222,3.712290571000e-02
4.4444444444,4.7222222222,6.333374702000e-02
4.5138888889,4.7222222222,1.015168855300e-01
4.5833333333,4.7222222222,1.555233286000e-01
4.6527777778,4.7222222222,2.289261332600e-01
4.7222222222,4.7222222222,3.200469748100e-01
4.7916666667,4.7222222222,4.194522519500e-01
4.8611111111,4.7222222222,5.108984016000e-01
4.9305555556,4.7222222222,5.757615778300e-01
5.0000000000,4.7222222222,5.992566786500e-01
5.0694444444,4.7222222222,5.757615776800e-01
5.1388888889,4.7222222222,5.108984014000e-01
5.2083333333,4.7222222222,4.194522517600e-01
5.2777777778,4.7222222222,3.200469747500e-01
5.3472222222,4.7222222222,2.289261333100e-01
5.4166666667,4.7222222222,1.555233287000e-01
5.4861111111,4.7222222222,1.015168856100e-01
5.5555555556,4.7222222222,6.333374705100e-02
5.6250000000,4.7222222222,3.712290569200e-02
5.6944444444,4.7222222222,1.980313417200e-02
5.7638888889,4.7222222222,8.615011636000e-03
5.8333333333,4.7222222222,1.480831462000e-03
5.9027777778,4.7222222222,-2.977778621000e-03
5.9722222222,4.7222222222,-5.608798547000e-03
6.0416666667,4.7222222222,-6.942105675000e-03
6.1111111111,4.7222222222,-7.354094517000e-03
6.1805555556,4.7222222222,-7.151423789000e-03
6.2500000000,4.7222222222,-6.590447561000e-03
6.3194444444,4.7222222222,-5.869746504100e-03
6.3888888889,4.7222222222,-5.123905076200e-03
6.4583333333,4.7222222222,-4.427683024400e-03
6.5277777778,4.7222222222,-3.808873460300e-03
6.5972222222,4.7222222222,-3.266010979100e-03
6.6666666667,4.7222222222,-2.786389959300e-03
6.7361111111,4.7222222222,-2.358972334300e-03
6.8055555556,4.7222222222,-1.978974398300e-03
6.8750000000,4.7222222222,-1.645902120500e-03
6.9444444444,4.7222222222,-1.359794536900e-03
7.0138888889,4.7222222222,-1.118988257410e-03
7.0833333333,4.7222222222,-9.196476048100e-04
7.1527777778,4.7222222222,-7.561355512600e-04
7.2222222222,4.7222222222,-6.219079474000e-04
7.2916666667,4.7222222222,-5.108432274600e-04
7.3611111111,4.7222222222,-4.183274722100e-04
7.4305555556,4.7222222222,-3.413483156400e-04
7.5000000000,4.7222222222,-2.777666950300e-04
7.5694444444,4.7222222222,-2.256402619400e-04
7.6388888889,4.7222222222,-1.830935567390e-04
7.7083333333,4.7222222222,-1.484615204990e-04
7.7777777778,4.7222222222,-1.203121369640e-04
7.8472222222,4.7222222222,-9.738083500800e-05
7.9166666667,4.7222222222,-7.862079662100e-05
7.9861111111,4.7222222222,-6.330659510100e-05
8.0555555556,4.7222222222,-5.097116628900e-05
8.1250000000,4.7222222222,-4.118739688200e-05
8.1944444444,4.7222222222,-3.344008246000e-05
8.2638888889,4.7222222222,-2.720900688190e-05
8.3333333333,4.7222222222,-2.210976844550e-05
8.4027777778,4.7222222222,-1.791178301500e-05
8.4722222222,4.7222222222,-1.445733662470e-05
8.5416666667,4.7222222222,-1.161450535050e-05
8.6111111111,4.7222222222,-9.293468933800e-06
8.6805555556,4.7222222222,-7.447292682800e-06
8.7500000000,4.7222222222,-6.024368592800e-06
8.8194444444,4.7222222222,-4.933883852900e-06
8.8888888889,4.7222222222,-4.071096361810e-06
8.9583333333,4.7222222222,-3.362588862710e-06
9.0277777778,4.7222222222,-2.772643735820e-06
9.0972222222,4.7222222222,-2.277348566520e-06
9.1666666667,4.7222222222,-1.853875063460e-06
9.2361111111,4.7222222222,-1.495160918950e-06
9.3055555556,4.7222222222,-1.214885657550e-06
9.3750000000,4.7222222222,-1.023991356707e-06
9.4444444444,4.7222222222,-9.062440180100e-07
9.5138888889,4.7222222222,-8.247886542400e-07
9.5833333333,4.7222222222,-7.509824517600e-07
9.6527777778,4.7222222222,-6.806994402900e-07
9.7222222222,4.7222222222,-6.236665178600e-07
9.7916666667,4.7222222222,-5.848596640100e-07
9.8611111111,4.7222222222,-5.601758564200e-07
9.9305555556,4.7222222222,-5.449872938700e-07
0.0000000000,4.7916666667,-4.837481631340e-07
0.0694444444,4.7916666667,-4.948140129400e-07
0.1388888889,4.7916666667,-5.240170621400e-07
0.2083333333,4.7916666667,-5.651943646100e-07
0.2777777778,4.7916666667,-6.179596193000e-07
0.3472222222,4.7916666667,-6.841627821400e-07
0.4166666667,4.7916666667,-7.585126053700e-07
0.4861111111,4.7916666667,-8.321636107400e-07
0.5555555556,4.7916666667,-9.113502218200e-07
0.6250000000,4.7916666667,-1.027044241064e-06
0.6944444444,4.7916666667,-1.216815111720e-06
0.7638888889,4.7916666667,-1.496369503740e-06
0.8333333333,4.7916666667,-1.855944137530e-06
0.9027777778,4.7916666667,-2.285569989570e-06
0.9722222222,4.7916666667,-2.794315215210e-06
1.0416666667,4.7916666667,-3.401131828360e-06
1.1111111111,4.7916666667,-4.123115609770e-06
1.1805555556,4.7916666667,-4.993833788730e-06
1.2500000000,4.7916666667,-6.091196126800e-06
1.3194444444,4.7916666667,-7.524331938000e-06
1.3888888889,4.7916666667,-9.382871313600e-06
1.4583333333,4.7916666667,-1.171599845110e-05
1.5277777778,4.7916666667,-1.457424467660e-05
1.5972222222,4.7916666667,-1.805521325140e-05
1.6666666667,4.7916666667,-2.229477794130e-05
1.7361111111,4.7916666667,-2.745095757780e-05
1.8055555556,4.7916666667,-3.376062888400e-05
1.8750000000,4.7916666667,-4.162241723400e-05
1.9444444444,4.7916666667,-5.156552593600e-05
2.0138888889,4.7916666667,-6.410061087300e-05
2.0833333333,4.7916666667,-7.965231774400e-05
2.1527777778,4.7916666667,-9.870933672800e-05
2.2222222222,4.7916666667,-1.220360369400e-04
2.2916666667,4.7916666667,-1.507011983370e-04
2.3611111111,4.7916666667,-1.859548904800e-04
2.4305555556,4.7916666667,-2.291960452100e-04
2.5000000000,4.7916666667,-2.820634753500e-04
2.5694444444,4.7916666667,-3.464184606300e-04
2.6388888889,4.7916666667,-4.242143613700e-04
2.7083333333,4.7916666667,-5.176793093300e-04
2.7777777778,4.7916666667,-6.300325489200e-04
2.8472222222,4.7916666667,-7.661402016800e-04
2.9166666667,4.7916666667,-9.322372212800e-04
2.9861111111,4.7916666667,-1.134680202000e-03
3.0555555556,4.7916666667,-1.378586589300e-03
3.1250000000,4.7916666667,-1.667012765100e-03
3.1944444444,4.7916666667,-2.000719012800e-03
3.2638888889,4.7916666667,-2.378917050500e-03
3.3333333333,4.7916666667,-2.801920446800e-03
3.4027777778,4.7916666667,-3.275039086100e-03
3.4722222222,4.7916666667,-3.809735808500e-03
3.5416666667,4.7916666667,-4.417045601500e-03
3.6111111111,4.7916666667,-5.092053349800e-03
3.6805555556,4.7916666667,-5.793520431800e-03
3.7500000000,4.7916666667,-6.424656904000e-03
3.8194444444,4.7916666667,-6.820102120000e-03
3.8888888889,4.7916666667,-6.743848590000e-03
3.9583333333,4.7916666667,-5.899856879000e-03
4.0277777778,4.7916666667,-3.942752638000e-03
4.0972222222,4.7916666667,-4.529675410000e-04
4.1666666667,4.7916666667,5.168382926000e-03
4.2361111111,4.7916666667,1.390236498500e-02
4.3055555556,4.7916666667,2.737164499700e-02
4.3750000000,4.7916666667,4.804964196900e-02
4.4444444444,4.7916666667,7.925089041600e-02
4.5138888889,4.7916666667,1.246795559400e-01
4.5833333333,4.7916666667,1.880238629400e-01
4.6527777778,4.7916666667,2.723555045400e-01
4.7222222222,4.7916666667,3.753729514300e-01
4.7916666667,4.7916666667,4.866117967400e-01
4.8611111111,4.7916666667,5.883610045700e-01
4.9305555556,4.7916666667,6.603296391200e-01
5.0000000000,4.7916666667,6.863698215400e-01
5.0694444444,4.7916666667,6.603296389600e-01
5.1388888889,4.7916666667,5.883610044500e-01
5.2083333333,4.7916666667,4.866117965900e-01
5.2777777778,4.7916666667,3.753729513900e-01
5.3472222222,4.7916666667,2.723555046200e-01
5.4166666667,4.7916666667,1.880238630600e-01
5.4861111111,4.7916666667,1.246795560700e-01
5.5555555556,4.7916666667,7.925089053000e-02
5.6250000000,4.7916666667,4.804964205300e-02
5.6944444444,4.7916666667,2.737164505600e-02
5.7638888889,4.7916666667,1.390236506400e-02
5.8333333333,4.7916666667,5.168383037000e-03
5.9027777778,4.7916666667,-4.529674050000e-04
5.9722222222,4.7916666667,-3.942752491000e-03
6.0416666667,4.7916666667,-5.899856745000e-03
6.1111111111,4.7916666667,-6.743848489000e-03
6.1805555556,4.7916666667,-6.820102054000e-03
6.2500000000,4.7916666667,-6.424656859000e-03
6.3194444444,4.7916666667,-5.793520385800e-03
6.3888888889,4.7916666667,-5.092053285300e-03
6.4583333333,4.7916666667,-4.417045514800e-03
6.5277777778,4.7916666667,-3.809735712900e-03
6.5972222222,4.7916666667,-3.275039001200e-03
6.6666666667,4.7916666667,-2.801920389400e-03
6.7361111111,4.7916666667,-2.378917025500e-03
6.8055555556,4.7916666667,-2.000719011600e-03
6.8750000000,4.7916666667,-1.667012770100e-03
6.9444444444,4.7916666667,-1.378586583200e-03
7.0138888889,4.7916666667,-1.134680175600e-03
7.0833333333,4.7916666667,-9.322371783000e-04
7.1527777778,4.7916666667,-7.661401550800e-04
7.2222222222,4.7916666667,-6.300325142900e-04
7.2916666667,4.7916666667,-5.176792966500e-04
7.3611111111,4.7916666667,-4.242143701700e-04
7.4305555556,4.7916666667,-3.464184806300e-04
7.5000000000,4.7916666667,-2.820634918100e-04
7.5694444444,4.7916666667,-2.291960464000e-04
7.6388888889,4.7916666667,-1.859548732400e-04
7.7083333333,4.7916666667,-1.507011692560e-04
7.7777777778,4.7916666667,-1.220360086220e-04
7.8472222222,4.7916666667,-9.870932129900e-05
7.9166666667,4.7916666667,-7.965232080700e-05
7.9861111111,4.7916666667,-6.410062892600e-05
8.0555555556,4.7916666667,-5.156554836700e-05
8.1250000000,4.7916666667,-4.162243177200e-05
8.1944444444,4.7916666667,-3.376062769700e-05
8.2638888889,4.7916666667,-2.745094100580e-05
8.3333333333,4.7916666667,-2.229475408450e-05
8.4027777778,4.7916666667,-1.805519372430e-05
8.4722222222,4.7916666667,-1.457423874900e-05
8.5416666667,4.7916666667,-1.171600849040e-05
8.6111111111,4.7916666667,-9.382891760200e-06
8.6805555556,4.7916666667,-7.524352226400e-06
8.7500000000,4.7916666667,-6.091206023000e-06
8.8194444444,4.7916666667,-4.993828457710e-06
8.8888888889,4.7916666667,-4.123097912280e-06
8.9583333333,4.7916666667,-3.401110761680e-06
9.0277777778,4.7916666667,-2.794301336520e-06
9.0972222222,4.7916666667,-2.285570138330e-06
9.1666666667,4.7916666667,-1.855958082660e-06
9.2361111111,4.7916666667,-1.496390147340e-06
9.3055555556,4.7916666667,-1.216832101290e-06
9.3750000000,4.7916666667,-1.027049157636e-06
9.4444444444,4.7916666667,-9.113407552830e-07
9.5138888889,4.7916666667,-8.321446581600e-07
9.5833333333,4.7916666667,-7.584937725900e-07
9.6527777778,4.7916666667,-6.841535573400e-07
9.7222222222,4.7916666667,-6.179646351600e-07
9.7916666667,4.7916666667,-5.652111067300e-07
9.8611111111,4.7916666667,-5.240371505200e-07
9.9305555556,4.7916666667,-4.948274029460e-07
0.0000000000,4.8611111111,-4.056777383100e-07
0.0694444444,4.8611111111,-4.240785587420e-07
0.1388888889,4.8611111111,-4.715786165780e-07
0.2083333333,4.8611111111,-5.337128201900e-07
0.2777777778,4.8611111111,-6.028321498900e-07
0.3472222222,4.8611111111,-6.780013686500e-07
0.4166666667,4.8611111111,-7.551900063200e-07
0.4861111111,4.8611111111,-8.286272989900e-07
0.5555555556,4.8611111111,-9.074028597440e-07
0.6250000000,4.8611111111,-1.023650980834e-06
0.6944444444,4.8611111111,-1.214108794140e-06
0.7638888889,4.8611111111,-1.493551563430e-06
0.8333333333,4.8611111111,-1.853821453540e-06
0.9027777778,4.8611111111,-2.288562738550e-06
0.9722222222,4.8611111111,-2.807989697020e-06
1.0416666667,4.8611111111,-3.426763076390e-06
1.1111111111,4.8611111111,-4.155958858630e-06
1.1805555556,4.8611111111,-5.028216901890e-06
1.2500000000,4.8611111111,-6.126559885900e-06
1.3194444444,4.8611111111,-7.564649927900e-06
1.3888888889,4.8611111111,-9.430996449200e-06
1.4583333333,4.8611111111,-1.177161556440e-05
1.5277777778,4.8611111111,-1.463843164240e-05
1.5972222222,4.8611111111,-1.813476547410e-05
1.6666666667,4.8611111111,-2.240104931630e-05
1.7361111111,4.8611111111,-2.759813854840e-05
1.8055555556,4.8611111111,-3.396908099700e-05
1.8750000000,4.8611111111,-4.192125571500e-05
1.9444444444,4.8611111111,-5.198569030200e-05
2.0138888889,4.8611111111,-6.466536105000e-05
2.0833333333,4.8611111111,-8.038320054300e-05
2.1527777778,4.8611111111,-9.964838209300e-05
2.2222222222,4.8611111111,-1.232585201740e-04
2.2916666667,4.8611111111,-1.522987104530e-04
2.3611111111,4.8611111111,-1.880037850100e-04
2.4305555556,4.8611111111,-2.317421265600e-04
2.5000000000,4.8611111111,-2.851284867200e-04
2.5694444444,4.8611111111,-3.500127076200e-04
2.6388888889,4.8611111111,-4.283613954600e-04
2.7083333333,4.8611111111,-5.224797083600e-04
2.7777777778,4.8611111111,-6.357506842500e-04
2.8472222222,4.8611111111,-7.732270335600e-04
2.9166666667,4.8611111111,-9.412125601700e-04
2.9861111111,4.8611111111,-1.145902413000e-03
3.0555555556,4.8611111111,-1.392011628700e-03
3.1250000000,4.8611111111,-1.682015447100e-03
3.1944444444,4.8611111111,-2.016023225900e-03
3.2638888889,4.8611111111,-2.392743387500e-03
3.3333333333,4.8611111111,-2.812435430600e-03
3.4027777778,4.8611111111,-3.280844834500e-03
3.4722222222,4.8611111111,-3.809636794800e-03
3.5416666667,4.8611111111,-4.408202630200e-03
3.6111111111,4.8611111111,-5.066114214000e-03
3.6805555556,4.8611111111,-5.730978117000e-03
3.7500000000,4.8611111111,-6.288114275000e-03
3.8194444444,4.8611111111,-6.547613282000e-03
3.8888888889,4.8611111111,-6.244345626000e-03
3.9583333333,4.8611111111,-5.052665335000e-03
4.0277777778,4.8611111111,-2.600134928000e-03
4.0972222222,4.8611111111,1.561733016000e-03
4.1666666667,4.8611111111,8.080454064000e-03
4.2361111111,4.8611111111,1.803757330300e-02
4.3055555556,4.8611111111,3.324839985100e-02
4.3750000000,4.8611111111,5.650737897600e-02
4.4444444444,4.8611111111,9.158968048000e-02
4.5138888889,4.8611111111,1.427505050500e-01
4.5833333333,4.8611111111,2.136072216100e-01
4.6527777778,4.8611111111,3.063159892100e-01
4.7222222222,4.8611111111,4.179884338700e-01
4.7916666667,4.8611111111,5.374809311300e-01
4.8611111111,4.8611111111,6.462222555900e-01
4.9305555556,4.8611111111,7.229439159700e-01
5.0000000000,4.8611111111,7.506780496400e-01
5.0694444444,4.8611111111,7.229439159100e-01
5.1388888889,4.8611111111,6.462222555500e-01
5.2083333333,4.8611111111,5.374809310400e-01
5.2777777778,4.8611111111,4.179884339000e-01
5.3472222222,4.8611111111,3.063159893200e-01
5.4166666667,4.8611111111,2.136072217900e-01
5.4861111111,4.8611111111,1.427505052500e-01
5.5555555556,4.8611111111,9.158968065000e-02
5.6250000000,4.8611111111,5.650737911500e-02
5.6944444444,4.8611111111,3.324839997200e-02
5.7638888889,4.8611111111,1.803757345500e-02
5.8333333333,4.8611111111,8.080454232000e-03
5.9027777778,4.8611111111,1.561733215000e-03
5.9722222222,4.8611111111,-2.600134724000e-03
6.0416666667,4.8611111111,-5.052665152000e-03
6.1111111111,4.8611111111,-6.244345483000e-03
6.1805555556,4.8611111111,-6.547613183000e-03
6.2500000000,4.8611111111,-6.288114205000e-03
6.3194444444,4.8611111111,-5.730978053000e-03
6.3888888889,4.8611111111,-5.066114139300e-03
6.4583333333,4.8611111111,-4.408202538700e-03
6.5277777778,4.8611111111,-3.809636696700e-03
6.5972222222,4.8611111111,-3.280844747300e-03
6.6666666667,4.8611111111,-2.812435370100e-03
6.7361111111,4.8611111111,-2.392743358500e-03
6.8055555556,4.8611111111,-2.016023220700e-03
6.8750000000,4.8611111111,-1.682015448900e-03
6.9444444444,4.8611111111,-1.392011620800e-03
7.0138888889,4.8611111111,-1.145902386700e-03
7.0833333333,4.8611111111,-9.412125183100e-04
7.1527777778,4.8611111111,-7.732269882500e-04
7.2222222222,4.8611111111,-6.357506501700e-04
7.2916666667,4.8611111111,-5.224796950400e-04
7.3611111111,4.8611111111,-4.283614026600e-04
7.4305555556,4.8611111111,-3.500127257600e-04
7.5000000000,4.8611111111,-2.851285019000e-04
7.5694444444,4.8611111111,-2.317421275800e-04
7.6388888889,4.8611111111,-1.880037686800e-04
7.7083333333,4.8611111111,-1.522986828480e-04
7.7777777778,4.8611111111,-1.232584931280e-04
7.8472222222,4.8611111111,-9.964836710900e-05
7.9166666667,4.8611111111,-8.038320302200e-05
7.9861111111,4.8611111111,-6.466537780000e-05
8.0555555556,4.8611111111,-5.198571136200e-05
8.1250000000,4.8611111111,-4.192126948100e-05
8.1944444444,4.8611111111,-3.396907999400e-05
8.2638888889,4.8611111111,-2.759812300020e-05
8.3333333333,4.8611111111,-2.240102679880e-05
8.4027777778,4.8611111111,-1.813474694080e-05
8.4722222222,4.8611111111,-1.463842588710e-05
8.5416666667,4.8611111111,-1.177162489110e-05
8.6111111111,4.8611111111,-9.431015669900e-06
8.6805555556,4.8611111111,-7.564669092100e-06
8.7500000000,4.8611111111,-6.126569312500e-06
8.8194444444,4.8611111111,-5.028211977970e-06
8.8888888889,4.8611111111,-4.155942233060e-06
8.9583333333,4.8611111111,-3.426743211830e-06
9.0277777778,4.8611111111,-2.807976559420e-06
9.0972222222,4.8611111111,-2.288562810660e-06
9.1666666667,4.8611111111,-1.853834554160e-06
9.2361111111,4.8611111111,-1.493571021880e-06
9.3055555556,4.8611111111,-1.214124848300e-06
9.3750000000,4.8611111111,-1.023655673338e-06
9.4444444444,4.8611111111,-9.073939878010e-07
9.5138888889,4.8611111111,-8.286094632500e-07
9.5833333333,4.8611111111,-7.551722611100e-07
9.6527777778,4.8611111111,-6.779926679800e-07
9.7222222222,4.8611111111,-6.028368722900e-07
9.7916666667,4.8611111111,-5.337286013970e-07
9.8611111111,4.8611111111,-4.715975564250e-07
9.9305555556,4.8611111111,-4.240911843490e-07
0.0000000000,4.9305555556,-3.315909911372e-07
0.0694444444,4.9305555556,-3.564407847009e-07
0.1388888889,4.9305555556,-4.200516357930e-07
0.2083333333,4.9305555556,-5.006249536530e-07
0.2777777778,4.9305555556,-5.839875589900e-07
0.3472222222,4.9305555556,-6.667787615400e-07
0.4166666667,4.9305555556,-7.464721112300e-07
0.4861111111,4.9305555556,-8.204344694600e-07
0.5555555556,4.9305555556,-9.001776912520e-07
0.6250000000,4.9305555556,-1.018269914951e-06
0.6944444444,4.9305555556,-1.210264719330e-06
0.7638888889,4.9305555556,-1.490110381960e-06
0.8333333333,4.9305555556,-1.850995050010e-06
0.9027777778,4.9305555556,-2.289179931630e-06
0.9722222222,4.9305555556,-2.815386702610e-06
1.0416666667,4.9305555556,-3.440953928930e-06
1.1111111111,4.9305555556,-4.172856138590e-06
1.1805555556,4.9305555556,-5.043612836850e-06
1.2500000000,4.9305555556,-6.140399240100e-06
1.3194444444,4.9305555556,-7.580379311200e-06
1.3888888889,4.9305555556,-9.451230478000e-06
1.4583333333,4.9305555556,-1.179621387270e-05
1.5277777778,4.9305555556,-1.466734192160e-05
1.5972222222,4.9305555556,-1.817139663680e-05
1.6666666667,4.9305555556,-2.245249531270e-05
1.7361111111,4.9305555556,-2.767454955190e-05
1.8055555556,4.9305555556,-3.408497995300e-05
1.8750000000,4.9305555556,-4.209538734800e-05
1.9444444444,4.9305555556,-5.223538029800e-05
2.0138888889,4.9305555556,-6.500121094300e-05
2.0833333333,4.9305555556,-8.081515455400e-05
2.1527777778,4.9305555556,-1.002015603110e-04
2.2222222222,4.9305555556,-1.239809462220e-04
2.2916666667,4.9305555556,-1.532485950000e-04
2.3611111111,4.9305555556,-1.892276740300e-04
2.4305555556,4.9305555556,-2.332645865200e-04
2.5000000000,4.9305555556,-2.869569087500e-04
2.5694444444,4.9305555556,-3.521471858500e-04
2.6388888889,4.9305555556,-4.308129762800e-04
2.7083333333,4.9305555556,-5.253122422600e-04
2.7777777778,4.9305555556,-6.391336488500e-04
2.8472222222,4.9305555556,-7.774446618800e-04
2.9166666667,4.9305555556,-9.465852721100e-04
2.9861111111,4.9305555556,-1.152642784000e-03
3.0555555556,4.9305555556,-1.400079341000e-03
3.1250000000,4.9305555556,-1.691014259500e-03
3.1944444444,4.9305555556,-2.025168231800e-03
3.2638888889,4.9305555556,-2.400965769800e-03
3.3333333333,4.9305555556,-2.818667603400e-03
3.4027777778,4.9305555556,-3.284301378700e-03
3.4722222222,4.9305555556,-3.809597627300e-03
3.5416666667,4.9305555556,-4.402750207300e-03
3.6111111111,4.9305555556,-5.049594847200e-03
3.6805555556,4.9305555556,-5.690365129000e-03
3.7500000000,4.9305555556,-6.198716670000e-03
3.8194444444,4.9305555556,-6.368928738000e-03
3.8888888889,4.9305555556,-5.917453836000e-03
3.9583333333,4.9305555556,-4.500534873000e-03
4.0277777778,4.9305555556,-1.730099576000e-03
4.0972222222,4.9305555556,2.858363318000e-03
4.1666666667,4.9305555556,9.940690490000e-03
4.2361111111,4.9305555556,2.066060539700e-02
4.3055555556,4.9305555556,3.695687957400e-02
4.3750000000,4.9305555556,6.183419132000e-02
4.4444444444,4.9305555556,9.937432258000e-02
4.5138888889,4.9305555556,1.542052942900e-01
4.5833333333,4.9305555556,2.301427096900e-01
4.6527777778,4.9305555556,3.283405776200e-01
4.7222222222,4.9305555556,4.451954249500e-01
4.7916666667,4.9305555556,5.692546694200e-01
4.8611111111,4.9305555556,6.817968897500e-01
4.9305555556,4.9305555556,7.611421855600e-01
5.0000000000,4.9305555556,7.898233602400e-01
5.0694444444,4.9305555556,7.611421854300e-01
5.1388888889,4.9305555556,6.817968896600e-01
5.2083333333,4.9305555556,5.692546694000e-01
5.2777777778,4.9305555556,4.451954250500e-01
5.3472222222,4.9305555556,3.283405777900e-01
5.4166666667,4.9305555556,2.301427099200e-01
5.4861111111,4.9305555556,1.542052945300e-01
5.5555555556,4.9305555556,9.937432280000e-02
5.6250000000,4.9305555556,6.183419152000e-02
5.6944444444,4.9305555556,3.695687975400e-02
5.7638888889,4.9305555556,2.066060559000e-02
5.8333333333,4.9305555556,9.940690711000e-03
5.9027777778,4.9305555556,2.858363558000e-03
5.9722222222,4.9305555556,-1.730099327000e-03
6.0416666667,4.9305555556,-4.500534648000e-03
6.1111111111,4.9305555556,-5.917453658000e-03
6.1805555556,4.9305555556,-6.368928613000e-03
6.2500000000,4.9305555556,-6.198716581000e-03
6.3194444444,4.9305555556,-5.690365053000e-03
6.3888888889,4.9305555556,-5.049594764400e-03
6.4583333333,4.9305555556,-4.402750111000e-03
6.5277777778,4.9305555556,-3.809597524700e-03
6.5972222222,4.9305555556,-3.284301287500e-03
6.6666666667,4.9305555556,-2.818667539500e-03
6.7361111111,4.9305555556,-2.400965738300e-03
6.8055555556,4.9305555556,-2.025168224800e-03
6.8750000000,4.9305555556,-1.691014260400e-03
6.9444444444,4.9305555556,-1.400079332800e-03
7.0138888889,4.9305555556,-1.152642757500e-03
7.0833333333,4.9305555556,-9.465852298400e-04
7.1527777778,4.9305555556,-7.774446159600e-04
7.2222222222,4.9305555556,-6.391336140700e-04
7.2916666667,4.9305555556,-5.253122283500e-04
7.3611111111,4.9305555556,-4.308129831700e-04
7.4305555556,4.9305555556,-3.521472039800e-04
7.5000000000,4.9305555556,-2.869569241400e-04
7.5694444444,4.9305555556,-2.332645877600e-04
7.6388888889,4.9305555556,-1.892276577900e-04
7.7083333333,4.9305555556,-1.532485672760e-04
7.7777777778,4.9305555556,-1.239809189350e-04
7.8472222222,4.9305555556,-1.002015450660e-04
7.9166666667,4.9305555556,-8.081515688100e-05
7.9861111111,4.9305555556,-6.500122771200e-05
8.0555555556,4.9305555556,-5.223540152700e-05
8.1250000000,4.9305555556,-4.209540133100e-05
8.1944444444,4.9305555556,-3.408497910200e-05
8.2638888889,4.9305555556,-2.767453401790e-05
8.3333333333,4.9305555556,-2.245247267670e-05
8.4027777778,4.9305555556,-1.817137792870e-05
8.4722222222,4.9305555556,-1.466733603320e-05
8.5416666667,4.9305555556,-1.179622318060e-05
8.6111111111,4.9305555556,-9.451249801300e-06
8.6805555556,4.9305555556,-7.580398643500e-06
8.7500000000,4.9305555556,-6.140408812800e-06
8.8194444444,4.9305555556,-5.043607964980e-06
8.8888888889,4.9305555556,-4.172839452390e-06
8.9583333333,4.9305555556,-3.440933931710e-06
9.0277777778,4.9305555556,-2.815373437250e-06
9.0972222222,4.9305555556,-2.289179951320e-06
9.1666666667,4.9305555556,-1.851008200800e-06
9.2361111111,4.9305555556,-1.490129965260e-06
9.3055555556,4.9305555556,-1.210280906290e-06
9.3750000000,4.9305555556,-1.018274679433e-06
9.4444444444,4.9305555556,-9.001687961660e-07
9.5138888889,4.9305555556,-8.204165331390e-07
9.5833333333,4.9305555556,-7.464542466500e-07
9.6527777778,4.9305555556,-6.667699896400e-07
9.7222222222,4.9305555556,-5.839922970800e-07
9.7916666667,4.9305555556,-5.006408282590e-07
9.8611111111,4.9305555556,-4.200706956750e-07
9.9305555556,4.9305555556,-3.564534922445e-07
0.0000000000,5.0000000000,-3.004980127285e-07
0.0694444444,5.0000000000,-3.279363946422e-07
0.1388888889,5.0000000000,-3.980274413442e-07
0.2083333333,5.0000000000,-4.860422740830e-07
0.2777777778,5.0000000000,-5.751807057550e-07
0.3472222222,5.0000000000,-6.611052492300e-07
0.4166666667,5.0000000000,-7.419262423900e-07
0.4861111111,5.0000000000,-8.163044537990e-07
0.5555555556,5.0000000000,-8.966956250190e-07
0.6250000000,5.0000000000,-1.015761973265e-06
0.6944444444,5.0000000000,-1.208533697728e-06
0.7638888889,5.0000000000,-1.488636092760e-06
0.8333333333,5.0000000000,-1.849780883910e-06
0.9027777778,5.0000000000,-2.289184871060e-06
0.9722222222,5.0000000000,-2.817701497310e-06
1.0416666667,5.0000000000,-3.445421759250e-06
1.1111111111,5.0000000000,-4.177869483450e-06
1.1805555556,5.0000000000,-5.047621682010e-06
1.2500000000,5.0000000000,-6.143459098900e-06
1.3194444444,5.0000000000,-7.583871391000e-06
1.3888888889,5.0000000000,-9.456226711000e-06
1.4583333333,5.0000000000,-1.180269155250e-05
1.5277777778,5.0000000000,-1.467514831060e-05
1.5972222222,5.0000000000,-1.818153114610e-05
1.6666666667,5.0000000000,-2.246736997650e-05
1.7361111111,5.0000000000,-2.769785151640e-05
1.8055555556,5.0000000000,-3.412196031900e-05
1.8750000000,5.0000000000,-4.215247597800e-05
1.9444444444,5.0000000000,-5.231804028500e-05
2.0138888889,5.0000000000,-6.511228124400e-05
2.0833333333,5.0000000000,-8.095737023600e-05
2.1527777778,5.0000000000,-1.003833073730e-04
2.2222222222,5.0000000000,-1.242188322450e-04
2.2916666667,5.0000000000,-1.535627017870e-04
2.3611111111,5.0000000000,-1.896336986100e-04
2.4305555556,5.0000000000,-2.337701788000e-04
2.5000000000,5.0000000000,-2.875634618100e-04
2.5694444444,5.0000000000,-3.528536011700e-04
2.6388888889,5.0000000000,-4.316224117900e-04
2.7083333333,5.0000000000,-5.262467014000e-04
2.7777777778,5.0000000000,-6.402516794200e-04
2.8472222222,5.0000000000,-7.788435576200e-04
2.9166666667,5.0000000000,-9.483735092400e-04
2.9861111111,5.0000000000,-1.154891072600e-03
3.0555555556,5.0000000000,-1.402772323900e-03
3.1250000000,5.0000000000,-1.694017046700e-03
3.1944444444,5.0000000000,-2.028217191700e-03
3.2638888889,5.0000000000,-2.403706236100e-03
3.3333333333,5.0000000000,-2.820751296000e-03
3.4027777778,5.0000000000,-3.285477109100e-03
3.4722222222,5.0000000000,-3.809624845200e-03
3.5416666667,5.0000000000,-4.400950616200e-03
3.6111111111,5.0000000000,-5.043968514000e-03
3.6805555556,5.0000000000,-5.676334933000e-03
3.7500000000,5.0000000000,-6.167655386000e-03
3.8194444444,5.0000000000,-6.306753098000e-03
3.8888888889,5.0000000000,-5.803786404000e-03
3.9583333333,5.0000000000,-4.308922954000e-03
4.0277777778,5.0000000000,-1.429023334000e-03
4.0972222222,5.0000000000,3.305477654000e-03
4.1666666667,5.0000000000,1.057964530300e-02
4.2361111111,5.0000000000,2.155821528400e-02
4.3055555556,5.0000000000,3.822250688000e-02
4.3750000000,5.0000000000,6.365049283000e-02
4.4444444444,5.0000000000,1.020317541200e-01
4.5138888889,5.0000000000,1.581263606600e-01
4.5833333333,5.0000000000,2.358710992300e-01
4.6527777778,5.0000000000,3.361013044800e-01
4.7222222222,5.0000000000,4.545260019400e-01
4.7916666667,5.0000000000,5.800000692300e-01
4.8611111111,5.0000000000,6.937703573700e-01
4.9305555556,5.0000000000,7.739728546500e-01
5.0000000000,5.0000000000,8.029641057900e-01
5.0694444444,5.0000000000,7.739728546500e-01
5.1388888889,5.0000000000,6.937703573200e-01
5.2083333333,5.0000000000,5.800000692700e-01
5.2777777778,5.0000000000,4.545260021200e-01
5.3472222222,5.0000000000,3.361013047300e-01
5.4166666667,5.0000000000,2.358710995200e-01
5.4861111111,5.0000000000,1.581263609600e-01
5.5555555556,5.0000000000,1.020317543900e-01
5.6250000000,5.0000000000,6.365049306000e-02
5.6944444444,5.0000000000,3.822250709000e-02
5.7638888889,5.0000000000,2.155821550700e-02
5.8333333333,5.0000000000,1.057964555700e-02
5.9027777778,5.0000000000,3.305477938000e-03
5.9722222222,5.0000000000,-1.429023053000e-03
6.0416666667,5.0000000000,-4.308922701000e-03
6.1111111111,5.0000000000,-5.803786205000e-03
6.1805555556,5.0000000000,-6.306752959000e-03
6.2500000000,5.0000000000,-6.167655289000e-03
6.3194444444,5.0000000000,-5.676334852000e-03
6.3888888889,5.0000000000,-5.043968425400e-03
6.4583333333,5.0000000000,-4.400950511900e-03
6.5277777778,5.0000000000,-3.809624734900e-03
6.5972222222,5.0000000000,-3.285477011600e-03
6.6666666667,5.0000000000,-2.820751228300e-03
6.7361111111,5.0000000000,-2.403706203900e-03
6.8055555556,5.0000000000,-2.028217186400e-03
6.8750000000,5.0000000000,-1.694017049800e-03
6.9444444444,5.0000000000,-1.402772316900e-03
7.0138888889,5.0000000000,-1.154891045200e-03
7.0833333333,5.0000000000,-9.483734641700e-04
7.1527777778,5.0000000000,-7.788435083300e-04
7.2222222222,5.0000000000,-6.402516422100e-04
7.2916666667,5.0000000000,-5.262466870500e-04
7.3611111111,5.0000000000,-4.316224202600e-04
7.4305555556,5.0000000000,-3.528536219600e-04
7.5000000000,5.0000000000,-2.875634794800e-04
7.5694444444,5.0000000000,-2.337701807900e-04
7.6388888889,5.0000000000,-1.896336812600e-04
7.7083333333,5.0000000000,-1.535626716880e-04
7.7777777778,5.0000000000,-1.242188025290e-04
7.8472222222,5.0000000000,-1.003832908680e-04
7.9166666667,5.0000000000,-8.095737306100e-05
7.9861111111,5.0000000000,-6.511229996700e-05
8.0555555556,5.0000000000,-5.231806390400e-05
8.1250000000,5.0000000000,-4.215249158700e-05
8.1944444444,5.0000000000,-3.412195954300e-05
8.2638888889,5.0000000000,-2.769783451330e-05
8.3333333333,5.0000000000,-2.246734510810e-05
8.4027777778,5.0000000000,-1.818151058180e-05
8.4722222222,5.0000000000,-1.467514186710e-05
8.5416666667,5.0000000000,-1.180270186190e-05
8.6111111111,5.0000000000,-9.456248066500e-06
8.6805555556,5.0000000000,-7.583892755800e-06
8.7500000000,5.0000000000,-6.143469693300e-06
8.8194444444,5.0000000000,-5.047616332490e-06
8.8888888889,5.0000000000,-4.177851087240e-06
8.9583333333,5.0000000000,-3.445399697830e-06
9.0277777778,5.0000000000,-2.817686854880e-06
9.0972222222,5.0000000000,-2.289184883840e-06
9.1666666667,5.0000000000,-1.849795387450e-06
9.2361111111,5.0000000000,-1.488657698100e-06
9.3055555556,5.0000000000,-1.208551558671e-06
9.3750000000,5.0000000000,-1.015767230361e-06
9.4444444444,5.0000000000,-8.966858061170e-07
9.5138888889,5.0000000000,-8.162846527500e-07
9.5833333333,5.0000000000,-7.419065150000e-07
9.6527777778,5.0000000000,-6.610955521200e-07
9.7222222222,5.0000000000,-5.751859168630e-07
9.7916666667,5.0000000000,-4.860597774110e-07
9.8611111111,5.0000000000,-3.980484643996e-07
9.9305555556,5.0000000000,-3.279504128703e-07
0.0000000000,5.0694444444,-3.315935081265e-07
0.0694444444,5.0694444444,-3.564407240526e-07
0.1388888889,5.0694444444,-4.200490416260e-07
0.2083333333,5.0694444444,-5.006211421920e-07
0.2777777778,5.0694444444,-5.839844619400e-07
0.3472222222,5.0694444444,-6.667779608300e-07
0.4166666667,5.0694444444,-7.464740477600e-07
0.4861111111,5.0694444444,-8.204382217200e-07
0.5555555556,5.0694444444,-9.001814346040e-07
0.6250000000,5.0694444444,-1.018271833189e-06
0.6944444444,5.0694444444,-1.210263914750e-06
0.7638888889,5.0694444444,-1.490107329970e-06
0.8333333333,5.0694444444,-1.850991369300e-06
0.9027777778,5.0694444444,-2.289177579410e-06
0.9722222222,5.0694444444,-2.815386991740e-06
1.0416666667,5.0694444444,-3.440956858920e-06
1.1111111111,5.0694444444,-4.172860377980e-06
1.1805555556,5.0694444444,-5.043616376080e-06
1.2500000000,5.0694444444,-6.140400394700e-06
1.3194444444,5.0694444444,-7.580377576500e-06
1.3888888889,5.0694444444,-9.451226803200e-06
1.4583333333,5.0694444444,-1.179621020550e-05
1.5277777778,5.0694444444,-1.466734024020e-05
1.5972222222,5.0694444444,-1.817139794600e-05
1.6666666667,5.0694444444,-2.245249911480e-05
1.7361111111,5.0694444444,-2.767455405690e-05
1.8055555556,5.0694444444,-3.408498295800e-05
1.8750000000,5.0694444444,-4.209538734100e-05
1.9444444444,5.0694444444,-5.223537724100e-05
2.0138888889,5.0694444444,-6.500120633000e-05
2.0833333333,5.0694444444,-8.081515069400e-05
2.1527777778,5.0694444444,-1.002015591740e-04
2.2222222222,5.0694444444,-1.239809484260e-04
2.2916666667,5.0694444444,-1.532485994490e-04
2.3611111111,5.0694444444,-1.892276784500e-04
2.4305555556,5.0694444444,-2.332645885500e-04
2.5000000000,5.0694444444,-2.869569072200e-04
2.5694444444,5.0694444444,-3.521471813700e-04
2.6388888889,5.0694444444,-4.308129710900e-04
2.7083333333,5.0694444444,-5.253122390700e-04
2.7777777778,5.0694444444,-6.391336495500e-04
2.8472222222,5.0694444444,-7.774446664700e-04
2.9166666667,5.0694444444,-9.465852786400e-04
2.9861111111,5.0694444444,-1.152642789500e-03
3.0555555556,5.0694444444,-1.400079343000e-03
3.1250000000,5.0694444444,-1.691014257600e-03
3.1944444444,5.0694444444,-2.025168227400e-03
3.2638888889,5.0694444444,-2.400965766400e-03
3.3333333333,5.0694444444,-2.818667604200e-03
3.4027777778,5.0694444444,-3.284301385200e-03
3.4722222222,5.0694444444,-3.809597638800e-03
3.5416666667,5.0694444444,-4.402750221000e-03
3.6111111111,5.0694444444,-5.049594860500e-03
3.6805555556,5.0694444444,-5.690365142000e-03
3.7500000000,5.0694444444,-6.198716686000e-03
3.8194444444,5.0694444444,-6.368928766000e-03
3.8888888889,5.0694444444,-5.917453882000e-03
3.9583333333,5.0694444444,-4.500534949000e-03
4.0277777778,5.0694444444,-1.730099685000e-03
4.0972222222,5.0694444444,2.858363171000e-03
4.1666666667,5.0694444444,9.940690329000e-03
4.2361111111,5.0694444444,2.066060521400e-02
4.3055555556,5.0694444444,3.695687939100e-02
4.3750000000,5.0694444444,6.183419115000e-02
4.4444444444,5.0694444444,9.937432239000e-02
4.5138888889,5.0694444444,1.542052940800e-01
4.5833333333,5.0694444444,2.301427094600e-01
4.6527777778,5.0694444444,3.283405773700e-01
4.7222222222,5.0694444444,4.451954246800e-01
4.7916666667,5.0694444444,5.692546691900e-01
4.8611111111,5.0694444444,6.817968893800e-01
4.9305555556,5.0694444444,7.611421852200e-01
5.0000000000,5.0694444444,7.898233599200e-01
5.0694444444,5.0694444444,7.611421851300e-01
5.1388888889,5.0694444444,6.817968893500e-01
5.2083333333,5.0694444444,5.692546691800e-01
5.2777777778,5.0694444444,4.451954249000e-01
5.3472222222,5.0694444444,3.283405776700e-01
5.4166666667,5.0694444444,2.301427098100e-01
5.4861111111,5.0694444444,1.542052944200e-01
5.5555555556,5.0694444444,9.937432267000e-02
5.6250000000,5.0694444444,6.183419136000e-02
5.6944444444,5.0694444444,3.695687960100e-02
5.7638888889,5.0694444444,2.066060544900e-02
5.8333333333,5.0694444444,9.940690593000e-03
5.9027777778,5.0694444444,2.858363471000e-03
5.9722222222,5.0694444444,-1.730099383000e-03
6.0416666667,5.0694444444,-4.500534681000e-03
6.1111111111,5.0694444444,-5.917453677000e-03
6.1805555556,5.0694444444,-6.368928626000e-03
6.2500000000,5.0694444444,-6.198716591000e-03
6.3194444444,5.0694444444,-5.690365062000e-03
6.3888888889,5.0694444444,-5.049594769400e-03
6.4583333333,5.0694444444,-4.402750109500e-03
6.5277777778,5.0694444444,-3.809597518200e-03
6.5972222222,5.0694444444,-3.284301278900e-03
6.6666666667,5.0694444444,-2.818667532400e-03
6.7361111111,5.0694444444,-2.400965735800e-03
6.8055555556,5.0694444444,-2.025168227500e-03
6.8750000000,5.0694444444,-1.691014266400e-03
6.9444444444,5.0694444444,-1.400079338700e-03
7.0138888889,5.0694444444,-1.152642760400e-03
7.0833333333,5.0694444444,-9.465852282900e-04
7.1527777778,5.0694444444,-7.774446108900e-04
7.2222222222,5.0694444444,-6.391336081300e-04
7.2916666667,5.0694444444,-5.253122244700e-04
7.3611111111,5.0694444444,-4.308129831600e-04
7.4305555556,5.0694444444,-3.521472075900e-04
7.5000000000,5.0694444444,-2.869569293500e-04
7.5694444444,5.0694444444,-2.332645918400e-04
7.6388888889,5.0694444444,-1.892276586700e-04
7.7083333333,5.0694444444,-1.532485645570e-04
7.7777777778,5.0694444444,-1.239809139950e-04
7.8472222222,5.0694444444,-1.002015403800e-04
7.9166666667,5.0694444444,-8.081515471600e-05
7.9861111111,5.0694444444,-6.500122903500e-05
8.0555555556,5.0694444444,-5.223540557100e-05
8.1250000000,5.0694444444,-4.209540603500e-05
8.1944444444,5.0694444444,-3.408498215800e-05
8.2638888889,5.0694444444,-2.767453402290e-05
8.3333333333,5.0694444444,-2.245246979630e-05
8.4027777778,5.0694444444,-1.817137377030e-05
8.4722222222,5.0694444444,-1.466733280870e-05
8.5416666667,5.0694444444,-1.179622259240e-05
8.6111111111,5.0694444444,-9.451252211200e-06
8.6805555556,5.0694444444,-7.580402919100e-06
8.7500000000,5.0694444444,-6.140412918200e-06
8.8194444444,5.0694444444,-5.043609985910e-06
8.8888888889,5.0694444444,-4.172838542380e-06
8.9583333333,5.0694444444,-3.440930713800e-06
9.0277777778,5.0694444444,-2.815369670050e-06
9.0972222222,5.0694444444,-2.289177638530e-06
9.1666666667,5.0694444444,-1.851008591270e-06
9.2361111111,5.0694444444,-1.490132941400e-06
9.3055555556,5.0694444444,-1.210285058160e-06
9.3750000000,5.0694444444,-1.018278018263e-06
9.4444444444,5.0694444444,-9.001697465330e-07
9.5138888889,5.0694444444,-8.204147100370e-07
9.5833333333,5.0694444444,-7.464506359900e-07
9.6527777778,5.0694444444,-6.667664488800e-07
9.7222222222,5.0694444444,-5.839906280700e-07
9.7916666667,5.0694444444,-5.006418829480e-07
9.8611111111,5.0694444444,-4.200739574110e-07
9.9305555556,5.0694444444,-3.564573388261e-07
0.0000000000,5.1388888889,-4.056827089120e-07
0.0694444444,5.1388888889,-4.240785222980e-07
0.1388888889,5.1388888889,-4.715736188340e-07
0.2083333333,5.1388888889,-5.337053986640e-07
0.2777777778,5.1388888889,-6.028260689000e-07
0.3472222222,5.1388888889,-6.779997389000e-07
0.4166666667,5.1388888889,-7.551937291700e-07
0.4861111111,5.1388888889,-8.286346131400e-07
0.5555555556,5.1388888889,-9.074102178480e-07
0.6250000000,5.1388888889,-1.023654820503e-06
0.6944444444,5.1388888889,-1.214107322400e-06
0.7638888889,5.1388888889,-1.493545664520e-06
0.8333333333,5.1388888889,-1.853814262630e-06
0.9027777778,5.1388888889,-2.288558083280e-06
0.9722222222,5.1388888889,-2.807990177250e-06
1.0416666667,5.1388888889,-3.426768738780e-06
1.1111111111,5.1388888889,-4.155967139090e-06
1.1805555556,5.1388888889,-5.028223882200e-06
1.2500000000,5.1388888889,-6.126562248700e-06
1.3194444444,5.1388888889,-7.564646639500e-06
1.3888888889,5.1388888889,-9.430989318000e-06
1.4583333333,5.1388888889,-1.177160837440e-05
1.5277777778,5.1388888889,-1.463842827390e-05
1.5972222222,5.1388888889,-1.813476793570e-05
1.6666666667,5.1388888889,-2.240105668570e-05
1.7361111111,5.1388888889,-2.759814736260e-05
1.8055555556,5.1388888889,-3.396908694800e-05
1.8750000000,5.1388888889,-4.192125581300e-05
1.9444444444,5.1388888889,-5.198568441800e-05
2.0138888889,5.1388888889,-6.466535206000e-05
2.0833333333,5.1388888889,-8.038319294800e-05
2.1527777778,5.1388888889,-9.964837977100e-05
2.2222222222,5.1388888889,-1.232585243920e-04
2.2916666667,5.1388888889,-1.522987191400e-04
2.3611111111,5.1388888889,-1.880037937100e-04
2.4305555556,5.1388888889,-2.317421306600e-04
2.5000000000,5.1388888889,-2.851284838400e-04
2.5694444444,5.1388888889,-3.500126989500e-04
2.6388888889,5.1388888889,-4.283613852700e-04
2.7083333333,5.1388888889,-5.224797020200e-04
2.7777777778,5.1388888889,-6.357506854700e-04
2.8472222222,5.1388888889,-7.732270423800e-04
2.9166666667,5.1388888889,-9.412125729200e-04
2.9861111111,5.1388888889,-1.145902423900e-03
3.0555555556,5.1388888889,-1.392011632900e-03
3.1250000000,5.1388888889,-1.682015443400e-03
3.1944444444,5.1388888889,-2.016023217600e-03
3.2638888889,5.1388888889,-2.392743380900e-03
3.3333333333,5.1388888889,-2.812435432100e-03
3.4027777778,5.1388888889,-3.280844847300e-03
3.4722222222,5.1388888889,-3.809636817500e-03
3.5416666667,5.1388888889,-4.408202657100e-03
3.6111111111,5.1388888889,-5.066114241500e-03
3.6805555556,5.1388888889,-5.730978142000e-03
3.7500000000,5.1388888889,-6.288114307000e-03
3.8194444444,5.1388888889,-6.547613335000e-03
3.8888888889,5.1388888889,-6.244345718000e-03
3.9583333333,5.1388888889,-5.052665481000e-03
4.0277777778,5.1388888889,-2.600135136000e-03
4.0972222222,5.1388888889,1.561732749000e-03
4.1666666667,5.1388888889,8.080453749000e-03
4.2361111111,5.1388888889,1.803757297100e-02
4.3055555556,5.1388888889,3.324839949400e-02
4.3750000000,5.1388888889,5.650737860400e-02
4.4444444444,5.1388888889,9.158968011000e-02
4.5138888889,5.1388888889,1.427505046400e-01
4.5833333333,5.1388888889,2.136072211500e-01
4.6527777778,5.1388888889,3.063159886800e-01
4.7222222222,5.1388888889,4.179884332900e-01
4.7916666667,5.1388888889,5.374809304500e-01
4.8611111111,5.1388888889,6.462222550000e-01
4.9305555556,5.1388888889,7.229439153500e-01
5.0000000000,5.1388888889,7.506780490600e-01
5.0694444444,5.1388888889,7.229439152600e-01
5.1388888889,5.1388888889,6.462222549700e-01
5.2083333333,5.1388888889,5.374809305500e-01
5.2777777778,5.1388888889,4.179884335700e-01
5.3472222222,5.1388888889,3.063159890500e-01
5.4166666667,5.1388888889,2.136072215500e-01
5.4861111111,5.1388888889,1.427505050000e-01
5.5555555556,5.1388888889,9.158968038000e-02
5.6250000000,5.1388888889,5.650737881100e-02
5.6944444444,5.1388888889,3.324839967100e-02
5.7638888889,5.1388888889,1.803757316300e-02
5.8333333333,5.1388888889,8.080454000000e-03
5.9027777778,5.1388888889,1.561733046000e-03
5.9722222222,5.1388888889,-2.600134834000e-03
6.0416666667,5.1388888889,-5.052665214000e-03
6.1111111111,5.1388888889,-6.244345519000e-03
6.1805555556,5.1388888889,-6.547613207000e-03
6.2500000000,5.1388888889,-6.288114225000e-03
6.3194444444,5.1388888889,-5.730978070000e-03
6.3888888889,5.1388888889,-5.066114148700e-03
6.4583333333,5.1388888889,-4.408202536900e-03
6.5277777778,5.1388888889,-3.809636684500e-03
6.5972222222,5.1388888889,-3.280844730700e-03
6.6666666667,5.1388888889,-2.812435356400e-03
6.7361111111,5.1388888889,-2.392743353600e-03
6.8055555556,5.1388888889,-2.016023225900e-03
6.8750000000,5.1388888889,-1.682015460600e-03
6.9444444444,5.1388888889,-1.392011632600e-03
7.0138888889,5.1388888889,-1.145902392500e-03
7.0833333333,5.1388888889,-9.412125154700e-04
7.1527777778,5.1388888889,-7.732269784000e-04
7.2222222222,5.1388888889,-6.357506385200e-04
7.2916666667,5.1388888889,-5.224796873500e-04
7.3611111111,5.1388888889,-4.283614024600e-04
7.4305555556,5.1388888889,-3.500127326900e-04
7.5000000000,5.1388888889,-2.851285120600e-04
7.5694444444,5.1388888889,-2.317421356300e-04
7.6388888889,5.1388888889,-1.880037705200e-04
7.7083333333,5.1388888889,-1.522986776240e-04
7.7777777778,5.1388888889,-1.232584835400e-04
7.8472222222,5.1388888889,-9.964835793100e-05
7.9166666667,5.1388888889,-8.038319870600e-05
7.9861111111,5.1388888889,-6.466538028100e-05
8.0555555556,5.1388888889,-5.198571920100e-05
8.1250000000,5.1388888889,-4.192127867800e-05
8.1944444444,5.1388888889,-3.396908603900e-05
8.2638888889,5.1388888889,-2.759812311390e-05
8.3333333333,5.1388888889,-2.240102125510e-05
8.4027777778,5.1388888889,-1.813473883840e-05
8.4722222222,5.1388888889,-1.463841953880e-05
8.5416666667,5.1388888889,-1.177162365330e-05
8.6111111111,5.1388888889,-9.431020297200e-06
8.6805555556,5.1388888889,-7.564677416500e-06
8.7500000000,5.1388888889,-6.126577375300e-06
8.8194444444,5.1388888889,-5.028216022400e-06
8.8888888889,5.1388888889,-4.155940562560e-06
8.9583333333,5.1388888889,-3.426736994760e-06
9.0277777778,5.1388888889,-2.807969202890e-06
9.0972222222,5.1388888889,-2.288558233300e-06
9.1666666667,5.1388888889,-1.853835230690e-06
9.2361111111,5.1388888889,-1.493576770980e-06
9.3055555556,5.1388888889,-1.214132952960e-06
9.3750000000,5.1388888889,-1.023662256837e-06
9.4444444444,5.1388888889,-9.073959481980e-07
9.5138888889,5.1388888889,-8.286060039700e-07
9.5833333333,5.1388888889,-7.551652655100e-07
9.6527777778,5.1388888889,-6.779857443000e-07
9.7222222222,5.1388888889,-6.028335511600e-07
9.7916666667,5.1388888889,-5.337305828380e-07
9.8611111111,5.1388888889,-4.716038738360e-07
9.9305555556,5.1388888889,-4.240986975970e-07
0.0000000000,5.2083333333,-4.837554439720e-07
0.0694444444,5.2083333333,-4.948141592870e-07
0.1388888889,5.2083333333,-5.240100519800e-07
0.2083333333,5.2083333333,-5.651837710300e-07
0.2777777778,5.2083333333,-6.179508306400e-07
0.3472222222,5.2083333333,-6.841603116500e-07
0.4166666667,5.2083333333,-7.585178339600e-07
0.4861111111,5.2083333333,-8.321740914200e-07
0.5555555556,5.2083333333,-9.113608949660e-07
0.6250000000,5.2083333333,-1.027049958295e-06
0.6944444444,5.2083333333,-1.216813213910e-06
0.7638888889,5.2083333333,-1.496361167110e-06
0.8333333333,5.2083333333,-1.855933809380e-06
0.9027777778,5.2083333333,-2.285563179470e-06
0.9722222222,5.2083333333,-2.794315731690e-06
1.0416666667,5.2083333333,-3.401139839490e-06
1.1111111111,5.2083333333,-4.123127510520e-06
1.1805555556,5.2083333333,-4.993843964650e-06
1.2500000000,5.2083333333,-6.091199755200e-06
1.3194444444,5.2083333333,-7.524327431900e-06
1.3888888889,5.2083333333,-9.382861174000e-06
1.4583333333,5.2083333333,-1.171598807180e-05
1.5277777778,5.2083333333,-1.457423966510e-05
1.5972222222,5.2083333333,-1.805521659050e-05
1.6666666667,5.2083333333,-2.229478841160e-05
1.7361111111,5.2083333333,-2.745097027540e-05
1.8055555556,5.2083333333,-3.376063761400e-05
1.8750000000,5.2083333333,-4.162241761400e-05
1.9444444444,5.2083333333,-5.156551766800e-05
2.0138888889,5.2083333333,-6.410059800100e-05
2.0833333333,5.2083333333,-7.965230671600e-05
2.1527777778,5.2083333333,-9.870933318300e-05
2.2222222222,5.2083333333,-1.220360428090e-04
2.2916666667,5.2083333333,-1.507012107590e-04
2.3611111111,5.2083333333,-1.859549031000e-04
2.4305555556,5.2083333333,-2.291960513600e-04
2.5000000000,5.2083333333,-2.820634714700e-04
2.5694444444,5.2083333333,-3.464184483100e-04
2.6388888889,5.2083333333,-4.242143466600e-04
2.7083333333,5.2083333333,-5.176792999500e-04
2.7777777778,5.2083333333,-6.300325503000e-04
2.8472222222,5.2083333333,-7.661402141000e-04
2.9166666667,5.2083333333,-9.322372395300e-04
2.9861111111,5.2083333333,-1.134680217800e-03
3.0555555556,5.2083333333,-1.378586595800e-03
3.1250000000,5.2083333333,-1.667012760300e-03
3.1944444444,5.2083333333,-2.000719001200e-03
3.2638888889,5.2083333333,-2.378917041200e-03
3.3333333333,5.2083333333,-2.801920449100e-03
3.4027777778,5.2083333333,-3.275039104900e-03
3.4722222222,5.2083333333,-3.809735841600e-03
3.5416666667,5.2083333333,-4.417045641500e-03
3.6111111111,5.2083333333,-5.092053390700e-03
3.6805555556,5.2083333333,-5.793520469900e-03
3.7500000000,5.2083333333,-6.424656950000e-03
3.8194444444,5.2083333333,-6.820102195000e-03
3.8888888889,5.2083333333,-6.743848718000e-03
3.9583333333,5.2083333333,-5.899857085000e-03
4.0277777778,5.2083333333,-3.942752935000e-03
4.0972222222,5.2083333333,-4.529679230000e-04
4.1666666667,5.2083333333,5.168382484000e-03
4.2361111111,5.2083333333,1.390236449700e-02
4.3055555556,5.2083333333,2.737164448700e-02
4.3750000000,5.2083333333,4.804964144300e-02
4.4444444444,5.2083333333,7.925088986800e-02
4.5138888889,5.2083333333,1.246795553300e-01
4.5833333333,5.2083333333,1.880238622400e-01
4.6527777778,5.2083333333,2.723555037500e-01
4.7222222222,5.2083333333,3.753729506100e-01
4.7916666667,5.2083333333,4.866117958500e-01
4.8611111111,5.2083333333,5.883610036000e-01
4.9305555556,5.2083333333,6.603296380400e-01
5.0000000000,5.2083333333,6.863698205100e-01
5.0694444444,5.2083333333,6.603296380200e-01
5.1388888889,5.2083333333,5.883610035400e-01
5.2083333333,5.2083333333,4.866117959500e-01
5.2777777778,5.2083333333,3.753729509000e-01
5.3472222222,5.2083333333,2.723555041700e-01
5.4166666667,5.2083333333,1.880238626800e-01
5.4861111111,5.2083333333,1.246795556900e-01
5.5555555556,5.2083333333,7.925089012000e-02
5.6250000000,5.2083333333,4.804964160600e-02
5.6944444444,5.2083333333,2.737164461300e-02
5.7638888889,5.2083333333,1.390236464900e-02
5.8333333333,5.2083333333,5.168382699000e-03
5.9027777778,5.2083333333,-4.529676470000e-04
5.9722222222,5.2083333333,-3.942752646000e-03
6.0416666667,5.2083333333,-5.899856833000e-03
6.1111111111,5.2083333333,-6.743848538000e-03
6.1805555556,5.2083333333,-6.820102088000e-03
6.2500000000,5.2083333333,-6.424656888000e-03
6.3194444444,5.2083333333,-5.793520409900e-03
6.3888888889,5.2083333333,-5.092053299000e-03
6.4583333333,5.2083333333,-4.417045513400e-03
6.5277777778,5.2083333333,-3.809735696300e-03
6.5972222222,5.2083333333,-3.275038977900e-03
6.6666666667,5.2083333333,-2.801920370000e-03
6.7361111111,5.2083333333,-2.378917018400e-03
6.8055555556,5.2083333333,-2.000719018900e-03
6.8750000000,5.2083333333,-1.667012786900e-03
6.9444444444,5.2083333333,-1.378586600200e-03
7.0138888889,5.2083333333,-1.134680184200e-03
7.0833333333,5.2083333333,-9.322371743000e-04
7.1527777778,5.2083333333,-7.661401410400e-04
7.2222222222,5.2083333333,-6.300324974700e-04
7.2916666667,5.2083333333,-5.176792853500e-04
7.3611111111,5.2083333333,-4.242143695700e-04
7.4305555556,5.2083333333,-3.464184903300e-04
7.5000000000,5.2083333333,-2.820635063400e-04
7.5694444444,5.2083333333,-2.291960581200e-04
7.6388888889,5.2083333333,-1.859548761600e-04
7.7083333333,5.2083333333,-1.507011620170e-04
7.7777777778,5.2083333333,-1.220359949810e-04
7.8472222222,5.2083333333,-9.870930806600e-05
7.9166666667,5.2083333333,-7.965231441700e-05
7.9861111111,5.2083333333,-6.410063227100e-05
8.0555555556,5.2083333333,-5.156555949600e-05
8.1250000000,5.2083333333,-4.162244500700e-05
8.1944444444,5.2083333333,-3.376063655100e-05
8.2638888889,5.2083333333,-2.745094140210e-05
8.3333333333,5.2083333333,-2.229474630350e-05
8.4027777778,5.2083333333,-1.805518213380e-05
8.4722222222,5.2083333333,-1.457422953150e-05
8.5416666667,5.2083333333,-1.171600652860e-05
8.6111111111,5.2083333333,-9.382898242500e-06
8.6805555556,5.2083333333,-7.524364133300e-06
8.7500000000,5.2083333333,-6.091217704900e-06
8.8194444444,5.2083333333,-4.993834480980e-06
8.8888888889,5.2083333333,-4.123095746730e-06
8.9583333333,5.2083333333,-3.401101983620e-06
9.0277777778,5.2083333333,-2.794290779150e-06
9.0972222222,5.2083333333,-2.285563441030e-06
9.1666666667,5.2083333333,-1.855958875990e-06
9.2361111111,5.2083333333,-1.496398273700e-06
9.3055555556,5.2083333333,-1.216843737020e-06
9.3750000000,5.2083333333,-1.027058750912e-06
9.4444444444,5.2083333333,-9.113437979620e-07
9.5138888889,5.2083333333,-8.321399115700e-07
9.5833333333,5.2083333333,-7.584838526200e-07
9.6527777778,5.2083333333,-6.841436055600e-07
9.7222222222,5.2083333333,-6.179597480000e-07
9.7916666667,5.2083333333,-5.652138031900e-07
9.8611111111,5.2083333333,-5.240461325900e-07
9.9305555556,5.2083333333,-4.948382194800e-07
0.0000000000,5.2777777778,-5.395065251100e-07
0.0694444444,5.2777777778,-5.449733764000e-07
0.1388888889,5.2777777778,-5.601457529900e-07
0.2083333333,5.2777777778,-5.848285496000e-07
0.2777777778,5.2777777778,-6.236501148000e-07
0.3472222222,5.2777777778,-6.807061535800e-07
0.4166666667,5.2777777778,-7.510091407900e-07
0.4861111111,5.2777777778,-8.248221664900e-07
0.5555555556,5.2777777778,-9.062677412700e-07
0.6250000000,5.2777777778,-1.023993536274e-06
0.6944444444,5.2777777778,-1.214865329170e-06
0.7638888889,5.2777777778,-1.495128474890e-06
0.8333333333,5.2777777778,-1.853847128210e-06
0.9027777778,5.2777777778,-2.277339695950e-06
0.9722222222,5.2777777778,-2.772659065340e-06
1.0416666667,5.2777777778,-3.362621402360e-06
1.1111111111,5.2777777778,-4.071130356790e-06
1.1805555556,5.2777777778,-4.933902605700e-06
1.2500000000,5.2777777778,-6.024362881000e-06
1.3194444444,5.2777777778,-7.447265545100e-06
1.3888888889,5.2777777778,-9.293434353900e-06
1.4583333333,5.2777777778,-1.161448139240e-05
1.5277777778,5.2777777778,-1.445733636950e-05
1.5972222222,5.2777777778,-1.791180782630e-05
1.6666666667,5.2777777778,-2.210980701580e-05
1.7361111111,5.2777777778,-2.720904067110e-05
1.8055555556,5.2777777778,-3.344009494900e-05
1.8750000000,5.2777777778,-4.118738203400e-05
1.9444444444,5.2777777778,-5.097113193000e-05
2.0138888889,5.2777777778,-6.330655934200e-05
2.0833333333,5.2777777778,-7.862077895300e-05
2.1527777778,5.2777777778,-9.738084643100e-05
2.2222222222,5.2777777778,-1.203121741120e-04
2.2916666667,5.2777777778,-1.484615669390e-04
2.3611111111,5.2777777778,-1.830935909800e-04
2.4305555556,5.2777777778,-2.256402683800e-04
2.5000000000,5.2777777778,-2.777666722800e-04
2.5694444444,5.2777777778,-3.413482780000e-04
2.6388888889,5.2777777778,-4.183274429700e-04
2.7083333333,5.2777777778,-5.108432274400e-04
2.7777777778,5.2777777778,-6.219079842300e-04
2.8472222222,5.2777777778,-7.561356149300e-04
2.9166666667,5.2777777778,-9.196476722700e-04
2.9861111111,5.2777777778,-1.118988303990e-03
3.0555555556,5.2777777778,-1.359794549700e-03
3.1250000000,5.2777777778,-1.645902106100e-03
3.1944444444,5.2777777778,-1.978974380600e-03
3.2638888889,5.2777777778,-2.358972343800e-03
3.3333333333,5.2777777778,-2.786390017200e-03
3.4027777778,5.2777777778,-3.266011086200e-03
3.4722222222,5.2777777778,-3.808873596200e-03
3.5416666667,5.2777777778,-4.427683156900e-03
3.6111111111,5.2777777778,-5.123905182100e-03
3.6805555556,5.2777777778,-5.869746580400e-03
3.7500000000,5.2777777778,-6.590447637000e-03
3.8194444444,5.2777777778,-7.151423908000e-03
3.8888888889,5.2777777778,-7.354094730000e-03
3.9583333333,5.2777777778,-6.942106009000e-03
4.0277777778,5.2777777778,-5.608799000000e-03
4.0972222222,5.2777777778,-2.977779162000e-03
4.1666666667,5.2777777778,1.480830877000e-03
4.2361111111,5.2777777778,8.615011033000e-03
4.3055555556,5.2777777778,1.980313355700e-02
4.3750000000,5.2777777778,3.712290503300e-02
4.4444444444,5.2777777778,6.333374629400e-02
4.5138888889,5.2777777778,1.015168847230e-01
4.5833333333,5.2777777778,1.555233276800e-01
4.6527777778,5.2777777778,2.289261322000e-01
4.7222222222,5.2777777778,3.200469736000e-01
4.7916666667,5.2777777778,4.194522505900e-01
4.8611111111,5.2777777778,5.108984002300e-01
4.9305555556,5.2777777778,5.757615763800e-01
5.0000000000,5.2777777778,5.992566773500e-01
5.0694444444,5.2777777778,5.757615763700e-01
5.1388888889,5.2777777778,5.108984001200e-01
5.2083333333,5.2777777778,4.194522506700e-01
5.2777777778,5.2777777778,3.200469739000e-01
5.3472222222,5.2777777778,2.289261326600e-01
5.4166666667,5.2777777778,1.555233281500e-01
5.4861111111,5.2777777778,1.015168850920e-01
5.5555555556,5.2777777778,6.333374650500e-02
5.6250000000,5.2777777778,3.712290511700e-02
5.6944444444,5.2777777778,1.980313359600e-02
5.7638888889,5.2777777778,8.615011118000e-03
5.8333333333,5.2777777778,1.480831042000e-03
5.9027777778,5.2777777778,-2.977778923000e-03
5.9722222222,5.2777777778,-5.608798739000e-03
6.0416666667,5.2777777778,-6.942105782000e-03
6.1111111111,5.2777777778,-7.354094576000e-03
6.1805555556,5.2777777778,-7.151423829000e-03
6.2500000000,5.2777777778,-6.590447597000e-03
6.3194444444,5.2777777778,-5.869746533300e-03
6.3888888889,5.2777777778,-5.123905094200e-03
6.4583333333,5.2777777778,-4.427683023200e-03
6.5277777778,5.2777777778,-3.808873441000e-03
6.5972222222,5.2777777778,-3.266010950800e-03
6.6666666667,5.2777777778,-2.786389935400e-03
6.7361111111,5.2777777778,-2.358972325400e-03
6.8055555556,5.2777777778,-1.978974407100e-03
6.8750000000,5.2777777778,-1.645902141300e-03
6.9444444444,5.2777777778,-1.359794558400e-03
7.0138888889,5.2777777778,-1.118988268500e-03
7.0833333333,5.2777777778,-9.196476003300e-04
7.1527777778,5.2777777778,-7.561355339600e-04
7.2222222222,5.2777777778,-6.219079263100e-04
7.2916666667,5.2777777778,-5.108432129800e-04
7.3611111111,5.2777777778,-4.183274709500e-04
7.4305555556,5.2777777778,-3.413483273600e-04
7.5000000000,5.2777777778,-2.777667130400e-04
7.5694444444,5.2777777778,-2.256402767200e-04
7.6388888889,5.2777777778,-1.830935607530e-04
7.7083333333,5.2777777778,-1.484615118570e-04
7.7777777778,5.2777777778,-1.203121201560e-04
7.8472222222,5.2777777778,-9.738081845400e-05
7.9166666667,5.2777777778,-7.862078838600e-05
7.9861111111,5.2777777778,-6.330659894700e-05
8.0555555556,5.2777777778,-5.097117995900e-05
8.1250000000,5.2777777778,-4.118741341000e-05
8.1944444444,5.2777777778,-3.344009374800e-05
8.2638888889,5.2777777778,-2.720900772990e-05
8.3333333333,5.2777777778,-2.210975903580e-05
8.4027777778,5.2777777778,-1.791176866500e-05
8.4722222222,5.2777777778,-1.445732501480e-05
8.5416666667,5.2777777778,-1.161450265280e-05
8.6111111111,5.2777777778,-9.293476782400e-06
8.6805555556,5.2777777778,-7.447307456300e-06
8.7500000000,5.2777777778,-6.024383309300e-06
8.8194444444,5.2777777778,-4.933891688800e-06
8.8888888889,5.2777777778,-4.071094027620e-06
8.9583333333,5.2777777778,-3.362578170620e-06
9.0277777778,5.2777777778,-2.772630616540e-06
9.0972222222,5.2777777778,-2.277340059540e-06
9.1666666667,5.2777777778,-1.853875802680e-06
9.2361111111,5.2777777778,-1.495170859990e-06
9.3055555556,5.2777777778,-1.214900154560e-06
9.3750000000,5.2777777778,-1.024003519354e-06
9.4444444444,5.2777777778,-9.062481542700e-07
9.5138888889,5.2777777778,-8.247830831400e-07
9.5833333333,5.2777777778,-7.509703015700e-07
9.6527777778,5.2777777778,-6.806870562700e-07
9.7222222222,5.2777777778,-6.236602867500e-07
9.7916666667,5.2777777778,-5.848628379000e-07
9.8611111111,5.2777777778,-5.601869509600e-07
9.9305555556,5.2777777778,-5.450008498400e-07
0.0000000000,5.3472222222,-5.686022152600e-07
0.0694444444,5.3472222222,-5.712308831100e-07
0.1388888889,5.3472222222,-5.790783139600e-07
0.2083333333,5.3472222222,-5.941708597900e-07
0.2777777778,5.3472222222,-6.226021714300e-07
0.3472222222,5.3472222222,-6.697680425400e-07
0.4166666667,5.3472222222,-7.331894050200e-07
0.4861111111,5.3472222222,-8.055449427900e-07
0.5555555556,5.3472222222,-8.903059847600e-07
0.6250000000,5.3472222222,-1.012429031103e-06
0.6944444444,5.3472222222,-1.205791572450e-06
0.7638888889,5.3472222222,-1.486478220690e-06
0.8333333333,5.3472222222,-1.843470418870e-06
0.9027777778,5.3472222222,-2.260220005450e-06
0.9722222222,5.3472222222,-2.740917103710e-06
1.0416666667,5.3472222222,-3.310634444060e-06
1.1111111111,5.3472222222,-3.999585080870e-06
1.1805555556,5.3472222222,-4.846652211200e-06
1.2500000000,5.3472222222,-5.922164466600e-06
1.3194444444,5.3472222222,-7.327292953300e-06
1.3888888889,5.3472222222,-9.154056245600e-06
1.4583333333,5.3472222222,-1.145544158140e-05
1.5277777778,5.3472222222,-1.427256855040e-05
1.5972222222,5.3472222222,-1.768565114030e-05
1.6666666667,5.3472222222,-2.182379598060e-05
1.7361111111,5.3472222222,-2.684825214990e-05
1.8055555556,5.3472222222,-3.298514957900e-05
1.8750000000,5.3472222222,-4.060011279900e-05
1.9444444444,5.3472222222,-5.019547505700e-05
2.0138888889,5.3472222222,-6.228463445700e-05
2.0833333333,5.3472222222,-7.729657351500e-05
2.1527777778,5.3472222222,-9.567756432100e-05
2.2222222222,5.3472222222,-1.181109971300e-04
2.2916666667,5.3472222222,-1.456156276520e-04
2.3611111111,5.3472222222,-1.794660144680e-04
2.4305555556,5.3472222222,-2.211252927100e-04
2.5000000000,5.3472222222,-2.722833817900e-04
2.5694444444,5.3472222222,-3.348305945300e-04
2.6388888889,5.3472222222,-4.107029104500e-04
2.7083333333,5.3472222222,-5.019491736900e-04
2.7777777778,5.3472222222,-6.113479366300e-04
2.8472222222,5.3472222222,-7.432029293300e-04
2.9166666667,5.3472222222,-9.034631497400e-04
2.9861111111,5.3472222222,-1.098848947570e-03
3.0555555556,5.3472222222,-1.335584787500e-03
3.1250000000,5.3472222222,-1.618434245400e-03
3.1944444444,5.3472222222,-1.950180587300e-03
3.2638888889,5.3472222222,-2.331787012400e-03
3.3333333333,5.3472222222,-2.764127678600e-03
3.4027777778,5.3472222222,-3.251466400200e-03
3.4722222222,5.3472222222,-3.804158088600e-03
3.5416666667,5.3472222222,-4.436203474500e-03
3.6111111111,5.3472222222,-5.155332501800e-03
3.6805555556,5.3472222222,-5.947788798100e-03
3.7500000000,5.3472222222,-6.762522885600e-03
3.8194444444,5.3472222222,-7.498856132000e-03
3.8888888889,5.3472222222,-8.000664102000e-03
3.9583333333,5.3472222222,-8.058692780000e-03
4.0277777778,5.3472222222,-7.415173952000e-03
4.0972222222,5.3472222222,-5.750226432000e-03
4.1666666667,5.3472222222,-2.620412231000e-03
4.2361111111,5.3472222222,2.666043498000e-03
4.3055555556,5.3472222222,1.121328399300e-02
4.3750000000,5.3472222222,2.466821894500e-02
4.4444444444,5.3472222222,4.520143102800e-02
4.5138888889,5.3472222222,7.526086371600e-02
4.5833333333,5.3472222222,1.185569615270e-01
4.6527777778,5.3472222222,1.788252794600e-01
4.7222222222,5.3472222222,2.550617508400e-01
4.7916666667,5.3472222222,3.392466849700e-01
4.8611111111,5.3472222222,4.172333782600e-01
4.9305555556,5.3472222222,4.727476541500e-01
5.0000000000,5.3472222222,4.928857049300e-01
5.0694444444,5.3472222222,4.727476540500e-01
5.1388888889,5.3472222222,4.172333781600e-01
5.2083333333,5.3472222222,3.392466851600e-01
5.2777777778,5.3472222222,2.550617511600e-01
5.3472222222,5.3472222222,1.788252799500e-01
5.4166666667,5.3472222222,1.185569620040e-01
5.4861111111,5.3472222222,7.526086406500e-02
5.5555555556,5.3472222222,4.520143118800e-02
5.6250000000,5.3472222222,2.466821897900e-02
5.6944444444,5.3472222222,1.121328397100e-02
5.7638888889,5.3472222222,2.666043522000e-03
5.8333333333,5.3472222222,-2.620412116000e-03
5.9027777778,5.3472222222,-5.750226241000e-03
5.9722222222,5.3472222222,-7.415173730000e-03
6.0416666667,5.3472222222,-8.058692587000e-03
6.1111111111,5.3472222222,-8.000663977000e-03
6.1805555556,5.3472222222,-7.498856078000e-03
6.2500000000,5.3472222222,-6.762522866300e-03
6.3194444444,5.3472222222,-5.947788764000e-03
6.3888888889,5.3472222222,-5.155332418400e-03
6.4583333333,5.3472222222,-4.436203338200e-03
6.5277777778,5.3472222222,-3.804157928000e-03
6.5972222222,5.3472222222,-3.251466260200e-03
6.6666666667,5.3472222222,-2.764127595900e-03
6.7361111111,5.3472222222,-2.331786997300e-03
6.8055555556,5.3472222222,-1.950180619900e-03
6.8750000000,5.3472222222,-1.618434286400e-03
6.9444444444,5.3472222222,-1.335584799100e-03
7.0138888889,5.3472222222,-1.098848911100e-03
7.0833333333,5.3472222222,-9.034630736200e-04
7.1527777778,5.3472222222,-7.432028433600e-04
7.2222222222,5.3472222222,-6.113478754800e-04
7.2916666667,5.3472222222,-5.019491593700e-04
7.3611111111,5.3472222222,-4.107029417800e-04
7.4305555556,5.3472222222,-3.348306486800e-04
7.5000000000,5.3472222222,-2.722834263700e-04
7.5694444444,5.3472222222,-2.211253021300e-04
7.6388888889,5.3472222222,-1.794659821660e-04
7.7083333333,5.3472222222,-1.456155685180e-04
7.7777777778,5.3472222222,-1.181109392450e-04
7.8472222222,5.3472222222,-9.567753451700e-05
7.9166666667,5.3472222222,-7.729658408100e-05
7.9861111111,5.3472222222,-6.228467752500e-05
8.0555555556,5.3472222222,-5.019552710900e-05
8.1250000000,5.3472222222,-4.060014676600e-05
8.1944444444,5.3472222222,-3.298514830900e-05
8.2638888889,5.3472222222,-2.684821659720e-05
8.3333333333,5.3472222222,-2.182374421920e-05
8.4027777778,5.3472222222,-1.768560894390e-05
8.4722222222,5.3472222222,-1.427255640990e-05
8.5416666667,5.3472222222,-1.145546465470e-05
8.6111111111,5.3472222222,-9.154102139300e-06
8.6805555556,5.3472222222,-7.327338234600e-06
8.7500000000,5.3472222222,-5.922186501800e-06
8.8194444444,5.3472222222,-4.846640373700e-06
8.8888888889,5.3472222222,-3.999545805580e-06
8.9583333333,5.3472222222,-3.310587739980e-06
9.0277777778,5.3472222222,-2.740886394960e-06
9.0972222222,5.3472222222,-2.260220433410e-06
9.1666666667,5.3472222222,-1.843501423780e-06
9.2361111111,5.3472222222,-1.486524017150e-06
9.3055555556,5.3472222222,-1.205829179590e-06
9.3750000000,5.3472222222,-1.012439785577e-06
9.4444444444,5.3472222222,-8.902847898600e-07
9.5138888889,5.3472222222,-8.055026892500e-07
9.5833333333,5.3472222222,-7.331474210800e-07
9.6527777778,5.3472222222,-6.697473904400e-07
9.7222222222,5.3472222222,-6.226131419000e-07
9.7916666667,5.3472222222,-5.942078861000e-07
9.8611111111,5.3472222222,-5.791228089400e-07
9.9305555556,5.3472222222,-5.712605567900e-07
0.0000000000,5.4166666667,-5.732042725400e-07
0.0694444444,5.4166666667,-5.752199469200e-07
0.1388888889,5.4166666667,-5.812973009400e-07
0.2083333333,5.4166666667,-5.928936011000e-07
0.2777777778,5.4166666667,-6.146715779000e-07
0.3472222222,5.4166666667,-6.521928718600e-07
0.4166666667,5.4166666667,-7.068901962400e-07
0.4861111111,5.4166666667,-7.764876509500e-07
0.5555555556,5.4166666667,-8.651635124380e-07
0.6250000000,5.4166666667,-9.930527429940e-07
0.6944444444,5.4166666667,-1.188919368240e-06
0.7638888889,5.4166666667,-1.468151431960e-06
0.8333333333,5.4166666667,-1.821298913570e-06
0.9027777778,5.4166666667,-2.230640467350e-06
0.9722222222,5.4166666667,-2.697021900800e-06
1.0416666667,5.4166666667,-3.245542684470e-06
1.1111111111,5.4166666667,-3.911076188170e-06
1.1805555556,5.4166666667,-4.735845451900e-06
1.2500000000,5.4166666667,-5.788131363900e-06
1.3194444444,5.4166666667,-7.166145289100e-06
1.3888888889,5.4166666667,-8.963178183500e-06
1.4583333333,5.4166666667,-1.123332011990e-05
1.5277777778,5.4166666667,-1.401086139330e-05
1.5972222222,5.4166666667,-1.736498549580e-05
1.6666666667,5.4166666667,-2.142223415710e-05
1.7361111111,5.4166666667,-2.635059132300e-05
1.8055555556,5.4166666667,-3.237499121800e-05
1.8750000000,5.4166666667,-3.984060931700e-05
1.9444444444,5.4166666667,-4.922469526900e-05
2.0138888889,5.4166666667,-6.103171748700e-05
2.0833333333,5.4166666667,-7.569036484500e-05
2.1527777778,5.4166666667,-9.362643612300e-05
2.2222222222,5.4166666667,-1.154778725800e-04
2.2916666667,5.4166666667,-1.422272274100e-04
2.3611111111,5.4166666667,-1.751512181070e-04
2.4305555556,5.4166666667,-2.157396176800e-04
2.5000000000,5.4166666667,-2.657041118300e-04
2.5694444444,5.4166666667,-3.269482522900e-04
2.6388888889,5.4166666667,-4.014059254900e-04
2.7083333333,5.4166666667,-4.910423017000e-04
2.7777777778,5.4166666667,-5.983906051300e-04
2.8472222222,5.4166666667,-7.273956381500e-04
2.9166666667,5.4166666667,-8.837597279100e-04
2.9861111111,5.4166666667,-1.074323573020e-03
3.0555555556,5.4166666667,-1.305902080490e-03
3.1250000000,5.4166666667,-1.584262075200e-03
3.1944444444,5.4166666667,-1.913456353800e-03
3.2638888889,5.4166666667,-2.295675254800e-03
3.3333333333,5.4166666667,-2.732425394600e-03
3.4027777778,5.4166666667,-3.227576476000e-03
3.4722222222,5.4166666667,-3.790589518200e-03
3.5416666667,5.4166666667,-4.436112163800e-03
3.6111111111,5.4166666667,-5.177174259800e-03
3.6805555556,5.4166666667,-6.013046592900e-03
3.7500000000,5.4166666667,-6.915630287000e-03
3.8194444444,5.4166666667,-7.818028787000e-03
3.8888888889,5.4166666667,-8.607787660000e-03
3.9583333333,5.4166666667,-9.126289544000e-03
4.0277777778,5.4166666667,-9.171227164000e-03
4.0972222222,5.4166666667,-8.488565380000e-03
4.1666666667,5.4166666667,-6.731954194000e-03
4.2361111111,5.4166666667,-3.375481696000e-03
4.3055555556,5.4166666667,2.405324437000e-03
4.3750000000,5.4166666667,1.183032960600e-02
4.4444444444,5.4166666667,2.650103125100e-02
4.5138888889,5.4166666667,4.822470042800e-02
4.5833333333,5.4166666667,8.011383683700e-02
4.6527777778,5.4166666667,1.257651521390e-01
4.7222222222,5.4166666667,1.848766708350e-01
4.7916666667,5.4166666667,2.511834105280e-01
4.8611111111,5.4166666667,3.131892369100e-01
4.9305555556,5.4166666667,3.575523697200e-01
5.0000000000,5.4166666667,3.736803377600e-01
5.0694444444,5.4166666667,3.575523696300e-01
5.1388888889,5.4166666667,3.131892369200e-01
5.2083333333,5.4166666667,2.511834106450e-01
5.2777777778,5.4166666667,1.848766711650e-01
5.3472222222,5.4166666667,1.257651526330e-01
5.4166666667,5.4166666667,8.011383733200e-02
5.4861111111,5.4166666667,4.822470075500e-02
5.5555555556,5.4166666667,2.650103138000e-02
5.6250000000,5.4166666667,1.183032957800e-02
5.6944444444,5.4166666667,2.405324342000e-03
5.7638888889,5.4166666667,-3.375481748000e-03
5.8333333333,5.4166666667,-6.731954145000e-03
5.9027777778,5.4166666667,-8.488565247000e-03
5.9722222222,5.4166666667,-9.171226991000e-03
6.0416666667,5.4166666667,-9.126289389000e-03
6.1111111111,5.4166666667,-8.607787563000e-03
6.1805555556,5.4166666667,-7.818028755000e-03
6.2500000000,5.4166666667,-6.915630283700e-03
6.3194444444,5.4166666667,-6.013046568600e-03
6.3888888889,5.4166666667,-5.177174182400e-03
6.4583333333,5.4166666667,-4.436112029400e-03
6.5277777778,5.4166666667,-3.790589358100e-03
6.5972222222,5.4166666667,-3.227576336100e-03
6.6666666667,5.4166666667,-2.732425312700e-03
6.7361111111,5.4166666667,-2.295675241300e-03
6.8055555556,5.4166666667,-1.913456388300e-03
6.8750000000,5.4166666667,-1.584262118300e-03
6.9444444444,5.4166666667,-1.305902093210e-03
7.0138888889,5.4166666667,-1.074323536620e-03
7.0833333333,5.4166666667,-8.837596510300e-04
7.1527777778,5.4166666667,-7.273955511900e-04
7.2222222222,5.4166666667,-5.983905433500e-04
7.2916666667,5.4166666667,-4.910422875100e-04
7.3611111111,5.4166666667,-4.014059576600e-04
7.4305555556,5.4166666667,-3.269483076300e-04
7.5000000000,5.4166666667,-2.657041574200e-04
7.5694444444,5.4166666667,-2.157396274600e-04
7.6388888889,5.4166666667,-1.751511854370e-04
7.7083333333,5.4166666667,-1.422271674230e-04
7.7777777778,5.4166666667,-1.154778138400e-04
7.8472222222,5.4166666667,-9.362640593200e-05
7.9166666667,5.4166666667,-7.569037569500e-05
7.9861111111,5.4166666667,-6.103176137400e-05
8.0555555556,5.4166666667,-4.922474827600e-05
8.1250000000,5.4166666667,-3.984064392000e-05
8.1944444444,5.4166666667,-3.237498997700e-05
8.2638888889,5.4166666667,-2.635055521170e-05
8.3333333333,5.4166666667,-2.142218155830e-05
8.4027777778,5.4166666667,-1.736494261990e-05
8.4722222222,5.4166666667,-1.401084907590e-05
8.5416666667,5.4166666667,-1.123334360770e-05
8.6111111111,5.4166666667,-8.963224872200e-06
8.6805555556,5.4166666667,-7.166191349400e-06
8.7500000000,5.4166666667,-5.788153779700e-06
8.8194444444,5.4166666667,-4.735833418130e-06
8.8888888889,5.4166666667,-3.911036249770e-06
8.9583333333,5.4166666667,-3.245495190630e-06
9.0277777778,5.4166666667,-2.696990673730e-06
9.0972222222,5.4166666667,-2.230640905740e-06
9.1666666667,5.4166666667,-1.821330448030e-06
9.2361111111,5.4166666667,-1.468198008460e-06
9.3055555556,5.4166666667,-1.188957615120e-06
9.3750000000,5.4166666667,-9.930636794170e-07
9.4444444444,5.4166666667,-8.651419541460e-07
9.5138888889,5.4166666667,-7.764446718700e-07
9.5833333333,5.4166666667,-7.068474852800e-07
9.6527777778,5.4166666667,-6.521718490900e-07
9.7222222222,5.4166666667,-6.146827113600e-07
9.7916666667,5.4166666667,-5.929312338200e-07
9.8611111111,5.4166666667,-5.813425342700e-07
9.9305555556,5.4166666667,-5.752501152500e-07
0.0000000000,5.4861111111,-5.517965488000e-07
0.0694444444,5.4861111111,-5.541081923300e-07
0.1388888889,5.4861111111,-5.611348712700e-07
0.2083333333,5.4861111111,-5.734390799900e-07
0.2777777778,5.4861111111,-5.932244687000e-07
0.3472222222,5.4861111111,-6.248952651900e-07
0.4166666667,5.4861111111,-6.732015034800e-07
0.4861111111,5.4861111111,-7.414216020800e-07
0.5555555556,5.4861111111,-8.350691820710e-07
0.6250000000,5.4861111111,-9.690115728850e-07
0.6944444444,5.4861111111,-1.165766629320e-06
0.7638888889,5.4861111111,-1.440018148870e-06
0.8333333333,5.4861111111,-1.785846993390e-06
0.9027777778,5.4861111111,-2.186627168110e-06
0.9722222222,5.4861111111,-2.640006716020e-06
1.0416666667,5.4861111111,-3.168925527640e-06
1.1111111111,5.4861111111,-3.810546687420e-06
1.1805555556,5.4861111111,-4.609506499560e-06
1.2500000000,5.4861111111,-5.631961756900e-06
1.3194444444,5.4861111111,-6.972881557400e-06
1.3888888889,5.4861111111,-8.726834371500e-06
1.4583333333,5.4861111111,-1.095012125060e-05
1.5277777778,5.4861111111,-1.367130455260e-05
1.5972222222,5.4861111111,-1.694782536780e-05
1.6666666667,5.4861111111,-2.090203401760e-05
1.7361111111,5.4861111111,-2.570927492190e-05
1.8055555556,5.4861111111,-3.159668634500e-05
1.8750000000,5.4861111111,-3.889109527200e-05
1.9444444444,5.4861111111,-4.804203775400e-05
2.0138888889,5.4861111111,-5.954006243500e-05
2.0833333333,5.4861111111,-7.381080594200e-05
2.1527777778,5.4861111111,-9.125816610700e-05
2.2222222222,5.4861111111,-1.124687423060e-04
2.2916666667,5.4861111111,-1.383770208430e-04
2.3611111111,5.4861111111,-1.702502604570e-04
2.4305555556,5.4861111111,-2.095987564800e-04
2.5000000000,5.4861111111,-2.581528277900e-04
2.5694444444,5.4861111111,-3.178262495500e-04
2.6388888889,5.4861111111,-3.905533546000e-04
2.7083333333,5.4861111111,-4.782270889400e-04
2.7777777778,5.4861111111,-5.831382263600e-04
2.8472222222,5.4861111111,-7.088356659300e-04
2.9166666667,5.4861111111,-8.606891413300e-04
2.9861111111,5.4861111111,-1.045557565540e-03
3.0555555556,5.4861111111,-1.270774971980e-03
3.1250000000,5.4861111111,-1.543096389800e-03
3.1944444444,5.4861111111,-1.867899630500e-03
3.2638888889,5.4861111111,-2.248759272700e-03
3.3333333333,5.4861111111,-2.688078608400e-03
3.4027777778,5.4861111111,-3.189574369600e-03
3.4722222222,5.4861111111,-3.761732337300e-03
3.5416666667,5.4861111111,-4.419120736700e-03
3.6111111111,5.4861111111,-5.178552960000e-03
3.6805555556,5.4861111111,-6.050087656600e-03
3.7500000000,5.4861111111,-7.025784728700e-03
3.8194444444,5.4861111111,-8.069493031000e-03
3.8888888889,5.4861111111,-9.109850373000e-03
3.9583333333,5.4861111111,-1.003787697500e-02
4.0277777778,5.4861111111,-1.070807693700e-02
4.0972222222,5.4861111111,-1.093507721400e-02
4.1666666667,5.4861111111,-1.047058060300e-02
4.2361111111,5.4861111111,-8.948359782000e-03
4.3055555556,5.4861111111,-5.804144798000e-03
4.3750000000,5.4861111111,-2.062861890000e-04
4.4444444444,5.4861111111,8.940123090000e-03
4.5138888889,5.4861111111,2.285311395400e-02
4.5833333333,5.4861111111,4.366515466800e-02
4.6527777778,5.4861111111,7.452833480300e-02
4.7222222222,5.4861111111,1.158018867240e-01
4.7916666667,5.4861111111,1.631566854890e-01
4.8611111111,5.4861111111,2.080675258450e-01
4.9305555556,5.4861111111,2.404547445120e-01
5.0000000000,5.4861111111,2.522702511540e-01
5.0694444444,5.4861111111,2.404547445190e-01
5.1388888889,5.4861111111,2.080675258580e-01
5.2083333333,5.4861111111,1.631566857390e-01
5.2777777778,5.4861111111,1.158018870970e-01
5.3472222222,5.4861111111,7.452833530000e-02
5.4166666667,5.4861111111,4.366515513800e-02
5.4861111111,5.4861111111,2.285311425500e-02
5.5555555556,5.4861111111,8.940123173000e-03
5.6250000000,5.4861111111,-2.062862730000e-04
5.6944444444,5.4861111111,-5.804144940000e-03
5.7638888889,5.4861111111,-8.948359903000e-03
5.8333333333,5.4861111111,-1.047058062400e-02
5.9027777778,5.4861111111,-1.093507714200e-02
5.9722222222,5.4861111111,-1.070807681500e-02
6.0416666667,5.4861111111,-1.003787685900e-02
6.1111111111,5.4861111111,-9.109850305000e-03
6.1805555556,5.4861111111,-8.069493013200e-03
6.2500000000,5.4861111111,-7.025784731700e-03
6.3194444444,5.4861111111,-6.050087637500e-03
6.3888888889,5.4861111111,-5.178552887100e-03
6.4583333333,5.4861111111,-4.419120608600e-03
6.5277777778,5.4861111111,-3.761732183700e-03
6.5972222222,5.4861111111,-3.189574235000e-03
6.6666666667,5.4861111111,-2.688078529000e-03
6.7361111111,5.4861111111,-2.248759258700e-03
6.8055555556,5.4861111111,-1.867899662900e-03
6.8750000000,5.4861111111,-1.543096430400e-03
6.9444444444,5.4861111111,-1.270774983780e-03
7.0138888889,5.4861111111,-1.045557530440e-03
7.0833333333,5.4861111111,-8.606890674600e-04
7.1527777778,5.4861111111,-7.088355823100e-04
7.2222222222,5.4861111111,-5.831381667800e-04
7.2916666667,5.4861111111,-4.782270748700e-04
7.3611111111,5.4861111111,-3.905533849900e-04
7.4305555556,5.4861111111,-3.178263022200e-04
7.5000000000,5.4861111111,-2.581528712800e-04
7.5694444444,5.4861111111,-2.095987658300e-04
7.6388888889,5.4861111111,-1.702502292170e-04
7.7083333333,5.4861111111,-1.383769634470e-04
7.7777777778,5.4861111111,-1.124686860460e-04
7.8472222222,5.4861111111,-9.125813709300e-05
7.9166666667,5.4861111111,-7.381081617200e-05
7.9861111111,5.4861111111,-5.954010430100e-05
8.0555555556,5.4861111111,-4.804208841200e-05
8.1250000000,5.4861111111,-3.889112839600e-05
8.1944444444,5.4861111111,-3.159668522700e-05
8.2638888889,5.4861111111,-2.570924045280e-05
8.3333333333,5.4861111111,-2.090198374290e-05
8.4027777778,5.4861111111,-1.694778434460e-05
8.4722222222,5.4861111111,-1.367129272100e-05
8.5416666667,5.4861111111,-1.095014365600e-05
8.6111111111,5.4861111111,-8.726878987200e-06
8.6805555556,5.4861111111,-6.972925608900e-06
8.7500000000,5.4861111111,-5.631983230000e-06
8.8194444444,5.4861111111,-4.609495043010e-06
8.8888888889,5.4861111111,-3.810508537850e-06
8.9583333333,5.4861111111,-3.168880129290e-06
9.0277777778,5.4861111111,-2.639976846860e-06
9.0972222222,5.4861111111,-2.186627563230e-06
9.1666666667,5.4861111111,-1.785877123990e-06
9.2361111111,5.4861111111,-1.440062676750e-06
9.3055555556,5.4861111111,-1.165803211070e-06
9.3750000000,5.4861111111,-9.690220548370e-07
9.4444444444,5.4861111111,-8.350485965340e-07
9.5138888889,5.4861111111,-7.413805260800e-07
9.5833333333,5.4861111111,-6.731606677100e-07
9.6527777778,5.4861111111,-6.248751497600e-07
9.7222222222,5.4861111111,-5.932350878500e-07
9.7916666667,5.4861111111,-5.734750330300e-07
9.8611111111,5.4861111111,-5.611780964500e-07
9.9305555556,5.4861111111,-5.541370239100e-07
0.0000000000,5.5555555556,-5.083296947120e-07
0.0694444444,5.5555555556,-5.104240827880e-07
0.1388888889,5.5555555556,-5.179436497370e-07
0.2083333333,5.5555555556,-5.327045020150e-07
0.2777777778,5.5555555556,-5.554272416060e-07
0.3472222222,5.5555555556,-5.880244506690e-07
0.4166666667,5.5555555556,-6.360049307690e-07
0.4861111111,5.5555555556,-7.064709244520e-07
0.5555555556,5.5555555556,-8.061326123130e-07
0.6250000000,5.5555555556,-9.450342668230e-07
0.6944444444,5.5555555556,-1.139563611070e-06
0.7638888889,5.5555555556,-1.404158926820e-06
0.8333333333,5.5555555556,-1.738264476390e-06
0.9027777778,5.5555555556,-2.128768454200e-06
0.9722222222,5.5555555556,-2.570919860150e-06
1.0416666667,5.5555555556,-3.083826925760e-06
1.1111111111,5.5555555556,-3.704381999120e-06
1.1805555556,5.5555555556,-4.477865666770e-06
1.2500000000,5.5555555556,-5.467029747100e-06
1.3194444444,5.5555555556,-6.762062221300e-06
1.3888888889,5.5555555556,-8.458234564200e-06
1.4583333333,5.5555555556,-1.061618309300e-05
1.5277777778,5.5555555556,-1.326213803310e-05
1.5972222222,5.5555555556,-1.644247484380e-05
1.6666666667,5.5555555556,-2.027224542450e-05
1.7361111111,5.5555555556,-2.493153315100e-05
1.8055555556,5.5555555556,-3.065173589600e-05
1.8750000000,5.5555555556,-3.774619204700e-05
1.9444444444,5.5555555556,-4.663909971200e-05
2.0138888889,5.5555555556,-5.780576063900e-05
2.0833333333,5.5555555556,-7.166692154500e-05
2.1527777778,5.5555555556,-8.860228290700e-05
2.2222222222,5.5555555556,-1.091389971580e-04
2.2916666667,5.5555555556,-1.341475245320e-04
2.3611111111,5.5555555556,-1.648691957420e-04
2.4305555556,5.5555555556,-2.028260764900e-04
2.5000000000,5.5555555556,-2.497642267800e-04
2.5694444444,5.5555555556,-3.076046482700e-04
2.6388888889,5.5555555556,-3.782835743000e-04
2.7083333333,5.5555555556,-4.636371043900e-04
2.7777777778,5.5555555556,-5.657308217800e-04
2.8472222222,5.5555555556,-6.876968485500e-04
2.9166666667,5.5555555556,-8.344822130200e-04
2.9861111111,5.5555555556,-1.012821100460e-03
3.0555555556,5.5555555556,-1.230420722740e-03
3.1250000000,5.5555555556,-1.494913245400e-03
3.1944444444,5.5555555556,-1.812949177200e-03
3.2638888889,5.5555555556,-2.189545203900e-03
3.3333333333,5.5555555556,-2.628227063000e-03
3.4027777778,5.5555555556,-3.132878608600e-03
3.4722222222,5.5555555556,-3.711103345400e-03
3.5416666667,5.5555555556,-4.376777399100e-03
3.6111111111,5.5555555556,-5.148796134500e-03
3.6805555556,5.5555555556,-6.045073953200e-03
3.7500000000,5.5555555556,-7.073696341200e-03
3.8194444444,5.5555555556,-8.224088720700e-03
3.8888888889,5.5555555556,-9.460288479500e-03
3.9583333333,5.5555555556,-1.071767745300e-02
4.0277777778,5.5555555556,-1.190333150400e-02
4.0972222222,5.5555555556,-1.289605232000e-02
4.1666666667,5.5555555556,-1.353643027300e-02
4.2361111111,5.5555555556,-1.359690339300e-02
4.3055555556,5.5555555556,-1.273264589400e-02
4.3750000000,5.5555555556,-1.043381701700e-02
4.4444444444,5.5555555556,-6.019473170000e-03
4.5138888889,5.5555555556,1.275555897000e-03
4.5833333333,5.5555555556,1.253755741900e-02
4.6527777778,5.5555555556,3.012277833400e-02
4.7222222222,5.5555555556,5.491169032000e-02
4.7916666667,5.5555555556,8.444081720000e-02
4.8611111111,5.5555555556,1.131173712700e-01
4.9305555556,5.5555555556,1.340790832260e-01
5.0000000000,5.5555555556,1.417730762620e-01
5.0694444444,5.5555555556,1.340790832410e-01
5.1388888889,5.5555555556,1.131173712710e-01
5.2083333333,5.5555555556,8.444081740600e-02
5.2777777778,5.5555555556,5.491169069100e-02
5.3472222222,5.5555555556,3.012277879900e-02
5.4166666667,5.5555555556,1.253755781800e-02
5.4861111111,5.5555555556,1.275556129000e-03
5.5555555556,5.5555555556,-6.019473156000e-03
5.6250000000,5.5555555556,-1.043381716000e-02
5.6944444444,5.5555555556,-1.273264609700e-02
5.7638888889,5.5555555556,-1.359690356600e-02
5.8333333333,5.5555555556,-1.353643035800e-02
5.9027777778,5.5555555556,-1.289605231100e-02
5.9722222222,5.5555555556,-1.190333143500e-02
6.0416666667,5.5555555556,-1.071767737400e-02
6.1111111111,5.5555555556,-9.460288431100e-03
6.1805555556,5.5555555556,-8.224088710200e-03
6.2500000000,5.5555555556,-7.073696344900e-03
6.3194444444,5.5555555556,-6.045073934700e-03
6.3888888889,5.5555555556,-5.148796066300e-03
6.4583333333,5.5555555556,-4.376777280400e-03
6.5277777778,5.5555555556,-3.711103203600e-03
6.5972222222,5.5555555556,-3.132878483800e-03
6.6666666667,5.5555555556,-2.628226988000e-03
6.7361111111,5.5555555556,-2.189545188200e-03
6.8055555556,5.5555555556,-1.812949203700e-03
6.8750000000,5.5555555556,-1.494913279800e-03
6.9444444444,5.5555555556,-1.230420731810e-03
7.0138888889,5.5555555556,-1.012821067610e-03
7.0833333333,5.5555555556,-8.344821453500e-04
7.1527777778,5.5555555556,-6.876967720500e-04
7.2222222222,5.5555555556,-5.657307668600e-04
7.2916666667,5.5555555556,-4.636370904900e-04
7.3611111111,5.5555555556,-3.782836006200e-04
7.4305555556,5.5555555556,-3.076046949400e-04
7.5000000000,5.5555555556,-2.497642654900e-04
7.5694444444,5.5555555556,-2.028260846900e-04
7.6388888889,5.5555555556,-1.648691674840e-04
7.7083333333,5.5555555556,-1.341474726870e-04
7.7777777778,5.5555555556,-1.091389462380e-04
7.8472222222,5.5555555556,-8.860225644100e-05
7.9166666667,5.5555555556,-7.166693040100e-05
7.9861111111,5.5555555556,-5.780579804700e-05
8.0555555556,5.5555555556,-4.663914516700e-05
8.1250000000,5.5555555556,-3.774622185100e-05
8.1944444444,5.5555555556,-3.065173496200e-05
8.2638888889,5.5555555556,-2.493150220660e-05
8.3333333333,5.5555555556,-2.027220020160e-05
8.4027777778,5.5555555556,-1.644243787070e-05
8.4722222222,5.5555555556,-1.326212727520e-05
8.5416666667,5.5555555556,-1.061620313610e-05
8.6111111111,5.5555555556,-8.458274634100e-06
8.6805555556,5.5555555556,-6.762101851400e-06
8.7500000000,5.5555555556,-5.467049123900e-06
8.8194444444,5.5555555556,-4.477855445180e-06
8.8888888889,5.5555555556,-3.704347750970e-06
8.9583333333,5.5555555556,-3.083786116420e-06
9.0277777778,5.5555555556,-2.570892976420e-06
9.0972222222,5.5555555556,-2.128768768120e-06
9.1666666667,5.5555555556,-1.738291538530e-06
9.2361111111,5.5555555556,-1.404198963030e-06
9.3055555556,5.5555555556,-1.139596532800e-06
9.3750000000,5.5555555556,-9.450437388450e-07
9.4444444444,5.5555555556,-8.061141492780e-07
9.5138888889,5.5555555556,-7.064340209940e-07
9.5833333333,5.5555555556,-6.359682203320e-07
9.6527777778,5.5555555556,-5.880063512360e-07
9.7222222222,5.5555555556,-5.554367665240e-07
9.7916666667,5.5555555556,-5.327368048230e-07
9.8611111111,5.5555555556,-5.179824968900e-07
9.9305555556,5.5555555556,-5.104499967990e-07
0.0000000000,5.6250000000,-4.604987783430e-07
0.0694444444,5.6250000000,-4.609634897360e-07
0.1388888889,5.6250000000,-4.662184949040e-07
0.2083333333,5.6250000000,-4.825100788870e-07
0.2777777778,5.6250000000,-5.111559014240e-07
0.3472222222,5.6250000000,-5.506258082790e-07
0.4166666667,5.6250000000,-6.039688154190e-07
0.4861111111,5.6250000000,-6.793678417400e-07
0.5555555556,5.6250000000,-7.843317444750e-07
0.6250000000,5.6250000000,-9.252776027600e-07
0.6944444444,5.6250000000,-1.113425281790e-06
0.7638888889,5.6250000000,-1.363436325780e-06
0.8333333333,5.6250000000,-1.681328974900e-06
0.9027777778,5.6250000000,-2.059629777930e-06
0.9722222222,5.6250000000,-2.492429602030e-06
1.0416666667,5.6250000000,-2.993976037840e-06
1.1111111111,5.6250000000,-3.598566339040e-06
1.1805555556,5.6250000000,-4.350154552760e-06
1.2500000000,5.6250000000,-5.306286119200e-06
1.3194444444,5.6250000000,-6.549868911200e-06
1.3888888889,5.6250000000,-8.175162034800e-06
1.4583333333,5.6250000000,-1.024903173350e-05
1.5277777778,5.6250000000,-1.280018586750e-05
1.5972222222,5.6250000000,-1.586647146230e-05
1.6666666667,5.6250000000,-1.955253301010e-05
1.7361111111,5.6250000000,-2.403821157860e-05
1.8055555556,5.6250000000,-2.955894758500e-05
1.8750000000,5.6250000000,-3.641992696000e-05
1.9444444444,5.6250000000,-4.502536214700e-05
2.0138888889,5.6250000000,-5.583708874400e-05
2.0833333333,5.6250000000,-6.927115717700e-05
2.1527777778,5.6250000000,-8.568228276900e-05
2.2222222222,5.6250000000,-1.055306819630e-04
2.2916666667,5.6250000000,-1.296045413750e-04
2.3611111111,5.6250000000,-1.590974015360e-04
2.4305555556,5.6250000000,-1.955294210800e-04
2.5000000000,5.6250000000,-2.406582695700e-04
2.5694444444,5.6250000000,-2.964101070400e-04
2.6388888889,5.6250000000,-3.647251370800e-04
2.7083333333,5.6250000000,-4.474021965100e-04
2.7777777778,5.6250000000,-5.463138884500e-04
2.8472222222,5.6250000000,-6.641765000300e-04
2.9166666667,5.6250000000,-8.054323261600e-04
2.9861111111,5.6250000000,-9.765209134700e-04
3.0555555556,5.6250000000,-1.185312287880e-03
3.1250000000,5.6250000000,-1.440115577390e-03
3.1944444444,5.6250000000,-1.748696539000e-03
3.2638888889,5.6250000000,-2.117458253400e-03
3.3333333333,5.6250000000,-2.551190223500e-03
3.4027777778,5.6250000000,-3.054281122300e-03
3.4722222222,5.6250000000,-3.633709165600e-03
3.5416666667,5.6250000000,-4.302289475300e-03
3.6111111111,5.6250000000,-5.079445875400e-03
3.6805555556,5.6250000000,-5.987882725700e-03
3.7500000000,5.6250000000,-7.047033220800e-03
3.8194444444,5.6250000000,-8.265633335800e-03
3.8888888889,5.6250000000,-9.635509570500e-03
3.9583333333,5.6250000000,-1.112803216640e-02
4.0277777778,5.6250000000,-1.269407334800e-02
4.0972222222,5.6250000000,-1.426605394800e-02
4.1666666667,5.6250000000,-1.575649219400e-02
4.2361111111,5.6250000000,-1.704535812500e-02
4.3055555556,5.6250000000,-1.795341532700e-02
4.3750000000,5.6250000000,-1.821064111500e-02
4.4444444444,5.6250000000,-1.744241395000e-02
4.5138888889,5.6250000000,-1.520493431100e-02
4.5833333333,5.6250000000,-1.104673076400e-02
4.6527777778,5.6250000000,-3.753302416000e-03
4.7222222222,5.6250000000,7.812730422000e-03
4.7916666667,5.6250000000,2.272730209700e-02
4.8611111111,5.6250000000,3.792420862700e-02
4.9305555556,5.6250000000,4.933599427400e-02
5.0000000000,5.6250000000,5.357550946600e-02
5.0694444444,5.6250000000,4.933599429700e-02
5.1388888889,5.6250000000,3.792420870400e-02
5.2083333333,5.6250000000,2.272730229800e-02
5.2777777778,5.6250000000,7.812730727000e-03
5.3472222222,5.6250000000,-3.753302056000e-03
5.4166666667,5.6250000000,-1.104673047000e-02
5.4861111111,5.6250000000,-1.520493418300e-02
5.5555555556,5.6250000000,-1.744241401900e-02
5.6250000000,5.6250000000,-1.821064131200e-02
5.6944444444,5.6250000000,-1.795341558400e-02
5.7638888889,5.6250000000,-1.704535835500e-02
5.8333333333,5.6250000000,-1.575649233800e-02
5.9027777778,5.6250000000,-1.426605399700e-02
5.9722222222,5.6250000000,-1.269407332800e-02
6.0416666667,5.6250000000,-1.112803212200e-02
6.1111111111,5.6250000000,-9.635509537400e-03
6.1805555556,5.6250000000,-8.265633327700e-03
6.2500000000,5.6250000000,-7.047033219600e-03
6.3194444444,5.6250000000,-5.987882704000e-03
6.3888888889,5.6250000000,-5.079445811300e-03
6.4583333333,5.6250000000,-4.302289368400e-03
6.5277777778,5.6250000000,-3.633709039100e-03
6.5972222222,5.6250000000,-3.054281010400e-03
6.6666666667,5.6250000000,-2.551190154100e-03
6.7361111111,5.6250000000,-2.117458234900e-03
6.8055555556,5.6250000000,-1.748696557200e-03
6.8750000000,5.6250000000,-1.440115603330e-03
6.9444444444,5.6250000000,-1.185312293080e-03
7.0138888889,5.6250000000,-9.765208833900e-04
7.0833333333,5.6250000000,-8.054322667900e-04
7.1527777778,5.6250000000,-6.641764331600e-04
7.2222222222,5.6250000000,-5.463138399300e-04
7.2916666667,5.6250000000,-4.474021829400e-04
7.3611111111,5.6250000000,-3.647251579200e-04
7.4305555556,5.6250000000,-2.964101455700e-04
7.5000000000,5.6250000000,-2.406583017200e-04
7.5694444444,5.6250000000,-1.955294276000e-04
7.6388888889,5.6250000000,-1.590973772280e-04
7.7083333333,5.6250000000,-1.296044970300e-04
7.7777777778,5.6250000000,-1.055306383120e-04
7.8472222222,5.6250000000,-8.568225980100e-05
7.9166666667,5.6250000000,-6.927116419400e-05
7.9861111111,5.6250000000,-5.583712010200e-05
8.0555555556,5.6250000000,-4.502540049900e-05
8.1250000000,5.6250000000,-3.641995219500e-05
8.1944444444,5.6250000000,-2.955894684000e-05
8.2638888889,5.6250000000,-2.403818538410e-05
8.3333333333,5.6250000000,-1.955249464400e-05
8.4027777778,5.6250000000,-1.586644001110e-05
8.4722222222,5.6250000000,-1.280017659500e-05
8.5416666667,5.6250000000,-1.024904858500e-05
8.6111111111,5.6250000000,-8.175195926500e-06
8.6805555556,5.6250000000,-6.549902512900e-06
8.7500000000,5.6250000000,-5.306302618400e-06
8.8194444444,5.6250000000,-4.350145986320e-06
8.8888888889,5.6250000000,-3.598537385450e-06
8.9583333333,5.6250000000,-2.993941474720e-06
9.0277777778,5.6250000000,-2.492406794550e-06
9.0972222222,5.6250000000,-2.059629997940e-06
9.1666666667,5.6250000000,-1.681351872330e-06
9.2361111111,5.6250000000,-1.363470250010e-06
9.3055555556,5.6250000000,-1.113453213940e-06
9.3750000000,5.6250000000,-9.252856877490e-07
9.4444444444,5.6250000000,-7.843161602080e-07
9.5138888889,5.6250000000,-6.793366147970e-07
9.5833333333,5.6250000000,-6.039377262960e-07
9.6527777778,5.6250000000,-5.506104660320e-07
9.7222222222,5.6250000000,-5.111639527860e-07
9.7916666667,5.6250000000,-4.825374275030e-07
9.8611111111,5.6250000000,-4.662513930210e-07
9.9305555556,5.6250000000,-4.609854375300e-07
0.0000000000,5.6944444444,-4.279900661800e-07
0.0694444444,5.6944444444,-4.256813162630e-07
0.1388888889,5.6944444444,-4.261012628670e-07
0.2083333333,5.6944444444,-4.419454174150e-07
0.2777777778,5.6944444444,-4.767593283470e-07
0.3472222222,5.6944444444,-5.252310663350e-07
0.4166666667,5.6944444444,-5.856833023310e-07
0.4861111111,5.6944444444,-6.652395974500e-07
0.5555555556,5.6944444444,-7.721410123290e-07
0.6250000000,5.6944444444,-9.107388738580e-07
0.6944444444,5.6944444444,-1.088231086190e-06
0.7638888889,5.6944444444,-1.319531139340e-06
0.8333333333,5.6944444444,-1.617554078280e-06
0.9027777778,5.6944444444,-1.982013813810e-06
0.9722222222,5.6944444444,-2.407218205550e-06
1.0416666667,5.6944444444,-2.901996569910e-06
1.1111111111,5.6944444444,-3.496128080030e-06
1.1805555556,5.6944444444,-4.230739718270e-06
1.2500000000,5.6944444444,-5.156974137600e-06
1.3194444444,5.6944444444,-6.347999321100e-06
1.3888888889,5.6944444444,-7.894159190300e-06
1.4583333333,5.6944444444,-9.868812907300e-06
1.5277777778,5.6944444444,-1.230765161050e-05
1.5972222222,5.6944444444,-1.524400454860e-05
1.6666666667,5.6944444444,-1.877040222000e-05
1.7361111111,5.6944444444,-2.306081589470e-05
1.8055555556,5.6944444444,-2.835225313960e-05
1.8750000000,5.6944444444,-3.494537801100e-05
1.9444444444,5.6944444444,-4.322972687200e-05
2.0138888889,5.6944444444,-5.365651860700e-05
2.0833333333,5.6944444444,-6.663936118300e-05
2.1527777778,5.6944444444,-8.251107114900e-05
2.2222222222,5.6944444444,-1.016621427400e-04
2.2916666667,5.6944444444,-1.247818240480e-04
2.3611111111,5.6944444444,-1.529897807430e-04
2.4305555556,5.6944444444,-1.877835784820e-04
2.5000000000,5.6944444444,-2.309243396000e-04
2.5694444444,5.6944444444,-2.843415855100e-04
2.6388888889,5.6944444444,-3.499830328100e-04
2.7083333333,5.6944444444,-4.296336948100e-04
2.7777777778,5.6944444444,-5.250197156900e-04
2.8472222222,5.6944444444,-6.384695027000e-04
2.9166666667,5.6944444444,-7.738621046700e-04
2.9861111111,5.6944444444,-9.371673259700e-04
3.0555555556,5.6944444444,-1.136163663330e-03
3.1250000000,5.6944444444,-1.379565189070e-03
3.1944444444,5.6944444444,-1.676005906700e-03
3.2638888889,5.6944444444,-2.033109835600e-03
3.3333333333,5.6944444444,-2.456956533600e-03
3.4027777778,5.6944444444,-2.952724975000e-03
3.4722222222,5.6944444444,-3.527127936700e-03
3.5416666667,5.6944444444,-4.191834032500e-03
3.6111111111,5.6944444444,-4.965614888900e-03
3.6805555556,5.6944444444,-5.873218589700e-03
3.7500000000,5.6944444444,-6.940915399100e-03
3.8194444444,5.6944444444,-8.190415926700e-03
3.8888888889,5.6944444444,-9.633202512600e-03
3.9583333333,5.6944444444,-1.126690916550e-02
4.0277777778,5.6944444444,-1.307497101380e-02
4.0972222222,5.6944444444,-1.502947833300e-02
4.1666666667,5.6944444444,-1.709423426200e-02
4.2361111111,5.6944444444,-1.922236693300e-02
4.3055555556,5.6944444444,-2.134406715800e-02
4.3750000000,5.6944444444,-2.334630426800e-02
4.4444444444,5.6944444444,-2.505502614100e-02
4.5138888889,5.6944444444,-2.623727244800e-02
4.5833333333,5.6944444444,-2.664172942300e-02
4.6527777778,5.6944444444,-2.594417998300e-02
4.7222222222,5.6944444444,-2.329386145900e-02
4.7916666667,5.6944444444,-1.856921760100e-02
4.8611111111,5.6944444444,-1.296297293900e-02
4.9305555556,5.6944444444,-8.421889783000e-03
5.0000000000,5.6944444444,-6.679814591000e-03
5.0694444444,5.6944444444,-8.421889772000e-03
5.1388888889,5.6944444444,-1.296297287600e-02
5.2083333333,5.6944444444,-1.856921746600e-02
5.2777777778,5.6944444444,-2.329386125000e-02
5.3472222222,5.6944444444,-2.594417975900e-02
5.4166666667,5.6944444444,-2.664172928500e-02
5.4861111111,5.6944444444,-2.623727244500e-02
5.5555555556,5.6944444444,-2.505502629500e-02
5.6250000000,5.6944444444,-2.334630455000e-02
5.6944444444,5.6944444444,-2.134406747000e-02
5.7638888889,5.6944444444,-1.922236721200e-02
5.8333333333,5.6944444444,-1.709423445500e-02
5.9027777778,5.6944444444,-1.502947843100e-02
5.9722222222,5.6944444444,-1.307497103390e-02
6.0416666667,5.6944444444,-1.126690914630e-02
6.1111111111,5.6944444444,-9.633202489900e-03
6.1805555556,5.6944444444,-8.190415914400e-03
6.2500000000,5.6944444444,-6.940915389200e-03
6.3194444444,5.6944444444,-5.873218563100e-03
6.3888888889,5.6944444444,-4.965614828100e-03
6.4583333333,5.6944444444,-4.191833937900e-03
6.5277777778,5.6944444444,-3.527127827000e-03
6.5972222222,5.6944444444,-2.952724877400e-03
6.6666666667,5.6944444444,-2.456956470800e-03
6.7361111111,5.6944444444,-2.033109814400e-03
6.8055555556,5.6944444444,-1.676005915900e-03
6.8750000000,5.6944444444,-1.379565205640e-03
6.9444444444,5.6944444444,-1.136163663900e-03
7.0138888889,5.6944444444,-9.371672988000e-04
7.0833333333,5.6944444444,-7.738620543400e-04
7.1527777778,5.6944444444,-6.384694465100e-04
7.2222222222,5.6944444444,-5.250196743600e-04
7.2916666667,5.6944444444,-4.296336817700e-04
7.3611111111,5.6944444444,-3.499830477600e-04
7.4305555556,5.6944444444,-2.843416150700e-04
7.5000000000,5.6944444444,-2.309243644600e-04
7.5694444444,5.6944444444,-1.877835830530e-04
7.6388888889,5.6944444444,-1.529897606950e-04
7.7083333333,5.6944444444,-1.247817879110e-04
7.7777777778,5.6944444444,-1.016621071110e-04
7.8472222222,5.6944444444,-8.251105209500e-05
7.9166666667,5.6944444444,-6.663936625100e-05
7.9861111111,5.6944444444,-5.365654334100e-05
8.0555555556,5.6944444444,-4.322975739900e-05
8.1250000000,5.6944444444,-3.494539817000e-05
8.1944444444,5.6944444444,-2.835225254040e-05
8.2638888889,5.6944444444,-2.306079488090e-05
8.3333333333,5.6944444444,-1.877037138680e-05
8.4027777778,5.6944444444,-1.524397919530e-05
8.4722222222,5.6944444444,-1.230764401350e-05
8.5416666667,5.6944444444,-9.868826282300e-06
8.6111111111,5.6944444444,-7.894186296400e-06
8.6805555556,5.6944444444,-6.348026275700e-06
8.7500000000,5.6944444444,-5.156987439800e-06
8.8194444444,5.6944444444,-4.230732942370e-06
8.8888888889,5.6944444444,-3.496104936390e-06
8.9583333333,5.6944444444,-2.901968884060e-06
9.0277777778,5.6944444444,-2.407199902870e-06
9.0972222222,5.6944444444,-1.982013953530e-06
9.1666666667,5.6944444444,-1.617572407830e-06
9.2361111111,5.6944444444,-1.319558338920e-06
9.3055555556,5.6944444444,-1.088253516530e-06
9.3750000000,5.6944444444,-9.107454165240e-07
9.4444444444,5.6944444444,-7.721285835950e-07
9.5138888889,5.6944444444,-6.652146138630e-07
9.5833333333,5.6944444444,-5.856584053320e-07
9.6527777778,5.6944444444,-5.252187700320e-07
9.7222222222,5.6944444444,-4.767657703010e-07
9.7916666667,5.6944444444,-4.419673229600e-07
9.8611111111,5.6944444444,-4.261276188640e-07
9.9305555556,5.6944444444,-4.256989009610e-07
0.0000000000,5.7638888889,-4.139133738390e-07
0.0694444444,5.7638888889,-4.092140215710e-07
0.1388888889,5.7638888889,-4.054295557300e-07
0.2083333333,5.7638888889,-4.208857502570e-07
0.2777777778,5.7638888889,-4.612159500450e-07
0.3472222222,5.7638888889,-5.175030137380e-07
0.4166666667,5.7638888889,-5.829251896060e-07
0.4861111111,5.7638888889,-6.629153483480e-07
0.5555555556,5.7638888889,-7.668876450460e-07
0.6250000000,5.7638888889,-8.986147623700e-07
0.6944444444,5.7638888889,-1.062164192180e-06
0.7638888889,5.7638888889,-1.272205799320e-06
0.8333333333,5.7638888889,-1.548076692190e-06
0.9027777778,5.7638888889,-1.897603698320e-06
0.9722222222,5.7638888889,-2.316584449660e-06
1.0416666667,5.7638888889,-2.808080754600e-06
1.1111111111,5.7638888889,-3.395728594390e-06
1.1805555556,5.7638888889,-4.117086716350e-06
1.2500000000,5.7638888889,-5.017211428500e-06
1.3194444444,5.7638888889,-6.158422670300e-06
1.3888888889,5.7638888889,-7.623868919100e-06
1.4583333333,5.7638888889,-9.491448708700e-06
1.5277777778,5.7638888889,-1.180634594660e-05
1.5972222222,5.7638888889,-1.460156849200e-05
1.6666666667,5.7638888889,-1.795753802000e-05
1.7361111111,5.7638888889,-2.203745661380e-05
1.8055555556,5.7638888889,-2.707589144670e-05
1.8750000000,5.7638888889,-3.336993640500e-05
1.9444444444,5.7638888889,-4.129752337900e-05
2.0138888889,5.7638888889,-5.130095190800e-05
2.0833333333,5.7638888889,-6.379447313800e-05
2.1527777778,5.7638888889,-7.909661713100e-05
2.2222222222,5.7638888889,-9.753318897100e-05
2.2916666667,5.7638888889,-1.196840610390e-04
2.3611111111,5.7638888889,-1.465680927890e-04
2.4305555556,5.7638888889,-1.796324113590e-04
2.5000000000,5.7638888889,-2.206267394900e-04
2.5694444444,5.7638888889,-2.714802145100e-04
2.6388888889,5.7638888889,-3.341518831300e-04
2.7083333333,5.7638888889,-4.104375709200e-04
2.7777777778,5.7638888889,-5.019738082100e-04
2.8472222222,5.7638888889,-6.107576242900e-04
2.9166666667,5.7638888889,-7.400846756300e-04
2.9861111111,5.7638888889,-8.953016666900e-04
3.0555555556,5.7638888889,-1.083826452650e-03
3.1250000000,5.7638888889,-1.314459297380e-03
3.1944444444,5.7638888889,-1.596388934590e-03
3.2638888889,5.7638888889,-1.938202524300e-03
3.3333333333,5.7638888889,-2.347170472700e-03
3.4027777778,5.7638888889,-2.829434626100e-03
3.4722222222,5.7638888889,-3.391813578500e-03
3.5416666667,5.7638888889,-4.044980860300e-03
3.6111111111,5.7638888889,-4.806336790100e-03
3.6805555556,5.7638888889,-5.700523589900e-03
3.7500000000,5.7638888889,-6.756799209200e-03
3.8194444444,5.7638888889,-8.004225571600e-03
3.8888888889,5.7638888889,-9.466493206800e-03
3.9583333333,5.7638888889,-1.115818513500e-02
4.0277777778,5.7638888889,-1.308397604520e-02
4.0972222222,5.7638888889,-1.524136793420e-02
4.1666666667,5.7638888889,-1.762539827000e-02
4.2361111111,5.7638888889,-2.023118085500e-02
4.3055555556,5.7638888889,-2.304955932000e-02
4.3750000000,5.7638888889,-2.605401806700e-02
4.4444444444,5.7638888889,-2.918222535800e-02
4.5138888889,5.7638888889,-3.232087863800e-02
4.5833333333,5.7638888889,-3.530572874300e-02
4.6527777778,5.7638888889,-3.794679060700e-02
4.7222222222,5.7638888889,-3.999764551200e-02
4.7916666667,5.7638888889,-4.100811441800e-02
4.8611111111,5.7638888889,-4.101583749800e-02
4.9305555556,5.7638888889,-4.058542762700e-02
5.0000000000,5.7638888889,-4.035212255000e-02
5.0694444444,5.7638888889,-4.058542763700e-02
5.1388888889,5.7638888889,-4.101583748700e-02
5.2083333333,5.7638888889,-4.100811435400e-02
5.2777777778,5.7638888889,-3.999764544600e-02
5.3472222222,5.7638888889,-3.794679053700e-02
5.4166666667,5.7638888889,-3.530572874900e-02
5.4861111111,5.7638888889,-3.232087875000e-02
5.5555555556,5.7638888889,-2.918222559800e-02
5.6250000000,5.7638888889,-2.605401839600e-02
5.6944444444,5.7638888889,-2.304955966400e-02
5.7638888889,5.7638888889,-2.023118116600e-02
5.8333333333,5.7638888889,-1.762539849800e-02
5.9027777778,5.7638888889,-1.524136806360e-02
5.9722222222,5.7638888889,-1.308397609280e-02
6.0416666667,5.7638888889,-1.115818513260e-02
6.1111111111,5.7638888889,-9.466493187400e-03
6.1805555556,5.7638888889,-8.004225554200e-03
6.2500000000,5.7638888889,-6.756799190700e-03
6.3194444444,5.7638888889,-5.700523557000e-03
6.3888888889,5.7638888889,-4.806336732200e-03
6.4583333333,5.7638888889,-4.044980777500e-03
6.5277777778,5.7638888889,-3.391813485000e-03
6.5972222222,5.7638888889,-2.829434542700e-03
6.6666666667,5.7638888889,-2.347170416600e-03
6.7361111111,5.7638888889,-1.938202501000e-03
6.8055555556,5.7638888889,-1.596388935510e-03
6.8750000000,5.7638888889,-1.314459304980e-03
6.9444444444,5.7638888889,-1.083826448860e-03
7.0138888889,5.7638888889,-8.953016423600e-04
7.0833333333,5.7638888889,-7.400846339200e-04
7.1527777778,5.7638888889,-6.107575783800e-04
7.2222222222,5.7638888889,-5.019737739400e-04
7.2916666667,5.7638888889,-4.104375586200e-04
7.3611111111,5.7638888889,-3.341518926300e-04
7.4305555556,5.7638888889,-2.714802356000e-04
7.5000000000,5.7638888889,-2.206267573500e-04
7.5694444444,5.7638888889,-1.796324139690e-04
7.6388888889,5.7638888889,-1.465680767220e-04
7.7083333333,5.7638888889,-1.196840327100e-04
7.7777777778,5.7638888889,-9.753316104400e-05
7.8472222222,5.7638888889,-7.909660190900e-05
7.9166666667,5.7638888889,-6.379447643900e-05
7.9861111111,5.7638888889,-5.130097038100e-05
8.0555555556,5.7638888889,-4.129754643200e-05
8.1250000000,5.7638888889,-3.336995166300e-05
8.1944444444,5.7638888889,-2.707589091480e-05
8.2638888889,5.7638888889,-2.203744049260e-05
8.3333333333,5.7638888889,-1.795751436600e-05
8.4027777778,5.7638888889,-1.460154899030e-05
8.4722222222,5.7638888889,-1.180634000180e-05
8.5416666667,5.7638888889,-9.491458813000e-06
8.6111111111,5.7638888889,-7.623889569200e-06
8.6805555556,5.7638888889,-6.158443268200e-06
8.7500000000,5.7638888889,-5.017221644900e-06
8.8194444444,5.7638888889,-4.117081612670e-06
8.8888888889,5.7638888889,-3.395710975200e-06
8.9583333333,5.7638888889,-2.808059636410e-06
9.0277777778,5.7638888889,-2.316570469610e-06
9.0972222222,5.7638888889,-1.897603790180e-06
9.1666666667,5.7638888889,-1.548090682250e-06
9.2361111111,5.7638888889,-1.272226584420e-06
9.3055555556,5.7638888889,-1.062181359840e-06
9.3750000000,5.7638888889,-8.986198142000e-07
9.4444444444,5.7638888889,-7.668782120600e-07
9.5138888889,5.7638888889,-6.628963172960e-07
9.5833333333,5.7638888889,-5.829062069500e-07
9.6527777778,5.7638888889,-5.174936357340e-07
9.7222222222,5.7638888889,-4.612208681020e-07
9.7916666667,5.7638888889,-4.209024697650e-07
9.8611111111,5.7638888889,-4.054496724560e-07
9.9305555556,5.7638888889,-4.092274436650e-07
0.0000000000,5.8333333333,-4.049477869060e-07
0.0694444444,5.8333333333,-4.000261240370e-07
0.1388888889,5.8333333333,-3.966530974700e-07
0.2083333333,5.8333333333,-4.151218404260e-07
0.2777777778,5.8333333333,-4.611929836820e-07
0.3472222222,5.8333333333,-5.229628258660e-07
0.4166666667,5.8333333333,-5.897835948140e-07
0.4861111111,5.8333333333,-6.660267270600e-07
0.5555555556,5.8333333333,-7.628215285300e-07
0.6250000000,5.8333333333,-8.844197201900e-07
0.6944444444,5.8333333333,-1.032361229520e-06
0.7638888889,5.8333333333,-1.220327345970e-06
0.8333333333,5.8333333333,-1.473085634920e-06
0.9027777778,5.8333333333,-1.806947658290e-06
0.9722222222,5.8333333333,-2.220310764330e-06
1.0416666667,5.8333333333,-2.710253040790e-06
1.1111111111,5.8333333333,-3.292759957800e-06
1.1805555556,5.8333333333,-4.001548716330e-06
1.2500000000,5.8333333333,-4.877452399800e-06
1.3194444444,5.8333333333,-5.973037860400e-06
1.3888888889,5.8333333333,-7.361963189600e-06
1.4583333333,5.8333333333,-9.123241219900e-06
1.5277777778,5.8333333333,-1.131143678510e-05
1.5972222222,5.8333333333,-1.396223826420e-05
1.6666666667,5.8333333333,-1.714488999720e-05
1.7361111111,5.8333333333,-2.100801886350e-05
1.8055555556,5.8333333333,-2.577903297030e-05
1.8750000000,5.8333333333,-3.175006486400e-05
1.9444444444,5.8333333333,-3.928778559700e-05
2.0138888889,5.8333333333,-4.882479346900e-05
2.0833333333,5.8333333333,-6.077782797200e-05
2.1527777778,5.8333333333,-7.546139116900e-05
2.2222222222,5.8333333333,-9.314975227900e-05
2.2916666667,5.8333333333,-1.143127876220e-04
2.3611111111,5.8333333333,-1.398457462340e-04
2.4305555556,5.8333333333,-1.711130298450e-04
2.5000000000,5.8333333333,-2.098304538500e-04
2.5694444444,5.8333333333,-2.579183948600e-04
2.6388888889,5.8333333333,-3.173483985600e-04
2.7083333333,5.8333333333,-3.899479022900e-04
2.7777777778,5.8333333333,-4.773228280500e-04
2.8472222222,5.8333333333,-5.812188461100e-04
2.9166666667,5.8333333333,-7.043754238500e-04
2.9861111111,5.8333333333,-8.514111247700e-04
3.0555555556,5.8333333333,-1.029134053490e-03
3.1250000000,5.8333333333,-1.246096555860e-03
3.1944444444,5.8333333333,-1.511689151390e-03
3.2638888889,5.8333333333,-1.835137523490e-03
3.3333333333,5.8333333333,-2.224687673600e-03
3.4027777778,5.8333333333,-2.687466233700e-03
3.4722222222,5.8333333333,-3.230685428700e-03
3.5416666667,5.8333333333,-3.864306697000e-03
3.6111111111,5.8333333333,-4.604068586800e-03
3.6805555556,5.8333333333,-5.473051846000e-03
3.7500000000,5.8333333333,-6.500554217900e-03
3.8194444444,5.8333333333,-7.718497533400e-03
3.8888888889,5.8333333333,-9.156756597800e-03
3.9583333333,5.8333333333,-1.083922317430e-02
4.0277777778,5.8333333333,-1.278231767170e-02
4.0972222222,5.8333333333,-1.499693743440e-02
4.1666666667,5.8333333333,-1.749306190860e-02
4.2361111111,5.8333333333,-2.028388523900e-02
4.3055555556,5.8333333333,-2.338508228200e-02
4.3750000000,5.8333333333,-2.680597390400e-02
4.4444444444,5.8333333333,-3.053261587800e-02
4.5138888889,5.8333333333,-3.450687702000e-02
4.5833333333,5.8333333333,-3.860926659000e-02
4.6527777778,5.8333333333,-4.265511120600e-02
4.7222222222,5.8333333333,-4.641098485200e-02
4.7916666667,5.8333333333,-4.962726306200e-02
4.8611111111,5.8333333333,-5.202654255400e-02
4.9305555556,5.8333333333,-5.344832305100e-02
5.0000000000,5.8333333333,-5.391160066500e-02
5.0694444444,5.8333333333,-5.344832308000e-02
5.1388888889,5.8333333333,-5.202654259100e-02
5.2083333333,5.8333333333,-4.962726309700e-02
5.2777777778,5.8333333333,-4.641098490400e-02
5.3472222222,5.8333333333,-4.265511128600e-02
5.4166666667,5.8333333333,-3.860926672700e-02
5.4861111111,5.8333333333,-3.450687724500e-02
5.5555555556,5.8333333333,-3.053261619200e-02
5.6250000000,5.8333333333,-2.680597426400e-02
5.6944444444,5.8333333333,-2.338508265400e-02
5.7638888889,5.8333333333,-2.028388556500e-02
5.8333333333,5.8333333333,-1.749306214950e-02
5.9027777778,5.8333333333,-1.499693757790e-02
5.9722222222,5.8333333333,-1.278231773190e-02
6.0416666667,5.8333333333,-1.083922317920e-02
6.1111111111,5.8333333333,-9.156756578400e-03
6.1805555556,5.8333333333,-7.718497508800e-03
6.2500000000,5.8333333333,-6.500554190200e-03
6.3194444444,5.8333333333,-5.473051807700e-03
6.3888888889,5.8333333333,-4.604068531300e-03
6.4583333333,5.8333333333,-3.864306624500e-03
6.5277777778,5.8333333333,-3.230685349700e-03
6.5972222222,5.8333333333,-2.687466163200e-03
6.6666666667,5.8333333333,-2.224687624300e-03
6.7361111111,5.8333333333,-1.835137499130e-03
6.8055555556,5.8333333333,-1.511689145790e-03
6.8750000000,5.8333333333,-1.246096555900e-03
6.9444444444,5.8333333333,-1.029134045940e-03
7.0138888889,5.8333333333,-8.514111028200e-04
7.0833333333,5.8333333333,-7.043753895600e-04
7.1527777778,5.8333333333,-5.812188091800e-04
7.2222222222,5.8333333333,-4.773228001200e-04
7.2916666667,5.8333333333,-3.899478909100e-04
7.3611111111,5.8333333333,-3.173484036200e-04
7.4305555556,5.8333333333,-2.579184088400e-04
7.5000000000,5.8333333333,-2.098304657300e-04
7.5694444444,5.8333333333,-1.711130307040e-04
7.6388888889,5.8333333333,-1.398457334710e-04
7.7083333333,5.8333333333,-1.143127659460e-04
7.7777777778,5.8333333333,-9.314973098700e-05
7.8472222222,5.8333333333,-7.546137933000e-05
7.9166666667,5.8333333333,-6.077782988300e-05
7.9861111111,5.8333333333,-4.882480666800e-05
8.0555555556,5.8333333333,-3.928780227600e-05
8.1250000000,5.8333333333,-3.175007589180e-05
8.1944444444,5.8333333333,-2.577903242480e-05
8.2638888889,5.8333333333,-2.100800686610e-05
8.3333333333,5.8333333333,-1.714487246350e-05
8.4027777778,5.8333333333,-1.396222379440e-05
8.4722222222,5.8333333333,-1.131143231040e-05
8.5416666667,5.8333333333,-9.123248586200e-06
8.6111111111,5.8333333333,-7.361978353400e-06
8.6805555556,5.8333333333,-5.973053021100e-06
8.7500000000,5.8333333333,-4.877459946500e-06
8.8194444444,5.8333333333,-4.001545000880e-06
8.8888888889,5.8333333333,-3.292747031820e-06
8.9583333333,5.8333333333,-2.710237531640e-06
9.0277777778,5.8333333333,-2.220300498220e-06
9.0972222222,5.8333333333,-1.806947740700e-06
9.1666666667,5.8333333333,-1.473095944320e-06
9.2361111111,5.8333333333,-1.220342661930e-06
9.3055555556,5.8333333333,-1.032373894120e-06
9.3750000000,5.8333333333,-8.844234795100e-07
9.4444444444,5.8333333333,-7.628146343400e-07
9.5138888889,5.8333333333,-6.660127680700e-07
9.5833333333,5.8333333333,-5.897696629080e-07
9.6527777778,5.8333333333,-5.229559490780e-07
9.7222222222,5.8333333333,-4.611966133430e-07
9.7916666667,5.8333333333,-4.151341432950e-07
9.8611111111,5.8333333333,-3.966678945420e-07
9.9305555556,5.8333333333,-4.000359955700e-07
0.0000000000,5.9027777778,-3.895936435650e-07
0.0694444444,5.9027777778,-3.871644580060e-07
0.1388888889,5.9027777778,-3.899216045240e-07
0.2083333333,5.9027777778,-4.154538093180e-07
0.2777777778,5.9027777778,-4.673394535820e-07
0.3472222222,5.9027777778,-5.320060580230e-07
0.4166666667,5.9027777778,-5.972592622550e-07
0.4861111111,5.9027777778,-6.672358866600e-07
0.5555555556,5.9027777778,-7.546833120600e-07
0.6250000000,5.9027777778,-8.647551580800e-07
0.6944444444,5.9027777778,-9.970028193400e-07
0.7638888889,5.9027777778,-1.163482179010e-06
0.8333333333,5.9027777778,-1.393075227980e-06
0.9027777778,5.9027777778,-1.710405518770e-06
0.9722222222,5.9027777778,-2.117511303810e-06
1.0416666667,5.9027777778,-2.605681132990e-06
1.1111111111,5.9027777778,-3.181912005070e-06
1.1805555556,5.9027777778,-3.875647537400e-06
1.2500000000,5.9027777778,-4.725938817200e-06
1.3194444444,5.9027777778,-5.778654786600e-06
1.3888888889,5.9027777778,-7.097735669900e-06
1.4583333333,5.9027777778,-8.760057299800e-06
1.5277777778,5.9027777778,-1.082763930760e-05
1.5972222222,5.9027777778,-1.334013112210e-05
1.6666666667,5.9027777778,-1.635643396780e-05
1.7361111111,5.9027777778,-2.000744153740e-05
1.8055555556,5.9027777778,-2.450839043020e-05
1.8750000000,5.9027777778,-3.014364422270e-05
1.9444444444,5.9027777778,-3.726714617000e-05
2.0138888889,5.9027777778,-4.629859627000e-05
2.0833333333,5.9027777778,-5.765597816100e-05
2.1527777778,5.9027777778,-7.165907232900e-05
2.2222222222,5.9027777778,-8.854907288100e-05
2.2916666667,5.9027777778,-1.086961261110e-04
2.3611111111,5.9027777778,-1.328581198180e-04
2.4305555556,5.9027777778,-1.622849322910e-04
2.5000000000,5.9027777778,-1.986296515950e-04
2.5694444444,5.9027777778,-2.437889707700e-04
2.6388888889,5.9027777778,-2.997422611600e-04
2.7083333333,5.9027777778,-3.683599377700e-04
2.7777777778,5.9027777778,-4.512677979100e-04
2.8472222222,5.9027777778,-5.500515728200e-04
2.9166666667,5.9027777778,-6.669676887300e-04
2.9861111111,5.9027777778,-8.058688341100e-04
3.0555555556,5.9027777778,-9.727587937800e-04
3.1250000000,5.9027777778,-1.175628076380e-03
3.1944444444,5.9027777778,-1.423706684820e-03
3.2638888889,5.9027777778,-1.726497642430e-03
3.3333333333,5.9027777778,-2.092918393700e-03
3.4027777778,5.9027777778,-2.530946089000e-03
3.4722222222,5.9027777778,-3.048319499600e-03
3.5416666667,5.9027777778,-3.654575932500e-03
3.6111111111,5.9027777778,-4.363813796300e-03
3.6805555556,5.9027777778,-5.196747782400e-03
3.7500000000,5.9027777778,-6.180703366500e-03
3.8194444444,5.9027777778,-7.347190192000e-03
3.8888888889,5.9027777778,-8.727865596000e-03
3.9583333333,5.9027777778,-1.035046082540e-02
4.0277777778,5.9027777778,-1.223645772770e-02
4.0972222222,5.9027777778,-1.440180130090e-02
4.1666666667,5.9027777778,-1.686042877950e-02
4.2361111111,5.9027777778,-1.962824967560e-02
4.3055555556,5.9027777778,-2.272373552080e-02
4.3750000000,5.9027777778,-2.616169608300e-02
4.4444444444,5.9027777778,-2.993911579600e-02
4.5138888889,5.9027777778,-3.401515420200e-02
4.5833333333,5.9027777778,-3.829075049300e-02
4.6527777778,5.9027777778,-4.259590275300e-02
4.7222222222,5.9027777778,-4.669289707400e-02
4.7916666667,5.9027777778,-5.029965268900e-02
4.8611111111,5.9027777778,-5.312960872400e-02
4.9305555556,5.9027777778,-5.493757640700e-02
5.0000000000,5.9027777778,-5.555942373200e-02
5.0694444444,5.9027777778,-5.493757646300e-02
5.1388888889,5.9027777778,-5.312960880800e-02
5.2083333333,5.9027777778,-5.029965280000e-02
5.2777777778,5.9027777778,-4.669289721400e-02
5.3472222222,5.9027777778,-4.259590293100e-02
5.4166666667,5.9027777778,-3.829075072000e-02
5.4861111111,5.9027777778,-3.401515449800e-02
5.5555555556,5.9027777778,-2.993911614800e-02
5.6250000000,5.9027777778,-2.616169646700e-02
5.6944444444,5.9027777778,-2.272373589440e-02
5.7638888889,5.9027777778,-1.962824999510e-02
5.8333333333,5.9027777778,-1.686042901200e-02
5.9027777778,5.9027777778,-1.440180143860e-02
5.9722222222,5.9027777778,-1.223645778480e-02
6.0416666667,5.9027777778,-1.035046082910e-02
6.1111111111,5.9027777778,-8.727865572400e-03
6.1805555556,5.9027777778,-7.347190160100e-03
6.2500000000,5.9027777778,-6.180703332200e-03
6.3194444444,5.9027777778,-5.196747740900e-03
6.3888888889,5.9027777778,-4.363813743200e-03
6.4583333333,5.9027777778,-3.654575868800e-03
6.5277777778,5.9027777778,-3.048319432700e-03
6.5972222222,5.9027777778,-2.530946029400e-03
6.6666666667,5.9027777778,-2.092918350300e-03
6.7361111111,5.9027777778,-1.726497617890e-03
6.8055555556,5.9027777778,-1.423706674600e-03
6.8750000000,5.9027777778,-1.175628070910e-03
6.9444444444,5.9027777778,-9.727587834100e-04
7.0138888889,5.9027777778,-8.058688139200e-04
7.0833333333,5.9027777778,-6.669676603300e-04
7.1527777778,5.9027777778,-5.500515431100e-04
7.2222222222,5.9027777778,-4.512677751900e-04
7.2916666667,5.9027777778,-3.683599274200e-04
7.3611111111,5.9027777778,-2.997422630000e-04
7.4305555556,5.9027777778,-2.437889792800e-04
7.5000000000,5.9027777778,-1.986296587890e-04
7.5694444444,5.9027777778,-1.622849317020e-04
7.6388888889,5.9027777778,-1.328581095800e-04
7.7083333333,5.9027777778,-1.086961096230e-04
7.7777777778,5.9027777778,-8.854905684000e-05
7.8472222222,5.9027777778,-7.165906325000e-05
7.9166666667,5.9027777778,-5.765597910300e-05
7.9861111111,5.9027777778,-4.629860542500e-05
8.0555555556,5.9027777778,-3.726715788900e-05
8.1250000000,5.9027777778,-3.014365190640e-05
8.1944444444,5.9027777778,-2.450838981160e-05
8.2638888889,5.9027777778,-2.000743271120e-05
8.3333333333,5.9027777778,-1.635642120360e-05
8.4027777778,5.9027777778,-1.334012061530e-05
8.4722222222,5.9027777778,-1.082763603850e-05
8.5416666667,5.9027777778,-8.760062582300e-06
8.6111111111,5.9027777778,-7.097746578200e-06
8.6805555556,5.9027777778,-5.778665696200e-06
8.7500000000,5.9027777778,-4.725944248600e-06
8.8194444444,5.9027777778,-3.875644869100e-06
8.8888888889,5.9027777778,-3.181902719550e-06
8.9583333333,5.9027777778,-2.605670002880e-06
9.0277777778,5.9027777778,-2.117503958100e-06
9.0972222222,5.9027777778,-1.710405624000e-06
9.1666666667,5.9027777778,-1.393082688720e-06
9.2361111111,5.9027777778,-1.163493235050e-06
9.3055555556,5.9027777778,-9.970119616300e-07
9.3750000000,5.9027777778,-8.647578906800e-07
9.4444444444,5.9027777778,-7.546783808000e-07
9.5138888889,5.9027777778,-6.672258750600e-07
9.5833333333,5.9027777778,-5.972492714160e-07
9.6527777778,5.9027777778,-5.320011408140e-07
9.7222222222,5.9027777778,-4.673420889690e-07
9.7916666667,5.9027777778,-4.154626759420e-07
9.8611111111,5.9027777778,-3.899322575720e-07
9.9305555556,5.9027777778,-3.871715623680e-07
0.0000000000,5.9722222222,-3.697317879790e-07
0.0694444444,5.9722222222,-3.712193815850e-07
0.1388888889,5.9722222222,-3.825585985600e-07
0.2083333333,5.9722222222,-4.154396280750e-07
0.2777777778,5.9722222222,-4.705417691590e-07
0.3472222222,5.9722222222,-5.349300784850e-07
0.4166666667,5.9722222222,-5.971298801750e-07
0.4861111111,5.9722222222,-6.609365519700e-07
0.5555555556,5.9722222222,-7.394076726700e-07
0.6250000000,5.9722222222,-8.383891807900e-07
0.6944444444,5.9722222222,-9.561792461200e-07
0.7638888889,5.9722222222,-1.102894122000e-06
0.8333333333,5.9722222222,-1.309889762140e-06
0.9027777778,5.9722222222,-1.609256587870e-06
0.9722222222,5.9722222222,-2.007735859800e-06
1.0416666667,5.9722222222,-2.491925057870e-06
1.1111111111,5.9722222222,-3.059110738680e-06
1.1805555556,5.9722222222,-3.733474610400e-06
1.2500000000,5.9722222222,-4.553950784200e-06
1.3194444444,5.9722222222,-5.563463400000e-06
1.3888888889,5.9722222222,-6.818145407900e-06
1.4583333333,5.9722222222,-8.391087317300e-06
1.5277777778,5.9722222222,-1.034956342030e-05
1.5972222222,5.9722222222,-1.273727200750e-05
1.6666666667,5.9722222222,-1.560309682040e-05
1.7361111111,5.9722222222,-1.905717123870e-05
1.8055555556,5.9722222222,-2.329724866380e-05
1.8750000000,5.9722222222,-2.859641098450e-05
1.9444444444,5.9722222222,-3.529400233700e-05
2.0138888889,5.9722222222,-4.379260656700e-05
2.0833333333,5.9722222222,-5.450679856300e-05
2.1527777778,5.9722222222,-6.776676439200e-05
2.2222222222,5.9722222222,-8.379987366000e-05
2.2916666667,5.9722222222,-1.028958223270e-04
2.3611111111,5.9722222222,-1.256733557510e-04
2.4305555556,5.9722222222,-1.532416480460e-04
2.5000000000,5.9722222222,-1.871587449370e-04
2.5694444444,5.9722222222,-2.292754794400e-04
2.6388888889,5.9722222222,-2.815664475500e-04
2.7083333333,5.9722222222,-3.459433768300e-04
2.7777777778,5.9722222222,-4.240844851500e-04
2.8472222222,5.9722222222,-5.175022670400e-04
2.9166666667,5.9722222222,-6.280764757800e-04
2.9861111111,5.9722222222,-7.589288987900e-04
3.0555555556,5.9722222222,-9.151456776600e-04
3.1250000000,5.9722222222,-1.103896967010e-03
3.1944444444,5.9722222222,-1.333912210490e-03
3.2638888889,5.9722222222,-1.614606196430e-03
3.3333333333,5.9722222222,-1.955215082860e-03
3.4027777778,5.9722222222,-2.364306006400e-03
3.4722222222,5.9722222222,-2.850096547000e-03
3.5416666667,5.9722222222,-3.421885410300e-03
3.6111111111,5.9722222222,-4.092310573400e-03
3.6805555556,5.9722222222,-4.879434498000e-03
3.7500000000,5.9722222222,-5.807442049300e-03
3.8194444444,5.9722222222,-6.905264366800e-03
3.8888888889,5.9722222222,-8.203368599500e-03
3.9583333333,5.9722222222,-9.729818371700e-03
4.0277777778,5.9722222222,-1.150722235200e-02
4.0972222222,5.9722222222,-1.355202990370e-02
4.1666666667,5.9722222222,-1.587647627860e-02
4.2361111111,5.9722222222,-1.849157509780e-02
4.3055555556,5.9722222222,-2.140801904130e-02
4.3750000000,5.9722222222,-2.463187396400e-02
4.4444444444,5.9722222222,-2.815372645420e-02
4.5138888889,5.9722222222,-3.193265595500e-02
4.5833333333,5.9722222222,-3.587915254900e-02
4.6527777778,5.9722222222,-3.984326062900e-02
4.7222222222,5.9722222222,-4.361483773700e-02
4.7916666667,5.9722222222,-4.694056768500e-02
4.8611111111,5.9722222222,-4.955705541500e-02
4.9305555556,5.9722222222,-5.123310943300e-02
5.0000000000,5.9722222222,-5.181053011100e-02
5.0694444444,5.9722222222,-5.123310948800e-02
5.1388888889,5.9722222222,-4.955705551700e-02
5.2083333333,5.9722222222,-4.694056783400e-02
5.2777777778,5.9722222222,-4.361483791300e-02
5.3472222222,5.9722222222,-3.984326084500e-02
5.4166666667,5.9722222222,-3.587915281500e-02
5.4861111111,5.9722222222,-3.193265628500e-02
5.5555555556,5.9722222222,-2.815372681900e-02
5.6250000000,5.9722222222,-2.463187433910e-02
5.6944444444,5.9722222222,-2.140801939150e-02
5.7638888889,5.9722222222,-1.849157538600e-02
5.8333333333,5.9722222222,-1.587647648470e-02
5.9027777778,5.9722222222,-1.355203002190e-02
5.9722222222,5.9722222222,-1.150722239550e-02
6.0416666667,5.9722222222,-9.729818366800e-03
6.1111111111,5.9722222222,-8.203368570300e-03
6.1805555556,5.9722222222,-6.905264329400e-03
6.2500000000,5.9722222222,-5.807442008800e-03
6.3194444444,5.9722222222,-4.879434453800e-03
6.3888888889,5.9722222222,-4.092310522600e-03
6.4583333333,5.9722222222,-3.421885353700e-03
6.5277777778,5.9722222222,-2.850096489600e-03
6.5972222222,5.9722222222,-2.364305955600e-03
6.6666666667,5.9722222222,-1.955215044770e-03
6.7361111111,5.9722222222,-1.614606172480e-03
6.8055555556,5.9722222222,-1.333912197300e-03
6.8750000000,5.9722222222,-1.103896957770e-03
6.9444444444,5.9722222222,-9.151456654100e-04
7.0138888889,5.9722222222,-7.589288801000e-04
7.0833333333,5.9722222222,-6.280764518800e-04
7.1527777778,5.9722222222,-5.175022428800e-04
7.2222222222,5.9722222222,-4.240844665700e-04
7.2916666667,5.9722222222,-3.459433675200e-04
7.3611111111,5.9722222222,-2.815664472400e-04
7.4305555556,5.9722222222,-2.292754840600e-04
7.5000000000,5.9722222222,-1.871587487160e-04
7.5694444444,5.9722222222,-1.532416463820e-04
7.6388888889,5.9722222222,-1.256733473450e-04
7.7083333333,5.9722222222,-1.028958096620e-04
7.7777777778,5.9722222222,-8.379986154200e-05
7.8472222222,5.9722222222,-6.776675743800e-05
7.9166666667,5.9722222222,-5.450679889600e-05
7.9861111111,5.9722222222,-4.379261282400e-05
8.0555555556,5.9722222222,-3.529401043300e-05
8.1250000000,5.9722222222,-2.859641619210e-05
8.1944444444,5.9722222222,-2.329724795390e-05
8.2638888889,5.9722222222,-1.905716471140e-05
8.3333333333,5.9722222222,-1.560308755480e-05
8.4027777778,5.9722222222,-1.273726443610e-05
8.4722222222,5.9722222222,-1.034956108120e-05
8.5416666667,5.9722222222,-8.391091113600e-06
8.6111111111,5.9722222222,-6.818153217300e-06
8.6805555556,5.9722222222,-5.563471188900e-06
8.7500000000,5.9722222222,-4.553954642800e-06
8.8194444444,5.9722222222,-3.733472684300e-06
8.8888888889,5.9722222222,-3.059104107120e-06
8.9583333333,5.9722222222,-2.491917140080e-06
9.0277777778,5.9722222222,-2.007730671910e-06
9.0972222222,5.9722222222,-1.609256732520e-06
9.1666666667,5.9722222222,-1.309895152930e-06
9.2361111111,5.9722222222,-1.102902062320e-06
9.3055555556,5.9722222222,-9.561858011500e-07
9.3750000000,5.9722222222,-8.383911477600e-07
9.4444444444,5.9722222222,-7.394041665500e-07
9.5138888889,5.9722222222,-6.609294252400e-07
9.5833333333,5.9722222222,-5.971227768140e-07
9.6527777778,5.9722222222,-5.349266022160e-07
9.7222222222,5.9722222222,-4.705436830780e-07
9.7916666667,5.9722222222,-4.154459831420e-07
9.8611111111,5.9722222222,-3.825662193790e-07
9.9305555556,5.9722222222,-3.712244603810e-07
0.0000000000,6.0416666667,-3.531931723530e-07
0.0694444444,6.0416666667,-3.578405013300e-07
0.1388888889,6.0416666667,-3.749741025860e-07
0.2083333333,6.0416666667,-4.100816997530e-07
0.2777777778,6.0416666667,-4.626515028390e-07
0.3472222222,6.0416666667,-5.234022129830e-07
0.4166666667,6.0416666667,-5.830417973630e-07
0.4861111111,6.0416666667,-6.435266657700e-07
0.5555555556,6.0416666667,-7.157807515300e-07
0.6250000000,6.0416666667,-8.057488802100e-07
0.6944444444,6.0416666667,-9.115467143700e-07
0.7638888889,6.0416666667,-1.041392653810e-06
0.8333333333,6.0416666667,-1.227098942897e-06
0.9027777778,6.0416666667,-1.506530974850e-06
0.9722222222,6.0416666667,-1.892097732750e-06
1.0416666667,6.0416666667,-2.367991776340e-06
1.1111111111,6.0416666667,-2.922306124150e-06
1.1805555556,6.0416666667,-3.572649772100e-06
1.2500000000,6.0416666667,-4.357916950800e-06
1.3194444444,6.0416666667,-5.321048022200e-06
1.3888888889,6.0416666667,-6.513439906000e-06
1.4583333333,6.0416666667,-8.004630174600e-06
1.5277777778,6.0416666667,-9.865761547600e-06
1.5972222222,6.0416666667,-1.214443259610e-05
1.6666666667,6.0416666667,-1.487975757900e-05
1.7361111111,6.0416666667,-1.815831521750e-05
1.8055555556,6.0416666667,-2.215475326080e-05
1.8750000000,6.0416666667,-2.712679340970e-05
1.9444444444,6.0416666667,-3.339784065440e-05
2.0138888889,6.0416666667,-4.135015195800e-05
2.0833333333,6.0416666667,-5.138858351800e-05
2.1527777778,6.0416666667,-6.385373740900e-05
2.2222222222,6.0416666667,-7.897513332600e-05
2.2916666667,6.0416666667,-9.698629203100e-05
2.3611111111,6.0416666667,-1.183768103400e-04
2.4305555556,6.0416666667,-1.440979855770e-04
2.5000000000,6.0416666667,-1.755799896790e-04
2.5694444444,6.0416666667,-2.145985892210e-04
2.6388888889,6.0416666667,-2.631025171400e-04
2.7083333333,6.0416666667,-3.230300504100e-04
2.7777777778,6.0416666667,-3.961220823500e-04
2.8472222222,6.0416666667,-4.838853069800e-04
2.9166666667,6.0416666667,-5.879421337200e-04
2.9861111111,6.0416666667,-7.107812110100e-04
3.0555555556,6.0416666667,-8.565513506600e-04
3.1250000000,6.0416666667,-1.031427828900e-03
3.1944444444,6.0416666667,-1.243351444550e-03
3.2638888889,6.0416666667,-1.501308398710e-03
3.3333333333,6.0416666667,-1.814496313270e-03
3.4027777778,6.0416666667,-2.191743195050e-03
3.4722222222,6.0416666667,-2.641547062100e-03
3.5416666667,6.0416666667,-3.172998395700e-03
3.6111111111,6.0416666667,-3.797469268500e-03
3.6805555556,6.0416666667,-4.530425433900e-03
3.7500000000,6.0416666667,-5.392429105500e-03
3.8194444444,6.0416666667,-6.408592780800e-03
3.8888888889,6.0416666667,-7.606318271000e-03
3.9583333333,6.0416666667,-9.011875842400e-03
4.0277777778,6.0416666667,-1.064701954930e-02
4.0972222222,6.0416666667,-1.252703655790e-02
4.1666666667,6.0416666667,-1.466095577490e-02
4.2361111111,6.0416666667,-1.705312971190e-02
4.3055555556,6.0416666667,-1.970392545910e-02
4.3750000000,6.0416666667,-2.260696786210e-02
4.4444444444,6.0416666667,-2.574167152710e-02
4.5138888889,6.0416666667,-2.906203222290e-02
4.5833333333,6.0416666667,-3.248483326820e-02
4.6527777778,6.0416666667,-3.588187706770e-02
4.7222222222,6.0416666667,-3.908106620700e-02
4.7916666667,6.0416666667,-4.187955405300e-02
4.8611111111,6.0416666667,-4.406865528900e-02
4.9305555556,6.0416666667,-4.546588555800e-02
5.0000000000,6.0416666667,-4.594641987200e-02
5.0694444444,6.0416666667,-4.546588561400e-02
5.1388888889,6.0416666667,-4.406865538000e-02
5.2083333333,6.0416666667,-4.187955420100e-02
5.2777777778,6.0416666667,-3.908106639330e-02
5.3472222222,6.0416666667,-3.588187730620e-02
5.4166666667,6.0416666667,-3.248483354700e-02
5.4861111111,6.0416666667,-2.906203254230e-02
5.5555555556,6.0416666667,-2.574167187030e-02
5.6250000000,6.0416666667,-2.260696820090e-02
5.6944444444,6.0416666667,-1.970392576320e-02
5.7638888889,6.0416666667,-1.705312995420e-02
5.8333333333,6.0416666667,-1.466095593820e-02
5.9027777778,6.0416666667,-1.252703664540e-02
5.9722222222,6.0416666667,-1.064701957310e-02
6.0416666667,6.0416666667,-9.011875825700e-03
6.1111111111,6.0416666667,-7.606318236000e-03
6.1805555556,6.0416666667,-6.408592739100e-03
6.2500000000,6.0416666667,-5.392429062400e-03
6.3194444444,6.0416666667,-4.530425389100e-03
6.3888888889,6.0416666667,-3.797469220600e-03
6.4583333333,6.0416666667,-3.172998345300e-03
6.5277777778,6.0416666667,-2.641547012700e-03
6.5972222222,6.0416666667,-2.191743151440e-03
6.6666666667,6.0416666667,-1.814496279440e-03
6.7361111111,6.0416666667,-1.501308375710e-03
6.8055555556,6.0416666667,-1.243351429630e-03
6.8750000000,6.0416666667,-1.031427817230e-03
6.9444444444,6.0416666667,-8.565513372700e-04
7.0138888889,6.0416666667,-7.107811936500e-04
7.0833333333,6.0416666667,-5.879421133200e-04
7.1527777778,6.0416666667,-4.838852870600e-04
7.2222222222,6.0416666667,-3.961220669600e-04
7.2916666667,6.0416666667,-3.230300420600e-04
7.3611111111,6.0416666667,-2.631025154300e-04
7.4305555556,6.0416666667,-2.145985911250e-04
7.5000000000,6.0416666667,-1.755799910690e-04
7.5694444444,6.0416666667,-1.440979831660e-04
7.6388888889,6.0416666667,-1.183768032960e-04
7.7083333333,6.0416666667,-9.698628217300e-05
7.7777777778,6.0416666667,-7.897512409500e-05
7.8472222222,6.0416666667,-6.385373205500e-05
7.9166666667,6.0416666667,-5.138858347300e-05
7.9861111111,6.0416666667,-4.135015617200e-05
8.0555555556,6.0416666667,-3.339784616540e-05
8.1250000000,6.0416666667,-2.712679683840e-05
8.1944444444,6.0416666667,-2.215475247690e-05
8.2638888889,6.0416666667,-1.815831034130e-05
8.3333333333,6.0416666667,-1.487975084070e-05
8.4027777778,6.0416666667,-1.214442715720e-05
8.4722222222,6.0416666667,-9.865759902100e-06
8.5416666667,6.0416666667,-8.004632922800e-06
8.6111111111,6.0416666667,-6.513445497900e-06
8.6805555556,6.0416666667,-5.321053567500e-06
8.7500000000,6.0416666667,-4.357919671600e-06
8.8194444444,6.0416666667,-3.572648371290e-06
8.8888888889,6.0416666667,-2.922301396150e-06
8.9583333333,6.0416666667,-2.367986170260e-06
9.0277777778,6.0416666667,-1.892094103990e-06
9.0972222222,6.0416666667,-1.506531157930e-06
9.1666666667,6.0416666667,-1.227102854268e-06
9.2361111111,6.0416666667,-1.041398358490e-06
9.3055555556,6.0416666667,-9.115514084900e-07
9.3750000000,6.0416666667,-8.057502920800e-07
9.4444444444,6.0416666667,-7.157782641600e-07
9.5138888889,6.0416666667,-6.435216085400e-07
9.5833333333,6.0416666667,-5.830367679360e-07
9.6527777778,6.0416666667,-5.233997730780e-07
9.7222222222,6.0416666667,-4.626529000780e-07
9.7916666667,6.0416666667,-4.100862518640e-07
9.8611111111,6.0416666667,-3.749795459280e-07
9.9305555556,6.0416666667,-3.578441254040e-07
0.0000000000,6.1111111111,-3.422045289110e-07
0.0694444444,6.1111111111,-3.477907745150e-07
0.1388888889,6.1111111111,-3.646970347580e-07
0.2083333333,6.1111111111,-3.942423836990e-07
0.2777777778,6.1111111111,-4.378722329610e-07
0.3472222222,6.1111111111,-4.927297765720e-07
0.4166666667,6.1111111111,-5.521221835330e-07
0.4861111111,6.1111111111,-6.138986997800e-07
0.5555555556,6.1111111111,-6.841315715700e-07
0.6250000000,6.1111111111,-7.682814772400e-07
0.6944444444,6.1111111111,-8.655832732200e-07
0.7638888889,6.1111111111,-9.826481360280e-07
0.8333333333,6.1111111111,-1.149457083355e-06
0.9027777778,6.1111111111,-1.407097320813e-06
0.9722222222,6.1111111111,-1.774136756450e-06
1.0416666667,6.1111111111,-2.235508684590e-06
1.1111111111,6.1111111111,-2.772154615320e-06
1.1805555556,6.1111111111,-3.394183360660e-06
1.2500000000,6.1111111111,-4.139146907700e-06
1.3194444444,6.1111111111,-5.051333746500e-06
1.3888888889,6.1111111111,-6.180276572200e-06
1.4583333333,6.1111111111,-7.593171240400e-06
1.5277777778,6.1111111111,-9.364435264800e-06
1.5972222222,6.1111111111,-1.154579652350e-05
1.6666666667,6.1111111111,-1.416768742070e-05
1.7361111111,6.1111111111,-1.729150939430e-05
1.8055555556,6.1111111111,-2.106333694970e-05
1.8750000000,6.1111111111,-2.572060261310e-05
1.9444444444,6.1111111111,-3.156977660650e-05
2.0138888889,6.1111111111,-3.897198065900e-05
2.0833333333,6.1111111111,-4.831726366700e-05
2.1527777778,6.1111111111,-5.995322954400e-05
2.2222222222,6.1111111111,-7.412220569500e-05
2.2916666667,6.1111111111,-9.102626114000e-05
2.3611111111,6.1111111111,-1.110448409720e-04
2.4305555556,6.1111111111,-1.349644305930e-04
2.5000000000,6.1111111111,-1.640566991620e-04
2.5694444444,6.1111111111,-1.999871330110e-04
2.6388888889,6.1111111111,-2.446495207550e-04
2.7083333333,6.1111111111,-2.999836592300e-04
2.7777777778,6.1111111111,-3.677830765700e-04
2.8472222222,6.1111111111,-4.495888080500e-04
2.9166666667,6.1111111111,-5.468770839100e-04
2.9861111111,6.1111111111,-6.616421113400e-04
3.0555555556,6.1111111111,-7.971648884700e-04
3.1250000000,6.1111111111,-9.585520190700e-04
3.1944444444,6.1111111111,-1.152743633660e-03
3.2638888889,6.1111111111,-1.388004710070e-03
3.3333333333,6.1111111111,-1.673167339690e-03
3.4027777778,6.1111111111,-2.016987151810e-03
3.4722222222,6.1111111111,-2.427967378740e-03
3.5416666667,6.1111111111,-2.914884495300e-03
3.6111111111,6.1111111111,-3.487965331900e-03
3.6805555556,6.1111111111,-4.160298901200e-03
3.7500000000,6.1111111111,-4.948836705200e-03
3.8194444444,6.1111111111,-5.874378006900e-03
3.8888888889,6.1111111111,-6.960210498400e-03
3.9583333333,6.1111111111,-8.229513410400e-03
4.0277777778,6.1111111111,-9.702177765500e-03
4.0972222222,6.1111111111,-1.139211631660e-02
4.1666666667,6.1111111111,-1.330596519470e-02
4.2361111111,6.1111111111,-1.544311528540e-02
4.3055555556,6.1111111111,-1.779577915860e-02
4.3750000000,6.1111111111,-2.034728376230e-02
4.4444444444,6.1111111111,-2.306753810980e-02
4.5138888889,6.1111111111,-2.590627915850e-02
4.5833333333,6.1111111111,-2.878633635300e-02
4.6527777778,6.1111111111,-3.160005136390e-02
4.7222222222,6.1111111111,-3.421183119170e-02
4.7916666667,6.1111111111,-3.646851321760e-02
4.8611111111,6.1111111111,-3.821695019280e-02
4.9305555556,6.1111111111,-3.932567251590e-02
5.0000000000,6.1111111111,-3.970573274530e-02
5.0694444444,6.1111111111,-3.932567256260e-02
5.1388888889,6.1111111111,-3.821695028750e-02
5.2083333333,6.1111111111,-3.646851334990e-02
5.2777777778,6.1111111111,-3.421183137320e-02
5.3472222222,6.1111111111,-3.160005158240e-02
5.4166666667,6.1111111111,-2.878633661010e-02
5.4861111111,6.1111111111,-2.590627944370e-02
5.5555555556,6.1111111111,-2.306753840730e-02
5.6250000000,6.1111111111,-2.034728404720e-02
5.6944444444,6.1111111111,-1.779577940380e-02
5.7638888889,6.1111111111,-1.544311547080e-02
5.8333333333,6.1111111111,-1.330596531130e-02
5.9027777778,6.1111111111,-1.139211637030e-02
5.9722222222,6.1111111111,-9.702177769700e-03
6.0416666667,6.1111111111,-8.229513383900e-03
6.1111111111,6.1111111111,-6.960210458300e-03
6.1805555556,6.1111111111,-5.874377962600e-03
6.2500000000,6.1111111111,-4.948836660900e-03
6.3194444444,6.1111111111,-4.160298857500e-03
6.3888888889,6.1111111111,-3.487965287700e-03
6.4583333333,6.1111111111,-2.914884450700e-03
6.5277777778,6.1111111111,-2.427967335870e-03
6.5972222222,6.1111111111,-2.016987114040e-03
6.6666666667,6.1111111111,-1.673167309400e-03
6.7361111111,6.1111111111,-1.388004687920e-03
6.8055555556,6.1111111111,-1.152743617630e-03
6.8750000000,6.1111111111,-9.585520058600e-04
6.9444444444,6.1111111111,-7.971648746900e-04
7.0138888889,6.1111111111,-6.616420953100e-04
7.0833333333,6.1111111111,-5.468770664300e-04
7.1527777778,6.1111111111,-4.495887915200e-04
7.2222222222,6.1111111111,-3.677830637300e-04
7.2916666667,6.1111111111,-2.999836516700e-04
7.3611111111,6.1111111111,-2.446495180510e-04
7.4305555556,6.1111111111,-1.999871329690e-04
7.5000000000,6.1111111111,-1.640566988290e-04
7.5694444444,6.1111111111,-1.349644277130e-04
7.6388888889,6.1111111111,-1.110448350180e-04
7.7083333333,6.1111111111,-9.102625343700e-05
7.7777777778,6.1111111111,-7.412219865700e-05
7.8472222222,6.1111111111,-5.995322540100e-05
7.9166666667,6.1111111111,-4.831726335300e-05
7.9861111111,6.1111111111,-3.897198336200e-05
8.0555555556,6.1111111111,-3.156978020810e-05
8.1250000000,6.1111111111,-2.572060474130e-05
8.1944444444,6.1111111111,-2.106333614140e-05
8.2638888889,6.1111111111,-1.729150577490e-05
8.3333333333,6.1111111111,-1.416768258050e-05
8.4027777778,6.1111111111,-1.154579267810e-05
8.4722222222,6.1111111111,-9.364434133600e-06
8.5416666667,6.1111111111,-7.593173204200e-06
8.6111111111,6.1111111111,-6.180280513000e-06
8.6805555556,6.1111111111,-5.051337626800e-06
8.7500000000,6.1111111111,-4.139148790900e-06
8.8194444444,6.1111111111,-3.394182360650e-06
8.8888888889,6.1111111111,-2.772151311120e-06
8.9583333333,6.1111111111,-2.235504800690e-06
9.0277777778,6.1111111111,-1.774134285370e-06
9.0972222222,6.1111111111,-1.407097528471e-06
9.1666666667,6.1111111111,-1.149459891222e-06
9.2361111111,6.1111111111,-9.826521778690e-07
9.3055555556,6.1111111111,-8.655865862600e-07
9.3750000000,6.1111111111,-7.682824806900e-07
9.4444444444,6.1111111111,-6.841298457300e-07
9.5138888889,6.1111111111,-6.138951834700e-07
9.5833333333,6.1111111111,-5.521186957490e-07
9.6527777778,6.1111111111,-4.927281046340e-07
9.7222222222,6.1111111111,-4.378732424550e-07
9.7916666667,6.1111111111,-3.942455920220e-07
9.8611111111,6.1111111111,-3.647008570470e-07
9.9305555556,6.1111111111,-3.477933160770e-07
0.0000000000,6.1805555556,-3.337907195020e-07
0.0694444444,6.1805555556,-3.382212678180e-07
0.1388888889,6.1805555556,-3.496398921750e-07
0.2083333333,6.1805555556,-3.676443637760e-07
0.2777777778,6.1805555556,-3.981780979370e-07
0.3472222222,6.1805555556,-4.462917144700e-07
0.4166666667,6.1805555556,-5.077323177700e-07
0.4861111111,6.1805555556,-5.746546263300e-07
0.5555555556,6.1805555556,-6.465423337100e-07
0.6250000000,6.1805555556,-7.280704239000e-07
0.6944444444,6.1805555556,-8.207023566300e-07
0.7638888889,6.1805555556,-9.297698519280e-07
0.8333333333,6.1805555556,-1.081238269709e-06
0.9027777778,6.1805555556,-1.316351776638e-06
0.9722222222,6.1805555556,-1.659453659230e-06
1.0416666667,6.1805555556,-2.099302803370e-06
1.1111111111,6.1805555556,-2.612829744980e-06
1.1805555556,6.1805555556,-3.202679066060e-06
1.2500000000,6.1805555556,-3.903270981800e-06
1.3194444444,6.1805555556,-4.760053875400e-06
1.3888888889,6.1805555556,-5.822437800500e-06
1.4583333333,6.1805555556,-7.156203271800e-06
1.5277777778,6.1805555556,-8.838434396000e-06
1.5972222222,6.1805555556,-1.092556808630e-05
1.6666666667,6.1805555556,-1.344207394950e-05
1.7361111111,6.1805555556,-1.642510300610e-05
1.8055555556,6.1805555556,-1.998794464610e-05
1.8750000000,6.1805555556,-2.434173501320e-05
1.9444444444,6.1805555556,-2.977406376560e-05
2.0138888889,6.1805555556,-3.662616642000e-05
2.0833333333,6.1805555556,-4.527152545500e-05
2.1527777778,6.1805555556,-5.606084550500e-05
2.2222222222,6.1805555556,-6.925480065200e-05
2.2916666667,6.1805555556,-8.504565937800e-05
2.3611111111,6.1805555556,-1.037270337930e-04
2.4305555556,6.1805555556,-1.259240149200e-04
2.5000000000,6.1805555556,-1.527245272170e-04
2.5694444444,6.1805555556,-1.856449401440e-04
2.6388888889,6.1805555556,-2.264880456440e-04
2.7083333333,6.1805555556,-2.771633612300e-04
2.7777777778,6.1805555556,-3.394929718100e-04
2.8472222222,6.1805555556,-4.150651534200e-04
2.9166666667,6.1805555556,-5.052970306200e-04
2.9861111111,6.1805555556,-6.118406546200e-04
3.0555555556,6.1805555556,-7.372484550100e-04
3.1250000000,6.1805555556,-8.855877907100e-04
3.1944444444,6.1805555556,-1.062679244760e-03
3.2638888889,6.1805555556,-1.275836998500e-03
3.3333333333,6.1805555556,-1.533247986570e-03
3.4027777778,6.1805555556,-1.843303174690e-03
3.4722222222,6.1805555556,-2.214241735530e-03
3.5416666667,6.1805555556,-2.654359793290e-03
3.6111111111,6.1805555556,-3.172775746200e-03
3.6805555556,6.1805555556,-3.780453749200e-03
3.7500000000,6.1805555556,-4.491036910500e-03
3.8194444444,6.1805555556,-5.321075356800e-03
3.8888888889,6.1805555556,-6.289354594800e-03
3.9583333333,6.1805555556,-7.415199807200e-03
4.0277777778,6.1805555556,-8.715941054100e-03
4.0972222222,6.1805555556,-1.020413887470e-02
4.1666666667,6.1805555556,-1.188535018490e-02
4.2361111111,6.1805555556,-1.375681682090e-02
4.3055555556,6.1805555556,-1.580664575560e-02
4.3750000000,6.1805555556,-1.801250163340e-02
4.4444444444,6.1805555556,-2.033912112740e-02
4.5138888889,6.1805555556,-2.273497529310e-02
4.5833333333,6.1805555556,-2.512947951670e-02
4.6527777778,6.1805555556,-2.743264038670e-02
4.7222222222,6.1805555556,-2.953870642350e-02
4.7916666667,6.1805555556,-3.133438167390e-02
4.8611111111,6.1805555556,-3.271078643990e-02
4.9305555556,6.1805555556,-3.357706914860e-02
5.0000000000,6.1805555556,-3.387288080940e-02
5.0694444444,6.1805555556,-3.357706918950e-02
5.1388888889,6.1805555556,-3.271078652060e-02
5.2083333333,6.1805555556,-3.133438179330e-02
5.2777777778,6.1805555556,-2.953870658140e-02
5.3472222222,6.1805555556,-2.743264057930e-02
5.4166666667,6.1805555556,-2.512947973610e-02
5.4861111111,6.1805555556,-2.273497553060e-02
5.5555555556,6.1805555556,-2.033912136640e-02
5.6250000000,6.1805555556,-1.801250185420e-02
5.6944444444,6.1805555556,-1.580664593840e-02
5.7638888889,6.1805555556,-1.375681695080e-02
5.8333333333,6.1805555556,-1.188535026010e-02
5.9027777778,6.1805555556,-1.020413890010e-02
5.9722222222,6.1805555556,-8.715941041700e-03
6.0416666667,6.1805555556,-7.415199773000e-03
6.1111111111,6.1805555556,-6.289354550000e-03
6.1805555556,6.1805555556,-5.321075311300e-03
6.2500000000,6.1805555556,-4.491036866900e-03
6.3194444444,6.1805555556,-3.780453707700e-03
6.3888888889,6.1805555556,-3.172775705900e-03
6.4583333333,6.1805555556,-2.654359754030e-03
6.5277777778,6.1805555556,-2.214241698400e-03
6.5972222222,6.1805555556,-1.843303141700e-03
6.6666666667,6.1805555556,-1.533247959370e-03
6.7361111111,6.1805555556,-1.275836977210e-03
6.8055555556,6.1805555556,-1.062679228170e-03
6.8750000000,6.1805555556,-8.855877765200e-04
6.9444444444,6.1805555556,-7.372484411600e-04
7.0138888889,6.1805555556,-6.118406400100e-04
7.0833333333,6.1805555556,-5.052970157300e-04
7.1527777778,6.1805555556,-4.150651397400e-04
7.2222222222,6.1805555556,-3.394929610400e-04
7.2916666667,6.1805555556,-2.771633543000e-04
7.3611111111,6.1805555556,-2.264880421700e-04
7.4305555556,6.1805555556,-1.856449385850e-04
7.5000000000,6.1805555556,-1.527245256070e-04
7.5694444444,6.1805555556,-1.259240117860e-04
7.6388888889,6.1805555556,-1.037270288150e-04
7.7083333333,6.1805555556,-8.504565345600e-05
7.7777777778,6.1805555556,-6.925479537500e-05
7.8472222222,6.1805555556,-5.606084230800e-05
7.9166666667,6.1805555556,-4.527152489500e-05
7.9861111111,6.1805555556,-3.662616791100e-05
8.0555555556,6.1805555556,-2.977406586650e-05
8.1250000000,6.1805555556,-2.434173614950e-05
8.1944444444,6.1805555556,-1.998794386740e-05
8.2638888889,6.1805555556,-1.642510042410e-05
8.3333333333,6.1805555556,-1.344207063290e-05
8.4027777778,6.1805555556,-1.092556549880e-05
8.4722222222,6.1805555556,-8.838433651600e-06
8.5416666667,6.1805555556,-7.156204593100e-06
8.6111111111,6.1805555556,-5.822440423900e-06
8.6805555556,6.1805555556,-4.760056444100e-06
8.7500000000,6.1805555556,-3.903272221100e-06
8.8194444444,6.1805555556,-3.202678405600e-06
8.8888888889,6.1805555556,-2.612827582480e-06
8.9583333333,6.1805555556,-2.099300284660e-06
9.0277777778,6.1805555556,-1.659452095020e-06
9.0972222222,6.1805555556,-1.316351989466e-06
9.1666666667,6.1805555556,-1.081240193176e-06
9.2361111111,6.1805555556,-9.297725748000e-07
9.3055555556,6.1805555556,-8.207045822000e-07
9.3750000000,6.1805555556,-7.280711145400e-07
9.4444444444,6.1805555556,-6.465412207100e-07
9.5138888889,6.1805555556,-5.746523353400e-07
9.5833333333,6.1805555556,-5.077300500690e-07
9.6527777778,6.1805555556,-4.462906457920e-07
9.7222222222,6.1805555556,-3.981787942490e-07
9.7916666667,6.1805555556,-3.676465030850e-07
9.8611111111,6.1805555556,-3.496424280040e-07
9.9305555556,6.1805555556,-3.382229511210e-07
0.0000000000,6.2500000000,-3.266271195010e-07
0.0694444444,6.2500000000,-3.291599931750e-07
0.1388888889,6.2500000000,-3.334907942460e-07
0.2083333333,6.2500000000,-3.385511524630e-07
0.2777777778,6.2500000000,-3.550865858566e-07
0.3472222222,6.2500000000,-3.957862051180e-07
0.4166666667,6.2500000000,-4.589226278610e-07
0.4861111111,6.2500000000,-5.314045468440e-07
0.5555555556,6.2500000000,-6.062464741300e-07
0.6250000000,6.2500000000,-6.872306123000e-07
0.6944444444,6.2500000000,-7.783568020100e-07
0.7638888889,6.2500000000,-8.838272022560e-07
0.8333333333,6.2500000000,-1.024091355842e-06
0.9027777778,6.2500000000,-1.237723718676e-06
0.9722222222,6.2500000000,-1.553522205900e-06
1.0416666667,6.2500000000,-1.966085272680e-06
1.1111111111,6.2500000000,-2.451574672310e-06
1.1805555556,6.2500000000,-3.006144776990e-06
1.2500000000,6.2500000000,-3.659608874500e-06
1.3194444444,6.2500000000,-4.457518145300e-06
1.3888888889,6.2500000000,-5.449640540300e-06
1.4583333333,6.2500000000,-6.700292104900e-06
1.5277777778,6.2500000000,-8.287859414900e-06
1.5972222222,6.2500000000,-1.027392651220e-05
1.6666666667,6.2500000000,-1.268141561620e-05
1.7361111111,6.2500000000,-1.552766012110e-05
1.8055555556,6.2500000000,-1.889162859070e-05
1.8750000000,6.2500000000,-2.295150892140e-05
1.9444444444,6.2500000000,-2.797164679800e-05
2.0138888889,6.2500000000,-3.427469070800e-05
2.0833333333,6.2500000000,-4.221910771400e-05
2.1527777778,6.2500000000,-5.215655189500e-05
2.2222222222,6.2500000000,-6.436792043300e-05
2.2916666667,6.2500000000,-7.905238091200e-05
2.3611111111,6.2500000000,-9.644411008200e-05
2.4305555556,6.2500000000,-1.170205626130e-04
2.5000000000,6.2500000000,-1.416703570130e-04
2.5694444444,6.2500000000,-1.717228237750e-04
2.6388888889,6.2500000000,-2.088485158670e-04
2.7083333333,6.2500000000,-2.548903327480e-04
2.7777777778,6.2500000000,-3.116675442900e-04
2.8472222222,6.2500000000,-3.808074094700e-04
2.9166666667,6.2500000000,-4.637232877700e-04
2.9861111111,6.2500000000,-5.618646749200e-04
3.0555555556,6.2500000000,-6.772341198100e-04
3.1250000000,6.2500000000,-8.129799603100e-04
3.1944444444,6.2500000000,-9.737871379100e-04
3.2638888889,6.2500000000,-1.165866068960e-03
3.3333333333,6.2500000000,-1.396530301840e-03
3.4027777778,6.2500000000,-1.673566714710e-03
3.4722222222,6.2500000000,-2.004738622050e-03
3.5416666667,6.2500000000,-2.397721311570e-03
3.6111111111,6.2500000000,-2.860533445650e-03
3.6805555556,6.2500000000,-3.402243829500e-03
3.7500000000,6.2500000000,-4.033605588300e-03
3.8194444444,6.2500000000,-4.767335218300e-03
3.8888888889,6.2500000000,-5.617854096200e-03
3.9583333333,6.2500000000,-6.600339022300e-03
4.0277777778,6.2500000000,-7.728999491000e-03
4.0972222222,6.2500000000,-9.014749853700e-03
4.1666666667,6.2500000000,-1.046274120730e-02
4.2361111111,6.2500000000,-1.207023747350e-02
4.3055555556,6.2500000000,-1.382496790710e-02
4.3750000000,6.2500000000,-1.570370094100e-02
4.4444444444,6.2500000000,-1.767079892850e-02
4.5138888889,6.2500000000,-1.967698711910e-02
4.5833333333,6.2500000000,-2.165911580030e-02
4.6527777778,6.2500000000,-2.354186175080e-02
4.7222222222,6.2500000000,-2.524195289620e-02
4.7916666667,6.2500000000,-2.667478374630e-02
4.8611111111,6.2500000000,-2.776253863770e-02
4.9305555556,6.2500000000,-2.844245394030e-02
5.0000000000,6.2500000000,-2.867379554440e-02
5.0694444444,6.2500000000,-2.844245397720e-02
5.1388888889,6.2500000000,-2.776253871010e-02
5.2083333333,6.2500000000,-2.667478385050e-02
5.2777777778,6.2500000000,-2.524195303150e-02
5.3472222222,6.2500000000,-2.354186191160e-02
5.4166666667,6.2500000000,-2.165911597840e-02
5.4861111111,6.2500000000,-1.967698730550e-02
5.5555555556,6.2500000000,-1.767079910760e-02
5.6250000000,6.2500000000,-1.570370109830e-02
5.6944444444,6.2500000000,-1.382496803010e-02
5.7638888889,6.2500000000,-1.207023755440e-02
5.8333333333,6.2500000000,-1.046274124530e-02
5.9027777778,6.2500000000,-9.014749853800e-03
5.9722222222,6.2500000000,-7.728999467200e-03
6.0416666667,6.2500000000,-6.600338982800e-03
6.1111111111,6.2500000000,-5.617854051900e-03
6.1805555556,6.2500000000,-4.767335174100e-03
6.2500000000,6.2500000000,-4.033605547100e-03
6.3194444444,6.2500000000,-3.402243791300e-03
6.3888888889,6.2500000000,-2.860533409850e-03
6.4583333333,6.2500000000,-2.397721277480e-03
6.5277777778,6.2500000000,-2.004738590120e-03
6.5972222222,6.2500000000,-1.673566685900e-03
6.6666666667,6.2500000000,-1.396530277180e-03
6.7361111111,6.2500000000,-1.165866048610e-03
6.8055555556,6.2500000000,-9.737871210800e-04
6.8750000000,6.2500000000,-8.129799457700e-04
6.9444444444,6.2500000000,-6.772341063500e-04
7.0138888889,6.2500000000,-5.618646618500e-04
7.0833333333,6.2500000000,-4.637232752400e-04
7.1527777778,6.2500000000,-3.808073982400e-04
7.2222222222,6.2500000000,-3.116675352200e-04
7.2916666667,6.2500000000,-2.548903263010e-04
7.3611111111,6.2500000000,-2.088485117330e-04
7.4305555556,6.2500000000,-1.717228210220e-04
7.5000000000,6.2500000000,-1.416703544450e-04
7.5694444444,6.2500000000,-1.170205593710e-04
7.6388888889,6.2500000000,-9.644410599400e-05
7.7083333333,6.2500000000,-7.905237649900e-05
7.7777777778,6.2500000000,-6.436791660000e-05
7.8472222222,6.2500000000,-5.215654944000e-05
7.9166666667,6.2500000000,-4.221910691800e-05
7.9861111111,6.2500000000,-3.427469119000e-05
8.0555555556,6.2500000000,-2.797164768600e-05
8.1250000000,6.2500000000,-2.295150928690e-05
8.1944444444,6.2500000000,-1.889162788580e-05
8.2638888889,6.2500000000,-1.552765842430e-05
8.3333333333,6.2500000000,-1.268141355880e-05
8.4027777778,6.2500000000,-1.027392494000e-05
8.4722222222,6.2500000000,-8.287858961800e-06
8.5416666667,6.2500000000,-6.700292880400e-06
8.6111111111,6.2500000000,-5.449642082500e-06
8.6805555556,6.2500000000,-4.457519655000e-06
8.7500000000,6.2500000000,-3.659609610300e-06
8.8194444444,6.2500000000,-3.006144414770e-06
8.8888888889,6.2500000000,-2.451573452180e-06
8.9583333333,6.2500000000,-1.966083864790e-06
9.0277777778,6.2500000000,-1.553521368560e-06
9.0972222222,6.2500000000,-1.237723920829e-06
9.1666666667,6.2500000000,-1.024092549062e-06
9.2361111111,6.2500000000,-8.838288502590e-07
9.3055555556,6.2500000000,-7.783581496100e-07
9.3750000000,6.2500000000,-6.872310594500e-07
9.4444444444,6.2500000000,-6.062458695600e-07
9.5138888889,6.2500000000,-5.314032575790e-07
9.5833333333,6.2500000000,-4.589213518980e-07
9.6527777778,6.2500000000,-3.957856226364e-07
9.7222222222,6.2500000000,-3.550870221587e-07
9.7916666667,6.2500000000,-3.385524184090e-07
9.8611111111,6.2500000000,-3.334922818430e-07
9.9305555556,6.2500000000,-3.291609778600e-07
0.0000000000,6.3194444444,-3.209871126490e-07
0.0694444444,6.3194444444,-3.224073378200e-07
0.1388888889,6.3194444444,-3.219902630180e-07
0.2083333333,6.3194444444,-3.172131448760e-07
0.2777777778,6.3194444444,-3.215265778050e-07
0.3472222222,6.3194444444,-3.535066426766e-07
0.4166666667,6.3194444444,-4.146956377690e-07
0.4861111111,6.3194444444,-4.894472989170e-07
0.5555555556,6.3194444444,-5.661526337300e-07
0.6250000000,6.3194444444,-6.474025279200e-07
0.6944444444,6.3194444444,-7.388417332900e-07
0.7638888889,6.3194444444,-8.434865503130e-07
0.8333333333,6.3194444444,-9.760368066760e-07
0.9027777778,6.3194444444,-1.170690121801e-06
0.9722222222,6.3194444444,-1.458854537107e-06
1.0416666667,6.3194444444,-1.841408081910e-06
1.1111111111,6.3194444444,-2.296113499880e-06
1.1805555556,6.3194444444,-2.813983074810e-06
1.2500000000,6.3194444444,-3.419258682980e-06
1.3194444444,6.3194444444,-4.156225677400e-06
1.3888888889,6.3194444444,-5.074678903500e-06
1.4583333333,6.3194444444,-6.236686876700e-06
1.5277777778,6.3194444444,-7.719767048300e-06
1.5972222222,6.3194444444,-9.590331757100e-06
1.6666666667,6.3194444444,-1.187488281220e-05
1.7361111111,6.3194444444,-1.457856295940e-05
1.8055555556,6.3194444444,-1.774825935190e-05
1.8750000000,6.3194444444,-2.152338377530e-05
1.9444444444,6.3194444444,-2.613804001940e-05
2.0138888889,6.3194444444,-3.189539913000e-05
2.0833333333,6.3194444444,-3.914182345900e-05
2.1527777778,6.3194444444,-4.822990004900e-05
2.2222222222,6.3194444444,-5.946034622000e-05
2.2916666667,6.3194444444,-7.305027308000e-05
2.3611111111,6.3194444444,-8.920017206400e-05
2.4305555556,6.3194444444,-1.082634345170e-04
2.5000000000,6.3194444444,-1.309280827260e-04
2.5694444444,6.3194444444,-1.583060394080e-04
2.6388888889,6.3194444444,-1.918926544290e-04
2.7083333333,6.3194444444,-2.334242354140e-04
2.7777777778,6.3194444444,-2.846829865090e-04
2.8472222222,6.3194444444,-3.473142008100e-04
2.9166666667,6.3194444444,-4.227518746900e-04
2.9861111111,6.3194444444,-5.123500729100e-04
3.0555555556,6.3194444444,-6.177440460700e-04
3.1250000000,6.3194444444,-7.413465307400e-04
3.1944444444,6.3194444444,-8.867922738800e-04
3.2638888889,6.3194444444,-1.059127223900e-03
3.3333333333,6.3194444444,-1.264620682670e-03
3.4027777778,6.3194444444,-1.510258068150e-03
3.4722222222,6.3194444444,-1.803174044360e-03
3.5416666667,6.3194444444,-2.150354189320e-03
3.6111111111,6.3194444444,-2.558769303720e-03
3.6805555556,6.3194444444,-3.035820516370e-03
3.7500000000,6.3194444444,-3.589806623680e-03
3.8194444444,6.3194444444,-4.230180406400e-03
3.8888888889,6.3194444444,-4.967489095200e-03
3.9583333333,6.3194444444,-5.812910846100e-03
4.0277777778,6.3194444444,-6.777240625400e-03
4.0972222222,6.3194444444,-7.869238290800e-03
4.1666666667,6.3194444444,-9.093480377200e-03
4.2361111111,6.3194444444,-1.044806372490e-02
4.3055555556,6.3194444444,-1.192250640940e-02
4.3750000000,6.3194444444,-1.349604866830e-02
4.4444444444,6.3194444444,-1.513650795330e-02
4.5138888889,6.3194444444,-1.679997994830e-02
4.5833333333,6.3194444444,-1.843182865030e-02
4.6527777778,6.3194444444,-1.996933063170e-02
4.7222222222,6.3194444444,-2.134597013520e-02
4.7916666667,6.3194444444,-2.249689023420e-02
4.8611111111,6.3194444444,-2.336464403970e-02
4.9305555556,6.3194444444,-2.390433415250e-02
5.0000000000,6.3194444444,-2.408747986620e-02
5.0694444444,6.3194444444,-2.390433418630e-02
5.1388888889,6.3194444444,-2.336464410490e-02
5.2083333333,6.3194444444,-2.249689032590e-02
5.2777777778,6.3194444444,-2.134597024940e-02
5.3472222222,6.3194444444,-1.996933076070e-02
5.4166666667,6.3194444444,-1.843182878760e-02
5.4861111111,6.3194444444,-1.679998008480e-02
5.5555555556,6.3194444444,-1.513650807820e-02
5.6250000000,6.3194444444,-1.349604877210e-02
5.6944444444,6.3194444444,-1.192250648460e-02
5.7638888889,6.3194444444,-1.044806376880e-02
5.8333333333,6.3194444444,-9.093480390000e-03
5.9027777778,6.3194444444,-7.869238277700e-03
5.9722222222,6.3194444444,-6.777240594400e-03
6.0416666667,6.3194444444,-5.812910806200e-03
6.1111111111,6.3194444444,-4.967489052400e-03
6.1805555556,6.3194444444,-4.230180365100e-03
6.2500000000,6.3194444444,-3.589806585870e-03
6.3194444444,6.3194444444,-3.035820482140e-03
6.3888888889,6.3194444444,-2.558769272270e-03
6.4583333333,6.3194444444,-2.150354159890e-03
6.5277777778,6.3194444444,-1.803174016920e-03
6.5972222222,6.3194444444,-1.510258042870e-03
6.6666666667,6.3194444444,-1.264620660250e-03
6.7361111111,6.3194444444,-1.059127204500e-03
6.8055555556,6.3194444444,-8.867922571900e-04
6.8750000000,6.3194444444,-7.413465163400e-04
6.9444444444,6.3194444444,-6.177440333100e-04
7.0138888889,6.3194444444,-5.123500613400e-04
7.0833333333,6.3194444444,-4.227518642100e-04
7.1527777778,6.3194444444,-3.473141916000e-04
7.2222222222,6.3194444444,-2.846829788280e-04
7.2916666667,6.3194444444,-2.334242293730e-04
7.3611111111,6.3194444444,-1.918926498350e-04
7.4305555556,6.3194444444,-1.583060357880e-04
7.5000000000,6.3194444444,-1.309280795090e-04
7.5694444444,6.3194444444,-1.082634313030e-04
7.6388888889,6.3194444444,-8.920016875600e-05
7.7083333333,6.3194444444,-7.305026988200e-05
7.7777777778,6.3194444444,-5.946034351100e-05
7.8472222222,6.3194444444,-4.822989815100e-05
7.9166666667,6.3194444444,-3.914182246600e-05
7.9861111111,6.3194444444,-3.189539883100e-05
8.0555555556,6.3194444444,-2.613803999130e-05
8.1250000000,6.3194444444,-2.152338358140e-05
8.1944444444,6.3194444444,-1.774825874170e-05
8.2638888889,6.3194444444,-1.457856197140e-05
8.3333333333,6.3194444444,-1.187488173140e-05
8.4027777778,6.3194444444,-9.590330958800e-06
8.4722222222,6.3194444444,-7.719766804700e-06
8.5416666667,6.3194444444,-6.236687221500e-06
8.6111111111,6.3194444444,-5.074679613600e-06
8.6805555556,6.3194444444,-4.156226383200e-06
8.7500000000,6.3194444444,-3.419259048000e-06
8.8194444444,6.3194444444,-2.813982956480e-06
8.8888888889,6.3194444444,-2.296113010850e-06
8.9583333333,6.3194444444,-1.841407524770e-06
9.0277777778,6.3194444444,-1.458854249004e-06
9.0972222222,6.3194444444,-1.170690306179e-06
9.1666666667,6.3194444444,-9.760374341880e-07
9.2361111111,6.3194444444,-8.434873747820e-07
9.3055555556,6.3194444444,-7.388424138000e-07
9.3750000000,6.3194444444,-6.474027965300e-07
9.4444444444,6.3194444444,-5.661524252800e-07
9.5138888889,6.3194444444,-4.894467798940e-07
9.5833333333,6.3194444444,-4.146951205870e-07
9.6527777778,6.3194444444,-3.535064297556e-07
9.7222222222,6.3194444444,-3.215268123158e-07
9.7916666667,6.3194444444,-3.172137406810e-07
9.8611111111,6.3194444444,-3.219909478650e-07
9.9305555556,6.3194444444,-3.224077878660e-07
0.0000000000,6.3888888889,-3.139142678100e-07
0.0694444444,6.3888888889,-3.157073821710e-07
0.1388888889,6.3888888889,-3.147586257840e-07
0.2083333333,6.3888888889,-3.055829532260e-07
0.2777777778,6.3888888889,-3.011766877623e-07
0.3472222222,6.3888888889,-3.234943556816e-07
0.4166666667,6.3888888889,-3.783135745670e-07
0.4861111111,6.3888888889,-4.511180317490e-07
0.5555555556,6.3888888889,-5.281559168700e-07
0.6250000000,6.3888888889,-6.100067635300e-07
0.6944444444,6.3888888889,-7.020733064900e-07
0.7638888889,6.3888888889,-8.061800610530e-07
0.8333333333,6.3888888889,-9.325782059720e-07
0.9027777778,6.3888888889,-1.111009598046e-06
0.9722222222,6.3888888889,-1.373739594361e-06
1.0416666667,6.3888888889,-1.727015481690e-06
1.1111111111,6.3888888889,-2.151322149000e-06
1.1805555556,6.3888888889,-2.633656823090e-06
1.2500000000,6.3888888889,-3.191919097440e-06
1.3194444444,6.3888888889,-3.867566161960e-06
1.3888888889,6.3888888889,-4.709789258200e-06
1.4583333333,6.3888888889,-5.777722333900e-06
1.5277777778,6.3888888889,-7.145722056100e-06
1.5972222222,6.3888888889,-8.883583200700e-06
1.6666666667,6.3888888889,-1.102548028390e-05
1.7361111111,6.3888888889,-1.357339122090e-05
1.8055555556,6.3888888889,-1.654827231120e-05
1.8750000000,6.3888888889,-2.004793864380e-05
1.9444444444,6.3888888889,-2.426840160280e-05
2.0138888889,6.3888888889,-2.948942361760e-05
2.0833333333,6.3888888889,-3.604699480600e-05
2.1527777778,6.3888888889,-4.429543411100e-05
2.2222222222,6.3888888889,-5.455316178400e-05
2.2916666667,6.3888888889,-6.706038245700e-05
2.3611111111,6.3888888889,-8.200621078900e-05
2.4305555556,6.3888888889,-9.965100057100e-05
2.5000000000,6.3888888889,-1.204978347190e-04
2.5694444444,6.3888888889,-1.454256288850e-04
2.6388888889,6.3888888889,-1.757156559800e-04
2.7083333333,6.3888888889,-2.129552123440e-04
2.7777777778,6.3888888889,-2.588538157120e-04
2.8472222222,6.3888888889,-3.150486659400e-04
2.9166666667,6.3888888889,-3.829953116100e-04
2.9861111111,6.3888888889,-4.640179967300e-04
3.0555555556,6.3888888889,-5.595381166400e-04
3.1250000000,6.3888888889,-6.714390901300e-04
3.1944444444,6.3888888889,-8.024735655900e-04
3.2638888889,6.3888888889,-9.565664770300e-04
3.3333333333,6.3888888889,-1.138848021390e-03
3.4027777778,6.3888888889,-1.355340424970e-03
3.4722222222,6.3888888889,-1.612425128930e-03
3.5416666667,6.3888888889,-1.916383909280e-03
3.6111111111,6.3888888889,-2.273262806170e-03
3.6805555556,6.3888888889,-2.689067341060e-03
3.7500000000,6.3888888889,-3.170082094450e-03
3.8194444444,6.3888888889,-3.723094915090e-03
3.8888888889,6.3888888889,-4.355428967800e-03
3.9583333333,6.3888888889,-5.074744625900e-03
4.0277777778,6.3888888889,-5.888505502000e-03
4.0972222222,6.3888888889,-6.802950255700e-03
4.1666666667,6.3888888889,-7.821512429600e-03
4.2361111111,6.3888888889,-8.942838507300e-03
4.3055555556,6.3888888889,-1.015871717090e-02
4.3750000000,6.3888888889,-1.145228653080e-02
4.4444444444,6.3888888889,-1.279689232140e-02
4.5138888889,6.3888888889,-1.415597555300e-02
4.5833333333,6.3888888889,-1.548431018590e-02
4.6527777778,6.3888888889,-1.673069745060e-02
4.7222222222,6.3888888889,-1.784186682190e-02
4.7916666667,6.3888888889,-1.876698081540e-02
4.8611111111,6.3888888889,-1.946197376410e-02
4.9305555556,6.3888888889,-1.989306915570e-02
5.0000000000,6.3888888889,-2.003915646180e-02
5.0694444444,6.3888888889,-1.989306918410e-02
5.1388888889,6.3888888889,-1.946197381850e-02
5.2083333333,6.3888888889,-1.876698089140e-02
5.2777777778,6.3888888889,-1.784186691270e-02
5.3472222222,6.3888888889,-1.673069754970e-02
5.4166666667,6.3888888889,-1.548431028490e-02
5.4861111111,6.3888888889,-1.415597564480e-02
5.5555555556,6.3888888889,-1.279689240200e-02
5.6250000000,6.3888888889,-1.145228659140e-02
5.6944444444,6.3888888889,-1.015871720880e-02
5.7638888889,6.3888888889,-8.942838522700e-03
5.8333333333,6.3888888889,-7.821512424100e-03
5.9027777778,6.3888888889,-6.802950234100e-03
5.9722222222,6.3888888889,-5.888505469200e-03
6.0416666667,6.3888888889,-5.074744587600e-03
6.1111111111,6.3888888889,-4.355428928600e-03
6.1805555556,6.3888888889,-3.723094878100e-03
6.2500000000,6.3888888889,-3.170082060910e-03
6.3194444444,6.3888888889,-2.689067310910e-03
6.3888888889,6.3888888889,-2.273262778730e-03
6.4583333333,6.3888888889,-1.916383883710e-03
6.5277777778,6.3888888889,-1.612425104880e-03
6.5972222222,6.3888888889,-1.355340402570e-03
6.6666666667,6.3888888889,-1.138848000920e-03
6.7361111111,6.3888888889,-9.565664587500e-04
6.8055555556,6.3888888889,-8.024735496100e-04
6.8750000000,6.3888888889,-6.714390763800e-04
6.9444444444,6.3888888889,-5.595381048200e-04
7.0138888889,6.3888888889,-4.640179865600e-04
7.0833333333,6.3888888889,-3.829953027900e-04
7.1527777778,6.3888888889,-3.150486582600e-04
7.2222222222,6.3888888889,-2.588538090810e-04
7.2916666667,6.3888888889,-2.129552066840e-04
7.3611111111,6.3888888889,-1.757156511950e-04
7.4305555556,6.3888888889,-1.454256248220e-04
7.5000000000,6.3888888889,-1.204978312220e-04
7.5694444444,6.3888888889,-9.965099749800e-05
7.6388888889,6.3888888889,-8.200620808000e-05
7.7083333333,6.3888888889,-6.706038011000e-05
7.7777777778,6.3888888889,-5.455315983600e-05
7.8472222222,6.3888888889,-4.429543259000e-05
7.9166666667,6.3888888889,-3.604699369400e-05
7.9861111111,6.3888888889,-2.948942282910e-05
8.0555555556,6.3888888889,-2.426840100720e-05
8.1250000000,6.3888888889,-2.004793811930e-05
8.1944444444,6.3888888889,-1.654827179280e-05
8.2638888889,6.3888888889,-1.357339071100e-05
8.3333333333,6.3888888889,-1.102547984300e-05
8.4027777778,6.3888888889,-8.883582902400e-06
8.4722222222,6.3888888889,-7.145721945600e-06
8.5416666667,6.3888888889,-5.777722401800e-06
8.6111111111,6.3888888889,-4.709789438800e-06
8.6805555556,6.3888888889,-3.867566361330e-06
8.7500000000,6.3888888889,-3.191919235970e-06
8.8194444444,6.3888888889,-2.633656870480e-06
8.8888888889,6.3888888889,-2.151322133270e-06
8.9583333333,6.3888888889,-1.727015469300e-06
9.0277777778,6.3888888889,-1.373739654330e-06
9.0972222222,6.3888888889,-1.111009767159e-06
9.1666666667,6.3888888889,-9.325784698770e-07
9.2361111111,6.3888888889,-8.061803603920e-07
9.3055555556,6.3888888889,-7.020735646000e-07
9.3750000000,6.3888888889,-6.100069229500e-07
9.4444444444,6.3888888889,-5.281559654710e-07
9.5138888889,6.3888888889,-4.511180066290e-07
9.5833333333,6.3888888889,-3.783135419440e-07
9.6527777778,6.3888888889,-3.234943778600e-07
9.7222222222,6.3888888889,-3.011767928333e-07
9.7916666667,6.3888888889,-3.055831213630e-07
9.8611111111,6.3888888889,-3.147587987580e-07
9.9305555556,6.3888888889,-3.157074914170e-07
0.0000000000,6.4583333333,-3.012585939300e-07
0.0694444444,6.4583333333,-3.042833669000e-07
0.1388888889,6.4583333333,-3.056458329520e-07
0.2083333333,6.4583333333,-2.965373585900e-07
0.2777777778,6.4583333333,-2.872843676571e-07
0.3472222222,6.4583333333,-3.008033246496e-07
0.4166666667,6.4583333333,-3.473671422630e-07
0.4861111111,6.4583333333,-4.163543257890e-07
0.5555555556,6.4583333333,-4.936610688200e-07
0.6250000000,6.4583333333,-5.765860075900e-07
0.6944444444,6.4583333333,-6.682047066600e-07
0.7638888889,6.4583333333,-7.695571831300e-07
0.8333333333,6.4583333333,-8.889660868530e-07
0.9027777778,6.4583333333,-1.053010735045e-06
0.9722222222,6.4583333333,-1.293526215067e-06
1.0416666667,6.4583333333,-1.620559825920e-06
1.1111111111,6.4583333333,-2.017547458430e-06
1.1805555556,6.4583333333,-2.468222687470e-06
1.2500000000,6.4583333333,-2.983213825370e-06
1.3194444444,6.4583333333,-3.599179197280e-06
1.3888888889,6.4583333333,-4.363939122600e-06
1.4583333333,6.4583333333,-5.333838092700e-06
1.5277777778,6.4583333333,-6.578694408100e-06
1.5972222222,6.4583333333,-8.169345972400e-06
1.6666666667,6.4583333333,-1.014914468520e-05
1.7361111111,6.4583333333,-1.252476264960e-05
1.8055555556,6.4583333333,-1.530016275650e-05
1.8750000000,6.4583333333,-1.853353566770e-05
1.9444444444,6.4583333333,-2.237708276710e-05
2.0138888889,6.4583333333,-2.708113899260e-05
2.0833333333,6.4583333333,-3.297002269910e-05
2.1527777778,6.4583333333,-4.039937602900e-05
2.2222222222,6.4583333333,-4.970147435000e-05
2.2916666667,6.4583333333,-6.113911041300e-05
2.3611111111,6.4583333333,-7.490616598000e-05
2.4305555556,6.4583333333,-9.120368878300e-05
2.5000000000,6.4583333333,-1.103811189680e-04
2.5694444444,6.4583333333,-1.330887867850e-04
2.6388888889,6.4583333333,-1.603666164770e-04
2.7083333333,6.4583333333,-1.936112090880e-04
2.7777777778,6.4583333333,-2.344220434520e-04
2.8472222222,6.4583333333,-2.844009671920e-04
2.9166666667,6.4583333333,-3.450130151300e-04
2.9861111111,6.4583333333,-4.175804377300e-04
3.0555555556,6.4583333333,-5.034144875800e-04
3.1250000000,6.4583333333,-6.040548663200e-04
3.1944444444,6.4583333333,-7.215835569400e-04
3.2638888889,6.4583333333,-8.589457545100e-04
3.3333333333,6.4583333333,-1.020137646340e-03
3.4027777778,6.4583333333,-1.210109622630e-03
3.4722222222,6.4583333333,-1.434370700130e-03
3.5416666667,6.4583333333,-1.698485052960e-03
3.6111111111,6.4583333333,-2.007728255850e-03
3.6805555556,6.4583333333,-2.367033116970e-03
3.7500000000,6.4583333333,-2.781139341860e-03
3.8194444444,6.4583333333,-3.254767366400e-03
3.8888888889,6.4583333333,-3.792698136830e-03
3.9583333333,6.4583333333,-4.399717064480e-03
4.0277777778,6.4583333333,-5.080359629800e-03
4.0972222222,6.4583333333,-5.838328935600e-03
4.1666666667,6.4583333333,-6.675468097700e-03
4.2361111111,6.4583333333,-7.590302498200e-03
4.3055555556,6.4583333333,-8.576345373500e-03
4.3750000000,6.4583333333,-9.620499859400e-03
4.4444444444,6.4583333333,-1.070196073850e-02
4.5138888889,6.4583333333,-1.179201138750e-02
4.5833333333,6.4583333333,-1.285499859430e-02
4.6527777778,6.4583333333,-1.385053289570e-02
4.7222222222,6.4583333333,-1.473665300510e-02
4.7916666667,6.4583333333,-1.547342610840e-02
4.8611111111,6.4583333333,-1.602635484900e-02
4.9305555556,6.4583333333,-1.636908354510e-02
5.0000000000,6.4583333333,-1.648518285460e-02
5.0694444444,6.4583333333,-1.636908356710e-02
5.1388888889,6.4583333333,-1.602635488990e-02
5.2083333333,6.4583333333,-1.547342616420e-02
5.2777777778,6.4583333333,-1.473665306980e-02
5.3472222222,6.4583333333,-1.385053296330e-02
5.4166666667,6.4583333333,-1.285499865770e-02
5.4861111111,6.4583333333,-1.179201144150e-02
5.5555555556,6.4583333333,-1.070196078220e-02
5.6250000000,6.4583333333,-9.620499886500e-03
5.6944444444,6.4583333333,-8.576345384600e-03
5.7638888889,6.4583333333,-7.590302494900e-03
5.8333333333,6.4583333333,-6.675468081000e-03
5.9027777778,6.4583333333,-5.838328908800e-03
5.9722222222,6.4583333333,-5.080359597200e-03
6.0416666667,6.4583333333,-4.399717029430e-03
6.1111111111,6.4583333333,-3.792698102330e-03
6.1805555556,6.4583333333,-3.254767334250e-03
6.2500000000,6.4583333333,-2.781139312750e-03
6.3194444444,6.4583333333,-2.367033090590e-03
6.3888888889,6.4583333333,-2.007728231690e-03
6.4583333333,6.4583333333,-1.698485030330e-03
6.5277777778,6.4583333333,-1.434370678760e-03
6.5972222222,6.4583333333,-1.210109602490e-03
6.6666666667,6.4583333333,-1.020137627710e-03
6.7361111111,6.4583333333,-8.589457377300e-04
6.8055555556,6.4583333333,-7.215835421900e-04
6.8750000000,6.4583333333,-6.040548537000e-04
6.9444444444,6.4583333333,-5.034144769300e-04
7.0138888889,6.4583333333,-4.175804287500e-04
7.0833333333,6.4583333333,-3.450130074300e-04
7.1527777778,6.4583333333,-2.844009604780e-04
7.2222222222,6.4583333333,-2.344220375210e-04
7.2916666667,6.4583333333,-1.936112038130e-04
7.3611111111,6.4583333333,-1.603666118140e-04
7.4305555556,6.4583333333,-1.330887827350e-04
7.5000000000,6.4583333333,-1.103811155390e-04
7.5694444444,6.4583333333,-9.120368593500e-05
7.6388888889,6.4583333333,-7.490616365500e-05
7.7083333333,6.4583333333,-6.113910851900e-05
7.7777777778,6.4583333333,-4.970147278600e-05
7.8472222222,6.4583333333,-4.039937471500e-05
7.9166666667,6.4583333333,-3.297002157920e-05
7.9861111111,6.4583333333,-2.708113803760e-05
8.0555555556,6.4583333333,-2.237708197350e-05
8.1250000000,6.4583333333,-1.853353504350e-05
8.1944444444,6.4583333333,-1.530016230850e-05
8.2638888889,6.4583333333,-1.252476236600e-05
8.3333333333,6.4583333333,-1.014914452840e-05
8.4027777778,6.4583333333,-8.169345892900e-06
8.4722222222,6.4583333333,-6.578694361900e-06
8.5416666667,6.4583333333,-5.333838056000e-06
8.6111111111,6.4583333333,-4.363939095900e-06
8.6805555556,6.4583333333,-3.599179199550e-06
8.7500000000,6.4583333333,-2.983213881210e-06
8.8194444444,6.4583333333,-2.468222811080e-06
8.8888888889,6.4583333333,-2.017547641430e-06
8.9583333333,6.4583333333,-1.620560037970e-06
9.0277777778,6.4583333333,-1.293526417184e-06
9.0972222222,6.4583333333,-1.053010897877e-06
9.1666666667,6.4583333333,-8.889662037470e-07
9.2361111111,6.4583333333,-7.695572713420e-07
9.3055555556,6.4583333333,-6.682047966800e-07
9.3750000000,6.4583333333,-5.765861265000e-07
9.4444444444,6.4583333333,-4.936612248490e-07
9.5138888889,6.4583333333,-4.163545028720e-07
9.5833333333,6.4583333333,-3.473673068700e-07
9.6527777778,6.4583333333,-3.008034425125e-07
9.7222222222,6.4583333333,-2.872844209433e-07
9.7916666667,6.4583333333,-2.965373544530e-07
9.8611111111,6.4583333333,-3.056457995400e-07
9.9305555556,6.4583333333,-3.042833386600e-07
0.0000000000,6.5277777778,-2.850130307100e-07
0.0694444444,6.5277777778,-2.884841777500e-07
0.1388888889,6.5277777778,-2.910399524190e-07
0.2083333333,6.5277777778,-2.825686072100e-07
0.2777777778,6.5277777778,-2.708701864590e-07
0.3472222222,6.5277777778,-2.781635122710e-07
0.4166666667,6.5277777778,-3.181602927630e-07
0.4861111111,6.5277777778,-3.846874124040e-07
0.5555555556,6.5277777778,-4.637013310220e-07
0.6250000000,6.5277777778,-5.480120112000e-07
0.6944444444,6.5277777778,-6.370122916500e-07
0.7638888889,6.5277777778,-7.318997214610e-07
0.8333333333,6.5277777778,-8.419170043110e-07
0.9027777778,6.5277777778,-9.922160039290e-07
0.9722222222,6.5277777778,-1.213324827247e-06
1.0416666667,6.5277777778,-1.517575790590e-06
1.1111111111,6.5277777778,-1.891438555250e-06
1.1805555556,6.5277777778,-2.316114746160e-06
1.2500000000,6.5277777778,-2.793909526080e-06
1.3194444444,6.5277777778,-3.354138365200e-06
1.3888888889,6.5277777778,-4.042096470820e-06
1.4583333333,6.5277777778,-4.912398979800e-06
1.5277777778,6.5277777778,-6.030661060900e-06
1.5972222222,6.5277777778,-7.466474258100e-06
1.6666666667,6.5277777778,-9.270962595000e-06
1.7361111111,6.5277777778,-1.146011652350e-05
1.8055555556,6.5277777778,-1.403051771250e-05
1.8750000000,6.5277777778,-1.700765213730e-05
1.9444444444,6.5277777778,-2.049867966000e-05
2.0138888889,6.5277777778,-2.471821761590e-05
2.0833333333,6.5277777778,-2.997389802000e-05
2.1527777778,6.5277777778,-3.661941758300e-05
2.2222222222,6.5277777778,-4.499548053900e-05
2.2916666667,6.5277777778,-5.538267700200e-05
2.3611111111,6.5277777778,-6.798821282500e-05
2.4305555556,6.5277777778,-8.298439984500e-05
2.5000000000,6.5277777778,-1.006083421960e-04
2.5694444444,6.5277777778,-1.213072093630e-04
2.6388888889,6.5277777778,-1.458710910640e-04
2.7083333333,6.5277777778,-1.754706795080e-04
2.7777777778,6.5277777778,-2.115558483330e-04
2.8472222222,6.5277777778,-2.556639076230e-04
2.9166666667,6.5277777778,-3.092524197360e-04
2.9861111111,6.5277777778,-3.736450824600e-04
3.0555555556,6.5277777778,-4.500962211200e-04
3.1250000000,6.5277777778,-5.399360012500e-04
3.1944444444,6.5277777778,-6.447807678900e-04
3.2638888889,6.5277777778,-7.668010323300e-04
3.3333333333,6.5277777778,-9.089710645200e-04
3.4027777778,6.5277777778,-1.075147491250e-03
3.4722222222,6.5277777778,-1.269867013260e-03
3.5416666667,6.5277777778,-1.497923287090e-03
3.6111111111,6.5277777778,-1.763929794910e-03
3.6805555556,6.5277777778,-2.072058024630e-03
3.7500000000,6.5277777778,-2.425988845650e-03
3.8194444444,6.5277777778,-2.828983502780e-03
3.8888888889,6.5277777778,-3.283962465370e-03
3.9583333333,6.5277777778,-3.793524961130e-03
4.0277777778,6.5277777778,-4.359854060020e-03
4.0972222222,6.5277777778,-4.984418362840e-03
4.1666666667,6.5277777778,-5.667369727800e-03
4.2361111111,6.5277777778,-6.406601742900e-03
4.3055555556,6.5277777778,-7.196561535100e-03
4.3750000000,6.5277777778,-8.027042521700e-03
4.4444444444,6.5277777778,-8.882276453800e-03
4.5138888889,6.5277777778,-9.740654589200e-03
4.5833333333,6.5277777778,-1.057531976370e-02
4.6527777778,6.5277777778,-1.135569065170e-02
4.7222222222,6.5277777778,-1.204975346680e-02
4.7916666667,6.5277777778,-1.262676070230e-02
4.8611111111,6.5277777778,-1.305988632180e-02
4.9305555556,6.5277777778,-1.332844214580e-02
5.0000000000,6.5277777778,-1.341943503880e-02
5.0694444444,6.5277777778,-1.332844215810e-02
5.1388888889,6.5277777778,-1.305988634470e-02
5.2083333333,6.5277777778,-1.262676073440e-02
5.2777777778,6.5277777778,-1.204975350270e-02
5.3472222222,6.5277777778,-1.135569068690e-02
5.4166666667,6.5277777778,-1.057531979440e-02
5.4861111111,6.5277777778,-9.740654612400e-03
5.5555555556,6.5277777778,-8.882276467200e-03
5.6250000000,6.5277777778,-8.027042525200e-03
5.6944444444,6.5277777778,-7.196561528400e-03
5.7638888889,6.5277777778,-6.406601726800e-03
5.8333333333,6.5277777778,-5.667369704300e-03
5.9027777778,6.5277777778,-4.984418334140e-03
5.9722222222,6.5277777778,-4.359854028820e-03
6.0416666667,6.5277777778,-3.793524929840e-03
6.1111111111,6.5277777778,-3.283962435720e-03
6.1805555556,6.5277777778,-2.828983475320e-03
6.2500000000,6.5277777778,-2.425988820680e-03
6.3194444444,6.5277777778,-2.072058001470e-03
6.3888888889,6.5277777778,-1.763929773130e-03
6.4583333333,6.5277777778,-1.497923266560e-03
6.5277777778,6.5277777778,-1.269866993590e-03
6.5972222222,6.5277777778,-1.075147472750e-03
6.6666666667,6.5277777778,-9.089710476000e-04
6.7361111111,6.5277777778,-7.668010172100e-04
6.8055555556,6.5277777778,-6.447807547900e-04
6.8750000000,6.5277777778,-5.399359901000e-04
6.9444444444,6.5277777778,-4.500962117000e-04
7.0138888889,6.5277777778,-3.736450744000e-04
7.0833333333,6.5277777778,-3.092524127290e-04
7.1527777778,6.5277777778,-2.556639014350e-04
7.2222222222,6.5277777778,-2.115558428140e-04
7.2916666667,6.5277777778,-1.754706746280e-04
7.3611111111,6.5277777778,-1.458710867970e-04
7.4305555556,6.5277777778,-1.213072057080e-04
7.5000000000,6.5277777778,-1.006083391030e-04
7.5694444444,6.5277777778,-8.298439727200e-05
7.6388888889,6.5277777778,-6.798821069300e-05
7.7083333333,6.5277777778,-5.538267523100e-05
7.7777777778,6.5277777778,-4.499547906100e-05
7.8472222222,6.5277777778,-3.661941634800e-05
7.9166666667,6.5277777778,-2.997389699090e-05
7.9861111111,6.5277777778,-2.471821676670e-05
8.0555555556,6.5277777778,-2.049867897210e-05
8.1250000000,6.5277777778,-1.700765159820e-05
8.1944444444,6.5277777778,-1.403051731550e-05
8.2638888889,6.5277777778,-1.146011625250e-05
8.3333333333,6.5277777778,-9.270962428200e-06
8.4027777778,6.5277777778,-7.466474170100e-06
8.4722222222,6.5277777778,-6.030661028000e-06
8.5416666667,6.5277777778,-4.912398984600e-06
8.6111111111,6.5277777778,-4.042096503350e-06
8.6805555556,6.5277777778,-3.354138423760e-06
8.7500000000,6.5277777778,-2.793909614940e-06
8.8194444444,6.5277777778,-2.316114869340e-06
8.8888888889,6.5277777778,-1.891438709850e-06
8.9583333333,6.5277777778,-1.517575964760e-06
9.0277777778,6.5277777778,-1.213325004674e-06
9.0972222222,6.5277777778,-9.922161707050e-07
9.1666666667,6.5277777778,-8.419171541520e-07
9.2361111111,6.5277777778,-7.318998569400e-07
9.3055555556,6.5277777778,-6.370124213700e-07
9.3750000000,6.5277777778,-5.480121441400e-07
9.4444444444,6.5277777778,-4.637014699990e-07
9.5138888889,6.5277777778,-3.846875512960e-07
9.5833333333,6.5277777778,-3.181604186770e-07
9.6527777778,6.5277777778,-2.781636118448e-07
9.7222222222,6.5277777778,-2.708702522010e-07
9.7916666667,6.5277777778,-2.825686406720e-07
9.8611111111,6.5277777778,-2.910399633240e-07
9.9305555556,6.5277777778,-2.884841788100e-07
0.0000000000,6.5972222222,-2.721666030700e-07
0.0694444444,6.5972222222,-2.738174823800e-07
0.1388888889,6.5972222222,-2.727233939440e-07
0.2083333333,6.5972222222,-2.614061514880e-07
0.2777777778,6.5972222222,-2.474467371783e-07
0.3472222222,6.5972222222,-2.516052478974e-07
0.4166666667,6.5972222222,-2.888324430472e-07
0.4861111111,6.5972222222,-3.558517762300e-07
0.5555555556,6.5972222222,-4.380393302910e-07
0.6250000000,6.5972222222,-5.232371723870e-07
0.6944444444,6.5972222222,-6.070429499530e-07
0.7638888889,6.5972222222,-6.919898659520e-07
0.8333333333,6.5972222222,-7.903444972840e-07
0.9027777778,6.5972222222,-9.269772068200e-07
0.9722222222,6.5972222222,-1.130373637096e-06
1.0416666667,6.5972222222,-1.414112175000e-06
1.1111111111,6.5972222222,-1.768231358980e-06
1.1805555556,6.5972222222,-2.172651135340e-06
1.2500000000,6.5972222222,-2.620693422660e-06
1.3194444444,6.5972222222,-3.131480053420e-06
1.3888888889,6.5972222222,-3.745876029160e-06
1.4583333333,6.5972222222,-4.518034331300e-06
1.5277777778,6.5972222222,-5.511418240600e-06
1.5972222222,6.5972222222,-6.793329084700e-06
1.6666666667,6.5972222222,-8.419536324200e-06
1.7361111111,6.5972222222,-1.041615998780e-05
1.8055555556,6.5972222222,-1.278039552780e-05
1.8750000000,6.5972222222,-1.551509316290e-05
1.9444444444,6.5972222222,-1.868602791490e-05
2.0138888889,6.5972222222,-2.246709068830e-05
2.0833333333,6.5972222222,-2.714094081990e-05
2.1527777778,6.5972222222,-3.305253360370e-05
2.2222222222,6.5972222222,-4.054462519300e-05
2.2916666667,6.5972222222,-4.990912830100e-05
2.3611111111,6.5972222222,-6.136849310300e-05
2.4305555556,6.5972222222,-7.508902974300e-05
2.5000000000,6.5972222222,-9.123858180400e-05
2.5694444444,6.5972222222,-1.101034191320e-04
2.6388888889,6.5972222222,-1.322384481350e-04
2.7083333333,6.5972222222,-1.585673273210e-04
2.7777777778,6.5972222222,-1.903503211910e-04
2.8472222222,6.5972222222,-2.290247443360e-04
2.9166666667,6.5972222222,-2.760195189450e-04
2.9861111111,6.5972222222,-3.326527788420e-04
3.0555555556,6.5972222222,-4.001413009700e-04
3.1250000000,6.5972222222,-4.796834881400e-04
3.1944444444,6.5972222222,-5.725898543200e-04
3.2638888889,6.5972222222,-6.804724715500e-04
3.3333333333,6.5972222222,-8.054761534100e-04
3.4027777778,6.5972222222,-9.504488329100e-04
3.4722222222,6.5972222222,-1.118917323280e-03
3.5416666667,6.5972222222,-1.314825747970e-03
3.6111111111,6.5972222222,-1.542137720240e-03
3.6805555556,6.5972222222,-1.804469417100e-03
3.7500000000,6.5972222222,-2.104863910990e-03
3.8194444444,6.5972222222,-2.445710984030e-03
3.8888888889,6.5972222222,-2.828752478780e-03
3.9583333333,6.5972222222,-3.255106786120e-03
4.0277777778,6.5972222222,-3.725253329930e-03
4.0972222222,6.5972222222,-4.238910221570e-03
4.1666666667,6.5972222222,-4.794733661710e-03
4.2361111111,6.5972222222,-5.389798497680e-03
4.3055555556,6.5972222222,-6.018892957600e-03
4.3750000000,6.5972222222,-6.673753605400e-03
4.4444444444,6.5972222222,-7.342441531500e-03
4.5138888889,6.5972222222,-8.009084092700e-03
4.5833333333,6.5972222222,-8.654162209600e-03
4.6527777778,6.5972222222,-9.255420745300e-03
4.7222222222,6.5972222222,-9.789347155000e-03
4.7916666667,6.5972222222,-1.023303619070e-02
4.8611111111,6.5972222222,-1.056617005950e-02
4.9305555556,6.5972222222,-1.077282417680e-02
5.0000000000,6.5972222222,-1.084286682580e-02
5.0694444444,6.5972222222,-1.077282418010e-02
5.1388888889,6.5972222222,-1.056617006570e-02
5.2083333333,6.5972222222,-1.023303619760e-02
5.2777777778,6.5972222222,-9.789347161400e-03
5.3472222222,6.5972222222,-9.255420749900e-03
5.4166666667,6.5972222222,-8.654162212100e-03
5.4861111111,6.5972222222,-8.009084091200e-03
5.5555555556,6.5972222222,-7.342441524900e-03
5.6250000000,6.5972222222,-6.673753593100e-03
5.6944444444,6.5972222222,-6.018892940500e-03
5.7638888889,6.5972222222,-5.389798474620e-03
5.8333333333,6.5972222222,-4.794733634940e-03
5.9027777778,6.5972222222,-4.238910192880e-03
5.9722222222,6.5972222222,-3.725253301050e-03
6.0416666667,6.5972222222,-3.255106758540e-03
6.1111111111,6.5972222222,-2.828752453400e-03
6.1805555556,6.5972222222,-2.445710960770e-03
6.2500000000,6.5972222222,-2.104863889530e-03
6.3194444444,6.5972222222,-1.804469396630e-03
6.3888888889,6.5972222222,-1.542137700540e-03
6.4583333333,6.5972222222,-1.314825728770e-03
6.5277777778,6.5972222222,-1.118917305010e-03
6.5972222222,6.5972222222,-9.504488159100e-04
6.6666666667,6.5972222222,-8.054761381000e-04
6.7361111111,6.5972222222,-6.804724582800e-04
6.8055555556,6.5972222222,-5.725898430500e-04
6.8750000000,6.5972222222,-4.796834785900e-04
6.9444444444,6.5972222222,-4.001412927200e-04
7.0138888889,6.5972222222,-3.326527715200e-04
7.0833333333,6.5972222222,-2.760195123340e-04
7.1527777778,6.5972222222,-2.290247383840e-04
7.2222222222,6.5972222222,-1.903503159550e-04
7.2916666667,6.5972222222,-1.585673228570e-04
7.3611111111,6.5972222222,-1.322384444160e-04
7.4305555556,6.5972222222,-1.101034160520e-04
7.5000000000,6.5972222222,-9.123857920000e-05
7.5694444444,6.5972222222,-7.508902746300e-05
7.6388888889,6.5972222222,-6.136849105500e-05
7.7083333333,6.5972222222,-4.990912647300e-05
7.7777777778,6.5972222222,-4.054462363700e-05
7.8472222222,6.5972222222,-3.305253238180e-05
7.9166666667,6.5972222222,-2.714093994170e-05
7.9861111111,6.5972222222,-2.246709009500e-05
8.0555555556,6.5972222222,-1.868602749650e-05
8.1250000000,6.5972222222,-1.551509280750e-05
8.1944444444,6.5972222222,-1.278039516520e-05
8.2638888889,6.5972222222,-1.041615961290e-05
8.3333333333,6.5972222222,-8.419535989900e-06
8.4027777778,6.5972222222,-6.793328867800e-06
8.4722222222,6.5972222222,-5.511418195800e-06
8.5416666667,6.5972222222,-4.518034457100e-06
8.6111111111,6.5972222222,-3.745876263850e-06
8.6805555556,6.5972222222,-3.131480303080e-06
8.7500000000,6.5972222222,-2.620693605340e-06
8.8194444444,6.5972222222,-2.172651216820e-06
8.8888888889,6.5972222222,-1.768231364210e-06
8.9583333333,6.5972222222,-1.414112172170e-06
9.0277777778,6.5972222222,-1.130373702195e-06
9.0972222222,6.5972222222,-9.269773843590e-07
9.1666666667,6.5972222222,-7.903447768080e-07
9.2361111111,6.5972222222,-6.919901864480e-07
9.3055555556,6.5972222222,-6.070432295230e-07
9.3750000000,6.5972222222,-5.232373476050e-07
9.4444444444,6.5972222222,-4.380393851910e-07
9.5138888889,6.5972222222,-3.558517485260e-07
9.5833333333,6.5972222222,-2.888324045065e-07
9.6527777778,6.5972222222,-2.516052684297e-07
9.7222222222,6.5972222222,-2.474468493894e-07
9.7916666667,6.5972222222,-2.614063339810e-07
9.8611111111,6.5972222222,-2.727235822810e-07
9.9305555556,6.5972222222,-2.738176012900e-07
0.0000000000,6.6666666667,-2.634451910110e-07
0.0694444444,6.6666666667,-2.610388140440e-07
0.1388888889,6.6666666667,-2.513392966550e-07
0.2083333333,6.6666666667,-2.332721565130e-07
0.2777777778,6.6666666667,-2.168706685776e-07
0.3472222222,6.6666666667,-2.210879642799e-07
0.4166666667,6.6666666667,-2.595540080763e-07
0.4861111111,6.6666666667,-3.294982406890e-07
0.5555555556,6.6666666667,-4.150267401880e-07
0.6250000000,6.6666666667,-4.996998033750e-07
0.6944444444,6.6666666667,-5.763302778160e-07
0.7638888889,6.6666666667,-6.496566658570e-07
0.8333333333,6.6666666667,-7.356259734270e-07
0.9027777778,6.6666666667,-8.588787806920e-07
0.9722222222,6.6666666667,-1.045119079692e-06
1.0416666667,6.6666666667,-1.308647769960e-06
1.1111111111,6.6666666667,-1.644106473450e-06
1.1805555556,6.6666666667,-2.032158393800e-06
1.2500000000,6.6666666667,-2.457611034780e-06
1.3194444444,6.6666666667,-2.927071503780e-06
1.3888888889,6.6666666667,-3.474308700730e-06
1.4583333333,6.6666666667,-4.153358643850e-06
1.5277777778,6.6666666667,-5.028263635400e-06
1.5972222222,6.6666666667,-6.164811167100e-06
1.6666666667,6.6666666667,-7.620470977300e-06
1.7361111111,6.6666666667,-9.429493174100e-06
1.8055555556,6.6666666667,-1.159456187890e-05
1.8750000000,6.6666666667,-1.410632890130e-05
1.9444444444,6.6666666667,-1.699642137390e-05
2.0138888889,6.6666666667,-2.039531644810e-05
2.0833333333,6.6666666667,-2.455065446070e-05
2.1527777778,6.6666666667,-2.978871419210e-05
2.2222222222,6.6666666667,-3.644748446940e-05
2.2916666667,6.6666666667,-4.482456835000e-05
2.3611111111,6.6666666667,-5.515575290800e-05
2.4305555556,6.6666666667,-6.761445172300e-05
2.5000000000,6.6666666667,-8.233607132300e-05
2.5694444444,6.6666666667,-9.949674684200e-05
2.6388888889,6.6666666667,-1.194535364560e-04
2.7083333333,6.6666666667,-1.428837631880e-04
2.7777777778,6.6666666667,-1.708241132970e-04
2.8472222222,6.6666666667,-2.045674302650e-04
2.9166666667,6.6666666667,-2.454820991950e-04
2.9861111111,6.6666666667,-2.948676575650e-04
3.0555555556,6.6666666667,-3.539091488950e-04
3.1250000000,6.6666666667,-4.237132303100e-04
3.1944444444,6.6666666667,-5.053892163800e-04
3.2638888889,6.6666666667,-6.001726618200e-04
3.3333333333,6.6666666667,-7.095988561500e-04
3.4027777778,6.6666666667,-8.356817476900e-04
3.4722222222,6.6666666667,-9.809979822400e-04
3.5416666667,6.6666666667,-1.148593188860e-03
3.6111111111,6.6666666667,-1.341717356290e-03
3.6805555556,6.6666666667,-1.563481460370e-03
3.7500000000,6.6666666667,-1.816543878300e-03
3.8194444444,6.6666666667,-2.102889273460e-03
3.8888888889,6.6666666667,-2.423705470870e-03
3.9583333333,6.6666666667,-2.779330297830e-03
4.0277777778,6.6666666667,-3.169228436550e-03
4.0972222222,6.6666666667,-3.591953009410e-03
4.1666666667,6.6666666667,-4.045044825010e-03
4.2361111111,6.6666666667,-4.524833386070e-03
4.3055555556,6.6666666667,-5.026135812470e-03
4.3750000000,6.6666666667,-5.541898398970e-03
4.4444444444,6.6666666667,-6.062873359900e-03
4.5138888889,6.6666666667,-6.577449938400e-03
4.5833333333,6.6666666667,-7.071754240300e-03
4.6527777778,6.6666666667,-7.530099728400e-03
4.7222222222,6.6666666667,-7.935818241500e-03
4.7916666667,6.6666666667,-8.272431811500e-03
4.8611111111,6.6666666667,-8.525043696300e-03
4.9305555556,6.6666666667,-8.681754384400e-03
5.0000000000,6.6666666667,-8.734877206300e-03
5.0694444444,6.6666666667,-8.681754379900e-03
5.1388888889,6.6666666667,-8.525043686800e-03
5.2083333333,6.6666666667,-8.272431798700e-03
5.2777777778,6.6666666667,-7.935818226100e-03
5.3472222222,6.6666666667,-7.530099712200e-03
5.4166666667,6.6666666667,-7.071754222700e-03
5.4861111111,6.6666666667,-6.577449920600e-03
5.5555555556,6.6666666667,-6.062873339730e-03
5.6250000000,6.6666666667,-5.541898377820e-03
5.6944444444,6.6666666667,-5.026135789120e-03
5.7638888889,6.6666666667,-4.524833360660e-03
5.8333333333,6.6666666667,-4.045044798090e-03
5.9027777778,6.6666666667,-3.591952982300e-03
5.9722222222,6.6666666667,-3.169228410500e-03
6.0416666667,6.6666666667,-2.779330273790e-03
6.1111111111,6.6666666667,-2.423705449110e-03
6.1805555556,6.6666666667,-2.102889253620e-03
6.2500000000,6.6666666667,-1.816543859580e-03
6.3194444444,6.6666666667,-1.563481442100e-03
6.3888888889,6.6666666667,-1.341717338240e-03
6.4583333333,6.6666666667,-1.148593171040e-03
6.5277777778,6.6666666667,-9.809979652600e-04
6.5972222222,6.6666666667,-8.356817320600e-04
6.6666666667,6.6666666667,-7.095988425100e-04
6.7361111111,6.6666666667,-6.001726503400e-04
6.8055555556,6.6666666667,-5.053892068300e-04
6.8750000000,6.6666666667,-4.237132221900e-04
6.9444444444,6.6666666667,-3.539091416770e-04
7.0138888889,6.6666666667,-2.948676508560e-04
7.0833333333,6.6666666667,-2.454820929050e-04
7.1527777778,6.6666666667,-2.045674245130e-04
7.2222222222,6.6666666667,-1.708241083260e-04
7.2916666667,6.6666666667,-1.428837591210e-04
7.3611111111,6.6666666667,-1.194535332740e-04
7.4305555556,6.6666666667,-9.949674432700e-05
7.5000000000,6.6666666667,-8.233606918600e-05
7.5694444444,6.6666666667,-6.761444971700e-05
7.6388888889,6.6666666667,-5.515575092600e-05
7.7083333333,6.6666666667,-4.482456645800e-05
7.7777777778,6.6666666667,-3.644748283760e-05
7.8472222222,6.6666666667,-2.978871298580e-05
7.9166666667,6.6666666667,-2.455065373610e-05
7.9861111111,6.6666666667,-2.039531611110e-05
8.0555555556,6.6666666667,-1.699642122330e-05
8.1250000000,6.6666666667,-1.410632872660e-05
8.1944444444,6.6666666667,-1.159456155020e-05
8.2638888889,6.6666666667,-9.429492696600e-06
8.3333333333,6.6666666667,-7.620470478500e-06
8.4027777778,6.6666666667,-6.164810824500e-06
8.4722222222,6.6666666667,-5.028263579900e-06
8.5416666667,6.6666666667,-4.153358889050e-06
8.6111111111,6.6666666667,-3.474309133720e-06
8.6805555556,6.6666666667,-2.927071940850e-06
8.7500000000,6.6666666667,-2.457611309800e-06
8.8194444444,6.6666666667,-2.032158434930e-06
8.8888888889,6.6666666667,-1.644106333060e-06
8.9583333333,6.6666666667,-1.308647594920e-06
9.0277777778,6.6666666667,-1.045119036226e-06
9.0972222222,6.6666666667,-8.588789700440e-07
9.1666666667,6.6666666667,-7.356263806080e-07
9.2361111111,6.6666666667,-6.496571674600e-07
9.3055555556,6.6666666667,-5.763307035900e-07
9.3750000000,6.6666666667,-4.997000193910e-07
9.4444444444,6.6666666667,-4.150267123580e-07
9.5138888889,6.6666666667,-3.294980497230e-07
9.5833333333,6.6666666667,-2.595538084884e-07
9.6527777778,6.6666666667,-2.210879072107e-07
9.7222222222,6.6666666667,-2.168708257591e-07
9.7916666667,6.6666666667,-2.332724840830e-07
9.8611111111,6.6666666667,-2.513396578910e-07
9.9305555556,6.6666666667,-2.610390478250e-07
0.0000000000,6.7361111111,-2.488924062820e-07
0.0694444444,6.7361111111,-2.419947607910e-07
0.1388888889,6.7361111111,-2.229568071570e-07
0.2083333333,6.7361111111,-1.984172555741e-07
0.2777777778,6.7361111111,-1.818011076316e-07
0.3472222222,6.7361111111,-1.896790918870e-07
0.4166666667,6.7361111111,-2.323686428688e-07
0.4861111111,6.7361111111,-3.058805027954e-07
0.5555555556,6.7361111111,-3.932303108920e-07
0.6250000000,6.7361111111,-4.754822659080e-07
0.6944444444,6.7361111111,-5.442119320670e-07
0.7638888889,6.7361111111,-6.064904365560e-07
0.8333333333,6.7361111111,-6.811468432040e-07
0.9027777778,6.7361111111,-7.917853289210e-07
0.9722222222,6.7361111111,-9.607038505310e-07
1.0416666667,6.7361111111,-1.202657060150e-06
1.1111111111,6.7361111111,-1.517862259770e-06
1.1805555556,6.7361111111,-1.890193857190e-06
1.2500000000,6.7361111111,-2.298028181940e-06
1.3194444444,6.7361111111,-2.734802680270e-06
1.3888888889,6.7361111111,-3.224406031440e-06
1.4583333333,6.7361111111,-3.819342246500e-06
1.5277777778,6.7361111111,-4.585947150700e-06
1.5972222222,6.7361111111,-5.590455581500e-06
1.6666666667,6.7361111111,-6.890640940600e-06
1.7361111111,6.7361111111,-8.525892089900e-06
1.8055555556,6.7361111111,-1.050598830770e-05
1.8750000000,6.7361111111,-1.281792692440e-05
1.9444444444,6.7361111111,-1.546825930910e-05
2.0138888889,6.7361111111,-1.854463414400e-05
2.0833333333,6.7361111111,-2.225038334660e-05
2.1527777778,6.7361111111,-2.688128683440e-05
2.2222222222,6.7361111111,-3.276288218110e-05
2.2916666667,6.7361111111,-4.019421520500e-05
2.3611111111,6.7361111111,-4.942139240500e-05
2.4305555556,6.7361111111,-6.062963752500e-05
2.5000000000,6.7361111111,-7.394738934200e-05
2.5694444444,6.7361111111,-8.948992052800e-05
2.6388888889,6.7361111111,-1.074703188800e-04
2.7083333333,6.7361111111,-1.283467412040e-04
2.7777777778,6.7361111111,-1.529155112920e-04
2.8472222222,6.7361111111,-1.822768878880e-04
2.9166666667,6.7361111111,-2.176901151770e-04
2.9861111111,6.7361111111,-2.604100140040e-04
3.0555555556,6.7361111111,-3.115901016880e-04
3.1250000000,6.7361111111,-3.722713831370e-04
3.1944444444,6.7361111111,-4.434287597800e-04
3.2638888889,6.7361111111,-5.260528747900e-04
3.3333333333,6.7361111111,-6.212665019900e-04
3.4027777778,6.7361111111,-7.304636598200e-04
3.4722222222,6.7361111111,-8.554221722500e-04
3.5416666667,6.7361111111,-9.983228860800e-04
3.6111111111,6.7361111111,-1.161638058090e-03
3.6805555556,6.7361111111,-1.347905963020e-03
3.7500000000,6.7361111111,-1.559447390960e-03
3.8194444444,6.7361111111,-1.798083457970e-03
3.8888888889,6.7361111111,-2.064894829330e-03
3.9583333333,6.7361111111,-2.360040928840e-03
4.0277777778,6.7361111111,-2.682643903200e-03
4.0972222222,6.7361111111,-3.030733292400e-03
4.1666666667,6.7361111111,-3.401237891960e-03
4.2361111111,6.7361111111,-3.790001010740e-03
4.3055555556,6.7361111111,-4.191790435940e-03
4.3750000000,6.7361111111,-4.600281709050e-03
4.4444444444,6.7361111111,-5.008013547420e-03
4.5138888889,6.7361111111,-5.406342027550e-03
4.5833333333,6.7361111111,-5.785449212760e-03
4.6527777778,6.7361111111,-6.134486273920e-03
4.7222222222,6.7361111111,-6.441938874710e-03
4.7916666667,6.7361111111,-6.696274776950e-03
4.8611111111,6.7361111111,-6.886859512430e-03
4.9305555556,6.7361111111,-7.005023021530e-03
5.0000000000,6.7361111111,-7.045072836330e-03
5.0694444444,6.7361111111,-7.005023012370e-03
5.1388888889,6.7361111111,-6.886859496220e-03
5.2083333333,6.7361111111,-6.696274754910e-03
5.2777777778,6.7361111111,-6.441938850210e-03
5.3472222222,6.7361111111,-6.134486247220e-03
5.4166666667,6.7361111111,-5.785449186980e-03
5.4861111111,6.7361111111,-5.406342002740e-03
5.5555555556,6.7361111111,-5.008013523680e-03
5.6250000000,6.7361111111,-4.600281685710e-03
5.6944444444,6.7361111111,-4.191790412410e-03
5.7638888889,6.7361111111,-3.790000986710e-03
5.8333333333,6.7361111111,-3.401237867710e-03
5.9027777778,6.7361111111,-3.030733268510e-03
5.9722222222,6.7361111111,-2.682643880650e-03
6.0416666667,6.7361111111,-2.360040908100e-03
6.1111111111,6.7361111111,-2.064894810480e-03
6.1805555556,6.7361111111,-1.798083440590e-03
6.2500000000,6.7361111111,-1.559447374220e-03
6.3194444444,6.7361111111,-1.347905946480e-03
6.3888888889,6.7361111111,-1.161638041540e-03
6.4583333333,6.7361111111,-9.983228697800e-04
6.5277777778,6.7361111111,-8.554221567100e-04
6.5972222222,6.7361111111,-7.304636458300e-04
6.6666666667,6.7361111111,-6.212664900000e-04
6.7361111111,6.7361111111,-5.260528648900e-04
6.8055555556,6.7361111111,-4.434287516300e-04
6.8750000000,6.7361111111,-3.722713761570e-04
6.9444444444,6.7361111111,-3.115900952860e-04
7.0138888889,6.7361111111,-2.604100078660e-04
7.0833333333,6.7361111111,-2.176901092930e-04
7.1527777778,6.7361111111,-1.822768824770e-04
7.2222222222,6.7361111111,-1.529155066550e-04
7.2916666667,6.7361111111,-1.283467375150e-04
7.3611111111,6.7361111111,-1.074703161030e-04
7.4305555556,6.7361111111,-8.948991840800e-05
7.5000000000,6.7361111111,-7.394738753800e-05
7.5694444444,6.7361111111,-6.062963574900e-05
7.6388888889,6.7361111111,-4.942139055400e-05
7.7083333333,6.7361111111,-4.019421337500e-05
7.7777777778,6.7361111111,-3.276288059230e-05
7.8472222222,6.7361111111,-2.688128569570e-05
7.9166666667,6.7361111111,-2.225038273230e-05
7.9861111111,6.7361111111,-1.854463394760e-05
8.0555555556,6.7361111111,-1.546825929980e-05
8.1250000000,6.7361111111,-1.281792685380e-05
8.1944444444,6.7361111111,-1.050598802210e-05
8.2638888889,6.7361111111,-8.525891599100e-06
8.3333333333,6.7361111111,-6.890640401000e-06
8.4027777778,6.7361111111,-5.590455209000e-06
8.4722222222,6.7361111111,-4.585947104750e-06
8.5416666667,6.7361111111,-3.819342547110e-06
8.6111111111,6.7361111111,-3.224406547930e-06
8.6805555556,6.7361111111,-2.734803196540e-06
8.7500000000,6.7361111111,-2.298028500710e-06
8.8194444444,6.7361111111,-1.890193891920e-06
8.8888888889,6.7361111111,-1.517862072180e-06
8.9583333333,6.7361111111,-1.202656826260e-06
9.0277777778,6.7361111111,-9.607037706620e-07
9.0972222222,6.7361111111,-7.917855260360e-07
9.1666666667,6.7361111111,-6.811473008570e-07
9.2361111111,6.7361111111,-6.064910081840e-07
9.3055555556,6.7361111111,-5.442124145870e-07
9.3750000000,6.7361111111,-4.754824991390e-07
9.4444444444,6.7361111111,-3.932302537280e-07
9.5138888889,6.7361111111,-3.058802517185e-07
9.5833333333,6.7361111111,-2.323683833184e-07
9.6527777778,6.7361111111,-1.896790057079e-07
9.7222222222,6.7361111111,-1.818012815178e-07
9.7916666667,6.7361111111,-1.984176373758e-07
9.8611111111,6.7361111111,-2.229572330240e-07
9.9305555556,6.7361111111,-2.419950375010e-07
0.0000000000,6.8055555556,-2.203369256350e-07
0.0694444444,6.8055555556,-2.107661286780e-07
0.1388888889,6.8055555556,-1.869100773015e-07
0.2083333333,6.8055555556,-1.612054133816e-07
0.2777777778,6.8055555556,-1.489820204079e-07
0.3472222222,6.8055555556,-1.635744625347e-07
0.4166666667,6.8055555556,-2.112581853123e-07
0.4861111111,6.8055555556,-2.865972785322e-07
0.5555555556,6.8055555556,-3.727441699880e-07
0.6250000000,6.8055555556,-4.505490841320e-07
0.6944444444,6.8055555556,-5.117272870020e-07
0.7638888889,6.8055555556,-5.649825859340e-07
0.8333333333,6.8055555556,-6.303522420570e-07
0.9027777778,6.8055555556,-7.294326850750e-07
0.9722222222,6.8055555556,-8.808787464540e-07
1.0416666667,6.8055555556,-1.099549642370e-06
1.1111111111,6.8055555556,-1.391332236630e-06
1.1805555556,6.8055555556,-1.745363895520e-06
1.2500000000,6.8055555556,-2.137079393850e-06
1.3194444444,6.8055555556,-2.548561463280e-06
1.3888888889,6.8055555556,-2.992043475570e-06
1.4583333333,6.8055555556,-3.515407531500e-06
1.5277777778,6.8055555556,-4.186566634650e-06
1.5972222222,6.8055555556,-5.073795505000e-06
1.6666666667,6.8055555556,-6.235413469400e-06
1.7361111111,6.8055555556,-7.713574369600e-06
1.8055555556,6.8055555556,-9.524511471200e-06
1.8750000000,6.8055555556,-1.165732434370e-05
1.9444444444,6.8055555556,-1.410312237960e-05
2.0138888889,6.8055555556,-1.691151142560e-05
2.0833333333,6.8055555556,-2.023602330790e-05
2.1527777778,6.8055555556,-2.433022084070e-05
2.2222222222,6.8055555556,-2.949747905300e-05
2.2916666667,6.8055555556,-3.603335657300e-05
2.3611111111,6.8055555556,-4.419100765900e-05
2.4305555556,6.8055555556,-5.416689888700e-05
2.5000000000,6.8055555556,-6.609600459200e-05
2.5694444444,6.8055555556,-8.007210860600e-05
2.6388888889,6.8055555556,-9.622369620800e-05
2.7083333333,6.8055555556,-1.148408474080e-04
2.7777777778,6.8055555556,-1.364907093260e-04
2.8472222222,6.8055555556,-1.620443820070e-04
2.9166666667,6.8055555556,-1.925916795690e-04
2.9861111111,6.8055555556,-2.292949750250e-04
3.0555555556,6.8055555556,-2.732625857020e-04
3.1250000000,6.8055555556,-3.254905465740e-04
3.1944444444,6.8055555556,-3.868714497240e-04
3.2638888889,6.8055555556,-4.582454741900e-04
3.3333333333,6.8055555556,-5.404752827200e-04
3.4027777778,6.8055555556,-6.345358461100e-04
3.4722222222,6.8055555556,-7.416041200300e-04
3.5416666667,6.8055555556,-8.631197864800e-04
3.6111111111,6.8055555556,-1.000784481530e-03
3.6805555556,6.8055555556,-1.156478512310e-03
3.7500000000,6.8055555556,-1.332092718690e-03
3.8194444444,6.8055555556,-1.529289668180e-03
3.8888888889,6.8055555556,-1.749221002480e-03
3.9583333333,6.8055555556,-1.992238997350e-03
4.0277777778,6.8055555556,-2.257649904520e-03
4.0972222222,6.8055555556,-2.543558644240e-03
4.1666666667,6.8055555556,-2.846841545300e-03
4.2361111111,6.8055555556,-3.163253679730e-03
4.3055555556,6.8055555556,-3.487637133980e-03
4.3750000000,6.8055555556,-3.814162099440e-03
4.4444444444,6.8055555556,-4.136521678020e-03
4.5138888889,6.8055555556,-4.448024943430e-03
4.5833333333,6.8055555556,-4.741589065800e-03
4.6527777778,6.8055555556,-5.009702077100e-03
4.7222222222,6.8055555556,-5.244481144780e-03
4.7916666667,6.8055555556,-5.437952621490e-03
4.8611111111,6.8055555556,-5.582612701570e-03
4.9305555556,6.8055555556,-5.672208983070e-03
5.0000000000,6.8055555556,-5.702564718050e-03
5.0694444444,6.8055555556,-5.672208975530e-03
5.1388888889,6.8055555556,-5.582612687410e-03
5.2083333333,6.8055555556,-5.437952602310e-03
5.2777777778,6.8055555556,-5.244481122440e-03
5.3472222222,6.8055555556,-5.009702053640e-03
5.4166666667,6.8055555556,-4.741589042490e-03
5.4861111111,6.8055555556,-4.448024921220e-03
5.5555555556,6.8055555556,-4.136521656980e-03
5.6250000000,6.8055555556,-3.814162079320e-03
5.6944444444,6.8055555556,-3.487637114200e-03
5.7638888889,6.8055555556,-3.163253659960e-03
5.8333333333,6.8055555556,-2.846841525580e-03
5.9027777778,6.8055555556,-2.543558624840e-03
5.9722222222,6.8055555556,-2.257649885760e-03
6.0416666667,6.8055555556,-1.992238979760e-03
6.1111111111,6.8055555556,-1.749220985930e-03
6.1805555556,6.8055555556,-1.529289652560e-03
6.2500000000,6.8055555556,-1.332092703470e-03
6.3194444444,6.8055555556,-1.156478497350e-03
6.3888888889,6.8055555556,-1.000784466710e-03
6.4583333333,6.8055555556,-8.631197719800e-04
6.5277777778,6.8055555556,-7.416041065000e-04
6.5972222222,6.8055555556,-6.345358339800e-04
6.6666666667,6.8055555556,-5.404752723600e-04
6.7361111111,6.8055555556,-4.582454656000e-04
6.8055555556,6.8055555556,-3.868714425700e-04
6.8750000000,6.8055555556,-3.254905403370e-04
6.9444444444,6.8055555556,-2.732625799430e-04
7.0138888889,6.8055555556,-2.292949694750e-04
7.0833333333,6.8055555556,-1.925916742510e-04
7.1527777778,6.8055555556,-1.620443771370e-04
7.2222222222,6.8055555556,-1.364907051490e-04
7.2916666667,6.8055555556,-1.148408440770e-04
7.3611111111,6.8055555556,-9.622369366900e-05
7.4305555556,6.8055555556,-8.007210666200e-05
7.5000000000,6.8055555556,-6.609600294500e-05
7.5694444444,6.8055555556,-5.416689729500e-05
7.6388888889,6.8055555556,-4.419100602300e-05
7.7083333333,6.8055555556,-3.603335497100e-05
7.7777777778,6.8055555556,-2.949747766270e-05
7.8472222222,6.8055555556,-2.433021983250e-05
7.9166666667,6.8055555556,-2.023602274160e-05
7.9861111111,6.8055555556,-1.691151121870e-05
8.0555555556,6.8055555556,-1.410312234310e-05
8.1250000000,6.8055555556,-1.165732427430e-05
8.1944444444,6.8055555556,-9.524511241600e-06
8.2638888889,6.8055555556,-7.713573983800e-06
8.3333333333,6.8055555556,-6.235413050700e-06
8.4027777778,6.8055555556,-5.073795226200e-06
8.4722222222,6.8055555556,-4.186566623300e-06
8.5416666667,6.8055555556,-3.515407803170e-06
8.6111111111,6.8055555556,-2.992043925280e-06
8.6805555556,6.8055555556,-2.548561917440e-06
8.7500000000,6.8055555556,-2.137079693030e-06
8.8194444444,6.8055555556,-1.745363967970e-06
8.8888888889,6.8055555556,-1.391332129680e-06
8.9583333333,6.8055555556,-1.099549496680e-06
9.0277777778,6.8055555556,-8.808787233600e-07
9.0972222222,6.8055555556,-7.294328837640e-07
9.1666666667,6.8055555556,-6.303526489330e-07
9.2361111111,6.8055555556,-5.649830826160e-07
9.3055555556,6.8055555556,-5.117277099360e-07
9.3750000000,6.8055555556,-4.505493042550e-07
9.4444444444,6.8055555556,-3.727441535100e-07
9.5138888889,6.8055555556,-2.865971021474e-07
9.5833333333,6.8055555556,-2.112579978734e-07
9.6527777778,6.8055555556,-1.635744107902e-07
9.7222222222,6.8055555556,-1.489821745982e-07
9.7916666667,6.8055555556,-1.612057314705e-07
9.8611111111,6.8055555556,-1.869104271673e-07
9.9305555556,6.8055555556,-2.107663548260e-07
0.0000000000,6.8750000000,-1.854028914444e-07
0.0694444444,6.8750000000,-1.759021728851e-07
0.1388888889,6.8750000000,-1.536111699196e-07
0.2083333333,6.8750000000,-1.329551782897e-07
0.2777777778,6.8750000000,-1.284866607334e-07
0.3472222222,6.8750000000,-1.498533129311e-07
0.4166666667,6.8750000000,-2.000062176607e-07
0.4861111111,6.8750000000,-2.731104195383e-07
0.5555555556,6.8750000000,-3.540781990850e-07
0.6250000000,6.8750000000,-4.254626379290e-07
0.6944444444,6.8750000000,-4.798309547280e-07
0.7638888889,6.8750000000,-5.262608002860e-07
0.8333333333,6.8750000000,-5.842133197790e-07
0.9027777778,6.8750000000,-6.727891783820e-07
0.9722222222,6.8750000000,-8.073785581460e-07
1.0416666667,6.8750000000,-1.002394224390e-06
1.1111111111,6.8750000000,-1.268129442490e-06
1.1805555556,6.8750000000,-1.599693817920e-06
1.2500000000,6.8750000000,-1.973494202210e-06
1.3194444444,6.8750000000,-2.364394228310e-06
1.3888888889,6.8750000000,-2.773206754610e-06
1.4583333333,6.8750000000,-3.239526281840e-06
1.5277777778,6.8750000000,-3.829465018840e-06
1.5972222222,6.8750000000,-4.613075376240e-06
1.6666666667,6.8750000000,-5.650104722000e-06
1.7361111111,6.8750000000,-6.984441049900e-06
1.8055555556,6.8750000000,-8.637328749000e-06
1.8750000000,6.8750000000,-1.060318780660e-05
1.9444444444,6.8750000000,-1.286695879260e-05
2.0138888889,6.8750000000,-1.544934572210e-05
2.0833333333,6.8750000000,-1.845487504830e-05
2.1527777778,6.8750000000,-2.208593828510e-05
2.2222222222,6.8750000000,-2.661161119130e-05
2.2916666667,6.8750000000,-3.231530360320e-05
2.3611111111,6.8750000000,-3.945244551600e-05
2.4305555556,6.8750000000,-4.822816884000e-05
2.5000000000,6.8750000000,-5.878908666300e-05
2.5694444444,6.8750000000,-7.123308013300e-05
2.6388888889,6.8750000000,-8.565615693800e-05
2.7083333333,6.8750000000,-1.022435730850e-04
2.7777777778,6.8750000000,-1.213745226950e-04
2.8472222222,6.8750000000,-1.436834402290e-04
2.9166666667,6.8750000000,-1.700379402390e-04
2.9861111111,6.8750000000,-2.014431114980e-04
3.0555555556,6.8750000000,-2.389230274080e-04
3.1250000000,6.8750000000,-2.834330347990e-04
3.1944444444,6.8750000000,-3.358270291280e-04
3.2638888889,6.8750000000,-3.968715704190e-04
3.3333333333,6.8750000000,-4.672850777130e-04
3.4027777778,6.8750000000,-5.477856296100e-04
3.4722222222,6.8750000000,-6.391419563500e-04
3.5416666667,6.8750000000,-7.422269985000e-04
3.6111111111,6.8750000000,-8.580675165700e-04
3.6805555556,6.8750000000,-9.878694143400e-04
3.7500000000,6.8750000000,-1.132985112700e-03
3.8194444444,6.8750000000,-1.294788051510e-03
3.8888888889,6.8750000000,-1.474438519000e-03
3.9583333333,6.8750000000,-1.672562302290e-03
4.0277777778,6.8750000000,-1.888905339160e-03
4.0972222222,6.8750000000,-2.122054967350e-03
4.1666666667,6.8750000000,-2.369316636950e-03
4.2361111111,6.8750000000,-2.626798380380e-03
4.3055555556,6.8750000000,-2.889690484950e-03
4.3750000000,6.8750000000,-3.152655797130e-03
4.4444444444,6.8750000000,-3.410199365390e-03
4.5138888889,6.8750000000,-3.656894375620e-03
4.5833333333,6.8750000000,-3.887411375500e-03
4.6527777778,6.8750000000,-4.096402828120e-03
4.7222222222,6.8750000000,-4.278384469380e-03
4.7916666667,6.8750000000,-4.427780123570e-03
4.8611111111,6.8750000000,-4.539236883960e-03
4.9305555556,6.8750000000,-4.608192946940e-03
5.0000000000,6.8750000000,-4.631546002960e-03
5.0694444444,6.8750000000,-4.608192943910e-03
5.1388888889,6.8750000000,-4.539236878020e-03
5.2083333333,6.8750000000,-4.427780115080e-03
5.2777777778,6.8750000000,-4.278384458720e-03
5.3472222222,6.8750000000,-4.096402815870e-03
5.4166666667,6.8750000000,-3.887411362150e-03
5.4861111111,6.8750000000,-3.656894361800e-03
5.5555555556,6.8750000000,-3.410199351470e-03
5.6250000000,6.8750000000,-3.152655783230e-03
5.6944444444,6.8750000000,-2.889690470920e-03
5.7638888889,6.8750000000,-2.626798365960e-03
5.8333333333,6.8750000000,-2.369316622360e-03
5.9027777778,6.8750000000,-2.122054952560e-03
5.9722222222,6.8750000000,-1.888905324280e-03
6.0416666667,6.8750000000,-1.672562287350e-03
6.1111111111,6.8750000000,-1.474438504470e-03
6.1805555556,6.8750000000,-1.294788037230e-03
6.2500000000,6.8750000000,-1.132985098700e-03
6.3194444444,6.8750000000,-9.878694007400e-04
6.3888888889,6.8750000000,-8.580675034200e-04
6.4583333333,6.8750000000,-7.422269860100e-04
6.5277777778,6.8750000000,-6.391419449100e-04
6.5972222222,6.8750000000,-5.477856194200e-04
6.6666666667,6.8750000000,-4.672850688960e-04
6.7361111111,6.8750000000,-3.968715628810e-04
6.8055555556,6.8750000000,-3.358270226410e-04
6.8750000000,6.8750000000,-2.834330290500e-04
6.9444444444,6.8750000000,-2.389230221350e-04
7.0138888889,6.8750000000,-2.014431065580e-04
7.0833333333,6.8750000000,-1.700379356300e-04
7.1527777778,6.8750000000,-1.436834360420e-04
7.2222222222,6.8750000000,-1.213745190500e-04
7.2916666667,6.8750000000,-1.022435700710e-04
7.3611111111,6.8750000000,-8.565615452200e-05
7.4305555556,6.8750000000,-7.123307820200e-05
7.5000000000,6.8750000000,-5.878908504600e-05
7.5694444444,6.8750000000,-4.822816738500e-05
7.6388888889,6.8750000000,-3.945244414900e-05
7.7083333333,6.8750000000,-3.231530234090e-05
7.7777777778,6.8750000000,-2.661161010560e-05
7.8472222222,6.8750000000,-2.208593744920e-05
7.9166666667,6.8750000000,-1.845487448610e-05
7.9861111111,6.8750000000,-1.544934539430e-05
8.0555555556,6.8750000000,-1.286695860960e-05
8.1250000000,6.8750000000,-1.060318766780e-05
8.1944444444,6.8750000000,-8.637328584500e-06
8.2638888889,6.8750000000,-6.984440850800e-06
8.3333333333,6.8750000000,-5.650104536100e-06
8.4027777778,6.8750000000,-4.613075276300e-06
8.4722222222,6.8750000000,-3.829465058360e-06
8.5416666667,6.8750000000,-3.239526464800e-06
8.6111111111,6.8750000000,-2.773207032060e-06
8.6805555556,6.8750000000,-2.364394521390e-06
8.7500000000,6.8750000000,-1.973494437190e-06
8.8194444444,6.8750000000,-1.599693958380e-06
8.8888888889,6.8750000000,-1.268129505050e-06
8.9583333333,6.8750000000,-1.002394269250e-06
9.0277777778,6.8750000000,-8.073786565210e-07
9.0972222222,6.8750000000,-6.727893738740e-07
9.1666666667,6.8750000000,-5.842136047950e-07
9.2361111111,6.8750000000,-5.262611205690e-07
9.3055555556,6.8750000000,-4.798312368050e-07
9.3750000000,6.8750000000,-4.254628238900e-07
9.4444444444,6.8750000000,-3.540782723760e-07
9.5138888889,6.8750000000,-2.731104122776e-07
9.5833333333,6.8750000000,-2.000061949674e-07
9.6527777778,6.8750000000,-1.498533404099e-07
9.7222222222,6.8750000000,-1.284867701459e-07
9.7916666667,6.8750000000,-1.329553505873e-07
9.8611111111,6.8750000000,-1.536113457997e-07
9.9305555556,6.8750000000,-1.759022833376e-07
0.0000000000,6.9444444444,-1.622555686985e-07
0.0694444444,6.9444444444,-1.546764387157e-07
0.1388888889,6.9444444444,-1.377589994647e-07
0.2083333333,6.9444444444,-1.244703142444e-07
0.2777777778,6.9444444444,-1.266327031896e-07
0.3472222222,6.9444444444,-1.507917632078e-07
0.4166666667,6.9444444444,-1.982396318569e-07
0.4861111111,6.9444444444,-2.641021466546e-07
0.5555555556,6.9444444444,-3.361442990890e-07
0.6250000000,6.9444444444,-3.995780148830e-07
0.6944444444,6.9444444444,-4.478290046580e-07
0.7638888889,6.9444444444,-4.890064275760e-07
0.8333333333,6.9444444444,-5.406497939520e-07
0.9027777778,6.9444444444,-6.195663419980e-07
0.9722222222,6.9444444444,-7.388793296410e-07
1.0416666667,6.9444444444,-9.120220254500e-07
1.1111111111,6.9444444444,-1.151376093020e-06
1.1805555556,6.9444444444,-1.457022345790e-06
1.2500000000,6.9444444444,-1.809379162270e-06
1.3194444444,6.9444444444,-2.181345178810e-06
1.3888888889,6.9444444444,-2.564791365730e-06
1.4583333333,6.9444444444,-2.988325586950e-06
1.5277777778,6.9444444444,-3.511348173760e-06
1.5972222222,6.9444444444,-4.203027690390e-06
1.6666666667,6.9444444444,-5.124721123700e-06
1.7361111111,6.9444444444,-6.322121619900e-06
1.8055555556,6.9444444444,-7.820389523700e-06
1.8750000000,6.9444444444,-9.620663332600e-06
1.9444444444,6.9444444444,-1.170956770690e-05
2.0138888889,6.9444444444,-1.409093452310e-05
2.0833333333,6.9444444444,-1.682804422320e-05
2.1527777778,6.9444444444,-2.006880216790e-05
2.2222222222,6.9444444444,-2.403537376180e-05
2.2916666667,6.9444444444,-2.898538149900e-05
2.3611111111,6.9444444444,-3.516813142120e-05
2.4305555556,6.9444444444,-4.279437108600e-05
2.5000000000,6.9444444444,-5.202425220000e-05
2.5694444444,6.9444444444,-6.297327598700e-05
2.6388888889,6.9444444444,-7.574078622000e-05
2.7083333333,6.9444444444,-9.046547868100e-05
2.7777777778,6.9444444444,-1.073984536420e-04
2.8472222222,6.9444444444,-1.269662473870e-04
2.9166666667,6.9444444444,-1.497925798550e-04
2.9861111111,6.9444444444,-1.766654720130e-04
3.0555555556,6.9444444444,-2.084639850060e-04
3.1250000000,6.9444444444,-2.460764195300e-04
3.1944444444,6.9444444444,-2.903390156900e-04
3.2638888889,6.9444444444,-3.420064231470e-04
3.3333333333,6.9444444444,-4.017469050470e-04
3.4027777778,6.9444444444,-4.701488112240e-04
3.4722222222,6.9444444444,-5.477332309300e-04
3.5416666667,6.9444444444,-6.349822482500e-04
3.6111111111,6.9444444444,-7.323968203000e-04
3.6805555556,6.9444444444,-8.405810558000e-04
3.7500000000,6.9444444444,-9.603158497100e-04
3.8194444444,6.9444444444,-1.092558163730e-03
3.8888888889,6.9444444444,-1.238308312540e-03
3.9583333333,6.9444444444,-1.398332313260e-03
4.0277777778,6.9444444444,-1.572790287610e-03
4.0972222222,6.9444444444,-1.760874704150e-03
4.1666666667,6.9444444444,-1.960580284370e-03
4.2361111111,6.9444444444,-2.168699975660e-03
4.3055555556,6.9444444444,-2.381070703230e-03
4.3750000000,6.9444444444,-2.592998145320e-03
4.4444444444,6.9444444444,-2.799711592750e-03
4.5138888889,6.9444444444,-2.996684012260e-03
4.5833333333,6.9444444444,-3.179718969400e-03
4.6527777778,6.9444444444,-3.344827866190e-03
4.7222222222,6.9444444444,-3.488035173040e-03
4.7916666667,6.9444444444,-3.605294926050e-03
4.8611111111,6.9444444444,-3.692653010130e-03
4.9305555556,6.9444444444,-3.746667117550e-03
5.0000000000,6.9444444444,-3.764956538740e-03
5.0694444444,6.9444444444,-3.746667119730e-03
5.1388888889,6.9444444444,-3.692653013740e-03
5.2083333333,6.9444444444,-3.605294930050e-03
5.2777777778,6.9444444444,-3.488035175900e-03
5.3472222222,6.9444444444,-3.344827866950e-03
5.4166666667,6.9444444444,-3.179718967710e-03
5.4861111111,6.9444444444,-2.996684007970e-03
5.5555555556,6.9444444444,-2.799711586540e-03
5.6250000000,6.9444444444,-2.592998137730e-03
5.6944444444,6.9444444444,-2.381070694550e-03
5.7638888889,6.9444444444,-2.168699966120e-03
5.8333333333,6.9444444444,-1.960580274100e-03
5.9027777778,6.9444444444,-1.760874693050e-03
5.9722222222,6.9444444444,-1.572790275780e-03
6.0416666667,6.9444444444,-1.398332300710e-03
6.1111111111,6.9444444444,-1.238308299520e-03
6.1805555556,6.9444444444,-1.092558150720e-03
6.2500000000,6.9444444444,-9.603158369400e-04
6.3194444444,6.9444444444,-8.405810436800e-04
6.3888888889,6.9444444444,-7.323968089900e-04
6.4583333333,6.9444444444,-6.349822379100e-04
6.5277777778,6.9444444444,-5.477332216000e-04
6.5972222222,6.9444444444,-4.701488028650e-04
6.6666666667,6.9444444444,-4.017468975780e-04
6.7361111111,6.9444444444,-3.420064164580e-04
6.8055555556,6.9444444444,-2.903390096890e-04
6.8750000000,6.9444444444,-2.460764141410e-04
6.9444444444,6.9444444444,-2.084639801580e-04
7.0138888889,6.9444444444,-1.766654676580e-04
7.0833333333,6.9444444444,-1.497925759450e-04
7.1527777778,6.9444444444,-1.269662438910e-04
7.2222222222,6.9444444444,-1.073984505470e-04
7.2916666667,6.9444444444,-9.046547597800e-05
7.3611111111,6.9444444444,-7.574078389800e-05
7.4305555556,6.9444444444,-6.297327403200e-05
7.5000000000,6.9444444444,-5.202425057800e-05
7.5694444444,6.9444444444,-4.279436974900e-05
7.6388888889,6.9444444444,-3.516813031770e-05
7.7083333333,6.9444444444,-2.898538057910e-05
7.7777777778,6.9444444444,-2.403537298340e-05
7.8472222222,6.9444444444,-2.006880150250e-05
7.9166666667,6.9444444444,-1.682804365710e-05
7.9861111111,6.9444444444,-1.409093406270e-05
8.0555555556,6.9444444444,-1.170956736390e-05
8.1250000000,6.9444444444,-9.620663114900e-06
8.1944444444,6.9444444444,-7.820389423600e-06
8.2638888889,6.9444444444,-6.322121614400e-06
8.3333333333,6.9444444444,-5.124721180400e-06
8.4027777778,6.9444444444,-4.203027776100e-06
8.4722222222,6.9444444444,-3.511348263940e-06
8.5416666667,6.9444444444,-2.988325673630e-06
8.6111111111,6.9444444444,-2.564791459090e-06
8.6805555556,6.9444444444,-2.181345299770e-06
8.7500000000,6.9444444444,-1.809379327440e-06
8.8194444444,6.9444444444,-1.457022556520e-06
8.8888888889,6.9444444444,-1.151376333780e-06
8.9583333333,6.9444444444,-9.120222712200e-07
9.0277777778,6.9444444444,-7.388795559080e-07
9.0972222222,6.9444444444,-6.195665332920e-07
9.1666666667,6.9444444444,-5.406499490820e-07
9.2361111111,6.9444444444,-4.890065604010e-07
9.3055555556,6.9444444444,-4.478291370920e-07
9.3750000000,6.9444444444,-3.995781643730e-07
9.4444444444,6.9444444444,-3.361444674520e-07
9.5138888889,6.9444444444,-2.641023188939e-07
9.5833333333,6.9444444444,-1.982397843842e-07
9.6527777778,6.9444444444,-1.507918753698e-07
9.7222222222,6.9444444444,-1.266327657284e-07
9.7916666667,6.9444444444,-1.244703324249e-07
9.8611111111,6.9444444444,-1.377589912196e-07
9.9305555556,6.9444444444,-1.546764267040e-07
0.0000000000,7.0138888889,-1.596596855524e-07
0.0694444444,7.0138888889,-1.543124509457e-07
0.1388888889,7.0138888889,-1.427306411508e-07
0.2083333333,7.0138888889,-1.347319064609e-07
0.2777777778,7.0138888889,-1.390578211829e-07
0.3472222222,7.0138888889,-1.605056365687e-07
0.4166666667,7.0138888889,-2.003263697558e-07
0.4861111111,7.0138888889,-2.553484190410e-07
0.5555555556,7.0138888889,-3.163282424320e-07
0.6250000000,7.0138888889,-3.712163146890e-07
0.6944444444,7.0138888889,-4.140182014140e-07
0.7638888889,7.0138888889,-4.509229879480e-07
0.8333333333,7.0138888889,-4.967824852670e-07
0.9027777778,7.0138888889,-5.666667608520e-07
0.9722222222,7.0138888889,-6.727047207700e-07
1.0416666667,7.0138888889,-8.271819985800e-07
1.1111111111,7.0138888889,-1.042179284260e-06
1.1805555556,7.0138888889,-1.320572044270e-06
1.2500000000,7.0138888889,-1.648099651920e-06
1.3194444444,7.0138888889,-2.000404366140e-06
1.3888888889,7.0138888889,-2.364420736420e-06
1.4583333333,7.0138888889,-2.757179514480e-06
1.5277777778,7.0138888889,-3.226750067110e-06
1.5972222222,7.0138888889,-3.836923179560e-06
1.6666666667,7.0138888889,-4.649159491200e-06
1.7361111111,7.0138888889,-5.711276520500e-06
1.8055555556,7.0138888889,-7.052165424400e-06
1.8750000000,7.0138888889,-8.680107292900e-06
1.9444444444,7.0138888889,-1.058877193970e-05
2.0138888889,7.0138888889,-1.277707372950e-05
2.0833333333,7.0138888889,-1.527994389890e-05
2.1527777778,7.0138888889,-1.819504782460e-05
2.2222222222,7.0138888889,-2.168880311050e-05
2.2916666667,7.0138888889,-2.597678937330e-05
2.3611111111,7.0138888889,-3.128893783300e-05
2.4305555556,7.0138888889,-3.783679658130e-05
2.5000000000,7.0138888889,-4.579570922200e-05
2.5694444444,7.0138888889,-5.530552915400e-05
2.6388888889,7.0138888889,-6.648745031000e-05
2.7083333333,7.0138888889,-7.947350359600e-05
2.7777777778,7.0138888889,-9.444533134400e-05
2.8472222222,7.0138888889,-1.116763261850e-04
2.9166666667,7.0138888889,-1.315669363550e-04
2.9861111111,7.0138888889,-1.546609327860e-04
3.0555555556,7.0138888889,-1.816338482760e-04
3.1250000000,7.0138888889,-2.132533228630e-04
3.1944444444,7.0138888889,-2.503207974600e-04
3.2638888889,7.0138888889,-2.936090370740e-04
3.3333333333,7.0138888889,-3.438068459810e-04
3.4027777778,7.0138888889,-4.014751068960e-04
3.4722222222,7.0138888889,-4.670172283080e-04
3.5416666667,7.0138888889,-5.406770837180e-04
3.6111111111,7.0138888889,-6.225869449100e-04
3.6805555556,7.0138888889,-7.128757786000e-04
3.7500000000,7.0138888889,-8.118085402300e-04
3.8194444444,7.0138888889,-9.198835196400e-04
3.8888888889,7.0138888889,-1.037804584620e-03
3.9583333333,7.0138888889,-1.166285218650e-03
4.0277777778,7.0138888889,-1.305713021580e-03
4.0972222222,7.0138888889,-1.455770296030e-03
4.1666666667,7.0138888889,-1.615139782660e-03
4.2361111111,7.0138888889,-1.781411557780e-03
4.3055555556,7.0138888889,-1.951245545960e-03
4.3750000000,7.0138888889,-2.120747011430e-03
4.4444444444,7.0138888889,-2.285917949410e-03
4.5138888889,7.0138888889,-2.443009278780e-03
4.5833333333,7.0138888889,-2.588649830330e-03
4.6527777778,7.0138888889,-2.719748132740e-03
4.7222222222,7.0138888889,-2.833286703000e-03
4.7916666667,7.0138888889,-2.926187997600e-03
4.8611111111,7.0138888889,-2.995395267900e-03
4.9305555556,7.0138888889,-3.038197901030e-03
5.0000000000,7.0138888889,-3.052694528750e-03
5.0694444444,7.0138888889,-3.038197906300e-03
5.1388888889,7.0138888889,-2.995395277480e-03
5.2083333333,7.0138888889,-2.926188009170e-03
5.2777777778,7.0138888889,-2.833286714300e-03
5.3472222222,7.0138888889,-2.719748141720e-03
5.4166666667,7.0138888889,-2.588649835820e-03
5.4861111111,7.0138888889,-2.443009280720e-03
5.5555555556,7.0138888889,-2.285917948050e-03
5.6250000000,7.0138888889,-2.120747007630e-03
5.6944444444,7.0138888889,-1.951245540420e-03
5.7638888889,7.0138888889,-1.781411551020e-03
5.8333333333,7.0138888889,-1.615139774890e-03
5.9027777778,7.0138888889,-1.455770287250e-03
5.9722222222,7.0138888889,-1.305713011700e-03
6.0416666667,7.0138888889,-1.166285207730e-03
6.1111111111,7.0138888889,-1.037804572980e-03
6.1805555556,7.0138888889,-9.198835078400e-04
6.2500000000,7.0138888889,-8.118085288200e-04
6.3194444444,7.0138888889,-7.128757679700e-04
6.3888888889,7.0138888889,-6.225869353300e-04
6.4583333333,7.0138888889,-5.406770752070e-04
6.5277777778,7.0138888889,-4.670172207360e-04
6.5972222222,7.0138888889,-4.014751000280e-04
6.6666666667,7.0138888889,-3.438068396120e-04
6.7361111111,7.0138888889,-2.936090311390e-04
6.8055555556,7.0138888889,-2.503207919660e-04
6.8750000000,7.0138888889,-2.132533178610e-04
6.9444444444,7.0138888889,-1.816338438550e-04
7.0138888889,7.0138888889,-1.546609289440e-04
7.0833333333,7.0138888889,-1.315669330240e-04
7.1527777778,7.0138888889,-1.116763232590e-04
7.2222222222,7.0138888889,-9.444532871400e-05
7.2916666667,7.0138888889,-7.947350120200e-05
7.3611111111,7.0138888889,-6.648744814600e-05
7.4305555556,7.0138888889,-5.530552726300e-05
7.5000000000,7.0138888889,-4.579570765500e-05
7.5694444444,7.0138888889,-3.783679536080e-05
7.6388888889,7.0138888889,-3.128893692430e-05
7.7083333333,7.0138888889,-2.597678869210e-05
7.7777777778,7.0138888889,-2.168880254700e-05
7.8472222222,7.0138888889,-1.819504729050e-05
7.9166666667,7.0138888889,-1.527994335940e-05
7.9861111111,7.0138888889,-1.277707321670e-05
8.0555555556,7.0138888889,-1.058877152510e-05
8.1250000000,7.0138888889,-8.680107048500e-06
8.1944444444,7.0138888889,-7.052165378300e-06
8.2638888889,7.0138888889,-5.711276641800e-06
8.3333333333,7.0138888889,-4.649159700600e-06
8.4027777778,7.0138888889,-3.836923382020e-06
8.4722222222,7.0138888889,-3.226750192520e-06
8.5416666667,7.0138888889,-2.757179549030e-06
8.6111111111,7.0138888889,-2.364420725780e-06
8.6805555556,7.0138888889,-2.000404390060e-06
8.7500000000,7.0138888889,-1.648099780220e-06
8.8194444444,7.0138888889,-1.320572300390e-06
8.8888888889,7.0138888889,-1.042179633520e-06
8.9583333333,7.0138888889,-8.271823657000e-07
9.0277777778,7.0138888889,-6.727050245350e-07
9.0972222222,7.0138888889,-5.666669508990e-07
9.1666666667,7.0138888889,-4.967825645140e-07
9.2361111111,7.0138888889,-4.509230108270e-07
9.3055555556,7.0138888889,-4.140182464000e-07
9.3750000000,7.0138888889,-3.712164436730e-07
9.4444444444,7.0138888889,-3.163284680850e-07
9.5138888889,7.0138888889,-2.553486986530e-07
9.5833333333,7.0138888889,-2.003266272138e-07
9.6527777778,7.0138888889,-1.605058000385e-07
9.7222222222,7.0138888889,-1.390578569193e-07
9.7916666667,7.0138888889,-1.347318340978e-07
9.8611111111,7.0138888889,-1.427305243974e-07
9.9305555556,7.0138888889,-1.543123667333e-07
0.0000000000,7.0833333333,-1.676581805710e-07
0.0694444444,7.0833333333,-1.640628254310e-07
0.1388888889,7.0833333333,-1.561842953144e-07
0.2083333333,7.0833333333,-1.505661635714e-07
0.2777777778,7.0833333333,-1.534693695137e-07
0.3472222222,7.0833333333,-1.690669820443e-07
0.4166666667,7.0833333333,-1.993122933550e-07
0.4861111111,7.0833333333,-2.426464339070e-07
0.5555555556,7.0833333333,-2.923835547890e-07
0.6250000000,7.0833333333,-3.390403758890e-07
0.6944444444,7.0833333333,-3.771746945880e-07
0.7638888889,7.0833333333,-4.107454309160e-07
0.8333333333,7.0833333333,-4.515415475960e-07
0.9027777778,7.0833333333,-5.131780437620e-07
0.9722222222,7.0833333333,-6.077013010240e-07
1.0416666667,7.0833333333,-7.465250865000e-07
1.1111111111,7.0833333333,-9.400017009300e-07
1.1805555556,7.0833333333,-1.191625146440e-06
1.2500000000,7.0833333333,-1.492115556940e-06
1.3194444444,7.0833333333,-1.822772767820e-06
1.3888888889,7.0833333333,-2.169848440230e-06
1.4583333333,7.0833333333,-2.540513701890e-06
1.5277777778,7.0833333333,-2.968759649190e-06
1.5972222222,7.0833333333,-3.507939125500e-06
1.6666666667,7.0833333333,-4.216150719720e-06
1.7361111111,7.0833333333,-5.142913869200e-06
1.8055555556,7.0833333333,-6.321574787000e-06
1.8750000000,7.0833333333,-7.767967378900e-06
1.9444444444,7.0833333333,-9.485363423100e-06
2.0138888889,7.0833333333,-1.147652506390e-05
2.0833333333,7.0833333333,-1.376218256650e-05
2.1527777778,7.0833333333,-1.640109016460e-05
2.2222222222,7.0833333333,-1.950323575480e-05
2.2916666667,7.0833333333,-2.322874054680e-05
2.3611111111,7.0833333333,-2.777136519030e-05
2.4305555556,7.0833333333,-3.333375893080e-05
2.5000000000,7.0833333333,-4.010599667710e-05
2.5694444444,7.0833333333,-4.825631918900e-05
2.6388888889,7.0833333333,-5.793532418100e-05
2.7083333333,7.0833333333,-6.928811433300e-05
2.7777777778,7.0833333333,-8.246854719500e-05
2.8472222222,7.0833333333,-9.765588424400e-05
2.9166666667,7.0833333333,-1.150800903600e-04
2.9861111111,7.0833333333,-1.350590888420e-04
3.0555555556,7.0833333333,-1.580381401950e-04
3.1250000000,7.0833333333,-1.846088688950e-04
3.1944444444,7.0833333333,-2.154872249490e-04
3.2638888889,7.0833333333,-2.514473848990e-04
3.3333333333,7.0833333333,-2.932279976730e-04
3.4027777778,7.0833333333,-3.414342996690e-04
3.4722222222,7.0833333333,-3.964574092500e-04
3.5416666667,7.0833333333,-4.584336721730e-04
3.6111111111,7.0833333333,-5.272721833050e-04
3.6805555556,7.0833333333,-6.027679079130e-04
3.7500000000,7.0833333333,-6.847772734000e-04
3.8194444444,7.0833333333,-7.733814756700e-04
3.8888888889,7.0833333333,-8.689416857300e-04
3.9583333333,7.0833333333,-9.719844429100e-04
4.0277777778,7.0833333333,-1.082928317760e-03
4.0972222222,7.0833333333,-1.201734284630e-03
4.1666666667,7.0833333333,-1.327601158590e-03
4.2361111111,7.0833333333,-1.458822677800e-03
4.3055555556,7.0833333333,-1.592873143450e-03
4.3750000000,7.0833333333,-1.726701985450e-03
4.4444444444,7.0833333333,-1.857124742990e-03
4.5138888889,7.0833333333,-1.981149751410e-03
4.5833333333,7.0833333333,-2.096114303140e-03
4.6527777778,7.0833333333,-2.199609933980e-03
4.7222222222,7.0833333333,-2.289294737340e-03
4.7916666667,7.0833333333,-2.362754241290e-03
4.8611111111,7.0833333333,-2.417547393660e-03
4.9305555556,7.0833333333,-2.451473690560e-03
5.0000000000,7.0833333333,-2.462971677590e-03
5.0694444444,7.0833333333,-2.451473695640e-03
5.1388888889,7.0833333333,-2.417547402830e-03
5.2083333333,7.0833333333,-2.362754252510e-03
5.2777777778,7.0833333333,-2.289294748290e-03
5.3472222222,7.0833333333,-2.199609942890e-03
5.4166666667,7.0833333333,-2.096114308920e-03
5.4861111111,7.0833333333,-1.981149753580e-03
5.5555555556,7.0833333333,-1.857124742030e-03
5.6250000000,7.0833333333,-1.726701981990e-03
5.6944444444,7.0833333333,-1.592873138280e-03
5.7638888889,7.0833333333,-1.458822671470e-03
5.8333333333,7.0833333333,-1.327601151220e-03
5.9027777778,7.0833333333,-1.201734276370e-03
5.9722222222,7.0833333333,-1.082928308600e-03
6.0416666667,7.0833333333,-9.719844330300e-04
6.1111111111,7.0833333333,-8.689416753400e-04
6.1805555556,7.0833333333,-7.733814652800e-04
6.2500000000,7.0833333333,-6.847772634900e-04
6.3194444444,7.0833333333,-6.027678988470e-04
6.3888888889,7.0833333333,-5.272721752440e-04
6.4583333333,7.0833333333,-4.584336650770e-04
6.5277777778,7.0833333333,-3.964574028930e-04
6.5972222222,7.0833333333,-3.414342938290e-04
6.6666666667,7.0833333333,-2.932279921620e-04
6.7361111111,7.0833333333,-2.514473796600e-04
6.8055555556,7.0833333333,-2.154872200300e-04
6.8750000000,7.0833333333,-1.846088644090e-04
6.9444444444,7.0833333333,-1.580381362290e-04
7.0138888889,7.0833333333,-1.350590854230e-04
7.0833333333,7.0833333333,-1.150800874260e-04
7.1527777778,7.0833333333,-9.765588169500e-05
7.2222222222,7.0833333333,-8.246854491100e-05
7.2916666667,7.0833333333,-6.928811224500e-05
7.3611111111,7.0833333333,-5.793532227800e-05
7.4305555556,7.0833333333,-4.825631750800e-05
7.5000000000,7.0833333333,-4.010599527420e-05
7.5694444444,7.0833333333,-3.333375783690e-05
7.6388888889,7.0833333333,-2.777136438290e-05
7.7083333333,7.0833333333,-2.322873994890e-05
7.7777777778,7.0833333333,-1.950323526650e-05
7.8472222222,7.0833333333,-1.640108970370e-05
7.9166666667,7.0833333333,-1.376218210180e-05
7.9861111111,7.0833333333,-1.147652462410e-05
8.0555555556,7.0833333333,-9.485363076100e-06
8.1250000000,7.0833333333,-7.767967188200e-06
8.1944444444,7.0833333333,-6.321574778700e-06
8.2638888889,7.0833333333,-5.142914014100e-06
8.3333333333,7.0833333333,-4.216150943300e-06
8.4027777778,7.0833333333,-3.507939339040e-06
8.4722222222,7.0833333333,-2.968759787920e-06
8.5416666667,7.0833333333,-2.540513754580e-06
8.6111111111,7.0833333333,-2.169848451570e-06
8.6805555556,7.0833333333,-1.822772812680e-06
8.7500000000,7.0833333333,-1.492115700220e-06
8.8194444444,7.0833333333,-1.191625409350e-06
8.8888888889,7.0833333333,-9.400020502600e-07
8.9583333333,7.0833333333,-7.465254509700e-07
9.0277777778,7.0833333333,-6.077016038750e-07
9.0972222222,7.0833333333,-5.131782376470e-07
9.1666666667,7.0833333333,-4.515416358010e-07
9.2361111111,7.0833333333,-4.107454653780e-07
9.3055555556,7.0833333333,-3.771747494270e-07
9.3750000000,7.0833333333,-3.390405092630e-07
9.4444444444,7.0833333333,-2.923837784890e-07
9.5138888889,7.0833333333,-2.426467076290e-07
9.5833333333,7.0833333333,-1.993125451990e-07
9.6527777778,7.0833333333,-1.690671438458e-07
9.7222222222,7.0833333333,-1.534694091366e-07
9.7916666667,7.0833333333,-1.505660995302e-07
9.8611111111,7.0833333333,-1.561841879110e-07
9.9305555556,7.0833333333,-1.640627473680e-07
0.0000000000,7.1527777778,-1.701511987370e-07
0.0694444444,7.1527777778,-1.679570326780e-07
0.1388888889,7.1527777778,-1.629299342080e-07
0.2083333333,7.1527777778,-1.588225440880e-07
0.2777777778,7.1527777778,-1.599037314800e-07
0.3472222222,7.1527777778,-1.699440465590e-07
0.4166666667,7.1527777778,-1.914430677530e-07
0.4861111111,7.1527777778,-2.240564179690e-07
0.5555555556,7.1527777778,-2.633465320510e-07
0.6250000000,7.1527777778,-3.024591874550e-07
0.6944444444,7.1527777778,-3.368691080300e-07
0.7638888889,7.1527777778,-3.685426038200e-07
0.8333333333,7.1527777778,-4.059963153390e-07
0.9027777778,7.1527777778,-4.609890040720e-07
0.9722222222,7.1527777778,-5.454623732550e-07
1.0416666667,7.1527777778,-6.703304730030e-07
1.1111111111,7.1527777778,-8.441557130900e-07
1.1805555556,7.1527777778,-1.069968118900e-06
1.2500000000,7.1527777778,-1.342335617510e-06
1.3194444444,7.1527777778,-1.649024299870e-06
1.3888888889,7.1527777778,-1.978890595820e-06
1.4583333333,7.1527777778,-2.332560102920e-06
1.5277777778,7.1527777778,-2.729825235730e-06
1.5972222222,7.1527777778,-3.209441348420e-06
1.6666666667,7.1527777778,-3.821268344480e-06
1.7361111111,7.1527777778,-4.614619171540e-06
1.8055555556,7.1527777778,-5.628352794000e-06
1.8750000000,7.1527777778,-6.887047093400e-06
1.9444444444,7.1527777778,-8.404255844400e-06
2.0138888889,7.1527777778,-1.019061814280e-05
2.0833333333,7.1527777778,-1.226375100490e-05
2.1527777778,7.1527777778,-1.465847863130e-05
2.2222222222,7.1527777778,-1.743741202150e-05
2.2916666667,7.1527777778,-2.070061452830e-05
2.3611111111,7.1527777778,-2.458995791110e-05
2.4305555556,7.1527777778,-2.928312140770e-05
2.5000000000,7.1527777778,-3.497713727060e-05
2.5694444444,7.1527777778,-4.186885710470e-05
2.6388888889,7.1527777778,-5.014186766900e-05
2.7083333333,7.1527777778,-5.996256796000e-05
2.7777777778,7.1527777778,-7.147971549500e-05
2.8472222222,7.1527777778,-8.482373567300e-05
2.9166666667,7.1527777778,-1.001150819770e-04
2.9861111111,7.1527777778,-1.174986696750e-04
3.0555555556,7.1527777778,-1.372076890710e-04
3.1250000000,7.1527777778,-1.596312646450e-04
3.1944444444,7.1527777778,-1.853433978470e-04
3.2638888889,7.1527777778,-2.150641916580e-04
3.3333333333,7.1527777778,-2.495575676220e-04
3.4027777778,7.1527777778,-2.894957414470e-04
3.4722222222,7.1527777778,-3.353283357350e-04
3.5416666667,7.1527777778,-3.871941989680e-04
3.6111111111,7.1527777778,-4.449145232190e-04
3.6805555556,7.1527777778,-5.080927838250e-04
3.7500000000,7.1527777778,-5.763043638160e-04
3.8194444444,7.1527777778,-6.493012557150e-04
3.8888888889,7.1527777778,-7.271280863200e-04
3.9583333333,7.1527777778,-8.100750103800e-04
4.0277777778,7.1527777778,-8.984665142300e-04
4.0972222222,7.1527777778,-9.923590626200e-04
4.1666666667,7.1527777778,-1.091259910560e-03
4.2361111111,7.1527777778,-1.193974900870e-03
4.3055555556,7.1527777778,-1.298648988720e-03
4.3750000000,7.1527777778,-1.402989020610e-03
4.4444444444,7.1527777778,-1.504577841140e-03
4.5138888889,7.1527777778,-1.601143639800e-03
4.5833333333,7.1527777778,-1.690672925350e-03
4.6527777778,7.1527777778,-1.771343924360e-03
4.7222222222,7.1527777778,-1.841360644460e-03
4.7916666667,7.1527777778,-1.898826726250e-03
4.8611111111,7.1527777778,-1.941779776150e-03
4.9305555556,7.1527777778,-1.968420211710e-03
5.0000000000,7.1527777778,-1.977457518520e-03
5.0694444444,7.1527777778,-1.968420213450e-03
5.1388888889,7.1527777778,-1.941779779350e-03
5.2083333333,7.1527777778,-1.898826729750e-03
5.2777777778,7.1527777778,-1.841360647280e-03
5.3472222222,7.1527777778,-1.771343925810e-03
5.4166666667,7.1527777778,-1.690672924840e-03
5.4861111111,7.1527777778,-1.601143637350e-03
5.5555555556,7.1527777778,-1.504577836800e-03
5.6250000000,7.1527777778,-1.402989014790e-03
5.6944444444,7.1527777778,-1.298648981770e-03
5.7638888889,7.1527777778,-1.193974893130e-03
5.8333333333,7.1527777778,-1.091259902270e-03
5.9027777778,7.1527777778,-9.923590538500e-04
5.9722222222,7.1527777778,-8.984665051000e-04
6.0416666667,7.1527777778,-8.100750010400e-04
6.1111111111,7.1527777778,-7.271280770500e-04
6.1805555556,7.1527777778,-6.493012468280e-04
6.2500000000,7.1527777778,-5.763043555350e-04
6.3194444444,7.1527777778,-5.080927762500e-04
6.3888888889,7.1527777778,-4.449145163910e-04
6.4583333333,7.1527777778,-3.871941928070e-04
6.5277777778,7.1527777778,-3.353283300990e-04
6.5972222222,7.1527777778,-2.894957362180e-04
6.6666666667,7.1527777778,-2.495575627330e-04
6.7361111111,7.1527777778,-2.150641870840e-04
6.8055555556,7.1527777778,-1.853433936060e-04
6.8750000000,7.1527777778,-1.596312607680e-04
6.9444444444,7.1527777778,-1.372076855780e-04
7.0138888889,7.1527777778,-1.174986665860e-04
7.0833333333,7.1527777778,-1.001150792750e-04
7.1527777778,7.1527777778,-8.482373331300e-05
7.2222222222,7.1527777778,-7.147971343700e-05
7.2916666667,7.1527777778,-5.996256616400e-05
7.3611111111,7.1527777778,-5.014186610600e-05
7.4305555556,7.1527777778,-4.186885575530e-05
7.5000000000,7.1527777778,-3.497713612500e-05
7.5694444444,7.1527777778,-2.928312045190e-05
7.6388888889,7.1527777778,-2.458995712540e-05
7.7083333333,7.1527777778,-2.070061388450e-05
7.7777777778,7.1527777778,-1.743741149160e-05
7.8472222222,7.1527777778,-1.465847819570e-05
7.9166666667,7.1527777778,-1.226375065680e-05
7.9861111111,7.1527777778,-1.019061788350e-05
8.0555555556,7.1527777778,-8.404255679400e-06
8.1250000000,7.1527777778,-6.887047022500e-06
8.1944444444,7.1527777778,-5.628352808100e-06
8.2638888889,7.1527777778,-4.614619251780e-06
8.3333333333,7.1527777778,-3.821268465300e-06
8.4027777778,7.1527777778,-3.209441484280e-06
8.4722222222,7.1527777778,-2.729825370430e-06
8.5416666667,7.1527777778,-2.332560234520e-06
8.6111111111,7.1527777778,-1.978890736190e-06
8.6805555556,7.1527777778,-1.649024465750e-06
8.7500000000,7.1527777778,-1.342335819650e-06
8.8194444444,7.1527777778,-1.069968355760e-06
8.8888888889,7.1527777778,-8.441559704300e-07
8.9583333333,7.1527777778,-6.703307296610e-07
9.0277777778,7.1527777778,-5.454626088290e-07
9.0972222222,7.1527777778,-4.609892063340e-07
9.1666666667,7.1527777778,-4.059964846670e-07
9.2361111111,7.1527777778,-3.685427529200e-07
9.3055555556,7.1527777778,-3.368692551350e-07
9.3750000000,7.1527777778,-3.024593461660e-07
9.4444444444,7.1527777778,-2.633467033240e-07
9.5138888889,7.1527777778,-2.240565894570e-07
9.5833333333,7.1527777778,-1.914432197910e-07
9.6527777778,7.1527777778,-1.699441613140e-07
9.7222222222,7.1527777778,-1.599038005630e-07
9.7916666667,7.1527777778,-1.588225718110e-07
9.8611111111,7.1527777778,-1.629299358020e-07
9.9305555556,7.1527777778,-1.679570270430e-07
0.0000000000,7.2222222222,-1.617577131070e-07
0.0694444444,7.2222222222,-1.607992851480e-07
0.1388888889,7.2222222222,-1.584422307280e-07
0.2083333333,7.2222222222,-1.561986888290e-07
0.2777777778,7.2222222222,-1.564823285450e-07
0.3472222222,7.2222222222,-1.623071665330e-07
0.4166666667,7.2222222222,-1.763370033120e-07
0.4861111111,7.2222222222,-1.993293883980e-07
0.5555555556,7.2222222222,-2.291325791790e-07
0.6250000000,7.2222222222,-2.616265590620e-07
0.6944444444,7.2222222222,-2.935375789100e-07
0.7638888889,7.2222222222,-3.253092160050e-07
0.8333333333,7.2222222222,-3.621755482710e-07
0.9027777778,7.2222222222,-4.131793771520e-07
0.9722222222,7.2222222222,-4.891497543940e-07
1.0416666667,7.2222222222,-6.004689376110e-07
1.1111111111,7.2222222222,-7.547979923300e-07
1.1805555556,7.2222222222,-9.550833636100e-07
1.2500000000,7.2222222222,-1.198814304500e-06
1.3194444444,7.2222222222,-1.479452998800e-06
1.3888888889,7.2222222222,-1.790076057250e-06
1.4583333333,7.2222222222,-2.128478573650e-06
1.5277777778,7.2222222222,-2.502627730480e-06
1.5972222222,7.2222222222,-2.934741930130e-06
1.6666666667,7.2222222222,-3.461462351610e-06
1.7361111111,7.2222222222,-4.128276140190e-06
1.8055555556,7.2222222222,-4.979747949500e-06
1.8750000000,7.2222222222,-6.051067828000e-06
1.9444444444,7.2222222222,-7.366460704100e-06
2.0138888889,7.2222222222,-8.944626830500e-06
2.0833333333,7.2222222222,-1.080552779040e-05
2.1527777778,7.2222222222,-1.297358821430e-05
2.2222222222,7.2222222222,-1.547999923360e-05
2.2916666667,7.2222222222,-1.837209916190e-05
2.3611111111,7.2222222222,-2.173198625760e-05
2.4305555556,7.2222222222,-2.569364582950e-05
2.5000000000,7.2222222222,-3.044296672740e-05
2.5694444444,7.2222222222,-3.619638819650e-05
2.6388888889,7.2222222222,-4.317060790760e-05
2.7083333333,7.2222222222,-5.155905322600e-05
2.7777777778,7.2222222222,-6.151830444300e-05
2.8472222222,7.2222222222,-7.315827695000e-05
2.9166666667,7.2222222222,-8.653924143700e-05
2.9861111111,7.2222222222,-1.016950803460e-04
3.0555555556,7.2222222222,-1.186982681980e-04
3.1250000000,7.2222222222,-1.377508844970e-04
3.1944444444,7.2222222222,-1.592545314110e-04
3.2638888889,7.2222222222,-1.838122504090e-04
3.3333333333,7.2222222222,-2.121479789550e-04
3.4027777778,7.2222222222,-2.449656814840e-04
3.4722222222,7.2222222222,-2.827896756530e-04
3.5416666667,7.2222222222,-3.258339317610e-04
3.6111111111,7.2222222222,-3.739502934150e-04
3.6805555556,7.2222222222,-4.266935077850e-04
3.7500000000,7.2222222222,-4.834980297580e-04
3.8194444444,7.2222222222,-5.438988884100e-04
3.8888888889,7.2222222222,-6.076898102670e-04
3.9583333333,7.2222222222,-6.749325500440e-04
4.0277777778,7.2222222222,-7.458033854400e-04
4.0972222222,7.2222222222,-8.203405619400e-04
4.1666666667,7.2222222222,-8.981985172400e-04
4.2361111111,7.2222222222,-9.785087405300e-04
4.3055555556,7.2222222222,-1.059902682180e-03
4.3750000000,7.2222222222,-1.140685411990e-03
4.4444444444,7.2222222222,-1.219082247040e-03
4.5138888889,7.2222222222,-1.293445693670e-03
4.5833333333,7.2222222222,-1.362331871230e-03
4.6527777778,7.2222222222,-1.424429130670e-03
4.7222222222,7.2222222222,-1.478407691890e-03
4.7916666667,7.2222222222,-1.522808475290e-03
4.8611111111,7.2222222222,-1.556073316210e-03
4.9305555556,7.2222222222,-1.576744236700e-03
5.0000000000,7.2222222222,-1.583763934990e-03
5.0694444444,7.2222222222,-1.576744234100e-03
5.1388888889,7.2222222222,-1.556073311180e-03
5.2083333333,7.2222222222,-1.522808468360e-03
5.2777777778,7.2222222222,-1.478407683590e-03
5.3472222222,7.2222222222,-1.424429121730e-03
5.4166666667,7.2222222222,-1.362331862050e-03
5.4861111111,7.2222222222,-1.293445684480e-03
5.5555555556,7.2222222222,-1.219082237920e-03
5.6250000000,7.2222222222,-1.140685403000e-03
5.6944444444,7.2222222222,-1.059902673040e-03
5.7638888889,7.2222222222,-9.785087311700e-04
5.8333333333,7.2222222222,-8.981985076900e-04
5.9027777778,7.2222222222,-8.203405523400e-04
5.9722222222,7.2222222222,-7.458033761700e-04
6.0416666667,7.2222222222,-6.749325412720e-04
6.1111111111,7.2222222222,-6.076898021730e-04
6.1805555556,7.2222222222,-5.438988810450e-04
6.2500000000,7.2222222222,-4.834980230220e-04
6.3194444444,7.2222222222,-4.266935015550e-04
6.3888888889,7.2222222222,-3.739502875510e-04
6.4583333333,7.2222222222,-3.258339262150e-04
6.5277777778,7.2222222222,-2.827896704310e-04
6.5972222222,7.2222222222,-2.449656766510e-04
6.6666666667,7.2222222222,-2.121479745570e-04
6.7361111111,7.2222222222,-1.838122464580e-04
6.8055555556,7.2222222222,-1.592545278520e-04
6.8750000000,7.2222222222,-1.377508812460e-04
6.9444444444,7.2222222222,-1.186982651850e-04
7.0138888889,7.2222222222,-1.016950775540e-04
7.0833333333,7.2222222222,-8.653923888500e-05
7.1527777778,7.2222222222,-7.315827469800e-05
7.2222222222,7.2222222222,-6.151830254300e-05
7.2916666667,7.2222222222,-5.155905169100e-05
7.3611111111,7.2222222222,-4.317060669180e-05
7.4305555556,7.2222222222,-3.619638720800e-05
7.5000000000,7.2222222222,-3.044296586270e-05
7.5694444444,7.2222222222,-2.569364501280e-05
7.6388888889,7.2222222222,-2.173198546510e-05
7.7083333333,7.2222222222,-1.837209842800e-05
7.7777777778,7.2222222222,-1.547999862400e-05
7.8472222222,7.2222222222,-1.297358779110e-05
7.9166666667,7.2222222222,-1.080552757350e-05
7.9861111111,7.2222222222,-8.944626786100e-06
8.0555555556,7.2222222222,-7.366460757000e-06
8.1250000000,7.2222222222,-6.051067895700e-06
8.1944444444,7.2222222222,-4.979747977900e-06
8.2638888889,7.2222222222,-4.128276123350e-06
8.3333333333,7.2222222222,-3.461462328160e-06
8.4027777778,7.2222222222,-2.934741958340e-06
8.4722222222,7.2222222222,-2.502627856300e-06
8.5416666667,7.2222222222,-2.128478806720e-06
8.6111111111,7.2222222222,-1.790076364710e-06
8.6805555556,7.2222222222,-1.479453320260e-06
8.7500000000,7.2222222222,-1.198814580130e-06
8.8194444444,7.2222222222,-9.550835622400e-07
8.8888888889,7.2222222222,-7.547981249800e-07
8.9583333333,7.2222222222,-6.004690495040e-07
9.0277777778,7.2222222222,-4.891498995820e-07
9.0972222222,7.2222222222,-4.131795895760e-07
9.1666666667,7.2222222222,-3.621758241020e-07
9.2361111111,7.2222222222,-3.253095157660e-07
9.3055555556,7.2222222222,-2.935378468700e-07
9.3750000000,7.2222222222,-2.616267501030e-07
9.4444444444,7.2222222222,-2.291326800420e-07
9.5138888889,7.2222222222,-1.993294235950e-07
9.5833333333,7.2222222222,-1.763370221790e-07
9.6527777778,7.2222222222,-1.623072178750e-07
9.7222222222,7.2222222222,-1.564824355620e-07
9.7916666667,7.2222222222,-1.561988370950e-07
9.8611111111,7.2222222222,-1.584423758740e-07
9.9305555556,7.2222222222,-1.607993749520e-07
0.0000000000,7.2916666667,-1.479797278500e-07
0.0694444444,7.2916666667,-1.478028418130e-07
0.1388888889,7.2916666667,-1.471597916310e-07
0.2083333333,7.2916666667,-1.460647605060e-07
0.2777777778,7.2916666667,-1.453999465490e-07
0.3472222222,7.2916666667,-1.472989580780e-07
0.4166666667,7.2916666667,-1.545545799047e-07
0.4861111111,7.2916666667,-1.692037208503e-07
0.5555555556,7.2916666667,-1.913043979082e-07
0.6250000000,7.2916666667,-2.190012046098e-07
0.6944444444,7.2916666667,-2.500435470800e-07
0.7638888889,7.2916666667,-2.838235297680e-07
0.8333333333,7.2916666667,-3.227789663610e-07
0.9027777778,7.2916666667,-3.726616765480e-07
0.9722222222,7.2916666667,-4.417679221730e-07
1.0416666667,7.2916666667,-5.392754097970e-07
1.1111111111,7.2916666667,-6.729286946580e-07
1.1805555556,7.2916666667,-8.469775708900e-07
1.2500000000,7.2916666667,-1.061691139790e-06
1.3194444444,7.2916666667,-1.314786496250e-06
1.3888888889,7.2916666667,-1.603434500960e-06
1.4583333333,7.2916666667,-1.925526326160e-06
1.5277777778,7.2916666667,-2.281234387450e-06
1.5972222222,7.2916666667,-2.677350654900e-06
1.6666666667,7.2916666667,-3.133966777700e-06
1.7361111111,7.2916666667,-3.687945358640e-06
1.8055555556,7.2916666667,-4.387422065770e-06
1.8750000000,7.2916666667,-5.279248179600e-06
1.9444444444,7.2916666667,-6.399310709900e-06
2.0138888889,7.2916666667,-7.773369119500e-06
2.0833333333,7.2916666667,-9.424201886500e-06
2.1527777778,7.2916666667,-1.137389363980e-05
2.2222222222,7.2916666667,-1.363890538060e-05
2.2916666667,7.2916666667,-1.623093222080e-05
2.3611111111,7.2916666667,-1.917741322230e-05
2.4305555556,7.2916666667,-2.255595826840e-05
2.5000000000,7.2916666667,-2.651731997300e-05
2.5694444444,7.2916666667,-3.127588169770e-05
2.6388888889,7.2916666667,-3.707201593040e-05
2.7083333333,7.2916666667,-4.412932421520e-05
2.7777777778,7.2916666667,-5.262367686400e-05
2.8472222222,7.2916666667,-6.266423694800e-05
2.9166666667,7.2916666667,-7.428508636000e-05
2.9861111111,7.2916666667,-8.746065536100e-05
3.0555555556,7.2916666667,-1.021624722400e-04
3.1250000000,7.2916666667,-1.184512261250e-04
3.1944444444,7.2916666667,-1.365645577990e-04
3.2638888889,7.2916666667,-1.569510281440e-04
3.3333333333,7.2916666667,-1.802242459290e-04
3.4027777778,7.2916666667,-2.070463007550e-04
3.4722222222,7.2916666667,-2.379732874040e-04
3.5416666667,7.2916666667,-2.733072525540e-04
3.6111111111,7.2916666667,-3.130065670910e-04
3.6805555556,7.2916666667,-3.567022704590e-04
3.7500000000,7.2916666667,-4.038328133840e-04
3.8194444444,7.2916666667,-4.538480394920e-04
3.8888888889,7.2916666667,-5.063843325620e-04
3.9583333333,7.2916666667,-5.613184106900e-04
4.0277777778,7.2916666667,-6.186697277590e-04
4.0972222222,7.2916666667,-6.784003688070e-04
4.1666666667,7.2916666667,-7.402093139170e-04
4.2361111111,7.2916666667,-8.034147206500e-04
4.3055555556,7.2916666667,-8.669731544300e-04
4.3750000000,7.2916666667,-9.296217094200e-04
4.4444444444,7.2916666667,-9.900731743100e-04
4.5138888889,7.2916666667,-1.047170162050e-03
4.5833333333,7.2916666667,-1.099926654050e-03
4.6527777778,7.2916666667,-1.147447762030e-03
4.7222222222,7.2916666667,-1.188789221300e-03
4.7916666667,7.2916666667,-1.222857620110e-03
4.8611111111,7.2916666667,-1.248436808010e-03
4.9305555556,7.2916666667,-1.264361097050e-03
5.0000000000,7.2916666667,-1.269774497460e-03
5.0694444444,7.2916666667,-1.264361091070e-03
5.1388888889,7.2916666667,-1.248436796900e-03
5.2083333333,7.2916666667,-1.222857605360e-03
5.2777777778,7.2916666667,-1.188789204900e-03
5.3472222222,7.2916666667,-1.147447745510e-03
5.4166666667,7.2916666667,-1.099926638620e-03
5.4861111111,7.2916666667,-1.047170148240e-03
5.5555555556,7.2916666667,-9.900731621100e-04
5.6250000000,7.2916666667,-9.296216984300e-04
5.6944444444,7.2916666667,-8.669731441200e-04
5.7638888889,7.2916666667,-8.034147106200e-04
5.8333333333,7.2916666667,-7.402093040180e-04
5.9027777778,7.2916666667,-6.784003593330e-04
5.9722222222,7.2916666667,-6.186697189870e-04
6.0416666667,7.2916666667,-5.613184028290e-04
6.1111111111,7.2916666667,-5.063843257200e-04
6.1805555556,7.2916666667,-4.538480335180e-04
6.2500000000,7.2916666667,-4.038328079730e-04
6.3194444444,7.2916666667,-3.567022653200e-04
6.3888888889,7.2916666667,-3.130065620130e-04
6.4583333333,7.2916666667,-2.733072475200e-04
6.5277777778,7.2916666667,-2.379732825350e-04
6.5972222222,7.2916666667,-2.070462962590e-04
6.6666666667,7.2916666667,-1.802242419540e-04
6.7361111111,7.2916666667,-1.569510247180e-04
6.8055555556,7.2916666667,-1.365645548180e-04
6.8750000000,7.2916666667,-1.184512234220e-04
6.9444444444,7.2916666667,-1.021624696800e-04
7.0138888889,7.2916666667,-8.746065287600e-05
7.0833333333,7.2916666667,-7.428508399400e-05
7.1527777778,7.2916666667,-6.266423483200e-05
7.2222222222,7.2916666667,-5.262367512100e-05
7.2916666667,7.2916666667,-4.412932289860e-05
7.3611111111,7.2916666667,-3.707201498780e-05
7.4305555556,7.2916666667,-3.127588099050e-05
7.5000000000,7.2916666667,-2.651731933330e-05
7.5694444444,7.2916666667,-2.255595757420e-05
7.6388888889,7.2916666667,-1.917741245250e-05
7.7083333333,7.2916666667,-1.623093145050e-05
7.7777777778,7.2916666667,-1.363890474110e-05
7.8472222222,7.2916666667,-1.137389324860e-05
7.9166666667,7.2916666667,-9.424201779700e-06
7.9861111111,7.2916666667,-7.773369237900e-06
8.0555555556,7.2916666667,-6.399310923400e-06
8.1250000000,7.2916666667,-5.279248349700e-06
8.1944444444,7.2916666667,-4.387422108310e-06
8.2638888889,7.2916666667,-3.687945278110e-06
8.3333333333,7.2916666667,-3.133966658440e-06
8.4027777778,7.2916666667,-2.677350613770e-06
8.4722222222,7.2916666667,-2.281234513920e-06
8.5416666667,7.2916666667,-1.925526636820e-06
8.6111111111,7.2916666667,-1.603434930860e-06
8.6805555556,7.2916666667,-1.314786930390e-06
8.7500000000,7.2916666667,-1.061691468760e-06
8.8194444444,7.2916666667,-8.469777435000e-07
8.8888888889,7.2916666667,-6.729287403700e-07
8.9583333333,7.2916666667,-5.392754209020e-07
9.0277777778,7.2916666667,-4.417680050800e-07
9.0972222222,7.2916666667,-3.726618975710e-07
9.1666666667,7.2916666667,-3.227793184560e-07
9.2361111111,7.2916666667,-2.838239365680e-07
9.3055555556,7.2916666667,-2.500439006800e-07
9.3750000000,7.2916666667,-2.190014185745e-07
9.4444444444,7.2916666667,-1.913044490689e-07
9.5138888889,7.2916666667,-1.692036598096e-07
9.5833333333,7.2916666667,-1.545545046926e-07
9.6527777778,7.2916666667,-1.472989644940e-07
9.7222222222,7.2916666667,-1.454000800980e-07
9.7916666667,7.2916666667,-1.460649936470e-07
9.8611111111,7.2916666667,-1.471600379430e-07
9.9305555556,7.2916666667,-1.478029989140e-07
0.0000000000,7.3611111111,-1.324118635070e-07
0.0694444444,7.3611111111,-1.322495855190e-07
0.1388888889,7.3611111111,-1.315208404150e-07
0.2083333333,7.3611111111,-1.297902102630e-07
0.2777777778,7.3611111111,-1.272267035970e-07
0.3472222222,7.3611111111,-1.254582417285e-07
0.4166666667,7.3611111111,-1.275932464273e-07
0.4861111111,7.3611111111,-1.368969092138e-07
0.5555555556,7.3611111111,-1.549354689328e-07
0.6250000000,7.3611111111,-1.808765822214e-07
0.6944444444,7.3611111111,-2.127153159547e-07
0.7638888889,7.3611111111,-2.492966780545e-07
0.8333333333,7.3611111111,-2.914374651340e-07
0.9027777778,7.3611111111,-3.419118838490e-07
0.9722222222,7.3611111111,-4.054071752950e-07
1.0416666667,7.3611111111,-4.887520191270e-07
1.1111111111,7.3611111111,-6.001272291080e-07
1.1805555556,7.3611111111,-7.465932873040e-07
1.2500000000,7.3611111111,-9.318493578900e-07
1.3194444444,7.3611111111,-1.156640065450e-06
1.3888888889,7.3611111111,-1.420880495250e-06
1.4583333333,7.3611111111,-1.723911582060e-06
1.5277777778,7.3611111111,-2.062491302680e-06
1.5972222222,7.3611111111,-2.432055582510e-06
1.6666666667,7.3611111111,-2.836019358300e-06
1.7361111111,7.3611111111,-3.298051173000e-06
1.8055555556,7.3611111111,-3.864670687020e-06
1.8750000000,7.3611111111,-4.592347942280e-06
1.9444444444,7.3611111111,-5.529409291900e-06
2.0138888889,7.3611111111,-6.708962305600e-06
2.0833333333,7.3611111111,-8.155504199100e-06
2.1527777778,7.3611111111,-9.890918273400e-06
2.2222222222,7.3611111111,-1.192829256560e-05
2.2916666667,7.3611111111,-1.426339445840e-05
2.3611111111,7.3611111111,-1.688632802700e-05
2.4305555556,7.3611111111,-1.981985474260e-05
2.5000000000,7.3611111111,-2.316103477320e-05
2.5694444444,7.3611111111,-2.709313105140e-05
2.6388888889,7.3611111111,-3.185667273650e-05
2.7083333333,7.3611111111,-3.769780792060e-05
2.7777777778,7.3611111111,-4.481957294340e-05
2.8472222222,7.3611111111,-5.334847428800e-05
2.9166666667,7.3611111111,-6.331911034600e-05
2.9861111111,7.3611111111,-7.468488454000e-05
3.0555555556,7.3611111111,-8.736684934400e-05
3.1250000000,7.3611111111,-1.013369196350e-04
3.1944444444,7.3611111111,-1.167045016540e-04
3.2638888889,7.3611111111,-1.337640300560e-04
3.3333333333,7.3611111111,-1.529771614540e-04
3.4027777778,7.3611111111,-1.748917683850e-04
3.4722222222,7.3611111111,-2.000196891170e-04
3.5416666667,7.3611111111,-2.287047568860e-04
3.6111111111,7.3611111111,-2.610216098640e-04
3.6805555556,7.3611111111,-2.967502927570e-04
3.7500000000,7.3611111111,-3.354525374810e-04
3.8194444444,7.3611111111,-3.766266670610e-04
3.8888888889,7.3611111111,-4.198666317860e-04
3.9583333333,7.3611111111,-4.649387482910e-04
4.0277777778,7.3611111111,-5.117332295380e-04
4.0972222222,7.3611111111,-5.601191121960e-04
4.1666666667,7.3611111111,-6.097835025980e-04
4.2361111111,7.3611111111,-6.601398030240e-04
4.3055555556,7.3611111111,-7.103490654490e-04
4.3750000000,7.3611111111,-7.594400761060e-04
4.4444444444,7.3611111111,-8.064659987130e-04
4.5138888889,7.3611111111,-8.506188334900e-04
4.5833333333,7.3611111111,-8.912454209400e-04
4.6527777778,7.3611111111,-9.277617241900e-04
4.7222222222,7.3611111111,-9.595205210400e-04
4.7916666667,7.3611111111,-9.857195888100e-04
4.8611111111,7.3611111111,-1.005422483870e-03
4.9305555556,7.3611111111,-1.017707001510e-03
5.0000000000,7.3611111111,-1.021886745010e-03
5.0694444444,7.3611111111,-1.017706995030e-03
5.1388888889,7.3611111111,-1.005422471930e-03
5.2083333333,7.3611111111,-9.857195729800e-04
5.2777777778,7.3611111111,-9.595205035300e-04
5.3472222222,7.3611111111,-9.277617067200e-04
5.4166666667,7.3611111111,-8.912454050700e-04
5.4861111111,7.3611111111,-8.506188196900e-04
5.5555555556,7.3611111111,-8.064659868870e-04
5.6250000000,7.3611111111,-7.594400658350e-04
5.6944444444,7.3611111111,-7.103490560450e-04
5.7638888889,7.3611111111,-6.601397940980e-04
5.8333333333,7.3611111111,-6.097834940260e-04
5.9027777778,7.3611111111,-5.601191040690e-04
5.9722222222,7.3611111111,-5.117332221290e-04
6.0416666667,7.3611111111,-4.649387417920e-04
6.1111111111,7.3611111111,-4.198666262040e-04
6.1805555556,7.3611111111,-3.766266622080e-04
6.2500000000,7.3611111111,-3.354525330500e-04
6.3194444444,7.3611111111,-2.967502884440e-04
6.3888888889,7.3611111111,-2.610216054690e-04
6.4583333333,7.3611111111,-2.287047524150e-04
6.5277777778,7.3611111111,-2.000196847540e-04
6.5972222222,7.3611111111,-1.748917643520e-04
6.6666666667,7.3611111111,-1.529771579180e-04
6.7361111111,7.3611111111,-1.337640270550e-04
6.8055555556,7.3611111111,-1.167044990850e-04
6.8750000000,7.3611111111,-1.013369173310e-04
6.9444444444,7.3611111111,-8.736684714400e-05
7.0138888889,7.3611111111,-7.468488238100e-05
7.0833333333,7.3611111111,-6.331910826700e-05
7.1527777778,7.3611111111,-5.334847241200e-05
7.2222222222,7.3611111111,-4.481957140230e-05
7.2916666667,7.3611111111,-3.769780677690e-05
7.3611111111,7.3611111111,-3.185667194470e-05
7.4305555556,7.3611111111,-2.709313047520e-05
7.5000000000,7.3611111111,-2.316103424660e-05
7.5694444444,7.3611111111,-1.981985414730e-05
7.6388888889,7.3611111111,-1.688632734360e-05
7.7083333333,7.3611111111,-1.426339376790e-05
7.7777777778,7.3611111111,-1.192829200360e-05
7.8472222222,7.3611111111,-9.890917953100e-06
7.9166666667,7.3611111111,-8.155504156800e-06
7.9861111111,7.3611111111,-6.708962478400e-06
8.0555555556,7.3611111111,-5.529409548300e-06
8.1250000000,7.3611111111,-4.592348143130e-06
8.1944444444,7.3611111111,-3.864670749920e-06
8.2638888889,7.3611111111,-3.298051105960e-06
8.3333333333,7.3611111111,-2.836019250190e-06
8.4027777778,7.3611111111,-2.432055555040e-06
8.4722222222,7.3611111111,-2.062491447650e-06
8.5416666667,7.3611111111,-1.723911915310e-06
8.6111111111,7.3611111111,-1.420880947930e-06
8.6805555556,7.3611111111,-1.156640517620e-06
8.7500000000,7.3611111111,-9.318496971700e-07
8.8194444444,7.3611111111,-7.465934624650e-07
8.8888888889,7.3611111111,-6.001272723070e-07
8.9583333333,7.3611111111,-4.887520268270e-07
9.0277777778,7.3611111111,-4.054072577680e-07
9.0972222222,7.3611111111,-3.419121095480e-07
9.1666666667,7.3611111111,-2.914378265090e-07
9.2361111111,7.3611111111,-2.492970957204e-07
9.3055555556,7.3611111111,-2.127156778952e-07
9.3750000000,7.3611111111,-1.808767988854e-07
9.4444444444,7.3611111111,-1.549355166858e-07
9.5138888889,7.3611111111,-1.368968410090e-07
9.5833333333,7.3611111111,-1.275931642156e-07
9.6527777778,7.3611111111,-1.254582449220e-07
9.7222222222,7.3611111111,-1.272268394200e-07
9.7916666667,7.3611111111,-1.297904502180e-07
9.8611111111,7.3611111111,-1.315210948460e-07
9.9305555556,7.3611111111,-1.322497480610e-07
0.0000000000,7.4305555556,-1.111156967240e-07
0.0694444444,7.4305555556,-1.105043992470e-07
0.1388888889,7.4305555556,-1.087232130670e-07
0.2083333333,7.4305555556,-1.058350184780e-07
0.2777777778,7.4305555556,-1.021381915583e-07
0.3472222222,7.4305555556,-9.912618805911e-08
0.4166666667,7.4305555556,-1.000985807598e-07
0.4861111111,7.4305555556,-1.089198553982e-07
0.5555555556,7.4305555556,-1.275000874989e-07
0.6250000000,7.4305555556,-1.546848213444e-07
0.6944444444,7.4305555556,-1.880481802413e-07
0.7638888889,7.4305555556,-2.265520506247e-07
0.8333333333,7.4305555556,-2.709469192940e-07
0.9027777778,7.4305555556,-3.221060329150e-07
0.9722222222,7.4305555556,-3.807538919320e-07
1.0416666667,7.4305555556,-4.501544401160e-07
1.1111111111,7.4305555556,-5.383728193670e-07
1.1805555556,7.4305555556,-6.560711739950e-07
1.2500000000,7.4305555556,-8.113875509900e-07
1.3194444444,7.4305555556,-1.007688456990e-06
1.3888888889,7.4305555556,-1.246012705310e-06
1.4583333333,7.4305555556,-1.526853652700e-06
1.5277777778,7.4305555556,-1.846882759020e-06
1.5972222222,7.4305555556,-2.195958534680e-06
1.6666666667,7.4305555556,-2.564448217200e-06
1.7361111111,7.4305555556,-2.960477578540e-06
1.8055555556,7.4305555556,-3.421807231170e-06
1.8750000000,7.4305555556,-4.008035712050e-06
1.9444444444,7.4305555556,-4.778252198410e-06
2.0138888889,7.4305555556,-5.774720644100e-06
2.0833333333,7.4305555556,-7.024622081000e-06
2.1527777778,7.4305555556,-8.549182903200e-06
2.2222222222,7.4305555556,-1.036201856830e-05
2.2916666667,7.4305555556,-1.245724251320e-05
2.3611111111,7.4305555556,-1.480947447550e-05
2.4305555556,7.4305555556,-1.740307981980e-05
2.5000000000,7.4305555556,-2.027898667530e-05
2.5694444444,7.4305555556,-2.356602364140e-05
2.6388888889,7.4305555556,-2.747281330520e-05
2.7083333333,7.4305555556,-3.224427870760e-05
2.7777777778,7.4305555556,-3.810532312790e-05
2.8472222222,7.4305555556,-4.521243503960e-05
2.9166666667,7.4305555556,-5.362540993960e-05
2.9861111111,7.4305555556,-6.330912999200e-05
3.0555555556,7.4305555556,-7.417348064100e-05
3.1250000000,7.4305555556,-8.614577515400e-05
3.1944444444,7.4305555556,-9.924888895300e-05
3.2638888889,7.4305555556,-1.136494479970e-04
3.3333333333,7.4305555556,-1.296544700840e-04
3.4027777778,7.4305555556,-1.476593114130e-04
3.4722222222,7.4305555556,-1.680648014570e-04
3.5416666667,7.4305555556,-1.911836583640e-04
3.6111111111,7.4305555556,-2.171581495840e-04
3.6805555556,7.4305555556,-2.459178267770e-04
3.7500000000,7.4305555556,-2.772039170420e-04
3.8194444444,7.4305555556,-3.106600055520e-04
3.8888888889,7.4305555556,-3.459464305770e-04
3.9583333333,7.4305555556,-3.828120298980e-04
4.0277777778,7.4305555556,-4.210776236290e-04
4.0972222222,7.4305555556,-4.605408445040e-04
4.1666666667,7.4305555556,-5.008620832300e-04
4.2361111111,7.4305555556,-5.415017867750e-04
4.3055555556,7.4305555556,-5.817469926780e-04
4.3750000000,7.4305555556,-6.208142844710e-04
4.4444444444,7.4305555556,-6.579765883900e-04
4.5138888889,7.4305555556,-6.926496736410e-04
4.5833333333,7.4305555556,-7.243941119840e-04
4.6527777778,7.4305555556,-7.528318865040e-04
4.7222222222,7.4305555556,-7.775250397640e-04
4.7916666667,7.4305555556,-7.978909160420e-04
4.8611111111,7.4305555556,-8.132156107860e-04
4.9305555556,7.4305555556,-8.227774267240e-04
5.0000000000,7.4305555556,-8.260323341670e-04
5.0694444444,7.4305555556,-8.227774226290e-04
5.1388888889,7.4305555556,-8.132156032550e-04
5.2083333333,7.4305555556,-7.978909060700e-04
5.2777777778,7.4305555556,-7.775250285970e-04
5.3472222222,7.4305555556,-7.528318753520e-04
5.4166666667,7.4305555556,-7.243941016190e-04
5.4861111111,7.4305555556,-6.926496644580e-04
5.5555555556,7.4305555556,-6.579765803930e-04
5.6250000000,7.4305555556,-6.208142773820e-04
5.6944444444,7.4305555556,-5.817469861840e-04
5.7638888889,7.4305555556,-5.415017805870e-04
5.8333333333,7.4305555556,-5.008620772420e-04
5.9027777778,7.4305555556,-4.605408387640e-04
5.9722222222,7.4305555556,-4.210776182530e-04
6.0416666667,7.4305555556,-3.828120250060e-04
6.1111111111,7.4305555556,-3.459464261650e-04
6.1805555556,7.4305555556,-3.106600015480e-04
6.2500000000,7.4305555556,-2.772039132610e-04
6.3194444444,7.4305555556,-2.459178230600e-04
6.3888888889,7.4305555556,-2.171581458240e-04
6.4583333333,7.4305555556,-1.911836545860e-04
6.5277777778,7.4305555556,-1.680647977810e-04
6.5972222222,7.4305555556,-1.476593079840e-04
6.6666666667,7.4305555556,-1.296544670090e-04
6.7361111111,7.4305555556,-1.136494453230e-04
6.8055555556,7.4305555556,-9.924888663500e-05
6.8750000000,7.4305555556,-8.614577309300e-05
6.9444444444,7.4305555556,-7.417347874100e-05
7.0138888889,7.4305555556,-6.330912819400e-05
7.0833333333,7.4305555556,-5.362540825130e-05
7.1527777778,7.4305555556,-4.521243351920e-05
7.2222222222,7.4305555556,-3.810532184630e-05
7.2916666667,7.4305555556,-3.224427769950e-05
7.3611111111,7.4305555556,-2.747281254320e-05
7.4305555556,7.4305555556,-2.356602304630e-05
7.5000000000,7.4305555556,-2.027898615170e-05
7.5694444444,7.4305555556,-1.740307929990e-05
7.6388888889,7.4305555556,-1.480947394630e-05
7.7083333333,7.4305555556,-1.245724202150e-05
7.7777777778,7.4305555556,-1.036201818670e-05
7.8472222222,7.4305555556,-8.549182691900e-06
7.9166666667,7.4305555556,-7.024622054700e-06
7.9861111111,7.4305555556,-5.774720761400e-06
8.0555555556,7.4305555556,-4.778252379160e-06
8.1250000000,7.4305555556,-4.008035872910e-06
8.1944444444,7.4305555556,-3.421807322420e-06
8.2638888889,7.4305555556,-2.960477604020e-06
8.3333333333,7.4305555556,-2.564448228980e-06
8.4027777778,7.4305555556,-2.195958604320e-06
8.4722222222,7.4305555556,-1.846882939440e-06
8.5416666667,7.4305555556,-1.526853951230e-06
8.6111111111,7.4305555556,-1.246013078270e-06
8.6805555556,7.4305555556,-1.007688830700e-06
8.7500000000,7.4305555556,-8.113878570300e-07
8.8194444444,7.4305555556,-6.560713811130e-07
8.8888888889,7.4305555556,-5.383729462240e-07
8.9583333333,7.4305555556,-4.501545435210e-07
9.0277777778,7.4305555556,-3.807540367390e-07
9.0972222222,7.4305555556,-3.221062590920e-07
9.1666666667,7.4305555556,-2.709472216520e-07
9.2361111111,7.4305555556,-2.265523813309e-07
9.3055555556,7.4305555556,-1.880484719967e-07
9.3750000000,7.4305555556,-1.546850202933e-07
9.4444444444,7.4305555556,-1.275001791032e-07
9.5138888889,7.4305555556,-1.089198708144e-07
9.5833333333,7.4305555556,-1.000985803524e-07
9.6527777778,7.4305555556,-9.912623069966e-08
9.7222222222,7.4305555556,-1.021383051642e-07
9.7916666667,7.4305555556,-1.058351859537e-07
9.8611111111,7.4305555556,-1.087233810060e-07
9.9305555556,7.4305555556,-1.105045042850e-07
0.0000000000,7.5000000000,-8.109308059380e-08
0.0694444444,7.5000000000,-8.034106563840e-08
0.1388888889,7.5000000000,-7.854116895400e-08
0.2083333333,7.5000000000,-7.650581445043e-08
0.2777777778,7.5000000000,-7.484409970320e-08
0.3472222222,7.5000000000,-7.476554670919e-08
0.4166666667,7.5000000000,-7.915505017926e-08
0.4861111111,7.5000000000,-9.156276309385e-08
0.5555555556,7.5000000000,-1.133736587442e-07
0.6250000000,7.5000000000,-1.426277163235e-07
0.6944444444,7.5000000000,-1.765756726781e-07
0.7638888889,7.5000000000,-2.150224879650e-07
0.8333333333,7.5000000000,-2.598403911850e-07
0.9027777778,7.5000000000,-3.111182899300e-07
0.9722222222,7.5000000000,-3.659096174800e-07
1.0416666667,7.5000000000,-4.230767049830e-07
1.1111111111,7.5000000000,-4.893174229420e-07
1.1805555556,7.5000000000,-5.784441146900e-07
1.2500000000,7.5000000000,-7.036752230310e-07
1.3194444444,7.5000000000,-8.715097484300e-07
1.3888888889,7.5000000000,-1.083268356130e-06
1.4583333333,7.5000000000,-1.339388593770e-06
1.5277777778,7.5000000000,-1.637835994580e-06
1.5972222222,7.5000000000,-1.968321924930e-06
1.6666666667,7.5000000000,-2.314567160870e-06
1.7361111111,7.5000000000,-2.670680820100e-06
1.8055555556,7.5000000000,-3.059556434980e-06
1.8750000000,7.5000000000,-3.534155157730e-06
1.9444444444,7.5000000000,-4.158194393860e-06
2.0138888889,7.5000000000,-4.983799207290e-06
2.0833333333,7.5000000000,-6.044562438900e-06
2.1527777778,7.5000000000,-7.362377126900e-06
2.2222222222,7.5000000000,-8.951020643600e-06
2.2916666667,7.5000000000,-1.080828432500e-05
2.3611111111,7.5000000000,-1.290989616990e-05
2.4305555556,7.5000000000,-1.522474602930e-05
2.5000000000,7.5000000000,-1.775261717450e-05
2.5694444444,7.5000000000,-2.056243046530e-05
2.6388888889,7.5000000000,-2.380497124210e-05
2.7083333333,7.5000000000,-2.769079934130e-05
2.7777777778,7.5000000000,-3.244347865220e-05
2.8472222222,7.5000000000,-3.824646738960e-05
2.9166666667,7.5000000000,-4.520141307610e-05
2.9861111111,7.5000000000,-5.331366310080e-05
3.0555555556,7.5000000000,-6.251583785500e-05
3.1250000000,7.5000000000,-7.272579410900e-05
3.1944444444,7.5000000000,-8.391521895800e-05
3.2638888889,7.5000000000,-9.615585376600e-05
3.3333333333,7.5000000000,-1.096230317010e-04
3.4027777778,7.5000000000,-1.245611833310e-04
3.4722222222,7.5000000000,-1.412315565620e-04
3.5416666667,7.5000000000,-1.598590996810e-04
3.6111111111,7.5000000000,-1.805856572560e-04
3.6805555556,7.5000000000,-2.034367706220e-04
3.7500000000,7.5000000000,-2.283168948450e-04
3.8194444444,7.5000000000,-2.550436955840e-04
3.8888888889,7.5000000000,-2.834076931260e-04
3.9583333333,7.5000000000,-3.132178228290e-04
4.0277777778,7.5000000000,-3.442955549820e-04
4.0972222222,7.5000000000,-3.764156539370e-04
4.1666666667,7.5000000000,-4.092329342110e-04
4.2361111111,7.5000000000,-4.422474012730e-04
4.3055555556,7.5000000000,-4.748364394050e-04
4.3750000000,7.5000000000,-5.063426350980e-04
4.4444444444,7.5000000000,-5.361756620350e-04
4.5138888889,7.5000000000,-5.638792075820e-04
4.5833333333,7.5000000000,-5.891291705960e-04
4.6527777778,7.5000000000,-6.116619986990e-04
4.7222222222,7.5000000000,-6.311705463280e-04
4.7916666667,7.5000000000,-6.472288834620e-04
4.8611111111,7.5000000000,-6.592982232340e-04
4.9305555556,7.5000000000,-6.668242136580e-04
5.0000000000,7.5000000000,-6.693854393790e-04
5.0694444444,7.5000000000,-6.668242137030e-04
5.1388888889,7.5000000000,-6.592982232540e-04
5.2083333333,7.5000000000,-6.472288832840e-04
5.2777777778,7.5000000000,-6.311705457900e-04
5.3472222222,7.5000000000,-6.116619976780e-04
5.4166666667,7.5000000000,-5.891291690680e-04
5.4861111111,7.5000000000,-5.638792055910e-04
5.5555555556,7.5000000000,-5.361756596710e-04
5.6250000000,7.5000000000,-5.063426324780e-04
5.6944444444,7.5000000000,-4.748364366250e-04
5.7638888889,7.5000000000,-4.422473983710e-04
5.8333333333,7.5000000000,-4.092329312020e-04
5.9027777778,7.5000000000,-3.764156508040e-04
5.9722222222,7.5000000000,-3.442955517170e-04
6.0416666667,7.5000000000,-3.132178194600e-04
6.1111111111,7.5000000000,-2.834076896930e-04
6.1805555556,7.5000000000,-2.550436921550e-04
6.2500000000,7.5000000000,-2.283168914660e-04
6.3194444444,7.5000000000,-2.034367673410e-04
6.3888888889,7.5000000000,-1.805856540910e-04
6.4583333333,7.5000000000,-1.598590966550e-04
6.5277777778,7.5000000000,-1.412315536570e-04
6.5972222222,7.5000000000,-1.245611805760e-04
6.6666666667,7.5000000000,-1.096230291060e-04
6.7361111111,7.5000000000,-9.615585136800e-05
6.8055555556,7.5000000000,-8.391521680000e-05
6.8750000000,7.5000000000,-7.272579220000e-05
6.9444444444,7.5000000000,-6.251583619100e-05
7.0138888889,7.5000000000,-5.331366165740e-05
7.0833333333,7.5000000000,-4.520141181280e-05
7.1527777778,7.5000000000,-3.824646627040e-05
7.2222222222,7.5000000000,-3.244347765110e-05
7.2916666667,7.5000000000,-2.769079844330e-05
7.3611111111,7.5000000000,-2.380497044540e-05
7.4305555556,7.5000000000,-2.056242977350e-05
7.5000000000,7.5000000000,-1.775261659600e-05
7.5694444444,7.5000000000,-1.522474557150e-05
7.6388888889,7.5000000000,-1.290989582810e-05
7.7083333333,7.5000000000,-1.080828408660e-05
7.7777777778,7.5000000000,-8.951020490600e-06
7.8472222222,7.5000000000,-7.362377038200e-06
7.9166666667,7.5000000000,-6.044562399500e-06
7.9861111111,7.5000000000,-4.983799210090e-06
8.0555555556,7.5000000000,-4.158194437440e-06
8.1250000000,7.5000000000,-3.534155242150e-06
8.1944444444,7.5000000000,-3.059556558830e-06
8.2638888889,7.5000000000,-2.670680979180e-06
8.3333333333,7.5000000000,-2.314567348810e-06
8.4027777778,7.5000000000,-1.968322134030e-06
8.4722222222,7.5000000000,-1.637836217930e-06
8.5416666667,7.5000000000,-1.339388826040e-06
8.6111111111,7.5000000000,-1.083268594770e-06
8.6805555556,7.5000000000,-8.715099928000e-07
8.7500000000,7.5000000000,-7.036754730860e-07
8.8194444444,7.5000000000,-5.784443692560e-07
8.8888888889,7.5000000000,-4.893176783690e-07
8.9583333333,7.5000000000,-4.230769555700e-07
9.0277777778,7.5000000000,-3.659098570560e-07
9.0972222222,7.5000000000,-3.111185141900e-07
9.1666666667,7.5000000000,-2.598405988430e-07
9.2361111111,7.5000000000,-2.150226807250e-07
9.3055555556,7.5000000000,-1.765758534053e-07
9.3750000000,7.5000000000,-1.426278869999e-07
9.4444444444,7.5000000000,-1.133738188820e-07
9.5138888889,7.5000000000,-9.156290949665e-08
9.5833333333,7.5000000000,-7.915517792915e-08
9.6527777778,7.5000000000,-7.476565112317e-08
9.7222222222,7.5000000000,-7.484417840637e-08
9.7916666667,7.5000000000,-7.650586813847e-08
9.8611111111,7.5000000000,-7.854120102980e-08
9.9305555556,7.5000000000,-8.034108030890e-08
0.0000000000,7.5694444444,-4.893198712860e-08
0.0694444444,7.5694444444,-4.882000125480e-08
0.1388888889,7.5694444444,-4.908726023729e-08
0.2083333333,7.5694444444,-5.073619944553e-08
0.2777777778,7.5694444444,-5.414765487342e-08
0.3472222222,7.5694444444,-5.974123467284e-08
0.4166666667,7.5694444444,-6.936353059402e-08
0.4861111111,7.5694444444,-8.568394093888e-08
0.5555555556,7.5694444444,-1.095309096084e-07
0.6250000000,7.5694444444,-1.387811386395e-07
0.6944444444,7.5694444444,-1.711634137140e-07
0.7638888889,7.5694444444,-2.077429995930e-07
0.8333333333,7.5694444444,-2.517223614210e-07
0.9027777778,7.5694444444,-3.029736279920e-07
0.9722222222,7.5694444444,-3.556749670480e-07
1.0416666667,7.5694444444,-4.042859425270e-07
1.1111111111,7.5694444444,-4.527439085380e-07
1.1805555556,7.5694444444,-5.162118196950e-07
1.2500000000,7.5694444444,-6.124248226740e-07
1.3194444444,7.5694444444,-7.518414281610e-07
1.3888888889,7.5694444444,-9.365866658600e-07
1.4583333333,7.5694444444,-1.166189958210e-06
1.5277777778,7.5694444444,-1.439513037080e-06
1.5972222222,7.5694444444,-1.749326460360e-06
1.6666666667,7.5694444444,-2.079540277740e-06
1.7361111111,7.5694444444,-2.415745720180e-06
1.8055555556,7.5694444444,-2.764282592630e-06
1.8750000000,7.5694444444,-3.162259289740e-06
1.9444444444,7.5694444444,-3.667760104820e-06
2.0138888889,7.5694444444,-4.338736491210e-06
2.0833333333,7.5694444444,-5.218283095100e-06
2.1527777778,7.5694444444,-6.333504163900e-06
2.2222222222,7.5694444444,-7.699394344000e-06
2.2916666667,7.5694444444,-9.317412123200e-06
2.3611111111,7.5694444444,-1.117121762690e-05
2.4305555556,7.5694444444,-1.323215269910e-05
2.5000000000,7.5694444444,-1.548157439960e-05
2.5694444444,7.5694444444,-1.794194958740e-05
2.6388888889,7.5694444444,-2.069930792090e-05
2.7083333333,7.5694444444,-2.390356636250e-05
2.7777777778,7.5694444444,-2.774438677580e-05
2.8472222222,7.5694444444,-3.240983077740e-05
2.9166666667,7.5694444444,-3.804115102660e-05
2.9861111111,7.5694444444,-4.470128312120e-05
3.0555555556,7.5694444444,-5.237399800820e-05
3.1250000000,7.5694444444,-6.099895490970e-05
3.1944444444,7.5694444444,-7.052696731900e-05
3.2638888889,7.5694444444,-8.096492263500e-05
3.3333333333,7.5694444444,-9.238656743000e-05
3.4027777778,7.5694444444,-1.049104905530e-04
3.4722222222,7.5694444444,-1.186673756690e-04
3.5416666667,7.5694444444,-1.337763045940e-04
3.6111111111,7.5694444444,-1.503314607660e-04
3.6805555556,7.5694444444,-1.683899991090e-04
3.7500000000,7.5694444444,-1.879601528810e-04
3.8194444444,7.5694444444,-2.090001590700e-04
3.8888888889,7.5694444444,-2.314325147370e-04
3.9583333333,7.5694444444,-2.551580557710e-04
4.0277777778,7.5694444444,-2.800460968360e-04
4.0972222222,7.5694444444,-3.058955447870e-04
4.1666666667,7.5694444444,-3.323913615380e-04
4.2361111111,7.5694444444,-3.590915849030e-04
4.3055555556,7.5694444444,-3.854625531260e-04
4.3750000000,7.5694444444,-4.109509824990e-04
4.4444444444,7.5694444444,-4.350623553390e-04
4.5138888889,7.5694444444,-4.574122166240e-04
4.5833333333,7.5694444444,-4.777269547040e-04
4.6527777778,7.5694444444,-4.957914876060e-04
4.7222222222,7.5694444444,-5.113694363900e-04
4.7916666667,7.5694444444,-5.241423925410e-04
4.8611111111,7.5694444444,-5.337102377140e-04
4.9305555556,7.5694444444,-5.396617449130e-04
5.0000000000,7.5694444444,-5.416845218860e-04
5.0694444444,7.5694444444,-5.396617486210e-04
5.1388888889,7.5694444444,-5.337102444070e-04
5.2083333333,7.5694444444,-5.241424010220e-04
5.2777777778,7.5694444444,-5.113694452250e-04
5.3472222222,7.5694444444,-4.957914955550e-04
5.4166666667,7.5694444444,-4.777269609520e-04
5.4861111111,7.5694444444,-4.574122208960e-04
5.5555555556,7.5694444444,-4.350623577940e-04
5.6250000000,7.5694444444,-4.109509835720e-04
5.6944444444,7.5694444444,-3.854625533150e-04
5.7638888889,7.5694444444,-3.590915845470e-04
5.8333333333,7.5694444444,-3.323913607820e-04
5.9027777778,7.5694444444,-3.058955435990e-04
5.9722222222,7.5694444444,-2.800460951230e-04
6.0416666667,7.5694444444,-2.551580534950e-04
6.1111111111,7.5694444444,-2.314325119720e-04
6.1805555556,7.5694444444,-2.090001560130e-04
6.2500000000,7.5694444444,-1.879601497800e-04
6.3194444444,7.5694444444,-1.683899961820e-04
6.3888888889,7.5694444444,-1.503314581260e-04
6.4583333333,7.5694444444,-1.337763022200e-04
6.5277777778,7.5694444444,-1.186673734750e-04
6.5972222222,7.5694444444,-1.049104884260e-04
6.6666666667,7.5694444444,-9.238656529400e-05
6.7361111111,7.5694444444,-8.096492052300e-05
6.8055555556,7.5694444444,-7.052696532100e-05
6.8750000000,7.5694444444,-6.099895314160e-05
6.9444444444,7.5694444444,-5.237399655070e-05
7.0138888889,7.5694444444,-4.470128197840e-05
7.0833333333,7.5694444444,-3.804115012850e-05
7.1527777778,7.5694444444,-3.240983000510e-05
7.2222222222,7.5694444444,-2.774438602030e-05
7.2916666667,7.5694444444,-2.390356556620e-05
7.3611111111,7.5694444444,-2.069930710180e-05
7.4305555556,7.5694444444,-1.794194882170e-05
7.5000000000,7.5694444444,-1.548157378550e-05
7.5694444444,7.5694444444,-1.323215230530e-05
7.6388888889,7.5694444444,-1.117121745410e-05
7.7083333333,7.5694444444,-9.317412108400e-06
7.7777777778,7.5694444444,-7.699394388200e-06
7.8472222222,7.5694444444,-6.333504179300e-06
7.9166666667,7.5694444444,-5.218283043700e-06
7.9861111111,7.5694444444,-4.338736396190e-06
8.0555555556,7.5694444444,-3.667760032040e-06
8.1250000000,7.5694444444,-3.162259311000e-06
8.1944444444,7.5694444444,-2.764282747830e-06
8.2638888889,7.5694444444,-2.415745997800e-06
8.3333333333,7.5694444444,-2.079540620330e-06
8.4027777778,7.5694444444,-1.749326791470e-06
8.4722222222,7.5694444444,-1.439513297400e-06
8.5416666667,7.5694444444,-1.166190132470e-06
8.6111111111,7.5694444444,-9.365867874200e-07
8.6805555556,7.5694444444,-7.518415602760e-07
8.7500000000,7.5694444444,-6.124250246740e-07
8.8194444444,7.5694444444,-5.162121161180e-07
8.8888888889,7.5694444444,-4.527442759890e-07
8.9583333333,7.5694444444,-4.042863209930e-07
9.0277777778,7.5694444444,-3.556752889040e-07
9.0972222222,7.5694444444,-3.029738507110e-07
9.1666666667,7.5694444444,-2.517224871630e-07
9.2361111111,7.5694444444,-2.077430729740e-07
9.3055555556,7.5694444444,-1.711634983730e-07
9.3750000000,7.5694444444,-1.387812850033e-07
9.4444444444,7.5694444444,-1.095311293847e-07
9.5138888889,7.5694444444,-8.568420115009e-08
9.5833333333,7.5694444444,-6.936376971661e-08
9.6527777778,7.5694444444,-5.974139288488e-08
9.7222222222,7.5694444444,-5.414770346237e-08
9.7916666667,7.5694444444,-5.073615448121e-08
9.8611111111,7.5694444444,-4.908717440511e-08
9.9305555556,7.5694444444,-4.881993746237e-08
0.0000000000,7.6388888889,-2.678091734850e-08
0.0694444444,7.6388888889,-2.783056152110e-08
0.1388888889,7.6388888889,-3.132381334510e-08
0.2083333333,7.6388888889,-3.760830714350e-08
0.2777777778,7.6388888889,-4.619986347440e-08
0.3472222222,7.6388888889,-5.648645042436e-08
0.4166666667,7.6388888889,-6.919626213556e-08
0.4861111111,7.6388888889,-8.618886913897e-08
0.5555555556,7.6388888889,-1.082995795972e-07
0.6250000000,7.6388888889,-1.342934230960e-07
0.6944444444,7.6388888889,-1.631583087740e-07
0.7638888889,7.6388888889,-1.970184275570e-07
0.8333333333,7.6388888889,-2.396771396190e-07
0.9027777778,7.6388888889,-2.908572643980e-07
0.9722222222,7.6388888889,-3.431839919680e-07
1.0416666667,7.6388888889,-3.878916774270e-07
1.1111111111,7.6388888889,-4.253456904650e-07
1.1805555556,7.6388888889,-4.693578565180e-07
1.2500000000,7.6388888889,-5.398874244440e-07
1.3194444444,7.6388888889,-6.513803837650e-07
1.3888888889,7.6388888889,-8.082847609200e-07
1.4583333333,7.6388888889,-1.009776219590e-06
1.5277777778,7.6388888889,-1.254672766410e-06
1.5972222222,7.6388888889,-1.539176418440e-06
1.6666666667,7.6388888889,-1.852006371760e-06
1.7361111111,7.6388888889,-2.177636912520e-06
1.8055555556,7.6388888889,-2.510039575240e-06
1.8750000000,7.6388888889,-2.866404711250e-06
1.9444444444,7.6388888889,-3.288424154150e-06
2.0138888889,7.6388888889,-3.829915972410e-06
2.0833333333,7.6388888889,-4.540881153130e-06
2.1527777778,7.6388888889,-5.457995781000e-06
2.2222222222,7.6388888889,-6.602699538400e-06
2.2916666667,7.6388888889,-7.981807897500e-06
2.3611111111,7.6388888889,-9.587834134300e-06
2.4305555556,7.6388888889,-1.140207902660e-05
2.5000000000,7.6388888889,-1.340506512120e-05
2.5694444444,7.6388888889,-1.559431289240e-05
2.6388888889,7.6388888889,-1.800363940850e-05
2.7083333333,7.6388888889,-2.071582913250e-05
2.7777777778,7.6388888889,-2.386182905000e-05
2.8472222222,7.6388888889,-2.760271556410e-05
2.9166666667,7.6388888889,-3.209608754090e-05
2.9861111111,7.6388888889,-3.745750015100e-05
3.0555555556,7.6388888889,-4.373574621890e-05
3.1250000000,7.6388888889,-5.091817523650e-05
3.1944444444,7.6388888889,-5.896440583590e-05
3.2638888889,7.6388888889,-6.784569792400e-05
3.3333333333,7.6388888889,-7.756358790100e-05
3.4027777778,7.6388888889,-8.814143551900e-05
3.4722222222,7.6388888889,-9.960693786000e-05
3.5416666667,7.6388888889,-1.119868334690e-04
3.6111111111,7.6388888889,-1.253152640720e-04
3.6805555556,7.6388888889,-1.396394326500e-04
3.7500000000,7.6388888889,-1.550108381020e-04
3.8194444444,7.6388888889,-1.714682892850e-04
3.8888888889,7.6388888889,-1.890249201790e-04
3.9583333333,7.6388888889,-2.076588089150e-04
4.0277777778,7.6388888889,-2.272955677040e-04
4.0972222222,7.6388888889,-2.477796124240e-04
4.1666666667,7.6388888889,-2.688498227540e-04
4.2361111111,7.6388888889,-2.901412217780e-04
4.3055555556,7.6388888889,-3.112196234650e-04
4.3750000000,7.6388888889,-3.316366532410e-04
4.4444444444,7.6388888889,-3.509843655470e-04
4.5138888889,7.6388888889,-3.689312411160e-04
4.5833333333,7.6388888889,-3.852268748070e-04
4.6527777778,7.6388888889,-3.996718717260e-04
4.7222222222,7.6388888889,-4.120665179340e-04
4.7916666667,7.6388888889,-4.221687903570e-04
4.8611111111,7.6388888889,-4.296920719460e-04
4.9305555556,7.6388888889,-4.343503213910e-04
5.0000000000,7.6388888889,-4.359295583080e-04
5.0694444444,7.6388888889,-4.343503265270e-04
5.1388888889,7.6388888889,-4.296920812730e-04
5.2083333333,7.6388888889,-4.221688022240e-04
5.2777777778,7.6388888889,-4.120665304860e-04
5.3472222222,7.6388888889,-3.996718832530e-04
5.4166666667,7.6388888889,-3.852268841710e-04
5.4861111111,7.6388888889,-3.689312478900e-04
5.5555555556,7.6388888889,-3.509843699120e-04
5.6250000000,7.6388888889,-3.316366557480e-04
5.6944444444,7.6388888889,-3.112196247650e-04
5.7638888889,7.6388888889,-2.901412223360e-04
5.8333333333,7.6388888889,-2.688498228010e-04
5.9027777778,7.6388888889,-2.477796119410e-04
5.9722222222,7.6388888889,-2.272955665870e-04
6.0416666667,7.6388888889,-2.076588071160e-04
6.1111111111,7.6388888889,-1.890249177710e-04
6.1805555556,7.6388888889,-1.714682865280e-04
6.2500000000,7.6388888889,-1.550108352880e-04
6.3194444444,7.6388888889,-1.396394300550e-04
6.3888888889,7.6388888889,-1.253152618290e-04
6.4583333333,7.6388888889,-1.119868315660e-04
6.5277777778,7.6388888889,-9.960693614700e-05
6.5972222222,7.6388888889,-8.814143384600e-05
6.6666666667,7.6388888889,-7.756358615400e-05
6.7361111111,7.6388888889,-6.784569611500e-05
6.8055555556,7.6388888889,-5.896440407110e-05
6.8750000000,7.6388888889,-5.091817366850e-05
6.9444444444,7.6388888889,-4.373574496170e-05
7.0138888889,7.6388888889,-3.745749922580e-05
7.0833333333,7.6388888889,-3.209608686850e-05
7.1527777778,7.6388888889,-2.760271500130e-05
7.2222222222,7.6388888889,-2.386182845790e-05
7.2916666667,7.6388888889,-2.071582844050e-05
7.3611111111,7.6388888889,-1.800363864220e-05
7.4305555556,7.6388888889,-1.559431216090e-05
7.5000000000,7.6388888889,-1.340506455170e-05
7.5694444444,7.6388888889,-1.140207870860e-05
7.6388888889,7.6388888889,-9.587834070300e-06
7.7083333333,7.6388888889,-7.981808002200e-06
7.7777777778,7.6388888889,-6.602699684700e-06
7.8472222222,7.6388888889,-5.457995858400e-06
7.9166666667,7.6388888889,-4.540881116870e-06
7.9861111111,7.6388888889,-3.829915858040e-06
8.0555555556,7.6388888889,-3.288424053440e-06
8.1250000000,7.6388888889,-2.866404723040e-06
8.1944444444,7.6388888889,-2.510039755530e-06
8.2638888889,7.6388888889,-2.177637247430e-06
8.3333333333,7.6388888889,-1.852006784150e-06
8.4027777778,7.6388888889,-1.539176805200e-06
8.4722222222,7.6388888889,-1.254673048000e-06
8.5416666667,7.6388888889,-1.009776376900e-06
8.6111111111,7.6388888889,-8.082848419100e-07
8.6805555556,7.6388888889,-6.513804766330e-07
8.7500000000,7.6388888889,-5.398876113840e-07
8.8194444444,7.6388888889,-4.693581717300e-07
8.8888888889,7.6388888889,-4.253461029510e-07
8.9583333333,7.6388888889,-3.878921065520e-07
9.0277777778,7.6388888889,-3.431843469700e-07
9.0972222222,7.6388888889,-2.908574883310e-07
9.1666666667,7.6388888889,-2.396772358800e-07
9.2361111111,7.6388888889,-1.970184569300e-07
9.3055555556,7.6388888889,-1.631583579160e-07
9.3750000000,7.6388888889,-1.342935609170e-07
9.4444444444,7.6388888889,-1.082998225816e-07
9.5138888889,7.6388888889,-8.618917311173e-08
9.5833333333,7.6388888889,-6.919654411960e-08
9.6527777778,7.6388888889,-5.648662963934e-08
9.7222222222,7.6388888889,-4.619990112170e-08
9.7916666667,7.6388888889,-3.760822505780e-08
9.8611111111,7.6388888889,-3.132368290600e-08
9.9305555556,7.6388888889,-2.783046797950e-08
0.0000000000,7.7083333333,-2.130651127000e-08
0.0694444444,7.7083333333,-2.336298468700e-08
0.1388888889,7.7083333333,-2.937527715910e-08
0.2083333333,7.7083333333,-3.860512623860e-08
0.2777777778,7.7083333333,-4.959750613109e-08
0.3472222222,7.7083333333,-6.104676735855e-08
0.4166666667,7.7083333333,-7.304092115640e-08
0.4861111111,7.7083333333,-8.704010651540e-08
0.5555555556,7.7083333333,-1.043472332620e-07
0.6250000000,7.7083333333,-1.251388691690e-07
0.6944444444,7.7083333333,-1.497848093030e-07
0.7638888889,7.7083333333,-1.807573861600e-07
0.8333333333,7.7083333333,-2.214222649510e-07
0.9027777778,7.7083333333,-2.713412591700e-07
0.9722222222,7.7083333333,-3.233143223880e-07
1.0416666667,7.7083333333,-3.675840964210e-07
1.1111111111,7.7083333333,-4.012951406340e-07
1.1805555556,7.7083333333,-4.343507179720e-07
1.2500000000,7.7083333333,-4.852828788430e-07
1.3194444444,7.7083333333,-5.708162663720e-07
1.3888888889,7.7083333333,-6.989502824500e-07
1.4583333333,7.7083333333,-8.704864972500e-07
1.5277777778,7.7083333333,-1.084252498510e-06
1.5972222222,7.7083333333,-1.338504772310e-06
1.6666666667,7.7083333333,-1.627709289340e-06
1.7361111111,7.7083333333,-1.941108278390e-06
1.8055555556,7.7083333333,-2.268422770410e-06
1.8750000000,7.7083333333,-2.610403369630e-06
1.9444444444,7.7083333333,-2.986540758250e-06
2.0138888889,7.7083333333,-3.434254930860e-06
2.0833333333,7.7083333333,-4.000245849410e-06
2.1527777778,7.7083333333,-4.729190524270e-06
2.2222222222,7.7083333333,-5.654876731700e-06
2.2916666667,7.7083333333,-6.796013030000e-06
2.3611111111,7.7083333333,-8.156406905400e-06
2.4305555556,7.7083333333,-9.728342022900e-06
2.5000000000,7.7083333333,-1.149836431910e-05
2.5694444444,7.7083333333,-1.345538826910e-05
2.6388888889,7.7083333333,-1.560146899700e-05
2.7083333333,7.7083333333,-1.796499320680e-05
2.7777777778,7.7083333333,-2.061327465000e-05
2.8472222222,7.7083333333,-2.365711833160e-05
2.9166666667,7.7083333333,-2.723842924450e-05
2.9861111111,7.7083333333,-3.149915851440e-05
3.0555555556,7.7083333333,-3.654419774110e-05
3.1250000000,7.7083333333,-4.241968166720e-05
3.1944444444,7.7083333333,-4.911925056330e-05
3.2638888889,7.7083333333,-5.660900803880e-05
3.3333333333,7.7083333333,-6.484869997650e-05
3.4027777778,7.7083333333,-7.379677175700e-05
3.4722222222,7.7083333333,-8.340870472700e-05
3.5416666667,7.7083333333,-9.364529106600e-05
3.6111111111,7.7083333333,-1.044920153530e-04
3.6805555556,7.7083333333,-1.159728652310e-04
3.7500000000,7.7083333333,-1.281442636450e-04
3.8194444444,7.7083333333,-1.410729768390e-04
3.8888888889,7.7083333333,-1.548119507910e-04
3.9583333333,7.7083333333,-1.693799378160e-04
4.0277777778,7.7083333333,-1.847402729640e-04
4.0972222222,7.7083333333,-2.007782507940e-04
4.1666666667,7.7083333333,-2.172887676790e-04
4.2361111111,7.7083333333,-2.339867925450e-04
4.3055555556,7.7083333333,-2.505390386190e-04
4.3750000000,7.7083333333,-2.666024313980e-04
4.4444444444,7.7083333333,-2.818561775210e-04
4.5138888889,7.7083333333,-2.960223726340e-04
4.5833333333,7.7083333333,-3.088728083790e-04
4.6527777778,7.7083333333,-3.202188858540e-04
4.7222222222,7.7083333333,-3.298877764140e-04
4.7916666667,7.7083333333,-3.376999368890e-04
4.8611111111,7.7083333333,-3.434663582440e-04
4.9305555556,7.7083333333,-3.470112359000e-04
5.0000000000,7.7083333333,-3.482082114270e-04
5.0694444444,7.7083333333,-3.470112396620e-04
5.1388888889,7.7083333333,-3.434663650770e-04
5.2083333333,7.7083333333,-3.376999455700e-04
5.2777777778,7.7083333333,-3.298877855570e-04
5.3472222222,7.7083333333,-3.202188941860e-04
5.4166666667,7.7083333333,-3.088728150280e-04
5.4861111111,7.7083333333,-2.960223772840e-04
5.5555555556,7.7083333333,-2.818561802910e-04
5.6250000000,7.7083333333,-2.666024327010e-04
5.6944444444,7.7083333333,-2.505390389320e-04
5.7638888889,7.7083333333,-2.339867922770e-04
5.8333333333,7.7083333333,-2.172887670190e-04
5.9027777778,7.7083333333,-2.007782497640e-04
5.9722222222,7.7083333333,-1.847402715140e-04
6.0416666667,7.7083333333,-1.693799359190e-04
6.1111111111,7.7083333333,-1.548119485240e-04
6.1805555556,7.7083333333,-1.410729743590e-04
6.2500000000,7.7083333333,-1.281442611850e-04
6.3194444444,7.7083333333,-1.159728629810e-04
6.3888888889,7.7083333333,-1.044920134020e-04
6.4583333333,7.7083333333,-9.364528940400e-05
6.5277777778,7.7083333333,-8.340870324100e-05
6.5972222222,7.7083333333,-7.379677032500e-05
6.6666666667,7.7083333333,-6.484869852020e-05
6.7361111111,7.7083333333,-5.660900655620e-05
6.8055555556,7.7083333333,-4.911924912790e-05
6.8750000000,7.7083333333,-4.241968038190e-05
6.9444444444,7.7083333333,-3.654419668920e-05
7.0138888889,7.7083333333,-3.149915771430e-05
7.0833333333,7.7083333333,-2.723842863810e-05
7.1527777778,7.7083333333,-2.365711781740e-05
7.2222222222,7.7083333333,-2.061327412720e-05
7.2916666667,7.7083333333,-1.796499262700e-05
7.3611111111,7.7083333333,-1.560146838300e-05
7.4305555556,7.7083333333,-1.345538770060e-05
7.5000000000,7.7083333333,-1.149836389040e-05
7.5694444444,7.7083333333,-9.728341795300e-06
7.6388888889,7.7083333333,-8.156406874200e-06
7.7083333333,7.7083333333,-6.796013130400e-06
7.7777777778,7.7083333333,-5.654876868600e-06
7.8472222222,7.7083333333,-4.729190616570e-06
7.9166666667,7.7083333333,-4.000245864480e-06
7.9861111111,7.7083333333,-3.434254894570e-06
8.0555555556,7.7083333333,-2.986540737780e-06
8.1250000000,7.7083333333,-2.610403437600e-06
8.1944444444,7.7083333333,-2.268422968320e-06
8.2638888889,7.7083333333,-1.941108595440e-06
8.3333333333,7.7083333333,-1.627709667630e-06
8.4027777778,7.7083333333,-1.338505133940e-06
8.4722222222,7.7083333333,-1.084252782970e-06
8.5416666667,7.7083333333,-8.704866895800e-07
8.6111111111,7.7083333333,-6.989504179300e-07
8.6805555556,7.7083333333,-5.708164101080e-07
8.7500000000,7.7083333333,-4.852830911570e-07
8.8194444444,7.7083333333,-4.343510234880e-07
8.8888888889,7.7083333333,-4.012955158790e-07
8.9583333333,7.7083333333,-3.675844816750e-07
9.0277777778,7.7083333333,-3.233146505160e-07
9.0972222222,7.7083333333,-2.713414878160e-07
9.1666666667,7.7083333333,-2.214223959790e-07
9.2361111111,7.7083333333,-1.807574637690e-07
9.3055555556,7.7083333333,-1.497848969920e-07
9.3750000000,7.7083333333,-1.251390176390e-07
9.4444444444,7.7083333333,-1.043474546540e-07
9.5138888889,7.7083333333,-8.704036820930e-08
9.5833333333,7.7083333333,-7.304116182801e-08
9.6527777778,7.7083333333,-6.104692722513e-08
9.7222222222,7.7083333333,-4.959755632730e-08
9.7916666667,7.7083333333,-3.860508262000e-08
9.8611111111,7.7083333333,-2.937519222940e-08
9.9305555556,7.7083333333,-2.336292131240e-08
0.0000000000,7.7777777778,-2.959029990888e-08
0.0694444444,7.7777777778,-3.193492429530e-08
0.1388888889,7.7777777778,-3.843707825024e-08
0.2083333333,7.7777777778,-4.763888896180e-08
0.2777777778,7.7777777778,-5.766493121737e-08
0.3472222222,7.7777777778,-6.713023533160e-08
0.4166666667,7.7777777778,-7.598765948550e-08
0.4861111111,7.7777777778,-8.554973779610e-08
0.5555555556,7.7777777778,-9.755575347400e-08
0.6250000000,7.7777777778,-1.133279743750e-07
0.6944444444,7.7777777778,-1.341220494280e-07
0.7638888889,7.7777777778,-1.620300539180e-07
0.8333333333,7.7777777778,-1.993059361890e-07
0.9027777778,7.7777777778,-2.454559731410e-07
0.9722222222,7.7777777778,-2.949644550880e-07
1.0416666667,7.7777777778,-3.395251546080e-07
1.1111111111,7.7777777778,-3.746204117610e-07
1.1805555556,7.7777777778,-4.051214701580e-07
1.2500000000,7.7777777778,-4.445676114140e-07
1.3194444444,7.7777777778,-5.085822783830e-07
1.3888888889,7.7777777778,-6.081941307460e-07
1.4583333333,7.7777777778,-7.479720950400e-07
1.5277777778,7.7777777778,-9.284987722400e-07
1.5972222222,7.7777777778,-1.149087025360e-06
1.6666666667,7.7777777778,-1.407971919450e-06
1.7361111111,7.7777777778,-1.700873505180e-06
1.8055555556,7.7777777778,-2.020804147640e-06
1.8750000000,7.7777777778,-2.361190275230e-06
1.9444444444,7.7777777778,-2.722097805480e-06
2.0138888889,7.7777777778,-3.116933101780e-06
2.0833333333,7.7777777778,-3.575548809540e-06
2.1527777778,7.7777777778,-4.140623035690e-06
2.2222222222,7.7777777778,-4.857845685740e-06
2.2916666667,7.7777777778,-5.764533413000e-06
2.3611111111,7.7777777778,-6.882336951200e-06
2.4305555556,7.7777777778,-8.216641741700e-06
2.5000000000,7.7777777778,-9.760824146500e-06
2.5694444444,7.7777777778,-1.150176809760e-05
2.6388888889,7.7777777778,-1.342556161510e-05
2.7083333333,7.7777777778,-1.552627907290e-05
2.7777777778,7.7777777778,-1.782075339630e-05
2.8472222222,7.7777777778,-2.036552229150e-05
2.9166666667,7.7777777778,-2.326379663870e-05
2.9861111111,7.7777777778,-2.665078641890e-05
3.0555555556,7.7777777778,-3.065928065770e-05
3.1250000000,7.7777777778,-3.538351435090e-05
3.1944444444,7.7777777778,-4.086126688700e-05
3.2638888889,7.7777777778,-4.707850187670e-05
3.3333333333,7.7777777778,-5.398430587920e-05
3.4027777778,7.7777777778,-6.150408625780e-05
3.4722222222,7.7777777778,-6.955232599900e-05
3.5416666667,7.7777777778,-7.805245237500e-05
3.6111111111,7.7777777778,-8.696116713000e-05
3.6805555556,7.7777777778,-9.628240652100e-05
3.7500000000,7.7777777778,-1.060600865470e-04
3.8194444444,7.7777777778,-1.163551110990e-04
3.8888888889,7.7777777778,-1.272204884930e-04
3.9583333333,7.7777777778,-1.386807582430e-04
4.0277777778,7.7777777778,-1.507127351150e-04
4.0972222222,7.7777777778,-1.632282148340e-04
4.1666666667,7.7777777778,-1.760685834730e-04
4.2361111111,7.7777777778,-1.890189913810e-04
4.3055555556,7.7777777778,-2.018353299590e-04
4.3750000000,7.7777777778,-2.142685256740e-04
4.4444444444,7.7777777778,-2.260782192320e-04
4.5138888889,7.7777777778,-2.370403724780e-04
4.5833333333,7.7777777778,-2.469547349600e-04
4.6527777778,7.7777777778,-2.556501896240e-04
4.7222222222,7.7777777778,-2.629832479330e-04
4.7916666667,7.7777777778,-2.688318663090e-04
4.8611111111,7.7777777778,-2.730924062280e-04
4.9305555556,7.7777777778,-2.756835252320e-04
5.0000000000,7.7777777778,-2.765531790480e-04
5.0694444444,7.7777777778,-2.756835256480e-04
5.1388888889,7.7777777778,-2.730924069470e-04
5.2083333333,7.7777777778,-2.688318671440e-04
5.2777777778,7.7777777778,-2.629832486470e-04
5.3472222222,7.7777777778,-2.556501900010e-04
5.4166666667,7.7777777778,-2.469547348530e-04
5.4861111111,7.7777777778,-2.370403718280e-04
5.5555555556,7.7777777778,-2.260782180500e-04
5.6250000000,7.7777777778,-2.142685240630e-04
5.6944444444,7.7777777778,-2.018353280280e-04
5.7638888889,7.7777777778,-1.890189892580e-04
5.8333333333,7.7777777778,-1.760685812500e-04
5.9027777778,7.7777777778,-1.632282125550e-04
5.9722222222,7.7777777778,-1.507127328370e-04
6.0416666667,7.7777777778,-1.386807559880e-04
6.1111111111,7.7777777778,-1.272204862850e-04
6.1805555556,7.7777777778,-1.163551089600e-04
6.2500000000,7.7777777778,-1.060600845200e-04
6.3194444444,7.7777777778,-9.628240462800e-05
6.3888888889,7.7777777778,-8.696116537900e-05
6.4583333333,7.7777777778,-7.805245077050e-05
6.5277777778,7.7777777778,-6.955232452800e-05
6.5972222222,7.7777777778,-6.150408490270e-05
6.6666666667,7.7777777778,-5.398430462540e-05
6.7361111111,7.7777777778,-4.707850071630e-05
6.8055555556,7.7777777778,-4.086126582500e-05
6.8750000000,7.7777777778,-3.538351339230e-05
6.9444444444,7.7777777778,-3.065927980860e-05
7.0138888889,7.7777777778,-2.665078567360e-05
7.0833333333,7.7777777778,-2.326379598580e-05
7.1527777778,7.7777777778,-2.036552171290e-05
7.2222222222,7.7777777778,-1.782075287930e-05
7.2916666667,7.7777777778,-1.552627861270e-05
7.3611111111,7.7777777778,-1.342556121970e-05
7.4305555556,7.7777777778,-1.150176778070e-05
7.5000000000,7.7777777778,-9.760823920000e-06
7.5694444444,7.7777777778,-8.216641606900e-06
7.6388888889,7.7777777778,-6.882336898200e-06
7.7083333333,7.7777777778,-5.764533422900e-06
7.7777777778,7.7777777778,-4.857845737010e-06
7.8472222222,7.7777777778,-4.140623111150e-06
7.9166666667,7.7777777778,-3.575548900670e-06
7.9861111111,7.7777777778,-3.116933209940e-06
8.0555555556,7.7777777778,-2.722097939110e-06
8.1250000000,7.7777777778,-2.361190444510e-06
8.1944444444,7.7777777778,-2.020804357890e-06
8.2638888889,7.7777777778,-1.700873752830e-06
8.3333333333,7.7777777778,-1.407972192070e-06
8.4027777778,7.7777777778,-1.149087306040e-06
8.4722222222,7.7777777778,-9.284990471000e-07
8.5416666667,7.7777777778,-7.479723585400e-07
8.6111111111,7.7777777778,-6.081943864900e-07
8.6805555556,7.7777777778,-5.085825350820e-07
8.7500000000,7.7777777778,-4.445678767960e-07
8.8194444444,7.7777777778,-4.051217462170e-07
8.8888888889,7.7777777778,-3.746206932290e-07
8.9583333333,7.7777777778,-3.395254311200e-07
9.0277777778,7.7777777778,-2.949647151430e-07
9.0972222222,7.7777777778,-2.454562087760e-07
9.1666666667,7.7777777778,-1.993061458270e-07
9.2361111111,7.7777777778,-1.620302428070e-07
9.3055555556,7.7777777778,-1.341222262820e-07
9.3750000000,7.7777777778,-1.133281465050e-07
9.4444444444,7.7777777778,-9.755592235700e-08
9.5138888889,7.7777777778,-8.554989793030e-08
9.5833333333,7.7777777778,-7.598780079310e-08
9.6527777778,7.7777777778,-6.713034789860e-08
9.7222222222,7.7777777778,-5.766500993247e-08
9.7916666667,7.7777777778,-4.763893568246e-08
9.8611111111,7.7777777778,-3.843710077213e-08
9.9305555556,7.7777777778,-3.193493229873e-08
0.0000000000,7.8472222222,-4.466410468266e-08
0.0694444444,7.8472222222,-4.630831957340e-08
0.1388888889,7.8472222222,-5.085073039694e-08
0.2083333333,7.8472222222,-5.723934316160e-08
0.2777777778,7.8472222222,-6.411647366420e-08
0.3472222222,7.8472222222,-7.039623204050e-08
0.4166666667,7.8472222222,-7.590732140940e-08
0.4861111111,7.8472222222,-8.168715759300e-08
0.5555555556,7.8472222222,-8.958390465500e-08
0.6250000000,7.8472222222,-1.014786173510e-07
0.6944444444,7.8472222222,-1.189216968290e-07
0.7638888889,7.8472222222,-1.433420253690e-07
0.8333333333,7.8472222222,-1.758693155900e-07
0.9027777778,7.8472222222,-2.160420506430e-07
0.9722222222,7.8472222222,-2.604999732900e-07
1.0416666667,7.8472222222,-3.038034821110e-07
1.1111111111,7.8472222222,-3.418416028650e-07
1.1805555556,7.8472222222,-3.754916716570e-07
1.2500000000,7.8472222222,-4.116545651390e-07
1.3194444444,7.8472222222,-4.611267547590e-07
1.3888888889,7.8472222222,-5.351285832730e-07
1.4583333333,7.8472222222,-6.424408949300e-07
1.5277777778,7.8472222222,-7.880041383600e-07
1.5972222222,7.8472222222,-9.732571963500e-07
1.6666666667,7.8472222222,-1.197987514410e-06
1.7361111111,7.8472222222,-1.462045980160e-06
1.8055555556,7.8472222222,-1.764573063600e-06
1.8750000000,7.8472222222,-2.100904901520e-06
1.9444444444,7.8472222222,-2.461559328300e-06
2.0138888889,7.8472222222,-2.838150073660e-06
2.0833333333,7.8472222222,-3.235163095860e-06
2.1527777778,7.8472222222,-3.679362991520e-06
2.2222222222,7.8472222222,-4.218159625500e-06
2.2916666667,7.8472222222,-4.906130860130e-06
2.3611111111,7.8472222222,-5.787925027950e-06
2.4305555556,7.8472222222,-6.887592561100e-06
2.5000000000,7.8472222222,-8.208016708300e-06
2.5694444444,7.8472222222,-9.736460017000e-06
2.6388888889,7.8472222222,-1.145085407850e-05
2.7083333333,7.8472222222,-1.332678624660e-05
2.7777777778,7.8472222222,-1.534983480390e-05
2.8472222222,7.8472222222,-1.753445478210e-05
2.9166666667,7.8472222222,-1.994060736170e-05
2.9861111111,7.8472222222,-2.267383155980e-05
3.0555555556,7.8472222222,-2.586237868930e-05
3.1250000000,7.8472222222,-2.962120682800e-05
3.1944444444,7.8472222222,-3.402155292470e-05
3.2638888889,7.8472222222,-3.907818394050e-05
3.3333333333,7.8472222222,-4.475322600900e-05
3.4027777778,7.8472222222,-5.097010521490e-05
3.4722222222,7.8472222222,-5.763486650510e-05
3.5416666667,7.8472222222,-6.466335489830e-05
3.6111111111,7.8472222222,-7.200590472300e-05
3.6805555556,7.8472222222,-7.965645079220e-05
3.7500000000,7.8472222222,-8.764116422400e-05
3.8194444444,7.8472222222,-9.599626508000e-05
3.8888888889,7.8472222222,-1.047486947360e-04
3.9583333333,7.8472222222,-1.139032742820e-04
4.0277777778,7.8472222222,-1.234311053960e-04
4.0972222222,7.8472222222,-1.332584626830e-04
4.1666666667,7.8472222222,-1.432645993310e-04
4.2361111111,7.8472222222,-1.532942602810e-04
4.3055555556,7.8472222222,-1.631771028370e-04
4.3750000000,7.8472222222,-1.727397333440e-04
4.4444444444,7.8472222222,-1.818063245300e-04
4.5138888889,7.8472222222,-1.901979868540e-04
4.5833333333,7.8472222222,-1.977416315880e-04
4.6527777778,7.8472222222,-2.042869042050e-04
4.7222222222,7.8472222222,-2.097208795820e-04
4.7916666667,7.8472222222,-2.139731398220e-04
4.8611111111,7.8472222222,-2.170112606730e-04
4.9305555556,7.8472222222,-2.188296280110e-04
5.0000000000,7.8472222222,-2.194344137210e-04
5.0694444444,7.8472222222,-2.188296248850e-04
5.1388888889,7.8472222222,-2.170112549260e-04
5.2083333333,7.8472222222,-2.139731323420e-04
5.2777777778,7.8472222222,-2.097208713680e-04
5.3472222222,7.8472222222,-2.042868961780e-04
5.4166666667,7.8472222222,-1.977416243540e-04
5.4861111111,7.8472222222,-1.901979806550e-04
5.5555555556,7.8472222222,-1.818063192970e-04
5.6250000000,7.8472222222,-1.727397288280e-04
5.6944444444,7.8472222222,-1.631770987380e-04
5.7638888889,7.8472222222,-1.532942564340e-04
5.8333333333,7.8472222222,-1.432645956730e-04
5.9027777778,7.8472222222,-1.332584593080e-04
5.9722222222,7.8472222222,-1.234311024050e-04
6.0416666667,7.8472222222,-1.139032717710e-04
6.1111111111,7.8472222222,-1.047486926540e-04
6.1805555556,7.8472222222,-9.599626332800e-05
6.2500000000,7.8472222222,-8.764116265400e-05
6.3194444444,7.8472222222,-7.965644924890e-05
6.3888888889,7.8472222222,-7.200590314630e-05
6.4583333333,7.8472222222,-6.466335331030e-05
6.5277777778,7.8472222222,-5.763486499050e-05
6.5972222222,7.8472222222,-5.097010387300e-05
6.6666666667,7.8472222222,-4.475322490100e-05
6.7361111111,7.8472222222,-3.907818305850e-05
6.8055555556,7.8472222222,-3.402155220110e-05
6.8750000000,7.8472222222,-2.962120616840e-05
6.9444444444,7.8472222222,-2.586237801740e-05
7.0138888889,7.8472222222,-2.267383084760e-05
7.0833333333,7.8472222222,-1.994060664220e-05
7.1527777778,7.8472222222,-1.753445412530e-05
7.2222222222,7.8472222222,-1.534983428350e-05
7.2916666667,7.8472222222,-1.332678590300e-05
7.3611111111,7.8472222222,-1.145085390150e-05
7.4305555556,7.8472222222,-9.736459949600e-06
7.5000000000,7.8472222222,-8.208016677300e-06
7.5694444444,7.8472222222,-6.887592509500e-06
7.6388888889,7.8472222222,-5.787924941250e-06
7.7083333333,7.8472222222,-4.906130768180e-06
7.7777777778,7.8472222222,-4.218159582620e-06
7.8472222222,7.8472222222,-3.679363045800e-06
7.9166666667,7.8472222222,-3.235163263440e-06
7.9861111111,7.8472222222,-2.838150330290e-06
8.0555555556,7.8472222222,-2.461559621460e-06
8.1250000000,7.8472222222,-2.100905175640e-06
8.1944444444,7.8472222222,-1.764573285780e-06
8.2638888889,7.8472222222,-1.462046153530e-06
8.3333333333,7.8472222222,-1.197987674390e-06
8.4027777778,7.8472222222,-9.732573906600e-07
8.4722222222,7.8472222222,-7.880044022200e-07
8.5416666667,7.8472222222,-6.424412326400e-07
8.6111111111,7.8472222222,-5.351289648010e-07
8.6805555556,7.8472222222,-4.611271294170e-07
8.7500000000,7.8472222222,-4.116548855750e-07
8.8194444444,7.8472222222,-3.754919164600e-07
8.8888888889,7.8472222222,-3.418417859890e-07
8.9583333333,7.8472222222,-3.038036447530e-07
9.0277777778,7.8472222222,-2.605001618930e-07
9.0972222222,7.8472222222,-2.160422930410e-07
9.1666666667,7.8472222222,-1.758696067130e-07
9.2361111111,7.8472222222,-1.433423299580e-07
9.3055555556,7.8472222222,-1.189219664260e-07
9.3750000000,7.8472222222,-1.014788138870e-07
9.4444444444,7.8472222222,-8.958401833600e-08
9.5138888889,7.8472222222,-8.168721116700e-08
9.5833333333,7.8472222222,-7.590735835350e-08
9.6527777778,7.8472222222,-7.039629462950e-08
9.7222222222,7.8472222222,-6.411658171480e-08
9.7916666667,7.8472222222,-5.723948396990e-08
9.8611111111,7.8472222222,-5.085086504485e-08
9.9305555556,7.8472222222,-4.630840211216e-08
0.0000000000,7.9166666667,-6.116452662300e-08
0.0694444444,7.9166666667,-6.110993439810e-08
0.1388888889,7.9166666667,-6.143615068070e-08
0.2083333333,7.9166666667,-6.300405112910e-08
0.2777777778,7.9166666667,-6.593974731530e-08
0.3472222222,7.9166666667,-6.938136947500e-08
0.4166666667,7.9166666667,-7.249161009500e-08
0.4861111111,7.9166666667,-7.566782747640e-08
0.5555555556,7.9166666667,-8.063198517900e-08
0.6250000000,7.9166666667,-8.942725425300e-08
0.6944444444,7.9166666667,-1.035630560040e-07
0.7638888889,7.9166666667,-1.240157292190e-07
0.8333333333,7.9166666667,-1.513625066380e-07
0.9027777778,7.9166666667,-1.852291220740e-07
0.9722222222,7.9166666667,-2.236723857040e-07
1.0416666667,7.9166666667,-2.637631498100e-07
1.1111111111,7.9166666667,-3.032241655570e-07
1.1805555556,7.9166666667,-3.416015843790e-07
1.2500000000,7.9166666667,-3.804040208910e-07
1.3194444444,7.9166666667,-4.234412501330e-07
1.3888888889,7.9166666667,-4.779474228870e-07
1.4583333333,7.9166666667,-5.545184962350e-07
1.5277777778,7.9166666667,-6.638928676300e-07
1.5972222222,7.9166666667,-8.126005824800e-07
1.6666666667,7.9166666667,-1.002247017500e-06
1.7361111111,7.9166666667,-1.233486627170e-06
1.8055555556,7.9166666667,-1.509089257380e-06
1.8750000000,7.9166666667,-1.830189690350e-06
1.9444444444,7.9166666667,-2.188375616840e-06
2.0138888889,7.9166666667,-2.564214313790e-06
2.0833333333,7.9166666667,-2.939305716260e-06
2.1527777778,7.9166666667,-3.315766500190e-06
2.2222222222,7.9166666667,-3.727796400480e-06
2.2916666667,7.9166666667,-4.234863124220e-06
2.3611111111,7.9166666667,-4.900514953600e-06
2.4305555556,7.9166666667,-5.770949556590e-06
2.5000000000,7.9166666667,-6.864827882200e-06
2.5694444444,7.9166666667,-8.175200600400e-06
2.6388888889,7.9166666667,-9.677205413800e-06
2.7083333333,7.9166666667,-1.133709254320e-05
2.7777777778,7.9166666667,-1.312405911270e-05
2.8472222222,7.9166666667,-1.502712754790e-05
2.9166666667,7.9166666667,-1.707254209930e-05
2.9861111111,7.9166666667,-1.933060843800e-05
3.0555555556,7.9166666667,-2.190366991920e-05
3.1250000000,7.9166666667,-2.489836363010e-05
3.1944444444,7.9166666667,-2.839509708330e-05
3.2638888889,7.9166666667,-3.242764611680e-05
3.3333333333,7.9166666667,-3.697864347680e-05
3.4027777778,7.9166666667,-4.199061073310e-05
3.4722222222,7.9166666667,-4.738916861300e-05
3.5416666667,7.9166666667,-5.311089867540e-05
3.6111111111,7.9166666667,-5.912309932600e-05
3.6805555556,7.9166666667,-6.542429274410e-05
3.7500000000,7.9166666667,-7.202674266910e-05
3.8194444444,7.9166666667,-7.893534602170e-05
3.8888888889,7.9166666667,-8.613677953900e-05
3.9583333333,7.9166666667,-9.359936341500e-05
4.0277777778,7.9166666667,-1.012742031180e-04
4.0972222222,7.9166666667,-1.090928136730e-04
4.1666666667,7.9166666667,-1.169665788130e-04
4.2361111111,7.9166666667,-1.247931678120e-04
4.3055555556,7.9166666667,-1.324645806370e-04
4.3750000000,7.9166666667,-1.398668474230e-04
4.4444444444,7.9166666667,-1.468713283110e-04
4.5138888889,7.9166666667,-1.533304472060e-04
4.5833333333,7.9166666667,-1.590899342070e-04
4.6527777778,7.9166666667,-1.640153745560e-04
4.7222222222,7.9166666667,-1.680185700190e-04
4.7916666667,7.9166666667,-1.710696921220e-04
4.8611111111,7.9166666667,-1.731902228680e-04
4.9305555556,7.9166666667,-1.744300093380e-04
5.0000000000,7.9166666667,-1.748368037000e-04
5.0694444444,7.9166666667,-1.744300042660e-04
5.1388888889,7.9166666667,-1.731902135610e-04
5.2083333333,7.9166666667,-1.710696800620e-04
5.2777777778,7.9166666667,-1.680185569250e-04
5.3472222222,7.9166666667,-1.640153619580e-04
5.4166666667,7.9166666667,-1.590899231590e-04
5.4861111111,7.9166666667,-1.533304381300e-04
5.5555555556,7.9166666667,-1.468713210900e-04
5.6250000000,7.9166666667,-1.398668415960e-04
5.6944444444,7.9166666667,-1.324645756920e-04
5.7638888889,7.9166666667,-1.247931633690e-04
5.8333333333,7.9166666667,-1.169665747480e-04
5.9027777778,7.9166666667,-1.090928100430e-04
5.9722222222,7.9166666667,-1.012742000570e-04
6.0416666667,7.9166666667,-9.359936101800e-05
6.1111111111,7.9166666667,-8.613677774800e-05
6.1805555556,7.9166666667,-7.893534466380e-05
6.2500000000,7.9166666667,-7.202674148280e-05
6.3194444444,7.9166666667,-6.542429150850e-05
6.3888888889,7.9166666667,-5.912309793870e-05
6.4583333333,7.9166666667,-5.311089717770e-05
6.5277777778,7.9166666667,-4.738916714610e-05
6.5972222222,7.9166666667,-4.199060946120e-05
6.6666666667,7.9166666667,-3.697864250070e-05
6.7361111111,7.9166666667,-3.242764543150e-05
6.8055555556,7.9166666667,-2.839509658420e-05
6.8750000000,7.9166666667,-2.489836316960e-05
6.9444444444,7.9166666667,-2.190366937870e-05
7.0138888889,7.9166666667,-1.933060778100e-05
7.0833333333,7.9166666667,-1.707254138230e-05
7.1527777778,7.9166666667,-1.502712689070e-05
7.2222222222,7.9166666667,-1.312405863320e-05
7.2916666667,7.9166666667,-1.133709230490e-05
7.3611111111,7.9166666667,-9.677205390400e-06
7.4305555556,7.9166666667,-8.175200696300e-06
7.5000000000,7.9166666667,-6.864827978300e-06
7.5694444444,7.9166666667,-5.770949567380e-06
7.6388888889,7.9166666667,-4.900514864380e-06
7.7083333333,7.9166666667,-4.234862992080e-06
7.7777777778,7.9166666667,-3.727796320440e-06
7.8472222222,7.9166666667,-3.315766555460e-06
7.9166666667,7.9166666667,-2.939305936440e-06
7.9861111111,7.9166666667,-2.564214661740e-06
8.0555555556,7.9166666667,-2.188376007100e-06
8.1250000000,7.9166666667,-1.830190031520e-06
8.1944444444,7.9166666667,-1.509089494880e-06
8.2638888889,7.9166666667,-1.233486767520e-06
8.3333333333,7.9166666667,-1.002247122200e-06
8.4027777778,7.9166666667,-8.126007347500e-07
8.4722222222,7.9166666667,-6.638931297600e-07
8.5416666667,7.9166666667,-5.545188778290e-07
8.6111111111,7.9166666667,-4.779478755270e-07
8.6805555556,7.9166666667,-4.234416909260e-07
8.7500000000,7.9166666667,-3.804043729430e-07
8.8194444444,7.9166666667,-3.416018139820e-07
8.8888888889,7.9166666667,-3.032242972220e-07
8.9583333333,7.9166666667,-2.637632524510e-07
9.0277777778,7.9166666667,-2.236725367550e-07
9.0972222222,7.9166666667,-1.852293685470e-07
9.1666666667,7.9166666667,-1.513628416970e-07
9.2361111111,7.9166666667,-1.240160960160e-07
9.3055555556,7.9166666667,-1.035633754620e-07
9.3750000000,7.9166666667,-8.942746384300e-08
9.4444444444,7.9166666667,-8.063206897000e-08
9.5138888889,7.9166666667,-7.566782337420e-08
9.5833333333,7.9166666667,-7.249159043000e-08
9.6527777778,7.9166666667,-6.938140467100e-08
9.7222222222,7.9166666667,-6.593987065420e-08
9.7916666667,7.9166666667,-6.300424211610e-08
9.8611111111,7.9166666667,-6.143634531330e-08
9.9305555556,7.9166666667,-6.111005684870e-08
0.0000000000,7.9861111111,-7.469974470322e-08
0.0694444444,7.9861111111,-7.232947455890e-08
0.1388888889,7.9861111111,-6.720524630360e-08
0.2083333333,7.9861111111,-6.329346944800e-08
0.2777777778,7.9861111111,-6.278228701000e-08
0.3472222222,7.9861111111,-6.462270183300e-08
0.4166666667,7.9861111111,-6.660140419800e-08
0.4861111111,7.9861111111,-6.818622462560e-08
0.5555555556,7.9861111111,-7.100188044910e-08
0.6250000000,7.9861111111,-7.711382645490e-08
0.6944444444,7.9861111111,-8.776800211710e-08
0.7638888889,7.9861111111,-1.037942414960e-07
0.8333333333,7.9861111111,-1.260782518920e-07
0.9027777778,7.9861111111,-1.546910605680e-07
0.9722222222,7.9861111111,-1.880337813430e-07
1.0416666667,7.9861111111,-2.240027512830e-07
1.1111111111,7.9861111111,-2.620773263050e-07
1.1805555556,7.9861111111,-3.031007949740e-07
1.2500000000,7.9861111111,-3.465997841750e-07
1.3194444444,7.9861111111,-3.900854795500e-07
1.3888888889,7.9861111111,-4.334530262420e-07
1.4583333333,7.9861111111,-4.844956033430e-07
1.5277777778,7.9861111111,-5.581545977020e-07
1.5972222222,7.9861111111,-6.686187065400e-07
1.6666666667,7.9861111111,-8.225210955700e-07
1.7361111111,7.9861111111,-1.020777057880e-06
1.8055555556,7.9861111111,-1.265522969760e-06
1.8750000000,7.9861111111,-1.561083298100e-06
1.9444444444,7.9861111111,-1.904840441890e-06
2.0138888889,7.9861111111,-2.278134536670e-06
2.0833333333,7.9861111111,-2.651328505070e-06
2.1527777778,7.9861111111,-3.004534240090e-06
2.2222222222,7.9861111111,-3.349172357010e-06
2.2916666667,7.9861111111,-3.732864907140e-06
2.3611111111,7.9861111111,-4.223496577150e-06
2.4305555556,7.9861111111,-4.883823954800e-06
2.5000000000,7.9861111111,-5.751947155190e-06
2.5694444444,7.9861111111,-6.834946893600e-06
2.6388888889,7.9861111111,-8.113413757200e-06
2.7083333333,7.9861111111,-9.551788487600e-06
2.7777777778,7.9861111111,-1.111213701760e-05
2.8472222222,7.9861111111,-1.277050017200e-05
2.9166666667,7.9861111111,-1.453212958880e-05
2.9861111111,7.9861111111,-1.643850205840e-05
3.0555555556,7.9861111111,-1.856050771760e-05
3.1250000000,7.9861111111,-2.097899399170e-05
3.1944444444,7.9861111111,-2.376066872470e-05
3.2638888889,7.9861111111,-2.693940442110e-05
3.3333333333,7.9861111111,-3.051034567410e-05
3.4027777778,7.9861111111,-3.443952450220e-05
3.4722222222,7.9861111111,-3.868566926900e-05
3.5416666667,7.9861111111,-4.322372754580e-05
3.6111111111,7.9861111111,-4.805568021520e-05
3.6805555556,7.9861111111,-5.320014505390e-05
3.7500000000,7.9861111111,-5.866724441430e-05
3.8194444444,7.9861111111,-6.443698715290e-05
3.8888888889,7.9861111111,-7.045577948290e-05
3.9583333333,7.9861111111,-7.664967275150e-05
4.0277777778,7.9861111111,-8.294101420990e-05
4.0972222222,7.9861111111,-8.925803131000e-05
4.1666666667,7.9861111111,-9.553730677900e-05
4.2361111111,7.9861111111,-1.017228308020e-04
4.3055555556,7.9861111111,-1.077603942170e-04
4.3750000000,7.9861111111,-1.135840756480e-04
4.4444444444,7.9861111111,-1.190996058640e-04
4.5138888889,7.9861111111,-1.241787368160e-04
4.5833333333,7.9861111111,-1.286759187360e-04
4.6527777778,7.9861111111,-1.324633515020e-04
4.7222222222,7.9861111111,-1.354665479110e-04
4.7916666667,7.9861111111,-1.376815716460e-04
4.8611111111,7.9861111111,-1.391655984720e-04
4.9305555556,7.9861111111,-1.400051807950e-04
5.0000000000,7.9861111111,-1.402752533800e-04
5.0694444444,7.9861111111,-1.400051762780e-04
5.1388888889,7.9861111111,-1.391655902050e-04
5.2083333333,7.9861111111,-1.376815609500e-04
5.2777777778,7.9861111111,-1.354665363360e-04
5.3472222222,7.9861111111,-1.324633404100e-04
5.4166666667,7.9861111111,-1.286759090820e-04
5.4861111111,7.9861111111,-1.241787289830e-04
5.5555555556,7.9861111111,-1.190995997470e-04
5.6250000000,7.9861111111,-1.135840708320e-04
5.6944444444,7.9861111111,-1.077603902330e-04
5.7638888889,7.9861111111,-1.017228273050e-04
5.8333333333,7.9861111111,-9.553730360100e-05
5.9027777778,7.9861111111,-8.925802849200e-05
5.9722222222,7.9861111111,-8.294101185280e-05
6.0416666667,7.9861111111,-7.664967091860e-05
6.1111111111,7.9861111111,-7.045577812850e-05
6.1805555556,7.9861111111,-6.443698611820e-05
6.2500000000,7.9861111111,-5.866724348520e-05
6.3194444444,7.9861111111,-5.320014405180e-05
6.3888888889,7.9861111111,-4.805567906070e-05
6.4583333333,7.9861111111,-4.322372628240e-05
6.5277777778,7.9861111111,-3.868566802460e-05
6.5972222222,7.9861111111,-3.443952342220e-05
6.6666666667,7.9861111111,-3.051034484620e-05
6.7361111111,7.9861111111,-2.693940384040e-05
6.8055555556,7.9861111111,-2.376066830300e-05
6.8750000000,7.9861111111,-2.097899360300e-05
6.9444444444,7.9861111111,-1.856050726060e-05
7.0138888889,7.9861111111,-1.643850150580e-05
7.0833333333,7.9861111111,-1.453212899340e-05
7.1527777778,7.9861111111,-1.277049963900e-05
7.2222222222,7.9861111111,-1.111213664880e-05
7.2916666667,7.9861111111,-9.551788330200e-06
7.3611111111,7.9861111111,-8.113413786600e-06
7.4305555556,7.9861111111,-6.834947022700e-06
7.5000000000,7.9861111111,-5.751947280470e-06
7.5694444444,7.9861111111,-4.883824003710e-06
7.6388888889,7.9861111111,-4.223496539000e-06
7.7083333333,7.9861111111,-3.732864832380e-06
7.7777777778,7.9861111111,-3.349172328880e-06
7.8472222222,7.9861111111,-3.004534331520e-06
7.9166666667,7.9861111111,-2.651328742650e-06
7.9861111111,7.9861111111,-2.278134888340e-06
8.0555555556,7.9861111111,-1.904840832510e-06
8.1250000000,7.9861111111,-1.561083646410e-06
8.1944444444,7.9861111111,-1.265523226970e-06
8.2638888889,7.9861111111,-1.020777229020e-06
8.3333333333,7.9861111111,-8.225212344100e-07
8.4027777778,7.9861111111,-6.686188860900e-07
8.4722222222,7.9861111111,-5.581548724300e-07
8.5416666667,7.9861111111,-4.844959812840e-07
8.6111111111,7.9861111111,-4.334534646990e-07
8.6805555556,7.9861111111,-3.900859059750e-07
8.7500000000,7.9861111111,-3.466001316300e-07
8.8194444444,7.9861111111,-3.031010343240e-07
8.8888888889,7.9861111111,-2.620774790260e-07
8.9583333333,7.9861111111,-2.240028771590e-07
9.0277777778,7.9861111111,-1.880339473250e-07
9.0972222222,7.9861111111,-1.546913072690e-07
9.1666666667,7.9861111111,-1.260785732740e-07
9.2361111111,7.9861111111,-1.037945881920e-07
9.3055555556,7.9861111111,-8.776830534930e-08
9.3750000000,7.9861111111,-7.711403169850e-08
9.4444444444,7.9861111111,-7.100197369700e-08
9.5138888889,7.9861111111,-6.818623881890e-08
9.5833333333,7.9861111111,-6.660140231500e-08
9.6527777778,7.9861111111,-6.462274516100e-08
9.7222222222,7.9861111111,-6.278240443100e-08
9.7916666667,7.9861111111,-6.329364305750e-08
9.8611111111,7.9861111111,-6.720542044920e-08
9.9305555556,7.9861111111,-7.232958342496e-08
0.0000000000,8.0555555556,-7.933895995549e-08
0.0694444444,8.0555555556,-7.496199272017e-08
0.1388888889,8.0555555556,-6.537966831703e-08
0.2083333333,8.0555555556,-5.768159585320e-08
0.2777777778,8.0555555556,-5.581781771100e-08
0.3472222222,8.0555555556,-5.801513618500e-08
0.4166666667,8.0555555556,-6.034071823400e-08
0.4861111111,8.0555555556,-6.144710975230e-08
0.5555555556,8.0555555556,-6.314477991460e-08
0.6250000000,8.0555555556,-6.745796411600e-08
0.6944444444,8.0555555556,-7.494870998970e-08
0.7638888889,8.0555555556,-8.617629176370e-08
0.8333333333,8.0555555556,-1.029959349190e-07
0.9027777778,8.0555555556,-1.267956622770e-07
0.9722222222,8.0555555556,-1.561366895080e-07
1.0416666667,8.0555555556,-1.881464206060e-07
1.1111111111,8.0555555556,-2.226169626310e-07
1.1805555556,8.0555555556,-2.626121531780e-07
1.2500000000,8.0555555556,-3.091840694100e-07
1.3194444444,8.0555555556,-3.568136405640e-07
1.3888888889,8.0555555556,-3.976112329780e-07
1.4583333333,8.0555555556,-4.320642980200e-07
1.5277777778,8.0555555556,-4.745081997300e-07
1.5972222222,8.0555555556,-5.460039233040e-07
1.6666666667,8.0555555556,-6.617203872270e-07
1.7361111111,8.0555555556,-8.262561410500e-07
1.8055555556,8.0555555556,-1.040033353380e-06
1.8750000000,8.0555555556,-1.305741990420e-06
1.9444444444,8.0555555556,-1.624011846830e-06
2.0138888889,8.0555555556,-1.982279859080e-06
2.0833333333,8.0555555556,-2.351985883530e-06
2.1527777778,8.0555555556,-2.702796231400e-06
2.2222222222,8.0555555556,-3.025446243150e-06
2.2916666667,8.0555555556,-3.345612952680e-06
2.3611111111,8.0555555556,-3.718546799950e-06
2.4305555556,8.0555555556,-4.208955829680e-06
2.5000000000,8.0555555556,-4.868816001280e-06
2.5694444444,8.0555555556,-5.723221809620e-06
2.6388888889,8.0555555556,-6.767450029200e-06
2.7083333333,8.0555555556,-7.973879308500e-06
2.7777777778,8.0555555556,-9.305931531000e-06
2.8472222222,8.0555555556,-1.073498821530e-05
2.9166666667,8.0555555556,-1.225456010300e-05
2.9861111111,8.0555555556,-1.388595959870e-05
3.0555555556,8.0555555556,-1.567282602700e-05
3.1250000000,8.0555555556,-1.766668741130e-05
3.1944444444,8.0555555556,-1.990956847760e-05
3.2638888889,8.0555555556,-2.242101535550e-05
3.3333333333,8.0555555556,-2.519584711350e-05
3.4027777778,8.0555555556,-2.821527961450e-05
3.4722222222,8.0555555556,-3.146736230080e-05
3.5416666667,8.0555555556,-3.496509465390e-05
3.6111111111,8.0555555556,-3.874828010830e-05
3.6805555556,8.0555555556,-4.286339499610e-05
3.7500000000,8.0555555556,-4.733122863350e-05
3.8194444444,8.0555555556,-5.212260716240e-05
3.8888888889,8.0555555556,-5.715791215260e-05
3.9583333333,8.0555555556,-6.232955040290e-05
4.0277777778,8.0555555556,-6.753246290780e-05
4.0972222222,8.0555555556,-7.268687331830e-05
4.1666666667,8.0555555556,-7.774631980960e-05
4.2361111111,8.0555555556,-8.269151639230e-05
4.3055555556,8.0555555556,-8.751234696060e-05
4.3750000000,8.0555555556,-9.218187718000e-05
4.4444444444,8.0555555556,-9.663229501400e-05
4.5138888889,8.0555555556,-1.007478599710e-04
4.5833333333,8.0555555556,-1.043849565370e-04
4.6527777778,8.0555555556,-1.074138407270e-04
4.7222222222,8.0555555556,-1.097618631370e-04
4.7916666667,8.0555555556,-1.114356083590e-04
4.8611111111,8.0555555556,-1.125107047500e-04
4.9305555556,8.0555555556,-1.130943356520e-04
5.0000000000,8.0555555556,-1.132771574600e-04
5.0694444444,8.0555555556,-1.130943338590e-04
5.1388888889,8.0555555556,-1.125107014740e-04
5.2083333333,8.0555555556,-1.114356041080e-04
5.2777777778,8.0555555556,-1.097618585280e-04
5.3472222222,8.0555555556,-1.074138363080e-04
5.4166666667,8.0555555556,-1.043849526650e-04
5.4861111111,8.0555555556,-1.007478568140e-04
5.5555555556,8.0555555556,-9.663229253400e-05
5.6250000000,8.0555555556,-9.218187521300e-05
5.6944444444,8.0555555556,-8.751234531290e-05
5.7638888889,8.0555555556,-8.269151493430e-05
5.8333333333,8.0555555556,-7.774631845670e-05
5.9027777778,8.0555555556,-7.268687206360e-05
5.9722222222,8.0555555556,-6.753246177240e-05
6.0416666667,8.0555555556,-6.232954939990e-05
6.1111111111,8.0555555556,-5.715791126470e-05
6.1805555556,8.0555555556,-5.212260634240e-05
6.2500000000,8.0555555556,-4.733122782130e-05
6.3194444444,8.0555555556,-4.286339414810e-05
6.3888888889,8.0555555556,-3.874827921610e-05
6.4583333333,8.0555555556,-3.496509374550e-05
6.5277777778,8.0555555556,-3.146736143110e-05
6.5972222222,8.0555555556,-2.821527883500e-05
6.6666666667,8.0555555556,-2.519584645410e-05
6.7361111111,8.0555555556,-2.242101481150e-05
6.8055555556,8.0555555556,-1.990956801500e-05
6.8750000000,8.0555555556,-1.766668698980e-05
6.9444444444,8.0555555556,-1.567282561820e-05
7.0138888889,8.0555555556,-1.388595919720e-05
7.0833333333,8.0555555556,-1.225455973080e-05
7.1527777778,8.0555555556,-1.073498791080e-05
7.2222222222,8.0555555556,-9.305931324500e-06
7.2916666667,8.0555555556,-7.973879211200e-06
7.3611111111,8.0555555556,-6.767450024700e-06
7.4305555556,8.0555555556,-5.723221863130e-06
7.5000000000,8.0555555556,-4.868816074500e-06
7.5694444444,8.0555555556,-4.208955897190e-06
7.6388888889,8.0555555556,-3.718546857600e-06
7.7083333333,8.0555555556,-3.345613016990e-06
7.7777777778,8.0555555556,-3.025446342060e-06
7.8472222222,8.0555555556,-2.702796389550e-06
7.9166666667,8.0555555556,-2.351986109730e-06
7.9861111111,8.0555555556,-1.982280140620e-06
8.0555555556,8.0555555556,-1.624012155010e-06
8.1250000000,8.0555555556,-1.305742294010e-06
8.1944444444,8.0555555556,-1.040033632720e-06
8.2638888889,8.0555555556,-8.262563962000e-07
8.3333333333,8.0555555556,-6.617206355280e-07
8.4027777778,8.0555555556,-5.460041883960e-07
8.4722222222,8.0555555556,-4.745084985320e-07
8.5416666667,8.0555555556,-4.320646313740e-07
8.6111111111,8.0555555556,-3.976115846150e-07
8.6805555556,8.0555555556,-3.568139843480e-07
8.7500000000,8.0555555556,-3.091843815570e-07
8.8194444444,8.0555555556,-2.626124231930e-07
8.8888888889,8.0555555556,-2.226171973120e-07
8.9583333333,8.0555555556,-1.881466396470e-07
9.0277777778,8.0555555556,-1.561369145960e-07
9.0972222222,8.0555555556,-1.267959060760e-07
9.1666666667,8.0555555556,-1.029961942740e-07
9.2361111111,8.0555555556,-8.617654914340e-08
9.3055555556,8.0555555556,-7.494894131270e-08
9.3750000000,8.0555555556,-6.745815028660e-08
9.4444444444,8.0555555556,-6.314491577310e-08
9.5138888889,8.0555555556,-6.144720639710e-08
9.5833333333,8.0555555556,-6.034079709700e-08
9.6527777778,8.0555555556,-5.801521794800e-08
9.7222222222,8.0555555556,-5.581791172400e-08
9.7916666667,8.0555555556,-5.768169548960e-08
9.8611111111,8.0555555556,-6.537975441184e-08
9.9305555556,8.0555555556,-7.496204305254e-08
0.0000000000,8.1250000000,-6.970575391990e-08
0.0694444444,8.1250000000,-6.477452524310e-08
0.1388888889,8.1250000000,-5.436037245311e-08
0.2083333333,8.1250000000,-4.704127543590e-08
0.2777777778,8.1250000000,-4.712984259840e-08
0.3472222222,8.1250000000,-5.168944120300e-08
0.4166666667,8.1250000000,-5.548541850300e-08
0.4861111111,8.1250000000,-5.707441940300e-08
0.5555555556,8.1250000000,-5.896150608690e-08
0.6250000000,8.1250000000,-6.311089511240e-08
0.6944444444,8.1250000000,-6.879960439190e-08
0.7638888889,8.1250000000,-7.555230302700e-08
0.8333333333,8.1250000000,-8.606625392000e-08
0.9027777778,8.1250000000,-1.039332594930e-07
0.9722222222,8.1250000000,-1.289607929340e-07
1.0416666667,8.1250000000,-1.573585669070e-07
1.1111111111,8.1250000000,-1.876092633650e-07
1.1805555556,8.1250000000,-2.237996130100e-07
1.2500000000,8.1250000000,-2.700649296440e-07
1.3194444444,8.1250000000,-3.219179731260e-07
1.3888888889,8.1250000000,-3.667035019850e-07
1.4583333333,8.1250000000,-3.959578523770e-07
1.5277777778,8.1250000000,-4.175516541530e-07
1.5972222222,8.1250000000,-4.541344052290e-07
1.6666666667,8.1250000000,-5.292541567530e-07
1.7361111111,8.1250000000,-6.556791235720e-07
1.8055555556,8.1250000000,-8.360575871100e-07
1.8750000000,8.1250000000,-1.070408927160e-06
1.9444444444,8.1250000000,-1.357873234690e-06
2.0138888889,8.1250000000,-1.689679878710e-06
2.0833333333,8.1250000000,-2.043524677630e-06
2.1527777778,8.1250000000,-2.390031220950e-06
2.2222222222,8.1250000000,-2.709705169600e-06
2.2916666667,8.1250000000,-3.008194055080e-06
2.3611111111,8.1250000000,-3.319192259690e-06
2.4305555556,8.1250000000,-3.694095637300e-06
2.5000000000,8.1250000000,-4.185125044470e-06
2.5694444444,8.1250000000,-4.829661855600e-06
2.6388888889,8.1250000000,-5.641085749190e-06
2.7083333333,8.1250000000,-6.608897853300e-06
2.7777777778,8.1250000000,-7.708091555600e-06
2.8472222222,8.1250000000,-8.913843444900e-06
2.9166666667,8.1250000000,-1.021465894460e-05
2.9861111111,8.1250000000,-1.161787368040e-05
3.0555555556,8.1250000000,-1.314561556880e-05
3.1250000000,8.1250000000,-1.482393479750e-05
3.1944444444,8.1250000000,-1.667047604310e-05
3.2638888889,8.1250000000,-1.868674823740e-05
3.3333333333,8.1250000000,-2.086007338370e-05
3.4027777778,8.1250000000,-2.317674362690e-05
3.4722222222,8.1250000000,-2.564135007860e-05
3.5416666667,8.1250000000,-2.829068338980e-05
3.6111111111,8.1250000000,-3.118991984070e-05
3.6805555556,8.1250000000,-3.440748284700e-05
3.7500000000,8.1250000000,-3.797903791900e-05
3.8194444444,8.1250000000,-4.188042551800e-05
3.8888888889,8.1250000000,-4.602585493240e-05
3.9583333333,8.1250000000,-5.029305183720e-05
4.0277777778,8.1250000000,-5.456190973900e-05
4.0972222222,8.1250000000,-5.874775042000e-05
4.1666666667,8.1250000000,-6.281579858900e-05
4.2361111111,8.1250000000,-6.677323138420e-05
4.3055555556,8.1250000000,-7.064293266100e-05
4.3750000000,8.1250000000,-7.442836127180e-05
4.4444444444,8.1250000000,-7.808348575680e-05
4.5138888889,8.1250000000,-8.150344625710e-05
4.5833333333,8.1250000000,-8.454530516680e-05
4.6527777778,8.1250000000,-8.707329272910e-05
4.7222222222,8.1250000000,-8.900763596130e-05
4.7916666667,8.1250000000,-9.035184609160e-05
4.8611111111,8.1250000000,-9.118425968910e-05
4.9305555556,8.1250000000,-9.161831820800e-05
5.0000000000,8.1250000000,-9.175051460400e-05
5.0694444444,8.1250000000,-9.161831988100e-05
5.1388888889,8.1250000000,-9.118426274040e-05
5.2083333333,8.1250000000,-9.035185001320e-05
5.2777777778,8.1250000000,-8.900764016670e-05
5.3472222222,8.1250000000,-8.707329667520e-05
5.4166666667,8.1250000000,-8.454530849760e-05
5.4861111111,8.1250000000,-8.150344882310e-05
5.5555555556,8.1250000000,-7.808348760700e-05
5.6250000000,8.1250000000,-7.442836257370e-05
5.6944444444,8.1250000000,-7.064293360490e-05
5.7638888889,8.1250000000,-6.677323210870e-05
5.8333333333,8.1250000000,-6.281579913980e-05
5.9027777778,8.1250000000,-5.874775076790e-05
5.9722222222,8.1250000000,-5.456190982190e-05
6.0416666667,8.1250000000,-5.029305161270e-05
6.1111111111,8.1250000000,-4.602585442080e-05
6.1805555556,8.1250000000,-4.188042480500e-05
6.2500000000,8.1250000000,-3.797903712760e-05
6.3194444444,8.1250000000,-3.440748209470e-05
6.3888888889,8.1250000000,-3.118991919540e-05
6.4583333333,8.1250000000,-2.829068286100e-05
6.5277777778,8.1250000000,-2.564134962060e-05
6.5972222222,8.1250000000,-2.317674317530e-05
6.6666666667,8.1250000000,-2.086007289320e-05
6.7361111111,8.1250000000,-1.868674770400e-05
6.8055555556,8.1250000000,-1.667047550360e-05
6.8750000000,8.1250000000,-1.482393431450e-05
6.9444444444,8.1250000000,-1.314561519670e-05
7.0138888889,8.1250000000,-1.161787344300e-05
7.0833333333,8.1250000000,-1.021465882350e-05
7.1527777778,8.1250000000,-8.913843393600e-06
7.2222222222,8.1250000000,-7.708091519800e-06
7.2916666667,8.1250000000,-6.608897799000e-06
7.3611111111,8.1250000000,-5.641085675890e-06
7.4305555556,8.1250000000,-4.829661793660e-06
7.5000000000,8.1250000000,-4.185125036590e-06
7.5694444444,8.1250000000,-3.694095714860e-06
7.6388888889,8.1250000000,-3.319192425890e-06
7.7083333333,8.1250000000,-3.008194283870e-06
7.7777777778,8.1250000000,-2.709705419700e-06
7.8472222222,8.1250000000,-2.390031456160e-06
7.9166666667,8.1250000000,-2.043524882750e-06
7.9861111111,8.1250000000,-1.689680064790e-06
8.0555555556,8.1250000000,-1.357873430930e-06
8.1250000000,8.1250000000,-1.070409166070e-06
8.1944444444,8.1250000000,-8.360578872100e-07
8.2638888889,8.1250000000,-6.556794788300e-07
8.3333333333,8.1250000000,-5.292545382450e-07
8.4027777778,8.1250000000,-4.541347738620e-07
8.4722222222,8.1250000000,-4.175519794720e-07
8.5416666667,8.1250000000,-3.959581264770e-07
8.6111111111,8.1250000000,-3.667037421280e-07
8.6805555556,8.1250000000,-3.219182114530e-07
8.7500000000,8.1250000000,-2.700651961620e-07
8.8194444444,8.1250000000,-2.237999201590e-07
8.8888888889,8.1250000000,-1.876095994520e-07
8.9583333333,8.1250000000,-1.573589015430e-07
9.0277777778,8.1250000000,-1.289610913450e-07
9.0972222222,8.1250000000,-1.039334993870e-07
9.1666666667,8.1250000000,-8.606643557600e-08
9.2361111111,8.1250000000,-7.555244854870e-08
9.3055555556,8.1250000000,-6.879974557340e-08
9.3750000000,8.1250000000,-6.311105728410e-08
9.4444444444,8.1250000000,-5.896169527950e-08
9.5138888889,8.1250000000,-5.707461943000e-08
9.5833333333,8.1250000000,-5.548559877300e-08
9.6527777778,8.1250000000,-5.168957154100e-08
9.7222222222,8.1250000000,-4.712990789080e-08
9.7916666667,8.1250000000,-4.704128312800e-08
9.8611111111,8.1250000000,-5.436034892934e-08
9.9305555556,8.1250000000,-6.477450267420e-08
0.0000000000,8.1944444444,-4.625550316700e-08
0.0694444444,8.1944444444,-4.277651687290e-08
0.1388888889,8.1944444444,-3.624305832436e-08
0.2083333333,8.1944444444,-3.395709961650e-08
0.2777777778,8.1944444444,-3.862596976020e-08
0.3472222222,8.1944444444,-4.611542327300e-08
0.4166666667,8.1944444444,-5.108567914200e-08
0.4861111111,8.1944444444,-5.313220967100e-08
0.5555555556,8.1944444444,-5.600176132600e-08
0.6250000000,8.1944444444,-6.170478970600e-08
0.6944444444,8.1944444444,-6.787123609500e-08
0.7638888889,8.1944444444,-7.197901112200e-08
0.8333333333,8.1944444444,-7.642130324500e-08
0.9027777778,8.1944444444,-8.693020910200e-08
0.9722222222,8.1944444444,-1.060180515380e-07
1.0416666667,8.1944444444,-1.305228052350e-07
1.1111111111,8.1944444444,-1.572525550160e-07
1.1805555556,8.1944444444,-1.891681416970e-07
1.2500000000,8.1944444444,-2.324105988620e-07
1.3194444444,8.1944444444,-2.860895557430e-07
1.3888888889,8.1944444444,-3.377076416380e-07
1.4583333333,8.1944444444,-3.723723666350e-07
1.5277777778,8.1944444444,-3.880766434175e-07
1.5972222222,8.1944444444,-4.015474092363e-07
1.6666666667,8.1944444444,-4.390785462420e-07
1.7361111111,8.1944444444,-5.222640524230e-07
1.8055555556,8.1944444444,-6.614919993260e-07
1.8750000000,8.1944444444,-8.588033992500e-07
1.9444444444,8.1944444444,-1.111529529820e-06
2.0138888889,8.1944444444,-1.410706839410e-06
2.0833333333,8.1944444444,-1.738100412120e-06
2.1527777778,8.1944444444,-2.069301661340e-06
2.2222222222,8.1944444444,-2.384024420640e-06
2.2916666667,8.1944444444,-2.677105513510e-06
2.3611111111,8.1944444444,-2.963244052070e-06
2.4305555556,8.1944444444,-3.273785754060e-06
2.5000000000,8.1944444444,-3.648190232880e-06
2.5694444444,8.1944444444,-4.123576939770e-06
2.6388888889,8.1944444444,-4.725426467120e-06
2.7083333333,8.1944444444,-5.462773155910e-06
2.7777777778,8.1944444444,-6.330292832650e-06
2.8472222222,8.1944444444,-7.316248488300e-06
2.9166666667,8.1944444444,-8.411606607500e-06
2.9861111111,8.1944444444,-9.615113354200e-06
3.0555555556,8.1944444444,-1.093198450920e-05
3.1250000000,8.1944444444,-1.236755874320e-05
3.1944444444,8.1944444444,-1.391978875400e-05
3.2638888889,8.1944444444,-1.557554214980e-05
3.3333333333,8.1944444444,-1.731502779440e-05
3.4027777778,8.1944444444,-1.912514291170e-05
3.4722222222,8.1944444444,-2.101647404370e-05
3.5416666667,8.1944444444,-2.303359331280e-05
3.6111111111,8.1944444444,-2.524882284420e-05
3.6805555556,8.1944444444,-2.773734244110e-05
3.7500000000,8.1944444444,-3.054271908630e-05
3.8194444444,8.1944444444,-3.364971504370e-05
3.8888888889,8.1944444444,-3.697985759520e-05
3.9583333333,8.1944444444,-4.041430837470e-05
4.0277777778,8.1944444444,-4.383405142800e-05
4.0972222222,8.1944444444,-4.715826003000e-05
4.1666666667,8.1944444444,-5.036331597510e-05
4.2361111111,8.1944444444,-5.347519036240e-05
4.3055555556,8.1944444444,-5.653968251750e-05
4.3750000000,8.1944444444,-5.958296594060e-05
4.4444444444,8.1944444444,-6.257829419190e-05
4.5138888889,8.1944444444,-6.543414263210e-05
4.5833333333,8.1944444444,-6.801275395650e-05
4.6527777778,8.1944444444,-7.017474822040e-05
4.7222222222,8.1944444444,-7.183025358890e-05
4.7916666667,8.1944444444,-7.297061602540e-05
4.8611111111,8.1944444444,-7.366388689590e-05
4.9305555556,8.1944444444,-7.401676267090e-05
5.0000000000,8.1944444444,-7.412224711040e-05
5.0694444444,8.1944444444,-7.401676680220e-05
5.1388888889,8.1944444444,-7.366389444020e-05
5.2083333333,8.1944444444,-7.297062573410e-05
5.2777777778,8.1944444444,-7.183026401280e-05
5.3472222222,8.1944444444,-7.017475805590e-05
5.4166666667,8.1944444444,-6.801276230690e-05
5.4861111111,8.1944444444,-6.543414913350e-05
5.5555555556,8.1944444444,-6.257829895030e-05
5.6250000000,8.1944444444,-5.958296935990e-05
5.6944444444,8.1944444444,-5.653968507050e-05
5.7638888889,8.1944444444,-5.347519240210e-05
5.8333333333,8.1944444444,-5.036331765450e-05
5.9027777778,8.1944444444,-4.715826131660e-05
5.9722222222,8.1944444444,-4.383405221200e-05
6.0416666667,8.1944444444,-4.041430858420e-05
6.1111111111,8.1944444444,-3.697985727410e-05
6.1805555556,8.1944444444,-3.364971436660e-05
6.2500000000,8.1944444444,-3.054271829560e-05
6.3194444444,8.1944444444,-2.773734175740e-05
6.3888888889,8.1944444444,-2.524882238570e-05
6.4583333333,8.1944444444,-2.303359306600e-05
6.5277777778,8.1944444444,-2.101647389220e-05
6.5972222222,8.1944444444,-1.912514271090e-05
6.6666666667,8.1944444444,-1.731502744630e-05
6.7361111111,8.1944444444,-1.557554164980e-05
6.8055555556,8.1944444444,-1.391978818800e-05
6.8750000000,8.1944444444,-1.236755824410e-05
6.9444444444,8.1944444444,-1.093198418930e-05
7.0138888889,8.1944444444,-9.615113253700e-06
7.0833333333,8.1944444444,-8.411606678800e-06
7.1527777778,8.1944444444,-7.316248625500e-06
7.2222222222,8.1944444444,-6.330292924350e-06
7.2916666667,8.1944444444,-5.462773138550e-06
7.3611111111,8.1944444444,-4.725426352760e-06
7.4305555556,8.1944444444,-4.123576804770e-06
7.5000000000,8.1944444444,-3.648190176120e-06
7.5694444444,8.1944444444,-3.273785846040e-06
7.6388888889,8.1944444444,-2.963244301350e-06
7.7083333333,8.1944444444,-2.677105864820e-06
7.7777777778,8.1944444444,-2.384024784630e-06
7.8472222222,8.1944444444,-2.069301958220e-06
7.9166666667,8.1944444444,-1.738100608750e-06
7.9861111111,8.1944444444,-1.410706962320e-06
8.0555555556,8.1944444444,-1.111529649740e-06
8.1250000000,8.1944444444,-8.588035942600e-07
8.1944444444,8.1944444444,-6.614923154880e-07
8.2638888889,8.1944444444,-5.222644794740e-07
8.3333333333,8.1944444444,-4.390790223000e-07
8.4027777778,8.1944444444,-4.015478509025e-07
8.4722222222,8.1944444444,-3.880769872246e-07
8.5416666667,8.1944444444,-3.723725991400e-07
8.6111111111,8.1944444444,-3.377078039600e-07
8.6805555556,8.1944444444,-2.860897208110e-07
8.7500000000,8.1944444444,-2.324108340400e-07
8.8194444444,8.1944444444,-1.891684752480e-07
8.8888888889,8.1944444444,-1.572529622810e-07
8.9583333333,8.1944444444,-1.305232209180e-07
9.0277777778,8.1944444444,-1.060184014320e-07
9.0972222222,8.1944444444,-8.693044641100e-08
9.1666666667,8.1944444444,-7.642143055700e-08
9.2361111111,8.1944444444,-7.197907823500e-08
9.3055555556,8.1944444444,-6.787131396100e-08
9.3750000000,8.1944444444,-6.170493485000e-08
9.4444444444,8.1944444444,-5.600198767400e-08
9.5138888889,8.1944444444,-5.313248194900e-08
9.5833333333,8.1944444444,-5.108593035500e-08
9.6527777778,8.1944444444,-4.611558770300e-08
9.7222222222,8.1944444444,-3.862601523960e-08
9.7916666667,8.1944444444,-3.395704344460e-08
9.8611111111,8.1944444444,-3.624295862469e-08
9.9305555556,8.1944444444,-4.277644364630e-08
0.0000000000,8.2638888889,-1.697664166930e-08
0.0694444444,8.2638888889,-1.635933329450e-08
0.1388888889,8.2638888889,-1.672033131055e-08
0.2083333333,8.2638888889,-2.165669946120e-08
0.2777777778,8.2638888889,-3.091264337240e-08
0.3472222222,8.2638888889,-3.978164704700e-08
0.4166666667,8.2638888889,-4.430172002900e-08
0.4861111111,8.2638888889,-4.595736711600e-08
0.5555555556,8.2638888889,-4.980277027800e-08
0.6250000000,8.2638888889,-5.799621804500e-08
0.6944444444,8.2638888889,-6.681734034700e-08
0.7638888889,8.2638888889,-7.128866533000e-08
0.8333333333,8.2638888889,-7.194581823000e-08
0.9027777778,8.2638888889,-7.521630869100e-08
0.9722222222,8.2638888889,-8.675155240800e-08
1.0416666667,8.2638888889,-1.061829556990e-07
1.1111111111,8.2638888889,-1.300864357250e-07
1.1805555556,8.2638888889,-1.590266669190e-07
1.2500000000,8.2638888889,-1.984914220710e-07
1.3194444444,8.2638888889,-2.508891052730e-07
1.3888888889,8.2638888889,-3.078645491660e-07
1.4583333333,8.2638888889,-3.535421243600e-07
1.5277777778,8.2638888889,-3.775271799370e-07
1.5972222222,8.2638888889,-3.855290988970e-07
1.6666666667,8.2638888889,-3.980666061096e-07
1.7361111111,8.2638888889,-4.399294725480e-07
1.8055555556,8.2638888889,-5.303276973610e-07
1.8750000000,8.2638888889,-6.793005250110e-07
1.9444444444,8.2638888889,-8.878740853500e-07
2.0138888889,8.2638888889,-1.147948272590e-06
2.0833333333,8.2638888889,-1.442603361720e-06
2.1527777778,8.2638888889,-1.750130134610e-06
2.2222222222,8.2638888889,-2.051752324720e-06
2.2916666667,8.2638888889,-2.338706288230e-06
2.3611111111,8.2638888889,-2.614822642590e-06
2.4305555556,8.2638888889,-2.894840555860e-06
2.5000000000,8.2638888889,-3.201058836940e-06
2.5694444444,8.2638888889,-3.559756661660e-06
2.6388888889,8.2638888889,-3.997155132290e-06
2.7083333333,8.2638888889,-4.535142006910e-06
2.7777777778,8.2638888889,-5.188301051970e-06
2.8472222222,8.2638888889,-5.963551207470e-06
2.9166666667,8.2638888889,-6.861933170530e-06
2.9861111111,8.2638888889,-7.880699633200e-06
3.0555555556,8.2638888889,-9.013945927500e-06
3.1250000000,8.2638888889,-1.025122354510e-05
3.1944444444,8.2638888889,-1.157541429910e-05
3.2638888889,8.2638888889,-1.296298402550e-05
3.3333333333,8.2638888889,-1.438994785990e-05
3.4027777778,8.2638888889,-1.584388524140e-05
3.4722222222,8.2638888889,-1.733719281440e-05
3.5416666667,8.2638888889,-1.891329932410e-05
3.6111111111,8.2638888889,-2.063905599490e-05
3.6805555556,8.2638888889,-2.258269896000e-05
3.7500000000,8.2638888889,-2.478452174380e-05
3.8194444444,8.2638888889,-2.723301400950e-05
3.8888888889,8.2638888889,-2.985951577560e-05
3.9583333333,8.2638888889,-3.255744682110e-05
4.0277777778,8.2638888889,-3.521969883250e-05
4.0972222222,8.2638888889,-3.777683139020e-05
4.1666666667,8.2638888889,-4.021729175300e-05
4.2361111111,8.2638888889,-4.258044807880e-05
4.3055555556,8.2638888889,-4.492677046840e-05
4.3750000000,8.2638888889,-4.729853894980e-05
4.4444444444,8.2638888889,-4.968666549110e-05
4.5138888889,8.2638888889,-5.201722076490e-05
4.5833333333,8.2638888889,-5.416591818250e-05
4.6527777778,8.2638888889,-5.599815844210e-05
4.7222222222,8.2638888889,-5.741822277030e-05
4.7916666667,8.2638888889,-5.840307852420e-05
4.8611111111,8.2638888889,-5.900268361600e-05
4.9305555556,8.2638888889,-5.930704460870e-05
5.0000000000,8.2638888889,-5.939770735280e-05
5.0694444444,8.2638888889,-5.930704900480e-05
5.1388888889,8.2638888889,-5.900269163700e-05
5.2083333333,8.2638888889,-5.840308884130e-05
5.2777777778,8.2638888889,-5.741823383020e-05
5.3472222222,8.2638888889,-5.599816884680e-05
5.4166666667,8.2638888889,-5.416592697170e-05
5.4861111111,8.2638888889,-5.201722754480e-05
5.5555555556,8.2638888889,-4.968667037650e-05
5.6250000000,8.2638888889,-4.729854237610e-05
5.6944444444,8.2638888889,-4.492677295040e-05
5.7638888889,8.2638888889,-4.258045001410e-05
5.8333333333,8.2638888889,-4.021729332340e-05
5.9027777778,8.2638888889,-3.777683258610e-05
5.9722222222,8.2638888889,-3.521969955210e-05
6.0416666667,8.2638888889,-3.255744699270e-05
6.1111111111,8.2638888889,-2.985951544700e-05
6.1805555556,8.2638888889,-2.723301335410e-05
6.2500000000,8.2638888889,-2.478452100340e-05
6.3194444444,8.2638888889,-2.258269835280e-05
6.3888888889,8.2638888889,-2.063905563190e-05
6.4583333333,8.2638888889,-1.891329918500e-05
6.5277777778,8.2638888889,-1.733719277300e-05
6.5972222222,8.2638888889,-1.584388514500e-05
6.6666666667,8.2638888889,-1.438994760610e-05
6.7361111111,8.2638888889,-1.296298361050e-05
6.8055555556,8.2638888889,-1.157541381450e-05
6.8750000000,8.2638888889,-1.025122312530e-05
6.9444444444,8.2638888889,-9.013945686500e-06
7.0138888889,8.2638888889,-7.880699610400e-06
7.0833333333,8.2638888889,-6.861933315480e-06
7.1527777778,8.2638888889,-5.963551409040e-06
7.2222222222,8.2638888889,-5.188301195380e-06
7.2916666667,8.2638888889,-4.535142028580e-06
7.3611111111,8.2638888889,-3.997155047230e-06
7.4305555556,8.2638888889,-3.559756551110e-06
7.5000000000,8.2638888889,-3.201058804740e-06
7.5694444444,8.2638888889,-2.894840676110e-06
7.6388888889,8.2638888889,-2.614822925010e-06
7.7083333333,8.2638888889,-2.338706675430e-06
7.7777777778,8.2638888889,-2.051752722820e-06
7.8472222222,8.2638888889,-1.750130458870e-06
7.9166666667,8.2638888889,-1.442603576040e-06
7.9861111111,8.2638888889,-1.147948404200e-06
8.0555555556,8.2638888889,-8.878742094300e-07
8.1250000000,8.2638888889,-6.793007253060e-07
8.1944444444,8.2638888889,-5.303280232370e-07
8.2638888889,8.2638888889,-4.399299131830e-07
8.3333333333,8.2638888889,-3.980670960152e-07
8.4027777778,8.2638888889,-3.855295506070e-07
8.4722222222,8.2638888889,-3.775275277460e-07
8.5416666667,8.2638888889,-3.535423552730e-07
8.6111111111,8.2638888889,-3.078647069640e-07
8.6805555556,8.2638888889,-2.508892663700e-07
8.7500000000,8.2638888889,-1.984916567780e-07
8.8194444444,8.2638888889,-1.590270046950e-07
8.8888888889,8.2638888889,-1.300868507740e-07
8.9583333333,8.2638888889,-1.061833796980e-07
9.0277777778,8.2638888889,-8.675190760700e-08
9.0972222222,8.2638888889,-7.521654602000e-08
9.1666666667,8.2638888889,-7.194594047900e-08
9.2361111111,8.2638888889,-7.128872492400e-08
9.3055555556,8.2638888889,-6.681741197900e-08
9.3750000000,8.2638888889,-5.799636121000e-08
9.4444444444,8.2638888889,-4.980299963700e-08
9.5138888889,8.2638888889,-4.595764560400e-08
9.5833333333,8.2638888889,-4.430197734600e-08
9.6527777778,8.2638888889,-3.978181438200e-08
9.7222222222,8.2638888889,-3.091268719150e-08
9.7916666667,8.2638888889,-2.165663802550e-08
9.8611111111,8.2638888889,-1.672022542045e-08
9.9305555556,8.2638888889,-1.635925598910e-08
0.0000000000,8.3333333333,7.194731141700e-09
0.0694444444,8.3333333333,4.975532965100e-09
0.1388888889,8.3333333333,-1.784434615210e-09
0.2083333333,8.3333333333,-1.233834232970e-08
0.2777777778,8.3333333333,-2.366795812180e-08
0.3472222222,8.3333333333,-3.162145350600e-08
0.4166666667,8.3333333333,-3.456354569100e-08
0.4861111111,8.3333333333,-3.567771772700e-08
0.5555555556,8.3333333333,-4.044272046900e-08
0.6250000000,8.3333333333,-5.095104718500e-08
0.6944444444,8.3333333333,-6.307181424900e-08
0.7638888889,8.3333333333,-7.023131574000e-08
0.8333333333,8.3333333333,-7.034707708200e-08
0.9027777778,8.3333333333,-6.844177652600e-08
0.9722222222,8.3333333333,-7.203413917700e-08
1.0416666667,8.3333333333,-8.469399693200e-08
1.1111111111,8.3333333333,-1.051459848400e-07
1.1805555556,8.3333333333,-1.322450185250e-07
1.2500000000,8.3333333333,-1.686165524100e-07
1.3194444444,8.3333333333,-2.173299088790e-07
1.3888888889,8.3333333333,-2.749767986940e-07
1.4583333333,8.3333333333,-3.298402013300e-07
1.5277777778,8.3333333333,-3.688217072390e-07
1.5972222222,8.3333333333,-3.874793728780e-07
1.6666666667,8.3333333333,-3.947010584900e-07
1.7361111111,8.3333333333,-4.094286307580e-07
1.8055555556,8.3333333333,-4.535518771150e-07
1.8750000000,8.3333333333,-5.455877639780e-07
1.9444444444,8.3333333333,-6.960911399180e-07
2.0138888889,8.3333333333,-9.042955841300e-07
2.0833333333,8.3333333333,-1.157495211720e-06
2.1527777778,8.3333333333,-1.435418180210e-06
2.2222222222,8.3333333333,-1.718483830550e-06
2.2916666667,8.3333333333,-1.995001525010e-06
2.3611111111,8.3333333333,-2.263116655090e-06
2.4305555556,8.3333333333,-2.528146454510e-06
2.5000000000,8.3333333333,-2.799516527420e-06
2.5694444444,8.3333333333,-3.090345466870e-06
2.6388888889,8.3333333333,-3.418879038080e-06
2.7083333333,8.3333333333,-3.808733949550e-06
2.7777777778,8.3333333333,-4.285960115660e-06
2.8472222222,8.3333333333,-4.873601996130e-06
2.9166666667,8.3333333333,-5.586270872870e-06
2.9861111111,8.3333333333,-6.427037856780e-06
3.0555555556,8.3333333333,-7.387183040500e-06
3.1250000000,8.3333333333,-8.447694936800e-06
3.1944444444,8.3333333333,-9.581627421400e-06
3.2638888889,8.3333333333,-1.075826426260e-05
3.3333333333,8.3333333333,-1.195091788620e-05
3.4027777778,8.3333333333,-1.314791994210e-05
3.4722222222,8.3333333333,-1.436233264700e-05
3.5416666667,8.3333333333,-1.563407584780e-05
3.6111111111,8.3333333333,-1.702064788380e-05
3.6805555556,8.3333333333,-1.857767303440e-05
3.7500000000,8.3333333333,-2.033524007390e-05
3.8194444444,8.3333333333,-2.227916097630e-05
3.8888888889,8.3333333333,-2.434701411370e-05
3.9583333333,8.3333333333,-2.644478134190e-05
4.0277777778,8.3333333333,-2.848001628020e-05
4.0972222222,8.3333333333,-3.039668693060e-05
4.1666666667,8.3333333333,-3.219387023590e-05
4.2361111111,8.3333333333,-3.391897313250e-05
4.3055555556,8.3333333333,-3.563973353860e-05
4.3750000000,8.3333333333,-3.740809207020e-05
4.4444444444,8.3333333333,-3.922992952510e-05
4.5138888889,8.3333333333,-4.105162243230e-05
4.5833333333,8.3333333333,-4.277018342190e-05
4.6527777778,8.3333333333,-4.426618009420e-05
4.7222222222,8.3333333333,-4.544698513820e-05
4.7916666667,8.3333333333,-4.627929255920e-05
4.8611111111,8.3333333333,-4.679343592210e-05
4.9305555556,8.3333333333,-4.705766105790e-05
5.0000000000,8.3333333333,-4.713698426880e-05
5.0694444444,8.3333333333,-4.705766346660e-05
5.1388888889,8.3333333333,-4.679344030880e-05
5.2083333333,8.3333333333,-4.627929818100e-05
5.2777777778,8.3333333333,-4.544699112600e-05
5.3472222222,8.3333333333,-4.426618566110e-05
5.4166666667,8.3333333333,-4.277018802780e-05
5.4861111111,8.3333333333,-4.105162585390e-05
5.5555555556,8.3333333333,-3.922993182800e-05
5.6250000000,8.3333333333,-3.740809351010e-05
5.6944444444,8.3333333333,-3.563973441910e-05
5.7638888889,8.3333333333,-3.391897370060e-05
5.8333333333,8.3333333333,-3.219387062050e-05
5.9027777778,8.3333333333,-3.039668714750e-05
5.9722222222,8.3333333333,-2.848001628540e-05
6.0416666667,8.3333333333,-2.644478110260e-05
6.1111111111,8.3333333333,-2.434701365150e-05
6.1805555556,8.3333333333,-2.227916037960e-05
6.2500000000,8.3333333333,-2.033523946640e-05
6.3194444444,8.3333333333,-1.857767252840e-05
6.3888888889,8.3333333333,-1.702064753740e-05
6.4583333333,8.3333333333,-1.563407564460e-05
6.5277777778,8.3333333333,-1.436233251690e-05
6.5972222222,8.3333333333,-1.314791980190e-05
6.6666666667,8.3333333333,-1.195091767890e-05
6.7361111111,8.3333333333,-1.075826398340e-05
6.8055555556,8.3333333333,-9.581627119600e-06
6.8750000000,8.3333333333,-8.447694684900e-06
6.9444444444,8.3333333333,-7.387182900800e-06
7.0138888889,8.3333333333,-6.427037850220e-06
7.0833333333,8.3333333333,-5.586270971360e-06
7.1527777778,8.3333333333,-4.873602138160e-06
7.2222222222,8.3333333333,-4.285960237320e-06
7.2916666667,8.3333333333,-3.808734015160e-06
7.3611111111,8.3333333333,-3.418879055620e-06
7.4305555556,8.3333333333,-3.090345481050e-06
7.5000000000,8.3333333333,-2.799516595700e-06
7.5694444444,8.3333333333,-2.528146618310e-06
7.6388888889,8.3333333333,-2.263116920180e-06
7.7083333333,8.3333333333,-1.995001858990e-06
7.7777777778,8.3333333333,-1.718484180020e-06
7.8472222222,8.3333333333,-1.435418495090e-06
7.9166666667,8.3333333333,-1.157495469370e-06
7.9861111111,8.3333333333,-9.042957979530e-07
8.0555555556,8.3333333333,-6.960913517220e-07
8.1250000000,8.3333333333,-5.455880209280e-07
8.1944444444,8.3333333333,-4.535522066510e-07
8.2638888889,8.3333333333,-4.094290253860e-07
8.3333333333,8.3333333333,-3.947014799200e-07
8.4027777778,8.3333333333,-3.874797710720e-07
8.4722222222,8.3333333333,-3.688220454060e-07
8.5416666667,8.3333333333,-3.298404725060e-07
8.6111111111,8.3333333333,-2.749770272090e-07
8.6805555556,8.3333333333,-2.173301367420e-07
8.7500000000,8.3333333333,-1.686168181180e-07
8.8194444444,8.3333333333,-1.322453380180e-07
8.8888888889,8.3333333333,-1.051463432130e-07
8.9583333333,8.3333333333,-8.469435514300e-08
9.0277777778,8.3333333333,-7.203445240900e-08
9.0972222222,8.3333333333,-6.844201618000e-08
9.1666666667,8.3333333333,-7.034724418500e-08
9.2361111111,8.3333333333,-7.023143990700e-08
9.3055555556,8.3333333333,-6.307193780400e-08
9.3750000000,8.3333333333,-5.095120376100e-08
9.4444444444,8.3333333333,-4.044291810300e-08
9.5138888889,8.3333333333,-3.567793518200e-08
9.5833333333,8.3333333333,-3.456374305500e-08
9.6527777778,8.3333333333,-3.162159185400e-08
9.7222222222,8.3333333333,-2.366801845620e-08
9.7916666667,8.3333333333,-1.233833481540e-08
9.8611111111,8.3333333333,-1.784393272570e-09
9.9305555556,8.3333333333,4.975567265800e-09
0.0000000000,8.4027777778,1.895105533950e-08
0.0694444444,8.4027777778,1.525328886060e-08
0.1388888889,8.4027777778,5.545328688363e-09
0.2083333333,8.4027777778,-6.606660729600e-09
0.2777777778,8.4027777778,-1.705037712650e-08
0.3472222222,8.4027777778,-2.312742632640e-08
0.4166666667,8.4027777778,-2.532488775900e-08
0.4861111111,8.4027777778,-2.727716328400e-08
0.5555555556,8.4027777778,-3.339012928300e-08
0.6250000000,8.4027777778,-4.515407516000e-08
0.6944444444,8.4027777778,-5.910993696100e-08
0.7638888889,8.4027777778,-6.895751794100e-08
0.8333333333,8.4027777778,-7.075312230200e-08
0.9027777778,8.4027777778,-6.668360681800e-08
0.9722222222,8.4027777778,-6.372191733100e-08
1.0416666667,8.4027777778,-6.847753539500e-08
1.1111111111,8.4027777778,-8.344376228500e-08
1.1805555556,8.4027777778,-1.079770589450e-07
1.2500000000,8.4027777778,-1.417364739620e-07
1.3194444444,8.4027777778,-1.856430342190e-07
1.3888888889,8.4027777778,-2.388771449120e-07
1.4583333333,8.4027777778,-2.956723494260e-07
1.5277777778,8.4027777778,-3.463047408100e-07
1.5972222222,8.4027777778,-3.822586627150e-07
1.6666666667,8.4027777778,-4.016204947710e-07
1.7361111111,8.4027777778,-4.113994715380e-07
1.8055555556,8.4027777778,-4.265885422140e-07
1.8750000000,8.4027777778,-4.670047710090e-07
1.9444444444,8.4027777778,-5.520110299110e-07
2.0138888889,8.4027777778,-6.935290693360e-07
2.0833333333,8.4027777778,-8.903953127750e-07
2.1527777778,8.4027777778,-1.128459866330e-06
2.2222222222,8.4027777778,-1.387559487730e-06
2.2916666667,8.4027777778,-1.650914250710e-06
2.3611111111,8.4027777778,-1.910486057200e-06
2.4305555556,8.4027777778,-2.165818834860e-06
2.5000000000,8.4027777778,-2.419832509160e-06
2.5694444444,8.4027777778,-2.677054235900e-06
2.6388888889,8.4027777778,-2.946309462750e-06
2.7083333333,8.4027777778,-3.244806558880e-06
2.7777777778,8.4027777778,-3.598679045880e-06
2.8472222222,8.4027777778,-4.037754841170e-06
2.9166666667,8.4027777778,-4.586829304790e-06
2.9861111111,8.4027777778,-5.258051039850e-06
3.0555555556,8.4027777778,-6.047610161740e-06
3.1250000000,8.4027777778,-6.936812694770e-06
3.1944444444,8.4027777778,-7.896158237300e-06
3.2638888889,8.4027777778,-8.891992775900e-06
3.3333333333,8.4027777778,-9.896072134600e-06
3.4027777778,8.4027777778,-1.089651295900e-05
3.4722222222,8.4027777778,-1.190551883860e-05
3.5416666667,8.4027777778,-1.295875859240e-05
3.6111111111,8.4027777778,-1.410469159910e-05
3.6805555556,8.4027777778,-1.538674783440e-05
3.7500000000,8.4027777778,-1.682407546100e-05
3.8194444444,8.4027777778,-1.839761693820e-05
3.8888888889,8.4027777778,-2.004846702020e-05
3.9583333333,8.4027777778,-2.169299688090e-05
4.0277777778,8.4027777778,-2.325178003840e-05
4.0972222222,8.4027777778,-2.467993036520e-05
4.1666666667,8.4027777778,-2.598313703610e-05
4.2361111111,8.4027777778,-2.721097498430e-05
4.3055555556,8.4027777778,-2.843165140210e-05
4.3750000000,8.4027777778,-2.970040654950e-05
4.4444444444,8.4027777778,-3.103366021810e-05
4.5138888889,8.4027777778,-3.239710332290e-05
4.5833333333,8.4027777778,-3.371241654820e-05
4.6527777778,8.4027777778,-3.488241364320e-05
4.7222222222,8.4027777778,-3.582587902170e-05
4.7916666667,8.4027777778,-3.650572455860e-05
4.8611111111,8.4027777778,-3.693552152710e-05
4.9305555556,8.4027777778,-3.716139978030e-05
5.0000000000,8.4027777778,-3.723024878720e-05
5.0694444444,8.4027777778,-3.716139901420e-05
5.1388888889,8.4027777778,-3.693552011330e-05
5.2083333333,8.4027777778,-3.650572270040e-05
5.2777777778,8.4027777778,-3.582587695410e-05
5.3472222222,8.4027777778,-3.488241157020e-05
5.4166666667,8.4027777778,-3.371241460950e-05
5.4861111111,8.4027777778,-3.239710157220e-05
5.5555555556,8.4027777778,-3.103365864490e-05
5.6250000000,8.4027777778,-2.970040510760e-05
5.6944444444,8.4027777778,-2.843165004690e-05
5.7638888889,8.4027777778,-2.721097369700e-05
5.8333333333,8.4027777778,-2.598313583220e-05
5.9027777778,8.4027777778,-2.467992928090e-05
5.9722222222,8.4027777778,-2.325177910960e-05
6.0416666667,8.4027777778,-2.169299612380e-05
6.1111111111,8.4027777778,-2.004846642230e-05
6.1805555556,8.4027777778,-1.839761645870e-05
6.2500000000,8.4027777778,-1.682407505230e-05
6.3194444444,8.4027777778,-1.538674745590e-05
6.3888888889,8.4027777778,-1.410469123100e-05
6.4583333333,8.4027777778,-1.295875823780e-05
6.5277777778,8.4027777778,-1.190551851840e-05
6.5972222222,8.4027777778,-1.089651269540e-05
6.6666666667,8.4027777778,-9.896071941500e-06
6.7361111111,8.4027777778,-8.891992650900e-06
6.8055555556,8.4027777778,-7.896158163600e-06
6.8750000000,8.4027777778,-6.936812649790e-06
6.9444444444,8.4027777778,-6.047610127840e-06
7.0138888889,8.4027777778,-5.258051012190e-06
7.0833333333,8.4027777778,-4.586829291340e-06
7.1527777778,8.4027777778,-4.037754857510e-06
7.2222222222,8.4027777778,-3.598679106810e-06
7.2916666667,8.4027777778,-3.244806670900e-06
7.3611111111,8.4027777778,-2.946309621140e-06
7.4305555556,8.4027777778,-2.677054427120e-06
7.5000000000,8.4027777778,-2.419832717690e-06
7.5694444444,8.4027777778,-2.165819050000e-06
7.6388888889,8.4027777778,-1.910486277380e-06
7.7083333333,8.4027777778,-1.650914482910e-06
7.7777777778,8.4027777778,-1.387559742160e-06
7.8472222222,8.4027777778,-1.128460150050e-06
7.9166666667,8.4027777778,-8.903956257630e-07
7.9861111111,8.4027777778,-6.935294037640e-07
8.0555555556,8.4027777778,-5.520113735180e-07
8.1250000000,8.4027777778,-4.670051114170e-07
8.1944444444,8.4027777778,-4.265888713580e-07
8.2638888889,8.4027777778,-4.113997879740e-07
8.3333333333,8.4027777778,-4.016208042720e-07
8.4027777778,8.4027777778,-3.822589747170e-07
8.4722222222,8.4027777778,-3.463050632950e-07
8.5416666667,8.4027777778,-2.956726836400e-07
8.6111111111,8.4027777778,-2.388774838350e-07
8.6805555556,8.4027777778,-1.856433657110e-07
8.7500000000,8.4027777778,-1.417367868510e-07
8.8194444444,8.4027777778,-1.079773481320e-07
8.8888888889,8.4027777778,-8.344402995500e-08
8.9583333333,8.4027777778,-6.847778857700e-08
9.0277777778,8.4027777778,-6.372216330800e-08
9.0972222222,8.4027777778,-6.668384956100e-08
9.1666666667,8.4027777778,-7.075336018300e-08
9.2361111111,8.4027777778,-6.895774441200e-08
9.3055555556,8.4027777778,-5.911014292400e-08
9.3750000000,8.4027777778,-4.515425316800e-08
9.4444444444,8.4027777778,-3.339027691000e-08
9.5138888889,8.4027777778,-2.727728441600e-08
9.5833333333,8.4027777778,-2.532499055300e-08
9.6527777778,8.4027777778,-2.312751894610e-08
9.7222222222,8.4027777778,-1.705046330160e-08
9.7916666667,8.4027777778,-6.606737740900e-09
9.8611111111,8.4027777778,5.545268918916e-09
9.9305555556,8.4027777778,1.525325583190e-08
0.0000000000,8.4722222222,1.753202884977e-08
0.0694444444,8.4722222222,1.422752555413e-08
0.1388888889,8.4722222222,5.851739567970e-09
0.2083333333,8.4722222222,-4.015749468600e-09
0.2777777778,8.4722222222,-1.204740801600e-08
0.3472222222,8.4722222222,-1.704392969920e-08
0.4166666667,8.4722222222,-2.028400261600e-08
0.4861111111,8.4722222222,-2.446669729700e-08
0.5555555556,8.4722222222,-3.203632320900e-08
0.6250000000,8.4722222222,-4.358592581700e-08
0.6944444444,8.4722222222,-5.694474151500e-08
0.7638888889,8.4722222222,-6.774743946000e-08
0.8333333333,8.4722222222,-7.188763195030e-08
0.9027777778,8.4722222222,-6.870803209570e-08
0.9722222222,8.4722222222,-6.240719173600e-08
1.0416666667,8.4722222222,-6.004123629620e-08
1.1111111111,8.4722222222,-6.749482790260e-08
1.1805555556,8.4722222222,-8.681470800300e-08
1.2500000000,8.4722222222,-1.168466838960e-07
1.3194444444,8.4722222222,-1.556789764480e-07
1.3888888889,8.4722222222,-2.018964107350e-07
1.4583333333,8.4722222222,-2.535907191260e-07
1.5277777778,8.4722222222,-3.067943361810e-07
1.5972222222,8.4722222222,-3.553981871100e-07
1.6666666667,8.4722222222,-3.929890533190e-07
1.7361111111,8.4722222222,-4.158889092950e-07
1.8055555556,8.4722222222,-4.266647092850e-07
1.8750000000,8.4722222222,-4.368691810180e-07
1.9444444444,8.4722222222,-4.664410606918e-07
2.0138888889,8.4722222222,-5.376013512220e-07
2.0833333333,8.4722222222,-6.649783950090e-07
2.1527777778,8.4722222222,-8.481255317970e-07
2.2222222222,8.4722222222,-1.072275537357e-06
2.2916666667,8.4722222222,-1.317065698750e-06
2.3611111111,8.4722222222,-1.566548498650e-06
2.4305555556,8.4722222222,-1.813478521840e-06
2.5000000000,8.4722222222,-2.056869079070e-06
2.5694444444,8.4722222222,-2.297950086750e-06
2.6388888889,8.4722222222,-2.540000432690e-06
2.7083333333,8.4722222222,-2.792367373670e-06
2.7777777778,8.4722222222,-3.073947258850e-06
2.8472222222,8.4722222222,-3.411365871550e-06
2.9166666667,8.4722222222,-3.831576743980e-06
2.9861111111,8.4722222222,-4.352918620640e-06
3.0555555556,8.4722222222,-4.979128354380e-06
3.1250000000,8.4722222222,-5.698141021800e-06
3.1944444444,8.4722222222,-6.485229154110e-06
3.2638888889,8.4722222222,-7.309843089290e-06
3.3333333333,8.4722222222,-8.145593547800e-06
3.4027777778,8.4722222222,-8.981029253000e-06
3.4722222222,8.4722222222,-9.826425919700e-06
3.5416666667,8.4722222222,-1.071209179890e-05
3.6111111111,8.4722222222,-1.167758772290e-05
3.6805555556,8.4722222222,-1.275566150740e-05
3.7500000000,8.4722222222,-1.395650149980e-05
3.8194444444,8.4722222222,-1.525759087410e-05
3.8888888889,8.4722222222,-1.660389043980e-05
3.9583333333,8.4722222222,-1.792139014430e-05
4.0277777778,8.4722222222,-1.914168437750e-05
4.0972222222,8.4722222222,-2.022761156990e-05
4.1666666667,8.4722222222,-2.118677743140e-05
4.2361111111,8.4722222222,-2.206559711760e-05
4.3055555556,8.4722222222,-2.292745439280e-05
4.3750000000,8.4722222222,-2.382586372220e-05
4.4444444444,8.4722222222,-2.478309184300e-05
4.5138888889,8.4722222222,-2.578036706090e-05
4.5833333333,8.4722222222,-2.676233998750e-05
4.6527777778,8.4722222222,-2.765531210620e-05
4.7222222222,8.4722222222,-2.839328535060e-05
4.7916666667,8.4722222222,-2.894022264530e-05
4.8611111111,8.4722222222,-2.929712047820e-05
4.9305555556,8.4722222222,-2.949068198990e-05
5.0000000000,8.4722222222,-2.955095120990e-05
5.0694444444,8.4722222222,-2.949067848580e-05
5.1388888889,8.4722222222,-2.929711406410e-05
5.2083333333,8.4722222222,-2.894021435100e-05
5.2777777778,8.4722222222,-2.839327637130e-05
5.3472222222,8.4722222222,-2.765530351190e-05
5.4166666667,8.4722222222,-2.676233250970e-05
5.4861111111,8.4722222222,-2.578036099790e-05
5.5555555556,8.4722222222,-2.478308711270e-05
5.6250000000,8.4722222222,-2.382586001220e-05
5.6944444444,8.4722222222,-2.292745134210e-05
5.7638888889,8.4722222222,-2.206559446640e-05
5.8333333333,8.4722222222,-2.118677508070e-05
5.9027777778,8.4722222222,-2.022760956130e-05
5.9722222222,8.4722222222,-1.914168280680e-05
6.0416666667,8.4722222222,-1.792138906880e-05
6.1111111111,8.4722222222,-1.660388981540e-05
6.1805555556,8.4722222222,-1.525759055830e-05
6.2500000000,8.4722222222,-1.395650130270e-05
6.3194444444,8.4722222222,-1.275566126350e-05
6.3888888889,8.4722222222,-1.167758735220e-05
6.4583333333,8.4722222222,-1.071209132450e-05
6.5277777778,8.4722222222,-9.826425440400e-06
6.5972222222,8.4722222222,-8.981028885500e-06
6.6666666667,8.4722222222,-8.145593367100e-06
6.7361111111,8.4722222222,-7.309843094320e-06
6.8055555556,8.4722222222,-6.485229272960e-06
6.8750000000,8.4722222222,-5.698141150490e-06
6.9444444444,8.4722222222,-4.979128408400e-06
7.0138888889,8.4722222222,-4.352918573300e-06
7.0833333333,8.4722222222,-3.831576634710e-06
7.1527777778,8.4722222222,-3.411365781980e-06
7.2222222222,8.4722222222,-3.073947270720e-06
7.2916666667,8.4722222222,-2.792367529020e-06
7.3611111111,8.4722222222,-2.540000715890e-06
7.4305555556,8.4722222222,-2.297950433960e-06
7.5000000000,8.4722222222,-2.056869411450e-06
7.5694444444,8.4722222222,-1.813478783220e-06
7.6388888889,8.4722222222,-1.566548680910e-06
7.7083333333,8.4722222222,-1.317065842150e-06
7.7777777778,8.4722222222,-1.072275708105e-06
7.8472222222,8.4722222222,-8.481257871290e-07
7.9166666667,8.4722222222,-6.649787554320e-07
7.9861111111,8.4722222222,-5.376017903244e-07
8.0555555556,8.4722222222,-4.664415186839e-07
8.1250000000,8.4722222222,-4.368695932980e-07
8.1944444444,8.4722222222,-4.266650372560e-07
8.2638888889,8.4722222222,-4.158891576480e-07
8.3333333333,8.4722222222,-3.929892667440e-07
8.4027777778,8.4722222222,-3.553984263680e-07
8.4722222222,8.4722222222,-3.067946470680e-07
8.5416666667,8.4722222222,-2.535911089920e-07
8.6111111111,8.4722222222,-2.018968452340e-07
8.6805555556,8.4722222222,-1.556793970350e-07
8.7500000000,8.4722222222,-1.168470370730e-07
8.8194444444,8.4722222222,-8.681497065500e-08
8.8888888889,8.4722222222,-6.749501679960e-08
8.9583333333,8.4722222222,-6.004139809690e-08
9.0277777778,8.4722222222,-6.240737882500e-08
9.0972222222,8.4722222222,-6.870827683290e-08
9.1666666667,8.4722222222,-7.188793057260e-08
9.2361111111,8.4722222222,-6.774775410000e-08
9.3055555556,8.4722222222,-5.694501848800e-08
9.3750000000,8.4722222222,-4.358612210800e-08
9.4444444444,8.4722222222,-3.203642742900e-08
9.5138888889,8.4722222222,-2.446673514100e-08
9.5833333333,8.4722222222,-2.028402375400e-08
9.6527777778,8.4722222222,-1.704398278860e-08
9.7222222222,8.4722222222,-1.204751620340e-08
9.7916666667,8.4722222222,-4.015898839500e-09
9.8611111111,8.4722222222,5.851593244540e-09
9.9305555556,8.4722222222,1.422743490894e-08
0.0000000000,8.5416666667,6.789640960800e-09
0.0694444444,8.5416666667,5.451324985600e-09
0.1388888889,8.5416666667,1.676383950500e-09
0.2083333333,8.5416666667,-3.714743990730e-09
0.2777777778,8.5416666667,-9.444049480920e-09
0.3472222222,8.5416666667,-1.455486745230e-08
0.4166666667,8.5416666667,-1.924273041750e-08
0.4861111111,8.5416666667,-2.474020963090e-08
0.5555555556,8.5416666667,-3.228882279440e-08
0.6250000000,8.5416666667,-4.219193622450e-08
0.6944444444,8.5416666667,-5.349824929700e-08
0.7638888889,8.5416666667,-6.402636323480e-08
0.8333333333,8.5416666667,-7.074587446000e-08
0.9027777778,8.5416666667,-7.121825163780e-08
0.9722222222,8.5416666667,-6.595204624310e-08
1.0416666667,8.5416666667,-5.965540281090e-08
1.1111111111,8.5416666667,-5.939362204980e-08
1.1805555556,8.5416666667,-7.054236919730e-08
1.2500000000,8.5416666667,-9.400622149400e-08
1.3194444444,8.5416666667,-1.270654784860e-07
1.3888888889,8.5416666667,-1.665311853990e-07
1.4583333333,8.5416666667,-2.108924680490e-07
1.5277777778,8.5416666667,-2.597218437610e-07
1.5972222222,8.5416666667,-3.113714965750e-07
1.6666666667,8.5416666667,-3.611072224690e-07
1.7361111111,8.5416666667,-4.013613361890e-07
1.8055555556,8.5416666667,-4.250476706400e-07
1.8750000000,8.5416666667,-4.315125375570e-07
1.9444444444,8.5416666667,-4.319560371090e-07
2.0138888889,8.5416666667,-4.491731785537e-07
2.0833333333,8.5416666667,-5.089612697492e-07
2.1527777778,8.5416666667,-6.272811704364e-07
2.2222222222,8.5416666667,-8.021486359740e-07
2.2916666667,8.5416666667,-1.016411915006e-06
2.3611111111,8.5416666667,-1.248799110620e-06
2.4305555556,8.5416666667,-1.484281342370e-06
2.5000000000,8.5416666667,-1.716959085420e-06
2.5694444444,8.5416666667,-1.946539824150e-06
2.6388888889,8.5416666667,-2.174765710640e-06
2.7083333333,8.5416666667,-2.406170287270e-06
2.7777777778,8.5416666667,-2.651527512280e-06
2.8472222222,8.5416666667,-2.929025000270e-06
2.9166666667,8.5416666667,-3.260383592480e-06
2.9861111111,8.5416666667,-3.663699003230e-06
3.0555555556,8.5416666667,-4.147020355850e-06
3.1250000000,8.5416666667,-4.705498292080e-06
3.1944444444,8.5416666667,-5.322826230180e-06
3.2638888889,8.5416666667,-5.976721100520e-06
3.3333333333,8.5416666667,-6.647576360860e-06
3.4027777778,8.5416666667,-7.327712013740e-06
3.4722222222,8.5416666667,-8.026817551960e-06
3.5416666667,8.5416666667,-8.769872618000e-06
3.6111111111,8.5416666667,-9.587534245200e-06
3.6805555556,8.5416666667,-1.050280246030e-05
3.7500000000,8.5416666667,-1.151889141520e-05
3.8194444444,8.5416666667,-1.261221343230e-05
3.8888888889,8.5416666667,-1.373346693830e-05
3.9583333333,8.5416666667,-1.481880702450e-05
4.0277777778,8.5416666667,-1.580955876090e-05
4.0972222222,8.5416666667,-1.667314707990e-05
4.1666666667,8.5416666667,-1.741477106020e-05
4.2361111111,8.5416666667,-1.807327527130e-05
4.3055555556,8.5416666667,-1.870351828030e-05
4.3750000000,8.5416666667,-1.935418132460e-05
4.4444444444,8.5416666667,-2.005007634660e-05
4.5138888889,8.5416666667,-2.078398093680e-05
4.5833333333,8.5416666667,-2.151939169390e-05
4.6527777778,8.5416666667,-2.220319244880e-05
4.7222222222,8.5416666667,-2.278410074050e-05
4.7916666667,8.5416666667,-2.322923901720e-05
4.8611111111,8.5416666667,-2.353090178000e-05
4.9305555556,8.5416666667,-2.370059404880e-05
5.0000000000,8.5416666667,-2.375470662320e-05
5.0694444444,8.5416666667,-2.370058960330e-05
5.1388888889,8.5416666667,-2.353089365200e-05
5.2083333333,8.5416666667,-2.322922853200e-05
5.2777777778,8.5416666667,-2.278408943600e-05
5.3472222222,8.5416666667,-2.220318170480e-05
5.4166666667,8.5416666667,-2.151938245310e-05
5.4861111111,8.5416666667,-2.078397358430e-05
5.5555555556,8.5416666667,-2.005007077220e-05
5.6250000000,8.5416666667,-1.935417711280e-05
5.6944444444,8.5416666667,-1.870351494670e-05
5.7638888889,8.5416666667,-1.807327245150e-05
5.8333333333,8.5416666667,-1.741476860160e-05
5.9027777778,8.5416666667,-1.667314501160e-05
5.9722222222,8.5416666667,-1.580955719100e-05
6.0416666667,8.5416666667,-1.481880601950e-05
6.1111111111,8.5416666667,-1.373346644880e-05
6.1805555556,8.5416666667,-1.261221328440e-05
6.2500000000,8.5416666667,-1.151889137670e-05
6.3194444444,8.5416666667,-1.050280233060e-05
6.3888888889,8.5416666667,-9.587533928900e-06
6.4583333333,8.5416666667,-8.769872149100e-06
6.5277777778,8.5416666667,-8.026817058830e-06
6.5972222222,8.5416666667,-7.327711646640e-06
6.6666666667,8.5416666667,-6.647576216320e-06
6.7361111111,8.5416666667,-5.976721178720e-06
6.8055555556,8.5416666667,-5.322826441070e-06
6.8750000000,8.5416666667,-4.705498504620e-06
6.9444444444,8.5416666667,-4.147020463100e-06
7.0138888889,8.5416666667,-3.663698971510e-06
7.0833333333,8.5416666667,-3.260383471970e-06
7.1527777778,8.5416666667,-2.929024895430e-06
7.2222222222,8.5416666667,-2.651527527940e-06
7.2916666667,8.5416666667,-2.406170478080e-06
7.3611111111,8.5416666667,-2.174766056600e-06
7.4305555556,8.5416666667,-1.946540243850e-06
7.5000000000,8.5416666667,-1.716959477180e-06
7.5694444444,8.5416666667,-1.484281633650e-06
7.6388888889,8.5416666667,-1.248799290500e-06
7.7083333333,8.5416666667,-1.016412035737e-06
7.7777777778,8.5416666667,-8.021487840110e-07
7.8472222222,8.5416666667,-6.272814218870e-07
7.9166666667,8.5416666667,-5.089616527809e-07
7.9861111111,8.5416666667,-4.491736600209e-07
8.0555555556,8.5416666667,-4.319565397710e-07
8.1250000000,8.5416666667,-4.315129781170e-07
8.1944444444,8.5416666667,-4.250480002940e-07
8.2638888889,8.5416666667,-4.013615629000e-07
8.3333333333,8.5416666667,-3.611074054070e-07
8.4027777778,8.5416666667,-3.113717143090e-07
8.4722222222,8.5416666667,-2.597221543330e-07
8.5416666667,8.5416666667,-2.108928800410e-07
8.6111111111,8.5416666667,-1.665316546570e-07
8.6805555556,8.5416666667,-1.270659307120e-07
8.7500000000,8.5416666667,-9.400658884300e-08
8.8194444444,8.5416666667,-7.054262227970e-08
8.8888888889,8.5416666667,-5.939378254440e-08
8.9583333333,8.5416666667,-5.965553128180e-08
9.0277777778,8.5416666667,-6.595221129480e-08
9.0972222222,8.5416666667,-7.121849605310e-08
9.1666666667,8.5416666667,-7.074619388560e-08
9.2361111111,8.5416666667,-6.402670857820e-08
9.3055555556,8.5416666667,-5.349855089060e-08
9.3750000000,8.5416666667,-4.219213840880e-08
9.4444444444,8.5416666667,-3.228891113010e-08
9.5138888889,8.5416666667,-2.474021765090e-08
9.5833333333,8.5416666667,-1.924272245060e-08
9.6527777778,8.5416666667,-1.455490628200e-08
9.7222222222,8.5416666667,-9.444164895290e-09
9.7916666667,8.5416666667,-3.714918058220e-09
9.8611111111,8.5416666667,1.676208008800e-09
9.9305555556,8.5416666667,5.451214626700e-09
0.0000000000,8.6111111111,-8.441700178400e-09
0.0694444444,8.6111111111,-6.900784564000e-09
0.1388888889,8.6111111111,-4.421284324800e-09
0.2083333333,8.6111111111,-4.830277447000e-09
0.2777777778,8.6111111111,-9.187516669489e-09
0.3472222222,8.6111111111,-1.501619203009e-08
0.4166666667,8.6111111111,-1.968211758726e-08
0.4861111111,8.6111111111,-2.328492337515e-08
0.5555555556,8.6111111111,-2.788410182050e-08
0.6250000000,8.6111111111,-3.495731736060e-08
0.6944444444,8.6111111111,-4.437939277940e-08
0.7638888889,8.6111111111,-5.499744927870e-08
0.8333333333,8.6111111111,-6.481777365760e-08
0.9027777778,8.6111111111,-7.083206359100e-08
0.9722222222,8.6111111111,-7.048159521410e-08
1.0416666667,8.6111111111,-6.467674899050e-08
1.1111111111,8.6111111111,-5.901716872880e-08
1.1805555556,8.6111111111,-6.085409239780e-08
1.2500000000,8.6111111111,-7.455114085170e-08
1.3194444444,8.6111111111,-9.954998002100e-08
1.3888888889,8.6111111111,-1.326303288460e-07
1.4583333333,8.6111111111,-1.713320187080e-07
1.5277777778,8.6111111111,-2.151295887030e-07
1.5972222222,8.6111111111,-2.639793557600e-07
1.6666666667,8.6111111111,-3.159643493890e-07
1.7361111111,8.6111111111,-3.655897441240e-07
1.8055555556,8.6111111111,-4.040692509900e-07
1.8750000000,8.6111111111,-4.232318438050e-07
1.9444444444,8.6111111111,-4.228262007270e-07
2.0138888889,8.6111111111,-4.165545044913e-07
2.0833333333,8.6111111111,-4.301198390998e-07
2.1527777778,8.6111111111,-4.896341144674e-07
2.2222222222,8.6111111111,-6.076286734123e-07
2.2916666667,8.6111111111,-7.773364675470e-07
2.3611111111,8.6111111111,-9.793009099030e-07
2.4305555556,8.6111111111,-1.193980690800e-06
2.5000000000,8.6111111111,-1.410243014860e-06
2.5694444444,8.6111111111,-1.625417378870e-06
2.6388888889,8.6111111111,-1.840858712120e-06
2.7083333333,8.6111111111,-2.059340057710e-06
2.7777777778,8.6111111111,-2.286228634630e-06
2.8472222222,8.6111111111,-2.531367525120e-06
2.9166666667,8.6111111111,-2.808077474370e-06
2.9861111111,8.6111111111,-3.128970204340e-06
3.0555555556,8.6111111111,-3.501125087790e-06
3.1250000000,8.6111111111,-3.923322329650e-06
3.1944444444,8.6111111111,-4.386603474520e-06
3.2638888889,8.6111111111,-4.878227085230e-06
3.3333333333,8.6111111111,-5.388107526600e-06
3.4027777778,8.6111111111,-5.915378229630e-06
3.4722222222,8.6111111111,-6.471602132770e-06
3.5416666667,8.6111111111,-7.078116869110e-06
3.6111111111,8.6111111111,-7.758078805340e-06
3.6805555556,8.6111111111,-8.526530353620e-06
3.7500000000,8.6111111111,-9.382145766500e-06
3.8194444444,8.6111111111,-1.030297273860e-05
3.8888888889,8.6111111111,-1.124766785370e-05
3.9583333333,8.6111111111,-1.216353409730e-05
4.0277777778,8.6111111111,-1.300089574710e-05
4.0972222222,8.6111111111,-1.372928717090e-05
4.1666666667,8.6111111111,-1.434781290180e-05
4.2361111111,8.6111111111,-1.488383784010e-05
4.3055555556,8.6111111111,-1.538048715870e-05
4.3750000000,8.6111111111,-1.587929451760e-05
4.4444444444,8.6111111111,-1.640549772650e-05
4.5138888889,8.6111111111,-1.696055844190e-05
4.5833333333,8.6111111111,-1.752300740790e-05
4.6527777778,8.6111111111,-1.805652721130e-05
4.7222222222,8.6111111111,-1.852241398730e-05
4.7916666667,8.6111111111,-1.889163587300e-05
4.8611111111,8.6111111111,-1.915120508690e-05
4.9305555556,8.6111111111,-1.930217922560e-05
5.0000000000,8.6111111111,-1.935132946980e-05
5.0694444444,8.6111111111,-1.930217606600e-05
5.1388888889,8.6111111111,-1.915119931660e-05
5.2083333333,8.6111111111,-1.889162844640e-05
5.2777777778,8.6111111111,-1.852240600930e-05
5.3472222222,8.6111111111,-1.805651967570e-05
5.4166666667,8.6111111111,-1.752300099320e-05
5.4861111111,8.6111111111,-1.696055342190e-05
5.5555555556,8.6111111111,-1.640549401640e-05
5.6250000000,8.6111111111,-1.587929180880e-05
5.6944444444,8.6111111111,-1.538048508990e-05
5.7638888889,8.6111111111,-1.488383613400e-05
5.8333333333,8.6111111111,-1.434781143220e-05
5.9027777778,8.6111111111,-1.372928594570e-05
5.9722222222,8.6111111111,-1.300089483380e-05
6.0416666667,8.6111111111,-1.216353354140e-05
6.1111111111,8.6111111111,-1.124766762200e-05
6.1805555556,8.6111111111,-1.030297271410e-05
6.2500000000,8.6111111111,-9.382145792100e-06
6.3194444444,8.6111111111,-8.526530296230e-06
6.3888888889,8.6111111111,-7.758078605700e-06
6.4583333333,8.6111111111,-7.078116557530e-06
6.5277777778,8.6111111111,-6.471601804450e-06
6.5972222222,8.6111111111,-5.915377993390e-06
6.6666666667,8.6111111111,-5.388107451770e-06
6.7361111111,8.6111111111,-4.878227172450e-06
6.8055555556,8.6111111111,-4.386603660320e-06
6.8750000000,8.6111111111,-3.923322521720e-06
6.9444444444,8.6111111111,-3.501125211020e-06
7.0138888889,8.6111111111,-3.128970235360e-06
7.0833333333,8.6111111111,-2.808077449310e-06
7.1527777778,8.6111111111,-2.531367518190e-06
7.2222222222,8.6111111111,-2.286228720100e-06
7.2916666667,8.6111111111,-2.059340273730e-06
7.3611111111,8.6111111111,-1.840859043690e-06
7.4305555556,8.6111111111,-1.625417766920e-06
7.5000000000,8.6111111111,-1.410243385840e-06
7.5694444444,8.6111111111,-1.193980992000e-06
7.6388888889,8.6111111111,-9.793011330520e-07
7.7083333333,8.6111111111,-7.773366498360e-07
7.7777777778,8.6111111111,-6.076288770125e-07
7.8472222222,8.6111111111,-4.896343939401e-07
7.9166666667,8.6111111111,-4.301202142399e-07
7.9861111111,8.6111111111,-4.165549506186e-07
8.0555555556,8.6111111111,-4.228266616590e-07
8.1250000000,8.6111111111,-4.232322597040e-07
8.1944444444,8.6111111111,-4.040695875480e-07
8.2638888889,8.6111111111,-3.655900078840e-07
8.3333333333,8.6111111111,-3.159645827660e-07
8.4027777778,8.6111111111,-2.639796137670e-07
8.4722222222,8.6111111111,-2.151299109830e-07
8.5416666667,8.6111111111,-1.713324099480e-07
8.6111111111,8.6111111111,-1.326307572400e-07
8.6805555556,8.6111111111,-9.955039297400e-08
8.7500000000,8.6111111111,-7.455149028880e-08
8.8194444444,8.6111111111,-6.085435704940e-08
8.8888888889,8.6111111111,-5.901736341820e-08
8.9583333333,8.6111111111,-6.467691651270e-08
9.0277777778,8.6111111111,-7.048178449720e-08
9.0972222222,8.6111111111,-7.083230529880e-08
9.1666666667,8.6111111111,-6.481806461540e-08
9.2361111111,8.6111111111,-5.499775416890e-08
9.3055555556,8.6111111111,-4.437966160670e-08
9.3750000000,8.6111111111,-3.495751030850e-08
9.4444444444,8.6111111111,-2.788420858696e-08
9.5138888889,8.6111111111,-2.328496784544e-08
9.5833333333,8.6111111111,-1.968214546211e-08
9.6527777778,8.6111111111,-1.501624774622e-08
9.7222222222,8.6111111111,-9.187621085721e-09
9.7916666667,8.6111111111,-4.830417608600e-09
9.8611111111,8.6111111111,-4.421419972400e-09
9.9305555556,8.6111111111,-6.900868128900e-09
0.0000000000,8.6805555556,-2.420552151946e-08
0.0694444444,8.6805555556,-1.957148569487e-08
0.1388888889,8.6805555556,-1.065504425150e-08
0.2083333333,8.6805555556,-6.654120285100e-09
0.2777777778,8.6805555556,-1.080141618078e-08
0.3472222222,8.6805555556,-1.787518950970e-08
0.4166666667,8.6805555556,-2.131123644380e-08
0.4861111111,8.6805555556,-2.038166241680e-08
0.5555555556,8.6805555556,-1.954988196597e-08
0.6250000000,8.6805555556,-2.282735031251e-08
0.6944444444,8.6805555556,-3.078089627320e-08
0.7638888889,8.6805555556,-4.204204451490e-08
0.8333333333,8.6805555556,-5.489811371100e-08
0.9027777778,8.6805555556,-6.649260687710e-08
0.9722222222,8.6805555556,-7.261819879240e-08
1.0416666667,8.6805555556,-7.075795123900e-08
1.1111111111,8.6805555556,-6.353575534610e-08
1.1805555556,8.6805555556,-5.792753040120e-08
1.2500000000,8.6805555556,-6.058489264620e-08
1.3194444444,8.6805555556,-7.429542765350e-08
1.3888888889,8.6805555556,-9.855174602300e-08
1.4583333333,8.6805555556,-1.319428404760e-07
1.5277777778,8.6805555556,-1.730297062190e-07
1.5972222222,8.6805555556,-2.197983998460e-07
1.6666666667,8.6805555556,-2.695738335720e-07
1.7361111111,8.6805555556,-3.191665220900e-07
1.8055555556,8.6805555556,-3.638025252170e-07
1.8750000000,8.6805555556,-3.962941280280e-07
1.9444444444,8.6805555556,-4.103577438690e-07
2.0138888889,8.6805555556,-4.082340258550e-07
2.0833333333,8.6805555556,-4.058694867519e-07
2.1527777778,8.6805555556,-4.282817584763e-07
2.2222222222,8.6805555556,-4.963408735086e-07
2.2916666667,8.6805555556,-6.152400896610e-07
2.3611111111,8.6805555556,-7.739840084950e-07
2.4305555556,8.6805555556,-9.550809963200e-07
2.5000000000,8.6805555556,-1.145242098890e-06
2.5694444444,8.6805555556,-1.339310956030e-06
2.6388888889,8.6805555556,-1.537592029590e-06
2.7083333333,8.6805555556,-1.742027810800e-06
2.7777777778,8.6805555556,-1.955103379150e-06
2.8472222222,8.6805555556,-2.180771028990e-06
2.9166666667,8.6805555556,-2.424655887960e-06
2.9861111111,8.6805555556,-2.692360588870e-06
3.0555555556,8.6805555556,-2.986949112820e-06
3.1250000000,8.6805555556,-3.307365644650e-06
3.1944444444,8.6805555556,-3.648908977890e-06
3.2638888889,8.6805555556,-4.006002540020e-06
3.3333333333,8.6805555556,-4.376511459780e-06
3.4027777778,8.6805555556,-4.765662805320e-06
3.4722222222,8.6805555556,-5.187083371970e-06
3.5416666667,8.6805555556,-5.659646140790e-06
3.6111111111,8.6805555556,-6.201212908860e-06
3.6805555556,8.6805555556,-6.821967029970e-06
3.7500000000,8.6805555556,-7.519589282920e-06
3.8194444444,8.6805555556,-8.277090983090e-06
3.8888888889,8.6805555556,-9.063612417460e-06
3.9583333333,8.6805555556,-9.839050065000e-06
4.0277777778,8.6805555556,-1.056304578230e-05
4.0972222222,8.6805555556,-1.120641174500e-05
4.1666666667,8.6805555556,-1.176019527140e-05
4.2361111111,8.6805555556,-1.223749009310e-05
4.3055555556,8.6805555556,-1.266670525030e-05
4.3750000000,8.6805555556,-1.307962854900e-05
4.4444444444,8.6805555556,-1.349972572740e-05
4.5138888889,8.6805555556,-1.393482339660e-05
4.5833333333,8.6805555556,-1.437564983970e-05
4.6527777778,8.6805555556,-1.479974150620e-05
4.7222222222,8.6805555556,-1.517910007150e-05
4.7916666667,8.6805555556,-1.548887711620e-05
4.8611111111,8.6805555556,-1.571352776080e-05
4.9305555556,8.6805555556,-1.584769618010e-05
5.0000000000,8.6805555556,-1.589205903600e-05
5.0694444444,8.6805555556,-1.584769584180e-05
5.1388888889,8.6805555556,-1.571352715280e-05
5.2083333333,8.6805555556,-1.548887635400e-05
5.2777777778,8.6805555556,-1.517909929030e-05
5.3472222222,8.6805555556,-1.479974082510e-05
5.4166666667,8.6805555556,-1.437564933600e-05
5.4861111111,8.6805555556,-1.393482309890e-05
5.5555555556,8.6805555556,-1.349972561550e-05
5.6250000000,8.6805555556,-1.307962857290e-05
5.6944444444,8.6805555556,-1.266670535230e-05
5.7638888889,8.6805555556,-1.223749022190e-05
5.8333333333,8.6805555556,-1.176019539580e-05
5.9027777778,8.6805555556,-1.120641185070e-05
5.9722222222,8.6805555556,-1.056304586770e-05
6.0416666667,8.6805555556,-9.839050131920e-06
6.1111111111,8.6805555556,-9.063612465060e-06
6.1805555556,8.6805555556,-8.277091007110e-06
6.2500000000,8.6805555556,-7.519589279270e-06
6.3194444444,8.6805555556,-6.821966999290e-06
6.3888888889,8.6805555556,-6.201212858720e-06
6.4583333333,8.6805555556,-5.659646085300e-06
6.5277777778,8.6805555556,-5.187083328310e-06
6.5972222222,8.6805555556,-4.765662788360e-06
6.6666666667,8.6805555556,-4.376511477780e-06
6.7361111111,8.6805555556,-4.006002593160e-06
6.8055555556,8.6805555556,-3.648909059660e-06
6.8750000000,8.6805555556,-3.307365746230e-06
6.9444444444,8.6805555556,-2.986949227760e-06
7.0138888889,8.6805555556,-2.692360716270e-06
7.0833333333,8.6805555556,-2.424656032370e-06
7.1527777778,8.6805555556,-2.180771197960e-06
7.2222222222,8.6805555556,-1.955103579040e-06
7.2916666667,8.6805555556,-1.742028043650e-06
7.3611111111,8.6805555556,-1.537592291540e-06
7.4305555556,8.6805555556,-1.339311238630e-06
7.5000000000,8.6805555556,-1.145242392220e-06
7.5694444444,8.6805555556,-9.550812931500e-07
7.6388888889,8.6805555556,-7.739843067640e-07
7.7083333333,8.6805555556,-6.152403926170e-07
7.7777777778,8.6805555556,-4.963411872957e-07
7.8472222222,8.6805555556,-4.282820878497e-07
7.9166666667,8.6805555556,-4.058698320724e-07
7.9861111111,8.6805555556,-4.082343821690e-07
8.0555555556,8.6805555556,-4.103581034010e-07
8.1250000000,8.6805555556,-3.962944836080e-07
8.1944444444,8.6805555556,-3.638028735050e-07
8.2638888889,8.6805555556,-3.191668638510e-07
8.3333333333,8.6805555556,-2.695741723750e-07
8.4027777778,8.6805555556,-2.197987388860e-07
8.4722222222,8.6805555556,-1.730300464990e-07
8.5416666667,8.6805555556,-1.319431800990e-07
8.6111111111,8.6805555556,-9.855208085100e-08
8.6805555556,8.6805555556,-7.429575225960e-08
8.7500000000,8.6805555556,-6.058520191150e-08
8.8194444444,8.6805555556,-5.792782110230e-08
8.8888888889,8.6805555556,-6.353602755390e-08
8.9583333333,8.6805555556,-7.075820819470e-08
9.0277777778,8.6805555556,-7.261844475390e-08
9.0972222222,8.6805555556,-6.649284452320e-08
9.1666666667,8.6805555556,-5.489834216570e-08
9.2361111111,8.6805555556,-4.204225968400e-08
9.3055555556,8.6805555556,-3.078109270320e-08
9.3750000000,8.6805555556,-2.282752376117e-08
9.4444444444,8.6805555556,-1.955003109583e-08
9.5138888889,8.6805555556,-2.038178919870e-08
9.5833333333,8.6805555556,-2.131134492880e-08
9.6527777778,8.6805555556,-1.787528350140e-08
9.7222222222,8.6805555556,-1.080149704348e-08
9.7916666667,8.6805555556,-6.654186314600e-09
9.8611111111,8.6805555556,-1.065509167360e-08
9.9305555556,8.6805555556,-1.957151060154e-08
0.0000000000,8.7500000000,-3.689096765671e-08
0.0694444444,8.7500000000,-2.969775985636e-08
0.1388888889,8.7500000000,-1.560121521380e-08
0.2083333333,8.7500000000,-8.522746667200e-09
0.2777777778,8.7500000000,-1.356023732797e-08
0.3472222222,8.7500000000,-2.285243964360e-08
0.4166666667,8.7500000000,-2.594990985390e-08
0.4861111111,8.7500000000,-2.102672491790e-08
0.5555555556,8.7500000000,-1.468817381839e-08
0.6250000000,8.7500000000,-1.358153100692e-08
0.6944444444,8.7500000000,-1.923205696490e-08
0.7638888889,8.7500000000,-3.002797322210e-08
0.8333333333,8.7500000000,-4.428229057460e-08
0.9027777778,8.7500000000,-5.949495717620e-08
0.9722222222,8.7500000000,-7.090465008640e-08
1.0416666667,8.7500000000,-7.392504665020e-08
1.1111111111,8.7500000000,-6.849099397430e-08
1.1805555556,8.7500000000,-5.964779592390e-08
1.2500000000,8.7500000000,-5.368193768690e-08
1.3194444444,8.7500000000,-5.490363058520e-08
1.3888888889,8.7500000000,-6.616775682380e-08
1.4583333333,8.7500000000,-9.006810396820e-08
1.5277777778,8.7500000000,-1.272533224860e-07
1.5972222222,8.7500000000,-1.739932924010e-07
1.6666666667,8.7500000000,-2.235768939650e-07
1.7361111111,8.7500000000,-2.708716604990e-07
1.8055555556,8.7500000000,-3.141964397820e-07
1.8750000000,8.7500000000,-3.520246366470e-07
1.9444444444,8.7500000000,-3.799103833790e-07
2.0138888889,8.7500000000,-3.939436081820e-07
2.0833333333,8.7500000000,-3.985569760720e-07
2.1527777778,8.7500000000,-4.094287240870e-07
2.2222222222,8.7500000000,-4.462923159070e-07
2.2916666667,8.7500000000,-5.212836823130e-07
2.3611111111,8.7500000000,-6.332126246210e-07
2.4305555556,8.7500000000,-7.717847143720e-07
2.5000000000,8.7500000000,-9.263514311400e-07
2.5694444444,8.7500000000,-1.091384615440e-06
2.6388888889,8.7500000000,-1.266172125240e-06
2.7083333333,8.7500000000,-1.451820270670e-06
2.7777777778,8.7500000000,-1.649201284160e-06
2.8472222222,8.7500000000,-1.858642640740e-06
2.9166666667,8.7500000000,-2.080194236350e-06
2.9861111111,8.7500000000,-2.313571621900e-06
3.0555555556,8.7500000000,-2.557797015580e-06
3.1250000000,8.7500000000,-2.810951890260e-06
3.1944444444,8.7500000000,-3.070553731250e-06
3.2638888889,8.7500000000,-3.335045335010e-06
3.3333333333,8.7500000000,-3.606245763060e-06
3.4027777778,8.7500000000,-3.891450022070e-06
3.4722222222,8.7500000000,-4.203403866120e-06
3.5416666667,8.7500000000,-4.557503530020e-06
3.6111111111,8.7500000000,-4.967414847580e-06
3.6805555556,8.7500000000,-5.441101984930e-06
3.7500000000,8.7500000000,-5.978402690550e-06
3.8194444444,8.7500000000,-6.569997178960e-06
3.8888888889,8.7500000000,-7.197398733740e-06
3.9583333333,8.7500000000,-7.834481325700e-06
4.0277777778,8.7500000000,-8.451610056700e-06
4.0972222222,8.7500000000,-9.022400219980e-06
4.1666666667,8.7500000000,-9.530965095090e-06
4.2361111111,8.7500000000,-9.976174245640e-06
4.3055555556,8.7500000000,-1.037048876987e-05
4.3750000000,8.7500000000,-1.073383124820e-05
4.4444444444,8.7500000000,-1.108543591380e-05
4.5138888889,8.7500000000,-1.143697238820e-05
4.5833333333,8.7500000000,-1.178885631910e-05
4.6527777778,8.7500000000,-1.213023658860e-05
4.7222222222,8.7500000000,-1.244242798780e-05
4.7916666667,8.7500000000,-1.270477408500e-05
4.8611111111,8.7500000000,-1.290060276980e-05
4.9305555556,8.7500000000,-1.302032953810e-05
5.0000000000,8.7500000000,-1.306044358390e-05
5.0694444444,8.7500000000,-1.302033211880e-05
5.1388888889,8.7500000000,-1.290060749440e-05
5.2083333333,8.7500000000,-1.270478019440e-05
5.2777777778,8.7500000000,-1.244243460070e-05
5.3472222222,8.7500000000,-1.213024290920e-05
5.4166666667,8.7500000000,-1.178886180100e-05
5.4861111111,8.7500000000,-1.143697680190e-05
5.5555555556,8.7500000000,-1.108543931260e-05
5.6250000000,8.7500000000,-1.073383386040e-05
5.6944444444,8.7500000000,-1.037049086559e-05
5.7638888889,8.7500000000,-9.976176022100e-06
5.8333333333,8.7500000000,-9.530966632610e-06
5.9027777778,8.7500000000,-9.022401495670e-06
5.9722222222,8.7500000000,-8.451611003140e-06
6.0416666667,8.7500000000,-7.834481901690e-06
6.1111111111,8.7500000000,-7.197398970500e-06
6.1805555556,8.7500000000,-6.569997183530e-06
6.2500000000,8.7500000000,-5.978402610070e-06
6.3194444444,8.7500000000,-5.441101951470e-06
6.3888888889,8.7500000000,-4.967414932200e-06
6.4583333333,8.7500000000,-4.557503725900e-06
6.5277777778,8.7500000000,-4.203404107080e-06
6.5972222222,8.7500000000,-3.891450224710e-06
6.6666666667,8.7500000000,-3.606245871930e-06
6.7361111111,8.7500000000,-3.335045349510e-06
6.8055555556,8.7500000000,-3.070553703430e-06
6.8750000000,8.7500000000,-2.810951896890e-06
6.9444444444,8.7500000000,-2.557797120880e-06
7.0138888889,8.7500000000,-2.313571847500e-06
7.0833333333,8.7500000000,-2.080194554010e-06
7.1527777778,8.7500000000,-1.858642988620e-06
7.2222222222,8.7500000000,-1.649201598450e-06
7.2916666667,8.7500000000,-1.451820516020e-06
7.3611111111,8.7500000000,-1.266172309780e-06
7.4305555556,8.7500000000,-1.091384783760e-06
7.5000000000,8.7500000000,-9.263516400300e-07
7.5694444444,8.7500000000,-7.717850040300e-07
7.6388888889,8.7500000000,-6.332129994740e-07
7.7083333333,8.7500000000,-5.212841097380e-07
7.7777777778,8.7500000000,-4.462927431660e-07
7.8472222222,8.7500000000,-4.094291037890e-07
7.9166666667,8.7500000000,-3.985572886580e-07
7.9861111111,8.7500000000,-3.939438699700e-07
8.0555555556,8.7500000000,-3.799106374590e-07
8.1250000000,8.7500000000,-3.520249304380e-07
8.1944444444,8.7500000000,-3.141968009580e-07
8.2638888889,8.7500000000,-2.708720826640e-07
8.3333333333,8.7500000000,-2.235773399220e-07
8.4027777778,8.7500000000,-1.739937122460e-07
8.4722222222,8.7500000000,-1.272536783860e-07
8.5416666667,8.7500000000,-9.006838806810e-08
8.6111111111,8.7500000000,-6.616799366880e-08
8.6805555556,8.7500000000,-5.490386306760e-08
8.7500000000,8.7500000000,-5.368220478980e-08
8.8194444444,8.7500000000,-5.964811323610e-08
8.8888888889,8.7500000000,-6.849134661340e-08
8.9583333333,8.7500000000,-7.392539689950e-08
9.0277777778,8.7500000000,-7.090495550420e-08
9.0972222222,8.7500000000,-5.949519096570e-08
9.1666666667,8.7500000000,-4.428245412800e-08
9.2361111111,8.7500000000,-3.002809510170e-08
9.3055555556,8.7500000000,-1.923217823860e-08
9.3750000000,8.7500000000,-1.358168440046e-08
9.4444444444,8.7500000000,-1.468836710911e-08
9.5138888889,8.7500000000,-2.102693715290e-08
9.5833333333,8.7500000000,-2.595010188610e-08
9.6527777778,8.7500000000,-2.285257330300e-08
9.7222222222,8.7500000000,-1.356029392790e-08
9.7916666667,8.7500000000,-8.522736188500e-09
9.8611111111,8.7500000000,-1.560117157370e-08
9.9305555556,8.7500000000,-2.969772422044e-08
0.0000000000,8.8194444444,-4.238897542860e-08
0.0694444444,8.8194444444,-3.402140286454e-08
0.1388888889,8.8194444444,-1.764677470112e-08
0.2083333333,8.8194444444,-9.604595034600e-09
0.2777777778,8.8194444444,-1.608499189276e-08
0.3472222222,8.8194444444,-2.797675346252e-08
0.4166666667,8.8194444444,-3.256641169650e-08
0.4861111111,8.8194444444,-2.674330096840e-08
0.5555555556,8.8194444444,-1.745075317575e-08
0.6250000000,8.8194444444,-1.247115804702e-08
0.6944444444,8.8194444444,-1.436713726310e-08
0.7638888889,8.8194444444,-2.235680218880e-08
0.8333333333,8.8194444444,-3.551800806830e-08
0.9027777778,8.8194444444,-5.175469792060e-08
0.9722222222,8.8194444444,-6.593234028310e-08
1.0416666667,8.8194444444,-7.244160726640e-08
1.1111111111,8.8194444444,-6.997643434530e-08
1.1805555556,8.8194444444,-6.209119056100e-08
1.2500000000,8.8194444444,-5.307829692000e-08
1.3194444444,8.8194444444,-4.555561527270e-08
1.3888888889,8.8194444444,-4.302961872780e-08
1.4583333333,8.8194444444,-5.219826595500e-08
1.5277777778,8.8194444444,-7.915178132480e-08
1.5972222222,8.8194444444,-1.226640991650e-07
1.6666666667,8.8194444444,-1.734227782380e-07
1.7361111111,8.8194444444,-2.213900998250e-07
1.8055555556,8.8194444444,-2.630540116430e-07
1.8750000000,8.8194444444,-3.004312141080e-07
1.9444444444,8.8194444444,-3.343834762310e-07
2.0138888889,8.8194444444,-3.618406625280e-07
2.0833333333,8.8194444444,-3.808549356490e-07
2.1527777778,8.8194444444,-3.969571905650e-07
2.2222222222,8.8194444444,-4.225535380340e-07
2.2916666667,8.8194444444,-4.695047481290e-07
2.3611111111,8.8194444444,-5.424829927320e-07
2.4305555556,8.8194444444,-6.388504088650e-07
2.5000000000,8.8194444444,-7.534871915020e-07
2.5694444444,8.8194444444,-8.831985222500e-07
2.6388888889,8.8194444444,-1.027703923230e-06
2.7083333333,8.8194444444,-1.188099195830e-06
2.7777777778,8.8194444444,-1.364862421650e-06
2.8472222222,8.8194444444,-1.556553248350e-06
2.9166666667,8.8194444444,-1.759614444530e-06
2.9861111111,8.8194444444,-1.969375363710e-06
3.0555555556,8.8194444444,-2.181670398290e-06
3.1250000000,8.8194444444,-2.393936239710e-06
3.1944444444,8.8194444444,-2.605303020390e-06
3.2638888889,8.8194444444,-2.816450696100e-06
3.3333333333,8.8194444444,-3.030138923190e-06
3.4027777778,8.8194444444,-3.252081144660e-06
3.4722222222,8.8194444444,-3.490919494660e-06
3.5416666667,8.8194444444,-3.756704428600e-06
3.6111111111,8.8194444444,-4.058624874590e-06
3.6805555556,8.8194444444,-4.403157910550e-06
3.7500000000,8.8194444444,-4.793048320640e-06
3.8194444444,8.8194444444,-5.226670627320e-06
3.8888888889,8.8194444444,-5.697271910770e-06
3.9583333333,8.8194444444,-6.192283267470e-06
4.0277777778,8.8194444444,-6.693680568210e-06
4.0972222222,8.8194444444,-7.180513441660e-06
4.1666666667,8.8194444444,-7.633692590110e-06
4.2361111111,8.8194444444,-8.041337508700e-06
4.3055555556,8.8194444444,-8.401946492650e-06
4.3750000000,8.8194444444,-8.723602149990e-06
4.4444444444,8.8194444444,-9.019701959820e-06
4.5138888889,8.8194444444,-9.303276392000e-06
4.5833333333,8.8194444444,-9.581865584910e-06
4.6527777778,8.8194444444,-9.854222778000e-06
4.7222222222,8.8194444444,-1.010988666810e-05
4.7916666667,8.8194444444,-1.033223012120e-05
4.8611111111,8.8194444444,-1.050389749650e-05
4.9305555556,8.8194444444,-1.061168179050e-05
5.0000000000,8.8194444444,-1.064832823460e-05
5.0694444444,8.8194444444,-1.061168592910e-05
5.1388888889,8.8194444444,-1.050390506160e-05
5.2083333333,8.8194444444,-1.033223987900e-05
5.2777777778,8.8194444444,-1.010989718160e-05
5.3472222222,8.8194444444,-9.854232755300e-06
5.4166666667,8.8194444444,-9.581874142040e-06
5.4861111111,8.8194444444,-9.303283161210e-06
5.5555555556,8.8194444444,-9.019707041230e-06
5.6250000000,8.8194444444,-8.723605930560e-06
5.6944444444,8.8194444444,-8.401949429390e-06
5.7638888889,8.8194444444,-8.041339947970e-06
5.8333333333,8.8194444444,-7.633694684670e-06
5.9027777778,8.8194444444,-7.180515171850e-06
5.9722222222,8.8194444444,-6.693681837100e-06
6.0416666667,8.8194444444,-6.192284012980e-06
6.1111111111,8.8194444444,-5.697272179050e-06
6.1805555556,8.8194444444,-5.226670580280e-06
6.2500000000,8.8194444444,-4.793048179540e-06
6.3194444444,8.8194444444,-4.403157871490e-06
6.3888888889,8.8194444444,-4.058625036540e-06
6.4583333333,8.8194444444,-3.756704769150e-06
6.5277777778,8.8194444444,-3.490919900470e-06
6.5972222222,8.8194444444,-3.252081478600e-06
6.6666666667,8.8194444444,-3.030139095480e-06
6.7361111111,8.8194444444,-2.816450705470e-06
6.8055555556,8.8194444444,-2.605302949900e-06
6.8750000000,8.8194444444,-2.393936211700e-06
6.9444444444,8.8194444444,-2.181670513820e-06
7.0138888889,8.8194444444,-1.969375655870e-06
7.0833333333,8.8194444444,-1.759614866950e-06
7.1527777778,8.8194444444,-1.556553701820e-06
7.2222222222,8.8194444444,-1.364862804860e-06
7.2916666667,8.8194444444,-1.188099454060e-06
7.3611111111,8.8194444444,-1.027704071510e-06
7.4305555556,8.8194444444,-8.831986342100e-07
7.5000000000,8.8194444444,-7.534873600820e-07
7.5694444444,8.8194444444,-6.388506998730e-07
7.6388888889,8.8194444444,-5.424834137680e-07
7.7083333333,8.8194444444,-4.695052468420e-07
7.7777777778,8.8194444444,-4.225540296740e-07
7.8472222222,8.8194444444,-3.969575997710e-07
7.9166666667,8.8194444444,-3.808552326780e-07
7.9861111111,8.8194444444,-3.618408758140e-07
8.0555555556,8.8194444444,-3.343836764960e-07
8.1250000000,8.8194444444,-3.004314776580e-07
8.1944444444,8.8194444444,-2.630543818590e-07
8.2638888889,8.8194444444,-2.213905655410e-07
8.3333333333,8.8194444444,-1.734232802780e-07
8.4027777778,8.8194444444,-1.226645599180e-07
8.4722222222,8.8194444444,-7.915214327010e-08
8.5416666667,8.8194444444,-5.219851870530e-08
8.6111111111,8.8194444444,-4.302980208550e-08
8.6805555556,8.8194444444,-4.555579749770e-08
8.7500000000,8.8194444444,-5.307854034030e-08
8.8194444444,8.8194444444,-6.209152103700e-08
8.8888888889,8.8194444444,-6.997682935550e-08
8.9583333333,8.8194444444,-7.244200723600e-08
9.0277777778,8.8194444444,-6.593267744980e-08
9.0972222222,8.8194444444,-5.175492933060e-08
9.1666666667,8.8194444444,-3.551813625490e-08
9.2361111111,8.8194444444,-2.235687342540e-08
9.3055555556,8.8194444444,-1.436721775390e-08
9.3750000000,8.8194444444,-1.247130030661e-08
9.4444444444,8.8194444444,-1.745096970601e-08
9.5138888889,8.8194444444,-2.674355847440e-08
9.5833333333,8.8194444444,-3.256664803160e-08
9.6527777778,8.8194444444,-2.797690814621e-08
9.7222222222,8.8194444444,-1.608503553064e-08
9.7916666667,8.8194444444,-9.604543730400e-09
9.8611111111,8.8194444444,-1.764668241150e-08
9.9305555556,8.8194444444,-3.402133485581e-08
0.0000000000,8.8888888889,-3.712185157830e-08
0.0694444444,8.8888888889,-2.966060007540e-08
0.1388888889,8.8888888889,-1.532769443203e-08
0.2083333333,8.8888888889,-9.171807251300e-09
0.2777777778,8.8888888889,-1.682076847880e-08
0.3472222222,8.8888888889,-2.970881760284e-08
0.4166666667,8.8888888889,-3.581108991438e-08
0.4861111111,8.8888888889,-3.171209016206e-08
0.5555555556,8.8888888889,-2.305151085385e-08
0.6250000000,8.8888888889,-1.646800227040e-08
0.6944444444,8.8888888889,-1.471356950780e-08
0.7638888889,8.8888888889,-1.858580482890e-08
0.8333333333,8.8888888889,-2.898374896000e-08
0.9027777778,8.8888888889,-4.454239570370e-08
0.9722222222,8.8888888889,-5.950869928030e-08
1.0416666667,8.8888888889,-6.736113000810e-08
1.1111111111,8.8888888889,-6.670117528360e-08
1.1805555556,8.8888888889,-6.141493475500e-08
1.2500000000,8.8888888889,-5.480658058600e-08
1.3194444444,8.8888888889,-4.636138098060e-08
1.3888888889,8.8888888889,-3.630642597900e-08
1.4583333333,8.8888888889,-3.144207882000e-08
1.5277777778,8.8888888889,-4.259118267560e-08
1.5972222222,8.8888888889,-7.474641561240e-08
1.6666666667,8.8888888889,-1.213411269210e-07
1.7361111111,8.8888888889,-1.698127651410e-07
1.8055555556,8.8888888889,-2.121514474540e-07
1.8750000000,8.8888888889,-2.488477508300e-07
1.9444444444,8.8888888889,-2.836008698880e-07
2.0138888889,8.8888888889,-3.169722571290e-07
2.0833333333,8.8888888889,-3.466176132720e-07
2.1527777778,8.8888888889,-3.723587790470e-07
2.2222222222,8.8888888889,-3.989666505620e-07
2.2916666667,8.8888888889,-4.336222726100e-07
2.3611111111,8.8888888889,-4.816063977210e-07
2.4305555556,8.8888888889,-5.446891184110e-07
2.5000000000,8.8888888889,-6.226836283580e-07
2.5694444444,8.8888888889,-7.157187360690e-07
2.6388888889,8.8888888889,-8.253516871600e-07
2.7083333333,8.8888888889,-9.541677449300e-07
2.7777777778,8.8888888889,-1.104070561070e-06
2.8472222222,8.8888888889,-1.273983929720e-06
2.9166666667,8.8888888889,-1.458678389450e-06
2.9861111111,8.8888888889,-1.650246431330e-06
3.0555555556,8.8888888889,-1.841544384610e-06
3.1250000000,8.8888888889,-2.028950423900e-06
3.1944444444,8.8888888889,-2.212569310740e-06
3.2638888889,8.8888888889,-2.394617909130e-06
3.3333333333,8.8888888889,-2.578012128920e-06
3.4027777778,8.8888888889,-2.766064244360e-06
3.4722222222,8.8888888889,-2.962664492400e-06
3.5416666667,8.8888888889,-3.172201000100e-06
3.6111111111,8.8888888889,-3.399239736580e-06
3.6805555556,8.8888888889,-3.648262806540e-06
3.7500000000,8.8888888889,-3.923425910840e-06
3.8194444444,8.8888888889,-4.228050466360e-06
3.8888888889,8.8888888889,-4.563577345290e-06
3.9583333333,8.8888888889,-4.927836139400e-06
4.0277777778,8.8888888889,-5.313054765690e-06
4.0972222222,8.8888888889,-5.705075843120e-06
4.1666666667,8.8888888889,-6.085511195500e-06
4.2361111111,8.8888888889,-6.436886436340e-06
4.3055555556,8.8888888889,-6.748322379430e-06
4.3750000000,8.8888888889,-7.018592054530e-06
4.4444444444,8.8888888889,-7.255242568230e-06
4.5138888889,8.8888888889,-7.470726403280e-06
4.5833333333,8.8888888889,-7.677136825340e-06
4.6527777778,8.8888888889,-7.880885274730e-06
4.7222222222,8.8888888889,-8.079043693790e-06
4.7916666667,8.8888888889,-8.259418135510e-06
4.8611111111,8.8888888889,-8.404829920610e-06
4.9305555556,8.8888888889,-8.499174038440e-06
5.0000000000,8.8888888889,-8.531820957140e-06
5.0694444444,8.8888888889,-8.499177626260e-06
5.1388888889,8.8888888889,-8.404836470770e-06
5.2083333333,8.8888888889,-8.259426564910e-06
5.2777777778,8.8888888889,-8.079052743620e-06
5.3472222222,8.8888888889,-7.880893812140e-06
5.4166666667,8.8888888889,-7.677144076520e-06
5.4861111111,8.8888888889,-7.470732052820e-06
5.5555555556,8.8888888889,-7.255246711340e-06
5.6250000000,8.8888888889,-7.018595042830e-06
5.6944444444,8.8888888889,-6.748324627700e-06
5.7638888889,8.8888888889,-6.436888264390e-06
5.8333333333,8.8888888889,-6.085512752020e-06
5.9027777778,8.8888888889,-5.705077123100e-06
5.9722222222,8.8888888889,-5.313055691960e-06
6.0416666667,8.8888888889,-4.927836659340e-06
6.1111111111,8.8888888889,-4.563577496310e-06
6.1805555556,8.8888888889,-4.228050382570e-06
6.2500000000,8.8888888889,-3.923425776250e-06
6.3194444444,8.8888888889,-3.648262782630e-06
6.3888888889,8.8888888889,-3.399239901900e-06
6.4583333333,8.8888888889,-3.172201329440e-06
6.5277777778,8.8888888889,-2.962664883710e-06
6.5972222222,8.8888888889,-2.766064576900e-06
6.6666666667,8.8888888889,-2.578012324130e-06
6.7361111111,8.8888888889,-2.394617965800e-06
6.8055555556,8.8888888889,-2.212569300690e-06
6.8750000000,8.8888888889,-2.028950452850e-06
6.9444444444,8.8888888889,-1.841544539390e-06
7.0138888889,8.8888888889,-1.650246739490e-06
7.0833333333,8.8888888889,-1.458678809770e-06
7.1527777778,8.8888888889,-1.273984375670e-06
7.2222222222,8.8888888889,-1.104070944880e-06
7.2916666667,8.8888888889,-9.541680195600e-07
7.3611111111,8.8888888889,-8.253518664300e-07
7.4305555556,8.8888888889,-7.157188845680e-07
7.5000000000,8.8888888889,-6.226838271890e-07
7.5694444444,8.8888888889,-5.446894246760e-07
7.6388888889,8.8888888889,-4.816068174480e-07
7.7083333333,8.8888888889,-4.336227595530e-07
7.7777777778,8.8888888889,-3.989671305210e-07
7.8472222222,8.8888888889,-3.723591864430e-07
7.9166666667,8.8888888889,-3.466179227110e-07
7.9861111111,8.8888888889,-3.169724939210e-07
8.0555555556,8.8888888889,-2.836010956990e-07
8.1250000000,8.8888888889,-2.488480314170e-07
8.1944444444,8.8888888889,-2.121518193180e-07
8.2638888889,8.8888888889,-1.698132174520e-07
8.3333333333,8.8888888889,-1.213416079340e-07
8.4027777778,8.8888888889,-7.474685855450e-08
8.4722222222,8.8888888889,-4.259153863550e-08
8.5416666667,8.8888888889,-3.144233940360e-08
8.6111111111,8.8888888889,-3.630662559070e-08
8.6805555556,8.8888888889,-4.636157833350e-08
8.7500000000,8.8888888889,-5.480682951100e-08
8.8194444444,8.8888888889,-6.141525790000e-08
8.8888888889,8.8888888889,-6.670155340660e-08
8.9583333333,8.8888888889,-6.736151127320e-08
9.0277777778,8.8888888889,-5.950902426640e-08
9.0972222222,8.8888888889,-4.454262650940e-08
9.1666666667,8.8888888889,-2.898388763470e-08
9.2361111111,8.8888888889,-1.858589179800e-08
9.3055555556,8.8888888889,-1.471366251400e-08
9.3750000000,8.8888888889,-1.646814687320e-08
9.4444444444,8.8888888889,-2.305171772271e-08
9.5138888889,8.8888888889,-3.171233035433e-08
9.5833333333,8.8888888889,-3.581130963944e-08
9.6527777778,8.8888888889,-2.970896438983e-08
9.7222222222,8.8888888889,-1.682081653220e-08
9.7916666667,8.8888888889,-9.171770142600e-09
9.8611111111,8.8888888889,-1.532761891333e-08
9.9305555556,8.8888888889,-2.966054314860e-08
0.0000000000,8.9583333333,-2.081266622840e-08
0.0694444444,8.9583333333,-1.631171009190e-08
0.1388888889,8.9583333333,-8.380614338632e-09
0.2083333333,8.9583333333,-7.120483178200e-09
0.2777777778,8.9583333333,-1.549186639060e-08
0.3472222222,8.9583333333,-2.656014736630e-08
0.4166666667,8.9583333333,-3.185057881350e-08
0.4861111111,8.9583333333,-2.965739675640e-08
0.5555555556,8.9583333333,-2.417965012150e-08
0.6250000000,8.9583333333,-1.928408050860e-08
0.6944444444,8.9583333333,-1.624711230070e-08
0.7638888889,8.9583333333,-1.673572527130e-08
0.8333333333,8.9583333333,-2.384621396980e-08
0.9027777778,8.9583333333,-3.781936064212e-08
0.9722222222,8.9583333333,-5.275397939330e-08
1.0416666667,8.9583333333,-6.086444773540e-08
1.1111111111,8.9583333333,-6.026506896700e-08
1.1805555556,8.9583333333,-5.616647992400e-08
1.2500000000,8.9583333333,-5.348637679300e-08
1.3194444444,8.9583333333,-5.066733089300e-08
1.3888888889,8.9583333333,-4.336401702850e-08
1.4583333333,8.9583333333,-3.344387741580e-08
1.5277777778,8.9583333333,-3.111972923250e-08
1.5972222222,8.9583333333,-4.642044625230e-08
1.6666666667,8.9583333333,-7.963713671690e-08
1.7361111111,8.9583333333,-1.215408235600e-07
1.8055555556,8.9583333333,-1.622898222310e-07
1.8750000000,8.9583333333,-1.986230376970e-07
1.9444444444,8.9583333333,-2.328283766990e-07
2.0138888889,8.9583333333,-2.672256273440e-07
2.0833333333,8.9583333333,-3.014053640650e-07
2.1527777778,8.9583333333,-3.340157844850e-07
2.2222222222,8.9583333333,-3.653445498360e-07
2.2916666667,8.9583333333,-3.976136453840e-07
2.3611111111,8.9583333333,-4.336724547710e-07
2.4305555556,8.9583333333,-4.760530486330e-07
2.5000000000,8.9583333333,-5.269416755370e-07
2.5694444444,8.9583333333,-5.886823432750e-07
2.6388888889,8.9583333333,-6.645758597550e-07
2.7083333333,8.9583333333,-7.592852193580e-07
2.7777777778,8.9583333333,-8.774578496030e-07
2.8472222222,8.9583333333,-1.020421037870e-06
2.9166666667,8.9583333333,-1.183525179850e-06
2.9861111111,8.9583333333,-1.357226931100e-06
3.0555555556,8.9583333333,-1.531747057680e-06
3.1250000000,8.9583333333,-1.701602982030e-06
3.1944444444,8.9583333333,-1.866660724550e-06
3.2638888889,8.9583333333,-2.029887564040e-06
3.3333333333,8.9583333333,-2.194474194150e-06
3.4027777778,8.9583333333,-2.362343248160e-06
3.4722222222,8.9583333333,-2.534165668950e-06
3.5416666667,8.9583333333,-2.710169786670e-06
3.6111111111,8.9583333333,-2.891173879090e-06
3.6805555556,8.9583333333,-3.079383953360e-06
3.7500000000,8.9583333333,-3.278596744280e-06
3.8194444444,8.9583333333,-3.493819006940e-06
3.8888888889,8.9583333333,-3.730370755130e-06
3.9583333333,8.9583333333,-3.992037382910e-06
4.0277777778,8.9583333333,-4.278010343430e-06
4.0972222222,8.9583333333,-4.580020714830e-06
4.1666666667,8.9583333333,-4.882421086670e-06
4.2361111111,8.9583333333,-5.166534163220e-06
4.3055555556,8.9583333333,-5.417169423640e-06
4.3750000000,8.9583333333,-5.627519391710e-06
4.4444444444,8.9583333333,-5.800370992130e-06
4.5138888889,8.9583333333,-5.946135730270e-06
4.5833333333,8.9583333333,-6.078766545300e-06
4.6527777778,8.9583333333,-6.210111225430e-06
4.7222222222,8.9583333333,-6.344145567950e-06
4.7916666667,8.9583333333,-6.474160037810e-06
4.8611111111,8.9583333333,-6.585170133790e-06
4.9305555556,8.9583333333,-6.660229317050e-06
5.0000000000,8.9583333333,-6.686761449210e-06
5.0694444444,8.9583333333,-6.660230563780e-06
5.1388888889,8.9583333333,-6.585172399820e-06
5.2083333333,8.9583333333,-6.474162930980e-06
5.2777777778,8.9583333333,-6.344148631930e-06
5.3472222222,8.9583333333,-6.210114052000e-06
5.4166666667,8.9583333333,-6.078768858070e-06
5.4861111111,8.9583333333,-5.946137422610e-06
5.5555555556,8.9583333333,-5.800372109800e-06
5.6250000000,8.9583333333,-5.627520076960e-06
5.6944444444,8.9583333333,-5.417169844830e-06
5.7638888889,8.9583333333,-5.166534454830e-06
5.8333333333,8.9583333333,-4.882421320070e-06
5.9027777778,8.9583333333,-4.580020901900e-06
5.9722222222,8.9583333333,-4.278010464330e-06
6.0416666667,8.9583333333,-3.992037420310e-06
6.1111111111,8.9583333333,-3.730370718530e-06
6.1805555556,8.9583333333,-3.493818936640e-06
6.2500000000,8.9583333333,-3.278596696360e-06
6.3194444444,8.9583333333,-3.079383975880e-06
6.3888888889,8.9583333333,-2.891173992390e-06
6.4583333333,8.9583333333,-2.710169976320e-06
6.5277777778,8.9583333333,-2.534165895430e-06
6.5972222222,8.9583333333,-2.362343467350e-06
6.6666666667,8.9583333333,-2.194474377780e-06
6.7361111111,8.9583333333,-2.029887711520e-06
6.8055555556,8.9583333333,-1.866660860670e-06
6.8750000000,8.9583333333,-1.701603143290e-06
6.9444444444,8.9583333333,-1.531747273270e-06
7.0138888889,8.9583333333,-1.357227209400e-06
7.0833333333,8.9583333333,-1.183525505090e-06
7.1527777778,8.9583333333,-1.020421379116e-06
7.2222222222,8.9583333333,-8.774581757290e-07
7.2916666667,8.9583333333,-7.592855140000e-07
7.3611111111,8.9583333333,-6.645761280590e-07
7.4305555556,8.9583333333,-5.886826079850e-07
7.5000000000,8.9583333333,-5.269419647640e-07
7.5694444444,8.9583333333,-4.760533814730e-07
7.6388888889,8.9583333333,-4.336728319900e-07
7.7083333333,8.9583333333,-3.976140492940e-07
7.7777777778,8.9583333333,-3.653449532110e-07
7.8472222222,8.9583333333,-3.340161635630e-07
7.9166666667,8.9583333333,-3.014057096880e-07
7.9861111111,8.9583333333,-2.672259482780e-07
8.0555555556,8.9583333333,-2.328286943040e-07
8.1250000000,8.9583333333,-1.986233741130e-07
8.1944444444,8.9583333333,-1.622901886540e-07
8.2638888889,8.9583333333,-1.215412143280e-07
8.3333333333,8.9583333333,-7.963753243900e-08
8.4027777778,8.9583333333,-4.642082308270e-08
8.4722222222,8.9583333333,-3.112007023330e-08
8.5416666667,8.9583333333,-3.344417978100e-08
8.6111111111,8.9583333333,-4.336429248670e-08
8.6805555556,8.9583333333,-5.066759930100e-08
8.7500000000,8.9583333333,-5.348665648700e-08
8.8194444444,8.9583333333,-5.616677856700e-08
8.8888888889,8.9583333333,-6.026537955900e-08
8.9583333333,8.9583333333,-6.086475137720e-08
9.0277777778,8.9583333333,-5.275425399340e-08
9.0972222222,8.9583333333,-3.781959177137e-08
9.1666666667,8.9583333333,-2.384640187730e-08
9.2361111111,8.9583333333,-1.673588429410e-08
9.3055555556,8.9583333333,-1.624726292650e-08
9.3750000000,8.9583333333,-1.928423858560e-08
9.4444444444,8.9583333333,-2.417981905720e-08
9.5138888889,8.9583333333,-2.965756623750e-08
9.5833333333,8.9583333333,-3.185073000810e-08
9.6527777778,8.9583333333,-2.656026147010e-08
9.7222222222,8.9583333333,-1.549193333730e-08
9.7916666667,8.9583333333,-7.120506732200e-09
9.8611111111,8.9583333333,-8.380610985978e-09
9.9305555556,8.9583333333,-1.631170108850e-08
0.0000000000,9.0277777778,1.397249991700e-09
0.0694444444,9.0277777778,2.051750631300e-09
0.1388888889,9.0277777778,1.572281607820e-09
0.2083333333,9.0277777778,-3.772653391500e-09
0.2777777778,9.0277777778,-1.315518513810e-08
0.3472222222,9.0277777778,-2.115360094620e-08
0.4166666667,9.0277777778,-2.369485265740e-08
0.4861111111,9.0277777778,-2.209064964340e-08
0.5555555556,9.0277777778,-2.014180602450e-08
0.6250000000,9.0277777778,-1.897146253000e-08
0.6944444444,9.0277777778,-1.712492830710e-08
0.7638888889,9.0277777778,-1.541829064510e-08
0.8333333333,9.0277777778,-1.852174666379e-08
0.9027777778,9.0277777778,-2.948976417332e-08
0.9722222222,9.0277777778,-4.405354471859e-08
1.0416666667,9.0277777778,-5.334104159840e-08
1.1111111111,9.0277777778,-5.307653983700e-08
1.1805555556,9.0277777778,-4.810512692400e-08
1.2500000000,9.0277777778,-4.626215240300e-08
1.3194444444,9.0277777778,-4.905804038500e-08
1.3888888889,9.0277777778,-5.078636119300e-08
1.4583333333,9.0277777778,-4.696613495270e-08
1.5277777778,9.0277777778,-4.142548029310e-08
1.5972222222,9.0277777778,-4.349674398240e-08
1.6666666667,9.0277777778,-5.911834923840e-08
1.7361111111,9.0277777778,-8.616247019240e-08
1.8055555556,9.0277777778,-1.180381257300e-07
1.8750000000,9.0277777778,-1.500427011200e-07
1.9444444444,9.0277777778,-1.816772869170e-07
2.0138888889,9.0277777778,-2.144267165150e-07
2.0833333333,9.0277777778,-2.490414652290e-07
2.1527777778,9.0277777778,-2.848772310810e-07
2.2222222222,9.0277777778,-3.206213601390e-07
2.2916666667,9.0277777778,-3.551689526780e-07
2.3611111111,9.0277777778,-3.884050366910e-07
2.4305555556,9.0277777778,-4.216604167120e-07
2.5000000000,9.0277777778,-4.573551842870e-07
2.5694444444,9.0277777778,-4.983607723090e-07
2.6388888889,9.0277777778,-5.483824433890e-07
2.7083333333,9.0277777778,-6.130505839730e-07
2.7777777778,9.0277777778,-6.992531924150e-07
2.8472222222,9.0277777778,-8.114063182850e-07
2.9166666667,9.0277777778,-9.473703369980e-07
2.9861111111,9.0277777778,-1.098360399815e-06
3.0555555556,9.0277777778,-1.253680076000e-06
3.1250000000,9.0277777778,-1.406354669440e-06
3.1944444444,9.0277777778,-1.555263117830e-06
3.2638888889,9.0277777778,-1.703142471150e-06
3.3333333333,9.0277777778,-1.853133090220e-06
3.4027777778,9.0277777778,-2.006467681630e-06
3.4722222222,9.0277777778,-2.162069535440e-06
3.5416666667,9.0277777778,-2.317629775740e-06
3.6111111111,9.0277777778,-2.471365848630e-06
3.6805555556,9.0277777778,-2.623482216070e-06
3.7500000000,9.0277777778,-2.776668291640e-06
3.8194444444,9.0277777778,-2.935826522430e-06
3.8888888889,9.0277777778,-3.107397683080e-06
3.9583333333,9.0277777778,-3.297709538450e-06
4.0277777778,9.0277777778,-3.509608060230e-06
4.0972222222,9.0277777778,-3.738649452100e-06
4.1666666667,9.0277777778,-3.972119343010e-06
4.2361111111,9.0277777778,-4.192747131690e-06
4.3055555556,9.0277777778,-4.385015643300e-06
4.3750000000,9.0277777778,-4.540060999670e-06
4.4444444444,9.0277777778,-4.657349841790e-06
4.5138888889,9.0277777778,-4.744124507980e-06
4.5833333333,9.0277777778,-4.813369831790e-06
4.6527777778,9.0277777778,-4.879465979680e-06
4.7222222222,9.0277777778,-4.951754564490e-06
4.7916666667,9.0277777778,-5.029430773140e-06
4.8611111111,9.0277777778,-5.101718767950e-06
4.9305555556,9.0277777778,-5.153458392740e-06
5.0000000000,9.0277777778,-5.172260107360e-06
5.0694444444,9.0277777778,-5.153456712960e-06
5.1388888889,9.0277777778,-5.101715686190e-06
5.2083333333,9.0277777778,-5.029426770960e-06
5.2777777778,9.0277777778,-4.951750203430e-06
5.3472222222,9.0277777778,-4.879461767380e-06
5.4166666667,9.0277777778,-4.813366119910e-06
5.4861111111,9.0277777778,-4.744121449430e-06
5.5555555556,9.0277777778,-4.657347412410e-06
5.6250000000,9.0277777778,-4.540059066630e-06
5.6944444444,9.0277777778,-4.385014049220e-06
5.7638888889,9.0277777778,-4.192745763000e-06
5.8333333333,9.0277777778,-3.972118159430e-06
5.9027777778,9.0277777778,-3.738648476030e-06
5.9722222222,9.0277777778,-3.509607338130e-06
6.0416666667,9.0277777778,-3.297709096180e-06
6.1111111111,9.0277777778,-3.107397498260e-06
6.1805555556,9.0277777778,-2.935826523410e-06
6.2500000000,9.0277777778,-2.776668381910e-06
6.3194444444,9.0277777778,-2.623482309320e-06
6.3888888889,9.0277777778,-2.471365898400e-06
6.4583333333,9.0277777778,-2.317629785920e-06
6.5277777778,9.0277777778,-2.162069547920e-06
6.5972222222,9.0277777778,-2.006467749510e-06
6.6666666667,9.0277777778,-1.853133248680e-06
6.7361111111,9.0277777778,-1.703142720340e-06
6.8055555556,9.0277777778,-1.555263424150e-06
6.8750000000,9.0277777778,-1.406354983050e-06
6.9444444444,9.0277777778,-1.253680354730e-06
7.0138888889,9.0277777778,-1.098360628734e-06
7.0833333333,9.0277777778,-9.473705330680e-07
7.1527777778,9.0277777778,-8.114065202880e-07
7.2222222222,9.0277777778,-6.992534403200e-07
7.2916666667,9.0277777778,-6.130508994240e-07
7.3611111111,9.0277777778,-5.483828198200e-07
7.4305555556,9.0277777778,-4.983611793190e-07
7.5000000000,9.0277777778,-4.573555830920e-07
7.5694444444,9.0277777778,-4.216607787930e-07
7.6388888889,9.0277777778,-3.884053565430e-07
7.7083333333,9.0277777778,-3.551692488270e-07
7.7777777778,9.0277777778,-3.206216645570e-07
7.8472222222,9.0277777778,-2.848775722590e-07
7.9166666667,9.0277777778,-2.490418538960e-07
7.9861111111,9.0277777778,-2.144271402460e-07
8.0555555556,9.0277777778,-1.816777165120e-07
8.1250000000,9.0277777778,-1.500431046030e-07
8.1944444444,9.0277777778,-1.180384834650e-07
8.2638888889,9.0277777778,-8.616278359220e-08
8.3333333333,9.0277777778,-5.911863931870e-08
8.4027777778,9.0277777778,-4.349703989820e-08
8.4722222222,9.0277777778,-4.142580431560e-08
8.5416666667,9.0277777778,-4.696649094520e-08
8.6111111111,9.0277777778,-5.078673271600e-08
8.6805555556,9.0277777778,-4.905839896800e-08
8.7500000000,9.0277777778,-4.626247183800e-08
8.8194444444,9.0277777778,-4.810539561700e-08
8.8888888889,9.0277777778,-5.307676569700e-08
8.9583333333,9.0277777778,-5.334124709620e-08
9.0277777778,9.0277777778,-4.405375511347e-08
9.0972222222,9.0277777778,-2.948999500261e-08
9.1666666667,9.0277777778,-1.852199603638e-08
9.2361111111,9.0277777778,-1.541853994972e-08
9.3055555556,9.0277777778,-1.712515109670e-08
9.3750000000,9.0277777778,-1.897163741870e-08
9.4444444444,9.0277777778,-2.014192742660e-08
9.5138888889,9.0277777778,-2.209073055710e-08
9.5833333333,9.0277777778,-2.369491784130e-08
9.6527777778,9.0277777778,-2.115367365810e-08
9.7222222222,9.0277777778,-1.315527518140e-08
9.7916666667,9.0277777778,-3.772752559100e-09
9.8611111111,9.0277777778,1.572194617920e-09
9.9305555556,9.0277777778,2.051699515200e-09
0.0000000000,9.0972222222,1.994448572470e-08
0.0694444444,9.0972222222,1.783583842899e-08
0.1388888889,9.0972222222,1.123640912760e-08
0.2083333333,9.0972222222,7.941999643300e-10
0.2777777778,9.0972222222,-1.004825740260e-08
0.3472222222,9.0972222222,-1.667089333530e-08
0.4166666667,9.0972222222,-1.757516019890e-08
0.4861111111,9.0972222222,-1.601468388600e-08
0.5555555556,9.0972222222,-1.608953819500e-08
0.6250000000,9.0972222222,-1.768842948170e-08
0.6944444444,9.0972222222,-1.706751569810e-08
0.7638888889,9.0972222222,-1.301652509032e-08
0.8333333333,9.0972222222,-1.057855393927e-08
0.9027777778,9.0972222222,-1.630504204460e-08
0.9722222222,9.0972222222,-2.983633110534e-08
1.0416666667,9.0972222222,-4.248488495320e-08
1.1111111111,9.0972222222,-4.577416640370e-08
1.1805555556,9.0972222222,-4.047068269800e-08
1.2500000000,9.0972222222,-3.546410955300e-08
1.3194444444,9.0972222222,-3.788501330400e-08
1.3888888889,9.0972222222,-4.607364102100e-08
1.4583333333,9.0972222222,-5.290266878800e-08
1.5277777778,9.0972222222,-5.445189686800e-08
1.5972222222,9.0972222222,-5.386216016470e-08
1.6666666667,9.0972222222,-5.733750251060e-08
1.7361111111,9.0972222222,-6.826190531810e-08
1.8055555556,9.0972222222,-8.568569732530e-08
1.8750000000,9.0972222222,-1.070623139429e-07
1.9444444444,9.0972222222,-1.311230393140e-07
2.0138888889,9.0972222222,-1.584364805370e-07
2.0833333333,9.0972222222,-1.902173485720e-07
2.1527777778,9.0972222222,-2.267261267230e-07
2.2222222222,9.0972222222,-2.662255079840e-07
2.2916666667,9.0972222222,-3.054109008930e-07
2.3611111111,9.0972222222,-3.414472943550e-07
2.4305555556,9.0972222222,-3.739177170390e-07
2.5000000000,9.0972222222,-4.047045873910e-07
2.5694444444,9.0972222222,-4.363950600940e-07
2.6388888889,9.0972222222,-4.718807459640e-07
2.7083333333,9.0972222222,-5.158768213920e-07
2.7777777778,9.0972222222,-5.754600854890e-07
2.8472222222,9.0972222222,-6.569967328420e-07
2.9166666667,9.0972222222,-7.614364752040e-07
2.9861111111,9.0972222222,-8.828563162970e-07
3.0555555556,9.0972222222,-1.012171793860e-06
3.1250000000,9.0972222222,-1.142668297410e-06
3.1944444444,9.0972222222,-1.272711959190e-06
3.2638888889,9.0972222222,-1.404405801690e-06
3.3333333333,9.0972222222,-1.540396262140e-06
3.4027777778,9.0972222222,-1.681345955650e-06
3.4722222222,9.0972222222,-1.825125674070e-06
3.5416666667,9.0972222222,-1.967736743890e-06
3.6111111111,9.0972222222,-2.105368669460e-06
3.6805555556,9.0972222222,-2.236380122370e-06
3.7500000000,9.0972222222,-2.362160439990e-06
3.8194444444,9.0972222222,-2.486973905480e-06
3.8888888889,9.0972222222,-2.617335320860e-06
3.9583333333,9.0972222222,-2.760417836260e-06
4.0277777778,9.0972222222,-2.920625840970e-06
4.0972222222,9.0972222222,-3.095596116290e-06
4.1666666667,9.0972222222,-3.275066902790e-06
4.2361111111,9.0972222222,-3.444431910290e-06
4.3055555556,9.0972222222,-3.590455124720e-06
4.3750000000,9.0972222222,-3.705017086850e-06
4.4444444444,9.0972222222,-3.785909812830e-06
4.5138888889,9.0972222222,-3.836860520460e-06
4.5833333333,9.0972222222,-3.867635069330e-06
4.6527777778,9.0972222222,-3.891923293290e-06
4.7222222222,9.0972222222,-3.921542999970e-06
4.7916666667,9.0972222222,-3.960100508390e-06
4.8611111111,9.0972222222,-4.001273728480e-06
4.9305555556,9.0972222222,-4.033158066450e-06
5.0000000000,9.0972222222,-4.045157223090e-06
5.0694444444,9.0972222222,-4.033154349300e-06
5.1388888889,9.0972222222,-4.001266929420e-06
5.2083333333,9.0972222222,-3.960091728600e-06
5.2777777778,9.0972222222,-3.921533519580e-06
5.3472222222,9.0972222222,-3.891914266890e-06
5.4166666667,9.0972222222,-3.867627289830e-06
5.4861111111,9.0972222222,-3.836854320830e-06
5.5555555556,9.0972222222,-3.785905112490e-06
5.6250000000,9.0972222222,-3.705013549540e-06
5.6944444444,9.0972222222,-3.590452352940e-06
5.7638888889,9.0972222222,-3.444429603170e-06
5.8333333333,9.0972222222,-3.275064930840e-06
5.9027777778,9.0972222222,-3.095594501470e-06
5.9722222222,9.0972222222,-2.920624671900e-06
6.0416666667,9.0972222222,-2.760417168880e-06
6.1111111111,9.0972222222,-2.617335113450e-06
6.1805555556,9.0972222222,-2.486974013170e-06
6.2500000000,9.0972222222,-2.362160664860e-06
6.3194444444,9.0972222222,-2.236380289770e-06
6.3888888889,9.0972222222,-2.105368690810e-06
6.4583333333,9.0972222222,-1.967736639140e-06
6.5277777778,9.0972222222,-1.825125544390e-06
6.5972222222,9.0972222222,-1.681345923070e-06
6.6666666667,9.0972222222,-1.540396406810e-06
6.7361111111,9.0972222222,-1.404406124680e-06
6.8055555556,9.0972222222,-1.272712385930e-06
6.8750000000,9.0972222222,-1.142668717830e-06
6.9444444444,9.0972222222,-1.012172116550e-06
7.0138888889,9.0972222222,-8.828565104620e-07
7.0833333333,9.0972222222,-7.614365812960e-07
7.1527777778,9.0972222222,-6.569968387040e-07
7.2222222222,9.0972222222,-5.754602808310e-07
7.2916666667,9.0972222222,-5.158771541700e-07
7.3611111111,9.0972222222,-4.718812009560e-07
7.4305555556,9.0972222222,-4.363955692280e-07
7.5000000000,9.0972222222,-4.047050647760e-07
7.5694444444,9.0972222222,-3.739181007630e-07
7.6388888889,9.0972222222,-3.414475746720e-07
7.7083333333,9.0972222222,-3.054111218420e-07
7.7777777778,9.0972222222,-2.662257430440e-07
7.8472222222,9.0972222222,-2.267264409480e-07
7.9166666667,9.0972222222,-1.902177665520e-07
7.9861111111,9.0972222222,-1.584369750250e-07
8.0555555556,9.0972222222,-1.311235458720e-07
8.1250000000,9.0972222222,-1.070627630445e-07
8.1944444444,9.0972222222,-8.568604810880e-08
8.2638888889,9.0972222222,-6.826216434060e-08
8.3333333333,9.0972222222,-5.733771898010e-08
8.4027777778,9.0972222222,-5.386240004620e-08
8.4722222222,9.0972222222,-5.445220962900e-08
8.5416666667,9.0972222222,-5.290306292300e-08
8.6111111111,9.0972222222,-4.607408045700e-08
8.6805555556,9.0972222222,-3.788543568600e-08
8.7500000000,9.0972222222,-3.546445714800e-08
8.8194444444,9.0972222222,-4.047092995800e-08
8.8888888889,9.0972222222,-4.577433145310e-08
8.9583333333,9.0972222222,-4.248501947570e-08
9.0277777778,9.0972222222,-2.983649410160e-08
9.0972222222,9.0972222222,-1.630527055110e-08
9.1666666667,9.0972222222,-1.057884472601e-08
9.2361111111,9.0972222222,-1.301683634168e-08
9.3055555556,9.0972222222,-1.706778794850e-08
9.3750000000,9.0972222222,-1.768861524370e-08
9.4444444444,9.0972222222,-1.608962556700e-08
9.5138888889,9.0972222222,-1.601470202800e-08
9.5833333333,9.0972222222,-1.757516417500e-08
9.6527777778,9.0972222222,-1.667093585250e-08
9.7222222222,9.0972222222,-1.004836250000e-08
9.7916666667,9.0972222222,7.940484944800e-10
9.8611111111,9.0972222222,1.123625897101e-08
9.9305555556,9.0972222222,1.783574508127e-08
0.0000000000,9.1666666667,2.556676011830e-08
0.0694444444,9.1666666667,2.329168723649e-08
0.1388888889,9.1666666667,1.654415869007e-08
0.2083333333,9.1666666667,6.316881702392e-09
0.2777777778,9.1666666667,-4.473953534790e-09
0.3472222222,9.1666666667,-1.198094331130e-08
0.4166666667,9.1666666667,-1.446076000170e-08
0.4861111111,9.1666666667,-1.409338946300e-08
0.5555555556,9.1666666667,-1.452133036570e-08
0.6250000000,9.1666666667,-1.606559672900e-08
0.6944444444,9.1666666667,-1.473268912046e-08
0.7638888889,9.1666666667,-7.656525196050e-09
0.8333333333,9.1666666667,9.644553791000e-10
0.9027777778,9.1666666667,1.914527486400e-09
0.9722222222,9.1666666667,-9.398677963500e-09
1.0416666667,9.1666666667,-2.646460118651e-08
1.1111111111,9.1666666667,-3.697860856160e-08
1.1805555556,9.1666666667,-3.503126924300e-08
1.2500000000,9.1666666667,-2.677366715000e-08
1.3194444444,9.1666666667,-2.355341265700e-08
1.3888888889,9.1666666667,-3.068502472400e-08
1.4583333333,9.1666666667,-4.381156540900e-08
1.5277777778,9.1666666667,-5.498269109200e-08
1.5972222222,9.1666666667,-6.031044450800e-08
1.6666666667,9.1666666667,-6.171694921300e-08
1.7361111111,9.1666666667,-6.333380076940e-08
1.8055555556,9.1666666667,-6.784858565130e-08
1.8750000000,9.1666666667,-7.593978352070e-08
1.9444444444,9.1666666667,-8.791174442900e-08
2.0138888889,9.1666666667,-1.052279092122e-07
2.0833333333,9.1666666667,-1.303895949403e-07
2.1527777778,9.1666666667,-1.649343166987e-07
2.2222222222,9.1666666667,-2.070742169740e-07
2.2916666667,9.1666666667,-2.516091937990e-07
2.3611111111,9.1666666667,-2.930356911870e-07
2.4305555556,9.1666666667,-3.291157963620e-07
2.5000000000,9.1666666667,-3.612505385430e-07
2.5694444444,9.1666666667,-3.918342155270e-07
2.6388888889,9.1666666667,-4.225602943220e-07
2.7083333333,9.1666666667,-4.559410044020e-07
2.7777777778,9.1666666667,-4.972516508070e-07
2.8472222222,9.1666666667,-5.529527519860e-07
2.9166666667,9.1666666667,-6.262690746860e-07
2.9861111111,9.1666666667,-7.146878309040e-07
3.0555555556,9.1666666667,-8.121751375120e-07
3.1250000000,9.1666666667,-9.137351605530e-07
3.1944444444,9.1666666667,-1.018102191000e-06
3.2638888889,9.1666666667,-1.127117788500e-06
3.3333333333,9.1666666667,-1.243333822290e-06
3.4027777778,9.1666666667,-1.367679266540e-06
3.4722222222,9.1666666667,-1.498117450150e-06
3.5416666667,9.1666666667,-1.629889246220e-06
3.6111111111,9.1666666667,-1.757459042960e-06
3.6805555556,9.1666666667,-1.877049400850e-06
3.7500000000,9.1666666667,-1.988193350010e-06
3.8194444444,9.1666666667,-2.093922136490e-06
3.8888888889,9.1666666667,-2.200137942300e-06
3.9583333333,9.1666666667,-2.313933612660e-06
4.0277777778,9.1666666667,-2.440156404620e-06
4.0972222222,9.1666666667,-2.577540258200e-06
4.1666666667,9.1666666667,-2.717846155710e-06
4.2361111111,9.1666666667,-2.849547749530e-06
4.3055555556,9.1666666667,-2.962975266350e-06
4.3750000000,9.1666666667,-3.052604530570e-06
4.4444444444,9.1666666667,-3.116332769760e-06
4.5138888889,9.1666666667,-3.155243848660e-06
4.5833333333,9.1666666667,-3.175165648930e-06
4.6527777778,9.1666666667,-3.186710360480e-06
4.7222222222,9.1666666667,-3.200852132310e-06
4.7916666667,9.1666666667,-3.222597220650e-06
4.8611111111,9.1666666667,-3.248401456190e-06
4.9305555556,9.1666666667,-3.269446296220e-06
5.0000000000,9.1666666667,-3.277530239000e-06
5.0694444444,9.1666666667,-3.269442437080e-06
5.1388888889,9.1666666667,-3.248394407190e-06
5.2083333333,9.1666666667,-3.222588139550e-06
5.2777777778,9.1666666667,-3.200842366500e-06
5.3472222222,9.1666666667,-3.186701123920e-06
5.4166666667,9.1666666667,-3.175157772280e-06
5.4861111111,9.1666666667,-3.155237674470e-06
5.5555555556,9.1666666667,-3.116328202850e-06
5.6250000000,9.1666666667,-3.052601202790e-06
5.6944444444,9.1666666667,-2.962972742230e-06
5.7638888889,9.1666666667,-2.849545695010e-06
5.8333333333,9.1666666667,-2.717844418710e-06
5.9027777778,9.1666666667,-2.577538849850e-06
5.9722222222,9.1666666667,-2.440155411970e-06
6.0416666667,9.1666666667,-2.313933094110e-06
6.1111111111,9.1666666667,-2.200137859130e-06
6.1805555556,9.1666666667,-2.093922344680e-06
6.2500000000,9.1666666667,-1.988193651510e-06
6.3194444444,9.1666666667,-1.877049621020e-06
6.3888888889,9.1666666667,-1.757459096530e-06
6.4583333333,9.1666666667,-1.629889158810e-06
6.5277777778,9.1666666667,-1.498117330750e-06
6.5972222222,9.1666666667,-1.367679244570e-06
6.6666666667,9.1666666667,-1.243333982030e-06
6.7361111111,9.1666666667,-1.127118131310e-06
6.8055555556,9.1666666667,-1.018102639160e-06
6.8750000000,9.1666666667,-9.137355995640e-07
6.9444444444,9.1666666667,-8.121754723920e-07
7.0138888889,9.1666666667,-7.146880302620e-07
7.0833333333,9.1666666667,-6.262691814680e-07
7.1527777778,9.1666666667,-5.529528584210e-07
7.2222222222,9.1666666667,-4.972518507450e-07
7.2916666667,9.1666666667,-4.559413476990e-07
7.3611111111,9.1666666667,-4.225607645610e-07
7.4305555556,9.1666666667,-3.918347410360e-07
7.5000000000,9.1666666667,-3.612510291840e-07
7.5694444444,9.1666666667,-3.291161873460e-07
7.6388888889,9.1666666667,-2.930359723880e-07
7.7083333333,9.1666666667,-2.516094113860e-07
7.7777777778,9.1666666667,-2.070744479050e-07
7.8472222222,9.1666666667,-1.649346292301e-07
7.9166666667,9.1666666667,-1.303900150089e-07
7.9861111111,9.1666666667,-1.052284085743e-07
8.0555555556,9.1666666667,-8.791225595500e-08
8.1250000000,9.1666666667,-7.594023484800e-08
8.1944444444,9.1666666667,-6.784893446190e-08
8.2638888889,9.1666666667,-6.333405432480e-08
8.3333333333,9.1666666667,-6.171715915400e-08
8.4027777778,9.1666666667,-6.031067978900e-08
8.4722222222,9.1666666667,-5.498300328600e-08
8.5416666667,9.1666666667,-4.381196325400e-08
8.6111111111,9.1666666667,-3.068547035700e-08
8.6805555556,9.1666666667,-2.355384058700e-08
8.7500000000,9.1666666667,-2.677401647900e-08
8.8194444444,9.1666666667,-3.503151273300e-08
8.8888888889,9.1666666667,-3.697876501680e-08
8.9583333333,9.1666666667,-2.646472513097e-08
9.0277777778,9.1666666667,-9.398832019800e-09
9.0972222222,9.1666666667,1.914303761200e-09
9.1666666667,9.1666666667,9.641650172000e-10
9.2361111111,9.1666666667,-7.656838377610e-09
9.3055555556,9.1666666667,-1.473296277756e-08
9.3750000000,9.1666666667,-1.606578114480e-08
9.4444444444,9.1666666667,-1.452141299850e-08
9.5138888889,9.1666666667,-1.409340048900e-08
9.5833333333,9.1666666667,-1.446075665940e-08
9.6527777778,9.1666666667,-1.198098081550e-08
9.7222222222,9.1666666667,-4.474057698630e-09
9.7916666667,9.1666666667,6.316727119243e-09
9.8611111111,9.1666666667,1.654400349139e-08
9.9305555556,9.1666666667,2.329159015914e-08
0.0000000000,9.2361111111,1.589561603380e-08
0.0694444444,9.2361111111,1.569133859050e-08
0.1388888889,9.2361111111,1.446314514535e-08
0.2083333333,9.2361111111,1.092432129463e-08
0.2777777778,9.2361111111,4.630311659380e-09
0.3472222222,9.2361111111,-2.755855942800e-09
0.4166666667,9.2361111111,-8.382079193200e-09
0.4861111111,9.2361111111,-1.097762256160e-08
0.5555555556,9.2361111111,-1.186118282630e-08
0.6250000000,9.2361111111,-1.204192761330e-08
0.6944444444,9.2361111111,-9.236127881720e-09
0.7638888889,9.2361111111,-3.702911741200e-10
0.8333333333,9.2361111111,1.204771549270e-08
0.9027777778,9.2361111111,1.856410982040e-08
0.9722222222,9.2361111111,1.093350865670e-08
1.0416666667,9.2361111111,-8.147181798505e-09
1.1111111111,9.2361111111,-2.576437660850e-08
1.1805555556,9.2361111111,-3.069477072000e-08
1.2500000000,9.2361111111,-2.391225694800e-08
1.3194444444,9.2361111111,-1.660475254700e-08
1.3888888889,9.2361111111,-1.881875046900e-08
1.4583333333,9.2361111111,-3.117558667400e-08
1.5277777778,9.2361111111,-4.667309303100e-08
1.5972222222,9.2361111111,-5.815775154700e-08
1.6666666667,9.2361111111,-6.320490957200e-08
1.7361111111,9.2361111111,-6.350673942800e-08
1.8055555556,9.2361111111,-6.181995984680e-08
1.8750000000,9.2361111111,-6.022056346330e-08
1.9444444444,9.2361111111,-6.067730073170e-08
2.0138888889,9.2361111111,-6.650945311760e-08
2.0833333333,9.2361111111,-8.242420290010e-08
2.1527777778,9.2361111111,-1.119008787401e-07
2.2222222222,9.2361111111,-1.536649086470e-07
2.2916666667,9.2361111111,-2.011673040600e-07
2.3611111111,9.2361111111,-2.467141006680e-07
2.4305555556,9.2361111111,-2.866035697340e-07
2.5000000000,9.2361111111,-3.219840886540e-07
2.5694444444,9.2361111111,-3.551445404350e-07
2.6388888889,9.2361111111,-3.864779769380e-07
2.7083333333,9.2361111111,-4.159318230480e-07
2.7777777778,9.2361111111,-4.463017425670e-07
2.8472222222,9.2361111111,-4.831740264220e-07
2.9166666667,9.2361111111,-5.309668232810e-07
2.9861111111,9.2361111111,-5.896584334970e-07
3.0555555556,9.2361111111,-6.556933085800e-07
3.1250000000,9.2361111111,-7.255495167780e-07
3.1944444444,9.2361111111,-7.983422940310e-07
3.2638888889,9.2361111111,-8.760532857980e-07
3.3333333333,9.2361111111,-9.622264646710e-07
3.4027777778,9.2361111111,-1.059901080103e-06
3.4722222222,9.2361111111,-1.169274835740e-06
3.5416666667,9.2361111111,-1.286484466080e-06
3.6111111111,9.2361111111,-1.404904216120e-06
3.6805555556,9.2361111111,-1.518292132880e-06
3.7500000000,9.2361111111,-1.623484909180e-06
3.8194444444,9.2361111111,-1.721332710980e-06
3.8888888889,9.2361111111,-1.816233787020e-06
3.9583333333,9.2361111111,-1.914425481610e-06
4.0277777778,9.2361111111,-2.020618296960e-06
4.0972222222,9.2361111111,-2.134276790020e-06
4.1666666667,9.2361111111,-2.248902028470e-06
4.2361111111,9.2361111111,-2.355738401770e-06
4.3055555556,9.2361111111,-2.448526935920e-06
4.3750000000,9.2361111111,-2.524769589370e-06
4.4444444444,9.2361111111,-2.583697365070e-06
4.5138888889,9.2361111111,-2.625297493640e-06
4.5833333333,9.2361111111,-2.652267830300e-06
4.6527777778,9.2361111111,-2.671331947700e-06
4.7222222222,9.2361111111,-2.690262014590e-06
4.7916666667,9.2361111111,-2.712642692420e-06
4.8611111111,9.2361111111,-2.735738644240e-06
4.9305555556,9.2361111111,-2.753268245150e-06
5.0000000000,9.2361111111,-2.759785106730e-06
5.0694444444,9.2361111111,-2.753266182240e-06
5.1388888889,9.2361111111,-2.735734884600e-06
5.2083333333,9.2361111111,-2.712637871910e-06
5.2777777778,9.2361111111,-2.690256871760e-06
5.3472222222,9.2361111111,-2.671327146900e-06
5.4166666667,9.2361111111,-2.652263822530e-06
5.4861111111,9.2361111111,-2.625294460140e-06
5.5555555556,9.2361111111,-2.583695242460e-06
5.6250000000,9.2361111111,-2.524768162240e-06
5.6944444444,9.2361111111,-2.448525949490e-06
5.7638888889,9.2361111111,-2.355737656500e-06
5.8333333333,9.2361111111,-2.248901426470e-06
5.9027777778,9.2361111111,-2.134276327220e-06
5.9722222222,9.2361111111,-2.020618016340e-06
6.0416666667,9.2361111111,-1.914425416230e-06
6.1111111111,9.2361111111,-1.816233921200e-06
6.1805555556,9.2361111111,-1.721332974110e-06
6.2500000000,9.2361111111,-1.623485202120e-06
6.3194444444,9.2361111111,-1.518292368900e-06
6.3888888889,9.2361111111,-1.404904355200e-06
6.4583333333,9.2361111111,-1.286484527170e-06
6.5277777778,9.2361111111,-1.169274881133e-06
6.5972222222,9.2361111111,-1.059901182087e-06
6.6666666667,9.2361111111,-9.622266697860e-07
6.7361111111,9.2361111111,-8.760535948060e-07
6.8055555556,9.2361111111,-7.983426646220e-07
6.8750000000,9.2361111111,-7.255498865580e-07
6.9444444444,9.2361111111,-6.556936259460e-07
7.0138888889,9.2361111111,-5.896586815800e-07
7.0833333333,9.2361111111,-5.309670256760e-07
7.1527777778,9.2361111111,-4.831742336840e-07
7.2222222222,9.2361111111,-4.463020059560e-07
7.2916666667,9.2361111111,-4.159321695720e-07
7.3611111111,9.2361111111,-3.864783969820e-07
7.4305555556,9.2361111111,-3.551449939790e-07
7.5000000000,9.2361111111,-3.219845254680e-07
7.5694444444,9.2361111111,-2.866039534000e-07
7.6388888889,9.2361111111,-2.467144246050e-07
7.7083333333,9.2361111111,-2.011675925190e-07
7.7777777778,9.2361111111,-1.536652030957e-07
7.8472222222,9.2361111111,-1.119012163327e-07
7.9166666667,9.2361111111,-8.242459807460e-08
7.9861111111,9.2361111111,-6.650989071460e-08
8.0555555556,9.2361111111,-6.067774413090e-08
8.1250000000,9.2361111111,-6.022097288730e-08
8.1944444444,9.2361111111,-6.182031172770e-08
8.2638888889,9.2361111111,-6.350703727600e-08
8.3333333333,9.2361111111,-6.320518124600e-08
8.4027777778,9.2361111111,-5.815803443200e-08
8.4722222222,9.2361111111,-4.667341500300e-08
8.5416666667,9.2361111111,-3.117595201200e-08
8.6111111111,9.2361111111,-1.881913769500e-08
8.6805555556,9.2361111111,-1.660512475300e-08
8.7500000000,9.2361111111,-2.391257966200e-08
8.8194444444,9.2361111111,-3.069502806700e-08
8.8888888889,9.2361111111,-2.576457846050e-08
8.9583333333,9.2361111111,-8.147358180836e-09
9.0277777778,9.2361111111,1.093332291310e-08
9.0972222222,9.2361111111,1.856389249230e-08
9.1666666667,9.2361111111,1.204746792830e-08
9.2361111111,9.2361111111,-3.705450166900e-10
9.3055555556,9.2361111111,-9.236353781310e-09
9.3750000000,9.2361111111,-1.204209812340e-08
9.4444444444,9.2361111111,-1.186129065470e-08
9.5138888889,9.2361111111,-1.097768358110e-08
9.5833333333,9.2361111111,-8.382124189100e-09
9.6527777778,9.2361111111,-2.755914959200e-09
9.7222222222,9.2361111111,4.630224160640e-09
9.7916666667,9.2361111111,1.092421378447e-08
9.8611111111,9.2361111111,1.446304469179e-08
9.9305555556,9.2361111111,1.569127753836e-08
0.0000000000,9.3055555556,-4.536718097800e-10
0.0694444444,9.3055555556,1.198920061690e-09
0.1388888889,9.3055555556,5.816035595780e-09
0.2083333333,9.3055555556,1.149593870307e-08
0.2777777778,9.3055555556,1.450022571531e-08
0.3472222222,9.3055555556,1.210645937575e-08
0.4166666667,9.3055555556,5.662208585410e-09
0.4861111111,9.3055555556,-7.371690524000e-10
0.5555555556,9.3055555556,-4.471560423100e-09
0.6250000000,9.3055555556,-5.535671453600e-09
0.6944444444,9.3055555556,-3.519876791100e-09
0.7638888889,9.3055555556,3.533542516838e-09
0.8333333333,9.3055555556,1.492741466737e-08
0.9027777778,9.3055555556,2.368123124110e-08
0.9722222222,9.3055555556,2.092988111283e-08
1.0416666667,9.3055555556,5.326750214649e-09
1.1111111111,9.3055555556,-1.388460753300e-08
1.1805555556,9.3055555556,-2.505153017610e-08
1.2500000000,9.3055555556,-2.495262893900e-08
1.3194444444,9.3055555556,-2.063675112300e-08
1.3888888889,9.3055555556,-2.139600894700e-08
1.4583333333,9.3055555556,-3.041661590300e-08
1.5277777778,9.3055555556,-4.385983427400e-08
1.5972222222,9.3055555556,-5.583909150200e-08
1.6666666667,9.3055555556,-6.293184157200e-08
1.7361111111,9.3055555556,-6.486825490800e-08
1.8055555556,9.3055555556,-6.281197601020e-08
1.8750000000,9.3055555556,-5.806824539730e-08
1.9444444444,9.3055555556,-5.259100135860e-08
2.0138888889,9.3055555556,-5.046960157920e-08
2.0833333333,9.3055555556,-5.796357890670e-08
2.1527777778,9.3055555556,-8.032963479520e-08
2.2222222222,9.3055555556,-1.173392881130e-07
2.2916666667,9.3055555556,-1.623402973557e-07
2.3611111111,9.3055555556,-2.070120100950e-07
2.4305555556,9.3055555556,-2.473926193130e-07
2.5000000000,9.3055555556,-2.847079511800e-07
2.5694444444,9.3055555556,-3.206964818050e-07
2.6388888889,9.3055555556,-3.539196468130e-07
2.7083333333,9.3055555556,-3.818114426030e-07
2.7777777778,9.3055555556,-4.053082505740e-07
2.8472222222,9.3055555556,-4.296087592400e-07
2.9166666667,9.3055555556,-4.599716871900e-07
2.9861111111,9.3055555556,-4.976103657990e-07
3.0555555556,9.3055555556,-5.398264827630e-07
3.1250000000,9.3055555556,-5.831872301460e-07
3.1944444444,9.3055555556,-6.263476307510e-07
3.2638888889,9.3055555556,-6.712420515080e-07
3.3333333333,9.3055555556,-7.229627960810e-07
3.4027777778,9.3055555556,-7.879227398740e-07
3.4722222222,9.3055555556,-8.701612834970e-07
3.5416666667,9.3055555556,-9.680835350680e-07
3.6111111111,9.3055555556,-1.074713872254e-06
3.6805555556,9.3055555556,-1.181471740868e-06
3.7500000000,9.3055555556,-1.282271383949e-06
3.8194444444,9.3055555556,-1.375417660137e-06
3.8888888889,9.3055555556,-1.463423045350e-06
3.9583333333,9.3055555556,-1.551431723620e-06
4.0277777778,9.3055555556,-1.644086709420e-06
4.0972222222,9.3055555556,-1.741855619620e-06
4.1666666667,9.3055555556,-1.839989998190e-06
4.2361111111,9.3055555556,-1.931808910740e-06
4.3055555556,9.3055555556,-2.013197222090e-06
4.3750000000,9.3055555556,-2.083642632230e-06
4.4444444444,9.3055555556,-2.143720512550e-06
4.5138888889,9.3055555556,-2.193423959200e-06
4.5833333333,9.3055555556,-2.233607488130e-06
4.6527777778,9.3055555556,-2.267447584280e-06
4.7222222222,9.3055555556,-2.298551094360e-06
4.7916666667,9.3055555556,-2.327552008020e-06
4.8611111111,9.3055555556,-2.351602525150e-06
4.9305555556,9.3055555556,-2.367197733640e-06
5.0000000000,9.3055555556,-2.372520106010e-06
5.0694444444,9.3055555556,-2.367198479760e-06
5.1388888889,9.3055555556,-2.351603901840e-06
5.2083333333,9.3055555556,-2.327553816990e-06
5.2777777778,9.3055555556,-2.298553103390e-06
5.3472222222,9.3055555556,-2.267449582970e-06
5.4166666667,9.3055555556,-2.233609328040e-06
5.4861111111,9.3055555556,-2.193425569970e-06
5.5555555556,9.3055555556,-2.143721894650e-06
5.6250000000,9.3055555556,-2.083643828150e-06
5.6944444444,9.3055555556,-2.013198282850e-06
5.7638888889,9.3055555556,-1.931809869420e-06
5.8333333333,9.3055555556,-1.839990859700e-06
5.9027777778,9.3055555556,-1.741856367530e-06
5.9722222222,9.3055555556,-1.644087322750e-06
6.0416666667,9.3055555556,-1.551432194770e-06
6.1111111111,9.3055555556,-1.463423389740e-06
6.1805555556,9.3055555556,-1.375417915521e-06
6.2500000000,9.3055555556,-1.282271598511e-06
6.3194444444,9.3055555556,-1.181471957646e-06
6.3888888889,9.3055555556,-1.074714116084e-06
6.4583333333,9.3055555556,-9.680838086630e-07
6.5277777778,9.3055555556,-8.701615724780e-07
6.5972222222,9.3055555556,-7.879230242030e-07
6.6666666667,9.3055555556,-7.229630618840e-07
6.7361111111,9.3055555556,-6.712422985500e-07
6.8055555556,9.3055555556,-6.263478721990e-07
6.8750000000,9.3055555556,-5.831874856180e-07
6.9444444444,9.3055555556,-5.398267684600e-07
7.0138888889,9.3055555556,-4.976106869750e-07
7.0833333333,9.3055555556,-4.599720362540e-07
7.1527777778,9.3055555556,-4.296091205310e-07
7.2222222222,9.3055555556,-4.053086081280e-07
7.2916666667,9.3055555556,-3.818117876620e-07
7.3611111111,9.3055555556,-3.539199810920e-07
7.4305555556,9.3055555556,-3.206968157870e-07
7.5000000000,9.3055555556,-2.847082980170e-07
7.5694444444,9.3055555556,-2.473929875470e-07
7.6388888889,9.3055555556,-2.070123987850e-07
7.7083333333,9.3055555556,-1.623406961829e-07
7.7777777778,9.3055555556,-1.173396823674e-07
7.8472222222,9.3055555556,-8.033001235470e-08
7.9166666667,9.3055555556,-5.796393569880e-08
7.9861111111,9.3055555556,-5.046994276600e-08
8.0555555556,9.3055555556,-5.259133826760e-08
8.1250000000,9.3055555556,-5.806858957270e-08
8.1944444444,9.3055555556,-6.281233342270e-08
8.2638888889,9.3055555556,-6.486862306900e-08
8.3333333333,9.3055555556,-6.293221070300e-08
8.4027777778,9.3055555556,-5.583944902500e-08
8.4722222222,9.3055555556,-4.386017051600e-08
8.5416666667,9.3055555556,-3.041692807800e-08
8.6111111111,9.3055555556,-2.139630169800e-08
8.6805555556,9.3055555556,-2.063703328400e-08
8.7500000000,9.3055555556,-2.495290862300e-08
8.8194444444,9.3055555556,-2.505181016060e-08
8.8888888889,9.3055555556,-1.388488369070e-08
8.9583333333,9.3055555556,5.326487122470e-09
9.0277777778,9.3055555556,2.092964108329e-08
9.0972222222,9.3055555556,2.368102018000e-08
9.1666666667,9.3055555556,1.492723155474e-08
9.2361111111,9.3055555556,3.533379917586e-09
9.3055555556,9.3055555556,-3.520029118600e-09
9.3750000000,9.3055555556,-5.535821256700e-09
9.4444444444,9.3055555556,-4.471708923500e-09
9.5138888889,9.3055555556,-7.373100689000e-10
9.5833333333,9.3055555556,5.662085565480e-09
9.6527777778,9.3055555556,1.210636416370e-08
9.7222222222,9.3055555556,1.450016257137e-08
9.7916666667,9.3055555556,1.149590464173e-08
9.8611111111,9.3055555556,5.816021825290e-09
9.9305555556,9.3055555556,1.198916438620e-09
0.0000000000,9.3750000000,-7.555333559800e-09
0.0694444444,9.3750000000,-7.112983174600e-09
0.1388888889,9.3750000000,-3.259966677010e-09
0.2083333333,9.3750000000,6.928572096366e-09
0.2777777778,9.3750000000,1.989866064135e-08
0.3472222222,9.3750000000,2.723956776634e-08
0.4166666667,9.3750000000,2.435040388354e-08
0.4861111111,9.3750000000,1.477635900990e-08
0.5555555556,9.3750000000,5.313165195840e-09
0.6250000000,9.3750000000,-5.004643553000e-10
0.6944444444,9.3750000000,-2.518550015800e-09
0.7638888889,9.3750000000,-4.516673940000e-10
0.8333333333,9.3750000000,5.994861406470e-09
0.9027777778,9.3750000000,1.359156326036e-08
0.9722222222,9.3750000000,1.576790573919e-08
1.0416666667,9.3750000000,8.542566443830e-09
1.1111111111,9.3750000000,-4.897748369000e-09
1.1805555556,9.3750000000,-1.724886584610e-08
1.2500000000,9.3750000000,-2.431346623370e-08
1.3194444444,9.3750000000,-2.803422929300e-08
1.3888888889,9.3750000000,-3.288002472000e-08
1.4583333333,9.3750000000,-4.087206368400e-08
1.5277777778,9.3750000000,-5.048304276000e-08
1.5972222222,9.3750000000,-5.898905478400e-08
1.6666666667,9.3750000000,-6.472711356600e-08
1.7361111111,9.3750000000,-6.739705661100e-08
1.8055555556,9.3750000000,-6.714863808900e-08
1.8750000000,9.3750000000,-6.400792569560e-08
1.9444444444,9.3750000000,-5.868578673270e-08
2.0138888889,9.3750000000,-5.436209329880e-08
2.0833333333,9.3750000000,-5.708579723550e-08
2.1527777778,9.3750000000,-7.263506292890e-08
2.2222222222,9.3750000000,-1.016877518853e-07
2.2916666667,9.3750000000,-1.386610772156e-07
2.3611111111,9.3750000000,-1.765546174260e-07
2.4305555556,9.3750000000,-2.127798672210e-07
2.5000000000,9.3750000000,-2.490857639570e-07
2.5694444444,9.3750000000,-2.860301974130e-07
2.6388888889,9.3750000000,-3.196918797590e-07
2.7083333333,9.3750000000,-3.453286229810e-07
2.7777777778,9.3750000000,-3.633025619850e-07
2.8472222222,9.3750000000,-3.796146674110e-07
2.9166666667,9.3750000000,-4.004700542950e-07
2.9861111111,9.3750000000,-4.273203102070e-07
3.0555555556,9.3750000000,-4.570245669220e-07
3.1250000000,9.3750000000,-4.853488770890e-07
3.1944444444,9.3750000000,-5.100351417070e-07
3.2638888889,9.3750000000,-5.325300196720e-07
3.3333333333,9.3750000000,-5.587643304082e-07
3.4027777778,9.3750000000,-5.976674371686e-07
3.4722222222,9.3750000000,-6.564501314036e-07
3.5416666667,9.3750000000,-7.355735793216e-07
3.6111111111,9.3750000000,-8.280561054270e-07
3.6805555556,9.3750000000,-9.237867873990e-07
3.7500000000,9.3750000000,-1.014750118847e-06
3.8194444444,9.3750000000,-1.097534272289e-06
3.8888888889,9.3750000000,-1.173274134585e-06
3.9583333333,9.3750000000,-1.246393917681e-06
4.0277777778,9.3750000000,-1.322017952070e-06
4.0972222222,9.3750000000,-1.402344752960e-06
4.1666666667,9.3750000000,-1.484815808210e-06
4.2361111111,9.3750000000,-1.564414272570e-06
4.3055555556,9.3750000000,-1.637857904260e-06
4.3750000000,9.3750000000,-1.705085485460e-06
4.4444444444,9.3750000000,-1.767198025450e-06
4.5138888889,9.3750000000,-1.824519615650e-06
4.5833333333,9.3750000000,-1.877070699030e-06
4.6527777778,9.3750000000,-1.925232882690e-06
4.7222222222,9.3750000000,-1.968369336380e-06
4.7916666667,9.3750000000,-2.003550347090e-06
4.8611111111,9.3750000000,-2.027490720040e-06
4.9305555556,9.3750000000,-2.039911354380e-06
5.0000000000,9.3750000000,-2.043482359750e-06
5.0694444444,9.3750000000,-2.039914504100e-06
5.1388888889,9.3750000000,-2.027496485820e-06
5.2083333333,9.3750000000,-2.003557806620e-06
5.2777777778,9.3750000000,-1.968377414460e-06
5.3472222222,9.3750000000,-1.925240612030e-06
5.4166666667,9.3750000000,-1.877077412370e-06
5.4861111111,9.3750000000,-1.824525031520e-06
5.5555555556,9.3750000000,-1.767202206120e-06
5.6250000000,9.3750000000,-1.705088707660e-06
5.6944444444,9.3750000000,-1.637860495600e-06
5.7638888889,9.3750000000,-1.564416478930e-06
5.8333333333,9.3750000000,-1.484817733490e-06
5.9027777778,9.3750000000,-1.402346376960e-06
5.9722222222,9.3750000000,-1.322019201460e-06
6.0416666667,9.3750000000,-1.246394748743e-06
6.1111111111,9.3750000000,-1.173274586624e-06
6.1805555556,9.3750000000,-1.097534471158e-06
6.2500000000,9.3750000000,-1.014750234174e-06
6.3194444444,9.3750000000,-9.237869687480e-07
6.3888888889,9.3750000000,-8.280564291710e-07
6.4583333333,9.3750000000,-7.355740307999e-07
6.5277777778,9.3750000000,-6.564506277777e-07
6.5972222222,9.3750000000,-5.976678775948e-07
6.6666666667,9.3750000000,-5.587646483765e-07
6.7361111111,9.3750000000,-5.325302140010e-07
6.8055555556,9.3750000000,-5.100352734090e-07
6.8750000000,9.3750000000,-4.853490363660e-07
6.9444444444,9.3750000000,-4.570248280720e-07
7.0138888889,9.3750000000,-4.273206970710e-07
7.0833333333,9.3750000000,-4.004705318740e-07
7.1527777778,9.3750000000,-3.796151626240e-07
7.2222222222,9.3750000000,-3.633030008650e-07
7.2916666667,9.3750000000,-3.453289661780e-07
7.3611111111,9.3750000000,-3.196921391240e-07
7.4305555556,9.3750000000,-2.860304273410e-07
7.5000000000,9.3750000000,-2.490860324590e-07
7.5694444444,9.3750000000,-2.127802217790e-07
7.6388888889,9.3750000000,-1.765550620770e-07
7.7083333333,9.3750000000,-1.386615718018e-07
7.7777777778,9.3750000000,-1.016882331747e-07
7.8472222222,9.3750000000,-7.263547602860e-08
7.9166666667,9.3750000000,-5.708612181060e-08
7.9861111111,9.3750000000,-5.436235183020e-08
8.0555555556,9.3750000000,-5.868603188660e-08
8.1250000000,9.3750000000,-6.400821341100e-08
8.1944444444,9.3750000000,-6.714899997000e-08
8.2638888889,9.3750000000,-6.739748500200e-08
8.3333333333,9.3750000000,-6.472756604400e-08
8.4027777778,9.3750000000,-5.898947536600e-08
8.4722222222,9.3750000000,-5.048338914000e-08
8.5416666667,9.3750000000,-4.087232699400e-08
8.6111111111,9.3750000000,-3.288023251000e-08
8.6805555556,9.3750000000,-2.803443050700e-08
8.7500000000,9.3750000000,-2.431370637920e-08
8.8194444444,9.3750000000,-1.724916418150e-08
8.8888888889,9.3750000000,-4.898088657700e-09
8.9583333333,9.3750000000,8.542227713410e-09
9.0277777778,9.3750000000,1.576761773309e-08
9.0972222222,9.3750000000,1.359135652071e-08
9.1666666667,9.3750000000,5.994733048170e-09
9.2361111111,9.3750000000,-4.517517834000e-10
9.3055555556,9.3750000000,-2.518638898900e-09
9.3750000000,9.3750000000,-5.005957849000e-10
9.4444444444,9.3750000000,5.312982433460e-09
9.5138888889,9.3750000000,1.477614961672e-08
9.5833333333,9.3750000000,2.435021356559e-08
9.6527777778,9.3750000000,2.723944077479e-08
9.7222222222,9.3750000000,1.989861796559e-08
9.7916666667,9.3750000000,6.928601446186e-09
9.8611111111,9.3750000000,-3.259905018680e-09
9.9305555556,9.3750000000,-7.112936618300e-09
0.0000000000,9.4444444444,5.596013953000e-09
0.0694444444,9.4444444444,1.059717112000e-09
0.1388888889,9.4444444444,-4.931982586000e-09
0.2083333333,9.4444444444,4.631925651000e-10
0.2777777778,9.4444444444,1.827209480565e-08
0.3472222222,9.4444444444,3.527414983160e-08
0.4166666667,9.4444444444,3.835426823509e-08
0.4861111111,9.4444444444,2.721095282282e-08
0.5555555556,9.4444444444,1.157624893813e-08
0.6250000000,9.4444444444,-2.992345567200e-10
0.6944444444,9.4444444444,-6.964634768400e-09
0.7638888889,9.4444444444,-9.791287187600e-09
0.8333333333,9.4444444444,-8.781006988000e-09
0.9027777778,9.4444444444,-4.040863750900e-09
0.9722222222,9.4444444444,1.393836245300e-09
1.0416666667,9.4444444444,3.024776182000e-09
1.1111111111,9.4444444444,-1.108662121510e-09
1.1805555556,9.4444444444,-9.295951177750e-09
1.2500000000,9.4444444444,-1.874076316958e-08
1.3194444444,9.4444444444,-2.801356123510e-08
1.3888888889,9.4444444444,-3.696804447920e-08
1.4583333333,9.4444444444,-4.554698447780e-08
1.5277777778,9.4444444444,-5.339086893490e-08
1.5972222222,9.4444444444,-6.014402605820e-08
1.6666666667,9.4444444444,-6.561732063940e-08
1.7361111111,9.4444444444,-6.968955930160e-08
1.8055555556,9.4444444444,-7.208977640790e-08
1.8750000000,9.4444444444,-7.224052463260e-08
1.9444444444,9.4444444444,-6.992016357170e-08
2.0138888889,9.4444444444,-6.701160665680e-08
2.0833333333,9.4444444444,-6.831901052270e-08
2.1527777778,9.4444444444,-7.895055520010e-08
2.2222222222,9.4444444444,-9.981940697530e-08
2.2916666667,9.4444444444,-1.266572403520e-07
2.3611111111,9.4444444444,-1.546891198170e-07
2.4305555556,9.4444444444,-1.835089688810e-07
2.5000000000,9.4444444444,-2.155473587100e-07
2.5694444444,9.4444444444,-2.499518597790e-07
2.6388888889,9.4444444444,-2.805566897000e-07
2.7083333333,9.4444444444,-3.016335694960e-07
2.7777777778,9.4444444444,-3.145479409610e-07
2.8472222222,9.4444444444,-3.269123364610e-07
2.9166666667,9.4444444444,-3.453493236490e-07
2.9861111111,9.4444444444,-3.703153298100e-07
3.0555555556,9.4444444444,-3.974951546220e-07
3.1250000000,9.4444444444,-4.221944507550e-07
3.1944444444,9.4444444444,-4.420462813430e-07
3.2638888889,9.4444444444,-4.580738799450e-07
3.3333333333,9.4444444444,-4.756346489520e-07
3.4027777778,9.4444444444,-5.036057608589e-07
3.4722222222,9.4444444444,-5.497727191805e-07
3.5416666667,9.4444444444,-6.152121270910e-07
3.6111111111,9.4444444444,-6.931872384480e-07
3.6805555556,9.4444444444,-7.736331949240e-07
3.7500000000,9.4444444444,-8.485449518530e-07
3.8194444444,9.4444444444,-9.141917882570e-07
3.8888888889,9.4444444444,-9.708783017310e-07
3.9583333333,9.4444444444,-1.022343808649e-06
4.0277777778,9.4444444444,-1.074269109581e-06
4.0972222222,9.4444444444,-1.130954871002e-06
4.1666666667,9.4444444444,-1.192484772980e-06
4.2361111111,9.4444444444,-1.255598731410e-06
4.3055555556,9.4444444444,-1.317342542800e-06
4.3750000000,9.4444444444,-1.377247222380e-06
4.4444444444,9.4444444444,-1.436357482720e-06
4.5138888889,9.4444444444,-1.495587104690e-06
4.5833333333,9.4444444444,-1.555215873470e-06
4.6527777778,9.4444444444,-1.614089529300e-06
4.7222222222,9.4444444444,-1.667911313750e-06
4.7916666667,9.4444444444,-1.709764409180e-06
4.8611111111,9.4444444444,-1.734890329400e-06
4.9305555556,9.4444444444,-1.745264752930e-06
5.0000000000,9.4444444444,-1.747508938950e-06
5.0694444444,9.4444444444,-1.745268703660e-06
5.1388888889,9.4444444444,-1.734897550810e-06
5.2083333333,9.4444444444,-1.709773724010e-06
5.2777777778,9.4444444444,-1.667921353530e-06
5.3472222222,9.4444444444,-1.614099063780e-06
5.4166666667,9.4444444444,-1.555224058170e-06
5.4861111111,9.4444444444,-1.495593590660e-06
5.5555555556,9.4444444444,-1.436362364290e-06
5.6250000000,9.4444444444,-1.377250869460e-06
5.6944444444,9.4444444444,-1.317345392450e-06
5.7638888889,9.4444444444,-1.255601116450e-06
5.8333333333,9.4444444444,-1.192486842840e-06
5.9027777778,9.4444444444,-1.130956610894e-06
5.9722222222,9.4444444444,-1.074270431109e-06
6.0416666667,9.4444444444,-1.022344654351e-06
6.1111111111,9.4444444444,-9.708787148910e-07
6.1805555556,9.4444444444,-9.141919190200e-07
6.2500000000,9.4444444444,-8.485450051030e-07
6.3194444444,9.4444444444,-7.736333506360e-07
6.3888888889,9.4444444444,-6.931875853620e-07
6.4583333333,9.4444444444,-6.152126405090e-07
6.5277777778,9.4444444444,-5.497732901531e-07
6.5972222222,9.4444444444,-5.036062594080e-07
6.6666666667,9.4444444444,-4.756349900100e-07
6.7361111111,9.4444444444,-4.580740620310e-07
6.8055555556,9.4444444444,-4.420463820400e-07
6.8750000000,9.4444444444,-4.221945844590e-07
6.9444444444,9.4444444444,-3.974954151560e-07
7.0138888889,9.4444444444,-3.703157467300e-07
7.0833333333,9.4444444444,-3.453498518470e-07
7.1527777778,9.4444444444,-3.269128826230e-07
7.2222222222,9.4444444444,-3.145484111070e-07
7.2916666667,9.4444444444,-3.016339140760e-07
7.3611111111,9.4444444444,-2.805569245440e-07
7.4305555556,9.4444444444,-2.499520548560e-07
7.5000000000,9.4444444444,-2.155476012450e-07
7.5694444444,9.4444444444,-1.835093199610e-07
7.6388888889,9.4444444444,-1.546895852870e-07
7.7083333333,9.4444444444,-1.266577697640e-07
7.7777777778,9.4444444444,-9.981992017660e-08
7.8472222222,9.4444444444,-7.895098222660e-08
7.9166666667,9.4444444444,-6.831932509720e-08
7.9861111111,9.4444444444,-6.701183708880e-08
8.0555555556,9.4444444444,-6.992037686910e-08
8.1250000000,9.4444444444,-7.224079226000e-08
8.1944444444,9.4444444444,-7.209013893600e-08
8.2638888889,9.4444444444,-6.969000719690e-08
8.3333333333,9.4444444444,-6.561779988510e-08
8.4027777778,9.4444444444,-6.014446530790e-08
8.4722222222,9.4444444444,-5.339121443800e-08
8.5416666667,9.4444444444,-4.554722547330e-08
8.6111111111,9.4444444444,-3.696821702380e-08
8.6805555556,9.4444444444,-2.801372892860e-08
8.7500000000,9.4444444444,-1.874098513833e-08
8.8194444444,9.4444444444,-9.296252744180e-09
8.8888888889,9.4444444444,-1.109022826720e-09
8.9583333333,9.4444444444,3.024412033700e-09
9.0277777778,9.4444444444,1.393531789900e-09
9.0972222222,9.4444444444,-4.041069097000e-09
9.1666666667,9.4444444444,-8.781116477100e-09
9.2361111111,9.4444444444,-9.791344284500e-09
9.3055555556,9.4444444444,-6.964700850700e-09
9.3750000000,9.4444444444,-2.993580076500e-10
9.4444444444,9.4444444444,1.157605647047e-08
9.5138888889,9.4444444444,2.721072179460e-08
9.5833333333,9.4444444444,3.835405589941e-08
9.6527777778,9.4444444444,3.527401227433e-08
9.7222222222,9.4444444444,1.827205935377e-08
9.7916666667,9.4444444444,4.632443657000e-10
9.8611111111,9.4444444444,-4.931893873800e-09
9.9305555556,9.4444444444,1.059781828000e-09
0.0000000000,9.5138888889,3.306102527100e-08
0.0694444444,9.5138888889,2.234808070500e-08
0.1388888889,9.5138888889,2.677510471000e-09
0.2083333333,9.5138888889,-3.103666403600e-09
0.2777777778,9.5138888889,1.223730282499e-08
0.3472222222,9.5138888889,3.345525383820e-08
0.4166666667,9.5138888889,4.087595447230e-08
0.4861111111,9.5138888889,2.999964120681e-08
0.5555555556,9.5138888889,1.152022884898e-08
0.6250000000,9.5138888889,-3.221102023520e-09
0.6944444444,9.5138888889,-1.172610886820e-08
0.7638888889,9.5138888889,-1.676931484320e-08
0.8333333333,9.5138888889,-1.919089696720e-08
0.9027777778,9.5138888889,-1.727866067290e-08
0.9722222222,9.5138888889,-1.114825811580e-08
1.0416666667,9.5138888889,-4.536145813800e-09
1.1111111111,9.5138888889,-1.829671744540e-09
1.1805555556,9.5138888889,-4.581019315484e-09
1.2500000000,9.5138888889,-1.112274137496e-08
1.3194444444,9.5138888889,-1.867024983690e-08
1.3888888889,9.5138888889,-2.552457102740e-08
1.4583333333,9.5138888889,-3.192035017135e-08
1.5277777778,9.5138888889,-3.922945054862e-08
1.5972222222,9.5138888889,-4.825429649886e-08
1.6666666667,9.5138888889,-5.822922450300e-08
1.7361111111,9.5138888889,-6.745711966920e-08
1.8055555556,9.5138888889,-7.449144540360e-08
1.8750000000,9.5138888889,-7.844239941310e-08
1.9444444444,9.5138888889,-7.904737167260e-08
2.0138888889,9.5138888889,-7.778601804500e-08
2.0833333333,9.5138888889,-7.867964919380e-08
2.1527777778,9.5138888889,-8.610515148760e-08
2.2222222222,9.5138888889,-1.008216069210e-07
2.2916666667,9.5138888889,-1.193718594100e-07
2.3611111111,9.5138888889,-1.386096721220e-07
2.4305555556,9.5138888889,-1.595875049200e-07
2.5000000000,9.5138888889,-1.848498619740e-07
2.5694444444,9.5138888889,-2.123719660240e-07
2.6388888889,9.5138888889,-2.352227097120e-07
2.7083333333,9.5138888889,-2.489295290173e-07
2.7777777778,9.5138888889,-2.575437027837e-07
2.8472222222,9.5138888889,-2.702710038050e-07
2.9166666667,9.5138888889,-2.925325589580e-07
2.9861111111,9.5138888889,-3.219188023050e-07
3.0555555556,9.5138888889,-3.522933652780e-07
3.1250000000,9.5138888889,-3.794607218090e-07
3.1944444444,9.5138888889,-4.025354189210e-07
3.2638888889,9.5138888889,-4.228270777660e-07
3.3333333333,9.5138888889,-4.440596341620e-07
3.4027777778,9.5138888889,-4.725975745980e-07
3.4722222222,9.5138888889,-5.143055430660e-07
3.5416666667,9.5138888889,-5.697713077480e-07
3.6111111111,9.5138888889,-6.333156911710e-07
3.6805555556,9.5138888889,-6.969698885410e-07
3.7500000000,9.5138888889,-7.547148153200e-07
3.8194444444,9.5138888889,-8.034156105600e-07
3.8888888889,9.5138888889,-8.422829918600e-07
3.9583333333,9.5138888889,-8.734673181900e-07
4.0277777778,9.5138888889,-9.022773619620e-07
4.0972222222,9.5138888889,-9.345004652220e-07
4.1666666667,9.5138888889,-9.726175655160e-07
4.2361111111,9.5138888889,-1.015125273320e-06
4.3055555556,9.5138888889,-1.059407381080e-06
4.3750000000,9.5138888889,-1.104457754750e-06
4.4444444444,9.5138888889,-1.151220612464e-06
4.5138888889,9.5138888889,-1.201827306976e-06
4.5833333333,9.5138888889,-1.258515493927e-06
4.6527777778,9.5138888889,-1.320933017280e-06
4.7222222222,9.5138888889,-1.382876375610e-06
4.7916666667,9.5138888889,-1.433449741200e-06
4.8611111111,9.5138888889,-1.464503309120e-06
4.9305555556,9.5138888889,-1.477361054230e-06
5.0000000000,9.5138888889,-1.480108199580e-06
5.0694444444,9.5138888889,-1.477363820840e-06
5.1388888889,9.5138888889,-1.464508357120e-06
5.2083333333,9.5138888889,-1.433456231600e-06
5.2777777778,9.5138888889,-1.382883334990e-06
5.3472222222,9.5138888889,-1.320939572520e-06
5.4166666667,9.5138888889,-1.258521050171e-06
5.4861111111,9.5138888889,-1.201831625053e-06
5.5555555556,9.5138888889,-1.151223771718e-06
5.6250000000,9.5138888889,-1.104460033550e-06
5.6944444444,9.5138888889,-1.059409106060e-06
5.7638888889,9.5138888889,-1.015126696390e-06
5.8333333333,9.5138888889,-9.726188049620e-07
5.9027777778,9.5138888889,-9.345015184380e-07
5.9722222222,9.5138888889,-9.022781691220e-07
6.0416666667,9.5138888889,-8.734678368980e-07
6.1111111111,9.5138888889,-8.422832476700e-07
6.1805555556,9.5138888889,-8.034157027400e-07
6.2500000000,9.5138888889,-7.547148810600e-07
6.3194444444,9.5138888889,-6.969700476170e-07
6.3888888889,9.5138888889,-6.333159997900e-07
6.4583333333,9.5138888889,-5.697717434840e-07
6.5277777778,9.5138888889,-5.143060256460e-07
6.5972222222,9.5138888889,-4.725980105600e-07
6.6666666667,9.5138888889,-4.440599629360e-07
6.7361111111,9.5138888889,-4.228272983990e-07
6.8055555556,9.5138888889,-4.025355864410e-07
6.8750000000,9.5138888889,-3.794609168450e-07
6.9444444444,9.5138888889,-3.522936533270e-07
7.0138888889,9.5138888889,-3.219192029490e-07
7.0833333333,9.5138888889,-2.925330389860e-07
7.1527777778,9.5138888889,-2.702714964554e-07
7.2222222222,9.5138888889,-2.575441415600e-07
7.2916666667,9.5138888889,-2.489298794410e-07
7.3611111111,9.5138888889,-2.352229836380e-07
7.4305555556,9.5138888889,-2.123722133920e-07
7.5000000000,9.5138888889,-1.848501444770e-07
7.5694444444,9.5138888889,-1.595878654970e-07
7.6388888889,9.5138888889,-1.386101143670e-07
7.7083333333,9.5138888889,-1.193723469270e-07
7.7777777778,9.5138888889,-1.008220822260e-07
7.8472222222,9.5138888889,-8.610556439460e-08
7.9166666667,9.5138888889,-7.867998070910e-08
7.9861111111,9.5138888889,-7.778628814400e-08
8.0555555556,9.5138888889,-7.904762793090e-08
8.1250000000,9.5138888889,-7.844269250720e-08
8.1944444444,9.5138888889,-7.449180381110e-08
8.2638888889,9.5138888889,-6.745753605100e-08
8.3333333333,9.5138888889,-5.822965980520e-08
8.4027777778,9.5138888889,-4.825469949420e-08
8.4722222222,9.5138888889,-3.922978283722e-08
8.5416666667,9.5138888889,-3.192060429312e-08
8.6111111111,9.5138888889,-2.552477310510e-08
8.6805555556,9.5138888889,-1.867044563540e-08
8.7500000000,9.5138888889,-1.112297335294e-08
8.8194444444,9.5138888889,-4.581305625371e-09
8.8888888889,9.5138888889,-1.829997749740e-09
8.9583333333,9.5138888889,-4.536471636500e-09
9.0277777778,9.5138888889,-1.114853849980e-08
9.0972222222,9.5138888889,-1.727886719620e-08
9.1666666667,9.5138888889,-1.919103144880e-08
9.2361111111,9.5138888889,-1.676940754290e-08
9.3055555556,9.5138888889,-1.172620268620e-08
9.3750000000,9.5138888889,-3.221230814800e-09
9.4444444444,9.5138888889,1.152005670588e-08
9.5138888889,9.5138888889,2.999944652101e-08
9.5833333333,9.5138888889,4.087577691740e-08
9.6527777778,9.5138888889,3.345513295040e-08
9.7222222222,9.5138888889,1.223725864516e-08
9.7916666667,9.5138888889,-3.103643448800e-09
9.8611111111,9.5138888889,2.677565025000e-09
9.9305555556,9.5138888889,2.234812285400e-08
0.0000000000,9.5833333333,5.366282465900e-08
0.0694444444,9.5833333333,3.968604073500e-08
0.1388888889,9.5833333333,1.197482142300e-08
0.2083333333,9.5833333333,-2.688668805600e-09
0.2777777778,9.5833333333,6.322843274410e-09
0.3472222222,9.5833333333,2.487441281664e-08
0.4166666667,9.5833333333,3.248267325890e-08
0.4861111111,9.5833333333,2.338015654387e-08
0.5555555556,9.5833333333,7.384483654189e-09
0.6250000000,9.5833333333,-4.890265253910e-09
0.6944444444,9.5833333333,-1.189677390160e-08
0.7638888889,9.5833333333,-1.717609494140e-08
0.8333333333,9.5833333333,-2.133751235630e-08
0.9027777778,9.5833333333,-2.137137426100e-08
0.9722222222,9.5833333333,-1.605527383290e-08
1.0416666667,9.5833333333,-8.808706249800e-09
1.1111111111,9.5833333333,-4.565749784370e-09
1.1805555556,9.5833333333,-5.092020721250e-09
1.2500000000,9.5833333333,-7.930562289000e-09
1.3194444444,9.5833333333,-9.442766158200e-09
1.3888888889,9.5833333333,-8.665048723300e-09
1.4583333333,9.5833333333,-8.528247159500e-09
1.5277777778,9.5833333333,-1.339837994980e-08
1.5972222222,9.5833333333,-2.516377150792e-08
1.6666666667,9.5833333333,-4.158642873973e-08
1.7361111111,9.5833333333,-5.826294471080e-08
1.8055555556,9.5833333333,-7.161125713130e-08
1.8750000000,9.5833333333,-7.991469564820e-08
1.9444444444,9.5833333333,-8.295806491500e-08
2.0138888889,9.5833333333,-8.244364946400e-08
2.0833333333,9.5833333333,-8.247500077800e-08
2.1527777778,9.5833333333,-8.743086452600e-08
2.2222222222,9.5833333333,-9.821212768200e-08
2.2916666667,9.5833333333,-1.118032856010e-07
2.3611111111,9.5833333333,-1.255730911240e-07
2.4305555556,9.5833333333,-1.405034186410e-07
2.5000000000,9.5833333333,-1.581662211900e-07
2.5694444444,9.5833333333,-1.756497859610e-07
2.6388888889,9.5833333333,-1.870586531702e-07
2.7083333333,9.5833333333,-1.914612231273e-07
2.7777777778,9.5833333333,-1.968366645659e-07
2.8472222222,9.5833333333,-2.134001258056e-07
2.9166666667,9.5833333333,-2.435474867715e-07
2.9861111111,9.5833333333,-2.803273663500e-07
3.0555555556,9.5833333333,-3.153008083460e-07
3.1250000000,9.5833333333,-3.455135946310e-07
3.1944444444,9.5833333333,-3.727382733940e-07
3.2638888889,9.5833333333,-3.992494177300e-07
3.3333333333,9.5833333333,-4.268477599770e-07
3.4027777778,9.5833333333,-4.583787497480e-07
3.4722222222,9.5833333333,-4.968737569820e-07
3.5416666667,9.5833333333,-5.424203549920e-07
3.6111111111,9.5833333333,-5.914484501800e-07
3.6805555556,9.5833333333,-6.395583956500e-07
3.7500000000,9.5833333333,-6.837183233700e-07
3.8194444444,9.5833333333,-7.215079213900e-07
3.8888888889,9.5833333333,-7.505108756400e-07
3.9583333333,9.5833333333,-7.704899724900e-07
4.0277777778,9.5833333333,-7.854303303220e-07
4.0972222222,9.5833333333,-8.014799332020e-07
4.1666666667,9.5833333333,-8.224150581760e-07
4.2361111111,9.5833333333,-8.477494421510e-07
4.3055555556,9.5833333333,-8.748658913070e-07
4.3750000000,9.5833333333,-9.019555477730e-07
4.4444444444,9.5833333333,-9.295588712690e-07
4.5138888889,9.5833333333,-9.612721296820e-07
4.5833333333,9.5833333333,-1.002925861925e-06
4.6527777778,9.5833333333,-1.057991211529e-06
4.7222222222,9.5833333333,-1.121436784769e-06
4.7916666667,9.5833333333,-1.179690453290e-06
4.8611111111,9.5833333333,-1.219838964510e-06
4.9305555556,9.5833333333,-1.239285015570e-06
5.0000000000,9.5833333333,-1.244345521390e-06
5.0694444444,9.5833333333,-1.239285227230e-06
5.1388888889,9.5833333333,-1.219839337220e-06
5.2083333333,9.5833333333,-1.179690904490e-06
5.2777777778,9.5833333333,-1.121437218836e-06
5.3472222222,9.5833333333,-1.057991548291e-06
5.4166666667,9.5833333333,-1.002926052796e-06
5.4861111111,9.5833333333,-9.612721651540e-07
5.5555555556,9.5833333333,-9.295587775960e-07
5.6250000000,9.5833333333,-9.019553735680e-07
5.6944444444,9.5833333333,-8.748656908690e-07
5.7638888889,9.5833333333,-8.477492603560e-07
5.8333333333,9.5833333333,-8.224149225870e-07
5.9027777778,9.5833333333,-8.014798537700e-07
5.9722222222,9.5833333333,-7.854303049690e-07
6.0416666667,9.5833333333,-7.704899948500e-07
6.1111111111,9.5833333333,-7.505109410100e-07
6.1805555556,9.5833333333,-7.215080290100e-07
6.2500000000,9.5833333333,-6.837184746600e-07
6.3194444444,9.5833333333,-6.395585905800e-07
6.3888888889,9.5833333333,-5.914486842000e-07
6.4583333333,9.5833333333,-5.424206188380e-07
6.5277777778,9.5833333333,-4.968740390900e-07
6.5972222222,9.5833333333,-4.583790398740e-07
6.6666666667,9.5833333333,-4.268480523640e-07
6.7361111111,9.5833333333,-3.992497125220e-07
6.8055555556,9.5833333333,-3.727385755150e-07
6.8750000000,9.5833333333,-3.455139104130e-07
6.9444444444,9.5833333333,-3.153011416220e-07
7.0138888889,9.5833333333,-2.803277162070e-07
7.0833333333,9.5833333333,-2.435478476896e-07
7.1527777778,9.5833333333,-2.134004905494e-07
7.2222222222,9.5833333333,-1.968370274053e-07
7.2916666667,9.5833333333,-1.914615821979e-07
7.3611111111,9.5833333333,-1.870590106156e-07
7.4305555556,9.5833333333,-1.756501465510e-07
7.5000000000,9.5833333333,-1.581665897120e-07
7.5694444444,9.5833333333,-1.405037975260e-07
7.6388888889,9.5833333333,-1.255734788200e-07
7.7083333333,9.5833333333,-1.118036767700e-07
7.7777777778,9.5833333333,-9.821251532000e-08
7.8472222222,9.5833333333,-8.743124281300e-08
7.9166666667,9.5833333333,-8.247536744100e-08
7.9861111111,9.5833333333,-8.244400629700e-08
8.0555555556,9.5833333333,-8.295841632250e-08
8.1250000000,9.5833333333,-7.991504589960e-08
8.1944444444,9.5833333333,-7.161160775340e-08
8.2638888889,9.5833333333,-5.826329350560e-08
8.3333333333,9.5833333333,-4.158677052591e-08
8.4027777778,9.5833333333,-2.516410035968e-08
8.4722222222,9.5833333333,-1.339869172760e-08
8.5416666667,9.5833333333,-8.528541156200e-09
8.6111111111,9.5833333333,-8.665327758400e-09
8.6805555556,9.5833333333,-9.443034904900e-09
8.7500000000,9.5833333333,-7.930825005300e-09
8.8194444444,9.5833333333,-5.092279088590e-09
8.8888888889,9.5833333333,-4.566002208770e-09
8.9583333333,9.5833333333,-8.808948519700e-09
9.0277777778,9.5833333333,-1.605550102910e-08
9.0972222222,9.5833333333,-2.137158291310e-08
9.1666666667,9.5833333333,-2.133770165810e-08
9.2361111111,9.5833333333,-1.717626654300e-08
9.3055555556,9.5833333333,-1.189693050980e-08
9.3750000000,9.5833333333,-4.890408934640e-09
9.4444444444,9.5833333333,7.384352271408e-09
9.5138888889,9.5833333333,2.338003829328e-08
9.5833333333,9.5833333333,3.248257021050e-08
9.6527777778,9.5833333333,2.487432801941e-08
9.7222222222,9.5833333333,6.322779471180e-09
9.7916666667,9.5833333333,-2.688710849700e-09
9.8611111111,9.5833333333,1.197479827400e-08
9.9305555556,9.5833333333,3.968603119700e-08
0.0000000000,9.6527777778,4.938267106000e-08
0.0694444444,9.6527777778,3.733310291100e-08
0.1388888889,9.6527777778,1.299427418600e-08
0.2083333333,9.6527777778,-1.480918458400e-09
0.2777777778,9.6527777778,2.708288339380e-09
0.3472222222,9.6527777778,1.455672481596e-08
0.4166666667,9.6527777778,1.881129397727e-08
0.4861111111,9.6527777778,1.225381571756e-08
0.5555555556,9.6527777778,2.618414776370e-09
0.6250000000,9.6527777778,-3.841700315200e-09
0.6944444444,9.6527777778,-8.376100035000e-09
0.7638888889,9.6527777778,-1.412262575370e-08
0.8333333333,9.6527777778,-1.955022293380e-08
0.9027777778,9.6527777778,-2.022837549900e-08
0.9722222222,9.6527777778,-1.524928045920e-08
1.0416666667,9.6527777778,-9.143232642300e-09
1.1111111111,9.6527777778,-7.152997423700e-09
1.1805555556,9.6527777778,-9.828771371030e-09
1.2500000000,9.6527777778,-1.267773932210e-08
1.3194444444,9.6527777778,-1.073102912990e-08
1.3888888889,9.6527777778,-3.559165218800e-09
1.4583333333,9.6527777778,3.634972065600e-09
1.5277777778,9.6527777778,3.816835174700e-09
1.5972222222,9.6527777778,-6.452585094710e-09
1.6666666667,9.6527777778,-2.478414627516e-08
1.7361111111,9.6527777778,-4.545750712310e-08
1.8055555556,9.6527777778,-6.334312437980e-08
1.8750000000,9.6527777778,-7.553534057050e-08
1.9444444444,9.6527777778,-8.110796237960e-08
2.0138888889,9.6527777778,-8.146494881000e-08
2.0833333333,9.6527777778,-8.076697069300e-08
2.1527777778,9.6527777778,-8.376211975200e-08
2.2222222222,9.6527777778,-9.195735307800e-08
2.2916666667,9.6527777778,-1.029419113000e-07
2.3611111111,9.6527777778,-1.141457067480e-07
2.4305555556,9.6527777778,-1.255276226730e-07
2.5000000000,9.6527777778,-1.368930622920e-07
2.5694444444,9.6527777778,-1.444860901730e-07
2.6388888889,9.6527777778,-1.442912548723e-07
2.7083333333,9.6527777778,-1.397478876137e-07
2.7777777778,9.6527777778,-1.427961037191e-07
2.8472222222,9.6527777778,-1.639598148609e-07
2.9166666667,9.6527777778,-2.019444056351e-07
2.9861111111,9.6527777778,-2.452041320590e-07
3.0555555556,9.6527777778,-2.833813423290e-07
3.1250000000,9.6527777778,-3.150254322320e-07
3.1944444444,9.6527777778,-3.444909398330e-07
3.2638888889,9.6527777778,-3.749016521520e-07
3.3333333333,9.6527777778,-4.063445361860e-07
3.4027777778,9.6527777778,-4.387080837380e-07
3.4722222222,9.6527777778,-4.728511545700e-07
3.5416666667,9.6527777778,-5.088418003400e-07
3.6111111111,9.6527777778,-5.453285616900e-07
3.6805555556,9.6527777778,-5.811648326100e-07
3.7500000000,9.6527777778,-6.157920709100e-07
3.8194444444,9.6527777778,-6.473093188900e-07
3.8888888889,9.6527777778,-6.721708110400e-07
3.9583333333,9.6527777778,-6.886339192300e-07
4.0277777778,9.6527777778,-6.997377679400e-07
4.0972222222,9.6527777778,-7.112498206840e-07
4.1666666667,9.6527777778,-7.267267369820e-07
4.2361111111,9.6527777778,-7.453359044390e-07
4.3055555556,9.6527777778,-7.636952303600e-07
4.3750000000,9.6527777778,-7.785760476210e-07
4.4444444444,9.6527777778,-7.890824811470e-07
4.5138888889,9.6527777778,-7.991884402340e-07
4.5833333333,9.6527777778,-8.183697292980e-07
4.6527777778,9.6527777778,-8.558884325960e-07
4.7222222222,9.6527777778,-9.110873503310e-07
4.7916666667,9.6527777778,-9.703760217800e-07
4.8611111111,9.6527777778,-1.016745119280e-06
4.9305555556,9.6527777778,-1.042370340810e-06
5.0000000000,9.6527777778,-1.049897504490e-06
5.0694444444,9.6527777778,-1.042367919860e-06
5.1388888889,9.6527777778,-1.016740683640e-06
5.2083333333,9.6527777778,-9.703702772600e-07
5.2777777778,9.6527777778,-9.110811203630e-07
5.3472222222,9.6527777778,-8.558824635380e-07
5.4166666667,9.6527777778,-8.183645380550e-07
5.4861111111,9.6527777778,-7.991842507590e-07
5.5555555556,9.6527777778,-7.890792542520e-07
5.6250000000,9.6527777778,-7.785735805510e-07
5.6944444444,9.6527777778,-7.636932800620e-07
5.7638888889,9.6527777778,-7.453342879910e-07
5.8333333333,9.6527777778,-7.267253782090e-07
5.9027777778,9.6527777778,-7.112487365640e-07
5.9722222222,9.6527777778,-6.997370148000e-07
6.0416666667,9.6527777778,-6.886335295900e-07
6.1111111111,9.6527777778,-6.721707527200e-07
6.1805555556,9.6527777778,-6.473094924100e-07
6.2500000000,9.6527777778,-6.157923422600e-07
6.3194444444,9.6527777778,-5.811650825700e-07
6.3888888889,9.6527777778,-5.453287272700e-07
6.4583333333,9.6527777778,-5.088418896400e-07
6.5277777778,9.6527777778,-4.728512299500e-07
6.5972222222,9.6527777778,-4.387082229010e-07
6.6666666667,9.6527777778,-4.063447908570e-07
6.7361111111,9.6527777778,-3.749020234720e-07
6.8055555556,9.6527777778,-3.444913803030e-07
6.8750000000,9.6527777778,-3.150258707490e-07
6.9444444444,9.6527777778,-2.833817188180e-07
7.0138888889,9.6527777778,-2.452044248340e-07
7.0833333333,9.6527777778,-2.019446387252e-07
7.1527777778,9.6527777778,-1.639600434923e-07
7.2222222222,9.6527777778,-1.427963855830e-07
7.2916666667,9.6527777778,-1.397482546182e-07
7.3611111111,9.6527777778,-1.442916986850e-07
7.4305555556,9.6527777778,-1.444865682068e-07
7.5000000000,9.6527777778,-1.368935197960e-07
7.5694444444,9.6527777778,-1.255280197230e-07
7.6388888889,9.6527777778,-1.141460363340e-07
7.7083333333,9.6527777778,-1.029422005000e-07
7.7777777778,9.6527777778,-9.195764769900e-08
7.8472222222,9.6527777778,-8.376246048400e-08
7.9166666667,9.6527777778,-8.076737289000e-08
7.9861111111,9.6527777778,-8.146539531600e-08
8.0555555556,9.6527777778,-8.110841241650e-08
8.1250000000,9.6527777778,-7.553574981500e-08
8.1944444444,9.6527777778,-6.334346620510e-08
8.2638888889,9.6527777778,-4.545778494280e-08
8.3333333333,9.6527777778,-2.478439068795e-08
8.4027777778,9.6527777778,-6.452837828590e-09
8.4722222222,9.6527777778,3.816542433900e-09
8.5416666667,9.6527777778,3.634633315100e-09
8.6111111111,9.6527777778,-3.559527861100e-09
8.6805555556,9.6527777778,-1.073137681720e-08
8.7500000000,9.6527777778,-1.267803601520e-08
8.8194444444,9.6527777778,-9.829001430730e-09
8.8888888889,9.6527777778,-7.153172986200e-09
8.9583333333,9.6527777778,-9.143386968900e-09
9.0277777778,9.6527777778,-1.524945097520e-08
9.0972222222,9.6527777778,-2.022858497900e-08
9.1666666667,9.6527777778,-1.955046802850e-08
9.2361111111,9.6527777778,-1.412287855950e-08
9.3055555556,9.6527777778,-8.376321671700e-09
9.3750000000,9.6527777778,-3.841859880300e-09
9.4444444444,9.6527777778,2.618324957410e-09
9.5138888889,9.6527777778,1.225377624317e-08
9.5833333333,9.6527777778,1.881126825025e-08
9.6527777778,9.6527777778,1.455667784277e-08
9.7222222222,9.6527777778,2.708204278560e-09
9.7916666667,9.6527777778,-1.481028632200e-09
9.8611111111,9.6527777778,1.299416912700e-08
9.9305555556,9.6527777778,3.733303871600e-08
0.0000000000,9.7222222222,2.409039514200e-08
0.0694444444,9.7222222222,1.764077698500e-08
0.1388888889,9.7222222222,5.084475255900e-09
0.2083333333,9.7222222222,-1.493764541100e-09
0.2777777778,9.7222222222,1.293591643180e-09
0.3472222222,9.7222222222,6.148813873300e-09
0.4166666667,9.7222222222,5.925683210700e-09
0.4861111111,9.7222222222,1.740246201370e-09
0.5555555556,9.7222222222,-1.258441287340e-09
0.6250000000,9.7222222222,-2.310766655700e-09
0.6944444444,9.7222222222,-5.309167027600e-09
0.7638888889,9.7222222222,-1.171978319900e-08
0.8333333333,9.7222222222,-1.720005605585e-08
0.9027777778,9.7222222222,-1.673853207722e-08
0.9722222222,9.7222222222,-1.116043595610e-08
1.0416666667,9.7222222222,-6.679869628700e-09
1.1111111111,9.7222222222,-8.457127331900e-09
1.1805555556,9.7222222222,-1.558640130039e-08
1.2500000000,9.7222222222,-2.209020654830e-08
1.3194444444,9.7222222222,-2.213790920100e-08
1.3888888889,9.7222222222,-1.483215081280e-08
1.4583333333,9.7222222222,-5.101703714400e-09
1.5277777778,9.7222222222,-2.161945354500e-10
1.5972222222,9.7222222222,-4.707057307134e-09
1.6666666667,9.7222222222,-1.786500722328e-08
1.7361111111,9.7222222222,-3.539797932190e-08
1.8055555556,9.7222222222,-5.261905673210e-08
1.8750000000,9.7222222222,-6.600635261360e-08
1.9444444444,9.7222222222,-7.347626358780e-08
2.0138888889,9.7222222222,-7.534466507600e-08
2.0833333333,9.7222222222,-7.510319585500e-08
2.1527777778,9.7222222222,-7.738224911300e-08
2.2222222222,9.7222222222,-8.414716243700e-08
2.2916666667,9.7222222222,-9.375422670600e-08
2.3611111111,9.7222222222,-1.039710280330e-07
2.4305555556,9.7222222222,-1.139476055460e-07
2.5000000000,9.7222222222,-1.218519288410e-07
2.5694444444,9.7222222222,-1.230685942249e-07
2.6388888889,9.7222222222,-1.150083630861e-07
2.7083333333,9.7222222222,-1.043618496939e-07
2.7777777778,9.7222222222,-1.056659576405e-07
2.8472222222,9.7222222222,-1.291914809586e-07
2.9166666667,9.7222222222,-1.709118990230e-07
2.9861111111,9.7222222222,-2.166196543700e-07
3.0555555556,9.7222222222,-2.554288284880e-07
3.1250000000,9.7222222222,-2.871723786600e-07
3.1944444444,9.7222222222,-3.174006676610e-07
3.2638888889,9.7222222222,-3.490503944900e-07
3.3333333333,9.7222222222,-3.809397777620e-07
3.4027777778,9.7222222222,-4.116958137660e-07
3.4722222222,9.7222222222,-4.416709054110e-07
3.5416666667,9.7222222222,-4.713040281800e-07
3.6111111111,9.7222222222,-5.002256240700e-07
3.6805555556,9.7222222222,-5.283959416400e-07
3.7500000000,9.7222222222,-5.560385452600e-07
3.8194444444,9.7222222222,-5.817361083100e-07
3.8888888889,9.7222222222,-6.026013672300e-07
3.9583333333,9.7222222222,-6.178414234000e-07
4.0277777778,9.7222222222,-6.309677576600e-07
4.0972222222,9.7222222222,-6.468948232100e-07
4.1666666667,9.7222222222,-6.673136126690e-07
4.2361111111,9.7222222222,-6.897333856510e-07
4.3055555556,9.7222222222,-7.097712926820e-07
4.3750000000,9.7222222222,-7.228975099970e-07
4.4444444444,9.7222222222,-7.259773642230e-07
4.5138888889,9.7222222222,-7.213228413190e-07
4.5833333333,9.7222222222,-7.199146062720e-07
4.6527777778,9.7222222222,-7.361495322000e-07
4.7222222222,9.7222222222,-7.751936597640e-07
4.7916666667,9.7222222222,-8.261999078190e-07
4.8611111111,9.7222222222,-8.707152355500e-07
4.9305555556,9.7222222222,-8.973015686300e-07
5.0000000000,9.7222222222,-9.055236822300e-07
5.0694444444,9.7222222222,-8.972977581800e-07
5.1388888889,9.7222222222,-8.707082696700e-07
5.2083333333,9.7222222222,-8.261909202590e-07
5.2777777778,9.7222222222,-7.751839717390e-07
5.3472222222,9.7222222222,-7.361403361260e-07
5.4166666667,9.7222222222,-7.199067203800e-07
5.4861111111,9.7222222222,-7.213166087260e-07
5.5555555556,9.7222222222,-7.259726998380e-07
5.6250000000,9.7222222222,-7.228940633700e-07
5.6944444444,9.7222222222,-7.097686477100e-07
5.7638888889,9.7222222222,-6.897312253110e-07
5.8333333333,9.7222222222,-6.673117961860e-07
5.9027777778,9.7222222222,-6.468933664790e-07
5.9722222222,9.7222222222,-6.309667472100e-07
6.0416666667,9.7222222222,-6.178409145400e-07
6.1111111111,9.7222222222,-6.026013169400e-07
6.1805555556,9.7222222222,-5.817363688900e-07
6.2500000000,9.7222222222,-5.560389150700e-07
6.3194444444,9.7222222222,-5.283962422800e-07
6.3888888889,9.7222222222,-5.002257655400e-07
6.4583333333,9.7222222222,-4.713040313800e-07
6.5277777778,9.7222222222,-4.416708748610e-07
6.5972222222,9.7222222222,-4.116958758410e-07
6.6666666667,9.7222222222,-3.809400155840e-07
6.7361111111,9.7222222222,-3.490508096800e-07
6.8055555556,9.7222222222,-3.174011841320e-07
6.8750000000,9.7222222222,-2.871728833720e-07
6.9444444444,9.7222222222,-2.554292270040e-07
7.0138888889,9.7222222222,-2.166199143090e-07
7.0833333333,9.7222222222,-1.709120609807e-07
7.1527777778,9.7222222222,-1.291916344302e-07
7.2222222222,9.7222222222,-1.056661947237e-07
7.2916666667,9.7222222222,-1.043622203995e-07
7.3611111111,9.7222222222,-1.150088531569e-07
7.4305555556,9.7222222222,-1.230691352689e-07
7.5000000000,9.7222222222,-1.218524337620e-07
7.5694444444,9.7222222222,-1.139480113930e-07
7.6388888889,9.7222222222,-1.039713248120e-07
7.7083333333,9.7222222222,-9.375445910800e-08
7.7777777778,9.7222222222,-8.414740502100e-08
7.8472222222,9.7222222222,-7.738256791600e-08
7.9166666667,9.7222222222,-7.510361582500e-08
7.9861111111,9.7222222222,-7.534515870700e-08
8.0555555556,9.7222222222,-7.347676546020e-08
8.1250000000,9.7222222222,-6.600679198040e-08
8.1944444444,9.7222222222,-5.261939181120e-08
8.2638888889,9.7222222222,-3.539821688650e-08
8.3333333333,9.7222222222,-1.786519770132e-08
8.4027777778,9.7222222222,-4.707268572065e-09
8.4722222222,9.7222222222,-2.164777084400e-10
8.5416666667,9.7222222222,-5.102068126800e-09
8.6111111111,9.7222222222,-1.483256034120e-08
8.6805555556,9.7222222222,-2.213830091930e-08
8.7500000000,9.7222222222,-2.209052218630e-08
8.8194444444,9.7222222222,-1.558661559042e-08
8.8888888889,9.7222222222,-8.457259798550e-09
8.9583333333,9.7222222222,-6.679974019400e-09
9.0277777778,9.7222222222,-1.116057299280e-08
9.0972222222,9.7222222222,-1.673873913372e-08
9.1666666667,9.7222222222,-1.720032871336e-08
9.2361111111,9.7222222222,-1.172007780050e-08
9.3055555556,9.7222222222,-5.309422407400e-09
9.3750000000,9.7222222222,-2.310934191100e-09
9.4444444444,9.7222222222,-1.258508641040e-09
9.5138888889,9.7222222222,1.740249157600e-09
9.5833333333,9.7222222222,5.925699450700e-09
9.6527777778,9.7222222222,6.148787907100e-09
9.7222222222,9.7222222222,1.293497180010e-09
9.7916666667,9.7222222222,-1.493911477600e-09
9.8611111111,9.7222222222,5.084325484000e-09
9.9305555556,9.7222222222,1.764068277400e-08
0.0000000000,9.7916666667,1.224751411400e-09
0.0694444444,9.7916666667,1.315652546000e-10
0.1388888889,9.7916666667,-1.113584241800e-09
0.2083333333,9.7916666667,1.255727759000e-10
0.2777777778,9.7916666667,2.311814669930e-09
0.3472222222,9.7916666667,1.584616221950e-09
0.4166666667,9.7916666667,-2.261068467400e-09
0.4861111111,9.7916666667,-4.987935454660e-09
0.5555555556,9.7916666667,-3.964707826700e-09
0.6250000000,9.7916666667,-2.146690616300e-09
0.6944444444,9.7916666667,-3.864796667400e-09
0.7638888889,9.7916666667,-8.337747234470e-09
0.8333333333,9.7916666667,-1.023765976470e-08
0.9027777778,9.7916666667,-6.689505835240e-09
0.9722222222,9.7916666667,-1.399931530570e-09
1.0416666667,9.7916666667,-8.945147678000e-10
1.1111111111,9.7916666667,-7.913958272540e-09
1.1805555556,9.7916666667,-1.926708091074e-08
1.2500000000,9.7916666667,-2.901831228843e-08
1.3194444444,9.7916666667,-3.275600313653e-08
1.3888888889,9.7916666667,-2.978583383739e-08
1.4583333333,9.7916666667,-2.303638061276e-08
1.5277777778,9.7916666667,-1.727411659290e-08
1.5972222222,9.7916666667,-1.641156108240e-08
1.6666666667,9.7916666667,-2.160176360550e-08
1.7361111111,9.7916666667,-3.140438816930e-08
1.8055555556,9.7916666667,-4.312401810930e-08
1.8750000000,9.7916666667,-5.373175907440e-08
1.9444444444,9.7916666667,-6.066342071760e-08
2.0138888889,9.7916666667,-6.343323112020e-08
2.0833333333,9.7916666667,-6.463781876970e-08
2.1527777778,9.7916666667,-6.805877875800e-08
2.2222222222,9.7916666667,-7.524601683600e-08
2.2916666667,9.7916666667,-8.482814463300e-08
2.3611111111,9.7916666667,-9.510606233600e-08
2.4305555556,9.7916666667,-1.052149112880e-07
2.5000000000,9.7916666667,-1.125878960810e-07
2.5694444444,9.7916666667,-1.120123164079e-07
2.6388888889,9.7916666667,-1.013346036396e-07
2.7083333333,9.7916666667,-8.840767444930e-08
2.7777777778,9.7916666667,-8.837792229030e-08
2.8472222222,9.7916666667,-1.109123793415e-07
2.9166666667,9.7916666667,-1.510339817144e-07
2.9861111111,9.7916666667,-1.945403875870e-07
3.0555555556,9.7916666667,-2.314994832260e-07
3.1250000000,9.7916666667,-2.622638028930e-07
3.1944444444,9.7916666667,-2.914880965080e-07
3.2638888889,9.7916666667,-3.205446509400e-07
3.3333333333,9.7916666667,-3.476665571520e-07
3.4027777778,9.7916666667,-3.725400198590e-07
3.4722222222,9.7916666667,-3.972517267130e-07
3.5416666667,9.7916666667,-4.231621057070e-07
3.6111111111,9.7916666667,-4.493767287790e-07
3.6805555556,9.7916666667,-4.744486849400e-07
3.7500000000,9.7916666667,-4.975780991900e-07
3.8194444444,9.7916666667,-5.179394577400e-07
3.8888888889,9.7916666667,-5.351447783750e-07
3.9583333333,9.7916666667,-5.514471181350e-07
4.0277777778,9.7916666667,-5.715451240060e-07
4.0972222222,9.7916666667,-5.983937560160e-07
4.1666666667,9.7916666667,-6.300339239200e-07
4.2361111111,9.7916666667,-6.615645082300e-07
4.3055555556,9.7916666667,-6.886020734100e-07
4.3750000000,9.7916666667,-7.071100903700e-07
4.4444444444,9.7916666667,-7.124688669390e-07
4.5138888889,9.7916666667,-7.038949978160e-07
4.5833333333,9.7916666667,-6.907684199810e-07
4.6527777778,9.7916666667,-6.896410880180e-07
4.7222222222,9.7916666667,-7.104116115590e-07
4.7916666667,9.7916666667,-7.463528231600e-07
4.8611111111,9.7916666667,-7.806331574400e-07
4.9305555556,9.7916666667,-8.015367855900e-07
5.0000000000,9.7916666667,-8.079543579500e-07
5.0694444444,9.7916666667,-8.015335160300e-07
5.1388888889,9.7916666667,-7.806271920400e-07
5.2083333333,9.7916666667,-7.463451512480e-07
5.2777777778,9.7916666667,-7.104033844640e-07
5.3472222222,9.7916666667,-6.896333427040e-07
5.4166666667,9.7916666667,-6.907618628870e-07
5.4861111111,9.7916666667,-7.038899174050e-07
5.5555555556,9.7916666667,-7.124651744520e-07
5.6250000000,9.7916666667,-7.071074639000e-07
5.6944444444,9.7916666667,-6.886001334500e-07
5.7638888889,9.7916666667,-6.615629637200e-07
5.8333333333,9.7916666667,-6.300326411900e-07
5.9027777778,9.7916666667,-5.983927427540e-07
5.9722222222,9.7916666667,-5.715444542360e-07
6.0416666667,9.7916666667,-5.514468428040e-07
6.1111111111,9.7916666667,-5.351448654930e-07
6.1805555556,9.7916666667,-5.179397857100e-07
6.2500000000,9.7916666667,-4.975784997500e-07
6.3194444444,9.7916666667,-4.744490096100e-07
6.3888888889,9.7916666667,-4.493769050200e-07
6.4583333333,9.7916666667,-4.231621562600e-07
6.5277777778,9.7916666667,-3.972517456980e-07
6.5972222222,9.7916666667,-3.725401190450e-07
6.6666666667,9.7916666667,-3.476668095730e-07
6.7361111111,9.7916666667,-3.205450579170e-07
6.8055555556,9.7916666667,-2.914885913150e-07
6.8750000000,9.7916666667,-2.622642866230e-07
6.9444444444,9.7916666667,-2.314998734790e-07
7.0138888889,9.7916666667,-1.945406564700e-07
7.0833333333,9.7916666667,-1.510341653127e-07
7.1527777778,9.7916666667,-1.109125562878e-07
7.2222222222,9.7916666667,-8.837817318790e-08
7.2916666667,9.7916666667,-8.840804287370e-08
7.3611111111,9.7916666667,-1.013350769610e-07
7.4305555556,9.7916666667,-1.120128347326e-07
7.5000000000,9.7916666667,-1.125883831290e-07
7.5694444444,9.7916666667,-1.052153117820e-07
7.6388888889,9.7916666667,-9.510636724000e-08
7.7083333333,9.7916666667,-8.482839280200e-08
7.7777777778,9.7916666667,-7.524627338600e-08
7.8472222222,9.7916666667,-6.805910139500e-08
7.9166666667,9.7916666667,-6.463822921820e-08
7.9861111111,9.7916666667,-6.343370515820e-08
8.0555555556,9.7916666667,-6.066390097160e-08
8.1250000000,9.7916666667,-5.373218362030e-08
8.1944444444,9.7916666667,-4.312435052380e-08
8.2638888889,9.7916666667,-3.140463471760e-08
8.3333333333,9.7916666667,-2.160196880680e-08
8.4027777778,9.7916666667,-1.641178456440e-08
8.4722222222,9.7916666667,-1.727440299850e-08
8.5416666667,9.7916666667,-2.303673770617e-08
8.6111111111,9.7916666667,-2.978622945521e-08
8.6805555556,9.7916666667,-3.275638160074e-08
8.7500000000,9.7916666667,-2.901862193445e-08
8.8194444444,9.7916666667,-1.926729894145e-08
8.8888888889,9.7916666667,-7.914101343110e-09
8.9583333333,9.7916666667,-8.946300260000e-10
9.0277777778,9.7916666667,-1.400072759554e-09
9.0972222222,9.7916666667,-6.689706556710e-09
9.1666666667,9.7916666667,-1.023791670125e-08
9.2361111111,9.7916666667,-8.338022518990e-09
9.3055555556,9.7916666667,-3.865036973500e-09
9.3750000000,9.7916666667,-2.146853499900e-09
9.4444444444,9.7916666667,-3.964782236700e-09
9.5138888889,9.7916666667,-4.987946851750e-09
9.5833333333,9.7916666667,-2.261065955900e-09
9.6527777778,9.7916666667,1.584584442420e-09
9.7222222222,9.7916666667,2.311725274549e-09
9.7916666667,9.7916666667,1.254391948000e-10
9.8611111111,9.7916666667,-1.113718868200e-09
9.9305555556,9.7916666667,1.314808676000e-10
0.0000000000,9.8611111111,-7.652283856000e-11
0.0694444444,9.8611111111,1.109050935250e-09
0.1388888889,9.8611111111,4.141123646121e-09
0.2083333333,9.8611111111,6.920206411580e-09
0.2777777778,9.8611111111,6.278755975040e-09
0.3472222222,9.8611111111,1.229441104400e-09
0.4166666667,9.8611111111,-4.806427455908e-09
0.4861111111,9.8611111111,-7.128200697180e-09
0.5555555556,9.8611111111,-5.155632716700e-09
0.6250000000,9.8611111111,-2.605716900700e-09
0.6944444444,9.8611111111,-1.757654021000e-09
0.7638888889,9.8611111111,8.842870291000e-12
0.8333333333,9.8611111111,5.956352757700e-09
0.9027777778,9.8611111111,1.372966379740e-08
0.9722222222,9.8611111111,1.617287107971e-08
1.0416666667,9.8611111111,8.767344542860e-09
1.1111111111,9.8611111111,-5.595536704400e-09
1.1805555556,9.8611111111,-1.986087913870e-08
1.2500000000,9.8611111111,-2.920477824950e-08
1.3194444444,9.8611111111,-3.328572694970e-08
1.3888888889,9.8611111111,-3.385098243910e-08
1.4583333333,9.8611111111,-3.235823877880e-08
1.5277777778,9.8611111111,-2.998281043780e-08
1.5972222222,9.8611111111,-2.826353556630e-08
1.6666666667,9.8611111111,-2.869061464730e-08
1.7361111111,9.8611111111,-3.181147420930e-08
1.8055555556,9.8611111111,-3.684174382900e-08
1.8750000000,9.8611111111,-4.194770442030e-08
1.9444444444,9.8611111111,-4.535809755250e-08
2.0138888889,9.8611111111,-4.710043874730e-08
2.0833333333,9.8611111111,-4.959004564290e-08
2.1527777778,9.8611111111,-5.554331087150e-08
2.2222222222,9.8611111111,-6.518297657020e-08
2.2916666667,9.8611111111,-7.645570757400e-08
2.3611111111,9.8611111111,-8.785669580600e-08
2.4305555556,9.8611111111,-9.901826997500e-08
2.5000000000,9.8611111111,-1.075911766180e-07
2.5694444444,9.8611111111,-1.082781420867e-07
2.6388888889,9.8611111111,-9.872304504750e-08
2.7083333333,9.8611111111,-8.632320394840e-08
2.7777777778,9.8611111111,-8.536506480490e-08
2.8472222222,9.8611111111,-1.048013864435e-07
2.9166666667,9.8611111111,-1.401022016608e-07
2.9861111111,9.8611111111,-1.788042334810e-07
3.0555555556,9.8611111111,-2.125072421140e-07
3.1250000000,9.8611111111,-2.410378029410e-07
3.1944444444,9.8611111111,-2.664414941400e-07
3.2638888889,9.8611111111,-2.876559629330e-07
3.3333333333,9.8611111111,-3.031148562160e-07
3.4027777778,9.8611111111,-3.155640236320e-07
3.4722222222,9.8611111111,-3.307943017740e-07
3.5416666667,9.8611111111,-3.519196105610e-07
3.6111111111,9.8611111111,-3.769672528510e-07
3.6805555556,9.8611111111,-4.018303291860e-07
3.7500000000,9.8611111111,-4.237751122130e-07
3.8194444444,9.8611111111,-4.425711634710e-07
3.8888888889,9.8611111111,-4.609020411830e-07
3.9583333333,9.8611111111,-4.842783320290e-07
4.0277777778,9.8611111111,-5.177731111180e-07
4.0972222222,9.8611111111,-5.607803265740e-07
4.1666666667,9.8611111111,-6.063182196600e-07
4.2361111111,9.8611111111,-6.469997010100e-07
4.3055555556,9.8611111111,-6.800085277600e-07
4.3750000000,9.8611111111,-7.043154230200e-07
4.4444444444,9.8611111111,-7.158367051000e-07
4.5138888889,9.8611111111,-7.108595921900e-07
4.5833333333,9.8611111111,-6.951214449040e-07
4.6527777778,9.8611111111,-6.841267480290e-07
4.7222222222,9.8611111111,-6.899940823790e-07
4.7916666667,9.8611111111,-7.097028239500e-07
4.8611111111,9.8611111111,-7.297950415000e-07
4.9305555556,9.8611111111,-7.410572711900e-07
5.0000000000,9.8611111111,-7.440530378500e-07
5.0694444444,9.8611111111,-7.410561898400e-07
5.1388888889,9.8611111111,-7.297930814000e-07
5.2083333333,9.8611111111,-7.097003349100e-07
5.2777777778,9.8611111111,-6.899914702140e-07
5.3472222222,9.8611111111,-6.841243736230e-07
5.4166666667,9.8611111111,-6.951195489180e-07
5.4861111111,9.8611111111,-7.108582621800e-07
5.5555555556,9.8611111111,-7.158358930300e-07
5.6250000000,9.8611111111,-7.043149959800e-07
5.6944444444,9.8611111111,-6.800083327400e-07
5.7638888889,9.8611111111,-6.469996186400e-07
5.8333333333,9.8611111111,-6.063181907200e-07
5.9027777778,9.8611111111,-5.607803476010e-07
5.9722222222,9.8611111111,-5.177732075400e-07
6.0416666667,9.8611111111,-4.842785256220e-07
6.1111111111,9.8611111111,-4.609023273870e-07
6.1805555556,9.8611111111,-4.425715074290e-07
6.2500000000,9.8611111111,-4.237754626500e-07
6.3194444444,9.8611111111,-4.018306409770e-07
6.3888888889,9.8611111111,-3.769675065180e-07
6.4583333333,9.8611111111,-3.519198188940e-07
6.5277777778,9.8611111111,-3.307945014810e-07
6.5972222222,9.8611111111,-3.155642563570e-07
6.6666666667,9.8611111111,-3.031151487410e-07
6.7361111111,9.8611111111,-2.876563156660e-07
6.8055555556,9.8611111111,-2.664418826290e-07
6.8750000000,9.8611111111,-2.410381909190e-07
6.9444444444,9.8611111111,-2.125075991150e-07
7.0138888889,9.8611111111,-1.788045490010e-07
7.0833333333,9.8611111111,-1.401024885663e-07
7.1527777778,9.8611111111,-1.048016732422e-07
7.2222222222,9.8611111111,-8.536538080770e-08
7.2916666667,9.8611111111,-8.632356514890e-08
7.3611111111,9.8611111111,-9.872344712136e-08
7.4305555556,9.8611111111,-1.082785634835e-07
7.5000000000,9.8611111111,-1.075915893350e-07
7.5694444444,9.8611111111,-9.901865302500e-08
7.6388888889,9.8611111111,-8.785704454400e-08
7.7083333333,9.8611111111,-7.645603467100e-08
7.7777777778,9.8611111111,-6.518330453860e-08
7.8472222222,9.8611111111,-5.554365986890e-08
7.9166666667,9.8611111111,-4.959042307320e-08
7.9861111111,9.8611111111,-4.710083557690e-08
8.0555555556,9.8611111111,-4.535849285790e-08
8.1250000000,9.8611111111,-4.194807566190e-08
8.1944444444,9.8611111111,-3.684207762570e-08
8.2638888889,9.8611111111,-3.181177273850e-08
8.3333333333,9.8611111111,-2.869089398280e-08
8.4027777778,9.8611111111,-2.826381716540e-08
8.4722222222,9.8611111111,-2.998311009900e-08
8.5416666667,9.8611111111,-3.235855871370e-08
8.6111111111,9.8611111111,-3.385131030610e-08
8.6805555556,9.8611111111,-3.328604166730e-08
8.7500000000,9.8611111111,-2.920505980200e-08
8.8194444444,9.8611111111,-1.986111766200e-08
8.8888888889,9.8611111111,-5.595737035700e-09
8.9583333333,9.8611111111,8.767165371020e-09
9.0277777778,9.8611111111,1.617269247124e-08
9.0972222222,9.8611111111,1.372947212790e-08
9.1666666667,9.8611111111,5.956148324000e-09
9.2361111111,9.8611111111,8.639215364000e-12
9.3055555556,9.8611111111,-1.757837364800e-09
9.3750000000,9.8611111111,-2.605864266500e-09
9.4444444444,9.8611111111,-5.155739561800e-09
9.5138888889,9.8611111111,-7.128275389830e-09
9.5833333333,9.8611111111,-4.806486816215e-09
9.6527777778,9.8611111111,1.229380231130e-09
9.7222222222,9.8611111111,6.278685051610e-09
9.7916666667,9.8611111111,6.920129847310e-09
9.8611111111,9.8611111111,4.141056466691e-09
9.9305555556,9.8611111111,1.109011238860e-09
0.0000000000,9.9305555556,1.497769663921e-08
0.0694444444,9.9305555556,1.578046159416e-08
0.1388888889,9.9305555556,1.713880191405e-08
0.2083333333,9.9305555556,1.642053274478e-08
0.2777777778,9.9305555556,1.144814434682e-08
0.3472222222,9.9305555556,3.263586722332e-09
0.4166666667,9.9305555556,-3.835326164610e-09
0.4861111111,9.9305555556,-6.346562774600e-09
0.5555555556,9.9305555556,-5.015894650500e-09
0.6250000000,9.9305555556,-2.530588725800e-09
0.6944444444,9.9305555556,1.651167457940e-09
0.7638888889,9.9305555556,1.111237379730e-08
0.8333333333,9.9305555556,2.564678083911e-08
0.9027777778,9.9305555556,3.709514951772e-08
0.9722222222,9.9305555556,3.538978720831e-08
1.0416666667,9.9305555556,1.900048948507e-08
1.1111111111,9.9305555556,-2.789656443400e-09
1.1805555556,9.9305555556,-1.870260995450e-08
1.2500000000,9.9305555556,-2.505171797500e-08
1.3194444444,9.9305555556,-2.610693850600e-08
1.3888888889,9.9305555556,-2.719774895500e-08
1.4583333333,9.9305555556,-2.968151499500e-08
1.5277777778,9.9305555556,-3.196860086800e-08
1.5972222222,9.9305555556,-3.291442378100e-08
1.6666666667,9.9305555556,-3.302162680130e-08
1.7361111111,9.9305555556,-3.324448701670e-08
1.8055555556,9.9305555556,-3.368804983740e-08
1.8750000000,9.9305555556,-3.359872787950e-08
1.9444444444,9.9305555556,-3.259891198670e-08
2.0138888889,9.9305555556,-3.210351160450e-08
2.0833333333,9.9305555556,-3.508743094350e-08
2.1527777778,9.9305555556,-4.354615833080e-08
2.2222222222,9.9305555556,-5.623363927060e-08
2.2916666667,9.9305555556,-6.993760244900e-08
2.3611111111,9.9305555556,-8.291545032000e-08
2.4305555556,9.9305555556,-9.527106069000e-08
2.5000000000,9.9305555556,-1.052469863560e-07
2.5694444444,9.9305555556,-1.078152711568e-07
2.6388888889,9.9305555556,-1.003374994230e-07
2.7083333333,9.9305555556,-8.930818878120e-08
2.7777777778,9.9305555556,-8.783066885570e-08
2.8472222222,9.9305555556,-1.042885236463e-07
2.9166666667,9.9305555556,-1.349903043047e-07
2.9861111111,9.9305555556,-1.693202362606e-07
3.0555555556,9.9305555556,-2.000252148080e-07
3.1250000000,9.9305555556,-2.258674106960e-07
3.1944444444,9.9305555556,-2.460705784510e-07
3.2638888889,9.9305555556,-2.573675195860e-07
3.3333333333,9.9305555556,-2.588040129959e-07
3.4027777778,9.9305555556,-2.565181221909e-07
3.4722222222,9.9305555556,-2.602433111358e-07
3.5416666667,9.9305555556,-2.751199344550e-07
3.6111111111,9.9305555556,-2.984732551972e-07
3.6805555556,9.9305555556,-3.239502045507e-07
3.7500000000,9.9305555556,-3.471404982343e-07
3.8194444444,9.9305555556,-3.682248355436e-07
3.8888888889,9.9305555556,-3.921434538215e-07
3.9583333333,9.9305555556,-4.264164496880e-07
4.0277777778,9.9305555556,-4.754155484900e-07
4.0972222222,9.9305555556,-5.346154689860e-07
4.1666666667,9.9305555556,-5.923544483300e-07
4.2361111111,9.9305555556,-6.393503651000e-07
4.3055555556,9.9305555556,-6.749522055500e-07
4.3750000000,9.9305555556,-7.019934158400e-07
4.4444444444,9.9305555556,-7.182282807800e-07
4.5138888889,9.9305555556,-7.182379900800e-07
4.5833333333,9.9305555556,-7.042884175800e-07
4.6527777778,9.9305555556,-6.895642466830e-07
4.7222222222,9.9305555556,-6.864327581240e-07
4.7916666667,9.9305555556,-6.941447210700e-07
4.8611111111,9.9305555556,-7.023445667800e-07
4.9305555556,9.9305555556,-7.048852322700e-07
5.0000000000,9.9305555556,-7.046748165000e-07
5.0694444444,9.9305555556,-7.048868774300e-07
5.1388888889,9.9305555556,-7.023475907100e-07
5.2083333333,9.9305555556,-6.941486607500e-07
5.2777777778,9.9305555556,-6.864370725300e-07
5.3472222222,9.9305555556,-6.895684447110e-07
5.4166666667,9.9305555556,-7.042921546500e-07
5.4861111111,9.9305555556,-7.182411109400e-07
5.5555555556,9.9305555556,-7.182308004000e-07
5.6250000000,9.9305555556,-7.019954562600e-07
5.6944444444,9.9305555556,-6.749539148400e-07
5.7638888889,9.9305555556,-6.393518545600e-07
5.8333333333,9.9305555556,-5.923557626500e-07
5.9027777778,9.9305555556,-5.346165955390e-07
5.9722222222,9.9305555556,-4.754164522440e-07
6.0416666667,9.9305555556,-4.264171130680e-07
6.1111111111,9.9305555556,-3.921439020988e-07
6.1805555556,9.9305555556,-3.682251374643e-07
6.2500000000,9.9305555556,-3.471407441010e-07
6.3194444444,9.9305555556,-3.239504739778e-07
6.3888888889,9.9305555556,-2.984735906591e-07
6.4583333333,9.9305555556,-2.751203321523e-07
6.5277777778,9.9305555556,-2.602437324808e-07
6.5972222222,9.9305555556,-2.565185185309e-07
6.6666666667,9.9305555556,-2.588043519420e-07
6.7361111111,9.9305555556,-2.573678003630e-07
6.8055555556,9.9305555556,-2.460708303440e-07
6.8750000000,9.9305555556,-2.258676768840e-07
6.9444444444,9.9305555556,-2.000255305020e-07
7.0138888889,9.9305555556,-1.693206124705e-07
7.0833333333,9.9305555556,-1.349907238652e-07
7.1527777778,9.9305555556,-1.042889510417e-07
7.2222222222,9.9305555556,-8.783106819860e-08
7.2916666667,9.9305555556,-8.930854118970e-08
7.3611111111,9.9305555556,-1.003378113001e-07
7.4305555556,9.9305555556,-1.078155697647e-07
7.5000000000,9.9305555556,-1.052473050630e-07
7.5694444444,9.9305555556,-9.527142210700e-08
7.6388888889,9.9305555556,-8.291585538100e-08
7.7083333333,9.9305555556,-6.993803051400e-08
7.7777777778,9.9305555556,-5.623405865890e-08
7.8472222222,9.9305555556,-4.354654147810e-08
7.9166666667,9.9305555556,-3.508776713980e-08
7.9861111111,9.9305555556,-3.210381125710e-08
8.0555555556,9.9305555556,-3.259920059230e-08
8.1250000000,9.9305555556,-3.359903289560e-08
8.1944444444,9.9305555556,-3.368838693820e-08
8.2638888889,9.9305555556,-3.324485282650e-08
8.3333333333,9.9305555556,-3.302200090550e-08
8.4027777778,9.9305555556,-3.291477895800e-08
8.4722222222,9.9305555556,-3.196891633700e-08
8.5416666667,9.9305555556,-2.968178619200e-08
8.6111111111,9.9305555556,-2.719798906200e-08
8.6805555556,9.9305555556,-2.610717072900e-08
8.7500000000,9.9305555556,-2.505196284100e-08
8.8194444444,9.9305555556,-1.870287435830e-08
8.8888888889,9.9305555556,-2.789930421600e-09
8.9583333333,9.9305555556,1.900022724892e-08
9.0277777778,9.9305555556,3.538955867070e-08
9.0972222222,9.9305555556,3.709496682838e-08
9.1666666667,9.9305555556,2.564664087991e-08
9.2361111111,9.9305555556,1.111225940619e-08
9.3055555556,9.9305555556,1.651055343260e-09
9.3750000000,9.9305555556,-2.530716853800e-09
9.4444444444,9.9305555556,-5.016042617900e-09
9.5138888889,9.9305555556,-6.346717563500e-09
9.5833333333,9.9305555556,-3.835463990000e-09
9.6527777778,9.9305555556,3.263488666970e-09
9.7222222222,9.9305555556,1.144809649215e-08
9.7916666667,9.9305555556,1.642052837519e-08
9.8611111111,9.9305555556,1.713882046612e-08
9.9305555556,9.9305555556,1.578047882065e-08
