cell,ik,band,energy_eV,native_weight,even_weight,odd_weight,norm,native_minus_even
primitive,1,1,-5.82123222368853,1.0,1.0000000000000024,0.0,1.0000000000000024,-2.4424906541753444e-15
primitive,1,2,6.230001316973912,1.0,1.0000000000000009,0.0,1.0000000000000009,-8.881784197001252e-16
primitive,1,3,6.230001316985347,1.0,0.9999999999999989,0.0,0.9999999999999989,1.1102230246251565e-15
primitive,1,4,6.230001317016027,1.0,1.0000000000000002,0.0,1.0000000000000002,-2.220446049250313e-16
primitive,1,5,8.800090632064832,1.0,1.000000000000013,0.0,1.000000000000013,-1.3100631690576847e-14
primitive,1,6,8.800090632069406,1.0,0.9999999999999999,0.0,0.9999999999999999,1.1102230246251565e-16
primitive,1,7,8.800090632040487,1.0,0.9999999999999987,0.0,0.9999999999999987,1.3322676295501878e-15
primitive,1,8,9.703462965209322,1.0,0.9999999999999987,0.0,0.9999999999999987,1.3322676295501878e-15
primitive,2,1,-5.790330875859524,1.0,0.9999999999999993,0.0,0.9999999999999993,6.661338147750939e-16
primitive,2,2,6.036925400886349,1.0,0.9999999999999819,0.0,0.9999999999999819,1.8096635301390052e-14
primitive,2,3,6.102004066949636,1.0,0.9999999999999999,0.0,0.9999999999999999,1.1102230246251565e-16
primitive,2,4,6.102004066987299,1.0,0.9999999999999994,0.0,0.9999999999999994,5.551115123125783e-16
primitive,2,5,8.72159649143882,1.0,1.0000000000000038,0.0,1.0000000000000038,-3.774758283725532e-15
primitive,2,6,8.96520566102513,1.0,0.9999999999999967,0.0,0.9999999999999967,3.3306690738754696e-15
primitive,2,7,8.965205659676059,1.0,0.999999999999999,0.0,0.999999999999999,9.992007221626409e-16
primitive,2,8,9.889637820592558,1.0,0.9999999999999981,0.0,0.9999999999999981,1.887379141862766e-15
primitive,3,1,-5.6977977434801135,1.0,0.999999999999998,0.0,0.999999999999998,1.9984014443252818e-15
primitive,3,2,5.552785771982105,1.0,1.0000000000000078,0.0,1.0000000000000078,-7.771561172376096e-15
primitive,3,3,5.791137056176124,1.0,1.0000000000000004,0.0,1.0000000000000004,-4.440892098500626e-16
primitive,3,4,5.791137056344418,1.0,1.0000000000000009,0.0,1.0000000000000009,-8.881784197001252e-16
primitive,3,5,8.510724967248867,1.0,1.0000000000000013,0.0,1.0000000000000013,-1.3322676295501878e-15
primitive,3,6,9.386831302520655,1.0,0.9999999999999986,0.0,0.9999999999999986,1.4432899320127035e-15
primitive,3,7,9.386831302582925,1.0,1.0000000000000022,0.0,1.0000000000000022,-2.220446049250313e-15
primitive,3,8,10.32014022698413,1.0,0.9999999999999987,0.0,0.9999999999999987,1.3322676295501878e-15
primitive,4,1,-5.543978996938192,1.0,1.0000000000000007,0.0,1.0000000000000007,-6.661338147750939e-16
primitive,4,2,4.920507985645324,1.0,0.9999999999999958,0.0,0.9999999999999958,4.218847493575595e-15
primitive,4,3,5.407545244065117,1.0,1.000000000000001,0.0,1.000000000000001,-1.1102230246251565e-15
primitive,4,4,5.40754524403236,1.0,0.9999999999999969,0.0,0.9999999999999969,3.1086244689504383e-15
primitive,4,5,8.220544365122809,1.0,0.9999999999999981,0.0,0.9999999999999981,1.887379141862766e-15
primitive,4,6,9.95338257990721,1.0,1.0000000000000009,0.0,1.0000000000000009,-8.881784197001252e-16
primitive,4,7,9.953382580087794,1.0,0.9999999999999917,0.0,0.9999999999999917,8.326672684688674e-15
primitive,4,8,10.685938214401373,1.0,1.0000000000000022,0.0,1.0000000000000022,-2.220446049250313e-15
primitive,5,1,-5.32939071455714,1.0,0.9999999999999987,0.0,0.9999999999999987,1.3322676295501878e-15
primitive,5,2,4.220426675877731,1.0,0.9999999999999967,0.0,0.9999999999999967,3.3306690738754696e-15
primitive,5,3,5.014626370388623,1.0,1.0,0.0,1.0,0.0
primitive,5,4,5.014626370682658,1.0,0.9999999999999998,0.0,0.9999999999999998,2.220446049250313e-16
primitive,5,5,7.901437091342597,1.0,0.9999999999999992,0.0,0.9999999999999992,7.771561172376096e-16
primitive,5,6,10.541310574515865,1.0,0.9999999999998753,0.0,0.9999999999998753,1.2467804566540508e-13
primitive,5,7,10.599387694464477,1.0,0.9999999999999482,0.0,0.9999999999999482,5.184741524999481e-14
primitive,5,8,10.599387695733933,1.0,0.9999999999999917,0.0,0.9999999999999917,8.326672684688674e-15
primitive,6,1,-5.054991824144086,1.0,1.0000000000000022,0.0,1.0000000000000022,-2.220446049250313e-15
primitive,6,2,3.4881414490709006,1.0,1.0000000000000004,0.0,1.0000000000000004,-4.440892098500626e-16
primitive,6,3,4.642393421812469,1.0,0.999999999999999,0.0,0.999999999999999,9.992007221626409e-16
primitive,6,4,4.642393421728886,1.0,0.9999999999999999,0.0,0.9999999999999999,1.1102230246251565e-16
primitive,6,5,7.589180755547528,1.0,1.0000000000000033,0.0,1.0000000000000033,-3.3306690738754696e-15
primitive,6,6,9.972204127667245,1.0,0.9999999999999971,0.0,0.9999999999999971,2.886579864025407e-15
primitive,6,7,11.292582939229838,1.0,0.9999999999999971,0.0,0.9999999999999971,2.886579864025407e-15
primitive,6,8,11.292582939546934,1.0,0.999999999999999,0.0,0.999999999999999,9.992007221626409e-16
primitive,7,1,-4.721880414499071,1.0,0.9999999999999988,0.0,0.9999999999999988,1.2212453270876722e-15
primitive,7,2,2.7405751802037104,1.0,1.0,0.0,1.0,0.0
primitive,7,3,4.305834380170796,1.0,0.9999999999999997,0.0,0.9999999999999997,3.3306690738754696e-16
primitive,7,4,4.305834380310753,1.0,1.0000000000000002,0.0,1.0000000000000002,-2.220446049250313e-16
primitive,7,5,7.307248348513386,1.0,0.9999999999999997,0.0,0.9999999999999997,3.3306690738754696e-16
primitive,7,6,9.317000004200937,1.0,0.9999999999999986,0.0,0.9999999999999986,1.4432899320127035e-15
primitive,7,7,12.016327150881098,1.0,0.9999999999999978,0.0,0.9999999999999978,2.220446049250313e-15
primitive,7,8,12.016327150863098,1.0,1.0000000000000007,0.0,1.0000000000000007,-6.661338147750939e-16
primitive,8,1,-4.331627463821371,1.0,1.000000000000001,0.0,1.000000000000001,-1.1102230246251565e-15
primitive,8,2,1.9870470094581014,1.0,1.0,0.0,1.0,0.0
primitive,8,3,4.01310334902846,1.0,1.0000000000000018,0.0,1.0000000000000018,-1.7763568394002505e-15
primitive,8,4,4.013103349147276,1.0,0.9999999999999993,0.0,0.9999999999999993,6.661338147750939e-16
primitive,8,5,7.070835040677657,1.0,0.9999999999999997,0.0,0.9999999999999997,3.3306690738754696e-16
primitive,8,6,8.697550570216382,1.0,1.0000000000000007,0.0,1.0000000000000007,-6.661338147750939e-16
primitive,8,7,12.761394513894949,1.0,0.9999999999999983,0.0,0.9999999999999983,1.6653345369377348e-15
primitive,8,8,12.761394514339951,1.0,0.9999999999999986,0.0,0.9999999999999986,1.4432899320127035e-15
primitive,9,1,-3.8860949443730317,1.0,1.0000000000000002,0.0,1.0000000000000002,-2.220446049250313e-16
primitive,9,2,1.2353947453996552,1.0,1.0000000000000007,0.0,1.0000000000000007,-6.661338147750939e-16
primitive,9,3,3.7690993410647327,1.0,0.9999999999999981,0.0,0.9999999999999981,1.887379141862766e-15
primitive,9,4,3.7690993410810867,1.0,1.0000000000000002,0.0,1.0000000000000002,-2.220446049250313e-16
primitive,9,5,6.890399309347363,1.0,1.000000000000002,0.0,1.000000000000002,-1.9984014443252818e-15
primitive,9,6,8.152073845550232,1.0,0.9999999999999999,0.0,0.9999999999999999,1.1102230246251565e-16
primitive,9,7,13.523263337382826,1.0,0.9999999999999989,0.0,0.9999999999999989,1.1102230246251565e-15
primitive,9,8,13.523263337513269,1.0,0.9999999999999987,0.0,0.9999999999999987,1.3322676295501878e-15
primitive,10,1,-3.387748157797478,1.0,0.9999999999999987,0.0,0.9999999999999987,1.3322676295501878e-15
primitive,10,2,0.49259200048709056,1.0,0.9999999999999999,0.0,0.9999999999999999,1.1102230246251565e-16
primitive,10,3,3.5768572665594367,1.0,1.0000000000000004,0.0,1.0000000000000004,-4.440892098500626e-16
primitive,10,4,3.576857266661248,1.0,0.9999999999999988,0.0,0.9999999999999988,1.2212453270876722e-15
primitive,10,5,6.773378342801951,1.0,1.0000000000000038,0.0,1.0000000000000038,-3.774758283725532e-15
primitive,10,6,7.69375968106254,1.0,1.000000000000001,0.0,1.000000000000001,-1.1102230246251565e-15
primitive,10,7,14.298986821855642,1.0,0.9999999999999981,0.0,0.9999999999999981,1.887379141862766e-15
primitive,10,8,14.29898682186496,1.0,1.0000000000000002,0.0,1.0000000000000002,-2.220446049250313e-16
primitive,11,1,-2.839651215644604,1.0,0.9999999999999992,0.0,0.9999999999999992,7.771561172376096e-16
primitive,11,2,-0.233842806625508,1.0,0.9999999999999998,0.0,0.9999999999999998,2.220446049250313e-16
primitive,11,3,3.4383511092283086,1.0,0.9999999999999994,0.0,0.9999999999999994,5.551115123125783e-16
primitive,11,4,3.4383511092254646,1.0,0.9999999999999991,0.0,0.9999999999999991,8.881784197001252e-16
primitive,11,5,6.725853132188529,1.0,0.9999999999999981,0.0,0.9999999999999981,1.887379141862766e-15
primitive,11,6,7.326277614108961,1.0,1.0000000000000007,0.0,1.0000000000000007,-6.661338147750939e-16
primitive,11,7,15.084542943162269,1.0,0.9999999999999958,0.0,0.9999999999999958,4.218847493575595e-15
primitive,11,8,15.08454294296157,1.0,0.9999999999999934,0.0,0.9999999999999934,6.5503158452884236e-15
primitive,12,1,-2.2453154025822557,1.0,1.0000000000000004,0.0,1.0000000000000004,-4.440892098500626e-16
primitive,12,2,-0.9367128918824685,1.0,1.0000000000000002,0.0,1.0000000000000002,-2.220446049250313e-16
primitive,12,3,3.354801999211354,1.0,0.9999999999999992,0.0,0.9999999999999992,7.771561172376096e-16
primitive,12,4,3.3548019989783726,1.0,0.9999999999999993,0.0,0.9999999999999993,6.661338147750939e-16
primitive,12,5,6.752930334341847,1.0,1.0000000000000038,0.0,1.0000000000000038,-3.774758283725532e-15
primitive,12,6,7.049104325003096,1.0,0.9999999999999983,0.0,0.9999999999999983,1.6653345369377348e-15
primitive,12,7,15.85968953860801,1.0,0.999999999999995,0.0,0.999999999999995,4.9960036108132044e-15
primitive,12,8,15.859689538724064,1.0,0.9999999999999966,0.0,0.9999999999999966,3.4416913763379853e-15
primitive,13,1,-1.6092434159136892,1.0,1.0000000000000002,0.0,1.0000000000000002,-2.220446049250313e-16
primitive,13,2,-1.6092433956379057,1.0,1.0000000000000007,0.0,1.0000000000000007,-6.661338147750939e-16
primitive,13,3,3.326878585508265,1.0,1.0000000000000016,0.0,1.0000000000000016,-1.5543122344752192e-15
primitive,13,4,3.326878585425624,1.0,1.0000000000000002,0.0,1.0000000000000002,-2.220446049250313e-16
primitive,13,5,6.85922733180481,1.0,0.9999999999999999,0.0,0.9999999999999999,1.1102230246251565e-16
primitive,13,6,6.859227457879556,1.0,1.0000000000000009,0.0,1.0000000000000009,-8.881784197001252e-16
primitive,13,7,16.384354685712434,1.0,0.9999999999999952,0.0,0.9999999999999952,4.773959005888173e-15
primitive,13,8,16.384354685707734,1.0,1.0000000000000053,0.0,1.0000000000000053,-5.329070518200751e-15
primitive,14,1,-1.5983849586969046,1.0,1.0,0.0,1.0,0.0
primitive,14,2,-1.5983849413998457,1.0,1.0,0.0,1.0,0.0
primitive,14,3,3.233563489346852,1.0,1.0000000000000002,0.0,1.0000000000000002,-2.220446049250313e-16
primitive,14,4,3.2335634910232773,1.0,0.9999999999999992,0.0,0.9999999999999992,7.771561172376096e-16
primitive,14,5,7.029055494501069,1.0,1.0,0.0,1.0,0.0
primitive,14,6,7.0290555433052235,1.0,0.9999999999999991,0.0,0.9999999999999991,8.881784197001252e-16
primitive,14,7,16.06762278134389,1.0,1.0000000000000029,0.0,1.0000000000000029,-2.886579864025407e-15
primitive,14,8,16.067622858911037,1.0,1.0000000000000049,0.0,1.0000000000000049,-4.884981308350689e-15
primitive,15,1,-1.568021679966708,1.0,1.0000000000000007,0.0,1.0000000000000007,-6.661338147750939e-16
primitive,15,2,-1.5680216652666676,1.0,1.0000000000000004,0.0,1.0000000000000004,-4.440892098500626e-16
primitive,15,3,3.0049684656058684,1.0,1.0000000000000002,0.0,1.0000000000000002,-2.220446049250313e-16
primitive,15,4,3.0049684741140936,1.0,1.0000000000000007,0.0,1.0000000000000007,-6.661338147750939e-16
primitive,15,5,7.4885608917741395,1.0,0.9999999999999973,0.0,0.9999999999999973,2.6645352591003757e-15
primitive,15,6,7.488560951088046,1.0,0.9999999999999993,0.0,0.9999999999999993,6.661338147750939e-16
primitive,15,7,15.16648729538402,1.0,0.9999999999999917,0.0,0.9999999999999917,8.326672684688674e-15
primitive,15,8,15.16648730011934,1.0,0.9999999999999941,0.0,0.9999999999999941,5.88418203051333e-15
primitive,16,1,-1.5247449354842169,1.0,1.0000000000000004,0.0,1.0000000000000004,-4.440892098500626e-16
primitive,16,2,-1.5247449085209592,1.0,0.9999999999999991,0.0,0.9999999999999991,8.881784197001252e-16
primitive,16,3,2.735201934146824,1.0,0.9999999999999997,0.0,0.9999999999999997,3.3306690738754696e-16
primitive,16,4,2.7352019487994585,1.0,1.0000000000000004,0.0,1.0000000000000004,-4.440892098500626e-16
primitive,16,5,8.14715214751662,1.0,1.0000000000000016,0.0,1.0000000000000016,-1.5543122344752192e-15
primitive,16,6,8.14715219691066,1.0,0.9999999999999986,0.0,0.9999999999999986,1.4432899320127035e-15
primitive,16,7,14.092369391527367,1.0,0.9999999999999929,0.0,0.9999999999999929,7.105427357601002e-15
primitive,16,8,14.09236951345762,1.0,0.9999999999999998,0.0,0.9999999999999998,2.220446049250313e-16
primitive,17,1,-1.4791393318122246,1.0,1.0000000000000009,0.0,1.0000000000000009,-8.881784197001252e-16
primitive,17,2,-1.4791393145237604,1.0,1.0000000000000004,0.0,1.0000000000000004,-4.440892098500626e-16
primitive,17,3,2.497004677058733,1.0,1.0,0.0,1.0,0.0
primitive,17,4,2.4970046819258775,1.0,0.9999999999999994,0.0,0.9999999999999994,5.551115123125783e-16
primitive,17,5,8.935662081181073,1.0,0.9999999999999997,0.0,0.9999999999999997,3.3306690738754696e-16
primitive,17,6,8.935662194461461,1.0,0.9999999999999977,0.0,0.9999999999999977,2.3314683517128287e-15
primitive,17,7,13.005110831007915,1.0,1.000000000000004,0.0,1.000000000000004,-3.9968028886505635e-15
primitive,17,8,13.005111098477139,1.0,0.9999999999999927,0.0,0.9999999999999927,7.327471962526033e-15
primitive,18,1,-1.444073803060603,1.0,1.0000000000000007,0.0,1.0000000000000007,-6.661338147750939e-16
primitive,18,2,-1.4440737991910193,1.0,1.0000000000000002,0.0,1.0000000000000002,-2.220446049250313e-16
primitive,18,3,2.336346375079474,1.0,0.9999999999999994,0.0,0.9999999999999994,5.551115123125783e-16
primitive,18,4,2.3363463931824002,1.0,0.9999999999999996,0.0,0.9999999999999996,4.440892098500626e-16
primitive,18,5,9.79753070585485,1.0,1.0000000000000018,0.0,1.0000000000000018,-1.7763568394002505e-15
primitive,18,6,9.79753071299494,1.0,0.999999999999998,0.0,0.999999999999998,1.9984014443252818e-15
primitive,18,7,11.965889137653116,1.0,0.9999999999999949,0.0,0.9999999999999949,5.10702591327572e-15
primitive,18,8,11.965889465524407,1.0,0.9999999999999976,0.0,0.9999999999999976,2.4424906541753444e-15
primitive,19,1,-1.4309031046768808,1.0,1.0000000000000009,0.0,1.0000000000000009,-8.881784197001252e-16
primitive,19,2,-1.4309030775775742,1.0,1.0000000000000002,0.0,1.0000000000000002,-2.220446049250313e-16
primitive,19,3,2.2797830119545868,1.0,1.0000000000000004,0.0,1.0000000000000004,-4.440892098500626e-16
primitive,19,4,2.279783025732627,1.0,1.0,0.0,1.0,0.0
primitive,19,5,10.445037960064194,1.0,0.9999999999999849,0.0,0.9999999999999849,1.509903313490213e-14
primitive,19,6,10.445038018738206,1.0,0.9999999999999883,0.0,0.9999999999999883,1.1657341758564144e-14
primitive,19,7,11.25953214703358,1.0,1.0000000000000004,0.0,1.0000000000000004,-4.440892098500626e-16
primitive,19,8,11.25953234913195,1.0,0.9999999999999999,0.0,0.9999999999999999,1.1102230246251565e-16
primitive,20,1,-1.7976241500828374,1.0,1.000000000000001,0.0,1.000000000000001,-1.1102230246251565e-15
primitive,20,2,-1.0833079652033866,1.0,1.0,0.0,1.0,0.0
primitive,20,3,2.058862538566989,1.0,1.0,0.0,1.0,0.0
primitive,20,4,2.6027426531141598,1.0,0.9999999999999999,0.0,0.9999999999999999,1.1102230246251565e-16
primitive,20,5,10.11147868341833,1.0,1.0000000000000573,0.0,1.0000000000000573,-5.728750807065808e-14
primitive,20,6,10.468122939627522,1.0,1.0000000000000033,0.0,1.0000000000000033,-3.3306690738754696e-15
primitive,20,7,11.260607495010623,1.0,0.9999999999999859,0.0,0.9999999999999859,1.4099832412739488e-14
primitive,20,8,11.680410052722754,1.0,0.9999999999999967,0.0,0.9999999999999967,3.3306690738754696e-15
primitive,21,1,-2.1521658338971767,1.0,1.000000000000001,0.0,1.000000000000001,-1.1102230246251565e-15
primitive,21,2,-0.8035914993840327,1.0,1.0000000000000004,0.0,1.0000000000000004,-4.440892098500626e-16
primitive,21,3,1.993377769143748,1.0,0.9999999999999997,0.0,0.9999999999999997,3.3306690738754696e-16
primitive,21,4,2.9879597978508867,1.0,0.9999999999999997,0.0,0.9999999999999997,3.3306690738754696e-16
primitive,21,5,9.788762069875101,1.0,0.9999999999999795,0.0,0.9999999999999795,2.0539125955565396e-14
primitive,21,6,10.141747680201037,1.0,0.9999999999999987,0.0,0.9999999999999987,1.3322676295501878e-15
primitive,21,7,11.71972048111278,1.0,0.9999999999999987,0.0,0.9999999999999987,1.3322676295501878e-15
primitive,21,8,12.203081218240342,1.0,1.0000000000000013,0.0,1.0000000000000013,-1.3322676295501878e-15
primitive,22,1,-2.4765728608235595,1.0,1.0000000000000004,0.0,1.0000000000000004,-4.440892098500626e-16
primitive,22,2,-0.6404640808599701,1.0,1.0000000000000004,0.0,1.0000000000000004,-4.440892098500626e-16
primitive,22,3,2.1336173809532446,1.0,1.0000000000000002,0.0,1.0000000000000002,-2.220446049250313e-16
primitive,22,4,3.404702079529584,1.0,1.0000000000000009,0.0,1.0000000000000009,-8.881784197001252e-16
primitive,22,5,9.533530685069577,1.0,1.0000000000000187,0.0,1.0000000000000187,-1.865174681370263e-14
primitive,22,6,9.788430068567259,1.0,0.9999999999999988,0.0,0.9999999999999988,1.2212453270876722e-15
primitive,22,7,12.309861418743496,1.0,0.999999999999991,0.0,0.999999999999991,8.992806499463768e-15
primitive,22,8,12.769830050096084,1.0,1.0000000000000009,0.0,1.0000000000000009,-8.881784197001252e-16
primitive,23,1,-2.7605636086399588,1.0,1.0,0.0,1.0,0.0
primitive,23,2,-0.5992985499718174,1.0,1.0,0.0,1.0,0.0
primitive,23,3,2.48322718936276,1.0,0.9999999999999983,0.0,0.9999999999999983,1.6653345369377348e-15
primitive,23,4,3.824567121498037,1.0,1.0000000000000004,0.0,1.0000000000000004,-4.440892098500626e-16
primitive,23,5,9.3632103588685,1.0,0.9999999999999413,0.0,0.9999999999999413,5.873079800267078e-14
primitive,23,6,9.458204157086875,1.0,0.9999999999999969,0.0,0.9999999999999969,3.1086244689504383e-15
primitive,23,7,12.691645479975998,1.0,1.0000000000000029,0.0,1.0000000000000029,-2.886579864025407e-15
primitive,23,8,12.977324176809297,1.0,0.9999999999999949,0.0,0.9999999999999949,5.10702591327572e-15
primitive,24,1,-2.9982278573391534,1.0,1.0000000000000016,0.0,1.0000000000000016,-1.5543122344752192e-15
primitive,24,2,-0.6369372981997666,1.0,1.0000000000000002,0.0,1.0000000000000002,-2.220446049250313e-16
primitive,24,3,2.992516789401744,1.0,1.0000000000000002,0.0,1.0000000000000002,-2.220446049250313e-16
primitive,24,4,4.21788906330239,1.0,0.999999999999999,0.0,0.999999999999999,9.992007221626409e-16
primitive,24,5,9.14701861503031,1.0,0.9999999999999654,0.0,0.9999999999999654,3.4638958368304884e-14
primitive,24,6,9.28772603675529,1.0,0.9999999999999997,0.0,0.9999999999999997,3.3306690738754696e-16
primitive,24,7,11.648064099997045,1.0,1.0000000000000033,0.0,1.0000000000000033,-3.3306690738754696e-15
primitive,24,8,13.699095097210451,1.0,0.9999999999999638,0.0,0.9999999999999638,3.6193270602780103e-14
primitive,25,1,-3.185883636618712,1.0,0.9999999999999984,0.0,0.9999999999999984,1.5543122344752192e-15
primitive,25,2,-0.7043456330681063,1.0,1.0000000000000004,0.0,1.0000000000000004,-4.440892098500626e-16
primitive,25,3,3.5970540670751254,1.0,1.0000000000000007,0.0,1.0000000000000007,-6.661338147750939e-16
primitive,25,4,4.554457939920302,1.0,1.0000000000000007,0.0,1.0000000000000007,-6.661338147750939e-16
primitive,25,5,8.824477746924055,1.0,1.0000000000000069,0.0,1.0000000000000069,-6.8833827526759706e-15
primitive,25,6,9.3071931574613,1.0,0.999999999999999,0.0,0.999999999999999,9.992007221626409e-16
primitive,25,7,10.73321013026687,1.0,1.0000000000000007,0.0,1.0000000000000007,-6.661338147750939e-16
primitive,25,8,14.279647762604725,1.0,1.0000000000000229,0.0,1.0000000000000229,-2.2870594307278225e-14
primitive,26,1,-3.3212878791825085,1.0,1.0000000000000007,0.0,1.0000000000000007,-6.661338147750939e-16
primitive,26,2,-0.7690889705482287,1.0,1.0000000000000004,0.0,1.0000000000000004,-4.440892098500626e-16
primitive,26,3,4.228048135982518,1.0,1.0000000000000024,0.0,1.0000000000000024,-2.4424906541753444e-15
primitive,26,4,4.808519103008869,1.0,1.0000000000000027,0.0,1.0000000000000027,-2.6645352591003757e-15
primitive,26,5,8.436229012101748,1.0,1.0000000000000036,0.0,1.0000000000000036,-3.552713678800501e-15
primitive,26,6,9.40003954655953,1.0,0.9999999999999957,0.0,0.9999999999999957,4.3298697960381105e-15
primitive,26,7,10.049680096381953,1.0,1.0000000000000027,0.0,1.0000000000000027,-2.6645352591003757e-15
primitive,26,8,14.225621872263726,1.0,1.000000000000001,0.0,1.000000000000001,-1.1102230246251565e-15
primitive,27,1,-3.403036824996845,1.0,1.0000000000000004,0.0,1.0000000000000004,-4.440892098500626e-16
primitive,27,2,-0.8135020184527655,1.0,0.9999999999999998,0.0,0.9999999999999998,2.220446049250313e-16
primitive,27,3,4.774959295163383,1.0,0.9999999999999958,0.0,0.9999999999999958,4.218847493575595e-15
primitive,27,4,4.964379088826108,1.0,0.9999999999999993,0.0,0.9999999999999993,6.661338147750939e-16
primitive,27,5,8.00552291696665,1.0,0.9999999999999996,0.0,0.9999999999999996,4.440892098500626e-16
primitive,27,6,9.510575849852358,1.0,1.0000000000000147,0.0,1.0000000000000147,-1.4654943925052066e-14
primitive,27,7,9.67264640355852,1.0,1.0000000000000004,0.0,1.0000000000000004,-4.440892098500626e-16
primitive,27,8,13.951918354993666,1.0,0.9999999999999986,0.0,0.9999999999999986,1.4432899320127035e-15
primitive,28,1,-3.430445165979304,1.0,0.9999999999999997,0.0,0.9999999999999997,3.3306690738754696e-16
primitive,28,2,-0.8291418089461727,1.0,0.9999999999999997,0.0,0.9999999999999997,3.3306690738754696e-16
primitive,28,3,5.016558347355001,1.0,1.0000000000000007,0.0,1.0000000000000007,-6.661338147750939e-16
primitive,28,4,5.0165583473113,1.0,0.9999999999999988,0.0,0.9999999999999988,1.2212453270876722e-15
primitive,28,5,7.7891193955539535,1.0,1.0000000000000009,0.0,1.0000000000000009,-8.881784197001252e-16
primitive,28,6,9.56101354933773,1.0,1.0000000000000018,0.0,1.0000000000000018,-1.7763568394002505e-15
primitive,28,7,9.561013549342034,1.0,1.0000000000000002,0.0,1.0000000000000002,-2.220446049250313e-16
primitive,28,8,13.823152352979792,1.0,0.9999999999999946,0.0,0.9999999999999946,5.440092820663267e-15
primitive,29,1,-3.5303793918710538,1.0,0.9999999999999993,0.0,0.9999999999999993,6.661338147750939e-16
primitive,29,2,-0.6856251015482756,1.0,0.9999999999999991,0.0,0.9999999999999991,8.881784197001252e-16
primitive,29,3,5.029133953902426,1.0,1.0000000000000007,0.0,1.0000000000000007,-6.661338147750939e-16
primitive,29,4,5.029133953811127,1.0,1.0000000000000004,0.0,1.0000000000000004,-4.440892098500626e-16
primitive,29,5,7.803346903848646,1.0,1.0000000000000024,0.0,1.0000000000000024,-2.4424906541753444e-15
primitive,29,6,9.576016130408732,1.0,0.999999999999998,0.0,0.999999999999998,1.9984014443252818e-15
primitive,29,7,9.576016130425442,1.0,1.0000000000000009,0.0,1.0000000000000009,-8.881784197001252e-16
primitive,29,8,13.846725843952928,1.0,1.0000000000000004,0.0,1.0000000000000004,-4.440892098500626e-16
primitive,30,1,-3.7793155529623905,1.0,1.0000000000000009,0.0,1.0000000000000009,-8.881784197001252e-16
primitive,30,2,-0.3066411034191341,1.0,1.0000000000000009,0.0,1.0000000000000009,-8.881784197001252e-16
primitive,30,3,5.066789653186995,1.0,1.0000000000000007,0.0,1.0000000000000007,-6.661338147750939e-16
primitive,30,4,5.066789653177615,1.0,0.9999999999999987,0.0,0.9999999999999987,1.3322676295501878e-15
primitive,30,5,7.845676333525168,1.0,1.0000000000000016,0.0,1.0000000000000016,-1.5543122344752192e-15
primitive,30,6,9.618071637728384,1.0,0.9999999999999987,0.0,0.9999999999999987,1.3322676295501878e-15
primitive,30,7,9.618071637735474,1.0,0.9999999999999997,0.0,0.9999999999999997,3.3306690738754696e-16
primitive,30,8,13.912321363770706,1.0,0.9999999999999966,0.0,0.9999999999999966,3.4416913763379853e-15
primitive,31,1,-4.093119098745457,1.0,1.000000000000001,0.0,1.000000000000001,-1.1102230246251565e-15
primitive,31,2,0.22292960580006993,1.0,1.0000000000000004,0.0,1.0000000000000004,-4.440892098500626e-16
primitive,31,3,5.1294073156704085,1.0,1.0000000000000004,0.0,1.0000000000000004,-4.440892098500626e-16
primitive,31,4,5.129407315680134,1.0,0.9999999999999994,0.0,0.9999999999999994,5.551115123125783e-16
primitive,31,5,7.915979690472275,1.0,1.0000000000000004,0.0,1.0000000000000004,-4.440892098500626e-16
primitive,31,6,9.677889219421003,1.0,0.9999999999999988,0.0,0.9999999999999988,1.2212453270876722e-15
primitive,31,7,9.67788921943685,1.0,1.0,0.0,1.0,0.0
primitive,31,8,13.997130709444825,1.0,1.0000000000000024,0.0,1.0000000000000024,-2.4424906541753444e-15
primitive,32,1,-4.4182173803893185,1.0,1.000000000000002,0.0,1.000000000000002,-1.9984014443252818e-15
primitive,32,2,0.8477125900262914,1.0,0.9999999999999996,0.0,0.9999999999999996,4.440892098500626e-16
primitive,32,3,5.216561612115647,1.0,0.9999999999999997,0.0,0.9999999999999997,3.3306690738754696e-16
primitive,32,4,5.216561612116254,1.0,1.0000000000000009,0.0,1.0000000000000009,-8.881784197001252e-16
primitive,32,5,8.012986285476414,1.0,1.000000000000003,0.0,1.000000000000003,-3.1086244689504383e-15
primitive,32,6,9.738009169406874,1.0,0.999999999999998,0.0,0.999999999999998,1.9984014443252818e-15
primitive,32,7,9.738009169325045,1.0,0.9999999999999976,0.0,0.9999999999999976,2.4424906541753444e-15
primitive,32,8,14.015579675855413,1.0,0.9999999999999934,0.0,0.9999999999999934,6.5503158452884236e-15
primitive,33,1,-4.727552550138177,1.0,1.0000000000000016,0.0,1.0000000000000016,-1.5543122344752192e-15
primitive,33,2,1.538150451302795,1.0,0.9999999999999998,0.0,0.9999999999999998,2.220446049250313e-16
primitive,33,3,5.327329658238097,1.0,1.0000000000000018,0.0,1.0000000000000018,-1.7763568394002505e-15
primitive,33,4,5.327329658340147,1.0,1.0000000000000004,0.0,1.0000000000000004,-4.440892098500626e-16
primitive,33,5,8.134951272389621,1.0,0.9999999999999978,0.0,0.9999999999999978,2.220446049250313e-15
primitive,33,6,9.771690841909376,1.0,1.0000000000000022,0.0,1.0000000000000022,-2.220446049250313e-15
primitive,33,7,9.771690842008285,1.0,0.9999999999999982,0.0,0.9999999999999982,1.7763568394002505e-15
primitive,33,8,13.739115575284726,1.0,1.0000000000000917,0.0,1.0000000000000917,-9.170442183403793e-14
primitive,34,1,-5.0076392915555,1.0,1.0000000000000002,0.0,1.0000000000000002,-2.220446049250313e-16
primitive,34,2,2.2763800471118034,1.0,0.9999999999999992,0.0,0.9999999999999992,7.771561172376096e-16
primitive,34,3,5.459777506164104,1.0,0.9999999999999993,0.0,0.9999999999999993,6.661338147750939e-16
primitive,34,4,5.459777506165796,1.0,0.9999999999999981,0.0,0.9999999999999981,1.887379141862766e-15
primitive,34,5,8.278313860717441,1.0,0.9999999999999973,0.0,0.9999999999999973,2.6645352591003757e-15
primitive,34,6,9.746242775708325,1.0,1.0000000000000024,0.0,1.0000000000000024,-2.4424906541753444e-15
primitive,34,7,9.74624277581823,1.0,0.9999999999999997,0.0,0.9999999999999997,3.3306690738754696e-16
primitive,34,8,13.14975804420219,1.0,1.0000000000000053,0.0,1.0000000000000053,-5.329070518200751e-15
primitive,35,1,-5.251210987037722,1.0,1.0,0.0,1.0,0.0
primitive,35,2,3.0487372556952557,1.0,1.0,0.0,1.0,0.0
primitive,35,3,5.610371462692317,1.0,0.9999999999999993,0.0,0.9999999999999993,6.661338147750939e-16
primitive,35,4,5.610371462034226,1.0,0.9999999999999996,0.0,0.9999999999999996,4.440892098500626e-16
primitive,35,5,8.437365339505122,1.0,1.0,0.0,1.0,0.0
primitive,35,6,9.638455932731434,1.0,1.000000000000002,0.0,1.000000000000002,-1.9984014443252818e-15
primitive,35,7,9.63845593279952,1.0,0.9999999999999991,0.0,0.9999999999999991,8.881784197001252e-16
primitive,35,8,12.451210877101126,1.0,1.0000000000000024,0.0,1.0000000000000024,-2.4424906541753444e-15
primitive,36,1,-5.4540567497054395,1.0,0.9999999999999998,0.0,0.9999999999999998,2.220446049250313e-16
primitive,36,2,3.8401923297698537,1.0,1.0000000000000009,0.0,1.0000000000000009,-8.881784197001252e-16
primitive,36,3,5.772842699006974,1.0,0.9999999999999997,0.0,0.9999999999999997,3.3306690738754696e-16
primitive,36,4,5.772842699000911,1.0,0.9999999999999982,0.0,0.9999999999999982,1.7763568394002505e-15
primitive,36,5,8.601514490954404,1.0,1.0000000000000013,0.0,1.0000000000000013,-1.3322676295501878e-15
primitive,36,6,9.454158746007042,1.0,1.0000000000000009,0.0,1.0000000000000009,-8.881784197001252e-16
primitive,36,7,9.454158745930563,1.0,0.9999999999999977,0.0,0.9999999999999977,2.3314683517128287e-15
primitive,36,8,11.72242119775759,1.0,0.9999999999999977,0.0,0.9999999999999977,2.3314683517128287e-15
primitive,37,1,-5.6137590449950725,1.0,0.9999999999999994,0.0,0.9999999999999994,5.551115123125783e-16
primitive,37,2,4.628887069336596,1.0,0.9999999999999966,0.0,0.9999999999999966,3.4416913763379853e-15
primitive,37,3,5.936439692539969,1.0,1.0,0.0,1.0,0.0
primitive,37,4,5.936439692661088,1.0,0.999999999999999,0.0,0.999999999999999,9.992007221626409e-16
primitive,37,5,8.752059153383021,1.0,1.0000000000000027,0.0,1.0000000000000027,-2.6645352591003757e-15
primitive,37,6,9.229609360666018,1.0,0.9999999999999978,0.0,0.9999999999999978,2.220446049250313e-15
primitive,37,7,9.229609360624432,1.0,1.0000000000000002,0.0,1.0000000000000002,-2.220446049250313e-16
primitive,37,8,10.999186950667724,1.0,0.9999999999999998,0.0,0.9999999999999998,2.220446049250313e-16
primitive,38,1,-5.728736334585086,1.0,0.9999999999999991,0.0,0.9999999999999991,8.881784197001252e-16
primitive,38,2,5.372654233085687,1.0,0.9999999999999982,0.0,0.9999999999999982,1.7763568394002505e-15
primitive,38,3,6.083881884228715,1.0,0.9999999999999983,0.0,0.9999999999999983,1.6653345369377348e-15
primitive,38,4,6.083881884249823,1.0,0.9999999999999998,0.0,0.9999999999999998,2.220446049250313e-16
primitive,38,5,8.854017464313701,1.0,1.0000000000000024,0.0,1.0000000000000024,-2.4424906541753444e-15
primitive,38,6,9.014340819924902,1.0,1.0000000000000016,0.0,1.0000000000000016,-1.5543122344752192e-15
primitive,38,7,9.014340823361342,1.0,1.0000000000000002,0.0,1.0000000000000002,-2.220446049250313e-16
primitive,38,8,10.336732938514709,1.0,0.999999999999998,0.0,0.999999999999998,1.9984014443252818e-15
primitive,39,1,-5.798077653110602,1.0,1.000000000000001,0.0,1.000000000000001,-1.1102230246251565e-15
primitive,39,2,5.974962032086137,1.0,1.000000000000024,0.0,1.000000000000024,-2.398081733190338e-14
primitive,39,3,6.190442817399404,1.0,0.9999999999999976,0.0,0.9999999999999976,2.4424906541753444e-15
primitive,39,4,6.190442817426447,1.0,1.0000000000000004,0.0,1.0000000000000004,-4.440892098500626e-16
primitive,39,5,8.852691044436881,1.0,0.9999999999999777,0.0,0.9999999999999777,2.2315482794965646e-14
primitive,39,6,8.857793805056676,1.0,0.999999999999988,0.0,0.999999999999988,1.199040866595169e-14
primitive,39,7,8.857793807947678,1.0,1.0000000000000009,0.0,1.0000000000000009,-8.881784197001252e-16
primitive,39,8,9.861210452736836,1.0,0.9999999999999981,0.0,0.9999999999999981,1.887379141862766e-15
primitive,40,1,-5.821232223691898,1.0,0.9999999999999989,0.0,0.9999999999999989,1.1102230246251565e-15
primitive,40,2,6.230001316938987,1.0,0.9999999999999982,0.0,0.9999999999999982,1.7763568394002505e-15
primitive,40,3,6.230001316956438,1.0,1.0000000000000002,0.0,1.0000000000000002,-2.220446049250313e-16
primitive,40,4,6.230001316985706,1.0,1.0000000000000004,0.0,1.0000000000000004,-4.440892098500626e-16
primitive,40,5,8.800090632052001,1.0,0.9999999999999994,0.0,0.9999999999999994,5.551115123125783e-16
primitive,40,6,8.800090632100765,1.0,1.0000000000000062,0.0,1.0000000000000062,-6.217248937900877e-15
primitive,40,7,8.800090632080607,1.0,1.0000000000000036,0.0,1.0000000000000036,-3.552713678800501e-15
primitive,40,8,9.70346296522998,1.0,1.0000000000000009,0.0,1.0000000000000009,-8.881784197001252e-16
supercell,1,1,-5.821232352449497,1.0,0.9999999999872544,1.2743535182980214e-11,0.9999999999999986,1.2745582367301722e-11
supercell,1,2,-3.430445318365663,0.0,1.094309261877947e-12,0.9999999999989033,0.999999999999998,-1.094309261877947e-12
supercell,1,3,-0.8291419251464389,0.0,1.0059160637766439e-11,0.9999999999899396,0.9999999999999986,-1.0059160637766439e-11
supercell,1,4,5.0165581819035365,0.0,4.709556346279454e-12,0.999999999995292,1.000000000000002,-4.709556346279454e-12
supercell,1,5,5.016558181764018,0.0,9.866757127209957e-12,0.9999999999901336,1.0000000000000004,-9.866757127209957e-12
supercell,1,6,6.230001132567896,1.0,0.9999999999831468,1.6854009941239726e-11,1.0000000000000036,1.6853185513809876e-11
supercell,1,7,6.230001132057307,1.0,0.9999999999271619,7.283849095168693e-11,1.0000000000000009,7.283806890967526e-11
supercell,1,8,6.230001131780309,1.0,0.999999999985888,1.4116240552000355e-11,1.0000000000000029,1.4112044866010365e-11
supercell,1,9,7.789119271791297,0.0,5.958207950834905e-11,0.9999999999404198,1.0000000000000016,-5.958207950834905e-11
supercell,1,10,8.800090533147237,1.0,0.9999999999833358,1.6676062167879632e-11,1.000000000000012,1.6664225555018675e-11
supercell,1,11,8.80009053354611,1.0,0.9999999999676425,3.235911070467116e-11,1.0000000000000027,3.235745005270019e-11
supercell,1,12,8.800090533331444,1.0,0.9999999999958291,4.184014375168263e-12,1.0000000000000122,4.170885858911788e-12
supercell,1,13,9.561013471461173,0.0,1.2267317029364874e-10,0.9999999998773205,0.9999999999999931,-1.2267317029364874e-10
supercell,1,14,9.561013471596487,0.0,4.788154872061444e-11,0.9999999999520844,0.9999999999999639,-4.788154872061444e-11
supercell,1,15,9.7034627760247,1.0,0.9999999998933548,1.066462146449284e-10,0.9999999999999998,1.0664524818793097e-10
supercell,1,16,13.823152374588435,0.0,3.291779826536372e-11,0.999999999967012,0.9999999999999315,-3.291779826536372e-11
supercell,1,17,13.997284733836189,1.0,0.9999999999425785,5.85522536810941e-11,1.0000000000011302,5.7421511989730334e-11
supercell,1,18,13.9972848350183,1.0,0.99999999999168,8.895417506646151e-12,1.000000000000574,8.320011346540923e-12
supercell,1,19,14.008672628208382,1.0,0.9999999999373425,6.266348445012381e-11,1.0000000000000058,6.26575458184675e-11
supercell,1,20,16.787073514845964,0.0,4.704950576562378e-10,0.9999999995294822,0.9999999999999746,-4.704950576562378e-10
supercell,1,21,16.7870735189088,0.0,2.8852450870710213e-09,0.9999999971147643,1.00000000000001,-2.8852450870710213e-09
supercell,1,22,17.454179202623976,1.0,0.9999999744782875,2.5521225794244196e-08,0.9999999999995138,2.5521712521126005e-08
supercell,1,23,17.454179234053225,1.0,0.9999996565129167,3.434871174160135e-07,1.0000000000000342,3.434870833318726e-07
supercell,1,24,17.45417924195526,0.999999,0.9999991869688182,8.130312170720469e-07,1.0000000000000353,-1.869688182054574e-07
supercell,2,1,-5.790331004863443,1.0,0.9999999999874454,1.2551595762827175e-11,0.999999999999999,1.2554624007066195e-11
supercell,2,2,-3.4557822579797195,0.0,3.605053801108332e-13,0.9999999999996408,1.000000000000001,-3.605053801108332e-13
supercell,2,3,-0.7521678470682647,0.0,1.1634024290802053e-11,0.9999999999883663,1.0000000000000004,-1.1634024290802053e-11
supercell,2,4,4.814314550434536,0.0,3.4982619346473456e-10,0.9999999996501828,1.0000000000000087,-3.4982619346473456e-10
supercell,2,5,5.0069520455187,0.0,4.748388140335977e-11,0.9999999999525161,1.0000000000000018,-4.748388140335977e-11
supercell,2,6,6.036925215442809,1.0,0.9999999997189746,2.810338519454228e-10,1.0000000000000095,2.810254251528477e-10
supercell,2,7,6.102003888330034,1.0,0.9999999997572762,2.4272441056721286e-10,1.0000000000000004,2.427238410263044e-10
supercell,2,8,6.1020038874671805,1.0,0.9999999999532527,4.6747253458919944e-11,1.0000000000000016,4.6747272719471766e-11
supercell,2,9,7.961573963215054,0.0,2.5075027613234535e-10,0.999999999749247,0.9999999999999976,-2.5075027613234535e-10
supercell,2,10,8.721596393007413,1.0,0.9999999998653772,1.3462568148194103e-10,1.000000000000005,1.3462275738618246e-10
supercell,2,11,8.965205557263538,1.0,0.9999999996446083,3.554078368892378e-10,1.0000000000000162,3.5539171605591946e-10
supercell,2,12,8.965205557010991,1.0,0.9999999997991367,2.0087045798492876e-10,1.0000000000000069,2.0086332597202272e-10
supercell,2,13,9.554922514186774,0.0,1.9405074850530775e-09,0.9999999980595886,1.0000000000000961,-1.9405074850530775e-09
supercell,2,14,9.624179934829197,0.0,4.495634268111738e-10,0.9999999995504737,1.0000000000000389,-4.495634268111738e-10
supercell,2,15,9.889637630776502,1.0,0.9999999982877749,1.7122108667712216e-09,0.9999999999999863,1.7122251394496857e-09
supercell,2,16,13.751358841904985,1.0,0.9999999982077251,1.7918949413094937e-09,0.999999999999622,1.7922748840604186e-09
supercell,2,17,13.930974752723118,0.0,8.238271660263386e-09,0.9999999917617093,0.9999999999999811,-8.238271660263386e-09
supercell,2,18,14.031131365097796,1.0,0.9999999997906649,2.0936491864062212e-10,1.0000000000000298,2.093351048060299e-10
supercell,2,19,14.147235452306631,1.0,0.9999999934734666,6.526530493537245e-09,0.9999999999999973,6.526533424811021e-09
supercell,2,20,16.11482310051384,0.0,3.3054791898092245e-11,0.9999999999669672,1.0000000000000213,-3.3054791898092245e-11
supercell,2,21,16.345505555782783,0.0,3.3906547919296126e-10,0.9999999996609307,0.9999999999999957,-3.3906547919296126e-10
supercell,2,22,17.50755949535364,1.0,0.9999999501250557,4.987505272217592e-08,1.0000000000001084,4.9874944285654976e-08
supercell,2,23,17.507559554592532,0.999998,0.9999981380551624,1.8619448187969636e-06,0.9999999999999812,-1.3805516230203096e-07
supercell,2,24,17.535417002906875,2e-06,2.043769358870665e-06,0.9999979562305888,0.9999999999999469,-4.376935887066509e-08
supercell,3,1,-5.697797872975509,1.0,0.9999999999869505,1.3049214021026844e-11,0.9999999999999994,1.3049450409141627e-11
supercell,3,2,-3.520720379443466,0.0,2.214439271886532e-13,0.9999999999997783,1.0000000000000009,-2.214439271886532e-13
supercell,3,3,-0.5348242991019501,0.0,1.2518469720281618e-11,0.9999999999874813,0.9999999999999991,-1.2518469720281618e-11
supercell,3,4,4.329071865303714,0.0,1.1905884385644457e-10,0.9999999998809476,1.0000000000000078,-1.1905884385644457e-10
supercell,3,5,4.98117006897191,0.0,1.521828711546206e-12,0.9999999999984893,1.000000000000014,-1.521828711546206e-12
supercell,3,6,5.552785587437779,1.0,0.9999999999011274,9.887544146189394e-11,1.0000000000000044,9.887257679253025e-11
supercell,3,7,5.791136886377409,1.0,0.9999999999743561,2.5641964052376693e-11,0.9999999999999991,2.5643931422791866e-11
supercell,3,8,5.791136888148029,1.0,0.9999999998969517,1.0305109525502263e-10,1.0000000000000013,1.0304834763275039e-10
supercell,3,9,8.323773609736284,0.0,3.6255946937364973e-09,0.9999999963743132,0.9999999999999074,-3.6255946937364973e-09
supercell,3,10,8.510724877467474,1.0,0.9999999954287208,4.571270923521402e-09,0.9999999999999934,4.571279244025561e-09
supercell,3,11,9.386831187574233,1.0,0.9999999997313268,2.6867242427331916e-10,0.9999999999999979,2.6867319480317065e-10
supercell,3,12,9.386831192842143,1.0,0.9999999777562093,2.2243802904620693e-08,1.0000000000000115,2.224379069826199e-08
supercell,3,13,9.592686373572631,0.0,2.163253485691401e-08,0.9999999783674667,1.0000000000000016,-2.163253485691401e-08
supercell,3,14,9.808651283665352,0.0,2.1510360868554748e-09,0.9999999978489611,0.9999999999999979,-2.1510360868554748e-09
supercell,3,15,10.320140039909687,0.999999,0.9999999998129595,1.8704267351283721e-10,1.000000000000002,-9.998129595345517e-07
supercell,3,16,13.202179597410767,1.0,0.9999999995245326,4.754707996895307e-10,1.000000000000003,4.754674431950434e-10
supercell,3,17,14.13248558030517,0.999999,0.9999995616209609,4.383790577059314e-07,1.0000000000000162,-5.616209609593525e-07
supercell,3,18,14.165558806780215,0.0,4.4329225725556935e-07,0.99999955670777,1.000000000000027,-4.4329225725556935e-07
supercell,3,19,14.537331083390058,0.999999,0.9999999936669586,6.333041353448941e-09,0.9999999999999984,-9.936669586041447e-07
supercell,3,20,15.204751935087273,0.0,1.650890813104034e-09,0.9999999983491371,1.0000000000000282,-1.650890813104034e-09
supercell,3,21,15.68456822075098,0.0,2.3455221044717963e-10,0.999999999765448,0.9999999999999984,-2.3455221044717963e-10
supercell,3,22,17.41080382879409,0.0,1.4301519185896567e-08,0.999999985698419,0.9999999999999387,-1.4301519185896567e-08
supercell,3,23,17.66724272304364,1.0,0.999999988126362,1.18736221113597e-08,0.9999999999999847,1.1873637961734573e-08
supercell,3,24,17.667242720557425,1.0,0.9999999959021898,4.097837612689521e-09,1.0000000000000286,4.097810202274843e-09
supercell,4,1,-5.543979127192994,1.0,0.9999999999825859,1.7410750564001482e-11,0.9999999999999971,1.7414070185850505e-11
supercell,4,2,-3.6007176945806254,0.0,3.3196250314338095e-13,0.9999999999996667,0.9999999999999986,-3.3196250314338095e-13
supercell,4,3,-0.20971603734595892,0.0,1.7122994587827748e-11,0.9999999999828763,0.9999999999999997,-1.7122994587827748e-11
supercell,4,4,3.7326997521554866,0.0,2.331622135270348e-10,0.9999999997668383,1.0000000000000002,-2.331622135270348e-10
supercell,4,5,4.920507877021082,0.999997,0.9999971997101672,2.8002902723134877e-06,1.000000000000442,-1.9971016718134393e-07
supercell,4,6,4.947138360595601,3e-06,2.801355013799105e-06,0.9999971986442804,0.9999999999992946,1.9864498620089506e-07
supercell,4,7,5.407545083467891,1.0,0.9999999994384865,5.615147943913731e-10,1.000000000000001,5.615135023617768e-10
supercell,4,8,5.4075450831761716,1.0,0.9999999992599231,7.400809102501641e-10,1.0000000000000033,7.400768886611786e-10
supercell,4,9,8.22054428055607,1.0,0.9999999999706422,2.9354058666957916e-11,0.999999999999997,2.935784948476794e-11
supercell,4,10,8.596562373499564,0.0,2.451826080620611e-10,0.9999999997548222,1.0000000000000044,-2.451826080620611e-10
supercell,4,11,9.833495741346868,0.0,6.087829185210493e-10,0.9999999993912237,1.0000000000000064,-6.087829185210493e-10
supercell,4,12,9.95338245607244,1.0,0.9999999999843485,1.566313236095603e-11,1.0000000000000102,1.5651480111955607e-11
supercell,4,13,9.953382455890392,1.0,0.9999999992259926,7.740325409084803e-10,1.0000000000000253,7.740074137174702e-10
supercell,4,14,10.099570070515842,0.0,2.8366511373297925e-10,0.9999999997163411,1.0000000000000069,-2.8366511373297925e-10
supercell,4,15,10.685938051209854,0.999999,0.9999999998256935,1.7430871758416575e-10,1.0000000000000016,-9.998256935705996e-07
supercell,4,16,12.743800260549511,0.999999,0.9999999983272052,1.6728760185647756e-09,1.0000000000000804,-9.983272052371817e-07
supercell,4,17,14.107484884026904,0.0,1.7368685303255232e-09,0.999999998263162,1.000000000000029,-1.7368685303255232e-09
supercell,4,18,14.301589121734063,0.999999,0.9999988210523045,1.1789477633132222e-06,1.00000000000007,1.7894769543946865e-07
supercell,4,19,14.341620096929685,1e-06,1.178791073191777e-06,0.9999988212089451,1.0000000000000175,-1.7879107319177694e-07
supercell,4,20,15.123353579776,0.999999,0.9999999975351462,2.4648611951346284e-09,1.0000000000000087,-9.975351462632176e-07
supercell,4,21,15.38948778110846,0.0,2.3940884403340387e-09,0.9999999976059075,0.9999999999999961,-2.3940884403340387e-09
supercell,4,22,17.406843847203575,0.0,4.826175316598292e-09,0.9999999951738767,1.0000000000000517,-4.826175316598292e-09
supercell,4,23,17.931105783381575,1.0,0.9999999991796966,8.203137126823818e-10,1.0000000000000093,8.203033807774318e-10
supercell,4,24,17.931105781784908,1.0,0.9999999953489129,4.651108650583203e-09,1.0000000000000204,4.651087071039228e-09
supercell,5,1,-5.32939084602654,1.0,0.9999999999939968,6.0011570075774835e-12,0.9999999999999987,6.0031979387531464e-12
supercell,5,2,-3.6728359128274675,0.0,8.476613565383966e-15,0.9999999999999876,0.9999999999999971,-8.476613565383966e-15
supercell,5,3,0.1792605446259324,0.0,1.4393464108769563e-11,0.999999999985609,1.0000000000000004,-1.4393464108769563e-11
supercell,5,4,3.130624603980154,0.0,1.4719937138454006e-12,0.9999999999985312,1.0000000000000029,-1.4719937138454006e-12
supercell,5,5,4.220426496709763,1.0,0.999999996113069,3.886930813994441e-09,0.9999999999999993,3.8869309992861645e-09
supercell,5,6,4.914362450700427,0.0,3.928829673826455e-09,0.9999999960711694,0.999999999999999,-3.928829673826455e-09
supercell,5,7,5.014626216044733,1.0,0.999999999993355,6.645695171857438e-12,1.0000000000000009,6.6450178692889494e-12
supercell,5,8,5.014626216785052,1.0,0.9999999999954091,4.589821564488955e-12,1.0,4.590883229127485e-12
supercell,5,9,7.9014370126440685,1.0,0.9999999999296851,7.031672175465478e-11,1.0000000000000027,7.031486504160966e-11
supercell,5,10,8.672980478137626,0.0,6.885378593414725e-12,0.9999999999931167,1.0000000000000024,-6.885378593414725e-12
supercell,5,11,10.335984183794286,0.0,3.9555661283130273e-08,0.9999999604443018,0.9999999999999599,-3.9555661283130273e-08
supercell,5,12,10.468472212866667,0.0,2.3202241539380157e-08,0.9999999767979225,1.000000000000166,-2.3202241539380157e-08
supercell,5,13,10.541310462327784,1.0,0.9999999529933006,4.7006765469368346e-08,1.0000000000000648,4.7006699421814346e-08
supercell,5,14,10.599387561531426,1.0,0.9999999965189732,3.4810140764830375e-09,0.9999999999999885,3.4810268001450595e-09
supercell,5,15,10.59938756285652,1.0,0.999999987641474,1.235852482728706e-08,0.9999999999999997,1.2358525980360469e-08
supercell,5,16,12.864992387499072,0.999999,0.9999999985796865,1.420303312636227e-09,0.9999999999999897,-9.985796864953045e-07
supercell,5,17,13.507653686767723,0.0,2.0597243746622522e-10,0.9999999997940088,0.9999999999999813,-2.0597243746622522e-10
supercell,5,18,13.566860012751091,0.0,1.5344241303515918e-09,0.9999999984655876,1.0000000000000124,-1.5344241303515918e-09
supercell,5,19,14.538196295292058,1.0,0.9999999997401083,2.59886179132336e-10,0.9999999999999942,2.5989166374529304e-10
supercell,5,20,15.607275670033129,0.0,1.648045539475086e-08,0.9999999835194933,0.9999999999999499,-1.648045539475086e-08
supercell,5,21,15.85040440192161,0.999999,0.9999999835605522,1.6439449463813077e-08,1.0000000000000062,-9.83560552225704e-07
supercell,5,22,17.654113461860852,1e-06,4.791683843874578e-09,0.9999999952083396,1.000000000000022,9.952083161561254e-07
supercell,5,23,18.293510553467083,1.0,0.9999999952403231,4.7596595318102114e-09,0.9999999999999842,4.75967687485479e-09
supercell,5,24,18.293510556407163,1.0,0.9999999982831561,1.7168357409234503e-09,0.9999999999999912,1.7168438892767313e-09
supercell,6,1,-5.0549919570310715,1.0,0.9999999999880674,1.1927687347949189e-11,0.9999999999999948,1.193256604636872e-11
supercell,6,2,-3.7216174624743883,0.0,1.050178018497557e-13,0.9999999999998915,0.9999999999999969,-1.050178018497557e-13
supercell,6,3,0.5567910194468935,0.0,1.0535545615643571e-10,0.9999999998946433,0.9999999999999996,-1.0535545615643571e-10
supercell,6,4,2.620109483133347,0.0,3.1023068568175638e-12,0.9999999999968984,1.0000000000000002,-3.1023068568175638e-12
supercell,6,5,3.4881412685822824,1.0,0.999999999560529,4.3947287740782285e-10,1.0000000000000016,4.3947101513452935e-10
supercell,6,6,4.642393273407636,1.0,0.9999999999399002,6.008080458528224e-11,0.9999999999999815,6.009981401433606e-11
supercell,6,7,4.642393272609776,1.0,0.9999999999620179,3.798288877746898e-11,1.0000000000000004,3.7982061940056155e-11
supercell,6,8,4.89110238335487,0.0,4.291075358474899e-10,0.9999999995708919,1.0000000000000004,-4.291075358474899e-10
supercell,6,9,7.589180682802299,1.0,0.999999999966787,3.320703129186347e-11,0.9999999999999962,3.321298791547633e-11
supercell,6,10,8.667696792214867,0.0,3.3561171291571e-11,0.9999999999664401,1.0000000000000018,-3.3561171291571e-11
supercell,6,11,9.972204057196043,1.0,0.9999999996980672,3.0193341035228754e-10,1.000000000000002,3.0193281208568123e-10
supercell,6,12,10.848909938206795,0.0,4.059946148109137e-11,0.9999999999594391,1.000000000000038,-4.059946148109137e-11
supercell,6,13,10.945353735835095,0.0,8.663022151802279e-10,0.9999999991334572,0.9999999999997592,-8.663022151802279e-10
supercell,6,14,11.292582804148692,1.0,0.99999999980053,1.9947379375867827e-10,1.0000000000000056,1.9946999607611815e-10
supercell,6,15,11.2925828040329,1.0,0.9999999991634397,8.365728025046805e-10,1.0000000000000127,8.365602655047155e-10
supercell,6,16,12.803467951265919,0.0,3.340273101877546e-10,0.9999999996659816,1.000000000000009,-3.340273101877546e-10
supercell,6,17,12.944846339843314,0.0,1.2281178495850831e-09,0.9999999987718948,1.0000000000000142,-1.2281178495850831e-09
supercell,6,18,13.498809484775808,0.999998,0.9999999988732591,1.1267429868396335e-09,1.000000000000001,-1.9988732590237035e-06
supercell,6,19,14.842068916970131,1.0,0.9999999998869636,1.130492953065865e-10,1.0000000000000127,1.1303635805148815e-10
supercell,6,20,15.808524034991757,0.0,1.268417702652421e-09,0.999999998731566,0.9999999999999829,-1.268417702652421e-09
supercell,6,21,16.67313739267062,0.999999,0.999999998661508,1.3384930339107623e-09,0.9999999999999999,-9.986615080448402e-07
supercell,6,22,18.22803874252173,1e-06,8.112205965227362e-10,0.9999999991887787,0.9999999999999989,9.991887794034773e-07
supercell,6,23,18.73925225757671,1.0,0.9999999981818017,1.8182274071011587e-09,1.0000000000000289,1.8181982586185086e-09
supercell,6,24,18.739252258758928,1.0,0.9999999999529624,4.70215703494246e-11,0.9999999999999847,4.7037596040411245e-11
supercell,7,1,-4.721880548939719,1.0,0.9999999999426035,5.7390346504320485e-11,0.999999999999994,5.739653197167627e-11
supercell,7,2,-3.7387118101125787,0.0,3.263227714816784e-11,0.9999999999673657,0.999999999999998,-3.263227714816784e-11
supercell,7,3,0.7415092034982693,0.0,1.4189363135583735e-10,0.9999999998581053,0.9999999999999989,-1.4189363135583735e-10
supercell,7,4,2.3904230344124056,0.0,9.330545781752639e-11,0.9999999999067017,1.0000000000000058,-9.330545781752639e-11
supercell,7,5,2.740575001501778,1.0,0.999999999902513,9.748735438941303e-11,0.9999999999999998,9.748701845779806e-11
supercell,7,6,4.3058342354840535,1.0,0.9999999998528976,1.4710589724784567e-10,1.0000000000000033,1.4710244133908645e-10
supercell,7,7,4.3058342350969445,1.0,0.999999999968044,3.196227735146873e-11,1.0000000000000069,3.195599340699573e-11
supercell,7,8,4.882737732592295,0.0,9.955021383234094e-11,0.9999999999004526,1.0000000000000016,-9.955021383234094e-11
supercell,7,9,7.3072482803008,1.0,0.9999999998985051,1.01494273777532e-10,1.0,1.0149492357669487e-10
supercell,7,10,8.659515166419288,0.0,7.382836421838625e-11,0.9999999999261716,0.9999999999999996,-7.382836421838625e-11
supercell,7,11,9.31699994923022,1.0,0.999999999906518,9.34862028857051e-11,1.0000000000000038,9.348199991876527e-11
supercell,7,12,11.04604871658453,0.0,3.816357401871833e-11,0.9999999999618312,0.9999999999999954,-3.816357401871833e-11
supercell,7,13,11.335586942187637,0.0,9.735279198972492e-11,0.9999999999027994,1.0000000000001534,-9.735279198972492e-11
supercell,7,14,12.016327011944641,1.0,0.9999999999834215,1.6586826245585857e-11,1.000000000000008,1.6578516337517613e-11
supercell,7,15,12.016327012238227,1.0,0.9999999998170231,1.8293929924557054e-10,0.9999999999999623,1.829768558891942e-10
supercell,7,16,12.38079271260621,1e-06,2.8083679554334716e-10,0.9999999997191655,1.0000000000000027,9.997191632044567e-07
supercell,7,17,12.667664727372827,0.0,2.3144464232460618e-11,0.9999999999768578,1.0000000000000018,-2.3144464232460618e-11
supercell,7,18,14.313654220095765,0.999998,0.9999999998057864,1.9420983729768702e-10,0.9999999999999969,-1.999805786301323e-06
supercell,7,19,15.213148733829216,1.0,0.9999999985191096,1.4808913988082892e-09,1.0000000000000018,1.480890410299196e-09
supercell,7,20,15.86929935249071,0.0,1.502404689581244e-09,0.9999999984975927,0.9999999999999987,-1.502404689581244e-09
supercell,7,21,17.551089710775255,0.999999,0.9999999999475048,5.250766248501765e-11,1.0000000000000115,-9.999475047983708e-07
supercell,7,22,18.783599252206717,1e-06,2.460110756380926e-10,0.9999999997539905,0.9999999999999999,9.997539889243619e-07
supercell,7,23,19.226966158973788,0.999999,0.9999999922475956,7.752392118566992e-09,0.9999999999999878,-9.922475956436472e-07
supercell,7,24,19.226966161603954,0.999999,0.9999999817481267,1.8251846572800714e-08,0.9999999999999737,-9.817481266827244e-07
supercell,8,1,-4.331627600925521,1.0,0.9999999999997938,2.0429249088188358e-13,1.0,2.0616841567289157e-13
supercell,8,2,-3.721617462737297,0.0,2.6106159994520858e-14,0.9999999999999721,0.999999999999999,-2.6106159994520858e-14
supercell,8,3,0.5567910206540215,0.0,1.0324945303169046e-10,0.9999999998967496,1.000000000000001,-1.0324945303169046e-10
supercell,8,4,1.9870468339645997,1.0,0.999999999855572,1.4442986645516696e-10,1.0000000000000009,1.4442802509506691e-10
supercell,8,5,2.6201094824276248,0.0,4.4370720115605476e-11,0.9999999999556308,1.0000000000000013,-4.4370720115605476e-11
supercell,8,6,4.01310320715229,1.0,0.999999999941951,5.8050550867418636e-11,1.0000000000000018,5.804901004324847e-11
supercell,8,7,4.013103207112643,1.0,0.9999999999822071,1.7795958024964326e-11,1.0000000000000038,1.779287828185261e-11
supercell,8,8,4.891102383845112,0.0,1.1426055251913656e-10,0.9999999998857388,1.0000000000000004,-1.1426055251913656e-10
supercell,8,9,7.070834977133897,1.0,0.9999999999148195,8.518510321794154e-11,1.0000000000000036,8.518052929673559e-11
supercell,8,10,8.66769679215959,0.0,5.427818772954972e-11,0.9999999999457537,1.0000000000000324,-5.427818772954972e-11
supercell,8,11,8.697550522760059,1.0,0.9999999999320895,6.790560126150893e-11,0.9999999999999954,6.791045503717896e-11
supercell,8,12,10.8489099368289,0.0,3.0390226320331275e-11,0.9999999999696663,1.0000000000000573,-3.0390226320331275e-11
supercell,8,13,10.945353733594922,0.0,5.278456785637944e-11,0.9999999999472203,1.0000000000000058,-5.278456785637944e-11
supercell,8,14,12.761394372388398,0.999999,0.9999999999643707,3.560529821616648e-11,0.9999999999999746,-9.999643707514494e-07
supercell,8,15,12.76139437311631,0.999999,0.9999999999428056,5.726450005984127e-11,1.00000000000007,-9.999428056683968e-07
supercell,8,16,12.803467953285683,1e-06,1.0399433953515235e-10,0.9999999998960739,1.0000000000000684,9.998960056604648e-07
supercell,8,17,12.944846341245633,0.0,1.1582113925053867e-11,0.9999999999884123,0.9999999999999947,-1.1582113925053867e-11
supercell,8,18,15.183924524272733,0.999997,0.9999999997474707,2.5252769023414547e-10,0.9999999999999983,-2.999747470644465e-06
supercell,8,19,15.650813003408654,0.999999,0.999999963881357,3.611861543555644e-08,0.9999999999999728,-9.638813570633786e-07
supercell,8,20,15.808524028144063,0.0,3.635309993370311e-08,0.9999999636469102,1.0000000000000093,-3.635309993370311e-08
supercell,8,21,18.22803874384011,1e-06,7.94787192949049e-09,0.9999999920522336,1.0000000000001046,9.920521280705095e-07
supercell,8,22,18.434510672471482,0.999999,0.9999999920291048,7.970886035327396e-09,0.9999999999999912,-9.92029104862624e-07
supercell,8,23,19.301869975922788,1e-06,4.305379792283532e-09,0.9999999956945815,0.9999999999999614,9.956946202077164e-07
supercell,8,24,19.635930777275522,0.999999,0.9999999963613326,3.6386792825994165e-09,1.000000000000013,-9.96361332661344e-07
supercell,9,1,-3.8860950839584905,1.0,0.9999999999997907,2.096287835601175e-13,1.0,2.09277040141842e-13
supercell,9,2,-3.672835913402719,0.0,1.8038329098676587e-13,0.9999999999998197,1.000000000000001,-1.8038329098676587e-13
supercell,9,3,0.1792605465450646,0.0,3.3831992496246427e-14,0.9999999999999676,1.0000000000000009,-3.3831992496246427e-14
supercell,9,4,1.2353945735330003,1.0,0.9999999999999593,4.367754115094239e-14,1.000000000000002,4.0745185003743245e-14
supercell,9,5,3.1306246025210607,0.0,3.926999281104372e-14,0.9999999999999609,1.0000000000000009,-3.926999281104372e-14
supercell,9,6,3.7690992007765587,1.0,0.9999999999999761,2.6022974402708803e-14,1.0000000000000013,2.3869795029440866e-14
supercell,9,7,3.7690992016757017,1.0,0.9999999999999407,5.978749017947534e-14,1.000000000000001,5.928590951498336e-14
supercell,9,8,4.914362453570681,0.0,1.170270145036357e-13,0.9999999999998831,1.0000000000000016,-1.170270145036357e-13
supercell,9,9,6.890399248220116,1.0,0.9999999999999086,9.171995954961058e-14,1.000000000000002,9.137135492665038e-14
supercell,9,10,8.152073802770419,1.0,0.9999999999994547,5.452239838762528e-13,1.0000000000000009,5.453415496958769e-13
supercell,9,11,8.672980478274317,0.0,2.473015620140303e-13,0.9999999999997548,1.0000000000000013,-2.473015620140303e-13
supercell,9,12,10.335984174006176,1e-06,1.951878597160055e-14,0.9999999999999822,1.0000000000000007,9.99999980481214e-07
supercell,9,13,10.468472207949223,0.0,1.148171376520283e-14,0.999999999999988,1.0000000000000002,-1.148171376520283e-14
supercell,9,14,13.507653684548275,1e-06,5.335429637108742e-11,0.9999999999466475,1.0000000000000013,9.999466457036288e-07
supercell,9,15,13.523263194733534,0.999999,0.9999999999862486,1.3752100996342657e-11,1.0000000000000009,-9.99986248584328e-07
supercell,9,16,13.5232631953039,0.999999,0.9999999999458419,5.415930492902849e-11,1.0000000000000009,-9.999458419063245e-07
supercell,9,17,13.566860018307295,0.0,1.9123988003514984e-12,0.9999999999980901,1.000000000000002,-1.9123988003514984e-12
supercell,9,18,15.607275665884776,0.0,5.694386543600143e-12,0.9999999999943067,1.0000000000000016,-5.694386543600143e-12
supercell,9,19,16.064589094271238,0.999997,0.9999999999852427,1.4757989787218223e-11,1.0000000000000007,-2.9999852426687568e-06
supercell,9,20,16.154855482493176,0.999999,0.9999999999701498,2.98494897868203e-11,1.000000000000001,-9.999701497953595e-07
supercell,9,21,17.65411345864918,1e-06,1.1530456698626092e-11,0.9999999999884701,1.0000000000000016,9.999884695433013e-07
supercell,9,22,19.025954112963912,1e-06,6.473357259470776e-10,0.9999999993526646,1.0000000000000004,9.993526642740528e-07
supercell,9,23,19.24172204686778,1.0,0.9999999999224324,7.756838693574296e-11,1.0000000000000016,7.756761899457842e-11
supercell,9,24,19.686161737921516,0.999998,0.9999999996776584,3.223431459836735e-10,1.000000000000001,-1.999677658348631e-06
supercell,10,1,-3.6007176954394766,0.0,4.493344254027546e-13,0.9999999999995495,0.9999999999999986,-4.493344254027546e-13
supercell,10,2,-3.3877483003966797,1.0,0.9999999999995681,4.322019497601962e-13,0.9999999999999989,4.318767565791859e-13
supercell,10,3,-0.20971603492960078,0.0,4.2707308388294717e-13,0.9999999999995723,1.0000000000000004,-4.2707308388294717e-13
supercell,10,4,0.49259183289478553,1.0,0.9999999999996136,3.8589654258408713e-13,0.9999999999999991,3.863576125695545e-13
supercell,10,5,3.576857128955119,1.0,0.9999999999831963,1.6817305959703065e-11,1.0000000000000133,1.6803669566911594e-11
supercell,10,6,3.576857128495932,1.0,0.9999999999715449,2.8467998548803854e-11,1.000000000000012,2.8455127143445225e-11
supercell,10,7,3.732699750506898,0.0,5.966621953908453e-11,0.9999999999403377,1.000000000000002,-5.966621953908453e-11
supercell,10,8,4.94713843517687,0.0,2.923027525548888e-11,0.9999999999707692,0.9999999999999987,-2.923027525548888e-11
supercell,10,9,6.773378285969899,1.0,0.9999999999292162,7.078902678381558e-11,1.0000000000000047,7.078382324721133e-11
supercell,10,10,7.693759638429493,1.0,0.9999999999573427,4.266892525655259e-11,1.0000000000000118,4.265732211905515e-11
supercell,10,11,8.596562372922829,0.0,1.7051315144082676e-11,0.9999999999829488,1.0000000000000004,-1.7051315144082676e-11
supercell,10,12,9.833495739053172,0.0,3.442264404384879e-11,0.9999999999656207,1.0000000000000435,-3.442264404384879e-11
supercell,10,13,10.099570068325773,0.0,2.50086788369013e-11,0.999999999974982,0.9999999999999912,-2.50086788369013e-11
supercell,10,14,14.107484885522426,0.0,1.8724880820669737e-10,0.9999999998127016,0.9999999999999492,-1.8724880820669737e-10
supercell,10,15,14.298986685502896,0.999999,0.9999998642810689,1.3571904645797285e-07,1.0000000000001152,-8.642810689352132e-07
supercell,10,16,14.2989867192546,0.999998,0.9999990655639767,9.344360189727717e-07,0.999999999999996,-1.0655639766099512e-06
supercell,10,17,14.341620100658485,2e-06,1.0695699816715205e-06,0.9999989304300116,0.9999999999999948,9.304300183284794e-07
supercell,10,18,15.389487782027404,1e-06,4.5084721339647254e-10,0.9999999995491509,0.9999999999999968,9.995491527866034e-07
supercell,10,19,16.724726420755,0.999999,0.999999998305531,1.6945328622354724e-09,1.0000000000000648,-9.983055310192057e-07
supercell,10,20,16.92894855322236,0.999997,0.9999999923962923,7.603707112940136e-09,1.0000000000000007,-2.9923962923117386e-06
supercell,10,21,17.406843840416755,1e-06,9.253496990590135e-09,0.9999999907465142,1.0000000000000107,9.907465030094098e-07
supercell,10,22,18.65928882144925,1e-06,4.224347209071609e-09,0.9999999957756412,0.9999999999999883,9.957756527909283e-07
supercell,10,23,19.225377611194343,0.999998,0.9999999985858894,1.4141332535065821e-09,1.0000000000000233,-1.9985858893400987e-06
supercell,10,24,19.225377611503863,0.999998,0.9999999967447819,3.2551980425268482e-09,0.9999999999999806,-1.9967447818514117e-06
supercell,11,1,-3.5207203805937692,0.0,7.854078992343282e-13,0.9999999999992056,0.9999999999999905,-7.854078992343282e-13
supercell,11,2,-2.8396513616738006,1.0,0.9999999999998576,1.4222148466207254e-13,1.0000000000000004,1.4244161405940758e-13
supercell,11,3,-0.5348242963502228,0.0,6.9518265956740444e-12,0.9999999999930483,0.9999999999999999,-6.9518265956740444e-12
supercell,11,4,-0.2338429692457589,1.0,0.9999999999901839,9.814830197161374e-12,1.0000000000000002,9.816147894525784e-12
supercell,11,5,3.4383509719709715,1.0,0.9999999998192153,1.807852660257413e-10,1.0000000000000007,1.8078472052707184e-10
supercell,11,6,3.4383509725435744,1.0,0.9999999999729804,2.7023513302194174e-11,1.0000000000000038,2.7019608772604897e-11
supercell,11,7,4.3290718641836445,0.0,2.2669796780518508e-10,0.999999999773308,1.000000000000004,-2.2669796780518508e-10
supercell,11,8,4.981170069516222,0.0,2.0644327307866682e-10,0.9999999997935606,1.0000000000000027,-2.0644327307866682e-10
supercell,11,9,6.725853078899911,1.0,0.9999999997068316,2.931634571548411e-10,0.9999999999999967,2.9316837846238286e-10
supercell,11,10,7.326277570900783,1.0,0.9999999999089804,9.091085720472108e-11,0.9999999999998912,9.101963627244913e-11
supercell,11,11,8.323773608572848,1e-06,5.832310724784949e-11,0.9999999999416799,1.0000000000000024,9.999416768927521e-07
supercell,11,12,9.592686378048489,0.0,6.966896475594492e-11,0.9999999999303155,0.9999999999999825,-6.966896475594492e-11
supercell,11,13,9.808651281885865,0.0,3.695709506088577e-11,0.9999999999630375,0.9999999999999946,-3.695709506088577e-11
supercell,11,14,14.165558820265248,0.0,3.4864424972805994e-10,0.9999999996513498,0.9999999999999928,-3.4864424972805994e-10
supercell,11,15,15.084542800002577,0.999999,0.9999999999875003,1.2452957511216234e-11,0.9999999999999545,-9.999875003607883e-07
supercell,11,16,15.084542800658596,0.999999,0.9999999993343891,6.655903067640063e-10,0.99999999999998,-9.993343891290252e-07
supercell,11,17,15.204751936469313,1e-06,1.7422720384838096e-10,0.9999999998257819,1.0000000000000095,9.998257727961515e-07
supercell,11,18,15.684568223469261,1e-06,1.7051867821116708e-10,0.9999999998294784,0.9999999999999982,9.998294813217887e-07
supercell,11,19,17.35942257741993,0.999999,0.9999993439933949,6.560065804717105e-07,0.9999999999999752,-3.439933948801155e-07
supercell,11,20,17.410803792977426,2e-06,6.582280735478489e-07,0.999999341771988,1.00000000000006,1.3417719264521509e-06
supercell,11,21,17.759029926596742,0.999997,0.9999999977054149,2.294579260974159e-09,0.9999999999999928,-2.9977054148977444e-06
supercell,11,22,18.25086069431503,1e-06,1.0733219952109148e-09,0.9999999989266778,1.0000000000000007,9.98926678004789e-07
supercell,11,23,18.498513894014227,0.999998,0.9999999984247359,1.5752704577379276e-09,1.0000000000000042,-1.9984247358051377e-06
supercell,11,24,18.4985138948492,0.999998,0.99999999835941,1.6406000761919732e-09,1.0000000000000102,-1.998359409949302e-06
supercell,12,1,-3.4557822594424112,0.0,7.187389009921648e-12,0.9999999999928111,1.0000000000000002,-7.187389009921648e-12
supercell,12,2,-2.2453155511414784,1.0,0.9999999998441255,1.5587091592329654e-10,0.9999999999999974,1.5587453550125474e-10
supercell,12,3,-0.9367130510755656,1.0,0.9999999999878746,1.2121791804134247e-11,0.9999999999999976,1.212541178574611e-11
supercell,12,4,-0.752167844288535,0.0,1.647198662920386e-10,0.9999999998352795,0.9999999999999991,-1.647198662920386e-10
supercell,12,5,3.354801863077259,1.0,0.9999999996804294,3.1957079993688174e-10,1.0000000000000013,3.195705922109937e-10
supercell,12,6,3.354801862794149,1.0,0.99999999994431,5.569167757495746e-11,1.0000000000000009,5.569000816052494e-11
supercell,12,7,4.81431454825098,0.0,2.5468423554583306e-10,0.999999999745337,1.0000000000000193,-2.5468423554583306e-10
supercell,12,8,5.006952045886021,0.0,2.136611338540017e-10,0.9999999997863387,1.0000000000000004,-2.136611338540017e-10
supercell,12,9,6.752930284522982,1.0,0.9999999996721287,3.2787823626757587e-10,1.000000000000007,3.2787128567690615e-10
supercell,12,10,7.049104280512719,1.0,0.999999999827861,1.7214202016915447e-10,1.0000000000000036,1.721389697451059e-10
supercell,12,11,7.961573963297108,1e-06,3.0646818401398557e-10,0.9999999996935304,0.9999999999999991,9.996935318159859e-07
supercell,12,12,9.554922510212764,0.0,6.056933778537257e-11,0.9999999999395385,1.0000000000001086,-6.056933778537257e-11
supercell,12,13,9.624179934797887,0.0,3.6381720497695296e-11,0.9999999999636239,1.0000000000000067,-3.6381720497695296e-11
supercell,12,14,13.930974750345317,0.0,2.7371450851411523e-11,0.9999999999726282,1.0000000000000013,-2.7371450851411523e-11
supercell,12,15,15.859689397064681,0.999999,0.9999999996498439,3.5012954313851766e-10,0.9999999999999752,-9.996498439024393e-07
supercell,12,16,15.85968940268962,0.999999,0.999999981915547,1.808444320392601e-08,0.9999999999999903,-9.819155469825702e-07
supercell,12,17,16.114823088335932,1e-06,1.3650279881815843e-08,0.9999999863498172,1.0000000000000973,9.86349720118184e-07
supercell,12,18,16.345505564853074,1e-06,4.963464514381749e-09,0.9999999950365424,1.0000000000000073,9.950365354856183e-07
supercell,12,19,17.535417038758435,1e-06,5.536033622390494e-09,0.9999999944639445,0.9999999999999793,9.944639663776095e-07
supercell,12,20,17.715646955068674,0.999997,0.9999999945925686,5.407476205478652e-09,1.0000000000000449,-2.9945925685836983e-06
supercell,12,21,17.715646961540344,0.999998,0.9999999641727776,3.582726960412879e-08,1.0000000000000466,-1.9641727775354667e-06
supercell,12,22,17.8187176090242,1e-06,5.615931228306363e-08,0.9999999438407161,1.0000000000000284,9.438406877169364e-07
supercell,12,23,18.058971541936838,0.999999,0.9999999779010887,2.20989599115715e-08,1.000000000000049,-9.779010887722706e-07
supercell,12,24,18.34838740813758,1e-06,2.9410796975040833e-09,0.9999999970589473,1.0000000000000286,9.970589203024958e-07
supercell,13,1,-3.4304453188479824,0.0,3.6079036457172783e-10,0.9999999996392076,0.9999999999999987,-3.6079036457172783e-10
supercell,13,2,-1.6092435715141893,1.0,0.9999999999378109,6.218888173821955e-11,0.9999999999999988,6.218914272437814e-11
supercell,13,3,-1.60924354864904,1.0,0.9999999997011433,2.9885626728702075e-10,0.9999999999999997,2.988567171513523e-10
supercell,13,4,-0.8291419223340396,0.0,5.880643081534641e-13,0.9999999999994129,0.9999999999999997,-5.880643081534641e-13
supercell,13,5,3.3268784495309545,1.0,0.9999999999874286,1.2573164316107162e-11,1.0000000000000007,1.2571388374738035e-11
supercell,13,6,3.3268784492465873,1.0,0.9999999999934146,6.588284147830557e-12,1.000000000000001,6.5853988928665785e-12
supercell,13,7,5.016558180514713,0.0,1.1190882960542615e-12,0.9999999999988819,1.000000000000001,-1.1190882960542615e-12
supercell,13,8,5.016558182065877,0.0,2.4114853234643865e-13,0.999999999999759,1.0000000000000004,-2.4114853234643865e-13
supercell,13,9,6.859227308286789,1.0,0.999999998605576,1.3944272371730034e-09,1.0000000000000024,1.3944240206953396e-09
supercell,13,10,6.859227388649512,1.0,0.9999999998585873,1.414154032734922e-10,1.000000000000003,1.41412659360185e-10
supercell,13,11,7.789119270014062,1e-06,1.4029517849387392e-09,0.9999999985970558,1.0000000000000056,9.985970482150612e-07
supercell,13,12,9.561013469913425,0.0,6.00516860078428e-11,0.9999999999399456,0.9999999999999982,-6.00516860078428e-11
supercell,13,13,9.56101347007615,0.0,9.01088625547844e-11,0.9999999999098956,1.0000000000000044,-9.01088625547844e-11
supercell,13,14,13.823152373084927,0.0,6.098556627985376e-11,0.9999999999390079,0.9999999999999936,-6.098556627985376e-11
supercell,13,15,16.384354546987726,1.0,0.9999999986766593,1.3233362333104308e-09,0.999999999999995,1.3233406592760844e-09
supercell,13,16,16.38435454635902,1.0,0.9999999979789119,2.0210940014034986e-09,1.0000000000000062,2.0210880746773796e-09
supercell,13,17,16.787073520006725,1e-06,1.0784824566613327e-08,0.9999999892151907,1.0000000000000147,9.892151754333866e-07
supercell,13,18,16.787073519981174,2e-06,1.0769780725598776e-08,0.9999999892301912,0.9999999999999709,1.989230219274401e-06
supercell,13,19,17.18323539572788,0.999997,0.9999999805275686,1.9472421094314358e-08,0.9999999999999893,-2.980527568530178e-06
supercell,13,20,17.183235399011615,0.999997,0.9999999968510861,3.148923887417362e-09,1.0000000000000109,-2.996851086067842e-06
supercell,13,21,17.50119135225618,2e-06,5.749470675396571e-09,0.9999999942506423,1.0000000000001108,1.9942505293246035e-06
supercell,13,22,17.625327123570475,1e-06,1.056043634042766e-09,0.9999999989439624,1.0000000000000053,9.989439563659573e-07
supercell,13,23,17.625327124544118,1e-06,2.7475738334409957e-10,0.9999999997252624,1.0000000000000184,9.997252426166559e-07
supercell,13,24,18.822051543054904,0.999999,0.999999998969898,1.0300450755744272e-09,0.999999999999945,-9.989698980250594e-07
supercell,14,1,-3.4557822592928598,0.0,3.5926770133980062e-12,0.9999999999964091,1.0000000000000007,-3.5926770133980062e-12
supercell,14,2,-1.5983851126955873,1.0,0.9999999999966531,3.3490338167772864e-12,1.0000000000000029,3.346878330034997e-12
supercell,14,3,-1.598385096341459,0.999999,0.999999999999928,7.296156308460791e-14,1.0000000000000004,-9.999999279752814e-07
supercell,14,4,-0.7521678440614593,0.0,4.729751128285532e-12,0.9999999999952683,0.9999999999999994,-4.729751128285532e-12
supercell,14,5,3.2335633576085776,1.0,0.9999999999826945,1.7302952046821472e-11,0.9999999999999986,1.7305490374042165e-11
supercell,14,6,3.233563359354993,1.0,0.9999999999842428,1.5758024879354573e-11,1.0000000000000004,1.5757173343899922e-11
supercell,14,7,4.814314550112982,0.0,2.0934033622541048e-11,0.9999999999790821,1.000000000000015,-2.0934033622541048e-11
supercell,14,8,5.006952044346086,0.0,1.623182204094476e-11,0.9999999999837698,1.0000000000000009,-1.623182204094476e-11
supercell,14,9,7.029055442749243,1.0,0.9999999999580302,4.1958278552390086e-11,0.9999999999999879,4.196976099990479e-11
supercell,14,10,7.029055493741474,1.0,0.9999999982387898,1.7612217270041312e-09,1.0000000000000115,1.761210177697592e-09
supercell,14,11,7.961573960991463,1e-06,1.743925796370238e-09,0.999999998256091,1.000000000000018,9.982560742036296e-07
supercell,14,12,9.554922508962438,0.0,1.043663080792248e-11,0.9999999999896199,1.000000000000057,-1.043663080792248e-11
supercell,14,13,9.62417993694208,0.0,3.06053446096497e-11,0.9999999999694106,1.0000000000000162,-3.06053446096497e-11
supercell,14,14,13.930974750319004,0.0,4.313625782584224e-11,0.9999999999568694,1.000000000000005,-4.313625782584224e-11
supercell,14,15,16.067622610733107,0.999999,0.9999997997268912,2.0027311756027678e-07,1.000000000000009,-7.997268912651734e-07
supercell,14,16,16.06762279811803,0.999999,0.9999993763468589,6.23653165705913e-07,1.0000000000000233,-3.7634685889909036e-07
supercell,14,17,16.114823051819535,2e-06,8.219531653442235e-07,0.9999991780468294,0.9999999999999962,1.1780468346557766e-06
supercell,14,18,16.345505566773888,2e-06,1.7539816039979962e-09,0.999999998246029,1.0000000000000113,1.998246018396002e-06
supercell,14,19,16.94827136073702,0.999997,0.9999999991084728,8.91505587676163e-10,0.9999999999999784,-2.9991084727898354e-06
supercell,14,20,16.948271377061932,0.999997,0.9999999960386385,3.96136750274131e-09,1.0000000000000075,-2.9960386385141646e-06
supercell,14,21,17.535417035515835,1e-06,3.877036054842243e-09,0.9999999961229922,1.0000000000000275,9.961229639451577e-07
supercell,14,22,17.818717608849347,3e-06,1.0858033094116421e-09,0.9999999989141883,0.9999999999999942,2.9989141966905885e-06
supercell,14,23,18.348387407443727,1e-06,1.1472279442535049e-09,0.9999999988527617,0.9999999999999915,9.988527720557465e-07
supercell,14,24,18.971674459530423,0.999999,0.999999999067343,9.326513222809244e-10,0.9999999999999942,-9.990673430770869e-07
supercell,15,1,-3.5207203806668836,0.0,9.367273038591287e-14,0.9999999999999079,1.0000000000000004,-9.367273038591287e-14
supercell,15,2,-1.5680218325917887,1.0,0.9999999999999819,1.912605040860359e-14,0.9999999999999989,1.8096635301390052e-14
supercell,15,3,-1.5680218241327757,0.999999,0.9999999999997866,2.1158132450633223e-13,0.9999999999999987,-9.999997866438903e-07
supercell,15,4,-0.5348242962092249,0.0,1.2999777487265822e-11,0.9999999999869988,0.9999999999999993,-1.2999777487265822e-11
supercell,15,5,3.0049683475647853,1.0,0.9999999999341129,6.588620152704494e-11,1.0000000000000007,6.588707357479962e-11
supercell,15,6,3.004968347649783,1.0,0.9999999998676208,1.3237847334410693e-10,1.0000000000000007,1.3237921869801994e-10
supercell,15,7,4.329071865059473,0.0,1.9855640697151333e-10,0.9999999998014466,1.0000000000000016,-1.9855640697151333e-10
supercell,15,8,4.981170067961951,0.0,3.16204548319604e-11,0.9999999999683822,1.0000000000000033,-3.16204548319604e-11
supercell,15,9,7.488560853214337,1.0,0.9999999997229378,2.770683330445856e-10,1.0000000000000062,2.770621509995408e-10
supercell,15,10,7.488560869595469,1.0,0.9999999982972332,1.7027741902600056e-09,1.000000000000007,1.7027668164359966e-09
supercell,15,11,8.32377360686742,1e-06,1.6194606832166155e-09,0.9999999983805277,0.9999999999999887,9.983805393167834e-07
supercell,15,12,9.592686376729372,0.0,9.581547597669399e-11,0.9999999999042252,1.0000000000000415,-9.581547597669399e-11
supercell,15,13,9.808651283517294,0.0,2.2205860249684814e-10,0.9999999997779654,1.0000000000000255,-2.2205860249684814e-10
supercell,15,14,14.165558818635942,0.0,8.257610400928431e-11,0.9999999999174229,0.9999999999999982,-8.257610400928431e-11
supercell,15,15,15.16648717620735,0.999998,0.9999992334303688,7.665695955655365e-07,0.9999999999999651,-1.2334303687300263e-06
supercell,15,16,15.166487200078974,0.999999,0.9999998643343794,1.356653744389399e-07,0.9999999999997548,-8.64334379402365e-07
supercell,15,17,15.204751905202212,2e-06,9.013707260745641e-07,0.9999990986292688,0.9999999999999972,1.0986292739254357e-06
supercell,15,18,15.684568220518283,1e-06,1.872857219832234e-09,0.9999999981271518,1.0000000000000093,9.981271427801678e-07
supercell,15,19,16.832137199911053,0.999998,0.9999999991718087,8.28198628145338e-10,1.0000000000000067,-1.9991718086531662e-06
supercell,15,20,16.832137215210338,0.999998,0.9999999989774653,1.0225367088786062e-09,1.000000000000001,-1.9989774652229286e-06
supercell,15,21,17.410803825358695,1e-06,4.465118863123507e-10,0.9999999995534882,1.000000000000001,9.995534881136877e-07
supercell,15,22,18.250860698778162,3e-06,1.0000259083157981e-09,0.9999999989999603,0.9999999999999862,2.9989999740916842e-06
supercell,15,23,19.05359883853374,0.999998,0.9999999935055581,6.494428104998898e-09,0.9999999999999882,-1.9935055580733163e-06
supercell,15,24,19.053599490970896,0.999998,0.99999999918481,8.152174997997162e-10,1.0000000000000275,-1.999184809919896e-06
supercell,16,1,-3.600717695585003,0.0,8.177050962779487e-14,0.9999999999999161,0.999999999999998,-8.177050962779487e-14
supercell,16,2,-1.5247450881227345,0.999999,0.9999999988758035,1.1241986152928352e-09,0.9999999999999992,-9.98875803515098e-07
supercell,16,3,-1.52474506953533,1.0,0.9999999999998506,1.487533314348128e-13,0.9999999999999981,1.4943601911454607e-13
supercell,16,4,-0.2097160357847987,0.0,1.1865680101116623e-09,0.9999999988134322,0.9999999999999997,-1.1865680101116623e-09
supercell,16,5,2.73520182643656,1.0,0.9999999998934598,1.0654150778360823e-10,1.000000000000002,1.0654022108980143e-10
supercell,16,6,2.7352018306303134,1.0,0.9999999998427782,1.5722217198091044e-10,1.0000000000000022,1.5722179114163737e-10
supercell,16,7,3.732699751772402,0.0,1.060843364164193e-11,0.9999999999893948,1.0000000000000038,-1.060843364164193e-11
supercell,16,8,4.947138433504206,0.0,2.311246618004892e-10,0.9999999997688789,1.000000000000004,-2.311246618004892e-10
supercell,16,9,8.14715209418117,1.0,0.9999999998706737,1.2934596473544455e-10,1.0000000000000213,1.2932632742490568e-10
supercell,16,10,8.147152108834327,1.0,0.9999999999402949,5.973728153715529e-11,1.0000000000000309,5.970512972908182e-11
supercell,16,11,8.596562371654569,1e-06,1.4597651090660842e-10,0.999999999854024,0.9999999999999996,9.998540234890933e-07
supercell,16,12,9.833495739849827,0.0,8.27000104020269e-12,0.9999999999917074,0.999999999999976,-8.27000104020269e-12
supercell,16,13,10.099570069273511,0.0,2.9908411872326393e-13,0.9999999999997181,1.0000000000000178,-2.9908411872326393e-13
supercell,16,14,14.09236930422455,0.999999,0.9999999978230485,2.1770023626561216e-09,1.0000000000000515,-9.978230485208073e-07
supercell,16,15,14.092369462851522,0.999992,0.9999933482165689,6.651783445732945e-06,1.0000000000000133,-1.3482165689415737e-06
supercell,16,16,14.107484784480198,7e-06,6.6516132695139505e-06,0.9999933483867279,0.9999999999999988,3.483867304860494e-07
supercell,16,17,14.341620144997666,1e-06,2.097508622704386e-09,0.9999999979024978,1.000000000000006,9.979024913772956e-07
supercell,16,18,15.389487782064336,1e-06,3.531404506866788e-10,0.999999999646866,1.0000000000000073,9.996468595493133e-07
supercell,16,19,16.812813266307625,0.999998,0.999999999813518,1.864849136119497e-10,1.000000000000003,-1.9998135178944665e-06
supercell,16,20,16.81281328505249,0.999998,0.9999999997297386,2.702571103785828e-10,0.999999999999995,-1.999729738577649e-06
supercell,16,21,17.406843846078004,1e-06,1.9824036652855618e-10,0.9999999998017717,1.0000000000000118,9.998017596334715e-07
supercell,16,22,18.659288820279603,3e-06,7.614145779284953e-11,0.9999999999238691,1.0000000000000093,2.999923858542207e-06
supercell,16,23,19.128830964248593,0.999998,0.9999999987886273,1.2113567059212399e-09,0.9999999999999842,-1.998788627277648e-06
supercell,16,24,19.128832070320446,0.999998,0.9999999996503893,3.496135462053904e-10,1.0000000000000029,-1.9996503892727446e-06
supercell,17,1,-3.6728359127665335,0.0,2.6492089770690653e-10,0.9999999997350777,0.9999999999999981,-2.6492089770690653e-10
supercell,17,2,-1.479139496605477,0.999999,0.9999999997531557,2.4684395725950597e-10,0.9999999999999996,-9.997531557059958e-07
supercell,17,3,-1.479139469528571,1.0,0.9999999999797272,2.0270318520238626e-11,0.9999999999999991,2.027278345195782e-11
supercell,17,4,0.1792605471863775,1e-06,5.5163865073819784e-11,0.9999999999448355,1.0000000000000004,9.999448361349262e-07
supercell,17,5,2.4970045749628857,1.0,0.9999999999471142,5.289159167245877e-11,1.0000000000000036,5.288580684492672e-11
supercell,17,6,2.497004572890375,1.0,0.9999999997992026,2.0079997550173006e-10,1.0000000000000016,2.0079737872436e-10
supercell,17,7,3.1306246036339873,0.0,1.7727385497256584e-11,0.9999999999822731,1.0000000000000009,-1.7727385497256584e-11
supercell,17,8,4.914362451870946,0.0,2.0158486471204155e-10,0.9999999997984136,1.0000000000000007,-2.0158486471204155e-10
supercell,17,9,8.672980476266822,1e-06,1.1083433767415538e-11,0.9999999999889182,0.9999999999999996,9.999889165662326e-07
supercell,17,10,8.935662045162731,1.0,0.9999999999918958,8.110310732815744e-12,1.0000000000000067,8.104183990553793e-12
supercell,17,11,8.935662072667936,1.0,0.9999999998204282,1.7957445910648314e-10,1.0000000000000018,1.7957180187266886e-10
supercell,17,12,10.33598417608648,0.0,7.632297699107273e-11,0.9999999999232612,0.9999999999995843,-7.632297699107273e-11
supercell,17,13,10.46847220847372,0.0,1.4215082707639534e-10,0.9999999998578792,1.0000000000000286,-1.4215082707639534e-10
supercell,17,14,13.005110694106452,0.999999,0.9999999994928438,5.071554684756302e-10,0.9999999999999984,-9.994928438228357e-07
supercell,17,15,13.005111011456309,0.999999,0.9999999954137287,4.586253050166544e-09,0.9999999999999831,-9.954137287770948e-07
supercell,17,16,13.507653684079262,1e-06,9.143040696486778e-11,0.9999999999087068,1.0000000000001368,9.99908569593035e-07
supercell,17,17,13.566860015593148,1e-06,4.874675589319134e-09,0.999999995125325,1.0000000000000018,9.951253244106807e-07
supercell,17,18,15.607275666619582,1e-06,6.870436441183697e-10,0.9999999993129713,1.0000000000000129,9.993129563558816e-07
supercell,17,19,16.813671551339596,0.999998,0.9999999990232847,9.76720259541361e-10,1.0000000000000044,-1.9990232846822664e-06
supercell,17,20,16.81367156122454,0.999998,0.9999999994359595,5.640504680104684e-10,1.0000000000000089,-1.999435959465501e-06
supercell,17,21,17.65411345838242,1e-06,8.934638484746976e-10,0.9999999991065379,1.0000000000000016,9.991065361515252e-07
supercell,17,22,19.025954114485106,3e-06,2.1440981279275397e-09,0.9999999978559813,1.0000000000000797,2.9978559018720727e-06
supercell,17,23,19.205422951020548,0.999998,0.9999999980166727,1.983330212613686e-09,1.0000000000000044,-1.998016672666303e-06
supercell,17,24,19.205424117082057,0.999998,0.9999999993406392,6.593642163414548e-10,1.000000000000002,-1.999340639158298e-06
supercell,18,1,-3.7216174628554675,0.0,1.1082057168503365e-11,0.9999999999889159,0.9999999999999983,-1.1082057168503365e-11
supercell,18,2,-1.4440739781169973,0.999999,0.9999999999913289,8.668891067517645e-12,0.9999999999999992,-9.999913289648887e-07
supercell,18,3,-1.4440739466775105,0.999999,0.9999999999721725,2.7826275988635393e-11,0.999999999999999,-9.99972172510688e-07
supercell,18,4,0.5567910215173526,1e-06,1.1129639331983184e-10,0.9999999998887031,0.9999999999999996,9.9988870360668e-07
supercell,18,5,2.336346284280225,1.0,0.9999999999961688,3.8305896664194e-12,0.9999999999999991,3.83115761337649e-12
supercell,18,6,2.3363462821271073,1.0,0.999999999874526,1.254802008258948e-10,1.0000000000000058,1.2547396455175885e-10
supercell,18,7,2.6201094831374103,0.0,1.2132706003506213e-11,0.9999999999878665,1.0,-1.2132706003506213e-11
supercell,18,8,4.891102382251853,0.0,2.987219903290095e-11,0.9999999999701294,1.0000000000000007,-2.987219903290095e-11
supercell,18,9,8.667696789997187,1e-06,5.185881072903659e-12,0.9999999999948223,1.0000000000000078,9.99994814118927e-07
supercell,18,10,9.797530607774174,0.999999,0.9999999998222194,1.7778219723849447e-10,1.0,-9.99822219460711e-07
supercell,18,11,9.797530642995351,1.0,0.9999999991123292,8.876590416161918e-10,0.9999999999999869,8.876708257332666e-10
supercell,18,12,10.848909937113152,0.0,7.824602344914024e-10,0.9999999992175352,0.9999999999999961,-7.824602344914024e-10
supercell,18,13,10.94535373385599,1e-06,2.9451417915084896e-10,0.9999999997054937,1.0000000000000087,9.99705485820849e-07
supercell,18,14,11.965889073465501,0.999999,0.999999998060342,1.9396436888742537e-09,0.9999999999999863,-9.980603420389755e-07
supercell,18,15,11.965889314196776,0.999999,0.9999999999752806,2.4724776820004337e-11,1.0000000000000049,-9.999752805800455e-07
supercell,18,16,12.8034679531089,1e-06,9.41651825784571e-11,0.99999999990578,0.9999999999999456,9.999058348174215e-07
supercell,18,17,12.94484633902689,1e-06,1.897198796416096e-09,0.999999998102807,1.0000000000000064,9.981028012035839e-07
supercell,18,18,15.808524035012763,1e-06,5.035854201496761e-11,0.9999999999496525,1.0000000000000109,9.99949641457985e-07
supercell,18,19,16.81798627659048,0.999998,0.9999999996990204,3.009746695744467e-10,0.9999999999999946,-1.9996990203718923e-06
supercell,18,20,16.817986395368205,0.999998,0.9999999997791315,2.2087443748304797e-10,1.0000000000000062,-1.999779131400814e-06
supercell,18,21,18.228038740631604,1e-06,3.5938085201732375e-11,0.9999999999640544,0.9999999999999944,9.999640619147983e-07
supercell,18,22,19.265685183631145,0.999996,0.9999981676709533,1.8323291839536237e-06,1.0000000000001372,-2.1676709532902905e-06
supercell,18,23,19.26568522409248,0.999996,0.9999985835676892,1.4164323432326094e-06,1.0000000000000322,-2.5835676892294046e-06
supercell,18,24,19.30186986029714,7e-06,3.249066381678641e-06,0.9999967509336222,1.000000000000003,3.750933618321359e-06
supercell,19,1,-3.738711810604177,0.0,1.082732119186176e-13,0.9999999999998862,0.9999999999999951,-1.082732119186176e-13
supercell,19,2,-1.430903252615431,0.999999,0.9999999999885187,1.1482448455613172e-11,1.0000000000000002,-9.999885187683688e-07
supercell,19,3,-1.4309032533483907,1.0,0.9999999999258483,7.415297626062469e-11,1.0,7.415168479241174e-11
supercell,19,4,0.7415092048808911,1e-06,1.0490264951928678e-10,0.9999999998950979,1.0000000000000004,9.998950973504807e-07
supercell,19,5,2.2797829163162207,1.0,0.9999999999735486,2.6453144611060454e-11,1.0000000000000033,2.6451396628601742e-11
supercell,19,6,2.2797829227776036,1.0,0.9999999999786786,2.1321300861918658e-11,1.0000000000000016,2.132138909871628e-11
supercell,19,7,2.3904230339697423,0.0,9.624025196442166e-12,0.9999999999903744,0.9999999999999999,-9.624025196442166e-12
supercell,19,8,4.882737731489058,0.0,8.088889658422294e-13,0.9999999999991898,1.0000000000000007,-8.088889658422294e-13
supercell,19,9,8.659515164655238,1e-06,1.1950389868554117e-10,0.9999999998805011,1.0000000000000056,9.998804961013144e-07
supercell,19,10,10.445037876844726,0.999999,0.9999999982874963,1.7125500220824687e-09,1.0000000000000453,-9.98287496334349e-07
supercell,19,11,10.445037937622816,0.999999,0.9999999996347289,3.652813851642954e-10,1.0000000000000098,-9.996347288820928e-07
supercell,19,12,11.046048718156488,0.0,1.298394123628851e-08,0.9999999870161833,1.0000000000001263,-1.298394123628851e-08
supercell,19,13,11.259531911406958,0.999999,0.9999999350958659,6.490411063040622e-08,0.9999999999999755,-9.350958659615216e-07
supercell,19,14,11.25953236833267,0.999999,0.9999999559593258,4.40405767311693e-08,0.9999999999999034,-9.559593258101629e-07
supercell,19,15,11.335586935243409,1e-06,9.71748079076528e-08,0.9999999028252001,1.0000000000000084,9.028251920923471e-07
supercell,19,16,12.380792712327002,1e-06,4.100768842427684e-10,0.9999999995899259,1.000000000000002,9.995899231157571e-07
supercell,19,17,12.667664727533896,1e-06,3.7368035398409997e-10,0.9999999996263208,1.0000000000000024,9.99626319646016e-07
supercell,19,18,15.869299354389405,1e-06,4.541746979505605e-11,0.9999999999545846,1.0000000000000029,9.999545825302049e-07
supercell,19,19,16.81989782100337,0.999998,0.999999999841844,1.581561221441818e-10,0.9999999999999993,-1.999841843902672e-06
supercell,19,20,16.81989783748285,0.999998,0.9999999999332551,6.675191347244299e-11,1.0000000000000082,-1.999933255003583e-06
supercell,19,21,18.783599251474882,2e-06,7.859741941999616e-10,0.9999999992140088,0.9999999999999838,1.9992140258058e-06
supercell,19,22,19.288755095630226,0.999997,0.9999999991435972,8.564478263810704e-10,1.0000000000000429,-2.99914359713771e-06
supercell,19,23,19.28875590703656,0.999997,0.9999999864902601,1.3509718759221296e-08,0.9999999999999798,-2.9864902600929e-06
supercell,19,24,19.431844766658667,4e-06,1.3256341193619378e-08,0.9999999867436201,0.9999999999999616,3.9867436588063805e-06
supercell,20,1,-3.31280587890212,0.0,2.142345548392538e-10,0.9999999997857661,0.9999999999999993,-2.142345548392538e-10
supercell,20,2,-1.7976243119285016,0.999999,0.9999999999257116,7.428410985882968e-11,0.9999999999999976,-9.99925711675509e-07
supercell,20,3,-1.0833081265880047,1.0,0.9999999998598291,1.4017102012484126e-10,0.9999999999999994,1.4017087490714175e-10
supercell,20,4,0.25381279623585673,1e-06,1.5199039928472398e-10,0.9999999998480089,1.0000000000000004,9.998480096007153e-07
supercell,20,5,2.0588627869404803,0.999424,0.9994245911424874,0.0005754088575120284,0.9999999999999997,-5.911424874049942e-07
supercell,20,6,2.059458837690146,0.000576,0.0005754088267101279,0.9994245911732907,1.0000000000000002,5.91173289872125e-07
supercell,20,7,2.6027425470270016,1.0,0.999999999874051,1.2594839100867257e-10,0.9999999999999998,1.2594902898399596e-10
supercell,20,8,4.6021161313639976,0.0,1.299201983524173e-11,0.9999999999870087,1.0000000000000007,-1.299201983524173e-11
supercell,20,9,8.344585911041301,1e-06,1.1657506792915808e-10,0.999999999883431,1.0000000000000062,9.998834249320708e-07
supercell,20,10,10.111478599357529,0.999999,0.999999999903968,9.604751515713058e-11,1.0000000000000144,-9.99903968068594e-07
supercell,20,11,10.468122845619433,0.999999,0.9999999997157082,2.842903107576411e-10,0.9999999999999981,-9.99715708216442e-07
supercell,20,12,11.26060739485241,0.999999,0.9999999989729057,1.0271233196669295e-09,1.0000000000000266,-9.989729057302554e-07
supercell,20,13,11.563987007491688,0.0,3.690538342523562e-09,0.999999996309589,1.000000000000128,-3.690538342523562e-09
supercell,20,14,11.68040994440535,0.999999,0.999999996501412,3.4985872448488183e-09,0.9999999999999987,-9.96501412053874e-07
supercell,20,15,11.841149074203328,1e-06,3.975907003353335e-10,0.9999999996024131,1.0000000000000038,9.996024092996647e-07
supercell,20,16,12.74909310854721,1e-06,8.633520400033439e-10,0.9999999991366697,1.0000000000000226,9.991366479599966e-07
supercell,20,17,12.994891364558674,1e-06,1.3786697395439894e-11,0.9999999999862108,0.9999999999999988,9.999862133026044e-07
supercell,20,18,14.741401528523232,1e-06,3.222190520539204e-10,0.9999999996777803,0.9999999999999987,9.996777809479461e-07
supercell,20,19,15.988534161251778,0.999998,0.9999999996612347,3.387642982813149e-10,1.0000000000000007,-1.999661234597383e-06
supercell,20,20,17.281102975963574,0.999998,0.9999999997614981,2.385068478799567e-10,1.0000000000000047,-1.9997614980615808e-06
supercell,20,21,18.75546004575956,0.999997,0.9999999997450885,2.5491157284424887e-10,0.9999999999999981,-2.999745088438921e-06
supercell,20,22,19.341722440121917,3e-06,1.1839669157933053e-10,0.9999999998816137,1.000000000000011,2.999881603308421e-06
supercell,20,23,19.981732528114296,2e-06,1.6296306246245845e-10,0.9999999998370924,1.0000000000000537,1.9998370369375376e-06
supercell,20,24,20.126769377913515,0.999997,0.9999999994979178,5.020935372900505e-10,1.000000000000013,-2.999497917821614e-06
supercell,21,1,-2.886754499756544,0.0,4.352807567312045e-11,0.9999999999564699,0.9999999999999973,-4.352807567312045e-11
supercell,21,2,-2.152165992893133,0.999999,0.9999999998810386,1.1896154797974978e-10,1.0000000000000009,-9.998810386324664e-07
supercell,21,3,-0.8035916570048449,1.0,0.9999999999387501,6.124776196272373e-11,0.9999999999999988,6.124989404554526e-11
supercell,21,4,-0.17924485886227837,0.0,1.6541968838598595e-10,0.9999999998345805,0.9999999999999996,-1.6541968838598595e-10
supercell,21,5,1.8226960171515236,0.0,7.897765661175086e-11,0.9999999999210281,1.0000000000000053,-7.897765661175086e-11
supercell,21,6,1.9933776719559875,1.0,0.9999999999239925,7.600822590607404e-11,1.0000000000000009,7.600753360037515e-11
supercell,21,7,2.9879596839492595,1.0,0.9999999999535474,4.6453460681756037e-11,1.000000000000002,4.645261952873625e-11
supercell,21,8,4.33208237255938,0.0,1.2706699997741162e-11,0.9999999999872948,1.0000000000000007,-1.2706699997741162e-11
supercell,21,9,8.031920313060981,1e-06,1.711973250742839e-10,0.9999999998288039,1.0000000000000009,9.998288026749256e-07
supercell,21,10,9.788761992113905,1.0,0.999999999760322,2.396535673113951e-10,0.999999999999975,2.3967805518054774e-10
supercell,21,11,10.141747577498418,0.999999,0.9999999999313152,6.868455415683633e-11,0.9999999999999999,-9.999313151931588e-07
supercell,21,12,11.719720384096748,0.999999,0.9999999985191721,1.4808601780599473e-09,1.000000000000032,-9.985191721240128e-07
supercell,21,13,12.131192571034111,1e-06,4.1238247254433054e-07,0.9999995876174202,0.9999999999998914,5.876175274556695e-07
supercell,21,14,12.203081082096274,0.999998,0.9999995770950789,4.2290504745717947e-07,1.0000000000001261,-1.5770950788640548e-06
supercell,21,15,12.308467886230975,1e-06,1.1104764656115344e-08,0.9999999888952261,0.99999999999999,9.888952353438845e-07
supercell,21,16,13.188186756117597,1e-06,9.649994714614563e-10,0.9999999990350507,1.0000000000000506,9.990350005285384e-07
supercell,21,17,13.408282072259203,1e-06,8.049824921835303e-10,0.9999999991950134,0.9999999999999973,9.991950175078165e-07
supercell,21,18,13.612998021334766,1e-06,2.8534815847803283e-10,0.9999999997146768,1.0000000000000235,9.99714651841522e-07
supercell,21,19,14.932941423311211,0.999999,0.9999999991552829,8.447164923556315e-10,0.9999999999999984,-9.99155282954689e-07
supercell,21,20,17.419478782754837,0.999998,0.9999999998362086,1.6378408384982164e-10,0.9999999999999925,-1.9998362085216215e-06
supercell,21,21,18.435539922744,0.999997,0.9999999999109535,8.90604070191309e-11,1.0000000000000155,-2.9999109534273316e-06
supercell,21,22,19.931455295648796,2e-06,1.313606117313654e-09,0.999999998686429,1.0000000000000338,1.9986863938826864e-06
supercell,21,23,20.51065295692514,1e-06,7.840256398104853e-09,0.999999992159722,0.9999999999999767,9.92159743601895e-07
supercell,21,24,20.551971543432032,0.999999,0.9999999906099137,9.390064347153825e-09,0.9999999999999791,-9.906099137646507e-07
supercell,22,1,-2.488072974005134,0.0,8.973380092429746e-11,0.9999999999102784,1.0000000000000118,-8.973380092429746e-11
supercell,22,2,-2.4765730189970934,0.999999,0.9999999999168204,8.317861224328353e-11,0.9999999999999988,-9.999168204544162e-07
supercell,22,3,-0.6404642287099871,1.0,0.999999999979956,2.0037630818041325e-11,0.9999999999999958,2.0043966486582576e-11
supercell,22,4,-0.5564426625758453,0.0,3.825560188240826e-12,0.9999999999961704,0.9999999999999982,-3.825560188240826e-12
supercell,22,5,1.7062863822095782,0.0,7.25812365987116e-11,0.9999999999274231,1.0000000000000042,-7.25812365987116e-11
supercell,22,6,2.133617275605234,1.0,0.9999999998859126,1.140871806980612e-10,1.0000000000000004,1.1408740618890079e-10
supercell,22,7,3.4047019567085215,1.0,0.9999999999261101,7.389255027359614e-11,1.0000000000000024,7.388989420320513e-11
supercell,22,8,4.082517547286492,0.0,1.194638754043348e-10,0.9999999998805353,1.0000000000000013,-1.194638754043348e-10
supercell,22,9,7.74017676459806,1e-06,9.810820550697996e-11,0.9999999999018903,1.0000000000000002,9.99901891794493e-07
supercell,22,10,9.533530609314036,1.0,0.9999999999010818,9.893173978840249e-11,1.000000000000015,9.891820695884235e-11
supercell,22,11,9.788429963263564,0.999999,0.9999999999499637,5.0044573582757174e-11,1.000000000000009,-9.999499637203257e-07
supercell,22,12,11.98625975619516,1e-06,5.934834192649639e-11,0.9999999999405862,0.9999999999999362,9.999406516580734e-07
supercell,22,13,12.309861320948439,0.999999,0.999999999629739,3.702754374259878e-10,1.000000000000014,-9.996297389847086e-07
supercell,22,14,12.74476191646667,0.0,2.0437906997557814e-09,0.9999999979562096,0.9999999999999997,-2.0437906997557814e-09
supercell,22,15,12.76982994308136,0.999999,0.9999999969116077,3.0883892324932452e-09,0.9999999999999982,-9.969116077090945e-07
supercell,22,16,13.323310107196232,1e-06,7.40777904567549e-10,0.9999999992593113,1.0000000000000888,9.992592220954324e-07
supercell,22,17,13.680903511866607,1e-06,8.991044759656869e-10,0.9999999991008799,0.9999999999999835,9.991008955240344e-07
supercell,22,18,13.807981843314872,0.999999,0.9999999996341468,3.660306646508342e-10,1.0000000000001776,-9.99634146792161e-07
supercell,22,19,13.895971942820985,1e-06,2.76793291267797e-10,0.9999999997232066,1.0000000000000009,9.997232067087322e-07
supercell,22,20,17.33005077586708,0.999998,0.9999999998829256,1.170739523856214e-10,1.0000000000000004,-1.9998829255962747e-06
supercell,22,21,18.208127703210117,0.999998,0.9999999999344757,6.551284985332584e-11,0.9999999999999881,-1.9999344756937987e-06
supercell,22,22,19.664459442233433,0.999999,0.99999999982504,1.749578094217442e-10,0.9999999999999969,-9.99825039982305e-07
supercell,22,23,20.55079204574374,1e-06,2.8023107955341685e-10,0.9999999997197925,1.000000000000023,9.997197689204466e-07
supercell,22,24,21.127809168488817,1e-06,2.641238082211341e-10,0.9999999997358942,1.000000000000018,9.99735876191779e-07
supercell,23,1,-2.760563765276657,0.999999,0.9999999999501826,4.9815592812863645e-11,0.9999999999999967,-9.999501826563062e-07
supercell,23,2,-2.149868131249161,0.0,1.6194965895072985e-10,0.9999999998380523,1.0000000000000007,-1.6194965895072985e-10
supercell,23,3,-0.8768639324141936,0.0,4.8467491679877027e-11,0.9999999999515334,1.0,-4.8467491679877027e-11
supercell,23,4,-0.5992986869916099,1.0,0.999999999763753,2.3624505679799693e-10,0.9999999999999989,2.3624702194524616e-10
supercell,23,5,1.7391489201323602,0.0,7.996668400886649e-11,0.9999999999200349,1.0000000000000002,-7.996668400886649e-11
supercell,23,6,2.483227072003652,1.0,0.999999999994325,5.677123940777897e-12,1.000000000000001,5.67501601267395e-12
supercell,23,7,3.8245669898104246,1.0,0.9999999816297415,1.8370274966353807e-08,1.0000000000000167,1.8370258536570816e-08
supercell,23,8,3.8610662969526,0.0,1.836104951129574e-08,0.9999999816392616,1.0000000000003109,-1.836104951129574e-08
supercell,23,9,7.481043614174089,1e-06,2.7668234277594664e-11,0.9999999999723335,1.0000000000000013,9.999723317657223e-07
supercell,23,10,9.363210275897302,1.0,0.9999999994416824,5.60960990774151e-10,1.0000000000026443,5.583176143630908e-10
supercell,23,11,9.45820406093508,0.999999,0.9999999995222731,4.777762943415588e-10,1.0000000000000493,-9.995222731706832e-07
supercell,23,12,10.890785942616303,0.0,1.114131592645388e-09,0.999999998885871,1.0000000000000022,-1.114131592645388e-09
supercell,23,13,12.691645357306918,0.999999,0.9999999994995297,5.005259866965967e-10,1.0000000000000555,-9.994995296969122e-07
supercell,23,14,12.977324077377933,0.999999,0.9999999942723903,5.7276995832466944e-09,1.0000000000000906,-9.942723903089146e-07
supercell,23,15,13.35409451339406,0.999999,0.99999996156565,3.843437940896056e-08,1.0000000000000293,-9.615656499928349e-07
supercell,23,16,13.400349168493461,0.0,4.2689578039169297e-08,0.9999999573104527,1.0000000000000302,-4.2689578039169297e-08
supercell,23,17,13.892241562846587,1e-06,1.2808852487847195e-09,0.9999999987191336,1.0000000000000195,9.987191147512153e-07
supercell,23,18,14.212015497054026,1e-06,2.4315377787392447e-10,0.9999999997568697,1.000000000000024,9.99756846222126e-07
supercell,23,19,14.446450462526201,1e-06,5.561982317736251e-10,0.9999999994437884,0.9999999999999887,9.994438017682264e-07
supercell,23,20,17.02127974627997,0.999998,0.9999999997372281,2.627715755237546e-10,0.9999999999999979,-1.999737228031151e-06
supercell,23,21,18.02465928363954,0.999998,0.9999999999527984,4.719312587150516e-11,0.9999999999999912,-1.999952798370508e-06
supercell,23,22,18.872956443245364,0.999998,0.9999999999418735,5.8156643040098185e-11,1.0000000000000286,-1.9999418734428787e-06
supercell,23,23,21.01842808978421,0.0,3.6469955556924163e-10,0.9999999996352725,0.9999999999999716,-3.6469955556924163e-10
supercell,23,24,21.39930514078569,3e-06,5.245607599142721e-10,0.9999999994755006,1.0000000000000622,2.9994754392400858e-06
supercell,24,1,-2.9982280129290215,1.0,0.9999999999627168,3.728274010684718e-11,0.999999999999999,3.728317654605462e-11
supercell,24,2,-1.8995477703248331,0.0,3.134447516096035e-12,0.9999999999968632,0.9999999999999976,-3.134447516096035e-12
supercell,24,3,-1.1398819477181492,0.0,4.3177466845645595e-11,0.9999999999568207,0.9999999999999996,-4.3177466845645595e-11
supercell,24,4,-0.6369374254076092,1.0,0.9999999999297505,7.024969489823017e-11,1.0,7.024947290545924e-11
supercell,24,5,1.9390053980860054,0.0,7.200105199539729e-11,0.9999999999280005,1.0000000000000027,-7.200105199539729e-11
supercell,24,6,2.9925166607201845,1.0,0.9999999999764585,2.3548624593990306e-11,1.0000000000000056,2.3541502081059207e-11
supercell,24,7,3.673434180367081,0.0,9.405942567567883e-11,0.9999999999059389,0.9999999999999991,-9.405942567567883e-11
supercell,24,8,4.217888920329275,1.0,0.9999999998367495,1.6324979562840937e-10,1.0000000000000002,1.632505242099569e-10
supercell,24,9,7.261942487956734,1e-06,1.9476828293268284e-10,0.9999999998052334,1.000000000000002,9.998052317170674e-07
supercell,24,10,9.147018502274083,0.999999,0.9999999999340192,6.596177223289875e-11,0.9999999999999817,-9.999340192523576e-07
supercell,24,11,9.287725966611822,1.0,0.9999999999351735,6.482385812887239e-11,0.9999999999999978,6.48264775193752e-11
supercell,24,12,9.772163916346493,0.0,5.2546190223526283e-11,0.9999999999474513,0.9999999999999972,-5.2546190223526283e-11
supercell,24,13,11.648063984053483,0.999999,0.9999999999306469,6.93642836723198e-11,1.0000000000000093,-9.999306469499203e-07
supercell,24,14,13.699094994477639,0.999999,0.9999999946538994,5.345996629904106e-09,0.9999999999998952,-9.946538994665133e-07
supercell,24,15,13.906648008585105,0.999999,0.9999999987323044,1.2676577852563459e-09,0.999999999999963,-9.987323044136076e-07
supercell,24,16,14.090506614993714,0.0,5.622624652194455e-09,0.9999999943773787,1.0000000000000024,-5.622624652194455e-09
supercell,24,17,14.589951674814571,1e-06,1.007721053389227e-09,0.9999999989922955,1.000000000000015,9.989922789466108e-07
supercell,24,18,14.764821004404583,1e-06,1.514813457436525e-10,0.9999999998485716,1.0000000000000524,9.998485186542563e-07
supercell,24,19,15.047014355258128,2e-06,1.4335932821142192e-10,0.9999999998566339,0.999999999999994,1.9998566406717886e-06
supercell,24,20,16.52054700760686,0.999999,0.9999999998092434,1.9078283520301608e-10,1.0000000000000249,-9.998092433960437e-07
supercell,24,21,17.872491291046746,0.999999,0.9999999998869357,1.1304803080535322e-10,0.9999999999999819,-9.99886935693084e-07
supercell,24,22,18.36807212081087,0.999998,0.9999999998115474,1.8845483176431888e-10,1.0000000000000029,-1.99981154735962e-06
supercell,24,23,20.73451657025031,1e-06,1.1017181979888769e-09,0.9999999988982438,0.9999999999999598,9.988982818020111e-07
supercell,24,24,20.842068445919328,3e-06,1.9159677659243837e-09,0.9999999980840286,0.9999999999999967,2.9980840322340757e-06
supercell,25,1,-3.185883791622289,1.0,0.9999999999999448,5.545987031144334e-14,1.0000000000000007,5.517808432387028e-14
supercell,25,2,-1.7417427698543837,0.0,7.567589712787105e-14,0.9999999999999236,1.0000000000000009,-7.567589712787105e-14
supercell,25,3,-1.3449610069735867,0.0,9.27643460633659e-15,0.9999999999999891,1.0000000000000013,-9.27643460633659e-15
supercell,25,4,-0.7043457536073459,1.0,0.999999999999991,9.879062733132027e-15,1.0,8.992806499463768e-15
supercell,25,5,2.290995208947345,0.0,1.8577867520778758e-14,0.9999999999999839,1.0000000000000018,-1.8577867520778758e-14
supercell,25,6,3.523775226250604,0.0,5.77002522790982e-14,0.9999999999999426,1.0000000000000009,-5.77002522790982e-14
supercell,25,7,3.5970539280504665,1.0,0.9999999999998712,1.3126904706901218e-13,1.0000000000000016,1.2878587085651816e-13
supercell,25,8,4.554457786988248,1.0,0.9999999999999439,5.569568433222736e-14,1.0000000000000009,5.6066262743570405e-14
supercell,25,9,7.087679054362867,1e-06,1.4047899645727998e-13,0.9999999999998608,1.000000000000001,9.999998595210036e-07
supercell,25,10,8.727167192147789,0.0,5.423954241969594e-13,0.9999999999994561,0.9999999999999999,-5.423954241969594e-13
supercell,25,11,8.824477626976174,0.999999,0.9999999999997287,2.727807233061384e-13,1.000000000000001,-9.999997286902484e-07
supercell,25,12,9.307193087592593,1.0,0.9999999999999755,2.6751814440981537e-14,1.0000000000000016,2.453592884421596e-14
supercell,25,13,10.733210026594294,1.0,0.9999999999998964,1.040620245329021e-13,1.0000000000000007,1.035838081975271e-13
supercell,25,14,14.279647694134766,1.0,0.9999999999978187,2.1812596345170653e-12,1.000000000000001,2.181255176481045e-12
supercell,25,15,14.477773061679763,0.999999,0.9999999999968255,3.174799278206408e-12,1.0000000000000013,-9.999968255680614e-07
supercell,25,16,14.801366430369173,0.0,4.251264486254723e-12,0.9999999999957471,1.0,-4.251264486254723e-12
supercell,25,17,15.316454700742572,1e-06,3.5026575705971653e-12,0.9999999999964975,1.0,9.999964973424294e-07
supercell,25,18,15.338847265758286,1e-06,8.472830717405424e-13,0.9999999999991546,1.0000000000000018,9.999991527169283e-07
supercell,25,19,15.68146012534776,2e-06,8.947867881902747e-13,0.9999999999991043,1.0000000000000013,1.9999991052132117e-06
supercell,25,20,16.098226267280065,0.999999,0.9999999999726875,2.7315115068844213e-11,1.000000000000002,-9.999726875431492e-07
supercell,25,21,17.75060144952071,0.999999,0.9999999999855355,1.446347354188757e-11,1.000000000000001,-9.999855354880793e-07
supercell,25,22,18.0823116295538,0.999998,0.9999999999886076,1.1392993505811007e-11,1.0000000000000018,-1.999988607503944e-06
supercell,25,23,20.2023052718444,0.999997,0.9999999770992662,2.2900733215920317e-08,0.9999999999999996,-2.9770992662214724e-06
supercell,25,24,20.240480650804045,1e-06,3.4594545224050986e-10,0.9999999996540556,1.0000000000000013,9.996540545477594e-07
supercell,26,1,-3.321288032669171,1.0,0.9999999999017692,9.823003360691975e-11,0.999999999999998,9.823075686199445e-11
supercell,26,2,-1.6573052953268568,0.0,9.772963971647627e-11,0.9999999999022667,0.9999999999999949,-9.772963971647627e-11
supercell,26,3,-1.4916912986892419,0.0,1.1903145280055636e-12,0.9999999999988075,0.9999999999999983,-1.1903145280055636e-12
supercell,26,4,-0.7690890873111255,1.0,0.9999999999889247,1.1074518942654473e-11,0.9999999999999991,1.1075251826753174e-11
supercell,26,5,2.7337333314321066,0.0,8.167624689606328e-11,0.9999999999183254,1.0000000000000038,-8.167624689606328e-11
supercell,26,6,3.4149893270434646,0.0,8.635913542996922e-10,0.9999999991364084,1.0000000000000004,-8.635913542996922e-10
supercell,26,7,4.228047987189431,1.0,0.9999999994987252,5.012785022151875e-10,1.0000000000000036,5.012747994470601e-10
supercell,26,8,4.808518941505303,1.0,0.9999999994786836,5.213195186988343e-10,1.000000000000004,5.21316434465291e-10
supercell,26,9,6.961348911544675,1e-06,2.1189858808368889e-10,0.9999999997880995,0.9999999999999999,9.997881014119162e-07
supercell,26,10,7.812630172405285,0.0,1.0048872206505918e-10,0.9999999998995367,1.0000000000000249,-1.0048872206505918e-10
supercell,26,11,8.436228884309372,0.999999,0.9999999999272684,7.272397291991216e-11,0.9999999999999919,-9.99927268430234e-07
supercell,26,12,9.40003947363252,1.0,0.9999999999601875,3.9829325989164436e-11,1.0000000000000164,3.981248664075565e-11
supercell,26,13,10.049680007486371,1.0,0.9999999998886681,1.1133411564810911e-10,1.0000000000000022,1.1133194366408361e-10
supercell,26,14,14.22562185607076,1.0,0.9999999996308614,3.6913243450085925e-10,0.999999999999994,3.691386085691306e-10
supercell,26,15,15.303835993314477,0.999998,0.9999999374927284,6.250737068932538e-08,1.0000000000000997,-1.9374927283655197e-06
supercell,26,16,15.501993396579733,0.0,5.895626771698669e-08,0.9999999410437501,1.000000000000017,-5.895626771698669e-08
supercell,26,17,15.828191963333497,0.0,5.280111950998705e-09,0.9999999947198464,0.9999999999999598,-5.280111950998705e-09
supercell,26,18,16.107304123027212,1e-06,3.983649246807411e-09,0.9999999960163815,1.0000000000000304,9.960163507531926e-07
supercell,26,19,16.15236625916287,0.999999,0.9999999930701396,6.92975567174309e-09,0.999999999999896,-9.93070139676533e-07
supercell,26,20,16.322113445454622,2e-06,2.2992521189883046e-09,0.9999999977007576,1.0000000000000093,1.9977007478810115e-06
supercell,26,21,17.660934601932144,0.999999,0.999999999880006,1.1994738964308412e-10,0.9999999999999534,-9.998800060140312e-07
supercell,26,22,17.89533617015027,0.999998,0.9999999993842701,6.157305930078874e-10,1.0000000000000022,-1.9993842700349873e-06
supercell,26,23,19.182979904002607,0.999998,0.9999999992069064,7.931159985918678e-10,1.0000000000000226,-1.9992069063556883e-06
supercell,26,24,19.651790205845632,2e-06,4.727022329256517e-09,0.999999995272955,0.9999999999999775,1.9952729776707433e-06
supercell,27,1,-3.403036978976781,1.0,0.9999999999990937,9.04275298604e-13,0.9999999999999988,9.062750550015153e-13
supercell,27,2,-1.6195788726874192,0.0,2.0229571901806824e-12,0.9999999999979695,0.9999999999999928,-2.0229571901806824e-12
supercell,27,3,-1.5798184584325334,0.0,4.2190675038238934e-13,0.9999999999995772,0.9999999999999993,-4.2190675038238934e-13
supercell,27,4,-0.8135021322753176,1.0,0.9999999999952687,4.729157135400848e-12,1.0000000000000002,4.731326441742567e-12
supercell,27,5,3.145320185463158,0.0,6.74918153254604e-11,0.9999999999325119,1.000000000000002,-6.74918153254604e-11
supercell,27,6,3.348997689444114,0.0,4.710969129442203e-11,0.9999999999528932,1.0000000000000024,-4.710969129442203e-11
supercell,27,7,4.77495913599701,1.0,0.9999999999130049,8.699914335746619e-11,1.0000000000000049,8.699507780818294e-11
supercell,27,8,4.964378923298374,1.0,0.99999999995346,4.654469218850777e-11,1.0000000000000036,4.653999408077425e-11
supercell,27,9,6.8849201746597775,0.0,2.276531659412053e-10,0.9999999997723461,1.0000000000000007,-2.276531659412053e-10
supercell,27,10,7.129355897957311,0.0,3.616841463255842e-10,0.9999999996383244,1.0000000000000087,-3.616841463255842e-10
supercell,27,11,8.005522789457842,0.999999,0.9999999994699292,5.300711541071164e-10,1.000000000000001,-9.994699292636966e-07
supercell,27,12,9.510575771823868,1.0,0.9999999999803859,1.9625536127407343e-11,1.0000000000000124,1.9614088131447716e-11
supercell,27,13,9.67264632306263,1.0,0.9999999999790425,2.0961318777660333e-11,1.0000000000000047,2.0957457991244155e-11
supercell,27,14,13.951918366747922,1.0,0.9999999999074459,9.253862426862952e-11,0.9999999999999851,9.255407551478356e-11
supercell,27,15,16.107528743620506,0.0,5.941764248247576e-09,0.9999999940582465,1.0000000000000109,-5.941764248247576e-09
supercell,27,16,16.15709571198527,0.999998,0.999999942069048,5.793090114991862e-08,0.999999999999948,-1.9420690479110547e-06
supercell,27,17,16.225331103607413,0.0,5.179591534325955e-08,0.9999999482040485,0.9999999999999651,-5.179591534325955e-08
supercell,27,18,16.541741414492474,0.999999,0.9999999860937511,1.3906292790041437e-08,1.0000000000000442,-9.860937510985934e-07
supercell,27,19,16.819449275500684,1e-06,1.0816396988390796e-08,0.9999999891835768,0.9999999999999732,9.891836030116091e-07
supercell,27,20,16.89934691732778,2e-06,7.113131904458559e-09,0.9999999928868657,0.9999999999999993,1.9928868680955413e-06
supercell,27,21,17.604173538202947,0.999999,0.99999999734906,2.650995817230722e-09,1.0000000000000575,-9.973490600057033e-07
supercell,27,22,17.7329163132206,0.999999,0.9999999991472569,8.527483801324792e-10,1.0000000000000047,-9.991472569303994e-07
supercell,27,23,18.211781674203365,0.999998,0.9999999976727316,2.3272868623634947e-09,1.0000000000000169,-1.9976727315684784e-06
supercell,27,24,19.09821153721534,2e-06,3.177222281022398e-10,0.9999999996826123,1.0000000000003364,1.999682277771898e-06
supercell,28,1,-3.4304453194212305,1.0,0.9999999999791732,2.0826496108315738e-11,0.9999999999999994,2.0826784741245774e-11
supercell,28,2,-1.6092435644716254,0.0,1.3426887755468757e-11,0.9999999999865739,0.9999999999999998,-1.3426887755468757e-11
supercell,28,3,-1.6092435549708692,0.0,7.339525952721965e-12,0.9999999999926592,0.9999999999999986,-7.339525952721965e-12
supercell,28,4,-0.8291419223949987,1.0,0.9999999999833156,1.6682854393212628e-11,1.0000000000000002,1.6684431614066852e-11
supercell,28,5,3.326878449612447,0.0,2.4672920714083086e-11,0.9999999999753265,0.9999999999999997,-2.4672920714083086e-11
supercell,28,6,3.3268784495768244,0.0,6.151585533135798e-11,0.9999999999384874,1.0000000000000036,-6.151585533135798e-11
supercell,28,7,5.016558180202244,1.0,0.9999999999868208,1.3181338677520012e-11,1.0000000000000027,1.3179235480720308e-11
supercell,28,8,5.01655818239151,1.0,0.9999999999583468,4.1655346276134663e-11,1.000000000000002,4.165323641558416e-11
supercell,28,9,6.859227335118838,0.0,7.834037173304983e-10,0.9999999992165927,0.9999999999999944,-7.834037173304983e-10
supercell,28,10,6.859227360907727,0.0,2.441211967367829e-11,0.9999999999755849,0.9999999999999987,-2.441211967367829e-11
supercell,28,11,7.789119270776808,0.999999,0.9999999992563393,7.436658931698025e-10,1.0000000000000042,-9.99256339340171e-07
supercell,28,12,9.561013470796107,1.0,0.9999999999431304,5.686932262190888e-11,1.0000000000000009,5.686962012418917e-11
supercell,28,13,9.561013469327994,1.0,0.9999999999757211,2.4280825056111132e-11,1.0000000000000009,2.4278912214015236e-11
supercell,28,14,13.823152373030547,1.0,0.9999999999263985,7.360703237153352e-11,1.000000000000005,7.360145826140752e-11
supercell,28,15,16.3843545468239,0.0,2.196862904389382e-09,0.999999997803162,1.000000000000025,-2.196862904389382e-09
supercell,28,16,16.38435454515665,0.0,1.6240685753667507e-10,0.9999999998375956,1.0000000000000016,-1.6240685753667507e-10
supercell,28,17,16.787073515675768,0.999998,0.9999999982847527,1.7152511825776322e-09,1.0000000000000038,-1.998284752668944e-06
supercell,28,18,16.787073516957957,0.999998,0.9999999953926527,4.607299374347657e-09,0.9999999999999519,-1.995392652665018e-06
supercell,28,19,17.183235403108032,1e-06,1.2619902802840734e-08,0.9999999873800806,0.9999999999999827,9.873800971971592e-07
supercell,28,20,17.18323540623785,2e-06,1.815196507183682e-08,0.9999999818480129,0.9999999999999781,1.9818480349281632e-06
supercell,28,21,17.50119135842181,0.999998,0.9999999887044293,1.1295516243182015e-08,0.9999999999999453,-1.9887044292454803e-06
supercell,28,22,17.625327110659967,0.999999,0.9999999872443311,1.2755658999951609e-08,0.9999999999999897,-9.87244331174253e-07
supercell,28,23,17.625327121828555,0.999999,0.9999999962734092,3.7265920702621314e-09,1.000000000000002,-9.962734092150427e-07
supercell,28,24,18.822051543596647,1e-06,2.587348938614428e-10,0.9999999997412412,0.999999999999977,9.997412651061385e-07
supercell,29,1,-3.5303795430831517,1.0,0.9999999999389853,6.100827940696564e-11,0.9999999999999939,6.101474880892965e-11
supercell,29,2,-1.9254189642274533,0.0,4.511019648671266e-11,0.9999999999548888,0.9999999999999981,-4.511019648671266e-11
supercell,29,3,-1.273332409074208,0.0,1.581600322894451e-11,0.9999999999841853,1.0000000000000004,-1.581600322894451e-11
supercell,29,4,-0.6856252173652374,1.0,0.9999999999781599,2.184072010026112e-11,1.0,2.1840085295821154e-11
supercell,29,5,3.228436540575894,0.0,1.3929561335972149e-11,0.9999999999860855,1.0000000000000164,-1.3929561335972149e-11
supercell,29,6,3.3462964676514444,0.0,2.0130677063461974e-11,0.9999999999798699,1.000000000000001,-2.0130677063461974e-11
supercell,29,7,5.029133787498027,1.0,0.9999999999538909,4.6109186115481326e-11,1.0,4.6109116524917226e-11
supercell,29,8,5.029133788342159,1.0,0.9999999999837519,1.6248321627319752e-11,1.0000000000000018,1.6248113965389166e-11
supercell,29,9,6.854066298988987,0.0,9.283056774244566e-10,0.9999999990717116,1.0000000000000182,-9.283056774244566e-10
supercell,29,10,7.055131177253085,0.0,3.620779688361256e-11,0.9999999999638172,1.0000000000000266,-3.620779688361256e-11
supercell,29,11,7.8033467802761445,0.999999,0.9999999991033641,8.966438709706471e-10,1.000000000000009,-9.991033641520985e-07
supercell,29,12,9.57601604963042,1.0,0.9999999999843342,1.5668189543603745e-11,1.000000000000002,1.566580198897327e-11
supercell,29,13,9.576016050199563,1.0,0.9999999999932008,6.8033218330754444e-12,1.000000000000003,6.799227847409384e-12
supercell,29,14,13.846725863130162,1.0,0.9999999998061908,1.9380830109700383e-10,1.0000000000000009,1.938091909181594e-10
supercell,29,15,16.04587671363258,0.0,1.876507785507182e-09,0.999999998123285,0.999999999999792,-1.876507785507182e-09
supercell,29,16,16.09634389767329,1e-06,1.4861363648444718e-08,0.9999999851387762,1.0000000000001403,9.851386363515552e-07
supercell,29,17,16.263068531636186,0.999999,0.9999999896059121,1.0394084263954677e-08,0.9999999999999968,-9.896059121050627e-07
supercell,29,18,16.263068533016195,0.999999,0.9999999932908599,6.709141858087356e-09,1.000000000000002,-9.932908598964119e-07
supercell,29,19,17.159374931093165,2e-06,8.628503441667957e-07,0.9999991371499806,1.0000000000003264,1.1371496558332042e-06
supercell,29,20,17.1758835837006,0.999991,0.9999924674237413,7.532576355882598e-06,1.0000000000000975,-1.467423741297047e-06
supercell,29,21,17.192340147400646,7e-06,6.670608636340924e-06,0.9999933293913675,1.000000000000006,3.293913636590762e-07
supercell,29,22,18.200093189824237,0.999999,0.9999999973427912,2.6572191368215407e-09,1.00000000000001,-9.97342791242417e-07
supercell,29,23,18.200093189499796,0.999999,0.9999999978439155,2.1560696816774716e-09,0.9999999999999849,-9.97843915495622e-07
supercell,29,24,18.593908410507623,0.0,4.829918160348076e-09,0.9999999951701,1.0000000000000175,-4.829918160348076e-09
supercell,30,1,-3.77931569974312,1.0,0.9999999999922174,7.777663888997984e-12,0.9999999999999976,7.782552380319885e-12
supercell,30,2,-2.214675958331696,0.0,3.018603017531005e-12,0.9999999999969809,1.0000000000000009,-3.018603017531005e-12
supercell,30,3,-0.9308540886687842,0.0,7.606982748122987e-12,0.9999999999923914,0.9999999999999996,-7.606982748122987e-12
supercell,30,4,-0.3066412246936085,1.0,0.9999999999885647,1.1433031665249837e-11,0.9999999999999991,1.1435297153639112e-11
supercell,30,5,2.988685609751969,0.0,4.0070741086438085e-11,0.9999999999599394,1.0000000000000082,-4.0070741086438085e-11
supercell,30,6,3.4042249273244254,0.0,5.782823158864981e-12,0.9999999999942165,1.0000000000000004,-5.782823158864981e-12
supercell,30,7,5.066789486200152,1.0,0.999999999903042,9.695770342489601e-11,1.0000000000000018,9.695799718656417e-11
supercell,30,8,5.066789488075558,1.0,0.999999999973599,2.6404704972488644e-11,1.0000000000000024,2.640099250328376e-11
supercell,30,9,6.925761979047027,0.0,8.281783262564838e-11,0.9999999999171919,1.0000000000000104,-8.281783262564838e-11
supercell,30,10,7.50479752077133,0.0,3.0174608482899057e-09,0.9999999969825408,1.0000000000000004,-3.0174608482899057e-09
supercell,30,11,7.8456762087862195,0.999999,0.999999997016033,2.9839638373897504e-09,0.9999999999999986,-9.970160330663447e-07
supercell,30,12,9.618071555227873,1.0,0.9999999999720715,2.792542051778373e-11,0.9999999999999987,2.7928548362865513e-11
supercell,30,13,9.61807155605981,1.0,0.9999999999964959,3.5073451833771004e-12,1.0000000000000029,3.504085910321919e-12
supercell,30,14,13.912321378796952,1.0,0.9999999998752718,1.2474710233419917e-10,1.000000000000018,1.2472822774611814e-10
supercell,30,15,15.336463316050624,0.0,5.291522486259334e-09,0.9999999947089905,1.0000000000005125,-5.291522486259334e-09
supercell,30,16,15.423842214765637,1e-06,2.127708095484324e-07,0.9999997872291876,0.9999999999999978,7.872291904515675e-07
supercell,30,17,15.52385169603571,0.999999,0.9999998229221214,1.770778658524858e-07,0.9999999999999885,-8.229221214461901e-07
supercell,30,18,15.523851708231383,0.999999,0.9999999587498567,4.125012932546053e-08,0.9999999999999855,-9.587498567276143e-07
supercell,30,19,16.535239445094884,0.999998,0.9999999992949681,7.050124443245485e-10,0.9999999999999813,-1.9992949680247563e-06
supercell,30,20,17.09138501089362,1e-06,2.9991419447117405e-10,0.999999999700158,1.0000000000000735,9.997000858055287e-07
supercell,30,21,17.144275119565002,0.0,9.263038035767387e-10,0.9999999990736935,0.9999999999999991,-9.263038035767387e-10
supercell,30,22,18.5693645017803,0.0,6.354010848234354e-09,0.999999993645986,0.999999999999997,-6.354010848234354e-09
supercell,30,23,19.032642177664027,1e-06,1.6098613785155057e-07,0.999999839013714,0.9999999999998522,8.390138621484493e-07
supercell,30,24,19.087625026164687,0.999999,0.9999999634532201,3.6546774041896596e-08,0.9999999999999952,-9.634532200930579e-07
supercell,31,1,-4.093119240575048,1.0,0.9999999999064946,9.350315703421234e-11,0.999999999999997,9.350542562458486e-11
supercell,31,2,-2.4730384420272196,0.0,6.5383649546285e-11,0.9999999999346159,0.9999999999999981,-6.5383649546285e-11
supercell,31,3,-0.6056774451817101,0.0,3.719817556861227e-11,0.9999999999628018,1.0000000000000004,-3.719817556861227e-11
supercell,31,4,0.22292947876818925,1.0,0.9999999999510951,4.890545488877724e-11,1.0000000000000004,4.8904880145528296e-11
supercell,31,5,2.716049675125727,0.0,1.6574728524158091e-10,0.9999999998342536,1.000000000000001,-1.6574728524158091e-10
supercell,31,6,3.4996808227283758,0.0,2.814582562833765e-11,0.9999999999718544,0.9999999999999999,-2.814582562833765e-11
supercell,31,7,5.129407149228673,1.0,0.9999999999304958,6.950780772291241e-11,1.0000000000000036,6.950418018902838e-11
supercell,31,8,5.129407149285792,1.0,0.9999999998762147,1.2378773767724068e-10,1.0000000000000016,1.23785315331304e-10
supercell,31,9,7.050233375837549,0.0,1.9017812510199137e-09,0.9999999980982234,1.0000000000000056,-1.9017812510199137e-09
supercell,31,10,7.91597956654209,0.999999,0.9999999963453515,3.6546940623961824e-09,1.000000000000046,-9.963453515560161e-07
supercell,31,11,8.14132485932117,0.0,1.8835660295393243e-09,0.9999999981164371,1.000000000000003,-1.8835660295393243e-09
supercell,31,12,9.677889132678242,1.0,0.9999999999166621,8.33390898235887e-11,1.0000000000000027,8.333789214276521e-11
supercell,31,13,9.677889134132162,1.0,0.9999999999898176,1.0183677551079042e-11,1.0000000000000016,1.0182410470349623e-11
supercell,31,14,13.997130714413952,1.0,0.9999999947963236,5.203713913006139e-09,1.0000000000000369,5.203676378684463e-09
supercell,31,15,14.527390424617382,0.0,7.006028810477049e-09,0.999999992994335,1.0000000000003626,-7.006028810477049e-09
supercell,31,16,14.599898735570592,1e-06,4.768880028293373e-09,0.9999999952311861,1.0000000000000657,9.952311199717066e-07
supercell,31,17,14.83357751310688,0.999999,0.9999999967164234,3.2835798588488245e-09,1.000000000000003,-9.96716423395938e-07
supercell,31,18,14.833577512353108,1.0,0.9999999979687536,2.0312575461418645e-09,1.0000000000000102,2.031246393308095e-09
supercell,31,19,15.85197044427656,0.999998,0.9999999985843954,1.4155969010433506e-09,0.9999999999999937,-1.9985843953129745e-06
supercell,31,20,16.98681018362261,0.0,7.165921482318196e-11,0.999999999928302,0.9999999999999594,-7.165921482318196e-11
supercell,31,21,17.05041443240722,0.0,1.0720588565186579e-10,0.9999999998928014,1.000000000000006,-1.0720588565186579e-10
supercell,31,22,18.594108947829145,0.0,4.669359110477675e-10,0.9999999995330323,0.9999999999999664,-4.669359110477675e-10
supercell,31,23,19.063507613739517,1e-06,1.6922860244620666e-10,0.9999999998307889,1.0000000000000169,9.998307713975537e-07
supercell,31,24,20.008853475611033,0.999999,0.999999998923769,1.0762602116010545e-09,1.00000000000003,-9.989237690355424e-07
supercell,32,1,-4.4182175189093025,1.0,0.9999999999977087,2.290426133607025e-12,0.9999999999999989,2.291278278221398e-12
supercell,32,2,-2.6985077090042697,0.0,9.15969722652112e-12,0.9999999999908412,0.9999999999999999,-9.15969722652112e-12
supercell,32,3,-0.3391937109724498,0.0,9.527762027156695e-12,0.9999999999904703,0.9999999999999997,-9.527762027156695e-12
supercell,32,4,0.8477124576764199,1.0,0.9999999998960948,1.0390568022291077e-10,0.9999999999999999,1.0390521776315609e-10
supercell,32,5,2.5127359489416343,0.0,1.5924206638626915e-10,0.9999999998407598,1.0000000000000022,-1.5924206638626915e-10
supercell,32,6,3.630846959835692,0.0,3.845607859864242e-11,0.9999999999615484,1.000000000000004,-3.845607859864242e-11
supercell,32,7,5.216561444465736,1.0,0.9999999998948408,1.0516121208817582e-10,1.0000000000000004,1.051592146694702e-10
supercell,32,8,5.216561446964105,1.0,0.9999999997938421,2.0615802524924509e-10,1.0000000000000004,2.0615786855415763e-10
supercell,32,9,7.222790917514308,0.0,2.2496169320389504e-10,0.9999999997750504,1.0000000000000129,-2.2496169320389504e-10
supercell,32,10,8.012986163119253,0.999999,0.9999999997610436,2.389565659776384e-10,1.000000000000001,-9.997610436185411e-07
supercell,32,11,8.901455450195604,0.0,2.8608456247188135e-10,0.9999999997139003,0.9999999999999847,-2.8608456247188135e-10
supercell,32,12,9.73800907911994,1.0,0.9999999999944077,5.593661212624758e-12,1.0000000000000009,5.592304397339376e-12
supercell,32,13,9.738009077820958,1.0,0.999999999930597,6.941270006136502e-11,1.000000000000011,6.940303887148502e-11
supercell,32,14,13.709386647176368,0.0,4.446894236446276e-11,0.9999999999555614,1.0000000000000322,-4.446894236446276e-11
supercell,32,15,13.727175853325912,1e-06,3.88057330662362e-10,0.9999999996119363,0.9999999999999928,9.996119426693376e-07
supercell,32,16,14.015579640149637,1.0,0.9999999995935551,4.0642808309404963e-10,0.9999999999999821,4.0644487775409743e-10
supercell,32,17,14.233836153475444,0.999999,0.9999999999717911,2.82152009815296e-11,1.000000000000006,-9.99971791149079e-07
supercell,32,18,14.23383615548103,0.999999,0.9999999999895569,1.0448987340788454e-11,1.0000000000000053,-9.999895569379191e-07
supercell,32,19,15.2678748419123,0.999998,0.9999999999790864,2.091104371468053e-11,0.9999999999999997,-1.9999790863423073e-06
supercell,32,20,16.8488597052075,0.0,4.0035701330115677e-11,0.9999999999602855,1.000000000000322,-4.0035701330115677e-11
supercell,32,21,16.947620877175417,0.0,1.3865971782023853e-10,0.9999999998613587,1.0000000000000164,-1.3865971782023853e-10
supercell,32,22,18.59554150555664,0.0,7.264521459967516e-10,0.9999999992735582,1.0000000000000095,-7.264521459967516e-10
supercell,32,23,19.08822967356859,0.0,2.2784436807049e-11,0.9999999999772053,0.9999999999999905,-2.2784436807049e-11
supercell,32,24,19.779691856898907,0.999999,0.9999999991800353,8.199453134935048e-10,0.9999999999999801,-9.99180035377023e-07
supercell,33,1,-4.727552685963732,1.0,0.9999999999890543,1.094530043252282e-11,0.9999999999999978,1.0945688799779418e-11
supercell,33,2,-2.8905539670207703,0.0,1.5803380839030813e-12,0.9999999999984158,0.9999999999999972,-1.5803380839030813e-12
supercell,33,3,-0.18686558272726947,0.0,1.901731065042269e-11,0.9999999999809831,0.9999999999999996,-1.901731065042269e-11
supercell,33,4,1.5381503139534587,1.0,0.9999999998651468,1.348572117126209e-10,1.0000000000000029,1.3485323968609464e-10
supercell,33,5,2.466899702284374,0.0,1.3300710834176975e-10,0.999999999866994,1.0000000000000013,-1.3300710834176975e-10
supercell,33,6,3.7947993295149463,0.0,1.0741286824574016e-10,0.9999999998925885,1.0000000000000007,-1.0741286824574016e-10
supercell,33,7,5.327329491305044,1.0,0.9999999998966632,1.0333892245507314e-10,1.0000000000000022,1.0333678357454801e-10
supercell,33,8,5.327329490303717,1.0,0.9999999999774761,2.252611848250844e-11,1.0000000000000013,2.2523871656687788e-11
supercell,33,9,7.439194743337131,0.0,1.3850701422546738e-09,0.9999999986149571,1.0000000000000269,-1.3850701422546738e-09
supercell,33,10,8.13495114995176,0.999999,0.9999999985000319,1.4999695406903103e-09,1.0000000000000002,-9.985000318790682e-07
supercell,33,11,9.746167060504613,4e-06,3.179776753210236e-06,0.9999968202241084,1.0000000000008622,8.202232467897638e-07
supercell,33,12,9.77169066385756,0.999997,0.999996820382154,3.1796178004031498e-06,0.9999999999999531,1.7961784604114683e-07
supercell,33,13,9.771690744735173,1.0,0.9999999998662626,1.3374072418730567e-10,1.000000000000004,1.337373545240439e-10
supercell,33,14,12.849089882512601,1e-06,9.182737959214369e-11,0.9999999999079898,0.999999999999818,9.999081726204077e-07
supercell,33,15,12.917024207118539,0.0,6.446838689214762e-10,0.9999999993553345,1.00000000000002,-6.446838689214762e-10
supercell,33,16,13.73911546853001,0.999999,0.9999999995349889,4.6507684578920994e-10,1.0000000000000677,-9.995349888880511e-07
supercell,33,17,13.75770669391813,0.999999,0.9999999999650544,3.4950028576015055e-11,1.0000000000000049,-9.99965054426788e-07
supercell,33,18,13.757706693599928,0.999999,0.9999999998914251,1.0856790311149896e-10,0.9999999999999942,-9.998914251019286e-07
supercell,33,19,15.01877790234728,0.999999,0.9999999997234826,2.765131146781353e-10,0.9999999999999939,-9.997234826641943e-07
supercell,33,20,16.668167049136255,0.0,2.3255182174329367e-10,0.9999999997674741,1.000000000000025,-2.3255182174329367e-10
supercell,33,21,16.855742622038555,0.0,1.0145815691953573e-10,0.9999999998985492,1.0000000000000064,-1.0145815691953573e-10
supercell,33,22,18.543886744438186,0.0,6.309282461709105e-09,0.9999999936907374,1.0000000000000207,-6.309282461709105e-09
supercell,33,23,18.89485806360032,0.999998,0.999999988056333,1.1943706444335738e-08,1.0000000000000413,-1.9880563328911194e-06
supercell,33,24,19.07116528501244,1e-06,4.937499144826534e-09,0.9999999950624743,0.9999999999999739,9.950625008551735e-07
supercell,34,1,-5.007639425245259,1.0,0.9999999999921909,7.808223609865297e-12,0.9999999999999993,7.809086710608426e-12
supercell,34,2,-3.049637545167825,0.0,3.1000724574876046e-13,0.9999999999996909,1.0,-3.1000724574876046e-13
supercell,34,3,-0.17891494778273473,0.0,1.3697690321480433e-11,0.9999999999863036,1.0000000000000004,-1.3697690321480433e-11
supercell,34,4,2.2763799047044304,1.0,0.999999999799985,2.0000500640324852e-10,0.9999999999999915,2.0001500455890664e-10
supercell,34,5,2.625085510349317,0.0,6.062787305791865e-11,0.999999999939373,1.0000000000000016,-6.062787305791865e-11
supercell,34,6,3.9870169213796376,0.0,1.7787106274266127e-10,0.9999999998221317,1.000000000000004,-1.7787106274266127e-10
supercell,34,7,5.459777336784606,1.0,0.9999999999925578,7.441126307323765e-12,0.9999999999999998,7.442158000969812e-12
supercell,34,8,5.459777338355781,1.0,0.9999999999696888,3.031483410749698e-11,1.0000000000000022,3.031119799601356e-11
supercell,34,9,7.692475818408229,0.0,4.9200007591926945e-09,0.9999999950799964,0.9999999999999982,-4.9200007591926945e-09
supercell,34,10,8.27831373692828,1.0,0.9999999949190912,5.080902777549794e-09,0.9999999999999933,5.080908804799833e-09
supercell,34,11,9.746242673478909,1.0,0.999999999926348,7.365024956768632e-11,0.9999999999999994,7.365197340902796e-11
supercell,34,12,9.746242671955565,1.0,0.9999999998980443,1.0195583355579335e-10,0.9999999999999999,1.0195566613191431e-10
supercell,34,13,10.642522004704754,0.0,1.223329936328468e-10,0.9999999998776591,0.9999999999999923,-1.223329936328468e-10
supercell,34,14,11.999289653127386,1e-06,1.5550032682237001e-09,0.9999999984450243,1.0000000000000284,9.984449967317763e-07
supercell,34,15,12.168645077335057,0.0,4.207228018771841e-11,0.9999999999579321,1.0000000000000042,-4.207228018771841e-11
supercell,34,16,13.149757899793414,0.999999,0.9999999989761985,1.0238191413925019e-09,1.0000000000000189,-9.989761985407242e-07
supercell,34,17,13.439071871987261,1.0,0.9999999996879041,3.121084254901606e-10,1.0000000000000129,3.120959046754024e-10
supercell,34,18,13.439071877636486,1.0,0.9999999999105789,8.942431044761599e-11,1.000000000000002,8.942113716159383e-11
supercell,34,19,15.099882113699818,1.0,0.9999999998524647,1.4754961185262434e-10,1.0000000000000138,1.475353172963878e-10
supercell,34,20,16.416637273795686,0.0,1.135125636124544e-10,0.9999999998864875,1.0000000000000022,-1.135125636124544e-10
supercell,34,21,16.784837231326872,0.0,4.315689583951265e-11,0.9999999999568483,1.0000000000000053,-4.315689583951265e-11
supercell,34,22,17.98016462431517,0.999999,0.9999999994360985,5.639330881690051e-10,1.0000000000000298,-9.994360985476902e-07
supercell,34,23,18.43561516542447,0.0,2.48546781556699e-10,0.9999999997514518,0.9999999999999976,-2.48546781556699e-10
supercell,34,24,18.90382930330605,0.0,5.769134054759572e-10,0.9999999994230927,1.0000000000000056,-5.769134054759572e-10
supercell,35,1,-5.251211118988975,1.0,0.9999999999728054,2.7190160955300082e-11,0.999999999999996,2.7194579921285822e-11
supercell,35,2,-3.1770910333964175,0.0,3.784219110430765e-12,0.9999999999962161,0.9999999999999991,-3.784219110430765e-12
supercell,35,3,-0.2829313142622425,0.0,2.3090544939994253e-11,0.9999999999769098,1.0,-2.3090544939994253e-11
supercell,35,4,2.9613274405883474,0.0,2.1832241328559314e-11,0.9999999999781662,0.9999999999999969,-2.1832241328559314e-11
supercell,35,5,3.048737108184919,1.0,0.9999999995818698,4.181300145386319e-10,1.0000000000000009,4.1813019713288213e-10
supercell,35,6,4.200557490612839,0.0,4.0138500141173086e-10,0.9999999995986176,1.0000000000000056,-4.0138500141173086e-10
supercell,35,7,5.610371292880924,1.0,0.9999999997987703,2.0123042693512053e-10,1.0000000000000004,2.0122969957014902e-10
supercell,35,8,5.610371291185121,1.0,0.9999999999851109,1.489182893561617e-11,1.0000000000000022,1.4889089960945512e-11
supercell,35,9,7.969174169311401,0.0,3.978434587304324e-09,0.9999999960215699,1.0000000000000044,-3.978434587304324e-09
supercell,35,10,8.437365217658527,1.0,0.9999999962115983,3.788398230458192e-09,0.9999999999999951,3.788401703452848e-09
supercell,35,11,9.638455824603385,1.0,0.999999999786282,2.1371499320315937e-10,0.9999999999999974,2.137180432626451e-10
supercell,35,12,9.638455825275434,1.0,0.999999999946447,5.355897585898426e-11,1.0000000000000047,5.355305088272644e-11
supercell,35,13,11.059709716724733,0.0,1.8379521034905279e-10,0.9999999998162068,1.0000000000000022,-1.8379521034905279e-10
supercell,35,14,11.477954906902587,0.0,1.1344659935124312e-09,0.9999999988655085,0.9999999999999749,-1.1344659935124312e-09
supercell,35,15,11.71061682381011,0.0,3.1315457682881373e-09,0.9999999968684623,1.0000000000000087,-3.1315457682881373e-09
supercell,35,16,12.451210709240192,0.999999,0.9999999958737085,4.1262882494848006e-09,0.9999999999999964,-9.95873708498074e-07
supercell,35,17,13.300569910874865,1.0,0.999999999934584,6.541600053463558e-11,1.0000000000000013,6.541600594545116e-11
supercell,35,18,13.300569910280998,1.0,0.9999999999438683,5.6137652062136814e-11,1.0000000000000062,5.613165487972083e-11
supercell,35,19,15.238674358404626,1.0,0.9999999999577317,4.226786438955553e-11,0.9999999999999999,4.22682999712265e-11
supercell,35,20,16.055391946906646,0.0,3.439375842050945e-10,0.9999999996560627,1.0000000000000004,-3.439375842050945e-10
supercell,35,21,16.739497112367538,0.0,4.661125230599e-11,0.9999999999534039,1.000000000000017,-4.661125230599e-11
supercell,35,22,17.2090848742766,0.999999,0.9999999994924305,5.075703670661935e-10,1.0000000000000004,-9.994924304868036e-07
supercell,35,23,18.28310597992864,0.0,7.425071956929664e-11,0.9999999999256686,0.9999999999999175,-7.425071956929664e-11
supercell,35,24,18.37320155685344,0.0,1.3442538641942563e-10,0.9999999998655759,1.0000000000000016,-1.3442538641942563e-10
supercell,36,1,-5.4540568804994765,1.0,0.9999999999895841,1.0412135804417065e-11,0.9999999999999958,1.0415890372428294e-11
supercell,36,2,-3.2750954561741557,0.0,1.3476183753126235e-12,0.9999999999986529,0.9999999999999997,-1.3476183753126235e-12
supercell,36,3,-0.436834771073127,0.0,9.207498226994238e-12,0.9999999999907914,0.999999999999999,-9.207498226994238e-12
supercell,36,4,3.4129954758408365,0.0,3.965153116336024e-13,0.9999999999996025,0.999999999999999,-3.965153116336024e-13
supercell,36,5,3.8401921749164534,1.0,0.9999999999992079,7.961460935822045e-13,1.0000000000000038,7.921441280700492e-13
supercell,36,6,4.42482897522773,0.0,2.0294648588139044e-12,0.9999999999979763,1.0000000000000067,-2.0294648588139044e-12
supercell,36,7,5.772842526650905,1.0,0.9999999999972121,2.7871918332967805e-12,1.0000000000000007,2.7878810371362306e-12
supercell,36,8,5.772842525973195,1.0,0.999999999982078,1.7924317874295976e-11,1.0000000000000022,1.7921997219616514e-11
supercell,36,9,8.23894868591414,0.0,5.510389215840993e-09,0.9999999944895509,0.9999999999999402,-5.510389215840993e-09
supercell,36,10,8.601514370141924,1.0,0.9999999949142154,5.085779239219988e-09,0.9999999999999942,5.085784571257079e-09
supercell,36,11,9.454158636031117,1.0,0.9999999993488516,6.511536339568064e-10,1.0000000000000042,6.51148357455611e-10
supercell,36,12,9.45415863785387,1.0,0.999999999528759,4.712544673252502e-10,1.0000000000000129,4.712410461849004e-10
supercell,36,13,10.346201227280199,0.0,7.477602868552277e-11,0.9999999999252303,1.0000000000000042,-7.477602868552277e-11
supercell,36,14,10.85976288801711,0.0,2.08721858810147e-09,0.999999997912753,0.9999999999999725,-2.08721858810147e-09
supercell,36,15,11.722421023974036,0.999999,0.9999999983400504,1.6599575973244146e-09,1.000000000000008,-9.983400504065543e-07
supercell,36,16,12.644620766840168,0.0,3.336586892264564e-10,0.9999999996663529,1.0000000000000118,-3.336586892264564e-10
supercell,36,17,13.333137306990253,1.0,0.9999999998400048,1.5999466266763378e-10,0.9999999999999997,1.5999523927945347e-10
supercell,36,18,13.333137307095695,1.0,0.9999999999248693,7.513779027725737e-11,1.0000000000000073,7.51306794555262e-11
supercell,36,19,15.179699995455097,1.0,0.9999999970059753,2.994047213651134e-09,1.0000000000000213,2.994024694835673e-09
supercell,36,20,15.589924120366927,0.0,2.9504017821619504e-09,0.9999999970496053,1.0000000000000073,-2.9504017821619504e-09
supercell,36,21,16.72081712235672,0.0,1.082295237110416e-07,0.9999998917704023,0.9999999999999255,-1.082295237110416e-07
supercell,36,22,16.80012440100219,1.0,0.9999998918256823,1.0817432411458741e-07,1.0000000000000042,1.081743177255845e-07
supercell,36,23,17.972508984238907,0.0,8.428462950194786e-11,0.9999999999158921,1.0000000000001774,-8.428462950194786e-11
supercell,36,24,18.107430191616473,0.0,1.188014692835347e-10,0.9999999998812166,1.0000000000000193,-1.188014692835347e-10
supercell,37,1,-5.613759175047514,1.0,0.9999999999989871,1.0139917655148613e-12,1.0000000000000002,1.0128564653655303e-12
supercell,37,2,-3.3464487487255976,0.0,2.0962126456058616e-13,0.9999999999997896,0.9999999999999991,-2.0962126456058616e-13
supercell,37,3,-0.5919860095972076,0.0,7.969389239040345e-13,0.9999999999992037,0.9999999999999996,-7.969389239040345e-13
supercell,37,4,3.921303636141071,0.0,1.0186634593240257e-11,0.9999999999898176,1.0000000000000029,-1.0186634593240257e-11
supercell,37,5,4.628886908661197,1.0,0.9999999348986266,6.51011575019374e-08,0.9999999999997822,6.51013734032091e-08
supercell,37,6,4.643855187875087,0.0,6.51185225579426e-08,0.9999999348818971,1.00000000000042,-6.51185225579426e-08
supercell,37,7,5.936439516613789,1.0,0.9999999999881941,1.1805494311475953e-11,1.0000000000000004,1.180588959925899e-11
supercell,37,8,5.936439517047968,1.0,0.9999999998400392,1.599586428930089e-10,0.9999999999999982,1.599608223656901e-10
supercell,37,9,8.414178485305124,0.0,8.394076929776216e-09,0.9999999916060912,1.0000000000001694,-8.394076929776216e-09
supercell,37,10,8.752059033263427,1.0,0.9999999931691915,6.830805892972123e-09,0.9999999999999964,6.830808474411754e-09
supercell,37,11,9.229609252381724,1.0,0.9999999983086004,1.6914024499674483e-09,1.0000000000000029,1.691399575953767e-09
supercell,37,12,9.229609253992633,1.0,0.9999999992833974,7.166027428769949e-10,1.0000000000000013,7.166025550731092e-10
supercell,37,13,9.737086763988755,0.0,1.0642780146293676e-09,0.9999999989357163,0.9999999999999949,-1.0642780146293676e-09
supercell,37,14,10.332407122993393,0.0,4.626100661582666e-09,0.9999999953739165,1.0000000000000158,-4.626100661582666e-09
supercell,37,15,10.999186768996283,0.999999,0.9999999953353181,4.664679124411739e-09,0.9999999999999978,-9.953353181657576e-07
supercell,37,16,13.493435994720757,1.0,0.9999998530063994,1.4699362739498641e-07,1.0000000000000264,1.4699360062486733e-07
supercell,37,17,13.493436017222551,0.999999,0.9999996063185554,3.936812604149981e-07,0.9999999999998155,-6.063185554738837e-07
supercell,37,18,13.583286445093325,1e-06,5.407031867724965e-07,0.9999994592968059,0.9999999999999927,4.592968132275035e-07
supercell,37,19,14.820703036770052,1.0,0.9999999855238133,1.4476188100744066e-08,1.0000000000000013,1.4476186693812565e-08
supercell,37,20,15.148866573106867,0.0,1.4425054788189359e-08,0.9999999855749633,1.000000000000017,-1.4425054788189359e-08
supercell,37,21,16.726356200880318,0.0,1.1376888381676577e-09,0.9999999988623408,1.0000000000000289,-1.1376888381676577e-09
supercell,37,22,16.8512883665772,1.0,0.9999999989282358,1.0717366860928233e-09,0.9999999999999728,1.0717642329183263e-09
supercell,37,23,17.746035449736283,0.0,5.728114226813021e-11,0.9999999999427073,0.9999999999999897,-5.728114226813021e-11
supercell,37,24,17.930767087195363,0.0,9.047693684802977e-11,0.9999999999095328,1.00000000000001,-9.047693684802977e-11
supercell,38,1,-5.728736463863775,1.0,0.9999999999780836,2.191795032400022e-11,1.0,2.1916357617612903e-11
supercell,38,2,-3.394255007347947,0.0,6.84190892521664e-13,0.9999999999993152,0.9999999999999989,-6.84190892521664e-13
supercell,38,3,-0.7189337956532491,0.0,2.081366224160455e-11,0.999999999979185,0.9999999999999984,-2.081366224160455e-11
supercell,38,4,4.427754631775762,0.0,9.847907889450607e-10,0.9999999990152172,1.000000000000009,-9.847907889450607e-10
supercell,38,5,4.834652865130546,0.0,3.792377502342996e-12,0.9999999999962157,1.000000000000009,-3.792377502342996e-12
supercell,38,6,5.3726540625618755,1.0,0.9999999992802362,7.197630104363846e-10,0.999999999999999,7.197638041134269e-10
supercell,38,7,6.083881703247097,1.0,0.9999999997235528,2.764455369332032e-10,0.9999999999999986,2.764471984662009e-10
supercell,38,8,6.083881704769204,1.0,0.9999999998658795,1.341238647861715e-10,1.0000000000000027,1.3412049248984204e-10
supercell,38,9,8.293455506453538,0.0,3.415215083154127e-10,0.9999999996584744,0.9999999999999952,-3.415215083154127e-10
supercell,38,10,8.854017344645209,1.0,0.999999999498117,5.018831121787561e-10,0.9999999999999987,5.018829796199498e-10
supercell,38,11,9.01434072209174,1.0,0.9999999999148459,8.515306385760393e-11,0.9999999999999978,8.515410598874951e-11
supercell,38,12,9.014340723116376,1.0,0.9999999985057023,1.4942982758613458e-09,1.0000000000000002,1.4942976855891743e-09
supercell,38,13,9.477483246546514,0.0,1.2595398352651845e-10,0.9999999998740371,0.9999999999999907,-1.2595398352651845e-10
supercell,38,14,9.920414073032608,0.0,1.8048354549979367e-09,0.9999999981951784,1.0000000000000142,-1.8048354549979367e-09
supercell,38,15,10.33673275507188,0.999999,0.9999999998851226,1.1487344376501551e-10,0.9999999999999971,-9.998851225878624e-07
supercell,38,16,13.715331769082196,1.0,0.9999999993126439,6.874106483752202e-10,1.0000000000000548,6.873560609577112e-10
supercell,38,17,13.715331773009588,1.0,0.9999999824802818,1.7519372615652232e-08,0.9999999999996529,1.7519718231717718e-08
supercell,38,18,14.068287881252086,0.0,2.2100066834672755e-08,0.9999999778999046,0.9999999999999712,-2.2100066834672755e-08
supercell,38,19,14.406241517986798,1.0,0.9999999949594113,5.04058694863292e-09,0.9999999999999976,5.040588724192219e-09
supercell,38,20,15.236427261541124,0.0,9.153974108698297e-10,0.9999999990846045,1.0000000000000033,-9.153974108698297e-10
supercell,38,21,16.748993887874853,0.0,1.4135547069035406e-09,0.9999999985864306,0.9999999999999853,-1.4135547069035406e-09
supercell,38,22,17.107010496189506,1.0,0.9999999967419626,3.2580269171931273e-09,0.9999999999999905,3.258037395426072e-09
supercell,38,23,17.629849341131287,0.0,1.4490859061365028e-09,0.9999999985510143,1.0000000000001015,-1.4490859061365028e-09
supercell,38,24,17.775590884638035,0.0,1.5204191343748585e-08,0.9999999847958055,0.9999999999999988,-1.5204191343748585e-08
supercell,39,1,-5.798077781993798,1.0,0.999999999982638,1.7360772679957216e-11,0.9999999999999997,1.7362000725995586e-11
supercell,39,2,-3.4215613048989906,0.0,6.1670561488331914e-12,0.9999999999938314,0.9999999999999991,-6.1670561488331914e-12
supercell,39,3,-0.8009036918445861,0.0,9.803067901008144e-12,0.9999999999901966,1.0000000000000002,-9.803067901008144e-12
supercell,39,4,4.843219948467889,0.0,6.309011375278283e-10,0.9999999993691171,1.0000000000000187,-6.309011375278283e-10
supercell,39,5,4.968105288121163,0.0,4.6252991664409233e-10,0.9999999995374736,1.0000000000000042,-4.6252991664409233e-10
supercell,39,6,5.974961852405716,1.0,0.999999999233971,7.660343981651052e-10,1.000000000000005,7.660290179956064e-10
supercell,39,7,6.190442633351142,1.0,0.9999999997353599,2.646386872003749e-10,0.9999999999999999,2.6464008762161484e-10
supercell,39,8,6.190442633581476,1.0,0.999999999833196,1.6680341851060994e-10,1.0000000000000013,1.6680401504487463e-10
supercell,39,9,7.957514590406956,0.0,1.8291682378106378e-10,0.9999999998170842,1.000000000000001,-1.8291682378106378e-10
supercell,39,10,8.852691085417229,1.0,0.9999999998813897,1.1938721620202362e-10,1.0000000000007772,1.186103437689212e-10
supercell,39,11,8.857793561303298,1.0,0.9999999989757901,1.027755267697231e-09,1.0000000000035436,1.0242099390822546e-09
supercell,39,12,8.857793708219734,1.0,0.9999999997218157,2.781922152216561e-10,1.0000000000000082,2.7818425341052944e-10
supercell,39,13,9.516688414209499,0.0,1.7626397864022376e-08,0.9999999823736868,1.0000000000000862,-1.7626397864022376e-08
supercell,39,14,9.653902726091614,0.0,9.378906003845568e-09,0.9999999906211352,1.0000000000000393,-9.378906003845568e-09
supercell,39,15,9.861210256890494,1.0,0.999999974308481,2.5691517447451597e-08,0.9999999999999981,2.5691519023318676e-08
supercell,39,16,13.914734598604797,0.999994,0.9999939619624163,6.0380376044091975e-06,1.0000000000000213,3.803758374942845e-08
supercell,39,17,13.914734628378596,0.999989,0.9999893967921027,1.0603207929640389e-05,1.0000000000000329,-3.967921027303589e-07
supercell,39,18,13.920946842676537,1.7e-05,1.6641183073249427e-05,0.9999833588169159,0.9999999999999879,3.588169267505733e-07
supercell,39,19,14.11281211056216,1.0,0.9999999998135788,1.8641998419318395e-10,1.0000000000000004,1.864212118007913e-10
supercell,39,20,16.086155955382036,0.0,2.5430894211073203e-10,0.9999999997456698,0.9999999999999788,-2.5430894211073203e-10
supercell,39,21,16.775160497877035,0.0,9.291626461122113e-10,0.9999999990708335,0.9999999999999963,-9.291626461122113e-10
supercell,39,22,17.35268236567267,1.0,0.9999999944076783,5.592313372734078e-09,0.9999999999999912,5.59232171681856e-09
supercell,39,23,17.574680828968717,0.0,4.5234751812097546e-07,0.9999995476526083,1.0000000000001277,-4.5234751812097546e-07
supercell,39,24,17.61010573304665,1.0,0.9999999419500394,5.805004865511548e-08,1.00000000000009,5.8049960616202156e-08
supercell,40,1,-5.8212323526407905,1.0,0.9999999999997682,2.2960485559543904e-13,0.9999999999999991,2.318145675417327e-13
supercell,40,2,-3.430445318363129,0.0,1.157088901055483e-13,0.9999999999998832,0.9999999999999987,-1.157088901055483e-13
supercell,40,3,-0.8291419251042407,0.0,1.518530670916662e-13,0.9999999999998473,1.0000000000000002,-1.518530670916662e-13
supercell,40,4,5.016558181996201,0.0,7.508093500736522e-12,0.9999999999924942,1.0000000000000022,-7.508093500736522e-12
supercell,40,5,5.0165581820117175,0.0,2.0737186268300237e-11,0.9999999999792664,1.0000000000000042,-2.0737186268300237e-11
supercell,40,6,6.230001131557943,1.0,0.9999999999883012,1.169958704405287e-11,1.0000000000000004,1.1698753077382662e-11
supercell,40,7,6.230001132659329,1.0,0.999999999974919,2.508039101030885e-11,1.0000000000000013,2.508104834930691e-11
supercell,40,8,6.230001132023408,1.0,0.9999999999374568,6.254274052075291e-11,1.0000000000000009,6.25431928469311e-11
supercell,40,9,7.789119271524062,0.0,5.7386068861808196e-11,0.9999999999426211,1.0000000000000073,-5.7386068861808196e-11
supercell,40,10,8.800090533628099,1.0,0.9999999999369394,6.306751977334394e-11,1.0000000000000095,6.306055677640643e-11
supercell,40,11,8.800090533339382,1.0,0.9999999999935147,6.486456177899253e-12,1.0000000000000027,6.4852567760453894e-12
supercell,40,12,8.80009053343212,1.0,0.9999999999821094,1.7903031920761548e-11,1.0000000000000115,1.7890577908019623e-11
supercell,40,13,9.561013472477955,0.0,6.543763473950914e-09,0.9999999934562457,1.000000000000009,-6.543763473950914e-09
supercell,40,14,9.561013471500658,0.0,2.55658079671058e-10,0.9999999997443447,1.0000000000000027,-2.55658079671058e-10
supercell,40,15,9.70346277486699,1.0,0.9999999932760492,6.723946366993614e-09,0.9999999999999959,6.723950840559212e-09
supercell,40,16,13.823152374352752,0.0,6.338428617273051e-11,0.9999999999365945,0.9999999999999808,-6.338428617273051e-11
supercell,40,17,13.997284736921367,1.0,0.9999999999513751,4.9189907092345027e-11,1.0000000000005649,4.862488189871783e-11
supercell,40,18,13.997284735698559,1.0,0.9999999999162567,8.403140652268865e-11,1.0000000000002864,8.374334559135832e-11
supercell,40,19,14.008672724324622,1.0,0.9999999999622514,3.775107315561784e-11,1.0000000000000016,3.7748582037977485e-11
supercell,40,20,16.787073515750794,0.0,1.0708604729174832e-10,0.99999999989293,1.0000000000000153,-1.0708604729174832e-10
supercell,40,21,16.787073515308894,0.0,4.764887290536724e-10,0.999999999523534,1.0000000000000235,-4.764887290536724e-10
supercell,40,22,17.4541792007771,1.0,0.9999999992741049,7.258065924711528e-10,0.9999999999999131,7.258951217892218e-10
supercell,40,23,17.454179202932668,1.0,0.9999999831166416,1.6883358562143128e-08,1.0,1.688335837801702e-08
supercell,40,24,17.45417920704425,1.0,0.9999998958161526,1.0418383979556901e-07,0.9999999999999931,1.041838474380441e-07
