# TOY MODEL; no DFT/SOC/transport; no physical space-group validation
# E_sigma=-2*(cos(kx)+cos(ky))+sigma*J*(cos(kx)-cos(ky))
# J_E0=.6;mu_E0=.5;t_E0=1;theta_E0=.05;N=64;midpoint[-pi,pi);units=k_dimensionless,energy_E0
ix,iy,kx,ky,epsilon_E0,Delta_E0,E_up_E0,E_down_E0,f_up,f_down
0,0,-3.0925052683774528,-3.0925052683774528,3.9951818248206896,0,3.9951818248206896,3.9951818248206896,0,0
1,0,-2.9943304979527716,-3.0925052683774528,3.9759439323399066,0.0057713677442348338,3.9817153000841414,3.9701725645956718,0,0
2,0,-2.8961557275280905,-3.0925052683774528,3.9376534187994325,0.017258521806377058,3.9549119406058098,3.9203948969930553,0,0
3,0,-2.7979809571034093,-3.0925052683774528,3.8806790427763862,0.034350834613291026,3.915029877389677,3.8463282081630954,0,0
4,0,-2.6998061866787286,-3.0925052683774528,3.8055694986572313,0.056883697849037435,3.8624531965062685,3.748685800808194,0,0
5,0,-2.6016314162540475,-3.0925052683774528,3.713048132410889,0.084640107722940242,3.7976882401338292,3.6284080246879489,0,0
6,0,-2.5034566458293663,-3.0925052683774528,3.6040059753716345,0.11735275483471654,3.7213587302063509,3.4866532205369181,0,0
7,0,-2.4052818754046852,-3.0925052683774528,3.4794931631202628,0.15470659851012811,3.6341997616303909,3.3247865646101347,0,0
8,0,-2.3071071049800045,-3.0925052683774528,3.3407088221043817,0.19634190081489236,3.537050722919274,3.1443669212894894,0,0
9,0,-2.2089323345553233,-3.0925052683774528,3.1889895213952117,0.24185769102764343,3.4308472124228553,2.9471318303675682,0,0
10,0,-2.1107575641306422,-3.0925052683774528,3.0257964007967884,0.29081562720717041,3.3166120280039588,2.7349807735896179,0,0
11,0,-2.0125827937059615,-3.0925052683774528,2.8527010992709094,0.34274421766493407,3.1954453169358437,2.5099568816059752,0,0
12,0,-1.9144080232812801,-3.0925052683774528,2.6713706191947848,0.39714336168777142,3.0685139808825563,2.2742272575070133,0,3.8857805861880479e-16
13,0,-1.8162332528565992,-3.0925052683774528,2.4835512722168724,0.45348916578114512,2.9370404379980175,2.0300621064357274,0,5.1292303737682232e-14
14,0,-1.7180584824319181,-3.0925052683774528,2.2910518613210682,0.51123898904988641,2.8022908503709547,1.7798128722711817,0,7.6504358403894912e-12
15,0,-1.6198837120072371,-3.0925052683774528,2.095726261065181,0.56983666912665265,2.6655629301918338,1.5258895919385282,0,1.228107060491368e-09
16,0,-1.521708941582556,-3.0925052683774528,1.8994555637555086,0.62871787831955428,2.528173442075063,1.2707376854359542,0,2.0204934025880306e-07
17,0,-1.4235341711578751,-3.0925052683774528,1.7041299634996214,0.68731555839632041,2.3914455218959416,1.016814405103301,5.5511151231257827e-17,3.2433441057799772e-05
18,0,-1.3253594007331939,-3.0925052683774528,1.5116305526038167,0.74506538166506187,2.2566959342688788,0.76656517093875487,5.5511151231257827e-16,0.0048144690264624312
19,0,-1.227184630308513,-3.0925052683774528,1.3238112056259048,0.8014111857584354,2.12522239138434,0.52240001986746942,7.6605388699135801e-15,0.38983629454208707
20,0,-1.1290098598838321,-3.0925052683774528,1.1424807255497809,0.85581032978127258,1.9982910553310536,0.28667039576850828,9.681144774731365e-14,0.9861645908836365
21,0,-1.0308350894591509,-3.0925052683774528,0.96938542402390149,0.90773892023903646,1.8771243442629379,0.061646503784865025,1.0925704785336166e-12,0.99984424490552604
22,0,-0.93266031903446978,-3.0925052683774528,0.80619230342547787,0.9566968564185635,1.7628891598440415,-0.15050455299308563,1.0732081889841538e-11,0.99999776237002136
23,0,-0.83448554860978863,-3.0925052683774528,0.65447300271630771,1.0022126466313146,1.6566856493476223,-0.34773964391500689,8.9775131772995564e-11,0.99999995668612962
24,0,-0.73631077818510793,-3.0925052683774528,0.51568866170042682,1.0438479489360788,1.5595366106365056,-0.52815928723565198,6.2658778166024831e-10,0.99999999882639512
25,0,-0.63813600776042678,-3.0925052683774528,0.39117584944905492,1.0812017926114905,1.4723776420605454,-0.6900259431624356,3.5812539045387837e-09,0.99999999995391431
26,0,-0.53996123733574564,-3.0925052683774528,0.28213369240980057,1.1139144397232668,1.3960481321330673,-0.83178074731346618,1.6482565368125535e-08,0.99999999999729416
27,0,-0.44178646691106449,-3.0925052683774528,0.18961232616345791,1.1416708495971695,1.3312831757606274,-0.95205852343371156,6.0195780693383938e-08,0.99999999999975597
28,0,-0.34361169648638379,-3.0925052683774528,0.11450278204430342,1.1642037128329159,1.2787064948772193,-1.0497009307886125,1.7228253373913205e-07,0.99999999999996536
29,0,-0.24543692606170264,-3.0925052683774528,0.057528406021256862,1.1812960256398297,1.2388244316610866,-1.1237676196185729,3.8251842465752972e-07,0.99999999999999212
30,0,-0.1472621556370215,-3.0925052683774528,0.019237892480782781,1.1927831797019719,1.2120210721827547,-1.1735452872211891,6.5382762048926679e-07,0.99999999999999711
31,0,-0.049087385212340351,-3.0925052683774528,-0,1.1985545474462069,1.1985545474462069,-1.1985545474462069,8.5591753345992672e-07,0.99999999999999822
32,0,0.049087385212340351,-3.0925052683774528,-0,1.1985545474462069,1.1985545474462069,-1.1985545474462069,8.5591753345992672e-07,0.99999999999999822
33,0,0.1472621556370215,-3.0925052683774528,0.019237892480782781,1.1927831797019719,1.2120210721827547,-1.1735452872211891,6.5382762048926679e-07,0.99999999999999711
34,0,0.24543692606170264,-3.0925052683774528,0.057528406021256862,1.1812960256398297,1.2388244316610866,-1.1237676196185729,3.8251842465752972e-07,0.99999999999999212
35,0,0.34361169648638379,-3.0925052683774528,0.11450278204430342,1.1642037128329159,1.2787064948772193,-1.0497009307886125,1.7228253373913205e-07,0.99999999999996536
36,0,0.44178646691106449,-3.0925052683774528,0.18961232616345791,1.1416708495971695,1.3312831757606274,-0.95205852343371156,6.0195780693383938e-08,0.99999999999975597
37,0,0.53996123733574564,-3.0925052683774528,0.28213369240980057,1.1139144397232668,1.3960481321330673,-0.83178074731346618,1.6482565368125535e-08,0.99999999999729416
38,0,0.63813600776042678,-3.0925052683774528,0.39117584944905492,1.0812017926114905,1.4723776420605454,-0.6900259431624356,3.5812539045387837e-09,0.99999999995391431
39,0,0.73631077818510793,-3.0925052683774528,0.51568866170042682,1.0438479489360788,1.5595366106365056,-0.52815928723565198,6.2658778166024831e-10,0.99999999882639512
40,0,0.83448554860978863,-3.0925052683774528,0.65447300271630771,1.0022126466313146,1.6566856493476223,-0.34773964391500689,8.9775131772995564e-11,0.99999995668612962
41,0,0.93266031903447022,-3.0925052683774528,0.80619230342547876,0.95669685641856317,1.7628891598440419,-0.15050455299308441,1.0732081889841538e-11,0.99999776237002136
42,0,1.0308350894591509,-3.0925052683774528,0.96938542402390149,0.90773892023903646,1.8771243442629379,0.061646503784865025,1.0925704785336166e-12,0.99984424490552604
43,0,1.1290098598838316,-3.0925052683774528,1.1424807255497802,0.8558103297812728,1.9982910553310531,0.28667039576850739,9.681144774731365e-14,0.98616459088363673
44,0,1.2271846303085132,-3.0925052683774528,1.3238112056259053,0.80141118575843528,2.1252223913843404,0.52240001986746998,7.6605388699135801e-15,0.38983629454208441
45,0,1.3253594007331939,-3.0925052683774528,1.5116305526038167,0.74506538166506187,2.2566959342688788,0.76656517093875487,5.5511151231257827e-16,0.0048144690264624312
46,0,1.4235341711578746,-3.0925052683774528,1.7041299634996205,0.68731555839632075,2.3914455218959412,1.0168144051032999,5.5511151231257827e-17,3.2433441057799772e-05
47,0,1.5217089415825562,-3.0925052683774528,1.8994555637555091,0.62871787831955417,2.5281734420750634,1.2707376854359549,0,2.0204934025880306e-07
48,0,1.6198837120072369,-3.0925052683774528,2.0957262610651806,0.56983666912665276,2.6655629301918333,1.5258895919385278,0,1.228107060491368e-09
49,0,1.7180584824319185,-3.0925052683774528,2.2910518613210691,0.51123898904988618,2.8022908503709552,1.779812872271183,0,7.6504358403894912e-12
50,0,1.8162332528565992,-3.0925052683774528,2.4835512722168724,0.45348916578114512,2.9370404379980175,2.0300621064357274,0,5.1292303737682232e-14
51,0,1.9144080232812799,-3.0925052683774528,2.6713706191947844,0.39714336168777159,3.0685139808825559,2.2742272575070128,0,3.8857805861880479e-16
52,0,2.0125827937059615,-3.0925052683774528,2.8527010992709094,0.34274421766493407,3.1954453169358437,2.5099568816059752,0,0
53,0,2.1107575641306422,-3.0925052683774528,3.0257964007967884,0.29081562720717041,3.3166120280039588,2.7349807735896179,0,0
54,0,2.2089323345553229,-3.0925052683774528,3.1889895213952109,0.24185769102764368,3.4308472124228544,2.9471318303675673,0,0
55,0,2.3071071049800045,-3.0925052683774528,3.3407088221043817,0.19634190081489236,3.537050722919274,3.1443669212894894,0,0
56,0,2.4052818754046852,-3.0925052683774528,3.4794931631202628,0.15470659851012811,3.6341997616303909,3.3247865646101347,0,0
57,0,2.5034566458293668,-3.0925052683774528,3.6040059753716349,0.11735275483471641,3.7213587302063513,3.4866532205369185,0,0
58,0,2.6016314162540475,-3.0925052683774528,3.713048132410889,0.084640107722940242,3.7976882401338292,3.6284080246879489,0,0
59,0,2.6998061866787282,-3.0925052683774528,3.8055694986572313,0.056883697849037573,3.8624531965062689,3.7486858008081936,0,0
60,0,2.7979809571034098,-3.0925052683774528,3.8806790427763866,0.034350834613290956,3.9150298773896774,3.8463282081630958,0,0
61,0,2.8961557275280905,-3.0925052683774528,3.9376534187994325,0.017258521806377058,3.9549119406058098,3.9203948969930553,0,0
62,0,2.9943304979527712,-3.0925052683774528,3.9759439323399066,0.0057713677442349006,3.9817153000841414,3.9701725645956718,0,0
63,0,3.0925052683774528,-3.0925052683774528,3.9951818248206896,0,3.9951818248206896,3.9951818248206896,0,0
0,1,-3.0925052683774528,-2.9943304979527716,3.9759439323399066,-0.0057713677442348338,3.9701725645956718,3.9817153000841414,0,0
1,1,-2.9943304979527716,-2.9943304979527716,3.9567060398591241,0,3.9567060398591241,3.9567060398591241,0,0
2,1,-2.8961557275280905,-2.9943304979527716,3.91841552631865,0.011487154062142223,3.9299026803807924,3.9069283722565076,0,0
3,1,-2.7979809571034093,-2.9943304979527716,3.8614411502956036,0.028579466869056189,3.8900206171646596,3.8328616834265476,0,0
4,1,-2.6998061866787286,-2.9943304979527716,3.7863316061764487,0.051112330104802602,3.8374439362812511,3.7352192760716463,0,0
5,1,-2.6016314162540475,-2.9943304979527716,3.693810239930106,0.078868739978705402,3.7726789799088114,3.6149414999514007,0,0
6,1,-2.5034566458293663,-2.9943304979527716,3.5847680828908519,0.11158138709048171,3.6963494699813335,3.4731866958003703,0,0
7,1,-2.4052818754046852,-2.9943304979527716,3.4602552706394798,0.14893523076589327,3.6091905014053731,3.3113200398735865,0,0
8,1,-2.3071071049800045,-2.9943304979527716,3.3214709296235991,0.19057053307065755,3.5120414626942567,3.1309003965529416,0,0
9,1,-2.2089323345553233,-2.9943304979527716,3.1697516289144287,0.23608632328340859,3.4058379521978375,2.93366530563102,0,0
10,1,-2.1107575641306422,-2.9943304979527716,3.0065585083160054,0.2850442594629356,3.291602767778941,2.7215142488530697,0,0
11,1,-2.0125827937059615,-2.9943304979527716,2.8334632067901264,0.33697284992069926,3.1704360567108258,2.496490356869427,0,0
12,1,-1.9144080232812801,-2.9943304979527716,2.6521327267140018,0.39137199394353667,3.0435047206575385,2.2607607327704651,0,4.9960036108132044e-16
13,1,-1.8162332528565992,-2.9943304979527716,2.4643133797360899,0.44771779803691025,2.9120311777730001,2.0165955816991796,0,6.7168492989821971e-14
14,1,-1.7180584824319181,-2.9943304979527716,2.2718139688402852,0.50546762130565159,2.7772815901459369,1.7663463475346335,0,1.0015099860538612e-11
15,1,-1.6198837120072371,-2.9943304979527716,2.076488368584398,0.56406530138241784,2.640553669966816,1.5124230672019801,0,1.6076998621272764e-09
16,1,-1.521708941582556,-2.9943304979527716,1.8802176712747258,0.62294651057531947,2.5031641818500452,1.2572711606994065,0,2.6450029283475729e-07
17,1,-1.4235341711578751,-2.9943304979527716,1.6848920710188384,0.68154419065208571,2.3664362616709242,1.0033478803667526,5.5511151231257827e-17,4.2457793651418108e-05
18,1,-1.3253594007331939,-2.9943304979527716,1.4923926601230342,0.73929401392082694,2.231686674043861,0.75309864620220723,8.8817841970012523e-16,0.0062931973978620492
19,1,-1.227184630308513,-2.9943304979527716,1.3045733131451218,0.79563981801420069,2.1002131311593226,0.50893349513092112,1.2601031329495527e-14,0.45545097264485096
20,1,-1.1290098598838321,-2.9943304979527716,1.1232428330689981,0.85003896203703777,1.9732817951060357,0.27320387103196031,1.5965007094109751e-13,0.98939662120645733
21,1,-1.0308350894591509,-2.9943304979527716,0.95014753154311871,0.90196755249480154,1.8521150840379201,0.048179979048317167,1.801669924361704e-12,0.99988101574807375
22,1,-0.93266031903446978,-2.9943304979527716,0.78695441094469509,0.95092548867432858,1.7378798996190237,-0.16397107772963349,1.7697510124037308e-11,0.99999829069424973
23,1,-0.83448554860978863,-2.9943304979527716,0.63523511023552492,0.99644127888707967,1.6316763891226045,-0.36120616865155475,1.4804157899561687e-10,0.99999996691293469
24,1,-0.73631077818510793,-2.9943304979527716,0.49645076921964404,1.038076581191844,1.534527350411488,-0.54162581197219994,1.0332599775786377e-09,0.99999999910349402
25,1,-0.63813600776042678,-2.9943304979527716,0.37193795696827214,1.0754304248672555,1.4473683818355276,-0.70349246789898334,5.905583133625214e-09,0.99999999996479549
26,1,-0.53996123733574564,-2.9943304979527716,0.26289579992901779,1.1081430719790317,1.3710388719080495,-0.84524727205001393,2.7180189265951782e-08,0.99999999999793299
27,1,-0.44178646691106449,-2.9943304979527716,0.17037443368267513,1.1358994818529347,1.3062739155356098,-0.96552504817025953,9.9264442665614183e-08,0.99999999999981348
28,1,-0.34361169648638379,-2.9943304979527716,0.095264889563520638,1.1584323450886811,1.2536972346522017,-1.0631674555251605,2.8409845759247432e-07,0.99999999999997358
29,1,-0.24543692606170264,-2.9943304979527716,0.03829051354047408,1.1755246578955949,1.213815171436069,-1.1372341443551208,6.3078291967499922e-07,0.999999999999994
30,1,-0.1472621556370215,-2.9943304979527716,-0,1.1870118119577371,1.1870118119577371,-1.1870118119577371,1.0781787128655296e-06,0.99999999999999778
31,1,-0.049087385212340351,-2.9943304979527716,-0.019237892480782781,1.1927831797019719,1.1735452872211891,-1.2120210721827547,1.4114300384560075e-06,0.99999999999999867
32,1,0.049087385212340351,-2.9943304979527716,-0.019237892480782781,1.1927831797019719,1.1735452872211891,-1.2120210721827547,1.4114300384560075e-06,0.99999999999999867
33,1,0.1472621556370215,-2.9943304979527716,-0,1.1870118119577371,1.1870118119577371,-1.1870118119577371,1.0781787128655296e-06,0.99999999999999778
34,1,0.24543692606170264,-2.9943304979527716,0.03829051354047408,1.1755246578955949,1.213815171436069,-1.1372341443551208,6.3078291967499922e-07,0.999999999999994
35,1,0.34361169648638379,-2.9943304979527716,0.095264889563520638,1.1584323450886811,1.2536972346522017,-1.0631674555251605,2.8409845759247432e-07,0.99999999999997358
36,1,0.44178646691106449,-2.9943304979527716,0.17037443368267513,1.1358994818529347,1.3062739155356098,-0.96552504817025953,9.9264442665614183e-08,0.99999999999981348
37,1,0.53996123733574564,-2.9943304979527716,0.26289579992901779,1.1081430719790317,1.3710388719080495,-0.84524727205001393,2.7180189265951782e-08,0.99999999999793299
38,1,0.63813600776042678,-2.9943304979527716,0.37193795696827214,1.0754304248672555,1.4473683818355276,-0.70349246789898334,5.905583133625214e-09,0.99999999996479549
39,1,0.73631077818510793,-2.9943304979527716,0.49645076921964404,1.038076581191844,1.534527350411488,-0.54162581197219994,1.0332599775786377e-09,0.99999999910349402
40,1,0.83448554860978863,-2.9943304979527716,0.63523511023552492,0.99644127888707967,1.6316763891226045,-0.36120616865155475,1.4804157899561687e-10,0.99999996691293469
41,1,0.93266031903447022,-2.9943304979527716,0.78695441094469598,0.95092548867432836,1.7378798996190243,-0.16397107772963238,1.7697510124037308e-11,0.99999829069424973
42,1,1.0308350894591509,-2.9943304979527716,0.95014753154311871,0.90196755249480154,1.8521150840379201,0.048179979048317167,1.801669924361704e-12,0.99988101574807375
43,1,1.1290098598838316,-2.9943304979527716,1.1232428330689972,0.85003896203703799,1.9732817951060353,0.2732038710319592,1.5965007094109751e-13,0.98939662120645755
44,1,1.2271846303085132,-2.9943304979527716,1.3045733131451223,0.79563981801420047,2.1002131311593226,0.50893349513092179,1.2601031329495527e-14,0.45545097264484768
45,1,1.3253594007331939,-2.9943304979527716,1.4923926601230342,0.73929401392082694,2.231686674043861,0.75309864620220723,8.8817841970012523e-16,0.0062931973978620492
46,1,1.4235341711578746,-2.9943304979527716,1.6848920710188375,0.68154419065208593,2.3664362616709234,1.0033478803667517,5.5511151231257827e-17,4.2457793651418108e-05
47,1,1.5217089415825562,-2.9943304979527716,1.8802176712747263,0.62294651057531936,2.5031641818500456,1.2572711606994069,0,2.6450029283475729e-07
48,1,1.6198837120072369,-2.9943304979527716,2.0764883685843976,0.56406530138241795,2.6405536699668155,1.5124230672019796,0,1.6076998621272764e-09
49,1,1.7180584824319185,-2.9943304979527716,2.2718139688402861,0.50546762130565137,2.7772815901459373,1.7663463475346348,0,1.0015099860538612e-11
50,1,1.8162332528565992,-2.9943304979527716,2.4643133797360899,0.44771779803691025,2.9120311777730001,2.0165955816991796,0,6.7168492989821971e-14
51,1,1.9144080232812799,-2.9943304979527716,2.6521327267140014,0.39137199394353678,3.0435047206575381,2.2607607327704646,0,4.9960036108132044e-16
52,1,2.0125827937059615,-2.9943304979527716,2.8334632067901264,0.33697284992069926,3.1704360567108258,2.496490356869427,0,0
53,1,2.1107575641306422,-2.9943304979527716,3.0065585083160054,0.2850442594629356,3.291602767778941,2.7215142488530697,0,0
54,1,2.2089323345553229,-2.9943304979527716,3.1697516289144279,0.23608632328340884,3.4058379521978366,2.9336653056310191,0,0
55,1,2.3071071049800045,-2.9943304979527716,3.3214709296235991,0.19057053307065755,3.5120414626942567,3.1309003965529416,0,0
56,1,2.4052818754046852,-2.9943304979527716,3.4602552706394798,0.14893523076589327,3.6091905014053731,3.3113200398735865,0,0
57,1,2.5034566458293668,-2.9943304979527716,3.5847680828908519,0.11158138709048157,3.6963494699813335,3.4731866958003703,0,0
58,1,2.6016314162540475,-2.9943304979527716,3.693810239930106,0.078868739978705402,3.7726789799088114,3.6149414999514007,0,0
59,1,2.6998061866787282,-2.9943304979527716,3.7863316061764483,0.05111233010480274,3.8374439362812511,3.7352192760716454,0,0
60,1,2.7979809571034098,-2.9943304979527716,3.8614411502956036,0.028579466869056123,3.8900206171646596,3.8328616834265476,0,0
61,1,2.8961557275280905,-2.9943304979527716,3.91841552631865,0.011487154062142223,3.9299026803807924,3.9069283722565076,0,0
62,1,2.9943304979527712,-2.9943304979527716,3.9567060398591236,6.661338147750939e-17,3.9567060398591236,3.9567060398591236,0,0
63,1,3.0925052683774528,-2.9943304979527716,3.9759439323399066,-0.0057713677442348338,3.9701725645956718,3.9817153000841414,0,0
0,2,-3.0925052683774528,-2.8961557275280905,3.9376534187994325,-0.017258521806377058,3.9203948969930553,3.9549119406058098,0,0
1,2,-2.9943304979527716,-2.8961557275280905,3.91841552631865,-0.011487154062142223,3.9069283722565076,3.9299026803807924,0,0
2,2,-2.8961557275280905,-2.8961557275280905,3.8801250127781759,0,3.8801250127781759,3.8801250127781759,0,0
3,2,-2.7979809571034093,-2.8961557275280905,3.8231506367551296,0.017092312806913968,3.8402429495620436,3.8060583239482155,0,0
4,2,-2.6998061866787286,-2.8961557275280905,3.7480410926359746,0.03962517604266038,3.7876662686786351,3.7084159165933142,0,0
5,2,-2.6016314162540475,-2.8961557275280905,3.655519726389632,0.06738158591656318,3.7229013123061954,3.5881381404730686,0,0
6,2,-2.5034566458293663,-2.8961557275280905,3.5464775693503778,0.10009423302833949,3.6465718023787175,3.4463833363220382,0,0
7,2,-2.4052818754046852,-2.8961557275280905,3.4219647570990057,0.13744807670375106,3.5594128338027566,3.2845166803952548,0,0
8,2,-2.3071071049800045,-2.8961557275280905,3.2831804160831251,0.17908337900851531,3.4622637950916402,3.1040970370746099,0,0
9,2,-2.2089323345553233,-2.8961557275280905,3.1314611153739547,0.22459916922126635,3.356060284595221,2.9068619461526883,0,0
10,2,-2.1107575641306422,-2.8961557275280905,2.9682679947755313,0.27355710540079337,3.2418251001763245,2.694710889374738,0,0
11,2,-2.0125827937059615,-2.8961557275280905,2.7951726932496523,0.32548569585855708,3.1206583891082094,2.4696869973910953,0,0
12,2,-1.9144080232812801,-2.8961557275280905,2.6138422131735277,0.37988483988139443,2.993727053054922,2.2339573732921334,0,8.8817841970012523e-16
13,2,-1.8162332528565992,-2.8961557275280905,2.4260228661956158,0.43623064397476802,2.8622535101703837,1.9897922222208477,0,1.1479706074624119e-13
14,2,-1.7180584824319181,-2.8961557275280905,2.2335234552998111,0.49398046724350941,2.7275039225433204,1.7395429880563018,0,1.7118528816695289e-11
15,2,-1.6198837120072371,-2.8961557275280905,2.0381978550439239,0.55257814732027555,2.5907760023641995,1.4856197077236484,0,2.7479953312870009e-09
16,2,-1.521708941582556,-2.8961557275280905,1.8419271577342518,0.61145935651317729,2.4533865142474292,1.2304678012210744,0,4.5210269727924413e-07
17,2,-1.4235341711578751,-2.8961557275280905,1.6466015574783643,0.67005703658994342,2.3166585940683078,0.97654452088842092,1.6653345369377348e-16,7.2569706423442071e-05
18,2,-1.3253594007331939,-2.8961557275280905,1.4541021465825601,0.72780685985868476,2.181909006441245,0.72629528672387533,2.4424906541753444e-15,0.010708981788913552
19,2,-1.227184630308513,-2.8961557275280905,1.2662827996046477,0.7841526639520584,2.0504354635567061,0.48213013565258933,3.4139358007223564e-14,0.58841024493396354
20,2,-1.1290098598838321,-2.8961557275280905,1.084952319528524,0.83855180797489559,1.9235041275034197,0.24640051155362841,4.3209880118411093e-13,0.99376913509449993
21,2,-1.0308350894591509,-2.8961557275280905,0.91185701800264463,0.89048039843265936,1.8023374164353041,0.021376619569985267,4.8757664572463e-12,0.99993038546843449
22,2,-0.93266031903446978,-2.8961557275280905,0.74866389740422101,0.9394383346121864,1.6881022320164074,-0.19077443720796539,4.7893355947792315e-11,0.99999899997918607
23,2,-0.83448554860978863,-2.8961557275280905,0.59694459669505084,0.98495412482493749,1.5818987215199884,-0.38800952812988665,4.0063335982054582e-10,0.99999998064259077
24,2,-0.73631077818510793,-2.8961557275280905,0.45816025567916996,1.0265894271297016,1.4847496828088715,-0.56842917145053162,2.7962302473483192e-09,0.999999999475504
25,2,-0.63813600776042678,-2.8961557275280905,0.33364744342779806,1.0639432708051133,1.3975907142329114,-0.73029582737731524,1.5981815371102215e-08,0.99999999997940381
26,2,-0.53996123733574564,-2.8961557275280905,0.22460528638854371,1.0966559179168895,1.3212612043054333,-0.87205063152834583,7.3555606938668916e-08,0.99999999999879075
27,2,-0.44178646691106449,-2.8961557275280905,0.13208392014220105,1.1244123277907925,1.2564962479329935,-0.99232840764859143,2.6863151547651398e-07,0.99999999999989098
28,2,-0.34361169648638379,-2.8961557275280905,0.056974376023046558,1.1469451910265389,1.2039195670495855,-1.0899708150034924,7.6883295874186075e-07,0.99999999999998446
29,2,-0.24543692606170264,-2.8961557275280905,-0,1.1640375038334527,1.1640375038334527,-1.1640375038334527,1.7070364114468717e-06,0.99999999999999645
30,2,-0.1472621556370215,-2.8961557275280905,-0.03829051354047408,1.1755246578955949,1.1372341443551208,-1.213815171436069,2.9177849599770767e-06,0.99999999999999867
31,2,-0.049087385212340351,-2.8961557275280905,-0.057528406021256862,1.1812960256398297,1.1237676196185729,-1.2388244316610866,3.8196330047757243e-06,0.99999999999999922
32,2,0.049087385212340351,-2.8961557275280905,-0.057528406021256862,1.1812960256398297,1.1237676196185729,-1.2388244316610866,3.8196330047757243e-06,0.99999999999999922
33,2,0.1472621556370215,-2.8961557275280905,-0.03829051354047408,1.1755246578955949,1.1372341443551208,-1.213815171436069,2.9177849599770767e-06,0.99999999999999867
34,2,0.24543692606170264,-2.8961557275280905,-0,1.1640375038334527,1.1640375038334527,-1.1640375038334527,1.7070364114468717e-06,0.99999999999999645
35,2,0.34361169648638379,-2.8961557275280905,0.056974376023046558,1.1469451910265389,1.2039195670495855,-1.0899708150034924,7.6883295874186075e-07,0.99999999999998446
36,2,0.44178646691106449,-2.8961557275280905,0.13208392014220105,1.1244123277907925,1.2564962479329935,-0.99232840764859143,2.6863151547651398e-07,0.99999999999989098
37,2,0.53996123733574564,-2.8961557275280905,0.22460528638854371,1.0966559179168895,1.3212612043054333,-0.87205063152834583,7.3555606938668916e-08,0.99999999999879075
38,2,0.63813600776042678,-2.8961557275280905,0.33364744342779806,1.0639432708051133,1.3975907142329114,-0.73029582737731524,1.5981815371102215e-08,0.99999999997940381
39,2,0.73631077818510793,-2.8961557275280905,0.45816025567916996,1.0265894271297016,1.4847496828088715,-0.56842917145053162,2.7962302473483192e-09,0.999999999475504
40,2,0.83448554860978863,-2.8961557275280905,0.59694459669505084,0.98495412482493749,1.5818987215199884,-0.38800952812988665,4.0063335982054582e-10,0.99999998064259077
41,2,0.93266031903447022,-2.8961557275280905,0.7486638974042219,0.93943833461218607,1.6881022320164081,-0.19077443720796416,4.7893355947792315e-11,0.99999899997918607
42,2,1.0308350894591509,-2.8961557275280905,0.91185701800264463,0.89048039843265936,1.8023374164353041,0.021376619569985267,4.8757664572463e-12,0.99993038546843449
43,2,1.1290098598838316,-2.8961557275280905,1.0849523195285231,0.83855180797489581,1.9235041275034188,0.2464005115536273,4.3209880118411093e-13,0.99376913509450004
44,2,1.2271846303085132,-2.8961557275280905,1.2662827996046482,0.78415266395205829,2.0504354635567066,0.48213013565258989,3.4139358007223564e-14,0.58841024493396088
45,2,1.3253594007331939,-2.8961557275280905,1.4541021465825601,0.72780685985868476,2.181909006441245,0.72629528672387533,2.4424906541753444e-15,0.010708981788913552
46,2,1.4235341711578746,-2.8961557275280905,1.6466015574783635,0.67005703658994376,2.3166585940683073,0.9765445208884197,1.6653345369377348e-16,7.2569706423442071e-05
47,2,1.5217089415825562,-2.8961557275280905,1.8419271577342522,0.61145935651317718,2.4533865142474296,1.230467801221075,0,4.5210269727924413e-07
48,2,1.6198837120072369,-2.8961557275280905,2.0381978550439235,0.55257814732027566,2.590776002364199,1.4856197077236479,0,2.7479953312870009e-09
49,2,1.7180584824319185,-2.8961557275280905,2.233523455299812,0.49398046724350914,2.7275039225433213,1.7395429880563029,0,1.7118528816695289e-11
50,2,1.8162332528565992,-2.8961557275280905,2.4260228661956158,0.43623064397476802,2.8622535101703837,1.9897922222208477,0,1.1479706074624119e-13
51,2,1.9144080232812799,-2.8961557275280905,2.6138422131735273,0.3798848398813946,2.993727053054922,2.2339573732921325,0,8.8817841970012523e-16
52,2,2.0125827937059615,-2.8961557275280905,2.7951726932496523,0.32548569585855708,3.1206583891082094,2.4696869973910953,0,0
53,2,2.1107575641306422,-2.8961557275280905,2.9682679947755313,0.27355710540079337,3.2418251001763245,2.694710889374738,0,0
54,2,2.2089323345553229,-2.8961557275280905,3.1314611153739538,0.22459916922126663,3.3560602845952205,2.906861946152687,0,0
55,2,2.3071071049800045,-2.8961557275280905,3.2831804160831251,0.17908337900851531,3.4622637950916402,3.1040970370746099,0,0
56,2,2.4052818754046852,-2.8961557275280905,3.4219647570990057,0.13744807670375106,3.5594128338027566,3.2845166803952548,0,0
57,2,2.5034566458293668,-2.8961557275280905,3.5464775693503778,0.10009423302833935,3.646571802378717,3.4463833363220386,0,0
58,2,2.6016314162540475,-2.8961557275280905,3.655519726389632,0.06738158591656318,3.7229013123061954,3.5881381404730686,0,0
59,2,2.6998061866787282,-2.8961557275280905,3.7480410926359742,0.039625176042660512,3.7876662686786347,3.7084159165933137,0,0
60,2,2.7979809571034098,-2.8961557275280905,3.8231506367551296,0.017092312806913899,3.8402429495620436,3.8060583239482155,0,0
61,2,2.8961557275280905,-2.8961557275280905,3.8801250127781759,0,3.8801250127781759,3.8801250127781759,0,0
62,2,2.9943304979527712,-2.8961557275280905,3.9184155263186495,-0.011487154062142157,3.9069283722565076,3.9299026803807915,0,0
63,2,3.0925052683774528,-2.8961557275280905,3.9376534187994325,-0.017258521806377058,3.9203948969930553,3.9549119406058098,0,0
0,3,-3.0925052683774528,-2.7979809571034093,3.8806790427763862,-0.034350834613291026,3.8463282081630954,3.915029877389677,0,0
1,3,-2.9943304979527716,-2.7979809571034093,3.8614411502956036,-0.028579466869056189,3.8328616834265476,3.8900206171646596,0,0
2,3,-2.8961557275280905,-2.7979809571034093,3.8231506367551296,-0.017092312806913968,3.8060583239482155,3.8402429495620436,0,0
3,3,-2.7979809571034093,-2.7979809571034093,3.7661762607320828,0,3.7661762607320828,3.7661762607320828,0,0
4,3,-2.6998061866787286,-2.7979809571034093,3.6910667166129283,0.022532863235746412,3.7135995798486747,3.6685338533771819,0,0
5,3,-2.6016314162540475,-2.7979809571034093,3.5985453503665852,0.050289273109649209,3.6488346234762346,3.5482560772569358,0,0
6,3,-2.5034566458293663,-2.7979809571034093,3.4895031933273311,0.08300192022142551,3.5725051135487567,3.4065012731059054,0,0
7,3,-2.4052818754046852,-2.7979809571034093,3.3649903810759589,0.12035576389683708,3.4853461449727958,3.244634617179122,0,0
8,3,-2.3071071049800045,-2.7979809571034093,3.2262060400600783,0.16199106620160134,3.3881971062616798,3.0642149738584767,0,0
9,3,-2.2089323345553233,-2.7979809571034093,3.0744867393509079,0.2075068564143524,3.2819935957652602,2.8669798829365556,0,0
10,3,-2.1107575641306422,-2.7979809571034093,2.9112936187524845,0.25646479259387939,3.1677584113463637,2.6548288261586053,0,0
11,3,-2.0125827937059615,-2.7979809571034093,2.738198317226606,0.30839338305164304,3.046591700278249,2.429804934174963,0,0
12,3,-1.9144080232812801,-2.7979809571034093,2.5568678371504814,0.3627925270744804,2.9196603642249617,2.1940753100760011,0,1.9428902930940239e-15
13,3,-1.8162332528565992,-2.7979809571034093,2.369048490172569,0.41913833116785409,2.7881868213404233,1.949910159004715,0,2.5485169530270468e-13
14,3,-1.7180584824319181,-2.7979809571034093,2.1765490792767648,0.47688815443659538,2.65343723371336,1.6996609248401695,0,3.8008207692286078e-11
15,3,-1.6198837120072371,-2.7979809571034093,1.9812234790208774,0.53548583451336162,2.5167093135342391,1.4457376445075156,0,6.1013675778376353e-09
16,3,-1.521708941582556,-2.7979809571034093,1.7849527817112052,0.59436704370626325,2.3793198254174683,1.1905857380049421,5.5511151231257827e-17,1.0038020034075501e-06
17,3,-1.4235341711578751,-2.7979809571034093,1.589627181455318,0.65296472378302939,2.2425919052383474,0.93666245767228862,7.2164496600635175e-16,0.00016111208122510101
18,3,-1.3253594007331939,-2.7979809571034093,1.3971277705595133,0.71071454705177084,2.1078423176112842,0.68641322350774248,1.0824674490095276e-14,0.023470412360307336
19,3,-1.227184630308513,-2.7979809571034093,1.2093084235816014,0.76706035114514437,1.9763687747267458,0.44224807243645703,1.5010215292932116e-13,0.76043002518334912
20,3,-1.1290098598838321,-2.7979809571034093,1.0279779435054774,0.82145949516798167,1.8494374386734591,0.20651844833749577,1.9008128404607305e-12,0.99718403696786384
21,3,-1.0308350894591509,-2.7979809571034093,0.85488264197959807,0.87338808562574533,1.7282707276053433,-0.018505443646147257,2.1447454923162468e-11,0.99996864510705641
22,3,-0.93266031903446978,-2.7979809571034093,0.69168952138117445,0.92234602180527248,1.6140355431864468,-0.23065650042409802,2.1067364519566922e-10,0.99999954960031467
23,3,-0.83448554860978863,-2.7979809571034093,0.53997022067200429,0.96786181201802346,1.5078320326900276,-0.42789159134601917,1.7623095205365757e-09,0.9999999912816151
24,3,-0.73631077818510793,-2.7979809571034093,0.4011858796561234,1.0094971143227878,1.4106829939789112,-0.60831123466666437,1.2300082175009663e-08,0.9999999997637723
25,3,-0.63813600776042678,-2.7979809571034093,0.2766730674047515,1.0468509579981993,1.3235240254029508,-0.77017789059344777,7.030094623106109e-08,0.99999999999072364
26,3,-0.53996123733574564,-2.7979809571034093,0.16763091036549715,1.0795636051099757,1.2471945154754729,-0.91193269474447858,3.2355697010544304e-07,0.99999999999945532
27,3,-0.44178646691106449,-2.7979809571034093,0.075109544119154492,1.1073200149838784,1.1824295591030329,-1.032210470864724,1.1816575949397112e-06,0.99999999999995093
28,3,-0.34361169648638379,-2.7979809571034093,-0,1.1298528782196249,1.1298528782196249,-1.1298528782196249,3.3819403459367514e-06,0.99999999999999301
29,3,-0.24543692606170264,-2.7979809571034093,-0.056974376023046558,1.1469451910265389,1.0899708150034924,-1.2039195670495855,7.5088832199310396e-06,0.99999999999999845
30,3,-0.1472621556370215,-2.7979809571034093,-0.095264889563520638,1.1584323450886811,1.0631674555251605,-1.2536972346522017,1.2834650872262099e-05,0.99999999999999933
31,3,-0.049087385212340351,-2.7979809571034093,-0.11450278204430342,1.1642037128329159,1.0497009307886125,-1.2787064948772193,1.6801617145456582e-05,0.99999999999999967
32,3,0.049087385212340351,-2.7979809571034093,-0.11450278204430342,1.1642037128329159,1.0497009307886125,-1.2787064948772193,1.6801617145456582e-05,0.99999999999999967
33,3,0.1472621556370215,-2.7979809571034093,-0.095264889563520638,1.1584323450886811,1.0631674555251605,-1.2536972346522017,1.2834650872262099e-05,0.99999999999999933
34,3,0.24543692606170264,-2.7979809571034093,-0.056974376023046558,1.1469451910265389,1.0899708150034924,-1.2039195670495855,7.5088832199310396e-06,0.99999999999999845
35,3,0.34361169648638379,-2.7979809571034093,-0,1.1298528782196249,1.1298528782196249,-1.1298528782196249,3.3819403459367514e-06,0.99999999999999301
36,3,0.44178646691106449,-2.7979809571034093,0.075109544119154492,1.1073200149838784,1.1824295591030329,-1.032210470864724,1.1816575949397112e-06,0.99999999999995093
37,3,0.53996123733574564,-2.7979809571034093,0.16763091036549715,1.0795636051099757,1.2471945154754729,-0.91193269474447858,3.2355697010544304e-07,0.99999999999945532
38,3,0.63813600776042678,-2.7979809571034093,0.2766730674047515,1.0468509579981993,1.3235240254029508,-0.77017789059344777,7.030094623106109e-08,0.99999999999072364
39,3,0.73631077818510793,-2.7979809571034093,0.4011858796561234,1.0094971143227878,1.4106829939789112,-0.60831123466666437,1.2300082175009663e-08,0.9999999997637723
40,3,0.83448554860978863,-2.7979809571034093,0.53997022067200429,0.96786181201802346,1.5078320326900276,-0.42789159134601917,1.7623095205365757e-09,0.9999999912816151
41,3,0.93266031903447022,-2.7979809571034093,0.69168952138117534,0.92234602180527214,1.6140355431864475,-0.2306565004240968,2.1067364519566922e-10,0.99999954960031467
42,3,1.0308350894591509,-2.7979809571034093,0.85488264197959807,0.87338808562574533,1.7282707276053433,-0.018505443646147257,2.1447454923162468e-11,0.99996864510705641
43,3,1.1290098598838316,-2.7979809571034093,1.0279779435054768,0.82145949516798178,1.8494374386734584,0.206518448337495,1.9008128404607305e-12,0.99718403696786395
44,3,1.2271846303085132,-2.7979809571034093,1.2093084235816018,0.76706035114514426,1.9763687747267462,0.44224807243645758,1.5010215292932116e-13,0.76043002518334712
45,3,1.3253594007331939,-2.7979809571034093,1.3971277705595133,0.71071454705177084,2.1078423176112842,0.68641322350774248,1.0824674490095276e-14,0.023470412360307336
46,3,1.4235341711578746,-2.7979809571034093,1.5896271814553171,0.65296472378302972,2.2425919052383469,0.9366624576722874,7.2164496600635175e-16,0.00016111208122510101
47,3,1.5217089415825562,-2.7979809571034093,1.7849527817112056,0.59436704370626314,2.3793198254174688,1.1905857380049425,5.5511151231257827e-17,1.0038020034075501e-06
48,3,1.6198837120072369,-2.7979809571034093,1.9812234790208769,0.53548583451336174,2.5167093135342387,1.4457376445075152,0,6.1013675778376353e-09
49,3,1.7180584824319185,-2.7979809571034093,2.1765490792767657,0.4768881544365951,2.6534372337133609,1.6996609248401706,0,3.8008207692286078e-11
50,3,1.8162332528565992,-2.7979809571034093,2.369048490172569,0.41913833116785409,2.7881868213404233,1.949910159004715,0,2.5485169530270468e-13
51,3,1.9144080232812799,-2.7979809571034093,2.5568678371504809,0.36279252707448056,2.9196603642249617,2.1940753100760002,0,1.9428902930940239e-15
52,3,2.0125827937059615,-2.7979809571034093,2.738198317226606,0.30839338305164304,3.046591700278249,2.429804934174963,0,0
53,3,2.1107575641306422,-2.7979809571034093,2.9112936187524845,0.25646479259387939,3.1677584113463637,2.6548288261586053,0,0
54,3,2.2089323345553229,-2.7979809571034093,3.074486739350907,0.20750685641435265,3.2819935957652597,2.8669798829365543,0,0
55,3,2.3071071049800045,-2.7979809571034093,3.2262060400600783,0.16199106620160134,3.3881971062616798,3.0642149738584767,0,0
56,3,2.4052818754046852,-2.7979809571034093,3.3649903810759589,0.12035576389683708,3.4853461449727958,3.244634617179122,0,0
57,3,2.5034566458293668,-2.7979809571034093,3.4895031933273315,0.083001920221425385,3.5725051135487567,3.4065012731059063,0,0
58,3,2.6016314162540475,-2.7979809571034093,3.5985453503665852,0.050289273109649209,3.6488346234762346,3.5482560772569358,0,0
59,3,2.6998061866787282,-2.7979809571034093,3.6910667166129274,0.022532863235746547,3.7135995798486738,3.668533853377181,0,0
60,3,2.7979809571034098,-2.7979809571034093,3.7661762607320828,-6.661338147750939e-17,3.7661762607320828,3.7661762607320828,0,0
61,3,2.8961557275280905,-2.7979809571034093,3.8231506367551296,-0.017092312806913968,3.8060583239482155,3.8402429495620436,0,0
62,3,2.9943304979527712,-2.7979809571034093,3.8614411502956032,-0.028579466869056123,3.8328616834265472,3.8900206171646592,0,0
63,3,3.0925052683774528,-2.7979809571034093,3.8806790427763862,-0.034350834613291026,3.8463282081630954,3.915029877389677,0,0
0,4,-3.0925052683774528,-2.6998061866787286,3.8055694986572313,-0.056883697849037435,3.748685800808194,3.8624531965062685,0,0
1,4,-2.9943304979527716,-2.6998061866787286,3.7863316061764487,-0.051112330104802602,3.7352192760716463,3.8374439362812511,0,0
2,4,-2.8961557275280905,-2.6998061866787286,3.7480410926359746,-0.03962517604266038,3.7084159165933142,3.7876662686786351,0,0
3,4,-2.7979809571034093,-2.6998061866787286,3.6910667166129283,-0.022532863235746412,3.6685338533771819,3.7135995798486747,0,0
4,4,-2.6998061866787286,-2.6998061866787286,3.6159571724937734,0,3.6159571724937734,3.6159571724937734,0,0
5,4,-2.6016314162540475,-2.6998061866787286,3.5234358062474307,0.027756409873902797,3.5511922161213336,3.4956793963735278,0,0
6,4,-2.5034566458293663,-2.6998061866787286,3.4143936492081766,0.060469056985679101,3.4748627061938557,3.3539245922224974,0,0
7,4,-2.4052818754046852,-2.6998061866787286,3.2898808369568044,0.097822900661090673,3.3877037376178949,3.192057936295714,0,0
8,4,-2.3071071049800045,-2.6998061866787286,3.1510964959409238,0.13945820296585493,3.2905546989067789,3.0116382929750687,0,0
9,4,-2.2089323345553233,-2.6998061866787286,2.9993771952317534,0.18497399317860599,3.1843511884103592,2.8144032020531475,0,0
10,4,-2.1107575641306422,-2.6998061866787286,2.83618407463333,0.23393192935813301,3.0701160039914628,2.6022521452751972,0,0
11,4,-2.0125827937059615,-2.6998061866787286,2.6630887731074511,0.28586051981589666,2.9489492929233476,2.3772282532915545,0,5.5511151231257827e-17
12,4,-1.9144080232812801,-2.6998061866787286,2.4817582930313264,0.34025966383873407,2.8220179568700603,2.1414986291925926,0,5.4956039718945249e-15
13,4,-1.8162332528565992,-2.6998061866787286,2.2939389460534145,0.39660546793210766,2.6905444139855224,1.8973334781213069,0,7.2930550487626533e-13
14,4,-1.7180584824319181,-2.6998061866787286,2.1014395351576098,0.45435529120084905,2.5557948263584587,1.6470842439567608,0,1.0878092870925116e-10
15,4,-1.6198837120072371,-2.6998061866787286,1.9061139349017227,0.51295297127761519,2.4190669061793377,1.3931609636241076,0,1.7462339740870192e-08
16,4,-1.521708941582556,-2.6998061866787286,1.7098432375920505,0.57183418047051682,2.2816774180625674,1.1380090571215336,3.3306690738754696e-16,2.872913129337018e-06
17,4,-1.4235341711578751,-2.6998061866787286,1.5145176373361631,0.63043186054728306,2.144949497883446,0.88408577678888001,5.1625370645069779e-15,0.00046097045198034703
18,4,-1.3253594007331939,-2.6998061866787286,1.3220182264403588,0.68818168381602429,2.0101999102563832,0.63383654262433453,7.6327832942979512e-14,0.064360458409367494
19,4,-1.227184630308513,-2.6998061866787286,1.1341988794624465,0.74452748790939804,1.8787263673718444,0.38967139155304842,1.0580980536190054e-12,0.90083814329287615
20,4,-1.1290098598838321,-2.6998061866787286,0.95286839938632273,0.79892663193223512,1.751795031318558,0.15394176745408761,1.339822697232762e-11,0.99901429244488571
21,4,-1.0308350894591509,-2.6998061866787286,0.77977309786044335,0.850855222389999,1.6306283202504424,-0.071082124529555646,1.5117751495097309e-10,0.99998904433020619
22,4,-0.93266031903446978,-2.6998061866787286,0.61657997726201974,0.89981315856952604,1.5163931358315459,-0.2832331813075063,1.4849826923679643e-09,0.99999984262963282
23,4,-0.83448554860978863,-2.6998061866787286,0.46486067655284957,0.94532894878227713,1.4101896253351267,-0.48046827222942756,1.2422052442229159e-08,0.99999999695378339
24,4,-0.73631077818510793,-2.6998061866787286,0.32607633553696869,0.98696425108704133,1.31304058662401,-0.66088791555007265,8.6700011614482264e-08,0.99999999991746169
25,4,-0.63813600776042678,-2.6998061866787286,0.20156352328559679,1.0243180947624528,1.2258816180480496,-0.82275457147685604,4.9553251907363816e-07,0.99999999999675881
26,4,-0.53996123733574564,-2.6998061866787286,0.09252136624634244,1.0570307418742291,1.1495521081205715,-0.96450937562788663,2.2806628283134067e-06,0.99999999999980971
27,4,-0.44178646691106449,-2.6998061866787286,-2.2204460492503131e-16,1.084787151748132,1.0847871517481318,-1.0847871517481322,8.3291315399747212e-06,0.9999999999999829
28,4,-0.34361169648638379,-2.6998061866787286,-0.075109544119154714,1.1073200149838784,1.0322104708647237,-1.1824295591030332,2.3837913144308942e-05,0.99999999999999756
29,4,-0.24543692606170264,-2.6998061866787286,-0.13208392014220127,1.1244123277907923,0.99232840764859098,-1.2564962479329935,5.2925723005303738e-05,0.99999999999999944
30,4,-0.1472621556370215,-2.6998061866787286,-0.17037443368267535,1.1358994818529347,0.9655250481702593,-1.30627391553561,9.0461028118993259e-05,0.99999999999999978
31,4,-0.049087385212340351,-2.6998061866787286,-0.18961232616345813,1.1416708495971692,0.95205852343371111,-1.3312831757606274,0.00011841810968427069,0.99999999999999989
32,4,0.049087385212340351,-2.6998061866787286,-0.18961232616345813,1.1416708495971692,0.95205852343371111,-1.3312831757606274,0.00011841810968427069,0.99999999999999989
33,4,0.1472621556370215,-2.6998061866787286,-0.17037443368267535,1.1358994818529347,0.9655250481702593,-1.30627391553561,9.0461028118993259e-05,0.99999999999999978
34,4,0.24543692606170264,-2.6998061866787286,-0.13208392014220127,1.1244123277907923,0.99232840764859098,-1.2564962479329935,5.2925723005303738e-05,0.99999999999999944
35,4,0.34361169648638379,-2.6998061866787286,-0.075109544119154714,1.1073200149838784,1.0322104708647237,-1.1824295591030332,2.3837913144308942e-05,0.99999999999999756
36,4,0.44178646691106449,-2.6998061866787286,-2.2204460492503131e-16,1.084787151748132,1.0847871517481318,-1.0847871517481322,8.3291315399747212e-06,0.9999999999999829
37,4,0.53996123733574564,-2.6998061866787286,0.09252136624634244,1.0570307418742291,1.1495521081205715,-0.96450937562788663,2.2806628283134067e-06,0.99999999999980971
38,4,0.63813600776042678,-2.6998061866787286,0.20156352328559679,1.0243180947624528,1.2258816180480496,-0.82275457147685604,4.9553251907363816e-07,0.99999999999675881
39,4,0.73631077818510793,-2.6998061866787286,0.32607633553696869,0.98696425108704133,1.31304058662401,-0.66088791555007265,8.6700011614482264e-08,0.99999999991746169
40,4,0.83448554860978863,-2.6998061866787286,0.46486067655284957,0.94532894878227713,1.4101896253351267,-0.48046827222942756,1.2422052442229159e-08,0.99999999695378339
41,4,0.93266031903447022,-2.6998061866787286,0.61657997726202063,0.89981315856952571,1.5163931358315463,-0.28323318130750508,1.4849826923679643e-09,0.99999984262963282
42,4,1.0308350894591509,-2.6998061866787286,0.77977309786044335,0.850855222389999,1.6306283202504424,-0.071082124529555646,1.5117751495097309e-10,0.99998904433020619
43,4,1.1290098598838316,-2.6998061866787286,0.95286839938632195,0.79892663193223545,1.7517950313185575,0.1539417674540865,1.339822697232762e-11,0.99901429244488582
44,4,1.2271846303085132,-2.6998061866787286,1.1341988794624469,0.74452748790939793,1.8787263673718448,0.38967139155304897,1.0580980536190054e-12,0.90083814329287515
45,4,1.3253594007331939,-2.6998061866787286,1.3220182264403588,0.68818168381602429,2.0101999102563832,0.63383654262433453,7.6327832942979512e-14,0.064360458409367494
46,4,1.4235341711578746,-2.6998061866787286,1.5145176373361622,0.63043186054728328,2.1449494978834456,0.8840857767888789,5.1625370645069779e-15,0.00046097045198034703
47,4,1.5217089415825562,-2.6998061866787286,1.7098432375920509,0.57183418047051671,2.2816774180625679,1.1380090571215342,3.3306690738754696e-16,2.872913129337018e-06
48,4,1.6198837120072369,-2.6998061866787286,1.9061139349017222,0.5129529712776153,2.4190669061793377,1.3931609636241069,0,1.7462339740870192e-08
49,4,1.7180584824319185,-2.6998061866787286,2.1014395351576107,0.45435529120084878,2.5557948263584596,1.6470842439567619,0,1.0878092870925116e-10
50,4,1.8162332528565992,-2.6998061866787286,2.2939389460534145,0.39660546793210766,2.6905444139855224,1.8973334781213069,0,7.2930550487626533e-13
51,4,1.9144080232812799,-2.6998061866787286,2.481758293031326,0.34025966383873418,2.8220179568700603,2.1414986291925917,0,5.4956039718945249e-15
52,4,2.0125827937059615,-2.6998061866787286,2.6630887731074511,0.28586051981589666,2.9489492929233476,2.3772282532915545,0,5.5511151231257827e-17
53,4,2.1107575641306422,-2.6998061866787286,2.83618407463333,0.23393192935813301,3.0701160039914628,2.6022521452751972,0,0
54,4,2.2089323345553229,-2.6998061866787286,2.9993771952317525,0.18497399317860624,3.1843511884103588,2.8144032020531462,0,0
55,4,2.3071071049800045,-2.6998061866787286,3.1510964959409238,0.13945820296585493,3.2905546989067789,3.0116382929750687,0,0
56,4,2.4052818754046852,-2.6998061866787286,3.2898808369568044,0.097822900661090673,3.3877037376178949,3.192057936295714,0,0
57,4,2.5034566458293668,-2.6998061866787286,3.4143936492081766,0.060469056985678969,3.4748627061938557,3.3539245922224974,0,0
58,4,2.6016314162540475,-2.6998061866787286,3.5234358062474307,0.027756409873902797,3.5511922161213336,3.4956793963735278,0,0
59,4,2.6998061866787282,-2.6998061866787286,3.6159571724937729,1.3322676295501878e-16,3.6159571724937729,3.6159571724937729,0,0
60,4,2.7979809571034098,-2.6998061866787286,3.6910667166129283,-0.022532863235746482,3.6685338533771819,3.7135995798486747,0,0
61,4,2.8961557275280905,-2.6998061866787286,3.7480410926359746,-0.03962517604266038,3.7084159165933142,3.7876662686786351,0,0
62,4,2.9943304979527712,-2.6998061866787286,3.7863316061764483,-0.051112330104802539,3.7352192760716458,3.8374439362812507,0,0
63,4,3.0925052683774528,-2.6998061866787286,3.8055694986572313,-0.056883697849037435,3.748685800808194,3.8624531965062685,0,0
0,5,-3.0925052683774528,-2.6016314162540475,3.713048132410889,-0.084640107722940242,3.6284080246879489,3.7976882401338292,0,0
1,5,-2.9943304979527716,-2.6016314162540475,3.693810239930106,-0.078868739978705402,3.6149414999514007,3.7726789799088114,0,0
2,5,-2.8961557275280905,-2.6016314162540475,3.655519726389632,-0.06738158591656318,3.5881381404730686,3.7229013123061954,0,0
3,5,-2.7979809571034093,-2.6016314162540475,3.5985453503665852,-0.050289273109649209,3.5482560772569358,3.6488346234762346,0,0
4,5,-2.6998061866787286,-2.6016314162540475,3.5234358062474307,-0.027756409873902797,3.4956793963735278,3.5511922161213336,0,0
5,5,-2.6016314162540475,-2.6016314162540475,3.430914440001088,0,3.430914440001088,3.430914440001088,0,0
6,5,-2.5034566458293663,-2.6016314162540475,3.3218722829618335,0.032712647111776301,3.3545849300736097,3.2891596358500572,0,0
7,5,-2.4052818754046852,-2.6016314162540475,3.1973594707104618,0.070066490787187866,3.2674259614976497,3.1272929799232738,0,0
8,5,-2.3071071049800045,-2.6016314162540475,3.0585751296945807,0.11170179309195213,3.1702769227865328,2.9468733366026285,0,0
9,5,-2.2089323345553233,-2.6016314162540475,2.9068558289854107,0.15721758330470317,3.0640734122901141,2.7496382456807074,0,0
10,5,-2.1107575641306422,-2.6016314162540475,2.7436627083869873,0.20617551948423021,2.9498382278712176,2.537487188902757,0,0
11,5,-2.0125827937059615,-2.6016314162540475,2.5705674068611084,0.25810410994199384,2.8286715168031025,2.3124632969191143,0,1.6653345369377348e-16
12,5,-1.9144080232812801,-2.6016314162540475,2.3892369267849838,0.31250325396483125,2.7017401807498151,2.0767336728201524,0,2.0150547896946591e-14
13,5,-1.8162332528565992,-2.6016314162540475,2.2014175798070719,0.36884905805820484,2.5702666378652768,1.832568521748867,0,2.6635360583782131e-12
14,5,-1.7180584824319181,-2.6016314162540475,2.0089181689112672,0.42659888132694623,2.4355170502382135,1.5823192875843208,0,3.9727765521746505e-10
15,5,-1.6198837120072371,-2.6016314162540475,1.81359256865538,0.48519656140371237,2.2987891300590926,1.3283960072516676,2.2204460492503131e-16,6.3774002856398226e-08
16,5,-1.521708941582556,-2.6016314162540475,1.6173218713457078,0.544077770596614,2.1613996419423218,1.0732441007490938,3.7192471324942744e-15,1.0492052343380465e-05
17,5,-1.4235341711578751,-2.6016314162540475,1.4219962710898204,0.60267545067338024,2.0246717217632009,0.81932082041644017,5.7120974616964304e-14,0.0016814491422725286
18,5,-1.3253594007331939,-2.6016314162540475,1.2294968601940162,0.66042527394212158,1.8899221341361376,0.56907158625189458,8.4582341131067551e-13,0.20077915686472703
19,5,-1.227184630308513,-2.6016314162540475,1.0416775132161038,0.71677107803549522,1.758448591251599,0.32490643518060858,1.1728840121350004e-11,0.97074096641805785
20,5,-1.1290098598838321,-2.6016314162540475,0.86034703313998007,0.77117022205833241,1.6315172551983124,0.089176811081647656,1.4851353480338503e-10,0.99972990421716434
21,5,-1.0308350894591509,-2.6016314162540475,0.68725173161410069,0.82309881251609618,1.5103505441301968,-0.13584708090199549,1.6757401577471853e-09,0.99999700013904258
22,5,-0.93266031903446978,-2.6016314162540475,0.52405861101567708,0.87205674869562333,1.3961153597113003,-0.34799813767994625,1.6460418583719161e-08,0.99999995690947907
23,5,-0.83448554860978863,-2.6016314162540475,0.37233931030650691,0.91757253890837431,1.2899118492148811,-0.5452332286018674,1.3769329543222852e-07,0.99999999916589721
24,5,-0.73631077818510793,-2.6016314162540475,0.23355496929062602,0.95920784121313862,1.1927628105037646,-0.7256528719225126,9.6103292140936603e-07,0.99999999997739963
25,5,-0.63813600776042678,-2.6016314162540475,0.10904215703925413,0.99656168488855013,1.1056038419278043,-0.887519527849296,5.4927455277464787e-06,0.99999999999911249
26,5,-0.53996123733574564,-2.6016314162540475,-2.2204460492503131e-16,1.0292743320003266,1.0292743320003264,-1.0292743320003268,2.5279622540508306e-05,0.99999999999994782
27,5,-0.44178646691106449,-2.6016314162540475,-0.092521366246342884,1.0570307418742291,0.96450937562788619,-1.149552108120572,9.2317223163440598e-05,0.99999999999999534
28,5,-0.34361169648638379,-2.6016314162540475,-0.16763091036549738,1.0795636051099755,0.91193269474447813,-1.2471945154754729,0.00026416990040134536,0.99999999999999933
29,5,-0.24543692606170264,-2.6016314162540475,-0.22460528638854393,1.0966559179168895,0.87205063152834561,-1.3212612043054335,0.00058634679134350609,0.99999999999999978
30,5,-0.1472621556370215,-2.6016314162540475,-0.26289579992901801,1.1081430719790317,0.84524727205001371,-1.3710388719080497,0.0010018091612354341,1
31,5,-0.049087385212340351,-2.6016314162540475,-0.2821336924098008,1.1139144397232668,0.83178074731346596,-1.3960481321330676,0.0013110501042951084,1
32,5,0.049087385212340351,-2.6016314162540475,-0.2821336924098008,1.1139144397232668,0.83178074731346596,-1.3960481321330676,0.0013110501042951084,1
33,5,0.1472621556370215,-2.6016314162540475,-0.26289579992901801,1.1081430719790317,0.84524727205001371,-1.3710388719080497,0.0010018091612354341,1
34,5,0.24543692606170264,-2.6016314162540475,-0.22460528638854393,1.0966559179168895,0.87205063152834561,-1.3212612043054335,0.00058634679134350609,0.99999999999999978
35,5,0.34361169648638379,-2.6016314162540475,-0.16763091036549738,1.0795636051099755,0.91193269474447813,-1.2471945154754729,0.00026416990040134536,0.99999999999999933
36,5,0.44178646691106449,-2.6016314162540475,-0.092521366246342884,1.0570307418742291,0.96450937562788619,-1.149552108120572,9.2317223163440598e-05,0.99999999999999534
37,5,0.53996123733574564,-2.6016314162540475,-2.2204460492503131e-16,1.0292743320003266,1.0292743320003264,-1.0292743320003268,2.5279622540508306e-05,0.99999999999994782
38,5,0.63813600776042678,-2.6016314162540475,0.10904215703925413,0.99656168488855013,1.1056038419278043,-0.887519527849296,5.4927455277464787e-06,0.99999999999911249
39,5,0.73631077818510793,-2.6016314162540475,0.23355496929062602,0.95920784121313862,1.1927628105037646,-0.7256528719225126,9.6103292140936603e-07,0.99999999997739963
40,5,0.83448554860978863,-2.6016314162540475,0.37233931030650691,0.91757253890837431,1.2899118492148811,-0.5452332286018674,1.3769329543222852e-07,0.99999999916589721
41,5,0.93266031903447022,-2.6016314162540475,0.52405861101567797,0.87205674869562311,1.3961153597113012,-0.34799813767994514,1.6460418583719161e-08,0.99999995690947907
42,5,1.0308350894591509,-2.6016314162540475,0.68725173161410069,0.82309881251609618,1.5103505441301968,-0.13584708090199549,1.6757401577471853e-09,0.99999700013904258
43,5,1.1290098598838316,-2.6016314162540475,0.86034703313997929,0.77117022205833263,1.6315172551983119,0.089176811081646656,1.4851353480338503e-10,0.99972990421716434
44,5,1.2271846303085132,-2.6016314162540475,1.0416775132161042,0.71677107803549511,1.7584485912515992,0.32490643518060913,1.1728840121350004e-11,0.97074096641805752
45,5,1.3253594007331939,-2.6016314162540475,1.2294968601940162,0.66042527394212158,1.8899221341361376,0.56907158625189458,8.4582341131067551e-13,0.20077915686472703
46,5,1.4235341711578746,-2.6016314162540475,1.4219962710898195,0.60267545067338057,2.0246717217632,0.81932082041643894,5.7120974616964304e-14,0.0016814491422725286
47,5,1.5217089415825562,-2.6016314162540475,1.6173218713457083,0.54407777059661389,2.1613996419423223,1.0732441007490943,3.7192471324942744e-15,1.0492052343380465e-05
48,5,1.6198837120072369,-2.6016314162540475,1.8135925686553795,0.48519656140371253,2.2987891300590921,1.328396007251667,2.2204460492503131e-16,6.3774002856398226e-08
49,5,1.7180584824319185,-2.6016314162540475,2.0089181689112681,0.42659888132694596,2.435517050238214,1.5823192875843222,0,3.9727765521746505e-10
50,5,1.8162332528565992,-2.6016314162540475,2.2014175798070719,0.36884905805820484,2.5702666378652768,1.832568521748867,0,2.6635360583782131e-12
51,5,1.9144080232812799,-2.6016314162540475,2.3892369267849833,0.31250325396483142,2.7017401807498147,2.076733672820152,0,2.0150547896946591e-14
52,5,2.0125827937059615,-2.6016314162540475,2.5705674068611084,0.25810410994199384,2.8286715168031025,2.3124632969191143,0,1.6653345369377348e-16
53,5,2.1107575641306422,-2.6016314162540475,2.7436627083869873,0.20617551948423021,2.9498382278712176,2.537487188902757,0,0
54,5,2.2089323345553229,-2.6016314162540475,2.9068558289854098,0.15721758330470345,3.0640734122901132,2.7496382456807065,0,0
55,5,2.3071071049800045,-2.6016314162540475,3.0585751296945807,0.11170179309195213,3.1702769227865328,2.9468733366026285,0,0
56,5,2.4052818754046852,-2.6016314162540475,3.1973594707104618,0.070066490787187866,3.2674259614976497,3.1272929799232738,0,0
57,5,2.5034566458293668,-2.6016314162540475,3.3218722829618343,0.032712647111776169,3.3545849300736106,3.2891596358500581,0,0
58,5,2.6016314162540475,-2.6016314162540475,3.430914440001088,0,3.430914440001088,3.430914440001088,0,0
59,5,2.6998061866787282,-2.6016314162540475,3.5234358062474302,-0.027756409873902665,3.4956793963735278,3.5511922161213327,0,0
60,5,2.7979809571034098,-2.6016314162540475,3.5985453503665856,-0.050289273109649278,3.5482560772569363,3.648834623476235,0,0
61,5,2.8961557275280905,-2.6016314162540475,3.655519726389632,-0.06738158591656318,3.5881381404730686,3.7229013123061954,0,0
62,5,2.9943304979527712,-2.6016314162540475,3.693810239930106,-0.078868739978705332,3.6149414999514007,3.7726789799088114,0,0
63,5,3.0925052683774528,-2.6016314162540475,3.713048132410889,-0.084640107722940242,3.6284080246879489,3.7976882401338292,0,0
0,6,-3.0925052683774528,-2.5034566458293663,3.6040059753716345,-0.11735275483471654,3.4866532205369181,3.7213587302063509,0,0
1,6,-2.9943304979527716,-2.5034566458293663,3.5847680828908519,-0.11158138709048171,3.4731866958003703,3.6963494699813335,0,0
2,6,-2.8961557275280905,-2.5034566458293663,3.5464775693503778,-0.10009423302833949,3.4463833363220382,3.6465718023787175,0,0
3,6,-2.7979809571034093,-2.5034566458293663,3.4895031933273311,-0.08300192022142551,3.4065012731059054,3.5725051135487567,0,0
4,6,-2.6998061866787286,-2.5034566458293663,3.4143936492081766,-0.060469056985679101,3.3539245922224974,3.4748627061938557,0,0
5,6,-2.6016314162540475,-2.5034566458293663,3.3218722829618335,-0.032712647111776301,3.2891596358500572,3.3545849300736097,0,0
6,6,-2.5034566458293663,-2.5034566458293663,3.2128301259225793,0,3.2128301259225793,3.2128301259225793,0,0
7,6,-2.4052818754046852,-2.5034566458293663,3.0883173136712072,0.037353843675411565,3.1256711573466189,3.0509634699957955,0,0
8,6,-2.3071071049800045,-2.5034566458293663,2.9495329726553265,0.078989145980175826,3.0285221186355025,2.8705438266751506,0,0
9,6,-2.2089323345553233,-2.5034566458293663,2.7978136719461562,0.12450493619292688,2.9223186081390828,2.6733087357532295,0,0
10,6,-2.1107575641306422,-2.5034566458293663,2.6346205513477328,0.17346287237245389,2.8080834237201868,2.4611576789752787,0,0
11,6,-2.0125827937059615,-2.5034566458293663,2.4615252498218543,0.22539146283021755,2.6869167126520717,2.2361337869916369,0,8.3266726846886741e-16
12,6,-1.9144080232812801,-2.5034566458293663,2.2801947697457297,0.2797906068530549,2.5599853765987843,2.000404162892675,0,9.2814644858663087e-14
13,6,-1.8162332528565992,-2.5034566458293663,2.0923754227678173,0.3361364109464286,2.4285118337142459,1.7562390118213886,0,1.2258749571003591e-11
14,6,-1.7180584824319181,-2.5034566458293663,1.899876011872013,0.39388623421516988,2.2937622460871827,1.5059897776568432,2.7755575615628914e-16,1.8284530556300638e-09
15,6,-1.6198837120072371,-2.5034566458293663,1.7045504116161256,0.45248391429193607,2.1570343259080618,1.2520664973241895,4.0523140398818214e-15,2.9351701108515371e-07
16,6,-1.521708941582556,-2.5034566458293663,1.5082797143064535,0.51136512348483776,2.019644837791291,0.99691459082161571,6.3171690101171407e-14,4.8287390145285158e-05
17,6,-1.4235341711578751,-2.5034566458293663,1.3129541140505663,0.56996280356160389,1.8829169176121701,0.74299131048896239,9.7305496993271845e-13,0.0076922023143927154
18,6,-1.3253594007331939,-2.5034566458293663,1.1204547031547616,0.62771262683034534,1.7481673299851068,0.49274207632441624,1.4406420500989725e-11,0.53622603086708154
19,6,-1.227184630308513,-2.5034566458293663,0.93263535617684956,0.68405843092371887,1.6166937871005684,0.24857692525313069,1.9976575948987829e-10,0.99349373046107803
20,6,-1.1290098598838321,-2.5034566458293663,0.75130487610072572,0.73845757494655617,1.489762451047282,0.012847301154169544,2.5294877303849717e-09,0.99994130245625323
21,6,-1.0308350894591509,-2.5034566458293663,0.57820957457484634,0.79038616540431983,1.3685957399791662,-0.21217659082947349,2.8541267127479841e-08,0.99999934820286651
22,6,-0.93266031903446978,-2.5034566458293663,0.41501645397642273,0.83934410158384698,1.2543605555602697,-0.42432764760742425,2.8035437987794509e-07,0.99999999063749501
23,6,-0.83448554860978863,-2.5034566458293663,0.26329715326725256,0.88485989179659796,1.1481570450638505,-0.6215627385293454,2.3451920858619246e-06,0.99999999981877008
24,6,-0.73631077818510793,-2.5034566458293663,0.12451281225137167,0.92649519410136227,1.0510080063527338,-0.8019823818499906,1.6368095809904393e-05,0.99999999999508948
25,6,-0.63813600776042678,-2.5034566458293663,-2.2204460492503131e-16,0.96384903777677378,0.96384903777677355,-0.963849037776774,9.3544405963985611e-05,0.99999999999980715
26,6,-0.53996123733574564,-2.5034566458293663,-0.10904215703925457,0.99656168488855013,0.88751952784929555,-1.1056038419278047,0.00043038902944070312,0.99999999999998868
27,6,-0.44178646691106449,-2.5034566458293663,-0.20156352328559723,1.0243180947624528,0.8227545714768556,-1.2258816180480501,0.0015700266425904275,0.999999999999999
28,6,-0.34361169648638379,-2.5034566458293663,-0.27667306740475173,1.0468509579981993,0.77017789059344754,-1.323524025402951,0.0044803762349315823,0.99999999999999978
29,6,-0.24543692606170264,-2.5034566458293663,-0.33364744342779828,1.0639432708051133,0.73029582737731502,-1.3975907142329116,0.0098936762218309049,1
30,6,-0.1472621556370215,-2.5034566458293663,-0.37193795696827237,1.0754304248672555,0.70349246789898312,-1.4473683818355279,0.016793135175117324,1
31,6,-0.049087385212340351,-2.5034566458293663,-0.39117584944905515,1.0812017926114903,0.69002594316243515,-1.4723776420605454,0.021870168729815731,1
32,6,0.049087385212340351,-2.5034566458293663,-0.39117584944905515,1.0812017926114903,0.69002594316243515,-1.4723776420605454,0.021870168729815731,1
33,6,0.1472621556370215,-2.5034566458293663,-0.37193795696827237,1.0754304248672555,0.70349246789898312,-1.4473683818355279,0.016793135175117324,1
34,6,0.24543692606170264,-2.5034566458293663,-0.33364744342779828,1.0639432708051133,0.73029582737731502,-1.3975907142329116,0.0098936762218309049,1
35,6,0.34361169648638379,-2.5034566458293663,-0.27667306740475173,1.0468509579981993,0.77017789059344754,-1.323524025402951,0.0044803762349315823,0.99999999999999978
36,6,0.44178646691106449,-2.5034566458293663,-0.20156352328559723,1.0243180947624528,0.8227545714768556,-1.2258816180480501,0.0015700266425904275,0.999999999999999
37,6,0.53996123733574564,-2.5034566458293663,-0.10904215703925457,0.99656168488855013,0.88751952784929555,-1.1056038419278047,0.00043038902944070312,0.99999999999998868
38,6,0.63813600776042678,-2.5034566458293663,-2.2204460492503131e-16,0.96384903777677378,0.96384903777677355,-0.963849037776774,9.3544405963985611e-05,0.99999999999980715
39,6,0.73631077818510793,-2.5034566458293663,0.12451281225137167,0.92649519410136227,1.0510080063527338,-0.8019823818499906,1.6368095809904393e-05,0.99999999999508948
40,6,0.83448554860978863,-2.5034566458293663,0.26329715326725256,0.88485989179659796,1.1481570450638505,-0.6215627385293454,2.3451920858619246e-06,0.99999999981877008
41,6,0.93266031903447022,-2.5034566458293663,0.41501645397642362,0.83934410158384665,1.2543605555602704,-0.42432764760742303,2.8035437987794509e-07,0.99999999063749501
42,6,1.0308350894591509,-2.5034566458293663,0.57820957457484634,0.79038616540431983,1.3685957399791662,-0.21217659082947349,2.8541267127479841e-08,0.99999934820286651
43,6,1.1290098598838316,-2.5034566458293663,0.75130487610072494,0.73845757494655628,1.4897624510472811,0.012847301154168655,2.5294877303849717e-09,0.99994130245625323
44,6,1.2271846303085132,-2.5034566458293663,0.93263535617685001,0.68405843092371876,1.6166937871005689,0.24857692525313124,1.9976575948987829e-10,0.99349373046107803
45,6,1.3253594007331939,-2.5034566458293663,1.1204547031547616,0.62771262683034534,1.7481673299851068,0.49274207632441624,1.4406420500989725e-11,0.53622603086708154
46,6,1.4235341711578746,-2.5034566458293663,1.3129541140505654,0.56996280356160411,1.8829169176121696,0.74299131048896128,9.7305496993271845e-13,0.0076922023143928819
47,6,1.5217089415825562,-2.5034566458293663,1.5082797143064539,0.51136512348483765,2.0196448377912914,0.99691459082161626,6.3171690101171407e-14,4.8287390145285158e-05
48,6,1.6198837120072369,-2.5034566458293663,1.7045504116161252,0.45248391429193624,2.1570343259080613,1.2520664973241891,4.0523140398818214e-15,2.9351701108515371e-07
49,6,1.7180584824319185,-2.5034566458293663,1.8998760118720139,0.39388623421516961,2.2937622460871836,1.5059897776568443,2.7755575615628914e-16,1.8284530556300638e-09
50,6,1.8162332528565992,-2.5034566458293663,2.0923754227678173,0.3361364109464286,2.4285118337142459,1.7562390118213886,0,1.2258749571003591e-11
51,6,1.9144080232812799,-2.5034566458293663,2.2801947697457292,0.27979060685305507,2.5599853765987843,2.0004041628926741,0,9.2814644858663087e-14
52,6,2.0125827937059615,-2.5034566458293663,2.4615252498218543,0.22539146283021755,2.6869167126520717,2.2361337869916369,0,8.3266726846886741e-16
53,6,2.1107575641306422,-2.5034566458293663,2.6346205513477328,0.17346287237245389,2.8080834237201868,2.4611576789752787,0,0
54,6,2.2089323345553229,-2.5034566458293663,2.7978136719461553,0.12450493619292714,2.9223186081390824,2.6733087357532281,0,0
55,6,2.3071071049800045,-2.5034566458293663,2.9495329726553265,0.078989145980175826,3.0285221186355025,2.8705438266751506,0,0
56,6,2.4052818754046852,-2.5034566458293663,3.0883173136712072,0.037353843675411565,3.1256711573466189,3.0509634699957955,0,0
57,6,2.5034566458293668,-2.5034566458293663,3.2128301259225798,-1.3322676295501878e-16,3.2128301259225798,3.2128301259225798,0,0
58,6,2.6016314162540475,-2.5034566458293663,3.3218722829618335,-0.032712647111776301,3.2891596358500572,3.3545849300736097,0,0
59,6,2.6998061866787282,-2.5034566458293663,3.4143936492081757,-0.060469056985678969,3.3539245922224965,3.4748627061938548,0,0
60,6,2.7979809571034098,-2.5034566458293663,3.4895031933273311,-0.083001920221425579,3.4065012731059054,3.5725051135487567,0,0
61,6,2.8961557275280905,-2.5034566458293663,3.5464775693503778,-0.10009423302833949,3.4463833363220382,3.6465718023787175,0,0
62,6,2.9943304979527712,-2.5034566458293663,3.5847680828908515,-0.11158138709048164,3.4731866958003699,3.6963494699813331,0,0
63,6,3.0925052683774528,-2.5034566458293663,3.6040059753716345,-0.11735275483471654,3.4866532205369181,3.7213587302063509,0,0
0,7,-3.0925052683774528,-2.4052818754046852,3.4794931631202628,-0.15470659851012811,3.3247865646101347,3.6341997616303909,0,0
1,7,-2.9943304979527716,-2.4052818754046852,3.4602552706394798,-0.14893523076589327,3.3113200398735865,3.6091905014053731,0,0
2,7,-2.8961557275280905,-2.4052818754046852,3.4219647570990057,-0.13744807670375106,3.2845166803952548,3.5594128338027566,0,0
3,7,-2.7979809571034093,-2.4052818754046852,3.3649903810759589,-0.12035576389683708,3.244634617179122,3.4853461449727958,0,0
4,7,-2.6998061866787286,-2.4052818754046852,3.2898808369568044,-0.097822900661090673,3.192057936295714,3.3877037376178949,0,0
5,7,-2.6016314162540475,-2.4052818754046852,3.1973594707104618,-0.070066490787187866,3.1272929799232738,3.2674259614976497,0,0
6,7,-2.5034566458293663,-2.4052818754046852,3.0883173136712072,-0.037353843675411565,3.0509634699957955,3.1256711573466189,0,0
7,7,-2.4052818754046852,-2.4052818754046852,2.9638045014198355,0,2.9638045014198355,2.9638045014198355,0,0
8,7,-2.3071071049800045,-2.4052818754046852,2.8250201604039544,0.041635302304764261,2.8666554627087186,2.7833848580991902,0,0
9,7,-2.2089323345553233,-2.4052818754046852,2.6733008596947845,0.087151092517515308,2.7604519522122999,2.5861497671772691,0,0
10,7,-2.1107575641306422,-2.4052818754046852,2.5101077390963611,0.13610902869704233,2.6462167677934034,2.3739987103993188,0,5.5511151231257827e-17
11,7,-2.0125827937059615,-2.4052818754046852,2.3370124375704822,0.18803761915480596,2.5250500567252883,2.1489748184156761,0,4.7739590058881731e-15
12,7,-1.9144080232812801,-2.4052818754046852,2.1556819574943575,0.24243676317764334,2.3981187206720009,1.9132451943167141,5.5511151231257827e-17,5.3052007231713105e-13
13,7,-1.8162332528565992,-2.4052818754046852,1.9678626105164456,0.29878256727101699,2.2666451777874626,1.6690800432454287,4.4408920985006262e-16,7.0064787305312848e-11
14,7,-1.7180584824319181,-2.4052818754046852,1.7753631996206409,0.35653239053975838,2.1318955901603993,1.4188308090808825,6.7168492989821971e-15,1.0450498133529607e-08
15,7,-1.6198837120072371,-2.4052818754046852,1.5800375993647537,0.41513007061652452,1.9951676699812784,1.1649075287482291,1.0308420783644578e-13,1.6775901102716873e-06
16,7,-1.521708941582556,-2.4052818754046852,1.3837669020550816,0.47401127980942614,1.8577781818645076,0.90975562224565543,1.6087686738330831e-12,0.00027592308570323354
17,7,-1.4235341711578751,-2.4052818754046852,1.1884413017991942,0.53260895988619239,1.7210502616853867,0.65583234191300177,2.4779456264667488e-11,0.042425788036348722
18,7,-1.3253594007331939,-2.4052818754046852,0.9959418909033898,0.59035878315493362,1.5863006740583234,0.40558310774845618,3.668700343517628e-10,0.86856589652936256
19,7,-1.227184630308513,-2.4052818754046852,0.80812254392547767,0.64670458724830737,1.454827131173785,0.16141795667717029,5.0871777346195302e-09,0.9988554984033341
20,7,-1.1290098598838321,-2.4052818754046852,0.62679206384935382,0.70110373127114445,1.3278957951204982,-0.074311667421790628,6.4415215439428408e-08,0.99998972959006349
21,7,-1.0308350894591509,-2.4052818754046852,0.45369676232347445,0.75303232172890833,1.2067290840523828,-0.29933555940543388,7.2682332524776072e-07,0.99999988595939893
22,7,-0.93266031903446978,-2.4052818754046852,0.29050364172505083,0.80199025790843548,1.0924938996334863,-0.51148661618338465,7.139376344944548e-06,0.99999999836190578
23,7,-0.83448554860978863,-2.4052818754046852,0.13878434101588066,0.84750604812118646,0.98629038913706712,-0.7087217071053058,5.9718571645883678e-05,0.99999999996829136
24,7,-0.73631077818510793,-2.4052818754046852,-2.2204460492503131e-16,0.88914135042595077,0.88914135042595055,-0.88914135042595099,0.00041665844280946995,0.99999999999914091
25,7,-0.63813600776042678,-2.4052818754046852,-0.12451281225137212,0.92649519410136227,0.80198238184999016,-1.0510080063527343,0.002376735903304561,0.99999999999996625
26,7,-0.53996123733574564,-2.4052818754046852,-0.23355496929062647,0.95920784121313862,0.72565287192251215,-1.1927628105037651,0.010845959720139187,0.999999999999998
27,7,-0.44178646691106449,-2.4052818754046852,-0.32607633553696913,0.98696425108704133,0.6608879155500722,-1.3130405866240105,0.038502887959844523,0.99999999999999978
28,7,-0.34361169648638379,-2.4052818754046852,-0.40118587965612362,1.0094971143227875,0.60831123466666392,-1.4106829939789112,0.10282479061954741,1
29,7,-0.24543692606170264,-2.4052818754046852,-0.45816025567917018,1.0265894271297016,0.5684291714505314,-1.4847496828088718,0.20284881120116394,1
30,7,-0.1472621556370215,-2.4052818754046852,-0.49645076921964426,1.038076581191844,0.54162581197219972,-1.5345273504114882,0.30311328759889217,1
31,7,-0.049087385212340351,-2.4052818754046852,-0.51568866170042704,1.0438479489360788,0.52815928723565175,-1.5595366106365058,0.36281066077499513,1
32,7,0.049087385212340351,-2.4052818754046852,-0.51568866170042704,1.0438479489360788,0.52815928723565175,-1.5595366106365058,0.36281066077499513,1
33,7,0.1472621556370215,-2.4052818754046852,-0.49645076921964426,1.038076581191844,0.54162581197219972,-1.5345273504114882,0.30311328759889217,1
34,7,0.24543692606170264,-2.4052818754046852,-0.45816025567917018,1.0265894271297016,0.5684291714505314,-1.4847496828088718,0.20284881120116394,1
35,7,0.34361169648638379,-2.4052818754046852,-0.40118587965612362,1.0094971143227875,0.60831123466666392,-1.4106829939789112,0.10282479061954741,1
36,7,0.44178646691106449,-2.4052818754046852,-0.32607633553696913,0.98696425108704133,0.6608879155500722,-1.3130405866240105,0.038502887959844523,0.99999999999999978
37,7,0.53996123733574564,-2.4052818754046852,-0.23355496929062647,0.95920784121313862,0.72565287192251215,-1.1927628105037651,0.010845959720139187,0.999999999999998
38,7,0.63813600776042678,-2.4052818754046852,-0.12451281225137212,0.92649519410136227,0.80198238184999016,-1.0510080063527343,0.002376735903304561,0.99999999999996625
39,7,0.73631077818510793,-2.4052818754046852,-2.2204460492503131e-16,0.88914135042595077,0.88914135042595055,-0.88914135042595099,0.00041665844280946995,0.99999999999914091
40,7,0.83448554860978863,-2.4052818754046852,0.13878434101588066,0.84750604812118646,0.98629038913706712,-0.7087217071053058,5.9718571645883678e-05,0.99999999996829136
41,7,0.93266031903447022,-2.4052818754046852,0.29050364172505172,0.80199025790843514,1.092493899633487,-0.51148661618338342,7.139376344944548e-06,0.99999999836190578
42,7,1.0308350894591509,-2.4052818754046852,0.45369676232347445,0.75303232172890833,1.2067290840523828,-0.29933555940543388,7.2682332524776072e-07,0.99999988595939893
43,7,1.1290098598838316,-2.4052818754046852,0.62679206384935304,0.70110373127114478,1.3278957951204977,-0.074311667421791738,6.4415215439428408e-08,0.99998972959006349
44,7,1.2271846303085132,-2.4052818754046852,0.80812254392547811,0.64670458724830726,1.4548271311737855,0.16141795667717085,5.0871777346195302e-09,0.99885549840333399
45,7,1.3253594007331939,-2.4052818754046852,0.9959418909033898,0.59035878315493362,1.5863006740583234,0.40558310774845618,3.668700343517628e-10,0.86856589652936256
46,7,1.4235341711578746,-2.4052818754046852,1.1884413017991933,0.53260895988619261,1.7210502616853858,0.65583234191300066,2.4779456264667488e-11,0.042425788036349665
47,7,1.5217089415825562,-2.4052818754046852,1.383766902055082,0.47401127980942603,1.857778181864508,0.90975562224565598,1.6087686738330831e-12,0.00027592308570317803
48,7,1.6198837120072369,-2.4052818754046852,1.5800375993647533,0.41513007061652468,1.9951676699812779,1.1649075287482287,1.0308420783644578e-13,1.6775901102716873e-06
49,7,1.7180584824319185,-2.4052818754046852,1.7753631996206418,0.3565323905397581,2.1318955901603998,1.4188308090808837,6.7168492989821971e-15,1.0450498133529607e-08
50,7,1.8162332528565992,-2.4052818754046852,1.9678626105164456,0.29878256727101699,2.2666451777874626,1.6690800432454287,4.4408920985006262e-16,7.0064787305312848e-11
51,7,1.9144080232812799,-2.4052818754046852,2.1556819574943571,0.24243676317764348,2.3981187206720005,1.9132451943167137,5.5511151231257827e-17,5.3052007231713105e-13
52,7,2.0125827937059615,-2.4052818754046852,2.3370124375704822,0.18803761915480596,2.5250500567252883,2.1489748184156761,0,4.7739590058881731e-15
53,7,2.1107575641306422,-2.4052818754046852,2.5101077390963611,0.13610902869704233,2.6462167677934034,2.3739987103993188,0,5.5511151231257827e-17
54,7,2.2089323345553229,-2.4052818754046852,2.6733008596947836,0.087151092517515585,2.760451952212299,2.5861497671772682,0,0
55,7,2.3071071049800045,-2.4052818754046852,2.8250201604039544,0.041635302304764261,2.8666554627087186,2.7833848580991902,0,0
56,7,2.4052818754046852,-2.4052818754046852,2.9638045014198355,0,2.9638045014198355,2.9638045014198355,0,0
57,7,2.5034566458293668,-2.4052818754046852,3.0883173136712081,-0.037353843675411703,3.0509634699957964,3.1256711573466198,0,0
58,7,2.6016314162540475,-2.4052818754046852,3.1973594707104618,-0.070066490787187866,3.1272929799232738,3.2674259614976497,0,0
59,7,2.6998061866787282,-2.4052818754046852,3.289880836956804,-0.097822900661090534,3.1920579362957135,3.3877037376178945,0,0
60,7,2.7979809571034098,-2.4052818754046852,3.3649903810759594,-0.12035576389683715,3.244634617179122,3.4853461449727967,0,0
61,7,2.8961557275280905,-2.4052818754046852,3.4219647570990057,-0.13744807670375106,3.2845166803952548,3.5594128338027566,0,0
62,7,2.9943304979527712,-2.4052818754046852,3.4602552706394798,-0.14893523076589321,3.3113200398735865,3.6091905014053731,0,0
63,7,3.0925052683774528,-2.4052818754046852,3.4794931631202628,-0.15470659851012811,3.3247865646101347,3.6341997616303909,0,0
0,8,-3.0925052683774528,-2.3071071049800045,3.3407088221043817,-0.19634190081489236,3.1443669212894894,3.537050722919274,0,0
1,8,-2.9943304979527716,-2.3071071049800045,3.3214709296235991,-0.19057053307065755,3.1309003965529416,3.5120414626942567,0,0
2,8,-2.8961557275280905,-2.3071071049800045,3.2831804160831251,-0.17908337900851531,3.1040970370746099,3.4622637950916402,0,0
3,8,-2.7979809571034093,-2.3071071049800045,3.2262060400600783,-0.16199106620160134,3.0642149738584767,3.3881971062616798,0,0
4,8,-2.6998061866787286,-2.3071071049800045,3.1510964959409238,-0.13945820296585493,3.0116382929750687,3.2905546989067789,0,0
5,8,-2.6016314162540475,-2.3071071049800045,3.0585751296945807,-0.11170179309195213,2.9468733366026285,3.1702769227865328,0,0
6,8,-2.5034566458293663,-2.3071071049800045,2.9495329726553265,-0.078989145980175826,2.8705438266751506,3.0285221186355025,0,0
7,8,-2.4052818754046852,-2.3071071049800045,2.8250201604039544,-0.041635302304764261,2.7833848580991902,2.8666554627087186,0,0
8,8,-2.3071071049800045,-2.3071071049800045,2.6862358193880738,0,2.6862358193880738,2.6862358193880738,0,0
9,8,-2.2089323345553233,-2.3071071049800045,2.5345165186789034,0.045515790212751046,2.5800323088916546,2.4890007284661522,0,0
10,8,-2.1107575641306422,-2.3071071049800045,2.37132339808048,0.094473726392278065,2.4657971244727581,2.2768496716882018,0,3.8857805861880479e-16
11,8,-2.0125827937059615,-2.3071071049800045,2.1982280965546015,0.14640231685004171,2.3446304134046434,2.0518257797045596,1.1102230246251565e-16,3.3195668436292181e-14
12,8,-1.9144080232812801,-2.3071071049800045,2.0168976164784769,0.20080146087287909,2.2176990773513561,1.8160961556055977,1.2212453270876722e-15,3.7028158317298221e-12
13,8,-1.8162332528565992,-2.3071071049800045,1.8290782695005645,0.25714726496625273,2.0862255344668172,1.5719310045343118,1.6653345369377348e-14,4.8901882543361808e-10
14,8,-1.7180584824319181,-2.3071071049800045,1.6365788586047603,0.31489708823499402,1.9514759468397542,1.3216817703697663,2.4696911182786607e-13,7.293950193831833e-08
15,8,-1.6198837120072371,-2.3071071049800045,1.4412532583488729,0.37349476831176026,1.8147480266606331,1.0677584900371127,3.8040126604244051e-12,1.1708663624265814e-05
16,8,-1.521708941582556,-2.3071071049800045,1.2449825610392007,0.43237597750466189,1.6773585385438625,0.81260658353453885,5.9373617133928747e-11,0.0019226397621542324
17,8,-1.4235341711578751,-2.3071071049800045,1.0496569607833135,0.49097365758142808,1.5406306183647416,0.55868330320188542,9.1452861950003239e-10,0.23619296536066492
18,8,-1.3253594007331939,-2.3071071049800045,0.85715754988750892,0.54872348085016942,1.4058810307376783,0.3084340690373395,1.353995859876278e-08,0.97877908308638983
19,8,-1.227184630308513,-2.3071071049800045,0.66933820290959678,0.60506928494354306,1.2744074878531397,0.064268917966053718,1.8775086391142892e-07,0.99983585917260365
20,8,-1.1290098598838321,-2.3071071049800045,0.48800772283347293,0.65946842896638025,1.1474761517998533,-0.17146070613290731,2.3773469632892841e-06,0.9999985284813484
21,8,-1.0308350894591509,-2.3071071049800045,0.31491242130759356,0.71139701942414402,1.0263094407317377,-0.39648459811655046,2.682394393421772e-05,0.99999998366069009
22,8,-0.93266031903446978,-2.3071071049800045,0.15171930070916995,0.76035495560367117,0.91207425631284111,-0.60863565489450122,0.00026342322881295344,0.99999999976529996
23,8,-0.83448554860978863,-2.3071071049800045,-2.2204460492503131e-16,0.80587074581642215,0.80587074581642193,-0.80587074581642237,0.0021992989306957589,0.99999999999545697
24,8,-0.73631077818510793,-2.3071071049800045,-0.13878434101588111,0.84750604812118646,0.70872170710530535,-0.98629038913706757,0.015150815742781765,0.99999999999987688
25,8,-0.63813600776042678,-2.3071071049800045,-0.263297153267253,0.88485989179659796,0.62156273852934496,-1.148157045063851,0.080820203401879398,0.99999999999999512
26,8,-0.53996123733574564,-2.3071071049800045,-0.37233931030650735,0.91757253890837431,0.54523322860186696,-1.2899118492148816,0.28809287041859394,0.99999999999999978
27,8,-0.44178646691106449,-2.3071071049800045,-0.46486067655285002,0.94532894878227713,0.48046827222942712,-1.4101896253351272,0.59643544625623868,1
28,8,-0.34361169648638379,-2.3071071049800045,-0.53997022067200451,0.96786181201802346,0.42789159134601895,-1.5078320326900281,0.80879018093133237,1
29,8,-0.24543692606170264,-2.3071071049800045,-0.59694459669505107,0.98495412482493749,0.38800952812988643,-1.5818987215199884,0.90376788605061398,1
30,8,-0.1472621556370215,-2.3071071049800045,-0.63523511023552515,0.99644127888707967,0.36120616865155453,-1.6316763891226049,0.94135823609279168,1
31,8,-0.049087385212340351,-2.3071071049800045,-0.65447300271630793,1.0022126466313144,0.34773964391500645,-1.6566856493476223,0.95457515266426063,1
32,8,0.049087385212340351,-2.3071071049800045,-0.65447300271630793,1.0022126466313144,0.34773964391500645,-1.6566856493476223,0.95457515266426063,1
33,8,0.1472621556370215,-2.3071071049800045,-0.63523511023552515,0.99644127888707967,0.36120616865155453,-1.6316763891226049,0.94135823609279168,1
34,8,0.24543692606170264,-2.3071071049800045,-0.59694459669505107,0.98495412482493749,0.38800952812988643,-1.5818987215199884,0.90376788605061398,1
35,8,0.34361169648638379,-2.3071071049800045,-0.53997022067200451,0.96786181201802346,0.42789159134601895,-1.5078320326900281,0.80879018093133237,1
36,8,0.44178646691106449,-2.3071071049800045,-0.46486067655285002,0.94532894878227713,0.48046827222942712,-1.4101896253351272,0.59643544625623868,1
37,8,0.53996123733574564,-2.3071071049800045,-0.37233931030650735,0.91757253890837431,0.54523322860186696,-1.2899118492148816,0.28809287041859394,0.99999999999999978
38,8,0.63813600776042678,-2.3071071049800045,-0.263297153267253,0.88485989179659796,0.62156273852934496,-1.148157045063851,0.080820203401879398,0.99999999999999512
39,8,0.73631077818510793,-2.3071071049800045,-0.13878434101588111,0.84750604812118646,0.70872170710530535,-0.98629038913706757,0.015150815742781765,0.99999999999987688
40,8,0.83448554860978863,-2.3071071049800045,-2.2204460492503131e-16,0.80587074581642215,0.80587074581642193,-0.80587074581642237,0.0021992989306957589,0.99999999999545697
41,8,0.93266031903447022,-2.3071071049800045,0.15171930070917083,0.76035495560367083,0.91207425631284167,-0.6086356548945,0.00026342322881289792,0.99999999976529996
42,8,1.0308350894591509,-2.3071071049800045,0.31491242130759356,0.71139701942414402,1.0263094407317377,-0.39648459811655046,2.682394393421772e-05,0.99999998366069009
43,8,1.1290098598838316,-2.3071071049800045,0.48800772283347216,0.65946842896638047,1.1474761517998526,-0.17146070613290831,2.3773469632892841e-06,0.9999985284813484
44,8,1.2271846303085132,-2.3071071049800045,0.66933820290959722,0.60506928494354295,1.2744074878531402,0.064268917966054273,1.8775086391142892e-07,0.99983585917260365
45,8,1.3253594007331939,-2.3071071049800045,0.85715754988750892,0.54872348085016942,1.4058810307376783,0.3084340690373395,1.353995859876278e-08,0.97877908308638983
46,8,1.4235341711578746,-2.3071071049800045,1.0496569607833126,0.4909736575814283,1.5406306183647409,0.55868330320188431,9.1452861950003239e-10,0.23619296536066892
47,8,1.5217089415825562,-2.3071071049800045,1.2449825610392011,0.43237597750466178,1.677358538543863,0.8126065835345393,5.9373617133928747e-11,0.0019226397621542324
48,8,1.6198837120072369,-2.3071071049800045,1.4412532583488724,0.37349476831176037,1.8147480266606328,1.067758490037112,3.8040126604244051e-12,1.1708663624265814e-05
49,8,1.7180584824319185,-2.3071071049800045,1.6365788586047612,0.31489708823499379,1.9514759468397549,1.3216817703697674,2.4696911182786607e-13,7.293950193831833e-08
50,8,1.8162332528565992,-2.3071071049800045,1.8290782695005645,0.25714726496625273,2.0862255344668172,1.5719310045343118,1.6653345369377348e-14,4.8901882543361808e-10
51,8,1.9144080232812799,-2.3071071049800045,2.0168976164784764,0.20080146087287923,2.2176990773513556,1.8160961556055972,1.2212453270876722e-15,3.7028158317298221e-12
52,8,2.0125827937059615,-2.3071071049800045,2.1982280965546015,0.14640231685004171,2.3446304134046434,2.0518257797045596,1.1102230246251565e-16,3.3195668436292181e-14
53,8,2.1107575641306422,-2.3071071049800045,2.37132339808048,0.094473726392278065,2.4657971244727581,2.2768496716882018,0,3.8857805861880479e-16
54,8,2.2089323345553229,-2.3071071049800045,2.5345165186789025,0.045515790212751317,2.5800323088916537,2.4890007284661513,0,0
55,8,2.3071071049800045,-2.3071071049800045,2.6862358193880738,0,2.6862358193880738,2.6862358193880738,0,0
56,8,2.4052818754046852,-2.3071071049800045,2.8250201604039544,-0.041635302304764261,2.7833848580991902,2.8666554627087186,0,0
57,8,2.5034566458293668,-2.3071071049800045,2.949532972655327,-0.078989145980175965,2.8705438266751511,3.0285221186355029,0,0
58,8,2.6016314162540475,-2.3071071049800045,3.0585751296945807,-0.11170179309195213,2.9468733366026285,3.1702769227865328,0,0
59,8,2.6998061866787282,-2.3071071049800045,3.1510964959409229,-0.13945820296585479,3.0116382929750682,3.2905546989067775,0,0
60,8,2.7979809571034098,-2.3071071049800045,3.2262060400600783,-0.16199106620160142,3.0642149738584767,3.3881971062616798,0,0
61,8,2.8961557275280905,-2.3071071049800045,3.2831804160831251,-0.17908337900851531,3.1040970370746099,3.4622637950916402,0,0
62,8,2.9943304979527712,-2.3071071049800045,3.3214709296235987,-0.19057053307065747,3.1309003965529412,3.5120414626942562,0,0
63,8,3.0925052683774528,-2.3071071049800045,3.3407088221043817,-0.19634190081489236,3.1443669212894894,3.537050722919274,0,0
0,9,-3.0925052683774528,-2.2089323345553233,3.1889895213952117,-0.24185769102764343,2.9471318303675682,3.4308472124228553,0,0
1,9,-2.9943304979527716,-2.2089323345553233,3.1697516289144287,-0.23608632328340859,2.93366530563102,3.4058379521978375,0,0
2,9,-2.8961557275280905,-2.2089323345553233,3.1314611153739547,-0.22459916922126635,2.9068619461526883,3.356060284595221,0,0
3,9,-2.7979809571034093,-2.2089323345553233,3.0744867393509079,-0.2075068564143524,2.8669798829365556,3.2819935957652602,0,0
4,9,-2.6998061866787286,-2.2089323345553233,2.9993771952317534,-0.18497399317860599,2.8144032020531475,3.1843511884103592,0,0
5,9,-2.6016314162540475,-2.2089323345553233,2.9068558289854107,-0.15721758330470317,2.7496382456807074,3.0640734122901141,0,0
6,9,-2.5034566458293663,-2.2089323345553233,2.7978136719461562,-0.12450493619292688,2.6733087357532295,2.9223186081390828,0,0
7,9,-2.4052818754046852,-2.2089323345553233,2.6733008596947845,-0.087151092517515308,2.5861497671772691,2.7604519522122999,0,0
8,9,-2.3071071049800045,-2.2089323345553233,2.5345165186789034,-0.045515790212751046,2.4890007284661522,2.5800323088916546,0,0
9,9,-2.2089323345553233,-2.2089323345553233,2.3827972179697334,0,2.3827972179697334,2.3827972179697334,5.5511151231257827e-17,5.5511151231257827e-17
10,9,-2.1107575641306422,-2.2089323345553233,2.21960409737131,0.048957936179527019,2.268562033550837,2.1706461611917831,4.4408920985006262e-16,3.1086244689504383e-15
11,9,-2.0125827937059615,-2.2089323345553233,2.0465087958454311,0.10088652663729065,2.1473953224827218,1.9456222692081404,4.8849813083506888e-15,2.7766677845875165e-13
12,9,-1.9144080232812801,-2.2089323345553233,1.8651783157693065,0.15528567066012805,2.0204639864294345,1.7098926451091785,6.2172489379008766e-14,3.0974611764378324e-11
13,9,-1.8162332528565992,-2.2089323345553233,1.6773589687913946,0.21163147475350169,1.8889904435448963,1.4657274940378928,8.6175511171404651e-13,4.0906993903355726e-09
14,9,-1.7180584824319181,-2.2089323345553233,1.4848595578955899,0.26938129802224303,1.7542408559178329,1.2154782598733469,1.2758571976689836e-11,6.101470717556623e-07
15,9,-1.6198837120072371,-2.2089323345553233,1.2895339576397027,0.32797897809900922,1.6175129357387119,0.96155497954069347,1.9651963389932803e-10,9.7935884666833228e-05
16,9,-1.521708941582556,-2.2089323345553233,1.0932632603300305,0.38686018729191085,1.4801234476219414,0.70640307303811967,3.0672975270817915e-09,0.015858540462532322
17,9,-1.4235341711578751,-2.2089323345553233,0.89793766007414322,0.4454578673686771,1.3433955274428202,0.45247979270546612,4.7245397483131057e-08,0.72119644776259129
18,9,-1.3253594007331939,-2.2089323345553233,0.70543824917833875,0.50320769063741833,1.208645939815757,0.20223055854092042,6.9948639280781322e-07,0.99741486438993565
19,9,-1.227184630308513,-2.2089323345553233,0.51761890220042661,0.55955349473079208,1.0771723969312186,-0.041934592530365467,9.6992922604122178e-06,0.99998037510168469
20,9,-1.1290098598838321,-2.2089323345553233,0.33628842212430277,0.61395263875362915,0.95024106087793192,-0.27766421662932639,0.00012280116856833168,0.99999982408844712
21,9,-1.0308350894591509,-2.2089323345553233,0.16319312059842339,0.66588122921139303,0.82907434980981642,-0.50268810861296964,0.0013838693535292435,0.99999999804673245
22,9,-0.93266031903446978,-2.2089323345553233,-2.2204460492503131e-16,0.71483916539092018,0.71483916539091996,-0.71483916539092041,0.013429469528384419,0.999999999971943
23,9,-0.83448554860978863,-2.2089323345553233,-0.15171930070917039,0.76035495560367117,0.60863565489450078,-0.91207425631284156,0.10222776392811145,0.99999999999945688
24,9,-0.73631077818510793,-2.2089323345553233,-0.29050364172505128,0.80199025790843548,0.5114866161833842,-1.0924938996334868,0.44281818823600672,0.99999999999998535
25,9,-0.63813600776042678,-2.2089323345553233,-0.41501645397642317,0.83934410158384698,0.42432764760742381,-1.2543605555602702,0.8195714974216215,0.99999999999999944
26,9,-0.53996123733574564,-2.2089323345553233,-0.52405861101567752,0.87205674869562333,0.34799813767994581,-1.3961153597113007,0.95435045190731782,1
27,9,-0.44178646691106449,-2.2089323345553233,-0.61657997726202018,0.89981315856952604,0.28323318130750585,-1.5163931358315463,0.98707185823273358,1
28,9,-0.34361169648638379,-2.2089323345553233,-0.69168952138117468,0.92234602180527236,0.23065650042409769,-1.614035543186447,0.99544457216820681,1
29,9,-0.24543692606170264,-2.2089323345553233,-0.74866389740422123,0.9394383346121864,0.19077443720796516,-1.6881022320164076,0.99794313076966001,1
30,9,-0.1472621556370215,-2.2089323345553233,-0.78695441094469532,0.95092548867432858,0.16397107772963326,-1.7378798996190239,0.99879561180078369,1
31,9,-0.049087385212340351,-2.2089323345553233,-0.8061923034254781,0.9566968564185635,0.15050455299308541,-1.7628891598440415,0.99907971729452405,1
32,9,0.049087385212340351,-2.2089323345553233,-0.8061923034254781,0.9566968564185635,0.15050455299308541,-1.7628891598440415,0.99907971729452405,1
33,9,0.1472621556370215,-2.2089323345553233,-0.78695441094469532,0.95092548867432858,0.16397107772963326,-1.7378798996190239,0.99879561180078369,1
34,9,0.24543692606170264,-2.2089323345553233,-0.74866389740422123,0.9394383346121864,0.19077443720796516,-1.6881022320164076,0.99794313076966001,1
35,9,0.34361169648638379,-2.2089323345553233,-0.69168952138117468,0.92234602180527236,0.23065650042409769,-1.614035543186447,0.99544457216820681,1
36,9,0.44178646691106449,-2.2089323345553233,-0.61657997726202018,0.89981315856952604,0.28323318130750585,-1.5163931358315463,0.98707185823273358,1
37,9,0.53996123733574564,-2.2089323345553233,-0.52405861101567752,0.87205674869562333,0.34799813767994581,-1.3961153597113007,0.95435045190731782,1
38,9,0.63813600776042678,-2.2089323345553233,-0.41501645397642317,0.83934410158384698,0.42432764760742381,-1.2543605555602702,0.8195714974216215,0.99999999999999944
39,9,0.73631077818510793,-2.2089323345553233,-0.29050364172505128,0.80199025790843548,0.5114866161833842,-1.0924938996334868,0.44281818823600672,0.99999999999998535
40,9,0.83448554860978863,-2.2089323345553233,-0.15171930070917039,0.76035495560367117,0.60863565489450078,-0.91207425631284156,0.10222776392811145,0.99999999999945688
41,9,0.93266031903447022,-2.2089323345553233,6.6613381477509392e-16,0.71483916539091985,0.71483916539092052,-0.71483916539091918,0.013429469528384252,0.999999999971943
42,9,1.0308350894591509,-2.2089323345553233,0.16319312059842339,0.66588122921139303,0.82907434980981642,-0.50268810861296964,0.0013838693535292435,0.99999999804673245
43,9,1.1290098598838316,-2.2089323345553233,0.33628842212430199,0.61395263875362949,0.95024106087793148,-0.2776642166293275,0.00012280116856833168,0.99999982408844712
44,9,1.2271846303085132,-2.2089323345553233,0.51761890220042706,0.55955349473079197,1.077172396931219,-0.041934592530364911,9.6992922604122178e-06,0.99998037510168469
45,9,1.3253594007331939,-2.2089323345553233,0.70543824917833875,0.50320769063741833,1.208645939815757,0.20223055854092042,6.9948639280781322e-07,0.99741486438993565
46,9,1.4235341711578746,-2.2089323345553233,0.89793766007414233,0.44545786736867737,1.3433955274428198,0.45247979270546496,4.7245397483131057e-08,0.72119644776259606
47,9,1.5217089415825562,-2.2089323345553233,1.093263260330031,0.38686018729191074,1.4801234476219416,0.70640307303812022,3.0672975270817915e-09,0.015858540462532211
48,9,1.6198837120072369,-2.2089323345553233,1.2895339576397022,0.32797897809900933,1.6175129357387115,0.96155497954069291,1.9651963389932803e-10,9.7935884666833228e-05
49,9,1.7180584824319185,-2.2089323345553233,1.4848595578955908,0.26938129802224275,1.7542408559178335,1.215478259873348,1.2758571976689836e-11,6.101470717556623e-07
50,9,1.8162332528565992,-2.2089323345553233,1.6773589687913946,0.21163147475350169,1.8889904435448963,1.4657274940378928,8.6175511171404651e-13,4.0906993903355726e-09
51,9,1.9144080232812799,-2.2089323345553233,1.865178315769306,0.15528567066012819,2.020463986429434,1.7098926451091778,6.2172489379008766e-14,3.0974611764378324e-11
52,9,2.0125827937059615,-2.2089323345553233,2.0465087958454311,0.10088652663729065,2.1473953224827218,1.9456222692081404,4.8849813083506888e-15,2.7766677845875165e-13
53,9,2.1107575641306422,-2.2089323345553233,2.21960409737131,0.048957936179527019,2.268562033550837,2.1706461611917831,4.4408920985006262e-16,3.1086244689504383e-15
54,9,2.2089323345553229,-2.2089323345553233,2.3827972179697325,2.6645352591003756e-16,2.382797217969733,2.3827972179697321,5.5511151231257827e-17,5.5511151231257827e-17
55,9,2.3071071049800045,-2.2089323345553233,2.5345165186789034,-0.045515790212751046,2.4890007284661522,2.5800323088916546,0,0
56,9,2.4052818754046852,-2.2089323345553233,2.6733008596947845,-0.087151092517515308,2.5861497671772691,2.7604519522122999,0,0
57,9,2.5034566458293668,-2.2089323345553233,2.797813671946157,-0.12450493619292702,2.6733087357532299,2.9223186081390842,0,0
58,9,2.6016314162540475,-2.2089323345553233,2.9068558289854107,-0.15721758330470317,2.7496382456807074,3.0640734122901141,0,0
59,9,2.6998061866787282,-2.2089323345553233,2.9993771952317529,-0.18497399317860586,2.8144032020531471,3.1843511884103588,0,0
60,9,2.7979809571034098,-2.2089323345553233,3.0744867393509083,-0.20750685641435246,2.866979882936556,3.2819935957652606,0,0
61,9,2.8961557275280905,-2.2089323345553233,3.1314611153739547,-0.22459916922126635,2.9068619461526883,3.356060284595221,0,0
62,9,2.9943304979527712,-2.2089323345553233,3.1697516289144287,-0.23608632328340851,2.9336653056310205,3.405837952197837,0,0
63,9,3.0925052683774528,-2.2089323345553233,3.1889895213952117,-0.24185769102764343,2.9471318303675682,3.4308472124228553,0,0
0,10,-3.0925052683774528,-2.1107575641306422,3.0257964007967884,-0.29081562720717041,2.7349807735896179,3.3166120280039588,0,0
1,10,-2.9943304979527716,-2.1107575641306422,3.0065585083160054,-0.2850442594629356,2.7215142488530697,3.291602767778941,0,0
2,10,-2.8961557275280905,-2.1107575641306422,2.9682679947755313,-0.27355710540079337,2.694710889374738,3.2418251001763245,0,0
3,10,-2.7979809571034093,-2.1107575641306422,2.9112936187524845,-0.25646479259387939,2.6548288261586053,3.1677584113463637,0,0
4,10,-2.6998061866787286,-2.1107575641306422,2.83618407463333,-0.23393192935813301,2.6022521452751972,3.0701160039914628,0,0
5,10,-2.6016314162540475,-2.1107575641306422,2.7436627083869873,-0.20617551948423021,2.537487188902757,2.9498382278712176,0,0
6,10,-2.5034566458293663,-2.1107575641306422,2.6346205513477328,-0.17346287237245389,2.4611576789752787,2.8080834237201868,0,0
7,10,-2.4052818754046852,-2.1107575641306422,2.5101077390963611,-0.13610902869704233,2.3739987103993188,2.6462167677934034,5.5511151231257827e-17,0
8,10,-2.3071071049800045,-2.1107575641306422,2.37132339808048,-0.094473726392278065,2.2768496716882018,2.4657971244727581,3.8857805861880479e-16,0
9,10,-2.2089323345553233,-2.1107575641306422,2.21960409737131,-0.048957936179527019,2.1706461611917831,2.268562033550837,3.1086244689504383e-15,4.4408920985006262e-16
10,10,-2.1107575641306422,-2.1107575641306422,2.0564109767728866,0,2.0564109767728866,2.0564109767728866,3.0309088572266774e-14,3.0309088572266774e-14
11,10,-2.0125827937059615,-2.1107575641306422,1.8833156752470077,0.051928590457763643,1.9352442657047713,1.8313870847892442,3.4167113582839193e-13,2.7272073488404658e-12
12,10,-1.9144080232812801,-2.1107575641306422,1.7019851951708831,0.10632773448060102,1.8083129296514842,1.595657460690282,4.326539126964235e-12,3.0425673092082661e-10
13,10,-1.8162332528565992,-2.1107575641306422,1.5141658481929712,0.16267353857397468,1.6768393867669458,1.3514923096189966,5.9993343626274509e-11,4.0182018878898162e-08
14,10,-1.7180584824319181,-2.1107575641306422,1.3216664372971665,0.22042336184271602,1.5420897991398825,1.1012430754544504,8.8822504906715949e-10,5.9933052556915278e-06
15,10,-1.6198837120072371,-2.1107575641306422,1.1263408370412793,0.27902104191948218,1.4053618789607616,0.84731979512179711,1.3681276833654721e-08,0.00096117166211001637
16,10,-1.521708941582556,-2.1107575641306422,0.93007013973160713,0.33790225111238387,1.267972390843991,0.5921678886192232,2.135386414359175e-07,0.13665465850965836
17,10,-1.4235341711578751,-2.1107575641306422,0.73474453947571983,0.39649993118915006,1.1312444706648699,0.33824460828656977,3.2891127763057249e-06,0.96213428096365017
18,10,-1.3253594007331939,-2.1107575641306422,0.54224512857991536,0.45424975445789134,0.99649488303780664,0.087995374122024017,4.8694408174343451e-05,0.99973620976699051
19,10,-1.227184630308513,-2.1107575641306422,0.35442578160200322,0.51059555855126504,0.86502134015326826,-0.15616977694926182,0.00067479485911747794,0.99999800206724987
20,10,-1.1290098598838321,-2.1107575641306422,0.17309530152587937,0.56499470257410211,0.73809000409998149,-0.39189940104822274,0.0084777182430388343,0.99999998209145813
21,10,-1.0308350894591509,-2.1107575641306422,-0,0.61692329303186599,0.61692329303186599,-0.61692329303186599,0.087986944424428781,0.99999999980114906
22,10,-0.93266031903446978,-2.1107575641306422,-0.16319312059842361,0.66588122921139314,0.50268810861296953,-0.82907434980981676,0.48656269334622354,0.99999999999714362
23,10,-0.83448554860978863,-2.1107575641306422,-0.31491242130759378,0.71139701942414413,0.39648459811655035,-1.0263094407317379,0.88798360521840203,0.99999999999994471
24,10,-0.73631077818510793,-2.1107575641306422,-0.45369676232347467,0.75303232172890844,0.29933555940543377,-1.206729084052383,0.9822470091268598,0.99999999999999845
25,10,-0.63813600776042678,-2.1107575641306422,-0.57820957457484656,0.79038616540431994,0.21217659082947338,-1.3685957399791664,0.99684770794552957,1
26,10,-0.53996123733574564,-2.1107575641306422,-0.68725173161410091,0.82309881251609629,0.13584708090199538,-1.5103505441301972,0.99931339076522163,1
27,10,-0.44178646691106449,-2.1107575641306422,-0.77977309786044358,0.850855222389999,0.071082124529555424,-1.6306283202504426,0.99981190165598521,1
28,10,-0.34361169648638379,-2.1107575641306422,-0.85488264197959807,0.87338808562574533,0.018505443646147257,-1.7282707276053433,0.99993427011459579,1
29,10,-0.24543692606170264,-2.1107575641306422,-0.91185701800264463,0.89048039843265936,-0.021376619569985267,-1.8023374164353041,0.99997039484324146,1
30,10,-0.1472621556370215,-2.1107575641306422,-0.95014753154311871,0.90196755249480154,-0.048179979048317167,-1.8521150840379201,0.99998267945002639,1
31,10,-0.049087385212340351,-2.1107575641306422,-0.96938542402390149,0.90773892023903646,-0.061646503784865025,-1.8771243442629379,0.99998676893794569,1
32,10,0.049087385212340351,-2.1107575641306422,-0.96938542402390149,0.90773892023903646,-0.061646503784865025,-1.8771243442629379,0.99998676893794569,1
33,10,0.1472621556370215,-2.1107575641306422,-0.95014753154311871,0.90196755249480154,-0.048179979048317167,-1.8521150840379201,0.99998267945002639,1
34,10,0.24543692606170264,-2.1107575641306422,-0.91185701800264463,0.89048039843265936,-0.021376619569985267,-1.8023374164353041,0.99997039484324146,1
35,10,0.34361169648638379,-2.1107575641306422,-0.85488264197959807,0.87338808562574533,0.018505443646147257,-1.7282707276053433,0.99993427011459579,1
36,10,0.44178646691106449,-2.1107575641306422,-0.77977309786044358,0.850855222389999,0.071082124529555424,-1.6306283202504426,0.99981190165598521,1
37,10,0.53996123733574564,-2.1107575641306422,-0.68725173161410091,0.82309881251609629,0.13584708090199538,-1.5103505441301972,0.99931339076522163,1
38,10,0.63813600776042678,-2.1107575641306422,-0.57820957457484656,0.79038616540431994,0.21217659082947338,-1.3685957399791664,0.99684770794552957,1
39,10,0.73631077818510793,-2.1107575641306422,-0.45369676232347467,0.75303232172890844,0.29933555940543377,-1.206729084052383,0.9822470091268598,0.99999999999999845
40,10,0.83448554860978863,-2.1107575641306422,-0.31491242130759378,0.71139701942414413,0.39648459811655035,-1.0263094407317379,0.88798360521840203,0.99999999999994471
41,10,0.93266031903447022,-2.1107575641306422,-0.16319312059842273,0.66588122921139281,0.50268810861297009,-0.82907434980981554,0.48656269334622076,0.99999999999714362
42,10,1.0308350894591509,-2.1107575641306422,-0,0.61692329303186599,0.61692329303186599,-0.61692329303186599,0.087986944424428781,0.99999999980114906
43,10,1.1290098598838316,-2.1107575641306422,0.1730953015258786,0.56499470257410245,0.73809000409998105,-0.39189940104822385,0.0084777182430389453,0.99999998209145813
44,10,1.2271846303085132,-2.1107575641306422,0.35442578160200366,0.51059555855126493,0.86502134015326859,-0.15616977694926126,0.00067479485911747794,0.99999800206724987
45,10,1.3253594007331939,-2.1107575641306422,0.54224512857991536,0.45424975445789134,0.99649488303780664,0.087995374122024017,4.8694408174343451e-05,0.99973620976699051
46,10,1.4235341711578746,-2.1107575641306422,0.73474453947571894,0.39649993118915033,1.1312444706648692,0.3382446082865686,3.2891127763057249e-06,0.96213428096365095
47,10,1.5217089415825562,-2.1107575641306422,0.93007013973160757,0.3379022511123837,1.2679723908439913,0.59216788861922387,2.135386414359175e-07,0.13665465850965675
48,10,1.6198837120072369,-2.1107575641306422,1.1263408370412789,0.27902104191948235,1.4053618789607611,0.84731979512179656,1.3681276833654721e-08,0.00096117166211001637
49,10,1.7180584824319185,-2.1107575641306422,1.3216664372971674,0.22042336184271574,1.5420897991398832,1.1012430754544515,8.8822504906715949e-10,5.9933052556915278e-06
50,10,1.8162332528565992,-2.1107575641306422,1.5141658481929712,0.16267353857397468,1.6768393867669458,1.3514923096189966,5.9993343626274509e-11,4.0182018878898162e-08
51,10,1.9144080232812799,-2.1107575641306422,1.7019851951708826,0.10632773448060116,1.8083129296514837,1.5956574606902816,4.326539126964235e-12,3.0425673092082661e-10
52,10,2.0125827937059615,-2.1107575641306422,1.8833156752470077,0.051928590457763643,1.9352442657047713,1.8313870847892442,3.4167113582839193e-13,2.7272073488404658e-12
53,10,2.1107575641306422,-2.1107575641306422,2.0564109767728866,0,2.0564109767728866,2.0564109767728866,3.0309088572266774e-14,3.0309088572266774e-14
54,10,2.2089323345553229,-2.1107575641306422,2.2196040973713091,-0.048957936179526748,2.1706461611917822,2.2685620335508361,3.1086244689504383e-15,4.4408920985006262e-16
55,10,2.3071071049800045,-2.1107575641306422,2.37132339808048,-0.094473726392278065,2.2768496716882018,2.4657971244727581,3.8857805861880479e-16,0
56,10,2.4052818754046852,-2.1107575641306422,2.5101077390963611,-0.13610902869704233,2.3739987103993188,2.6462167677934034,5.5511151231257827e-17,0
57,10,2.5034566458293668,-2.1107575641306422,2.6346205513477337,-0.17346287237245403,2.4611576789752796,2.8080834237201877,0,0
58,10,2.6016314162540475,-2.1107575641306422,2.7436627083869873,-0.20617551948423021,2.537487188902757,2.9498382278712176,0,0
59,10,2.6998061866787282,-2.1107575641306422,2.8361840746333296,-0.23393192935813287,2.6022521452751968,3.0701160039914623,0,0
60,10,2.7979809571034098,-2.1107575641306422,2.9112936187524849,-0.2564647925938795,2.6548288261586053,3.1677584113463646,0,0
61,10,2.8961557275280905,-2.1107575641306422,2.9682679947755313,-0.27355710540079337,2.694710889374738,3.2418251001763245,0,0
62,10,2.9943304979527712,-2.1107575641306422,3.0065585083160054,-0.28504425946293555,2.7215142488530697,3.291602767778941,0,0
63,10,3.0925052683774528,-2.1107575641306422,3.0257964007967884,-0.29081562720717041,2.7349807735896179,3.3166120280039588,0,0
0,11,-3.0925052683774528,-2.0125827937059615,2.8527010992709094,-0.34274421766493407,2.5099568816059752,3.1954453169358437,0,0
1,11,-2.9943304979527716,-2.0125827937059615,2.8334632067901264,-0.33697284992069926,2.496490356869427,3.1704360567108258,0,0
2,11,-2.8961557275280905,-2.0125827937059615,2.7951726932496523,-0.32548569585855708,2.4696869973910953,3.1206583891082094,0,0
3,11,-2.7979809571034093,-2.0125827937059615,2.738198317226606,-0.30839338305164304,2.429804934174963,3.046591700278249,0,0
4,11,-2.6998061866787286,-2.0125827937059615,2.6630887731074511,-0.28586051981589666,2.3772282532915545,2.9489492929233476,5.5511151231257827e-17,0
5,11,-2.6016314162540475,-2.0125827937059615,2.5705674068611084,-0.25810410994199384,2.3124632969191143,2.8286715168031025,1.6653345369377348e-16,0
6,11,-2.5034566458293663,-2.0125827937059615,2.4615252498218543,-0.22539146283021755,2.2361337869916369,2.6869167126520717,8.3266726846886741e-16,0
7,11,-2.4052818754046852,-2.0125827937059615,2.3370124375704822,-0.18803761915480596,2.1489748184156761,2.5250500567252883,4.7739590058881731e-15,0
8,11,-2.3071071049800045,-2.0125827937059615,2.1982280965546015,-0.14640231685004171,2.0518257797045596,2.3446304134046434,3.3195668436292181e-14,1.1102230246251565e-16
9,11,-2.2089323345553233,-2.0125827937059615,2.0465087958454311,-0.10088652663729065,1.9456222692081404,2.1473953224827218,2.7766677845875165e-13,4.8849813083506888e-15
10,11,-2.1107575641306422,-2.0125827937059615,1.8833156752470077,-0.051928590457763643,1.8313870847892442,1.9352442657047713,2.7272073488404658e-12,3.4167113582839193e-13
11,11,-2.0125827937059615,-2.0125827937059615,1.710220373721129,0,1.710220373721129,1.710220373721129,3.0772273618140389e-11,3.0772273618140389e-11
12,11,-1.9144080232812801,-2.0125827937059615,1.5288898936450044,0.054399144022837388,1.5832890376678417,1.4744907496221671,3.896466482800065e-10,3.4330560616524508e-09
13,11,-1.8162332528565992,-2.0125827937059615,1.3410705466670922,0.11074494811621102,1.4518154947833033,1.2303255985508812,5.403008540572074e-09,4.5339033111213567e-07
14,11,-1.7180584824319181,-2.0125827937059615,1.1485711357712878,0.16849477138495236,1.3170659071562401,0.98007636438633539,7.9993678570033921e-08,6.7620801292966881e-05
15,11,-1.6198837120072371,-2.0125827937059615,0.95324553551540048,0.22709245146171855,1.1803379869771191,0.72615308405368195,1.2321364160627901e-06,0.010739154509570692
16,11,-1.521708941582556,-2.0125827937059615,0.7569748382057282,0.28597366065462021,1.0429484988603483,0.47100117755110799,1.9230957485794065e-05,0.64106198722692376
17,11,-1.4235341711578751,-2.0125827937059615,0.56164923794984101,0.3445713407313864,0.90622057868122741,0.21707789721845461,0.00029613126214550478,0.99652417679170413
18,11,-1.3253594007331939,-2.0125827937059615,0.36914982705403654,0.40232116400012774,0.77147099105416428,-0.033171336946091201,0.0043664896706134271,0.99997661580341535
19,11,-1.227184630308513,-2.0125827937059615,0.1813304800761244,0.45866696809350138,0.63999744816962578,-0.27733648801737698,0.057326933883230402,0.99999982293163525
20,11,-1.1290098598838321,-2.0125827937059615,5.5511151231257827e-16,0.51306611211633846,0.51306611211633901,-0.5130661121163379,0.43503869956983132,0.99999999841284426
21,11,-1.0308350894591509,-2.0125827937059615,-0.17309530152587882,0.56499470257410234,0.39189940104822352,-0.73809000409998116,0.8967859279156396,0.99999999998237676
22,11,-0.93266031903446978,-2.0125827937059615,-0.33628842212430243,0.61395263875362949,0.27766421662932705,-0.95024106087793192,0.9884187114743852,0.99999999999974687
23,11,-0.83448554860978863,-2.0125827937059615,-0.4880077228334726,0.65946842896638047,0.17146070613290787,-1.1474761517998531,0.99860126300152774,0.99999999999999512
24,11,-0.73631077818510793,-2.0125827937059615,-0.62679206384935349,0.70110373127114478,0.074311667421791294,-1.3278957951204982,0.99979935378355345,0.99999999999999989
25,11,-0.63813600776042678,-2.0125827937059615,-0.75130487610072538,0.73845757494655628,-0.0128473011541691,-1.4897624510472816,0.99996488847504972,1
26,11,-0.53996123733574564,-2.0125827937059615,-0.86034703313997973,0.77117022205833263,-0.0891768110816471,-1.6315172551983124,0.99999237092422755,1
27,11,-0.44178646691106449,-2.0125827937059615,-0.9528683993863224,0.79892663193223545,-0.15394176745408694,-1.751795031318558,0.99999791102582547,1
28,11,-0.34361169648638379,-2.0125827937059615,-1.0279779435054768,0.82145949516798178,-0.206518448337495,-1.8494374386734584,0.99999927010831946,1
29,11,-0.24543692606170264,-2.0125827937059615,-1.0849523195285236,0.8385518079748957,-0.24640051155362785,-1.9235041275034193,0.99999967126390787,1
30,11,-0.1472621556370215,-2.0125827937059615,-1.1232428330689976,0.85003896203703788,-0.27320387103195976,-1.9732817951060355,0.99999980767469721,1
31,11,-0.049087385212340351,-2.0125827937059615,-1.1424807255497802,0.8558103297812728,-0.28667039576850739,-1.9982910553310531,0.99999985308447314,1
32,11,0.049087385212340351,-2.0125827937059615,-1.1424807255497802,0.8558103297812728,-0.28667039576850739,-1.9982910553310531,0.99999985308447314,1
33,11,0.1472621556370215,-2.0125827937059615,-1.1232428330689976,0.85003896203703788,-0.27320387103195976,-1.9732817951060355,0.99999980767469721,1
34,11,0.24543692606170264,-2.0125827937059615,-1.0849523195285236,0.8385518079748957,-0.24640051155362785,-1.9235041275034193,0.99999967126390787,1
35,11,0.34361169648638379,-2.0125827937059615,-1.0279779435054768,0.82145949516798178,-0.206518448337495,-1.8494374386734584,0.99999927010831946,1
36,11,0.44178646691106449,-2.0125827937059615,-0.9528683993863224,0.79892663193223545,-0.15394176745408694,-1.751795031318558,0.99999791102582547,1
37,11,0.53996123733574564,-2.0125827937059615,-0.86034703313997973,0.77117022205833263,-0.0891768110816471,-1.6315172551983124,0.99999237092422755,1
38,11,0.63813600776042678,-2.0125827937059615,-0.75130487610072538,0.73845757494655628,-0.0128473011541691,-1.4897624510472816,0.99996488847504972,1
39,11,0.73631077818510793,-2.0125827937059615,-0.62679206384935349,0.70110373127114478,0.074311667421791294,-1.3278957951204982,0.99979935378355345,0.99999999999999989
40,11,0.83448554860978863,-2.0125827937059615,-0.4880077228334726,0.65946842896638047,0.17146070613290787,-1.1474761517998531,0.99860126300152774,0.99999999999999512
41,11,0.93266031903447022,-2.0125827937059615,-0.33628842212430154,0.61395263875362915,0.27766421662932761,-0.9502410608779307,0.98841871147438498,0.99999999999974687
42,11,1.0308350894591509,-2.0125827937059615,-0.17309530152587882,0.56499470257410234,0.39189940104822352,-0.73809000409998116,0.8967859279156396,0.99999999998237676
43,11,1.1290098598838316,-2.0125827937059615,-2.2204460492503131e-16,0.51306611211633879,0.51306611211633857,-0.51306611211633901,0.43503869956983354,0.99999999841284426
44,11,1.2271846303085132,-2.0125827937059615,0.18133048007612484,0.45866696809350121,0.639997448169626,-0.27733648801737637,0.05732693388323018,0.99999982293163525
45,11,1.3253594007331939,-2.0125827937059615,0.36914982705403654,0.40232116400012774,0.77147099105416428,-0.033171336946091201,0.0043664896706134271,0.99997661580341535
46,11,1.4235341711578746,-2.0125827937059615,0.56164923794984012,0.34457134073138668,0.90622057868122674,0.21707789721845344,0.00029613126214550478,0.99652417679170424
47,11,1.5217089415825562,-2.0125827937059615,0.75697483820572864,0.2859736606546201,1.0429484988603488,0.47100117755110854,1.9230957485794065e-05,0.6410619872269212
48,11,1.6198837120072369,-2.0125827937059615,0.95324553551540003,0.22709245146171869,1.1803379869771187,0.7261530840536814,1.2321364160627901e-06,0.010739154509570803
49,11,1.7180584824319185,-2.0125827937059615,1.1485711357712887,0.16849477138495209,1.3170659071562407,0.98007636438633661,7.9993678570033921e-08,6.7620801292966881e-05
50,11,1.8162332528565992,-2.0125827937059615,1.3410705466670922,0.11074494811621102,1.4518154947833033,1.2303255985508812,5.403008540572074e-09,4.5339033111213567e-07
51,11,1.9144080232812799,-2.0125827937059615,1.5288898936450039,0.05439914402283752,1.5832890376678415,1.4744907496221664,3.896466482800065e-10,3.4330560616524508e-09
52,11,2.0125827937059615,-2.0125827937059615,1.710220373721129,0,1.710220373721129,1.710220373721129,3.0772273618140389e-11,3.0772273618140389e-11
53,11,2.1107575641306422,-2.0125827937059615,1.8833156752470077,-0.051928590457763643,1.8313870847892442,1.9352442657047713,2.7272073488404658e-12,3.4167113582839193e-13
54,11,2.2089323345553229,-2.0125827937059615,2.0465087958454302,-0.10088652663729039,1.9456222692081397,2.1473953224827205,2.7766677845875165e-13,4.8849813083506888e-15
55,11,2.3071071049800045,-2.0125827937059615,2.1982280965546015,-0.14640231685004171,2.0518257797045596,2.3446304134046434,3.3195668436292181e-14,1.1102230246251565e-16
56,11,2.4052818754046852,-2.0125827937059615,2.3370124375704822,-0.18803761915480596,2.1489748184156761,2.5250500567252883,4.7739590058881731e-15,0
57,11,2.5034566458293668,-2.0125827937059615,2.4615252498218547,-0.22539146283021766,2.2361337869916369,2.6869167126520725,8.3266726846886741e-16,0
58,11,2.6016314162540475,-2.0125827937059615,2.5705674068611084,-0.25810410994199384,2.3124632969191143,2.8286715168031025,1.6653345369377348e-16,0
59,11,2.6998061866787282,-2.0125827937059615,2.6630887731074506,-0.2858605198158965,2.3772282532915541,2.9489492929233472,5.5511151231257827e-17,0
60,11,2.7979809571034098,-2.0125827937059615,2.738198317226606,-0.30839338305164316,2.429804934174963,3.046591700278249,0,0
61,11,2.8961557275280905,-2.0125827937059615,2.7951726932496523,-0.32548569585855708,2.4696869973910953,3.1206583891082094,0,0
62,11,2.9943304979527712,-2.0125827937059615,2.8334632067901264,-0.33697284992069915,2.4964903568694274,3.1704360567108254,0,0
63,11,3.0925052683774528,-2.0125827937059615,2.8527010992709094,-0.34274421766493407,2.5099568816059752,3.1954453169358437,0,0
0,12,-3.0925052683774528,-1.9144080232812801,2.6713706191947848,-0.39714336168777142,2.2742272575070133,3.0685139808825563,3.8857805861880479e-16,0
1,12,-2.9943304979527716,-1.9144080232812801,2.6521327267140018,-0.39137199394353667,2.2607607327704651,3.0435047206575385,4.9960036108132044e-16,0
2,12,-2.8961557275280905,-1.9144080232812801,2.6138422131735277,-0.37988483988139443,2.2339573732921334,2.993727053054922,8.8817841970012523e-16,0
3,12,-2.7979809571034093,-1.9144080232812801,2.5568678371504814,-0.3627925270744804,2.1940753100760011,2.9196603642249617,1.9428902930940239e-15,0
4,12,-2.6998061866787286,-1.9144080232812801,2.4817582930313264,-0.34025966383873407,2.1414986291925926,2.8220179568700603,5.4956039718945249e-15,0
5,12,-2.6016314162540475,-1.9144080232812801,2.3892369267849838,-0.31250325396483125,2.0767336728201524,2.7017401807498151,2.0150547896946591e-14,0
6,12,-2.5034566458293663,-1.9144080232812801,2.2801947697457297,-0.2797906068530549,2.000404162892675,2.5599853765987843,9.2814644858663087e-14,0
7,12,-2.4052818754046852,-1.9144080232812801,2.1556819574943575,-0.24243676317764334,1.9132451943167141,2.3981187206720009,5.3052007231713105e-13,5.5511151231257827e-17
8,12,-2.3071071049800045,-1.9144080232812801,2.0168976164784769,-0.20080146087287909,1.8160961556055977,2.2176990773513561,3.7028158317298221e-12,1.2212453270876722e-15
9,12,-2.2089323345553233,-1.9144080232812801,1.8651783157693065,-0.15528567066012805,1.7098926451091785,2.0204639864294345,3.0974611764378324e-11,6.2172489379008766e-14
10,12,-2.1107575641306422,-1.9144080232812801,1.7019851951708831,-0.10632773448060102,1.595657460690282,1.8083129296514842,3.0425673092082661e-10,4.326539126964235e-12
11,12,-2.0125827937059615,-1.9144080232812801,1.5288898936450044,-0.054399144022837388,1.4744907496221671,1.5832890376678417,3.4330560616524508e-09,3.896466482800065e-10
12,12,-1.9144080232812801,-1.9144080232812801,1.3475594135688798,0,1.3475594135688798,1.3475594135688798,4.3470281541058142e-08,4.3470281541058142e-08
13,12,-1.8162332528565992,-1.9144080232812801,1.1597400665909676,0.056345804093373641,1.2160858706843412,1.1033942624975941,6.0277730723479195e-07,5.7409205215241954e-06
14,12,-1.7180584824319181,-1.9144080232812801,0.96724065569516315,0.11409562736211498,1.0813362830572781,0.85314502833304817,8.9242828589242151e-06,0.0008555581534073764
15,12,-1.6198837120072371,-1.9144080232812801,0.77191505543927585,0.17269330743888117,0.94460836287815697,0.59922174800039474,0.00013744252757114106,0.12084686202064571
16,12,-1.521708941582556,-1.9144080232812801,0.57564435812960357,0.23157451663178286,0.80721887476138643,0.34406984149782072,0.0021409177045428329,0.95765361847932851
17,12,-1.4235341711578751,-1.9144080232812801,0.38031875787371638,0.29017219670854899,0.67049095458226537,0.090146561165167394,0.031989999138972436,0.999724616035226
18,12,-1.3253594007331939,-1.9144080232812801,0.18781934697791192,0.34792201997729033,0.53574136695520225,-0.16010267299937841,0.32853305348276785,0.99999815319844965
19,12,-1.227184630308513,-1.9144080232812801,-2.2204460492503131e-16,0.40426782407066397,0.40426782407066375,-0.40426782407066419,0.87153992483498255,0.99999998601606266
20,12,-1.1290098598838321,-1.9144080232812801,-0.18133048007612407,0.4586669680935011,0.27733648801737704,-0.63999744816962512,0.98849350302287564,0.99999999987465471
21,12,-1.0308350894591509,-1.9144080232812801,-0.35442578160200344,0.51059555855126493,0.15616977694926149,-0.86502134015326837,0.99896942210433026,0.99999999999860822
22,12,-0.93266031903446978,-1.9144080232812801,-0.51761890220042706,0.55955349473079208,0.041934592530365022,-1.077172396931219,0.99989498560997059,0.99999999999998002
23,12,-0.83448554860978863,-1.9144080232812801,-0.66933820290959722,0.60506928494354306,-0.064268917966054162,-1.2744074878531402,0.99998744499182735,0.99999999999999956
24,12,-0.73631077818510793,-1.9144080232812801,-0.80812254392547811,0.64670458724830737,-0.16141795667717074,-1.4548271311737855,0.99999820114630567,1
25,12,-0.63813600776042678,-1.9144080232812801,-0.93263535617685001,0.68405843092371887,-0.24857692525313113,-1.6166937871005689,0.99999968526625826,1
26,12,-0.53996123733574564,-1.9144080232812801,-1.0416775132161042,0.71677107803549522,-0.32490643518060902,-1.7584485912515995,0.9999999316161241,1
27,12,-0.44178646691106449,-1.9144080232812801,-1.1341988794624469,0.74452748790939804,-0.38967139155304886,-1.8787263673718448,0.99999998127540335,1
28,12,-0.34361169648638379,-1.9144080232812801,-1.2093084235816014,0.76706035114514437,-0.44224807243645703,-1.9763687747267458,0.99999999345759805,1
29,12,-0.24543692606170264,-1.9144080232812801,-1.2662827996046482,0.78415266395205829,-0.48213013565258989,-2.0504354635567066,0.99999999705336706,1
30,12,-0.1472621556370215,-1.9144080232812801,-1.3045733131451223,0.79563981801420047,-0.50893349513092179,-2.1002131311593226,0.99999999827608832,1
31,12,-0.049087385212340351,-1.9144080232812801,-1.3238112056259048,0.8014111857584354,-0.52240001986746942,-2.12522239138434,0.99999999868311984,1
32,12,0.049087385212340351,-1.9144080232812801,-1.3238112056259048,0.8014111857584354,-0.52240001986746942,-2.12522239138434,0.99999999868311984,1
33,12,0.1472621556370215,-1.9144080232812801,-1.3045733131451223,0.79563981801420047,-0.50893349513092179,-2.1002131311593226,0.99999999827608832,1
34,12,0.24543692606170264,-1.9144080232812801,-1.2662827996046482,0.78415266395205829,-0.48213013565258989,-2.0504354635567066,0.99999999705336706,1
35,12,0.34361169648638379,-1.9144080232812801,-1.2093084235816014,0.76706035114514437,-0.44224807243645703,-1.9763687747267458,0.99999999345759805,1
36,12,0.44178646691106449,-1.9144080232812801,-1.1341988794624469,0.74452748790939804,-0.38967139155304886,-1.8787263673718448,0.99999998127540335,1
37,12,0.53996123733574564,-1.9144080232812801,-1.0416775132161042,0.71677107803549522,-0.32490643518060902,-1.7584485912515995,0.9999999316161241,1
38,12,0.63813600776042678,-1.9144080232812801,-0.93263535617685001,0.68405843092371887,-0.24857692525313113,-1.6166937871005689,0.99999968526625826,1
39,12,0.73631077818510793,-1.9144080232812801,-0.80812254392547811,0.64670458724830737,-0.16141795667717074,-1.4548271311737855,0.99999820114630567,1
40,12,0.83448554860978863,-1.9144080232812801,-0.66933820290959722,0.60506928494354306,-0.064268917966054162,-1.2744074878531402,0.99998744499182735,0.99999999999999956
41,12,0.93266031903447022,-1.9144080232812801,-0.51761890220042617,0.55955349473079175,0.041934592530365578,-1.0771723969312179,0.99989498560997059,0.99999999999998002
42,12,1.0308350894591509,-1.9144080232812801,-0.35442578160200344,0.51059555855126493,0.15616977694926149,-0.86502134015326837,0.99896942210433026,0.99999999999860822
43,12,1.1290098598838316,-1.9144080232812801,-0.18133048007612484,0.45866696809350138,0.27733648801737654,-0.63999744816962623,0.98849350302287564,0.99999999987465471
44,12,1.2271846303085132,-1.9144080232812801,2.2204460492503131e-16,0.40426782407066386,0.40426782407066408,-0.40426782407066364,0.87153992483498188,0.99999998601606266
45,12,1.3253594007331939,-1.9144080232812801,0.18781934697791192,0.34792201997729033,0.53574136695520225,-0.16010267299937841,0.32853305348276785,0.99999815319844965
46,12,1.4235341711578746,-1.9144080232812801,0.3803187578737155,0.29017219670854927,0.67049095458226482,0.090146561165166228,0.031989999138972769,0.999724616035226
47,12,1.5217089415825562,-1.9144080232812801,0.57564435812960402,0.23157451663178272,0.80721887476138676,0.34406984149782127,0.0021409177045428329,0.95765361847932806
48,12,1.6198837120072369,-1.9144080232812801,0.77191505543927541,0.17269330743888131,0.94460836287815675,0.59922174800039407,0.00013744252757114106,0.12084686202064715
49,12,1.7180584824319185,-1.9144080232812801,0.96724065569516404,0.1140956273621147,1.0813362830572788,0.85314502833304928,8.9242828589242151e-06,0.0008555581534073764
50,12,1.8162332528565992,-1.9144080232812801,1.1597400665909676,0.056345804093373641,1.2160858706843412,1.1033942624975941,6.0277730723479195e-07,5.7409205215241954e-06
51,12,1.9144080232812799,-1.9144080232812801,1.3475594135688793,1.3322676295501878e-16,1.3475594135688795,1.3475594135688791,4.3470281541058142e-08,4.3470281541058142e-08
52,12,2.0125827937059615,-1.9144080232812801,1.5288898936450044,-0.054399144022837388,1.4744907496221671,1.5832890376678417,3.4330560616524508e-09,3.896466482800065e-10
53,12,2.1107575641306422,-1.9144080232812801,1.7019851951708831,-0.10632773448060102,1.595657460690282,1.8083129296514842,3.0425673092082661e-10,4.326539126964235e-12
54,12,2.2089323345553229,-1.9144080232812801,1.8651783157693056,-0.15528567066012777,1.7098926451091778,2.0204639864294336,3.0974611764378324e-11,6.2172489379008766e-14
55,12,2.3071071049800045,-1.9144080232812801,2.0168976164784769,-0.20080146087287909,1.8160961556055977,2.2176990773513561,3.7028158317298221e-12,1.2212453270876722e-15
56,12,2.4052818754046852,-1.9144080232812801,2.1556819574943575,-0.24243676317764334,1.9132451943167141,2.3981187206720009,5.3052007231713105e-13,5.5511151231257827e-17
57,12,2.5034566458293668,-1.9144080232812801,2.2801947697457301,-0.27979060685305507,2.000404162892675,2.5599853765987852,9.2814644858663087e-14,0
58,12,2.6016314162540475,-1.9144080232812801,2.3892369267849838,-0.31250325396483125,2.0767336728201524,2.7017401807498151,2.0150547896946591e-14,0
59,12,2.6998061866787282,-1.9144080232812801,2.481758293031326,-0.34025966383873391,2.1414986291925922,2.8220179568700599,5.4956039718945249e-15,0
60,12,2.7979809571034098,-1.9144080232812801,2.5568678371504814,-0.36279252707448056,2.1940753100760007,2.9196603642249621,1.9428902930940239e-15,0
61,12,2.8961557275280905,-1.9144080232812801,2.6138422131735277,-0.37988483988139443,2.2339573732921334,2.993727053054922,8.8817841970012523e-16,0
62,12,2.9943304979527712,-1.9144080232812801,2.6521327267140018,-0.39137199394353656,2.2607607327704651,3.0435047206575385,4.9960036108132044e-16,0
63,12,3.0925052683774528,-1.9144080232812801,2.6713706191947848,-0.39714336168777142,2.2742272575070133,3.0685139808825563,3.8857805861880479e-16,0
0,13,-3.0925052683774528,-1.8162332528565992,2.4835512722168724,-0.45348916578114512,2.0300621064357274,2.9370404379980175,5.1292303737682232e-14,0
1,13,-2.9943304979527716,-1.8162332528565992,2.4643133797360899,-0.44771779803691025,2.0165955816991796,2.9120311777730001,6.7168492989821971e-14,0
2,13,-2.8961557275280905,-1.8162332528565992,2.4260228661956158,-0.43623064397476802,1.9897922222208477,2.8622535101703837,1.1479706074624119e-13,0
3,13,-2.7979809571034093,-1.8162332528565992,2.369048490172569,-0.41913833116785409,1.949910159004715,2.7881868213404233,2.5485169530270468e-13,0
4,13,-2.6998061866787286,-1.8162332528565992,2.2939389460534145,-0.39660546793210766,1.8973334781213069,2.6905444139855224,7.2930550487626533e-13,0
5,13,-2.6016314162540475,-1.8162332528565992,2.2014175798070719,-0.36884905805820484,1.832568521748867,2.5702666378652768,2.6635360583782131e-12,0
6,13,-2.5034566458293663,-1.8162332528565992,2.0923754227678173,-0.3361364109464286,1.7562390118213886,2.4285118337142459,1.2258749571003591e-11,0
7,13,-2.4052818754046852,-1.8162332528565992,1.9678626105164456,-0.29878256727101699,1.6690800432454287,2.2666451777874626,7.0064787305312848e-11,4.4408920985006262e-16
8,13,-2.3071071049800045,-1.8162332528565992,1.8290782695005645,-0.25714726496625273,1.5719310045343118,2.0862255344668172,4.8901882543361808e-10,1.6653345369377348e-14
9,13,-2.2089323345553233,-1.8162332528565992,1.6773589687913946,-0.21163147475350169,1.4657274940378928,1.8889904435448963,4.0906993903355726e-09,8.6175511171404651e-13
10,13,-2.1107575641306422,-1.8162332528565992,1.5141658481929712,-0.16267353857397468,1.3514923096189966,1.6768393867669458,4.0182018878898162e-08,5.9993343626274509e-11
11,13,-2.0125827937059615,-1.8162332528565992,1.3410705466670922,-0.11074494811621102,1.2303255985508812,1.4518154947833033,4.5339033111213567e-07,5.403008540572074e-09
12,13,-1.9144080232812801,-1.8162332528565992,1.1597400665909676,-0.056345804093373641,1.1033942624975941,1.2160858706843412,5.7409205215241954e-06,6.0277730723479195e-07
13,13,-1.8162332528565992,-1.8162332528565992,0.97192071961305548,0,0.97192071961305548,0.97192071961305548,7.9600196571494308e-05,7.9600196571494308e-05
14,13,-1.7180584824319181,-1.8162332528565992,0.77942130871725102,0.05774982326874134,0.83717113198599236,0.72167148544850968,0.001177218823102455,0.011734366133805796
15,13,-1.6198837120072371,-1.8162332528565992,0.58409570846136372,0.1163475033455075,0.70044321180687119,0.46774820511585624,0.017830310692524443,0.65589094328887798
16,13,-1.521708941582556,-1.8162332528565992,0.38782501115169149,0.17522871253840921,0.56305372369010076,0.21259629861328228,0.22078898299345534,0.99682122021289521
17,13,-1.4235341711578751,-1.8162332528565992,0.19249941089580425,0.23382639261517535,0.4263258035109796,-0.041326981719371103,0.81358634873467084,0.99998013516548911
18,13,-1.3253594007331939,-1.8162332528565992,-2.2204460492503131e-16,0.29157621588391669,0.29157621588391647,-0.29157621588391691,0.98476001914865297,0.99999986681470077
19,13,-1.227184630308513,-1.8162332528565992,-0.18781934697791236,0.34792201997729033,0.16010267299937797,-0.53574136695520269,0.99888517962116863,0.99999999899152581
20,13,-1.1290098598838321,-1.8162332528565992,-0.36914982705403621,0.40232116400012752,0.033171336946091312,-0.77147099105416372,0.99991186681292332,0.99999999999096056
21,13,-1.0308350894591509,-1.8162332528565992,-0.54224512857991558,0.45424975445789134,-0.087995374122024239,-0.99649488303780687,0.99999218851361438,0.99999999999989964
22,13,-0.93266031903446978,-1.8162332528565992,-0.70543824917833919,0.50320769063741833,-0.20223055854092087,-1.2086459398157574,0.99999920475211512,0.99999999999999856
23,13,-0.83448554860978863,-1.8162332528565992,-0.85715754988750936,0.54872348085016942,-0.30843406903733994,-1.4058810307376788,0.99999990493276658,1
24,13,-0.73631077818510793,-1.8162332528565992,-0.99594189090339025,0.59035878315493362,-0.40558310774845663,-1.5863006740583239,0.99999998637912335,1
25,13,-0.63813600776042678,-1.8162332528565992,-1.120454703154762,0.62771262683034534,-0.49274207632441669,-1.7481673299851073,0.99999999761684721,1
26,13,-0.53996123733574564,-1.8162332528565992,-1.2294968601940166,0.66042527394212158,-0.56907158625189502,-1.8899221341361381,0.99999999948219975,1
27,13,-0.44178646691106449,-1.8162332528565992,-1.3220182264403593,0.68818168381602429,-0.63383654262433498,-2.0101999102563837,0.99999999985821808,1
28,13,-0.34361169648638379,-1.8162332528565992,-1.3971277705595138,0.71071454705177073,-0.68641322350774303,-2.1078423176112846,0.99999999995046118,1
29,13,-0.24543692606170264,-1.8162332528565992,-1.4541021465825601,0.72780685985868476,-0.72629528672387533,-2.181909006441245,0.99999999997768818,1
30,13,-0.1472621556370215,-1.8162332528565992,-1.4923926601230342,0.73929401392082694,-0.75309864620220723,-2.231686674043861,0.99999999998694666,1
31,13,-0.049087385212340351,-1.8162332528565992,-1.5116305526038172,0.74506538166506175,-0.76656517093875542,-2.2566959342688788,0.99999999999002864,1
32,13,0.049087385212340351,-1.8162332528565992,-1.5116305526038172,0.74506538166506175,-0.76656517093875542,-2.2566959342688788,0.99999999999002864,1
33,13,0.1472621556370215,-1.8162332528565992,-1.4923926601230342,0.73929401392082694,-0.75309864620220723,-2.231686674043861,0.99999999998694666,1
34,13,0.24543692606170264,-1.8162332528565992,-1.4541021465825601,0.72780685985868476,-0.72629528672387533,-2.181909006441245,0.99999999997768818,1
35,13,0.34361169648638379,-1.8162332528565992,-1.3971277705595138,0.71071454705177073,-0.68641322350774303,-2.1078423176112846,0.99999999995046118,1
36,13,0.44178646691106449,-1.8162332528565992,-1.3220182264403593,0.68818168381602429,-0.63383654262433498,-2.0101999102563837,0.99999999985821808,1
37,13,0.53996123733574564,-1.8162332528565992,-1.2294968601940166,0.66042527394212158,-0.56907158625189502,-1.8899221341361381,0.99999999948219975,1
38,13,0.63813600776042678,-1.8162332528565992,-1.120454703154762,0.62771262683034534,-0.49274207632441669,-1.7481673299851073,0.99999999761684721,1
39,13,0.73631077818510793,-1.8162332528565992,-0.99594189090339025,0.59035878315493362,-0.40558310774845663,-1.5863006740583239,0.99999998637912335,1
40,13,0.83448554860978863,-1.8162332528565992,-0.85715754988750936,0.54872348085016942,-0.30843406903733994,-1.4058810307376788,0.99999990493276658,1
41,13,0.93266031903447022,-1.8162332528565992,-0.70543824917833831,0.5032076906374181,-0.2022305585409202,-1.2086459398157565,0.99999920475211512,0.99999999999999856
42,13,1.0308350894591509,-1.8162332528565992,-0.54224512857991558,0.45424975445789134,-0.087995374122024239,-0.99649488303780687,0.99999218851361438,0.99999999999989964
43,13,1.1290098598838316,-1.8162332528565992,-0.36914982705403698,0.40232116400012774,0.033171336946090757,-0.77147099105416472,0.99991186681292332,0.99999999999096056
44,13,1.2271846303085132,-1.8162332528565992,-0.18781934697791192,0.34792201997729022,0.1601026729993783,-0.53574136695520214,0.99888517962116863,0.99999999899152581
45,13,1.3253594007331939,-1.8162332528565992,-2.2204460492503131e-16,0.29157621588391669,0.29157621588391647,-0.29157621588391691,0.98476001914865297,0.99999986681470077
46,13,1.4235341711578746,-1.8162332528565992,0.19249941089580336,0.23382639261517563,0.42632580351097898,-0.041326981719372269,0.81358634873467262,0.99998013516548911
47,13,1.5217089415825562,-1.8162332528565992,0.38782501115169193,0.17522871253840908,0.56305372369010098,0.21259629861328286,0.22078898299345451,0.99682122021289521
48,13,1.6198837120072369,-1.8162332528565992,0.58409570846136327,0.11634750334550764,0.70044321180687086,0.46774820511585563,0.017830310692524554,0.65589094328888076
49,13,1.7180584824319185,-1.8162332528565992,0.7794213087172519,0.05774982326874107,0.83717113198599302,0.72167148544851079,0.001177218823102455,0.011734366133805574
50,13,1.8162332528565992,-1.8162332528565992,0.97192071961305548,0,0.97192071961305548,0.97192071961305548,7.9600196571494308e-05,7.9600196571494308e-05
51,13,1.9144080232812799,-1.8162332528565992,1.1597400665909672,-0.056345804093373503,1.1033942624975936,1.2160858706843407,5.7409205215241954e-06,6.0277730723479195e-07
52,13,2.0125827937059615,-1.8162332528565992,1.3410705466670922,-0.11074494811621102,1.2303255985508812,1.4518154947833033,4.5339033111213567e-07,5.403008540572074e-09
53,13,2.1107575641306422,-1.8162332528565992,1.5141658481929712,-0.16267353857397468,1.3514923096189966,1.6768393867669458,4.0182018878898162e-08,5.9993343626274509e-11
54,13,2.2089323345553229,-1.8162332528565992,1.6773589687913937,-0.21163147475350141,1.4657274940378922,1.8889904435448952,4.0906993903355726e-09,8.6175511171404651e-13
55,13,2.3071071049800045,-1.8162332528565992,1.8290782695005645,-0.25714726496625273,1.5719310045343118,2.0862255344668172,4.8901882543361808e-10,1.6653345369377348e-14
56,13,2.4052818754046852,-1.8162332528565992,1.9678626105164456,-0.29878256727101699,1.6690800432454287,2.2666451777874626,7.0064787305312848e-11,4.4408920985006262e-16
57,13,2.5034566458293668,-1.8162332528565992,2.0923754227678177,-0.33613641094642871,1.7562390118213891,2.4285118337142464,1.2258749571003591e-11,0
58,13,2.6016314162540475,-1.8162332528565992,2.2014175798070719,-0.36884905805820484,1.832568521748867,2.5702666378652768,2.6635360583782131e-12,0
59,13,2.6998061866787282,-1.8162332528565992,2.2939389460534141,-0.39660546793210749,1.8973334781213067,2.6905444139855215,7.2930550487626533e-13,0
60,13,2.7979809571034098,-1.8162332528565992,2.3690484901725695,-0.41913833116785409,1.9499101590047154,2.7881868213404237,2.5485169530270468e-13,0
61,13,2.8961557275280905,-1.8162332528565992,2.4260228661956158,-0.43623064397476802,1.9897922222208477,2.8622535101703837,1.1479706074624119e-13,0
62,13,2.9943304979527712,-1.8162332528565992,2.4643133797360894,-0.44771779803691025,2.0165955816991792,2.9120311777729997,6.7168492989821971e-14,0
63,13,3.0925052683774528,-1.8162332528565992,2.4835512722168724,-0.45348916578114512,2.0300621064357274,2.9370404379980175,5.1292303737682232e-14,0
0,14,-3.0925052683774528,-1.7180584824319181,2.2910518613210682,-0.51123898904988641,1.7798128722711817,2.8022908503709547,7.6504358403894912e-12,0
1,14,-2.9943304979527716,-1.7180584824319181,2.2718139688402852,-0.50546762130565159,1.7663463475346335,2.7772815901459369,1.0015099860538612e-11,0
2,14,-2.8961557275280905,-1.7180584824319181,2.2335234552998111,-0.49398046724350941,1.7395429880563018,2.7275039225433204,1.7118528816695289e-11,0
3,14,-2.7979809571034093,-1.7180584824319181,2.1765490792767648,-0.47688815443659538,1.6996609248401695,2.65343723371336,3.8008207692286078e-11,0
4,14,-2.6998061866787286,-1.7180584824319181,2.1014395351576098,-0.45435529120084905,1.6470842439567608,2.5557948263584587,1.0878092870925116e-10,0
5,14,-2.6016314162540475,-1.7180584824319181,2.0089181689112672,-0.42659888132694623,1.5823192875843208,2.4355170502382135,3.9727765521746505e-10,0
6,14,-2.5034566458293663,-1.7180584824319181,1.899876011872013,-0.39388623421516988,1.5059897776568432,2.2937622460871827,1.8284530556300638e-09,2.7755575615628914e-16
7,14,-2.4052818754046852,-1.7180584824319181,1.7753631996206409,-0.35653239053975838,1.4188308090808825,2.1318955901603993,1.0450498133529607e-08,6.7168492989821971e-15
8,14,-2.3071071049800045,-1.7180584824319181,1.6365788586047603,-0.31489708823499402,1.3216817703697663,1.9514759468397542,7.293950193831833e-08,2.4696911182786607e-13
9,14,-2.2089323345553233,-1.7180584824319181,1.4848595578955899,-0.26938129802224303,1.2154782598733469,1.7542408559178329,6.101470717556623e-07,1.2758571976689836e-11
10,14,-2.1107575641306422,-1.7180584824319181,1.3216664372971665,-0.22042336184271602,1.1012430754544504,1.5420897991398825,5.9933052556915278e-06,8.8822504906715949e-10
11,14,-2.0125827937059615,-1.7180584824319181,1.1485711357712878,-0.16849477138495236,0.98007636438633539,1.3170659071562401,6.7620801292966881e-05,7.9993678570033921e-08
12,14,-1.9144080232812801,-1.7180584824319181,0.96724065569516315,-0.11409562736211498,0.85314502833304817,1.0813362830572781,0.0008555581534073764,8.9242828589242151e-06
13,14,-1.8162332528565992,-1.7180584824319181,0.77942130871725102,-0.05774982326874134,0.72167148544850968,0.83717113198599236,0.011734366133805796,0.001177218823102455
14,14,-1.7180584824319181,-1.7180584824319181,0.58692189782144655,0,0.58692189782144655,0.58692189782144655,0.14951145179554409,0.14951145179554409
15,14,-1.6198837120072371,-1.7180584824319181,0.3915962975655593,0.058597680076766169,0.45019397764232549,0.33299861748879311,0.73029512884287495,0.96577675621495196
16,14,-1.521708941582556,-1.7180584824319181,0.19532560025588702,0.11747888926966785,0.31280448952555484,0.077846710986219175,0.97688552000699547,0.99978465758006196
17,14,-1.4235341711578751,-1.7180584824319181,-2.2204460492503131e-16,0.17607656934643404,0.17607656934643381,-0.17607656934643426,0.99846619483581756,0.99999865824584433
18,14,-1.3253594007331939,-1.7180584824319181,-0.19249941089580469,0.23382639261517535,0.041326981719370659,-0.42632580351098004,0.99989625391319237,0.99999999100427228
19,14,-1.227184630308513,-1.7180584824319181,-0.38031875787371683,0.29017219670854899,-0.090146561165167838,-0.67049095458226582,0.99999251746340034,0.99999999993188471
20,14,-1.1290098598838321,-1.7180584824319181,-0.56164923794984067,0.34457134073138612,-0.21707789721845455,-0.90622057868122674,0.99999940906424745,0.99999999999938938
21,14,-1.0308350894591509,-1.7180584824319181,-0.73474453947572005,0.39649993118914995,-0.3382446082865701,-1.1312444706648699,0.99999994762792033,0.99999999999999323
22,14,-0.93266031903446978,-1.7180584824319181,-0.89793766007414366,0.4454578673686771,-0.45247979270546657,-1.3433955274428206,0.99999999466830092,0.99999999999999989
23,14,-0.83448554860978863,-1.7180584824319181,-1.0496569607833139,0.49097365758142808,-0.55868330320188586,-1.540630618364742,0.99999999936262696,1
24,14,-0.73631077818510793,-1.7180584824319181,-1.1884413017991946,0.53260895988619239,-0.65583234191300221,-1.7210502616853871,0.9999999999086796,1
25,14,-0.63813600776042678,-1.7180584824319181,-1.3129541140505667,0.56996280356160389,-0.74299131048896283,-1.8829169176121705,0.99999999998402234,1
26,14,-0.53996123733574564,-1.7180584824319181,-1.4219962710898209,0.60267545067338024,-0.81932082041644061,-2.0246717217632009,0.99999999999652844,1
27,14,-0.44178646691106449,-1.7180584824319181,-1.5145176373361635,0.63043186054728306,-0.88408577678888045,-2.1449494978834465,0.99999999999904943,1
28,14,-0.34361169648638379,-1.7180584824319181,-1.589627181455318,0.65296472378302939,-0.93666245767228862,-2.2425919052383474,0.99999999999966782,1
29,14,-0.24543692606170264,-1.7180584824319181,-1.6466015574783648,0.67005703658994331,-0.97654452088842147,-2.3166585940683082,0.99999999999985034,1
30,14,-0.1472621556370215,-1.7180584824319181,-1.6848920710188389,0.68154419065208549,-1.0033478803667535,-2.3664362616709242,0.99999999999991251,1
31,14,-0.049087385212340351,-1.7180584824319181,-1.7041299634996214,0.68731555839632041,-1.016814405103301,-2.3914455218959416,0.99999999999993316,1
32,14,0.049087385212340351,-1.7180584824319181,-1.7041299634996214,0.68731555839632041,-1.016814405103301,-2.3914455218959416,0.99999999999993316,1
33,14,0.1472621556370215,-1.7180584824319181,-1.6848920710188389,0.68154419065208549,-1.0033478803667535,-2.3664362616709242,0.99999999999991251,1
34,14,0.24543692606170264,-1.7180584824319181,-1.6466015574783648,0.67005703658994331,-0.97654452088842147,-2.3166585940683082,0.99999999999985034,1
35,14,0.34361169648638379,-1.7180584824319181,-1.589627181455318,0.65296472378302939,-0.93666245767228862,-2.2425919052383474,0.99999999999966782,1
36,14,0.44178646691106449,-1.7180584824319181,-1.5145176373361635,0.63043186054728306,-0.88408577678888045,-2.1449494978834465,0.99999999999904943,1
37,14,0.53996123733574564,-1.7180584824319181,-1.4219962710898209,0.60267545067338024,-0.81932082041644061,-2.0246717217632009,0.99999999999652844,1
38,14,0.63813600776042678,-1.7180584824319181,-1.3129541140505667,0.56996280356160389,-0.74299131048896283,-1.8829169176121705,0.99999999998402234,1
39,14,0.73631077818510793,-1.7180584824319181,-1.1884413017991946,0.53260895988619239,-0.65583234191300221,-1.7210502616853871,0.9999999999086796,1
40,14,0.83448554860978863,-1.7180584824319181,-1.0496569607833139,0.49097365758142808,-0.55868330320188586,-1.540630618364742,0.99999999936262696,1
41,14,0.93266031903447022,-1.7180584824319181,-0.89793766007414277,0.44545786736867682,-0.45247979270546596,-1.3433955274428195,0.99999999466830092,0.99999999999999989
42,14,1.0308350894591509,-1.7180584824319181,-0.73474453947572005,0.39649993118914995,-0.3382446082865701,-1.1312444706648699,0.99999994762792033,0.99999999999999323
43,14,1.1290098598838316,-1.7180584824319181,-0.56164923794984145,0.3445713407313864,-0.21707789721845505,-0.90622057868122785,0.99999940906424745,0.99999999999938938
44,14,1.2271846303085132,-1.7180584824319181,-0.38031875787371638,0.29017219670854888,-0.090146561165167505,-0.67049095458226526,0.99999251746340034,0.99999999993188471
45,14,1.3253594007331939,-1.7180584824319181,-0.19249941089580469,0.23382639261517535,0.041326981719370659,-0.42632580351098004,0.99989625391319237,0.99999999100427228
46,14,1.4235341711578746,-1.7180584824319181,-1.1102230246251565e-15,0.17607656934643429,0.17607656934643318,-0.1760765693464354,0.99846619483581756,0.99999865824584433
47,14,1.5217089415825562,-1.7180584824319181,0.19532560025588747,0.11747888926966772,0.31280448952555517,0.077846710986219744,0.97688552000699524,0.99978465758006196
48,14,1.6198837120072369,-1.7180584824319181,0.39159629756555886,0.058597680076766301,0.45019397764232516,0.33299861748879256,0.73029512884287628,0.9657767562149524
49,14,1.7180584824319185,-1.7180584824319181,0.58692189782144744,-2.6645352591003756e-16,0.58692189782144721,0.58692189782144766,0.14951145179554248,0.14951145179554132
50,14,1.8162332528565992,-1.7180584824319181,0.77942130871725102,-0.05774982326874134,0.72167148544850968,0.83717113198599236,0.011734366133805796,0.001177218823102455
51,14,1.9144080232812799,-1.7180584824319181,0.96724065569516271,-0.11409562736211484,0.85314502833304784,1.0813362830572775,0.0008555581534073764,8.9242828589242151e-06
52,14,2.0125827937059615,-1.7180584824319181,1.1485711357712878,-0.16849477138495236,0.98007636438633539,1.3170659071562401,6.7620801292966881e-05,7.9993678570033921e-08
53,14,2.1107575641306422,-1.7180584824319181,1.3216664372971665,-0.22042336184271602,1.1012430754544504,1.5420897991398825,5.9933052556915278e-06,8.8822504906715949e-10
54,14,2.2089323345553229,-1.7180584824319181,1.484859557895589,-0.26938129802224275,1.2154782598733462,1.7542408559178317,6.101470717556623e-07,1.2758571976689836e-11
55,14,2.3071071049800045,-1.7180584824319181,1.6365788586047603,-0.31489708823499402,1.3216817703697663,1.9514759468397542,7.293950193831833e-08,2.4696911182786607e-13
56,14,2.4052818754046852,-1.7180584824319181,1.7753631996206409,-0.35653239053975838,1.4188308090808825,2.1318955901603993,1.0450498133529607e-08,6.7168492989821971e-15
57,14,2.5034566458293668,-1.7180584824319181,1.8998760118720135,-0.39388623421516999,1.5059897776568434,2.2937622460871836,1.8284530556300638e-09,2.7755575615628914e-16
58,14,2.6016314162540475,-1.7180584824319181,2.0089181689112672,-0.42659888132694623,1.5823192875843208,2.4355170502382135,3.9727765521746505e-10,0
59,14,2.6998061866787282,-1.7180584824319181,2.1014395351576094,-0.45435529120084889,1.6470842439567606,2.5557948263584582,1.0878092870925116e-10,0
60,14,2.7979809571034098,-1.7180584824319181,2.1765490792767648,-0.47688815443659549,1.6996609248401693,2.65343723371336,3.8008207692286078e-11,0
61,14,2.8961557275280905,-1.7180584824319181,2.2335234552998111,-0.49398046724350941,1.7395429880563018,2.7275039225433204,1.7118528816695289e-11,0
62,14,2.9943304979527712,-1.7180584824319181,2.2718139688402852,-0.50546762130565148,1.7663463475346337,2.7772815901459369,1.0015099860538612e-11,0
63,14,3.0925052683774528,-1.7180584824319181,2.2910518613210682,-0.51123898904988641,1.7798128722711817,2.8022908503709547,7.6504358403894912e-12,0
0,15,-3.0925052683774528,-1.6198837120072371,2.095726261065181,-0.56983666912665265,1.5258895919385282,2.6655629301918338,1.228107060491368e-09,0
1,15,-2.9943304979527716,-1.6198837120072371,2.076488368584398,-0.56406530138241784,1.5124230672019801,2.640553669966816,1.6076998621272764e-09,0
2,15,-2.8961557275280905,-1.6198837120072371,2.0381978550439239,-0.55257814732027555,1.4856197077236484,2.5907760023641995,2.7479953312870009e-09,0
3,15,-2.7979809571034093,-1.6198837120072371,1.9812234790208774,-0.53548583451336162,1.4457376445075156,2.5167093135342391,6.1013675778376353e-09,0
4,15,-2.6998061866787286,-1.6198837120072371,1.9061139349017227,-0.51295297127761519,1.3931609636241076,2.4190669061793377,1.7462339740870192e-08,0
5,15,-2.6016314162540475,-1.6198837120072371,1.81359256865538,-0.48519656140371237,1.3283960072516676,2.2987891300590926,6.3774002856398226e-08,2.2204460492503131e-16
6,15,-2.5034566458293663,-1.6198837120072371,1.7045504116161256,-0.45248391429193607,1.2520664973241895,2.1570343259080618,2.9351701108515371e-07,4.0523140398818214e-15
7,15,-2.4052818754046852,-1.6198837120072371,1.5800375993647537,-0.41513007061652452,1.1649075287482291,1.9951676699812784,1.6775901102716873e-06,1.0308420783644578e-13
8,15,-2.3071071049800045,-1.6198837120072371,1.4412532583488729,-0.37349476831176026,1.0677584900371127,1.8147480266606331,1.1708663624265814e-05,3.8040126604244051e-12
9,15,-2.2089323345553233,-1.6198837120072371,1.2895339576397027,-0.32797897809900922,0.96155497954069347,1.6175129357387119,9.7935884666833228e-05,1.9651963389932803e-10
10,15,-2.1107575641306422,-1.6198837120072371,1.1263408370412793,-0.27902104191948218,0.84731979512179711,1.4053618789607616,0.00096117166211001637,1.3681276833654721e-08
11,15,-2.0125827937059615,-1.6198837120072371,0.95324553551540048,-0.22709245146171855,0.72615308405368195,1.1803379869771191,0.010739154509570692,1.2321364160627901e-06
12,15,-1.9144080232812801,-1.6198837120072371,0.77191505543927585,-0.17269330743888117,0.59922174800039474,0.94460836287815697,0.12084686202064571,0.00013744252757114106
13,15,-1.8162332528565992,-1.6198837120072371,0.58409570846136372,-0.1163475033455075,0.46774820511585624,0.70044321180687119,0.65589094328887798,0.017830310692524443
14,15,-1.7180584824319181,-1.6198837120072371,0.3915962975655593,-0.058597680076766169,0.33299861748879311,0.45019397764232549,0.96577675621495196,0.73029512884287495
15,15,-1.6198837120072371,-1.6198837120072371,0.19627069730967203,0,0.19627069730967203,0.19627069730967203,0.99770468229108777,0.99770468229108777
16,15,-1.521708941582556,-1.6198837120072371,-2.3592239273284576e-16,0.058881209192901685,0.058881209192901449,-0.05888120919290192,0.99985262396895014,0.99998601657932173
17,15,-1.4235341711578751,-1.6198837120072371,-0.19532560025588747,0.11747888926966785,-0.077846710986219619,-0.31280448952555528,0.99999043063577742,0.99999991288962797
18,15,-1.3253594007331939,-1.6198837120072371,-0.38782501115169193,0.17522871253840919,-0.21259629861328275,-0.56305372369010109,0.99999935365125037,0.9999999994159734
19,15,-1.227184630308513,-1.6198837120072371,-0.57564435812960413,0.2315745166317828,-0.34406984149782133,-0.80721887476138687,0.99999995338748993,0.99999999999557776
20,15,-1.1290098598838321,-1.6198837120072371,-0.75697483820572797,0.28597366065461999,-0.47100117755110799,-1.0429484988603479,0.99999999631878711,0.99999999999996037
21,15,-1.0308350894591509,-1.6198837120072371,-0.93007013973160735,0.33790225111238376,-0.59216788861922365,-1.267972390843991,0.9999999996737502,0.99999999999999956
22,15,-0.93266031903446978,-1.6198837120072371,-1.093263260330031,0.38686018729191085,-0.70640307303812011,-1.4801234476219418,0.99999999996678635,1
23,15,-0.83448554860978863,-1.6198837120072371,-1.2449825610392011,0.43237597750466189,-0.8126065835345393,-1.677358538543863,0.99999999999602951,1
24,15,-0.73631077818510793,-1.6198837120072371,-1.383766902055082,0.47401127980942614,-0.90975562224565587,-1.857778181864508,0.99999999999943112,1
25,15,-0.63813600776042678,-1.6198837120072371,-1.5082797143064539,0.51136512348483776,-0.99691459082161615,-2.0196448377912919,0.99999999999990052,1
26,15,-0.53996123733574564,-1.6198837120072371,-1.6173218713457083,0.544077770596614,-1.0732441007490943,-2.1613996419423223,0.99999999999997835,1
27,15,-0.44178646691106449,-1.6198837120072371,-1.7098432375920509,0.57183418047051682,-1.138009057121534,-2.2816774180625679,0.999999999999994,1
28,15,-0.34361169648638379,-1.6198837120072371,-1.7849527817112054,0.59436704370626314,-1.1905857380049423,-2.3793198254174683,0.999999999999998,1
29,15,-0.24543692606170264,-1.6198837120072371,-1.841927157734252,0.61145935651317718,-1.2304678012210748,-2.4533865142474292,0.99999999999999911,1
30,15,-0.1472621556370215,-1.6198837120072371,-1.8802176712747261,0.62294651057531936,-1.2572711606994067,-2.5031641818500452,0.99999999999999944,1
31,15,-0.049087385212340351,-1.6198837120072371,-1.8994555637555088,0.62871787831955428,-1.2707376854359547,-2.528173442075063,0.99999999999999956,1
32,15,0.049087385212340351,-1.6198837120072371,-1.8994555637555088,0.62871787831955428,-1.2707376854359547,-2.528173442075063,0.99999999999999956,1
33,15,0.1472621556370215,-1.6198837120072371,-1.8802176712747261,0.62294651057531936,-1.2572711606994067,-2.5031641818500452,0.99999999999999944,1
34,15,0.24543692606170264,-1.6198837120072371,-1.841927157734252,0.61145935651317718,-1.2304678012210748,-2.4533865142474292,0.99999999999999911,1
35,15,0.34361169648638379,-1.6198837120072371,-1.7849527817112054,0.59436704370626314,-1.1905857380049423,-2.3793198254174683,0.999999999999998,1
36,15,0.44178646691106449,-1.6198837120072371,-1.7098432375920509,0.57183418047051682,-1.138009057121534,-2.2816774180625679,0.999999999999994,1
37,15,0.53996123733574564,-1.6198837120072371,-1.6173218713457083,0.544077770596614,-1.0732441007490943,-2.1613996419423223,0.99999999999997835,1
38,15,0.63813600776042678,-1.6198837120072371,-1.5082797143064539,0.51136512348483776,-0.99691459082161615,-2.0196448377912919,0.99999999999990052,1
39,15,0.73631077818510793,-1.6198837120072371,-1.383766902055082,0.47401127980942614,-0.90975562224565587,-1.857778181864508,0.99999999999943112,1
40,15,0.83448554860978863,-1.6198837120072371,-1.2449825610392011,0.43237597750466189,-0.8126065835345393,-1.677358538543863,0.99999999999602951,1
41,15,0.93266031903447022,-1.6198837120072371,-1.0932632603300301,0.38686018729191057,-0.70640307303811944,-1.4801234476219407,0.99999999996678635,1
42,15,1.0308350894591509,-1.6198837120072371,-0.93007013973160735,0.33790225111238376,-0.59216788861922365,-1.267972390843991,0.9999999996737502,0.99999999999999956
43,15,1.1290098598838316,-1.6198837120072371,-0.75697483820572875,0.28597366065462021,-0.47100117755110854,-1.042948498860349,0.99999999631878711,0.99999999999996037
44,15,1.2271846303085132,-1.6198837120072371,-0.57564435812960368,0.23157451663178269,-0.34406984149782099,-0.80721887476138643,0.99999995338748993,0.99999999999557776
45,15,1.3253594007331939,-1.6198837120072371,-0.38782501115169193,0.17522871253840919,-0.21259629861328275,-0.56305372369010109,0.99999935365125037,0.9999999994159734
46,15,1.4235341711578746,-1.6198837120072371,-0.19532560025588835,0.11747888926966812,-0.07784671098622023,-0.31280448952555651,0.99999043063577742,0.99999991288962797
47,15,1.5217089415825562,-1.6198837120072371,2.0816681711721685e-16,0.058881209192901546,0.058881209192901754,-0.058881209192901338,0.99985262396895014,0.99998601657932173
48,15,1.6198837120072369,-1.6198837120072371,0.19627069730967159,1.3322676295501878e-16,0.19627069730967173,0.19627069730967145,0.99770468229108789,0.99770468229108789
49,15,1.7180584824319185,-1.6198837120072371,0.39159629756556019,-0.05859768007676644,0.33299861748879378,0.4501939776423266,0.96577675621495152,0.73029512884287051
50,15,1.8162332528565992,-1.6198837120072371,0.58409570846136372,-0.1163475033455075,0.46774820511585624,0.70044321180687119,0.65589094328887798,0.017830310692524443
51,15,1.9144080232812799,-1.6198837120072371,0.77191505543927541,-0.17269330743888103,0.59922174800039441,0.94460836287815642,0.12084686202064643,0.00013744252757114106
52,15,2.0125827937059615,-1.6198837120072371,0.95324553551540048,-0.22709245146171855,0.72615308405368195,1.1803379869771191,0.010739154509570692,1.2321364160627901e-06
53,15,2.1107575641306422,-1.6198837120072371,1.1263408370412793,-0.27902104191948218,0.84731979512179711,1.4053618789607616,0.00096117166211001637,1.3681276833654721e-08
54,15,2.2089323345553229,-1.6198837120072371,1.2895339576397018,-0.32797897809900894,0.9615549795406928,1.6175129357387108,9.7935884666833228e-05,1.9651963389932803e-10
55,15,2.3071071049800045,-1.6198837120072371,1.4412532583488729,-0.37349476831176026,1.0677584900371127,1.8147480266606331,1.1708663624265814e-05,3.8040126604244051e-12
56,15,2.4052818754046852,-1.6198837120072371,1.5800375993647537,-0.41513007061652452,1.1649075287482291,1.9951676699812784,1.6775901102716873e-06,1.0308420783644578e-13
57,15,2.5034566458293668,-1.6198837120072371,1.7045504116161261,-0.45248391429193624,1.25206649732419,2.1570343259080622,2.9351701108515371e-07,4.0523140398818214e-15
58,15,2.6016314162540475,-1.6198837120072371,1.81359256865538,-0.48519656140371237,1.3283960072516676,2.2987891300590926,6.3774002856398226e-08,2.2204460492503131e-16
59,15,2.6998061866787282,-1.6198837120072371,1.9061139349017222,-0.51295297127761508,1.3931609636241071,2.4190669061793373,1.7462339740870192e-08,0
60,15,2.7979809571034098,-1.6198837120072371,1.9812234790208776,-0.53548583451336162,1.4457376445075161,2.5167093135342391,6.1013675778376353e-09,0
61,15,2.8961557275280905,-1.6198837120072371,2.0381978550439239,-0.55257814732027555,1.4856197077236484,2.5907760023641995,2.7479953312870009e-09,0
62,15,2.9943304979527712,-1.6198837120072371,2.076488368584398,-0.56406530138241773,1.5124230672019803,2.640553669966816,1.6076998621272764e-09,0
63,15,3.0925052683774528,-1.6198837120072371,2.095726261065181,-0.56983666912665265,1.5258895919385282,2.6655629301918338,1.228107060491368e-09,0
0,16,-3.0925052683774528,-1.521708941582556,1.8994555637555086,-0.62871787831955428,1.2707376854359542,2.528173442075063,2.0204934025880306e-07,0
1,16,-2.9943304979527716,-1.521708941582556,1.8802176712747258,-0.62294651057531947,1.2572711606994065,2.5031641818500452,2.6450029283475729e-07,0
2,16,-2.8961557275280905,-1.521708941582556,1.8419271577342518,-0.61145935651317729,1.2304678012210744,2.4533865142474292,4.5210269727924413e-07,0
3,16,-2.7979809571034093,-1.521708941582556,1.7849527817112052,-0.59436704370626325,1.1905857380049421,2.3793198254174683,1.0038020034075501e-06,5.5511151231257827e-17
4,16,-2.6998061866787286,-1.521708941582556,1.7098432375920505,-0.57183418047051682,1.1380090571215336,2.2816774180625674,2.872913129337018e-06,3.3306690738754696e-16
5,16,-2.6016314162540475,-1.521708941582556,1.6173218713457078,-0.544077770596614,1.0732441007490938,2.1613996419423218,1.0492052343380465e-05,3.7192471324942744e-15
6,16,-2.5034566458293663,-1.521708941582556,1.5082797143064535,-0.51136512348483776,0.99691459082161571,2.019644837791291,4.8287390145285158e-05,6.3171690101171407e-14
7,16,-2.4052818754046852,-1.521708941582556,1.3837669020550816,-0.47401127980942614,0.90975562224565543,1.8577781818645076,0.00027592308570323354,1.6087686738330831e-12
8,16,-2.3071071049800045,-1.521708941582556,1.2449825610392007,-0.43237597750466189,0.81260658353453885,1.6773585385438625,0.0019226397621542324,5.9373617133928747e-11
9,16,-2.2089323345553233,-1.521708941582556,1.0932632603300305,-0.38686018729191085,0.70640307303811967,1.4801234476219414,0.015858540462532322,3.0672975270817915e-09
10,16,-2.1107575641306422,-1.521708941582556,0.93007013973160713,-0.33790225111238387,0.5921678886192232,1.267972390843991,0.13665465850965836,2.135386414359175e-07
11,16,-2.0125827937059615,-1.521708941582556,0.7569748382057282,-0.28597366065462021,0.47100117755110799,1.0429484988603483,0.64106198722692376,1.9230957485794065e-05
12,16,-1.9144080232812801,-1.521708941582556,0.57564435812960357,-0.23157451663178286,0.34406984149782072,0.80721887476138643,0.95765361847932851,0.0021409177045428329
13,16,-1.8162332528565992,-1.521708941582556,0.38782501115169149,-0.17522871253840921,0.21259629861328228,0.56305372369010076,0.99682122021289521,0.22078898299345534
14,16,-1.7180584824319181,-1.521708941582556,0.19532560025588702,-0.11747888926966785,0.077846710986219175,0.31280448952555484,0.99978465758006196,0.97688552000699547
15,16,-1.6198837120072371,-1.521708941582556,-2.3592239273284576e-16,-0.058881209192901685,-0.05888120919290192,0.058881209192901449,0.99998601657932173,0.99985262396895014
16,16,-1.521708941582556,-1.521708941582556,-0.1962706973096725,0,-0.1962706973096725,-0.1962706973096725,0.99999910408011505,0.99999910408011505
17,16,-1.4235341711578751,-1.521708941582556,-0.39159629756555975,0.058597680076766169,-0.33299861748879356,-0.45019397764232594,0.99999994183443985,0.99999999441889775
18,16,-1.3253594007331939,-1.521708941582556,-0.58409570846136427,0.1163475033455075,-0.4677482051158568,-0.70044321180687175,0.99999999607132684,0.99999999996258182
19,16,-1.227184630308513,-1.521708941582556,-0.77191505543927641,0.17269330743888114,-0.59922174800039529,-0.94460836287815753,0.99999999971667741,0.99999999999971667
20,16,-1.1290098598838321,-1.521708941582556,-0.95324553551540014,0.2270924514617183,-0.72615308405368184,-1.1803379869771184,0.99999999997762468,0.99999999999999745
21,16,-1.0308350894591509,-1.521708941582556,-1.1263408370412795,0.27902104191948213,-0.84731979512179745,-1.4053618789607616,0.99999999999801692,1
22,16,-0.93266031903446978,-1.521708941582556,-1.2895339576397031,0.32797897809900922,-0.96155497954069391,-1.6175129357387124,0.99999999999979816,1
23,16,-0.83448554860978863,-1.521708941582556,-1.4412532583488733,0.37349476831176026,-1.0677584900371131,-1.8147480266606335,0.9999999999999758,1
24,16,-0.73631077818510793,-1.521708941582556,-1.5800375993647542,0.41513007061652452,-1.1649075287482296,-1.9951676699812788,0.99999999999999656,1
25,16,-0.63813600776042678,-1.521708941582556,-1.7045504116161261,0.45248391429193607,-1.25206649732419,-2.1570343259080622,0.99999999999999933,1
26,16,-0.53996123733574564,-1.521708941582556,-1.8135925686553804,0.48519656140371237,-1.3283960072516681,-2.2987891300590926,0.99999999999999989,1
27,16,-0.44178646691106449,-1.521708941582556,-1.9061139349017231,0.51295297127761519,-1.393160963624108,-2.4190669061793382,1,1
28,16,-0.34361169648638379,-1.521708941582556,-1.9812234790208776,0.53548583451336151,-1.4457376445075161,-2.5167093135342391,1,1
29,16,-0.24543692606170264,-1.521708941582556,-2.0381978550439244,0.55257814732027555,-1.4856197077236488,-2.5907760023641999,1,1
30,16,-0.1472621556370215,-1.521708941582556,-2.0764883685843984,0.56406530138241773,-1.5124230672019807,-2.640553669966816,1,1
31,16,-0.049087385212340351,-1.521708941582556,-2.095726261065181,0.56983666912665254,-1.5258895919385285,-2.6655629301918333,1,1
32,16,0.049087385212340351,-1.521708941582556,-2.095726261065181,0.56983666912665254,-1.5258895919385285,-2.6655629301918333,1,1
33,16,0.1472621556370215,-1.521708941582556,-2.0764883685843984,0.56406530138241773,-1.5124230672019807,-2.640553669966816,1,1
34,16,0.24543692606170264,-1.521708941582556,-2.0381978550439244,0.55257814732027555,-1.4856197077236488,-2.5907760023641999,1,1
35,16,0.34361169648638379,-1.521708941582556,-1.9812234790208776,0.53548583451336151,-1.4457376445075161,-2.5167093135342391,1,1
36,16,0.44178646691106449,-1.521708941582556,-1.9061139349017231,0.51295297127761519,-1.393160963624108,-2.4190669061793382,1,1
37,16,0.53996123733574564,-1.521708941582556,-1.8135925686553804,0.48519656140371237,-1.3283960072516681,-2.2987891300590926,0.99999999999999989,1
38,16,0.63813600776042678,-1.521708941582556,-1.7045504116161261,0.45248391429193607,-1.25206649732419,-2.1570343259080622,0.99999999999999933,1
39,16,0.73631077818510793,-1.521708941582556,-1.5800375993647542,0.41513007061652452,-1.1649075287482296,-1.9951676699812788,0.99999999999999656,1
40,16,0.83448554860978863,-1.521708941582556,-1.4412532583488733,0.37349476831176026,-1.0677584900371131,-1.8147480266606335,0.9999999999999758,1
41,16,0.93266031903447022,-1.521708941582556,-1.2895339576397022,0.32797897809900894,-0.96155497954069324,-1.6175129357387112,0.99999999999979816,1
42,16,1.0308350894591509,-1.521708941582556,-1.1263408370412795,0.27902104191948213,-0.84731979512179745,-1.4053618789607616,0.99999999999801692,1
43,16,1.1290098598838316,-1.521708941582556,-0.95324553551540103,0.22709245146171853,-0.72615308405368251,-1.1803379869771196,0.99999999997762468,0.99999999999999745
44,16,1.2271846303085132,-1.521708941582556,-0.77191505543927597,0.17269330743888101,-0.59922174800039496,-0.94460836287815697,0.99999999971667741,0.99999999999971667
45,16,1.3253594007331939,-1.521708941582556,-0.58409570846136427,0.1163475033455075,-0.4677482051158568,-0.70044321180687175,0.99999999607132684,0.99999999996258182
46,16,1.4235341711578746,-1.521708941582556,-0.39159629756556064,0.05859768007676644,-0.33299861748879422,-0.45019397764232705,0.99999994183443985,0.99999999441889775
47,16,1.5217089415825562,-1.521708941582556,-0.19627069730967206,-1.3322676295501878e-16,-0.1962706973096722,-0.19627069730967192,0.99999910408011505,0.99999910408011505
48,16,1.6198837120072369,-1.521708941582556,-6.8001160258290838e-16,-0.058881209192901546,-0.058881209192902226,0.058881209192900866,0.99998601657932173,0.99985262396895014
49,16,1.7180584824319185,-1.521708941582556,0.19532560025588791,-0.11747888926966812,0.077846710986219786,0.31280448952555606,0.99978465758006196,0.97688552000699491
50,16,1.8162332528565992,-1.521708941582556,0.38782501115169149,-0.17522871253840921,0.21259629861328228,0.56305372369010076,0.99682122021289521,0.22078898299345534
51,16,1.9144080232812799,-1.521708941582556,0.57564435812960313,-0.23157451663178272,0.34406984149782038,0.80721887476138587,0.95765361847932884,0.0021409177045428884
52,16,2.0125827937059615,-1.521708941582556,0.7569748382057282,-0.28597366065462021,0.47100117755110799,1.0429484988603483,0.64106198722692376,1.9230957485794065e-05
53,16,2.1107575641306422,-1.521708941582556,0.93007013973160713,-0.33790225111238387,0.5921678886192232,1.267972390843991,0.13665465850965836,2.135386414359175e-07
54,16,2.2089323345553229,-1.521708941582556,1.0932632603300296,-0.38686018729191057,0.706403073038119,1.4801234476219403,0.015858540462532544,3.0672975270817915e-09
55,16,2.3071071049800045,-1.521708941582556,1.2449825610392007,-0.43237597750466189,0.81260658353453885,1.6773585385438625,0.0019226397621542324,5.9373617133928747e-11
56,16,2.4052818754046852,-1.521708941582556,1.3837669020550816,-0.47401127980942614,0.90975562224565543,1.8577781818645076,0.00027592308570323354,1.6087686738330831e-12
57,16,2.5034566458293668,-1.521708941582556,1.5082797143064539,-0.51136512348483787,0.99691459082161604,2.0196448377912919,4.8287390145285158e-05,6.3171690101171407e-14
58,16,2.6016314162540475,-1.521708941582556,1.6173218713457078,-0.544077770596614,1.0732441007490938,2.1613996419423218,1.0492052343380465e-05,3.7192471324942744e-15
59,16,2.6998061866787282,-1.521708941582556,1.70984323759205,-0.57183418047051671,1.1380090571215333,2.281677418062567,2.872913129337018e-06,3.3306690738754696e-16
60,16,2.7979809571034098,-1.521708941582556,1.7849527817112054,-0.59436704370626336,1.1905857380049421,2.3793198254174688,1.0038020034075501e-06,5.5511151231257827e-17
61,16,2.8961557275280905,-1.521708941582556,1.8419271577342518,-0.61145935651317729,1.2304678012210744,2.4533865142474292,4.5210269727924413e-07,0
62,16,2.9943304979527712,-1.521708941582556,1.8802176712747256,-0.62294651057531936,1.2572711606994063,2.5031641818500452,2.6450029283475729e-07,0
63,16,3.0925052683774528,-1.521708941582556,1.8994555637555086,-0.62871787831955428,1.2707376854359542,2.528173442075063,2.0204934025880306e-07,0
0,17,-3.0925052683774528,-1.4235341711578751,1.7041299634996214,-0.68731555839632041,1.016814405103301,2.3914455218959416,3.2433441057799772e-05,5.5511151231257827e-17
1,17,-2.9943304979527716,-1.4235341711578751,1.6848920710188384,-0.68154419065208571,1.0033478803667526,2.3664362616709242,4.2457793651418108e-05,5.5511151231257827e-17
2,17,-2.8961557275280905,-1.4235341711578751,1.6466015574783643,-0.67005703658994342,0.97654452088842092,2.3166585940683078,7.2569706423442071e-05,1.6653345369377348e-16
3,17,-2.7979809571034093,-1.4235341711578751,1.589627181455318,-0.65296472378302939,0.93666245767228862,2.2425919052383474,0.00016111208122510101,7.2164496600635175e-16
4,17,-2.6998061866787286,-1.4235341711578751,1.5145176373361631,-0.63043186054728306,0.88408577678888001,2.144949497883446,0.00046097045198034703,5.1625370645069779e-15
5,17,-2.6016314162540475,-1.4235341711578751,1.4219962710898204,-0.60267545067338024,0.81932082041644017,2.0246717217632009,0.0016814491422725286,5.7120974616964304e-14
6,17,-2.5034566458293663,-1.4235341711578751,1.3129541140505663,-0.56996280356160389,0.74299131048896239,1.8829169176121701,0.0076922023143927154,9.7305496993271845e-13
7,17,-2.4052818754046852,-1.4235341711578751,1.1884413017991942,-0.53260895988619239,0.65583234191300177,1.7210502616853867,0.042425788036348722,2.4779456264667488e-11
8,17,-2.3071071049800045,-1.4235341711578751,1.0496569607833135,-0.49097365758142808,0.55868330320188542,1.5406306183647416,0.23619296536066492,9.1452861950003239e-10
9,17,-2.2089323345553233,-1.4235341711578751,0.89793766007414322,-0.4454578673686771,0.45247979270546612,1.3433955274428202,0.72119644776259129,4.7245397483131057e-08
10,17,-2.1107575641306422,-1.4235341711578751,0.73474453947571983,-0.39649993118915006,0.33824460828656977,1.1312444706648699,0.96213428096365017,3.2891127763057249e-06
11,17,-2.0125827937059615,-1.4235341711578751,0.56164923794984101,-0.3445713407313864,0.21707789721845461,0.90622057868122741,0.99652417679170413,0.00029613126214550478
12,17,-1.9144080232812801,-1.4235341711578751,0.38031875787371638,-0.29017219670854899,0.090146561165167394,0.67049095458226537,0.999724616035226,0.031989999138972436
13,17,-1.8162332528565992,-1.4235341711578751,0.19249941089580425,-0.23382639261517535,-0.041326981719371103,0.4263258035109796,0.99998013516548911,0.81358634873467084
14,17,-1.7180584824319181,-1.4235341711578751,-2.2204460492503131e-16,-0.17607656934643404,-0.17607656934643426,0.17607656934643381,0.99999865824584433,0.99846619483581756
15,17,-1.6198837120072371,-1.4235341711578751,-0.19532560025588747,-0.11747888926966785,-0.31280448952555528,-0.077846710986219619,0.99999991288962797,0.99999043063577742
16,17,-1.521708941582556,-1.4235341711578751,-0.39159629756555975,-0.058597680076766169,-0.45019397764232594,-0.33299861748879356,0.99999999441889775,0.99999994183443985
17,17,-1.4235341711578751,-1.4235341711578751,-0.58692189782144699,0,-0.58692189782144699,-0.58692189782144699,0.99999999963765995,0.99999999963765995
18,17,-1.3253594007331939,-1.4235341711578751,-0.77942130871725146,0.05774982326874134,-0.72167148544851012,-0.8371711319859928,0.99999999997552647,0.99999999999757072
19,17,-1.227184630308513,-1.4235341711578751,-0.9672406556951636,0.11409562736211498,-0.85314502833304862,-1.0813362830572786,0.99999999999823508,0.99999999999998157
20,17,-1.1290098598838321,-1.4235341711578751,-1.1485711357712876,0.16849477138495214,-0.98007636438633539,-1.3170659071562396,0.99999999999986056,0.99999999999999978
21,17,-1.0308350894591509,-1.4235341711578751,-1.3216664372971669,0.22042336184271594,-1.1012430754544509,-1.542089799139883,0.99999999999998757,1
22,17,-0.93266031903446978,-1.4235341711578751,-1.4848595578955903,0.26938129802224303,-1.2154782598733473,-1.7542408559178333,0.99999999999999867,1
23,17,-0.83448554860978863,-1.4235341711578751,-1.6365788586047607,0.31489708823499402,-1.3216817703697668,-1.9514759468397547,0.99999999999999978,1
24,17,-0.73631077818510793,-1.4235341711578751,-1.7753631996206414,0.35653239053975838,-1.418830809080883,-2.1318955901603998,1,1
25,17,-0.63813600776042678,-1.4235341711578751,-1.8998760118720135,0.39388623421516988,-1.5059897776568436,-2.2937622460871836,1,1
26,17,-0.53996123733574564,-1.4235341711578751,-2.0089181689112676,0.42659888132694623,-1.5823192875843213,-2.435517050238214,1,1
27,17,-0.44178646691106449,-1.4235341711578751,-2.1014395351576103,0.45435529120084905,-1.6470842439567612,-2.5557948263584596,1,1
28,17,-0.34361169648638379,-1.4235341711578751,-2.1765490792767648,0.47688815443659538,-1.6996609248401695,-2.65343723371336,1,1
29,17,-0.24543692606170264,-1.4235341711578751,-2.2335234552998116,0.4939804672435093,-1.7395429880563023,-2.7275039225433209,1,1
30,17,-0.1472621556370215,-1.4235341711578751,-2.2718139688402856,0.50546762130565148,-1.7663463475346342,-2.7772815901459369,1,1
31,17,-0.049087385212340351,-1.4235341711578751,-2.2910518613210682,0.51123898904988641,-1.7798128722711817,-2.8022908503709547,1,1
32,17,0.049087385212340351,-1.4235341711578751,-2.2910518613210682,0.51123898904988641,-1.7798128722711817,-2.8022908503709547,1,1
33,17,0.1472621556370215,-1.4235341711578751,-2.2718139688402856,0.50546762130565148,-1.7663463475346342,-2.7772815901459369,1,1
34,17,0.24543692606170264,-1.4235341711578751,-2.2335234552998116,0.4939804672435093,-1.7395429880563023,-2.7275039225433209,1,1
35,17,0.34361169648638379,-1.4235341711578751,-2.1765490792767648,0.47688815443659538,-1.6996609248401695,-2.65343723371336,1,1
36,17,0.44178646691106449,-1.4235341711578751,-2.1014395351576103,0.45435529120084905,-1.6470842439567612,-2.5557948263584596,1,1
37,17,0.53996123733574564,-1.4235341711578751,-2.0089181689112676,0.42659888132694623,-1.5823192875843213,-2.435517050238214,1,1
38,17,0.63813600776042678,-1.4235341711578751,-1.8998760118720135,0.39388623421516988,-1.5059897776568436,-2.2937622460871836,1,1
39,17,0.73631077818510793,-1.4235341711578751,-1.7753631996206414,0.35653239053975838,-1.418830809080883,-2.1318955901603998,1,1
40,17,0.83448554860978863,-1.4235341711578751,-1.6365788586047607,0.31489708823499402,-1.3216817703697668,-1.9514759468397547,0.99999999999999978,1
41,17,0.93266031903447022,-1.4235341711578751,-1.4848595578955894,0.26938129802224275,-1.2154782598733467,-1.7542408559178322,0.99999999999999867,1
42,17,1.0308350894591509,-1.4235341711578751,-1.3216664372971669,0.22042336184271594,-1.1012430754544509,-1.542089799139883,0.99999999999998757,1
43,17,1.1290098598838316,-1.4235341711578751,-1.1485711357712882,0.16849477138495236,-0.98007636438633583,-1.3170659071562405,0.99999999999986056,0.99999999999999978
44,17,1.2271846303085132,-1.4235341711578751,-0.96724065569516315,0.11409562736211484,-0.85314502833304828,-1.0813362830572779,0.99999999999823508,0.99999999999998157
45,17,1.3253594007331939,-1.4235341711578751,-0.77942130871725146,0.05774982326874134,-0.72167148544851012,-0.8371711319859928,0.99999999997552647,0.99999999999757072
46,17,1.4235341711578746,-1.4235341711578751,-0.58692189782144788,2.6645352591003756e-16,-0.58692189782144766,-0.5869218978214481,0.99999999963765995,0.99999999963765995
47,17,1.5217089415825562,-1.4235341711578751,-0.3915962975655593,-0.058597680076766301,-0.4501939776423256,-0.332998617488793,0.99999999441889775,0.99999994183443985
48,17,1.6198837120072369,-1.4235341711578751,-0.19532560025588791,-0.11747888926966772,-0.31280448952555562,-0.077846710986220188,0.99999991288962797,0.99999043063577742
49,17,1.7180584824319185,-1.4235341711578751,6.6613381477509392e-16,-0.17607656934643429,-0.17607656934643362,0.17607656934643495,0.99999865824584433,0.99846619483581756
50,17,1.8162332528565992,-1.4235341711578751,0.19249941089580425,-0.23382639261517535,-0.041326981719371103,0.4263258035109796,0.99998013516548911,0.81358634873467084
51,17,1.9144080232812799,-1.4235341711578751,0.38031875787371594,-0.29017219670854888,0.090146561165167061,0.67049095458226482,0.999724616035226,0.031989999138972769
52,17,2.0125827937059615,-1.4235341711578751,0.56164923794984101,-0.3445713407313864,0.21707789721845461,0.90622057868122741,0.99652417679170413,0.00029613126214550478
53,17,2.1107575641306422,-1.4235341711578751,0.73474453947571983,-0.39649993118915006,0.33824460828656977,1.1312444706648699,0.96213428096365017,3.2891127763057249e-06
54,17,2.2089323345553229,-1.4235341711578751,0.89793766007414233,-0.44545786736867682,0.45247979270546551,1.3433955274428191,0.72119644776259384,4.7245397483131057e-08
55,17,2.3071071049800045,-1.4235341711578751,1.0496569607833135,-0.49097365758142808,0.55868330320188542,1.5406306183647416,0.23619296536066492,9.1452861950003239e-10
56,17,2.4052818754046852,-1.4235341711578751,1.1884413017991942,-0.53260895988619239,0.65583234191300177,1.7210502616853867,0.042425788036348722,2.4779456264667488e-11
57,17,2.5034566458293668,-1.4235341711578751,1.3129541140505667,-0.569962803561604,0.74299131048896272,1.8829169176121707,0.0076922023143926599,9.7305496993271845e-13
58,17,2.6016314162540475,-1.4235341711578751,1.4219962710898204,-0.60267545067338024,0.81932082041644017,2.0246717217632009,0.0016814491422725286,5.7120974616964304e-14
59,17,2.6998061866787282,-1.4235341711578751,1.5145176373361626,-0.63043186054728295,0.88408577678887967,2.1449494978834456,0.00046097045198034703,5.1625370645069779e-15
60,17,2.7979809571034098,-1.4235341711578751,1.589627181455318,-0.6529647237830295,0.93666245767228851,2.2425919052383474,0.00016111208122510101,7.2164496600635175e-16
61,17,2.8961557275280905,-1.4235341711578751,1.6466015574783643,-0.67005703658994342,0.97654452088842092,2.3166585940683078,7.2569706423442071e-05,1.6653345369377348e-16
62,17,2.9943304979527712,-1.4235341711578751,1.6848920710188384,-0.68154419065208549,1.003347880366753,2.3664362616709238,4.2457793651418108e-05,5.5511151231257827e-17
63,17,3.0925052683774528,-1.4235341711578751,1.7041299634996214,-0.68731555839632041,1.016814405103301,2.3914455218959416,3.2433441057799772e-05,5.5511151231257827e-17
0,18,-3.0925052683774528,-1.3253594007331939,1.5116305526038167,-0.74506538166506187,0.76656517093875487,2.2566959342688788,0.0048144690264624312,5.5511151231257827e-16
1,18,-2.9943304979527716,-1.3253594007331939,1.4923926601230342,-0.73929401392082694,0.75309864620220723,2.231686674043861,0.0062931973978620492,8.8817841970012523e-16
2,18,-2.8961557275280905,-1.3253594007331939,1.4541021465825601,-0.72780685985868476,0.72629528672387533,2.181909006441245,0.010708981788913552,2.4424906541753444e-15
3,18,-2.7979809571034093,-1.3253594007331939,1.3971277705595133,-0.71071454705177084,0.68641322350774248,2.1078423176112842,0.023470412360307336,1.0824674490095276e-14
4,18,-2.6998061866787286,-1.3253594007331939,1.3220182264403588,-0.68818168381602429,0.63383654262433453,2.0101999102563832,0.064360458409367494,7.6327832942979512e-14
5,18,-2.6016314162540475,-1.3253594007331939,1.2294968601940162,-0.66042527394212158,0.56907158625189458,1.8899221341361376,0.20077915686472703,8.4582341131067551e-13
6,18,-2.5034566458293663,-1.3253594007331939,1.1204547031547616,-0.62771262683034534,0.49274207632441624,1.7481673299851068,0.53622603086708154,1.4406420500989725e-11
7,18,-2.4052818754046852,-1.3253594007331939,0.9959418909033898,-0.59035878315493362,0.40558310774845618,1.5863006740583234,0.86856589652936256,3.668700343517628e-10
8,18,-2.3071071049800045,-1.3253594007331939,0.85715754988750892,-0.54872348085016942,0.3084340690373395,1.4058810307376783,0.97877908308638983,1.353995859876278e-08
9,18,-2.2089323345553233,-1.3253594007331939,0.70543824917833875,-0.50320769063741833,0.20223055854092042,1.208645939815757,0.99741486438993565,6.9948639280781322e-07
10,18,-2.1107575641306422,-1.3253594007331939,0.54224512857991536,-0.45424975445789134,0.087995374122024017,0.99649488303780664,0.99973620976699051,4.8694408174343451e-05
11,18,-2.0125827937059615,-1.3253594007331939,0.36914982705403654,-0.40232116400012774,-0.033171336946091201,0.77147099105416428,0.99997661580341535,0.0043664896706134271
12,18,-1.9144080232812801,-1.3253594007331939,0.18781934697791192,-0.34792201997729033,-0.16010267299937841,0.53574136695520225,0.99999815319844965,0.32853305348276785
13,18,-1.8162332528565992,-1.3253594007331939,-2.2204460492503131e-16,-0.29157621588391669,-0.29157621588391691,0.29157621588391647,0.99999986681470077,0.98476001914865297
14,18,-1.7180584824319181,-1.3253594007331939,-0.19249941089580469,-0.23382639261517535,-0.42632580351098004,0.041326981719370659,0.99999999100427228,0.99989625391319237
15,18,-1.6198837120072371,-1.3253594007331939,-0.38782501115169193,-0.17522871253840919,-0.56305372369010109,-0.21259629861328275,0.9999999994159734,0.99999935365125037
16,18,-1.521708941582556,-1.3253594007331939,-0.58409570846136427,-0.1163475033455075,-0.70044321180687175,-0.4677482051158568,0.99999999996258182,0.99999999607132684
17,18,-1.4235341711578751,-1.3253594007331939,-0.77942130871725146,-0.05774982326874134,-0.8371711319859928,-0.72167148544851012,0.99999999999757072,0.99999999997552647
18,18,-1.3253594007331939,-1.3253594007331939,-0.97192071961305593,0,-0.97192071961305593,-0.97192071961305593,0.99999999999983591,0.99999999999983591
19,18,-1.227184630308513,-1.3253594007331939,-1.1597400665909681,0.056345804093373641,-1.1033942624975945,-1.2160858706843416,0.99999999999998823,0.99999999999999878
20,18,-1.1290098598838321,-1.3253594007331939,-1.3410705466670918,0.11074494811621079,-1.230325598550881,-1.4518154947833026,0.99999999999999911,1
21,18,-1.0308350894591509,-1.3253594007331939,-1.5141658481929712,0.1626735385739746,-1.3514923096189966,-1.6768393867669458,1,1
22,18,-0.93266031903446978,-1.3253594007331939,-1.677358968791395,0.21163147475350169,-1.4657274940378933,-1.8889904435448968,1,1
23,18,-0.83448554860978863,-1.3253594007331939,-1.829078269500565,0.25714726496625273,-1.5719310045343122,-2.0862255344668177,1,1
24,18,-0.73631077818510793,-1.3253594007331939,-1.9678626105164461,0.29878256727101699,-1.6690800432454291,-2.266645177787463,1,1
25,18,-0.63813600776042678,-1.3253594007331939,-2.0923754227678177,0.3361364109464286,-1.7562390118213891,-2.4285118337142464,1,1
26,18,-0.53996123733574564,-1.3253594007331939,-2.2014175798070723,0.36884905805820484,-1.8325685217488674,-2.5702666378652772,1,1
27,18,-0.44178646691106449,-1.3253594007331939,-2.293938946053415,0.39660546793210766,-1.8973334781213074,-2.6905444139855228,1,1
28,18,-0.34361169648638379,-1.3253594007331939,-2.3690484901725695,0.41913833116785398,-1.9499101590047154,-2.7881868213404233,1,1
29,18,-0.24543692606170264,-1.3253594007331939,-2.4260228661956158,0.43623064397476802,-1.9897922222208477,-2.8622535101703837,1,1
30,18,-0.1472621556370215,-1.3253594007331939,-2.4643133797360899,0.44771779803691025,-2.0165955816991796,-2.9120311777730001,1,1
31,18,-0.049087385212340351,-1.3253594007331939,-2.4835512722168729,0.45348916578114501,-2.0300621064357278,-2.9370404379980179,1,1
32,18,0.049087385212340351,-1.3253594007331939,-2.4835512722168729,0.45348916578114501,-2.0300621064357278,-2.9370404379980179,1,1
33,18,0.1472621556370215,-1.3253594007331939,-2.4643133797360899,0.44771779803691025,-2.0165955816991796,-2.9120311777730001,1,1
34,18,0.24543692606170264,-1.3253594007331939,-2.4260228661956158,0.43623064397476802,-1.9897922222208477,-2.8622535101703837,1,1
35,18,0.34361169648638379,-1.3253594007331939,-2.3690484901725695,0.41913833116785398,-1.9499101590047154,-2.7881868213404233,1,1
36,18,0.44178646691106449,-1.3253594007331939,-2.293938946053415,0.39660546793210766,-1.8973334781213074,-2.6905444139855228,1,1
37,18,0.53996123733574564,-1.3253594007331939,-2.2014175798070723,0.36884905805820484,-1.8325685217488674,-2.5702666378652772,1,1
38,18,0.63813600776042678,-1.3253594007331939,-2.0923754227678177,0.3361364109464286,-1.7562390118213891,-2.4285118337142464,1,1
39,18,0.73631077818510793,-1.3253594007331939,-1.9678626105164461,0.29878256727101699,-1.6690800432454291,-2.266645177787463,1,1
40,18,0.83448554860978863,-1.3253594007331939,-1.829078269500565,0.25714726496625273,-1.5719310045343122,-2.0862255344668177,1,1
41,18,0.93266031903447022,-1.3253594007331939,-1.6773589687913941,0.21163147475350141,-1.4657274940378926,-1.8889904435448956,1,1
42,18,1.0308350894591509,-1.3253594007331939,-1.5141658481929712,0.1626735385739746,-1.3514923096189966,-1.6768393867669458,1,1
43,18,1.1290098598838316,-1.3253594007331939,-1.3410705466670927,0.11074494811621102,-1.2303255985508816,-1.4518154947833037,0.99999999999999911,1
44,18,1.2271846303085132,-1.3253594007331939,-1.1597400665909676,0.056345804093373503,-1.1033942624975941,-1.2160858706843412,0.99999999999998823,0.99999999999999878
45,18,1.3253594007331939,-1.3253594007331939,-0.97192071961305593,0,-0.97192071961305593,-0.97192071961305593,0.99999999999983591,0.99999999999983591
46,18,1.4235341711578746,-1.3253594007331939,-0.77942130871725235,-0.05774982326874107,-0.83717113198599347,-0.72167148544851123,0.99999999999757072,0.99999999997552647
47,18,1.5217089415825562,-1.3253594007331939,-0.58409570846136383,-0.11634750334550764,-0.70044321180687152,-0.46774820511585619,0.99999999996258182,0.99999999607132684
48,18,1.6198837120072369,-1.3253594007331939,-0.38782501115169238,-0.17522871253840905,-0.56305372369010143,-0.21259629861328333,0.9999999994159734,0.99999935365125037
49,18,1.7180584824319185,-1.3253594007331939,-0.1924994108958038,-0.23382639261517563,-0.42632580351097943,0.041326981719371825,0.99999999100427228,0.99989625391319237
50,18,1.8162332528565992,-1.3253594007331939,-2.2204460492503131e-16,-0.29157621588391669,-0.29157621588391691,0.29157621588391647,0.99999986681470077,0.98476001914865297
51,18,1.9144080232812799,-1.3253594007331939,0.18781934697791147,-0.34792201997729022,-0.16010267299937875,0.53574136695520169,0.99999815319844965,0.32853305348277029
52,18,2.0125827937059615,-1.3253594007331939,0.36914982705403654,-0.40232116400012774,-0.033171336946091201,0.77147099105416428,0.99997661580341535,0.0043664896706134271
53,18,2.1107575641306422,-1.3253594007331939,0.54224512857991536,-0.45424975445789134,0.087995374122024017,0.99649488303780664,0.99973620976699051,4.8694408174343451e-05
54,18,2.2089323345553229,-1.3253594007331939,0.70543824917833786,-0.5032076906374181,0.20223055854091976,1.2086459398157561,0.99741486438993565,6.9948639280781322e-07
55,18,2.3071071049800045,-1.3253594007331939,0.85715754988750892,-0.54872348085016942,0.3084340690373395,1.4058810307376783,0.97877908308638983,1.353995859876278e-08
56,18,2.4052818754046852,-1.3253594007331939,0.9959418909033898,-0.59035878315493362,0.40558310774845618,1.5863006740583234,0.86856589652936256,3.668700343517628e-10
57,18,2.5034566458293668,-1.3253594007331939,1.120454703154762,-0.62771262683034545,0.49274207632441658,1.7481673299851075,0.53622603086707987,1.4406420500989725e-11
58,18,2.6016314162540475,-1.3253594007331939,1.2294968601940162,-0.66042527394212158,0.56907158625189458,1.8899221341361376,0.20077915686472703,8.4582341131067551e-13
59,18,2.6998061866787282,-1.3253594007331939,1.3220182264403584,-0.68818168381602418,0.6338365426243342,2.0101999102563823,0.064360458409367882,7.6327832942979512e-14
60,18,2.7979809571034098,-1.3253594007331939,1.3971277705595138,-0.71071454705177084,0.68641322350774292,2.1078423176112846,0.023470412360307169,1.0824674490095276e-14
61,18,2.8961557275280905,-1.3253594007331939,1.4541021465825601,-0.72780685985868476,0.72629528672387533,2.181909006441245,0.010708981788913552,2.4424906541753444e-15
62,18,2.9943304979527712,-1.3253594007331939,1.4923926601230337,-0.73929401392082694,0.75309864620220679,2.2316866740438606,0.0062931973978621603,8.8817841970012523e-16
63,18,3.0925052683774528,-1.3253594007331939,1.5116305526038167,-0.74506538166506187,0.76656517093875487,2.2566959342688788,0.0048144690264624312,5.5511151231257827e-16
0,19,-3.0925052683774528,-1.227184630308513,1.3238112056259048,-0.8014111857584354,0.52240001986746942,2.12522239138434,0.38983629454208707,7.6605388699135801e-15
1,19,-2.9943304979527716,-1.227184630308513,1.3045733131451218,-0.79563981801420069,0.50893349513092112,2.1002131311593226,0.45545097264485096,1.2601031329495527e-14
2,19,-2.8961557275280905,-1.227184630308513,1.2662827996046477,-0.7841526639520584,0.48213013565258933,2.0504354635567061,0.58841024493396354,3.4139358007223564e-14
3,19,-2.7979809571034093,-1.227184630308513,1.2093084235816014,-0.76706035114514437,0.44224807243645703,1.9763687747267458,0.76043002518334912,1.5010215292932116e-13
4,19,-2.6998061866787286,-1.227184630308513,1.1341988794624465,-0.74452748790939804,0.38967139155304842,1.8787263673718444,0.90083814329287615,1.0580980536190054e-12
5,19,-2.6016314162540475,-1.227184630308513,1.0416775132161038,-0.71677107803549522,0.32490643518060858,1.758448591251599,0.97074096641805785,1.1728840121350004e-11
6,19,-2.5034566458293663,-1.227184630308513,0.93263535617684956,-0.68405843092371887,0.24857692525313069,1.6166937871005684,0.99349373046107803,1.9976575948987829e-10
7,19,-2.4052818754046852,-1.227184630308513,0.80812254392547767,-0.64670458724830737,0.16141795667717029,1.454827131173785,0.9988554984033341,5.0871777346195302e-09
8,19,-2.3071071049800045,-1.227184630308513,0.66933820290959678,-0.60506928494354306,0.064268917966053718,1.2744074878531397,0.99983585917260365,1.8775086391142892e-07
9,19,-2.2089323345553233,-1.227184630308513,0.51761890220042661,-0.55955349473079208,-0.041934592530365467,1.0771723969312186,0.99998037510168469,9.6992922604122178e-06
10,19,-2.1107575641306422,-1.227184630308513,0.35442578160200322,-0.51059555855126504,-0.15616977694926182,0.86502134015326826,0.99999800206724987,0.00067479485911747794
11,19,-2.0125827937059615,-1.227184630308513,0.1813304800761244,-0.45866696809350138,-0.27733648801737698,0.63999744816962578,0.99999982293163525,0.057326933883230402
12,19,-1.9144080232812801,-1.227184630308513,-2.2204460492503131e-16,-0.40426782407066397,-0.40426782407066419,0.40426782407066375,0.99999998601606266,0.87153992483498255
13,19,-1.8162332528565992,-1.227184630308513,-0.18781934697791236,-0.34792201997729033,-0.53574136695520269,0.16010267299937797,0.99999999899152581,0.99888517962116863
14,19,-1.7180584824319181,-1.227184630308513,-0.38031875787371683,-0.29017219670854899,-0.67049095458226582,-0.090146561165167838,0.99999999993188471,0.99999251746340034
15,19,-1.6198837120072371,-1.227184630308513,-0.57564435812960413,-0.2315745166317828,-0.80721887476138687,-0.34406984149782133,0.99999999999557776,0.99999995338748993
16,19,-1.521708941582556,-1.227184630308513,-0.77191505543927641,-0.17269330743888114,-0.94460836287815753,-0.59922174800039529,0.99999999999971667,0.99999999971667741
17,19,-1.4235341711578751,-1.227184630308513,-0.9672406556951636,-0.11409562736211498,-1.0813362830572786,-0.85314502833304862,0.99999999999998157,0.99999999999823508
18,19,-1.3253594007331939,-1.227184630308513,-1.1597400665909681,-0.056345804093373641,-1.2160858706843416,-1.1033942624975945,0.99999999999999878,0.99999999999998823
19,19,-1.227184630308513,-1.227184630308513,-1.3475594135688802,0,-1.3475594135688802,-1.3475594135688802,0.99999999999999989,0.99999999999999989
20,19,-1.1290098598838321,-1.227184630308513,-1.5288898936450042,0.054399144022837152,-1.4744907496221671,-1.5832890376678412,1,1
21,19,-1.0308350894591509,-1.227184630308513,-1.7019851951708835,0.10632773448060097,-1.5956574606902825,-1.8083129296514846,1,1
22,19,-0.93266031903446978,-1.227184630308513,-1.8651783157693069,0.15528567066012805,-1.7098926451091789,-2.0204639864294349,1,1
23,19,-0.83448554860978863,-1.227184630308513,-2.0168976164784773,0.20080146087287909,-1.8160961556055981,-2.2176990773513565,1,1
24,19,-0.73631077818510793,-1.227184630308513,-2.155681957494358,0.24243676317764334,-1.9132451943167146,-2.3981187206720014,1,1
25,19,-0.63813600776042678,-1.227184630308513,-2.2801947697457301,0.2797906068530549,-2.000404162892675,-2.5599853765987852,1,1
26,19,-0.53996123733574564,-1.227184630308513,-2.3892369267849842,0.31250325396483125,-2.0767336728201529,-2.7017401807498156,1,1
27,19,-0.44178646691106449,-1.227184630308513,-2.4817582930313269,0.34025966383873407,-2.1414986291925926,-2.8220179568700612,1,1
28,19,-0.34361169648638379,-1.227184630308513,-2.5568678371504814,0.3627925270744804,-2.1940753100760011,-2.9196603642249617,1,1
29,19,-0.24543692606170264,-1.227184630308513,-2.6138422131735282,0.37988483988139432,-2.2339573732921338,-2.9937270530549225,1,1
30,19,-0.1472621556370215,-1.227184630308513,-2.6521327267140022,0.39137199394353656,-2.2607607327704655,-3.043504720657539,1,1
31,19,-0.049087385212340351,-1.227184630308513,-2.6713706191947848,0.39714336168777142,-2.2742272575070133,-3.0685139808825563,1,1
32,19,0.049087385212340351,-1.227184630308513,-2.6713706191947848,0.39714336168777142,-2.2742272575070133,-3.0685139808825563,1,1
33,19,0.1472621556370215,-1.227184630308513,-2.6521327267140022,0.39137199394353656,-2.2607607327704655,-3.043504720657539,1,1
34,19,0.24543692606170264,-1.227184630308513,-2.6138422131735282,0.37988483988139432,-2.2339573732921338,-2.9937270530549225,1,1
35,19,0.34361169648638379,-1.227184630308513,-2.5568678371504814,0.3627925270744804,-2.1940753100760011,-2.9196603642249617,1,1
36,19,0.44178646691106449,-1.227184630308513,-2.4817582930313269,0.34025966383873407,-2.1414986291925926,-2.8220179568700612,1,1
37,19,0.53996123733574564,-1.227184630308513,-2.3892369267849842,0.31250325396483125,-2.0767336728201529,-2.7017401807498156,1,1
38,19,0.63813600776042678,-1.227184630308513,-2.2801947697457301,0.2797906068530549,-2.000404162892675,-2.5599853765987852,1,1
39,19,0.73631077818510793,-1.227184630308513,-2.155681957494358,0.24243676317764334,-1.9132451943167146,-2.3981187206720014,1,1
40,19,0.83448554860978863,-1.227184630308513,-2.0168976164784773,0.20080146087287909,-1.8160961556055981,-2.2176990773513565,1,1
41,19,0.93266031903447022,-1.227184630308513,-1.865178315769306,0.15528567066012777,-1.7098926451091783,-2.0204639864294336,1,1
42,19,1.0308350894591509,-1.227184630308513,-1.7019851951708835,0.10632773448060097,-1.5956574606902825,-1.8083129296514846,1,1
43,19,1.1290098598838316,-1.227184630308513,-1.5288898936450048,0.054399144022837388,-1.4744907496221675,-1.5832890376678421,1,1
44,19,1.2271846303085132,-1.227184630308513,-1.3475594135688798,-1.3322676295501878e-16,-1.34755941356888,-1.3475594135688795,0.99999999999999989,0.99999999999999989
45,19,1.3253594007331939,-1.227184630308513,-1.1597400665909681,-0.056345804093373641,-1.2160858706843416,-1.1033942624975945,0.99999999999999878,0.99999999999998823
46,19,1.4235341711578746,-1.227184630308513,-0.96724065569516449,-0.1140956273621147,-1.0813362830572792,-0.85314502833304973,0.99999999999998157,0.99999999999823508
47,19,1.5217089415825562,-1.227184630308513,-0.77191505543927597,-0.17269330743888126,-0.94460836287815719,-0.59922174800039474,0.99999999999971667,0.99999999971667741
48,19,1.6198837120072369,-1.227184630308513,-0.57564435812960457,-0.23157451663178269,-0.80721887476138732,-0.34406984149782188,0.99999999999557776,0.99999995338748993
49,19,1.7180584824319185,-1.227184630308513,-0.38031875787371594,-0.29017219670854927,-0.67049095458226526,-0.090146561165166672,0.99999999993188471,0.99999251746340034
50,19,1.8162332528565992,-1.227184630308513,-0.18781934697791236,-0.34792201997729033,-0.53574136695520269,0.16010267299937797,0.99999999899152581,0.99888517962116863
51,19,1.9144080232812799,-1.227184630308513,-6.6613381477509392e-16,-0.40426782407066386,-0.40426782407066453,0.4042678240706632,0.99999998601606266,0.87153992483498377
52,19,2.0125827937059615,-1.227184630308513,0.1813304800761244,-0.45866696809350138,-0.27733648801737698,0.63999744816962578,0.99999982293163525,0.057326933883230402
53,19,2.1107575641306422,-1.227184630308513,0.35442578160200322,-0.51059555855126504,-0.15616977694926182,0.86502134015326826,0.99999800206724987,0.00067479485911747794
54,19,2.2089323345553229,-1.227184630308513,0.51761890220042572,-0.55955349473079175,-0.041934592530366022,1.0771723969312175,0.99998037510168469,9.6992922604122178e-06
55,19,2.3071071049800045,-1.227184630308513,0.66933820290959678,-0.60506928494354306,0.064268917966053718,1.2744074878531397,0.99983585917260365,1.8775086391142892e-07
56,19,2.4052818754046852,-1.227184630308513,0.80812254392547767,-0.64670458724830737,0.16141795667717029,1.454827131173785,0.9988554984033341,5.0871777346195302e-09
57,19,2.5034566458293668,-1.227184630308513,0.93263535617685001,-0.68405843092371899,0.24857692525313102,1.6166937871005689,0.99349373046107803,1.9976575948987829e-10
58,19,2.6016314162540475,-1.227184630308513,1.0416775132161038,-0.71677107803549522,0.32490643518060858,1.758448591251599,0.97074096641805785,1.1728840121350004e-11
59,19,2.6998061866787282,-1.227184630308513,1.134198879462446,-0.74452748790939793,0.38967139155304809,1.878726367371844,0.9008381432928767,1.0580980536190054e-12
60,19,2.7979809571034098,-1.227184630308513,1.2093084235816014,-0.76706035114514448,0.44224807243645692,1.9763687747267458,0.76043002518334957,1.5010215292932116e-13
61,19,2.8961557275280905,-1.227184630308513,1.2662827996046477,-0.7841526639520584,0.48213013565258933,2.0504354635567061,0.58841024493396354,3.4139358007223564e-14
62,19,2.9943304979527712,-1.227184630308513,1.3045733131451218,-0.79563981801420047,0.50893349513092134,2.1002131311593222,0.45545097264484985,1.2601031329495527e-14
63,19,3.0925052683774528,-1.227184630308513,1.3238112056259048,-0.8014111857584354,0.52240001986746942,2.12522239138434,0.38983629454208707,7.6605388699135801e-15
0,20,-3.0925052683774528,-1.1290098598838321,1.1424807255497809,-0.85581032978127258,0.28667039576850828,1.9982910553310536,0.9861645908836365,9.681144774731365e-14
1,20,-2.9943304979527716,-1.1290098598838321,1.1232428330689981,-0.85003896203703777,0.27320387103196031,1.9732817951060357,0.98939662120645733,1.5965007094109751e-13
2,20,-2.8961557275280905,-1.1290098598838321,1.084952319528524,-0.83855180797489559,0.24640051155362841,1.9235041275034197,0.99376913509449993,4.3209880118411093e-13
3,20,-2.7979809571034093,-1.1290098598838321,1.0279779435054774,-0.82145949516798167,0.20651844833749577,1.8494374386734591,0.99718403696786384,1.9008128404607305e-12
4,20,-2.6998061866787286,-1.1290098598838321,0.95286839938632273,-0.79892663193223512,0.15394176745408761,1.751795031318558,0.99901429244488571,1.339822697232762e-11
5,20,-2.6016314162540475,-1.1290098598838321,0.86034703313998007,-0.77117022205833241,0.089176811081647656,1.6315172551983124,0.99972990421716434,1.4851353480338503e-10
6,20,-2.5034566458293663,-1.1290098598838321,0.75130487610072572,-0.73845757494655617,0.012847301154169544,1.489762451047282,0.99994130245625323,2.5294877303849717e-09
7,20,-2.4052818754046852,-1.1290098598838321,0.62679206384935382,-0.70110373127114445,-0.074311667421790628,1.3278957951204982,0.99998972959006349,6.4415215439428408e-08
8,20,-2.3071071049800045,-1.1290098598838321,0.48800772283347293,-0.65946842896638025,-0.17146070613290731,1.1474761517998533,0.9999985284813484,2.3773469632892841e-06
9,20,-2.2089323345553233,-1.1290098598838321,0.33628842212430277,-0.61395263875362915,-0.27766421662932639,0.95024106087793192,0.99999982408844712,0.00012280116856833168
10,20,-2.1107575641306422,-1.1290098598838321,0.17309530152587937,-0.56499470257410211,-0.39189940104822274,0.73809000409998149,0.99999998209145813,0.0084777182430388343
11,20,-2.0125827937059615,-1.1290098598838321,5.5511151231257827e-16,-0.51306611211633846,-0.5130661121163379,0.51306611211633901,0.99999999841284426,0.43503869956983132
12,20,-1.9144080232812801,-1.1290098598838321,-0.18133048007612407,-0.4586669680935011,-0.63999744816962512,0.27733648801737704,0.99999999987465471,0.98849350302287564
13,20,-1.8162332528565992,-1.1290098598838321,-0.36914982705403621,-0.40232116400012752,-0.77147099105416372,0.033171336946091312,0.99999999999096056,0.99991186681292332
14,20,-1.7180584824319181,-1.1290098598838321,-0.56164923794984067,-0.34457134073138612,-0.90622057868122674,-0.21707789721845455,0.99999999999938938,0.99999940906424745
15,20,-1.6198837120072371,-1.1290098598838321,-0.75697483820572797,-0.28597366065461999,-1.0429484988603479,-0.47100117755110799,0.99999999999996037,0.99999999631878711
16,20,-1.521708941582556,-1.1290098598838321,-0.95324553551540014,-0.2270924514617183,-1.1803379869771184,-0.72615308405368184,0.99999999999999745,0.99999999997762468
17,20,-1.4235341711578751,-1.1290098598838321,-1.1485711357712876,-0.16849477138495214,-1.3170659071562396,-0.98007636438633539,0.99999999999999978,0.99999999999986056
18,20,-1.3253594007331939,-1.1290098598838321,-1.3410705466670918,-0.11074494811621079,-1.4518154947833026,-1.230325598550881,1,0.99999999999999911
19,20,-1.227184630308513,-1.1290098598838321,-1.5288898936450042,-0.054399144022837152,-1.5832890376678412,-1.4744907496221671,1,1
20,20,-1.1290098598838321,-1.1290098598838321,-1.7102203737211279,0,-1.7102203737211279,-1.7102203737211279,1,1
21,20,-1.0308350894591509,-1.1290098598838321,-1.8833156752470073,0.05192859045776381,-1.8313870847892435,-1.935244265704771,1,1
22,20,-0.93266031903446978,-1.1290098598838321,-2.0465087958454307,0.10088652663729089,-1.9456222692081397,-2.1473953224827214,1,1
23,20,-0.83448554860978863,-1.1290098598838321,-2.1982280965546011,0.14640231685004193,-2.0518257797045591,-2.344630413404643,1,1
24,20,-0.73631077818510793,-1.1290098598838321,-2.3370124375704817,0.18803761915480621,-2.1489748184156756,-2.5250500567252878,1,1
25,20,-0.63813600776042678,-1.1290098598838321,-2.4615252498218538,0.22539146283021777,-2.236133786991636,-2.6869167126520717,1,1
26,20,-0.53996123733574564,-1.1290098598838321,-2.570567406861108,0.25810410994199406,-2.3124632969191139,-2.828671516803102,1,1
27,20,-0.44178646691106449,-1.1290098598838321,-2.6630887731074511,0.28586051981589689,-2.3772282532915541,-2.9489492929233481,1,1
28,20,-0.34361169648638379,-1.1290098598838321,-2.7381983172266056,0.30839338305164321,-2.4298049341749621,-3.046591700278249,1,1
29,20,-0.24543692606170264,-1.1290098598838321,-2.7951726932496519,0.32548569585855719,-2.4696869973910949,-3.1206583891082089,1,1
30,20,-0.1472621556370215,-1.1290098598838321,-2.833463206790126,0.33697284992069942,-2.4964903568694266,-3.1704360567108254,1,1
31,20,-0.049087385212340351,-1.1290098598838321,-2.8527010992709085,0.34274421766493424,-2.5099568816059743,-3.1954453169358428,1,1
32,20,0.049087385212340351,-1.1290098598838321,-2.8527010992709085,0.34274421766493424,-2.5099568816059743,-3.1954453169358428,1,1
33,20,0.1472621556370215,-1.1290098598838321,-2.833463206790126,0.33697284992069942,-2.4964903568694266,-3.1704360567108254,1,1
34,20,0.24543692606170264,-1.1290098598838321,-2.7951726932496519,0.32548569585855719,-2.4696869973910949,-3.1206583891082089,1,1
35,20,0.34361169648638379,-1.1290098598838321,-2.7381983172266056,0.30839338305164321,-2.4298049341749621,-3.046591700278249,1,1
36,20,0.44178646691106449,-1.1290098598838321,-2.6630887731074511,0.28586051981589689,-2.3772282532915541,-2.9489492929233481,1,1
37,20,0.53996123733574564,-1.1290098598838321,-2.570567406861108,0.25810410994199406,-2.3124632969191139,-2.828671516803102,1,1
38,20,0.63813600776042678,-1.1290098598838321,-2.4615252498218538,0.22539146283021777,-2.236133786991636,-2.6869167126520717,1,1
39,20,0.73631077818510793,-1.1290098598838321,-2.3370124375704817,0.18803761915480621,-2.1489748184156756,-2.5250500567252878,1,1
40,20,0.83448554860978863,-1.1290098598838321,-2.1982280965546011,0.14640231685004193,-2.0518257797045591,-2.344630413404643,1,1
41,20,0.93266031903447022,-1.1290098598838321,-2.0465087958454298,0.10088652663729063,-1.9456222692081391,-2.1473953224827205,1,1
42,20,1.0308350894591509,-1.1290098598838321,-1.8833156752470073,0.05192859045776381,-1.8313870847892435,-1.935244265704771,1,1
43,20,1.1290098598838316,-1.1290098598838321,-1.7102203737211288,2.3314683517128288e-16,-1.7102203737211286,-1.710220373721129,1,1
44,20,1.2271846303085132,-1.1290098598838321,-1.5288898936450037,-0.054399144022837284,-1.583289037667841,-1.4744907496221664,1,1
45,20,1.3253594007331939,-1.1290098598838321,-1.3410705466670918,-0.11074494811621079,-1.4518154947833026,-1.230325598550881,1,0.99999999999999911
46,20,1.4235341711578746,-1.1290098598838321,-1.1485711357712884,-0.16849477138495186,-1.3170659071562403,-0.98007636438633661,0.99999999999999978,0.99999999999986056
47,20,1.5217089415825562,-1.1290098598838321,-0.9532455355153997,-0.22709245146171844,-1.1803379869771182,-0.72615308405368129,0.99999999999999745,0.99999999997762468
48,20,1.6198837120072369,-1.1290098598838321,-0.75697483820572842,-0.28597366065461982,-1.0429484988603481,-0.4710011775511086,0.99999999999996037,0.99999999631878711
49,20,1.7180584824319185,-1.1290098598838321,-0.56164923794983979,-0.3445713407313864,-0.90622057868122619,-0.21707789721845339,0.99999999999938938,0.99999940906424745
50,20,1.8162332528565992,-1.1290098598838321,-0.36914982705403621,-0.40232116400012752,-0.77147099105416372,0.033171336946091312,0.99999999999096056,0.99991186681292332
51,20,1.9144080232812799,-1.1290098598838321,-0.18133048007612451,-0.45866696809350094,-0.63999744816962545,0.27733648801737643,0.99999999987465471,0.98849350302287575
52,20,2.0125827937059615,-1.1290098598838321,5.5511151231257827e-16,-0.51306611211633846,-0.5130661121163379,0.51306611211633901,0.99999999841284426,0.43503869956983132
53,20,2.1107575641306422,-1.1290098598838321,0.17309530152587937,-0.56499470257410211,-0.39189940104822274,0.73809000409998149,0.99999998209145813,0.0084777182430388343
54,20,2.2089323345553229,-1.1290098598838321,0.33628842212430188,-0.61395263875362893,-0.27766421662932705,0.95024106087793081,0.99999982408844712,0.00012280116856833168
55,20,2.3071071049800045,-1.1290098598838321,0.48800772283347293,-0.65946842896638025,-0.17146070613290731,1.1474761517998533,0.9999985284813484,2.3773469632892841e-06
56,20,2.4052818754046852,-1.1290098598838321,0.62679206384935382,-0.70110373127114445,-0.074311667421790628,1.3278957951204982,0.99998972959006349,6.4415215439428408e-08
57,20,2.5034566458293668,-1.1290098598838321,0.75130487610072616,-0.73845757494655617,0.012847301154169988,1.4897624510472824,0.99994130245625323,2.5294877303849717e-09
58,20,2.6016314162540475,-1.1290098598838321,0.86034703313998007,-0.77117022205833241,0.089176811081647656,1.6315172551983124,0.99972990421716434,1.4851353480338503e-10
59,20,2.6998061866787282,-1.1290098598838321,0.95286839938632228,-0.79892663193223501,0.15394176745408727,1.7517950313185573,0.99901429244488571,1.339822697232762e-11
60,20,2.7979809571034098,-1.1290098598838321,1.0279779435054777,-0.82145949516798167,0.206518448337496,1.8494374386734593,0.99718403696786384,1.9008128404607305e-12
61,20,2.8961557275280905,-1.1290098598838321,1.084952319528524,-0.83855180797489559,0.24640051155362841,1.9235041275034197,0.99376913509449993,4.3209880118411093e-13
62,20,2.9943304979527712,-1.1290098598838321,1.1232428330689979,-0.85003896203703766,0.2732038710319602,1.9732817951060355,0.98939662120645733,1.5965007094109751e-13
63,20,3.0925052683774528,-1.1290098598838321,1.1424807255497809,-0.85581032978127258,0.28667039576850828,1.9982910553310536,0.9861645908836365,9.681144774731365e-14
0,21,-3.0925052683774528,-1.0308350894591509,0.96938542402390149,-0.90773892023903646,0.061646503784865025,1.8771243442629379,0.99984424490552604,1.0925704785336166e-12
1,21,-2.9943304979527716,-1.0308350894591509,0.95014753154311871,-0.90196755249480154,0.048179979048317167,1.8521150840379201,0.99988101574807375,1.801669924361704e-12
2,21,-2.8961557275280905,-1.0308350894591509,0.91185701800264463,-0.89048039843265936,0.021376619569985267,1.8023374164353041,0.99993038546843449,4.8757664572463e-12
3,21,-2.7979809571034093,-1.0308350894591509,0.85488264197959807,-0.87338808562574533,-0.018505443646147257,1.7282707276053433,0.99996864510705641,2.1447454923162468e-11
4,21,-2.6998061866787286,-1.0308350894591509,0.77977309786044335,-0.850855222389999,-0.071082124529555646,1.6306283202504424,0.99998904433020619,1.5117751495097309e-10
5,21,-2.6016314162540475,-1.0308350894591509,0.68725173161410069,-0.82309881251609618,-0.13584708090199549,1.5103505441301968,0.99999700013904258,1.6757401577471853e-09
6,21,-2.5034566458293663,-1.0308350894591509,0.57820957457484634,-0.79038616540431983,-0.21217659082947349,1.3685957399791662,0.99999934820286651,2.8541267127479841e-08
7,21,-2.4052818754046852,-1.0308350894591509,0.45369676232347445,-0.75303232172890833,-0.29933555940543388,1.2067290840523828,0.99999988595939893,7.2682332524776072e-07
8,21,-2.3071071049800045,-1.0308350894591509,0.31491242130759356,-0.71139701942414402,-0.39648459811655046,1.0263094407317377,0.99999998366069009,2.682394393421772e-05
9,21,-2.2089323345553233,-1.0308350894591509,0.16319312059842339,-0.66588122921139303,-0.50268810861296964,0.82907434980981642,0.99999999804673245,0.0013838693535292435
10,21,-2.1107575641306422,-1.0308350894591509,-0,-0.61692329303186599,-0.61692329303186599,0.61692329303186599,0.99999999980114906,0.087986944424428781
11,21,-2.0125827937059615,-1.0308350894591509,-0.17309530152587882,-0.56499470257410234,-0.73809000409998116,0.39189940104822352,0.99999999998237676,0.8967859279156396
12,21,-1.9144080232812801,-1.0308350894591509,-0.35442578160200344,-0.51059555855126493,-0.86502134015326837,0.15616977694926149,0.99999999999860822,0.99896942210433026
13,21,-1.8162332528565992,-1.0308350894591509,-0.54224512857991558,-0.45424975445789134,-0.99649488303780687,-0.087995374122024239,0.99999999999989964,0.99999218851361438
14,21,-1.7180584824319181,-1.0308350894591509,-0.73474453947572005,-0.39649993118914995,-1.1312444706648699,-0.3382446082865701,0.99999999999999323,0.99999994762792033
15,21,-1.6198837120072371,-1.0308350894591509,-0.93007013973160735,-0.33790225111238376,-1.267972390843991,-0.59216788861922365,0.99999999999999956,0.9999999996737502
16,21,-1.521708941582556,-1.0308350894591509,-1.1263408370412795,-0.27902104191948213,-1.4053618789607616,-0.84731979512179745,1,0.99999999999801692
17,21,-1.4235341711578751,-1.0308350894591509,-1.3216664372971669,-0.22042336184271594,-1.542089799139883,-1.1012430754544509,1,0.99999999999998757
18,21,-1.3253594007331939,-1.0308350894591509,-1.5141658481929712,-0.1626735385739746,-1.6768393867669458,-1.3514923096189966,1,1
19,21,-1.227184630308513,-1.0308350894591509,-1.7019851951708835,-0.10632773448060097,-1.8083129296514846,-1.5956574606902825,1,1
20,21,-1.1290098598838321,-1.0308350894591509,-1.8833156752470073,-0.05192859045776381,-1.935244265704771,-1.8313870847892435,1,1
21,21,-1.0308350894591509,-1.0308350894591509,-2.0564109767728866,0,-2.0564109767728866,-2.0564109767728866,1,1
22,21,-0.93266031903446978,-1.0308350894591509,-2.2196040973713105,0.048957936179527081,-2.1706461611917836,-2.2685620335508374,1,1
23,21,-0.83448554860978863,-1.0308350894591509,-2.3713233980804804,0.094473726392278135,-2.2768496716882023,-2.4657971244727586,1,1
24,21,-0.73631077818510793,-1.0308350894591509,-2.5101077390963615,0.13610902869704239,-2.3739987103993192,-2.6462167677934039,1,1
25,21,-0.63813600776042678,-1.0308350894591509,-2.6346205513477332,0.17346287237245397,-2.4611576789752792,-2.8080834237201873,1,1
26,21,-0.53996123733574564,-1.0308350894591509,-2.7436627083869878,0.20617551948423027,-2.5374871889027575,-2.9498382278712181,1,1
27,21,-0.44178646691106449,-1.0308350894591509,-2.83618407463333,0.23393192935813306,-2.6022521452751968,-3.0701160039914632,1,1
28,21,-0.34361169648638379,-1.0308350894591509,-2.9112936187524845,0.25646479259387939,-2.6548288261586053,-3.1677584113463637,1,1
29,21,-0.24543692606170264,-1.0308350894591509,-2.9682679947755313,0.27355710540079337,-2.694710889374738,-3.2418251001763245,1,1
30,21,-0.1472621556370215,-1.0308350894591509,-3.0065585083160054,0.2850442594629356,-2.7215142488530697,-3.291602767778941,1,1
31,21,-0.049087385212340351,-1.0308350894591509,-3.0257964007967884,0.29081562720717041,-2.7349807735896179,-3.3166120280039588,1,1
32,21,0.049087385212340351,-1.0308350894591509,-3.0257964007967884,0.29081562720717041,-2.7349807735896179,-3.3166120280039588,1,1
33,21,0.1472621556370215,-1.0308350894591509,-3.0065585083160054,0.2850442594629356,-2.7215142488530697,-3.291602767778941,1,1
34,21,0.24543692606170264,-1.0308350894591509,-2.9682679947755313,0.27355710540079337,-2.694710889374738,-3.2418251001763245,1,1
35,21,0.34361169648638379,-1.0308350894591509,-2.9112936187524845,0.25646479259387939,-2.6548288261586053,-3.1677584113463637,1,1
36,21,0.44178646691106449,-1.0308350894591509,-2.83618407463333,0.23393192935813306,-2.6022521452751968,-3.0701160039914632,1,1
37,21,0.53996123733574564,-1.0308350894591509,-2.7436627083869878,0.20617551948423027,-2.5374871889027575,-2.9498382278712181,1,1
38,21,0.63813600776042678,-1.0308350894591509,-2.6346205513477332,0.17346287237245397,-2.4611576789752792,-2.8080834237201873,1,1
39,21,0.73631077818510793,-1.0308350894591509,-2.5101077390963615,0.13610902869704239,-2.3739987103993192,-2.6462167677934039,1,1
40,21,0.83448554860978863,-1.0308350894591509,-2.3713233980804804,0.094473726392278135,-2.2768496716882023,-2.4657971244727586,1,1
41,21,0.93266031903447022,-1.0308350894591509,-2.2196040973713096,0.048957936179526818,-2.1706461611917827,-2.2685620335508365,1,1
42,21,1.0308350894591509,-1.0308350894591509,-2.0564109767728866,0,-2.0564109767728866,-2.0564109767728866,1,1
43,21,1.1290098598838316,-1.0308350894591509,-1.8833156752470082,-0.051928590457763581,-1.9352442657047717,-1.8313870847892446,1,1
44,21,1.2271846303085132,-1.0308350894591509,-1.7019851951708831,-0.10632773448060109,-1.8083129296514842,-1.595657460690282,1,1
45,21,1.3253594007331939,-1.0308350894591509,-1.5141658481929712,-0.1626735385739746,-1.6768393867669458,-1.3514923096189966,1,1
46,21,1.4235341711578746,-1.0308350894591509,-1.3216664372971678,-0.22042336184271569,-1.5420897991398834,-1.1012430754544522,1,0.99999999999998757
47,21,1.5217089415825562,-1.0308350894591509,-1.1263408370412791,-0.27902104191948224,-1.4053618789607614,-0.84731979512179678,1,0.99999999999801692
48,21,1.6198837120072369,-1.0308350894591509,-0.93007013973160779,-0.33790225111238364,-1.2679723908439915,-0.59216788861922409,0.99999999999999956,0.9999999996737502
49,21,1.7180584824319185,-1.0308350894591509,-0.73474453947571916,-0.39649993118915022,-1.1312444706648694,-0.33824460828656894,0.99999999999999323,0.99999994762792033
50,21,1.8162332528565992,-1.0308350894591509,-0.54224512857991558,-0.45424975445789134,-0.99649488303780687,-0.087995374122024239,0.99999999999989964,0.99999218851361438
51,21,1.9144080232812799,-1.0308350894591509,-0.35442578160200389,-0.51059555855126482,-0.8650213401532687,0.15616977694926093,0.99999999999860822,0.99896942210433026
52,21,2.0125827937059615,-1.0308350894591509,-0.17309530152587882,-0.56499470257410234,-0.73809000409998116,0.39189940104822352,0.99999999998237676,0.8967859279156396
53,21,2.1107575641306422,-1.0308350894591509,-0,-0.61692329303186599,-0.61692329303186599,0.61692329303186599,0.99999999980114906,0.087986944424428781
54,21,2.2089323345553229,-1.0308350894591509,0.1631931205984225,-0.6658812292113927,-0.5026881086129702,0.8290743498098152,0.99999999804673245,0.001383869353529299
55,21,2.3071071049800045,-1.0308350894591509,0.31491242130759356,-0.71139701942414402,-0.39648459811655046,1.0263094407317377,0.99999998366069009,2.682394393421772e-05
56,21,2.4052818754046852,-1.0308350894591509,0.45369676232347445,-0.75303232172890833,-0.29933555940543388,1.2067290840523828,0.99999988595939893,7.2682332524776072e-07
57,21,2.5034566458293668,-1.0308350894591509,0.57820957457484679,-0.79038616540432005,-0.21217659082947327,1.3685957399791668,0.99999934820286651,2.8541267127479841e-08
58,21,2.6016314162540475,-1.0308350894591509,0.68725173161410069,-0.82309881251609618,-0.13584708090199549,1.5103505441301968,0.99999700013904258,1.6757401577471853e-09
59,21,2.6998061866787282,-1.0308350894591509,0.77977309786044291,-0.85085522238999889,-0.071082124529555979,1.6306283202504419,0.99998904433020619,1.5117751495097309e-10
60,21,2.7979809571034098,-1.0308350894591509,0.85488264197959829,-0.87338808562574544,-0.018505443646147146,1.7282707276053437,0.99996864510705641,2.1447454923162468e-11
61,21,2.8961557275280905,-1.0308350894591509,0.91185701800264463,-0.89048039843265936,0.021376619569985267,1.8023374164353041,0.99993038546843449,4.8757664572463e-12
62,21,2.9943304979527712,-1.0308350894591509,0.95014753154311848,-0.90196755249480154,0.048179979048316945,1.8521150840379201,0.99988101574807375,1.801669924361704e-12
63,21,3.0925052683774528,-1.0308350894591509,0.96938542402390149,-0.90773892023903646,0.061646503784865025,1.8771243442629379,0.99984424490552604,1.0925704785336166e-12
0,22,-3.0925052683774528,-0.93266031903446978,0.80619230342547787,-0.9566968564185635,-0.15050455299308563,1.7628891598440415,0.99999776237002136,1.0732081889841538e-11
1,22,-2.9943304979527716,-0.93266031903446978,0.78695441094469509,-0.95092548867432858,-0.16397107772963349,1.7378798996190237,0.99999829069424973,1.7697510124037308e-11
2,22,-2.8961557275280905,-0.93266031903446978,0.74866389740422101,-0.9394383346121864,-0.19077443720796539,1.6881022320164074,0.99999899997918607,4.7893355947792315e-11
3,22,-2.7979809571034093,-0.93266031903446978,0.69168952138117445,-0.92234602180527248,-0.23065650042409802,1.6140355431864468,0.99999954960031467,2.1067364519566922e-10
4,22,-2.6998061866787286,-0.93266031903446978,0.61657997726201974,-0.89981315856952604,-0.2832331813075063,1.5163931358315459,0.99999984262963282,1.4849826923679643e-09
5,22,-2.6016314162540475,-0.93266031903446978,0.52405861101567708,-0.87205674869562333,-0.34799813767994625,1.3961153597113003,0.99999995690947907,1.6460418583719161e-08
6,22,-2.5034566458293663,-0.93266031903446978,0.41501645397642273,-0.83934410158384698,-0.42432764760742425,1.2543605555602697,0.99999999063749501,2.8035437987794509e-07
7,22,-2.4052818754046852,-0.93266031903446978,0.29050364172505083,-0.80199025790843548,-0.51148661618338465,1.0924938996334863,0.99999999836190578,7.139376344944548e-06
8,22,-2.3071071049800045,-0.93266031903446978,0.15171930070916995,-0.76035495560367117,-0.60863565489450122,0.91207425631284111,0.99999999976529996,0.00026342322881295344
9,22,-2.2089323345553233,-0.93266031903446978,-2.2204460492503131e-16,-0.71483916539092018,-0.71483916539092041,0.71483916539091996,0.999999999971943,0.013429469528384419
10,22,-2.1107575641306422,-0.93266031903446978,-0.16319312059842361,-0.66588122921139314,-0.82907434980981676,0.50268810861296953,0.99999999999714362,0.48656269334622354
11,22,-2.0125827937059615,-0.93266031903446978,-0.33628842212430243,-0.61395263875362949,-0.95024106087793192,0.27766421662932705,0.99999999999974687,0.9884187114743852
12,22,-1.9144080232812801,-0.93266031903446978,-0.51761890220042706,-0.55955349473079208,-1.077172396931219,0.041934592530365022,0.99999999999998002,0.99989498560997059
13,22,-1.8162332528565992,-0.93266031903446978,-0.70543824917833919,-0.50320769063741833,-1.2086459398157574,-0.20223055854092087,0.99999999999999856,0.99999920475211512
14,22,-1.7180584824319181,-0.93266031903446978,-0.89793766007414366,-0.4454578673686771,-1.3433955274428206,-0.45247979270546657,0.99999999999999989,0.99999999466830092
15,22,-1.6198837120072371,-0.93266031903446978,-1.093263260330031,-0.38686018729191085,-1.4801234476219418,-0.70640307303812011,1,0.99999999996678635
16,22,-1.521708941582556,-0.93266031903446978,-1.2895339576397031,-0.32797897809900922,-1.6175129357387124,-0.96155497954069391,1,0.99999999999979816
17,22,-1.4235341711578751,-0.93266031903446978,-1.4848595578955903,-0.26938129802224303,-1.7542408559178333,-1.2154782598733473,1,0.99999999999999867
18,22,-1.3253594007331939,-0.93266031903446978,-1.677358968791395,-0.21163147475350169,-1.8889904435448968,-1.4657274940378933,1,1
19,22,-1.227184630308513,-0.93266031903446978,-1.8651783157693069,-0.15528567066012805,-2.0204639864294349,-1.7098926451091789,1,1
20,22,-1.1290098598838321,-0.93266031903446978,-2.0465087958454307,-0.10088652663729089,-2.1473953224827214,-1.9456222692081397,1,1
21,22,-1.0308350894591509,-0.93266031903446978,-2.2196040973713105,-0.048957936179527081,-2.2685620335508374,-2.1706461611917836,1,1
22,22,-0.93266031903446978,-0.93266031903446978,-2.3827972179697339,0,-2.3827972179697339,-2.3827972179697339,1,1
23,22,-0.83448554860978863,-0.93266031903446978,-2.5345165186789043,0.045515790212751046,-2.4890007284661531,-2.5800323088916555,1,1
24,22,-0.73631077818510793,-0.93266031903446978,-2.6733008596947849,0.087151092517515308,-2.5861497671772695,-2.7604519522123003,1,1
25,22,-0.63813600776042678,-0.93266031903446978,-2.797813671946157,0.12450493619292688,-2.6733087357532304,-2.9223186081390837,1,1
26,22,-0.53996123733574564,-0.93266031903446978,-2.9068558289854112,0.15721758330470317,-2.7496382456807078,-3.0640734122901145,1,1
27,22,-0.44178646691106449,-0.93266031903446978,-2.9993771952317538,0.18497399317860599,-2.814403202053148,-3.1843511884103597,1,1
28,22,-0.34361169648638379,-0.93266031903446978,-3.0744867393509083,0.20750685641435232,-2.866979882936556,-3.2819935957652606,1,1
29,22,-0.24543692606170264,-0.93266031903446978,-3.1314611153739547,0.2245991692212663,-2.9068619461526883,-3.356060284595221,1,1
30,22,-0.1472621556370215,-0.93266031903446978,-3.1697516289144287,0.23608632328340851,-2.9336653056310205,-3.405837952197837,1,1
31,22,-0.049087385212340351,-0.93266031903446978,-3.1889895213952117,0.24185769102764335,-2.9471318303675682,-3.4308472124228553,1,1
32,22,0.049087385212340351,-0.93266031903446978,-3.1889895213952117,0.24185769102764335,-2.9471318303675682,-3.4308472124228553,1,1
33,22,0.1472621556370215,-0.93266031903446978,-3.1697516289144287,0.23608632328340851,-2.9336653056310205,-3.405837952197837,1,1
34,22,0.24543692606170264,-0.93266031903446978,-3.1314611153739547,0.2245991692212663,-2.9068619461526883,-3.356060284595221,1,1
35,22,0.34361169648638379,-0.93266031903446978,-3.0744867393509083,0.20750685641435232,-2.866979882936556,-3.2819935957652606,1,1
36,22,0.44178646691106449,-0.93266031903446978,-2.9993771952317538,0.18497399317860599,-2.814403202053148,-3.1843511884103597,1,1
37,22,0.53996123733574564,-0.93266031903446978,-2.9068558289854112,0.15721758330470317,-2.7496382456807078,-3.0640734122901145,1,1
38,22,0.63813600776042678,-0.93266031903446978,-2.797813671946157,0.12450493619292688,-2.6733087357532304,-2.9223186081390837,1,1
39,22,0.73631077818510793,-0.93266031903446978,-2.6733008596947849,0.087151092517515308,-2.5861497671772695,-2.7604519522123003,1,1
40,22,0.83448554860978863,-0.93266031903446978,-2.5345165186789043,0.045515790212751046,-2.4890007284661531,-2.5800323088916555,1,1
41,22,0.93266031903447022,-0.93266031903446978,-2.382797217969733,-2.6645352591003756e-16,-2.3827972179697334,-2.3827972179697325,1,1
42,22,1.0308350894591509,-0.93266031903446978,-2.2196040973713105,-0.048957936179527081,-2.2685620335508374,-2.1706461611917836,1,1
43,22,1.1290098598838316,-0.93266031903446978,-2.0465087958454315,-0.10088652663729065,-2.1473953224827222,-1.9456222692081409,1,1
44,22,1.2271846303085132,-0.93266031903446978,-1.8651783157693065,-0.15528567066012819,-2.0204639864294345,-1.7098926451091783,1,1
45,22,1.3253594007331939,-0.93266031903446978,-1.677358968791395,-0.21163147475350169,-1.8889904435448968,-1.4657274940378933,1,1
46,22,1.4235341711578746,-0.93266031903446978,-1.4848595578955912,-0.26938129802224275,-1.754240855917834,-1.2154782598733485,1,0.99999999999999867
47,22,1.5217089415825562,-0.93266031903446978,-1.2895339576397027,-0.32797897809900933,-1.6175129357387119,-0.96155497954069336,1,0.99999999999979816
48,22,1.6198837120072369,-0.93266031903446978,-1.0932632603300314,-0.38686018729191074,-1.480123447621942,-0.70640307303812067,1,0.99999999996678635
49,22,1.7180584824319185,-0.93266031903446978,-0.89793766007414277,-0.44545786736867737,-1.3433955274428202,-0.4524797927054654,0.99999999999999989,0.99999999466830092
50,22,1.8162332528565992,-0.93266031903446978,-0.70543824917833919,-0.50320769063741833,-1.2086459398157574,-0.20223055854092087,0.99999999999999856,0.99999920475211512
51,22,1.9144080232812799,-0.93266031903446978,-0.5176189022004275,-0.55955349473079197,-1.0771723969312195,0.041934592530364467,0.99999999999998002,0.99989498560997059
52,22,2.0125827937059615,-0.93266031903446978,-0.33628842212430243,-0.61395263875362949,-0.95024106087793192,0.27766421662932705,0.99999999999974687,0.9884187114743852
53,22,2.1107575641306422,-0.93266031903446978,-0.16319312059842361,-0.66588122921139314,-0.82907434980981676,0.50268810861296953,0.99999999999714362,0.48656269334622354
54,22,2.2089323345553229,-0.93266031903446978,-1.1102230246251565e-15,-0.71483916539091985,-0.71483916539092096,0.71483916539091874,0.999999999971943,0.013429469528384697
55,22,2.3071071049800045,-0.93266031903446978,0.15171930070916995,-0.76035495560367117,-0.60863565489450122,0.91207425631284111,0.99999999976529996,0.00026342322881295344
56,22,2.4052818754046852,-0.93266031903446978,0.29050364172505083,-0.80199025790843548,-0.51148661618338465,1.0924938996334863,0.99999999836190578,7.139376344944548e-06
57,22,2.5034566458293668,-0.93266031903446978,0.41501645397642317,-0.83934410158384709,-0.42432764760742392,1.2543605555602704,0.99999999063749501,2.8035437987794509e-07
58,22,2.6016314162540475,-0.93266031903446978,0.52405861101567708,-0.87205674869562333,-0.34799813767994625,1.3961153597113003,0.99999995690947907,1.6460418583719161e-08
59,22,2.6998061866787282,-0.93266031903446978,0.6165799772620193,-0.89981315856952604,-0.28323318130750674,1.5163931358315454,0.99999984262963282,1.4849826923679643e-09
60,22,2.7979809571034098,-0.93266031903446978,0.69168952138117468,-0.92234602180527259,-0.23065650042409791,1.6140355431864473,0.99999954960031467,2.1067364519566922e-10
61,22,2.8961557275280905,-0.93266031903446978,0.74866389740422101,-0.9394383346121864,-0.19077443720796539,1.6881022320164074,0.99999899997918607,4.7893355947792315e-11
62,22,2.9943304979527712,-0.93266031903446978,0.78695441094469487,-0.95092548867432858,-0.16397107772963371,1.7378798996190234,0.99999829069424973,1.7697510124037308e-11
63,22,3.0925052683774528,-0.93266031903446978,0.80619230342547787,-0.9566968564185635,-0.15050455299308563,1.7628891598440415,0.99999776237002136,1.0732081889841538e-11
0,23,-3.0925052683774528,-0.83448554860978863,0.65447300271630771,-1.0022126466313146,-0.34773964391500689,1.6566856493476223,0.99999995668612962,8.9775131772995564e-11
1,23,-2.9943304979527716,-0.83448554860978863,0.63523511023552492,-0.99644127888707967,-0.36120616865155475,1.6316763891226045,0.99999996691293469,1.4804157899561687e-10
2,23,-2.8961557275280905,-0.83448554860978863,0.59694459669505084,-0.98495412482493749,-0.38800952812988665,1.5818987215199884,0.99999998064259077,4.0063335982054582e-10
3,23,-2.7979809571034093,-0.83448554860978863,0.53997022067200429,-0.96786181201802346,-0.42789159134601917,1.5078320326900276,0.9999999912816151,1.7623095205365757e-09
4,23,-2.6998061866787286,-0.83448554860978863,0.46486067655284957,-0.94532894878227713,-0.48046827222942756,1.4101896253351267,0.99999999695378339,1.2422052442229159e-08
5,23,-2.6016314162540475,-0.83448554860978863,0.37233931030650691,-0.91757253890837431,-0.5452332286018674,1.2899118492148811,0.99999999916589721,1.3769329543222852e-07
6,23,-2.5034566458293663,-0.83448554860978863,0.26329715326725256,-0.88485989179659796,-0.6215627385293454,1.1481570450638505,0.99999999981877008,2.3451920858619246e-06
7,23,-2.4052818754046852,-0.83448554860978863,0.13878434101588066,-0.84750604812118646,-0.7087217071053058,0.98629038913706712,0.99999999996829136,5.9718571645883678e-05
8,23,-2.3071071049800045,-0.83448554860978863,-2.2204460492503131e-16,-0.80587074581642215,-0.80587074581642237,0.80587074581642193,0.99999999999545697,0.0021992989306957589
9,23,-2.2089323345553233,-0.83448554860978863,-0.15171930070917039,-0.76035495560367117,-0.91207425631284156,0.60863565489450078,0.99999999999945688,0.10222776392811145
10,23,-2.1107575641306422,-0.83448554860978863,-0.31491242130759378,-0.71139701942414413,-1.0263094407317379,0.39648459811655035,0.99999999999994471,0.88798360521840203
11,23,-2.0125827937059615,-0.83448554860978863,-0.4880077228334726,-0.65946842896638047,-1.1474761517998531,0.17146070613290787,0.99999999999999512,0.99860126300152774
12,23,-1.9144080232812801,-0.83448554860978863,-0.66933820290959722,-0.60506928494354306,-1.2744074878531402,-0.064268917966054162,0.99999999999999956,0.99998744499182735
13,23,-1.8162332528565992,-0.83448554860978863,-0.85715754988750936,-0.54872348085016942,-1.4058810307376788,-0.30843406903733994,1,0.99999990493276658
14,23,-1.7180584824319181,-0.83448554860978863,-1.0496569607833139,-0.49097365758142808,-1.540630618364742,-0.55868330320188586,1,0.99999999936262696
15,23,-1.6198837120072371,-0.83448554860978863,-1.2449825610392011,-0.43237597750466189,-1.677358538543863,-0.8126065835345393,1,0.99999999999602951
16,23,-1.521708941582556,-0.83448554860978863,-1.4412532583488733,-0.37349476831176026,-1.8147480266606335,-1.0677584900371131,1,0.9999999999999758
17,23,-1.4235341711578751,-0.83448554860978863,-1.6365788586047607,-0.31489708823499402,-1.9514759468397547,-1.3216817703697668,1,0.99999999999999978
18,23,-1.3253594007331939,-0.83448554860978863,-1.829078269500565,-0.25714726496625273,-2.0862255344668177,-1.5719310045343122,1,1
19,23,-1.227184630308513,-0.83448554860978863,-2.0168976164784773,-0.20080146087287909,-2.2176990773513565,-1.8160961556055981,1,1
20,23,-1.1290098598838321,-0.83448554860978863,-2.1982280965546011,-0.14640231685004193,-2.344630413404643,-2.0518257797045591,1,1
21,23,-1.0308350894591509,-0.83448554860978863,-2.3713233980804804,-0.094473726392278135,-2.4657971244727586,-2.2768496716882023,1,1
22,23,-0.93266031903446978,-0.83448554860978863,-2.5345165186789043,-0.045515790212751046,-2.5800323088916555,-2.4890007284661531,1,1
23,23,-0.83448554860978863,-0.83448554860978863,-2.6862358193880742,0,-2.6862358193880742,-2.6862358193880742,1,1
24,23,-0.73631077818510793,-0.83448554860978863,-2.8250201604039553,0.041635302304764261,-2.7833848580991911,-2.8666554627087195,1,1
25,23,-0.63813600776042678,-0.83448554860978863,-2.949532972655327,0.078989145980175826,-2.8705438266751511,-3.0285221186355029,1,1
26,23,-0.53996123733574564,-0.83448554860978863,-3.0585751296945816,0.11170179309195213,-2.9468733366026294,-3.1702769227865337,1,1
27,23,-0.44178646691106449,-0.83448554860978863,-3.1510964959409238,0.13945820296585493,-3.0116382929750687,-3.2905546989067789,1,1
28,23,-0.34361169648638379,-0.83448554860978863,-3.2262060400600783,0.16199106620160128,-3.0642149738584772,-3.3881971062616794,1,1
29,23,-0.24543692606170264,-0.83448554860978863,-3.2831804160831251,0.17908337900851526,-3.1040970370746099,-3.4622637950916402,1,1
30,23,-0.1472621556370215,-0.83448554860978863,-3.3214709296235991,0.19057053307065747,-3.1309003965529416,-3.5120414626942567,1,1
31,23,-0.049087385212340351,-0.83448554860978863,-3.3407088221043821,0.19634190081489231,-3.1443669212894898,-3.5370507229192745,1,1
32,23,0.049087385212340351,-0.83448554860978863,-3.3407088221043821,0.19634190081489231,-3.1443669212894898,-3.5370507229192745,1,1
33,23,0.1472621556370215,-0.83448554860978863,-3.3214709296235991,0.19057053307065747,-3.1309003965529416,-3.5120414626942567,1,1
34,23,0.24543692606170264,-0.83448554860978863,-3.2831804160831251,0.17908337900851526,-3.1040970370746099,-3.4622637950916402,1,1
35,23,0.34361169648638379,-0.83448554860978863,-3.2262060400600783,0.16199106620160128,-3.0642149738584772,-3.3881971062616794,1,1
36,23,0.44178646691106449,-0.83448554860978863,-3.1510964959409238,0.13945820296585493,-3.0116382929750687,-3.2905546989067789,1,1
37,23,0.53996123733574564,-0.83448554860978863,-3.0585751296945816,0.11170179309195213,-2.9468733366026294,-3.1702769227865337,1,1
38,23,0.63813600776042678,-0.83448554860978863,-2.949532972655327,0.078989145980175826,-2.8705438266751511,-3.0285221186355029,1,1
39,23,0.73631077818510793,-0.83448554860978863,-2.8250201604039553,0.041635302304764261,-2.7833848580991911,-2.8666554627087195,1,1
40,23,0.83448554860978863,-0.83448554860978863,-2.6862358193880742,0,-2.6862358193880742,-2.6862358193880742,1,1
41,23,0.93266031903447022,-0.83448554860978863,-2.5345165186789034,-0.045515790212751317,-2.5800323088916546,-2.4890007284661522,1,1
42,23,1.0308350894591509,-0.83448554860978863,-2.3713233980804804,-0.094473726392278135,-2.4657971244727586,-2.2768496716882023,1,1
43,23,1.1290098598838316,-0.83448554860978863,-2.1982280965546019,-0.14640231685004171,-2.3446304134046438,-2.05182577970456,1,1
44,23,1.2271846303085132,-0.83448554860978863,-2.0168976164784769,-0.20080146087287923,-2.2176990773513561,-1.8160961556055977,1,1
45,23,1.3253594007331939,-0.83448554860978863,-1.829078269500565,-0.25714726496625273,-2.0862255344668177,-1.5719310045343122,1,1
46,23,1.4235341711578746,-0.83448554860978863,-1.6365788586047616,-0.31489708823499379,-1.9514759468397553,-1.3216817703697679,1,0.99999999999999978
47,23,1.5217089415825562,-0.83448554860978863,-1.4412532583488729,-0.37349476831176037,-1.8147480266606333,-1.0677584900371124,1,0.9999999999999758
48,23,1.6198837120072369,-0.83448554860978863,-1.2449825610392016,-0.43237597750466178,-1.6773585385438634,-0.81260658353453974,1,0.99999999999602951
49,23,1.7180584824319185,-0.83448554860978863,-1.0496569607833131,-0.4909736575814283,-1.5406306183647414,-0.55868330320188475,1,0.99999999936262696
50,23,1.8162332528565992,-0.83448554860978863,-0.85715754988750936,-0.54872348085016942,-1.4058810307376788,-0.30843406903733994,1,0.99999990493276658
51,23,1.9144080232812799,-0.83448554860978863,-0.66933820290959767,-0.60506928494354295,-1.2744074878531406,-0.064268917966054717,0.99999999999999956,0.99998744499182735
52,23,2.0125827937059615,-0.83448554860978863,-0.4880077228334726,-0.65946842896638047,-1.1474761517998531,0.17146070613290787,0.99999999999999512,0.99860126300152774
53,23,2.1107575641306422,-0.83448554860978863,-0.31491242130759378,-0.71139701942414413,-1.0263094407317379,0.39648459811655035,0.99999999999994471,0.88798360521840203
54,23,2.2089323345553229,-0.83448554860978863,-0.15171930070917128,-0.76035495560367083,-0.91207425631284211,0.60863565489449956,0.99999999999945688,0.10222776392811372
55,23,2.3071071049800045,-0.83448554860978863,-2.2204460492503131e-16,-0.80587074581642215,-0.80587074581642237,0.80587074581642193,0.99999999999545697,0.0021992989306957589
56,23,2.4052818754046852,-0.83448554860978863,0.13878434101588066,-0.84750604812118646,-0.7087217071053058,0.98629038913706712,0.99999999996829136,5.9718571645883678e-05
57,23,2.5034566458293668,-0.83448554860978863,0.263297153267253,-0.88485989179659819,-0.62156273852934518,1.1481570450638512,0.99999999981877008,2.3451920858619246e-06
58,23,2.6016314162540475,-0.83448554860978863,0.37233931030650691,-0.91757253890837431,-0.5452332286018674,1.2899118492148811,0.99999999916589721,1.3769329543222852e-07
59,23,2.6998061866787282,-0.83448554860978863,0.46486067655284913,-0.94532894878227691,-0.48046827222942778,1.410189625335126,0.99999999695378339,1.2422052442229159e-08
60,23,2.7979809571034098,-0.83448554860978863,0.53997022067200451,-0.96786181201802357,-0.42789159134601906,1.5078320326900281,0.9999999912816151,1.7623095205365757e-09
61,23,2.8961557275280905,-0.83448554860978863,0.59694459669505084,-0.98495412482493749,-0.38800952812988665,1.5818987215199884,0.99999998064259077,4.0063335982054582e-10
62,23,2.9943304979527712,-0.83448554860978863,0.6352351102355247,-0.99644127888707967,-0.36120616865155497,1.6316763891226045,0.99999996691293469,1.4804157899561687e-10
63,23,3.0925052683774528,-0.83448554860978863,0.65447300271630771,-1.0022126466313146,-0.34773964391500689,1.6566856493476223,0.99999995668612962,8.9775131772995564e-11
0,24,-3.0925052683774528,-0.73631077818510793,0.51568866170042682,-1.0438479489360788,-0.52815928723565198,1.5595366106365056,0.99999999882639512,6.2658778166024831e-10
1,24,-2.9943304979527716,-0.73631077818510793,0.49645076921964404,-1.038076581191844,-0.54162581197219994,1.534527350411488,0.99999999910349402,1.0332599775786377e-09
2,24,-2.8961557275280905,-0.73631077818510793,0.45816025567916996,-1.0265894271297016,-0.56842917145053162,1.4847496828088715,0.999999999475504,2.7962302473483192e-09
3,24,-2.7979809571034093,-0.73631077818510793,0.4011858796561234,-1.0094971143227878,-0.60831123466666437,1.4106829939789112,0.9999999997637723,1.2300082175009663e-08
4,24,-2.6998061866787286,-0.73631077818510793,0.32607633553696869,-0.98696425108704133,-0.66088791555007265,1.31304058662401,0.99999999991746169,8.6700011614482264e-08
5,24,-2.6016314162540475,-0.73631077818510793,0.23355496929062602,-0.95920784121313862,-0.7256528719225126,1.1927628105037646,0.99999999997739963,9.6103292140936603e-07
6,24,-2.5034566458293663,-0.73631077818510793,0.12451281225137167,-0.92649519410136227,-0.8019823818499906,1.0510080063527338,0.99999999999508948,1.6368095809904393e-05
7,24,-2.4052818754046852,-0.73631077818510793,-2.2204460492503131e-16,-0.88914135042595077,-0.88914135042595099,0.88914135042595055,0.99999999999914091,0.00041665844280946995
8,24,-2.3071071049800045,-0.73631077818510793,-0.13878434101588111,-0.84750604812118646,-0.98629038913706757,0.70872170710530535,0.99999999999987688,0.015150815742781765
9,24,-2.2089323345553233,-0.73631077818510793,-0.29050364172505128,-0.80199025790843548,-1.0924938996334868,0.5114866161833842,0.99999999999998535,0.44281818823600672
10,24,-2.1107575641306422,-0.73631077818510793,-0.45369676232347467,-0.75303232172890844,-1.206729084052383,0.29933555940543377,0.99999999999999845,0.9822470091268598
11,24,-2.0125827937059615,-0.73631077818510793,-0.62679206384935349,-0.70110373127114478,-1.3278957951204982,0.074311667421791294,0.99999999999999989,0.99979935378355345
12,24,-1.9144080232812801,-0.73631077818510793,-0.80812254392547811,-0.64670458724830737,-1.4548271311737855,-0.16141795667717074,1,0.99999820114630567
13,24,-1.8162332528565992,-0.73631077818510793,-0.99594189090339025,-0.59035878315493362,-1.5863006740583239,-0.40558310774845663,1,0.99999998637912335
14,24,-1.7180584824319181,-0.73631077818510793,-1.1884413017991946,-0.53260895988619239,-1.7210502616853871,-0.65583234191300221,1,0.9999999999086796
15,24,-1.6198837120072371,-0.73631077818510793,-1.383766902055082,-0.47401127980942614,-1.857778181864508,-0.90975562224565587,1,0.99999999999943112
16,24,-1.521708941582556,-0.73631077818510793,-1.5800375993647542,-0.41513007061652452,-1.9951676699812788,-1.1649075287482296,1,0.99999999999999656
17,24,-1.4235341711578751,-0.73631077818510793,-1.7753631996206414,-0.35653239053975838,-2.1318955901603998,-1.418830809080883,1,1
18,24,-1.3253594007331939,-0.73631077818510793,-1.9678626105164461,-0.29878256727101699,-2.266645177787463,-1.6690800432454291,1,1
19,24,-1.227184630308513,-0.73631077818510793,-2.155681957494358,-0.24243676317764334,-2.3981187206720014,-1.9132451943167146,1,1
20,24,-1.1290098598838321,-0.73631077818510793,-2.3370124375704817,-0.18803761915480621,-2.5250500567252878,-2.1489748184156756,1,1
21,24,-1.0308350894591509,-0.73631077818510793,-2.5101077390963615,-0.13610902869704239,-2.6462167677934039,-2.3739987103993192,1,1
22,24,-0.93266031903446978,-0.73631077818510793,-2.6733008596947849,-0.087151092517515308,-2.7604519522123003,-2.5861497671772695,1,1
23,24,-0.83448554860978863,-0.73631077818510793,-2.8250201604039553,-0.041635302304764261,-2.8666554627087195,-2.7833848580991911,1,1
24,24,-0.73631077818510793,-0.73631077818510793,-2.963804501419836,0,-2.963804501419836,-2.963804501419836,1,1
25,24,-0.63813600776042678,-0.73631077818510793,-3.0883173136712081,0.037353843675411565,-3.0509634699957964,-3.1256711573466198,1,1
26,24,-0.53996123733574564,-0.73631077818510793,-3.1973594707104622,0.070066490787187866,-3.1272929799232743,-3.2674259614976502,1,1
27,24,-0.44178646691106449,-0.73631077818510793,-3.2898808369568049,0.097822900661090673,-3.192057936295714,-3.3877037376178958,1,1
28,24,-0.34361169648638379,-0.73631077818510793,-3.3649903810759594,0.12035576389683701,-3.2446346171791225,-3.4853461449727963,1,1
29,24,-0.24543692606170264,-0.73631077818510793,-3.4219647570990057,0.13744807670375098,-3.2845166803952548,-3.5594128338027566,1,1
30,24,-0.1472621556370215,-0.73631077818510793,-3.4602552706394798,0.14893523076589321,-3.3113200398735865,-3.6091905014053731,1,1
31,24,-0.049087385212340351,-0.73631077818510793,-3.4794931631202628,0.15470659851012805,-3.3247865646101347,-3.6341997616303909,1,1
32,24,0.049087385212340351,-0.73631077818510793,-3.4794931631202628,0.15470659851012805,-3.3247865646101347,-3.6341997616303909,1,1
33,24,0.1472621556370215,-0.73631077818510793,-3.4602552706394798,0.14893523076589321,-3.3113200398735865,-3.6091905014053731,1,1
34,24,0.24543692606170264,-0.73631077818510793,-3.4219647570990057,0.13744807670375098,-3.2845166803952548,-3.5594128338027566,1,1
35,24,0.34361169648638379,-0.73631077818510793,-3.3649903810759594,0.12035576389683701,-3.2446346171791225,-3.4853461449727963,1,1
36,24,0.44178646691106449,-0.73631077818510793,-3.2898808369568049,0.097822900661090673,-3.192057936295714,-3.3877037376178958,1,1
37,24,0.53996123733574564,-0.73631077818510793,-3.1973594707104622,0.070066490787187866,-3.1272929799232743,-3.2674259614976502,1,1
38,24,0.63813600776042678,-0.73631077818510793,-3.0883173136712081,0.037353843675411565,-3.0509634699957964,-3.1256711573466198,1,1
39,24,0.73631077818510793,-0.73631077818510793,-2.963804501419836,0,-2.963804501419836,-2.963804501419836,1,1
40,24,0.83448554860978863,-0.73631077818510793,-2.8250201604039553,-0.041635302304764261,-2.8666554627087195,-2.7833848580991911,1,1
41,24,0.93266031903447022,-0.73631077818510793,-2.673300859694784,-0.087151092517515585,-2.7604519522122994,-2.5861497671772686,1,1
42,24,1.0308350894591509,-0.73631077818510793,-2.5101077390963615,-0.13610902869704239,-2.6462167677934039,-2.3739987103993192,1,1
43,24,1.1290098598838316,-0.73631077818510793,-2.3370124375704826,-0.18803761915480596,-2.5250500567252887,-2.1489748184156765,1,1
44,24,1.2271846303085132,-0.73631077818510793,-2.1556819574943575,-0.24243676317764348,-2.3981187206720009,-1.9132451943167141,1,1
45,24,1.3253594007331939,-0.73631077818510793,-1.9678626105164461,-0.29878256727101699,-2.266645177787463,-1.6690800432454291,1,1
46,24,1.4235341711578746,-0.73631077818510793,-1.7753631996206423,-0.3565323905397581,-2.1318955901604002,-1.4188308090808841,1,1
47,24,1.5217089415825562,-0.73631077818510793,-1.5800375993647537,-0.41513007061652468,-1.9951676699812784,-1.1649075287482291,1,0.99999999999999656
48,24,1.6198837120072369,-0.73631077818510793,-1.3837669020550825,-0.47401127980942603,-1.8577781818645085,-0.90975562224565643,1,0.99999999999943112
49,24,1.7180584824319185,-0.73631077818510793,-1.1884413017991937,-0.53260895988619261,-1.7210502616853862,-0.6558323419130011,1,0.9999999999086796
50,24,1.8162332528565992,-0.73631077818510793,-0.99594189090339025,-0.59035878315493362,-1.5863006740583239,-0.40558310774845663,1,0.99999998637912335
51,24,1.9144080232812799,-0.73631077818510793,-0.80812254392547855,-0.64670458724830726,-1.4548271311737859,-0.16141795667717129,1,0.99999820114630567
52,24,2.0125827937059615,-0.73631077818510793,-0.62679206384935349,-0.70110373127114478,-1.3278957951204982,0.074311667421791294,0.99999999999999989,0.99979935378355345
53,24,2.1107575641306422,-0.73631077818510793,-0.45369676232347467,-0.75303232172890844,-1.206729084052383,0.29933555940543377,0.99999999999999845,0.9822470091268598
54,24,2.2089323345553229,-0.73631077818510793,-0.29050364172505216,-0.80199025790843514,-1.0924938996334874,0.51148661618338298,0.99999999999998535,0.44281818823601271
55,24,2.3071071049800045,-0.73631077818510793,-0.13878434101588111,-0.84750604812118646,-0.98629038913706757,0.70872170710530535,0.99999999999987688,0.015150815742781765
56,24,2.4052818754046852,-0.73631077818510793,-2.2204460492503131e-16,-0.88914135042595077,-0.88914135042595099,0.88914135042595055,0.99999999999914091,0.00041665844280946995
57,24,2.5034566458293668,-0.73631077818510793,0.12451281225137212,-0.92649519410136238,-0.80198238184999027,1.0510080063527345,0.99999999999508948,1.6368095809904393e-05
58,24,2.6016314162540475,-0.73631077818510793,0.23355496929062602,-0.95920784121313862,-0.7256528719225126,1.1927628105037646,0.99999999997739963,9.6103292140936603e-07
59,24,2.6998061866787282,-0.73631077818510793,0.32607633553696824,-0.98696425108704133,-0.66088791555007309,1.3130405866240096,0.99999999991746169,8.6700011614482264e-08
60,24,2.7979809571034098,-0.73631077818510793,0.40118587965612362,-1.009497114322788,-0.60831123466666437,1.4106829939789116,0.9999999997637723,1.2300082175009663e-08
61,24,2.8961557275280905,-0.73631077818510793,0.45816025567916996,-1.0265894271297016,-0.56842917145053162,1.4847496828088715,0.999999999475504,2.7962302473483192e-09
62,24,2.9943304979527712,-0.73631077818510793,0.49645076921964382,-1.038076581191844,-0.54162581197220017,1.5345273504114878,0.99999999910349402,1.0332599775786377e-09
63,24,3.0925052683774528,-0.73631077818510793,0.51568866170042682,-1.0438479489360788,-0.52815928723565198,1.5595366106365056,0.99999999882639512,6.2658778166024831e-10
0,25,-3.0925052683774528,-0.63813600776042678,0.39117584944905492,-1.0812017926114905,-0.6900259431624356,1.4723776420605454,0.99999999995391431,3.5812539045387837e-09
1,25,-2.9943304979527716,-0.63813600776042678,0.37193795696827214,-1.0754304248672555,-0.70349246789898334,1.4473683818355276,0.99999999996479549,5.905583133625214e-09
2,25,-2.8961557275280905,-0.63813600776042678,0.33364744342779806,-1.0639432708051133,-0.73029582737731524,1.3975907142329114,0.99999999997940381,1.5981815371102215e-08
3,25,-2.7979809571034093,-0.63813600776042678,0.2766730674047515,-1.0468509579981993,-0.77017789059344777,1.3235240254029508,0.99999999999072364,7.030094623106109e-08
4,25,-2.6998061866787286,-0.63813600776042678,0.20156352328559679,-1.0243180947624528,-0.82275457147685604,1.2258816180480496,0.99999999999675881,4.9553251907363816e-07
5,25,-2.6016314162540475,-0.63813600776042678,0.10904215703925413,-0.99656168488855013,-0.887519527849296,1.1056038419278043,0.99999999999911249,5.4927455277464787e-06
6,25,-2.5034566458293663,-0.63813600776042678,-2.2204460492503131e-16,-0.96384903777677378,-0.963849037776774,0.96384903777677355,0.99999999999980715,9.3544405963985611e-05
7,25,-2.4052818754046852,-0.63813600776042678,-0.12451281225137212,-0.92649519410136227,-1.0510080063527343,0.80198238184999016,0.99999999999996625,0.002376735903304561
8,25,-2.3071071049800045,-0.63813600776042678,-0.263297153267253,-0.88485989179659796,-1.148157045063851,0.62156273852934496,0.99999999999999512,0.080820203401879398
9,25,-2.2089323345553233,-0.63813600776042678,-0.41501645397642317,-0.83934410158384698,-1.2543605555602702,0.42432764760742381,0.99999999999999944,0.8195714974216215
10,25,-2.1107575641306422,-0.63813600776042678,-0.57820957457484656,-0.79038616540431994,-1.3685957399791664,0.21217659082947338,1,0.99684770794552957
11,25,-2.0125827937059615,-0.63813600776042678,-0.75130487610072538,-0.73845757494655628,-1.4897624510472816,-0.0128473011541691,1,0.99996488847504972
12,25,-1.9144080232812801,-0.63813600776042678,-0.93263535617685001,-0.68405843092371887,-1.6166937871005689,-0.24857692525313113,1,0.99999968526625826
13,25,-1.8162332528565992,-0.63813600776042678,-1.120454703154762,-0.62771262683034534,-1.7481673299851073,-0.49274207632441669,1,0.99999999761684721
14,25,-1.7180584824319181,-0.63813600776042678,-1.3129541140505667,-0.56996280356160389,-1.8829169176121705,-0.74299131048896283,1,0.99999999998402234
15,25,-1.6198837120072371,-0.63813600776042678,-1.5082797143064539,-0.51136512348483776,-2.0196448377912919,-0.99691459082161615,1,0.99999999999990052
16,25,-1.521708941582556,-0.63813600776042678,-1.7045504116161261,-0.45248391429193607,-2.1570343259080622,-1.25206649732419,1,0.99999999999999933
17,25,-1.4235341711578751,-0.63813600776042678,-1.8998760118720135,-0.39388623421516988,-2.2937622460871836,-1.5059897776568436,1,1
18,25,-1.3253594007331939,-0.63813600776042678,-2.0923754227678177,-0.3361364109464286,-2.4285118337142464,-1.7562390118213891,1,1
19,25,-1.227184630308513,-0.63813600776042678,-2.2801947697457301,-0.2797906068530549,-2.5599853765987852,-2.000404162892675,1,1
20,25,-1.1290098598838321,-0.63813600776042678,-2.4615252498218538,-0.22539146283021777,-2.6869167126520717,-2.236133786991636,1,1
21,25,-1.0308350894591509,-0.63813600776042678,-2.6346205513477332,-0.17346287237245397,-2.8080834237201873,-2.4611576789752792,1,1
22,25,-0.93266031903446978,-0.63813600776042678,-2.797813671946157,-0.12450493619292688,-2.9223186081390837,-2.6733087357532304,1,1
23,25,-0.83448554860978863,-0.63813600776042678,-2.949532972655327,-0.078989145980175826,-3.0285221186355029,-2.8705438266751511,1,1
24,25,-0.73631077818510793,-0.63813600776042678,-3.0883173136712081,-0.037353843675411565,-3.1256711573466198,-3.0509634699957964,1,1
25,25,-0.63813600776042678,-0.63813600776042678,-3.2128301259225798,0,-3.2128301259225798,-3.2128301259225798,1,1
26,25,-0.53996123733574564,-0.63813600776042678,-3.3218722829618343,0.032712647111776301,-3.2891596358500581,-3.3545849300736106,1,1
27,25,-0.44178646691106449,-0.63813600776042678,-3.4143936492081766,0.060469056985679101,-3.3539245922224974,-3.4748627061938557,1,1
28,25,-0.34361169648638379,-0.63813600776042678,-3.4895031933273311,0.083001920221425454,-3.4065012731059054,-3.5725051135487567,1,1
29,25,-0.24543692606170264,-0.63813600776042678,-3.5464775693503778,0.10009423302833942,-3.4463833363220386,-3.646571802378717,1,1
30,25,-0.1472621556370215,-0.63813600776042678,-3.5847680828908519,0.11158138709048164,-3.4731866958003703,-3.6963494699813335,1,1
31,25,-0.049087385212340351,-0.63813600776042678,-3.6040059753716349,0.11735275483471647,-3.4866532205369185,-3.7213587302063513,1,1
32,25,0.049087385212340351,-0.63813600776042678,-3.6040059753716349,0.11735275483471647,-3.4866532205369185,-3.7213587302063513,1,1
33,25,0.1472621556370215,-0.63813600776042678,-3.5847680828908519,0.11158138709048164,-3.4731866958003703,-3.6963494699813335,1,1
34,25,0.24543692606170264,-0.63813600776042678,-3.5464775693503778,0.10009423302833942,-3.4463833363220386,-3.646571802378717,1,1
35,25,0.34361169648638379,-0.63813600776042678,-3.4895031933273311,0.083001920221425454,-3.4065012731059054,-3.5725051135487567,1,1
36,25,0.44178646691106449,-0.63813600776042678,-3.4143936492081766,0.060469056985679101,-3.3539245922224974,-3.4748627061938557,1,1
37,25,0.53996123733574564,-0.63813600776042678,-3.3218722829618343,0.032712647111776301,-3.2891596358500581,-3.3545849300736106,1,1
38,25,0.63813600776042678,-0.63813600776042678,-3.2128301259225798,0,-3.2128301259225798,-3.2128301259225798,1,1
39,25,0.73631077818510793,-0.63813600776042678,-3.0883173136712081,-0.037353843675411565,-3.1256711573466198,-3.0509634699957964,1,1
40,25,0.83448554860978863,-0.63813600776042678,-2.949532972655327,-0.078989145980175826,-3.0285221186355029,-2.8705438266751511,1,1
41,25,0.93266031903447022,-0.63813600776042678,-2.7978136719461562,-0.12450493619292714,-2.9223186081390833,-2.673308735753229,1,1
42,25,1.0308350894591509,-0.63813600776042678,-2.6346205513477332,-0.17346287237245397,-2.8080834237201873,-2.4611576789752792,1,1
43,25,1.1290098598838316,-0.63813600776042678,-2.4615252498218547,-0.22539146283021755,-2.6869167126520721,-2.2361337869916373,1,1
44,25,1.2271846303085132,-0.63813600776042678,-2.2801947697457297,-0.27979060685305507,-2.5599853765987848,-2.0004041628926745,1,1
45,25,1.3253594007331939,-0.63813600776042678,-2.0923754227678177,-0.3361364109464286,-2.4285118337142464,-1.7562390118213891,1,1
46,25,1.4235341711578746,-0.63813600776042678,-1.8998760118720144,-0.39388623421516961,-2.293762246087184,-1.5059897776568447,1,1
47,25,1.5217089415825562,-0.63813600776042678,-1.7045504116161256,-0.45248391429193624,-2.1570343259080618,-1.2520664973241895,1,0.99999999999999933
48,25,1.6198837120072369,-0.63813600776042678,-1.5082797143064544,-0.51136512348483765,-2.0196448377912919,-0.99691459082161671,1,0.99999999999990052
49,25,1.7180584824319185,-0.63813600776042678,-1.3129541140505658,-0.56996280356160411,-1.8829169176121701,-0.74299131048896172,1,0.99999999998402234
50,25,1.8162332528565992,-0.63813600776042678,-1.120454703154762,-0.62771262683034534,-1.7481673299851073,-0.49274207632441669,1,0.99999999761684721
51,25,1.9144080232812799,-0.63813600776042678,-0.93263535617685045,-0.68405843092371876,-1.6166937871005693,-0.24857692525313169,1,0.99999968526625826
52,25,2.0125827937059615,-0.63813600776042678,-0.75130487610072538,-0.73845757494655628,-1.4897624510472816,-0.0128473011541691,1,0.99996488847504972
53,25,2.1107575641306422,-0.63813600776042678,-0.57820957457484656,-0.79038616540431994,-1.3685957399791664,0.21217659082947338,1,0.99684770794552957
54,25,2.2089323345553229,-0.63813600776042678,-0.41501645397642406,-0.83934410158384665,-1.2543605555602708,0.42432764760742259,0.99999999999999944,0.81957149742162505
55,25,2.3071071049800045,-0.63813600776042678,-0.263297153267253,-0.88485989179659796,-1.148157045063851,0.62156273852934496,0.99999999999999512,0.080820203401879398
56,25,2.4052818754046852,-0.63813600776042678,-0.12451281225137212,-0.92649519410136227,-1.0510080063527343,0.80198238184999016,0.99999999999996625,0.002376735903304561
57,25,2.5034566458293668,-0.63813600776042678,2.2204460492503131e-16,-0.963849037776774,-0.96384903777677378,0.96384903777677422,0.99999999999980715,9.3544405963985611e-05
58,25,2.6016314162540475,-0.63813600776042678,0.10904215703925413,-0.99656168488855013,-0.887519527849296,1.1056038419278043,0.99999999999911249,5.4927455277464787e-06
59,25,2.6998061866787282,-0.63813600776042678,0.20156352328559635,-1.0243180947624528,-0.82275457147685649,1.2258816180480492,0.99999999999675881,4.9553251907363816e-07
60,25,2.7979809571034098,-0.63813600776042678,0.27667306740475173,-1.0468509579981995,-0.77017789059344777,1.3235240254029512,0.99999999999072364,7.030094623106109e-08
61,25,2.8961557275280905,-0.63813600776042678,0.33364744342779806,-1.0639432708051133,-0.73029582737731524,1.3975907142329114,0.99999999997940381,1.5981815371102215e-08
62,25,2.9943304979527712,-0.63813600776042678,0.37193795696827192,-1.0754304248672555,-0.70349246789898356,1.4473683818355274,0.99999999996479549,5.905583133625214e-09
63,25,3.0925052683774528,-0.63813600776042678,0.39117584944905492,-1.0812017926114905,-0.6900259431624356,1.4723776420605454,0.99999999995391431,3.5812539045387837e-09
0,26,-3.0925052683774528,-0.53996123733574564,0.28213369240980057,-1.1139144397232668,-0.83178074731346618,1.3960481321330673,0.99999999999729416,1.6482565368125535e-08
1,26,-2.9943304979527716,-0.53996123733574564,0.26289579992901779,-1.1081430719790317,-0.84524727205001393,1.3710388719080495,0.99999999999793299,2.7180189265951782e-08
2,26,-2.8961557275280905,-0.53996123733574564,0.22460528638854371,-1.0966559179168895,-0.87205063152834583,1.3212612043054333,0.99999999999879075,7.3555606938668916e-08
3,26,-2.7979809571034093,-0.53996123733574564,0.16763091036549715,-1.0795636051099757,-0.91193269474447858,1.2471945154754729,0.99999999999945532,3.2355697010544304e-07
4,26,-2.6998061866787286,-0.53996123733574564,0.09252136624634244,-1.0570307418742291,-0.96450937562788663,1.1495521081205715,0.99999999999980971,2.2806628283134067e-06
5,26,-2.6016314162540475,-0.53996123733574564,-2.2204460492503131e-16,-1.0292743320003266,-1.0292743320003268,1.0292743320003264,0.99999999999994782,2.5279622540508306e-05
6,26,-2.5034566458293663,-0.53996123733574564,-0.10904215703925457,-0.99656168488855013,-1.1056038419278047,0.88751952784929555,0.99999999999998868,0.00043038902944070312
7,26,-2.4052818754046852,-0.53996123733574564,-0.23355496929062647,-0.95920784121313862,-1.1927628105037651,0.72565287192251215,0.999999999999998,0.010845959720139187
8,26,-2.3071071049800045,-0.53996123733574564,-0.37233931030650735,-0.91757253890837431,-1.2899118492148816,0.54523322860186696,0.99999999999999978,0.28809287041859394
9,26,-2.2089323345553233,-0.53996123733574564,-0.52405861101567752,-0.87205674869562333,-1.3961153597113007,0.34799813767994581,1,0.95435045190731782
10,26,-2.1107575641306422,-0.53996123733574564,-0.68725173161410091,-0.82309881251609629,-1.5103505441301972,0.13584708090199538,1,0.99931339076522163
11,26,-2.0125827937059615,-0.53996123733574564,-0.86034703313997973,-0.77117022205833263,-1.6315172551983124,-0.0891768110816471,1,0.99999237092422755
12,26,-1.9144080232812801,-0.53996123733574564,-1.0416775132161042,-0.71677107803549522,-1.7584485912515995,-0.32490643518060902,1,0.9999999316161241
13,26,-1.8162332528565992,-0.53996123733574564,-1.2294968601940166,-0.66042527394212158,-1.8899221341361381,-0.56907158625189502,1,0.99999999948219975
14,26,-1.7180584824319181,-0.53996123733574564,-1.4219962710898209,-0.60267545067338024,-2.0246717217632009,-0.81932082041644061,1,0.99999999999652844
15,26,-1.6198837120072371,-0.53996123733574564,-1.6173218713457083,-0.544077770596614,-2.1613996419423223,-1.0732441007490943,1,0.99999999999997835
16,26,-1.521708941582556,-0.53996123733574564,-1.8135925686553804,-0.48519656140371237,-2.2987891300590926,-1.3283960072516681,1,0.99999999999999989
17,26,-1.4235341711578751,-0.53996123733574564,-2.0089181689112676,-0.42659888132694623,-2.435517050238214,-1.5823192875843213,1,1
18,26,-1.3253594007331939,-0.53996123733574564,-2.2014175798070723,-0.36884905805820484,-2.5702666378652772,-1.8325685217488674,1,1
19,26,-1.227184630308513,-0.53996123733574564,-2.3892369267849842,-0.31250325396483125,-2.7017401807498156,-2.0767336728201529,1,1
20,26,-1.1290098598838321,-0.53996123733574564,-2.570567406861108,-0.25810410994199406,-2.828671516803102,-2.3124632969191139,1,1
21,26,-1.0308350894591509,-0.53996123733574564,-2.7436627083869878,-0.20617551948423027,-2.9498382278712181,-2.5374871889027575,1,1
22,26,-0.93266031903446978,-0.53996123733574564,-2.9068558289854112,-0.15721758330470317,-3.0640734122901145,-2.7496382456807078,1,1
23,26,-0.83448554860978863,-0.53996123733574564,-3.0585751296945816,-0.11170179309195213,-3.1702769227865337,-2.9468733366026294,1,1
24,26,-0.73631077818510793,-0.53996123733574564,-3.1973594707104622,-0.070066490787187866,-3.2674259614976502,-3.1272929799232743,1,1
25,26,-0.63813600776042678,-0.53996123733574564,-3.3218722829618343,-0.032712647111776301,-3.3545849300736106,-3.2891596358500581,1,1
26,26,-0.53996123733574564,-0.53996123733574564,-3.4309144400010885,0,-3.4309144400010885,-3.4309144400010885,1,1
27,26,-0.44178646691106449,-0.53996123733574564,-3.5234358062474311,0.027756409873902797,-3.4956793963735282,-3.5511922161213341,1,1
28,26,-0.34361169648638379,-0.53996123733574564,-3.5985453503665856,0.050289273109649146,-3.5482560772569363,-3.648834623476235,1,1
29,26,-0.24543692606170264,-0.53996123733574564,-3.655519726389632,0.067381585916563111,-3.588138140473069,-3.7229013123061949,1,1
30,26,-0.1472621556370215,-0.53996123733574564,-3.693810239930106,0.078868739978705332,-3.6149414999514007,-3.7726789799088114,1,1
31,26,-0.049087385212340351,-0.53996123733574564,-3.713048132410889,0.084640107722940172,-3.6284080246879489,-3.7976882401338292,1,1
32,26,0.049087385212340351,-0.53996123733574564,-3.713048132410889,0.084640107722940172,-3.6284080246879489,-3.7976882401338292,1,1
33,26,0.1472621556370215,-0.53996123733574564,-3.693810239930106,0.078868739978705332,-3.6149414999514007,-3.7726789799088114,1,1
34,26,0.24543692606170264,-0.53996123733574564,-3.655519726389632,0.067381585916563111,-3.588138140473069,-3.7229013123061949,1,1
35,26,0.34361169648638379,-0.53996123733574564,-3.5985453503665856,0.050289273109649146,-3.5482560772569363,-3.648834623476235,1,1
36,26,0.44178646691106449,-0.53996123733574564,-3.5234358062474311,0.027756409873902797,-3.4956793963735282,-3.5511922161213341,1,1
37,26,0.53996123733574564,-0.53996123733574564,-3.4309144400010885,0,-3.4309144400010885,-3.4309144400010885,1,1
38,26,0.63813600776042678,-0.53996123733574564,-3.3218722829618343,-0.032712647111776301,-3.3545849300736106,-3.2891596358500581,1,1
39,26,0.73631077818510793,-0.53996123733574564,-3.1973594707104622,-0.070066490787187866,-3.2674259614976502,-3.1272929799232743,1,1
40,26,0.83448554860978863,-0.53996123733574564,-3.0585751296945816,-0.11170179309195213,-3.1702769227865337,-2.9468733366026294,1,1
41,26,0.93266031903447022,-0.53996123733574564,-2.9068558289854103,-0.15721758330470345,-3.0640734122901137,-2.7496382456807069,1,1
42,26,1.0308350894591509,-0.53996123733574564,-2.7436627083869878,-0.20617551948423027,-2.9498382278712181,-2.5374871889027575,1,1
43,26,1.1290098598838316,-0.53996123733574564,-2.5705674068611089,-0.25810410994199384,-2.8286715168031025,-2.3124632969191152,1,1
44,26,1.2271846303085132,-0.53996123733574564,-2.3892369267849838,-0.31250325396483142,-2.7017401807498151,-2.0767336728201524,1,1
45,26,1.3253594007331939,-0.53996123733574564,-2.2014175798070723,-0.36884905805820484,-2.5702666378652772,-1.8325685217488674,1,1
46,26,1.4235341711578746,-0.53996123733574564,-2.0089181689112685,-0.42659888132694596,-2.4355170502382144,-1.5823192875843226,1,1
47,26,1.5217089415825562,-0.53996123733574564,-1.81359256865538,-0.48519656140371253,-2.2987891300590926,-1.3283960072516674,1,0.99999999999999989
48,26,1.6198837120072369,-0.53996123733574564,-1.6173218713457087,-0.54407777059661389,-2.1613996419423227,-1.0732441007490947,1,0.99999999999997835
49,26,1.7180584824319185,-0.53996123733574564,-1.42199627108982,-0.60267545067338057,-2.0246717217632004,-0.81932082041643939,1,0.99999999999652844
50,26,1.8162332528565992,-0.53996123733574564,-1.2294968601940166,-0.66042527394212158,-1.8899221341361381,-0.56907158625189502,1,0.99999999948219975
51,26,1.9144080232812799,-0.53996123733574564,-1.0416775132161047,-0.71677107803549511,-1.7584485912515997,-0.32490643518060958,1,0.9999999316161241
52,26,2.0125827937059615,-0.53996123733574564,-0.86034703313997973,-0.77117022205833263,-1.6315172551983124,-0.0891768110816471,1,0.99999237092422755
53,26,2.1107575641306422,-0.53996123733574564,-0.68725173161410091,-0.82309881251609629,-1.5103505441301972,0.13584708090199538,1,0.99931339076522163
54,26,2.2089323345553229,-0.53996123733574564,-0.52405861101567841,-0.87205674869562311,-1.3961153597113016,0.3479981376799447,1,0.95435045190731871
55,26,2.3071071049800045,-0.53996123733574564,-0.37233931030650735,-0.91757253890837431,-1.2899118492148816,0.54523322860186696,0.99999999999999978,0.28809287041859394
56,26,2.4052818754046852,-0.53996123733574564,-0.23355496929062647,-0.95920784121313862,-1.1927628105037651,0.72565287192251215,0.999999999999998,0.010845959720139187
57,26,2.5034566458293668,-0.53996123733574564,-0.10904215703925413,-0.99656168488855024,-1.1056038419278043,0.88751952784929611,0.99999999999998868,0.00043038902944070312
58,26,2.6016314162540475,-0.53996123733574564,-2.2204460492503131e-16,-1.0292743320003266,-1.0292743320003268,1.0292743320003264,0.99999999999994782,2.5279622540508306e-05
59,26,2.6998061866787282,-0.53996123733574564,0.092521366246341996,-1.0570307418742291,-0.96450937562788708,1.1495521081205711,0.99999999999980971,2.2806628283134067e-06
60,26,2.7979809571034098,-0.53996123733574564,0.16763091036549738,-1.0795636051099757,-0.91193269474447836,1.2471945154754731,0.99999999999945532,3.2355697010544304e-07
61,26,2.8961557275280905,-0.53996123733574564,0.22460528638854371,-1.0966559179168895,-0.87205063152834583,1.3212612043054333,0.99999999999879075,7.3555606938668916e-08
62,26,2.9943304979527712,-0.53996123733574564,0.26289579992901757,-1.1081430719790317,-0.84524727205001415,1.3710388719080493,0.99999999999793299,2.7180189265951782e-08
63,26,3.0925052683774528,-0.53996123733574564,0.28213369240980057,-1.1139144397232668,-0.83178074731346618,1.3960481321330673,0.99999999999729416,1.6482565368125535e-08
0,27,-3.0925052683774528,-0.44178646691106449,0.18961232616345791,-1.1416708495971695,-0.95205852343371156,1.3312831757606274,0.99999999999975597,6.0195780693383938e-08
1,27,-2.9943304979527716,-0.44178646691106449,0.17037443368267513,-1.1358994818529347,-0.96552504817025953,1.3062739155356098,0.99999999999981348,9.9264442665614183e-08
2,27,-2.8961557275280905,-0.44178646691106449,0.13208392014220105,-1.1244123277907925,-0.99232840764859143,1.2564962479329935,0.99999999999989098,2.6863151547651398e-07
3,27,-2.7979809571034093,-0.44178646691106449,0.075109544119154492,-1.1073200149838784,-1.032210470864724,1.1824295591030329,0.99999999999995093,1.1816575949397112e-06
4,27,-2.6998061866787286,-0.44178646691106449,-2.2204460492503131e-16,-1.084787151748132,-1.0847871517481322,1.0847871517481318,0.9999999999999829,8.3291315399747212e-06
5,27,-2.6016314162540475,-0.44178646691106449,-0.092521366246342884,-1.0570307418742291,-1.149552108120572,0.96450937562788619,0.99999999999999534,9.2317223163440598e-05
6,27,-2.5034566458293663,-0.44178646691106449,-0.20156352328559723,-1.0243180947624528,-1.2258816180480501,0.8227545714768556,0.999999999999999,0.0015700266425904275
7,27,-2.4052818754046852,-0.44178646691106449,-0.32607633553696913,-0.98696425108704133,-1.3130405866240105,0.6608879155500722,0.99999999999999978,0.038502887959844523
8,27,-2.3071071049800045,-0.44178646691106449,-0.46486067655285002,-0.94532894878227713,-1.4101896253351272,0.48046827222942712,1,0.59643544625623868
9,27,-2.2089323345553233,-0.44178646691106449,-0.61657997726202018,-0.89981315856952604,-1.5163931358315463,0.28323318130750585,1,0.98707185823273358
10,27,-2.1107575641306422,-0.44178646691106449,-0.77977309786044358,-0.850855222389999,-1.6306283202504426,0.071082124529555424,1,0.99981190165598521
11,27,-2.0125827937059615,-0.44178646691106449,-0.9528683993863224,-0.79892663193223545,-1.751795031318558,-0.15394176745408694,1,0.99999791102582547
12,27,-1.9144080232812801,-0.44178646691106449,-1.1341988794624469,-0.74452748790939804,-1.8787263673718448,-0.38967139155304886,1,0.99999998127540335
13,27,-1.8162332528565992,-0.44178646691106449,-1.3220182264403593,-0.68818168381602429,-2.0101999102563837,-0.63383654262433498,1,0.99999999985821808
14,27,-1.7180584824319181,-0.44178646691106449,-1.5145176373361635,-0.63043186054728306,-2.1449494978834465,-0.88408577678888045,1,0.99999999999904943
15,27,-1.6198837120072371,-0.44178646691106449,-1.7098432375920509,-0.57183418047051682,-2.2816774180625679,-1.138009057121534,1,0.999999999999994
16,27,-1.521708941582556,-0.44178646691106449,-1.9061139349017231,-0.51295297127761519,-2.4190669061793382,-1.393160963624108,1,1
17,27,-1.4235341711578751,-0.44178646691106449,-2.1014395351576103,-0.45435529120084905,-2.5557948263584596,-1.6470842439567612,1,1
18,27,-1.3253594007331939,-0.44178646691106449,-2.293938946053415,-0.39660546793210766,-2.6905444139855228,-1.8973334781213074,1,1
19,27,-1.227184630308513,-0.44178646691106449,-2.4817582930313269,-0.34025966383873407,-2.8220179568700612,-2.1414986291925926,1,1
20,27,-1.1290098598838321,-0.44178646691106449,-2.6630887731074511,-0.28586051981589689,-2.9489492929233481,-2.3772282532915541,1,1
21,27,-1.0308350894591509,-0.44178646691106449,-2.83618407463333,-0.23393192935813306,-3.0701160039914632,-2.6022521452751968,1,1
22,27,-0.93266031903446978,-0.44178646691106449,-2.9993771952317538,-0.18497399317860599,-3.1843511884103597,-2.814403202053148,1,1
23,27,-0.83448554860978863,-0.44178646691106449,-3.1510964959409238,-0.13945820296585493,-3.2905546989067789,-3.0116382929750687,1,1
24,27,-0.73631077818510793,-0.44178646691106449,-3.2898808369568049,-0.097822900661090673,-3.3877037376178958,-3.192057936295714,1,1
25,27,-0.63813600776042678,-0.44178646691106449,-3.4143936492081766,-0.060469056985679101,-3.4748627061938557,-3.3539245922224974,1,1
26,27,-0.53996123733574564,-0.44178646691106449,-3.5234358062474311,-0.027756409873902797,-3.5511922161213341,-3.4956793963735282,1,1
27,27,-0.44178646691106449,-0.44178646691106449,-3.6159571724937738,0,-3.6159571724937738,-3.6159571724937738,1,1
28,27,-0.34361169648638379,-0.44178646691106449,-3.6910667166129283,0.022532863235746346,-3.6685338533771819,-3.7135995798486747,1,1
29,27,-0.24543692606170264,-0.44178646691106449,-3.7480410926359751,0.039625176042660311,-3.7084159165933146,-3.7876662686786355,1,1
30,27,-0.1472621556370215,-0.44178646691106449,-3.7863316061764491,0.051112330104802539,-3.7352192760716467,-3.8374439362812516,1,1
31,27,-0.049087385212340351,-0.44178646691106449,-3.8055694986572317,0.056883697849037372,-3.7486858008081945,-3.8624531965062689,1,1
32,27,0.049087385212340351,-0.44178646691106449,-3.8055694986572317,0.056883697849037372,-3.7486858008081945,-3.8624531965062689,1,1
33,27,0.1472621556370215,-0.44178646691106449,-3.7863316061764491,0.051112330104802539,-3.7352192760716467,-3.8374439362812516,1,1
34,27,0.24543692606170264,-0.44178646691106449,-3.7480410926359751,0.039625176042660311,-3.7084159165933146,-3.7876662686786355,1,1
35,27,0.34361169648638379,-0.44178646691106449,-3.6910667166129283,0.022532863235746346,-3.6685338533771819,-3.7135995798486747,1,1
36,27,0.44178646691106449,-0.44178646691106449,-3.6159571724937738,0,-3.6159571724937738,-3.6159571724937738,1,1
37,27,0.53996123733574564,-0.44178646691106449,-3.5234358062474311,-0.027756409873902797,-3.5511922161213341,-3.4956793963735282,1,1
38,27,0.63813600776042678,-0.44178646691106449,-3.4143936492081766,-0.060469056985679101,-3.4748627061938557,-3.3539245922224974,1,1
39,27,0.73631077818510793,-0.44178646691106449,-3.2898808369568049,-0.097822900661090673,-3.3877037376178958,-3.192057936295714,1,1
40,27,0.83448554860978863,-0.44178646691106449,-3.1510964959409238,-0.13945820296585493,-3.2905546989067789,-3.0116382929750687,1,1
41,27,0.93266031903447022,-0.44178646691106449,-2.9993771952317529,-0.18497399317860624,-3.1843511884103592,-2.8144032020531466,1,1
42,27,1.0308350894591509,-0.44178646691106449,-2.83618407463333,-0.23393192935813306,-3.0701160039914632,-2.6022521452751968,1,1
43,27,1.1290098598838316,-0.44178646691106449,-2.6630887731074515,-0.28586051981589666,-2.9489492929233481,-2.377228253291555,1,1
44,27,1.2271846303085132,-0.44178646691106449,-2.4817582930313264,-0.34025966383873418,-2.8220179568700607,-2.1414986291925922,1,1
45,27,1.3253594007331939,-0.44178646691106449,-2.293938946053415,-0.39660546793210766,-2.6905444139855228,-1.8973334781213074,1,1
46,27,1.4235341711578746,-0.44178646691106449,-2.1014395351576112,-0.45435529120084878,-2.55579482635846,-1.6470842439567623,1,1
47,27,1.5217089415825562,-0.44178646691106449,-1.9061139349017227,-0.5129529712776153,-2.4190669061793377,-1.3931609636241074,1,1
48,27,1.6198837120072369,-0.44178646691106449,-1.7098432375920514,-0.57183418047051671,-2.2816774180625679,-1.1380090571215347,1,0.999999999999994
49,27,1.7180584824319185,-0.44178646691106449,-1.5145176373361626,-0.63043186054728328,-2.144949497883446,-0.88408577678887934,1,0.99999999999904943
50,27,1.8162332528565992,-0.44178646691106449,-1.3220182264403593,-0.68818168381602429,-2.0101999102563837,-0.63383654262433498,1,0.99999999985821808
51,27,1.9144080232812799,-0.44178646691106449,-1.1341988794624474,-0.74452748790939793,-1.8787263673718453,-0.38967139155304942,1,0.99999998127540335
52,27,2.0125827937059615,-0.44178646691106449,-0.9528683993863224,-0.79892663193223545,-1.751795031318558,-0.15394176745408694,1,0.99999791102582547
53,27,2.1107575641306422,-0.44178646691106449,-0.77977309786044358,-0.850855222389999,-1.6306283202504426,0.071082124529555424,1,0.99981190165598521
54,27,2.2089323345553229,-0.44178646691106449,-0.61657997726202107,-0.89981315856952571,-1.5163931358315468,0.28323318130750463,1,0.98707185823273391
55,27,2.3071071049800045,-0.44178646691106449,-0.46486067655285002,-0.94532894878227713,-1.4101896253351272,0.48046827222942712,1,0.59643544625623868
56,27,2.4052818754046852,-0.44178646691106449,-0.32607633553696913,-0.98696425108704133,-1.3130405866240105,0.6608879155500722,0.99999999999999978,0.038502887959844523
57,27,2.5034566458293668,-0.44178646691106449,-0.20156352328559679,-1.0243180947624531,-1.2258816180480498,0.82275457147685627,0.999999999999999,0.0015700266425904275
58,27,2.6016314162540475,-0.44178646691106449,-0.092521366246342884,-1.0570307418742291,-1.149552108120572,0.96450937562788619,0.99999999999999534,9.2317223163440598e-05
59,27,2.6998061866787282,-0.44178646691106449,-6.6613381477509392e-16,-1.0847871517481318,-1.0847871517481324,1.0847871517481311,0.9999999999999829,8.3291315399747212e-06
60,27,2.7979809571034098,-0.44178646691106449,0.075109544119154714,-1.1073200149838784,-1.0322104708647237,1.1824295591030332,0.99999999999995093,1.1816575949397112e-06
61,27,2.8961557275280905,-0.44178646691106449,0.13208392014220105,-1.1244123277907925,-0.99232840764859143,1.2564962479329935,0.99999999999989098,2.6863151547651398e-07
62,27,2.9943304979527712,-0.44178646691106449,0.17037443368267491,-1.1358994818529347,-0.96552504817025975,1.3062739155356096,0.99999999999981348,9.9264442665614183e-08
63,27,3.0925052683774528,-0.44178646691106449,0.18961232616345791,-1.1416708495971695,-0.95205852343371156,1.3312831757606274,0.99999999999975597,6.0195780693383938e-08
0,28,-3.0925052683774528,-0.34361169648638379,0.11450278204430342,-1.1642037128329159,-1.0497009307886125,1.2787064948772193,0.99999999999996536,1.7228253373913205e-07
1,28,-2.9943304979527716,-0.34361169648638379,0.095264889563520638,-1.1584323450886811,-1.0631674555251605,1.2536972346522017,0.99999999999997358,2.8409845759247432e-07
2,28,-2.8961557275280905,-0.34361169648638379,0.056974376023046558,-1.1469451910265389,-1.0899708150034924,1.2039195670495855,0.99999999999998446,7.6883295874186075e-07
3,28,-2.7979809571034093,-0.34361169648638379,-0,-1.1298528782196249,-1.1298528782196249,1.1298528782196249,0.99999999999999301,3.3819403459367514e-06
4,28,-2.6998061866787286,-0.34361169648638379,-0.075109544119154714,-1.1073200149838784,-1.1824295591030332,1.0322104708647237,0.99999999999999756,2.3837913144308942e-05
5,28,-2.6016314162540475,-0.34361169648638379,-0.16763091036549738,-1.0795636051099755,-1.2471945154754729,0.91193269474447813,0.99999999999999933,0.00026416990040134536
6,28,-2.5034566458293663,-0.34361169648638379,-0.27667306740475173,-1.0468509579981993,-1.323524025402951,0.77017789059344754,0.99999999999999978,0.0044803762349315823
7,28,-2.4052818754046852,-0.34361169648638379,-0.40118587965612362,-1.0094971143227875,-1.4106829939789112,0.60831123466666392,1,0.10282479061954741
8,28,-2.3071071049800045,-0.34361169648638379,-0.53997022067200451,-0.96786181201802346,-1.5078320326900281,0.42789159134601895,1,0.80879018093133237
9,28,-2.2089323345553233,-0.34361169648638379,-0.69168952138117468,-0.92234602180527236,-1.614035543186447,0.23065650042409769,1,0.99544457216820681
10,28,-2.1107575641306422,-0.34361169648638379,-0.85488264197959807,-0.87338808562574533,-1.7282707276053433,0.018505443646147257,1,0.99993427011459579
11,28,-2.0125827937059615,-0.34361169648638379,-1.0279779435054768,-0.82145949516798178,-1.8494374386734584,-0.206518448337495,1,0.99999927010831946
12,28,-1.9144080232812801,-0.34361169648638379,-1.2093084235816014,-0.76706035114514437,-1.9763687747267458,-0.44224807243645703,1,0.99999999345759805
13,28,-1.8162332528565992,-0.34361169648638379,-1.3971277705595138,-0.71071454705177073,-2.1078423176112846,-0.68641322350774303,1,0.99999999995046118
14,28,-1.7180584824319181,-0.34361169648638379,-1.589627181455318,-0.65296472378302939,-2.2425919052383474,-0.93666245767228862,1,0.99999999999966782
15,28,-1.6198837120072371,-0.34361169648638379,-1.7849527817112054,-0.59436704370626314,-2.3793198254174683,-1.1905857380049423,1,0.999999999999998
16,28,-1.521708941582556,-0.34361169648638379,-1.9812234790208776,-0.53548583451336151,-2.5167093135342391,-1.4457376445075161,1,1
17,28,-1.4235341711578751,-0.34361169648638379,-2.1765490792767648,-0.47688815443659538,-2.65343723371336,-1.6996609248401695,1,1
18,28,-1.3253594007331939,-0.34361169648638379,-2.3690484901725695,-0.41913833116785398,-2.7881868213404233,-1.9499101590047154,1,1
19,28,-1.227184630308513,-0.34361169648638379,-2.5568678371504814,-0.3627925270744804,-2.9196603642249617,-2.1940753100760011,1,1
20,28,-1.1290098598838321,-0.34361169648638379,-2.7381983172266056,-0.30839338305164321,-3.046591700278249,-2.4298049341749621,1,1
21,28,-1.0308350894591509,-0.34361169648638379,-2.9112936187524845,-0.25646479259387939,-3.1677584113463637,-2.6548288261586053,1,1
22,28,-0.93266031903446978,-0.34361169648638379,-3.0744867393509083,-0.20750685641435232,-3.2819935957652606,-2.866979882936556,1,1
23,28,-0.83448554860978863,-0.34361169648638379,-3.2262060400600783,-0.16199106620160128,-3.3881971062616794,-3.0642149738584772,1,1
24,28,-0.73631077818510793,-0.34361169648638379,-3.3649903810759594,-0.12035576389683701,-3.4853461449727963,-3.2446346171791225,1,1
25,28,-0.63813600776042678,-0.34361169648638379,-3.4895031933273311,-0.083001920221425454,-3.5725051135487567,-3.4065012731059054,1,1
26,28,-0.53996123733574564,-0.34361169648638379,-3.5985453503665856,-0.050289273109649146,-3.648834623476235,-3.5482560772569363,1,1
27,28,-0.44178646691106449,-0.34361169648638379,-3.6910667166129283,-0.022532863235746346,-3.7135995798486747,-3.6685338533771819,1,1
28,28,-0.34361169648638379,-0.34361169648638379,-3.7661762607320828,0,-3.7661762607320828,-3.7661762607320828,1,1
29,28,-0.24543692606170264,-0.34361169648638379,-3.8231506367551296,0.017092312806913968,-3.8060583239482155,-3.8402429495620436,1,1
30,28,-0.1472621556370215,-0.34361169648638379,-3.8614411502956036,0.028579466869056189,-3.8328616834265476,-3.8900206171646596,1,1
31,28,-0.049087385212340351,-0.34361169648638379,-3.8806790427763862,0.034350834613291026,-3.8463282081630954,-3.915029877389677,1,1
32,28,0.049087385212340351,-0.34361169648638379,-3.8806790427763862,0.034350834613291026,-3.8463282081630954,-3.915029877389677,1,1
33,28,0.1472621556370215,-0.34361169648638379,-3.8614411502956036,0.028579466869056189,-3.8328616834265476,-3.8900206171646596,1,1
34,28,0.24543692606170264,-0.34361169648638379,-3.8231506367551296,0.017092312806913968,-3.8060583239482155,-3.8402429495620436,1,1
35,28,0.34361169648638379,-0.34361169648638379,-3.7661762607320828,0,-3.7661762607320828,-3.7661762607320828,1,1
36,28,0.44178646691106449,-0.34361169648638379,-3.6910667166129283,-0.022532863235746346,-3.7135995798486747,-3.6685338533771819,1,1
37,28,0.53996123733574564,-0.34361169648638379,-3.5985453503665856,-0.050289273109649146,-3.648834623476235,-3.5482560772569363,1,1
38,28,0.63813600776042678,-0.34361169648638379,-3.4895031933273311,-0.083001920221425454,-3.5725051135487567,-3.4065012731059054,1,1
39,28,0.73631077818510793,-0.34361169648638379,-3.3649903810759594,-0.12035576389683701,-3.4853461449727963,-3.2446346171791225,1,1
40,28,0.83448554860978863,-0.34361169648638379,-3.2262060400600783,-0.16199106620160128,-3.3881971062616794,-3.0642149738584772,1,1
41,28,0.93266031903447022,-0.34361169648638379,-3.0744867393509074,-0.2075068564143526,-3.2819935957652602,-2.8669798829365547,1,1
42,28,1.0308350894591509,-0.34361169648638379,-2.9112936187524845,-0.25646479259387939,-3.1677584113463637,-2.6548288261586053,1,1
43,28,1.1290098598838316,-0.34361169648638379,-2.738198317226606,-0.30839338305164304,-3.046591700278249,-2.429804934174963,1,1
44,28,1.2271846303085132,-0.34361169648638379,-2.5568678371504809,-0.36279252707448056,-2.9196603642249617,-2.1940753100760002,1,1
45,28,1.3253594007331939,-0.34361169648638379,-2.3690484901725695,-0.41913833116785398,-2.7881868213404233,-1.9499101590047154,1,1
46,28,1.4235341711578746,-0.34361169648638379,-2.1765490792767657,-0.4768881544365951,-2.6534372337133609,-1.6996609248401706,1,1
47,28,1.5217089415825562,-0.34361169648638379,-1.9812234790208771,-0.53548583451336162,-2.5167093135342387,-1.4457376445075156,1,1
48,28,1.6198837120072369,-0.34361169648638379,-1.7849527817112059,-0.59436704370626303,-2.3793198254174688,-1.1905857380049429,1,0.999999999999998
49,28,1.7180584824319185,-0.34361169648638379,-1.5896271814553171,-0.65296472378302972,-2.2425919052383469,-0.9366624576722874,1,0.99999999999966782
50,28,1.8162332528565992,-0.34361169648638379,-1.3971277705595138,-0.71071454705177073,-2.1078423176112846,-0.68641322350774303,1,0.99999999995046118
51,28,1.9144080232812799,-0.34361169648638379,-1.2093084235816018,-0.76706035114514426,-1.9763687747267462,-0.44224807243645758,1,0.99999999345759805
52,28,2.0125827937059615,-0.34361169648638379,-1.0279779435054768,-0.82145949516798178,-1.8494374386734584,-0.206518448337495,1,0.99999927010831946
53,28,2.1107575641306422,-0.34361169648638379,-0.85488264197959807,-0.87338808562574533,-1.7282707276053433,0.018505443646147257,1,0.99993427011459579
54,28,2.2089323345553229,-0.34361169648638379,-0.69168952138117556,-0.92234602180527203,-1.6140355431864477,0.23065650042409647,1,0.99544457216820703
55,28,2.3071071049800045,-0.34361169648638379,-0.53997022067200451,-0.96786181201802346,-1.5078320326900281,0.42789159134601895,1,0.80879018093133237
56,28,2.4052818754046852,-0.34361169648638379,-0.40118587965612362,-1.0094971143227875,-1.4106829939789112,0.60831123466666392,1,0.10282479061954741
57,28,2.5034566458293668,-0.34361169648638379,-0.27667306740475128,-1.0468509579981995,-1.3235240254029508,0.77017789059344821,0.99999999999999978,0.0044803762349315268
58,28,2.6016314162540475,-0.34361169648638379,-0.16763091036549738,-1.0795636051099755,-1.2471945154754729,0.91193269474447813,0.99999999999999933,0.00026416990040134536
59,28,2.6998061866787282,-0.34361169648638379,-0.075109544119155158,-1.1073200149838782,-1.1824295591030334,1.0322104708647231,0.99999999999999756,2.3837913144308942e-05
60,28,2.7979809571034098,-0.34361169648638379,2.2204460492503131e-16,-1.1298528782196249,-1.1298528782196247,1.1298528782196251,0.99999999999999301,3.3819403459367514e-06
61,28,2.8961557275280905,-0.34361169648638379,0.056974376023046558,-1.1469451910265389,-1.0899708150034924,1.2039195670495855,0.99999999999998446,7.6883295874186075e-07
62,28,2.9943304979527712,-0.34361169648638379,0.095264889563520416,-1.1584323450886809,-1.0631674555251605,1.2536972346522013,0.99999999999997358,2.8409845759247432e-07
63,28,3.0925052683774528,-0.34361169648638379,0.11450278204430342,-1.1642037128329159,-1.0497009307886125,1.2787064948772193,0.99999999999996536,1.7228253373913205e-07
0,29,-3.0925052683774528,-0.24543692606170264,0.057528406021256862,-1.1812960256398297,-1.1237676196185729,1.2388244316610866,0.99999999999999212,3.8251842465752972e-07
1,29,-2.9943304979527716,-0.24543692606170264,0.03829051354047408,-1.1755246578955949,-1.1372341443551208,1.213815171436069,0.999999999999994,6.3078291967499922e-07
2,29,-2.8961557275280905,-0.24543692606170264,-0,-1.1640375038334527,-1.1640375038334527,1.1640375038334527,0.99999999999999645,1.7070364114468717e-06
3,29,-2.7979809571034093,-0.24543692606170264,-0.056974376023046558,-1.1469451910265389,-1.2039195670495855,1.0899708150034924,0.99999999999999845,7.5088832199310396e-06
4,29,-2.6998061866787286,-0.24543692606170264,-0.13208392014220127,-1.1244123277907923,-1.2564962479329935,0.99232840764859098,0.99999999999999944,5.2925723005303738e-05
5,29,-2.6016314162540475,-0.24543692606170264,-0.22460528638854393,-1.0966559179168895,-1.3212612043054335,0.87205063152834561,0.99999999999999978,0.00058634679134350609
6,29,-2.5034566458293663,-0.24543692606170264,-0.33364744342779828,-1.0639432708051133,-1.3975907142329116,0.73029582737731502,1,0.0098936762218309049
7,29,-2.4052818754046852,-0.24543692606170264,-0.45816025567917018,-1.0265894271297016,-1.4847496828088718,0.5684291714505314,1,0.20284881120116394
8,29,-2.3071071049800045,-0.24543692606170264,-0.59694459669505107,-0.98495412482493749,-1.5818987215199884,0.38800952812988643,1,0.90376788605061398
9,29,-2.2089323345553233,-0.24543692606170264,-0.74866389740422123,-0.9394383346121864,-1.6881022320164076,0.19077443720796516,1,0.99794313076966001
10,29,-2.1107575641306422,-0.24543692606170264,-0.91185701800264463,-0.89048039843265936,-1.8023374164353041,-0.021376619569985267,1,0.99997039484324146
11,29,-2.0125827937059615,-0.24543692606170264,-1.0849523195285236,-0.8385518079748957,-1.9235041275034193,-0.24640051155362785,1,0.99999967126390787
12,29,-1.9144080232812801,-0.24543692606170264,-1.2662827996046482,-0.78415266395205829,-2.0504354635567066,-0.48213013565258989,1,0.99999999705336706
13,29,-1.8162332528565992,-0.24543692606170264,-1.4541021465825601,-0.72780685985868476,-2.181909006441245,-0.72629528672387533,1,0.99999999997768818
14,29,-1.7180584824319181,-0.24543692606170264,-1.6466015574783648,-0.67005703658994331,-2.3166585940683082,-0.97654452088842147,1,0.99999999999985034
15,29,-1.6198837120072371,-0.24543692606170264,-1.841927157734252,-0.61145935651317718,-2.4533865142474292,-1.2304678012210748,1,0.99999999999999911
16,29,-1.521708941582556,-0.24543692606170264,-2.0381978550439244,-0.55257814732027555,-2.5907760023641999,-1.4856197077236488,1,1
17,29,-1.4235341711578751,-0.24543692606170264,-2.2335234552998116,-0.4939804672435093,-2.7275039225433209,-1.7395429880563023,1,1
18,29,-1.3253594007331939,-0.24543692606170264,-2.4260228661956158,-0.43623064397476802,-2.8622535101703837,-1.9897922222208477,1,1
19,29,-1.227184630308513,-0.24543692606170264,-2.6138422131735282,-0.37988483988139432,-2.9937270530549225,-2.2339573732921338,1,1
20,29,-1.1290098598838321,-0.24543692606170264,-2.7951726932496519,-0.32548569585855719,-3.1206583891082089,-2.4696869973910949,1,1
21,29,-1.0308350894591509,-0.24543692606170264,-2.9682679947755313,-0.27355710540079337,-3.2418251001763245,-2.694710889374738,1,1
22,29,-0.93266031903446978,-0.24543692606170264,-3.1314611153739547,-0.2245991692212663,-3.356060284595221,-2.9068619461526883,1,1
23,29,-0.83448554860978863,-0.24543692606170264,-3.2831804160831251,-0.17908337900851526,-3.4622637950916402,-3.1040970370746099,1,1
24,29,-0.73631077818510793,-0.24543692606170264,-3.4219647570990057,-0.13744807670375098,-3.5594128338027566,-3.2845166803952548,1,1
25,29,-0.63813600776042678,-0.24543692606170264,-3.5464775693503778,-0.10009423302833942,-3.646571802378717,-3.4463833363220386,1,1
26,29,-0.53996123733574564,-0.24543692606170264,-3.655519726389632,-0.067381585916563111,-3.7229013123061949,-3.588138140473069,1,1
27,29,-0.44178646691106449,-0.24543692606170264,-3.7480410926359751,-0.039625176042660311,-3.7876662686786355,-3.7084159165933146,1,1
28,29,-0.34361169648638379,-0.24543692606170264,-3.8231506367551296,-0.017092312806913968,-3.8402429495620436,-3.8060583239482155,1,1
29,29,-0.24543692606170264,-0.24543692606170264,-3.8801250127781759,0,-3.8801250127781759,-3.8801250127781759,1,1
30,29,-0.1472621556370215,-0.24543692606170264,-3.91841552631865,0.011487154062142223,-3.9069283722565076,-3.9299026803807924,1,1
31,29,-0.049087385212340351,-0.24543692606170264,-3.9376534187994325,0.017258521806377058,-3.9203948969930553,-3.9549119406058098,1,1
32,29,0.049087385212340351,-0.24543692606170264,-3.9376534187994325,0.017258521806377058,-3.9203948969930553,-3.9549119406058098,1,1
33,29,0.1472621556370215,-0.24543692606170264,-3.91841552631865,0.011487154062142223,-3.9069283722565076,-3.9299026803807924,1,1
34,29,0.24543692606170264,-0.24543692606170264,-3.8801250127781759,0,-3.8801250127781759,-3.8801250127781759,1,1
35,29,0.34361169648638379,-0.24543692606170264,-3.8231506367551296,-0.017092312806913968,-3.8402429495620436,-3.8060583239482155,1,1
36,29,0.44178646691106449,-0.24543692606170264,-3.7480410926359751,-0.039625176042660311,-3.7876662686786355,-3.7084159165933146,1,1
37,29,0.53996123733574564,-0.24543692606170264,-3.655519726389632,-0.067381585916563111,-3.7229013123061949,-3.588138140473069,1,1
38,29,0.63813600776042678,-0.24543692606170264,-3.5464775693503778,-0.10009423302833942,-3.646571802378717,-3.4463833363220386,1,1
39,29,0.73631077818510793,-0.24543692606170264,-3.4219647570990057,-0.13744807670375098,-3.5594128338027566,-3.2845166803952548,1,1
40,29,0.83448554860978863,-0.24543692606170264,-3.2831804160831251,-0.17908337900851526,-3.4622637950916402,-3.1040970370746099,1,1
41,29,0.93266031903447022,-0.24543692606170264,-3.1314611153739538,-0.22459916922126658,-3.3560602845952205,-2.906861946152687,1,1
42,29,1.0308350894591509,-0.24543692606170264,-2.9682679947755313,-0.27355710540079337,-3.2418251001763245,-2.694710889374738,1,1
43,29,1.1290098598838316,-0.24543692606170264,-2.7951726932496528,-0.32548569585855691,-3.1206583891082098,-2.4696869973910958,1,1
44,29,1.2271846303085132,-0.24543692606170264,-2.6138422131735277,-0.37988483988139443,-2.993727053054922,-2.2339573732921334,1,1
45,29,1.3253594007331939,-0.24543692606170264,-2.4260228661956158,-0.43623064397476802,-2.8622535101703837,-1.9897922222208477,1,1
46,29,1.4235341711578746,-0.24543692606170264,-2.2335234552998124,-0.49398046724350902,-2.7275039225433213,-1.7395429880563034,1,1
47,29,1.5217089415825562,-0.24543692606170264,-2.0381978550439239,-0.55257814732027566,-2.5907760023641995,-1.4856197077236484,1,1
48,29,1.6198837120072369,-0.24543692606170264,-1.8419271577342524,-0.61145935651317707,-2.4533865142474296,-1.2304678012210752,1,0.99999999999999911
49,29,1.7180584824319185,-0.24543692606170264,-1.6466015574783639,-0.67005703658994353,-2.3166585940683073,-0.97654452088842036,1,0.99999999999985034
50,29,1.8162332528565992,-0.24543692606170264,-1.4541021465825601,-0.72780685985868476,-2.181909006441245,-0.72629528672387533,1,0.99999999997768818
51,29,1.9144080232812799,-0.24543692606170264,-1.2662827996046486,-0.78415266395205818,-2.050435463556707,-0.48213013565259044,1,0.99999999705336706
52,29,2.0125827937059615,-0.24543692606170264,-1.0849523195285236,-0.8385518079748957,-1.9235041275034193,-0.24640051155362785,1,0.99999967126390787
53,29,2.1107575641306422,-0.24543692606170264,-0.91185701800264463,-0.89048039843265936,-1.8023374164353041,-0.021376619569985267,1,0.99997039484324146
54,29,2.2089323345553229,-0.24543692606170264,-0.74866389740422212,-0.93943833461218607,-1.6881022320164081,0.19077443720796394,1,0.99794313076966012
55,29,2.3071071049800045,-0.24543692606170264,-0.59694459669505107,-0.98495412482493749,-1.5818987215199884,0.38800952812988643,1,0.90376788605061398
56,29,2.4052818754046852,-0.24543692606170264,-0.45816025567917018,-1.0265894271297016,-1.4847496828088718,0.5684291714505314,1,0.20284881120116394
57,29,2.5034566458293668,-0.24543692606170264,-0.33364744342779784,-1.0639432708051133,-1.3975907142329111,0.73029582737731547,1,0.0098936762218307939
58,29,2.6016314162540475,-0.24543692606170264,-0.22460528638854393,-1.0966559179168895,-1.3212612043054335,0.87205063152834561,0.99999999999999978,0.00058634679134350609
59,29,2.6998061866787282,-0.24543692606170264,-0.13208392014220172,-1.1244123277907923,-1.256496247932994,0.99232840764859054,0.99999999999999944,5.2925723005303738e-05
60,29,2.7979809571034098,-0.24543692606170264,-0.056974376023046336,-1.1469451910265389,-1.2039195670495852,1.0899708150034926,0.99999999999999845,7.5088832199310396e-06
61,29,2.8961557275280905,-0.24543692606170264,-0,-1.1640375038334527,-1.1640375038334527,1.1640375038334527,0.99999999999999645,1.7070364114468717e-06
62,29,2.9943304979527712,-0.24543692606170264,0.038290513540473858,-1.1755246578955949,-1.137234144355121,1.2138151714360688,0.999999999999994,6.3078291967499922e-07
63,29,3.0925052683774528,-0.24543692606170264,0.057528406021256862,-1.1812960256398297,-1.1237676196185729,1.2388244316610866,0.99999999999999212,3.8251842465752972e-07
0,30,-3.0925052683774528,-0.1472621556370215,0.019237892480782781,-1.1927831797019719,-1.1735452872211891,1.2120210721827547,0.99999999999999711,6.5382762048926679e-07
1,30,-2.9943304979527716,-0.1472621556370215,-0,-1.1870118119577371,-1.1870118119577371,1.1870118119577371,0.99999999999999778,1.0781787128655296e-06
2,30,-2.8961557275280905,-0.1472621556370215,-0.03829051354047408,-1.1755246578955949,-1.213815171436069,1.1372341443551208,0.99999999999999867,2.9177849599770767e-06
3,30,-2.7979809571034093,-0.1472621556370215,-0.095264889563520638,-1.1584323450886811,-1.2536972346522017,1.0631674555251605,0.99999999999999933,1.2834650872262099e-05
4,30,-2.6998061866787286,-0.1472621556370215,-0.17037443368267535,-1.1358994818529347,-1.30627391553561,0.9655250481702593,0.99999999999999978,9.0461028118993259e-05
5,30,-2.6016314162540475,-0.1472621556370215,-0.26289579992901801,-1.1081430719790317,-1.3710388719080497,0.84524727205001371,1,0.0010018091612354341
6,30,-2.5034566458293663,-0.1472621556370215,-0.37193795696827237,-1.0754304248672555,-1.4473683818355279,0.70349246789898312,1,0.016793135175117324
7,30,-2.4052818754046852,-0.1472621556370215,-0.49645076921964426,-1.038076581191844,-1.5345273504114882,0.54162581197219972,1,0.30311328759889217
8,30,-2.3071071049800045,-0.1472621556370215,-0.63523511023552515,-0.99644127888707967,-1.6316763891226049,0.36120616865155453,1,0.94135823609279168
9,30,-2.2089323345553233,-0.1472621556370215,-0.78695441094469532,-0.95092548867432858,-1.7378798996190239,0.16397107772963326,1,0.99879561180078369
10,30,-2.1107575641306422,-0.1472621556370215,-0.95014753154311871,-0.90196755249480154,-1.8521150840379201,-0.048179979048317167,1,0.99998267945002639
11,30,-2.0125827937059615,-0.1472621556370215,-1.1232428330689976,-0.85003896203703788,-1.9732817951060355,-0.27320387103195976,1,0.99999980767469721
12,30,-1.9144080232812801,-0.1472621556370215,-1.3045733131451223,-0.79563981801420047,-2.1002131311593226,-0.50893349513092179,1,0.99999999827608832
13,30,-1.8162332528565992,-0.1472621556370215,-1.4923926601230342,-0.73929401392082694,-2.231686674043861,-0.75309864620220723,1,0.99999999998694666
14,30,-1.7180584824319181,-0.1472621556370215,-1.6848920710188389,-0.68154419065208549,-2.3664362616709242,-1.0033478803667535,1,0.99999999999991251
15,30,-1.6198837120072371,-0.1472621556370215,-1.8802176712747261,-0.62294651057531936,-2.5031641818500452,-1.2572711606994067,1,0.99999999999999944
16,30,-1.521708941582556,-0.1472621556370215,-2.0764883685843984,-0.56406530138241773,-2.640553669966816,-1.5124230672019807,1,1
17,30,-1.4235341711578751,-0.1472621556370215,-2.2718139688402856,-0.50546762130565148,-2.7772815901459369,-1.7663463475346342,1,1
18,30,-1.3253594007331939,-0.1472621556370215,-2.4643133797360899,-0.44771779803691025,-2.9120311777730001,-2.0165955816991796,1,1
19,30,-1.227184630308513,-0.1472621556370215,-2.6521327267140022,-0.39137199394353656,-3.043504720657539,-2.2607607327704655,1,1
20,30,-1.1290098598838321,-0.1472621556370215,-2.833463206790126,-0.33697284992069942,-3.1704360567108254,-2.4964903568694266,1,1
21,30,-1.0308350894591509,-0.1472621556370215,-3.0065585083160054,-0.2850442594629356,-3.291602767778941,-2.7215142488530697,1,1
22,30,-0.93266031903446978,-0.1472621556370215,-3.1697516289144287,-0.23608632328340851,-3.405837952197837,-2.9336653056310205,1,1
23,30,-0.83448554860978863,-0.1472621556370215,-3.3214709296235991,-0.19057053307065747,-3.5120414626942567,-3.1309003965529416,1,1
24,30,-0.73631077818510793,-0.1472621556370215,-3.4602552706394798,-0.14893523076589321,-3.6091905014053731,-3.3113200398735865,1,1
25,30,-0.63813600776042678,-0.1472621556370215,-3.5847680828908519,-0.11158138709048164,-3.6963494699813335,-3.4731866958003703,1,1
26,30,-0.53996123733574564,-0.1472621556370215,-3.693810239930106,-0.078868739978705332,-3.7726789799088114,-3.6149414999514007,1,1
27,30,-0.44178646691106449,-0.1472621556370215,-3.7863316061764491,-0.051112330104802539,-3.8374439362812516,-3.7352192760716467,1,1
28,30,-0.34361169648638379,-0.1472621556370215,-3.8614411502956036,-0.028579466869056189,-3.8900206171646596,-3.8328616834265476,1,1
29,30,-0.24543692606170264,-0.1472621556370215,-3.91841552631865,-0.011487154062142223,-3.9299026803807924,-3.9069283722565076,1,1
30,30,-0.1472621556370215,-0.1472621556370215,-3.9567060398591241,0,-3.9567060398591241,-3.9567060398591241,1,1
31,30,-0.049087385212340351,-0.1472621556370215,-3.9759439323399066,0.0057713677442348338,-3.9701725645956718,-3.9817153000841414,1,1
32,30,0.049087385212340351,-0.1472621556370215,-3.9759439323399066,0.0057713677442348338,-3.9701725645956718,-3.9817153000841414,1,1
33,30,0.1472621556370215,-0.1472621556370215,-3.9567060398591241,0,-3.9567060398591241,-3.9567060398591241,1,1
34,30,0.24543692606170264,-0.1472621556370215,-3.91841552631865,-0.011487154062142223,-3.9299026803807924,-3.9069283722565076,1,1
35,30,0.34361169648638379,-0.1472621556370215,-3.8614411502956036,-0.028579466869056189,-3.8900206171646596,-3.8328616834265476,1,1
36,30,0.44178646691106449,-0.1472621556370215,-3.7863316061764491,-0.051112330104802539,-3.8374439362812516,-3.7352192760716467,1,1
37,30,0.53996123733574564,-0.1472621556370215,-3.693810239930106,-0.078868739978705332,-3.7726789799088114,-3.6149414999514007,1,1
38,30,0.63813600776042678,-0.1472621556370215,-3.5847680828908519,-0.11158138709048164,-3.6963494699813335,-3.4731866958003703,1,1
39,30,0.73631077818510793,-0.1472621556370215,-3.4602552706394798,-0.14893523076589321,-3.6091905014053731,-3.3113200398735865,1,1
40,30,0.83448554860978863,-0.1472621556370215,-3.3214709296235991,-0.19057053307065747,-3.5120414626942567,-3.1309003965529416,1,1
41,30,0.93266031903447022,-0.1472621556370215,-3.1697516289144279,-0.23608632328340878,-3.4058379521978366,-2.9336653056310191,1,1
42,30,1.0308350894591509,-0.1472621556370215,-3.0065585083160054,-0.2850442594629356,-3.291602767778941,-2.7215142488530697,1,1
43,30,1.1290098598838316,-0.1472621556370215,-2.8334632067901269,-0.33697284992069915,-3.1704360567108258,-2.4964903568694279,1,1
44,30,1.2271846303085132,-0.1472621556370215,-2.6521327267140018,-0.39137199394353667,-3.0435047206575385,-2.2607607327704651,1,1
45,30,1.3253594007331939,-0.1472621556370215,-2.4643133797360899,-0.44771779803691025,-2.9120311777730001,-2.0165955816991796,1,1
46,30,1.4235341711578746,-0.1472621556370215,-2.2718139688402865,-0.50546762130565126,-2.7772815901459378,-1.7663463475346353,1,1
47,30,1.5217089415825562,-0.1472621556370215,-2.076488368584398,-0.56406530138241784,-2.640553669966816,-1.5124230672019801,1,1
48,30,1.6198837120072369,-0.1472621556370215,-1.8802176712747265,-0.62294651057531925,-2.5031641818500456,-1.2572711606994074,1,0.99999999999999944
49,30,1.7180584824319185,-0.1472621556370215,-1.684892071018838,-0.68154419065208582,-2.3664362616709238,-1.0033478803667522,1,0.99999999999991251
50,30,1.8162332528565992,-0.1472621556370215,-1.4923926601230342,-0.73929401392082694,-2.231686674043861,-0.75309864620220723,1,0.99999999998694666
51,30,1.9144080232812799,-0.1472621556370215,-1.3045733131451227,-0.79563981801420036,-2.1002131311593231,-0.50893349513092234,1,0.99999999827608832
52,30,2.0125827937059615,-0.1472621556370215,-1.1232428330689976,-0.85003896203703788,-1.9732817951060355,-0.27320387103195976,1,0.99999980767469721
53,30,2.1107575641306422,-0.1472621556370215,-0.95014753154311871,-0.90196755249480154,-1.8521150840379201,-0.048179979048317167,1,0.99998267945002639
54,30,2.2089323345553229,-0.1472621556370215,-0.7869544109446962,-0.95092548867432836,-1.7378798996190246,0.16397107772963215,1,0.99879561180078369
55,30,2.3071071049800045,-0.1472621556370215,-0.63523511023552515,-0.99644127888707967,-1.6316763891226049,0.36120616865155453,1,0.94135823609279168
56,30,2.4052818754046852,-0.1472621556370215,-0.49645076921964426,-1.038076581191844,-1.5345273504114882,0.54162581197219972,1,0.30311328759889217
57,30,2.5034566458293668,-0.1472621556370215,-0.37193795696827192,-1.0754304248672555,-1.4473683818355274,0.70349246789898356,1,0.016793135175117158
58,30,2.6016314162540475,-0.1472621556370215,-0.26289579992901801,-1.1081430719790317,-1.3710388719080497,0.84524727205001371,1,0.0010018091612354341
59,30,2.6998061866787282,-0.1472621556370215,-0.1703744336826758,-1.1358994818529344,-1.3062739155356102,0.96552504817025864,0.99999999999999978,9.0461028118993259e-05
60,30,2.7979809571034098,-0.1472621556370215,-0.095264889563520416,-1.1584323450886811,-1.2536972346522015,1.0631674555251607,0.99999999999999933,1.2834650872262099e-05
61,30,2.8961557275280905,-0.1472621556370215,-0.03829051354047408,-1.1755246578955949,-1.213815171436069,1.1372341443551208,0.99999999999999867,2.9177849599770767e-06
62,30,2.9943304979527712,-0.1472621556370215,-2.2204460492503131e-16,-1.1870118119577371,-1.1870118119577373,1.1870118119577369,0.99999999999999778,1.0781787128655296e-06
63,30,3.0925052683774528,-0.1472621556370215,0.019237892480782781,-1.1927831797019719,-1.1735452872211891,1.2120210721827547,0.99999999999999711,6.5382762048926679e-07
0,31,-3.0925052683774528,-0.049087385212340351,-0,-1.1985545474462069,-1.1985545474462069,1.1985545474462069,0.99999999999999822,8.5591753345992672e-07
1,31,-2.9943304979527716,-0.049087385212340351,-0.019237892480782781,-1.1927831797019719,-1.2120210721827547,1.1735452872211891,0.99999999999999867,1.4114300384560075e-06
2,31,-2.8961557275280905,-0.049087385212340351,-0.057528406021256862,-1.1812960256398297,-1.2388244316610866,1.1237676196185729,0.99999999999999922,3.8196330047757243e-06
3,31,-2.7979809571034093,-0.049087385212340351,-0.11450278204430342,-1.1642037128329159,-1.2787064948772193,1.0497009307886125,0.99999999999999967,1.6801617145456582e-05
4,31,-2.6998061866787286,-0.049087385212340351,-0.18961232616345813,-1.1416708495971692,-1.3312831757606274,0.95205852343371111,0.99999999999999989,0.00011841810968427069
5,31,-2.6016314162540475,-0.049087385212340351,-0.2821336924098008,-1.1139144397232668,-1.3960481321330676,0.83178074731346596,1,0.0013110501042951084
6,31,-2.5034566458293663,-0.049087385212340351,-0.39117584944905515,-1.0812017926114903,-1.4723776420605454,0.69002594316243515,1,0.021870168729815731
7,31,-2.4052818754046852,-0.049087385212340351,-0.51568866170042704,-1.0438479489360788,-1.5595366106365058,0.52815928723565175,1,0.36281066077499513
8,31,-2.3071071049800045,-0.049087385212340351,-0.65447300271630793,-1.0022126466313144,-1.6566856493476223,0.34773964391500645,1,0.95457515266426063
9,31,-2.2089323345553233,-0.049087385212340351,-0.8061923034254781,-0.9566968564185635,-1.7628891598440415,0.15050455299308541,1,0.99907971729452405
10,31,-2.1107575641306422,-0.049087385212340351,-0.96938542402390149,-0.90773892023903646,-1.8771243442629379,-0.061646503784865025,1,0.99998676893794569
11,31,-2.0125827937059615,-0.049087385212340351,-1.1424807255497802,-0.8558103297812728,-1.9982910553310531,-0.28667039576850739,1,0.99999985308447314
12,31,-1.9144080232812801,-0.049087385212340351,-1.3238112056259048,-0.8014111857584354,-2.12522239138434,-0.52240001986746942,1,0.99999999868311984
13,31,-1.8162332528565992,-0.049087385212340351,-1.5116305526038172,-0.74506538166506175,-2.2566959342688788,-0.76656517093875542,1,0.99999999999002864
14,31,-1.7180584824319181,-0.049087385212340351,-1.7041299634996214,-0.68731555839632041,-2.3914455218959416,-1.016814405103301,1,0.99999999999993316
15,31,-1.6198837120072371,-0.049087385212340351,-1.8994555637555088,-0.62871787831955428,-2.528173442075063,-1.2707376854359547,1,0.99999999999999956
16,31,-1.521708941582556,-0.049087385212340351,-2.095726261065181,-0.56983666912665254,-2.6655629301918333,-1.5258895919385285,1,1
17,31,-1.4235341711578751,-0.049087385212340351,-2.2910518613210682,-0.51123898904988641,-2.8022908503709547,-1.7798128722711817,1,1
18,31,-1.3253594007331939,-0.049087385212340351,-2.4835512722168729,-0.45348916578114501,-2.9370404379980179,-2.0300621064357278,1,1
19,31,-1.227184630308513,-0.049087385212340351,-2.6713706191947848,-0.39714336168777142,-3.0685139808825563,-2.2742272575070133,1,1
20,31,-1.1290098598838321,-0.049087385212340351,-2.8527010992709085,-0.34274421766493424,-3.1954453169358428,-2.5099568816059743,1,1
21,31,-1.0308350894591509,-0.049087385212340351,-3.0257964007967884,-0.29081562720717041,-3.3166120280039588,-2.7349807735896179,1,1
22,31,-0.93266031903446978,-0.049087385212340351,-3.1889895213952117,-0.24185769102764335,-3.4308472124228553,-2.9471318303675682,1,1
23,31,-0.83448554860978863,-0.049087385212340351,-3.3407088221043821,-0.19634190081489231,-3.5370507229192745,-3.1443669212894898,1,1
24,31,-0.73631077818510793,-0.049087385212340351,-3.4794931631202628,-0.15470659851012805,-3.6341997616303909,-3.3247865646101347,1,1
25,31,-0.63813600776042678,-0.049087385212340351,-3.6040059753716349,-0.11735275483471647,-3.7213587302063513,-3.4866532205369185,1,1
26,31,-0.53996123733574564,-0.049087385212340351,-3.713048132410889,-0.084640107722940172,-3.7976882401338292,-3.6284080246879489,1,1
27,31,-0.44178646691106449,-0.049087385212340351,-3.8055694986572317,-0.056883697849037372,-3.8624531965062689,-3.7486858008081945,1,1
28,31,-0.34361169648638379,-0.049087385212340351,-3.8806790427763862,-0.034350834613291026,-3.915029877389677,-3.8463282081630954,1,1
29,31,-0.24543692606170264,-0.049087385212340351,-3.9376534187994325,-0.017258521806377058,-3.9549119406058098,-3.9203948969930553,1,1
30,31,-0.1472621556370215,-0.049087385212340351,-3.9759439323399066,-0.0057713677442348338,-3.9817153000841414,-3.9701725645956718,1,1
31,31,-0.049087385212340351,-0.049087385212340351,-3.9951818248206896,0,-3.9951818248206896,-3.9951818248206896,1,1
32,31,0.049087385212340351,-0.049087385212340351,-3.9951818248206896,0,-3.9951818248206896,-3.9951818248206896,1,1
33,31,0.1472621556370215,-0.049087385212340351,-3.9759439323399066,-0.0057713677442348338,-3.9817153000841414,-3.9701725645956718,1,1
34,31,0.24543692606170264,-0.049087385212340351,-3.9376534187994325,-0.017258521806377058,-3.9549119406058098,-3.9203948969930553,1,1
35,31,0.34361169648638379,-0.049087385212340351,-3.8806790427763862,-0.034350834613291026,-3.915029877389677,-3.8463282081630954,1,1
36,31,0.44178646691106449,-0.049087385212340351,-3.8055694986572317,-0.056883697849037372,-3.8624531965062689,-3.7486858008081945,1,1
37,31,0.53996123733574564,-0.049087385212340351,-3.713048132410889,-0.084640107722940172,-3.7976882401338292,-3.6284080246879489,1,1
38,31,0.63813600776042678,-0.049087385212340351,-3.6040059753716349,-0.11735275483471647,-3.7213587302063513,-3.4866532205369185,1,1
39,31,0.73631077818510793,-0.049087385212340351,-3.4794931631202628,-0.15470659851012805,-3.6341997616303909,-3.3247865646101347,1,1
40,31,0.83448554860978863,-0.049087385212340351,-3.3407088221043821,-0.19634190081489231,-3.5370507229192745,-3.1443669212894898,1,1
41,31,0.93266031903447022,-0.049087385212340351,-3.1889895213952109,-0.24185769102764362,-3.4308472124228544,-2.9471318303675673,1,1
42,31,1.0308350894591509,-0.049087385212340351,-3.0257964007967884,-0.29081562720717041,-3.3166120280039588,-2.7349807735896179,1,1
43,31,1.1290098598838316,-0.049087385212340351,-2.8527010992709094,-0.34274421766493407,-3.1954453169358437,-2.5099568816059752,1,1
44,31,1.2271846303085132,-0.049087385212340351,-2.6713706191947844,-0.39714336168777159,-3.0685139808825559,-2.2742272575070128,1,1
45,31,1.3253594007331939,-0.049087385212340351,-2.4835512722168729,-0.45348916578114501,-2.9370404379980179,-2.0300621064357278,1,1
46,31,1.4235341711578746,-0.049087385212340351,-2.2910518613210691,-0.51123898904988618,-2.8022908503709552,-1.779812872271183,1,1
47,31,1.5217089415825562,-0.049087385212340351,-2.0957262610651806,-0.56983666912665265,-2.6655629301918333,-1.5258895919385278,1,1
48,31,1.6198837120072369,-0.049087385212340351,-1.8994555637555093,-0.62871787831955417,-2.5281734420750634,-1.2707376854359551,1,0.99999999999999956
49,31,1.7180584824319185,-0.049087385212340351,-1.7041299634996205,-0.68731555839632075,-2.3914455218959412,-1.0168144051032999,1,0.99999999999993316
50,31,1.8162332528565992,-0.049087385212340351,-1.5116305526038172,-0.74506538166506175,-2.2566959342688788,-0.76656517093875542,1,0.99999999999002864
51,31,1.9144080232812799,-0.049087385212340351,-1.3238112056259053,-0.80141118575843528,-2.1252223913843404,-0.52240001986746998,1,0.99999999868311984
52,31,2.0125827937059615,-0.049087385212340351,-1.1424807255497802,-0.8558103297812728,-1.9982910553310531,-0.28667039576850739,1,0.99999985308447314
53,31,2.1107575641306422,-0.049087385212340351,-0.96938542402390149,-0.90773892023903646,-1.8771243442629379,-0.061646503784865025,1,0.99998676893794569
54,31,2.2089323345553229,-0.049087385212340351,-0.80619230342547898,-0.95669685641856317,-1.7628891598440422,0.15050455299308418,1,0.99907971729452405
55,31,2.3071071049800045,-0.049087385212340351,-0.65447300271630793,-1.0022126466313144,-1.6566856493476223,0.34773964391500645,1,0.95457515266426063
56,31,2.4052818754046852,-0.049087385212340351,-0.51568866170042704,-1.0438479489360788,-1.5595366106365058,0.52815928723565175,1,0.36281066077499513
57,31,2.5034566458293668,-0.049087385212340351,-0.3911758494490547,-1.0812017926114905,-1.4723776420605452,0.69002594316243582,1,0.021870168729815453
58,31,2.6016314162540475,-0.049087385212340351,-0.2821336924098008,-1.1139144397232668,-1.3960481321330676,0.83178074731346596,1,0.0013110501042951084
59,31,2.6998061866787282,-0.049087385212340351,-0.18961232616345858,-1.1416708495971692,-1.3312831757606278,0.95205852343371067,0.99999999999999989,0.00011841810968427069
60,31,2.7979809571034098,-0.049087385212340351,-0.1145027820443032,-1.1642037128329159,-1.2787064948772191,1.0497009307886127,0.99999999999999967,1.6801617145456582e-05
61,31,2.8961557275280905,-0.049087385212340351,-0.057528406021256862,-1.1812960256398297,-1.2388244316610866,1.1237676196185729,0.99999999999999922,3.8196330047757243e-06
62,31,2.9943304979527712,-0.049087385212340351,-0.019237892480783003,-1.1927831797019719,-1.2120210721827549,1.1735452872211889,0.99999999999999867,1.4114300384560075e-06
63,31,3.0925052683774528,-0.049087385212340351,-0,-1.1985545474462069,-1.1985545474462069,1.1985545474462069,0.99999999999999822,8.5591753345992672e-07
0,32,-3.0925052683774528,0.049087385212340351,-0,-1.1985545474462069,-1.1985545474462069,1.1985545474462069,0.99999999999999822,8.5591753345992672e-07
1,32,-2.9943304979527716,0.049087385212340351,-0.019237892480782781,-1.1927831797019719,-1.2120210721827547,1.1735452872211891,0.99999999999999867,1.4114300384560075e-06
2,32,-2.8961557275280905,0.049087385212340351,-0.057528406021256862,-1.1812960256398297,-1.2388244316610866,1.1237676196185729,0.99999999999999922,3.8196330047757243e-06
3,32,-2.7979809571034093,0.049087385212340351,-0.11450278204430342,-1.1642037128329159,-1.2787064948772193,1.0497009307886125,0.99999999999999967,1.6801617145456582e-05
4,32,-2.6998061866787286,0.049087385212340351,-0.18961232616345813,-1.1416708495971692,-1.3312831757606274,0.95205852343371111,0.99999999999999989,0.00011841810968427069
5,32,-2.6016314162540475,0.049087385212340351,-0.2821336924098008,-1.1139144397232668,-1.3960481321330676,0.83178074731346596,1,0.0013110501042951084
6,32,-2.5034566458293663,0.049087385212340351,-0.39117584944905515,-1.0812017926114903,-1.4723776420605454,0.69002594316243515,1,0.021870168729815731
7,32,-2.4052818754046852,0.049087385212340351,-0.51568866170042704,-1.0438479489360788,-1.5595366106365058,0.52815928723565175,1,0.36281066077499513
8,32,-2.3071071049800045,0.049087385212340351,-0.65447300271630793,-1.0022126466313144,-1.6566856493476223,0.34773964391500645,1,0.95457515266426063
9,32,-2.2089323345553233,0.049087385212340351,-0.8061923034254781,-0.9566968564185635,-1.7628891598440415,0.15050455299308541,1,0.99907971729452405
10,32,-2.1107575641306422,0.049087385212340351,-0.96938542402390149,-0.90773892023903646,-1.8771243442629379,-0.061646503784865025,1,0.99998676893794569
11,32,-2.0125827937059615,0.049087385212340351,-1.1424807255497802,-0.8558103297812728,-1.9982910553310531,-0.28667039576850739,1,0.99999985308447314
12,32,-1.9144080232812801,0.049087385212340351,-1.3238112056259048,-0.8014111857584354,-2.12522239138434,-0.52240001986746942,1,0.99999999868311984
13,32,-1.8162332528565992,0.049087385212340351,-1.5116305526038172,-0.74506538166506175,-2.2566959342688788,-0.76656517093875542,1,0.99999999999002864
14,32,-1.7180584824319181,0.049087385212340351,-1.7041299634996214,-0.68731555839632041,-2.3914455218959416,-1.016814405103301,1,0.99999999999993316
15,32,-1.6198837120072371,0.049087385212340351,-1.8994555637555088,-0.62871787831955428,-2.528173442075063,-1.2707376854359547,1,0.99999999999999956
16,32,-1.521708941582556,0.049087385212340351,-2.095726261065181,-0.56983666912665254,-2.6655629301918333,-1.5258895919385285,1,1
17,32,-1.4235341711578751,0.049087385212340351,-2.2910518613210682,-0.51123898904988641,-2.8022908503709547,-1.7798128722711817,1,1
18,32,-1.3253594007331939,0.049087385212340351,-2.4835512722168729,-0.45348916578114501,-2.9370404379980179,-2.0300621064357278,1,1
19,32,-1.227184630308513,0.049087385212340351,-2.6713706191947848,-0.39714336168777142,-3.0685139808825563,-2.2742272575070133,1,1
20,32,-1.1290098598838321,0.049087385212340351,-2.8527010992709085,-0.34274421766493424,-3.1954453169358428,-2.5099568816059743,1,1
21,32,-1.0308350894591509,0.049087385212340351,-3.0257964007967884,-0.29081562720717041,-3.3166120280039588,-2.7349807735896179,1,1
22,32,-0.93266031903446978,0.049087385212340351,-3.1889895213952117,-0.24185769102764335,-3.4308472124228553,-2.9471318303675682,1,1
23,32,-0.83448554860978863,0.049087385212340351,-3.3407088221043821,-0.19634190081489231,-3.5370507229192745,-3.1443669212894898,1,1
24,32,-0.73631077818510793,0.049087385212340351,-3.4794931631202628,-0.15470659851012805,-3.6341997616303909,-3.3247865646101347,1,1
25,32,-0.63813600776042678,0.049087385212340351,-3.6040059753716349,-0.11735275483471647,-3.7213587302063513,-3.4866532205369185,1,1
26,32,-0.53996123733574564,0.049087385212340351,-3.713048132410889,-0.084640107722940172,-3.7976882401338292,-3.6284080246879489,1,1
27,32,-0.44178646691106449,0.049087385212340351,-3.8055694986572317,-0.056883697849037372,-3.8624531965062689,-3.7486858008081945,1,1
28,32,-0.34361169648638379,0.049087385212340351,-3.8806790427763862,-0.034350834613291026,-3.915029877389677,-3.8463282081630954,1,1
29,32,-0.24543692606170264,0.049087385212340351,-3.9376534187994325,-0.017258521806377058,-3.9549119406058098,-3.9203948969930553,1,1
30,32,-0.1472621556370215,0.049087385212340351,-3.9759439323399066,-0.0057713677442348338,-3.9817153000841414,-3.9701725645956718,1,1
31,32,-0.049087385212340351,0.049087385212340351,-3.9951818248206896,0,-3.9951818248206896,-3.9951818248206896,1,1
32,32,0.049087385212340351,0.049087385212340351,-3.9951818248206896,0,-3.9951818248206896,-3.9951818248206896,1,1
33,32,0.1472621556370215,0.049087385212340351,-3.9759439323399066,-0.0057713677442348338,-3.9817153000841414,-3.9701725645956718,1,1
34,32,0.24543692606170264,0.049087385212340351,-3.9376534187994325,-0.017258521806377058,-3.9549119406058098,-3.9203948969930553,1,1
35,32,0.34361169648638379,0.049087385212340351,-3.8806790427763862,-0.034350834613291026,-3.915029877389677,-3.8463282081630954,1,1
36,32,0.44178646691106449,0.049087385212340351,-3.8055694986572317,-0.056883697849037372,-3.8624531965062689,-3.7486858008081945,1,1
37,32,0.53996123733574564,0.049087385212340351,-3.713048132410889,-0.084640107722940172,-3.7976882401338292,-3.6284080246879489,1,1
38,32,0.63813600776042678,0.049087385212340351,-3.6040059753716349,-0.11735275483471647,-3.7213587302063513,-3.4866532205369185,1,1
39,32,0.73631077818510793,0.049087385212340351,-3.4794931631202628,-0.15470659851012805,-3.6341997616303909,-3.3247865646101347,1,1
40,32,0.83448554860978863,0.049087385212340351,-3.3407088221043821,-0.19634190081489231,-3.5370507229192745,-3.1443669212894898,1,1
41,32,0.93266031903447022,0.049087385212340351,-3.1889895213952109,-0.24185769102764362,-3.4308472124228544,-2.9471318303675673,1,1
42,32,1.0308350894591509,0.049087385212340351,-3.0257964007967884,-0.29081562720717041,-3.3166120280039588,-2.7349807735896179,1,1
43,32,1.1290098598838316,0.049087385212340351,-2.8527010992709094,-0.34274421766493407,-3.1954453169358437,-2.5099568816059752,1,1
44,32,1.2271846303085132,0.049087385212340351,-2.6713706191947844,-0.39714336168777159,-3.0685139808825559,-2.2742272575070128,1,1
45,32,1.3253594007331939,0.049087385212340351,-2.4835512722168729,-0.45348916578114501,-2.9370404379980179,-2.0300621064357278,1,1
46,32,1.4235341711578746,0.049087385212340351,-2.2910518613210691,-0.51123898904988618,-2.8022908503709552,-1.779812872271183,1,1
47,32,1.5217089415825562,0.049087385212340351,-2.0957262610651806,-0.56983666912665265,-2.6655629301918333,-1.5258895919385278,1,1
48,32,1.6198837120072369,0.049087385212340351,-1.8994555637555093,-0.62871787831955417,-2.5281734420750634,-1.2707376854359551,1,0.99999999999999956
49,32,1.7180584824319185,0.049087385212340351,-1.7041299634996205,-0.68731555839632075,-2.3914455218959412,-1.0168144051032999,1,0.99999999999993316
50,32,1.8162332528565992,0.049087385212340351,-1.5116305526038172,-0.74506538166506175,-2.2566959342688788,-0.76656517093875542,1,0.99999999999002864
51,32,1.9144080232812799,0.049087385212340351,-1.3238112056259053,-0.80141118575843528,-2.1252223913843404,-0.52240001986746998,1,0.99999999868311984
52,32,2.0125827937059615,0.049087385212340351,-1.1424807255497802,-0.8558103297812728,-1.9982910553310531,-0.28667039576850739,1,0.99999985308447314
53,32,2.1107575641306422,0.049087385212340351,-0.96938542402390149,-0.90773892023903646,-1.8771243442629379,-0.061646503784865025,1,0.99998676893794569
54,32,2.2089323345553229,0.049087385212340351,-0.80619230342547898,-0.95669685641856317,-1.7628891598440422,0.15050455299308418,1,0.99907971729452405
55,32,2.3071071049800045,0.049087385212340351,-0.65447300271630793,-1.0022126466313144,-1.6566856493476223,0.34773964391500645,1,0.95457515266426063
56,32,2.4052818754046852,0.049087385212340351,-0.51568866170042704,-1.0438479489360788,-1.5595366106365058,0.52815928723565175,1,0.36281066077499513
57,32,2.5034566458293668,0.049087385212340351,-0.3911758494490547,-1.0812017926114905,-1.4723776420605452,0.69002594316243582,1,0.021870168729815453
58,32,2.6016314162540475,0.049087385212340351,-0.2821336924098008,-1.1139144397232668,-1.3960481321330676,0.83178074731346596,1,0.0013110501042951084
59,32,2.6998061866787282,0.049087385212340351,-0.18961232616345858,-1.1416708495971692,-1.3312831757606278,0.95205852343371067,0.99999999999999989,0.00011841810968427069
60,32,2.7979809571034098,0.049087385212340351,-0.1145027820443032,-1.1642037128329159,-1.2787064948772191,1.0497009307886127,0.99999999999999967,1.6801617145456582e-05
61,32,2.8961557275280905,0.049087385212340351,-0.057528406021256862,-1.1812960256398297,-1.2388244316610866,1.1237676196185729,0.99999999999999922,3.8196330047757243e-06
62,32,2.9943304979527712,0.049087385212340351,-0.019237892480783003,-1.1927831797019719,-1.2120210721827549,1.1735452872211889,0.99999999999999867,1.4114300384560075e-06
63,32,3.0925052683774528,0.049087385212340351,-0,-1.1985545474462069,-1.1985545474462069,1.1985545474462069,0.99999999999999822,8.5591753345992672e-07
0,33,-3.0925052683774528,0.1472621556370215,0.019237892480782781,-1.1927831797019719,-1.1735452872211891,1.2120210721827547,0.99999999999999711,6.5382762048926679e-07
1,33,-2.9943304979527716,0.1472621556370215,-0,-1.1870118119577371,-1.1870118119577371,1.1870118119577371,0.99999999999999778,1.0781787128655296e-06
2,33,-2.8961557275280905,0.1472621556370215,-0.03829051354047408,-1.1755246578955949,-1.213815171436069,1.1372341443551208,0.99999999999999867,2.9177849599770767e-06
3,33,-2.7979809571034093,0.1472621556370215,-0.095264889563520638,-1.1584323450886811,-1.2536972346522017,1.0631674555251605,0.99999999999999933,1.2834650872262099e-05
4,33,-2.6998061866787286,0.1472621556370215,-0.17037443368267535,-1.1358994818529347,-1.30627391553561,0.9655250481702593,0.99999999999999978,9.0461028118993259e-05
5,33,-2.6016314162540475,0.1472621556370215,-0.26289579992901801,-1.1081430719790317,-1.3710388719080497,0.84524727205001371,1,0.0010018091612354341
6,33,-2.5034566458293663,0.1472621556370215,-0.37193795696827237,-1.0754304248672555,-1.4473683818355279,0.70349246789898312,1,0.016793135175117324
7,33,-2.4052818754046852,0.1472621556370215,-0.49645076921964426,-1.038076581191844,-1.5345273504114882,0.54162581197219972,1,0.30311328759889217
8,33,-2.3071071049800045,0.1472621556370215,-0.63523511023552515,-0.99644127888707967,-1.6316763891226049,0.36120616865155453,1,0.94135823609279168
9,33,-2.2089323345553233,0.1472621556370215,-0.78695441094469532,-0.95092548867432858,-1.7378798996190239,0.16397107772963326,1,0.99879561180078369
10,33,-2.1107575641306422,0.1472621556370215,-0.95014753154311871,-0.90196755249480154,-1.8521150840379201,-0.048179979048317167,1,0.99998267945002639
11,33,-2.0125827937059615,0.1472621556370215,-1.1232428330689976,-0.85003896203703788,-1.9732817951060355,-0.27320387103195976,1,0.99999980767469721
12,33,-1.9144080232812801,0.1472621556370215,-1.3045733131451223,-0.79563981801420047,-2.1002131311593226,-0.50893349513092179,1,0.99999999827608832
13,33,-1.8162332528565992,0.1472621556370215,-1.4923926601230342,-0.73929401392082694,-2.231686674043861,-0.75309864620220723,1,0.99999999998694666
14,33,-1.7180584824319181,0.1472621556370215,-1.6848920710188389,-0.68154419065208549,-2.3664362616709242,-1.0033478803667535,1,0.99999999999991251
15,33,-1.6198837120072371,0.1472621556370215,-1.8802176712747261,-0.62294651057531936,-2.5031641818500452,-1.2572711606994067,1,0.99999999999999944
16,33,-1.521708941582556,0.1472621556370215,-2.0764883685843984,-0.56406530138241773,-2.640553669966816,-1.5124230672019807,1,1
17,33,-1.4235341711578751,0.1472621556370215,-2.2718139688402856,-0.50546762130565148,-2.7772815901459369,-1.7663463475346342,1,1
18,33,-1.3253594007331939,0.1472621556370215,-2.4643133797360899,-0.44771779803691025,-2.9120311777730001,-2.0165955816991796,1,1
19,33,-1.227184630308513,0.1472621556370215,-2.6521327267140022,-0.39137199394353656,-3.043504720657539,-2.2607607327704655,1,1
20,33,-1.1290098598838321,0.1472621556370215,-2.833463206790126,-0.33697284992069942,-3.1704360567108254,-2.4964903568694266,1,1
21,33,-1.0308350894591509,0.1472621556370215,-3.0065585083160054,-0.2850442594629356,-3.291602767778941,-2.7215142488530697,1,1
22,33,-0.93266031903446978,0.1472621556370215,-3.1697516289144287,-0.23608632328340851,-3.405837952197837,-2.9336653056310205,1,1
23,33,-0.83448554860978863,0.1472621556370215,-3.3214709296235991,-0.19057053307065747,-3.5120414626942567,-3.1309003965529416,1,1
24,33,-0.73631077818510793,0.1472621556370215,-3.4602552706394798,-0.14893523076589321,-3.6091905014053731,-3.3113200398735865,1,1
25,33,-0.63813600776042678,0.1472621556370215,-3.5847680828908519,-0.11158138709048164,-3.6963494699813335,-3.4731866958003703,1,1
26,33,-0.53996123733574564,0.1472621556370215,-3.693810239930106,-0.078868739978705332,-3.7726789799088114,-3.6149414999514007,1,1
27,33,-0.44178646691106449,0.1472621556370215,-3.7863316061764491,-0.051112330104802539,-3.8374439362812516,-3.7352192760716467,1,1
28,33,-0.34361169648638379,0.1472621556370215,-3.8614411502956036,-0.028579466869056189,-3.8900206171646596,-3.8328616834265476,1,1
29,33,-0.24543692606170264,0.1472621556370215,-3.91841552631865,-0.011487154062142223,-3.9299026803807924,-3.9069283722565076,1,1
30,33,-0.1472621556370215,0.1472621556370215,-3.9567060398591241,0,-3.9567060398591241,-3.9567060398591241,1,1
31,33,-0.049087385212340351,0.1472621556370215,-3.9759439323399066,0.0057713677442348338,-3.9701725645956718,-3.9817153000841414,1,1
32,33,0.049087385212340351,0.1472621556370215,-3.9759439323399066,0.0057713677442348338,-3.9701725645956718,-3.9817153000841414,1,1
33,33,0.1472621556370215,0.1472621556370215,-3.9567060398591241,0,-3.9567060398591241,-3.9567060398591241,1,1
34,33,0.24543692606170264,0.1472621556370215,-3.91841552631865,-0.011487154062142223,-3.9299026803807924,-3.9069283722565076,1,1
35,33,0.34361169648638379,0.1472621556370215,-3.8614411502956036,-0.028579466869056189,-3.8900206171646596,-3.8328616834265476,1,1
36,33,0.44178646691106449,0.1472621556370215,-3.7863316061764491,-0.051112330104802539,-3.8374439362812516,-3.7352192760716467,1,1
37,33,0.53996123733574564,0.1472621556370215,-3.693810239930106,-0.078868739978705332,-3.7726789799088114,-3.6149414999514007,1,1
38,33,0.63813600776042678,0.1472621556370215,-3.5847680828908519,-0.11158138709048164,-3.6963494699813335,-3.4731866958003703,1,1
39,33,0.73631077818510793,0.1472621556370215,-3.4602552706394798,-0.14893523076589321,-3.6091905014053731,-3.3113200398735865,1,1
40,33,0.83448554860978863,0.1472621556370215,-3.3214709296235991,-0.19057053307065747,-3.5120414626942567,-3.1309003965529416,1,1
41,33,0.93266031903447022,0.1472621556370215,-3.1697516289144279,-0.23608632328340878,-3.4058379521978366,-2.9336653056310191,1,1
42,33,1.0308350894591509,0.1472621556370215,-3.0065585083160054,-0.2850442594629356,-3.291602767778941,-2.7215142488530697,1,1
43,33,1.1290098598838316,0.1472621556370215,-2.8334632067901269,-0.33697284992069915,-3.1704360567108258,-2.4964903568694279,1,1
44,33,1.2271846303085132,0.1472621556370215,-2.6521327267140018,-0.39137199394353667,-3.0435047206575385,-2.2607607327704651,1,1
45,33,1.3253594007331939,0.1472621556370215,-2.4643133797360899,-0.44771779803691025,-2.9120311777730001,-2.0165955816991796,1,1
46,33,1.4235341711578746,0.1472621556370215,-2.2718139688402865,-0.50546762130565126,-2.7772815901459378,-1.7663463475346353,1,1
47,33,1.5217089415825562,0.1472621556370215,-2.076488368584398,-0.56406530138241784,-2.640553669966816,-1.5124230672019801,1,1
48,33,1.6198837120072369,0.1472621556370215,-1.8802176712747265,-0.62294651057531925,-2.5031641818500456,-1.2572711606994074,1,0.99999999999999944
49,33,1.7180584824319185,0.1472621556370215,-1.684892071018838,-0.68154419065208582,-2.3664362616709238,-1.0033478803667522,1,0.99999999999991251
50,33,1.8162332528565992,0.1472621556370215,-1.4923926601230342,-0.73929401392082694,-2.231686674043861,-0.75309864620220723,1,0.99999999998694666
51,33,1.9144080232812799,0.1472621556370215,-1.3045733131451227,-0.79563981801420036,-2.1002131311593231,-0.50893349513092234,1,0.99999999827608832
52,33,2.0125827937059615,0.1472621556370215,-1.1232428330689976,-0.85003896203703788,-1.9732817951060355,-0.27320387103195976,1,0.99999980767469721
53,33,2.1107575641306422,0.1472621556370215,-0.95014753154311871,-0.90196755249480154,-1.8521150840379201,-0.048179979048317167,1,0.99998267945002639
54,33,2.2089323345553229,0.1472621556370215,-0.7869544109446962,-0.95092548867432836,-1.7378798996190246,0.16397107772963215,1,0.99879561180078369
55,33,2.3071071049800045,0.1472621556370215,-0.63523511023552515,-0.99644127888707967,-1.6316763891226049,0.36120616865155453,1,0.94135823609279168
56,33,2.4052818754046852,0.1472621556370215,-0.49645076921964426,-1.038076581191844,-1.5345273504114882,0.54162581197219972,1,0.30311328759889217
57,33,2.5034566458293668,0.1472621556370215,-0.37193795696827192,-1.0754304248672555,-1.4473683818355274,0.70349246789898356,1,0.016793135175117158
58,33,2.6016314162540475,0.1472621556370215,-0.26289579992901801,-1.1081430719790317,-1.3710388719080497,0.84524727205001371,1,0.0010018091612354341
59,33,2.6998061866787282,0.1472621556370215,-0.1703744336826758,-1.1358994818529344,-1.3062739155356102,0.96552504817025864,0.99999999999999978,9.0461028118993259e-05
60,33,2.7979809571034098,0.1472621556370215,-0.095264889563520416,-1.1584323450886811,-1.2536972346522015,1.0631674555251607,0.99999999999999933,1.2834650872262099e-05
61,33,2.8961557275280905,0.1472621556370215,-0.03829051354047408,-1.1755246578955949,-1.213815171436069,1.1372341443551208,0.99999999999999867,2.9177849599770767e-06
62,33,2.9943304979527712,0.1472621556370215,-2.2204460492503131e-16,-1.1870118119577371,-1.1870118119577373,1.1870118119577369,0.99999999999999778,1.0781787128655296e-06
63,33,3.0925052683774528,0.1472621556370215,0.019237892480782781,-1.1927831797019719,-1.1735452872211891,1.2120210721827547,0.99999999999999711,6.5382762048926679e-07
0,34,-3.0925052683774528,0.24543692606170264,0.057528406021256862,-1.1812960256398297,-1.1237676196185729,1.2388244316610866,0.99999999999999212,3.8251842465752972e-07
1,34,-2.9943304979527716,0.24543692606170264,0.03829051354047408,-1.1755246578955949,-1.1372341443551208,1.213815171436069,0.999999999999994,6.3078291967499922e-07
2,34,-2.8961557275280905,0.24543692606170264,-0,-1.1640375038334527,-1.1640375038334527,1.1640375038334527,0.99999999999999645,1.7070364114468717e-06
3,34,-2.7979809571034093,0.24543692606170264,-0.056974376023046558,-1.1469451910265389,-1.2039195670495855,1.0899708150034924,0.99999999999999845,7.5088832199310396e-06
4,34,-2.6998061866787286,0.24543692606170264,-0.13208392014220127,-1.1244123277907923,-1.2564962479329935,0.99232840764859098,0.99999999999999944,5.2925723005303738e-05
5,34,-2.6016314162540475,0.24543692606170264,-0.22460528638854393,-1.0966559179168895,-1.3212612043054335,0.87205063152834561,0.99999999999999978,0.00058634679134350609
6,34,-2.5034566458293663,0.24543692606170264,-0.33364744342779828,-1.0639432708051133,-1.3975907142329116,0.73029582737731502,1,0.0098936762218309049
7,34,-2.4052818754046852,0.24543692606170264,-0.45816025567917018,-1.0265894271297016,-1.4847496828088718,0.5684291714505314,1,0.20284881120116394
8,34,-2.3071071049800045,0.24543692606170264,-0.59694459669505107,-0.98495412482493749,-1.5818987215199884,0.38800952812988643,1,0.90376788605061398
9,34,-2.2089323345553233,0.24543692606170264,-0.74866389740422123,-0.9394383346121864,-1.6881022320164076,0.19077443720796516,1,0.99794313076966001
10,34,-2.1107575641306422,0.24543692606170264,-0.91185701800264463,-0.89048039843265936,-1.8023374164353041,-0.021376619569985267,1,0.99997039484324146
11,34,-2.0125827937059615,0.24543692606170264,-1.0849523195285236,-0.8385518079748957,-1.9235041275034193,-0.24640051155362785,1,0.99999967126390787
12,34,-1.9144080232812801,0.24543692606170264,-1.2662827996046482,-0.78415266395205829,-2.0504354635567066,-0.48213013565258989,1,0.99999999705336706
13,34,-1.8162332528565992,0.24543692606170264,-1.4541021465825601,-0.72780685985868476,-2.181909006441245,-0.72629528672387533,1,0.99999999997768818
14,34,-1.7180584824319181,0.24543692606170264,-1.6466015574783648,-0.67005703658994331,-2.3166585940683082,-0.97654452088842147,1,0.99999999999985034
15,34,-1.6198837120072371,0.24543692606170264,-1.841927157734252,-0.61145935651317718,-2.4533865142474292,-1.2304678012210748,1,0.99999999999999911
16,34,-1.521708941582556,0.24543692606170264,-2.0381978550439244,-0.55257814732027555,-2.5907760023641999,-1.4856197077236488,1,1
17,34,-1.4235341711578751,0.24543692606170264,-2.2335234552998116,-0.4939804672435093,-2.7275039225433209,-1.7395429880563023,1,1
18,34,-1.3253594007331939,0.24543692606170264,-2.4260228661956158,-0.43623064397476802,-2.8622535101703837,-1.9897922222208477,1,1
19,34,-1.227184630308513,0.24543692606170264,-2.6138422131735282,-0.37988483988139432,-2.9937270530549225,-2.2339573732921338,1,1
20,34,-1.1290098598838321,0.24543692606170264,-2.7951726932496519,-0.32548569585855719,-3.1206583891082089,-2.4696869973910949,1,1
21,34,-1.0308350894591509,0.24543692606170264,-2.9682679947755313,-0.27355710540079337,-3.2418251001763245,-2.694710889374738,1,1
22,34,-0.93266031903446978,0.24543692606170264,-3.1314611153739547,-0.2245991692212663,-3.356060284595221,-2.9068619461526883,1,1
23,34,-0.83448554860978863,0.24543692606170264,-3.2831804160831251,-0.17908337900851526,-3.4622637950916402,-3.1040970370746099,1,1
24,34,-0.73631077818510793,0.24543692606170264,-3.4219647570990057,-0.13744807670375098,-3.5594128338027566,-3.2845166803952548,1,1
25,34,-0.63813600776042678,0.24543692606170264,-3.5464775693503778,-0.10009423302833942,-3.646571802378717,-3.4463833363220386,1,1
26,34,-0.53996123733574564,0.24543692606170264,-3.655519726389632,-0.067381585916563111,-3.7229013123061949,-3.588138140473069,1,1
27,34,-0.44178646691106449,0.24543692606170264,-3.7480410926359751,-0.039625176042660311,-3.7876662686786355,-3.7084159165933146,1,1
28,34,-0.34361169648638379,0.24543692606170264,-3.8231506367551296,-0.017092312806913968,-3.8402429495620436,-3.8060583239482155,1,1
29,34,-0.24543692606170264,0.24543692606170264,-3.8801250127781759,0,-3.8801250127781759,-3.8801250127781759,1,1
30,34,-0.1472621556370215,0.24543692606170264,-3.91841552631865,0.011487154062142223,-3.9069283722565076,-3.9299026803807924,1,1
31,34,-0.049087385212340351,0.24543692606170264,-3.9376534187994325,0.017258521806377058,-3.9203948969930553,-3.9549119406058098,1,1
32,34,0.049087385212340351,0.24543692606170264,-3.9376534187994325,0.017258521806377058,-3.9203948969930553,-3.9549119406058098,1,1
33,34,0.1472621556370215,0.24543692606170264,-3.91841552631865,0.011487154062142223,-3.9069283722565076,-3.9299026803807924,1,1
34,34,0.24543692606170264,0.24543692606170264,-3.8801250127781759,0,-3.8801250127781759,-3.8801250127781759,1,1
35,34,0.34361169648638379,0.24543692606170264,-3.8231506367551296,-0.017092312806913968,-3.8402429495620436,-3.8060583239482155,1,1
36,34,0.44178646691106449,0.24543692606170264,-3.7480410926359751,-0.039625176042660311,-3.7876662686786355,-3.7084159165933146,1,1
37,34,0.53996123733574564,0.24543692606170264,-3.655519726389632,-0.067381585916563111,-3.7229013123061949,-3.588138140473069,1,1
38,34,0.63813600776042678,0.24543692606170264,-3.5464775693503778,-0.10009423302833942,-3.646571802378717,-3.4463833363220386,1,1
39,34,0.73631077818510793,0.24543692606170264,-3.4219647570990057,-0.13744807670375098,-3.5594128338027566,-3.2845166803952548,1,1
40,34,0.83448554860978863,0.24543692606170264,-3.2831804160831251,-0.17908337900851526,-3.4622637950916402,-3.1040970370746099,1,1
41,34,0.93266031903447022,0.24543692606170264,-3.1314611153739538,-0.22459916922126658,-3.3560602845952205,-2.906861946152687,1,1
42,34,1.0308350894591509,0.24543692606170264,-2.9682679947755313,-0.27355710540079337,-3.2418251001763245,-2.694710889374738,1,1
43,34,1.1290098598838316,0.24543692606170264,-2.7951726932496528,-0.32548569585855691,-3.1206583891082098,-2.4696869973910958,1,1
44,34,1.2271846303085132,0.24543692606170264,-2.6138422131735277,-0.37988483988139443,-2.993727053054922,-2.2339573732921334,1,1
45,34,1.3253594007331939,0.24543692606170264,-2.4260228661956158,-0.43623064397476802,-2.8622535101703837,-1.9897922222208477,1,1
46,34,1.4235341711578746,0.24543692606170264,-2.2335234552998124,-0.49398046724350902,-2.7275039225433213,-1.7395429880563034,1,1
47,34,1.5217089415825562,0.24543692606170264,-2.0381978550439239,-0.55257814732027566,-2.5907760023641995,-1.4856197077236484,1,1
48,34,1.6198837120072369,0.24543692606170264,-1.8419271577342524,-0.61145935651317707,-2.4533865142474296,-1.2304678012210752,1,0.99999999999999911
49,34,1.7180584824319185,0.24543692606170264,-1.6466015574783639,-0.67005703658994353,-2.3166585940683073,-0.97654452088842036,1,0.99999999999985034
50,34,1.8162332528565992,0.24543692606170264,-1.4541021465825601,-0.72780685985868476,-2.181909006441245,-0.72629528672387533,1,0.99999999997768818
51,34,1.9144080232812799,0.24543692606170264,-1.2662827996046486,-0.78415266395205818,-2.050435463556707,-0.48213013565259044,1,0.99999999705336706
52,34,2.0125827937059615,0.24543692606170264,-1.0849523195285236,-0.8385518079748957,-1.9235041275034193,-0.24640051155362785,1,0.99999967126390787
53,34,2.1107575641306422,0.24543692606170264,-0.91185701800264463,-0.89048039843265936,-1.8023374164353041,-0.021376619569985267,1,0.99997039484324146
54,34,2.2089323345553229,0.24543692606170264,-0.74866389740422212,-0.93943833461218607,-1.6881022320164081,0.19077443720796394,1,0.99794313076966012
55,34,2.3071071049800045,0.24543692606170264,-0.59694459669505107,-0.98495412482493749,-1.5818987215199884,0.38800952812988643,1,0.90376788605061398
56,34,2.4052818754046852,0.24543692606170264,-0.45816025567917018,-1.0265894271297016,-1.4847496828088718,0.5684291714505314,1,0.20284881120116394
57,34,2.5034566458293668,0.24543692606170264,-0.33364744342779784,-1.0639432708051133,-1.3975907142329111,0.73029582737731547,1,0.0098936762218307939
58,34,2.6016314162540475,0.24543692606170264,-0.22460528638854393,-1.0966559179168895,-1.3212612043054335,0.87205063152834561,0.99999999999999978,0.00058634679134350609
59,34,2.6998061866787282,0.24543692606170264,-0.13208392014220172,-1.1244123277907923,-1.256496247932994,0.99232840764859054,0.99999999999999944,5.2925723005303738e-05
60,34,2.7979809571034098,0.24543692606170264,-0.056974376023046336,-1.1469451910265389,-1.2039195670495852,1.0899708150034926,0.99999999999999845,7.5088832199310396e-06
61,34,2.8961557275280905,0.24543692606170264,-0,-1.1640375038334527,-1.1640375038334527,1.1640375038334527,0.99999999999999645,1.7070364114468717e-06
62,34,2.9943304979527712,0.24543692606170264,0.038290513540473858,-1.1755246578955949,-1.137234144355121,1.2138151714360688,0.999999999999994,6.3078291967499922e-07
63,34,3.0925052683774528,0.24543692606170264,0.057528406021256862,-1.1812960256398297,-1.1237676196185729,1.2388244316610866,0.99999999999999212,3.8251842465752972e-07
0,35,-3.0925052683774528,0.34361169648638379,0.11450278204430342,-1.1642037128329159,-1.0497009307886125,1.2787064948772193,0.99999999999996536,1.7228253373913205e-07
1,35,-2.9943304979527716,0.34361169648638379,0.095264889563520638,-1.1584323450886811,-1.0631674555251605,1.2536972346522017,0.99999999999997358,2.8409845759247432e-07
2,35,-2.8961557275280905,0.34361169648638379,0.056974376023046558,-1.1469451910265389,-1.0899708150034924,1.2039195670495855,0.99999999999998446,7.6883295874186075e-07
3,35,-2.7979809571034093,0.34361169648638379,-0,-1.1298528782196249,-1.1298528782196249,1.1298528782196249,0.99999999999999301,3.3819403459367514e-06
4,35,-2.6998061866787286,0.34361169648638379,-0.075109544119154714,-1.1073200149838784,-1.1824295591030332,1.0322104708647237,0.99999999999999756,2.3837913144308942e-05
5,35,-2.6016314162540475,0.34361169648638379,-0.16763091036549738,-1.0795636051099755,-1.2471945154754729,0.91193269474447813,0.99999999999999933,0.00026416990040134536
6,35,-2.5034566458293663,0.34361169648638379,-0.27667306740475173,-1.0468509579981993,-1.323524025402951,0.77017789059344754,0.99999999999999978,0.0044803762349315823
7,35,-2.4052818754046852,0.34361169648638379,-0.40118587965612362,-1.0094971143227875,-1.4106829939789112,0.60831123466666392,1,0.10282479061954741
8,35,-2.3071071049800045,0.34361169648638379,-0.53997022067200451,-0.96786181201802346,-1.5078320326900281,0.42789159134601895,1,0.80879018093133237
9,35,-2.2089323345553233,0.34361169648638379,-0.69168952138117468,-0.92234602180527236,-1.614035543186447,0.23065650042409769,1,0.99544457216820681
10,35,-2.1107575641306422,0.34361169648638379,-0.85488264197959807,-0.87338808562574533,-1.7282707276053433,0.018505443646147257,1,0.99993427011459579
11,35,-2.0125827937059615,0.34361169648638379,-1.0279779435054768,-0.82145949516798178,-1.8494374386734584,-0.206518448337495,1,0.99999927010831946
12,35,-1.9144080232812801,0.34361169648638379,-1.2093084235816014,-0.76706035114514437,-1.9763687747267458,-0.44224807243645703,1,0.99999999345759805
13,35,-1.8162332528565992,0.34361169648638379,-1.3971277705595138,-0.71071454705177073,-2.1078423176112846,-0.68641322350774303,1,0.99999999995046118
14,35,-1.7180584824319181,0.34361169648638379,-1.589627181455318,-0.65296472378302939,-2.2425919052383474,-0.93666245767228862,1,0.99999999999966782
15,35,-1.6198837120072371,0.34361169648638379,-1.7849527817112054,-0.59436704370626314,-2.3793198254174683,-1.1905857380049423,1,0.999999999999998
16,35,-1.521708941582556,0.34361169648638379,-1.9812234790208776,-0.53548583451336151,-2.5167093135342391,-1.4457376445075161,1,1
17,35,-1.4235341711578751,0.34361169648638379,-2.1765490792767648,-0.47688815443659538,-2.65343723371336,-1.6996609248401695,1,1
18,35,-1.3253594007331939,0.34361169648638379,-2.3690484901725695,-0.41913833116785398,-2.7881868213404233,-1.9499101590047154,1,1
19,35,-1.227184630308513,0.34361169648638379,-2.5568678371504814,-0.3627925270744804,-2.9196603642249617,-2.1940753100760011,1,1
20,35,-1.1290098598838321,0.34361169648638379,-2.7381983172266056,-0.30839338305164321,-3.046591700278249,-2.4298049341749621,1,1
21,35,-1.0308350894591509,0.34361169648638379,-2.9112936187524845,-0.25646479259387939,-3.1677584113463637,-2.6548288261586053,1,1
22,35,-0.93266031903446978,0.34361169648638379,-3.0744867393509083,-0.20750685641435232,-3.2819935957652606,-2.866979882936556,1,1
23,35,-0.83448554860978863,0.34361169648638379,-3.2262060400600783,-0.16199106620160128,-3.3881971062616794,-3.0642149738584772,1,1
24,35,-0.73631077818510793,0.34361169648638379,-3.3649903810759594,-0.12035576389683701,-3.4853461449727963,-3.2446346171791225,1,1
25,35,-0.63813600776042678,0.34361169648638379,-3.4895031933273311,-0.083001920221425454,-3.5725051135487567,-3.4065012731059054,1,1
26,35,-0.53996123733574564,0.34361169648638379,-3.5985453503665856,-0.050289273109649146,-3.648834623476235,-3.5482560772569363,1,1
27,35,-0.44178646691106449,0.34361169648638379,-3.6910667166129283,-0.022532863235746346,-3.7135995798486747,-3.6685338533771819,1,1
28,35,-0.34361169648638379,0.34361169648638379,-3.7661762607320828,0,-3.7661762607320828,-3.7661762607320828,1,1
29,35,-0.24543692606170264,0.34361169648638379,-3.8231506367551296,0.017092312806913968,-3.8060583239482155,-3.8402429495620436,1,1
30,35,-0.1472621556370215,0.34361169648638379,-3.8614411502956036,0.028579466869056189,-3.8328616834265476,-3.8900206171646596,1,1
31,35,-0.049087385212340351,0.34361169648638379,-3.8806790427763862,0.034350834613291026,-3.8463282081630954,-3.915029877389677,1,1
32,35,0.049087385212340351,0.34361169648638379,-3.8806790427763862,0.034350834613291026,-3.8463282081630954,-3.915029877389677,1,1
33,35,0.1472621556370215,0.34361169648638379,-3.8614411502956036,0.028579466869056189,-3.8328616834265476,-3.8900206171646596,1,1
34,35,0.24543692606170264,0.34361169648638379,-3.8231506367551296,0.017092312806913968,-3.8060583239482155,-3.8402429495620436,1,1
35,35,0.34361169648638379,0.34361169648638379,-3.7661762607320828,0,-3.7661762607320828,-3.7661762607320828,1,1
36,35,0.44178646691106449,0.34361169648638379,-3.6910667166129283,-0.022532863235746346,-3.7135995798486747,-3.6685338533771819,1,1
37,35,0.53996123733574564,0.34361169648638379,-3.5985453503665856,-0.050289273109649146,-3.648834623476235,-3.5482560772569363,1,1
38,35,0.63813600776042678,0.34361169648638379,-3.4895031933273311,-0.083001920221425454,-3.5725051135487567,-3.4065012731059054,1,1
39,35,0.73631077818510793,0.34361169648638379,-3.3649903810759594,-0.12035576389683701,-3.4853461449727963,-3.2446346171791225,1,1
40,35,0.83448554860978863,0.34361169648638379,-3.2262060400600783,-0.16199106620160128,-3.3881971062616794,-3.0642149738584772,1,1
41,35,0.93266031903447022,0.34361169648638379,-3.0744867393509074,-0.2075068564143526,-3.2819935957652602,-2.8669798829365547,1,1
42,35,1.0308350894591509,0.34361169648638379,-2.9112936187524845,-0.25646479259387939,-3.1677584113463637,-2.6548288261586053,1,1
43,35,1.1290098598838316,0.34361169648638379,-2.738198317226606,-0.30839338305164304,-3.046591700278249,-2.429804934174963,1,1
44,35,1.2271846303085132,0.34361169648638379,-2.5568678371504809,-0.36279252707448056,-2.9196603642249617,-2.1940753100760002,1,1
45,35,1.3253594007331939,0.34361169648638379,-2.3690484901725695,-0.41913833116785398,-2.7881868213404233,-1.9499101590047154,1,1
46,35,1.4235341711578746,0.34361169648638379,-2.1765490792767657,-0.4768881544365951,-2.6534372337133609,-1.6996609248401706,1,1
47,35,1.5217089415825562,0.34361169648638379,-1.9812234790208771,-0.53548583451336162,-2.5167093135342387,-1.4457376445075156,1,1
48,35,1.6198837120072369,0.34361169648638379,-1.7849527817112059,-0.59436704370626303,-2.3793198254174688,-1.1905857380049429,1,0.999999999999998
49,35,1.7180584824319185,0.34361169648638379,-1.5896271814553171,-0.65296472378302972,-2.2425919052383469,-0.9366624576722874,1,0.99999999999966782
50,35,1.8162332528565992,0.34361169648638379,-1.3971277705595138,-0.71071454705177073,-2.1078423176112846,-0.68641322350774303,1,0.99999999995046118
51,35,1.9144080232812799,0.34361169648638379,-1.2093084235816018,-0.76706035114514426,-1.9763687747267462,-0.44224807243645758,1,0.99999999345759805
52,35,2.0125827937059615,0.34361169648638379,-1.0279779435054768,-0.82145949516798178,-1.8494374386734584,-0.206518448337495,1,0.99999927010831946
53,35,2.1107575641306422,0.34361169648638379,-0.85488264197959807,-0.87338808562574533,-1.7282707276053433,0.018505443646147257,1,0.99993427011459579
54,35,2.2089323345553229,0.34361169648638379,-0.69168952138117556,-0.92234602180527203,-1.6140355431864477,0.23065650042409647,1,0.99544457216820703
55,35,2.3071071049800045,0.34361169648638379,-0.53997022067200451,-0.96786181201802346,-1.5078320326900281,0.42789159134601895,1,0.80879018093133237
56,35,2.4052818754046852,0.34361169648638379,-0.40118587965612362,-1.0094971143227875,-1.4106829939789112,0.60831123466666392,1,0.10282479061954741
57,35,2.5034566458293668,0.34361169648638379,-0.27667306740475128,-1.0468509579981995,-1.3235240254029508,0.77017789059344821,0.99999999999999978,0.0044803762349315268
58,35,2.6016314162540475,0.34361169648638379,-0.16763091036549738,-1.0795636051099755,-1.2471945154754729,0.91193269474447813,0.99999999999999933,0.00026416990040134536
59,35,2.6998061866787282,0.34361169648638379,-0.075109544119155158,-1.1073200149838782,-1.1824295591030334,1.0322104708647231,0.99999999999999756,2.3837913144308942e-05
60,35,2.7979809571034098,0.34361169648638379,2.2204460492503131e-16,-1.1298528782196249,-1.1298528782196247,1.1298528782196251,0.99999999999999301,3.3819403459367514e-06
61,35,2.8961557275280905,0.34361169648638379,0.056974376023046558,-1.1469451910265389,-1.0899708150034924,1.2039195670495855,0.99999999999998446,7.6883295874186075e-07
62,35,2.9943304979527712,0.34361169648638379,0.095264889563520416,-1.1584323450886809,-1.0631674555251605,1.2536972346522013,0.99999999999997358,2.8409845759247432e-07
63,35,3.0925052683774528,0.34361169648638379,0.11450278204430342,-1.1642037128329159,-1.0497009307886125,1.2787064948772193,0.99999999999996536,1.7228253373913205e-07
0,36,-3.0925052683774528,0.44178646691106449,0.18961232616345791,-1.1416708495971695,-0.95205852343371156,1.3312831757606274,0.99999999999975597,6.0195780693383938e-08
1,36,-2.9943304979527716,0.44178646691106449,0.17037443368267513,-1.1358994818529347,-0.96552504817025953,1.3062739155356098,0.99999999999981348,9.9264442665614183e-08
2,36,-2.8961557275280905,0.44178646691106449,0.13208392014220105,-1.1244123277907925,-0.99232840764859143,1.2564962479329935,0.99999999999989098,2.6863151547651398e-07
3,36,-2.7979809571034093,0.44178646691106449,0.075109544119154492,-1.1073200149838784,-1.032210470864724,1.1824295591030329,0.99999999999995093,1.1816575949397112e-06
4,36,-2.6998061866787286,0.44178646691106449,-2.2204460492503131e-16,-1.084787151748132,-1.0847871517481322,1.0847871517481318,0.9999999999999829,8.3291315399747212e-06
5,36,-2.6016314162540475,0.44178646691106449,-0.092521366246342884,-1.0570307418742291,-1.149552108120572,0.96450937562788619,0.99999999999999534,9.2317223163440598e-05
6,36,-2.5034566458293663,0.44178646691106449,-0.20156352328559723,-1.0243180947624528,-1.2258816180480501,0.8227545714768556,0.999999999999999,0.0015700266425904275
7,36,-2.4052818754046852,0.44178646691106449,-0.32607633553696913,-0.98696425108704133,-1.3130405866240105,0.6608879155500722,0.99999999999999978,0.038502887959844523
8,36,-2.3071071049800045,0.44178646691106449,-0.46486067655285002,-0.94532894878227713,-1.4101896253351272,0.48046827222942712,1,0.59643544625623868
9,36,-2.2089323345553233,0.44178646691106449,-0.61657997726202018,-0.89981315856952604,-1.5163931358315463,0.28323318130750585,1,0.98707185823273358
10,36,-2.1107575641306422,0.44178646691106449,-0.77977309786044358,-0.850855222389999,-1.6306283202504426,0.071082124529555424,1,0.99981190165598521
11,36,-2.0125827937059615,0.44178646691106449,-0.9528683993863224,-0.79892663193223545,-1.751795031318558,-0.15394176745408694,1,0.99999791102582547
12,36,-1.9144080232812801,0.44178646691106449,-1.1341988794624469,-0.74452748790939804,-1.8787263673718448,-0.38967139155304886,1,0.99999998127540335
13,36,-1.8162332528565992,0.44178646691106449,-1.3220182264403593,-0.68818168381602429,-2.0101999102563837,-0.63383654262433498,1,0.99999999985821808
14,36,-1.7180584824319181,0.44178646691106449,-1.5145176373361635,-0.63043186054728306,-2.1449494978834465,-0.88408577678888045,1,0.99999999999904943
15,36,-1.6198837120072371,0.44178646691106449,-1.7098432375920509,-0.57183418047051682,-2.2816774180625679,-1.138009057121534,1,0.999999999999994
16,36,-1.521708941582556,0.44178646691106449,-1.9061139349017231,-0.51295297127761519,-2.4190669061793382,-1.393160963624108,1,1
17,36,-1.4235341711578751,0.44178646691106449,-2.1014395351576103,-0.45435529120084905,-2.5557948263584596,-1.6470842439567612,1,1
18,36,-1.3253594007331939,0.44178646691106449,-2.293938946053415,-0.39660546793210766,-2.6905444139855228,-1.8973334781213074,1,1
19,36,-1.227184630308513,0.44178646691106449,-2.4817582930313269,-0.34025966383873407,-2.8220179568700612,-2.1414986291925926,1,1
20,36,-1.1290098598838321,0.44178646691106449,-2.6630887731074511,-0.28586051981589689,-2.9489492929233481,-2.3772282532915541,1,1
21,36,-1.0308350894591509,0.44178646691106449,-2.83618407463333,-0.23393192935813306,-3.0701160039914632,-2.6022521452751968,1,1
22,36,-0.93266031903446978,0.44178646691106449,-2.9993771952317538,-0.18497399317860599,-3.1843511884103597,-2.814403202053148,1,1
23,36,-0.83448554860978863,0.44178646691106449,-3.1510964959409238,-0.13945820296585493,-3.2905546989067789,-3.0116382929750687,1,1
24,36,-0.73631077818510793,0.44178646691106449,-3.2898808369568049,-0.097822900661090673,-3.3877037376178958,-3.192057936295714,1,1
25,36,-0.63813600776042678,0.44178646691106449,-3.4143936492081766,-0.060469056985679101,-3.4748627061938557,-3.3539245922224974,1,1
26,36,-0.53996123733574564,0.44178646691106449,-3.5234358062474311,-0.027756409873902797,-3.5511922161213341,-3.4956793963735282,1,1
27,36,-0.44178646691106449,0.44178646691106449,-3.6159571724937738,0,-3.6159571724937738,-3.6159571724937738,1,1
28,36,-0.34361169648638379,0.44178646691106449,-3.6910667166129283,0.022532863235746346,-3.6685338533771819,-3.7135995798486747,1,1
29,36,-0.24543692606170264,0.44178646691106449,-3.7480410926359751,0.039625176042660311,-3.7084159165933146,-3.7876662686786355,1,1
30,36,-0.1472621556370215,0.44178646691106449,-3.7863316061764491,0.051112330104802539,-3.7352192760716467,-3.8374439362812516,1,1
31,36,-0.049087385212340351,0.44178646691106449,-3.8055694986572317,0.056883697849037372,-3.7486858008081945,-3.8624531965062689,1,1
32,36,0.049087385212340351,0.44178646691106449,-3.8055694986572317,0.056883697849037372,-3.7486858008081945,-3.8624531965062689,1,1
33,36,0.1472621556370215,0.44178646691106449,-3.7863316061764491,0.051112330104802539,-3.7352192760716467,-3.8374439362812516,1,1
34,36,0.24543692606170264,0.44178646691106449,-3.7480410926359751,0.039625176042660311,-3.7084159165933146,-3.7876662686786355,1,1
35,36,0.34361169648638379,0.44178646691106449,-3.6910667166129283,0.022532863235746346,-3.6685338533771819,-3.7135995798486747,1,1
36,36,0.44178646691106449,0.44178646691106449,-3.6159571724937738,0,-3.6159571724937738,-3.6159571724937738,1,1
37,36,0.53996123733574564,0.44178646691106449,-3.5234358062474311,-0.027756409873902797,-3.5511922161213341,-3.4956793963735282,1,1
38,36,0.63813600776042678,0.44178646691106449,-3.4143936492081766,-0.060469056985679101,-3.4748627061938557,-3.3539245922224974,1,1
39,36,0.73631077818510793,0.44178646691106449,-3.2898808369568049,-0.097822900661090673,-3.3877037376178958,-3.192057936295714,1,1
40,36,0.83448554860978863,0.44178646691106449,-3.1510964959409238,-0.13945820296585493,-3.2905546989067789,-3.0116382929750687,1,1
41,36,0.93266031903447022,0.44178646691106449,-2.9993771952317529,-0.18497399317860624,-3.1843511884103592,-2.8144032020531466,1,1
42,36,1.0308350894591509,0.44178646691106449,-2.83618407463333,-0.23393192935813306,-3.0701160039914632,-2.6022521452751968,1,1
43,36,1.1290098598838316,0.44178646691106449,-2.6630887731074515,-0.28586051981589666,-2.9489492929233481,-2.377228253291555,1,1
44,36,1.2271846303085132,0.44178646691106449,-2.4817582930313264,-0.34025966383873418,-2.8220179568700607,-2.1414986291925922,1,1
45,36,1.3253594007331939,0.44178646691106449,-2.293938946053415,-0.39660546793210766,-2.6905444139855228,-1.8973334781213074,1,1
46,36,1.4235341711578746,0.44178646691106449,-2.1014395351576112,-0.45435529120084878,-2.55579482635846,-1.6470842439567623,1,1
47,36,1.5217089415825562,0.44178646691106449,-1.9061139349017227,-0.5129529712776153,-2.4190669061793377,-1.3931609636241074,1,1
48,36,1.6198837120072369,0.44178646691106449,-1.7098432375920514,-0.57183418047051671,-2.2816774180625679,-1.1380090571215347,1,0.999999999999994
49,36,1.7180584824319185,0.44178646691106449,-1.5145176373361626,-0.63043186054728328,-2.144949497883446,-0.88408577678887934,1,0.99999999999904943
50,36,1.8162332528565992,0.44178646691106449,-1.3220182264403593,-0.68818168381602429,-2.0101999102563837,-0.63383654262433498,1,0.99999999985821808
51,36,1.9144080232812799,0.44178646691106449,-1.1341988794624474,-0.74452748790939793,-1.8787263673718453,-0.38967139155304942,1,0.99999998127540335
52,36,2.0125827937059615,0.44178646691106449,-0.9528683993863224,-0.79892663193223545,-1.751795031318558,-0.15394176745408694,1,0.99999791102582547
53,36,2.1107575641306422,0.44178646691106449,-0.77977309786044358,-0.850855222389999,-1.6306283202504426,0.071082124529555424,1,0.99981190165598521
54,36,2.2089323345553229,0.44178646691106449,-0.61657997726202107,-0.89981315856952571,-1.5163931358315468,0.28323318130750463,1,0.98707185823273391
55,36,2.3071071049800045,0.44178646691106449,-0.46486067655285002,-0.94532894878227713,-1.4101896253351272,0.48046827222942712,1,0.59643544625623868
56,36,2.4052818754046852,0.44178646691106449,-0.32607633553696913,-0.98696425108704133,-1.3130405866240105,0.6608879155500722,0.99999999999999978,0.038502887959844523
57,36,2.5034566458293668,0.44178646691106449,-0.20156352328559679,-1.0243180947624531,-1.2258816180480498,0.82275457147685627,0.999999999999999,0.0015700266425904275
58,36,2.6016314162540475,0.44178646691106449,-0.092521366246342884,-1.0570307418742291,-1.149552108120572,0.96450937562788619,0.99999999999999534,9.2317223163440598e-05
59,36,2.6998061866787282,0.44178646691106449,-6.6613381477509392e-16,-1.0847871517481318,-1.0847871517481324,1.0847871517481311,0.9999999999999829,8.3291315399747212e-06
60,36,2.7979809571034098,0.44178646691106449,0.075109544119154714,-1.1073200149838784,-1.0322104708647237,1.1824295591030332,0.99999999999995093,1.1816575949397112e-06
61,36,2.8961557275280905,0.44178646691106449,0.13208392014220105,-1.1244123277907925,-0.99232840764859143,1.2564962479329935,0.99999999999989098,2.6863151547651398e-07
62,36,2.9943304979527712,0.44178646691106449,0.17037443368267491,-1.1358994818529347,-0.96552504817025975,1.3062739155356096,0.99999999999981348,9.9264442665614183e-08
63,36,3.0925052683774528,0.44178646691106449,0.18961232616345791,-1.1416708495971695,-0.95205852343371156,1.3312831757606274,0.99999999999975597,6.0195780693383938e-08
0,37,-3.0925052683774528,0.53996123733574564,0.28213369240980057,-1.1139144397232668,-0.83178074731346618,1.3960481321330673,0.99999999999729416,1.6482565368125535e-08
1,37,-2.9943304979527716,0.53996123733574564,0.26289579992901779,-1.1081430719790317,-0.84524727205001393,1.3710388719080495,0.99999999999793299,2.7180189265951782e-08
2,37,-2.8961557275280905,0.53996123733574564,0.22460528638854371,-1.0966559179168895,-0.87205063152834583,1.3212612043054333,0.99999999999879075,7.3555606938668916e-08
3,37,-2.7979809571034093,0.53996123733574564,0.16763091036549715,-1.0795636051099757,-0.91193269474447858,1.2471945154754729,0.99999999999945532,3.2355697010544304e-07
4,37,-2.6998061866787286,0.53996123733574564,0.09252136624634244,-1.0570307418742291,-0.96450937562788663,1.1495521081205715,0.99999999999980971,2.2806628283134067e-06
5,37,-2.6016314162540475,0.53996123733574564,-2.2204460492503131e-16,-1.0292743320003266,-1.0292743320003268,1.0292743320003264,0.99999999999994782,2.5279622540508306e-05
6,37,-2.5034566458293663,0.53996123733574564,-0.10904215703925457,-0.99656168488855013,-1.1056038419278047,0.88751952784929555,0.99999999999998868,0.00043038902944070312
7,37,-2.4052818754046852,0.53996123733574564,-0.23355496929062647,-0.95920784121313862,-1.1927628105037651,0.72565287192251215,0.999999999999998,0.010845959720139187
8,37,-2.3071071049800045,0.53996123733574564,-0.37233931030650735,-0.91757253890837431,-1.2899118492148816,0.54523322860186696,0.99999999999999978,0.28809287041859394
9,37,-2.2089323345553233,0.53996123733574564,-0.52405861101567752,-0.87205674869562333,-1.3961153597113007,0.34799813767994581,1,0.95435045190731782
10,37,-2.1107575641306422,0.53996123733574564,-0.68725173161410091,-0.82309881251609629,-1.5103505441301972,0.13584708090199538,1,0.99931339076522163
11,37,-2.0125827937059615,0.53996123733574564,-0.86034703313997973,-0.77117022205833263,-1.6315172551983124,-0.0891768110816471,1,0.99999237092422755
12,37,-1.9144080232812801,0.53996123733574564,-1.0416775132161042,-0.71677107803549522,-1.7584485912515995,-0.32490643518060902,1,0.9999999316161241
13,37,-1.8162332528565992,0.53996123733574564,-1.2294968601940166,-0.66042527394212158,-1.8899221341361381,-0.56907158625189502,1,0.99999999948219975
14,37,-1.7180584824319181,0.53996123733574564,-1.4219962710898209,-0.60267545067338024,-2.0246717217632009,-0.81932082041644061,1,0.99999999999652844
15,37,-1.6198837120072371,0.53996123733574564,-1.6173218713457083,-0.544077770596614,-2.1613996419423223,-1.0732441007490943,1,0.99999999999997835
16,37,-1.521708941582556,0.53996123733574564,-1.8135925686553804,-0.48519656140371237,-2.2987891300590926,-1.3283960072516681,1,0.99999999999999989
17,37,-1.4235341711578751,0.53996123733574564,-2.0089181689112676,-0.42659888132694623,-2.435517050238214,-1.5823192875843213,1,1
18,37,-1.3253594007331939,0.53996123733574564,-2.2014175798070723,-0.36884905805820484,-2.5702666378652772,-1.8325685217488674,1,1
19,37,-1.227184630308513,0.53996123733574564,-2.3892369267849842,-0.31250325396483125,-2.7017401807498156,-2.0767336728201529,1,1
20,37,-1.1290098598838321,0.53996123733574564,-2.570567406861108,-0.25810410994199406,-2.828671516803102,-2.3124632969191139,1,1
21,37,-1.0308350894591509,0.53996123733574564,-2.7436627083869878,-0.20617551948423027,-2.9498382278712181,-2.5374871889027575,1,1
22,37,-0.93266031903446978,0.53996123733574564,-2.9068558289854112,-0.15721758330470317,-3.0640734122901145,-2.7496382456807078,1,1
23,37,-0.83448554860978863,0.53996123733574564,-3.0585751296945816,-0.11170179309195213,-3.1702769227865337,-2.9468733366026294,1,1
24,37,-0.73631077818510793,0.53996123733574564,-3.1973594707104622,-0.070066490787187866,-3.2674259614976502,-3.1272929799232743,1,1
25,37,-0.63813600776042678,0.53996123733574564,-3.3218722829618343,-0.032712647111776301,-3.3545849300736106,-3.2891596358500581,1,1
26,37,-0.53996123733574564,0.53996123733574564,-3.4309144400010885,0,-3.4309144400010885,-3.4309144400010885,1,1
27,37,-0.44178646691106449,0.53996123733574564,-3.5234358062474311,0.027756409873902797,-3.4956793963735282,-3.5511922161213341,1,1
28,37,-0.34361169648638379,0.53996123733574564,-3.5985453503665856,0.050289273109649146,-3.5482560772569363,-3.648834623476235,1,1
29,37,-0.24543692606170264,0.53996123733574564,-3.655519726389632,0.067381585916563111,-3.588138140473069,-3.7229013123061949,1,1
30,37,-0.1472621556370215,0.53996123733574564,-3.693810239930106,0.078868739978705332,-3.6149414999514007,-3.7726789799088114,1,1
31,37,-0.049087385212340351,0.53996123733574564,-3.713048132410889,0.084640107722940172,-3.6284080246879489,-3.7976882401338292,1,1
32,37,0.049087385212340351,0.53996123733574564,-3.713048132410889,0.084640107722940172,-3.6284080246879489,-3.7976882401338292,1,1
33,37,0.1472621556370215,0.53996123733574564,-3.693810239930106,0.078868739978705332,-3.6149414999514007,-3.7726789799088114,1,1
34,37,0.24543692606170264,0.53996123733574564,-3.655519726389632,0.067381585916563111,-3.588138140473069,-3.7229013123061949,1,1
35,37,0.34361169648638379,0.53996123733574564,-3.5985453503665856,0.050289273109649146,-3.5482560772569363,-3.648834623476235,1,1
36,37,0.44178646691106449,0.53996123733574564,-3.5234358062474311,0.027756409873902797,-3.4956793963735282,-3.5511922161213341,1,1
37,37,0.53996123733574564,0.53996123733574564,-3.4309144400010885,0,-3.4309144400010885,-3.4309144400010885,1,1
38,37,0.63813600776042678,0.53996123733574564,-3.3218722829618343,-0.032712647111776301,-3.3545849300736106,-3.2891596358500581,1,1
39,37,0.73631077818510793,0.53996123733574564,-3.1973594707104622,-0.070066490787187866,-3.2674259614976502,-3.1272929799232743,1,1
40,37,0.83448554860978863,0.53996123733574564,-3.0585751296945816,-0.11170179309195213,-3.1702769227865337,-2.9468733366026294,1,1
41,37,0.93266031903447022,0.53996123733574564,-2.9068558289854103,-0.15721758330470345,-3.0640734122901137,-2.7496382456807069,1,1
42,37,1.0308350894591509,0.53996123733574564,-2.7436627083869878,-0.20617551948423027,-2.9498382278712181,-2.5374871889027575,1,1
43,37,1.1290098598838316,0.53996123733574564,-2.5705674068611089,-0.25810410994199384,-2.8286715168031025,-2.3124632969191152,1,1
44,37,1.2271846303085132,0.53996123733574564,-2.3892369267849838,-0.31250325396483142,-2.7017401807498151,-2.0767336728201524,1,1
45,37,1.3253594007331939,0.53996123733574564,-2.2014175798070723,-0.36884905805820484,-2.5702666378652772,-1.8325685217488674,1,1
46,37,1.4235341711578746,0.53996123733574564,-2.0089181689112685,-0.42659888132694596,-2.4355170502382144,-1.5823192875843226,1,1
47,37,1.5217089415825562,0.53996123733574564,-1.81359256865538,-0.48519656140371253,-2.2987891300590926,-1.3283960072516674,1,0.99999999999999989
48,37,1.6198837120072369,0.53996123733574564,-1.6173218713457087,-0.54407777059661389,-2.1613996419423227,-1.0732441007490947,1,0.99999999999997835
49,37,1.7180584824319185,0.53996123733574564,-1.42199627108982,-0.60267545067338057,-2.0246717217632004,-0.81932082041643939,1,0.99999999999652844
50,37,1.8162332528565992,0.53996123733574564,-1.2294968601940166,-0.66042527394212158,-1.8899221341361381,-0.56907158625189502,1,0.99999999948219975
51,37,1.9144080232812799,0.53996123733574564,-1.0416775132161047,-0.71677107803549511,-1.7584485912515997,-0.32490643518060958,1,0.9999999316161241
52,37,2.0125827937059615,0.53996123733574564,-0.86034703313997973,-0.77117022205833263,-1.6315172551983124,-0.0891768110816471,1,0.99999237092422755
53,37,2.1107575641306422,0.53996123733574564,-0.68725173161410091,-0.82309881251609629,-1.5103505441301972,0.13584708090199538,1,0.99931339076522163
54,37,2.2089323345553229,0.53996123733574564,-0.52405861101567841,-0.87205674869562311,-1.3961153597113016,0.3479981376799447,1,0.95435045190731871
55,37,2.3071071049800045,0.53996123733574564,-0.37233931030650735,-0.91757253890837431,-1.2899118492148816,0.54523322860186696,0.99999999999999978,0.28809287041859394
56,37,2.4052818754046852,0.53996123733574564,-0.23355496929062647,-0.95920784121313862,-1.1927628105037651,0.72565287192251215,0.999999999999998,0.010845959720139187
57,37,2.5034566458293668,0.53996123733574564,-0.10904215703925413,-0.99656168488855024,-1.1056038419278043,0.88751952784929611,0.99999999999998868,0.00043038902944070312
58,37,2.6016314162540475,0.53996123733574564,-2.2204460492503131e-16,-1.0292743320003266,-1.0292743320003268,1.0292743320003264,0.99999999999994782,2.5279622540508306e-05
59,37,2.6998061866787282,0.53996123733574564,0.092521366246341996,-1.0570307418742291,-0.96450937562788708,1.1495521081205711,0.99999999999980971,2.2806628283134067e-06
60,37,2.7979809571034098,0.53996123733574564,0.16763091036549738,-1.0795636051099757,-0.91193269474447836,1.2471945154754731,0.99999999999945532,3.2355697010544304e-07
61,37,2.8961557275280905,0.53996123733574564,0.22460528638854371,-1.0966559179168895,-0.87205063152834583,1.3212612043054333,0.99999999999879075,7.3555606938668916e-08
62,37,2.9943304979527712,0.53996123733574564,0.26289579992901757,-1.1081430719790317,-0.84524727205001415,1.3710388719080493,0.99999999999793299,2.7180189265951782e-08
63,37,3.0925052683774528,0.53996123733574564,0.28213369240980057,-1.1139144397232668,-0.83178074731346618,1.3960481321330673,0.99999999999729416,1.6482565368125535e-08
0,38,-3.0925052683774528,0.63813600776042678,0.39117584944905492,-1.0812017926114905,-0.6900259431624356,1.4723776420605454,0.99999999995391431,3.5812539045387837e-09
1,38,-2.9943304979527716,0.63813600776042678,0.37193795696827214,-1.0754304248672555,-0.70349246789898334,1.4473683818355276,0.99999999996479549,5.905583133625214e-09
2,38,-2.8961557275280905,0.63813600776042678,0.33364744342779806,-1.0639432708051133,-0.73029582737731524,1.3975907142329114,0.99999999997940381,1.5981815371102215e-08
3,38,-2.7979809571034093,0.63813600776042678,0.2766730674047515,-1.0468509579981993,-0.77017789059344777,1.3235240254029508,0.99999999999072364,7.030094623106109e-08
4,38,-2.6998061866787286,0.63813600776042678,0.20156352328559679,-1.0243180947624528,-0.82275457147685604,1.2258816180480496,0.99999999999675881,4.9553251907363816e-07
5,38,-2.6016314162540475,0.63813600776042678,0.10904215703925413,-0.99656168488855013,-0.887519527849296,1.1056038419278043,0.99999999999911249,5.4927455277464787e-06
6,38,-2.5034566458293663,0.63813600776042678,-2.2204460492503131e-16,-0.96384903777677378,-0.963849037776774,0.96384903777677355,0.99999999999980715,9.3544405963985611e-05
7,38,-2.4052818754046852,0.63813600776042678,-0.12451281225137212,-0.92649519410136227,-1.0510080063527343,0.80198238184999016,0.99999999999996625,0.002376735903304561
8,38,-2.3071071049800045,0.63813600776042678,-0.263297153267253,-0.88485989179659796,-1.148157045063851,0.62156273852934496,0.99999999999999512,0.080820203401879398
9,38,-2.2089323345553233,0.63813600776042678,-0.41501645397642317,-0.83934410158384698,-1.2543605555602702,0.42432764760742381,0.99999999999999944,0.8195714974216215
10,38,-2.1107575641306422,0.63813600776042678,-0.57820957457484656,-0.79038616540431994,-1.3685957399791664,0.21217659082947338,1,0.99684770794552957
11,38,-2.0125827937059615,0.63813600776042678,-0.75130487610072538,-0.73845757494655628,-1.4897624510472816,-0.0128473011541691,1,0.99996488847504972
12,38,-1.9144080232812801,0.63813600776042678,-0.93263535617685001,-0.68405843092371887,-1.6166937871005689,-0.24857692525313113,1,0.99999968526625826
13,38,-1.8162332528565992,0.63813600776042678,-1.120454703154762,-0.62771262683034534,-1.7481673299851073,-0.49274207632441669,1,0.99999999761684721
14,38,-1.7180584824319181,0.63813600776042678,-1.3129541140505667,-0.56996280356160389,-1.8829169176121705,-0.74299131048896283,1,0.99999999998402234
15,38,-1.6198837120072371,0.63813600776042678,-1.5082797143064539,-0.51136512348483776,-2.0196448377912919,-0.99691459082161615,1,0.99999999999990052
16,38,-1.521708941582556,0.63813600776042678,-1.7045504116161261,-0.45248391429193607,-2.1570343259080622,-1.25206649732419,1,0.99999999999999933
17,38,-1.4235341711578751,0.63813600776042678,-1.8998760118720135,-0.39388623421516988,-2.2937622460871836,-1.5059897776568436,1,1
18,38,-1.3253594007331939,0.63813600776042678,-2.0923754227678177,-0.3361364109464286,-2.4285118337142464,-1.7562390118213891,1,1
19,38,-1.227184630308513,0.63813600776042678,-2.2801947697457301,-0.2797906068530549,-2.5599853765987852,-2.000404162892675,1,1
20,38,-1.1290098598838321,0.63813600776042678,-2.4615252498218538,-0.22539146283021777,-2.6869167126520717,-2.236133786991636,1,1
21,38,-1.0308350894591509,0.63813600776042678,-2.6346205513477332,-0.17346287237245397,-2.8080834237201873,-2.4611576789752792,1,1
22,38,-0.93266031903446978,0.63813600776042678,-2.797813671946157,-0.12450493619292688,-2.9223186081390837,-2.6733087357532304,1,1
23,38,-0.83448554860978863,0.63813600776042678,-2.949532972655327,-0.078989145980175826,-3.0285221186355029,-2.8705438266751511,1,1
24,38,-0.73631077818510793,0.63813600776042678,-3.0883173136712081,-0.037353843675411565,-3.1256711573466198,-3.0509634699957964,1,1
25,38,-0.63813600776042678,0.63813600776042678,-3.2128301259225798,0,-3.2128301259225798,-3.2128301259225798,1,1
26,38,-0.53996123733574564,0.63813600776042678,-3.3218722829618343,0.032712647111776301,-3.2891596358500581,-3.3545849300736106,1,1
27,38,-0.44178646691106449,0.63813600776042678,-3.4143936492081766,0.060469056985679101,-3.3539245922224974,-3.4748627061938557,1,1
28,38,-0.34361169648638379,0.63813600776042678,-3.4895031933273311,0.083001920221425454,-3.4065012731059054,-3.5725051135487567,1,1
29,38,-0.24543692606170264,0.63813600776042678,-3.5464775693503778,0.10009423302833942,-3.4463833363220386,-3.646571802378717,1,1
30,38,-0.1472621556370215,0.63813600776042678,-3.5847680828908519,0.11158138709048164,-3.4731866958003703,-3.6963494699813335,1,1
31,38,-0.049087385212340351,0.63813600776042678,-3.6040059753716349,0.11735275483471647,-3.4866532205369185,-3.7213587302063513,1,1
32,38,0.049087385212340351,0.63813600776042678,-3.6040059753716349,0.11735275483471647,-3.4866532205369185,-3.7213587302063513,1,1
33,38,0.1472621556370215,0.63813600776042678,-3.5847680828908519,0.11158138709048164,-3.4731866958003703,-3.6963494699813335,1,1
34,38,0.24543692606170264,0.63813600776042678,-3.5464775693503778,0.10009423302833942,-3.4463833363220386,-3.646571802378717,1,1
35,38,0.34361169648638379,0.63813600776042678,-3.4895031933273311,0.083001920221425454,-3.4065012731059054,-3.5725051135487567,1,1
36,38,0.44178646691106449,0.63813600776042678,-3.4143936492081766,0.060469056985679101,-3.3539245922224974,-3.4748627061938557,1,1
37,38,0.53996123733574564,0.63813600776042678,-3.3218722829618343,0.032712647111776301,-3.2891596358500581,-3.3545849300736106,1,1
38,38,0.63813600776042678,0.63813600776042678,-3.2128301259225798,0,-3.2128301259225798,-3.2128301259225798,1,1
39,38,0.73631077818510793,0.63813600776042678,-3.0883173136712081,-0.037353843675411565,-3.1256711573466198,-3.0509634699957964,1,1
40,38,0.83448554860978863,0.63813600776042678,-2.949532972655327,-0.078989145980175826,-3.0285221186355029,-2.8705438266751511,1,1
41,38,0.93266031903447022,0.63813600776042678,-2.7978136719461562,-0.12450493619292714,-2.9223186081390833,-2.673308735753229,1,1
42,38,1.0308350894591509,0.63813600776042678,-2.6346205513477332,-0.17346287237245397,-2.8080834237201873,-2.4611576789752792,1,1
43,38,1.1290098598838316,0.63813600776042678,-2.4615252498218547,-0.22539146283021755,-2.6869167126520721,-2.2361337869916373,1,1
44,38,1.2271846303085132,0.63813600776042678,-2.2801947697457297,-0.27979060685305507,-2.5599853765987848,-2.0004041628926745,1,1
45,38,1.3253594007331939,0.63813600776042678,-2.0923754227678177,-0.3361364109464286,-2.4285118337142464,-1.7562390118213891,1,1
46,38,1.4235341711578746,0.63813600776042678,-1.8998760118720144,-0.39388623421516961,-2.293762246087184,-1.5059897776568447,1,1
47,38,1.5217089415825562,0.63813600776042678,-1.7045504116161256,-0.45248391429193624,-2.1570343259080618,-1.2520664973241895,1,0.99999999999999933
48,38,1.6198837120072369,0.63813600776042678,-1.5082797143064544,-0.51136512348483765,-2.0196448377912919,-0.99691459082161671,1,0.99999999999990052
49,38,1.7180584824319185,0.63813600776042678,-1.3129541140505658,-0.56996280356160411,-1.8829169176121701,-0.74299131048896172,1,0.99999999998402234
50,38,1.8162332528565992,0.63813600776042678,-1.120454703154762,-0.62771262683034534,-1.7481673299851073,-0.49274207632441669,1,0.99999999761684721
51,38,1.9144080232812799,0.63813600776042678,-0.93263535617685045,-0.68405843092371876,-1.6166937871005693,-0.24857692525313169,1,0.99999968526625826
52,38,2.0125827937059615,0.63813600776042678,-0.75130487610072538,-0.73845757494655628,-1.4897624510472816,-0.0128473011541691,1,0.99996488847504972
53,38,2.1107575641306422,0.63813600776042678,-0.57820957457484656,-0.79038616540431994,-1.3685957399791664,0.21217659082947338,1,0.99684770794552957
54,38,2.2089323345553229,0.63813600776042678,-0.41501645397642406,-0.83934410158384665,-1.2543605555602708,0.42432764760742259,0.99999999999999944,0.81957149742162505
55,38,2.3071071049800045,0.63813600776042678,-0.263297153267253,-0.88485989179659796,-1.148157045063851,0.62156273852934496,0.99999999999999512,0.080820203401879398
56,38,2.4052818754046852,0.63813600776042678,-0.12451281225137212,-0.92649519410136227,-1.0510080063527343,0.80198238184999016,0.99999999999996625,0.002376735903304561
57,38,2.5034566458293668,0.63813600776042678,2.2204460492503131e-16,-0.963849037776774,-0.96384903777677378,0.96384903777677422,0.99999999999980715,9.3544405963985611e-05
58,38,2.6016314162540475,0.63813600776042678,0.10904215703925413,-0.99656168488855013,-0.887519527849296,1.1056038419278043,0.99999999999911249,5.4927455277464787e-06
59,38,2.6998061866787282,0.63813600776042678,0.20156352328559635,-1.0243180947624528,-0.82275457147685649,1.2258816180480492,0.99999999999675881,4.9553251907363816e-07
60,38,2.7979809571034098,0.63813600776042678,0.27667306740475173,-1.0468509579981995,-0.77017789059344777,1.3235240254029512,0.99999999999072364,7.030094623106109e-08
61,38,2.8961557275280905,0.63813600776042678,0.33364744342779806,-1.0639432708051133,-0.73029582737731524,1.3975907142329114,0.99999999997940381,1.5981815371102215e-08
62,38,2.9943304979527712,0.63813600776042678,0.37193795696827192,-1.0754304248672555,-0.70349246789898356,1.4473683818355274,0.99999999996479549,5.905583133625214e-09
63,38,3.0925052683774528,0.63813600776042678,0.39117584944905492,-1.0812017926114905,-0.6900259431624356,1.4723776420605454,0.99999999995391431,3.5812539045387837e-09
0,39,-3.0925052683774528,0.73631077818510793,0.51568866170042682,-1.0438479489360788,-0.52815928723565198,1.5595366106365056,0.99999999882639512,6.2658778166024831e-10
1,39,-2.9943304979527716,0.73631077818510793,0.49645076921964404,-1.038076581191844,-0.54162581197219994,1.534527350411488,0.99999999910349402,1.0332599775786377e-09
2,39,-2.8961557275280905,0.73631077818510793,0.45816025567916996,-1.0265894271297016,-0.56842917145053162,1.4847496828088715,0.999999999475504,2.7962302473483192e-09
3,39,-2.7979809571034093,0.73631077818510793,0.4011858796561234,-1.0094971143227878,-0.60831123466666437,1.4106829939789112,0.9999999997637723,1.2300082175009663e-08
4,39,-2.6998061866787286,0.73631077818510793,0.32607633553696869,-0.98696425108704133,-0.66088791555007265,1.31304058662401,0.99999999991746169,8.6700011614482264e-08
5,39,-2.6016314162540475,0.73631077818510793,0.23355496929062602,-0.95920784121313862,-0.7256528719225126,1.1927628105037646,0.99999999997739963,9.6103292140936603e-07
6,39,-2.5034566458293663,0.73631077818510793,0.12451281225137167,-0.92649519410136227,-0.8019823818499906,1.0510080063527338,0.99999999999508948,1.6368095809904393e-05
7,39,-2.4052818754046852,0.73631077818510793,-2.2204460492503131e-16,-0.88914135042595077,-0.88914135042595099,0.88914135042595055,0.99999999999914091,0.00041665844280946995
8,39,-2.3071071049800045,0.73631077818510793,-0.13878434101588111,-0.84750604812118646,-0.98629038913706757,0.70872170710530535,0.99999999999987688,0.015150815742781765
9,39,-2.2089323345553233,0.73631077818510793,-0.29050364172505128,-0.80199025790843548,-1.0924938996334868,0.5114866161833842,0.99999999999998535,0.44281818823600672
10,39,-2.1107575641306422,0.73631077818510793,-0.45369676232347467,-0.75303232172890844,-1.206729084052383,0.29933555940543377,0.99999999999999845,0.9822470091268598
11,39,-2.0125827937059615,0.73631077818510793,-0.62679206384935349,-0.70110373127114478,-1.3278957951204982,0.074311667421791294,0.99999999999999989,0.99979935378355345
12,39,-1.9144080232812801,0.73631077818510793,-0.80812254392547811,-0.64670458724830737,-1.4548271311737855,-0.16141795667717074,1,0.99999820114630567
13,39,-1.8162332528565992,0.73631077818510793,-0.99594189090339025,-0.59035878315493362,-1.5863006740583239,-0.40558310774845663,1,0.99999998637912335
14,39,-1.7180584824319181,0.73631077818510793,-1.1884413017991946,-0.53260895988619239,-1.7210502616853871,-0.65583234191300221,1,0.9999999999086796
15,39,-1.6198837120072371,0.73631077818510793,-1.383766902055082,-0.47401127980942614,-1.857778181864508,-0.90975562224565587,1,0.99999999999943112
16,39,-1.521708941582556,0.73631077818510793,-1.5800375993647542,-0.41513007061652452,-1.9951676699812788,-1.1649075287482296,1,0.99999999999999656
17,39,-1.4235341711578751,0.73631077818510793,-1.7753631996206414,-0.35653239053975838,-2.1318955901603998,-1.418830809080883,1,1
18,39,-1.3253594007331939,0.73631077818510793,-1.9678626105164461,-0.29878256727101699,-2.266645177787463,-1.6690800432454291,1,1
19,39,-1.227184630308513,0.73631077818510793,-2.155681957494358,-0.24243676317764334,-2.3981187206720014,-1.9132451943167146,1,1
20,39,-1.1290098598838321,0.73631077818510793,-2.3370124375704817,-0.18803761915480621,-2.5250500567252878,-2.1489748184156756,1,1
21,39,-1.0308350894591509,0.73631077818510793,-2.5101077390963615,-0.13610902869704239,-2.6462167677934039,-2.3739987103993192,1,1
22,39,-0.93266031903446978,0.73631077818510793,-2.6733008596947849,-0.087151092517515308,-2.7604519522123003,-2.5861497671772695,1,1
23,39,-0.83448554860978863,0.73631077818510793,-2.8250201604039553,-0.041635302304764261,-2.8666554627087195,-2.7833848580991911,1,1
24,39,-0.73631077818510793,0.73631077818510793,-2.963804501419836,0,-2.963804501419836,-2.963804501419836,1,1
25,39,-0.63813600776042678,0.73631077818510793,-3.0883173136712081,0.037353843675411565,-3.0509634699957964,-3.1256711573466198,1,1
26,39,-0.53996123733574564,0.73631077818510793,-3.1973594707104622,0.070066490787187866,-3.1272929799232743,-3.2674259614976502,1,1
27,39,-0.44178646691106449,0.73631077818510793,-3.2898808369568049,0.097822900661090673,-3.192057936295714,-3.3877037376178958,1,1
28,39,-0.34361169648638379,0.73631077818510793,-3.3649903810759594,0.12035576389683701,-3.2446346171791225,-3.4853461449727963,1,1
29,39,-0.24543692606170264,0.73631077818510793,-3.4219647570990057,0.13744807670375098,-3.2845166803952548,-3.5594128338027566,1,1
30,39,-0.1472621556370215,0.73631077818510793,-3.4602552706394798,0.14893523076589321,-3.3113200398735865,-3.6091905014053731,1,1
31,39,-0.049087385212340351,0.73631077818510793,-3.4794931631202628,0.15470659851012805,-3.3247865646101347,-3.6341997616303909,1,1
32,39,0.049087385212340351,0.73631077818510793,-3.4794931631202628,0.15470659851012805,-3.3247865646101347,-3.6341997616303909,1,1
33,39,0.1472621556370215,0.73631077818510793,-3.4602552706394798,0.14893523076589321,-3.3113200398735865,-3.6091905014053731,1,1
34,39,0.24543692606170264,0.73631077818510793,-3.4219647570990057,0.13744807670375098,-3.2845166803952548,-3.5594128338027566,1,1
35,39,0.34361169648638379,0.73631077818510793,-3.3649903810759594,0.12035576389683701,-3.2446346171791225,-3.4853461449727963,1,1
36,39,0.44178646691106449,0.73631077818510793,-3.2898808369568049,0.097822900661090673,-3.192057936295714,-3.3877037376178958,1,1
37,39,0.53996123733574564,0.73631077818510793,-3.1973594707104622,0.070066490787187866,-3.1272929799232743,-3.2674259614976502,1,1
38,39,0.63813600776042678,0.73631077818510793,-3.0883173136712081,0.037353843675411565,-3.0509634699957964,-3.1256711573466198,1,1
39,39,0.73631077818510793,0.73631077818510793,-2.963804501419836,0,-2.963804501419836,-2.963804501419836,1,1
40,39,0.83448554860978863,0.73631077818510793,-2.8250201604039553,-0.041635302304764261,-2.8666554627087195,-2.7833848580991911,1,1
41,39,0.93266031903447022,0.73631077818510793,-2.673300859694784,-0.087151092517515585,-2.7604519522122994,-2.5861497671772686,1,1
42,39,1.0308350894591509,0.73631077818510793,-2.5101077390963615,-0.13610902869704239,-2.6462167677934039,-2.3739987103993192,1,1
43,39,1.1290098598838316,0.73631077818510793,-2.3370124375704826,-0.18803761915480596,-2.5250500567252887,-2.1489748184156765,1,1
44,39,1.2271846303085132,0.73631077818510793,-2.1556819574943575,-0.24243676317764348,-2.3981187206720009,-1.9132451943167141,1,1
45,39,1.3253594007331939,0.73631077818510793,-1.9678626105164461,-0.29878256727101699,-2.266645177787463,-1.6690800432454291,1,1
46,39,1.4235341711578746,0.73631077818510793,-1.7753631996206423,-0.3565323905397581,-2.1318955901604002,-1.4188308090808841,1,1
47,39,1.5217089415825562,0.73631077818510793,-1.5800375993647537,-0.41513007061652468,-1.9951676699812784,-1.1649075287482291,1,0.99999999999999656
48,39,1.6198837120072369,0.73631077818510793,-1.3837669020550825,-0.47401127980942603,-1.8577781818645085,-0.90975562224565643,1,0.99999999999943112
49,39,1.7180584824319185,0.73631077818510793,-1.1884413017991937,-0.53260895988619261,-1.7210502616853862,-0.6558323419130011,1,0.9999999999086796
50,39,1.8162332528565992,0.73631077818510793,-0.99594189090339025,-0.59035878315493362,-1.5863006740583239,-0.40558310774845663,1,0.99999998637912335
51,39,1.9144080232812799,0.73631077818510793,-0.80812254392547855,-0.64670458724830726,-1.4548271311737859,-0.16141795667717129,1,0.99999820114630567
52,39,2.0125827937059615,0.73631077818510793,-0.62679206384935349,-0.70110373127114478,-1.3278957951204982,0.074311667421791294,0.99999999999999989,0.99979935378355345
53,39,2.1107575641306422,0.73631077818510793,-0.45369676232347467,-0.75303232172890844,-1.206729084052383,0.29933555940543377,0.99999999999999845,0.9822470091268598
54,39,2.2089323345553229,0.73631077818510793,-0.29050364172505216,-0.80199025790843514,-1.0924938996334874,0.51148661618338298,0.99999999999998535,0.44281818823601271
55,39,2.3071071049800045,0.73631077818510793,-0.13878434101588111,-0.84750604812118646,-0.98629038913706757,0.70872170710530535,0.99999999999987688,0.015150815742781765
56,39,2.4052818754046852,0.73631077818510793,-2.2204460492503131e-16,-0.88914135042595077,-0.88914135042595099,0.88914135042595055,0.99999999999914091,0.00041665844280946995
57,39,2.5034566458293668,0.73631077818510793,0.12451281225137212,-0.92649519410136238,-0.80198238184999027,1.0510080063527345,0.99999999999508948,1.6368095809904393e-05
58,39,2.6016314162540475,0.73631077818510793,0.23355496929062602,-0.95920784121313862,-0.7256528719225126,1.1927628105037646,0.99999999997739963,9.6103292140936603e-07
59,39,2.6998061866787282,0.73631077818510793,0.32607633553696824,-0.98696425108704133,-0.66088791555007309,1.3130405866240096,0.99999999991746169,8.6700011614482264e-08
60,39,2.7979809571034098,0.73631077818510793,0.40118587965612362,-1.009497114322788,-0.60831123466666437,1.4106829939789116,0.9999999997637723,1.2300082175009663e-08
61,39,2.8961557275280905,0.73631077818510793,0.45816025567916996,-1.0265894271297016,-0.56842917145053162,1.4847496828088715,0.999999999475504,2.7962302473483192e-09
62,39,2.9943304979527712,0.73631077818510793,0.49645076921964382,-1.038076581191844,-0.54162581197220017,1.5345273504114878,0.99999999910349402,1.0332599775786377e-09
63,39,3.0925052683774528,0.73631077818510793,0.51568866170042682,-1.0438479489360788,-0.52815928723565198,1.5595366106365056,0.99999999882639512,6.2658778166024831e-10
0,40,-3.0925052683774528,0.83448554860978863,0.65447300271630771,-1.0022126466313146,-0.34773964391500689,1.6566856493476223,0.99999995668612962,8.9775131772995564e-11
1,40,-2.9943304979527716,0.83448554860978863,0.63523511023552492,-0.99644127888707967,-0.36120616865155475,1.6316763891226045,0.99999996691293469,1.4804157899561687e-10
2,40,-2.8961557275280905,0.83448554860978863,0.59694459669505084,-0.98495412482493749,-0.38800952812988665,1.5818987215199884,0.99999998064259077,4.0063335982054582e-10
3,40,-2.7979809571034093,0.83448554860978863,0.53997022067200429,-0.96786181201802346,-0.42789159134601917,1.5078320326900276,0.9999999912816151,1.7623095205365757e-09
4,40,-2.6998061866787286,0.83448554860978863,0.46486067655284957,-0.94532894878227713,-0.48046827222942756,1.4101896253351267,0.99999999695378339,1.2422052442229159e-08
5,40,-2.6016314162540475,0.83448554860978863,0.37233931030650691,-0.91757253890837431,-0.5452332286018674,1.2899118492148811,0.99999999916589721,1.3769329543222852e-07
6,40,-2.5034566458293663,0.83448554860978863,0.26329715326725256,-0.88485989179659796,-0.6215627385293454,1.1481570450638505,0.99999999981877008,2.3451920858619246e-06
7,40,-2.4052818754046852,0.83448554860978863,0.13878434101588066,-0.84750604812118646,-0.7087217071053058,0.98629038913706712,0.99999999996829136,5.9718571645883678e-05
8,40,-2.3071071049800045,0.83448554860978863,-2.2204460492503131e-16,-0.80587074581642215,-0.80587074581642237,0.80587074581642193,0.99999999999545697,0.0021992989306957589
9,40,-2.2089323345553233,0.83448554860978863,-0.15171930070917039,-0.76035495560367117,-0.91207425631284156,0.60863565489450078,0.99999999999945688,0.10222776392811145
10,40,-2.1107575641306422,0.83448554860978863,-0.31491242130759378,-0.71139701942414413,-1.0263094407317379,0.39648459811655035,0.99999999999994471,0.88798360521840203
11,40,-2.0125827937059615,0.83448554860978863,-0.4880077228334726,-0.65946842896638047,-1.1474761517998531,0.17146070613290787,0.99999999999999512,0.99860126300152774
12,40,-1.9144080232812801,0.83448554860978863,-0.66933820290959722,-0.60506928494354306,-1.2744074878531402,-0.064268917966054162,0.99999999999999956,0.99998744499182735
13,40,-1.8162332528565992,0.83448554860978863,-0.85715754988750936,-0.54872348085016942,-1.4058810307376788,-0.30843406903733994,1,0.99999990493276658
14,40,-1.7180584824319181,0.83448554860978863,-1.0496569607833139,-0.49097365758142808,-1.540630618364742,-0.55868330320188586,1,0.99999999936262696
15,40,-1.6198837120072371,0.83448554860978863,-1.2449825610392011,-0.43237597750466189,-1.677358538543863,-0.8126065835345393,1,0.99999999999602951
16,40,-1.521708941582556,0.83448554860978863,-1.4412532583488733,-0.37349476831176026,-1.8147480266606335,-1.0677584900371131,1,0.9999999999999758
17,40,-1.4235341711578751,0.83448554860978863,-1.6365788586047607,-0.31489708823499402,-1.9514759468397547,-1.3216817703697668,1,0.99999999999999978
18,40,-1.3253594007331939,0.83448554860978863,-1.829078269500565,-0.25714726496625273,-2.0862255344668177,-1.5719310045343122,1,1
19,40,-1.227184630308513,0.83448554860978863,-2.0168976164784773,-0.20080146087287909,-2.2176990773513565,-1.8160961556055981,1,1
20,40,-1.1290098598838321,0.83448554860978863,-2.1982280965546011,-0.14640231685004193,-2.344630413404643,-2.0518257797045591,1,1
21,40,-1.0308350894591509,0.83448554860978863,-2.3713233980804804,-0.094473726392278135,-2.4657971244727586,-2.2768496716882023,1,1
22,40,-0.93266031903446978,0.83448554860978863,-2.5345165186789043,-0.045515790212751046,-2.5800323088916555,-2.4890007284661531,1,1
23,40,-0.83448554860978863,0.83448554860978863,-2.6862358193880742,0,-2.6862358193880742,-2.6862358193880742,1,1
24,40,-0.73631077818510793,0.83448554860978863,-2.8250201604039553,0.041635302304764261,-2.7833848580991911,-2.8666554627087195,1,1
25,40,-0.63813600776042678,0.83448554860978863,-2.949532972655327,0.078989145980175826,-2.8705438266751511,-3.0285221186355029,1,1
26,40,-0.53996123733574564,0.83448554860978863,-3.0585751296945816,0.11170179309195213,-2.9468733366026294,-3.1702769227865337,1,1
27,40,-0.44178646691106449,0.83448554860978863,-3.1510964959409238,0.13945820296585493,-3.0116382929750687,-3.2905546989067789,1,1
28,40,-0.34361169648638379,0.83448554860978863,-3.2262060400600783,0.16199106620160128,-3.0642149738584772,-3.3881971062616794,1,1
29,40,-0.24543692606170264,0.83448554860978863,-3.2831804160831251,0.17908337900851526,-3.1040970370746099,-3.4622637950916402,1,1
30,40,-0.1472621556370215,0.83448554860978863,-3.3214709296235991,0.19057053307065747,-3.1309003965529416,-3.5120414626942567,1,1
31,40,-0.049087385212340351,0.83448554860978863,-3.3407088221043821,0.19634190081489231,-3.1443669212894898,-3.5370507229192745,1,1
32,40,0.049087385212340351,0.83448554860978863,-3.3407088221043821,0.19634190081489231,-3.1443669212894898,-3.5370507229192745,1,1
33,40,0.1472621556370215,0.83448554860978863,-3.3214709296235991,0.19057053307065747,-3.1309003965529416,-3.5120414626942567,1,1
34,40,0.24543692606170264,0.83448554860978863,-3.2831804160831251,0.17908337900851526,-3.1040970370746099,-3.4622637950916402,1,1
35,40,0.34361169648638379,0.83448554860978863,-3.2262060400600783,0.16199106620160128,-3.0642149738584772,-3.3881971062616794,1,1
36,40,0.44178646691106449,0.83448554860978863,-3.1510964959409238,0.13945820296585493,-3.0116382929750687,-3.2905546989067789,1,1
37,40,0.53996123733574564,0.83448554860978863,-3.0585751296945816,0.11170179309195213,-2.9468733366026294,-3.1702769227865337,1,1
38,40,0.63813600776042678,0.83448554860978863,-2.949532972655327,0.078989145980175826,-2.8705438266751511,-3.0285221186355029,1,1
39,40,0.73631077818510793,0.83448554860978863,-2.8250201604039553,0.041635302304764261,-2.7833848580991911,-2.8666554627087195,1,1
40,40,0.83448554860978863,0.83448554860978863,-2.6862358193880742,0,-2.6862358193880742,-2.6862358193880742,1,1
41,40,0.93266031903447022,0.83448554860978863,-2.5345165186789034,-0.045515790212751317,-2.5800323088916546,-2.4890007284661522,1,1
42,40,1.0308350894591509,0.83448554860978863,-2.3713233980804804,-0.094473726392278135,-2.4657971244727586,-2.2768496716882023,1,1
43,40,1.1290098598838316,0.83448554860978863,-2.1982280965546019,-0.14640231685004171,-2.3446304134046438,-2.05182577970456,1,1
44,40,1.2271846303085132,0.83448554860978863,-2.0168976164784769,-0.20080146087287923,-2.2176990773513561,-1.8160961556055977,1,1
45,40,1.3253594007331939,0.83448554860978863,-1.829078269500565,-0.25714726496625273,-2.0862255344668177,-1.5719310045343122,1,1
46,40,1.4235341711578746,0.83448554860978863,-1.6365788586047616,-0.31489708823499379,-1.9514759468397553,-1.3216817703697679,1,0.99999999999999978
47,40,1.5217089415825562,0.83448554860978863,-1.4412532583488729,-0.37349476831176037,-1.8147480266606333,-1.0677584900371124,1,0.9999999999999758
48,40,1.6198837120072369,0.83448554860978863,-1.2449825610392016,-0.43237597750466178,-1.6773585385438634,-0.81260658353453974,1,0.99999999999602951
49,40,1.7180584824319185,0.83448554860978863,-1.0496569607833131,-0.4909736575814283,-1.5406306183647414,-0.55868330320188475,1,0.99999999936262696
50,40,1.8162332528565992,0.83448554860978863,-0.85715754988750936,-0.54872348085016942,-1.4058810307376788,-0.30843406903733994,1,0.99999990493276658
51,40,1.9144080232812799,0.83448554860978863,-0.66933820290959767,-0.60506928494354295,-1.2744074878531406,-0.064268917966054717,0.99999999999999956,0.99998744499182735
52,40,2.0125827937059615,0.83448554860978863,-0.4880077228334726,-0.65946842896638047,-1.1474761517998531,0.17146070613290787,0.99999999999999512,0.99860126300152774
53,40,2.1107575641306422,0.83448554860978863,-0.31491242130759378,-0.71139701942414413,-1.0263094407317379,0.39648459811655035,0.99999999999994471,0.88798360521840203
54,40,2.2089323345553229,0.83448554860978863,-0.15171930070917128,-0.76035495560367083,-0.91207425631284211,0.60863565489449956,0.99999999999945688,0.10222776392811372
55,40,2.3071071049800045,0.83448554860978863,-2.2204460492503131e-16,-0.80587074581642215,-0.80587074581642237,0.80587074581642193,0.99999999999545697,0.0021992989306957589
56,40,2.4052818754046852,0.83448554860978863,0.13878434101588066,-0.84750604812118646,-0.7087217071053058,0.98629038913706712,0.99999999996829136,5.9718571645883678e-05
57,40,2.5034566458293668,0.83448554860978863,0.263297153267253,-0.88485989179659819,-0.62156273852934518,1.1481570450638512,0.99999999981877008,2.3451920858619246e-06
58,40,2.6016314162540475,0.83448554860978863,0.37233931030650691,-0.91757253890837431,-0.5452332286018674,1.2899118492148811,0.99999999916589721,1.3769329543222852e-07
59,40,2.6998061866787282,0.83448554860978863,0.46486067655284913,-0.94532894878227691,-0.48046827222942778,1.410189625335126,0.99999999695378339,1.2422052442229159e-08
60,40,2.7979809571034098,0.83448554860978863,0.53997022067200451,-0.96786181201802357,-0.42789159134601906,1.5078320326900281,0.9999999912816151,1.7623095205365757e-09
61,40,2.8961557275280905,0.83448554860978863,0.59694459669505084,-0.98495412482493749,-0.38800952812988665,1.5818987215199884,0.99999998064259077,4.0063335982054582e-10
62,40,2.9943304979527712,0.83448554860978863,0.6352351102355247,-0.99644127888707967,-0.36120616865155497,1.6316763891226045,0.99999996691293469,1.4804157899561687e-10
63,40,3.0925052683774528,0.83448554860978863,0.65447300271630771,-1.0022126466313146,-0.34773964391500689,1.6566856493476223,0.99999995668612962,8.9775131772995564e-11
0,41,-3.0925052683774528,0.93266031903447022,0.80619230342547876,-0.95669685641856317,-0.15050455299308441,1.7628891598440419,0.99999776237002136,1.0732081889841538e-11
1,41,-2.9943304979527716,0.93266031903447022,0.78695441094469598,-0.95092548867432836,-0.16397107772963238,1.7378798996190243,0.99999829069424973,1.7697510124037308e-11
2,41,-2.8961557275280905,0.93266031903447022,0.7486638974042219,-0.93943833461218607,-0.19077443720796416,1.6881022320164081,0.99999899997918607,4.7893355947792315e-11
3,41,-2.7979809571034093,0.93266031903447022,0.69168952138117534,-0.92234602180527214,-0.2306565004240968,1.6140355431864475,0.99999954960031467,2.1067364519566922e-10
4,41,-2.6998061866787286,0.93266031903447022,0.61657997726202063,-0.89981315856952571,-0.28323318130750508,1.5163931358315463,0.99999984262963282,1.4849826923679643e-09
5,41,-2.6016314162540475,0.93266031903447022,0.52405861101567797,-0.87205674869562311,-0.34799813767994514,1.3961153597113012,0.99999995690947907,1.6460418583719161e-08
6,41,-2.5034566458293663,0.93266031903447022,0.41501645397642362,-0.83934410158384665,-0.42432764760742303,1.2543605555602704,0.99999999063749501,2.8035437987794509e-07
7,41,-2.4052818754046852,0.93266031903447022,0.29050364172505172,-0.80199025790843514,-0.51148661618338342,1.092493899633487,0.99999999836190578,7.139376344944548e-06
8,41,-2.3071071049800045,0.93266031903447022,0.15171930070917083,-0.76035495560367083,-0.6086356548945,0.91207425631284167,0.99999999976529996,0.00026342322881289792
9,41,-2.2089323345553233,0.93266031903447022,6.6613381477509392e-16,-0.71483916539091985,-0.71483916539091918,0.71483916539092052,0.999999999971943,0.013429469528384252
10,41,-2.1107575641306422,0.93266031903447022,-0.16319312059842273,-0.66588122921139281,-0.82907434980981554,0.50268810861297009,0.99999999999714362,0.48656269334622076
11,41,-2.0125827937059615,0.93266031903447022,-0.33628842212430154,-0.61395263875362915,-0.9502410608779307,0.27766421662932761,0.99999999999974687,0.98841871147438498
12,41,-1.9144080232812801,0.93266031903447022,-0.51761890220042617,-0.55955349473079175,-1.0771723969312179,0.041934592530365578,0.99999999999998002,0.99989498560997059
13,41,-1.8162332528565992,0.93266031903447022,-0.70543824917833831,-0.5032076906374181,-1.2086459398157565,-0.2022305585409202,0.99999999999999856,0.99999920475211512
14,41,-1.7180584824319181,0.93266031903447022,-0.89793766007414277,-0.44545786736867682,-1.3433955274428195,-0.45247979270546596,0.99999999999999989,0.99999999466830092
15,41,-1.6198837120072371,0.93266031903447022,-1.0932632603300301,-0.38686018729191057,-1.4801234476219407,-0.70640307303811944,1,0.99999999996678635
16,41,-1.521708941582556,0.93266031903447022,-1.2895339576397022,-0.32797897809900894,-1.6175129357387112,-0.96155497954069324,1,0.99999999999979816
17,41,-1.4235341711578751,0.93266031903447022,-1.4848595578955894,-0.26938129802224275,-1.7542408559178322,-1.2154782598733467,1,0.99999999999999867
18,41,-1.3253594007331939,0.93266031903447022,-1.6773589687913941,-0.21163147475350141,-1.8889904435448956,-1.4657274940378926,1,1
19,41,-1.227184630308513,0.93266031903447022,-1.865178315769306,-0.15528567066012777,-2.0204639864294336,-1.7098926451091783,1,1
20,41,-1.1290098598838321,0.93266031903447022,-2.0465087958454298,-0.10088652663729063,-2.1473953224827205,-1.9456222692081391,1,1
21,41,-1.0308350894591509,0.93266031903447022,-2.2196040973713096,-0.048957936179526818,-2.2685620335508365,-2.1706461611917827,1,1
22,41,-0.93266031903446978,0.93266031903447022,-2.382797217969733,2.6645352591003756e-16,-2.3827972179697325,-2.3827972179697334,1,1
23,41,-0.83448554860978863,0.93266031903447022,-2.5345165186789034,0.045515790212751317,-2.4890007284661522,-2.5800323088916546,1,1
24,41,-0.73631077818510793,0.93266031903447022,-2.673300859694784,0.087151092517515585,-2.5861497671772686,-2.7604519522122994,1,1
25,41,-0.63813600776042678,0.93266031903447022,-2.7978136719461562,0.12450493619292714,-2.673308735753229,-2.9223186081390833,1,1
26,41,-0.53996123733574564,0.93266031903447022,-2.9068558289854103,0.15721758330470345,-2.7496382456807069,-3.0640734122901137,1,1
27,41,-0.44178646691106449,0.93266031903447022,-2.9993771952317529,0.18497399317860624,-2.8144032020531466,-3.1843511884103592,1,1
28,41,-0.34361169648638379,0.93266031903447022,-3.0744867393509074,0.2075068564143526,-2.8669798829365547,-3.2819935957652602,1,1
29,41,-0.24543692606170264,0.93266031903447022,-3.1314611153739538,0.22459916922126658,-2.906861946152687,-3.3560602845952205,1,1
30,41,-0.1472621556370215,0.93266031903447022,-3.1697516289144279,0.23608632328340878,-2.9336653056310191,-3.4058379521978366,1,1
31,41,-0.049087385212340351,0.93266031903447022,-3.1889895213952109,0.24185769102764362,-2.9471318303675673,-3.4308472124228544,1,1
32,41,0.049087385212340351,0.93266031903447022,-3.1889895213952109,0.24185769102764362,-2.9471318303675673,-3.4308472124228544,1,1
33,41,0.1472621556370215,0.93266031903447022,-3.1697516289144279,0.23608632328340878,-2.9336653056310191,-3.4058379521978366,1,1
34,41,0.24543692606170264,0.93266031903447022,-3.1314611153739538,0.22459916922126658,-2.906861946152687,-3.3560602845952205,1,1
35,41,0.34361169648638379,0.93266031903447022,-3.0744867393509074,0.2075068564143526,-2.8669798829365547,-3.2819935957652602,1,1
36,41,0.44178646691106449,0.93266031903447022,-2.9993771952317529,0.18497399317860624,-2.8144032020531466,-3.1843511884103592,1,1
37,41,0.53996123733574564,0.93266031903447022,-2.9068558289854103,0.15721758330470345,-2.7496382456807069,-3.0640734122901137,1,1
38,41,0.63813600776042678,0.93266031903447022,-2.7978136719461562,0.12450493619292714,-2.673308735753229,-2.9223186081390833,1,1
39,41,0.73631077818510793,0.93266031903447022,-2.673300859694784,0.087151092517515585,-2.5861497671772686,-2.7604519522122994,1,1
40,41,0.83448554860978863,0.93266031903447022,-2.5345165186789034,0.045515790212751317,-2.4890007284661522,-2.5800323088916546,1,1
41,41,0.93266031903447022,0.93266031903447022,-2.3827972179697321,0,-2.3827972179697321,-2.3827972179697321,1,1
42,41,1.0308350894591509,0.93266031903447022,-2.2196040973713096,-0.048957936179526818,-2.2685620335508365,-2.1706461611917827,1,1
43,41,1.1290098598838316,0.93266031903447022,-2.0465087958454307,-0.10088652663729039,-2.1473953224827209,-1.9456222692081402,1,1
44,41,1.2271846303085132,0.93266031903447022,-1.8651783157693056,-0.15528567066012791,-2.0204639864294336,-1.7098926451091776,1,1
45,41,1.3253594007331939,0.93266031903447022,-1.6773589687913941,-0.21163147475350141,-1.8889904435448956,-1.4657274940378926,1,1
46,41,1.4235341711578746,0.93266031903447022,-1.4848595578955903,-0.26938129802224248,-1.7542408559178329,-1.2154782598733478,1,0.99999999999999867
47,41,1.5217089415825562,0.93266031903447022,-1.2895339576397018,-0.32797897809900906,-1.6175129357387108,-0.9615549795406928,1,0.99999999999979816
48,41,1.6198837120072369,0.93266031903447022,-1.0932632603300305,-0.38686018729191046,-1.4801234476219409,-0.70640307303812011,1,0.99999999996678635
49,41,1.7180584824319185,0.93266031903447022,-0.89793766007414189,-0.4454578673686771,-1.3433955274428189,-0.45247979270546479,0.99999999999999989,0.99999999466830092
50,41,1.8162332528565992,0.93266031903447022,-0.70543824917833831,-0.5032076906374181,-1.2086459398157565,-0.2022305585409202,0.99999999999999856,0.99999920475211512
51,41,1.9144080232812799,0.93266031903447022,-0.51761890220042661,-0.55955349473079163,-1.0771723969312181,0.041934592530365022,0.99999999999998002,0.99989498560997059
52,41,2.0125827937059615,0.93266031903447022,-0.33628842212430154,-0.61395263875362915,-0.9502410608779307,0.27766421662932761,0.99999999999974687,0.98841871147438498
53,41,2.1107575641306422,0.93266031903447022,-0.16319312059842273,-0.66588122921139281,-0.82907434980981554,0.50268810861297009,0.99999999999714362,0.48656269334622076
54,41,2.2089323345553229,0.93266031903447022,-2.2204460492503131e-16,-0.71483916539091963,-0.71483916539091985,0.71483916539091941,0.999999999971943,0.01342946952838453
55,41,2.3071071049800045,0.93266031903447022,0.15171930070917083,-0.76035495560367083,-0.6086356548945,0.91207425631284167,0.99999999976529996,0.00026342322881289792
56,41,2.4052818754046852,0.93266031903447022,0.29050364172505172,-0.80199025790843514,-0.51148661618338342,1.092493899633487,0.99999999836190578,7.139376344944548e-06
57,41,2.5034566458293668,0.93266031903447022,0.41501645397642406,-0.83934410158384687,-0.42432764760742281,1.2543605555602708,0.99999999063749501,2.8035437987794509e-07
58,41,2.6016314162540475,0.93266031903447022,0.52405861101567797,-0.87205674869562311,-0.34799813767994514,1.3961153597113012,0.99999995690947907,1.6460418583719161e-08
59,41,2.6998061866787282,0.93266031903447022,0.61657997726202018,-0.89981315856952571,-0.28323318130750552,1.5163931358315459,0.99999984262963282,1.4849826923679643e-09
60,41,2.7979809571034098,0.93266031903447022,0.69168952138117556,-0.92234602180527236,-0.2306565004240968,1.6140355431864479,0.99999954960031467,2.1067364519566922e-10
61,41,2.8961557275280905,0.93266031903447022,0.7486638974042219,-0.93943833461218607,-0.19077443720796416,1.6881022320164081,0.99999899997918607,4.7893355947792315e-11
62,41,2.9943304979527712,0.93266031903447022,0.78695441094469576,-0.95092548867432836,-0.1639710777296326,1.7378798996190241,0.99999829069424973,1.7697510124037308e-11
63,41,3.0925052683774528,0.93266031903447022,0.80619230342547876,-0.95669685641856317,-0.15050455299308441,1.7628891598440419,0.99999776237002136,1.0732081889841538e-11
0,42,-3.0925052683774528,1.0308350894591509,0.96938542402390149,-0.90773892023903646,0.061646503784865025,1.8771243442629379,0.99984424490552604,1.0925704785336166e-12
1,42,-2.9943304979527716,1.0308350894591509,0.95014753154311871,-0.90196755249480154,0.048179979048317167,1.8521150840379201,0.99988101574807375,1.801669924361704e-12
2,42,-2.8961557275280905,1.0308350894591509,0.91185701800264463,-0.89048039843265936,0.021376619569985267,1.8023374164353041,0.99993038546843449,4.8757664572463e-12
3,42,-2.7979809571034093,1.0308350894591509,0.85488264197959807,-0.87338808562574533,-0.018505443646147257,1.7282707276053433,0.99996864510705641,2.1447454923162468e-11
4,42,-2.6998061866787286,1.0308350894591509,0.77977309786044335,-0.850855222389999,-0.071082124529555646,1.6306283202504424,0.99998904433020619,1.5117751495097309e-10
5,42,-2.6016314162540475,1.0308350894591509,0.68725173161410069,-0.82309881251609618,-0.13584708090199549,1.5103505441301968,0.99999700013904258,1.6757401577471853e-09
6,42,-2.5034566458293663,1.0308350894591509,0.57820957457484634,-0.79038616540431983,-0.21217659082947349,1.3685957399791662,0.99999934820286651,2.8541267127479841e-08
7,42,-2.4052818754046852,1.0308350894591509,0.45369676232347445,-0.75303232172890833,-0.29933555940543388,1.2067290840523828,0.99999988595939893,7.2682332524776072e-07
8,42,-2.3071071049800045,1.0308350894591509,0.31491242130759356,-0.71139701942414402,-0.39648459811655046,1.0263094407317377,0.99999998366069009,2.682394393421772e-05
9,42,-2.2089323345553233,1.0308350894591509,0.16319312059842339,-0.66588122921139303,-0.50268810861296964,0.82907434980981642,0.99999999804673245,0.0013838693535292435
10,42,-2.1107575641306422,1.0308350894591509,-0,-0.61692329303186599,-0.61692329303186599,0.61692329303186599,0.99999999980114906,0.087986944424428781
11,42,-2.0125827937059615,1.0308350894591509,-0.17309530152587882,-0.56499470257410234,-0.73809000409998116,0.39189940104822352,0.99999999998237676,0.8967859279156396
12,42,-1.9144080232812801,1.0308350894591509,-0.35442578160200344,-0.51059555855126493,-0.86502134015326837,0.15616977694926149,0.99999999999860822,0.99896942210433026
13,42,-1.8162332528565992,1.0308350894591509,-0.54224512857991558,-0.45424975445789134,-0.99649488303780687,-0.087995374122024239,0.99999999999989964,0.99999218851361438
14,42,-1.7180584824319181,1.0308350894591509,-0.73474453947572005,-0.39649993118914995,-1.1312444706648699,-0.3382446082865701,0.99999999999999323,0.99999994762792033
15,42,-1.6198837120072371,1.0308350894591509,-0.93007013973160735,-0.33790225111238376,-1.267972390843991,-0.59216788861922365,0.99999999999999956,0.9999999996737502
16,42,-1.521708941582556,1.0308350894591509,-1.1263408370412795,-0.27902104191948213,-1.4053618789607616,-0.84731979512179745,1,0.99999999999801692
17,42,-1.4235341711578751,1.0308350894591509,-1.3216664372971669,-0.22042336184271594,-1.542089799139883,-1.1012430754544509,1,0.99999999999998757
18,42,-1.3253594007331939,1.0308350894591509,-1.5141658481929712,-0.1626735385739746,-1.6768393867669458,-1.3514923096189966,1,1
19,42,-1.227184630308513,1.0308350894591509,-1.7019851951708835,-0.10632773448060097,-1.8083129296514846,-1.5956574606902825,1,1
20,42,-1.1290098598838321,1.0308350894591509,-1.8833156752470073,-0.05192859045776381,-1.935244265704771,-1.8313870847892435,1,1
21,42,-1.0308350894591509,1.0308350894591509,-2.0564109767728866,0,-2.0564109767728866,-2.0564109767728866,1,1
22,42,-0.93266031903446978,1.0308350894591509,-2.2196040973713105,0.048957936179527081,-2.1706461611917836,-2.2685620335508374,1,1
23,42,-0.83448554860978863,1.0308350894591509,-2.3713233980804804,0.094473726392278135,-2.2768496716882023,-2.4657971244727586,1,1
24,42,-0.73631077818510793,1.0308350894591509,-2.5101077390963615,0.13610902869704239,-2.3739987103993192,-2.6462167677934039,1,1
25,42,-0.63813600776042678,1.0308350894591509,-2.6346205513477332,0.17346287237245397,-2.4611576789752792,-2.8080834237201873,1,1
26,42,-0.53996123733574564,1.0308350894591509,-2.7436627083869878,0.20617551948423027,-2.5374871889027575,-2.9498382278712181,1,1
27,42,-0.44178646691106449,1.0308350894591509,-2.83618407463333,0.23393192935813306,-2.6022521452751968,-3.0701160039914632,1,1
28,42,-0.34361169648638379,1.0308350894591509,-2.9112936187524845,0.25646479259387939,-2.6548288261586053,-3.1677584113463637,1,1
29,42,-0.24543692606170264,1.0308350894591509,-2.9682679947755313,0.27355710540079337,-2.694710889374738,-3.2418251001763245,1,1
30,42,-0.1472621556370215,1.0308350894591509,-3.0065585083160054,0.2850442594629356,-2.7215142488530697,-3.291602767778941,1,1
31,42,-0.049087385212340351,1.0308350894591509,-3.0257964007967884,0.29081562720717041,-2.7349807735896179,-3.3166120280039588,1,1
32,42,0.049087385212340351,1.0308350894591509,-3.0257964007967884,0.29081562720717041,-2.7349807735896179,-3.3166120280039588,1,1
33,42,0.1472621556370215,1.0308350894591509,-3.0065585083160054,0.2850442594629356,-2.7215142488530697,-3.291602767778941,1,1
34,42,0.24543692606170264,1.0308350894591509,-2.9682679947755313,0.27355710540079337,-2.694710889374738,-3.2418251001763245,1,1
35,42,0.34361169648638379,1.0308350894591509,-2.9112936187524845,0.25646479259387939,-2.6548288261586053,-3.1677584113463637,1,1
36,42,0.44178646691106449,1.0308350894591509,-2.83618407463333,0.23393192935813306,-2.6022521452751968,-3.0701160039914632,1,1
37,42,0.53996123733574564,1.0308350894591509,-2.7436627083869878,0.20617551948423027,-2.5374871889027575,-2.9498382278712181,1,1
38,42,0.63813600776042678,1.0308350894591509,-2.6346205513477332,0.17346287237245397,-2.4611576789752792,-2.8080834237201873,1,1
39,42,0.73631077818510793,1.0308350894591509,-2.5101077390963615,0.13610902869704239,-2.3739987103993192,-2.6462167677934039,1,1
40,42,0.83448554860978863,1.0308350894591509,-2.3713233980804804,0.094473726392278135,-2.2768496716882023,-2.4657971244727586,1,1
41,42,0.93266031903447022,1.0308350894591509,-2.2196040973713096,0.048957936179526818,-2.1706461611917827,-2.2685620335508365,1,1
42,42,1.0308350894591509,1.0308350894591509,-2.0564109767728866,0,-2.0564109767728866,-2.0564109767728866,1,1
43,42,1.1290098598838316,1.0308350894591509,-1.8833156752470082,-0.051928590457763581,-1.9352442657047717,-1.8313870847892446,1,1
44,42,1.2271846303085132,1.0308350894591509,-1.7019851951708831,-0.10632773448060109,-1.8083129296514842,-1.595657460690282,1,1
45,42,1.3253594007331939,1.0308350894591509,-1.5141658481929712,-0.1626735385739746,-1.6768393867669458,-1.3514923096189966,1,1
46,42,1.4235341711578746,1.0308350894591509,-1.3216664372971678,-0.22042336184271569,-1.5420897991398834,-1.1012430754544522,1,0.99999999999998757
47,42,1.5217089415825562,1.0308350894591509,-1.1263408370412791,-0.27902104191948224,-1.4053618789607614,-0.84731979512179678,1,0.99999999999801692
48,42,1.6198837120072369,1.0308350894591509,-0.93007013973160779,-0.33790225111238364,-1.2679723908439915,-0.59216788861922409,0.99999999999999956,0.9999999996737502
49,42,1.7180584824319185,1.0308350894591509,-0.73474453947571916,-0.39649993118915022,-1.1312444706648694,-0.33824460828656894,0.99999999999999323,0.99999994762792033
50,42,1.8162332528565992,1.0308350894591509,-0.54224512857991558,-0.45424975445789134,-0.99649488303780687,-0.087995374122024239,0.99999999999989964,0.99999218851361438
51,42,1.9144080232812799,1.0308350894591509,-0.35442578160200389,-0.51059555855126482,-0.8650213401532687,0.15616977694926093,0.99999999999860822,0.99896942210433026
52,42,2.0125827937059615,1.0308350894591509,-0.17309530152587882,-0.56499470257410234,-0.73809000409998116,0.39189940104822352,0.99999999998237676,0.8967859279156396
53,42,2.1107575641306422,1.0308350894591509,-0,-0.61692329303186599,-0.61692329303186599,0.61692329303186599,0.99999999980114906,0.087986944424428781
54,42,2.2089323345553229,1.0308350894591509,0.1631931205984225,-0.6658812292113927,-0.5026881086129702,0.8290743498098152,0.99999999804673245,0.001383869353529299
55,42,2.3071071049800045,1.0308350894591509,0.31491242130759356,-0.71139701942414402,-0.39648459811655046,1.0263094407317377,0.99999998366069009,2.682394393421772e-05
56,42,2.4052818754046852,1.0308350894591509,0.45369676232347445,-0.75303232172890833,-0.29933555940543388,1.2067290840523828,0.99999988595939893,7.2682332524776072e-07
57,42,2.5034566458293668,1.0308350894591509,0.57820957457484679,-0.79038616540432005,-0.21217659082947327,1.3685957399791668,0.99999934820286651,2.8541267127479841e-08
58,42,2.6016314162540475,1.0308350894591509,0.68725173161410069,-0.82309881251609618,-0.13584708090199549,1.5103505441301968,0.99999700013904258,1.6757401577471853e-09
59,42,2.6998061866787282,1.0308350894591509,0.77977309786044291,-0.85085522238999889,-0.071082124529555979,1.6306283202504419,0.99998904433020619,1.5117751495097309e-10
60,42,2.7979809571034098,1.0308350894591509,0.85488264197959829,-0.87338808562574544,-0.018505443646147146,1.7282707276053437,0.99996864510705641,2.1447454923162468e-11
61,42,2.8961557275280905,1.0308350894591509,0.91185701800264463,-0.89048039843265936,0.021376619569985267,1.8023374164353041,0.99993038546843449,4.8757664572463e-12
62,42,2.9943304979527712,1.0308350894591509,0.95014753154311848,-0.90196755249480154,0.048179979048316945,1.8521150840379201,0.99988101574807375,1.801669924361704e-12
63,42,3.0925052683774528,1.0308350894591509,0.96938542402390149,-0.90773892023903646,0.061646503784865025,1.8771243442629379,0.99984424490552604,1.0925704785336166e-12
0,43,-3.0925052683774528,1.1290098598838316,1.1424807255497802,-0.8558103297812728,0.28667039576850739,1.9982910553310531,0.98616459088363673,9.681144774731365e-14
1,43,-2.9943304979527716,1.1290098598838316,1.1232428330689972,-0.85003896203703799,0.2732038710319592,1.9732817951060353,0.98939662120645755,1.5965007094109751e-13
2,43,-2.8961557275280905,1.1290098598838316,1.0849523195285231,-0.83855180797489581,0.2464005115536273,1.9235041275034188,0.99376913509450004,4.3209880118411093e-13
3,43,-2.7979809571034093,1.1290098598838316,1.0279779435054768,-0.82145949516798178,0.206518448337495,1.8494374386734584,0.99718403696786395,1.9008128404607305e-12
4,43,-2.6998061866787286,1.1290098598838316,0.95286839938632195,-0.79892663193223545,0.1539417674540865,1.7517950313185575,0.99901429244488582,1.339822697232762e-11
5,43,-2.6016314162540475,1.1290098598838316,0.86034703313997929,-0.77117022205833263,0.089176811081646656,1.6315172551983119,0.99972990421716434,1.4851353480338503e-10
6,43,-2.5034566458293663,1.1290098598838316,0.75130487610072494,-0.73845757494655628,0.012847301154168655,1.4897624510472811,0.99994130245625323,2.5294877303849717e-09
7,43,-2.4052818754046852,1.1290098598838316,0.62679206384935304,-0.70110373127114478,-0.074311667421791738,1.3278957951204977,0.99998972959006349,6.4415215439428408e-08
8,43,-2.3071071049800045,1.1290098598838316,0.48800772283347216,-0.65946842896638047,-0.17146070613290831,1.1474761517998526,0.9999985284813484,2.3773469632892841e-06
9,43,-2.2089323345553233,1.1290098598838316,0.33628842212430199,-0.61395263875362949,-0.2776642166293275,0.95024106087793148,0.99999982408844712,0.00012280116856833168
10,43,-2.1107575641306422,1.1290098598838316,0.1730953015258786,-0.56499470257410245,-0.39189940104822385,0.73809000409998105,0.99999998209145813,0.0084777182430389453
11,43,-2.0125827937059615,1.1290098598838316,-2.2204460492503131e-16,-0.51306611211633879,-0.51306611211633901,0.51306611211633857,0.99999999841284426,0.43503869956983354
12,43,-1.9144080232812801,1.1290098598838316,-0.18133048007612484,-0.45866696809350138,-0.63999744816962623,0.27733648801737654,0.99999999987465471,0.98849350302287564
13,43,-1.8162332528565992,1.1290098598838316,-0.36914982705403698,-0.40232116400012774,-0.77147099105416472,0.033171336946090757,0.99999999999096056,0.99991186681292332
14,43,-1.7180584824319181,1.1290098598838316,-0.56164923794984145,-0.3445713407313864,-0.90622057868122785,-0.21707789721845505,0.99999999999938938,0.99999940906424745
15,43,-1.6198837120072371,1.1290098598838316,-0.75697483820572875,-0.28597366065462021,-1.042948498860349,-0.47100117755110854,0.99999999999996037,0.99999999631878711
16,43,-1.521708941582556,1.1290098598838316,-0.95324553551540103,-0.22709245146171853,-1.1803379869771196,-0.72615308405368251,0.99999999999999745,0.99999999997762468
17,43,-1.4235341711578751,1.1290098598838316,-1.1485711357712882,-0.16849477138495236,-1.3170659071562405,-0.98007636438633583,0.99999999999999978,0.99999999999986056
18,43,-1.3253594007331939,1.1290098598838316,-1.3410705466670927,-0.11074494811621102,-1.4518154947833037,-1.2303255985508816,1,0.99999999999999911
19,43,-1.227184630308513,1.1290098598838316,-1.5288898936450048,-0.054399144022837388,-1.5832890376678421,-1.4744907496221675,1,1
20,43,-1.1290098598838321,1.1290098598838316,-1.7102203737211288,-2.3314683517128288e-16,-1.710220373721129,-1.7102203737211286,1,1
21,43,-1.0308350894591509,1.1290098598838316,-1.8833156752470082,0.051928590457763581,-1.8313870847892446,-1.9352442657047717,1,1
22,43,-0.93266031903446978,1.1290098598838316,-2.0465087958454315,0.10088652663729065,-1.9456222692081409,-2.1473953224827222,1,1
23,43,-0.83448554860978863,1.1290098598838316,-2.1982280965546019,0.14640231685004171,-2.05182577970456,-2.3446304134046438,1,1
24,43,-0.73631077818510793,1.1290098598838316,-2.3370124375704826,0.18803761915480596,-2.1489748184156765,-2.5250500567252887,1,1
25,43,-0.63813600776042678,1.1290098598838316,-2.4615252498218547,0.22539146283021755,-2.2361337869916373,-2.6869167126520721,1,1
26,43,-0.53996123733574564,1.1290098598838316,-2.5705674068611089,0.25810410994199384,-2.3124632969191152,-2.8286715168031025,1,1
27,43,-0.44178646691106449,1.1290098598838316,-2.6630887731074515,0.28586051981589666,-2.377228253291555,-2.9489492929233481,1,1
28,43,-0.34361169648638379,1.1290098598838316,-2.738198317226606,0.30839338305164304,-2.429804934174963,-3.046591700278249,1,1
29,43,-0.24543692606170264,1.1290098598838316,-2.7951726932496528,0.32548569585855691,-2.4696869973910958,-3.1206583891082098,1,1
30,43,-0.1472621556370215,1.1290098598838316,-2.8334632067901269,0.33697284992069915,-2.4964903568694279,-3.1704360567108258,1,1
31,43,-0.049087385212340351,1.1290098598838316,-2.8527010992709094,0.34274421766493407,-2.5099568816059752,-3.1954453169358437,1,1
32,43,0.049087385212340351,1.1290098598838316,-2.8527010992709094,0.34274421766493407,-2.5099568816059752,-3.1954453169358437,1,1
33,43,0.1472621556370215,1.1290098598838316,-2.8334632067901269,0.33697284992069915,-2.4964903568694279,-3.1704360567108258,1,1
34,43,0.24543692606170264,1.1290098598838316,-2.7951726932496528,0.32548569585855691,-2.4696869973910958,-3.1206583891082098,1,1
35,43,0.34361169648638379,1.1290098598838316,-2.738198317226606,0.30839338305164304,-2.429804934174963,-3.046591700278249,1,1
36,43,0.44178646691106449,1.1290098598838316,-2.6630887731074515,0.28586051981589666,-2.377228253291555,-2.9489492929233481,1,1
37,43,0.53996123733574564,1.1290098598838316,-2.5705674068611089,0.25810410994199384,-2.3124632969191152,-2.8286715168031025,1,1
38,43,0.63813600776042678,1.1290098598838316,-2.4615252498218547,0.22539146283021755,-2.2361337869916373,-2.6869167126520721,1,1
39,43,0.73631077818510793,1.1290098598838316,-2.3370124375704826,0.18803761915480596,-2.1489748184156765,-2.5250500567252887,1,1
40,43,0.83448554860978863,1.1290098598838316,-2.1982280965546019,0.14640231685004171,-2.05182577970456,-2.3446304134046438,1,1
41,43,0.93266031903447022,1.1290098598838316,-2.0465087958454307,0.10088652663729039,-1.9456222692081402,-2.1473953224827209,1,1
42,43,1.0308350894591509,1.1290098598838316,-1.8833156752470082,0.051928590457763581,-1.8313870847892446,-1.9352442657047717,1,1
43,43,1.1290098598838316,1.1290098598838316,-1.7102203737211294,0,-1.7102203737211294,-1.7102203737211294,1,1
44,43,1.2271846303085132,1.1290098598838316,-1.5288898936450044,-0.05439914402283752,-1.5832890376678419,-1.4744907496221669,1,1
45,43,1.3253594007331939,1.1290098598838316,-1.3410705466670927,-0.11074494811621102,-1.4518154947833037,-1.2303255985508816,1,0.99999999999999911
46,43,1.4235341711578746,1.1290098598838316,-1.1485711357712891,-0.16849477138495209,-1.3170659071562412,-0.98007636438633705,0.99999999999999978,0.99999999999986056
47,43,1.5217089415825562,1.1290098598838316,-0.95324553551540059,-0.22709245146171864,-1.1803379869771193,-0.72615308405368195,0.99999999999999745,0.99999999997762468
48,43,1.6198837120072369,1.1290098598838316,-0.75697483820572919,-0.28597366065462004,-1.0429484988603492,-0.47100117755110915,0.99999999999996037,0.99999999631878711
49,43,1.7180584824319185,1.1290098598838316,-0.56164923794984056,-0.34457134073138668,-0.90622057868122718,-0.21707789721845389,0.99999999999938938,0.99999940906424745
50,43,1.8162332528565992,1.1290098598838316,-0.36914982705403698,-0.40232116400012774,-0.77147099105416472,0.033171336946090757,0.99999999999096056,0.99991186681292332
51,43,1.9144080232812799,1.1290098598838316,-0.18133048007612529,-0.45866696809350121,-0.63999744816962645,0.27733648801737593,0.99999999987465471,0.98849350302287586
52,43,2.0125827937059615,1.1290098598838316,-2.2204460492503131e-16,-0.51306611211633879,-0.51306611211633901,0.51306611211633857,0.99999999841284426,0.43503869956983354
53,43,2.1107575641306422,1.1290098598838316,0.1730953015258786,-0.56499470257410245,-0.39189940104822385,0.73809000409998105,0.99999998209145813,0.0084777182430389453
54,43,2.2089323345553229,1.1290098598838316,0.3362884221243011,-0.61395263875362915,-0.27766421662932805,0.95024106087793025,0.99999982408844712,0.00012280116856833168
55,43,2.3071071049800045,1.1290098598838316,0.48800772283347216,-0.65946842896638047,-0.17146070613290831,1.1474761517998526,0.9999985284813484,2.3773469632892841e-06
56,43,2.4052818754046852,1.1290098598838316,0.62679206384935304,-0.70110373127114478,-0.074311667421791738,1.3278957951204977,0.99998972959006349,6.4415215439428408e-08
57,43,2.5034566458293668,1.1290098598838316,0.75130487610072538,-0.73845757494655639,0.012847301154168989,1.4897624510472818,0.99994130245625323,2.5294877303849717e-09
58,43,2.6016314162540475,1.1290098598838316,0.86034703313997929,-0.77117022205833263,0.089176811081646656,1.6315172551983119,0.99972990421716434,1.4851353480338503e-10
59,43,2.6998061866787282,1.1290098598838316,0.95286839938632151,-0.79892663193223534,0.15394176745408616,1.7517950313185569,0.99901429244488582,1.339822697232762e-11
60,43,2.7979809571034098,1.1290098598838316,1.0279779435054768,-0.82145949516798189,0.20651844833749489,1.8494374386734587,0.99718403696786395,1.9008128404607305e-12
61,43,2.8961557275280905,1.1290098598838316,1.0849523195285231,-0.83855180797489581,0.2464005115536273,1.9235041275034188,0.99376913509450004,4.3209880118411093e-13
62,43,2.9943304979527712,1.1290098598838316,1.1232428330689972,-0.85003896203703788,0.27320387103195931,1.9732817951060351,0.98939662120645755,1.5965007094109751e-13
63,43,3.0925052683774528,1.1290098598838316,1.1424807255497802,-0.8558103297812728,0.28667039576850739,1.9982910553310531,0.98616459088363673,9.681144774731365e-14
0,44,-3.0925052683774528,1.2271846303085132,1.3238112056259053,-0.80141118575843528,0.52240001986746998,2.1252223913843404,0.38983629454208441,7.6605388699135801e-15
1,44,-2.9943304979527716,1.2271846303085132,1.3045733131451223,-0.79563981801420047,0.50893349513092179,2.1002131311593226,0.45545097264484768,1.2601031329495527e-14
2,44,-2.8961557275280905,1.2271846303085132,1.2662827996046482,-0.78415266395205829,0.48213013565258989,2.0504354635567066,0.58841024493396088,3.4139358007223564e-14
3,44,-2.7979809571034093,1.2271846303085132,1.2093084235816018,-0.76706035114514426,0.44224807243645758,1.9763687747267462,0.76043002518334712,1.5010215292932116e-13
4,44,-2.6998061866787286,1.2271846303085132,1.1341988794624469,-0.74452748790939793,0.38967139155304897,1.8787263673718448,0.90083814329287515,1.0580980536190054e-12
5,44,-2.6016314162540475,1.2271846303085132,1.0416775132161042,-0.71677107803549511,0.32490643518060913,1.7584485912515992,0.97074096641805752,1.1728840121350004e-11
6,44,-2.5034566458293663,1.2271846303085132,0.93263535617685001,-0.68405843092371876,0.24857692525313124,1.6166937871005689,0.99349373046107803,1.9976575948987829e-10
7,44,-2.4052818754046852,1.2271846303085132,0.80812254392547811,-0.64670458724830726,0.16141795667717085,1.4548271311737855,0.99885549840333399,5.0871777346195302e-09
8,44,-2.3071071049800045,1.2271846303085132,0.66933820290959722,-0.60506928494354295,0.064268917966054273,1.2744074878531402,0.99983585917260365,1.8775086391142892e-07
9,44,-2.2089323345553233,1.2271846303085132,0.51761890220042706,-0.55955349473079197,-0.041934592530364911,1.077172396931219,0.99998037510168469,9.6992922604122178e-06
10,44,-2.1107575641306422,1.2271846303085132,0.35442578160200366,-0.51059555855126493,-0.15616977694926126,0.86502134015326859,0.99999800206724987,0.00067479485911747794
11,44,-2.0125827937059615,1.2271846303085132,0.18133048007612484,-0.45866696809350121,-0.27733648801737637,0.639997448169626,0.99999982293163525,0.05732693388323018
12,44,-1.9144080232812801,1.2271846303085132,2.2204460492503131e-16,-0.40426782407066386,-0.40426782407066364,0.40426782407066408,0.99999998601606266,0.87153992483498188
13,44,-1.8162332528565992,1.2271846303085132,-0.18781934697791192,-0.34792201997729022,-0.53574136695520214,0.1601026729993783,0.99999999899152581,0.99888517962116863
14,44,-1.7180584824319181,1.2271846303085132,-0.38031875787371638,-0.29017219670854888,-0.67049095458226526,-0.090146561165167505,0.99999999993188471,0.99999251746340034
15,44,-1.6198837120072371,1.2271846303085132,-0.57564435812960368,-0.23157451663178269,-0.80721887476138643,-0.34406984149782099,0.99999999999557776,0.99999995338748993
16,44,-1.521708941582556,1.2271846303085132,-0.77191505543927597,-0.17269330743888101,-0.94460836287815697,-0.59922174800039496,0.99999999999971667,0.99999999971667741
17,44,-1.4235341711578751,1.2271846303085132,-0.96724065569516315,-0.11409562736211484,-1.0813362830572779,-0.85314502833304828,0.99999999999998157,0.99999999999823508
18,44,-1.3253594007331939,1.2271846303085132,-1.1597400665909676,-0.056345804093373503,-1.2160858706843412,-1.1033942624975941,0.99999999999999878,0.99999999999998823
19,44,-1.227184630308513,1.2271846303085132,-1.3475594135688798,1.3322676295501878e-16,-1.3475594135688795,-1.34755941356888,0.99999999999999989,0.99999999999999989
20,44,-1.1290098598838321,1.2271846303085132,-1.5288898936450037,0.054399144022837284,-1.4744907496221664,-1.583289037667841,1,1
21,44,-1.0308350894591509,1.2271846303085132,-1.7019851951708831,0.10632773448060109,-1.595657460690282,-1.8083129296514842,1,1
22,44,-0.93266031903446978,1.2271846303085132,-1.8651783157693065,0.15528567066012819,-1.7098926451091783,-2.0204639864294345,1,1
23,44,-0.83448554860978863,1.2271846303085132,-2.0168976164784769,0.20080146087287923,-1.8160961556055977,-2.2176990773513561,1,1
24,44,-0.73631077818510793,1.2271846303085132,-2.1556819574943575,0.24243676317764348,-1.9132451943167141,-2.3981187206720009,1,1
25,44,-0.63813600776042678,1.2271846303085132,-2.2801947697457297,0.27979060685305507,-2.0004041628926745,-2.5599853765987848,1,1
26,44,-0.53996123733574564,1.2271846303085132,-2.3892369267849838,0.31250325396483142,-2.0767336728201524,-2.7017401807498151,1,1
27,44,-0.44178646691106449,1.2271846303085132,-2.4817582930313264,0.34025966383873418,-2.1414986291925922,-2.8220179568700607,1,1
28,44,-0.34361169648638379,1.2271846303085132,-2.5568678371504809,0.36279252707448056,-2.1940753100760002,-2.9196603642249617,1,1
29,44,-0.24543692606170264,1.2271846303085132,-2.6138422131735277,0.37988483988139443,-2.2339573732921334,-2.993727053054922,1,1
30,44,-0.1472621556370215,1.2271846303085132,-2.6521327267140018,0.39137199394353667,-2.2607607327704651,-3.0435047206575385,1,1
31,44,-0.049087385212340351,1.2271846303085132,-2.6713706191947844,0.39714336168777159,-2.2742272575070128,-3.0685139808825559,1,1
32,44,0.049087385212340351,1.2271846303085132,-2.6713706191947844,0.39714336168777159,-2.2742272575070128,-3.0685139808825559,1,1
33,44,0.1472621556370215,1.2271846303085132,-2.6521327267140018,0.39137199394353667,-2.2607607327704651,-3.0435047206575385,1,1
34,44,0.24543692606170264,1.2271846303085132,-2.6138422131735277,0.37988483988139443,-2.2339573732921334,-2.993727053054922,1,1
35,44,0.34361169648638379,1.2271846303085132,-2.5568678371504809,0.36279252707448056,-2.1940753100760002,-2.9196603642249617,1,1
36,44,0.44178646691106449,1.2271846303085132,-2.4817582930313264,0.34025966383873418,-2.1414986291925922,-2.8220179568700607,1,1
37,44,0.53996123733574564,1.2271846303085132,-2.3892369267849838,0.31250325396483142,-2.0767336728201524,-2.7017401807498151,1,1
38,44,0.63813600776042678,1.2271846303085132,-2.2801947697457297,0.27979060685305507,-2.0004041628926745,-2.5599853765987848,1,1
39,44,0.73631077818510793,1.2271846303085132,-2.1556819574943575,0.24243676317764348,-1.9132451943167141,-2.3981187206720009,1,1
40,44,0.83448554860978863,1.2271846303085132,-2.0168976164784769,0.20080146087287923,-1.8160961556055977,-2.2176990773513561,1,1
41,44,0.93266031903447022,1.2271846303085132,-1.8651783157693056,0.15528567066012791,-1.7098926451091776,-2.0204639864294336,1,1
42,44,1.0308350894591509,1.2271846303085132,-1.7019851951708831,0.10632773448060109,-1.595657460690282,-1.8083129296514842,1,1
43,44,1.1290098598838316,1.2271846303085132,-1.5288898936450044,0.05439914402283752,-1.4744907496221669,-1.5832890376678419,1,1
44,44,1.2271846303085132,1.2271846303085132,-1.3475594135688793,0,-1.3475594135688793,-1.3475594135688793,0.99999999999999989,0.99999999999999989
45,44,1.3253594007331939,1.2271846303085132,-1.1597400665909676,-0.056345804093373503,-1.2160858706843412,-1.1033942624975941,0.99999999999999878,0.99999999999998823
46,44,1.4235341711578746,1.2271846303085132,-0.96724065569516404,-0.11409562736211458,-1.0813362830572786,-0.8531450283330495,0.99999999999998157,0.99999999999823508
47,44,1.5217089415825562,1.2271846303085132,-0.77191505543927552,-0.17269330743888114,-0.94460836287815664,-0.59922174800039441,0.99999999999971667,0.99999999971667741
48,44,1.6198837120072369,1.2271846303085132,-0.57564435812960413,-0.23157451663178255,-0.80721887476138665,-0.3440698414978216,0.99999999999557776,0.99999995338748993
49,44,1.7180584824319185,1.2271846303085132,-0.3803187578737155,-0.29017219670854916,-0.6704909545822646,-0.090146561165166339,0.99999999993188471,0.99999251746340034
50,44,1.8162332528565992,1.2271846303085132,-0.18781934697791192,-0.34792201997729022,-0.53574136695520214,0.1601026729993783,0.99999999899152581,0.99888517962116863
51,44,1.9144080232812799,1.2271846303085132,-2.2204460492503131e-16,-0.40426782407066369,-0.40426782407066392,0.40426782407066347,0.99999998601606266,0.87153992483498322
52,44,2.0125827937059615,1.2271846303085132,0.18133048007612484,-0.45866696809350121,-0.27733648801737637,0.639997448169626,0.99999982293163525,0.05732693388323018
53,44,2.1107575641306422,1.2271846303085132,0.35442578160200366,-0.51059555855126493,-0.15616977694926126,0.86502134015326859,0.99999800206724987,0.00067479485911747794
54,44,2.2089323345553229,1.2271846303085132,0.51761890220042617,-0.55955349473079163,-0.041934592530365467,1.0771723969312177,0.99998037510168469,9.6992922604122178e-06
55,44,2.3071071049800045,1.2271846303085132,0.66933820290959722,-0.60506928494354295,0.064268917966054273,1.2744074878531402,0.99983585917260365,1.8775086391142892e-07
56,44,2.4052818754046852,1.2271846303085132,0.80812254392547811,-0.64670458724830726,0.16141795667717085,1.4548271311737855,0.99885549840333399,5.0871777346195302e-09
57,44,2.5034566458293668,1.2271846303085132,0.93263535617685045,-0.68405843092371887,0.24857692525313158,1.6166937871005693,0.99349373046107792,1.9976575948987829e-10
58,44,2.6016314162540475,1.2271846303085132,1.0416775132161042,-0.71677107803549511,0.32490643518060913,1.7584485912515992,0.97074096641805752,1.1728840121350004e-11
59,44,2.6998061866787282,1.2271846303085132,1.1341988794624465,-0.74452748790939782,0.38967139155304864,1.8787263673718444,0.9008381432928757,1.0580980536190054e-12
60,44,2.7979809571034098,1.2271846303085132,1.2093084235816018,-0.76706035114514437,0.44224807243645747,1.9763687747267462,0.76043002518334757,1.5010215292932116e-13
61,44,2.8961557275280905,1.2271846303085132,1.2662827996046482,-0.78415266395205829,0.48213013565258989,2.0504354635567066,0.58841024493396088,3.4139358007223564e-14
62,44,2.9943304979527712,1.2271846303085132,1.3045733131451223,-0.79563981801420036,0.5089334951309219,2.1002131311593226,0.45545097264484713,1.2601031329495527e-14
63,44,3.0925052683774528,1.2271846303085132,1.3238112056259053,-0.80141118575843528,0.52240001986746998,2.1252223913843404,0.38983629454208441,7.6605388699135801e-15
0,45,-3.0925052683774528,1.3253594007331939,1.5116305526038167,-0.74506538166506187,0.76656517093875487,2.2566959342688788,0.0048144690264624312,5.5511151231257827e-16
1,45,-2.9943304979527716,1.3253594007331939,1.4923926601230342,-0.73929401392082694,0.75309864620220723,2.231686674043861,0.0062931973978620492,8.8817841970012523e-16
2,45,-2.8961557275280905,1.3253594007331939,1.4541021465825601,-0.72780685985868476,0.72629528672387533,2.181909006441245,0.010708981788913552,2.4424906541753444e-15
3,45,-2.7979809571034093,1.3253594007331939,1.3971277705595133,-0.71071454705177084,0.68641322350774248,2.1078423176112842,0.023470412360307336,1.0824674490095276e-14
4,45,-2.6998061866787286,1.3253594007331939,1.3220182264403588,-0.68818168381602429,0.63383654262433453,2.0101999102563832,0.064360458409367494,7.6327832942979512e-14
5,45,-2.6016314162540475,1.3253594007331939,1.2294968601940162,-0.66042527394212158,0.56907158625189458,1.8899221341361376,0.20077915686472703,8.4582341131067551e-13
6,45,-2.5034566458293663,1.3253594007331939,1.1204547031547616,-0.62771262683034534,0.49274207632441624,1.7481673299851068,0.53622603086708154,1.4406420500989725e-11
7,45,-2.4052818754046852,1.3253594007331939,0.9959418909033898,-0.59035878315493362,0.40558310774845618,1.5863006740583234,0.86856589652936256,3.668700343517628e-10
8,45,-2.3071071049800045,1.3253594007331939,0.85715754988750892,-0.54872348085016942,0.3084340690373395,1.4058810307376783,0.97877908308638983,1.353995859876278e-08
9,45,-2.2089323345553233,1.3253594007331939,0.70543824917833875,-0.50320769063741833,0.20223055854092042,1.208645939815757,0.99741486438993565,6.9948639280781322e-07
10,45,-2.1107575641306422,1.3253594007331939,0.54224512857991536,-0.45424975445789134,0.087995374122024017,0.99649488303780664,0.99973620976699051,4.8694408174343451e-05
11,45,-2.0125827937059615,1.3253594007331939,0.36914982705403654,-0.40232116400012774,-0.033171336946091201,0.77147099105416428,0.99997661580341535,0.0043664896706134271
12,45,-1.9144080232812801,1.3253594007331939,0.18781934697791192,-0.34792201997729033,-0.16010267299937841,0.53574136695520225,0.99999815319844965,0.32853305348276785
13,45,-1.8162332528565992,1.3253594007331939,-2.2204460492503131e-16,-0.29157621588391669,-0.29157621588391691,0.29157621588391647,0.99999986681470077,0.98476001914865297
14,45,-1.7180584824319181,1.3253594007331939,-0.19249941089580469,-0.23382639261517535,-0.42632580351098004,0.041326981719370659,0.99999999100427228,0.99989625391319237
15,45,-1.6198837120072371,1.3253594007331939,-0.38782501115169193,-0.17522871253840919,-0.56305372369010109,-0.21259629861328275,0.9999999994159734,0.99999935365125037
16,45,-1.521708941582556,1.3253594007331939,-0.58409570846136427,-0.1163475033455075,-0.70044321180687175,-0.4677482051158568,0.99999999996258182,0.99999999607132684
17,45,-1.4235341711578751,1.3253594007331939,-0.77942130871725146,-0.05774982326874134,-0.8371711319859928,-0.72167148544851012,0.99999999999757072,0.99999999997552647
18,45,-1.3253594007331939,1.3253594007331939,-0.97192071961305593,0,-0.97192071961305593,-0.97192071961305593,0.99999999999983591,0.99999999999983591
19,45,-1.227184630308513,1.3253594007331939,-1.1597400665909681,0.056345804093373641,-1.1033942624975945,-1.2160858706843416,0.99999999999998823,0.99999999999999878
20,45,-1.1290098598838321,1.3253594007331939,-1.3410705466670918,0.11074494811621079,-1.230325598550881,-1.4518154947833026,0.99999999999999911,1
21,45,-1.0308350894591509,1.3253594007331939,-1.5141658481929712,0.1626735385739746,-1.3514923096189966,-1.6768393867669458,1,1
22,45,-0.93266031903446978,1.3253594007331939,-1.677358968791395,0.21163147475350169,-1.4657274940378933,-1.8889904435448968,1,1
23,45,-0.83448554860978863,1.3253594007331939,-1.829078269500565,0.25714726496625273,-1.5719310045343122,-2.0862255344668177,1,1
24,45,-0.73631077818510793,1.3253594007331939,-1.9678626105164461,0.29878256727101699,-1.6690800432454291,-2.266645177787463,1,1
25,45,-0.63813600776042678,1.3253594007331939,-2.0923754227678177,0.3361364109464286,-1.7562390118213891,-2.4285118337142464,1,1
26,45,-0.53996123733574564,1.3253594007331939,-2.2014175798070723,0.36884905805820484,-1.8325685217488674,-2.5702666378652772,1,1
27,45,-0.44178646691106449,1.3253594007331939,-2.293938946053415,0.39660546793210766,-1.8973334781213074,-2.6905444139855228,1,1
28,45,-0.34361169648638379,1.3253594007331939,-2.3690484901725695,0.41913833116785398,-1.9499101590047154,-2.7881868213404233,1,1
29,45,-0.24543692606170264,1.3253594007331939,-2.4260228661956158,0.43623064397476802,-1.9897922222208477,-2.8622535101703837,1,1
30,45,-0.1472621556370215,1.3253594007331939,-2.4643133797360899,0.44771779803691025,-2.0165955816991796,-2.9120311777730001,1,1
31,45,-0.049087385212340351,1.3253594007331939,-2.4835512722168729,0.45348916578114501,-2.0300621064357278,-2.9370404379980179,1,1
32,45,0.049087385212340351,1.3253594007331939,-2.4835512722168729,0.45348916578114501,-2.0300621064357278,-2.9370404379980179,1,1
33,45,0.1472621556370215,1.3253594007331939,-2.4643133797360899,0.44771779803691025,-2.0165955816991796,-2.9120311777730001,1,1
34,45,0.24543692606170264,1.3253594007331939,-2.4260228661956158,0.43623064397476802,-1.9897922222208477,-2.8622535101703837,1,1
35,45,0.34361169648638379,1.3253594007331939,-2.3690484901725695,0.41913833116785398,-1.9499101590047154,-2.7881868213404233,1,1
36,45,0.44178646691106449,1.3253594007331939,-2.293938946053415,0.39660546793210766,-1.8973334781213074,-2.6905444139855228,1,1
37,45,0.53996123733574564,1.3253594007331939,-2.2014175798070723,0.36884905805820484,-1.8325685217488674,-2.5702666378652772,1,1
38,45,0.63813600776042678,1.3253594007331939,-2.0923754227678177,0.3361364109464286,-1.7562390118213891,-2.4285118337142464,1,1
39,45,0.73631077818510793,1.3253594007331939,-1.9678626105164461,0.29878256727101699,-1.6690800432454291,-2.266645177787463,1,1
40,45,0.83448554860978863,1.3253594007331939,-1.829078269500565,0.25714726496625273,-1.5719310045343122,-2.0862255344668177,1,1
41,45,0.93266031903447022,1.3253594007331939,-1.6773589687913941,0.21163147475350141,-1.4657274940378926,-1.8889904435448956,1,1
42,45,1.0308350894591509,1.3253594007331939,-1.5141658481929712,0.1626735385739746,-1.3514923096189966,-1.6768393867669458,1,1
43,45,1.1290098598838316,1.3253594007331939,-1.3410705466670927,0.11074494811621102,-1.2303255985508816,-1.4518154947833037,0.99999999999999911,1
44,45,1.2271846303085132,1.3253594007331939,-1.1597400665909676,0.056345804093373503,-1.1033942624975941,-1.2160858706843412,0.99999999999998823,0.99999999999999878
45,45,1.3253594007331939,1.3253594007331939,-0.97192071961305593,0,-0.97192071961305593,-0.97192071961305593,0.99999999999983591,0.99999999999983591
46,45,1.4235341711578746,1.3253594007331939,-0.77942130871725235,-0.05774982326874107,-0.83717113198599347,-0.72167148544851123,0.99999999999757072,0.99999999997552647
47,45,1.5217089415825562,1.3253594007331939,-0.58409570846136383,-0.11634750334550764,-0.70044321180687152,-0.46774820511585619,0.99999999996258182,0.99999999607132684
48,45,1.6198837120072369,1.3253594007331939,-0.38782501115169238,-0.17522871253840905,-0.56305372369010143,-0.21259629861328333,0.9999999994159734,0.99999935365125037
49,45,1.7180584824319185,1.3253594007331939,-0.1924994108958038,-0.23382639261517563,-0.42632580351097943,0.041326981719371825,0.99999999100427228,0.99989625391319237
50,45,1.8162332528565992,1.3253594007331939,-2.2204460492503131e-16,-0.29157621588391669,-0.29157621588391691,0.29157621588391647,0.99999986681470077,0.98476001914865297
51,45,1.9144080232812799,1.3253594007331939,0.18781934697791147,-0.34792201997729022,-0.16010267299937875,0.53574136695520169,0.99999815319844965,0.32853305348277029
52,45,2.0125827937059615,1.3253594007331939,0.36914982705403654,-0.40232116400012774,-0.033171336946091201,0.77147099105416428,0.99997661580341535,0.0043664896706134271
53,45,2.1107575641306422,1.3253594007331939,0.54224512857991536,-0.45424975445789134,0.087995374122024017,0.99649488303780664,0.99973620976699051,4.8694408174343451e-05
54,45,2.2089323345553229,1.3253594007331939,0.70543824917833786,-0.5032076906374181,0.20223055854091976,1.2086459398157561,0.99741486438993565,6.9948639280781322e-07
55,45,2.3071071049800045,1.3253594007331939,0.85715754988750892,-0.54872348085016942,0.3084340690373395,1.4058810307376783,0.97877908308638983,1.353995859876278e-08
56,45,2.4052818754046852,1.3253594007331939,0.9959418909033898,-0.59035878315493362,0.40558310774845618,1.5863006740583234,0.86856589652936256,3.668700343517628e-10
57,45,2.5034566458293668,1.3253594007331939,1.120454703154762,-0.62771262683034545,0.49274207632441658,1.7481673299851075,0.53622603086707987,1.4406420500989725e-11
58,45,2.6016314162540475,1.3253594007331939,1.2294968601940162,-0.66042527394212158,0.56907158625189458,1.8899221341361376,0.20077915686472703,8.4582341131067551e-13
59,45,2.6998061866787282,1.3253594007331939,1.3220182264403584,-0.68818168381602418,0.6338365426243342,2.0101999102563823,0.064360458409367882,7.6327832942979512e-14
60,45,2.7979809571034098,1.3253594007331939,1.3971277705595138,-0.71071454705177084,0.68641322350774292,2.1078423176112846,0.023470412360307169,1.0824674490095276e-14
61,45,2.8961557275280905,1.3253594007331939,1.4541021465825601,-0.72780685985868476,0.72629528672387533,2.181909006441245,0.010708981788913552,2.4424906541753444e-15
62,45,2.9943304979527712,1.3253594007331939,1.4923926601230337,-0.73929401392082694,0.75309864620220679,2.2316866740438606,0.0062931973978621603,8.8817841970012523e-16
63,45,3.0925052683774528,1.3253594007331939,1.5116305526038167,-0.74506538166506187,0.76656517093875487,2.2566959342688788,0.0048144690264624312,5.5511151231257827e-16
0,46,-3.0925052683774528,1.4235341711578746,1.7041299634996205,-0.68731555839632075,1.0168144051032999,2.3914455218959412,3.2433441057799772e-05,5.5511151231257827e-17
1,46,-2.9943304979527716,1.4235341711578746,1.6848920710188375,-0.68154419065208593,1.0033478803667517,2.3664362616709234,4.2457793651418108e-05,5.5511151231257827e-17
2,46,-2.8961557275280905,1.4235341711578746,1.6466015574783635,-0.67005703658994376,0.9765445208884197,2.3166585940683073,7.2569706423442071e-05,1.6653345369377348e-16
3,46,-2.7979809571034093,1.4235341711578746,1.5896271814553171,-0.65296472378302972,0.9366624576722874,2.2425919052383469,0.00016111208122510101,7.2164496600635175e-16
4,46,-2.6998061866787286,1.4235341711578746,1.5145176373361622,-0.63043186054728328,0.8840857767888789,2.1449494978834456,0.00046097045198034703,5.1625370645069779e-15
5,46,-2.6016314162540475,1.4235341711578746,1.4219962710898195,-0.60267545067338057,0.81932082041643894,2.0246717217632,0.0016814491422725286,5.7120974616964304e-14
6,46,-2.5034566458293663,1.4235341711578746,1.3129541140505654,-0.56996280356160411,0.74299131048896128,1.8829169176121696,0.0076922023143928819,9.7305496993271845e-13
7,46,-2.4052818754046852,1.4235341711578746,1.1884413017991933,-0.53260895988619261,0.65583234191300066,1.7210502616853858,0.042425788036349665,2.4779456264667488e-11
8,46,-2.3071071049800045,1.4235341711578746,1.0496569607833126,-0.4909736575814283,0.55868330320188431,1.5406306183647409,0.23619296536066892,9.1452861950003239e-10
9,46,-2.2089323345553233,1.4235341711578746,0.89793766007414233,-0.44545786736867737,0.45247979270546496,1.3433955274428198,0.72119644776259606,4.7245397483131057e-08
10,46,-2.1107575641306422,1.4235341711578746,0.73474453947571894,-0.39649993118915033,0.3382446082865686,1.1312444706648692,0.96213428096365095,3.2891127763057249e-06
11,46,-2.0125827937059615,1.4235341711578746,0.56164923794984012,-0.34457134073138668,0.21707789721845344,0.90622057868122674,0.99652417679170424,0.00029613126214550478
12,46,-1.9144080232812801,1.4235341711578746,0.3803187578737155,-0.29017219670854927,0.090146561165166228,0.67049095458226482,0.999724616035226,0.031989999138972769
13,46,-1.8162332528565992,1.4235341711578746,0.19249941089580336,-0.23382639261517563,-0.041326981719372269,0.42632580351097898,0.99998013516548911,0.81358634873467262
14,46,-1.7180584824319181,1.4235341711578746,-1.1102230246251565e-15,-0.17607656934643429,-0.1760765693464354,0.17607656934643318,0.99999865824584433,0.99846619483581756
15,46,-1.6198837120072371,1.4235341711578746,-0.19532560025588835,-0.11747888926966812,-0.31280448952555651,-0.07784671098622023,0.99999991288962797,0.99999043063577742
16,46,-1.521708941582556,1.4235341711578746,-0.39159629756556064,-0.05859768007676644,-0.45019397764232705,-0.33299861748879422,0.99999999441889775,0.99999994183443985
17,46,-1.4235341711578751,1.4235341711578746,-0.58692189782144788,-2.6645352591003756e-16,-0.5869218978214481,-0.58692189782144766,0.99999999963765995,0.99999999963765995
18,46,-1.3253594007331939,1.4235341711578746,-0.77942130871725235,0.05774982326874107,-0.72167148544851123,-0.83717113198599347,0.99999999997552647,0.99999999999757072
19,46,-1.227184630308513,1.4235341711578746,-0.96724065569516449,0.1140956273621147,-0.85314502833304973,-1.0813362830572792,0.99999999999823508,0.99999999999998157
20,46,-1.1290098598838321,1.4235341711578746,-1.1485711357712884,0.16849477138495186,-0.98007636438633661,-1.3170659071562403,0.99999999999986056,0.99999999999999978
21,46,-1.0308350894591509,1.4235341711578746,-1.3216664372971678,0.22042336184271569,-1.1012430754544522,-1.5420897991398834,0.99999999999998757,1
22,46,-0.93266031903446978,1.4235341711578746,-1.4848595578955912,0.26938129802224275,-1.2154782598733485,-1.754240855917834,0.99999999999999867,1
23,46,-0.83448554860978863,1.4235341711578746,-1.6365788586047616,0.31489708823499379,-1.3216817703697679,-1.9514759468397553,0.99999999999999978,1
24,46,-0.73631077818510793,1.4235341711578746,-1.7753631996206423,0.3565323905397581,-1.4188308090808841,-2.1318955901604002,1,1
25,46,-0.63813600776042678,1.4235341711578746,-1.8998760118720144,0.39388623421516961,-1.5059897776568447,-2.293762246087184,1,1
26,46,-0.53996123733574564,1.4235341711578746,-2.0089181689112685,0.42659888132694596,-1.5823192875843226,-2.4355170502382144,1,1
27,46,-0.44178646691106449,1.4235341711578746,-2.1014395351576112,0.45435529120084878,-1.6470842439567623,-2.55579482635846,1,1
28,46,-0.34361169648638379,1.4235341711578746,-2.1765490792767657,0.4768881544365951,-1.6996609248401706,-2.6534372337133609,1,1
29,46,-0.24543692606170264,1.4235341711578746,-2.2335234552998124,0.49398046724350902,-1.7395429880563034,-2.7275039225433213,1,1
30,46,-0.1472621556370215,1.4235341711578746,-2.2718139688402865,0.50546762130565126,-1.7663463475346353,-2.7772815901459378,1,1
31,46,-0.049087385212340351,1.4235341711578746,-2.2910518613210691,0.51123898904988618,-1.779812872271183,-2.8022908503709552,1,1
32,46,0.049087385212340351,1.4235341711578746,-2.2910518613210691,0.51123898904988618,-1.779812872271183,-2.8022908503709552,1,1
33,46,0.1472621556370215,1.4235341711578746,-2.2718139688402865,0.50546762130565126,-1.7663463475346353,-2.7772815901459378,1,1
34,46,0.24543692606170264,1.4235341711578746,-2.2335234552998124,0.49398046724350902,-1.7395429880563034,-2.7275039225433213,1,1
35,46,0.34361169648638379,1.4235341711578746,-2.1765490792767657,0.4768881544365951,-1.6996609248401706,-2.6534372337133609,1,1
36,46,0.44178646691106449,1.4235341711578746,-2.1014395351576112,0.45435529120084878,-1.6470842439567623,-2.55579482635846,1,1
37,46,0.53996123733574564,1.4235341711578746,-2.0089181689112685,0.42659888132694596,-1.5823192875843226,-2.4355170502382144,1,1
38,46,0.63813600776042678,1.4235341711578746,-1.8998760118720144,0.39388623421516961,-1.5059897776568447,-2.293762246087184,1,1
39,46,0.73631077818510793,1.4235341711578746,-1.7753631996206423,0.3565323905397581,-1.4188308090808841,-2.1318955901604002,1,1
40,46,0.83448554860978863,1.4235341711578746,-1.6365788586047616,0.31489708823499379,-1.3216817703697679,-1.9514759468397553,0.99999999999999978,1
41,46,0.93266031903447022,1.4235341711578746,-1.4848595578955903,0.26938129802224248,-1.2154782598733478,-1.7542408559178329,0.99999999999999867,1
42,46,1.0308350894591509,1.4235341711578746,-1.3216664372971678,0.22042336184271569,-1.1012430754544522,-1.5420897991398834,0.99999999999998757,1
43,46,1.1290098598838316,1.4235341711578746,-1.1485711357712891,0.16849477138495209,-0.98007636438633705,-1.3170659071562412,0.99999999999986056,0.99999999999999978
44,46,1.2271846303085132,1.4235341711578746,-0.96724065569516404,0.11409562736211458,-0.8531450283330495,-1.0813362830572786,0.99999999999823508,0.99999999999998157
45,46,1.3253594007331939,1.4235341711578746,-0.77942130871725235,0.05774982326874107,-0.72167148544851123,-0.83717113198599347,0.99999999997552647,0.99999999999757072
46,46,1.4235341711578746,1.4235341711578746,-0.58692189782144877,0,-0.58692189782144877,-0.58692189782144877,0.99999999963765995,0.99999999963765995
47,46,1.5217089415825562,1.4235341711578746,-0.39159629756556019,-0.058597680076766571,-0.45019397764232677,-0.33299861748879361,0.99999999441889775,0.99999994183443985
48,46,1.6198837120072369,1.4235341711578746,-0.1953256002558888,-0.11747888926966799,-0.31280448952555678,-0.077846710986220813,0.99999991288962797,0.99999043063577742
49,46,1.7180584824319185,1.4235341711578746,-2.2204460492503131e-16,-0.17607656934643456,-0.17607656934643479,0.17607656934643434,0.99999865824584433,0.99846619483581756
50,46,1.8162332528565992,1.4235341711578746,0.19249941089580336,-0.23382639261517563,-0.041326981719372269,0.42632580351097898,0.99998013516548911,0.81358634873467262
51,46,1.9144080232812799,1.4235341711578746,0.38031875787371505,-0.29017219670854916,0.090146561165165895,0.67049095458226415,0.999724616035226,0.031989999138973213
52,46,2.0125827937059615,1.4235341711578746,0.56164923794984012,-0.34457134073138668,0.21707789721845344,0.90622057868122674,0.99652417679170424,0.00029613126214550478
53,46,2.1107575641306422,1.4235341711578746,0.73474453947571894,-0.39649993118915033,0.3382446082865686,1.1312444706648692,0.96213428096365095,3.2891127763057249e-06
54,46,2.2089323345553229,1.4235341711578746,0.89793766007414144,-0.4454578673686771,0.45247979270546435,1.3433955274428184,0.7211964477625985,4.7245397483131057e-08
55,46,2.3071071049800045,1.4235341711578746,1.0496569607833126,-0.4909736575814283,0.55868330320188431,1.5406306183647409,0.23619296536066892,9.1452861950003239e-10
56,46,2.4052818754046852,1.4235341711578746,1.1884413017991933,-0.53260895988619261,0.65583234191300066,1.7210502616853858,0.042425788036349665,2.4779456264667488e-11
57,46,2.5034566458293668,1.4235341711578746,1.3129541140505658,-0.56996280356160434,0.7429913104889615,1.8829169176121701,0.0076922023143928264,9.7305496993271845e-13
58,46,2.6016314162540475,1.4235341711578746,1.4219962710898195,-0.60267545067338057,0.81932082041643894,2.0246717217632,0.0016814491422725286,5.7120974616964304e-14
59,46,2.6998061866787282,1.4235341711578746,1.5145176373361617,-0.63043186054728317,0.88408577678887856,2.1449494978834451,0.00046097045198034703,5.1625370645069779e-15
60,46,2.7979809571034098,1.4235341711578746,1.5896271814553171,-0.65296472378302983,0.93666245767228729,2.2425919052383469,0.00016111208122510101,7.2164496600635175e-16
61,46,2.8961557275280905,1.4235341711578746,1.6466015574783635,-0.67005703658994376,0.9765445208884197,2.3166585940683073,7.2569706423442071e-05,1.6653345369377348e-16
62,46,2.9943304979527712,1.4235341711578746,1.6848920710188375,-0.68154419065208582,1.0033478803667517,2.3664362616709234,4.2457793651418108e-05,5.5511151231257827e-17
63,46,3.0925052683774528,1.4235341711578746,1.7041299634996205,-0.68731555839632075,1.0168144051032999,2.3914455218959412,3.2433441057799772e-05,5.5511151231257827e-17
0,47,-3.0925052683774528,1.5217089415825562,1.8994555637555091,-0.62871787831955417,1.2707376854359549,2.5281734420750634,2.0204934025880306e-07,0
1,47,-2.9943304979527716,1.5217089415825562,1.8802176712747263,-0.62294651057531936,1.2572711606994069,2.5031641818500456,2.6450029283475729e-07,0
2,47,-2.8961557275280905,1.5217089415825562,1.8419271577342522,-0.61145935651317718,1.230467801221075,2.4533865142474296,4.5210269727924413e-07,0
3,47,-2.7979809571034093,1.5217089415825562,1.7849527817112056,-0.59436704370626314,1.1905857380049425,2.3793198254174688,1.0038020034075501e-06,5.5511151231257827e-17
4,47,-2.6998061866787286,1.5217089415825562,1.7098432375920509,-0.57183418047051671,1.1380090571215342,2.2816774180625679,2.872913129337018e-06,3.3306690738754696e-16
5,47,-2.6016314162540475,1.5217089415825562,1.6173218713457083,-0.54407777059661389,1.0732441007490943,2.1613996419423223,1.0492052343380465e-05,3.7192471324942744e-15
6,47,-2.5034566458293663,1.5217089415825562,1.5082797143064539,-0.51136512348483765,0.99691459082161626,2.0196448377912914,4.8287390145285158e-05,6.3171690101171407e-14
7,47,-2.4052818754046852,1.5217089415825562,1.383766902055082,-0.47401127980942603,0.90975562224565598,1.857778181864508,0.00027592308570317803,1.6087686738330831e-12
8,47,-2.3071071049800045,1.5217089415825562,1.2449825610392011,-0.43237597750466178,0.8126065835345393,1.677358538543863,0.0019226397621542324,5.9373617133928747e-11
9,47,-2.2089323345553233,1.5217089415825562,1.093263260330031,-0.38686018729191074,0.70640307303812022,1.4801234476219416,0.015858540462532211,3.0672975270817915e-09
10,47,-2.1107575641306422,1.5217089415825562,0.93007013973160757,-0.3379022511123837,0.59216788861922387,1.2679723908439913,0.13665465850965675,2.135386414359175e-07
11,47,-2.0125827937059615,1.5217089415825562,0.75697483820572864,-0.2859736606546201,0.47100117755110854,1.0429484988603488,0.6410619872269212,1.9230957485794065e-05
12,47,-1.9144080232812801,1.5217089415825562,0.57564435812960402,-0.23157451663178272,0.34406984149782127,0.80721887476138676,0.95765361847932806,0.0021409177045428329
13,47,-1.8162332528565992,1.5217089415825562,0.38782501115169193,-0.17522871253840908,0.21259629861328286,0.56305372369010098,0.99682122021289521,0.22078898299345451
14,47,-1.7180584824319181,1.5217089415825562,0.19532560025588747,-0.11747888926966772,0.077846710986219744,0.31280448952555517,0.99978465758006196,0.97688552000699524
15,47,-1.6198837120072371,1.5217089415825562,2.0816681711721685e-16,-0.058881209192901546,-0.058881209192901338,0.058881209192901754,0.99998601657932173,0.99985262396895014
16,47,-1.521708941582556,1.5217089415825562,-0.19627069730967206,1.3322676295501878e-16,-0.19627069730967192,-0.1962706973096722,0.99999910408011505,0.99999910408011505
17,47,-1.4235341711578751,1.5217089415825562,-0.3915962975655593,0.058597680076766301,-0.332998617488793,-0.4501939776423256,0.99999994183443985,0.99999999441889775
18,47,-1.3253594007331939,1.5217089415825562,-0.58409570846136383,0.11634750334550764,-0.46774820511585619,-0.70044321180687152,0.99999999607132684,0.99999999996258182
19,47,-1.227184630308513,1.5217089415825562,-0.77191505543927597,0.17269330743888126,-0.59922174800039474,-0.94460836287815719,0.99999999971667741,0.99999999999971667
20,47,-1.1290098598838321,1.5217089415825562,-0.9532455355153997,0.22709245146171844,-0.72615308405368129,-1.1803379869771182,0.99999999997762468,0.99999999999999745
21,47,-1.0308350894591509,1.5217089415825562,-1.1263408370412791,0.27902104191948224,-0.84731979512179678,-1.4053618789607614,0.99999999999801692,1
22,47,-0.93266031903446978,1.5217089415825562,-1.2895339576397027,0.32797897809900933,-0.96155497954069336,-1.6175129357387119,0.99999999999979816,1
23,47,-0.83448554860978863,1.5217089415825562,-1.4412532583488729,0.37349476831176037,-1.0677584900371124,-1.8147480266606333,0.9999999999999758,1
24,47,-0.73631077818510793,1.5217089415825562,-1.5800375993647537,0.41513007061652468,-1.1649075287482291,-1.9951676699812784,0.99999999999999656,1
25,47,-0.63813600776042678,1.5217089415825562,-1.7045504116161256,0.45248391429193624,-1.2520664973241895,-2.1570343259080618,0.99999999999999933,1
26,47,-0.53996123733574564,1.5217089415825562,-1.81359256865538,0.48519656140371253,-1.3283960072516674,-2.2987891300590926,0.99999999999999989,1
27,47,-0.44178646691106449,1.5217089415825562,-1.9061139349017227,0.5129529712776153,-1.3931609636241074,-2.4190669061793377,1,1
28,47,-0.34361169648638379,1.5217089415825562,-1.9812234790208771,0.53548583451336162,-1.4457376445075156,-2.5167093135342387,1,1
29,47,-0.24543692606170264,1.5217089415825562,-2.0381978550439239,0.55257814732027566,-1.4856197077236484,-2.5907760023641995,1,1
30,47,-0.1472621556370215,1.5217089415825562,-2.076488368584398,0.56406530138241784,-1.5124230672019801,-2.640553669966816,1,1
31,47,-0.049087385212340351,1.5217089415825562,-2.0957262610651806,0.56983666912665265,-1.5258895919385278,-2.6655629301918333,1,1
32,47,0.049087385212340351,1.5217089415825562,-2.0957262610651806,0.56983666912665265,-1.5258895919385278,-2.6655629301918333,1,1
33,47,0.1472621556370215,1.5217089415825562,-2.076488368584398,0.56406530138241784,-1.5124230672019801,-2.640553669966816,1,1
34,47,0.24543692606170264,1.5217089415825562,-2.0381978550439239,0.55257814732027566,-1.4856197077236484,-2.5907760023641995,1,1
35,47,0.34361169648638379,1.5217089415825562,-1.9812234790208771,0.53548583451336162,-1.4457376445075156,-2.5167093135342387,1,1
36,47,0.44178646691106449,1.5217089415825562,-1.9061139349017227,0.5129529712776153,-1.3931609636241074,-2.4190669061793377,1,1
37,47,0.53996123733574564,1.5217089415825562,-1.81359256865538,0.48519656140371253,-1.3283960072516674,-2.2987891300590926,0.99999999999999989,1
38,47,0.63813600776042678,1.5217089415825562,-1.7045504116161256,0.45248391429193624,-1.2520664973241895,-2.1570343259080618,0.99999999999999933,1
39,47,0.73631077818510793,1.5217089415825562,-1.5800375993647537,0.41513007061652468,-1.1649075287482291,-1.9951676699812784,0.99999999999999656,1
40,47,0.83448554860978863,1.5217089415825562,-1.4412532583488729,0.37349476831176037,-1.0677584900371124,-1.8147480266606333,0.9999999999999758,1
41,47,0.93266031903447022,1.5217089415825562,-1.2895339576397018,0.32797897809900906,-0.9615549795406928,-1.6175129357387108,0.99999999999979816,1
42,47,1.0308350894591509,1.5217089415825562,-1.1263408370412791,0.27902104191948224,-0.84731979512179678,-1.4053618789607614,0.99999999999801692,1
43,47,1.1290098598838316,1.5217089415825562,-0.95324553551540059,0.22709245146171864,-0.72615308405368195,-1.1803379869771193,0.99999999997762468,0.99999999999999745
44,47,1.2271846303085132,1.5217089415825562,-0.77191505543927552,0.17269330743888114,-0.59922174800039441,-0.94460836287815664,0.99999999971667741,0.99999999999971667
45,47,1.3253594007331939,1.5217089415825562,-0.58409570846136383,0.11634750334550764,-0.46774820511585619,-0.70044321180687152,0.99999999607132684,0.99999999996258182
46,47,1.4235341711578746,1.5217089415825562,-0.39159629756556019,0.058597680076766571,-0.33299861748879361,-0.45019397764232677,0.99999994183443985,0.99999999441889775
47,47,1.5217089415825562,1.5217089415825562,-0.19627069730967162,0,-0.19627069730967162,-0.19627069730967162,0.99999910408011505,0.99999910408011505
48,47,1.6198837120072369,1.5217089415825562,-2.3592239273284576e-16,-0.058881209192901414,-0.05888120919290165,0.058881209192901178,0.99998601657932173,0.99985262396895014
49,47,1.7180584824319185,1.5217089415825562,0.19532560025588835,-0.11747888926966799,0.077846710986220369,0.31280448952555634,0.99978465758006185,0.9768855200069948
50,47,1.8162332528565992,1.5217089415825562,0.38782501115169193,-0.17522871253840908,0.21259629861328286,0.56305372369010098,0.99682122021289521,0.22078898299345451
51,47,1.9144080232812799,1.5217089415825562,0.57564435812960357,-0.23157451663178258,0.34406984149782099,0.80721887476138621,0.95765361847932828,0.0021409177045428329
52,47,2.0125827937059615,1.5217089415825562,0.75697483820572864,-0.2859736606546201,0.47100117755110854,1.0429484988603488,0.6410619872269212,1.9230957485794065e-05
53,47,2.1107575641306422,1.5217089415825562,0.93007013973160757,-0.3379022511123837,0.59216788861922387,1.2679723908439913,0.13665465850965675,2.135386414359175e-07
54,47,2.2089323345553229,1.5217089415825562,1.0932632603300301,-0.38686018729191046,0.70640307303811967,1.4801234476219405,0.015858540462532322,3.0672975270817915e-09
55,47,2.3071071049800045,1.5217089415825562,1.2449825610392011,-0.43237597750466178,0.8126065835345393,1.677358538543863,0.0019226397621542324,5.9373617133928747e-11
56,47,2.4052818754046852,1.5217089415825562,1.383766902055082,-0.47401127980942603,0.90975562224565598,1.857778181864508,0.00027592308570317803,1.6087686738330831e-12
57,47,2.5034566458293668,1.5217089415825562,1.5082797143064544,-0.51136512348483776,0.9969145908216166,2.0196448377912919,4.8287390145285158e-05,6.3171690101171407e-14
58,47,2.6016314162540475,1.5217089415825562,1.6173218713457083,-0.54407777059661389,1.0732441007490943,2.1613996419423223,1.0492052343380465e-05,3.7192471324942744e-15
59,47,2.6998061866787282,1.5217089415825562,1.7098432375920505,-0.5718341804705166,1.138009057121534,2.281677418062567,2.872913129337018e-06,3.3306690738754696e-16
60,47,2.7979809571034098,1.5217089415825562,1.7849527817112059,-0.59436704370626314,1.1905857380049427,2.3793198254174692,1.0038020034075501e-06,5.5511151231257827e-17
61,47,2.8961557275280905,1.5217089415825562,1.8419271577342522,-0.61145935651317718,1.230467801221075,2.4533865142474296,4.5210269727924413e-07,0
62,47,2.9943304979527712,1.5217089415825562,1.8802176712747261,-0.62294651057531925,1.2572711606994069,2.5031641818500452,2.6450029283475729e-07,0
63,47,3.0925052683774528,1.5217089415825562,1.8994555637555091,-0.62871787831955417,1.2707376854359549,2.5281734420750634,2.0204934025880306e-07,0
0,48,-3.0925052683774528,1.6198837120072369,2.0957262610651806,-0.56983666912665276,1.5258895919385278,2.6655629301918333,1.228107060491368e-09,0
1,48,-2.9943304979527716,1.6198837120072369,2.0764883685843976,-0.56406530138241795,1.5124230672019796,2.6405536699668155,1.6076998621272764e-09,0
2,48,-2.8961557275280905,1.6198837120072369,2.0381978550439235,-0.55257814732027566,1.4856197077236479,2.590776002364199,2.7479953312870009e-09,0
3,48,-2.7979809571034093,1.6198837120072369,1.9812234790208769,-0.53548583451336174,1.4457376445075152,2.5167093135342387,6.1013675778376353e-09,0
4,48,-2.6998061866787286,1.6198837120072369,1.9061139349017222,-0.5129529712776153,1.3931609636241069,2.4190669061793377,1.7462339740870192e-08,0
5,48,-2.6016314162540475,1.6198837120072369,1.8135925686553795,-0.48519656140371253,1.328396007251667,2.2987891300590921,6.3774002856398226e-08,2.2204460492503131e-16
6,48,-2.5034566458293663,1.6198837120072369,1.7045504116161252,-0.45248391429193624,1.2520664973241891,2.1570343259080613,2.9351701108515371e-07,4.0523140398818214e-15
7,48,-2.4052818754046852,1.6198837120072369,1.5800375993647533,-0.41513007061652468,1.1649075287482287,1.9951676699812779,1.6775901102716873e-06,1.0308420783644578e-13
8,48,-2.3071071049800045,1.6198837120072369,1.4412532583488724,-0.37349476831176037,1.067758490037112,1.8147480266606328,1.1708663624265814e-05,3.8040126604244051e-12
9,48,-2.2089323345553233,1.6198837120072369,1.2895339576397022,-0.32797897809900933,0.96155497954069291,1.6175129357387115,9.7935884666833228e-05,1.9651963389932803e-10
10,48,-2.1107575641306422,1.6198837120072369,1.1263408370412789,-0.27902104191948235,0.84731979512179656,1.4053618789607611,0.00096117166211001637,1.3681276833654721e-08
11,48,-2.0125827937059615,1.6198837120072369,0.95324553551540003,-0.22709245146171869,0.7261530840536814,1.1803379869771187,0.010739154509570803,1.2321364160627901e-06
12,48,-1.9144080232812801,1.6198837120072369,0.77191505543927541,-0.17269330743888131,0.59922174800039407,0.94460836287815675,0.12084686202064715,0.00013744252757114106
13,48,-1.8162332528565992,1.6198837120072369,0.58409570846136327,-0.11634750334550764,0.46774820511585563,0.70044321180687086,0.65589094328888076,0.017830310692524554
14,48,-1.7180584824319181,1.6198837120072369,0.39159629756555886,-0.058597680076766301,0.33299861748879256,0.45019397764232516,0.9657767562149524,0.73029512884287628
15,48,-1.6198837120072371,1.6198837120072369,0.19627069730967159,-1.3322676295501878e-16,0.19627069730967145,0.19627069730967173,0.99770468229108789,0.99770468229108789
16,48,-1.521708941582556,1.6198837120072369,-6.8001160258290838e-16,0.058881209192901546,0.058881209192900866,-0.058881209192902226,0.99985262396895014,0.99998601657932173
17,48,-1.4235341711578751,1.6198837120072369,-0.19532560025588791,0.11747888926966772,-0.077846710986220188,-0.31280448952555562,0.99999043063577742,0.99999991288962797
18,48,-1.3253594007331939,1.6198837120072369,-0.38782501115169238,0.17522871253840905,-0.21259629861328333,-0.56305372369010143,0.99999935365125037,0.9999999994159734
19,48,-1.227184630308513,1.6198837120072369,-0.57564435812960457,0.23157451663178269,-0.34406984149782188,-0.80721887476138732,0.99999995338748993,0.99999999999557776
20,48,-1.1290098598838321,1.6198837120072369,-0.75697483820572842,0.28597366065461982,-0.4710011775511086,-1.0429484988603481,0.99999999631878711,0.99999999999996037
21,48,-1.0308350894591509,1.6198837120072369,-0.93007013973160779,0.33790225111238364,-0.59216788861922409,-1.2679723908439915,0.9999999996737502,0.99999999999999956
22,48,-0.93266031903446978,1.6198837120072369,-1.0932632603300314,0.38686018729191074,-0.70640307303812067,-1.480123447621942,0.99999999996678635,1
23,48,-0.83448554860978863,1.6198837120072369,-1.2449825610392016,0.43237597750466178,-0.81260658353453974,-1.6773585385438634,0.99999999999602951,1
24,48,-0.73631077818510793,1.6198837120072369,-1.3837669020550825,0.47401127980942603,-0.90975562224565643,-1.8577781818645085,0.99999999999943112,1
25,48,-0.63813600776042678,1.6198837120072369,-1.5082797143064544,0.51136512348483765,-0.99691459082161671,-2.0196448377912919,0.99999999999990052,1
26,48,-0.53996123733574564,1.6198837120072369,-1.6173218713457087,0.54407777059661389,-1.0732441007490947,-2.1613996419423227,0.99999999999997835,1
27,48,-0.44178646691106449,1.6198837120072369,-1.7098432375920514,0.57183418047051671,-1.1380090571215347,-2.2816774180625679,0.999999999999994,1
28,48,-0.34361169648638379,1.6198837120072369,-1.7849527817112059,0.59436704370626303,-1.1905857380049429,-2.3793198254174688,0.999999999999998,1
29,48,-0.24543692606170264,1.6198837120072369,-1.8419271577342524,0.61145935651317707,-1.2304678012210752,-2.4533865142474296,0.99999999999999911,1
30,48,-0.1472621556370215,1.6198837120072369,-1.8802176712747265,0.62294651057531925,-1.2572711606994074,-2.5031641818500456,0.99999999999999944,1
31,48,-0.049087385212340351,1.6198837120072369,-1.8994555637555093,0.62871787831955417,-1.2707376854359551,-2.5281734420750634,0.99999999999999956,1
32,48,0.049087385212340351,1.6198837120072369,-1.8994555637555093,0.62871787831955417,-1.2707376854359551,-2.5281734420750634,0.99999999999999956,1
33,48,0.1472621556370215,1.6198837120072369,-1.8802176712747265,0.62294651057531925,-1.2572711606994074,-2.5031641818500456,0.99999999999999944,1
34,48,0.24543692606170264,1.6198837120072369,-1.8419271577342524,0.61145935651317707,-1.2304678012210752,-2.4533865142474296,0.99999999999999911,1
35,48,0.34361169648638379,1.6198837120072369,-1.7849527817112059,0.59436704370626303,-1.1905857380049429,-2.3793198254174688,0.999999999999998,1
36,48,0.44178646691106449,1.6198837120072369,-1.7098432375920514,0.57183418047051671,-1.1380090571215347,-2.2816774180625679,0.999999999999994,1
37,48,0.53996123733574564,1.6198837120072369,-1.6173218713457087,0.54407777059661389,-1.0732441007490947,-2.1613996419423227,0.99999999999997835,1
38,48,0.63813600776042678,1.6198837120072369,-1.5082797143064544,0.51136512348483765,-0.99691459082161671,-2.0196448377912919,0.99999999999990052,1
39,48,0.73631077818510793,1.6198837120072369,-1.3837669020550825,0.47401127980942603,-0.90975562224565643,-1.8577781818645085,0.99999999999943112,1
40,48,0.83448554860978863,1.6198837120072369,-1.2449825610392016,0.43237597750466178,-0.81260658353453974,-1.6773585385438634,0.99999999999602951,1
41,48,0.93266031903447022,1.6198837120072369,-1.0932632603300305,0.38686018729191046,-0.70640307303812011,-1.4801234476219409,0.99999999996678635,1
42,48,1.0308350894591509,1.6198837120072369,-0.93007013973160779,0.33790225111238364,-0.59216788861922409,-1.2679723908439915,0.9999999996737502,0.99999999999999956
43,48,1.1290098598838316,1.6198837120072369,-0.75697483820572919,0.28597366065462004,-0.47100117755110915,-1.0429484988603492,0.99999999631878711,0.99999999999996037
44,48,1.2271846303085132,1.6198837120072369,-0.57564435812960413,0.23157451663178255,-0.3440698414978216,-0.80721887476138665,0.99999995338748993,0.99999999999557776
45,48,1.3253594007331939,1.6198837120072369,-0.38782501115169238,0.17522871253840905,-0.21259629861328333,-0.56305372369010143,0.99999935365125037,0.9999999994159734
46,48,1.4235341711578746,1.6198837120072369,-0.1953256002558888,0.11747888926966799,-0.077846710986220813,-0.31280448952555678,0.99999043063577742,0.99999991288962797
47,48,1.5217089415825562,1.6198837120072369,-2.3592239273284576e-16,0.058881209192901414,0.058881209192901178,-0.05888120919290165,0.99985262396895014,0.99998601657932173
48,48,1.6198837120072369,1.6198837120072369,0.19627069730967114,0,0.19627069730967114,0.19627069730967114,0.99770468229108789,0.99770468229108789
49,48,1.7180584824319185,1.6198837120072369,0.39159629756555975,-0.058597680076766571,0.33299861748879317,0.45019397764232633,0.96577675621495196,0.73029512884287162
50,48,1.8162332528565992,1.6198837120072369,0.58409570846136327,-0.11634750334550764,0.46774820511585563,0.70044321180687086,0.65589094328888076,0.017830310692524554
51,48,1.9144080232812799,1.6198837120072369,0.77191505543927497,-0.17269330743888117,0.59922174800039385,0.94460836287815608,0.12084686202064754,0.00013744252757114106
52,48,2.0125827937059615,1.6198837120072369,0.95324553551540003,-0.22709245146171869,0.7261530840536814,1.1803379869771187,0.010739154509570803,1.2321364160627901e-06
53,48,2.1107575641306422,1.6198837120072369,1.1263408370412789,-0.27902104191948235,0.84731979512179656,1.4053618789607611,0.00096117166211001637,1.3681276833654721e-08
54,48,2.2089323345553229,1.6198837120072369,1.2895339576397014,-0.32797897809900906,0.96155497954069236,1.6175129357387104,9.7935884666833228e-05,1.9651963389932803e-10
55,48,2.3071071049800045,1.6198837120072369,1.4412532583488724,-0.37349476831176037,1.067758490037112,1.8147480266606328,1.1708663624265814e-05,3.8040126604244051e-12
56,48,2.4052818754046852,1.6198837120072369,1.5800375993647533,-0.41513007061652468,1.1649075287482287,1.9951676699812779,1.6775901102716873e-06,1.0308420783644578e-13
57,48,2.5034566458293668,1.6198837120072369,1.7045504116161256,-0.45248391429193635,1.2520664973241893,2.1570343259080618,2.9351701108515371e-07,4.0523140398818214e-15
58,48,2.6016314162540475,1.6198837120072369,1.8135925686553795,-0.48519656140371253,1.328396007251667,2.2987891300590921,6.3774002856398226e-08,2.2204460492503131e-16
59,48,2.6998061866787282,1.6198837120072369,1.9061139349017218,-0.51295297127761519,1.3931609636241067,2.4190669061793368,1.7462339740870192e-08,0
60,48,2.7979809571034098,1.6198837120072369,1.9812234790208771,-0.53548583451336185,1.4457376445075152,2.5167093135342391,6.1013675778376353e-09,0
61,48,2.8961557275280905,1.6198837120072369,2.0381978550439235,-0.55257814732027566,1.4856197077236479,2.590776002364199,2.7479953312870009e-09,0
62,48,2.9943304979527712,1.6198837120072369,2.0764883685843976,-0.56406530138241784,1.5124230672019796,2.6405536699668155,1.6076998621272764e-09,0
63,48,3.0925052683774528,1.6198837120072369,2.0957262610651806,-0.56983666912665276,1.5258895919385278,2.6655629301918333,1.228107060491368e-09,0
0,49,-3.0925052683774528,1.7180584824319185,2.2910518613210691,-0.51123898904988618,1.779812872271183,2.8022908503709552,7.6504358403894912e-12,0
1,49,-2.9943304979527716,1.7180584824319185,2.2718139688402861,-0.50546762130565137,1.7663463475346348,2.7772815901459373,1.0015099860538612e-11,0
2,49,-2.8961557275280905,1.7180584824319185,2.233523455299812,-0.49398046724350914,1.7395429880563029,2.7275039225433213,1.7118528816695289e-11,0
3,49,-2.7979809571034093,1.7180584824319185,2.1765490792767657,-0.4768881544365951,1.6996609248401706,2.6534372337133609,3.8008207692286078e-11,0
4,49,-2.6998061866787286,1.7180584824319185,2.1014395351576107,-0.45435529120084878,1.6470842439567619,2.5557948263584596,1.0878092870925116e-10,0
5,49,-2.6016314162540475,1.7180584824319185,2.0089181689112681,-0.42659888132694596,1.5823192875843222,2.435517050238214,3.9727765521746505e-10,0
6,49,-2.5034566458293663,1.7180584824319185,1.8998760118720139,-0.39388623421516961,1.5059897776568443,2.2937622460871836,1.8284530556300638e-09,2.7755575615628914e-16
7,49,-2.4052818754046852,1.7180584824319185,1.7753631996206418,-0.3565323905397581,1.4188308090808837,2.1318955901603998,1.0450498133529607e-08,6.7168492989821971e-15
8,49,-2.3071071049800045,1.7180584824319185,1.6365788586047612,-0.31489708823499379,1.3216817703697674,1.9514759468397549,7.293950193831833e-08,2.4696911182786607e-13
9,49,-2.2089323345553233,1.7180584824319185,1.4848595578955908,-0.26938129802224275,1.215478259873348,1.7542408559178335,6.101470717556623e-07,1.2758571976689836e-11
10,49,-2.1107575641306422,1.7180584824319185,1.3216664372971674,-0.22042336184271574,1.1012430754544515,1.5420897991398832,5.9933052556915278e-06,8.8822504906715949e-10
11,49,-2.0125827937059615,1.7180584824319185,1.1485711357712887,-0.16849477138495209,0.98007636438633661,1.3170659071562407,6.7620801292966881e-05,7.9993678570033921e-08
12,49,-1.9144080232812801,1.7180584824319185,0.96724065569516404,-0.1140956273621147,0.85314502833304928,1.0813362830572788,0.0008555581534073764,8.9242828589242151e-06
13,49,-1.8162332528565992,1.7180584824319185,0.7794213087172519,-0.05774982326874107,0.72167148544851079,0.83717113198599302,0.011734366133805574,0.001177218823102455
14,49,-1.7180584824319181,1.7180584824319185,0.58692189782144744,2.6645352591003756e-16,0.58692189782144766,0.58692189782144721,0.14951145179554132,0.14951145179554248
15,49,-1.6198837120072371,1.7180584824319185,0.39159629756556019,0.05859768007676644,0.4501939776423266,0.33299861748879378,0.73029512884287051,0.96577675621495152
16,49,-1.521708941582556,1.7180584824319185,0.19532560025588791,0.11747888926966812,0.31280448952555606,0.077846710986219786,0.97688552000699491,0.99978465758006196
17,49,-1.4235341711578751,1.7180584824319185,6.6613381477509392e-16,0.17607656934643429,0.17607656934643495,-0.17607656934643362,0.99846619483581756,0.99999865824584433
18,49,-1.3253594007331939,1.7180584824319185,-0.1924994108958038,0.23382639261517563,0.041326981719371825,-0.42632580351097943,0.99989625391319237,0.99999999100427228
19,49,-1.227184630308513,1.7180584824319185,-0.38031875787371594,0.29017219670854927,-0.090146561165166672,-0.67049095458226526,0.99999251746340034,0.99999999993188471
20,49,-1.1290098598838321,1.7180584824319185,-0.56164923794983979,0.3445713407313864,-0.21707789721845339,-0.90622057868122619,0.99999940906424745,0.99999999999938938
21,49,-1.0308350894591509,1.7180584824319185,-0.73474453947571916,0.39649993118915022,-0.33824460828656894,-1.1312444706648694,0.99999994762792033,0.99999999999999323
22,49,-0.93266031903446978,1.7180584824319185,-0.89793766007414277,0.44545786736867737,-0.4524797927054654,-1.3433955274428202,0.99999999466830092,0.99999999999999989
23,49,-0.83448554860978863,1.7180584824319185,-1.0496569607833131,0.4909736575814283,-0.55868330320188475,-1.5406306183647414,0.99999999936262696,1
24,49,-0.73631077818510793,1.7180584824319185,-1.1884413017991937,0.53260895988619261,-0.6558323419130011,-1.7210502616853862,0.9999999999086796,1
25,49,-0.63813600776042678,1.7180584824319185,-1.3129541140505658,0.56996280356160411,-0.74299131048896172,-1.8829169176121701,0.99999999998402234,1
26,49,-0.53996123733574564,1.7180584824319185,-1.42199627108982,0.60267545067338057,-0.81932082041643939,-2.0246717217632004,0.99999999999652844,1
27,49,-0.44178646691106449,1.7180584824319185,-1.5145176373361626,0.63043186054728328,-0.88408577678887934,-2.144949497883446,0.99999999999904943,1
28,49,-0.34361169648638379,1.7180584824319185,-1.5896271814553171,0.65296472378302972,-0.9366624576722874,-2.2425919052383469,0.99999999999966782,1
29,49,-0.24543692606170264,1.7180584824319185,-1.6466015574783639,0.67005703658994353,-0.97654452088842036,-2.3166585940683073,0.99999999999985034,1
30,49,-0.1472621556370215,1.7180584824319185,-1.684892071018838,0.68154419065208582,-1.0033478803667522,-2.3664362616709238,0.99999999999991251,1
31,49,-0.049087385212340351,1.7180584824319185,-1.7041299634996205,0.68731555839632075,-1.0168144051032999,-2.3914455218959412,0.99999999999993316,1
32,49,0.049087385212340351,1.7180584824319185,-1.7041299634996205,0.68731555839632075,-1.0168144051032999,-2.3914455218959412,0.99999999999993316,1
33,49,0.1472621556370215,1.7180584824319185,-1.684892071018838,0.68154419065208582,-1.0033478803667522,-2.3664362616709238,0.99999999999991251,1
34,49,0.24543692606170264,1.7180584824319185,-1.6466015574783639,0.67005703658994353,-0.97654452088842036,-2.3166585940683073,0.99999999999985034,1
35,49,0.34361169648638379,1.7180584824319185,-1.5896271814553171,0.65296472378302972,-0.9366624576722874,-2.2425919052383469,0.99999999999966782,1
36,49,0.44178646691106449,1.7180584824319185,-1.5145176373361626,0.63043186054728328,-0.88408577678887934,-2.144949497883446,0.99999999999904943,1
37,49,0.53996123733574564,1.7180584824319185,-1.42199627108982,0.60267545067338057,-0.81932082041643939,-2.0246717217632004,0.99999999999652844,1
38,49,0.63813600776042678,1.7180584824319185,-1.3129541140505658,0.56996280356160411,-0.74299131048896172,-1.8829169176121701,0.99999999998402234,1
39,49,0.73631077818510793,1.7180584824319185,-1.1884413017991937,0.53260895988619261,-0.6558323419130011,-1.7210502616853862,0.9999999999086796,1
40,49,0.83448554860978863,1.7180584824319185,-1.0496569607833131,0.4909736575814283,-0.55868330320188475,-1.5406306183647414,0.99999999936262696,1
41,49,0.93266031903447022,1.7180584824319185,-0.89793766007414189,0.4454578673686771,-0.45247979270546479,-1.3433955274428189,0.99999999466830092,0.99999999999999989
42,49,1.0308350894591509,1.7180584824319185,-0.73474453947571916,0.39649993118915022,-0.33824460828656894,-1.1312444706648694,0.99999994762792033,0.99999999999999323
43,49,1.1290098598838316,1.7180584824319185,-0.56164923794984056,0.34457134073138668,-0.21707789721845389,-0.90622057868122718,0.99999940906424745,0.99999999999938938
44,49,1.2271846303085132,1.7180584824319185,-0.3803187578737155,0.29017219670854916,-0.090146561165166339,-0.6704909545822646,0.99999251746340034,0.99999999993188471
45,49,1.3253594007331939,1.7180584824319185,-0.1924994108958038,0.23382639261517563,0.041326981719371825,-0.42632580351097943,0.99989625391319237,0.99999999100427228
46,49,1.4235341711578746,1.7180584824319185,-2.2204460492503131e-16,0.17607656934643456,0.17607656934643434,-0.17607656934643479,0.99846619483581756,0.99999865824584433
47,49,1.5217089415825562,1.7180584824319185,0.19532560025588835,0.11747888926966799,0.31280448952555634,0.077846710986220369,0.9768855200069948,0.99978465758006185
48,49,1.6198837120072369,1.7180584824319185,0.39159629756555975,0.058597680076766571,0.45019397764232633,0.33299861748879317,0.73029512884287162,0.96577675621495196
49,49,1.7180584824319185,1.7180584824319185,0.58692189782144832,0,0.58692189782144832,0.58692189782144832,0.1495114517955396,0.1495114517955396
50,49,1.8162332528565992,1.7180584824319185,0.7794213087172519,-0.05774982326874107,0.72167148544851079,0.83717113198599302,0.011734366133805574,0.001177218823102455
51,49,1.9144080232812799,1.7180584824319185,0.9672406556951636,-0.11409562736211458,0.85314502833304906,1.0813362830572781,0.0008555581534073764,8.9242828589242151e-06
52,49,2.0125827937059615,1.7180584824319185,1.1485711357712887,-0.16849477138495209,0.98007636438633661,1.3170659071562407,6.7620801292966881e-05,7.9993678570033921e-08
53,49,2.1107575641306422,1.7180584824319185,1.3216664372971674,-0.22042336184271574,1.1012430754544515,1.5420897991398832,5.9933052556915278e-06,8.8822504906715949e-10
54,49,2.2089323345553229,1.7180584824319185,1.4848595578955899,-0.26938129802224248,1.2154782598733473,1.7542408559178324,6.101470717556623e-07,1.2758571976689836e-11
55,49,2.3071071049800045,1.7180584824319185,1.6365788586047612,-0.31489708823499379,1.3216817703697674,1.9514759468397549,7.293950193831833e-08,2.4696911182786607e-13
56,49,2.4052818754046852,1.7180584824319185,1.7753631996206418,-0.3565323905397581,1.4188308090808837,2.1318955901603998,1.0450498133529607e-08,6.7168492989821971e-15
57,49,2.5034566458293668,1.7180584824319185,1.8998760118720144,-0.39388623421516972,1.5059897776568447,2.293762246087184,1.8284530556300638e-09,2.7755575615628914e-16
58,49,2.6016314162540475,1.7180584824319185,2.0089181689112681,-0.42659888132694596,1.5823192875843222,2.435517050238214,3.9727765521746505e-10,0
59,49,2.6998061866787282,1.7180584824319185,2.1014395351576103,-0.45435529120084861,1.6470842439567617,2.5557948263584587,1.0878092870925116e-10,0
60,49,2.7979809571034098,1.7180584824319185,2.1765490792767657,-0.47688815443659527,1.6996609248401704,2.6534372337133609,3.8008207692286078e-11,0
61,49,2.8961557275280905,1.7180584824319185,2.233523455299812,-0.49398046724350914,1.7395429880563029,2.7275039225433213,1.7118528816695289e-11,0
62,49,2.9943304979527712,1.7180584824319185,2.2718139688402861,-0.50546762130565126,1.7663463475346348,2.7772815901459373,1.0015099860538612e-11,0
63,49,3.0925052683774528,1.7180584824319185,2.2910518613210691,-0.51123898904988618,1.779812872271183,2.8022908503709552,7.6504358403894912e-12,0
0,50,-3.0925052683774528,1.8162332528565992,2.4835512722168724,-0.45348916578114512,2.0300621064357274,2.9370404379980175,5.1292303737682232e-14,0
1,50,-2.9943304979527716,1.8162332528565992,2.4643133797360899,-0.44771779803691025,2.0165955816991796,2.9120311777730001,6.7168492989821971e-14,0
2,50,-2.8961557275280905,1.8162332528565992,2.4260228661956158,-0.43623064397476802,1.9897922222208477,2.8622535101703837,1.1479706074624119e-13,0
3,50,-2.7979809571034093,1.8162332528565992,2.369048490172569,-0.41913833116785409,1.949910159004715,2.7881868213404233,2.5485169530270468e-13,0
4,50,-2.6998061866787286,1.8162332528565992,2.2939389460534145,-0.39660546793210766,1.8973334781213069,2.6905444139855224,7.2930550487626533e-13,0
5,50,-2.6016314162540475,1.8162332528565992,2.2014175798070719,-0.36884905805820484,1.832568521748867,2.5702666378652768,2.6635360583782131e-12,0
6,50,-2.5034566458293663,1.8162332528565992,2.0923754227678173,-0.3361364109464286,1.7562390118213886,2.4285118337142459,1.2258749571003591e-11,0
7,50,-2.4052818754046852,1.8162332528565992,1.9678626105164456,-0.29878256727101699,1.6690800432454287,2.2666451777874626,7.0064787305312848e-11,4.4408920985006262e-16
8,50,-2.3071071049800045,1.8162332528565992,1.8290782695005645,-0.25714726496625273,1.5719310045343118,2.0862255344668172,4.8901882543361808e-10,1.6653345369377348e-14
9,50,-2.2089323345553233,1.8162332528565992,1.6773589687913946,-0.21163147475350169,1.4657274940378928,1.8889904435448963,4.0906993903355726e-09,8.6175511171404651e-13
10,50,-2.1107575641306422,1.8162332528565992,1.5141658481929712,-0.16267353857397468,1.3514923096189966,1.6768393867669458,4.0182018878898162e-08,5.9993343626274509e-11
11,50,-2.0125827937059615,1.8162332528565992,1.3410705466670922,-0.11074494811621102,1.2303255985508812,1.4518154947833033,4.5339033111213567e-07,5.403008540572074e-09
12,50,-1.9144080232812801,1.8162332528565992,1.1597400665909676,-0.056345804093373641,1.1033942624975941,1.2160858706843412,5.7409205215241954e-06,6.0277730723479195e-07
13,50,-1.8162332528565992,1.8162332528565992,0.97192071961305548,0,0.97192071961305548,0.97192071961305548,7.9600196571494308e-05,7.9600196571494308e-05
14,50,-1.7180584824319181,1.8162332528565992,0.77942130871725102,0.05774982326874134,0.83717113198599236,0.72167148544850968,0.001177218823102455,0.011734366133805796
15,50,-1.6198837120072371,1.8162332528565992,0.58409570846136372,0.1163475033455075,0.70044321180687119,0.46774820511585624,0.017830310692524443,0.65589094328887798
16,50,-1.521708941582556,1.8162332528565992,0.38782501115169149,0.17522871253840921,0.56305372369010076,0.21259629861328228,0.22078898299345534,0.99682122021289521
17,50,-1.4235341711578751,1.8162332528565992,0.19249941089580425,0.23382639261517535,0.4263258035109796,-0.041326981719371103,0.81358634873467084,0.99998013516548911
18,50,-1.3253594007331939,1.8162332528565992,-2.2204460492503131e-16,0.29157621588391669,0.29157621588391647,-0.29157621588391691,0.98476001914865297,0.99999986681470077
19,50,-1.227184630308513,1.8162332528565992,-0.18781934697791236,0.34792201997729033,0.16010267299937797,-0.53574136695520269,0.99888517962116863,0.99999999899152581
20,50,-1.1290098598838321,1.8162332528565992,-0.36914982705403621,0.40232116400012752,0.033171336946091312,-0.77147099105416372,0.99991186681292332,0.99999999999096056
21,50,-1.0308350894591509,1.8162332528565992,-0.54224512857991558,0.45424975445789134,-0.087995374122024239,-0.99649488303780687,0.99999218851361438,0.99999999999989964
22,50,-0.93266031903446978,1.8162332528565992,-0.70543824917833919,0.50320769063741833,-0.20223055854092087,-1.2086459398157574,0.99999920475211512,0.99999999999999856
23,50,-0.83448554860978863,1.8162332528565992,-0.85715754988750936,0.54872348085016942,-0.30843406903733994,-1.4058810307376788,0.99999990493276658,1
24,50,-0.73631077818510793,1.8162332528565992,-0.99594189090339025,0.59035878315493362,-0.40558310774845663,-1.5863006740583239,0.99999998637912335,1
25,50,-0.63813600776042678,1.8162332528565992,-1.120454703154762,0.62771262683034534,-0.49274207632441669,-1.7481673299851073,0.99999999761684721,1
26,50,-0.53996123733574564,1.8162332528565992,-1.2294968601940166,0.66042527394212158,-0.56907158625189502,-1.8899221341361381,0.99999999948219975,1
27,50,-0.44178646691106449,1.8162332528565992,-1.3220182264403593,0.68818168381602429,-0.63383654262433498,-2.0101999102563837,0.99999999985821808,1
28,50,-0.34361169648638379,1.8162332528565992,-1.3971277705595138,0.71071454705177073,-0.68641322350774303,-2.1078423176112846,0.99999999995046118,1
29,50,-0.24543692606170264,1.8162332528565992,-1.4541021465825601,0.72780685985868476,-0.72629528672387533,-2.181909006441245,0.99999999997768818,1
30,50,-0.1472621556370215,1.8162332528565992,-1.4923926601230342,0.73929401392082694,-0.75309864620220723,-2.231686674043861,0.99999999998694666,1
31,50,-0.049087385212340351,1.8162332528565992,-1.5116305526038172,0.74506538166506175,-0.76656517093875542,-2.2566959342688788,0.99999999999002864,1
32,50,0.049087385212340351,1.8162332528565992,-1.5116305526038172,0.74506538166506175,-0.76656517093875542,-2.2566959342688788,0.99999999999002864,1
33,50,0.1472621556370215,1.8162332528565992,-1.4923926601230342,0.73929401392082694,-0.75309864620220723,-2.231686674043861,0.99999999998694666,1
34,50,0.24543692606170264,1.8162332528565992,-1.4541021465825601,0.72780685985868476,-0.72629528672387533,-2.181909006441245,0.99999999997768818,1
35,50,0.34361169648638379,1.8162332528565992,-1.3971277705595138,0.71071454705177073,-0.68641322350774303,-2.1078423176112846,0.99999999995046118,1
36,50,0.44178646691106449,1.8162332528565992,-1.3220182264403593,0.68818168381602429,-0.63383654262433498,-2.0101999102563837,0.99999999985821808,1
37,50,0.53996123733574564,1.8162332528565992,-1.2294968601940166,0.66042527394212158,-0.56907158625189502,-1.8899221341361381,0.99999999948219975,1
38,50,0.63813600776042678,1.8162332528565992,-1.120454703154762,0.62771262683034534,-0.49274207632441669,-1.7481673299851073,0.99999999761684721,1
39,50,0.73631077818510793,1.8162332528565992,-0.99594189090339025,0.59035878315493362,-0.40558310774845663,-1.5863006740583239,0.99999998637912335,1
40,50,0.83448554860978863,1.8162332528565992,-0.85715754988750936,0.54872348085016942,-0.30843406903733994,-1.4058810307376788,0.99999990493276658,1
41,50,0.93266031903447022,1.8162332528565992,-0.70543824917833831,0.5032076906374181,-0.2022305585409202,-1.2086459398157565,0.99999920475211512,0.99999999999999856
42,50,1.0308350894591509,1.8162332528565992,-0.54224512857991558,0.45424975445789134,-0.087995374122024239,-0.99649488303780687,0.99999218851361438,0.99999999999989964
43,50,1.1290098598838316,1.8162332528565992,-0.36914982705403698,0.40232116400012774,0.033171336946090757,-0.77147099105416472,0.99991186681292332,0.99999999999096056
44,50,1.2271846303085132,1.8162332528565992,-0.18781934697791192,0.34792201997729022,0.1601026729993783,-0.53574136695520214,0.99888517962116863,0.99999999899152581
45,50,1.3253594007331939,1.8162332528565992,-2.2204460492503131e-16,0.29157621588391669,0.29157621588391647,-0.29157621588391691,0.98476001914865297,0.99999986681470077
46,50,1.4235341711578746,1.8162332528565992,0.19249941089580336,0.23382639261517563,0.42632580351097898,-0.041326981719372269,0.81358634873467262,0.99998013516548911
47,50,1.5217089415825562,1.8162332528565992,0.38782501115169193,0.17522871253840908,0.56305372369010098,0.21259629861328286,0.22078898299345451,0.99682122021289521
48,50,1.6198837120072369,1.8162332528565992,0.58409570846136327,0.11634750334550764,0.70044321180687086,0.46774820511585563,0.017830310692524554,0.65589094328888076
49,50,1.7180584824319185,1.8162332528565992,0.7794213087172519,0.05774982326874107,0.83717113198599302,0.72167148544851079,0.001177218823102455,0.011734366133805574
50,50,1.8162332528565992,1.8162332528565992,0.97192071961305548,0,0.97192071961305548,0.97192071961305548,7.9600196571494308e-05,7.9600196571494308e-05
51,50,1.9144080232812799,1.8162332528565992,1.1597400665909672,-0.056345804093373503,1.1033942624975936,1.2160858706843407,5.7409205215241954e-06,6.0277730723479195e-07
52,50,2.0125827937059615,1.8162332528565992,1.3410705466670922,-0.11074494811621102,1.2303255985508812,1.4518154947833033,4.5339033111213567e-07,5.403008540572074e-09
53,50,2.1107575641306422,1.8162332528565992,1.5141658481929712,-0.16267353857397468,1.3514923096189966,1.6768393867669458,4.0182018878898162e-08,5.9993343626274509e-11
54,50,2.2089323345553229,1.8162332528565992,1.6773589687913937,-0.21163147475350141,1.4657274940378922,1.8889904435448952,4.0906993903355726e-09,8.6175511171404651e-13
55,50,2.3071071049800045,1.8162332528565992,1.8290782695005645,-0.25714726496625273,1.5719310045343118,2.0862255344668172,4.8901882543361808e-10,1.6653345369377348e-14
56,50,2.4052818754046852,1.8162332528565992,1.9678626105164456,-0.29878256727101699,1.6690800432454287,2.2666451777874626,7.0064787305312848e-11,4.4408920985006262e-16
57,50,2.5034566458293668,1.8162332528565992,2.0923754227678177,-0.33613641094642871,1.7562390118213891,2.4285118337142464,1.2258749571003591e-11,0
58,50,2.6016314162540475,1.8162332528565992,2.2014175798070719,-0.36884905805820484,1.832568521748867,2.5702666378652768,2.6635360583782131e-12,0
59,50,2.6998061866787282,1.8162332528565992,2.2939389460534141,-0.39660546793210749,1.8973334781213067,2.6905444139855215,7.2930550487626533e-13,0
60,50,2.7979809571034098,1.8162332528565992,2.3690484901725695,-0.41913833116785409,1.9499101590047154,2.7881868213404237,2.5485169530270468e-13,0
61,50,2.8961557275280905,1.8162332528565992,2.4260228661956158,-0.43623064397476802,1.9897922222208477,2.8622535101703837,1.1479706074624119e-13,0
62,50,2.9943304979527712,1.8162332528565992,2.4643133797360894,-0.44771779803691025,2.0165955816991792,2.9120311777729997,6.7168492989821971e-14,0
63,50,3.0925052683774528,1.8162332528565992,2.4835512722168724,-0.45348916578114512,2.0300621064357274,2.9370404379980175,5.1292303737682232e-14,0
0,51,-3.0925052683774528,1.9144080232812799,2.6713706191947844,-0.39714336168777159,2.2742272575070128,3.0685139808825559,3.8857805861880479e-16,0
1,51,-2.9943304979527716,1.9144080232812799,2.6521327267140014,-0.39137199394353678,2.2607607327704646,3.0435047206575381,4.9960036108132044e-16,0
2,51,-2.8961557275280905,1.9144080232812799,2.6138422131735273,-0.3798848398813946,2.2339573732921325,2.993727053054922,8.8817841970012523e-16,0
3,51,-2.7979809571034093,1.9144080232812799,2.5568678371504809,-0.36279252707448056,2.1940753100760002,2.9196603642249617,1.9428902930940239e-15,0
4,51,-2.6998061866787286,1.9144080232812799,2.481758293031326,-0.34025966383873418,2.1414986291925917,2.8220179568700603,5.4956039718945249e-15,0
5,51,-2.6016314162540475,1.9144080232812799,2.3892369267849833,-0.31250325396483142,2.076733672820152,2.7017401807498147,2.0150547896946591e-14,0
6,51,-2.5034566458293663,1.9144080232812799,2.2801947697457292,-0.27979060685305507,2.0004041628926741,2.5599853765987843,9.2814644858663087e-14,0
7,51,-2.4052818754046852,1.9144080232812799,2.1556819574943571,-0.24243676317764348,1.9132451943167137,2.3981187206720005,5.3052007231713105e-13,5.5511151231257827e-17
8,51,-2.3071071049800045,1.9144080232812799,2.0168976164784764,-0.20080146087287923,1.8160961556055972,2.2176990773513556,3.7028158317298221e-12,1.2212453270876722e-15
9,51,-2.2089323345553233,1.9144080232812799,1.865178315769306,-0.15528567066012819,1.7098926451091778,2.020463986429434,3.0974611764378324e-11,6.2172489379008766e-14
10,51,-2.1107575641306422,1.9144080232812799,1.7019851951708826,-0.10632773448060116,1.5956574606902816,1.8083129296514837,3.0425673092082661e-10,4.326539126964235e-12
11,51,-2.0125827937059615,1.9144080232812799,1.5288898936450039,-0.05439914402283752,1.4744907496221664,1.5832890376678415,3.4330560616524508e-09,3.896466482800065e-10
12,51,-1.9144080232812801,1.9144080232812799,1.3475594135688793,-1.3322676295501878e-16,1.3475594135688791,1.3475594135688795,4.3470281541058142e-08,4.3470281541058142e-08
13,51,-1.8162332528565992,1.9144080232812799,1.1597400665909672,0.056345804093373503,1.2160858706843407,1.1033942624975936,6.0277730723479195e-07,5.7409205215241954e-06
14,51,-1.7180584824319181,1.9144080232812799,0.96724065569516271,0.11409562736211484,1.0813362830572775,0.85314502833304784,8.9242828589242151e-06,0.0008555581534073764
15,51,-1.6198837120072371,1.9144080232812799,0.77191505543927541,0.17269330743888103,0.94460836287815642,0.59922174800039441,0.00013744252757114106,0.12084686202064643
16,51,-1.521708941582556,1.9144080232812799,0.57564435812960313,0.23157451663178272,0.80721887476138587,0.34406984149782038,0.0021409177045428884,0.95765361847932884
17,51,-1.4235341711578751,1.9144080232812799,0.38031875787371594,0.29017219670854888,0.67049095458226482,0.090146561165167061,0.031989999138972769,0.999724616035226
18,51,-1.3253594007331939,1.9144080232812799,0.18781934697791147,0.34792201997729022,0.53574136695520169,-0.16010267299937875,0.32853305348277029,0.99999815319844965
19,51,-1.227184630308513,1.9144080232812799,-6.6613381477509392e-16,0.40426782407066386,0.4042678240706632,-0.40426782407066453,0.87153992483498377,0.99999998601606266
20,51,-1.1290098598838321,1.9144080232812799,-0.18133048007612451,0.45866696809350094,0.27733648801737643,-0.63999744816962545,0.98849350302287575,0.99999999987465471
21,51,-1.0308350894591509,1.9144080232812799,-0.35442578160200389,0.51059555855126482,0.15616977694926093,-0.8650213401532687,0.99896942210433026,0.99999999999860822
22,51,-0.93266031903446978,1.9144080232812799,-0.5176189022004275,0.55955349473079197,0.041934592530364467,-1.0771723969312195,0.99989498560997059,0.99999999999998002
23,51,-0.83448554860978863,1.9144080232812799,-0.66933820290959767,0.60506928494354295,-0.064268917966054717,-1.2744074878531406,0.99998744499182735,0.99999999999999956
24,51,-0.73631077818510793,1.9144080232812799,-0.80812254392547855,0.64670458724830726,-0.16141795667717129,-1.4548271311737859,0.99999820114630567,1
25,51,-0.63813600776042678,1.9144080232812799,-0.93263535617685045,0.68405843092371876,-0.24857692525313169,-1.6166937871005693,0.99999968526625826,1
26,51,-0.53996123733574564,1.9144080232812799,-1.0416775132161047,0.71677107803549511,-0.32490643518060958,-1.7584485912515997,0.9999999316161241,1
27,51,-0.44178646691106449,1.9144080232812799,-1.1341988794624474,0.74452748790939793,-0.38967139155304942,-1.8787263673718453,0.99999998127540335,1
28,51,-0.34361169648638379,1.9144080232812799,-1.2093084235816018,0.76706035114514426,-0.44224807243645758,-1.9763687747267462,0.99999999345759805,1
29,51,-0.24543692606170264,1.9144080232812799,-1.2662827996046486,0.78415266395205818,-0.48213013565259044,-2.050435463556707,0.99999999705336706,1
30,51,-0.1472621556370215,1.9144080232812799,-1.3045733131451227,0.79563981801420036,-0.50893349513092234,-2.1002131311593231,0.99999999827608832,1
31,51,-0.049087385212340351,1.9144080232812799,-1.3238112056259053,0.80141118575843528,-0.52240001986746998,-2.1252223913843404,0.99999999868311984,1
32,51,0.049087385212340351,1.9144080232812799,-1.3238112056259053,0.80141118575843528,-0.52240001986746998,-2.1252223913843404,0.99999999868311984,1
33,51,0.1472621556370215,1.9144080232812799,-1.3045733131451227,0.79563981801420036,-0.50893349513092234,-2.1002131311593231,0.99999999827608832,1
34,51,0.24543692606170264,1.9144080232812799,-1.2662827996046486,0.78415266395205818,-0.48213013565259044,-2.050435463556707,0.99999999705336706,1
35,51,0.34361169648638379,1.9144080232812799,-1.2093084235816018,0.76706035114514426,-0.44224807243645758,-1.9763687747267462,0.99999999345759805,1
36,51,0.44178646691106449,1.9144080232812799,-1.1341988794624474,0.74452748790939793,-0.38967139155304942,-1.8787263673718453,0.99999998127540335,1
37,51,0.53996123733574564,1.9144080232812799,-1.0416775132161047,0.71677107803549511,-0.32490643518060958,-1.7584485912515997,0.9999999316161241,1
38,51,0.63813600776042678,1.9144080232812799,-0.93263535617685045,0.68405843092371876,-0.24857692525313169,-1.6166937871005693,0.99999968526625826,1
39,51,0.73631077818510793,1.9144080232812799,-0.80812254392547855,0.64670458724830726,-0.16141795667717129,-1.4548271311737859,0.99999820114630567,1
40,51,0.83448554860978863,1.9144080232812799,-0.66933820290959767,0.60506928494354295,-0.064268917966054717,-1.2744074878531406,0.99998744499182735,0.99999999999999956
41,51,0.93266031903447022,1.9144080232812799,-0.51761890220042661,0.55955349473079163,0.041934592530365022,-1.0771723969312181,0.99989498560997059,0.99999999999998002
42,51,1.0308350894591509,1.9144080232812799,-0.35442578160200389,0.51059555855126482,0.15616977694926093,-0.8650213401532687,0.99896942210433026,0.99999999999860822
43,51,1.1290098598838316,1.9144080232812799,-0.18133048007612529,0.45866696809350121,0.27733648801737593,-0.63999744816962645,0.98849350302287586,0.99999999987465471
44,51,1.2271846303085132,1.9144080232812799,-2.2204460492503131e-16,0.40426782407066369,0.40426782407066347,-0.40426782407066392,0.87153992483498322,0.99999998601606266
45,51,1.3253594007331939,1.9144080232812799,0.18781934697791147,0.34792201997729022,0.53574136695520169,-0.16010267299937875,0.32853305348277029,0.99999815319844965
46,51,1.4235341711578746,1.9144080232812799,0.38031875787371505,0.29017219670854916,0.67049095458226415,0.090146561165165895,0.031989999138973213,0.999724616035226
47,51,1.5217089415825562,1.9144080232812799,0.57564435812960357,0.23157451663178258,0.80721887476138621,0.34406984149782099,0.0021409177045428329,0.95765361847932828
48,51,1.6198837120072369,1.9144080232812799,0.77191505543927497,0.17269330743888117,0.94460836287815608,0.59922174800039385,0.00013744252757114106,0.12084686202064754
49,51,1.7180584824319185,1.9144080232812799,0.9672406556951636,0.11409562736211458,1.0813362830572781,0.85314502833304906,8.9242828589242151e-06,0.0008555581534073764
50,51,1.8162332528565992,1.9144080232812799,1.1597400665909672,0.056345804093373503,1.2160858706843407,1.1033942624975936,6.0277730723479195e-07,5.7409205215241954e-06
51,51,1.9144080232812799,1.9144080232812799,1.3475594135688789,0,1.3475594135688789,1.3475594135688789,4.3470281541058142e-08,4.3470281541058142e-08
52,51,2.0125827937059615,1.9144080232812799,1.5288898936450039,-0.05439914402283752,1.4744907496221664,1.5832890376678415,3.4330560616524508e-09,3.896466482800065e-10
53,51,2.1107575641306422,1.9144080232812799,1.7019851951708826,-0.10632773448060116,1.5956574606902816,1.8083129296514837,3.0425673092082661e-10,4.326539126964235e-12
54,51,2.2089323345553229,1.9144080232812799,1.8651783157693052,-0.15528567066012791,1.7098926451091772,2.0204639864294331,3.0974611764378324e-11,6.2172489379008766e-14
55,51,2.3071071049800045,1.9144080232812799,2.0168976164784764,-0.20080146087287923,1.8160961556055972,2.2176990773513556,3.7028158317298221e-12,1.2212453270876722e-15
56,51,2.4052818754046852,1.9144080232812799,2.1556819574943571,-0.24243676317764348,1.9132451943167137,2.3981187206720005,5.3052007231713105e-13,5.5511151231257827e-17
57,51,2.5034566458293668,1.9144080232812799,2.2801947697457297,-0.27979060685305518,2.0004041628926745,2.5599853765987848,9.2814644858663087e-14,0
58,51,2.6016314162540475,1.9144080232812799,2.3892369267849833,-0.31250325396483142,2.076733672820152,2.7017401807498147,2.0150547896946591e-14,0
59,51,2.6998061866787282,1.9144080232812799,2.4817582930313256,-0.34025966383873407,2.1414986291925917,2.8220179568700594,5.4956039718945249e-15,0
60,51,2.7979809571034098,1.9144080232812799,2.5568678371504809,-0.36279252707448068,2.1940753100760002,2.9196603642249617,1.9428902930940239e-15,0
61,51,2.8961557275280905,1.9144080232812799,2.6138422131735273,-0.3798848398813946,2.2339573732921325,2.993727053054922,8.8817841970012523e-16,0
62,51,2.9943304979527712,1.9144080232812799,2.6521327267140014,-0.39137199394353667,2.2607607327704646,3.0435047206575381,4.9960036108132044e-16,0
63,51,3.0925052683774528,1.9144080232812799,2.6713706191947844,-0.39714336168777159,2.2742272575070128,3.0685139808825559,3.8857805861880479e-16,0
0,52,-3.0925052683774528,2.0125827937059615,2.8527010992709094,-0.34274421766493407,2.5099568816059752,3.1954453169358437,0,0
1,52,-2.9943304979527716,2.0125827937059615,2.8334632067901264,-0.33697284992069926,2.496490356869427,3.1704360567108258,0,0
2,52,-2.8961557275280905,2.0125827937059615,2.7951726932496523,-0.32548569585855708,2.4696869973910953,3.1206583891082094,0,0
3,52,-2.7979809571034093,2.0125827937059615,2.738198317226606,-0.30839338305164304,2.429804934174963,3.046591700278249,0,0
4,52,-2.6998061866787286,2.0125827937059615,2.6630887731074511,-0.28586051981589666,2.3772282532915545,2.9489492929233476,5.5511151231257827e-17,0
5,52,-2.6016314162540475,2.0125827937059615,2.5705674068611084,-0.25810410994199384,2.3124632969191143,2.8286715168031025,1.6653345369377348e-16,0
6,52,-2.5034566458293663,2.0125827937059615,2.4615252498218543,-0.22539146283021755,2.2361337869916369,2.6869167126520717,8.3266726846886741e-16,0
7,52,-2.4052818754046852,2.0125827937059615,2.3370124375704822,-0.18803761915480596,2.1489748184156761,2.5250500567252883,4.7739590058881731e-15,0
8,52,-2.3071071049800045,2.0125827937059615,2.1982280965546015,-0.14640231685004171,2.0518257797045596,2.3446304134046434,3.3195668436292181e-14,1.1102230246251565e-16
9,52,-2.2089323345553233,2.0125827937059615,2.0465087958454311,-0.10088652663729065,1.9456222692081404,2.1473953224827218,2.7766677845875165e-13,4.8849813083506888e-15
10,52,-2.1107575641306422,2.0125827937059615,1.8833156752470077,-0.051928590457763643,1.8313870847892442,1.9352442657047713,2.7272073488404658e-12,3.4167113582839193e-13
11,52,-2.0125827937059615,2.0125827937059615,1.710220373721129,0,1.710220373721129,1.710220373721129,3.0772273618140389e-11,3.0772273618140389e-11
12,52,-1.9144080232812801,2.0125827937059615,1.5288898936450044,0.054399144022837388,1.5832890376678417,1.4744907496221671,3.896466482800065e-10,3.4330560616524508e-09
13,52,-1.8162332528565992,2.0125827937059615,1.3410705466670922,0.11074494811621102,1.4518154947833033,1.2303255985508812,5.403008540572074e-09,4.5339033111213567e-07
14,52,-1.7180584824319181,2.0125827937059615,1.1485711357712878,0.16849477138495236,1.3170659071562401,0.98007636438633539,7.9993678570033921e-08,6.7620801292966881e-05
15,52,-1.6198837120072371,2.0125827937059615,0.95324553551540048,0.22709245146171855,1.1803379869771191,0.72615308405368195,1.2321364160627901e-06,0.010739154509570692
16,52,-1.521708941582556,2.0125827937059615,0.7569748382057282,0.28597366065462021,1.0429484988603483,0.47100117755110799,1.9230957485794065e-05,0.64106198722692376
17,52,-1.4235341711578751,2.0125827937059615,0.56164923794984101,0.3445713407313864,0.90622057868122741,0.21707789721845461,0.00029613126214550478,0.99652417679170413
18,52,-1.3253594007331939,2.0125827937059615,0.36914982705403654,0.40232116400012774,0.77147099105416428,-0.033171336946091201,0.0043664896706134271,0.99997661580341535
19,52,-1.227184630308513,2.0125827937059615,0.1813304800761244,0.45866696809350138,0.63999744816962578,-0.27733648801737698,0.057326933883230402,0.99999982293163525
20,52,-1.1290098598838321,2.0125827937059615,5.5511151231257827e-16,0.51306611211633846,0.51306611211633901,-0.5130661121163379,0.43503869956983132,0.99999999841284426
21,52,-1.0308350894591509,2.0125827937059615,-0.17309530152587882,0.56499470257410234,0.39189940104822352,-0.73809000409998116,0.8967859279156396,0.99999999998237676
22,52,-0.93266031903446978,2.0125827937059615,-0.33628842212430243,0.61395263875362949,0.27766421662932705,-0.95024106087793192,0.9884187114743852,0.99999999999974687
23,52,-0.83448554860978863,2.0125827937059615,-0.4880077228334726,0.65946842896638047,0.17146070613290787,-1.1474761517998531,0.99860126300152774,0.99999999999999512
24,52,-0.73631077818510793,2.0125827937059615,-0.62679206384935349,0.70110373127114478,0.074311667421791294,-1.3278957951204982,0.99979935378355345,0.99999999999999989
25,52,-0.63813600776042678,2.0125827937059615,-0.75130487610072538,0.73845757494655628,-0.0128473011541691,-1.4897624510472816,0.99996488847504972,1
26,52,-0.53996123733574564,2.0125827937059615,-0.86034703313997973,0.77117022205833263,-0.0891768110816471,-1.6315172551983124,0.99999237092422755,1
27,52,-0.44178646691106449,2.0125827937059615,-0.9528683993863224,0.79892663193223545,-0.15394176745408694,-1.751795031318558,0.99999791102582547,1
28,52,-0.34361169648638379,2.0125827937059615,-1.0279779435054768,0.82145949516798178,-0.206518448337495,-1.8494374386734584,0.99999927010831946,1
29,52,-0.24543692606170264,2.0125827937059615,-1.0849523195285236,0.8385518079748957,-0.24640051155362785,-1.9235041275034193,0.99999967126390787,1
30,52,-0.1472621556370215,2.0125827937059615,-1.1232428330689976,0.85003896203703788,-0.27320387103195976,-1.9732817951060355,0.99999980767469721,1
31,52,-0.049087385212340351,2.0125827937059615,-1.1424807255497802,0.8558103297812728,-0.28667039576850739,-1.9982910553310531,0.99999985308447314,1
32,52,0.049087385212340351,2.0125827937059615,-1.1424807255497802,0.8558103297812728,-0.28667039576850739,-1.9982910553310531,0.99999985308447314,1
33,52,0.1472621556370215,2.0125827937059615,-1.1232428330689976,0.85003896203703788,-0.27320387103195976,-1.9732817951060355,0.99999980767469721,1
34,52,0.24543692606170264,2.0125827937059615,-1.0849523195285236,0.8385518079748957,-0.24640051155362785,-1.9235041275034193,0.99999967126390787,1
35,52,0.34361169648638379,2.0125827937059615,-1.0279779435054768,0.82145949516798178,-0.206518448337495,-1.8494374386734584,0.99999927010831946,1
36,52,0.44178646691106449,2.0125827937059615,-0.9528683993863224,0.79892663193223545,-0.15394176745408694,-1.751795031318558,0.99999791102582547,1
37,52,0.53996123733574564,2.0125827937059615,-0.86034703313997973,0.77117022205833263,-0.0891768110816471,-1.6315172551983124,0.99999237092422755,1
38,52,0.63813600776042678,2.0125827937059615,-0.75130487610072538,0.73845757494655628,-0.0128473011541691,-1.4897624510472816,0.99996488847504972,1
39,52,0.73631077818510793,2.0125827937059615,-0.62679206384935349,0.70110373127114478,0.074311667421791294,-1.3278957951204982,0.99979935378355345,0.99999999999999989
40,52,0.83448554860978863,2.0125827937059615,-0.4880077228334726,0.65946842896638047,0.17146070613290787,-1.1474761517998531,0.99860126300152774,0.99999999999999512
41,52,0.93266031903447022,2.0125827937059615,-0.33628842212430154,0.61395263875362915,0.27766421662932761,-0.9502410608779307,0.98841871147438498,0.99999999999974687
42,52,1.0308350894591509,2.0125827937059615,-0.17309530152587882,0.56499470257410234,0.39189940104822352,-0.73809000409998116,0.8967859279156396,0.99999999998237676
43,52,1.1290098598838316,2.0125827937059615,-2.2204460492503131e-16,0.51306611211633879,0.51306611211633857,-0.51306611211633901,0.43503869956983354,0.99999999841284426
44,52,1.2271846303085132,2.0125827937059615,0.18133048007612484,0.45866696809350121,0.639997448169626,-0.27733648801737637,0.05732693388323018,0.99999982293163525
45,52,1.3253594007331939,2.0125827937059615,0.36914982705403654,0.40232116400012774,0.77147099105416428,-0.033171336946091201,0.0043664896706134271,0.99997661580341535
46,52,1.4235341711578746,2.0125827937059615,0.56164923794984012,0.34457134073138668,0.90622057868122674,0.21707789721845344,0.00029613126214550478,0.99652417679170424
47,52,1.5217089415825562,2.0125827937059615,0.75697483820572864,0.2859736606546201,1.0429484988603488,0.47100117755110854,1.9230957485794065e-05,0.6410619872269212
48,52,1.6198837120072369,2.0125827937059615,0.95324553551540003,0.22709245146171869,1.1803379869771187,0.7261530840536814,1.2321364160627901e-06,0.010739154509570803
49,52,1.7180584824319185,2.0125827937059615,1.1485711357712887,0.16849477138495209,1.3170659071562407,0.98007636438633661,7.9993678570033921e-08,6.7620801292966881e-05
50,52,1.8162332528565992,2.0125827937059615,1.3410705466670922,0.11074494811621102,1.4518154947833033,1.2303255985508812,5.403008540572074e-09,4.5339033111213567e-07
51,52,1.9144080232812799,2.0125827937059615,1.5288898936450039,0.05439914402283752,1.5832890376678415,1.4744907496221664,3.896466482800065e-10,3.4330560616524508e-09
52,52,2.0125827937059615,2.0125827937059615,1.710220373721129,0,1.710220373721129,1.710220373721129,3.0772273618140389e-11,3.0772273618140389e-11
53,52,2.1107575641306422,2.0125827937059615,1.8833156752470077,-0.051928590457763643,1.8313870847892442,1.9352442657047713,2.7272073488404658e-12,3.4167113582839193e-13
54,52,2.2089323345553229,2.0125827937059615,2.0465087958454302,-0.10088652663729039,1.9456222692081397,2.1473953224827205,2.7766677845875165e-13,4.8849813083506888e-15
55,52,2.3071071049800045,2.0125827937059615,2.1982280965546015,-0.14640231685004171,2.0518257797045596,2.3446304134046434,3.3195668436292181e-14,1.1102230246251565e-16
56,52,2.4052818754046852,2.0125827937059615,2.3370124375704822,-0.18803761915480596,2.1489748184156761,2.5250500567252883,4.7739590058881731e-15,0
57,52,2.5034566458293668,2.0125827937059615,2.4615252498218547,-0.22539146283021766,2.2361337869916369,2.6869167126520725,8.3266726846886741e-16,0
58,52,2.6016314162540475,2.0125827937059615,2.5705674068611084,-0.25810410994199384,2.3124632969191143,2.8286715168031025,1.6653345369377348e-16,0
59,52,2.6998061866787282,2.0125827937059615,2.6630887731074506,-0.2858605198158965,2.3772282532915541,2.9489492929233472,5.5511151231257827e-17,0
60,52,2.7979809571034098,2.0125827937059615,2.738198317226606,-0.30839338305164316,2.429804934174963,3.046591700278249,0,0
61,52,2.8961557275280905,2.0125827937059615,2.7951726932496523,-0.32548569585855708,2.4696869973910953,3.1206583891082094,0,0
62,52,2.9943304979527712,2.0125827937059615,2.8334632067901264,-0.33697284992069915,2.4964903568694274,3.1704360567108254,0,0
63,52,3.0925052683774528,2.0125827937059615,2.8527010992709094,-0.34274421766493407,2.5099568816059752,3.1954453169358437,0,0
0,53,-3.0925052683774528,2.1107575641306422,3.0257964007967884,-0.29081562720717041,2.7349807735896179,3.3166120280039588,0,0
1,53,-2.9943304979527716,2.1107575641306422,3.0065585083160054,-0.2850442594629356,2.7215142488530697,3.291602767778941,0,0
2,53,-2.8961557275280905,2.1107575641306422,2.9682679947755313,-0.27355710540079337,2.694710889374738,3.2418251001763245,0,0
3,53,-2.7979809571034093,2.1107575641306422,2.9112936187524845,-0.25646479259387939,2.6548288261586053,3.1677584113463637,0,0
4,53,-2.6998061866787286,2.1107575641306422,2.83618407463333,-0.23393192935813301,2.6022521452751972,3.0701160039914628,0,0
5,53,-2.6016314162540475,2.1107575641306422,2.7436627083869873,-0.20617551948423021,2.537487188902757,2.9498382278712176,0,0
6,53,-2.5034566458293663,2.1107575641306422,2.6346205513477328,-0.17346287237245389,2.4611576789752787,2.8080834237201868,0,0
7,53,-2.4052818754046852,2.1107575641306422,2.5101077390963611,-0.13610902869704233,2.3739987103993188,2.6462167677934034,5.5511151231257827e-17,0
8,53,-2.3071071049800045,2.1107575641306422,2.37132339808048,-0.094473726392278065,2.2768496716882018,2.4657971244727581,3.8857805861880479e-16,0
9,53,-2.2089323345553233,2.1107575641306422,2.21960409737131,-0.048957936179527019,2.1706461611917831,2.268562033550837,3.1086244689504383e-15,4.4408920985006262e-16
10,53,-2.1107575641306422,2.1107575641306422,2.0564109767728866,0,2.0564109767728866,2.0564109767728866,3.0309088572266774e-14,3.0309088572266774e-14
11,53,-2.0125827937059615,2.1107575641306422,1.8833156752470077,0.051928590457763643,1.9352442657047713,1.8313870847892442,3.4167113582839193e-13,2.7272073488404658e-12
12,53,-1.9144080232812801,2.1107575641306422,1.7019851951708831,0.10632773448060102,1.8083129296514842,1.595657460690282,4.326539126964235e-12,3.0425673092082661e-10
13,53,-1.8162332528565992,2.1107575641306422,1.5141658481929712,0.16267353857397468,1.6768393867669458,1.3514923096189966,5.9993343626274509e-11,4.0182018878898162e-08
14,53,-1.7180584824319181,2.1107575641306422,1.3216664372971665,0.22042336184271602,1.5420897991398825,1.1012430754544504,8.8822504906715949e-10,5.9933052556915278e-06
15,53,-1.6198837120072371,2.1107575641306422,1.1263408370412793,0.27902104191948218,1.4053618789607616,0.84731979512179711,1.3681276833654721e-08,0.00096117166211001637
16,53,-1.521708941582556,2.1107575641306422,0.93007013973160713,0.33790225111238387,1.267972390843991,0.5921678886192232,2.135386414359175e-07,0.13665465850965836
17,53,-1.4235341711578751,2.1107575641306422,0.73474453947571983,0.39649993118915006,1.1312444706648699,0.33824460828656977,3.2891127763057249e-06,0.96213428096365017
18,53,-1.3253594007331939,2.1107575641306422,0.54224512857991536,0.45424975445789134,0.99649488303780664,0.087995374122024017,4.8694408174343451e-05,0.99973620976699051
19,53,-1.227184630308513,2.1107575641306422,0.35442578160200322,0.51059555855126504,0.86502134015326826,-0.15616977694926182,0.00067479485911747794,0.99999800206724987
20,53,-1.1290098598838321,2.1107575641306422,0.17309530152587937,0.56499470257410211,0.73809000409998149,-0.39189940104822274,0.0084777182430388343,0.99999998209145813
21,53,-1.0308350894591509,2.1107575641306422,-0,0.61692329303186599,0.61692329303186599,-0.61692329303186599,0.087986944424428781,0.99999999980114906
22,53,-0.93266031903446978,2.1107575641306422,-0.16319312059842361,0.66588122921139314,0.50268810861296953,-0.82907434980981676,0.48656269334622354,0.99999999999714362
23,53,-0.83448554860978863,2.1107575641306422,-0.31491242130759378,0.71139701942414413,0.39648459811655035,-1.0263094407317379,0.88798360521840203,0.99999999999994471
24,53,-0.73631077818510793,2.1107575641306422,-0.45369676232347467,0.75303232172890844,0.29933555940543377,-1.206729084052383,0.9822470091268598,0.99999999999999845
25,53,-0.63813600776042678,2.1107575641306422,-0.57820957457484656,0.79038616540431994,0.21217659082947338,-1.3685957399791664,0.99684770794552957,1
26,53,-0.53996123733574564,2.1107575641306422,-0.68725173161410091,0.82309881251609629,0.13584708090199538,-1.5103505441301972,0.99931339076522163,1
27,53,-0.44178646691106449,2.1107575641306422,-0.77977309786044358,0.850855222389999,0.071082124529555424,-1.6306283202504426,0.99981190165598521,1
28,53,-0.34361169648638379,2.1107575641306422,-0.85488264197959807,0.87338808562574533,0.018505443646147257,-1.7282707276053433,0.99993427011459579,1
29,53,-0.24543692606170264,2.1107575641306422,-0.91185701800264463,0.89048039843265936,-0.021376619569985267,-1.8023374164353041,0.99997039484324146,1
30,53,-0.1472621556370215,2.1107575641306422,-0.95014753154311871,0.90196755249480154,-0.048179979048317167,-1.8521150840379201,0.99998267945002639,1
31,53,-0.049087385212340351,2.1107575641306422,-0.96938542402390149,0.90773892023903646,-0.061646503784865025,-1.8771243442629379,0.99998676893794569,1
32,53,0.049087385212340351,2.1107575641306422,-0.96938542402390149,0.90773892023903646,-0.061646503784865025,-1.8771243442629379,0.99998676893794569,1
33,53,0.1472621556370215,2.1107575641306422,-0.95014753154311871,0.90196755249480154,-0.048179979048317167,-1.8521150840379201,0.99998267945002639,1
34,53,0.24543692606170264,2.1107575641306422,-0.91185701800264463,0.89048039843265936,-0.021376619569985267,-1.8023374164353041,0.99997039484324146,1
35,53,0.34361169648638379,2.1107575641306422,-0.85488264197959807,0.87338808562574533,0.018505443646147257,-1.7282707276053433,0.99993427011459579,1
36,53,0.44178646691106449,2.1107575641306422,-0.77977309786044358,0.850855222389999,0.071082124529555424,-1.6306283202504426,0.99981190165598521,1
37,53,0.53996123733574564,2.1107575641306422,-0.68725173161410091,0.82309881251609629,0.13584708090199538,-1.5103505441301972,0.99931339076522163,1
38,53,0.63813600776042678,2.1107575641306422,-0.57820957457484656,0.79038616540431994,0.21217659082947338,-1.3685957399791664,0.99684770794552957,1
39,53,0.73631077818510793,2.1107575641306422,-0.45369676232347467,0.75303232172890844,0.29933555940543377,-1.206729084052383,0.9822470091268598,0.99999999999999845
40,53,0.83448554860978863,2.1107575641306422,-0.31491242130759378,0.71139701942414413,0.39648459811655035,-1.0263094407317379,0.88798360521840203,0.99999999999994471
41,53,0.93266031903447022,2.1107575641306422,-0.16319312059842273,0.66588122921139281,0.50268810861297009,-0.82907434980981554,0.48656269334622076,0.99999999999714362
42,53,1.0308350894591509,2.1107575641306422,-0,0.61692329303186599,0.61692329303186599,-0.61692329303186599,0.087986944424428781,0.99999999980114906
43,53,1.1290098598838316,2.1107575641306422,0.1730953015258786,0.56499470257410245,0.73809000409998105,-0.39189940104822385,0.0084777182430389453,0.99999998209145813
44,53,1.2271846303085132,2.1107575641306422,0.35442578160200366,0.51059555855126493,0.86502134015326859,-0.15616977694926126,0.00067479485911747794,0.99999800206724987
45,53,1.3253594007331939,2.1107575641306422,0.54224512857991536,0.45424975445789134,0.99649488303780664,0.087995374122024017,4.8694408174343451e-05,0.99973620976699051
46,53,1.4235341711578746,2.1107575641306422,0.73474453947571894,0.39649993118915033,1.1312444706648692,0.3382446082865686,3.2891127763057249e-06,0.96213428096365095
47,53,1.5217089415825562,2.1107575641306422,0.93007013973160757,0.3379022511123837,1.2679723908439913,0.59216788861922387,2.135386414359175e-07,0.13665465850965675
48,53,1.6198837120072369,2.1107575641306422,1.1263408370412789,0.27902104191948235,1.4053618789607611,0.84731979512179656,1.3681276833654721e-08,0.00096117166211001637
49,53,1.7180584824319185,2.1107575641306422,1.3216664372971674,0.22042336184271574,1.5420897991398832,1.1012430754544515,8.8822504906715949e-10,5.9933052556915278e-06
50,53,1.8162332528565992,2.1107575641306422,1.5141658481929712,0.16267353857397468,1.6768393867669458,1.3514923096189966,5.9993343626274509e-11,4.0182018878898162e-08
51,53,1.9144080232812799,2.1107575641306422,1.7019851951708826,0.10632773448060116,1.8083129296514837,1.5956574606902816,4.326539126964235e-12,3.0425673092082661e-10
52,53,2.0125827937059615,2.1107575641306422,1.8833156752470077,0.051928590457763643,1.9352442657047713,1.8313870847892442,3.4167113582839193e-13,2.7272073488404658e-12
53,53,2.1107575641306422,2.1107575641306422,2.0564109767728866,0,2.0564109767728866,2.0564109767728866,3.0309088572266774e-14,3.0309088572266774e-14
54,53,2.2089323345553229,2.1107575641306422,2.2196040973713091,-0.048957936179526748,2.1706461611917822,2.2685620335508361,3.1086244689504383e-15,4.4408920985006262e-16
55,53,2.3071071049800045,2.1107575641306422,2.37132339808048,-0.094473726392278065,2.2768496716882018,2.4657971244727581,3.8857805861880479e-16,0
56,53,2.4052818754046852,2.1107575641306422,2.5101077390963611,-0.13610902869704233,2.3739987103993188,2.6462167677934034,5.5511151231257827e-17,0
57,53,2.5034566458293668,2.1107575641306422,2.6346205513477337,-0.17346287237245403,2.4611576789752796,2.8080834237201877,0,0
58,53,2.6016314162540475,2.1107575641306422,2.7436627083869873,-0.20617551948423021,2.537487188902757,2.9498382278712176,0,0
59,53,2.6998061866787282,2.1107575641306422,2.8361840746333296,-0.23393192935813287,2.6022521452751968,3.0701160039914623,0,0
60,53,2.7979809571034098,2.1107575641306422,2.9112936187524849,-0.2564647925938795,2.6548288261586053,3.1677584113463646,0,0
61,53,2.8961557275280905,2.1107575641306422,2.9682679947755313,-0.27355710540079337,2.694710889374738,3.2418251001763245,0,0
62,53,2.9943304979527712,2.1107575641306422,3.0065585083160054,-0.28504425946293555,2.7215142488530697,3.291602767778941,0,0
63,53,3.0925052683774528,2.1107575641306422,3.0257964007967884,-0.29081562720717041,2.7349807735896179,3.3166120280039588,0,0
0,54,-3.0925052683774528,2.2089323345553229,3.1889895213952109,-0.24185769102764368,2.9471318303675673,3.4308472124228544,0,0
1,54,-2.9943304979527716,2.2089323345553229,3.1697516289144279,-0.23608632328340884,2.9336653056310191,3.4058379521978366,0,0
2,54,-2.8961557275280905,2.2089323345553229,3.1314611153739538,-0.22459916922126663,2.906861946152687,3.3560602845952205,0,0
3,54,-2.7979809571034093,2.2089323345553229,3.074486739350907,-0.20750685641435265,2.8669798829365543,3.2819935957652597,0,0
4,54,-2.6998061866787286,2.2089323345553229,2.9993771952317525,-0.18497399317860624,2.8144032020531462,3.1843511884103588,0,0
5,54,-2.6016314162540475,2.2089323345553229,2.9068558289854098,-0.15721758330470345,2.7496382456807065,3.0640734122901132,0,0
6,54,-2.5034566458293663,2.2089323345553229,2.7978136719461553,-0.12450493619292714,2.6733087357532281,2.9223186081390824,0,0
7,54,-2.4052818754046852,2.2089323345553229,2.6733008596947836,-0.087151092517515585,2.5861497671772682,2.760451952212299,0,0
8,54,-2.3071071049800045,2.2089323345553229,2.5345165186789025,-0.045515790212751317,2.4890007284661513,2.5800323088916537,0,0
9,54,-2.2089323345553233,2.2089323345553229,2.3827972179697325,-2.6645352591003756e-16,2.3827972179697321,2.382797217969733,5.5511151231257827e-17,5.5511151231257827e-17
10,54,-2.1107575641306422,2.2089323345553229,2.2196040973713091,0.048957936179526748,2.2685620335508361,2.1706461611917822,4.4408920985006262e-16,3.1086244689504383e-15
11,54,-2.0125827937059615,2.2089323345553229,2.0465087958454302,0.10088652663729039,2.1473953224827205,1.9456222692081397,4.8849813083506888e-15,2.7766677845875165e-13
12,54,-1.9144080232812801,2.2089323345553229,1.8651783157693056,0.15528567066012777,2.0204639864294336,1.7098926451091778,6.2172489379008766e-14,3.0974611764378324e-11
13,54,-1.8162332528565992,2.2089323345553229,1.6773589687913937,0.21163147475350141,1.8889904435448952,1.4657274940378922,8.6175511171404651e-13,4.0906993903355726e-09
14,54,-1.7180584824319181,2.2089323345553229,1.484859557895589,0.26938129802224275,1.7542408559178317,1.2154782598733462,1.2758571976689836e-11,6.101470717556623e-07
15,54,-1.6198837120072371,2.2089323345553229,1.2895339576397018,0.32797897809900894,1.6175129357387108,0.9615549795406928,1.9651963389932803e-10,9.7935884666833228e-05
16,54,-1.521708941582556,2.2089323345553229,1.0932632603300296,0.38686018729191057,1.4801234476219403,0.706403073038119,3.0672975270817915e-09,0.015858540462532544
17,54,-1.4235341711578751,2.2089323345553229,0.89793766007414233,0.44545786736867682,1.3433955274428191,0.45247979270546551,4.7245397483131057e-08,0.72119644776259384
18,54,-1.3253594007331939,2.2089323345553229,0.70543824917833786,0.5032076906374181,1.2086459398157561,0.20223055854091976,6.9948639280781322e-07,0.99741486438993565
19,54,-1.227184630308513,2.2089323345553229,0.51761890220042572,0.55955349473079175,1.0771723969312175,-0.041934592530366022,9.6992922604122178e-06,0.99998037510168469
20,54,-1.1290098598838321,2.2089323345553229,0.33628842212430188,0.61395263875362893,0.95024106087793081,-0.27766421662932705,0.00012280116856833168,0.99999982408844712
21,54,-1.0308350894591509,2.2089323345553229,0.1631931205984225,0.6658812292113927,0.8290743498098152,-0.5026881086129702,0.001383869353529299,0.99999999804673245
22,54,-0.93266031903446978,2.2089323345553229,-1.1102230246251565e-15,0.71483916539091985,0.71483916539091874,-0.71483916539092096,0.013429469528384697,0.999999999971943
23,54,-0.83448554860978863,2.2089323345553229,-0.15171930070917128,0.76035495560367083,0.60863565489449956,-0.91207425631284211,0.10222776392811372,0.99999999999945688
24,54,-0.73631077818510793,2.2089323345553229,-0.29050364172505216,0.80199025790843514,0.51148661618338298,-1.0924938996334874,0.44281818823601271,0.99999999999998535
25,54,-0.63813600776042678,2.2089323345553229,-0.41501645397642406,0.83934410158384665,0.42432764760742259,-1.2543605555602708,0.81957149742162505,0.99999999999999944
26,54,-0.53996123733574564,2.2089323345553229,-0.52405861101567841,0.87205674869562311,0.3479981376799447,-1.3961153597113016,0.95435045190731871,1
27,54,-0.44178646691106449,2.2089323345553229,-0.61657997726202107,0.89981315856952571,0.28323318130750463,-1.5163931358315468,0.98707185823273391,1
28,54,-0.34361169648638379,2.2089323345553229,-0.69168952138117556,0.92234602180527203,0.23065650042409647,-1.6140355431864477,0.99544457216820703,1
29,54,-0.24543692606170264,2.2089323345553229,-0.74866389740422212,0.93943833461218607,0.19077443720796394,-1.6881022320164081,0.99794313076966012,1
30,54,-0.1472621556370215,2.2089323345553229,-0.7869544109446962,0.95092548867432836,0.16397107772963215,-1.7378798996190246,0.99879561180078369,1
31,54,-0.049087385212340351,2.2089323345553229,-0.80619230342547898,0.95669685641856317,0.15050455299308418,-1.7628891598440422,0.99907971729452405,1
32,54,0.049087385212340351,2.2089323345553229,-0.80619230342547898,0.95669685641856317,0.15050455299308418,-1.7628891598440422,0.99907971729452405,1
33,54,0.1472621556370215,2.2089323345553229,-0.7869544109446962,0.95092548867432836,0.16397107772963215,-1.7378798996190246,0.99879561180078369,1
34,54,0.24543692606170264,2.2089323345553229,-0.74866389740422212,0.93943833461218607,0.19077443720796394,-1.6881022320164081,0.99794313076966012,1
35,54,0.34361169648638379,2.2089323345553229,-0.69168952138117556,0.92234602180527203,0.23065650042409647,-1.6140355431864477,0.99544457216820703,1
36,54,0.44178646691106449,2.2089323345553229,-0.61657997726202107,0.89981315856952571,0.28323318130750463,-1.5163931358315468,0.98707185823273391,1
37,54,0.53996123733574564,2.2089323345553229,-0.52405861101567841,0.87205674869562311,0.3479981376799447,-1.3961153597113016,0.95435045190731871,1
38,54,0.63813600776042678,2.2089323345553229,-0.41501645397642406,0.83934410158384665,0.42432764760742259,-1.2543605555602708,0.81957149742162505,0.99999999999999944
39,54,0.73631077818510793,2.2089323345553229,-0.29050364172505216,0.80199025790843514,0.51148661618338298,-1.0924938996334874,0.44281818823601271,0.99999999999998535
40,54,0.83448554860978863,2.2089323345553229,-0.15171930070917128,0.76035495560367083,0.60863565489449956,-0.91207425631284211,0.10222776392811372,0.99999999999945688
41,54,0.93266031903447022,2.2089323345553229,-2.2204460492503131e-16,0.71483916539091963,0.71483916539091941,-0.71483916539091985,0.01342946952838453,0.999999999971943
42,54,1.0308350894591509,2.2089323345553229,0.1631931205984225,0.6658812292113927,0.8290743498098152,-0.5026881086129702,0.001383869353529299,0.99999999804673245
43,54,1.1290098598838316,2.2089323345553229,0.3362884221243011,0.61395263875362915,0.95024106087793025,-0.27766421662932805,0.00012280116856833168,0.99999982408844712
44,54,1.2271846303085132,2.2089323345553229,0.51761890220042617,0.55955349473079163,1.0771723969312177,-0.041934592530365467,9.6992922604122178e-06,0.99998037510168469
45,54,1.3253594007331939,2.2089323345553229,0.70543824917833786,0.5032076906374181,1.2086459398157561,0.20223055854091976,6.9948639280781322e-07,0.99741486438993565
46,54,1.4235341711578746,2.2089323345553229,0.89793766007414144,0.4454578673686771,1.3433955274428184,0.45247979270546435,4.7245397483131057e-08,0.7211964477625985
47,54,1.5217089415825562,2.2089323345553229,1.0932632603300301,0.38686018729191046,1.4801234476219405,0.70640307303811967,3.0672975270817915e-09,0.015858540462532322
48,54,1.6198837120072369,2.2089323345553229,1.2895339576397014,0.32797897809900906,1.6175129357387104,0.96155497954069236,1.9651963389932803e-10,9.7935884666833228e-05
49,54,1.7180584824319185,2.2089323345553229,1.4848595578955899,0.26938129802224248,1.7542408559178324,1.2154782598733473,1.2758571976689836e-11,6.101470717556623e-07
50,54,1.8162332528565992,2.2089323345553229,1.6773589687913937,0.21163147475350141,1.8889904435448952,1.4657274940378922,8.6175511171404651e-13,4.0906993903355726e-09
51,54,1.9144080232812799,2.2089323345553229,1.8651783157693052,0.15528567066012791,2.0204639864294331,1.7098926451091772,6.2172489379008766e-14,3.0974611764378324e-11
52,54,2.0125827937059615,2.2089323345553229,2.0465087958454302,0.10088652663729039,2.1473953224827205,1.9456222692081397,4.8849813083506888e-15,2.7766677845875165e-13
53,54,2.1107575641306422,2.2089323345553229,2.2196040973713091,0.048957936179526748,2.2685620335508361,2.1706461611917822,4.4408920985006262e-16,3.1086244689504383e-15
54,54,2.2089323345553229,2.2089323345553229,2.3827972179697317,0,2.3827972179697317,2.3827972179697317,5.5511151231257827e-17,5.5511151231257827e-17
55,54,2.3071071049800045,2.2089323345553229,2.5345165186789025,-0.045515790212751317,2.4890007284661513,2.5800323088916537,0,0
56,54,2.4052818754046852,2.2089323345553229,2.6733008596947836,-0.087151092517515585,2.5861497671772682,2.760451952212299,0,0
57,54,2.5034566458293668,2.2089323345553229,2.7978136719461562,-0.12450493619292728,2.673308735753229,2.9223186081390833,0,0
58,54,2.6016314162540475,2.2089323345553229,2.9068558289854098,-0.15721758330470345,2.7496382456807065,3.0640734122901132,0,0
59,54,2.6998061866787282,2.2089323345553229,2.9993771952317521,-0.18497399317860611,2.8144032020531458,3.1843511884103584,0,0
60,54,2.7979809571034098,2.2089323345553229,3.0744867393509074,-0.20750685641435274,2.8669798829365547,3.2819935957652602,0,0
61,54,2.8961557275280905,2.2089323345553229,3.1314611153739538,-0.22459916922126663,2.906861946152687,3.3560602845952205,0,0
62,54,2.9943304979527712,2.2089323345553229,3.1697516289144279,-0.23608632328340878,2.9336653056310191,3.4058379521978366,0,0
63,54,3.0925052683774528,2.2089323345553229,3.1889895213952109,-0.24185769102764368,2.9471318303675673,3.4308472124228544,0,0
0,55,-3.0925052683774528,2.3071071049800045,3.3407088221043817,-0.19634190081489236,3.1443669212894894,3.537050722919274,0,0
1,55,-2.9943304979527716,2.3071071049800045,3.3214709296235991,-0.19057053307065755,3.1309003965529416,3.5120414626942567,0,0
2,55,-2.8961557275280905,2.3071071049800045,3.2831804160831251,-0.17908337900851531,3.1040970370746099,3.4622637950916402,0,0
3,55,-2.7979809571034093,2.3071071049800045,3.2262060400600783,-0.16199106620160134,3.0642149738584767,3.3881971062616798,0,0
4,55,-2.6998061866787286,2.3071071049800045,3.1510964959409238,-0.13945820296585493,3.0116382929750687,3.2905546989067789,0,0
5,55,-2.6016314162540475,2.3071071049800045,3.0585751296945807,-0.11170179309195213,2.9468733366026285,3.1702769227865328,0,0
6,55,-2.5034566458293663,2.3071071049800045,2.9495329726553265,-0.078989145980175826,2.8705438266751506,3.0285221186355025,0,0
7,55,-2.4052818754046852,2.3071071049800045,2.8250201604039544,-0.041635302304764261,2.7833848580991902,2.8666554627087186,0,0
8,55,-2.3071071049800045,2.3071071049800045,2.6862358193880738,0,2.6862358193880738,2.6862358193880738,0,0
9,55,-2.2089323345553233,2.3071071049800045,2.5345165186789034,0.045515790212751046,2.5800323088916546,2.4890007284661522,0,0
10,55,-2.1107575641306422,2.3071071049800045,2.37132339808048,0.094473726392278065,2.4657971244727581,2.2768496716882018,0,3.8857805861880479e-16
11,55,-2.0125827937059615,2.3071071049800045,2.1982280965546015,0.14640231685004171,2.3446304134046434,2.0518257797045596,1.1102230246251565e-16,3.3195668436292181e-14
12,55,-1.9144080232812801,2.3071071049800045,2.0168976164784769,0.20080146087287909,2.2176990773513561,1.8160961556055977,1.2212453270876722e-15,3.7028158317298221e-12
13,55,-1.8162332528565992,2.3071071049800045,1.8290782695005645,0.25714726496625273,2.0862255344668172,1.5719310045343118,1.6653345369377348e-14,4.8901882543361808e-10
14,55,-1.7180584824319181,2.3071071049800045,1.6365788586047603,0.31489708823499402,1.9514759468397542,1.3216817703697663,2.4696911182786607e-13,7.293950193831833e-08
15,55,-1.6198837120072371,2.3071071049800045,1.4412532583488729,0.37349476831176026,1.8147480266606331,1.0677584900371127,3.8040126604244051e-12,1.1708663624265814e-05
16,55,-1.521708941582556,2.3071071049800045,1.2449825610392007,0.43237597750466189,1.6773585385438625,0.81260658353453885,5.9373617133928747e-11,0.0019226397621542324
17,55,-1.4235341711578751,2.3071071049800045,1.0496569607833135,0.49097365758142808,1.5406306183647416,0.55868330320188542,9.1452861950003239e-10,0.23619296536066492
18,55,-1.3253594007331939,2.3071071049800045,0.85715754988750892,0.54872348085016942,1.4058810307376783,0.3084340690373395,1.353995859876278e-08,0.97877908308638983
19,55,-1.227184630308513,2.3071071049800045,0.66933820290959678,0.60506928494354306,1.2744074878531397,0.064268917966053718,1.8775086391142892e-07,0.99983585917260365
20,55,-1.1290098598838321,2.3071071049800045,0.48800772283347293,0.65946842896638025,1.1474761517998533,-0.17146070613290731,2.3773469632892841e-06,0.9999985284813484
21,55,-1.0308350894591509,2.3071071049800045,0.31491242130759356,0.71139701942414402,1.0263094407317377,-0.39648459811655046,2.682394393421772e-05,0.99999998366069009
22,55,-0.93266031903446978,2.3071071049800045,0.15171930070916995,0.76035495560367117,0.91207425631284111,-0.60863565489450122,0.00026342322881295344,0.99999999976529996
23,55,-0.83448554860978863,2.3071071049800045,-2.2204460492503131e-16,0.80587074581642215,0.80587074581642193,-0.80587074581642237,0.0021992989306957589,0.99999999999545697
24,55,-0.73631077818510793,2.3071071049800045,-0.13878434101588111,0.84750604812118646,0.70872170710530535,-0.98629038913706757,0.015150815742781765,0.99999999999987688
25,55,-0.63813600776042678,2.3071071049800045,-0.263297153267253,0.88485989179659796,0.62156273852934496,-1.148157045063851,0.080820203401879398,0.99999999999999512
26,55,-0.53996123733574564,2.3071071049800045,-0.37233931030650735,0.91757253890837431,0.54523322860186696,-1.2899118492148816,0.28809287041859394,0.99999999999999978
27,55,-0.44178646691106449,2.3071071049800045,-0.46486067655285002,0.94532894878227713,0.48046827222942712,-1.4101896253351272,0.59643544625623868,1
28,55,-0.34361169648638379,2.3071071049800045,-0.53997022067200451,0.96786181201802346,0.42789159134601895,-1.5078320326900281,0.80879018093133237,1
29,55,-0.24543692606170264,2.3071071049800045,-0.59694459669505107,0.98495412482493749,0.38800952812988643,-1.5818987215199884,0.90376788605061398,1
30,55,-0.1472621556370215,2.3071071049800045,-0.63523511023552515,0.99644127888707967,0.36120616865155453,-1.6316763891226049,0.94135823609279168,1
31,55,-0.049087385212340351,2.3071071049800045,-0.65447300271630793,1.0022126466313144,0.34773964391500645,-1.6566856493476223,0.95457515266426063,1
32,55,0.049087385212340351,2.3071071049800045,-0.65447300271630793,1.0022126466313144,0.34773964391500645,-1.6566856493476223,0.95457515266426063,1
33,55,0.1472621556370215,2.3071071049800045,-0.63523511023552515,0.99644127888707967,0.36120616865155453,-1.6316763891226049,0.94135823609279168,1
34,55,0.24543692606170264,2.3071071049800045,-0.59694459669505107,0.98495412482493749,0.38800952812988643,-1.5818987215199884,0.90376788605061398,1
35,55,0.34361169648638379,2.3071071049800045,-0.53997022067200451,0.96786181201802346,0.42789159134601895,-1.5078320326900281,0.80879018093133237,1
36,55,0.44178646691106449,2.3071071049800045,-0.46486067655285002,0.94532894878227713,0.48046827222942712,-1.4101896253351272,0.59643544625623868,1
37,55,0.53996123733574564,2.3071071049800045,-0.37233931030650735,0.91757253890837431,0.54523322860186696,-1.2899118492148816,0.28809287041859394,0.99999999999999978
38,55,0.63813600776042678,2.3071071049800045,-0.263297153267253,0.88485989179659796,0.62156273852934496,-1.148157045063851,0.080820203401879398,0.99999999999999512
39,55,0.73631077818510793,2.3071071049800045,-0.13878434101588111,0.84750604812118646,0.70872170710530535,-0.98629038913706757,0.015150815742781765,0.99999999999987688
40,55,0.83448554860978863,2.3071071049800045,-2.2204460492503131e-16,0.80587074581642215,0.80587074581642193,-0.80587074581642237,0.0021992989306957589,0.99999999999545697
41,55,0.93266031903447022,2.3071071049800045,0.15171930070917083,0.76035495560367083,0.91207425631284167,-0.6086356548945,0.00026342322881289792,0.99999999976529996
42,55,1.0308350894591509,2.3071071049800045,0.31491242130759356,0.71139701942414402,1.0263094407317377,-0.39648459811655046,2.682394393421772e-05,0.99999998366069009
43,55,1.1290098598838316,2.3071071049800045,0.48800772283347216,0.65946842896638047,1.1474761517998526,-0.17146070613290831,2.3773469632892841e-06,0.9999985284813484
44,55,1.2271846303085132,2.3071071049800045,0.66933820290959722,0.60506928494354295,1.2744074878531402,0.064268917966054273,1.8775086391142892e-07,0.99983585917260365
45,55,1.3253594007331939,2.3071071049800045,0.85715754988750892,0.54872348085016942,1.4058810307376783,0.3084340690373395,1.353995859876278e-08,0.97877908308638983
46,55,1.4235341711578746,2.3071071049800045,1.0496569607833126,0.4909736575814283,1.5406306183647409,0.55868330320188431,9.1452861950003239e-10,0.23619296536066892
47,55,1.5217089415825562,2.3071071049800045,1.2449825610392011,0.43237597750466178,1.677358538543863,0.8126065835345393,5.9373617133928747e-11,0.0019226397621542324
48,55,1.6198837120072369,2.3071071049800045,1.4412532583488724,0.37349476831176037,1.8147480266606328,1.067758490037112,3.8040126604244051e-12,1.1708663624265814e-05
49,55,1.7180584824319185,2.3071071049800045,1.6365788586047612,0.31489708823499379,1.9514759468397549,1.3216817703697674,2.4696911182786607e-13,7.293950193831833e-08
50,55,1.8162332528565992,2.3071071049800045,1.8290782695005645,0.25714726496625273,2.0862255344668172,1.5719310045343118,1.6653345369377348e-14,4.8901882543361808e-10
51,55,1.9144080232812799,2.3071071049800045,2.0168976164784764,0.20080146087287923,2.2176990773513556,1.8160961556055972,1.2212453270876722e-15,3.7028158317298221e-12
52,55,2.0125827937059615,2.3071071049800045,2.1982280965546015,0.14640231685004171,2.3446304134046434,2.0518257797045596,1.1102230246251565e-16,3.3195668436292181e-14
53,55,2.1107575641306422,2.3071071049800045,2.37132339808048,0.094473726392278065,2.4657971244727581,2.2768496716882018,0,3.8857805861880479e-16
54,55,2.2089323345553229,2.3071071049800045,2.5345165186789025,0.045515790212751317,2.5800323088916537,2.4890007284661513,0,0
55,55,2.3071071049800045,2.3071071049800045,2.6862358193880738,0,2.6862358193880738,2.6862358193880738,0,0
56,55,2.4052818754046852,2.3071071049800045,2.8250201604039544,-0.041635302304764261,2.7833848580991902,2.8666554627087186,0,0
57,55,2.5034566458293668,2.3071071049800045,2.949532972655327,-0.078989145980175965,2.8705438266751511,3.0285221186355029,0,0
58,55,2.6016314162540475,2.3071071049800045,3.0585751296945807,-0.11170179309195213,2.9468733366026285,3.1702769227865328,0,0
59,55,2.6998061866787282,2.3071071049800045,3.1510964959409229,-0.13945820296585479,3.0116382929750682,3.2905546989067775,0,0
60,55,2.7979809571034098,2.3071071049800045,3.2262060400600783,-0.16199106620160142,3.0642149738584767,3.3881971062616798,0,0
61,55,2.8961557275280905,2.3071071049800045,3.2831804160831251,-0.17908337900851531,3.1040970370746099,3.4622637950916402,0,0
62,55,2.9943304979527712,2.3071071049800045,3.3214709296235987,-0.19057053307065747,3.1309003965529412,3.5120414626942562,0,0
63,55,3.0925052683774528,2.3071071049800045,3.3407088221043817,-0.19634190081489236,3.1443669212894894,3.537050722919274,0,0
0,56,-3.0925052683774528,2.4052818754046852,3.4794931631202628,-0.15470659851012811,3.3247865646101347,3.6341997616303909,0,0
1,56,-2.9943304979527716,2.4052818754046852,3.4602552706394798,-0.14893523076589327,3.3113200398735865,3.6091905014053731,0,0
2,56,-2.8961557275280905,2.4052818754046852,3.4219647570990057,-0.13744807670375106,3.2845166803952548,3.5594128338027566,0,0
3,56,-2.7979809571034093,2.4052818754046852,3.3649903810759589,-0.12035576389683708,3.244634617179122,3.4853461449727958,0,0
4,56,-2.6998061866787286,2.4052818754046852,3.2898808369568044,-0.097822900661090673,3.192057936295714,3.3877037376178949,0,0
5,56,-2.6016314162540475,2.4052818754046852,3.1973594707104618,-0.070066490787187866,3.1272929799232738,3.2674259614976497,0,0
6,56,-2.5034566458293663,2.4052818754046852,3.0883173136712072,-0.037353843675411565,3.0509634699957955,3.1256711573466189,0,0
7,56,-2.4052818754046852,2.4052818754046852,2.9638045014198355,0,2.9638045014198355,2.9638045014198355,0,0
8,56,-2.3071071049800045,2.4052818754046852,2.8250201604039544,0.041635302304764261,2.8666554627087186,2.7833848580991902,0,0
9,56,-2.2089323345553233,2.4052818754046852,2.6733008596947845,0.087151092517515308,2.7604519522122999,2.5861497671772691,0,0
10,56,-2.1107575641306422,2.4052818754046852,2.5101077390963611,0.13610902869704233,2.6462167677934034,2.3739987103993188,0,5.5511151231257827e-17
11,56,-2.0125827937059615,2.4052818754046852,2.3370124375704822,0.18803761915480596,2.5250500567252883,2.1489748184156761,0,4.7739590058881731e-15
12,56,-1.9144080232812801,2.4052818754046852,2.1556819574943575,0.24243676317764334,2.3981187206720009,1.9132451943167141,5.5511151231257827e-17,5.3052007231713105e-13
13,56,-1.8162332528565992,2.4052818754046852,1.9678626105164456,0.29878256727101699,2.2666451777874626,1.6690800432454287,4.4408920985006262e-16,7.0064787305312848e-11
14,56,-1.7180584824319181,2.4052818754046852,1.7753631996206409,0.35653239053975838,2.1318955901603993,1.4188308090808825,6.7168492989821971e-15,1.0450498133529607e-08
15,56,-1.6198837120072371,2.4052818754046852,1.5800375993647537,0.41513007061652452,1.9951676699812784,1.1649075287482291,1.0308420783644578e-13,1.6775901102716873e-06
16,56,-1.521708941582556,2.4052818754046852,1.3837669020550816,0.47401127980942614,1.8577781818645076,0.90975562224565543,1.6087686738330831e-12,0.00027592308570323354
17,56,-1.4235341711578751,2.4052818754046852,1.1884413017991942,0.53260895988619239,1.7210502616853867,0.65583234191300177,2.4779456264667488e-11,0.042425788036348722
18,56,-1.3253594007331939,2.4052818754046852,0.9959418909033898,0.59035878315493362,1.5863006740583234,0.40558310774845618,3.668700343517628e-10,0.86856589652936256
19,56,-1.227184630308513,2.4052818754046852,0.80812254392547767,0.64670458724830737,1.454827131173785,0.16141795667717029,5.0871777346195302e-09,0.9988554984033341
20,56,-1.1290098598838321,2.4052818754046852,0.62679206384935382,0.70110373127114445,1.3278957951204982,-0.074311667421790628,6.4415215439428408e-08,0.99998972959006349
21,56,-1.0308350894591509,2.4052818754046852,0.45369676232347445,0.75303232172890833,1.2067290840523828,-0.29933555940543388,7.2682332524776072e-07,0.99999988595939893
22,56,-0.93266031903446978,2.4052818754046852,0.29050364172505083,0.80199025790843548,1.0924938996334863,-0.51148661618338465,7.139376344944548e-06,0.99999999836190578
23,56,-0.83448554860978863,2.4052818754046852,0.13878434101588066,0.84750604812118646,0.98629038913706712,-0.7087217071053058,5.9718571645883678e-05,0.99999999996829136
24,56,-0.73631077818510793,2.4052818754046852,-2.2204460492503131e-16,0.88914135042595077,0.88914135042595055,-0.88914135042595099,0.00041665844280946995,0.99999999999914091
25,56,-0.63813600776042678,2.4052818754046852,-0.12451281225137212,0.92649519410136227,0.80198238184999016,-1.0510080063527343,0.002376735903304561,0.99999999999996625
26,56,-0.53996123733574564,2.4052818754046852,-0.23355496929062647,0.95920784121313862,0.72565287192251215,-1.1927628105037651,0.010845959720139187,0.999999999999998
27,56,-0.44178646691106449,2.4052818754046852,-0.32607633553696913,0.98696425108704133,0.6608879155500722,-1.3130405866240105,0.038502887959844523,0.99999999999999978
28,56,-0.34361169648638379,2.4052818754046852,-0.40118587965612362,1.0094971143227875,0.60831123466666392,-1.4106829939789112,0.10282479061954741,1
29,56,-0.24543692606170264,2.4052818754046852,-0.45816025567917018,1.0265894271297016,0.5684291714505314,-1.4847496828088718,0.20284881120116394,1
30,56,-0.1472621556370215,2.4052818754046852,-0.49645076921964426,1.038076581191844,0.54162581197219972,-1.5345273504114882,0.30311328759889217,1
31,56,-0.049087385212340351,2.4052818754046852,-0.51568866170042704,1.0438479489360788,0.52815928723565175,-1.5595366106365058,0.36281066077499513,1
32,56,0.049087385212340351,2.4052818754046852,-0.51568866170042704,1.0438479489360788,0.52815928723565175,-1.5595366106365058,0.36281066077499513,1
33,56,0.1472621556370215,2.4052818754046852,-0.49645076921964426,1.038076581191844,0.54162581197219972,-1.5345273504114882,0.30311328759889217,1
34,56,0.24543692606170264,2.4052818754046852,-0.45816025567917018,1.0265894271297016,0.5684291714505314,-1.4847496828088718,0.20284881120116394,1
35,56,0.34361169648638379,2.4052818754046852,-0.40118587965612362,1.0094971143227875,0.60831123466666392,-1.4106829939789112,0.10282479061954741,1
36,56,0.44178646691106449,2.4052818754046852,-0.32607633553696913,0.98696425108704133,0.6608879155500722,-1.3130405866240105,0.038502887959844523,0.99999999999999978
37,56,0.53996123733574564,2.4052818754046852,-0.23355496929062647,0.95920784121313862,0.72565287192251215,-1.1927628105037651,0.010845959720139187,0.999999999999998
38,56,0.63813600776042678,2.4052818754046852,-0.12451281225137212,0.92649519410136227,0.80198238184999016,-1.0510080063527343,0.002376735903304561,0.99999999999996625
39,56,0.73631077818510793,2.4052818754046852,-2.2204460492503131e-16,0.88914135042595077,0.88914135042595055,-0.88914135042595099,0.00041665844280946995,0.99999999999914091
40,56,0.83448554860978863,2.4052818754046852,0.13878434101588066,0.84750604812118646,0.98629038913706712,-0.7087217071053058,5.9718571645883678e-05,0.99999999996829136
41,56,0.93266031903447022,2.4052818754046852,0.29050364172505172,0.80199025790843514,1.092493899633487,-0.51148661618338342,7.139376344944548e-06,0.99999999836190578
42,56,1.0308350894591509,2.4052818754046852,0.45369676232347445,0.75303232172890833,1.2067290840523828,-0.29933555940543388,7.2682332524776072e-07,0.99999988595939893
43,56,1.1290098598838316,2.4052818754046852,0.62679206384935304,0.70110373127114478,1.3278957951204977,-0.074311667421791738,6.4415215439428408e-08,0.99998972959006349
44,56,1.2271846303085132,2.4052818754046852,0.80812254392547811,0.64670458724830726,1.4548271311737855,0.16141795667717085,5.0871777346195302e-09,0.99885549840333399
45,56,1.3253594007331939,2.4052818754046852,0.9959418909033898,0.59035878315493362,1.5863006740583234,0.40558310774845618,3.668700343517628e-10,0.86856589652936256
46,56,1.4235341711578746,2.4052818754046852,1.1884413017991933,0.53260895988619261,1.7210502616853858,0.65583234191300066,2.4779456264667488e-11,0.042425788036349665
47,56,1.5217089415825562,2.4052818754046852,1.383766902055082,0.47401127980942603,1.857778181864508,0.90975562224565598,1.6087686738330831e-12,0.00027592308570317803
48,56,1.6198837120072369,2.4052818754046852,1.5800375993647533,0.41513007061652468,1.9951676699812779,1.1649075287482287,1.0308420783644578e-13,1.6775901102716873e-06
49,56,1.7180584824319185,2.4052818754046852,1.7753631996206418,0.3565323905397581,2.1318955901603998,1.4188308090808837,6.7168492989821971e-15,1.0450498133529607e-08
50,56,1.8162332528565992,2.4052818754046852,1.9678626105164456,0.29878256727101699,2.2666451777874626,1.6690800432454287,4.4408920985006262e-16,7.0064787305312848e-11
51,56,1.9144080232812799,2.4052818754046852,2.1556819574943571,0.24243676317764348,2.3981187206720005,1.9132451943167137,5.5511151231257827e-17,5.3052007231713105e-13
52,56,2.0125827937059615,2.4052818754046852,2.3370124375704822,0.18803761915480596,2.5250500567252883,2.1489748184156761,0,4.7739590058881731e-15
53,56,2.1107575641306422,2.4052818754046852,2.5101077390963611,0.13610902869704233,2.6462167677934034,2.3739987103993188,0,5.5511151231257827e-17
54,56,2.2089323345553229,2.4052818754046852,2.6733008596947836,0.087151092517515585,2.760451952212299,2.5861497671772682,0,0
55,56,2.3071071049800045,2.4052818754046852,2.8250201604039544,0.041635302304764261,2.8666554627087186,2.7833848580991902,0,0
56,56,2.4052818754046852,2.4052818754046852,2.9638045014198355,0,2.9638045014198355,2.9638045014198355,0,0
57,56,2.5034566458293668,2.4052818754046852,3.0883173136712081,-0.037353843675411703,3.0509634699957964,3.1256711573466198,0,0
58,56,2.6016314162540475,2.4052818754046852,3.1973594707104618,-0.070066490787187866,3.1272929799232738,3.2674259614976497,0,0
59,56,2.6998061866787282,2.4052818754046852,3.289880836956804,-0.097822900661090534,3.1920579362957135,3.3877037376178945,0,0
60,56,2.7979809571034098,2.4052818754046852,3.3649903810759594,-0.12035576389683715,3.244634617179122,3.4853461449727967,0,0
61,56,2.8961557275280905,2.4052818754046852,3.4219647570990057,-0.13744807670375106,3.2845166803952548,3.5594128338027566,0,0
62,56,2.9943304979527712,2.4052818754046852,3.4602552706394798,-0.14893523076589321,3.3113200398735865,3.6091905014053731,0,0
63,56,3.0925052683774528,2.4052818754046852,3.4794931631202628,-0.15470659851012811,3.3247865646101347,3.6341997616303909,0,0
0,57,-3.0925052683774528,2.5034566458293668,3.6040059753716349,-0.11735275483471641,3.4866532205369185,3.7213587302063513,0,0
1,57,-2.9943304979527716,2.5034566458293668,3.5847680828908519,-0.11158138709048157,3.4731866958003703,3.6963494699813335,0,0
2,57,-2.8961557275280905,2.5034566458293668,3.5464775693503778,-0.10009423302833935,3.4463833363220386,3.646571802378717,0,0
3,57,-2.7979809571034093,2.5034566458293668,3.4895031933273315,-0.083001920221425385,3.4065012731059063,3.5725051135487567,0,0
4,57,-2.6998061866787286,2.5034566458293668,3.4143936492081766,-0.060469056985678969,3.3539245922224974,3.4748627061938557,0,0
5,57,-2.6016314162540475,2.5034566458293668,3.3218722829618343,-0.032712647111776169,3.2891596358500581,3.3545849300736106,0,0
6,57,-2.5034566458293663,2.5034566458293668,3.2128301259225798,1.3322676295501878e-16,3.2128301259225798,3.2128301259225798,0,0
7,57,-2.4052818754046852,2.5034566458293668,3.0883173136712081,0.037353843675411703,3.1256711573466198,3.0509634699957964,0,0
8,57,-2.3071071049800045,2.5034566458293668,2.949532972655327,0.078989145980175965,3.0285221186355029,2.8705438266751511,0,0
9,57,-2.2089323345553233,2.5034566458293668,2.797813671946157,0.12450493619292702,2.9223186081390842,2.6733087357532299,0,0
10,57,-2.1107575641306422,2.5034566458293668,2.6346205513477337,0.17346287237245403,2.8080834237201877,2.4611576789752796,0,0
11,57,-2.0125827937059615,2.5034566458293668,2.4615252498218547,0.22539146283021766,2.6869167126520725,2.2361337869916369,0,8.3266726846886741e-16
12,57,-1.9144080232812801,2.5034566458293668,2.2801947697457301,0.27979060685305507,2.5599853765987852,2.000404162892675,0,9.2814644858663087e-14
13,57,-1.8162332528565992,2.5034566458293668,2.0923754227678177,0.33613641094642871,2.4285118337142464,1.7562390118213891,0,1.2258749571003591e-11
14,57,-1.7180584824319181,2.5034566458293668,1.8998760118720135,0.39388623421516999,2.2937622460871836,1.5059897776568434,2.7755575615628914e-16,1.8284530556300638e-09
15,57,-1.6198837120072371,2.5034566458293668,1.7045504116161261,0.45248391429193624,2.1570343259080622,1.25206649732419,4.0523140398818214e-15,2.9351701108515371e-07
16,57,-1.521708941582556,2.5034566458293668,1.5082797143064539,0.51136512348483787,2.0196448377912919,0.99691459082161604,6.3171690101171407e-14,4.8287390145285158e-05
17,57,-1.4235341711578751,2.5034566458293668,1.3129541140505667,0.569962803561604,1.8829169176121707,0.74299131048896272,9.7305496993271845e-13,0.0076922023143926599
18,57,-1.3253594007331939,2.5034566458293668,1.120454703154762,0.62771262683034545,1.7481673299851075,0.49274207632441658,1.4406420500989725e-11,0.53622603086707987
19,57,-1.227184630308513,2.5034566458293668,0.93263535617685001,0.68405843092371899,1.6166937871005689,0.24857692525313102,1.9976575948987829e-10,0.99349373046107803
20,57,-1.1290098598838321,2.5034566458293668,0.75130487610072616,0.73845757494655617,1.4897624510472824,0.012847301154169988,2.5294877303849717e-09,0.99994130245625323
21,57,-1.0308350894591509,2.5034566458293668,0.57820957457484679,0.79038616540432005,1.3685957399791668,-0.21217659082947327,2.8541267127479841e-08,0.99999934820286651
22,57,-0.93266031903446978,2.5034566458293668,0.41501645397642317,0.83934410158384709,1.2543605555602704,-0.42432764760742392,2.8035437987794509e-07,0.99999999063749501
23,57,-0.83448554860978863,2.5034566458293668,0.263297153267253,0.88485989179659819,1.1481570450638512,-0.62156273852934518,2.3451920858619246e-06,0.99999999981877008
24,57,-0.73631077818510793,2.5034566458293668,0.12451281225137212,0.92649519410136238,1.0510080063527345,-0.80198238184999027,1.6368095809904393e-05,0.99999999999508948
25,57,-0.63813600776042678,2.5034566458293668,2.2204460492503131e-16,0.963849037776774,0.96384903777677422,-0.96384903777677378,9.3544405963985611e-05,0.99999999999980715
26,57,-0.53996123733574564,2.5034566458293668,-0.10904215703925413,0.99656168488855024,0.88751952784929611,-1.1056038419278043,0.00043038902944070312,0.99999999999998868
27,57,-0.44178646691106449,2.5034566458293668,-0.20156352328559679,1.0243180947624531,0.82275457147685627,-1.2258816180480498,0.0015700266425904275,0.999999999999999
28,57,-0.34361169648638379,2.5034566458293668,-0.27667306740475128,1.0468509579981995,0.77017789059344821,-1.3235240254029508,0.0044803762349315268,0.99999999999999978
29,57,-0.24543692606170264,2.5034566458293668,-0.33364744342779784,1.0639432708051133,0.73029582737731547,-1.3975907142329111,0.0098936762218307939,1
30,57,-0.1472621556370215,2.5034566458293668,-0.37193795696827192,1.0754304248672555,0.70349246789898356,-1.4473683818355274,0.016793135175117158,1
31,57,-0.049087385212340351,2.5034566458293668,-0.3911758494490547,1.0812017926114905,0.69002594316243582,-1.4723776420605452,0.021870168729815453,1
32,57,0.049087385212340351,2.5034566458293668,-0.3911758494490547,1.0812017926114905,0.69002594316243582,-1.4723776420605452,0.021870168729815453,1
33,57,0.1472621556370215,2.5034566458293668,-0.37193795696827192,1.0754304248672555,0.70349246789898356,-1.4473683818355274,0.016793135175117158,1
34,57,0.24543692606170264,2.5034566458293668,-0.33364744342779784,1.0639432708051133,0.73029582737731547,-1.3975907142329111,0.0098936762218307939,1
35,57,0.34361169648638379,2.5034566458293668,-0.27667306740475128,1.0468509579981995,0.77017789059344821,-1.3235240254029508,0.0044803762349315268,0.99999999999999978
36,57,0.44178646691106449,2.5034566458293668,-0.20156352328559679,1.0243180947624531,0.82275457147685627,-1.2258816180480498,0.0015700266425904275,0.999999999999999
37,57,0.53996123733574564,2.5034566458293668,-0.10904215703925413,0.99656168488855024,0.88751952784929611,-1.1056038419278043,0.00043038902944070312,0.99999999999998868
38,57,0.63813600776042678,2.5034566458293668,2.2204460492503131e-16,0.963849037776774,0.96384903777677422,-0.96384903777677378,9.3544405963985611e-05,0.99999999999980715
39,57,0.73631077818510793,2.5034566458293668,0.12451281225137212,0.92649519410136238,1.0510080063527345,-0.80198238184999027,1.6368095809904393e-05,0.99999999999508948
40,57,0.83448554860978863,2.5034566458293668,0.263297153267253,0.88485989179659819,1.1481570450638512,-0.62156273852934518,2.3451920858619246e-06,0.99999999981877008
41,57,0.93266031903447022,2.5034566458293668,0.41501645397642406,0.83934410158384687,1.2543605555602708,-0.42432764760742281,2.8035437987794509e-07,0.99999999063749501
42,57,1.0308350894591509,2.5034566458293668,0.57820957457484679,0.79038616540432005,1.3685957399791668,-0.21217659082947327,2.8541267127479841e-08,0.99999934820286651
43,57,1.1290098598838316,2.5034566458293668,0.75130487610072538,0.73845757494655639,1.4897624510472818,0.012847301154168989,2.5294877303849717e-09,0.99994130245625323
44,57,1.2271846303085132,2.5034566458293668,0.93263535617685045,0.68405843092371887,1.6166937871005693,0.24857692525313158,1.9976575948987829e-10,0.99349373046107792
45,57,1.3253594007331939,2.5034566458293668,1.120454703154762,0.62771262683034545,1.7481673299851075,0.49274207632441658,1.4406420500989725e-11,0.53622603086707987
46,57,1.4235341711578746,2.5034566458293668,1.3129541140505658,0.56996280356160434,1.8829169176121701,0.7429913104889615,9.7305496993271845e-13,0.0076922023143928264
47,57,1.5217089415825562,2.5034566458293668,1.5082797143064544,0.51136512348483776,2.0196448377912919,0.9969145908216166,6.3171690101171407e-14,4.8287390145285158e-05
48,57,1.6198837120072369,2.5034566458293668,1.7045504116161256,0.45248391429193635,2.1570343259080618,1.2520664973241893,4.0523140398818214e-15,2.9351701108515371e-07
49,57,1.7180584824319185,2.5034566458293668,1.8998760118720144,0.39388623421516972,2.293762246087184,1.5059897776568447,2.7755575615628914e-16,1.8284530556300638e-09
50,57,1.8162332528565992,2.5034566458293668,2.0923754227678177,0.33613641094642871,2.4285118337142464,1.7562390118213891,0,1.2258749571003591e-11
51,57,1.9144080232812799,2.5034566458293668,2.2801947697457297,0.27979060685305518,2.5599853765987848,2.0004041628926745,0,9.2814644858663087e-14
52,57,2.0125827937059615,2.5034566458293668,2.4615252498218547,0.22539146283021766,2.6869167126520725,2.2361337869916369,0,8.3266726846886741e-16
53,57,2.1107575641306422,2.5034566458293668,2.6346205513477337,0.17346287237245403,2.8080834237201877,2.4611576789752796,0,0
54,57,2.2089323345553229,2.5034566458293668,2.7978136719461562,0.12450493619292728,2.9223186081390833,2.673308735753229,0,0
55,57,2.3071071049800045,2.5034566458293668,2.949532972655327,0.078989145980175965,3.0285221186355029,2.8705438266751511,0,0
56,57,2.4052818754046852,2.5034566458293668,3.0883173136712081,0.037353843675411703,3.1256711573466198,3.0509634699957964,0,0
57,57,2.5034566458293668,2.5034566458293668,3.2128301259225802,0,3.2128301259225802,3.2128301259225802,0,0
58,57,2.6016314162540475,2.5034566458293668,3.3218722829618343,-0.032712647111776169,3.2891596358500581,3.3545849300736106,0,0
59,57,2.6998061866787282,2.5034566458293668,3.4143936492081766,-0.060469056985678837,3.3539245922224978,3.4748627061938553,0,0
60,57,2.7979809571034098,2.5034566458293668,3.4895031933273319,-0.083001920221425454,3.4065012731059063,3.5725051135487575,0,0
61,57,2.8961557275280905,2.5034566458293668,3.5464775693503778,-0.10009423302833935,3.4463833363220386,3.646571802378717,0,0
62,57,2.9943304979527712,2.5034566458293668,3.5847680828908519,-0.1115813870904815,3.4731866958003703,3.6963494699813335,0,0
63,57,3.0925052683774528,2.5034566458293668,3.6040059753716349,-0.11735275483471641,3.4866532205369185,3.7213587302063513,0,0
0,58,-3.0925052683774528,2.6016314162540475,3.713048132410889,-0.084640107722940242,3.6284080246879489,3.7976882401338292,0,0
1,58,-2.9943304979527716,2.6016314162540475,3.693810239930106,-0.078868739978705402,3.6149414999514007,3.7726789799088114,0,0
2,58,-2.8961557275280905,2.6016314162540475,3.655519726389632,-0.06738158591656318,3.5881381404730686,3.7229013123061954,0,0
3,58,-2.7979809571034093,2.6016314162540475,3.5985453503665852,-0.050289273109649209,3.5482560772569358,3.6488346234762346,0,0
4,58,-2.6998061866787286,2.6016314162540475,3.5234358062474307,-0.027756409873902797,3.4956793963735278,3.5511922161213336,0,0
5,58,-2.6016314162540475,2.6016314162540475,3.430914440001088,0,3.430914440001088,3.430914440001088,0,0
6,58,-2.5034566458293663,2.6016314162540475,3.3218722829618335,0.032712647111776301,3.3545849300736097,3.2891596358500572,0,0
7,58,-2.4052818754046852,2.6016314162540475,3.1973594707104618,0.070066490787187866,3.2674259614976497,3.1272929799232738,0,0
8,58,-2.3071071049800045,2.6016314162540475,3.0585751296945807,0.11170179309195213,3.1702769227865328,2.9468733366026285,0,0
9,58,-2.2089323345553233,2.6016314162540475,2.9068558289854107,0.15721758330470317,3.0640734122901141,2.7496382456807074,0,0
10,58,-2.1107575641306422,2.6016314162540475,2.7436627083869873,0.20617551948423021,2.9498382278712176,2.537487188902757,0,0
11,58,-2.0125827937059615,2.6016314162540475,2.5705674068611084,0.25810410994199384,2.8286715168031025,2.3124632969191143,0,1.6653345369377348e-16
12,58,-1.9144080232812801,2.6016314162540475,2.3892369267849838,0.31250325396483125,2.7017401807498151,2.0767336728201524,0,2.0150547896946591e-14
13,58,-1.8162332528565992,2.6016314162540475,2.2014175798070719,0.36884905805820484,2.5702666378652768,1.832568521748867,0,2.6635360583782131e-12
14,58,-1.7180584824319181,2.6016314162540475,2.0089181689112672,0.42659888132694623,2.4355170502382135,1.5823192875843208,0,3.9727765521746505e-10
15,58,-1.6198837120072371,2.6016314162540475,1.81359256865538,0.48519656140371237,2.2987891300590926,1.3283960072516676,2.2204460492503131e-16,6.3774002856398226e-08
16,58,-1.521708941582556,2.6016314162540475,1.6173218713457078,0.544077770596614,2.1613996419423218,1.0732441007490938,3.7192471324942744e-15,1.0492052343380465e-05
17,58,-1.4235341711578751,2.6016314162540475,1.4219962710898204,0.60267545067338024,2.0246717217632009,0.81932082041644017,5.7120974616964304e-14,0.0016814491422725286
18,58,-1.3253594007331939,2.6016314162540475,1.2294968601940162,0.66042527394212158,1.8899221341361376,0.56907158625189458,8.4582341131067551e-13,0.20077915686472703
19,58,-1.227184630308513,2.6016314162540475,1.0416775132161038,0.71677107803549522,1.758448591251599,0.32490643518060858,1.1728840121350004e-11,0.97074096641805785
20,58,-1.1290098598838321,2.6016314162540475,0.86034703313998007,0.77117022205833241,1.6315172551983124,0.089176811081647656,1.4851353480338503e-10,0.99972990421716434
21,58,-1.0308350894591509,2.6016314162540475,0.68725173161410069,0.82309881251609618,1.5103505441301968,-0.13584708090199549,1.6757401577471853e-09,0.99999700013904258
22,58,-0.93266031903446978,2.6016314162540475,0.52405861101567708,0.87205674869562333,1.3961153597113003,-0.34799813767994625,1.6460418583719161e-08,0.99999995690947907
23,58,-0.83448554860978863,2.6016314162540475,0.37233931030650691,0.91757253890837431,1.2899118492148811,-0.5452332286018674,1.3769329543222852e-07,0.99999999916589721
24,58,-0.73631077818510793,2.6016314162540475,0.23355496929062602,0.95920784121313862,1.1927628105037646,-0.7256528719225126,9.6103292140936603e-07,0.99999999997739963
25,58,-0.63813600776042678,2.6016314162540475,0.10904215703925413,0.99656168488855013,1.1056038419278043,-0.887519527849296,5.4927455277464787e-06,0.99999999999911249
26,58,-0.53996123733574564,2.6016314162540475,-2.2204460492503131e-16,1.0292743320003266,1.0292743320003264,-1.0292743320003268,2.5279622540508306e-05,0.99999999999994782
27,58,-0.44178646691106449,2.6016314162540475,-0.092521366246342884,1.0570307418742291,0.96450937562788619,-1.149552108120572,9.2317223163440598e-05,0.99999999999999534
28,58,-0.34361169648638379,2.6016314162540475,-0.16763091036549738,1.0795636051099755,0.91193269474447813,-1.2471945154754729,0.00026416990040134536,0.99999999999999933
29,58,-0.24543692606170264,2.6016314162540475,-0.22460528638854393,1.0966559179168895,0.87205063152834561,-1.3212612043054335,0.00058634679134350609,0.99999999999999978
30,58,-0.1472621556370215,2.6016314162540475,-0.26289579992901801,1.1081430719790317,0.84524727205001371,-1.3710388719080497,0.0010018091612354341,1
31,58,-0.049087385212340351,2.6016314162540475,-0.2821336924098008,1.1139144397232668,0.83178074731346596,-1.3960481321330676,0.0013110501042951084,1
32,58,0.049087385212340351,2.6016314162540475,-0.2821336924098008,1.1139144397232668,0.83178074731346596,-1.3960481321330676,0.0013110501042951084,1
33,58,0.1472621556370215,2.6016314162540475,-0.26289579992901801,1.1081430719790317,0.84524727205001371,-1.3710388719080497,0.0010018091612354341,1
34,58,0.24543692606170264,2.6016314162540475,-0.22460528638854393,1.0966559179168895,0.87205063152834561,-1.3212612043054335,0.00058634679134350609,0.99999999999999978
35,58,0.34361169648638379,2.6016314162540475,-0.16763091036549738,1.0795636051099755,0.91193269474447813,-1.2471945154754729,0.00026416990040134536,0.99999999999999933
36,58,0.44178646691106449,2.6016314162540475,-0.092521366246342884,1.0570307418742291,0.96450937562788619,-1.149552108120572,9.2317223163440598e-05,0.99999999999999534
37,58,0.53996123733574564,2.6016314162540475,-2.2204460492503131e-16,1.0292743320003266,1.0292743320003264,-1.0292743320003268,2.5279622540508306e-05,0.99999999999994782
38,58,0.63813600776042678,2.6016314162540475,0.10904215703925413,0.99656168488855013,1.1056038419278043,-0.887519527849296,5.4927455277464787e-06,0.99999999999911249
39,58,0.73631077818510793,2.6016314162540475,0.23355496929062602,0.95920784121313862,1.1927628105037646,-0.7256528719225126,9.6103292140936603e-07,0.99999999997739963
40,58,0.83448554860978863,2.6016314162540475,0.37233931030650691,0.91757253890837431,1.2899118492148811,-0.5452332286018674,1.3769329543222852e-07,0.99999999916589721
41,58,0.93266031903447022,2.6016314162540475,0.52405861101567797,0.87205674869562311,1.3961153597113012,-0.34799813767994514,1.6460418583719161e-08,0.99999995690947907
42,58,1.0308350894591509,2.6016314162540475,0.68725173161410069,0.82309881251609618,1.5103505441301968,-0.13584708090199549,1.6757401577471853e-09,0.99999700013904258
43,58,1.1290098598838316,2.6016314162540475,0.86034703313997929,0.77117022205833263,1.6315172551983119,0.089176811081646656,1.4851353480338503e-10,0.99972990421716434
44,58,1.2271846303085132,2.6016314162540475,1.0416775132161042,0.71677107803549511,1.7584485912515992,0.32490643518060913,1.1728840121350004e-11,0.97074096641805752
45,58,1.3253594007331939,2.6016314162540475,1.2294968601940162,0.66042527394212158,1.8899221341361376,0.56907158625189458,8.4582341131067551e-13,0.20077915686472703
46,58,1.4235341711578746,2.6016314162540475,1.4219962710898195,0.60267545067338057,2.0246717217632,0.81932082041643894,5.7120974616964304e-14,0.0016814491422725286
47,58,1.5217089415825562,2.6016314162540475,1.6173218713457083,0.54407777059661389,2.1613996419423223,1.0732441007490943,3.7192471324942744e-15,1.0492052343380465e-05
48,58,1.6198837120072369,2.6016314162540475,1.8135925686553795,0.48519656140371253,2.2987891300590921,1.328396007251667,2.2204460492503131e-16,6.3774002856398226e-08
49,58,1.7180584824319185,2.6016314162540475,2.0089181689112681,0.42659888132694596,2.435517050238214,1.5823192875843222,0,3.9727765521746505e-10
50,58,1.8162332528565992,2.6016314162540475,2.2014175798070719,0.36884905805820484,2.5702666378652768,1.832568521748867,0,2.6635360583782131e-12
51,58,1.9144080232812799,2.6016314162540475,2.3892369267849833,0.31250325396483142,2.7017401807498147,2.076733672820152,0,2.0150547896946591e-14
52,58,2.0125827937059615,2.6016314162540475,2.5705674068611084,0.25810410994199384,2.8286715168031025,2.3124632969191143,0,1.6653345369377348e-16
53,58,2.1107575641306422,2.6016314162540475,2.7436627083869873,0.20617551948423021,2.9498382278712176,2.537487188902757,0,0
54,58,2.2089323345553229,2.6016314162540475,2.9068558289854098,0.15721758330470345,3.0640734122901132,2.7496382456807065,0,0
55,58,2.3071071049800045,2.6016314162540475,3.0585751296945807,0.11170179309195213,3.1702769227865328,2.9468733366026285,0,0
56,58,2.4052818754046852,2.6016314162540475,3.1973594707104618,0.070066490787187866,3.2674259614976497,3.1272929799232738,0,0
57,58,2.5034566458293668,2.6016314162540475,3.3218722829618343,0.032712647111776169,3.3545849300736106,3.2891596358500581,0,0
58,58,2.6016314162540475,2.6016314162540475,3.430914440001088,0,3.430914440001088,3.430914440001088,0,0
59,58,2.6998061866787282,2.6016314162540475,3.5234358062474302,-0.027756409873902665,3.4956793963735278,3.5511922161213327,0,0
60,58,2.7979809571034098,2.6016314162540475,3.5985453503665856,-0.050289273109649278,3.5482560772569363,3.648834623476235,0,0
61,58,2.8961557275280905,2.6016314162540475,3.655519726389632,-0.06738158591656318,3.5881381404730686,3.7229013123061954,0,0
62,58,2.9943304979527712,2.6016314162540475,3.693810239930106,-0.078868739978705332,3.6149414999514007,3.7726789799088114,0,0
63,58,3.0925052683774528,2.6016314162540475,3.713048132410889,-0.084640107722940242,3.6284080246879489,3.7976882401338292,0,0
0,59,-3.0925052683774528,2.6998061866787282,3.8055694986572313,-0.056883697849037573,3.7486858008081936,3.8624531965062689,0,0
1,59,-2.9943304979527716,2.6998061866787282,3.7863316061764483,-0.05111233010480274,3.7352192760716454,3.8374439362812511,0,0
2,59,-2.8961557275280905,2.6998061866787282,3.7480410926359742,-0.039625176042660512,3.7084159165933137,3.7876662686786347,0,0
3,59,-2.7979809571034093,2.6998061866787282,3.6910667166129274,-0.022532863235746547,3.668533853377181,3.7135995798486738,0,0
4,59,-2.6998061866787286,2.6998061866787282,3.6159571724937729,-1.3322676295501878e-16,3.6159571724937729,3.6159571724937729,0,0
5,59,-2.6016314162540475,2.6998061866787282,3.5234358062474302,0.027756409873902665,3.5511922161213327,3.4956793963735278,0,0
6,59,-2.5034566458293663,2.6998061866787282,3.4143936492081757,0.060469056985678969,3.4748627061938548,3.3539245922224965,0,0
7,59,-2.4052818754046852,2.6998061866787282,3.289880836956804,0.097822900661090534,3.3877037376178945,3.1920579362957135,0,0
8,59,-2.3071071049800045,2.6998061866787282,3.1510964959409229,0.13945820296585479,3.2905546989067775,3.0116382929750682,0,0
9,59,-2.2089323345553233,2.6998061866787282,2.9993771952317529,0.18497399317860586,3.1843511884103588,2.8144032020531471,0,0
10,59,-2.1107575641306422,2.6998061866787282,2.8361840746333296,0.23393192935813287,3.0701160039914623,2.6022521452751968,0,0
11,59,-2.0125827937059615,2.6998061866787282,2.6630887731074506,0.2858605198158965,2.9489492929233472,2.3772282532915541,0,5.5511151231257827e-17
12,59,-1.9144080232812801,2.6998061866787282,2.481758293031326,0.34025966383873391,2.8220179568700599,2.1414986291925922,0,5.4956039718945249e-15
13,59,-1.8162332528565992,2.6998061866787282,2.2939389460534141,0.39660546793210749,2.6905444139855215,1.8973334781213067,0,7.2930550487626533e-13
14,59,-1.7180584824319181,2.6998061866787282,2.1014395351576094,0.45435529120084889,2.5557948263584582,1.6470842439567606,0,1.0878092870925116e-10
15,59,-1.6198837120072371,2.6998061866787282,1.9061139349017222,0.51295297127761508,2.4190669061793373,1.3931609636241071,0,1.7462339740870192e-08
16,59,-1.521708941582556,2.6998061866787282,1.70984323759205,0.57183418047051671,2.281677418062567,1.1380090571215333,3.3306690738754696e-16,2.872913129337018e-06
17,59,-1.4235341711578751,2.6998061866787282,1.5145176373361626,0.63043186054728295,2.1449494978834456,0.88408577678887967,5.1625370645069779e-15,0.00046097045198034703
18,59,-1.3253594007331939,2.6998061866787282,1.3220182264403584,0.68818168381602418,2.0101999102563823,0.6338365426243342,7.6327832942979512e-14,0.064360458409367882
19,59,-1.227184630308513,2.6998061866787282,1.134198879462446,0.74452748790939793,1.878726367371844,0.38967139155304809,1.0580980536190054e-12,0.9008381432928767
20,59,-1.1290098598838321,2.6998061866787282,0.95286839938632228,0.79892663193223501,1.7517950313185573,0.15394176745408727,1.339822697232762e-11,0.99901429244488571
21,59,-1.0308350894591509,2.6998061866787282,0.77977309786044291,0.85085522238999889,1.6306283202504419,-0.071082124529555979,1.5117751495097309e-10,0.99998904433020619
22,59,-0.93266031903446978,2.6998061866787282,0.6165799772620193,0.89981315856952604,1.5163931358315454,-0.28323318130750674,1.4849826923679643e-09,0.99999984262963282
23,59,-0.83448554860978863,2.6998061866787282,0.46486067655284913,0.94532894878227691,1.410189625335126,-0.48046827222942778,1.2422052442229159e-08,0.99999999695378339
24,59,-0.73631077818510793,2.6998061866787282,0.32607633553696824,0.98696425108704133,1.3130405866240096,-0.66088791555007309,8.6700011614482264e-08,0.99999999991746169
25,59,-0.63813600776042678,2.6998061866787282,0.20156352328559635,1.0243180947624528,1.2258816180480492,-0.82275457147685649,4.9553251907363816e-07,0.99999999999675881
26,59,-0.53996123733574564,2.6998061866787282,0.092521366246341996,1.0570307418742291,1.1495521081205711,-0.96450937562788708,2.2806628283134067e-06,0.99999999999980971
27,59,-0.44178646691106449,2.6998061866787282,-6.6613381477509392e-16,1.0847871517481318,1.0847871517481311,-1.0847871517481324,8.3291315399747212e-06,0.9999999999999829
28,59,-0.34361169648638379,2.6998061866787282,-0.075109544119155158,1.1073200149838782,1.0322104708647231,-1.1824295591030334,2.3837913144308942e-05,0.99999999999999756
29,59,-0.24543692606170264,2.6998061866787282,-0.13208392014220172,1.1244123277907923,0.99232840764859054,-1.256496247932994,5.2925723005303738e-05,0.99999999999999944
30,59,-0.1472621556370215,2.6998061866787282,-0.1703744336826758,1.1358994818529344,0.96552504817025864,-1.3062739155356102,9.0461028118993259e-05,0.99999999999999978
31,59,-0.049087385212340351,2.6998061866787282,-0.18961232616345858,1.1416708495971692,0.95205852343371067,-1.3312831757606278,0.00011841810968427069,0.99999999999999989
32,59,0.049087385212340351,2.6998061866787282,-0.18961232616345858,1.1416708495971692,0.95205852343371067,-1.3312831757606278,0.00011841810968427069,0.99999999999999989
33,59,0.1472621556370215,2.6998061866787282,-0.1703744336826758,1.1358994818529344,0.96552504817025864,-1.3062739155356102,9.0461028118993259e-05,0.99999999999999978
34,59,0.24543692606170264,2.6998061866787282,-0.13208392014220172,1.1244123277907923,0.99232840764859054,-1.256496247932994,5.2925723005303738e-05,0.99999999999999944
35,59,0.34361169648638379,2.6998061866787282,-0.075109544119155158,1.1073200149838782,1.0322104708647231,-1.1824295591030334,2.3837913144308942e-05,0.99999999999999756
36,59,0.44178646691106449,2.6998061866787282,-6.6613381477509392e-16,1.0847871517481318,1.0847871517481311,-1.0847871517481324,8.3291315399747212e-06,0.9999999999999829
37,59,0.53996123733574564,2.6998061866787282,0.092521366246341996,1.0570307418742291,1.1495521081205711,-0.96450937562788708,2.2806628283134067e-06,0.99999999999980971
38,59,0.63813600776042678,2.6998061866787282,0.20156352328559635,1.0243180947624528,1.2258816180480492,-0.82275457147685649,4.9553251907363816e-07,0.99999999999675881
39,59,0.73631077818510793,2.6998061866787282,0.32607633553696824,0.98696425108704133,1.3130405866240096,-0.66088791555007309,8.6700011614482264e-08,0.99999999991746169
40,59,0.83448554860978863,2.6998061866787282,0.46486067655284913,0.94532894878227691,1.410189625335126,-0.48046827222942778,1.2422052442229159e-08,0.99999999695378339
41,59,0.93266031903447022,2.6998061866787282,0.61657997726202018,0.89981315856952571,1.5163931358315459,-0.28323318130750552,1.4849826923679643e-09,0.99999984262963282
42,59,1.0308350894591509,2.6998061866787282,0.77977309786044291,0.85085522238999889,1.6306283202504419,-0.071082124529555979,1.5117751495097309e-10,0.99998904433020619
43,59,1.1290098598838316,2.6998061866787282,0.95286839938632151,0.79892663193223534,1.7517950313185569,0.15394176745408616,1.339822697232762e-11,0.99901429244488582
44,59,1.2271846303085132,2.6998061866787282,1.1341988794624465,0.74452748790939782,1.8787263673718444,0.38967139155304864,1.0580980536190054e-12,0.9008381432928757
45,59,1.3253594007331939,2.6998061866787282,1.3220182264403584,0.68818168381602418,2.0101999102563823,0.6338365426243342,7.6327832942979512e-14,0.064360458409367882
46,59,1.4235341711578746,2.6998061866787282,1.5145176373361617,0.63043186054728317,2.1449494978834451,0.88408577678887856,5.1625370645069779e-15,0.00046097045198034703
47,59,1.5217089415825562,2.6998061866787282,1.7098432375920505,0.5718341804705166,2.281677418062567,1.138009057121534,3.3306690738754696e-16,2.872913129337018e-06
48,59,1.6198837120072369,2.6998061866787282,1.9061139349017218,0.51295297127761519,2.4190669061793368,1.3931609636241067,0,1.7462339740870192e-08
49,59,1.7180584824319185,2.6998061866787282,2.1014395351576103,0.45435529120084861,2.5557948263584587,1.6470842439567617,0,1.0878092870925116e-10
50,59,1.8162332528565992,2.6998061866787282,2.2939389460534141,0.39660546793210749,2.6905444139855215,1.8973334781213067,0,7.2930550487626533e-13
51,59,1.9144080232812799,2.6998061866787282,2.4817582930313256,0.34025966383873407,2.8220179568700594,2.1414986291925917,0,5.4956039718945249e-15
52,59,2.0125827937059615,2.6998061866787282,2.6630887731074506,0.2858605198158965,2.9489492929233472,2.3772282532915541,0,5.5511151231257827e-17
53,59,2.1107575641306422,2.6998061866787282,2.8361840746333296,0.23393192935813287,3.0701160039914623,2.6022521452751968,0,0
54,59,2.2089323345553229,2.6998061866787282,2.9993771952317521,0.18497399317860611,3.1843511884103584,2.8144032020531458,0,0
55,59,2.3071071049800045,2.6998061866787282,3.1510964959409229,0.13945820296585479,3.2905546989067775,3.0116382929750682,0,0
56,59,2.4052818754046852,2.6998061866787282,3.289880836956804,0.097822900661090534,3.3877037376178945,3.1920579362957135,0,0
57,59,2.5034566458293668,2.6998061866787282,3.4143936492081766,0.060469056985678837,3.4748627061938553,3.3539245922224978,0,0
58,59,2.6016314162540475,2.6998061866787282,3.5234358062474302,0.027756409873902665,3.5511922161213327,3.4956793963735278,0,0
59,59,2.6998061866787282,2.6998061866787282,3.6159571724937725,0,3.6159571724937725,3.6159571724937725,0,0
60,59,2.7979809571034098,2.6998061866787282,3.6910667166129278,-0.022532863235746613,3.6685338533771814,3.7135995798486743,0,0
61,59,2.8961557275280905,2.6998061866787282,3.7480410926359742,-0.039625176042660512,3.7084159165933137,3.7876662686786347,0,0
62,59,2.9943304979527712,2.6998061866787282,3.7863316061764483,-0.051112330104802671,3.7352192760716454,3.8374439362812511,0,0
63,59,3.0925052683774528,2.6998061866787282,3.8055694986572313,-0.056883697849037573,3.7486858008081936,3.8624531965062689,0,0
0,60,-3.0925052683774528,2.7979809571034098,3.8806790427763866,-0.034350834613290956,3.8463282081630958,3.9150298773896774,0,0
1,60,-2.9943304979527716,2.7979809571034098,3.8614411502956036,-0.028579466869056123,3.8328616834265476,3.8900206171646596,0,0
2,60,-2.8961557275280905,2.7979809571034098,3.8231506367551296,-0.017092312806913899,3.8060583239482155,3.8402429495620436,0,0
3,60,-2.7979809571034093,2.7979809571034098,3.7661762607320828,6.661338147750939e-17,3.7661762607320828,3.7661762607320828,0,0
4,60,-2.6998061866787286,2.7979809571034098,3.6910667166129283,0.022532863235746482,3.7135995798486747,3.6685338533771819,0,0
5,60,-2.6016314162540475,2.7979809571034098,3.5985453503665856,0.050289273109649278,3.648834623476235,3.5482560772569363,0,0
6,60,-2.5034566458293663,2.7979809571034098,3.4895031933273311,0.083001920221425579,3.5725051135487567,3.4065012731059054,0,0
7,60,-2.4052818754046852,2.7979809571034098,3.3649903810759594,0.12035576389683715,3.4853461449727967,3.244634617179122,0,0
8,60,-2.3071071049800045,2.7979809571034098,3.2262060400600783,0.16199106620160142,3.3881971062616798,3.0642149738584767,0,0
9,60,-2.2089323345553233,2.7979809571034098,3.0744867393509083,0.20750685641435246,3.2819935957652606,2.866979882936556,0,0
10,60,-2.1107575641306422,2.7979809571034098,2.9112936187524849,0.2564647925938795,3.1677584113463646,2.6548288261586053,0,0
11,60,-2.0125827937059615,2.7979809571034098,2.738198317226606,0.30839338305164316,3.046591700278249,2.429804934174963,0,0
12,60,-1.9144080232812801,2.7979809571034098,2.5568678371504814,0.36279252707448056,2.9196603642249621,2.1940753100760007,0,1.9428902930940239e-15
13,60,-1.8162332528565992,2.7979809571034098,2.3690484901725695,0.41913833116785409,2.7881868213404237,1.9499101590047154,0,2.5485169530270468e-13
14,60,-1.7180584824319181,2.7979809571034098,2.1765490792767648,0.47688815443659549,2.65343723371336,1.6996609248401693,0,3.8008207692286078e-11
15,60,-1.6198837120072371,2.7979809571034098,1.9812234790208776,0.53548583451336162,2.5167093135342391,1.4457376445075161,0,6.1013675778376353e-09
16,60,-1.521708941582556,2.7979809571034098,1.7849527817112054,0.59436704370626336,2.3793198254174688,1.1905857380049421,5.5511151231257827e-17,1.0038020034075501e-06
17,60,-1.4235341711578751,2.7979809571034098,1.589627181455318,0.6529647237830295,2.2425919052383474,0.93666245767228851,7.2164496600635175e-16,0.00016111208122510101
18,60,-1.3253594007331939,2.7979809571034098,1.3971277705595138,0.71071454705177084,2.1078423176112846,0.68641322350774292,1.0824674490095276e-14,0.023470412360307169
19,60,-1.227184630308513,2.7979809571034098,1.2093084235816014,0.76706035114514448,1.9763687747267458,0.44224807243645692,1.5010215292932116e-13,0.76043002518334957
20,60,-1.1290098598838321,2.7979809571034098,1.0279779435054777,0.82145949516798167,1.8494374386734593,0.206518448337496,1.9008128404607305e-12,0.99718403696786384
21,60,-1.0308350894591509,2.7979809571034098,0.85488264197959829,0.87338808562574544,1.7282707276053437,-0.018505443646147146,2.1447454923162468e-11,0.99996864510705641
22,60,-0.93266031903446978,2.7979809571034098,0.69168952138117468,0.92234602180527259,1.6140355431864473,-0.23065650042409791,2.1067364519566922e-10,0.99999954960031467
23,60,-0.83448554860978863,2.7979809571034098,0.53997022067200451,0.96786181201802357,1.5078320326900281,-0.42789159134601906,1.7623095205365757e-09,0.9999999912816151
24,60,-0.73631077818510793,2.7979809571034098,0.40118587965612362,1.009497114322788,1.4106829939789116,-0.60831123466666437,1.2300082175009663e-08,0.9999999997637723
25,60,-0.63813600776042678,2.7979809571034098,0.27667306740475173,1.0468509579981995,1.3235240254029512,-0.77017789059344777,7.030094623106109e-08,0.99999999999072364
26,60,-0.53996123733574564,2.7979809571034098,0.16763091036549738,1.0795636051099757,1.2471945154754731,-0.91193269474447836,3.2355697010544304e-07,0.99999999999945532
27,60,-0.44178646691106449,2.7979809571034098,0.075109544119154714,1.1073200149838784,1.1824295591030332,-1.0322104708647237,1.1816575949397112e-06,0.99999999999995093
28,60,-0.34361169648638379,2.7979809571034098,2.2204460492503131e-16,1.1298528782196249,1.1298528782196251,-1.1298528782196247,3.3819403459367514e-06,0.99999999999999301
29,60,-0.24543692606170264,2.7979809571034098,-0.056974376023046336,1.1469451910265389,1.0899708150034926,-1.2039195670495852,7.5088832199310396e-06,0.99999999999999845
30,60,-0.1472621556370215,2.7979809571034098,-0.095264889563520416,1.1584323450886811,1.0631674555251607,-1.2536972346522015,1.2834650872262099e-05,0.99999999999999933
31,60,-0.049087385212340351,2.7979809571034098,-0.1145027820443032,1.1642037128329159,1.0497009307886127,-1.2787064948772191,1.6801617145456582e-05,0.99999999999999967
32,60,0.049087385212340351,2.7979809571034098,-0.1145027820443032,1.1642037128329159,1.0497009307886127,-1.2787064948772191,1.6801617145456582e-05,0.99999999999999967
33,60,0.1472621556370215,2.7979809571034098,-0.095264889563520416,1.1584323450886811,1.0631674555251607,-1.2536972346522015,1.2834650872262099e-05,0.99999999999999933
34,60,0.24543692606170264,2.7979809571034098,-0.056974376023046336,1.1469451910265389,1.0899708150034926,-1.2039195670495852,7.5088832199310396e-06,0.99999999999999845
35,60,0.34361169648638379,2.7979809571034098,2.2204460492503131e-16,1.1298528782196249,1.1298528782196251,-1.1298528782196247,3.3819403459367514e-06,0.99999999999999301
36,60,0.44178646691106449,2.7979809571034098,0.075109544119154714,1.1073200149838784,1.1824295591030332,-1.0322104708647237,1.1816575949397112e-06,0.99999999999995093
37,60,0.53996123733574564,2.7979809571034098,0.16763091036549738,1.0795636051099757,1.2471945154754731,-0.91193269474447836,3.2355697010544304e-07,0.99999999999945532
38,60,0.63813600776042678,2.7979809571034098,0.27667306740475173,1.0468509579981995,1.3235240254029512,-0.77017789059344777,7.030094623106109e-08,0.99999999999072364
39,60,0.73631077818510793,2.7979809571034098,0.40118587965612362,1.009497114322788,1.4106829939789116,-0.60831123466666437,1.2300082175009663e-08,0.9999999997637723
40,60,0.83448554860978863,2.7979809571034098,0.53997022067200451,0.96786181201802357,1.5078320326900281,-0.42789159134601906,1.7623095205365757e-09,0.9999999912816151
41,60,0.93266031903447022,2.7979809571034098,0.69168952138117556,0.92234602180527236,1.6140355431864479,-0.2306565004240968,2.1067364519566922e-10,0.99999954960031467
42,60,1.0308350894591509,2.7979809571034098,0.85488264197959829,0.87338808562574544,1.7282707276053437,-0.018505443646147146,2.1447454923162468e-11,0.99996864510705641
43,60,1.1290098598838316,2.7979809571034098,1.0279779435054768,0.82145949516798189,1.8494374386734587,0.20651844833749489,1.9008128404607305e-12,0.99718403696786395
44,60,1.2271846303085132,2.7979809571034098,1.2093084235816018,0.76706035114514437,1.9763687747267462,0.44224807243645747,1.5010215292932116e-13,0.76043002518334757
45,60,1.3253594007331939,2.7979809571034098,1.3971277705595138,0.71071454705177084,2.1078423176112846,0.68641322350774292,1.0824674490095276e-14,0.023470412360307169
46,60,1.4235341711578746,2.7979809571034098,1.5896271814553171,0.65296472378302983,2.2425919052383469,0.93666245767228729,7.2164496600635175e-16,0.00016111208122510101
47,60,1.5217089415825562,2.7979809571034098,1.7849527817112059,0.59436704370626314,2.3793198254174692,1.1905857380049427,5.5511151231257827e-17,1.0038020034075501e-06
48,60,1.6198837120072369,2.7979809571034098,1.9812234790208771,0.53548583451336185,2.5167093135342391,1.4457376445075152,0,6.1013675778376353e-09
49,60,1.7180584824319185,2.7979809571034098,2.1765490792767657,0.47688815443659527,2.6534372337133609,1.6996609248401704,0,3.8008207692286078e-11
50,60,1.8162332528565992,2.7979809571034098,2.3690484901725695,0.41913833116785409,2.7881868213404237,1.9499101590047154,0,2.5485169530270468e-13
51,60,1.9144080232812799,2.7979809571034098,2.5568678371504809,0.36279252707448068,2.9196603642249617,2.1940753100760002,0,1.9428902930940239e-15
52,60,2.0125827937059615,2.7979809571034098,2.738198317226606,0.30839338305164316,3.046591700278249,2.429804934174963,0,0
53,60,2.1107575641306422,2.7979809571034098,2.9112936187524849,0.2564647925938795,3.1677584113463646,2.6548288261586053,0,0
54,60,2.2089323345553229,2.7979809571034098,3.0744867393509074,0.20750685641435274,3.2819935957652602,2.8669798829365547,0,0
55,60,2.3071071049800045,2.7979809571034098,3.2262060400600783,0.16199106620160142,3.3881971062616798,3.0642149738584767,0,0
56,60,2.4052818754046852,2.7979809571034098,3.3649903810759594,0.12035576389683715,3.4853461449727967,3.244634617179122,0,0
57,60,2.5034566458293668,2.7979809571034098,3.4895031933273319,0.083001920221425454,3.5725051135487575,3.4065012731059063,0,0
58,60,2.6016314162540475,2.7979809571034098,3.5985453503665856,0.050289273109649278,3.648834623476235,3.5482560772569363,0,0
59,60,2.6998061866787282,2.7979809571034098,3.6910667166129278,0.022532863235746613,3.7135995798486743,3.6685338533771814,0,0
60,60,2.7979809571034098,2.7979809571034098,3.7661762607320832,0,3.7661762607320832,3.7661762607320832,0,0
61,60,2.8961557275280905,2.7979809571034098,3.8231506367551296,-0.017092312806913899,3.8060583239482155,3.8402429495620436,0,0
62,60,2.9943304979527712,2.7979809571034098,3.8614411502956036,-0.028579466869056058,3.8328616834265476,3.8900206171646596,0,0
63,60,3.0925052683774528,2.7979809571034098,3.8806790427763866,-0.034350834613290956,3.8463282081630958,3.9150298773896774,0,0
0,61,-3.0925052683774528,2.8961557275280905,3.9376534187994325,-0.017258521806377058,3.9203948969930553,3.9549119406058098,0,0
1,61,-2.9943304979527716,2.8961557275280905,3.91841552631865,-0.011487154062142223,3.9069283722565076,3.9299026803807924,0,0
2,61,-2.8961557275280905,2.8961557275280905,3.8801250127781759,0,3.8801250127781759,3.8801250127781759,0,0
3,61,-2.7979809571034093,2.8961557275280905,3.8231506367551296,0.017092312806913968,3.8402429495620436,3.8060583239482155,0,0
4,61,-2.6998061866787286,2.8961557275280905,3.7480410926359746,0.03962517604266038,3.7876662686786351,3.7084159165933142,0,0
5,61,-2.6016314162540475,2.8961557275280905,3.655519726389632,0.06738158591656318,3.7229013123061954,3.5881381404730686,0,0
6,61,-2.5034566458293663,2.8961557275280905,3.5464775693503778,0.10009423302833949,3.6465718023787175,3.4463833363220382,0,0
7,61,-2.4052818754046852,2.8961557275280905,3.4219647570990057,0.13744807670375106,3.5594128338027566,3.2845166803952548,0,0
8,61,-2.3071071049800045,2.8961557275280905,3.2831804160831251,0.17908337900851531,3.4622637950916402,3.1040970370746099,0,0
9,61,-2.2089323345553233,2.8961557275280905,3.1314611153739547,0.22459916922126635,3.356060284595221,2.9068619461526883,0,0
10,61,-2.1107575641306422,2.8961557275280905,2.9682679947755313,0.27355710540079337,3.2418251001763245,2.694710889374738,0,0
11,61,-2.0125827937059615,2.8961557275280905,2.7951726932496523,0.32548569585855708,3.1206583891082094,2.4696869973910953,0,0
12,61,-1.9144080232812801,2.8961557275280905,2.6138422131735277,0.37988483988139443,2.993727053054922,2.2339573732921334,0,8.8817841970012523e-16
13,61,-1.8162332528565992,2.8961557275280905,2.4260228661956158,0.43623064397476802,2.8622535101703837,1.9897922222208477,0,1.1479706074624119e-13
14,61,-1.7180584824319181,2.8961557275280905,2.2335234552998111,0.49398046724350941,2.7275039225433204,1.7395429880563018,0,1.7118528816695289e-11
15,61,-1.6198837120072371,2.8961557275280905,2.0381978550439239,0.55257814732027555,2.5907760023641995,1.4856197077236484,0,2.7479953312870009e-09
16,61,-1.521708941582556,2.8961557275280905,1.8419271577342518,0.61145935651317729,2.4533865142474292,1.2304678012210744,0,4.5210269727924413e-07
17,61,-1.4235341711578751,2.8961557275280905,1.6466015574783643,0.67005703658994342,2.3166585940683078,0.97654452088842092,1.6653345369377348e-16,7.2569706423442071e-05
18,61,-1.3253594007331939,2.8961557275280905,1.4541021465825601,0.72780685985868476,2.181909006441245,0.72629528672387533,2.4424906541753444e-15,0.010708981788913552
19,61,-1.227184630308513,2.8961557275280905,1.2662827996046477,0.7841526639520584,2.0504354635567061,0.48213013565258933,3.4139358007223564e-14,0.58841024493396354
20,61,-1.1290098598838321,2.8961557275280905,1.084952319528524,0.83855180797489559,1.9235041275034197,0.24640051155362841,4.3209880118411093e-13,0.99376913509449993
21,61,-1.0308350894591509,2.8961557275280905,0.91185701800264463,0.89048039843265936,1.8023374164353041,0.021376619569985267,4.8757664572463e-12,0.99993038546843449
22,61,-0.93266031903446978,2.8961557275280905,0.74866389740422101,0.9394383346121864,1.6881022320164074,-0.19077443720796539,4.7893355947792315e-11,0.99999899997918607
23,61,-0.83448554860978863,2.8961557275280905,0.59694459669505084,0.98495412482493749,1.5818987215199884,-0.38800952812988665,4.0063335982054582e-10,0.99999998064259077
24,61,-0.73631077818510793,2.8961557275280905,0.45816025567916996,1.0265894271297016,1.4847496828088715,-0.56842917145053162,2.7962302473483192e-09,0.999999999475504
25,61,-0.63813600776042678,2.8961557275280905,0.33364744342779806,1.0639432708051133,1.3975907142329114,-0.73029582737731524,1.5981815371102215e-08,0.99999999997940381
26,61,-0.53996123733574564,2.8961557275280905,0.22460528638854371,1.0966559179168895,1.3212612043054333,-0.87205063152834583,7.3555606938668916e-08,0.99999999999879075
27,61,-0.44178646691106449,2.8961557275280905,0.13208392014220105,1.1244123277907925,1.2564962479329935,-0.99232840764859143,2.6863151547651398e-07,0.99999999999989098
28,61,-0.34361169648638379,2.8961557275280905,0.056974376023046558,1.1469451910265389,1.2039195670495855,-1.0899708150034924,7.6883295874186075e-07,0.99999999999998446
29,61,-0.24543692606170264,2.8961557275280905,-0,1.1640375038334527,1.1640375038334527,-1.1640375038334527,1.7070364114468717e-06,0.99999999999999645
30,61,-0.1472621556370215,2.8961557275280905,-0.03829051354047408,1.1755246578955949,1.1372341443551208,-1.213815171436069,2.9177849599770767e-06,0.99999999999999867
31,61,-0.049087385212340351,2.8961557275280905,-0.057528406021256862,1.1812960256398297,1.1237676196185729,-1.2388244316610866,3.8196330047757243e-06,0.99999999999999922
32,61,0.049087385212340351,2.8961557275280905,-0.057528406021256862,1.1812960256398297,1.1237676196185729,-1.2388244316610866,3.8196330047757243e-06,0.99999999999999922
33,61,0.1472621556370215,2.8961557275280905,-0.03829051354047408,1.1755246578955949,1.1372341443551208,-1.213815171436069,2.9177849599770767e-06,0.99999999999999867
34,61,0.24543692606170264,2.8961557275280905,-0,1.1640375038334527,1.1640375038334527,-1.1640375038334527,1.7070364114468717e-06,0.99999999999999645
35,61,0.34361169648638379,2.8961557275280905,0.056974376023046558,1.1469451910265389,1.2039195670495855,-1.0899708150034924,7.6883295874186075e-07,0.99999999999998446
36,61,0.44178646691106449,2.8961557275280905,0.13208392014220105,1.1244123277907925,1.2564962479329935,-0.99232840764859143,2.6863151547651398e-07,0.99999999999989098
37,61,0.53996123733574564,2.8961557275280905,0.22460528638854371,1.0966559179168895,1.3212612043054333,-0.87205063152834583,7.3555606938668916e-08,0.99999999999879075
38,61,0.63813600776042678,2.8961557275280905,0.33364744342779806,1.0639432708051133,1.3975907142329114,-0.73029582737731524,1.5981815371102215e-08,0.99999999997940381
39,61,0.73631077818510793,2.8961557275280905,0.45816025567916996,1.0265894271297016,1.4847496828088715,-0.56842917145053162,2.7962302473483192e-09,0.999999999475504
40,61,0.83448554860978863,2.8961557275280905,0.59694459669505084,0.98495412482493749,1.5818987215199884,-0.38800952812988665,4.0063335982054582e-10,0.99999998064259077
41,61,0.93266031903447022,2.8961557275280905,0.7486638974042219,0.93943833461218607,1.6881022320164081,-0.19077443720796416,4.7893355947792315e-11,0.99999899997918607
42,61,1.0308350894591509,2.8961557275280905,0.91185701800264463,0.89048039843265936,1.8023374164353041,0.021376619569985267,4.8757664572463e-12,0.99993038546843449
43,61,1.1290098598838316,2.8961557275280905,1.0849523195285231,0.83855180797489581,1.9235041275034188,0.2464005115536273,4.3209880118411093e-13,0.99376913509450004
44,61,1.2271846303085132,2.8961557275280905,1.2662827996046482,0.78415266395205829,2.0504354635567066,0.48213013565258989,3.4139358007223564e-14,0.58841024493396088
45,61,1.3253594007331939,2.8961557275280905,1.4541021465825601,0.72780685985868476,2.181909006441245,0.72629528672387533,2.4424906541753444e-15,0.010708981788913552
46,61,1.4235341711578746,2.8961557275280905,1.6466015574783635,0.67005703658994376,2.3166585940683073,0.9765445208884197,1.6653345369377348e-16,7.2569706423442071e-05
47,61,1.5217089415825562,2.8961557275280905,1.8419271577342522,0.61145935651317718,2.4533865142474296,1.230467801221075,0,4.5210269727924413e-07
48,61,1.6198837120072369,2.8961557275280905,2.0381978550439235,0.55257814732027566,2.590776002364199,1.4856197077236479,0,2.7479953312870009e-09
49,61,1.7180584824319185,2.8961557275280905,2.233523455299812,0.49398046724350914,2.7275039225433213,1.7395429880563029,0,1.7118528816695289e-11
50,61,1.8162332528565992,2.8961557275280905,2.4260228661956158,0.43623064397476802,2.8622535101703837,1.9897922222208477,0,1.1479706074624119e-13
51,61,1.9144080232812799,2.8961557275280905,2.6138422131735273,0.3798848398813946,2.993727053054922,2.2339573732921325,0,8.8817841970012523e-16
52,61,2.0125827937059615,2.8961557275280905,2.7951726932496523,0.32548569585855708,3.1206583891082094,2.4696869973910953,0,0
53,61,2.1107575641306422,2.8961557275280905,2.9682679947755313,0.27355710540079337,3.2418251001763245,2.694710889374738,0,0
54,61,2.2089323345553229,2.8961557275280905,3.1314611153739538,0.22459916922126663,3.3560602845952205,2.906861946152687,0,0
55,61,2.3071071049800045,2.8961557275280905,3.2831804160831251,0.17908337900851531,3.4622637950916402,3.1040970370746099,0,0
56,61,2.4052818754046852,2.8961557275280905,3.4219647570990057,0.13744807670375106,3.5594128338027566,3.2845166803952548,0,0
57,61,2.5034566458293668,2.8961557275280905,3.5464775693503778,0.10009423302833935,3.646571802378717,3.4463833363220386,0,0
58,61,2.6016314162540475,2.8961557275280905,3.655519726389632,0.06738158591656318,3.7229013123061954,3.5881381404730686,0,0
59,61,2.6998061866787282,2.8961557275280905,3.7480410926359742,0.039625176042660512,3.7876662686786347,3.7084159165933137,0,0
60,61,2.7979809571034098,2.8961557275280905,3.8231506367551296,0.017092312806913899,3.8402429495620436,3.8060583239482155,0,0
61,61,2.8961557275280905,2.8961557275280905,3.8801250127781759,0,3.8801250127781759,3.8801250127781759,0,0
62,61,2.9943304979527712,2.8961557275280905,3.9184155263186495,-0.011487154062142157,3.9069283722565076,3.9299026803807915,0,0
63,61,3.0925052683774528,2.8961557275280905,3.9376534187994325,-0.017258521806377058,3.9203948969930553,3.9549119406058098,0,0
0,62,-3.0925052683774528,2.9943304979527712,3.9759439323399066,-0.0057713677442349006,3.9701725645956718,3.9817153000841414,0,0
1,62,-2.9943304979527716,2.9943304979527712,3.9567060398591236,-6.661338147750939e-17,3.9567060398591236,3.9567060398591236,0,0
2,62,-2.8961557275280905,2.9943304979527712,3.9184155263186495,0.011487154062142157,3.9299026803807915,3.9069283722565076,0,0
3,62,-2.7979809571034093,2.9943304979527712,3.8614411502956032,0.028579466869056123,3.8900206171646592,3.8328616834265472,0,0
4,62,-2.6998061866787286,2.9943304979527712,3.7863316061764483,0.051112330104802539,3.8374439362812507,3.7352192760716458,0,0
5,62,-2.6016314162540475,2.9943304979527712,3.693810239930106,0.078868739978705332,3.7726789799088114,3.6149414999514007,0,0
6,62,-2.5034566458293663,2.9943304979527712,3.5847680828908515,0.11158138709048164,3.6963494699813331,3.4731866958003699,0,0
7,62,-2.4052818754046852,2.9943304979527712,3.4602552706394798,0.14893523076589321,3.6091905014053731,3.3113200398735865,0,0
8,62,-2.3071071049800045,2.9943304979527712,3.3214709296235987,0.19057053307065747,3.5120414626942562,3.1309003965529412,0,0
9,62,-2.2089323345553233,2.9943304979527712,3.1697516289144287,0.23608632328340851,3.405837952197837,2.9336653056310205,0,0
10,62,-2.1107575641306422,2.9943304979527712,3.0065585083160054,0.28504425946293555,3.291602767778941,2.7215142488530697,0,0
11,62,-2.0125827937059615,2.9943304979527712,2.8334632067901264,0.33697284992069915,3.1704360567108254,2.4964903568694274,0,0
12,62,-1.9144080232812801,2.9943304979527712,2.6521327267140018,0.39137199394353656,3.0435047206575385,2.2607607327704651,0,4.9960036108132044e-16
13,62,-1.8162332528565992,2.9943304979527712,2.4643133797360894,0.44771779803691025,2.9120311777729997,2.0165955816991792,0,6.7168492989821971e-14
14,62,-1.7180584824319181,2.9943304979527712,2.2718139688402852,0.50546762130565148,2.7772815901459369,1.7663463475346337,0,1.0015099860538612e-11
15,62,-1.6198837120072371,2.9943304979527712,2.076488368584398,0.56406530138241773,2.640553669966816,1.5124230672019803,0,1.6076998621272764e-09
16,62,-1.521708941582556,2.9943304979527712,1.8802176712747256,0.62294651057531936,2.5031641818500452,1.2572711606994063,0,2.6450029283475729e-07
17,62,-1.4235341711578751,2.9943304979527712,1.6848920710188384,0.68154419065208549,2.3664362616709238,1.003347880366753,5.5511151231257827e-17,4.2457793651418108e-05
18,62,-1.3253594007331939,2.9943304979527712,1.4923926601230337,0.73929401392082694,2.2316866740438606,0.75309864620220679,8.8817841970012523e-16,0.0062931973978621603
19,62,-1.227184630308513,2.9943304979527712,1.3045733131451218,0.79563981801420047,2.1002131311593222,0.50893349513092134,1.2601031329495527e-14,0.45545097264484985
20,62,-1.1290098598838321,2.9943304979527712,1.1232428330689979,0.85003896203703766,1.9732817951060355,0.2732038710319602,1.5965007094109751e-13,0.98939662120645733
21,62,-1.0308350894591509,2.9943304979527712,0.95014753154311848,0.90196755249480154,1.8521150840379201,0.048179979048316945,1.801669924361704e-12,0.99988101574807375
22,62,-0.93266031903446978,2.9943304979527712,0.78695441094469487,0.95092548867432858,1.7378798996190234,-0.16397107772963371,1.7697510124037308e-11,0.99999829069424973
23,62,-0.83448554860978863,2.9943304979527712,0.6352351102355247,0.99644127888707967,1.6316763891226045,-0.36120616865155497,1.4804157899561687e-10,0.99999996691293469
24,62,-0.73631077818510793,2.9943304979527712,0.49645076921964382,1.038076581191844,1.5345273504114878,-0.54162581197220017,1.0332599775786377e-09,0.99999999910349402
25,62,-0.63813600776042678,2.9943304979527712,0.37193795696827192,1.0754304248672555,1.4473683818355274,-0.70349246789898356,5.905583133625214e-09,0.99999999996479549
26,62,-0.53996123733574564,2.9943304979527712,0.26289579992901757,1.1081430719790317,1.3710388719080493,-0.84524727205001415,2.7180189265951782e-08,0.99999999999793299
27,62,-0.44178646691106449,2.9943304979527712,0.17037443368267491,1.1358994818529347,1.3062739155356096,-0.96552504817025975,9.9264442665614183e-08,0.99999999999981348
28,62,-0.34361169648638379,2.9943304979527712,0.095264889563520416,1.1584323450886809,1.2536972346522013,-1.0631674555251605,2.8409845759247432e-07,0.99999999999997358
29,62,-0.24543692606170264,2.9943304979527712,0.038290513540473858,1.1755246578955949,1.2138151714360688,-1.137234144355121,6.3078291967499922e-07,0.999999999999994
30,62,-0.1472621556370215,2.9943304979527712,-2.2204460492503131e-16,1.1870118119577371,1.1870118119577369,-1.1870118119577373,1.0781787128655296e-06,0.99999999999999778
31,62,-0.049087385212340351,2.9943304979527712,-0.019237892480783003,1.1927831797019719,1.1735452872211889,-1.2120210721827549,1.4114300384560075e-06,0.99999999999999867
32,62,0.049087385212340351,2.9943304979527712,-0.019237892480783003,1.1927831797019719,1.1735452872211889,-1.2120210721827549,1.4114300384560075e-06,0.99999999999999867
33,62,0.1472621556370215,2.9943304979527712,-2.2204460492503131e-16,1.1870118119577371,1.1870118119577369,-1.1870118119577373,1.0781787128655296e-06,0.99999999999999778
34,62,0.24543692606170264,2.9943304979527712,0.038290513540473858,1.1755246578955949,1.2138151714360688,-1.137234144355121,6.3078291967499922e-07,0.999999999999994
35,62,0.34361169648638379,2.9943304979527712,0.095264889563520416,1.1584323450886809,1.2536972346522013,-1.0631674555251605,2.8409845759247432e-07,0.99999999999997358
36,62,0.44178646691106449,2.9943304979527712,0.17037443368267491,1.1358994818529347,1.3062739155356096,-0.96552504817025975,9.9264442665614183e-08,0.99999999999981348
37,62,0.53996123733574564,2.9943304979527712,0.26289579992901757,1.1081430719790317,1.3710388719080493,-0.84524727205001415,2.7180189265951782e-08,0.99999999999793299
38,62,0.63813600776042678,2.9943304979527712,0.37193795696827192,1.0754304248672555,1.4473683818355274,-0.70349246789898356,5.905583133625214e-09,0.99999999996479549
39,62,0.73631077818510793,2.9943304979527712,0.49645076921964382,1.038076581191844,1.5345273504114878,-0.54162581197220017,1.0332599775786377e-09,0.99999999910349402
40,62,0.83448554860978863,2.9943304979527712,0.6352351102355247,0.99644127888707967,1.6316763891226045,-0.36120616865155497,1.4804157899561687e-10,0.99999996691293469
41,62,0.93266031903447022,2.9943304979527712,0.78695441094469576,0.95092548867432836,1.7378798996190241,-0.1639710777296326,1.7697510124037308e-11,0.99999829069424973
42,62,1.0308350894591509,2.9943304979527712,0.95014753154311848,0.90196755249480154,1.8521150840379201,0.048179979048316945,1.801669924361704e-12,0.99988101574807375
43,62,1.1290098598838316,2.9943304979527712,1.1232428330689972,0.85003896203703788,1.9732817951060351,0.27320387103195931,1.5965007094109751e-13,0.98939662120645755
44,62,1.2271846303085132,2.9943304979527712,1.3045733131451223,0.79563981801420036,2.1002131311593226,0.5089334951309219,1.2601031329495527e-14,0.45545097264484713
45,62,1.3253594007331939,2.9943304979527712,1.4923926601230337,0.73929401392082694,2.2316866740438606,0.75309864620220679,8.8817841970012523e-16,0.0062931973978621603
46,62,1.4235341711578746,2.9943304979527712,1.6848920710188375,0.68154419065208582,2.3664362616709234,1.0033478803667517,5.5511151231257827e-17,4.2457793651418108e-05
47,62,1.5217089415825562,2.9943304979527712,1.8802176712747261,0.62294651057531925,2.5031641818500452,1.2572711606994069,0,2.6450029283475729e-07
48,62,1.6198837120072369,2.9943304979527712,2.0764883685843976,0.56406530138241784,2.6405536699668155,1.5124230672019796,0,1.6076998621272764e-09
49,62,1.7180584824319185,2.9943304979527712,2.2718139688402861,0.50546762130565126,2.7772815901459373,1.7663463475346348,0,1.0015099860538612e-11
50,62,1.8162332528565992,2.9943304979527712,2.4643133797360894,0.44771779803691025,2.9120311777729997,2.0165955816991792,0,6.7168492989821971e-14
51,62,1.9144080232812799,2.9943304979527712,2.6521327267140014,0.39137199394353667,3.0435047206575381,2.2607607327704646,0,4.9960036108132044e-16
52,62,2.0125827937059615,2.9943304979527712,2.8334632067901264,0.33697284992069915,3.1704360567108254,2.4964903568694274,0,0
53,62,2.1107575641306422,2.9943304979527712,3.0065585083160054,0.28504425946293555,3.291602767778941,2.7215142488530697,0,0
54,62,2.2089323345553229,2.9943304979527712,3.1697516289144279,0.23608632328340878,3.4058379521978366,2.9336653056310191,0,0
55,62,2.3071071049800045,2.9943304979527712,3.3214709296235987,0.19057053307065747,3.5120414626942562,3.1309003965529412,0,0
56,62,2.4052818754046852,2.9943304979527712,3.4602552706394798,0.14893523076589321,3.6091905014053731,3.3113200398735865,0,0
57,62,2.5034566458293668,2.9943304979527712,3.5847680828908519,0.1115813870904815,3.6963494699813335,3.4731866958003703,0,0
58,62,2.6016314162540475,2.9943304979527712,3.693810239930106,0.078868739978705332,3.7726789799088114,3.6149414999514007,0,0
59,62,2.6998061866787282,2.9943304979527712,3.7863316061764483,0.051112330104802671,3.8374439362812511,3.7352192760716454,0,0
60,62,2.7979809571034098,2.9943304979527712,3.8614411502956036,0.028579466869056058,3.8900206171646596,3.8328616834265476,0,0
61,62,2.8961557275280905,2.9943304979527712,3.9184155263186495,0.011487154062142157,3.9299026803807915,3.9069283722565076,0,0
62,62,2.9943304979527712,2.9943304979527712,3.9567060398591236,0,3.9567060398591236,3.9567060398591236,0,0
63,62,3.0925052683774528,2.9943304979527712,3.9759439323399066,-0.0057713677442349006,3.9701725645956718,3.9817153000841414,0,0
0,63,-3.0925052683774528,3.0925052683774528,3.9951818248206896,0,3.9951818248206896,3.9951818248206896,0,0
1,63,-2.9943304979527716,3.0925052683774528,3.9759439323399066,0.0057713677442348338,3.9817153000841414,3.9701725645956718,0,0
2,63,-2.8961557275280905,3.0925052683774528,3.9376534187994325,0.017258521806377058,3.9549119406058098,3.9203948969930553,0,0
3,63,-2.7979809571034093,3.0925052683774528,3.8806790427763862,0.034350834613291026,3.915029877389677,3.8463282081630954,0,0
4,63,-2.6998061866787286,3.0925052683774528,3.8055694986572313,0.056883697849037435,3.8624531965062685,3.748685800808194,0,0
5,63,-2.6016314162540475,3.0925052683774528,3.713048132410889,0.084640107722940242,3.7976882401338292,3.6284080246879489,0,0
6,63,-2.5034566458293663,3.0925052683774528,3.6040059753716345,0.11735275483471654,3.7213587302063509,3.4866532205369181,0,0
7,63,-2.4052818754046852,3.0925052683774528,3.4794931631202628,0.15470659851012811,3.6341997616303909,3.3247865646101347,0,0
8,63,-2.3071071049800045,3.0925052683774528,3.3407088221043817,0.19634190081489236,3.537050722919274,3.1443669212894894,0,0
9,63,-2.2089323345553233,3.0925052683774528,3.1889895213952117,0.24185769102764343,3.4308472124228553,2.9471318303675682,0,0
10,63,-2.1107575641306422,3.0925052683774528,3.0257964007967884,0.29081562720717041,3.3166120280039588,2.7349807735896179,0,0
11,63,-2.0125827937059615,3.0925052683774528,2.8527010992709094,0.34274421766493407,3.1954453169358437,2.5099568816059752,0,0
12,63,-1.9144080232812801,3.0925052683774528,2.6713706191947848,0.39714336168777142,3.0685139808825563,2.2742272575070133,0,3.8857805861880479e-16
13,63,-1.8162332528565992,3.0925052683774528,2.4835512722168724,0.45348916578114512,2.9370404379980175,2.0300621064357274,0,5.1292303737682232e-14
14,63,-1.7180584824319181,3.0925052683774528,2.2910518613210682,0.51123898904988641,2.8022908503709547,1.7798128722711817,0,7.6504358403894912e-12
15,63,-1.6198837120072371,3.0925052683774528,2.095726261065181,0.56983666912665265,2.6655629301918338,1.5258895919385282,0,1.228107060491368e-09
16,63,-1.521708941582556,3.0925052683774528,1.8994555637555086,0.62871787831955428,2.528173442075063,1.2707376854359542,0,2.0204934025880306e-07
17,63,-1.4235341711578751,3.0925052683774528,1.7041299634996214,0.68731555839632041,2.3914455218959416,1.016814405103301,5.5511151231257827e-17,3.2433441057799772e-05
18,63,-1.3253594007331939,3.0925052683774528,1.5116305526038167,0.74506538166506187,2.2566959342688788,0.76656517093875487,5.5511151231257827e-16,0.0048144690264624312
19,63,-1.227184630308513,3.0925052683774528,1.3238112056259048,0.8014111857584354,2.12522239138434,0.52240001986746942,7.6605388699135801e-15,0.38983629454208707
20,63,-1.1290098598838321,3.0925052683774528,1.1424807255497809,0.85581032978127258,1.9982910553310536,0.28667039576850828,9.681144774731365e-14,0.9861645908836365
21,63,-1.0308350894591509,3.0925052683774528,0.96938542402390149,0.90773892023903646,1.8771243442629379,0.061646503784865025,1.0925704785336166e-12,0.99984424490552604
22,63,-0.93266031903446978,3.0925052683774528,0.80619230342547787,0.9566968564185635,1.7628891598440415,-0.15050455299308563,1.0732081889841538e-11,0.99999776237002136
23,63,-0.83448554860978863,3.0925052683774528,0.65447300271630771,1.0022126466313146,1.6566856493476223,-0.34773964391500689,8.9775131772995564e-11,0.99999995668612962
24,63,-0.73631077818510793,3.0925052683774528,0.51568866170042682,1.0438479489360788,1.5595366106365056,-0.52815928723565198,6.2658778166024831e-10,0.99999999882639512
25,63,-0.63813600776042678,3.0925052683774528,0.39117584944905492,1.0812017926114905,1.4723776420605454,-0.6900259431624356,3.5812539045387837e-09,0.99999999995391431
26,63,-0.53996123733574564,3.0925052683774528,0.28213369240980057,1.1139144397232668,1.3960481321330673,-0.83178074731346618,1.6482565368125535e-08,0.99999999999729416
27,63,-0.44178646691106449,3.0925052683774528,0.18961232616345791,1.1416708495971695,1.3312831757606274,-0.95205852343371156,6.0195780693383938e-08,0.99999999999975597
28,63,-0.34361169648638379,3.0925052683774528,0.11450278204430342,1.1642037128329159,1.2787064948772193,-1.0497009307886125,1.7228253373913205e-07,0.99999999999996536
29,63,-0.24543692606170264,3.0925052683774528,0.057528406021256862,1.1812960256398297,1.2388244316610866,-1.1237676196185729,3.8251842465752972e-07,0.99999999999999212
30,63,-0.1472621556370215,3.0925052683774528,0.019237892480782781,1.1927831797019719,1.2120210721827547,-1.1735452872211891,6.5382762048926679e-07,0.99999999999999711
31,63,-0.049087385212340351,3.0925052683774528,-0,1.1985545474462069,1.1985545474462069,-1.1985545474462069,8.5591753345992672e-07,0.99999999999999822
32,63,0.049087385212340351,3.0925052683774528,-0,1.1985545474462069,1.1985545474462069,-1.1985545474462069,8.5591753345992672e-07,0.99999999999999822
33,63,0.1472621556370215,3.0925052683774528,0.019237892480782781,1.1927831797019719,1.2120210721827547,-1.1735452872211891,6.5382762048926679e-07,0.99999999999999711
34,63,0.24543692606170264,3.0925052683774528,0.057528406021256862,1.1812960256398297,1.2388244316610866,-1.1237676196185729,3.8251842465752972e-07,0.99999999999999212
35,63,0.34361169648638379,3.0925052683774528,0.11450278204430342,1.1642037128329159,1.2787064948772193,-1.0497009307886125,1.7228253373913205e-07,0.99999999999996536
36,63,0.44178646691106449,3.0925052683774528,0.18961232616345791,1.1416708495971695,1.3312831757606274,-0.95205852343371156,6.0195780693383938e-08,0.99999999999975597
37,63,0.53996123733574564,3.0925052683774528,0.28213369240980057,1.1139144397232668,1.3960481321330673,-0.83178074731346618,1.6482565368125535e-08,0.99999999999729416
38,63,0.63813600776042678,3.0925052683774528,0.39117584944905492,1.0812017926114905,1.4723776420605454,-0.6900259431624356,3.5812539045387837e-09,0.99999999995391431
39,63,0.73631077818510793,3.0925052683774528,0.51568866170042682,1.0438479489360788,1.5595366106365056,-0.52815928723565198,6.2658778166024831e-10,0.99999999882639512
40,63,0.83448554860978863,3.0925052683774528,0.65447300271630771,1.0022126466313146,1.6566856493476223,-0.34773964391500689,8.9775131772995564e-11,0.99999995668612962
41,63,0.93266031903447022,3.0925052683774528,0.80619230342547876,0.95669685641856317,1.7628891598440419,-0.15050455299308441,1.0732081889841538e-11,0.99999776237002136
42,63,1.0308350894591509,3.0925052683774528,0.96938542402390149,0.90773892023903646,1.8771243442629379,0.061646503784865025,1.0925704785336166e-12,0.99984424490552604
43,63,1.1290098598838316,3.0925052683774528,1.1424807255497802,0.8558103297812728,1.9982910553310531,0.28667039576850739,9.681144774731365e-14,0.98616459088363673
44,63,1.2271846303085132,3.0925052683774528,1.3238112056259053,0.80141118575843528,2.1252223913843404,0.52240001986746998,7.6605388699135801e-15,0.38983629454208441
45,63,1.3253594007331939,3.0925052683774528,1.5116305526038167,0.74506538166506187,2.2566959342688788,0.76656517093875487,5.5511151231257827e-16,0.0048144690264624312
46,63,1.4235341711578746,3.0925052683774528,1.7041299634996205,0.68731555839632075,2.3914455218959412,1.0168144051032999,5.5511151231257827e-17,3.2433441057799772e-05
47,63,1.5217089415825562,3.0925052683774528,1.8994555637555091,0.62871787831955417,2.5281734420750634,1.2707376854359549,0,2.0204934025880306e-07
48,63,1.6198837120072369,3.0925052683774528,2.0957262610651806,0.56983666912665276,2.6655629301918333,1.5258895919385278,0,1.228107060491368e-09
49,63,1.7180584824319185,3.0925052683774528,2.2910518613210691,0.51123898904988618,2.8022908503709552,1.779812872271183,0,7.6504358403894912e-12
50,63,1.8162332528565992,3.0925052683774528,2.4835512722168724,0.45348916578114512,2.9370404379980175,2.0300621064357274,0,5.1292303737682232e-14
51,63,1.9144080232812799,3.0925052683774528,2.6713706191947844,0.39714336168777159,3.0685139808825559,2.2742272575070128,0,3.8857805861880479e-16
52,63,2.0125827937059615,3.0925052683774528,2.8527010992709094,0.34274421766493407,3.1954453169358437,2.5099568816059752,0,0
53,63,2.1107575641306422,3.0925052683774528,3.0257964007967884,0.29081562720717041,3.3166120280039588,2.7349807735896179,0,0
54,63,2.2089323345553229,3.0925052683774528,3.1889895213952109,0.24185769102764368,3.4308472124228544,2.9471318303675673,0,0
55,63,2.3071071049800045,3.0925052683774528,3.3407088221043817,0.19634190081489236,3.537050722919274,3.1443669212894894,0,0
56,63,2.4052818754046852,3.0925052683774528,3.4794931631202628,0.15470659851012811,3.6341997616303909,3.3247865646101347,0,0
57,63,2.5034566458293668,3.0925052683774528,3.6040059753716349,0.11735275483471641,3.7213587302063513,3.4866532205369185,0,0
58,63,2.6016314162540475,3.0925052683774528,3.713048132410889,0.084640107722940242,3.7976882401338292,3.6284080246879489,0,0
59,63,2.6998061866787282,3.0925052683774528,3.8055694986572313,0.056883697849037573,3.8624531965062689,3.7486858008081936,0,0
60,63,2.7979809571034098,3.0925052683774528,3.8806790427763866,0.034350834613290956,3.9150298773896774,3.8463282081630958,0,0
61,63,2.8961557275280905,3.0925052683774528,3.9376534187994325,0.017258521806377058,3.9549119406058098,3.9203948969930553,0,0
62,63,2.9943304979527712,3.0925052683774528,3.9759439323399066,0.0057713677442349006,3.9817153000841414,3.9701725645956718,0,0
63,63,3.0925052683774528,3.0925052683774528,3.9951818248206896,0,3.9951818248206896,3.9951818248206896,0,0
