# E(THz)     0.005     0.010     0.015     0.020     0.025     0.030     0.035     0.040     0.045     0.050
  0.0000   0.00000   0.00000   0.00000   0.00000   0.00000   0.00000   0.00000   0.00000   0.00000   0.00000
  0.0070   0.00000   0.00000   0.00000   0.00000   0.00000   0.00000   0.00000   0.00000   0.00000   0.00000
  0.0140   0.00000   0.00000   0.00000   0.00000   0.00000   0.00000   0.00000   0.00000   0.00000   0.00000
  0.0210   0.00000   0.00000   0.00000   0.00000   0.00000   0.00000   0.00000   0.00000   0.00000   0.00000
  0.0280   0.00000   0.00000   0.00000   0.00000   0.00000   0.00000   0.00000   0.00000   0.00000   0.00000
  0.0350   0.00000   0.00000   0.00000   0.00000   0.00000   0.00000   0.00000   0.00000   0.00000   0.00000
  0.0420   0.00000   0.00000   0.00000   0.00000   0.00000   0.00000   0.00000   0.00000   0.00000   0.00000
  0.0490   0.00000   0.00000   0.00000   0.00000   0.00000   0.00000   0.00000   0.00000   0.00000   0.00000
  0.0560   0.00000   0.00000   0.00000   0.00000   0.00000   0.00000   0.00000   0.00000   0.00000   0.00000
  0.0630   0.00000   0.00000   0.00000   0.00000   0.00000   0.00000   0.00000   0.00000   0.00000   0.00000
  0.0700   0.00000   0.00000   0.00000   0.00000   0.00000   0.00000   0.00000   0.00000   0.00000   0.00000
  0.0770   0.00000   0.00000   0.00000   0.00000   0.00000   0.00000   0.00000   0.00000   0.00000   0.00000
  0.0840   0.00000   0.00000   0.00000   0.00000   0.00000   0.00000   0.00000   0.00000   0.00000   0.00000
  0.0910   0.00000   0.00000   0.00000   0.00000   0.00000   0.00000   0.00000   0.00000   0.00000   0.00000
  0.0980   0.00000   0.00000   0.00000   0.00000   0.00000   0.00000   0.00000   0.00000   0.00000   0.00000
  0.1051   0.00000   0.00000   0.00000   0.00000   0.00000   0.00000   0.00000   0.00000   0.00000   0.00000
  0.1121   0.00000   0.00000   0.00000   0.00000   0.00000   0.00000   0.00000   0.00000   0.00000   0.00000
  0.1191   0.00000   0.00000   0.00000   0.00000   0.00000   0.00000   0.00000   0.00000   0.00000   0.00000
  0.1261   0.00000   0.00000   0.00000   0.00000   0.00000   0.00000   0.00000   0.00000   0.00000   0.00000
  0.1331   0.00000   0.00000   0.00000   0.00000   0.00000   0.00000   0.00000   0.00000   0.00000   0.00000
  0.1401   0.00000   0.00000   0.00000   0.00000   0.00000   0.00000   0.00000   0.00000   0.00000   0.00000
  0.1471   0.00000   0.00000   0.00000   0.00000   0.00000   0.00000   0.00000   0.00000   0.00000   0.00000
  0.1541   0.00000   0.00000   0.00000   0.00000   0.00000   0.00000   0.00000   0.00000   0.00000   0.00000
  0.1611   0.00000   0.00000   0.00000   0.00000   0.00000   0.00000   0.00000   0.00000   0.00000   0.00000
  0.1681   0.00000   0.00000   0.00000   0.00000   0.00000   0.00000   0.00000   0.00000   0.00000   0.00000
  0.1751   0.00000   0.00000   0.00000   0.00000   0.00000   0.00000   0.00000   0.00000   0.00000   0.00000
  0.1821   0.00000   0.00000   0.00000   0.00000   0.00000   0.00000   0.00000   0.00000   0.00000   0.00000
  0.1891   0.00000   0.00000   0.00000   0.00000   0.00000   0.00000   0.00000   0.00000   0.00000   0.00000
  0.1961   0.00000   0.00000   0.00000   0.00000   0.00000   0.00000   0.00000   0.00000   0.00000   0.00000
  0.2031   0.00000   0.00000   0.00000   0.00000   0.00000   0.00000   0.00000   0.00000   0.00000   0.00000
  0.2101   0.00000   0.00000   0.00000   0.00000   0.00000   0.00000   0.00000   0.00000   0.00000   0.00000
  0.2171   0.00000   0.00000   0.00000   0.00000   0.00000   0.00000   0.00000   0.00000   0.00000   0.00000
  0.2241   0.00000   0.00000   0.00000   0.00000   0.00000   0.00000   0.00000   0.00000   0.00000   0.00000
  0.2311   0.00000   0.00000   0.00000   0.00000   0.00000   0.00000   0.00000   0.00000   0.00000   0.00000
  0.2381   0.00000   0.00000   0.00000   0.00000   0.00000   0.00000   0.00000   0.00000   0.00000   0.00000
  0.2451   0.00000   0.00000   0.00000   0.00000   0.00000   0.00000   0.00000   0.00000   0.00000   0.00000
  0.2521   0.00000   0.00000   0.00000   0.00000   0.00000   0.00000   0.00000   0.00000   0.00000   0.00000
  0.2591   0.00000   0.00000   0.00000   0.00000   0.00000   0.00000   0.00000   0.00000   0.00000   0.00000
  0.2661   0.00000   0.00000   0.00000   0.00000   0.00000   0.00000   0.00000   0.00000   0.00000   0.00000
  0.2731   0.00000   0.00000   0.00000   0.00000   0.00000   0.00000   0.00000   0.00000   0.00000   0.00000
  0.2801   0.00000   0.00000   0.00000   0.00000   0.00000   0.00000   0.00000   0.00000   0.00000   0.00000
  0.2871   0.00000   0.00000   0.00000   0.00000   0.00000   0.00000   0.00000   0.00000   0.00000   0.00000
  0.2941   0.00000   0.00000   0.00000   0.00000   0.00000   0.00000   0.00000   0.00000   0.00000   0.00000
  0.3012   0.00000   0.00000   0.00000   0.00000   0.00000   0.00000   0.00000   0.00000   0.00000   0.00000
  0.3082   0.00000   0.00000   0.00000   0.00000   0.00000   0.00000   0.00000   0.00000   0.00000   0.00000
  0.3152   0.00000   0.00000   0.00000   0.00000   0.00000   0.00000   0.00000   0.00000   0.00000   0.00000
  0.3222   0.00000   0.00000   0.00000   0.00000   0.00000   0.00000   0.00000   0.00000   0.00000   0.00000
  0.3292   0.00000   0.00000   0.00000   0.00000   0.00000   0.00000   0.00000   0.00000   0.00000   0.00000
  0.3362   0.00000   0.00000   0.00000   0.00000   0.00000   0.00000   0.00000   0.00000   0.00000   0.00000
  0.3432   0.00000   0.00000   0.00000   0.00000   0.00000   0.00000   0.00000   0.00000   0.00000   0.00000
  0.3502   0.00000   0.00000   0.00000   0.00000   0.00000   0.00000   0.00000   0.00000   0.00000   0.00000
  0.3572   0.00000   0.00000   0.00000   0.00000   0.00000   0.00000   0.00000   0.00000   0.00000   0.00000
  0.3642   0.00000   0.00000   0.00000   0.00000   0.00000   0.00000   0.00000   0.00000   0.00000   0.00000
  0.3712   0.00000   0.00000   0.00000   0.00000   0.00000   0.00000   0.00000   0.00000   0.00000   0.00000
  0.3782   0.00000   0.00000   0.00000   0.00000   0.00000   0.00000   0.00000   0.00000   0.00000   0.00000
  0.3852   0.00000   0.00000   0.00000   0.00000   0.00000   0.00000   0.00000   0.00000   0.00000   0.00000
  0.3922   0.00000   0.00000   0.00000   0.00000   0.00000   0.00000   0.00000   0.00000   0.00000   0.00000
  0.3992   0.00000   0.00000   0.00000   0.00000   0.00000   0.00000   0.00000   0.00000   0.00000   0.00000
  0.4062   0.00000   0.00000   0.00000   0.00000   0.00000   0.00000   0.00000   0.00000   0.00000   0.00000
  0.4132   0.00000   0.00000   0.00000   0.00000   0.00000   0.00000   0.00000   0.00000   0.00000   0.00000
  0.4202   0.00000   0.00000   0.00000   0.00000   0.00000   0.00000   0.00000   0.00000   0.00000   0.00000
  0.4272   0.00000   0.00000   0.00000   0.00000   0.00000   0.00000   0.00000   0.00000   0.00000   0.00000
  0.4342   0.00000   0.00000   0.00000   0.00000   0.00000   0.00000   0.00000   0.00000   0.00000   0.00000
  0.4412   0.00000   0.00000   0.00000   0.00000   0.00000   0.00000   0.00000   0.00000   0.00000   0.00000
  0.4482   0.00000   0.00000   0.00000   0.00000   0.00000   0.00000   0.00000   0.00000   0.00000   0.00000
  0.4552   0.00000   0.00000   0.00000   0.00000   0.00000   0.00000   0.00000   0.00000   0.00000   0.00000
  0.4622   0.00000   0.00000   0.00000   0.00000   0.00000   0.00000   0.00000   0.00000   0.00000   0.00000
  0.4692   0.00000   0.00000   0.00000   0.00000   0.00000   0.00000   0.00000   0.00000   0.00000   0.00000
  0.4762   0.00000   0.00000   0.00000   0.00000   0.00000   0.00000   0.00000   0.00000   0.00000   0.00000
  0.4832   0.00000   0.00000   0.00000   0.00000   0.00000   0.00000   0.00000   0.00000   0.00000   0.00000
  0.4902   0.00000   0.00000   0.00000   0.00000   0.00000   0.00000   0.00000   0.00000   0.00000   0.00000
  0.4972   0.00000   0.00000   0.00000   0.00000   0.00000   0.00000   0.00000   0.00000   0.00000   0.00000
  0.5043   0.00000   0.00000   0.00000   0.00000   0.00000   0.00000   0.00000   0.00000   0.00000   0.00000
  0.5113   0.00000   0.00000   0.00000   0.00000   0.00000   0.00000   0.00000   0.00000   0.00000   0.00000
  0.5183   0.00000   0.00000   0.00000   0.00000   0.00000   0.00000   0.00000   0.00000   0.00000   0.00000
  0.5253   0.00000   0.00000   0.00000   0.00000   0.00000   0.00000   0.00000   0.00000   0.00000   0.00000
  0.5323   0.00000   0.00000   0.00000   0.00000   0.00000   0.00000   0.00000   0.00000   0.00000   0.00000
  0.5393   0.00000   0.00000   0.00000   0.00000   0.00000   0.00000   0.00000   0.00000   0.00000   0.00000
  0.5463   0.00000   0.00000   0.00000   0.00000   0.00000   0.00000   0.00000   0.00000   0.00000   0.00000
  0.5533   0.00000   0.00000   0.00000   0.00000   0.00000   0.00000   0.00000   0.00000   0.00000   0.00000
  0.5603   0.00000   0.00000   0.00000   0.00000   0.00000   0.00000   0.00000   0.00000   0.00000   0.00000
  0.5673   0.00000   0.00000   0.00000   0.00000   0.00000   0.00000   0.00000   0.00000   0.00000   0.00000
  0.5743   0.00000   0.00000   0.00000   0.00000   0.00000   0.00000   0.00000   0.00000   0.00000   0.00000
  0.5813   0.00000   0.00000   0.00000   0.00000   0.00000   0.00000   0.00000   0.00000   0.00000   0.00000
  0.5883   0.00000   0.00000   0.00000   0.00000   0.00000   0.00000   0.00000   0.00000   0.00000   0.00000
  0.5953   0.00000   0.00000   0.00000   0.00000   0.00000   0.00000   0.00000   0.00000   0.00000   0.00000
  0.6023   0.00000   0.00000   0.00000   0.00000   0.00000   0.00000   0.00000   0.00000   0.00000   0.00000
  0.6093   0.00000   0.00000   0.00000   0.00000   0.00000   0.00000   0.00000   0.00000   0.00000   0.00000
  0.6163   0.00000   0.00000   0.00000   0.00000   0.00000   0.00000   0.00000   0.00000   0.00000   0.00000
  0.6233   0.00000   0.00000   0.00000   0.00000   0.00000   0.00000   0.00000   0.00000   0.00000   0.00000
  0.6303   0.00000   0.00000   0.00000   0.00000   0.00000   0.00000   0.00000   0.00000   0.00000   0.00000
  0.6373   0.00000   0.00000   0.00000   0.00000   0.00000   0.00000   0.00000   0.00000   0.00000   0.00000
  0.6443   0.00000   0.00000   0.00000   0.00000   0.00000   0.00000   0.00000   0.00000   0.00000   0.00000
  0.6513   0.00000   0.00000   0.00000   0.00000   0.00000   0.00000   0.00000   0.00000   0.00000   0.00000
  0.6583   0.00000   0.00000   0.00000   0.00000   0.00000   0.00000   0.00000   0.00000   0.00000   0.00000
  0.6653   0.00000   0.00000   0.00000   0.00000   0.00000   0.00000   0.00000   0.00000   0.00000   0.00000
  0.6723   0.00000   0.00000   0.00000   0.00000   0.00000   0.00000   0.00000   0.00000   0.00000   0.00000
  0.6793   0.00000   0.00000   0.00000   0.00000   0.00000   0.00000   0.00000   0.00000   0.00000   0.00000
  0.6863   0.00000   0.00000   0.00000   0.00000   0.00000   0.00000   0.00000   0.00000   0.00000   0.00000
  0.6933   0.00000   0.00000   0.00000   0.00000   0.00000   0.00000   0.00000   0.00000   0.00000   0.00000
  0.7004   0.00000   0.00000   0.00000   0.00000   0.00000   0.00000   0.00000   0.00000   0.00000   0.00000
  0.7074   0.00000   0.00000   0.00000   0.00000   0.00000   0.00000   0.00000   0.00000   0.00000   0.00000
  0.7144   0.00000   0.00000   0.00000   0.00000   0.00000   0.00000   0.00000   0.00000   0.00000   0.00000
  0.7214   0.00000   0.00000   0.00000   0.00000   0.00000   0.00000   0.00000   0.00000   0.00000   0.00000
  0.7284   0.00000   0.00000   0.00000   0.00000   0.00000   0.00000   0.00000   0.00000   0.00000   0.00000
  0.7354   0.00000   0.00000   0.00000   0.00000   0.00000   0.00000   0.00000   0.00000   0.00000   0.00000
  0.7424   0.00000   0.00000   0.00000   0.00000   0.00000   0.00000   0.00000   0.00000   0.00000   0.00000
  0.7494   0.00000   0.00000   0.00000   0.00000   0.00000   0.00000   0.00000   0.00000   0.00000   0.00000
  0.7564   0.00000   0.00000   0.00000   0.00000   0.00000   0.00000   0.00000   0.00000   0.00000   0.00000
  0.7634   0.00000   0.00000   0.00000   0.00000   0.00000   0.00000   0.00000   0.00000   0.00000   0.00000
  0.7704   0.00000   0.00000   0.00000   0.00000   0.00000   0.00000   0.00000   0.00000   0.00000   0.00000
  0.7774   0.00000   0.00000   0.00000   0.00000   0.00000   0.00000   0.00000   0.00000   0.00000   0.00000
  0.7844   0.00000   0.00000   0.00000   0.00000   0.00000   0.00000   0.00000   0.00000   0.00000   0.00000
  0.7914   0.00000   0.00000   0.00000   0.00000   0.00000   0.00000   0.00000   0.00000   0.00000   0.00000
  0.7984   0.00000   0.00000   0.00000   0.00000   0.00000   0.00000   0.00000   0.00000   0.00000   0.00000
  0.8054   0.00000   0.00000   0.00000   0.00000   0.00000   0.00000   0.00000   0.00000   0.00000   0.00000
  0.8124   0.00000   0.00000   0.00000   0.00000   0.00000   0.00000   0.00000   0.00000   0.00000   0.00000
  0.8194   0.00000   0.00000   0.00000   0.00000   0.00000   0.00000   0.00000   0.00000   0.00000   0.00000
  0.8264   0.00000   0.00000   0.00000   0.00000   0.00000   0.00000   0.00000   0.00000   0.00000   0.00000
  0.8334   0.00000   0.00000   0.00000   0.00000   0.00000   0.00000   0.00000   0.00000   0.00000   0.00000
  0.8404   0.00000   0.00000   0.00000   0.00000   0.00000   0.00000   0.00000   0.00000   0.00000   0.00000
  0.8474   0.00000   0.00000   0.00000   0.00000   0.00000   0.00000   0.00000   0.00000   0.00000   0.00000
  0.8544   0.00000   0.00000   0.00000   0.00000   0.00000   0.00000   0.00000   0.00000   0.00000   0.00000
  0.8614   0.00000   0.00000   0.00000   0.00000   0.00000   0.00000   0.00000   0.00000   0.00000   0.00000
  0.8684   0.00000   0.00000   0.00000   0.00000   0.00000   0.00000   0.00000   0.00000   0.00000   0.00000
  0.8754   0.00000   0.00000   0.00000   0.00000   0.00000   0.00000   0.00000   0.00000   0.00000   0.00000
  0.8824   0.00000   0.00000   0.00000   0.00000   0.00000   0.00000   0.00000   0.00000   0.00000   0.00000
  0.8894   0.00000   0.00000   0.00000   0.00000   0.00000   0.00000   0.00000   0.00000   0.00000   0.00000
  0.8964   0.00000   0.00000   0.00000   0.00000   0.00000   0.00000   0.00000   0.00000   0.00000   0.00000
  0.9035   0.00000   0.00000   0.00000   0.00000   0.00000   0.00000   0.00000   0.00000   0.00000   0.00000
  0.9105   0.00000   0.00000   0.00000   0.00000   0.00000   0.00000   0.00000   0.00000   0.00000   0.00000
  0.9175   0.00000   0.00000   0.00000   0.00000   0.00000   0.00000   0.00000   0.00000   0.00000   0.00000
  0.9245   0.00000   0.00000   0.00000   0.00000   0.00000   0.00000   0.00000   0.00000   0.00000   0.00000
  0.9315   0.00000   0.00000   0.00000   0.00000   0.00000   0.00000   0.00000   0.00000   0.00000   0.00000
  0.9385   0.00000   0.00000   0.00000   0.00000   0.00000   0.00000   0.00000   0.00000   0.00000   0.00000
  0.9455   0.00000   0.00000   0.00000   0.00000   0.00000   0.00000   0.00000   0.00000   0.00000   0.00000
  0.9525   0.00000   0.00000   0.00000   0.00000   0.00000   0.00000   0.00000   0.00000   0.00000   0.00000
  0.9595   0.00000   0.00000   0.00000   0.00000   0.00000   0.00000   0.00000   0.00000   0.00000   0.00000
  0.9665   0.00000   0.00000   0.00000   0.00000   0.00000   0.00000   0.00000   0.00000   0.00000   0.00000
  0.9735   0.00000   0.00000   0.00000   0.00000   0.00000   0.00000   0.00000   0.00000   0.00000   0.00000
  0.9805   0.00000   0.00000   0.00000   0.00000   0.00000   0.00000   0.00000   0.00000   0.00000   0.00000
  0.9875   0.00000   0.00000   0.00000   0.00000   0.00000   0.00000   0.00000   0.00000   0.00000   0.00000
  0.9945   0.00000   0.00000   0.00000   0.00000   0.00000   0.00000   0.00000   0.00000   0.00000   0.00000
  1.0015   0.00000   0.00000   0.00000   0.00000   0.00000   0.00000   0.00000   0.00000   0.00000   0.00000
  1.0085   0.00000   0.00000   0.00000   0.00000   0.00000   0.00000   0.00000   0.00000   0.00000   0.00000
  1.0155   0.00000   0.00000   0.00000   0.00000   0.00000   0.00000   0.00000   0.00000   0.00000   0.00000
  1.0225   0.00000   0.00000   0.00000   0.00000   0.00000   0.00000   0.00000   0.00000   0.00000   0.00000
  1.0295   0.00000   0.00000   0.00000   0.00000   0.00000   0.00000   0.00000   0.00000   0.00000   0.00000
  1.0365   0.00000   0.00000   0.00000   0.00000   0.00000   0.00000   0.00000   0.00000   0.00000   0.00000
  1.0435   0.00000   0.00000   0.00000   0.00000   0.00000   0.00000   0.00000   0.00000   0.00000   0.00000
  1.0505   0.00000   0.00000   0.00000   0.00000   0.00000   0.00000   0.00000   0.00000   0.00000   0.00000
  1.0575   0.00000   0.00000   0.00000   0.00000   0.00000   0.00000   0.00000   0.00000   0.00000   0.00000
  1.0645   0.00000   0.00000   0.00000   0.00000   0.00000   0.00000   0.00000   0.00000   0.00000   0.00000
  1.0715   0.00000   0.00000   0.00000   0.00000   0.00000   0.00000   0.00000   0.00000   0.00000   0.00000
  1.0785   0.00000   0.00000   0.00000   0.00000   0.00000   0.00000   0.00000   0.00000   0.00000   0.00000
  1.0855   0.00000   0.00000   0.00000   0.00000   0.00000   0.00000   0.00000   0.00000   0.00000   0.00000
  1.0925   0.00000   0.00000   0.00000   0.00000   0.00000   0.00000   0.00000   0.00000   0.00000   0.00000
  1.0995   0.00000   0.00000   0.00000   0.00000   0.00000   0.00000   0.00000   0.00000   0.00000   0.00000
  1.1066   0.00000   0.00000   0.00000   0.00000   0.00000   0.00000   0.00000   0.00000   0.00000   0.00000
  1.1136   0.00000   0.00000   0.00000   0.00000   0.00000   0.00000   0.00000   0.00000   0.00000   0.00000
  1.1206   0.00000   0.00000   0.00000   0.00000   0.00000   0.00000   0.00000   0.00000   0.00000   0.00000
  1.1276   0.00000   0.00000   0.00000   0.00000   0.00000   0.00000   0.00000   0.00000   0.00000   0.00000
  1.1346   0.00000   0.00000   0.00000   0.00000   0.00000   0.00000   0.00000   0.00000   0.00000   0.00000
  1.1416   0.00000   0.00000   0.00000   0.00000   0.00000   0.00000   0.00000   0.00000   0.00000   0.00000
  1.1486   0.00000   0.00000   0.00000   0.00000   0.00000   0.00000   0.00000   0.00000   0.00000   0.00000
  1.1556   0.00000   0.00000   0.00000   0.00000   0.00000   0.00000   0.00000   0.00000   0.00000   0.00000
  1.1626   0.00000   0.00000   0.00000   0.00000   0.00000   0.00000   0.00000   0.00000   0.00000   0.00000
  1.1696   0.00000   0.00000   0.00000   0.00000   0.00000   0.00000   0.00000   0.00000   0.00000   0.00000
  1.1766   0.00000   0.00000   0.00000   0.00000   0.00000   0.00000   0.00000   0.00000   0.00000   0.00000
  1.1836   0.00000   0.00000   0.00000   0.00000   0.00000   0.00000   0.00000   0.00000   0.00000   0.00000
  1.1906   0.00000   0.00000   0.00000   0.00000   0.00000   0.00000   0.00000   0.00000   0.00000   0.00000
  1.1976   0.00000   0.00000   0.00000   0.00000   0.00000   0.00000   0.00000   0.00000   0.00000   0.00000
  1.2046   0.00000   0.00000   0.00000   0.00000   0.00000   0.00000   0.00000   0.00000   0.00000   0.00000
  1.2116   0.00000   0.00000   0.00000   0.00000   0.00000   0.00000   0.00000   0.00000   0.00000   0.00000
  1.2186   0.00000   0.00000   0.00000   0.00000   0.00000   0.00000   0.00000   0.00000   0.00000   0.00000
  1.2256   0.00000   0.00000   0.00000   0.00000   0.00000   0.00000   0.00000   0.00000   0.00000   0.00000
  1.2326   0.00000   0.00000   0.00000   0.00000   0.00000   0.00000   0.00000   0.00000   0.00000   0.00000
  1.2396   0.00000   0.00000   0.00000   0.00000   0.00000   0.00000   0.00000   0.00000   0.00000   0.00000
  1.2466   0.00000   0.00000   0.00000   0.00000   0.00000   0.00000   0.00000   0.00000   0.00000   0.00000
  1.2536   0.00000   0.00000   0.00000   0.00000   0.00000   0.00000   0.00000   0.00000   0.00000   0.00000
  1.2606   0.00000   0.00000   0.00000   0.00000   0.00000   0.00000   0.00000   0.00000   0.00000   0.00000
  1.2676   0.00000   0.00000   0.00000   0.00000   0.00000   0.00000   0.00000   0.00000   0.00000   0.00000
  1.2746   0.00000   0.00000   0.00000   0.00000   0.00000   0.00000   0.00000   0.00000   0.00000   0.00000
  1.2816   0.00000   0.00000   0.00000   0.00000   0.00000   0.00000   0.00000   0.00000   0.00000   0.00000
  1.2886   0.00000   0.00000   0.00000   0.00000   0.00000   0.00000   0.00000   0.00000   0.00000   0.00000
  1.2956   0.00000   0.00000   0.00000   0.00000   0.00000   0.00000   0.00000   0.00000   0.00000   0.00000
  1.3027   0.00000   0.00000   0.00000   0.00000   0.00000   0.00000   0.00000   0.00000   0.00000   0.00000
  1.3097   0.00000   0.00000   0.00000   0.00000   0.00000   0.00000   0.00000   0.00000   0.00000   0.00000
  1.3167   0.00000   0.00000   0.00000   0.00000   0.00000   0.00000   0.00000   0.00000   0.00000   0.00000
  1.3237   0.00000   0.00000   0.00000   0.00000   0.00000   0.00000   0.00000   0.00000   0.00000   0.00000
  1.3307   0.00000   0.00000   0.00000   0.00000   0.00000   0.00000   0.00000   0.00000   0.00000   0.00000
  1.3377   0.00000   0.00000   0.00000   0.00000   0.00000   0.00000   0.00000   0.00000   0.00000   0.00000
  1.3447   0.00000   0.00000   0.00000   0.00000   0.00000   0.00000   0.00000   0.00000   0.00000   0.00000
  1.3517   0.00000   0.00000   0.00000   0.00000   0.00000   0.00000   0.00000   0.00000   0.00000   0.00000
  1.3587   0.00000   0.00000   0.00000   0.00000   0.00000   0.00000   0.00000   0.00000   0.00000   0.00000
  1.3657   0.00000   0.00000   0.00000   0.00000   0.00000   0.00000   0.00000   0.00000   0.00000   0.00000
  1.3727   0.00000   0.00000   0.00000   0.00000   0.00000   0.00000   0.00000   0.00000   0.00000   0.00000
  1.3797   0.00000   0.00000   0.00000   0.00000   0.00000   0.00000   0.00000   0.00000   0.00000   0.00000
  1.3867   0.00000   0.00000   0.00000   0.00000   0.00000   0.00000   0.00000   0.00000   0.00000   0.00000
  1.3937   0.00000   0.00000   0.00000   0.00000   0.00000   0.00000   0.00000   0.00000   0.00000   0.00000
  1.4007   0.00000   0.00000   0.00000   0.00000   0.00000   0.00000   0.00000   0.00000   0.00000   0.00000
  1.4077   0.00000   0.00000   0.00000   0.00000   0.00000   0.00000   0.00000   0.00000   0.00000   0.00000
  1.4147   0.00000   0.00000   0.00000   0.00000   0.00000   0.00000   0.00000   0.00000   0.00000   0.00000
  1.4217   0.00000   0.00000   0.00000   0.00000   0.00000   0.00000   0.00000   0.00000   0.00000   0.00000
  1.4287   0.00000   0.00000   0.00000   0.00000   0.00000   0.00000   0.00000   0.00000   0.00000   0.00000
  1.4357   0.00000   0.00000   0.00000   0.00000   0.00000   0.00000   0.00000   0.00000   0.00000   0.00000
  1.4427   0.00000   0.00000   0.00000   0.00000   0.00000   0.00000   0.00000   0.00000   0.00000   0.00000
  1.4497   0.00000   0.00000   0.00000   0.00000   0.00000   0.00000   0.00000   0.00000   0.00000   0.00000
  1.4567   0.00000   0.00000   0.00000   0.00000   0.00000   0.00000   0.00000   0.00000   0.00000   0.00000
  1.4637   0.00000   0.00000   0.00000   0.00000   0.00000   0.00000   0.00000   0.00000   0.00000   0.00000
  1.4707   0.00000   0.00000   0.00000   0.00000   0.00000   0.00000   0.00000   0.00000   0.00000   0.00000
  1.4777   0.00000   0.00000   0.00000   0.00000   0.00000   0.00000   0.00000   0.00000   0.00000   0.00000
  1.4847   0.00000   0.00000   0.00000   0.00000   0.00000   0.00000   0.00000   0.00000   0.00000   0.00000
  1.4917   0.00000   0.00000   0.00000   0.00000   0.00000   0.00000   0.00000   0.00000   0.00000   0.00000
  1.4987   0.00000   0.00000   0.00000   0.00000   0.00000   0.00000   0.00000   0.00000   0.00000   0.00000
  1.5058   0.00000   0.00000   0.00000   0.00000   0.00000   0.00000   0.00000   0.00000   0.00000   0.00000
  1.5128   0.00000   0.00000   0.00000   0.00000   0.00000   0.00000   0.00000   0.00000   0.00000   0.00000
  1.5198   0.00000   0.00000   0.00000   0.00000   0.00000   0.00000   0.00000   0.00000   0.00000   0.00000
  1.5268   0.00000   0.00000   0.00000   0.00000   0.00000   0.00000   0.00000   0.00000   0.00000   0.00000
  1.5338   0.00000   0.00000   0.00000   0.00000   0.00000   0.00000   0.00000   0.00000   0.00000   0.00000
  1.5408   0.00000   0.00000   0.00000   0.00000   0.00000   0.00000   0.00000   0.00000   0.00000   0.00000
  1.5478   0.00000   0.00000   0.00000   0.00000   0.00000   0.00000   0.00000   0.00000   0.00000   0.00000
  1.5548   0.00000   0.00000   0.00000   0.00000   0.00000   0.00000   0.00000   0.00000   0.00000   0.00000
  1.5618   0.00000   0.00000   0.00000   0.00000   0.00000   0.00000   0.00000   0.00000   0.00000   0.00000
  1.5688   0.00000   0.00000   0.00000   0.00000   0.00000   0.00000   0.00000   0.00000   0.00000   0.00000
  1.5758   0.00000   0.00000   0.00000   0.00000   0.00000   0.00000   0.00000   0.00000   0.00000   0.00000
  1.5828   0.00000   0.00000   0.00000   0.00000   0.00000   0.00000   0.00000   0.00000   0.00000   0.00000
  1.5898   0.00000   0.00000   0.00000   0.00000   0.00000   0.00000   0.00000   0.00000   0.00000   0.00000
  1.5968   0.00000   0.00000   0.00000   0.00000   0.00000   0.00000   0.00000   0.00000   0.00000   0.00000
  1.6038   0.00000   0.00000   0.00000   0.00000   0.00000   0.00000   0.00000   0.00000   0.00000   0.00000
  1.6108   0.00000   0.00000   0.00000   0.00000   0.00000   0.00000   0.00000   0.00000   0.00000   0.00000
  1.6178   0.00000   0.00000   0.00000   0.00000   0.00000   0.00000   0.00000   0.00000   0.00000   0.00000
  1.6248   0.00000   0.00000   0.00000   0.00000   0.00000   0.00000   0.00000   0.00000   0.00000   0.00000
  1.6318   0.00000   0.00000   0.00000   0.00000   0.00000   0.00000   0.00000   0.00000   0.00000   0.00000
  1.6388   0.00000   0.00000   0.00000   0.00000   0.00000   0.00000   0.00000   0.00000   0.00000   0.00000
  1.6458   0.00000   0.00000   0.00000   0.00000   0.00000   0.00000   0.00000   0.00000   0.00000   0.00000
  1.6528   0.00000   0.00000   0.00000   0.00000   0.00000   0.00000   0.00000   0.00000   0.00000   0.00000
  1.6598   0.00000   0.00000   0.00000   0.00000   0.00000   0.00000   0.00000   0.00000   0.00000   0.00000
  1.6668   0.00000   0.00000   0.00000   0.00000   0.00000   0.00000   0.00000   0.00000   0.00000   0.00000
  1.6738   0.00000   0.00000   0.00000   0.00000   0.00000   0.00000   0.00000   0.00000   0.00000   0.00000
  1.6808   0.00000   0.00000   0.00000   0.00000   0.00000   0.00000   0.00000   0.00000   0.00000   0.00000
  1.6878   0.00000   0.00000   0.00000   0.00000   0.00000   0.00000   0.00000   0.00000   0.00000   0.00000
  1.6948   0.00000   0.00000   0.00000   0.00000   0.00000   0.00000   0.00000   0.00000   0.00000   0.00000
  1.7019   0.00000   0.00000   0.00000   0.00000   0.00000   0.00000   0.00000   0.00000   0.00000   0.00000
  1.7089   0.00000   0.00000   0.00000   0.00000   0.00000   0.00000   0.00000   0.00000   0.00000   0.00000
  1.7159   0.00000   0.00000   0.00000   0.00000   0.00000   0.00000   0.00000   0.00000   0.00000   0.00000
  1.7229   0.00000   0.00000   0.00000   0.00000   0.00000   0.00000   0.00000   0.00000   0.00000   0.00000
  1.7299   0.00000   0.00000   0.00000   0.00000   0.00000   0.00000   0.00000   0.00000   0.00000   0.00000
  1.7369   0.00000   0.00000   0.00000   0.00000   0.00000   0.00000   0.00000   0.00000   0.00000   0.00000
  1.7439   0.00000   0.00000   0.00000   0.00000   0.00000   0.00000   0.00000   0.00000   0.00000   0.00000
  1.7509   0.00000   0.00000   0.00000   0.00000   0.00000   0.00000   0.00000   0.00000   0.00000   0.00000
  1.7579   0.00000   0.00000   0.00000   0.00000   0.00000   0.00000   0.00000   0.00000   0.00000   0.00000
  1.7649   0.00000   0.00000   0.00000   0.00000   0.00000   0.00000   0.00000   0.00000   0.00000   0.00000
  1.7719   0.00000   0.00000   0.00000   0.00000   0.00000   0.00000   0.00000   0.00000   0.00000   0.00000
  1.7789   0.00000   0.00000   0.00000   0.00000   0.00000   0.00000   0.00000   0.00000   0.00000   0.00000
  1.7859   0.00000   0.00000   0.00000   0.00000   0.00000   0.00000   0.00000   0.00000   0.00000   0.00000
  1.7929   0.00000   0.00000   0.00000   0.00000   0.00000   0.00000   0.00000   0.00000   0.00000   0.00000
  1.7999   0.00000   0.00000   0.00000   0.00000   0.00000   0.00000   0.00000   0.00000   0.00000   0.00000
  1.8069   0.00000   0.00000   0.00000   0.00000   0.00000   0.00000   0.00000   0.00000   0.00000   0.00000
  1.8139   0.00000   0.00000   0.00000   0.00000   0.00000   0.00000   0.00000   0.00000   0.00000   0.00000
  1.8209   0.00000   0.00000   0.00000   0.00000   0.00000   0.00000   0.00000   0.00000   0.00000   0.00000
  1.8279   0.00000   0.00000   0.00000   0.00000   0.00000   0.00000   0.00000   0.00000   0.00000   0.00000
  1.8349   0.00000   0.00000   0.00000   0.00000   0.00000   0.00000   0.00000   0.00000   0.00000   0.00000
  1.8419   0.00000   0.00000   0.00000   0.00000   0.00000   0.00000   0.00000   0.00000   0.00000   0.00000
  1.8489   0.00000   0.00000   0.00000   0.00000   0.00000   0.00000   0.00000   0.00000   0.00000   0.00000
  1.8559   0.00000   0.00000   0.00000   0.00000   0.00000   0.00000   0.00000   0.00000   0.00000   0.00000
  1.8629   0.00000   0.00000   0.00000   0.00000   0.00000   0.00000   0.00000   0.00000   0.00000   0.00000
  1.8699   0.00000   0.00000   0.00000   0.00000   0.00000   0.00000   0.00000   0.00000   0.00000   0.00000
  1.8769   0.00000   0.00000   0.00000   0.00000   0.00000   0.00000   0.00000   0.00000   0.00000   0.00000
  1.8839   0.00000   0.00000   0.00000   0.00000   0.00000   0.00000   0.00000   0.00000   0.00000   0.00000
  1.8909   0.00000   0.00000   0.00000   0.00000   0.00000   0.00000   0.00000   0.00000   0.00000   0.00000
  1.8979   0.00000   0.00000   0.00000   0.00000   0.00000   0.00000   0.00000   0.00000   0.00000   0.00000
  1.9050   0.00000   0.00000   0.00000   0.00000   0.00000   0.00000   0.00000   0.00000   0.00000   0.00000
  1.9120   0.00000   0.00000   0.00000   0.00000   0.00000   0.00000   0.00000   0.00000   0.00000   0.00000
  1.9190   0.00000   0.00000   0.00000   0.00000   0.00000   0.00000   0.00000   0.00000   0.00000   0.00000
  1.9260   0.00000   0.00000   0.00000   0.00000   0.00000   0.00000   0.00000   0.00000   0.00000   0.00000
  1.9330   0.00000   0.00000   0.00000   0.00000   0.00000   0.00000   0.00000   0.00000   0.00000   0.00000
  1.9400   0.00000   0.00000   0.00000   0.00000   0.00000   0.00000   0.00000   0.00000   0.00000   0.00000
  1.9470   0.00000   0.00000   0.00000   0.00000   0.00000   0.00000   0.00000   0.00000   0.00000   0.00000
  1.9540   0.00000   0.00000   0.00000   0.00000   0.00000   0.00000   0.00000   0.00000   0.00000   0.00000
  1.9610   0.00000   0.00000   0.00000   0.00000   0.00000   0.00000   0.00000   0.00000   0.00000   0.00000
  1.9680   0.00000   0.00000   0.00000   0.00000   0.00000   0.00000   0.00000   0.00000   0.00000   0.00000
  1.9750   0.00000   0.00000   0.00000   0.00000   0.00000   0.00000   0.00000   0.00000   0.00000   0.00000
  1.9820   0.00000   0.00000   0.00000   0.00000   0.00000   0.00000   0.00000   0.00000   0.00000   0.00000
  1.9890   0.00000   0.00000   0.00000   0.00000   0.00000   0.00000   0.00000   0.00000   0.00000   0.00000
  1.9960   0.00000   0.00000   0.00000   0.00000   0.00000   0.00000   0.00000   0.00000   0.00000   0.00000
  2.0030   0.00000   0.00000   0.00000   0.00000   0.00000   0.00000   0.00000   0.00000   0.00000   0.00000
  2.0100   0.00000   0.00000   0.00000   0.00000   0.00000   0.00000   0.00000   0.00000   0.00000   0.00000
  2.0170   0.00000   0.00000   0.00000   0.00000   0.00000   0.00000   0.00000   0.00000   0.00000   0.00000
  2.0240   0.00000   0.00000   0.00000   0.00000   0.00000   0.00000   0.00000   0.00000   0.00000   0.00000
  2.0310   0.00000   0.00000   0.00000   0.00000   0.00000   0.00000   0.00000   0.00000   0.00000   0.00000
  2.0380   0.00000   0.00000   0.00000   0.00000   0.00000   0.00000   0.00000   0.00000   0.00000   0.00000
  2.0450   0.00000   0.00000   0.00000   0.00000   0.00000   0.00000   0.00000   0.00000   0.00000   0.00000
  2.0520   0.00000   0.00000   0.00000   0.00000   0.00000   0.00000   0.00000   0.00000   0.00000   0.00000
  2.0590   0.00000   0.00000   0.00000   0.00000   0.00000   0.00000   0.00000   0.00000   0.00000   0.00000
  2.0660   0.00000   0.00000   0.00000   0.00000   0.00000   0.00000   0.00000   0.00000   0.00000   0.00000
  2.0730   0.00000   0.00000   0.00000   0.00000   0.00000   0.00000   0.00000   0.00000   0.00000   0.00000
  2.0800   0.00000   0.00000   0.00000   0.00000   0.00000   0.00000   0.00000   0.00000   0.00000   0.00000
  2.0870   0.00000   0.00000   0.00000   0.00000   0.00000   0.00000   0.00000   0.00000   0.00000   0.00000
  2.0940   0.00000   0.00000   0.00000   0.00000   0.00000   0.00000   0.00000   0.00000   0.00000   0.00000
  2.1011   0.00000   0.00000   0.00000   0.00000   0.00000   0.00000   0.00000   0.00000   0.00000   0.00000
  2.1081   0.00000   0.00000   0.00000   0.00000   0.00000   0.00000   0.00000   0.00000   0.00000   0.00000
  2.1151   0.00000   0.00000   0.00000   0.00000   0.00000   0.00000   0.00000   0.00000   0.00000   0.00000
  2.1221   0.00000   0.00000   0.00000   0.00000   0.00000   0.00000   0.00000   0.00000   0.00000   0.00000
  2.1291   0.00000   0.00000   0.00000   0.00000   0.00000   0.00000   0.00000   0.00000   0.00000   0.00000
  2.1361   0.00000   0.00000   0.00000   0.00000   0.00000   0.00000   0.00000   0.00000   0.00000   0.00000
  2.1431   0.00000   0.00000   0.00000   0.00000   0.00000   0.00000   0.00000   0.00000   0.00000   0.00000
  2.1501   0.00000   0.00000   0.00000   0.00000   0.00000   0.00000   0.00000   0.00000   0.00000   0.00000
  2.1571   0.00000   0.00000   0.00000   0.00000   0.00000   0.00000   0.00000   0.00000   0.00000   0.00000
  2.1641   0.00000   0.00000   0.00000   0.00000   0.00000   0.00000   0.00000   0.00000   0.00000   0.00000
  2.1711   0.00000   0.00000   0.00000   0.00000   0.00000   0.00000   0.00000   0.00000   0.00000   0.00000
  2.1781   0.00000   0.00000   0.00000   0.00000   0.00000   0.00000   0.00000   0.00000   0.00000   0.00000
  2.1851   0.00000   0.00000   0.00000   0.00000   0.00000   0.00000   0.00000   0.00000   0.00000   0.00000
  2.1921   0.00000   0.00000   0.00000   0.00000   0.00000   0.00000   0.00000   0.00000   0.00000   0.00000
  2.1991   0.00000   0.00000   0.00000   0.00000   0.00000   0.00000   0.00000   0.00000   0.00000   0.00000
  2.2061   0.00000   0.00000   0.00000   0.00000   0.00000   0.00000   0.00000   0.00000   0.00000   0.00000
  2.2131   0.00000   0.00000   0.00000   0.00000   0.00000   0.00000   0.00000   0.00000   0.00000   0.00000
  2.2201   0.00000   0.00000   0.00000   0.00000   0.00000   0.00000   0.00000   0.00000   0.00000   0.00000
  2.2271   0.00000   0.00000   0.00000   0.00000   0.00000   0.00000   0.00000   0.00000   0.00000   0.00000
  2.2341   0.00000   0.00000   0.00000   0.00000   0.00000   0.00000   0.00000   0.00000   0.00000   0.00000
  2.2411   0.00000   0.00000   0.00000   0.00000   0.00000   0.00000   0.00000   0.00000   0.00000   0.00000
  2.2481   0.00000   0.00000   0.00000   0.00000   0.00000   0.00000   0.00000   0.00000   0.00000   0.00000
  2.2551   0.00000   0.00000   0.00000   0.00000   0.00000   0.00000   0.00000   0.00000   0.00000   0.00000
  2.2621   0.00000   0.00000   0.00000   0.00000   0.00000   0.00000   0.00000   0.00000   0.00000   0.00000
  2.2691   0.00000   0.00000   0.00000   0.00000   0.00000   0.00000   0.00000   0.00000   0.00000   0.00000
  2.2761   0.00000   0.00000   0.00000   0.00000   0.00000   0.00000   0.00000   0.00000   0.00000   0.00000
  2.2831   0.00000   0.00000   0.00000   0.00000   0.00000   0.00000   0.00000   0.00000   0.00000   0.00000
  2.2901   0.00000   0.00000   0.00000   0.00000   0.00000   0.00000   0.00000   0.00000   0.00000   0.00000
  2.2971   0.00000   0.00000   0.00000   0.00000   0.00000   0.00000   0.00000   0.00000   0.00000   0.00000
  2.3042   0.00000   0.00000   0.00000   0.00000   0.00000   0.00000   0.00000   0.00000   0.00000   0.00000
  2.3112   0.00000   0.00000   0.00000   0.00000   0.00000   0.00000   0.00000   0.00000   0.00000   0.00000
  2.3182   0.00000   0.00000   0.00000   0.00000   0.00000   0.00000   0.00000   0.00000   0.00000   0.00000
  2.3252   0.00000   0.00000   0.00000   0.00000   0.00000   0.00000   0.00000   0.00000   0.00000   0.00000
  2.3322   0.00000   0.00000   0.00000   0.00000   0.00000   0.00000   0.00000   0.00000   0.00000   0.00000
  2.3392   0.00000   0.00000   0.00000   0.00000   0.00000   0.00000   0.00000   0.00000   0.00000   0.00000
  2.3462   0.00000   0.00000   0.00000   0.00000   0.00000   0.00000   0.00000   0.00000   0.00000   0.00000
  2.3532   0.00000   0.00000   0.00000   0.00000   0.00000   0.00000   0.00000   0.00000   0.00000   0.00000
  2.3602   0.00000   0.00000   0.00000   0.00000   0.00000   0.00000   0.00000   0.00000   0.00000   0.00000
  2.3672   0.00000   0.00000   0.00000   0.00000   0.00000   0.00000   0.00000   0.00000   0.00000   0.00000
  2.3742   0.00000   0.00000   0.00000   0.00000   0.00000   0.00000   0.00000   0.00000   0.00000   0.00000
  2.3812   0.00000   0.00000   0.00000   0.00000   0.00000   0.00000   0.00000   0.00000   0.00000   0.00000
  2.3882   0.00000   0.00000   0.00000   0.00000   0.00000   0.00000   0.00000   0.00000   0.00000   0.00000
  2.3952   0.00000   0.00000   0.00000   0.00000   0.00000   0.00000   0.00000   0.00000   0.00000   0.00000
  2.4022   0.00000   0.00000   0.00000   0.00000   0.00000   0.00000   0.00000   0.00000   0.00000   0.00000
  2.4092   0.00000   0.00000   0.00000   0.00000   0.00000   0.00000   0.00000   0.00000   0.00000   0.00000
  2.4162   0.00000   0.00000   0.00000   0.00000   0.00000   0.00000   0.00000   0.00000   0.00000   0.00000
  2.4232   0.00000   0.00000   0.00000   0.00000   0.00000   0.00000   0.00000   0.00000   0.00000   0.00000
  2.4302   0.00000   0.00000   0.00000   0.00000   0.00000   0.00000   0.00000   0.00000   0.00000   0.00000
  2.4372   0.00000   0.00000   0.00000   0.00000   0.00000   0.00000   0.00000   0.00000   0.00000   0.00000
  2.4442   0.00000   0.00000   0.00000   0.00000   0.00000   0.00000   0.00000   0.00000   0.00000   0.00000
  2.4512   0.00000   0.00000   0.00000   0.00000   0.00000   0.00000   0.00000   0.00000   0.00000   0.00000
  2.4582   0.00000   0.00000   0.00000   0.00000   0.00000   0.00000   0.00000   0.00000   0.00000   0.00000
  2.4652   0.00000   0.00000   0.00000   0.00000   0.00000   0.00000   0.00000   0.00000   0.00000   0.00000
  2.4722   0.00000   0.00000   0.00000   0.00000   0.00000   0.00000   0.00000   0.00000   0.00000   0.00000
  2.4792   0.00000   0.00000   0.00000   0.00000   0.00000   0.00000   0.00000   0.00000   0.00000   0.00000
  2.4862   0.00000   0.00000   0.00000   0.00000   0.00000   0.00000   0.00000   0.00000   0.00000   0.00000
  2.4932   0.00000   0.00000   0.00000   0.00000   0.00000   0.00000   0.00000   0.00000   0.00000   0.00000
  2.5003   0.00000   0.00000   0.00000   0.00000   0.00000   0.00000   0.00000   0.00000   0.00000   0.00000
  2.5073   0.00000   0.00000   0.00000   0.00000   0.00000   0.00000   0.00000   0.00000   0.00000   0.00000
  2.5143   0.00000   0.00000   0.00000   0.00000   0.00000   0.00000   0.00000   0.00000   0.00000   0.00000
  2.5213   0.00000   0.00000   0.00000   0.00000   0.00000   0.00000   0.00000   0.00000   0.00000   0.00000
  2.5283   0.00000   0.00000   0.00000   0.00000   0.00000   0.00000   0.00000   0.00000   0.00000   0.00000
  2.5353   0.00000   0.00000   0.00000   0.00000   0.00000   0.00000   0.00000   0.00000   0.00000   0.00000
  2.5423   0.00000   0.00000   0.00000   0.00000   0.00000   0.00000   0.00000   0.00000   0.00000   0.00000
  2.5493   0.00000   0.00000   0.00000   0.00000   0.00000   0.00000   0.00000   0.00000   0.00000   0.00000
  2.5563   0.00000   0.00000   0.00000   0.00000   0.00000   0.00000   0.00000   0.00000   0.00000   0.00000
  2.5633   0.00000   0.00000   0.00000   0.00000   0.00000   0.00000   0.00000   0.00000   0.00000   0.00000
  2.5703   0.00000   0.00000   0.00000   0.00000   0.00000   0.00000   0.00000   0.00000   0.00000   0.00000
  2.5773   0.00000   0.00000   0.00000   0.00000   0.00000   0.00000   0.00000   0.00000   0.00000   0.00000
  2.5843   0.00000   0.00000   0.00000   0.00000   0.00000   0.00000   0.00000   0.00000   0.00000   0.00000
  2.5913   0.00000   0.00000   0.00000   0.00000   0.00000   0.00000   0.00000   0.00000   0.00000   0.00000
  2.5983   0.00000   0.00000   0.00000   0.00000   0.00000   0.00000   0.00000   0.00000   0.00000   0.00000
  2.6053   0.00000   0.00000   0.00000   0.00000   0.00000   0.00000   0.00000   0.00000   0.00000   0.00000
  2.6123   0.00000   0.00000   0.00000   0.00000   0.00000   0.00000   0.00000   0.00000   0.00000   0.00000
  2.6193   0.00000   0.00000   0.00000   0.00000   0.00000   0.00000   0.00000   0.00000   0.00000   0.00000
  2.6263   0.00000   0.00000   0.00000   0.00000   0.00000   0.00000   0.00000   0.00000   0.00000   0.00000
  2.6333   0.00000   0.00000   0.00000   0.00000   0.00000   0.00000   0.00000   0.00000   0.00000   0.00000
  2.6403   0.00000   0.00000   0.00000   0.00000   0.00000   0.00000   0.00000   0.00000   0.00000   0.00000
  2.6473   0.00000   0.00000   0.00000   0.00000   0.00000   0.00000   0.00000   0.00000   0.00000   0.00000
  2.6543   0.00000   0.00000   0.00000   0.00000   0.00000   0.00000   0.00000   0.00000   0.00000   0.00000
  2.6613   0.00000   0.00000   0.00000   0.00000   0.00000   0.00000   0.00000   0.00000   0.00000   0.00000
  2.6683   0.00000   0.00000   0.00000   0.00000   0.00000   0.00000   0.00000   0.00000   0.00000   0.00000
  2.6753   0.00000   0.00000   0.00000   0.00000   0.00000   0.00000   0.00000   0.00000   0.00000   0.00000
  2.6823   0.00000   0.00000   0.00000   0.00000   0.00000   0.00000   0.00000   0.00000   0.00000   0.00000
  2.6893   0.00000   0.00000   0.00000   0.00000   0.00000   0.00000   0.00000   0.00000   0.00000   0.00000
  2.6963   0.00000   0.00000   0.00000   0.00000   0.00000   0.00000   0.00000   0.00000   0.00000   0.00000
  2.7034   0.00000   0.00000   0.00000   0.00000   0.00000   0.00000   0.00000   0.00000   0.00000   0.00000
  2.7104   0.00000   0.00000   0.00000   0.00000   0.00000   0.00000   0.00000   0.00000   0.00000   0.00000
  2.7174   0.00000   0.00000   0.00000   0.00000   0.00000   0.00000   0.00000   0.00000   0.00000   0.00000
  2.7244   0.00000   0.00000   0.00000   0.00000   0.00000   0.00000   0.00000   0.00000   0.00000   0.00000
  2.7314   0.00000   0.00000   0.00000   0.00000   0.00000   0.00000   0.00000   0.00000   0.00000   0.00000
  2.7384   0.00000   0.00000   0.00000   0.00000   0.00000   0.00000   0.00000   0.00000   0.00000   0.00000
  2.7454   0.00000   0.00000   0.00000   0.00000   0.00000   0.00000   0.00000   0.00000   0.00000   0.00000
  2.7524   0.00000   0.00000   0.00000   0.00000   0.00000   0.00000   0.00000   0.00000   0.00000   0.00000
  2.7594   0.00000   0.00000   0.00000   0.00000   0.00000   0.00000   0.00000   0.00000   0.00000   0.00000
  2.7664   0.00000   0.00000   0.00000   0.00000   0.00000   0.00000   0.00000   0.00000   0.00000   0.00000
  2.7734   0.00000   0.00000   0.00000   0.00000   0.00000   0.00000   0.00000   0.00000   0.00000   0.00000
  2.7804   0.00000   0.00000   0.00000   0.00000   0.00000   0.00000   0.00000   0.00000   0.00000   0.00000
  2.7874   0.00000   0.00000   0.00000   0.00000   0.00000   0.00000   0.00000   0.00000   0.00000   0.00000
  2.7944   0.00000   0.00000   0.00000   0.00000   0.00000   0.00000   0.00000   0.00000   0.00000   0.00000
  2.8014   0.00000   0.00000   0.00000   0.00000   0.00000   0.00000   0.00000   0.00000   0.00000   0.00000
  2.8084   0.00000   0.00000   0.00000   0.00000   0.00000   0.00000   0.00000   0.00000   0.00000   0.00000
  2.8154   0.00000   0.00000   0.00000   0.00000   0.00000   0.00000   0.00000   0.00000   0.00000   0.00000
  2.8224   0.00000   0.00000   0.00000   0.00000   0.00000   0.00000   0.00000   0.00000   0.00000   0.00000
  2.8294   0.00000   0.00000   0.00000   0.00000   0.00000   0.00000   0.00000   0.00000   0.00000   0.00000
  2.8364   0.00000   0.00000   0.00000   0.00000   0.00000   0.00000   0.00000   0.00000   0.00000   0.00000
  2.8434   0.00000   0.00000   0.00000   0.00000   0.00000   0.00000   0.00000   0.00000   0.00000   0.00000
  2.8504   0.00000   0.00000   0.00000   0.00000   0.00000   0.00000   0.00000   0.00000   0.00000   0.00000
  2.8574   0.00000   0.00000   0.00000   0.00000   0.00000   0.00000   0.00000   0.00000   0.00000   0.00000
  2.8644   0.00000   0.00000   0.00000   0.00000   0.00000   0.00000   0.00000   0.00000   0.00000   0.00000
  2.8714   0.00000   0.00000   0.00000   0.00000   0.00000   0.00000   0.00000   0.00000   0.00000   0.00000
  2.8784   0.00000   0.00000   0.00000   0.00000   0.00000   0.00000   0.00000   0.00000   0.00000   0.00000
  2.8854   0.00000   0.00000   0.00000   0.00000   0.00000   0.00000   0.00000   0.00000   0.00000   0.00000
  2.8924   0.00000   0.00000   0.00000   0.00000   0.00000   0.00000   0.00000   0.00000   0.00000   0.00000
  2.8994   0.00000   0.00000   0.00000   0.00000   0.00000   0.00000   0.00000   0.00000   0.00000   0.00000
  2.9065   0.00000   0.00000   0.00000   0.00000   0.00000   0.00000   0.00000   0.00000   0.00000   0.00000
  2.9135   0.00000   0.00000   0.00000   0.00000   0.00000   0.00000   0.00000   0.00000   0.00000   0.00000
  2.9205   0.00000   0.00000   0.00000   0.00000   0.00000   0.00000   0.00000   0.00000   0.00000   0.00000
  2.9275   0.00000   0.00000   0.00000   0.00000   0.00000   0.00000   0.00000   0.00000   0.00000   0.00000
  2.9345   0.00000   0.00000   0.00000   0.00000   0.00000   0.00000   0.00000   0.00000   0.00000   0.00000
  2.9415   0.00000   0.00000   0.00000   0.00000   0.00000   0.00000   0.00000   0.00000   0.00000   0.00000
  2.9485   0.00000   0.00000   0.00000   0.00000   0.00000   0.00000   0.00000   0.00000   0.00000   0.00000
  2.9555   0.00000   0.00000   0.00000   0.00000   0.00000   0.00000   0.00000   0.00000   0.00000   0.00000
  2.9625   0.00000   0.00000   0.00000   0.00000   0.00000   0.00000   0.00000   0.00000   0.00000   0.00000
  2.9695   0.00000   0.00000   0.00000   0.00000   0.00000   0.00000   0.00000   0.00000   0.00000   0.00000
  2.9765   0.00000   0.00000   0.00000   0.00000   0.00000   0.00000   0.00000   0.00000   0.00000   0.00000
  2.9835   0.00000   0.00000   0.00000   0.00000   0.00000   0.00000   0.00000   0.00000   0.00000   0.00000
  2.9905   0.00000   0.00000   0.00000   0.00000   0.00000   0.00000   0.00000   0.00000   0.00000   0.00000
  2.9975   0.00000   0.00000   0.00000   0.00000   0.00000   0.00000   0.00000   0.00000   0.00000   0.00000
  3.0045   0.00000   0.00000   0.00000   0.00000   0.00000   0.00000   0.00000   0.00000   0.00000   0.00000
  3.0115   0.00000   0.00000   0.00000   0.00000   0.00000   0.00000   0.00000   0.00000   0.00000   0.00000
  3.0185   0.00000   0.00000   0.00000   0.00000   0.00000   0.00000   0.00000   0.00000   0.00000   0.00000
  3.0255   0.00000   0.00000   0.00000   0.00000   0.00000   0.00000   0.00000   0.00000   0.00000   0.00000
  3.0325   0.00000   0.00000   0.00000   0.00000   0.00000   0.00000   0.00000   0.00000   0.00000   0.00000
  3.0395   0.00000   0.00000   0.00000   0.00000   0.00000   0.00000   0.00000   0.00000   0.00000   0.00000
  3.0465   0.00000   0.00000   0.00000   0.00000   0.00000   0.00000   0.00000   0.00000   0.00000   0.00000
  3.0535   0.00000   0.00000   0.00000   0.00000   0.00000   0.00000   0.00000   0.00000   0.00000   0.00000
  3.0605   0.00000   0.00000   0.00000   0.00000   0.00000   0.00000   0.00000   0.00000   0.00000   0.00000
  3.0675   0.00000   0.00000   0.00000   0.00000   0.00000   0.00000   0.00000   0.00000   0.00000   0.00000
  3.0745   0.00000   0.00000   0.00000   0.00000   0.00000   0.00000   0.00000   0.00000   0.00000   0.00000
  3.0815   0.00000   0.00000   0.00000   0.00000   0.00000   0.00000   0.00000   0.00000   0.00000   0.00000
  3.0885   0.00000   0.00000   0.00000   0.00000   0.00000   0.00000   0.00000   0.00000   0.00000   0.00000
  3.0955   0.00000   0.00000   0.00000   0.00000   0.00000   0.00000   0.00000   0.00000   0.00000   0.00000
  3.1026   0.00000   0.00000   0.00000   0.00000   0.00000   0.00000   0.00000   0.00000   0.00000   0.00000
  3.1096   0.00000   0.00000   0.00000   0.00000   0.00000   0.00000   0.00000   0.00000   0.00000   0.00000
  3.1166   0.00000   0.00000   0.00000   0.00000   0.00000   0.00000   0.00000   0.00000   0.00000   0.00000
  3.1236   0.00000   0.00000   0.00000   0.00000   0.00000   0.00000   0.00000   0.00000   0.00000   0.00000
  3.1306   0.00000   0.00000   0.00000   0.00000   0.00000   0.00000   0.00000   0.00000   0.00000   0.00000
  3.1376   0.00000   0.00000   0.00000   0.00000   0.00000   0.00000   0.00000   0.00000   0.00000   0.00000
  3.1446   0.00000   0.00000   0.00000   0.00000   0.00000   0.00000   0.00000   0.00000   0.00000   0.00000
  3.1516   0.00000   0.00000   0.00000   0.00000   0.00000   0.00000   0.00000   0.00000   0.00000   0.00000
  3.1586   0.00000   0.00000   0.00000   0.00000   0.00000   0.00000   0.00000   0.00000   0.00000   0.00000
  3.1656   0.00000   0.00000   0.00000   0.00000   0.00000   0.00000   0.00000   0.00000   0.00000   0.00000
  3.1726   0.00000   0.00000   0.00000   0.00000   0.00000   0.00000   0.00000   0.00000   0.00000   0.00000
  3.1796   0.00000   0.00000   0.00000   0.00000   0.00000   0.00000   0.00000   0.00000   0.00000   0.00000
  3.1866   0.00000   0.00000   0.00000   0.00000   0.00000   0.00000   0.00000   0.00000   0.00000   0.00000
  3.1936   0.00000   0.00000   0.00000   0.00000   0.00000   0.00000   0.00000   0.00000   0.00000   0.00000
  3.2006   0.00000   0.00000   0.00000   0.00000   0.00000   0.00000   0.00000   0.00000   0.00000   0.00000
  3.2076   0.00000   0.00000   0.00000   0.00000   0.00000   0.00000   0.00000   0.00000   0.00000   0.00000
  3.2146   0.00000   0.00001   0.00001   0.00001   0.00001   0.00001   0.00001   0.00001   0.00001   0.00001
  3.2216   0.00001   0.00001   0.00001   0.00001   0.00001   0.00001   0.00001   0.00001   0.00001   0.00001
  3.2286   0.00001   0.00001   0.00001   0.00001   0.00001   0.00001   0.00001   0.00001   0.00001   0.00001
  3.2356   0.00001   0.00002   0.00002   0.00002   0.00002   0.00002   0.00002   0.00002   0.00002   0.00002
  3.2426   0.00002   0.00002   0.00002   0.00002   0.00002   0.00002   0.00002   0.00002   0.00002   0.00002
  3.2496   0.00003   0.00003   0.00003   0.00003   0.00003   0.00003   0.00003   0.00003   0.00003   0.00003
  3.2566   0.00004   0.00005   0.00005   0.00004   0.00004   0.00004   0.00004   0.00004   0.00004   0.00004
  3.2636   0.00005   0.00007   0.00006   0.00006   0.00006   0.00006   0.00006   0.00006   0.00006   0.00006
  3.2706   0.00007   0.00009   0.00009   0.00008   0.00008   0.00008   0.00008   0.00008   0.00008   0.00009
  3.2776   0.00009   0.00013   0.00012   0.00011   0.00011   0.00011   0.00011   0.00011   0.00011   0.00012
  3.2846   0.00013   0.00017   0.00016   0.00016   0.00015   0.00015   0.00015   0.00015   0.00016   0.00016
  3.2916   0.00017   0.00023   0.00022   0.00021   0.00021   0.00020   0.00021   0.00021   0.00021   0.00021
  3.2986   0.00023   0.00031   0.00029   0.00028   0.00028   0.00027   0.00028   0.00028   0.00028   0.00028
  3.3057   0.00030   0.00041   0.00039   0.00037   0.00037   0.00036   0.00037   0.00037   0.00037   0.00038
  3.3127   0.00040   0.00055   0.00051   0.00049   0.00048   0.00048   0.00048   0.00049   0.00049   0.00050
  3.3197   0.00052   0.00071   0.00067   0.00065   0.00063   0.00063   0.00063   0.00064   0.00065   0.00066
  3.3267   0.00068   0.00093   0.00087   0.00084   0.00083   0.00082   0.00082   0.00083   0.00084   0.00085
  3.3337   0.00088   0.00120   0.00113   0.00109   0.00107   0.00106   0.00107   0.00108   0.00109   0.00110
  3.3407   0.00113   0.00155   0.00145   0.00140   0.00137   0.00136   0.00137   0.00138   0.00140   0.00142
  3.3477   0.00145   0.00197   0.00185   0.00179   0.00175   0.00174   0.00175   0.00177   0.00179   0.00181
  3.3547   0.00183   0.00250   0.00234   0.00226   0.00222   0.00221   0.00222   0.00224   0.00226   0.00229
  3.3617   0.00231   0.00315   0.00295   0.00285   0.00280   0.00278   0.00279   0.00282   0.00285   0.00289
  3.3687   0.00289   0.00394   0.00369   0.00356   0.00349   0.00347   0.00349   0.00352   0.00356   0.00361
  3.3757   0.00359   0.00489   0.00458   0.00443   0.00434   0.00431   0.00433   0.00437   0.00443   0.00448
  3.3827   0.00442   0.00603   0.00564   0.00546   0.00535   0.00532   0.00534   0.00539   0.00546   0.00553
  3.3897   0.00542   0.00739   0.00691   0.00669   0.00656   0.00652   0.00654   0.00661   0.00669   0.00677
  3.3967   0.00659   0.00899   0.00841   0.00814   0.00798   0.00793   0.00796   0.00804   0.00814   0.00824
  3.4037   0.00796   0.01086   0.01017   0.00983   0.00964   0.00958   0.00962   0.00971   0.00983   0.00996
  3.4107   0.00956   0.01303   0.01220   0.01180   0.01157   0.01150   0.01155   0.01166   0.01180   0.01195
  3.4177   0.01139   0.01554   0.01454   0.01406   0.01379   0.01370   0.01376   0.01390   0.01406   0.01424
  3.4247   0.01349   0.01839   0.01722   0.01665   0.01632   0.01623   0.01630   0.01645   0.01665   0.01686
  3.4317   0.01586   0.02163   0.02025   0.01958   0.01920   0.01908   0.01916   0.01935   0.01958   0.01983
  3.4387   0.01853   0.02526   0.02365   0.02287   0.02242   0.02228   0.02238   0.02259   0.02287   0.02316
  3.4457   0.02149   0.02930   0.02743   0.02653   0.02601   0.02585   0.02596   0.02621   0.02653   0.02686
  3.4527   0.02476   0.03376   0.03160   0.03056   0.02996   0.02978   0.02991   0.03020   0.03056   0.03095
  3.4597   0.02833   0.03863   0.03616   0.03497   0.03429   0.03408   0.03423   0.03455   0.03497   0.03542
  3.4667   0.03220   0.04390   0.04110   0.03974   0.03897   0.03873   0.03890   0.03927   0.03974   0.04025
  3.4737   0.03635   0.04956   0.04639   0.04486   0.04398   0.04372   0.04391   0.04433   0.04486   0.04544
  3.4807   0.04075   0.05556   0.05201   0.05030   0.04931   0.04901   0.04923   0.04970   0.05030   0.05094
  3.4877   0.04538   0.06187   0.05791   0.05601   0.05491   0.05458   0.05482   0.05534   0.05601   0.05672
  3.4947   0.05019   0.06843   0.06405   0.06194   0.06073   0.06036   0.06062   0.06120   0.06194   0.06273
  3.5018   0.05513   0.07516   0.07036   0.06804   0.06671   0.06630   0.06659   0.06723   0.06804   0.06891
  3.5088   0.06014   0.08200   0.07676   0.07423   0.07278   0.07234   0.07265   0.07335   0.07423   0.07518
  3.5158   0.06517   0.08886   0.08318   0.08044   0.07886   0.07838   0.07873   0.07948   0.08044   0.08146
  3.5228   0.07014   0.09563   0.08952   0.08657   0.08487   0.08436   0.08473   0.08554   0.08657   0.08767
  3.5298   0.07497   0.10222   0.09569   0.09254   0.09073   0.09017   0.09057   0.09143   0.09254   0.09372
  3.5368   0.07960   0.10853   0.10159   0.09824   0.09632   0.09574   0.09615   0.09707   0.09824   0.09950
  3.5438   0.08393   0.11444   0.10712   0.10359   0.10157   0.10095   0.10139   0.10236   0.10359   0.10492
  3.5508   0.08790   0.11985   0.11219   0.10849   0.10637   0.10572   0.10619   0.10720   0.10849   0.10988
  3.5578   0.09144   0.12467   0.11670   0.11286   0.11065   0.10997   0.11045   0.11151   0.11286   0.11430
  3.5648   0.09447   0.12880   0.12056   0.11659   0.11431   0.11362   0.11411   0.11521   0.11659   0.11808
  3.5718   0.09693   0.13216   0.12371   0.11964   0.11730   0.11659   0.11709   0.11821   0.11964   0.12117
  3.5788   0.09879   0.13469   0.12608   0.12193   0.11954   0.11882   0.11934   0.12048   0.12193   0.12349
  3.5858   0.10000   0.13634   0.12762   0.12342   0.12101   0.12027   0.12080   0.12195   0.12342   0.12500
  3.5928   0.10053   0.13707   0.12831   0.12408   0.12166   0.12092   0.12144   0.12261   0.12408   0.12567
  3.5998   0.10039   0.13687   0.12812   0.12390   0.12148   0.12074   0.12127   0.12243   0.12390   0.12548
  3.6068   0.09956   0.13574   0.12706   0.12288   0.12048   0.11974   0.12027   0.12142   0.12288   0.12445
  3.6138   0.09807   0.13371   0.12516   0.12104   0.11867   0.11795   0.11846   0.11960   0.12104   0.12259
  3.6208   0.09594   0.13081   0.12245   0.11842   0.11610   0.11539   0.11590   0.11701   0.11842   0.11993
  3.6278   0.09323   0.12711   0.11898   0.11507   0.11281   0.11213   0.11262   0.11369   0.11507   0.11653
  3.6348   0.08997   0.12267   0.11483   0.11105   0.10888   0.10821   0.10869   0.10973   0.11105   0.11247
  3.6418   0.08624   0.11759   0.11007   0.10645   0.10436   0.10373   0.10418   0.10518   0.10645   0.10780
  3.6488   0.08211   0.11195   0.10479   0.10134   0.09936   0.09875   0.09918   0.10013   0.10134   0.10263
  3.6558   0.07764   0.10585   0.09909   0.09582   0.09395   0.09338   0.09378   0.09468   0.09582   0.09705
  3.6628   0.07291   0.09941   0.09306   0.08999   0.08823   0.08770   0.08808   0.08892   0.08999   0.09114
  3.6698   0.06801   0.09273   0.08680   0.08394   0.08230   0.08180   0.08216   0.08294   0.08394   0.08501
  3.6768   0.06301   0.08591   0.08042   0.07777   0.07625   0.07578   0.07611   0.07684   0.07777   0.07876
  3.6838   0.05798   0.07905   0.07400   0.07156   0.07016   0.06973   0.07004   0.07071   0.07156   0.07247
  3.6908   0.05299   0.07224   0.06762   0.06540   0.06412   0.06373   0.06401   0.06462   0.06540   0.06623
  3.6978   0.04810   0.06558   0.06138   0.05936   0.05820   0.05785   0.05810   0.05865   0.05936   0.06012
  3.7049   0.04336   0.05912   0.05534   0.05352   0.05247   0.05215   0.05238   0.05288   0.05352   0.05420
  3.7119   0.03883   0.05294   0.04955   0.04792   0.04698   0.04670   0.04690   0.04735   0.04792   0.04853
  3.7189   0.03453   0.04708   0.04407   0.04262   0.04178   0.04153   0.04171   0.04211   0.04262   0.04316
  3.7259   0.03050   0.04158   0.03893   0.03764   0.03691   0.03668   0.03684   0.03720   0.03764   0.03812
  3.7329   0.02676   0.03648   0.03415   0.03303   0.03238   0.03218   0.03232   0.03263   0.03303   0.03345
  3.7399   0.02331   0.03179   0.02976   0.02878   0.02821   0.02804   0.02816   0.02843   0.02878   0.02914
  3.7469   0.02018   0.02751   0.02575   0.02490   0.02442   0.02427   0.02437   0.02461   0.02490   0.02522
  3.7539   0.01734   0.02365   0.02214   0.02141   0.02099   0.02086   0.02095   0.02115   0.02141   0.02168
  3.7609   0.01481   0.02019   0.01890   0.01828   0.01792   0.01781   0.01789   0.01806   0.01828   0.01851
  3.7679   0.01255   0.01712   0.01602   0.01550   0.01519   0.01510   0.01517   0.01531   0.01550   0.01569
  3.7749   0.01057   0.01442   0.01349   0.01305   0.01279   0.01272   0.01277   0.01289   0.01305   0.01322
  3.7819   0.00884   0.01206   0.01129   0.01092   0.01070   0.01064   0.01068   0.01079   0.01092   0.01106
  3.7889   0.00735   0.01002   0.00938   0.00907   0.00889   0.00884   0.00888   0.00896   0.00907   0.00918
  3.7959   0.00606   0.00827   0.00774   0.00748   0.00734   0.00729   0.00732   0.00739   0.00748   0.00758
  3.8029   0.00497   0.00677   0.00634   0.00613   0.00601   0.00598   0.00600   0.00606   0.00613   0.00621
  3.8099   0.00404   0.00551   0.00516   0.00499   0.00489   0.00486   0.00489   0.00493   0.00499   0.00506
  3.8169   0.00327   0.00446   0.00417   0.00404   0.00396   0.00393   0.00395   0.00399   0.00404   0.00409
  3.8239   0.00263   0.00358   0.00335   0.00324   0.00318   0.00316   0.00317   0.00320   0.00324   0.00328
  3.8309   0.00209   0.00285   0.00267   0.00258   0.00253   0.00252   0.00253   0.00255   0.00258   0.00262
  3.8379   0.00166   0.00226   0.00212   0.00205   0.00201   0.00199   0.00200   0.00202   0.00205   0.00207
  3.8449   0.00130   0.00178   0.00167   0.00161   0.00158   0.00157   0.00158   0.00159   0.00161   0.00163
  3.8519   0.00102   0.00139   0.00130   0.00126   0.00123   0.00123   0.00123   0.00124   0.00126   0.00127
  3.8589   0.00079   0.00108   0.00101   0.00098   0.00096   0.00095   0.00096   0.00096   0.00098   0.00099
  3.8659   0.00061   0.00083   0.00078   0.00075   0.00074   0.00073   0.00074   0.00074   0.00075   0.00076
  3.8729   0.00047   0.00064   0.00060   0.00058   0.00056   0.00056   0.00056   0.00057   0.00058   0.00058
  3.8799   0.00035   0.00048   0.00045   0.00044   0.00043   0.00043   0.00043   0.00043   0.00044   0.00044
  3.8869   0.00027   0.00037   0.00034   0.00033   0.00032   0.00032   0.00032   0.00033   0.00033   0.00034
  3.8939   0.00020   0.00027   0.00026   0.00025   0.00024   0.00024   0.00024   0.00025   0.00025   0.00025
  3.9010   0.00015   0.00020   0.00019   0.00018   0.00018   0.00018   0.00018   0.00018   0.00018   0.00019
  3.9080   0.00011   0.00015   0.00014   0.00014   0.00013   0.00013   0.00013   0.00014   0.00014   0.00014
  3.9150   0.00008   0.00011   0.00010   0.00010   0.00010   0.00010   0.00010   0.00010   0.00010   0.00010
  3.9220   0.00006   0.00008   0.00008   0.00007   0.00007   0.00007   0.00007   0.00007   0.00007   0.00007
  3.9290   0.00004   0.00006   0.00006   0.00005   0.00005   0.00005   0.00005   0.00005   0.00005   0.00005
  3.9360   0.00003   0.00004   0.00004   0.00004   0.00004   0.00004   0.00004   0.00004   0.00004   0.00004
  3.9430   0.00002   0.00003   0.00003   0.00003   0.00003   0.00003   0.00003   0.00003   0.00003   0.00003
  3.9500   0.00002   0.00002   0.00002   0.00002   0.00002   0.00002   0.00002   0.00002   0.00002   0.00002
  3.9570   0.00001   0.00002   0.00001   0.00001   0.00001   0.00001   0.00001   0.00001   0.00001   0.00001
  3.9640   0.00001   0.00001   0.00001   0.00001   0.00001   0.00001   0.00001   0.00001   0.00001   0.00001
  3.9710   0.00001   0.00001   0.00001   0.00001   0.00001   0.00001   0.00001   0.00001   0.00001   0.00001
  3.9780   0.00000   0.00001   0.00000   0.00000   0.00000   0.00000   0.00000   0.00000   0.00000   0.00000
  3.9850   0.00000   0.00000   0.00000   0.00000   0.00000   0.00000   0.00000   0.00000   0.00000   0.00000
  3.9920   0.00000   0.00000   0.00000   0.00000   0.00000   0.00000   0.00000   0.00000   0.00000   0.00000
  3.9990   0.00000   0.00000   0.00000   0.00000   0.00000   0.00000   0.00000   0.00000   0.00000   0.00000
  4.0060   0.00000   0.00000   0.00000   0.00000   0.00000   0.00000   0.00000   0.00000   0.00000   0.00000
  4.0130   0.00000   0.00000   0.00000   0.00000   0.00000   0.00000   0.00000   0.00000   0.00000   0.00000
  4.0200   0.00000   0.00000   0.00000   0.00000   0.00000   0.00000   0.00000   0.00000   0.00000   0.00000
  4.0270   0.00000   0.00000   0.00000   0.00000   0.00000   0.00000   0.00000   0.00000   0.00000   0.00000
  4.0340   0.00000   0.00000   0.00000   0.00000   0.00000   0.00000   0.00000   0.00000   0.00000   0.00000
  4.0410   0.00000   0.00000   0.00000   0.00000   0.00000   0.00000   0.00000   0.00000   0.00000   0.00000
  4.0480   0.00000   0.00000   0.00000   0.00000   0.00000   0.00000   0.00000   0.00000   0.00000   0.00000
  4.0550   0.00000   0.00000   0.00000   0.00000   0.00000   0.00000   0.00000   0.00000   0.00000   0.00000
  4.0620   0.00000   0.00000   0.00000   0.00000   0.00000   0.00000   0.00000   0.00000   0.00000   0.00000
  4.0690   0.00000   0.00000   0.00000   0.00000   0.00000   0.00000   0.00000   0.00000   0.00000   0.00000
  4.0760   0.00000   0.00000   0.00000   0.00000   0.00000   0.00000   0.00000   0.00000   0.00000   0.00000
  4.0830   0.00000   0.00000   0.00000   0.00000   0.00000   0.00000   0.00000   0.00000   0.00000   0.00000
  4.0900   0.00000   0.00000   0.00000   0.00000   0.00000   0.00000   0.00000   0.00000   0.00000   0.00000
  4.0970   0.00000   0.00000   0.00000   0.00000   0.00000   0.00000   0.00000   0.00000   0.00000   0.00000
  4.1041   0.00000   0.00000   0.00000   0.00000   0.00000   0.00000   0.00000   0.00000   0.00000   0.00000
  4.1111   0.00000   0.00000   0.00000   0.00000   0.00000   0.00000   0.00000   0.00000   0.00000   0.00000
  4.1181   0.00000   0.00000   0.00000   0.00000   0.00000   0.00000   0.00000   0.00000   0.00000   0.00000
  4.1251   0.00000   0.00000   0.00001   0.00001   0.00001   0.00001   0.00001   0.00001   0.00001   0.00001
  4.1321   0.00000   0.00001   0.00001   0.00001   0.00001   0.00001   0.00001   0.00001   0.00001   0.00001
  4.1391   0.00000   0.00001   0.00001   0.00001   0.00001   0.00001   0.00001   0.00001   0.00001   0.00001
  4.1461   0.00000   0.00001   0.00002   0.00002   0.00002   0.00002   0.00002   0.00002   0.00002   0.00002
  4.1531   0.00001   0.00002   0.00002   0.00002   0.00002   0.00002   0.00003   0.00003   0.00003   0.00003
  4.1601   0.00001   0.00003   0.00003   0.00003   0.00003   0.00004   0.00004   0.00004   0.00004   0.00004
  4.1671   0.00001   0.00004   0.00004   0.00005   0.00005   0.00005   0.00005   0.00005   0.00006   0.00006
  4.1741   0.00002   0.00006   0.00006   0.00006   0.00007   0.00007   0.00007   0.00008   0.00008   0.00008
  4.1811   0.00003   0.00008   0.00009   0.00009   0.00009   0.00010   0.00010   0.00011   0.00011   0.00011
  4.1881   0.00004   0.00011   0.00012   0.00012   0.00013   0.00013   0.00014   0.00015   0.00015   0.00016
  4.1951   0.00005   0.00015   0.00016   0.00017   0.00017   0.00018   0.00019   0.00020   0.00021   0.00021
  4.2021   0.00007   0.00021   0.00022   0.00023   0.00024   0.00025   0.00026   0.00027   0.00028   0.00029
  4.2091   0.00009   0.00028   0.00030   0.00031   0.00032   0.00034   0.00035   0.00037   0.00038   0.00040
  4.2161   0.00013   0.00038   0.00041   0.00042   0.00043   0.00045   0.00048   0.00050   0.00052   0.00053
  4.2231   0.00017   0.00051   0.00055   0.00056   0.00058   0.00061   0.00064   0.00067   0.00069   0.00071
  4.2301   0.00023   0.00067   0.00072   0.00074   0.00076   0.00080   0.00085   0.00088   0.00092   0.00094
  4.2371   0.00030   0.00088   0.00095   0.00097   0.00101   0.00106   0.00111   0.00116   0.00121   0.00124
  4.2441   0.00040   0.00116   0.00125   0.00127   0.00132   0.00139   0.00146   0.00152   0.00158   0.00163
  4.2511   0.00052   0.00150   0.00163   0.00165   0.00171   0.00180   0.00190   0.00198   0.00205   0.00211
  4.2581   0.00068   0.00194   0.00210   0.00214   0.00221   0.00233   0.00245   0.00256   0.00265   0.00273
  4.2651   0.00088   0.00249   0.00269   0.00274   0.00284   0.00299   0.00314   0.00328   0.00340   0.00350
  4.2721   0.00112   0.00318   0.00343   0.00350   0.00362   0.00381   0.00401   0.00419   0.00434   0.00446
  4.2791   0.00143   0.00402   0.00435   0.00443   0.00459   0.00483   0.00508   0.00530   0.00549   0.00565
  4.2861   0.00181   0.00505   0.00547   0.00557   0.00578   0.00607   0.00639   0.00667   0.00691   0.00711
  4.2931   0.00228   0.00631   0.00683   0.00697   0.00722   0.00759   0.00798   0.00833   0.00863   0.00888
  4.3002   0.00286   0.00783   0.00848   0.00865   0.00896   0.00943   0.00991   0.01034   0.01071   0.01102
  4.3072   0.00355   0.00965   0.01045   0.01067   0.01106   0.01163   0.01222   0.01275   0.01321   0.01358
  4.3142   0.00438   0.01181   0.01280   0.01307   0.01355   0.01425   0.01497   0.01562   0.01617   0.01664
  4.3212   0.00538   0.01437   0.01558   0.01591   0.01649   0.01734   0.01822   0.01901   0.01968   0.02024
  4.3282   0.00656   0.01736   0.01883   0.01924   0.01995   0.02097   0.02203   0.02298   0.02379   0.02446
  4.3352   0.00794   0.02083   0.02262   0.02312   0.02397   0.02519   0.02646   0.02760   0.02857   0.02937
  4.3422   0.00957   0.02484   0.02699   0.02759   0.02861   0.03007   0.03158   0.03293   0.03408   0.03504
  4.3492   0.01145   0.02943   0.03199   0.03272   0.03393   0.03566   0.03744   0.03904   0.04040   0.04152
  4.3562   0.01362   0.03463   0.03767   0.03855   0.03997   0.04201   0.04410   0.04598   0.04757   0.04888
  4.3632   0.01610   0.04049   0.04407   0.04512   0.04679   0.04917   0.05161   0.05379   0.05565   0.05717
  4.3702   0.01891   0.04703   0.05122   0.05247   0.05442   0.05718   0.06000   0.06253   0.06468   0.06644
  4.3772   0.02208   0.05427   0.05915   0.06062   0.06288   0.06606   0.06931   0.07222   0.07468   0.07670
  4.3842   0.02562   0.06222   0.06786   0.06959   0.07219   0.07583   0.07955   0.08287   0.08568   0.08798
  4.3912   0.02954   0.07087   0.07735   0.07937   0.08235   0.08649   0.09071   0.09447   0.09766   0.10026
  4.3982   0.03386   0.08020   0.08760   0.08994   0.09333   0.09800   0.10277   0.10701   0.11059   0.11352
  4.4052   0.03856   0.09017   0.09858   0.10127   0.10510   0.11035   0.11568   0.12043   0.12444   0.12770
  4.4122   0.04366   0.10073   0.11022   0.11329   0.11759   0.12345   0.12939   0.13467   0.13912   0.14274
  4.4192   0.04913   0.11180   0.12244   0.12594   0.13073   0.13722   0.14379   0.14963   0.15453   0.15852
  4.4262   0.05494   0.12330   0.13515   0.13910   0.14442   0.15156   0.15878   0.16519   0.17056   0.17492
  4.4332   0.06107   0.13510   0.14822   0.15267   0.15853   0.16634   0.17422   0.18120   0.18705   0.19178
  4.4402   0.06747   0.14708   0.16153   0.16650   0.17291   0.18140   0.18995   0.19751   0.20383   0.20893
  4.4472   0.07409   0.15911   0.17492   0.18043   0.18741   0.19658   0.20579   0.21391   0.22070   0.22616
  4.4542   0.08087   0.17102   0.18821   0.19429   0.20184   0.21168   0.22153   0.23022   0.23746   0.24327
  4.4612   0.08772   0.18266   0.20124   0.20791   0.21602   0.22651   0.23699   0.24621   0.25387   0.26001
  4.4682   0.09458   0.19386   0.21382   0.22108   0.22974   0.24085   0.25192   0.26164   0.26971   0.27615
  4.4752   0.10136   0.20444   0.22575   0.23361   0.24281   0.25450   0.26612   0.27630   0.28474   0.29145
  4.4822   0.10796   0.21424   0.23686   0.24531   0.25502   0.26725   0.27936   0.28996   0.29871   0.30566
  4.4892   0.11430   0.22309   0.24695   0.25600   0.26618   0.27888   0.29143   0.30239   0.31142   0.31856
  4.4962   0.12027   0.23086   0.25588   0.26549   0.27609   0.28921   0.30213   0.31338   0.32263   0.32992
  4.5033   0.12579   0.23740   0.26347   0.27362   0.28461   0.29806   0.31127   0.32275   0.33217   0.33956
  4.5103   0.13076   0.24260   0.26960   0.28025   0.29156   0.30528   0.31870   0.33035   0.33986   0.34731
  4.5173   0.13509   0.24638   0.27417   0.28527   0.29685   0.31074   0.32429   0.33602   0.34558   0.35303
  4.5243   0.13872   0.24865   0.27708   0.28859   0.30037   0.31435   0.32795   0.33968   0.34922   0.35662
  4.5313   0.14158   0.24939   0.27830   0.29016   0.30206   0.31605   0.32960   0.34126   0.35072   0.35802
  4.5383   0.14361   0.24858   0.27781   0.28994   0.30189   0.31580   0.32922   0.34074   0.35005   0.35720
  4.5453   0.14478   0.24625   0.27561   0.28794   0.29988   0.31362   0.32683   0.33813   0.34724   0.35419
  4.5523   0.14507   0.24243   0.27175   0.28421   0.29606   0.30955   0.32246   0.33349   0.34233   0.34905
  4.5593   0.14446   0.23720   0.26630   0.27881   0.29050   0.30366   0.31621   0.32689   0.33542   0.34188
  4.5663   0.14297   0.23066   0.25936   0.27184   0.28331   0.29606   0.30818   0.31846   0.32665   0.33280
  4.5733   0.14063   0.22293   0.25106   0.26344   0.27461   0.28690   0.29853   0.30836   0.31615   0.32198
  4.5803   0.13746   0.21414   0.24155   0.25373   0.26455   0.27633   0.28741   0.29676   0.30413   0.30961
  4.5873   0.13354   0.20444   0.23098   0.24290   0.25332   0.26452   0.27503   0.28385   0.29079   0.29590
  4.5943   0.12892   0.19398   0.21953   0.23112   0.24109   0.25169   0.26157   0.26985   0.27633   0.28108
  4.6013   0.12369   0.18294   0.20737   0.21857   0.22805   0.23802   0.24727   0.25499   0.26100   0.26537
  4.6083   0.11794   0.17148   0.19470   0.20545   0.21442   0.22373   0.23233   0.23948   0.24502   0.24902
  4.6153   0.11175   0.15975   0.18170   0.19195   0.20037   0.20902   0.21697   0.22355   0.22863   0.23226
  4.6223   0.10522   0.14793   0.16853   0.17825   0.18611   0.19409   0.20139   0.20741   0.21203   0.21531
  4.6293   0.09845   0.13615   0.15537   0.16452   0.17182   0.17914   0.18580   0.19128   0.19545   0.19839
  4.6363   0.09154   0.12455   0.14238   0.15093   0.15766   0.16434   0.17038   0.17533   0.17908   0.18169
  4.6433   0.08459   0.11325   0.12968   0.13762   0.14380   0.14985   0.15530   0.15974   0.16309   0.16540
  4.6503   0.07767   0.10235   0.11740   0.12473   0.13036   0.13581   0.14070   0.14466   0.14763   0.14965
  4.6573   0.07087   0.09194   0.10564   0.11237   0.11747   0.12235   0.12670   0.13021   0.13283   0.13460
  4.6643   0.06426   0.08210   0.09449   0.10063   0.10522   0.10956   0.11341   0.11651   0.11881   0.12033
  4.6713   0.05790   0.07287   0.08401   0.08957   0.09368   0.09753   0.10092   0.10363   0.10563   0.10694
  4.6783   0.05185   0.06430   0.07425   0.07926   0.08292   0.08631   0.08927   0.09164   0.09337   0.09449
  4.6853   0.04615   0.05641   0.06525   0.06973   0.07297   0.07594   0.07852   0.08056   0.08205   0.08301
  4.6923   0.04084   0.04920   0.05701   0.06100   0.06386   0.06644   0.06867   0.07044   0.07171   0.07251
  4.6993   0.03593   0.04268   0.04953   0.05307   0.05558   0.05781   0.05974   0.06125   0.06234   0.06301
  4.7064   0.03143   0.03683   0.04282   0.04594   0.04813   0.05006   0.05171   0.05300   0.05392   0.05449
  4.7134   0.02737   0.03163   0.03683   0.03958   0.04149   0.04315   0.04457   0.04566   0.04644   0.04691
  4.7204   0.02373   0.02705   0.03156   0.03396   0.03563   0.03706   0.03827   0.03920   0.03986   0.04025
  4.7274   0.02051   0.02306   0.02695   0.02907   0.03052   0.03175   0.03278   0.03357   0.03413   0.03446
  4.7344   0.01769   0.01962   0.02298   0.02484   0.02612   0.02719   0.02807   0.02874   0.02921   0.02949
  4.7414   0.01527   0.01670   0.01959   0.02125   0.02238   0.02331   0.02407   0.02465   0.02505   0.02529
  4.7484   0.01322   0.01425   0.01676   0.01824   0.01927   0.02009   0.02075   0.02125   0.02160   0.02181
  4.7554   0.01152   0.01224   0.01443   0.01579   0.01673   0.01747   0.01806   0.01850   0.01881   0.01899
  4.7624   0.01016   0.01063   0.01257   0.01384   0.01473   0.01542   0.01595   0.01635   0.01663   0.01680
  4.7694   0.00911   0.00939   0.01114   0.01236   0.01323   0.01389   0.01438   0.01475   0.01502   0.01519
  4.7764   0.00836   0.00849   0.01010   0.01132   0.01219   0.01284   0.01332   0.01368   0.01394   0.01411
  4.7834   0.00789   0.00790   0.00943   0.01067   0.01157   0.01224   0.01273   0.01308   0.01335   0.01353
  4.7904   0.00768   0.00759   0.00909   0.01040   0.01136   0.01207   0.01257   0.01294   0.01322   0.01342
  4.7974   0.00771   0.00754   0.00906   0.01047   0.01152   0.01228   0.01282   0.01321   0.01352   0.01374
  4.8044   0.00797   0.00773   0.00931   0.01086   0.01203   0.01287   0.01346   0.01389   0.01423   0.01448
  4.8114   0.00845   0.00814   0.00983   0.01156   0.01287   0.01381   0.01446   0.01493   0.01531   0.01560
  4.8184   0.00913   0.00877   0.01060   0.01254   0.01401   0.01507   0.01580   0.01633   0.01676   0.01708
  4.8254   0.01001   0.00958   0.01159   0.01377   0.01545   0.01664   0.01746   0.01806   0.01854   0.01891
  4.8324   0.01106   0.01057   0.01280   0.01526   0.01715   0.01849   0.01942   0.02009   0.02064   0.02106
  4.8394   0.01227   0.01171   0.01420   0.01697   0.01910   0.02062   0.02165   0.02241   0.02303   0.02351
  4.8464   0.01364   0.01301   0.01578   0.01888   0.02128   0.02298   0.02415   0.02500   0.02569   0.02623
  4.8534   0.01514   0.01443   0.01751   0.02098   0.02366   0.02556   0.02686   0.02782   0.02859   0.02920
  4.8604   0.01675   0.01597   0.01937   0.02323   0.02622   0.02833   0.02978   0.03084   0.03170   0.03238
  4.8674   0.01846   0.01760   0.02135   0.02561   0.02892   0.03126   0.03286   0.03403   0.03499   0.03573
  4.8744   0.02024   0.01930   0.02341   0.02810   0.03173   0.03430   0.03606   0.03735   0.03840   0.03922
  4.8814   0.02207   0.02104   0.02553   0.03065   0.03461   0.03743   0.03934   0.04075   0.04190   0.04279
  4.8884   0.02392   0.02281   0.02768   0.03323   0.03753   0.04058   0.04266   0.04419   0.04544   0.04641
  4.8954   0.02577   0.02457   0.02981   0.03580   0.04044   0.04373   0.04597   0.04762   0.04896   0.05001
  4.9025   0.02758   0.02630   0.03191   0.03832   0.04329   0.04681   0.04921   0.05097   0.05242   0.05354
  4.9095   0.02933   0.02796   0.03393   0.04075   0.04603   0.04978   0.05234   0.05421   0.05574   0.05694
  4.9165   0.03098   0.02954   0.03584   0.04304   0.04863   0.05259   0.05529   0.05727   0.05889   0.06015
  4.9235   0.03251   0.03099   0.03761   0.04517   0.05102   0.05518   0.05801   0.06009   0.06179   0.06311
  4.9305   0.03388   0.03230   0.03920   0.04707   0.05318   0.05751   0.06046   0.06263   0.06440   0.06578
  4.9375   0.03507   0.03344   0.04058   0.04873   0.05505   0.05954   0.06259   0.06484   0.06667   0.06810
  4.9445   0.03606   0.03438   0.04172   0.05011   0.05660   0.06122   0.06436   0.06667   0.06855   0.07002
  4.9515   0.03683   0.03511   0.04261   0.05117   0.05781   0.06252   0.06573   0.06808   0.07001   0.07151
  4.9585   0.03735   0.03562   0.04322   0.05190   0.05864   0.06341   0.06667   0.06906   0.07102   0.07254
  4.9655   0.03763   0.03588   0.04354   0.05229   0.05907   0.06389   0.06717   0.06958   0.07155   0.07308
  4.9725   0.03766   0.03590   0.04357   0.05232   0.05911   0.06393   0.06721   0.06962   0.07159   0.07312
  4.9795   0.03742   0.03568   0.04330   0.05200   0.05875   0.06353   0.06680   0.06919   0.07115   0.07267
  4.9865   0.03694   0.03522   0.04274   0.05133   0.05799   0.06271   0.06594   0.06830   0.07023   0.07173
  4.9935   0.03622   0.03453   0.04190   0.05032   0.05685   0.06148   0.06464   0.06696   0.06885   0.07033
  5.0005   0.03527   0.03363   0.04080   0.04900   0.05536   0.05987   0.06295   0.06520   0.06705   0.06848
  5.0075   0.03411   0.03252   0.03946   0.04739   0.05354   0.05790   0.06088   0.06306   0.06484   0.06623
  5.0145   0.03276   0.03124   0.03790   0.04552   0.05143   0.05562   0.05848   0.06057   0.06229   0.06362
  5.0215   0.03126   0.02980   0.03616   0.04343   0.04906   0.05306   0.05579   0.05779   0.05942   0.06070
  5.0285   0.02962   0.02824   0.03427   0.04115   0.04649   0.05028   0.05286   0.05476   0.05631   0.05751
  5.0355   0.02787   0.02658   0.03225   0.03873   0.04376   0.04732   0.04975   0.05153   0.05299   0.05413
  5.0425   0.02605   0.02484   0.03014   0.03620   0.04090   0.04423   0.04651   0.04817   0.04953   0.05060
  5.0495   0.02419   0.02306   0.02799   0.03361   0.03797   0.04107   0.04318   0.04472   0.04599   0.04697
  5.0565   0.02230   0.02127   0.02581   0.03099   0.03501   0.03787   0.03981   0.04124   0.04241   0.04331
  5.0635   0.02043   0.01948   0.02363   0.02838   0.03207   0.03468   0.03646   0.03777   0.03884   0.03967
  5.0705   0.01858   0.01772   0.02150   0.02582   0.02917   0.03155   0.03317   0.03435   0.03533   0.03608
  5.0775   0.01679   0.01601   0.01942   0.02333   0.02635   0.02850   0.02996   0.03104   0.03192   0.03260
  5.0845   0.01506   0.01436   0.01743   0.02093   0.02365   0.02557   0.02689   0.02785   0.02864   0.02925
  5.0915   0.01342   0.01280   0.01553   0.01865   0.02107   0.02279   0.02396   0.02482   0.02552   0.02607
  5.0985   0.01188   0.01133   0.01375   0.01651   0.01865   0.02017   0.02121   0.02197   0.02259   0.02308
  5.1056   0.01045   0.00996   0.01209   0.01452   0.01640   0.01774   0.01865   0.01931   0.01986   0.02029
  5.1126   0.00912   0.00870   0.01055   0.01268   0.01432   0.01549   0.01628   0.01687   0.01734   0.01771
  5.1196   0.00791   0.00754   0.00915   0.01099   0.01242   0.01343   0.01412   0.01463   0.01504   0.01536
  5.1266   0.00681   0.00650   0.00788   0.00947   0.01070   0.01157   0.01216   0.01260   0.01296   0.01323
  5.1336   0.00583   0.00556   0.00675   0.00810   0.00915   0.00990   0.01041   0.01078   0.01108   0.01132
  5.1406   0.00495   0.00472   0.00573   0.00688   0.00778   0.00841   0.00884   0.00916   0.00942   0.00962
  5.1476   0.00418   0.00399   0.00484   0.00581   0.00656   0.00710   0.00746   0.00773   0.00795   0.00812
  5.1546   0.00351   0.00334   0.00406   0.00487   0.00550   0.00595   0.00626   0.00648   0.00666   0.00681
  5.1616   0.00292   0.00278   0.00338   0.00406   0.00458   0.00495   0.00521   0.00540   0.00555   0.00567
  5.1686   0.00242   0.00230   0.00279   0.00335   0.00379   0.00410   0.00431   0.00446   0.00459   0.00469
  5.1756   0.00199   0.00189   0.00230   0.00276   0.00311   0.00337   0.00354   0.00367   0.00377   0.00385
  5.1826   0.00162   0.00155   0.00188   0.00225   0.00254   0.00275   0.00289   0.00299   0.00308   0.00314
  5.1896   0.00132   0.00126   0.00152   0.00183   0.00206   0.00223   0.00235   0.00243   0.00250   0.00255
  5.1966   0.00107   0.00102   0.00123   0.00148   0.00167   0.00180   0.00189   0.00196   0.00202   0.00206
  5.2036   0.00086   0.00082   0.00099   0.00119   0.00134   0.00145   0.00152   0.00158   0.00162   0.00165
  5.2106   0.00069   0.00066   0.00080   0.00096   0.00108   0.00116   0.00122   0.00126   0.00130   0.00132
  5.2176   0.00056   0.00054   0.00065   0.00077   0.00087   0.00094   0.00098   0.00101   0.00104   0.00106
  5.2246   0.00047   0.00045   0.00053   0.00063   0.00071   0.00076   0.00079   0.00082   0.00084   0.00086
  5.2316   0.00040   0.00038   0.00045   0.00053   0.00059   0.00063   0.00065   0.00067   0.00069   0.00070
  5.2386   0.00036   0.00034   0.00040   0.00046   0.00051   0.00054   0.00056   0.00057   0.00058   0.00059
  5.2456   0.00034   0.00033   0.00038   0.00043   0.00046   0.00048   0.00050   0.00051   0.00052   0.00052
  5.2526   0.00035   0.00034   0.00038   0.00043   0.00045   0.00047   0.00048   0.00049   0.00049   0.00049
  5.2596   0.00040   0.00038   0.00043   0.00046   0.00048   0.00049   0.00050   0.00050   0.00051   0.00051
  5.2666   0.00047   0.00045   0.00050   0.00054   0.00056   0.00056   0.00056   0.00056   0.00056   0.00056
  5.2736   0.00059   0.00057   0.00063   0.00067   0.00068   0.00068   0.00067   0.00067   0.00067   0.00067
  5.2806   0.00076   0.00073   0.00080   0.00085   0.00085   0.00085   0.00084   0.00084   0.00083   0.00083
  5.2876   0.00099   0.00096   0.00104   0.00109   0.00110   0.00109   0.00108   0.00107   0.00106   0.00105
  5.2946   0.00130   0.00125   0.00136   0.00143   0.00143   0.00142   0.00140   0.00139   0.00137   0.00136
  5.3017   0.00171   0.00164   0.00179   0.00187   0.00187   0.00185   0.00183   0.00181   0.00179   0.00177
  5.3087   0.00223   0.00214   0.00233   0.00244   0.00244   0.00241   0.00238   0.00235   0.00233   0.00231
  5.3157   0.00290   0.00279   0.00303   0.00317   0.00317   0.00313   0.00309   0.00305   0.00302   0.00299
  5.3227   0.00375   0.00361   0.00392   0.00410   0.00410   0.00405   0.00399   0.00394   0.00390   0.00387
  5.3297   0.00482   0.00464   0.00504   0.00527   0.00527   0.00520   0.00512   0.00507   0.00501   0.00496
  5.3367   0.00616   0.00592   0.00644   0.00672   0.00672   0.00664   0.00654   0.00647   0.00640   0.00634
  5.3437   0.00781   0.00751   0.00817   0.00853   0.00853   0.00842   0.00830   0.00820   0.00812   0.00804
  5.3507   0.00984   0.00946   0.01029   0.01075   0.01075   0.01061   0.01045   0.01033   0.01023   0.01013
  5.3577   0.01232   0.01184   0.01288   0.01345   0.01345   0.01327   0.01308   0.01293   0.01280   0.01267
  5.3647   0.01532   0.01472   0.01601   0.01672   0.01672   0.01650   0.01626   0.01608   0.01591   0.01576
  5.3717   0.01891   0.01818   0.01977   0.02065   0.02065   0.02037   0.02008   0.01985   0.01964   0.01945
  5.3787   0.02319   0.02230   0.02424   0.02532   0.02532   0.02499   0.02463   0.02435   0.02409   0.02386
  5.3857   0.02825   0.02716   0.02953   0.03084   0.03084   0.03043   0.03000   0.02965   0.02934   0.02906
  5.3927   0.03418   0.03285   0.03572   0.03731   0.03731   0.03682   0.03629   0.03588   0.03550   0.03516
  5.3997   0.04106   0.03948   0.04293   0.04483   0.04483   0.04424   0.04361   0.04311   0.04265   0.04224
  5.4067   0.04901   0.04711   0.05123   0.05350   0.05350   0.05280   0.05204   0.05144   0.05090   0.05042
  5.4137   0.05809   0.05584   0.06072   0.06342   0.06342   0.06258   0.06168   0.06098   0.06034   0.05976
  5.4207   0.06839   0.06574   0.07149   0.07466   0.07466   0.07368   0.07262   0.07179   0.07103   0.07035
  5.4277   0.07996   0.07687   0.08359   0.08730   0.08730   0.08615   0.08491   0.08394   0.08306   0.08226
  5.4347   0.09287   0.08927   0.09707   0.10138   0.10138   0.10005   0.09861   0.09748   0.09646   0.09553
  5.4417   0.10712   0.10298   0.11197   0.11694   0.11694   0.11540   0.11375   0.11244   0.11126   0.11020
  5.4487   0.12272   0.11797   0.12828   0.13397   0.13397   0.13221   0.13031   0.12882   0.12746   0.12624
  5.4557   0.13963   0.13423   0.14596   0.15244   0.15244   0.15043   0.14827   0.14658   0.14503   0.14365
  5.4627   0.15780   0.15170   0.16495   0.17228   0.17228   0.17001   0.16757   0.16565   0.16391   0.16234
  5.4697   0.17713   0.17028   0.18515   0.19337   0.19337   0.19083   0.18809   0.18593   0.18398   0.18222
  5.4767   0.19747   0.18983   0.20641   0.21558   0.21558   0.21274   0.20969   0.20729   0.20510   0.20314
  5.4837   0.21865   0.21019   0.22855   0.23870   0.23870   0.23556   0.23218   0.22952   0.22710   0.22493
  5.4907   0.24046   0.23116   0.25135   0.26251   0.26251   0.25906   0.25534   0.25241   0.24976   0.24737
  5.4977   0.26265   0.25249   0.27455   0.28673   0.28673   0.28296   0.27890   0.27571   0.27280   0.27019
  5.5048   0.28494   0.27392   0.29784   0.31107   0.31107   0.30697   0.30257   0.29910   0.29595   0.29312
  5.5118   0.30702   0.29514   0.32093   0.33517   0.33517   0.33076   0.32602   0.32228   0.31889   0.31584
  5.5188   0.32856   0.31586   0.34345   0.35870   0.35870   0.35398   0.34890   0.34490   0.34127   0.33800
  5.5258   0.34924   0.33573   0.36506   0.38127   0.38127   0.37625   0.37085   0.36660   0.36274   0.35927
  5.5328   0.36869   0.35443   0.38539   0.40250   0.40250   0.39721   0.39150   0.38702   0.38295   0.37928
  5.5398   0.38658   0.37163   0.40410   0.42204   0.42204   0.41649   0.41050   0.40581   0.40153   0.39769
  5.5468   0.40259   0.38702   0.42083   0.43952   0.43952   0.43373   0.42751   0.42261   0.41816   0.41416
  5.5538   0.41642   0.40032   0.43529   0.45461   0.45461   0.44863   0.44219   0.43713   0.43253   0.42838
  5.5608   0.42780   0.41125   0.44718   0.46703   0.46703   0.46089   0.45427   0.44907   0.44434   0.44009
  5.5678   0.43650   0.41962   0.45628   0.47654   0.47654   0.47027   0.46351   0.45821   0.45338   0.44904
  5.5748   0.44236   0.42525   0.46240   0.48293   0.48293   0.47658   0.46973   0.46436   0.45947   0.45507
  5.5818   0.44525   0.42803   0.46543   0.48609   0.48609   0.47969   0.47281   0.46739   0.46247   0.45805
  5.5888   0.44512   0.42791   0.46529   0.48595   0.48595   0.47955   0.47267   0.46726   0.46234   0.45791
  5.5958   0.44197   0.42488   0.46199   0.48250   0.48250   0.47616   0.46932   0.46395   0.45906   0.45467
  5.6028   0.43586   0.41900   0.45561   0.47584   0.47584   0.46957   0.46283   0.45753   0.45272   0.44838
  5.6098   0.42692   0.41041   0.44626   0.46607   0.46607   0.45994   0.45334   0.44815   0.44343   0.43918
  5.6168   0.41532   0.39926   0.43414   0.45341   0.45341   0.44744   0.44102   0.43597   0.43138   0.42725
  5.6238   0.40129   0.38577   0.41947   0.43810   0.43810   0.43233   0.42613   0.42125   0.41681   0.41282
  5.6308   0.38511   0.37022   0.40256   0.42043   0.42043   0.41490   0.40894   0.40426   0.40000   0.39617
  5.6378   0.36707   0.35287   0.38370   0.40073   0.40073   0.39546   0.38978   0.38532   0.38126   0.37761
  5.6448   0.34750   0.33406   0.36324   0.37937   0.37937   0.37437   0.36900   0.36477   0.36093   0.35748
  5.6518   0.32673   0.31410   0.34154   0.35670   0.35670   0.35201   0.34695   0.34298   0.33937   0.33612
  5.6588   0.30513   0.29333   0.31895   0.33311   0.33311   0.32873   0.32401   0.32030   0.31693   0.31389
  5.6658   0.28301   0.27207   0.29584   0.30897   0.30897   0.30491   0.30053   0.29709   0.29396   0.29115
  5.6728   0.26072   0.25064   0.27253   0.28463   0.28463   0.28089   0.27686   0.27369   0.27081   0.26821
  5.6798   0.23856   0.22933   0.24936   0.26043   0.26043   0.25701   0.25332   0.25042   0.24778   0.24541
  5.6868   0.21679   0.20841   0.22661   0.23667   0.23667   0.23356   0.23021   0.22757   0.22518   0.22302
  5.6938   0.19567   0.18811   0.20454   0.21362   0.21362   0.21081   0.20778   0.20540   0.20324   0.20130
  5.7009   0.17542   0.16863   0.18336   0.19150   0.19150   0.18898   0.18627   0.18414   0.18220   0.18046
  5.7079   0.15619   0.15015   0.16326   0.17051   0.17051   0.16827   0.16585   0.16395   0.16223   0.16067
  5.7149   0.13812   0.13278   0.14438   0.15079   0.15079   0.14881   0.14667   0.14499   0.14346   0.14209
  5.7219   0.12132   0.11663   0.12681   0.13244   0.13244   0.13070   0.12882   0.12735   0.12601   0.12480
  5.7289   0.10583   0.10174   0.11063   0.11554   0.11554   0.11402   0.11238   0.11110   0.10993   0.10887
  5.7359   0.09170   0.08815   0.09585   0.10011   0.10011   0.09879   0.09737   0.09626   0.09525   0.09433
  5.7429   0.07891   0.07586   0.08249   0.08615   0.08615   0.08502   0.08380   0.08284   0.08197   0.08118
  5.7499   0.06745   0.06484   0.07050   0.07364   0.07364   0.07267   0.07162   0.07080   0.07006   0.06939
  5.7569   0.05726   0.05504   0.05985   0.06251   0.06251   0.06169   0.06080   0.06011   0.05947   0.05890
  5.7639   0.04828   0.04641   0.05047   0.05271   0.05271   0.05201   0.05127   0.05068   0.05015   0.04967
  5.7709   0.04043   0.03887   0.04226   0.04414   0.04414   0.04356   0.04293   0.04244   0.04199   0.04159
  5.7779   0.03363   0.03233   0.03515   0.03671   0.03671   0.03623   0.03571   0.03530   0.03493   0.03459
  5.7849   0.02778   0.02671   0.02904   0.03033   0.03033   0.02993   0.02950   0.02916   0.02885   0.02858
  5.7919   0.02279   0.02191   0.02383   0.02488   0.02488   0.02456   0.02420   0.02393   0.02367   0.02345
  5.7989   0.01857   0.01786   0.01942   0.02028   0.02028   0.02001   0.01972   0.01950   0.01929   0.01911
  5.8059   0.01503   0.01445   0.01571   0.01641   0.01641   0.01620   0.01596   0.01578   0.01562   0.01547
  5.8129   0.01209   0.01162   0.01263   0.01319   0.01319   0.01302   0.01283   0.01269   0.01255   0.01243
  5.8199   0.00965   0.00928   0.01009   0.01053   0.01053   0.01040   0.01025   0.01013   0.01002   0.00993
  5.8269   0.00765   0.00736   0.00800   0.00835   0.00835   0.00824   0.00813   0.00803   0.00795   0.00787
  5.8339   0.00603   0.00579   0.00630   0.00658   0.00658   0.00649   0.00640   0.00633   0.00626   0.00620
  5.8409   0.00471   0.00453   0.00493   0.00515   0.00515   0.00508   0.00501   0.00495   0.00490   0.00485
  5.8479   0.00366   0.00352   0.00383   0.00400   0.00400   0.00395   0.00389   0.00385   0.00381   0.00377
  5.8549   0.00283   0.00272   0.00296   0.00309   0.00309   0.00305   0.00300   0.00297   0.00294   0.00291
  5.8619   0.00217   0.00208   0.00226   0.00237   0.00237   0.00233   0.00230   0.00227   0.00225   0.00223
  5.8689   0.00165   0.00159   0.00172   0.00180   0.00180   0.00178   0.00175   0.00173   0.00171   0.00170
  5.8759   0.00125   0.00120   0.00130   0.00136   0.00136   0.00134   0.00132   0.00131   0.00130   0.00128
  5.8829   0.00094   0.00090   0.00098   0.00102   0.00102   0.00101   0.00099   0.00098   0.00097   0.00096
  5.8899   0.00070   0.00067   0.00073   0.00076   0.00076   0.00075   0.00074   0.00073   0.00073   0.00072
  5.8969   0.00052   0.00050   0.00054   0.00056   0.00056   0.00056   0.00055   0.00054   0.00054   0.00053
  5.9040   0.00038   0.00037   0.00040   0.00042   0.00042   0.00041   0.00040   0.00040   0.00040   0.00039
  5.9110   0.00028   0.00027   0.00029   0.00030   0.00030   0.00030   0.00030   0.00029   0.00029   0.00029
  5.9180   0.00020   0.00019   0.00021   0.00022   0.00022   0.00022   0.00021   0.00021   0.00021   0.00021
  5.9250   0.00015   0.00014   0.00015   0.00016   0.00016   0.00016   0.00015   0.00015   0.00015   0.00015
  5.9320   0.00011   0.00010   0.00011   0.00011   0.00011   0.00011   0.00011   0.00011   0.00011   0.00011
  5.9390   0.00008   0.00007   0.00008   0.00008   0.00008   0.00008   0.00008   0.00008   0.00008   0.00008
  5.9460   0.00006   0.00005   0.00006   0.00006   0.00006   0.00006   0.00006   0.00006   0.00006   0.00006
  5.9530   0.00004   0.00004   0.00004   0.00004   0.00004   0.00004   0.00004   0.00004   0.00004   0.00004
  5.9600   0.00003   0.00003   0.00003   0.00003   0.00003   0.00003   0.00003   0.00003   0.00003   0.00003
  5.9670   0.00003   0.00002   0.00002   0.00002   0.00002   0.00002   0.00002   0.00002   0.00002   0.00002
  5.9740   0.00003   0.00002   0.00002   0.00002   0.00002   0.00002   0.00002   0.00002   0.00002   0.00002
  5.9810   0.00003   0.00002   0.00002   0.00002   0.00002   0.00002   0.00002   0.00002   0.00002   0.00002
  5.9880   0.00004   0.00002   0.00002   0.00002   0.00002   0.00002   0.00002   0.00002   0.00002   0.00002
  5.9950   0.00005   0.00003   0.00003   0.00002   0.00002   0.00002   0.00002   0.00002   0.00002   0.00002
  6.0020   0.00006   0.00004   0.00003   0.00003   0.00003   0.00003   0.00003   0.00003   0.00003   0.00003
  6.0090   0.00009   0.00005   0.00004   0.00004   0.00004   0.00004   0.00004   0.00004   0.00004   0.00004
  6.0160   0.00012   0.00007   0.00006   0.00006   0.00005   0.00005   0.00005   0.00005   0.00005   0.00005
  6.0230   0.00017   0.00010   0.00008   0.00008   0.00007   0.00007   0.00007   0.00007   0.00007   0.00007
  6.0300   0.00024   0.00013   0.00011   0.00011   0.00010   0.00010   0.00009   0.00009   0.00009   0.00009
  6.0370   0.00032   0.00018   0.00016   0.00014   0.00014   0.00013   0.00013   0.00013   0.00012   0.00012
  6.0440   0.00044   0.00025   0.00021   0.00020   0.00018   0.00018   0.00017   0.00017   0.00017   0.00017
  6.0510   0.00059   0.00033   0.00029   0.00026   0.00025   0.00024   0.00023   0.00023   0.00023   0.00023
  6.0580   0.00079   0.00045   0.00038   0.00035   0.00033   0.00032   0.00031   0.00031   0.00030   0.00030
  6.0650   0.00106   0.00059   0.00051   0.00047   0.00044   0.00043   0.00042   0.00041   0.00041   0.00040
  6.0720   0.00140   0.00079   0.00068   0.00063   0.00059   0.00056   0.00055   0.00054   0.00054   0.00053
  6.0790   0.00184   0.00104   0.00089   0.00082   0.00077   0.00074   0.00073   0.00071   0.00071   0.00070
  6.0860   0.00240   0.00135   0.00116   0.00107   0.00101   0.00097   0.00095   0.00093   0.00092   0.00092
  6.0930   0.00312   0.00175   0.00151   0.00139   0.00131   0.00126   0.00123   0.00121   0.00120   0.00119
  6.1001   0.00402   0.00226   0.00195   0.00180   0.00169   0.00162   0.00158   0.00156   0.00154   0.00153
  6.1071   0.00514   0.00289   0.00249   0.00230   0.00216   0.00207   0.00203   0.00200   0.00198   0.00196
  6.1141   0.00654   0.00368   0.00317   0.00292   0.00274   0.00264   0.00257   0.00254   0.00251   0.00249
  6.1211   0.00825   0.00464   0.00400   0.00369   0.00346   0.00333   0.00325   0.00320   0.00317   0.00314
  6.1281   0.01034   0.00582   0.00501   0.00462   0.00434   0.00417   0.00407   0.00402   0.00398   0.00394
  6.1351   0.01288   0.00724   0.00624   0.00576   0.00541   0.00520   0.00507   0.00500   0.00495   0.00491
  6.1421   0.01593   0.00896   0.00772   0.00712   0.00669   0.00643   0.00628   0.00619   0.00612   0.00607
  6.1491   0.01957   0.01101   0.00948   0.00875   0.00822   0.00789   0.00771   0.00760   0.00752   0.00745
  6.1561   0.02388   0.01343   0.01157   0.01067   0.01003   0.00963   0.00941   0.00927   0.00918   0.00909
  6.1631   0.02893   0.01627   0.01402   0.01293   0.01215   0.01167   0.01140   0.01124   0.01112   0.01102
  6.1701   0.03483   0.01959   0.01687   0.01557   0.01463   0.01405   0.01372   0.01353   0.01339   0.01326
  6.1771   0.04163   0.02341   0.02017   0.01861   0.01749   0.01679   0.01640   0.01617   0.01600   0.01585
  6.1841   0.04943   0.02780   0.02394   0.02209   0.02076   0.01994   0.01947   0.01920   0.01900   0.01882
  6.1911   0.05829   0.03278   0.02823   0.02605   0.02448   0.02351   0.02296   0.02264   0.02240   0.02220
  6.1981   0.06827   0.03840   0.03307   0.03051   0.02867   0.02753   0.02689   0.02652   0.02624   0.02600
  6.2051   0.07941   0.04467   0.03847   0.03550   0.03335   0.03203   0.03128   0.03085   0.03052   0.03024
  6.2121   0.09175   0.05161   0.04444   0.04101   0.03854   0.03701   0.03614   0.03564   0.03527   0.03494
  6.2191   0.10529   0.05922   0.05100   0.04706   0.04422   0.04247   0.04148   0.04090   0.04047   0.04010
  6.2261   0.12000   0.06749   0.05813   0.05364   0.05040   0.04840   0.04727   0.04661   0.04612   0.04570
  6.2331   0.13585   0.07640   0.06580   0.06072   0.05706   0.05479   0.05351   0.05277   0.05221   0.05173
  6.2401   0.15273   0.08590   0.07398   0.06827   0.06415   0.06160   0.06017   0.05933   0.05870   0.05816
  6.2471   0.17056   0.09593   0.08262   0.07623   0.07163   0.06879   0.06719   0.06625   0.06555   0.06495
  6.2541   0.18916   0.10639   0.09163   0.08455   0.07945   0.07630   0.07452   0.07348   0.07271   0.07204
  6.2611   0.20838   0.11720   0.10094   0.09314   0.08752   0.08405   0.08209   0.08094   0.08009   0.07935
  6.2681   0.22799   0.12823   0.11044   0.10190   0.09576   0.09196   0.08981   0.08856   0.08763   0.08682
  6.2751   0.24775   0.13934   0.12001   0.11073   0.10406   0.09992   0.09760   0.09623   0.09522   0.09434
  6.2821   0.26739   0.15039   0.12952   0.11951   0.11231   0.10785   0.10533   0.10386   0.10277   0.10182
  6.2891   0.28663   0.16121   0.13884   0.12812   0.12039   0.11561   0.11291   0.11134   0.11017   0.10915
  6.2961   0.30517   0.17164   0.14782   0.13640   0.12818   0.12309   0.12022   0.11854   0.11730   0.11621
  6.3032   0.32271   0.18150   0.15632   0.14424   0.13554   0.13016   0.12713   0.12535   0.12404   0.12289
  6.3102   0.33893   0.19063   0.16418   0.15149   0.14235   0.13670   0.13352   0.13165   0.13027   0.12907
  6.3172   0.35356   0.19885   0.17126   0.15803   0.14850   0.14260   0.13928   0.13733   0.13589   0.13464
  6.3242   0.36631   0.20602   0.17744   0.16373   0.15385   0.14775   0.14430   0.14229   0.14079   0.13949
  6.3312   0.37694   0.21201   0.18259   0.16848   0.15832   0.15203   0.14849   0.14642   0.14488   0.14354
  6.3382   0.38525   0.21668   0.18661   0.17220   0.16181   0.15539   0.15176   0.14965   0.14807   0.14671
  6.3452   0.39107   0.21995   0.18943   0.17480   0.16425   0.15773   0.15406   0.15191   0.15031   0.14892
  6.3522   0.39429   0.22176   0.19099   0.17623   0.16560   0.15903   0.15532   0.15315   0.15155   0.15015
  6.3592   0.39483   0.22206   0.19125   0.17647   0.16583   0.15925   0.15554   0.15336   0.15175   0.15035
  6.3662   0.39268   0.22086   0.19021   0.17552   0.16493   0.15838   0.15469   0.15253   0.15093   0.14954
  6.3732   0.38790   0.21817   0.18790   0.17338   0.16292   0.15645   0.15281   0.15067   0.14909   0.14772
  6.3802   0.38057   0.21405   0.18435   0.17010   0.15984   0.15350   0.14992   0.14783   0.14628   0.14493
  6.3872   0.37085   0.20858   0.17964   0.16576   0.15576   0.14958   0.14609   0.14405   0.14254   0.14122
  6.3942   0.35892   0.20187   0.17386   0.16043   0.15075   0.14477   0.14139   0.13942   0.13795   0.13668
  6.4012   0.34502   0.19405   0.16713   0.15421   0.14491   0.13916   0.13592   0.13402   0.13261   0.13139
  6.4082   0.32941   0.18527   0.15956   0.14723   0.13835   0.13286   0.12977   0.12795   0.12661   0.12544
  6.4152   0.31236   0.17568   0.15131   0.13962   0.13120   0.12599   0.12305   0.12134   0.12006   0.11895
  6.4222   0.29419   0.16547   0.14251   0.13150   0.12357   0.11866   0.11590   0.11428   0.11308   0.11203
  6.4292   0.27520   0.15478   0.13331   0.12301   0.11559   0.11100   0.10842   0.10690   0.10578   0.10480
  6.4362   0.25569   0.14381   0.12386   0.11429   0.10740   0.10313   0.10073   0.09933   0.09828   0.09738
  6.4432   0.23595   0.13271   0.11430   0.10547   0.09911   0.09518   0.09296   0.09166   0.09070   0.08986
  6.4502   0.21627   0.12164   0.10476   0.09667   0.09084   0.08724   0.08521   0.08402   0.08314   0.08237
  6.4572   0.19688   0.11074   0.09538   0.08801   0.08271   0.07943   0.07758   0.07650   0.07569   0.07500
  6.4642   0.17803   0.10014   0.08625   0.07960   0.07480   0.07183   0.07016   0.06918   0.06846   0.06783
  6.4712   0.15991   0.08995   0.07748   0.07150   0.06720   0.06453   0.06303   0.06215   0.06150   0.06094
  6.4782   0.14268   0.08026   0.06914   0.06381   0.05997   0.05760   0.05626   0.05548   0.05490   0.05439
  6.4852   0.12647   0.07115   0.06130   0.05658   0.05318   0.05108   0.04989   0.04920   0.04869   0.04824
  6.4922   0.11139   0.06267   0.05401   0.04986   0.04687   0.04502   0.04398   0.04337   0.04292   0.04253
  6.4992   0.09750   0.05486   0.04730   0.04368   0.04107   0.03945   0.03854   0.03801   0.03762   0.03728
  6.5063   0.08484   0.04775   0.04120   0.03806   0.03579   0.03439   0.03361   0.03315   0.03281   0.03251
  6.5133   0.07342   0.04134   0.03571   0.03301   0.03106   0.02985   0.02918   0.02878   0.02849   0.02824
  6.5203   0.06326   0.03564   0.03083   0.02853   0.02686   0.02584   0.02526   0.02493   0.02468   0.02446
  6.5273   0.05433   0.03063   0.02657   0.02462   0.02321   0.02234   0.02185   0.02157   0.02137   0.02119
  6.5343   0.04659   0.02631   0.02290   0.02127   0.02008   0.01936   0.01895   0.01872   0.01855   0.01840
  6.5413   0.04000   0.02264   0.01982   0.01847   0.01748   0.01688   0.01655   0.01636   0.01622   0.01610
  6.5483   0.03454   0.01961   0.01731   0.01621   0.01540   0.01491   0.01464   0.01449   0.01438   0.01429
  6.5553   0.03015   0.01720   0.01535   0.01448   0.01383   0.01343   0.01322   0.01311   0.01303   0.01296
  6.5623   0.02681   0.01539   0.01395   0.01327   0.01276   0.01245   0.01230   0.01222   0.01216   0.01212
  6.5693   0.02449   0.01418   0.01310   0.01260   0.01221   0.01198   0.01187   0.01183   0.01180   0.01177
  6.5763   0.02316   0.01355   0.01280   0.01246   0.01218   0.01202   0.01196   0.01195   0.01194   0.01194
  6.5833   0.02283   0.01351   0.01307   0.01288   0.01270   0.01260   0.01259   0.01260   0.01262   0.01264
  6.5903   0.02351   0.01407   0.01392   0.01388   0.01379   0.01375   0.01379   0.01383   0.01387   0.01391
  6.5973   0.02523   0.01526   0.01539   0.01549   0.01549   0.01552   0.01560   0.01567   0.01574   0.01581
  6.6043   0.02803   0.01711   0.01753   0.01777   0.01785   0.01794   0.01807   0.01818   0.01828   0.01837
  6.6113   0.03198   0.01967   0.02037   0.02076   0.02093   0.02108   0.02126   0.02141   0.02155   0.02167
  6.6183   0.03713   0.02297   0.02399   0.02454   0.02480   0.02501   0.02525   0.02545   0.02562   0.02577
  6.6253   0.04359   0.02710   0.02844   0.02917   0.02953   0.02982   0.03012   0.03036   0.03057   0.03076
  6.6323   0.05144   0.03211   0.03382   0.03474   0.03521   0.03557   0.03594   0.03624   0.03650   0.03673
  6.6393   0.06080   0.03808   0.04020   0.04134   0.04192   0.04237   0.04281   0.04318   0.04349   0.04377
  6.6463   0.07178   0.04509   0.04766   0.04905   0.04976   0.05030   0.05084   0.05127   0.05164   0.05198
  6.6533   0.08448   0.05322   0.05630   0.05797   0.05882   0.05946   0.06010   0.06061   0.06105   0.06144
  6.6603   0.09902   0.06256   0.06620   0.06818   0.06920   0.06995   0.07069   0.07130   0.07181   0.07227
  6.6673   0.11549   0.07319   0.07745   0.07978   0.08097   0.08185   0.08271   0.08341   0.08401   0.08455
  6.6743   0.13399   0.08516   0.09012   0.09284   0.09422   0.09524   0.09624   0.09704   0.09773   0.09836
  6.6813   0.15457   0.09856   0.10427   0.10743   0.10903   0.11020   0.11134   0.11226   0.11304   0.11376
  6.6883   0.17728   0.11344   0.11997   0.12360   0.12544   0.12677   0.12807   0.12911   0.13001   0.13083
  6.6953   0.20214   0.12982   0.13725   0.14141   0.14350   0.14500   0.14646   0.14765   0.14865   0.14958
  6.7024   0.22915   0.14774   0.15613   0.16086   0.16323   0.16492   0.16655   0.16787   0.16901   0.17005
  6.7094   0.25824   0.16719   0.17660   0.18196   0.18463   0.18651   0.18832   0.18980   0.19106   0.19222
  6.7164   0.28935   0.18817   0.19866   0.20469   0.20768   0.20976   0.21176   0.21338   0.21478   0.21607
  6.7234   0.32234   0.21063   0.22225   0.22900   0.23232   0.23461   0.23680   0.23858   0.24011   0.24153
  6.7304   0.35707   0.23451   0.24730   0.25481   0.25849   0.26099   0.26337   0.26531   0.26699   0.26854
  6.7374   0.39333   0.25972   0.27372   0.28204   0.28609   0.28880   0.29138   0.29347   0.29529   0.29698
  6.7444   0.43090   0.28617   0.30140   0.31057   0.31500   0.31793   0.32068   0.32294   0.32489   0.32672
  6.7514   0.46952   0.31373   0.33019   0.34025   0.34507   0.34821   0.35114   0.35355   0.35564   0.35760
  6.7584   0.50891   0.34224   0.35993   0.37091   0.37614   0.37948   0.38258   0.38513   0.38736   0.38945
  6.7654   0.54875   0.37154   0.39045   0.40239   0.40802   0.41156   0.41482   0.41750   0.41985   0.42206
  6.7724   0.58872   0.40145   0.42155   0.43446   0.44051   0.44424   0.44763   0.45043   0.45290   0.45523
  6.7794   0.62850   0.43178   0.45302   0.46693   0.47339   0.47729   0.48080   0.48371   0.48628   0.48872
  6.7864   0.66773   0.46231   0.48464   0.49956   0.50643   0.51049   0.51410   0.51710   0.51976   0.52230
  6.7934   0.70609   0.49283   0.51618   0.53212   0.53940   0.54359   0.54728   0.55035   0.55310   0.55572
  6.8004   0.74324   0.52310   0.54740   0.56435   0.57203   0.57635   0.58009   0.58321   0.58603   0.58873
  6.8074   0.77886   0.55290   0.57805   0.59602   0.60409   0.60851   0.61227   0.61544   0.61830   0.62106
  6.8144   0.81265   0.58198   0.60789   0.62686   0.63532   0.63982   0.64358   0.64676   0.64966   0.65247
  6.8214   0.84431   0.61011   0.63667   0.65663   0.66545   0.67001   0.67375   0.67692   0.67984   0.68268
  6.8284   0.87359   0.63703   0.66414   0.68506   0.69423   0.69883   0.70252   0.70567   0.70859   0.71145
  6.8354   0.90022   0.66251   0.69006   0.71189   0.72140   0.72602   0.72964   0.73275   0.73566   0.73853
  6.8424   0.92399   0.68631   0.71418   0.73689   0.74670   0.75133   0.75486   0.75792   0.76080   0.76366
  6.8494   0.94470   0.70819   0.73626   0.75980   0.76990   0.77451   0.77793   0.78092   0.78377   0.78660
  6.8564   0.96216   0.72792   0.75607   0.78038   0.79074   0.79532   0.79862   0.80153   0.80432   0.80713
  6.8634   0.97624   0.74528   0.77341   0.79840   0.80900   0.81354   0.81670   0.81952   0.82226   0.82502
  6.8704   0.98680   0.76007   0.78806   0.81367   0.82447   0.82895   0.83196   0.83468   0.83735   0.84007
  6.8774   0.99375   0.77210   0.79983   0.82597   0.83694   0.84135   0.84421   0.84683   0.84943   0.85210
  6.8844   0.99702   0.78121   0.80858   0.83514   0.84624   0.85057   0.85328   0.85580   0.85832   0.86093
  6.8914   0.99657   0.78725   0.81416   0.84103   0.85222   0.85648   0.85904   0.86144   0.86390   0.86644
  6.8984   0.99239   0.79014   0.81648   0.84355   0.85479   0.85895   0.86136   0.86367   0.86605   0.86853
  6.9055   0.98454   0.78980   0.81547   0.84261   0.85386   0.85792   0.86020   0.86241   0.86472   0.86714
  6.9125   0.97307   0.78622   0.81112   0.83821   0.84941   0.85337   0.85552   0.85765   0.85990   0.86226
  6.9195   0.95813   0.77943   0.80347   0.83036   0.84147   0.84532   0.84736   0.84942   0.85161   0.85393
  6.9265   0.93988   0.76952   0.79260   0.81915   0.83011   0.83386   0.83580   0.83780   0.83995   0.84223
  6.9335   0.91854   0.75663   0.77864   0.80472   0.81548   0.81913   0.82098   0.82294   0.82507   0.82732
  6.9405   0.89439   0.74094   0.76181   0.78727   0.79778   0.80131   0.80311   0.80505   0.80716   0.80940
  6.9475   0.86776   0.72273   0.74235   0.76704   0.77725   0.78067   0.78243   0.78437   0.78650   0.78874
  6.9545   0.83901   0.70230   0.72057   0.74436   0.75420   0.75752   0.75927   0.76124   0.76339   0.76566
  6.9615   0.80856   0.68000   0.69683   0.71958   0.72901   0.73223   0.73398   0.73601   0.73822   0.74054
  6.9685   0.77687   0.65623   0.67153   0.69311   0.70207   0.70519   0.70699   0.70910   0.71140   0.71380
  6.9755   0.74442   0.63144   0.64510   0.66539   0.67384   0.67687   0.67874   0.68096   0.68339   0.68589
  6.9825   0.71173   0.60608   0.61800   0.63689   0.64479   0.64772   0.64969   0.65207   0.65466   0.65730
  6.9895   0.67930   0.58063   0.59071   0.60809   0.61540   0.61825   0.62036   0.62293   0.62571   0.62853
  6.9965   0.64766   0.55556   0.56371   0.57948   0.58617   0.58895   0.59122   0.59403   0.59705   0.60008
  7.0035   0.61730   0.53134   0.53745   0.55155   0.55757   0.56029   0.56277   0.56585   0.56915   0.57244
  7.0105   0.58870   0.50841   0.51239   0.52474   0.53008   0.53274   0.53547   0.53887   0.54250   0.54609
  7.0175   0.56228   0.48717   0.48893   0.49948   0.50411   0.50673   0.50974   0.51351   0.51751   0.52146
  7.0245   0.53842   0.46799   0.46743   0.47613   0.48004   0.48264   0.48596   0.49015   0.49458   0.49892
  7.0315   0.51742   0.45115   0.44819   0.45502   0.45820   0.46079   0.46446   0.46911   0.47401   0.47879
  7.0385   0.49951   0.43688   0.43146   0.43640   0.43883   0.44144   0.44550   0.45065   0.45607   0.46134
  7.0455   0.48486   0.42535   0.41739   0.42044   0.42213   0.42476   0.42924   0.43493   0.44092   0.44672
  7.0525   0.47351   0.41661   0.40607   0.40723   0.40819   0.41086   0.41579   0.42208   0.42867   0.43504
  7.0595   0.46545   0.41067   0.39751   0.39681   0.39704   0.39977   0.40518   0.41208   0.41932   0.42630
  7.0665   0.46056   0.40743   0.39164   0.38911   0.38863   0.39142   0.39734   0.40489   0.41279   0.42041
  7.0735   0.45862   0.40672   0.38830   0.38399   0.38282   0.38570   0.39213   0.40035   0.40895   0.41722
  7.0805   0.45937   0.40830   0.38728   0.38125   0.37941   0.38238   0.38934   0.39824   0.40755   0.41649
  7.0875   0.46244   0.41187   0.38829   0.38061   0.37814   0.38121   0.38870   0.39828   0.40830   0.41792
  7.0945   0.46741   0.41704   0.39101   0.38175   0.37868   0.38186   0.38987   0.40013   0.41086   0.42115
  7.1016   0.47382   0.42343   0.39503   0.38430   0.38067   0.38395   0.39248   0.40340   0.41481   0.42576
  7.1086   0.48118   0.43058   0.39996   0.38787   0.38371   0.38710   0.39612   0.40767   0.41974   0.43131
  7.1156   0.48896   0.43804   0.40537   0.39203   0.38739   0.39089   0.40037   0.41251   0.42519   0.43735
  7.1226   0.49664   0.44535   0.41082   0.39635   0.39129   0.39488   0.40478   0.41746   0.43070   0.44340
  7.1296   0.50373   0.45206   0.41588   0.40043   0.39499   0.39867   0.40894   0.42210   0.43585   0.44902
  7.1366   0.50973   0.45774   0.42017   0.40388   0.39811   0.40187   0.41245   0.42602   0.44019   0.45377
  7.1436   0.51422   0.46202   0.42330   0.40632   0.40029   0.40411   0.41494   0.42884   0.44335   0.45725
  7.1506   0.51681   0.46455   0.42497   0.40745   0.40121   0.40506   0.41609   0.43023   0.44499   0.45914
  7.1576   0.51718   0.46506   0.42490   0.40699   0.40060   0.40448   0.41562   0.42991   0.44483   0.45913
  7.1646   0.51510   0.46332   0.42288   0.40474   0.39826   0.40213   0.41332   0.42767   0.44265   0.45700
  7.1716   0.51039   0.45920   0.41877   0.40056   0.39404   0.39788   0.40904   0.42335   0.43829   0.45260
  7.1786   0.50297   0.45262   0.41250   0.39435   0.38785   0.39165   0.40270   0.41687   0.43167   0.44584
  7.1856   0.49284   0.44358   0.40404   0.38610   0.37967   0.38340   0.39427   0.40822   0.42278   0.43672
  7.1926   0.48007   0.43215   0.39346   0.37586   0.36955   0.37319   0.38381   0.39744   0.41167   0.42529
  7.1996   0.46480   0.41845   0.38086   0.36373   0.35758   0.36110   0.37141   0.38464   0.39845   0.41168
  7.2066   0.44723   0.40269   0.36641   0.34985   0.34391   0.34730   0.35724   0.36999   0.38331   0.39606
  7.2136   0.42763   0.38509   0.35033   0.33444   0.32873   0.33197   0.34149   0.35370   0.36645   0.37867
  7.2206   0.40630   0.36594   0.33285   0.31771   0.31227   0.31534   0.32440   0.33601   0.34814   0.35976
  7.2276   0.38358   0.34554   0.31426   0.29993   0.29478   0.29768   0.30623   0.31720   0.32866   0.33964
  7.2346   0.35983   0.32422   0.29486   0.28138   0.27653   0.27925   0.28727   0.29757   0.30832   0.31862
  7.2416   0.33543   0.30233   0.27494   0.26235   0.25782   0.26035   0.26782   0.27741   0.28744   0.29704
  7.2486   0.31073   0.28019   0.25482   0.24313   0.23892   0.24125   0.24817   0.25705   0.26633   0.27522
  7.2556   0.28610   0.25814   0.23478   0.22400   0.22010   0.22224   0.22860   0.23676   0.24530   0.25347
  7.2626   0.26189   0.23649   0.21513   0.20523   0.20165   0.20360   0.20939   0.21685   0.22464   0.23212
  7.2696   0.23840   0.21553   0.19612   0.18708   0.18380   0.18555   0.19081   0.19757   0.20464   0.21143
  7.2766   0.21593   0.19554   0.17801   0.16978   0.16679   0.16835   0.17308   0.17917   0.18555   0.19166
  7.2836   0.19473   0.17676   0.16100   0.15353   0.15081   0.15219   0.15641   0.16186   0.16757   0.17306
  7.2906   0.17502   0.15938   0.14530   0.13853   0.13605   0.13725   0.14099   0.14584   0.15092   0.15581
  7.2976   0.15698   0.14359   0.13106   0.12492   0.12266   0.12368   0.12697   0.13126   0.13575   0.14008
  7.3047   0.14076   0.12955   0.11843   0.11284   0.11076   0.11162   0.11449   0.11825   0.12221   0.12603
  7.3117   0.12648   0.11737   0.10752   0.10240   0.10047   0.10117   0.10365   0.10693   0.11039   0.11374
  7.3187   0.11423   0.10714   0.09843   0.09369   0.09187   0.09242   0.09454   0.09738   0.10039   0.10333
  7.3257   0.10406   0.09896   0.09122   0.08676   0.08503   0.08542   0.08722   0.08966   0.09228   0.09484
  7.3327   0.09603   0.09286   0.08596   0.08168   0.07998   0.08023   0.08173   0.08383   0.08609   0.08833
  7.3397   0.09014   0.08889   0.08268   0.07849   0.07678   0.07688   0.07812   0.07990   0.08186   0.08381
  7.3467   0.08639   0.08706   0.08140   0.07719   0.07544   0.07539   0.07638   0.07790   0.07959   0.08132
  7.3537   0.08478   0.08740   0.08214   0.07781   0.07597   0.07577   0.07655   0.07783   0.07930   0.08083
  7.3607   0.08528   0.08988   0.08490   0.08034   0.07836   0.07802   0.07859   0.07968   0.08097   0.08234
  7.3677   0.08784   0.09450   0.08967   0.08477   0.08261   0.08211   0.08251   0.08343   0.08456   0.08582
  7.3747   0.09242   0.10122   0.09641   0.09107   0.08869   0.08802   0.08826   0.08904   0.09006   0.09123
  7.3817   0.09894   0.10998   0.10509   0.09920   0.09655   0.09572   0.09580   0.09647   0.09740   0.09852
  7.3887   0.10733   0.12073   0.11564   0.10910   0.10614   0.10513   0.10508   0.10565   0.10653   0.10763
  7.3957   0.11750   0.13337   0.12798   0.12070   0.11738   0.11618   0.11600   0.11651   0.11735   0.11845
  7.4027   0.12932   0.14779   0.14202   0.13390   0.13019   0.12879   0.12849   0.12894   0.12976   0.13090
  7.4097   0.14265   0.16385   0.15761   0.14858   0.14443   0.14282   0.14241   0.14281   0.14365   0.14483
  7.4167   0.15735   0.18139   0.17461   0.16458   0.15996   0.15814   0.15761   0.15799   0.15885   0.16009
  7.4237   0.17322   0.20022   0.19283   0.18173   0.17661   0.17457   0.17394   0.17430   0.17519   0.17652
  7.4307   0.19006   0.22010   0.21206   0.19983   0.19419   0.19192   0.19118   0.19154   0.19247   0.19390
  7.4377   0.20764   0.24077   0.23204   0.21865   0.21247   0.20996   0.20912   0.20948   0.21047   0.21200
  7.4447   0.22570   0.26197   0.25251   0.23793   0.23120   0.22845   0.22751   0.22787   0.22893   0.23057
  7.4517   0.24397   0.28336   0.27317   0.25739   0.25010   0.24712   0.24609   0.24646   0.24758   0.24934
  7.4587   0.26217   0.30464   0.29371   0.27674   0.26889   0.26568   0.26455   0.26494   0.26613   0.26801
  7.4657   0.27998   0.32544   0.31379   0.29565   0.28726   0.28382   0.28261   0.28301   0.28427   0.28627
  7.4727   0.29710   0.34542   0.33307   0.31381   0.30491   0.30125   0.29996   0.30037   0.30170   0.30382
  7.4797   0.31322   0.36423   0.35121   0.33091   0.32152   0.31766   0.31629   0.31672   0.31811   0.32034
  7.4867   0.32805   0.38151   0.36789   0.34662   0.33678   0.33273   0.33129   0.33174   0.33320   0.33552
  7.4937   0.34129   0.39695   0.38278   0.36065   0.35041   0.34620   0.34470   0.34516   0.34667   0.34909
  7.5008   0.35270   0.41024   0.39560   0.37272   0.36214   0.35779   0.35624   0.35671   0.35827   0.36077
  7.5078   0.36204   0.42112   0.40610   0.38261   0.37175   0.36728   0.36569   0.36617   0.36777   0.37033
  7.5148   0.36913   0.42938   0.41406   0.39011   0.37904   0.37448   0.37285   0.37335   0.37498   0.37759
  7.5218   0.37381   0.43483   0.41932   0.39507   0.38386   0.37924   0.37759   0.37809   0.37974   0.38238
  7.5288   0.37599   0.43737   0.42177   0.39738   0.38610   0.38146   0.37980   0.38030   0.38196   0.38462
  7.5358   0.37563   0.43695   0.42137   0.39700   0.38573   0.38109   0.37943   0.37993   0.38159   0.38424
  7.5428   0.37272   0.43357   0.41811   0.39393   0.38275   0.37814   0.37650   0.37699   0.37864   0.38127
  7.5498   0.36732   0.42730   0.41206   0.38823   0.37721   0.37267   0.37105   0.37154   0.37316   0.37575
  7.5568   0.35955   0.41826   0.40334   0.38002   0.36923   0.36479   0.36320   0.36368   0.36526   0.36780
  7.5638   0.34956   0.40663   0.39213   0.36945   0.35896   0.35465   0.35310   0.35357   0.35511   0.35758
  7.5708   0.33753   0.39265   0.37864   0.35675   0.34662   0.34245   0.34096   0.34140   0.34289   0.34528
  7.5778   0.32371   0.37657   0.36314   0.34214   0.33242   0.32842   0.32700   0.32742   0.32885   0.33114
  7.5848   0.30835   0.35869   0.34590   0.32590   0.31665   0.31284   0.31148   0.31188   0.31325   0.31542
  7.5918   0.29172   0.33935   0.32725   0.30833   0.29957   0.29597   0.29468   0.29507   0.29635   0.29841
  7.5988   0.27411   0.31887   0.30750   0.28972   0.28149   0.27811   0.27690   0.27726   0.27847   0.28040
  7.6058   0.25582   0.29759   0.28698   0.27039   0.26271   0.25955   0.25842   0.25876   0.25989   0.26169
  7.6128   0.23713   0.27585   0.26601   0.25063   0.24352   0.24059   0.23954   0.23985   0.24090   0.24257
  7.6198   0.21831   0.25396   0.24490   0.23074   0.22419   0.22149   0.22053   0.22082   0.22178   0.22332
  7.6268   0.19962   0.23222   0.22394   0.21099   0.20500   0.20253   0.20165   0.20192   0.20280   0.20421
  7.6338   0.18130   0.21090   0.20338   0.19162   0.18618   0.18394   0.18314   0.18338   0.18418   0.18546
  7.6408   0.16353   0.19023   0.18345   0.17284   0.16793   0.16591   0.16519   0.16541   0.16613   0.16729
  7.6478   0.14651   0.17043   0.16435   0.15485   0.15045   0.14864   0.14800   0.14819   0.14884   0.14987
  7.6548   0.13036   0.15165   0.14624   0.13779   0.13387   0.13226   0.13169   0.13186   0.13244   0.13336
  7.6618   0.11521   0.13403   0.12925   0.12177   0.11831   0.11689   0.11638   0.11653   0.11704   0.11786
  7.6688   0.10113   0.11764   0.11345   0.10689   0.10385   0.10260   0.10216   0.10229   0.10274   0.10345
  7.6758   0.08817   0.10256   0.09891   0.09319   0.09054   0.08945   0.08906   0.08918   0.08957   0.09019
  7.6828   0.07634   0.08881   0.08564   0.08069   0.07840   0.07745   0.07712   0.07722   0.07756   0.07810
  7.6898   0.06566   0.07638   0.07365   0.06939   0.06742   0.06661   0.06632   0.06641   0.06670   0.06716
  7.6968   0.05608   0.06524   0.06291   0.05927   0.05759   0.05690   0.05665   0.05673   0.05697   0.05737
  7.7039   0.04758   0.05535   0.05337   0.05029   0.04886   0.04827   0.04806   0.04812   0.04833   0.04867
  7.7109   0.04009   0.04664   0.04497   0.04237   0.04117   0.04067   0.04050   0.04055   0.04073   0.04101
  7.7179   0.03355   0.03903   0.03764   0.03546   0.03445   0.03404   0.03389   0.03394   0.03408   0.03432
  7.7249   0.02789   0.03244   0.03129   0.02948   0.02864   0.02829   0.02817   0.02821   0.02833   0.02853
  7.7319   0.02302   0.02678   0.02583   0.02433   0.02364   0.02336   0.02326   0.02329   0.02339   0.02355
  7.7389   0.01888   0.02196   0.02118   0.01995   0.01939   0.01915   0.01907   0.01910   0.01918   0.01931
  7.7459   0.01537   0.01789   0.01725   0.01625   0.01579   0.01560   0.01553   0.01555   0.01562   0.01573
  7.7529   0.01244   0.01447   0.01395   0.01314   0.01277   0.01262   0.01256   0.01258   0.01263   0.01272
  7.7599   0.00999   0.01162   0.01121   0.01056   0.01026   0.01014   0.01009   0.01011   0.01015   0.01022
  7.7669   0.00797   0.00927   0.00894   0.00843   0.00819   0.00809   0.00805   0.00806   0.00810   0.00816
  7.7739   0.00632   0.00735   0.00709   0.00668   0.00649   0.00641   0.00638   0.00639   0.00642   0.00646
  7.7809   0.00497   0.00579   0.00558   0.00526   0.00511   0.00505   0.00502   0.00503   0.00505   0.00509
  7.7879   0.00389   0.00452   0.00436   0.00411   0.00399   0.00394   0.00393   0.00393   0.00395   0.00398
  7.7949   0.00302   0.00351   0.00339   0.00319   0.00310   0.00306   0.00305   0.00305   0.00307   0.00309
  7.8019   0.00233   0.00271   0.00261   0.00246   0.00239   0.00236   0.00235   0.00235   0.00237   0.00238
  7.8089   0.00178   0.00207   0.00200   0.00188   0.00183   0.00181   0.00180   0.00180   0.00181   0.00182
  7.8159   0.00136   0.00158   0.00152   0.00143   0.00139   0.00138   0.00137   0.00137   0.00138   0.00139
  7.8229   0.00103   0.00119   0.00115   0.00108   0.00105   0.00104   0.00104   0.00104   0.00104   0.00105
  7.8299   0.00077   0.00089   0.00086   0.00081   0.00079   0.00078   0.00078   0.00078   0.00078   0.00079
  7.8369   0.00057   0.00067   0.00064   0.00061   0.00059   0.00058   0.00058   0.00058   0.00058   0.00059
  7.8439   0.00042   0.00049   0.00048   0.00045   0.00044   0.00043   0.00043   0.00043   0.00043   0.00043
  7.8509   0.00031   0.00036   0.00035   0.00033   0.00032   0.00032   0.00032   0.00032   0.00032   0.00032
  7.8579   0.00023   0.00027   0.00026   0.00024   0.00023   0.00023   0.00023   0.00023   0.00023   0.00023
  7.8649   0.00017   0.00019   0.00019   0.00017   0.00017   0.00017   0.00017   0.00017   0.00017   0.00017
  7.8719   0.00012   0.00014   0.00013   0.00013   0.00012   0.00012   0.00012   0.00012   0.00012   0.00012
  7.8789   0.00009   0.00010   0.00010   0.00009   0.00009   0.00009   0.00009   0.00009   0.00009   0.00009
  7.8859   0.00006   0.00007   0.00007   0.00006   0.00006   0.00006   0.00006   0.00006   0.00006   0.00006
  7.8929   0.00004   0.00005   0.00005   0.00005   0.00004   0.00004   0.00004   0.00004   0.00004   0.00004
  7.8999   0.00003   0.00003   0.00003   0.00003   0.00003   0.00003   0.00003   0.00003   0.00003   0.00003
  7.9070   0.00002   0.00002   0.00002   0.00002   0.00002   0.00002   0.00002   0.00002   0.00002   0.00002
  7.9140   0.00001   0.00002   0.00002   0.00002   0.00001   0.00001   0.00001   0.00001   0.00001   0.00001
  7.9210   0.00001   0.00001   0.00001   0.00001   0.00001   0.00001   0.00001   0.00001   0.00001   0.00001
  7.9280   0.00001   0.00001   0.00001   0.00001   0.00001   0.00001   0.00001   0.00001   0.00001   0.00001
  7.9350   0.00000   0.00001   0.00001   0.00000   0.00000   0.00000   0.00000   0.00000   0.00000   0.00000
  7.9420   0.00000   0.00000   0.00000   0.00000   0.00000   0.00000   0.00000   0.00000   0.00000   0.00000
  7.9490   0.00000   0.00000   0.00000   0.00000   0.00000   0.00000   0.00000   0.00000   0.00000   0.00000
  7.9560   0.00000   0.00000   0.00000   0.00000   0.00000   0.00000   0.00000   0.00000   0.00000   0.00000
  7.9630   0.00000   0.00000   0.00000   0.00000   0.00000   0.00000   0.00000   0.00000   0.00000   0.00000
  7.9700   0.00000   0.00000   0.00000   0.00000   0.00000   0.00000   0.00000   0.00000   0.00000   0.00000
  7.9770   0.00000   0.00000   0.00000   0.00000   0.00000   0.00000   0.00000   0.00000   0.00000   0.00000
  7.9840   0.00000   0.00000   0.00000   0.00000   0.00000   0.00000   0.00000   0.00000   0.00000   0.00000
  7.9910   0.00000   0.00000   0.00000   0.00000   0.00000   0.00000   0.00000   0.00000   0.00000   0.00000
  7.9980   0.00000   0.00000   0.00000   0.00000   0.00000   0.00000   0.00000   0.00000   0.00000   0.00000
  8.0050   0.00000   0.00000   0.00000   0.00000   0.00000   0.00000   0.00000   0.00000   0.00000   0.00000
  8.0120   0.00000   0.00000   0.00000   0.00000   0.00000   0.00000   0.00000   0.00000   0.00000   0.00000
  8.0190   0.00000   0.00000   0.00000   0.00000   0.00000   0.00000   0.00000   0.00000   0.00000   0.00000
  8.0260   0.00001   0.00001   0.00001   0.00001   0.00001   0.00001   0.00000   0.00000   0.00000   0.00000
  8.0330   0.00001   0.00001   0.00001   0.00001   0.00001   0.00001   0.00001   0.00001   0.00001   0.00001
  8.0400   0.00001   0.00001   0.00001   0.00001   0.00001   0.00001   0.00001   0.00001   0.00001   0.00001
  8.0470   0.00002   0.00002   0.00002   0.00002   0.00002   0.00002   0.00002   0.00002   0.00002   0.00002
  8.0540   0.00003   0.00003   0.00003   0.00003   0.00002   0.00002   0.00002   0.00002   0.00002   0.00002
  8.0610   0.00005   0.00004   0.00004   0.00004   0.00004   0.00003   0.00003   0.00003   0.00003   0.00003
  8.0680   0.00007   0.00006   0.00006   0.00005   0.00005   0.00005   0.00005   0.00005   0.00005   0.00005
  8.0750   0.00009   0.00008   0.00008   0.00008   0.00007   0.00007   0.00007   0.00007   0.00007   0.00007
  8.0820   0.00013   0.00012   0.00011   0.00011   0.00010   0.00010   0.00010   0.00010   0.00009   0.00009
  8.0890   0.00019   0.00017   0.00016   0.00015   0.00015   0.00014   0.00014   0.00014   0.00013   0.00013
  8.0960   0.00026   0.00023   0.00022   0.00022   0.00021   0.00020   0.00019   0.00019   0.00019   0.00018
  8.1031   0.00037   0.00032   0.00031   0.00030   0.00029   0.00028   0.00027   0.00026   0.00026   0.00026
  8.1101   0.00051   0.00045   0.00043   0.00042   0.00040   0.00038   0.00037   0.00036   0.00036   0.00035
  8.1171   0.00070   0.00061   0.00059   0.00057   0.00054   0.00052   0.00051   0.00050   0.00049   0.00049
  8.1241   0.00095   0.00083   0.00081   0.00078   0.00074   0.00071   0.00069   0.00068   0.00067   0.00066
  8.1311   0.00128   0.00113   0.00109   0.00105   0.00100   0.00096   0.00094   0.00092   0.00091   0.00090
  8.1381   0.00172   0.00152   0.00147   0.00141   0.00135   0.00130   0.00126   0.00123   0.00122   0.00120
  8.1451   0.00230   0.00202   0.00196   0.00189   0.00180   0.00173   0.00168   0.00165   0.00162   0.00161
  8.1521   0.00305   0.00268   0.00259   0.00250   0.00239   0.00230   0.00223   0.00218   0.00215   0.00213
  8.1591   0.00402   0.00354   0.00342   0.00329   0.00314   0.00302   0.00294   0.00288   0.00284   0.00281
  8.1661   0.00526   0.00462   0.00447   0.00431   0.00411   0.00395   0.00384   0.00376   0.00371   0.00367
  8.1731   0.00683   0.00601   0.00581   0.00559   0.00534   0.00514   0.00499   0.00489   0.00482   0.00477
  8.1801   0.00882   0.00776   0.00750   0.00722   0.00689   0.00663   0.00644   0.00631   0.00622   0.00615
  8.1871   0.01131   0.00994   0.00961   0.00925   0.00884   0.00850   0.00826   0.00809   0.00797   0.00789
  8.1941   0.01440   0.01266   0.01223   0.01178   0.01125   0.01082   0.01051   0.01030   0.01015   0.01004
  8.2011   0.01822   0.01601   0.01547   0.01490   0.01423   0.01368   0.01329   0.01302   0.01284   0.01270
  8.2081   0.02289   0.02012   0.01944   0.01872   0.01787   0.01719   0.01670   0.01636   0.01613   0.01595
  8.2151   0.02857   0.02511   0.02426   0.02336   0.02230   0.02144   0.02083   0.02041   0.02012   0.01991
  8.2221   0.03543   0.03113   0.03007   0.02896   0.02764   0.02658   0.02582   0.02530   0.02494   0.02467
  8.2291   0.04364   0.03834   0.03703   0.03565   0.03404   0.03272   0.03179   0.03114   0.03071   0.03038
  8.2361   0.05340   0.04691   0.04529   0.04361   0.04163   0.04002   0.03889   0.03809   0.03756   0.03715
  8.2431   0.06492   0.05701   0.05504   0.05298   0.05058   0.04863   0.04724   0.04628   0.04563   0.04514
  8.2501   0.07840   0.06883   0.06644   0.06395   0.06105   0.05869   0.05702   0.05585   0.05508   0.05448
  8.2571   0.09407   0.08256   0.07967   0.07668   0.07320   0.07037   0.06837   0.06697   0.06604   0.06532
  8.2641   0.11215   0.09839   0.09492   0.09135   0.08719   0.08382   0.08143   0.07977   0.07866   0.07780
  8.2711   0.13283   0.11649   0.11235   0.10811   0.10318   0.09919   0.09637   0.09439   0.09308   0.09207
  8.2781   0.15634   0.13704   0.13213   0.12712   0.12132   0.11662   0.11330   0.11098   0.10943   0.10825
  8.2851   0.18284   0.16019   0.15439   0.14851   0.14173   0.13623   0.13235   0.12964   0.12783   0.12644
  8.2921   0.21249   0.18607   0.17926   0.17240   0.16450   0.15812   0.15361   0.15046   0.14836   0.14676
  8.2991   0.24542   0.21477   0.20681   0.19885   0.18973   0.18236   0.17715   0.17352   0.17110   0.16925
  8.3062   0.28171   0.24636   0.23711   0.22792   0.21744   0.20899   0.20301   0.19885   0.19608   0.19395
  8.3132   0.32141   0.28086   0.27015   0.25962   0.24765   0.23801   0.23120   0.22645   0.22330   0.22088
  8.3202   0.36452   0.31825   0.30592   0.29391   0.28032   0.26938   0.26167   0.25630   0.25272   0.24998
  8.3272   0.41097   0.35847   0.34433   0.33069   0.31536   0.30303   0.29434   0.28830   0.28427   0.28119
  8.3342   0.46067   0.40139   0.38525   0.36985   0.35264   0.33883   0.32910   0.32233   0.31783   0.31439
  8.3412   0.51345   0.44685   0.42850   0.41119   0.39199   0.37660   0.36577   0.35825   0.35324   0.34942
  8.3482   0.56910   0.49464   0.47386   0.45450   0.43318   0.41613   0.40415   0.39583   0.39029   0.38607
  8.3552   0.62736   0.54449   0.52104   0.49950   0.47596   0.45717   0.44399   0.43484   0.42875   0.42411
  8.3622   0.68792   0.59611   0.56975   0.54588   0.52002   0.49943   0.48500   0.47499   0.46834   0.46328
  8.3692   0.75045   0.64916   0.61964   0.59330   0.56504   0.54259   0.52687   0.51599   0.50875   0.50326
  8.3762   0.81458   0.70329   0.67033   0.64139   0.61065   0.58629   0.56928   0.55750   0.54968   0.54375
  8.3832   0.87991   0.75813   0.72145   0.68977   0.65649   0.63020   0.61187   0.59919   0.59077   0.58440
  8.3902   0.94605   0.81328   0.77260   0.73806   0.70219   0.67394   0.65428   0.64071   0.63169   0.62489
  8.3972   1.01258   0.86837   0.82339   0.78586   0.74736   0.71716   0.69617   0.68171   0.67210   0.66487
  8.4042   1.07910   0.92301   0.87343   0.83280   0.79166   0.75949   0.73720   0.72185   0.71167   0.70402
  8.4112   1.14522   0.97684   0.92236   0.87852   0.83472   0.80061   0.77703   0.76083   0.75007   0.74202
  8.4182   1.21054   1.02950   0.96982   0.92267   0.87623   0.84021   0.81538   0.79833   0.78703   0.77859
  8.4252   1.27471   1.08067   1.01551   0.96496   0.91589   0.87800   0.85195   0.83410   0.82227   0.81346
  8.4322   1.33735   1.13004   1.05912   1.00510   0.95344   0.91373   0.88650   0.86788   0.85555   0.84640
  8.4392   1.39812   1.17732   1.10039   1.04284   0.98864   0.94717   0.91882   0.89948   0.88666   0.87719
  8.4462   1.45668   1.22224   1.13910   1.07798   1.02128   0.97813   0.94872   0.92869   0.91544   0.90567
  8.4532   1.51269   1.26456   1.17501   1.11030   1.05121   1.00644   0.97604   0.95537   0.94171   0.93168
  8.4602   1.56581   1.30402   1.20795   1.13966   1.07825   1.03197   1.00064   0.97939   0.96535   0.95509
  8.4672   1.61570   1.34039   1.23772   1.16589   1.10227   1.05458   1.02240   1.00062   0.98624   0.97578
  8.4742   1.66198   1.37344   1.26417   1.18887   1.12316   1.07416   1.04121   1.01897   1.00429   0.99365
  8.4812   1.70427   1.40291   1.28711   1.20845   1.14081   1.09062   1.05699   1.03434   1.01940   1.00862
  8.4882   1.74217   1.42856   1.30640   1.22452   1.15510   1.10386   1.06964   1.04665   1.03149   1.02061
  8.4952   1.77525   1.45013   1.32184   1.23694   1.16594   1.11378   1.07908   1.05581   1.04048   1.02952
  8.5023   1.80310   1.46735   1.33329   1.24560   1.17321   1.12030   1.08521   1.06174   1.04628   1.03528
  8.5093   1.82526   1.47997   1.34055   1.25035   1.17682   1.12332   1.08795   1.06435   1.04881   1.03781
  8.5163   1.84130   1.48771   1.34348   1.25109   1.17665   1.12274   1.08722   1.06356   1.04800   1.03702
  8.5233   1.85082   1.49034   1.34190   1.24770   1.17263   1.11849   1.08293   1.05930   1.04376   1.03285
  8.5303   1.85343   1.48762   1.33567   1.24007   1.16466   1.11050   1.07503   1.05150   1.03605   1.02523
  8.5373   1.84881   1.47937   1.32469   1.22812   1.15268   1.09871   1.06345   1.04012   1.02480   1.01411
  8.5443   1.83671   1.46544   1.30888   1.21182   1.13667   1.08309   1.04819   1.02513   1.01000   0.99949
  8.5513   1.81697   1.44576   1.28820   1.19114   1.11661   1.06366   1.02924   1.00654   0.99166   0.98135
  8.5583   1.78952   1.42032   1.26268   1.16614   1.09256   1.04045   1.00665   0.98440   0.96981   0.95975
  8.5653   1.75441   1.38919   1.23241   1.13690   1.06461   1.01355   0.98052   0.95879   0.94456   0.93477
  8.5723   1.71184   1.35254   1.19755   1.10359   1.03290   0.98312   0.95097   0.92986   0.91604   0.90656
  8.5793   1.66209   1.31062   1.15834   1.06642   0.99766   0.94935   0.91821   0.89779   0.88442   0.87528
  8.5863   1.60562   1.26377   1.11509   1.02567   0.95914   0.91250   0.88248   0.86282   0.84996   0.84118
  8.5933   1.54299   1.21244   1.06817   0.98170   0.91766   0.87287   0.84408   0.82525   0.81293   0.80454
  8.6003   1.47485   1.15714   1.01803   0.93492   0.87362   0.83082   0.80336   0.78541   0.77367   0.76569
  8.6073   1.40199   1.09845   0.96517   0.88576   0.82742   0.78676   0.76069   0.74367   0.73254   0.72500
  8.6143   1.32525   1.03703   0.91015   0.83475   0.77954   0.74111   0.71651   0.70046   0.68997   0.68287
  8.6213   1.24555   0.97355   0.85355   0.78239   0.73045   0.69435   0.67126   0.65620   0.64637   0.63972
  8.6283   1.16381   0.90873   0.79598   0.72924   0.68066   0.64694   0.62539   0.61135   0.60218   0.59599
  8.6353   1.08100   0.84330   0.73803   0.67584   0.63068   0.59936   0.57937   0.56635   0.55785   0.55212
  8.6423   0.99804   0.77794   0.68031   0.62272   0.58099   0.55209   0.53365   0.52165   0.51381   0.50854
  8.6493   0.91583   0.71333   0.62339   0.57040   0.53208   0.50557   0.48866   0.47767   0.47048   0.46566
  8.6563   0.83522   0.65011   0.56779   0.51935   0.48439   0.46021   0.44480   0.43479   0.42825   0.42385
  8.6633   0.75695   0.58884   0.51399   0.47000   0.43830   0.41639   0.40244   0.39337   0.38745   0.38348
  8.6703   0.68170   0.53002   0.46242   0.42273   0.39417   0.37444   0.36188   0.35372   0.34840   0.34483
  8.6773   0.61004   0.47408   0.41343   0.37786   0.35228   0.33463   0.32340   0.31611   0.31135   0.30816
  8.6843   0.54242   0.42135   0.36731   0.33563   0.31288   0.29719   0.28721   0.28073   0.27650   0.27366
  8.6913   0.47919   0.37210   0.32426   0.29623   0.27613   0.26227   0.25345   0.24773   0.24400   0.24150
  8.6983   0.42060   0.32649   0.28442   0.25979   0.24214   0.22998   0.22225   0.21723   0.21395   0.21176
  8.7054   0.36676   0.28461   0.24787   0.22638   0.21098   0.20037   0.19363   0.18926   0.18641   0.18450
  8.7124   0.31773   0.24650   0.21462   0.19598   0.18264   0.17345   0.16762   0.16383   0.16136   0.15971
  8.7194   0.27344   0.21209   0.18462   0.16857   0.15709   0.14918   0.14416   0.14090   0.13877   0.13735
  8.7264   0.23377   0.18128   0.15778   0.14404   0.13422   0.12746   0.12317   0.12039   0.11857   0.11736
  8.7334   0.19854   0.15393   0.13395   0.12228   0.11394   0.10820   0.10455   0.10219   0.10065   0.09962
  8.7404   0.16750   0.12985   0.11297   0.10312   0.09608   0.09124   0.08817   0.08617   0.08487   0.08400
  8.7474   0.14038   0.10880   0.09465   0.08639   0.08049   0.07643   0.07386   0.07219   0.07110   0.07037
  8.7544   0.11686   0.09056   0.07878   0.07190   0.06699   0.06361   0.06146   0.06008   0.05917   0.05856
  8.7614   0.09664   0.07488   0.06513   0.05944   0.05538   0.05259   0.05082   0.04967   0.04892   0.04842
  8.7684   0.07939   0.06151   0.05349   0.04882   0.04549   0.04319   0.04174   0.04079   0.04018   0.03977
  8.7754   0.06479   0.05019   0.04365   0.03984   0.03712   0.03524   0.03406   0.03329   0.03279   0.03245
  8.7824   0.05253   0.04069   0.03539   0.03230   0.03009   0.02858   0.02762   0.02699   0.02659   0.02631
  8.7894   0.04232   0.03278   0.02851   0.02602   0.02425   0.02303   0.02226   0.02176   0.02143   0.02121
  8.7964   0.03389   0.02624   0.02283   0.02085   0.01943   0.01846   0.01784   0.01744   0.01718   0.01700
  8.8034   0.02700   0.02090   0.01819   0.01662   0.01550   0.01473   0.01424   0.01392   0.01371   0.01357
  8.8104   0.02141   0.01657   0.01443   0.01320   0.01232   0.01171   0.01133   0.01107   0.01091   0.01080
  8.8174   0.01694   0.01309   0.01143   0.01047   0.00979   0.00931   0.00901   0.00882   0.00869   0.00860
  8.8244   0.01341   0.01035   0.00906   0.00833   0.00781   0.00744   0.00721   0.00706   0.00696   0.00689
  8.8314   0.01068   0.00823   0.00724   0.00670   0.00630   0.00602   0.00584   0.00573   0.00565   0.00560
  8.8384   0.00864   0.00663   0.00588   0.00550   0.00521   0.00500   0.00486   0.00477   0.00471   0.00467
  8.8454   0.00720   0.00549   0.00493   0.00468   0.00448   0.00433   0.00423   0.00416   0.00411   0.00408
  8.8524   0.00628   0.00475   0.00435   0.00421   0.00409   0.00399   0.00391   0.00386   0.00382   0.00380
  8.8594   0.00585   0.00437   0.00410   0.00407   0.00402   0.00396   0.00390   0.00386   0.00384   0.00382
  8.8664   0.00588   0.00434   0.00417   0.00425   0.00427   0.00424   0.00421   0.00418   0.00416   0.00414
  8.8734   0.00638   0.00466   0.00459   0.00478   0.00486   0.00487   0.00485   0.00483   0.00481   0.00480
  8.8804   0.00739   0.00534   0.00536   0.00568   0.00584   0.00588   0.00587   0.00586   0.00584   0.00583
  8.8874   0.00894   0.00643   0.00653   0.00700   0.00724   0.00732   0.00733   0.00732   0.00730   0.00729
  8.8944   0.01114   0.00797   0.00816   0.00881   0.00916   0.00927   0.00929   0.00928   0.00927   0.00926
  8.9015   0.01407   0.01004   0.01034   0.01121   0.01167   0.01183   0.01187   0.01186   0.01185   0.01184
  8.9085   0.01788   0.01275   0.01316   0.01430   0.01491   0.01513   0.01518   0.01518   0.01517   0.01515
  8.9155   0.02273   0.01619   0.01674   0.01822   0.01901   0.01930   0.01937   0.01937   0.01936   0.01934
  8.9225   0.02883   0.02052   0.02124   0.02313   0.02415   0.02452   0.02461   0.02461   0.02460   0.02457
  8.9295   0.03639   0.02590   0.02682   0.02922   0.03051   0.03098   0.03110   0.03110   0.03109   0.03105
  8.9365   0.04568   0.03251   0.03367   0.03669   0.03832   0.03892   0.03907   0.03907   0.03905   0.03901
  8.9435   0.05700   0.04056   0.04202   0.04579   0.04783   0.04858   0.04877   0.04877   0.04874   0.04869
  8.9505   0.07067   0.05028   0.05209   0.05677   0.05931   0.06023   0.06047   0.06047   0.06044   0.06038
  8.9575   0.08703   0.06192   0.06416   0.06993   0.07305   0.07419   0.07448   0.07448   0.07445   0.07437
  8.9645   0.10648   0.07575   0.07850   0.08556   0.08938   0.09077   0.09113   0.09113   0.09109   0.09100
  8.9715   0.12939   0.09205   0.09539   0.10397   0.10861   0.11031   0.11074   0.11074   0.11069   0.11058
  8.9785   0.15617   0.11111   0.11513   0.12549   0.13110   0.13314   0.13367   0.13367   0.13360   0.13347
  8.9855   0.18722   0.13320   0.13802   0.15044   0.15716   0.15961   0.16025   0.16025   0.16017   0.16001
  8.9925   0.22292   0.15860   0.16434   0.17913   0.18713   0.19005   0.19080   0.19080   0.19071   0.19052
  8.9995   0.26363   0.18756   0.19435   0.21184   0.22130   0.22476   0.22565   0.22565   0.22554   0.22531
  9.0065   0.30965   0.22030   0.22828   0.24882   0.25994   0.26400   0.26504   0.26504   0.26491   0.26465
  9.0135   0.36125   0.25701   0.26632   0.29028   0.30325   0.30798   0.30920   0.30920   0.30905   0.30875
  9.0205   0.41858   0.29779   0.30858   0.33635   0.35138   0.35686   0.35827   0.35827   0.35810   0.35774
  9.0275   0.48171   0.34271   0.35513   0.38708   0.40437   0.41068   0.41231   0.41231   0.41211   0.41170
  9.0345   0.55060   0.39173   0.40591   0.44244   0.46221   0.46942   0.47128   0.47128   0.47105   0.47058
  9.0415   0.62507   0.44471   0.46082   0.50228   0.52472   0.53291   0.53502   0.53502   0.53476   0.53423
  9.0485   0.70480   0.50143   0.51960   0.56634   0.59165   0.60088   0.60327   0.60327   0.60297   0.60237
  9.0555   0.78931   0.56155   0.58189   0.63425   0.66259   0.67293   0.67559   0.67559   0.67526   0.67459
  9.0625   0.87794   0.62461   0.64723   0.70547   0.73699   0.74849   0.75146   0.75146   0.75109   0.75035
  9.0695   0.96989   0.69003   0.71503   0.77936   0.81419   0.82689   0.83017   0.83017   0.82976   0.82894
  9.0765   1.06421   0.75713   0.78455   0.85514   0.89336   0.90730   0.91089   0.91089   0.91044   0.90954
  9.0835   1.15976   0.82511   0.85500   0.93193   0.97357   0.98876   0.99268   0.99268   0.99219   0.99121
  9.0905   1.25532   0.89309   0.92544   1.00871   1.05379   1.07023   1.07447   1.07447   1.07394   1.07288
  9.0975   1.34952   0.96011   0.99489   1.08440   1.13287   1.15054   1.15510   1.15510   1.15453   1.15339
  9.1046   1.44094   1.02516   1.06229   1.15787   1.20961   1.22848   1.23335   1.23335   1.23275   1.23153
  9.1116   1.52811   1.08717   1.12656   1.22791   1.28279   1.30280   1.30797   1.30797   1.30732   1.30603
  9.1186   1.60955   1.14512   1.18660   1.29335   1.35115   1.37223   1.37767   1.37767   1.37699   1.37563
  9.1256   1.68383   1.19796   1.24135   1.35304   1.41350   1.43556   1.44125   1.44125   1.44054   1.43911
  9.1326   1.74957   1.24473   1.28981   1.40586   1.46869   1.49160   1.49752   1.49752   1.49678   1.49530
  9.1396   1.80553   1.28454   1.33107   1.45083   1.51567   1.53931   1.54542   1.54542   1.54465   1.54313
  9.1466   1.85063   1.31663   1.36432   1.48707   1.55353   1.57777   1.58402   1.58402   1.58324   1.58168
  9.1536   1.88399   1.34036   1.38891   1.51388   1.58153   1.60620   1.61257   1.61257   1.61178   1.61018
  9.1606   1.90492   1.35525   1.40434   1.53070   1.59910   1.62405   1.63049   1.63049   1.62968   1.62807
  9.1676   1.91301   1.36101   1.41031   1.53719   1.60589   1.63095   1.63741   1.63741   1.63660   1.63499
  9.1746   1.90809   1.35751   1.40668   1.53324   1.60176   1.62675   1.63320   1.63320   1.63239   1.63078
  9.1816   1.89026   1.34482   1.39354   1.51892   1.58680   1.61155   1.61794   1.61794   1.61714   1.61554
  9.1886   1.85988   1.32321   1.37114   1.49451   1.56130   1.58565   1.59194   1.59194   1.59116   1.58958
  9.1956   1.81757   1.29311   1.33995   1.46051   1.52578   1.54958   1.55573   1.55573   1.55496   1.55342
  9.2026   1.76416   1.25511   1.30058   1.41759   1.48094   1.50405   1.51001   1.51001   1.50927   1.50778
  9.2096   1.70070   1.20996   1.25379   1.36660   1.42767   1.44994   1.45569   1.45569   1.45497   1.45353
  9.2166   1.62839   1.15852   1.20048   1.30849   1.36697   1.38829   1.39380   1.39380   1.39311   1.39173
  9.2236   1.54857   1.10173   1.14163   1.24435   1.29996   1.32024   1.32547   1.32547   1.32482   1.32351
  9.2306   1.46266   1.04061   1.07830   1.17532   1.22784   1.24700   1.25194   1.25194   1.25132   1.25009
  9.2376   1.37214   0.97620   1.01157   1.10258   1.15185   1.16982   1.17446   1.17446   1.17388   1.17272
  9.2446   1.27848   0.90957   0.94252   1.02732   1.07323   1.08997   1.09429   1.09429   1.09375   1.09267
  9.2516   1.18312   0.84173   0.87222   0.95070   0.99318   1.00868   1.01268   1.01268   1.01218   1.01118
  9.2586   1.08745   0.77366   0.80169   0.87382   0.91287   0.92711   0.93079   0.93079   0.93033   0.92941
  9.2656   0.99272   0.70627   0.73186   0.79770   0.83335   0.84635   0.84971   0.84971   0.84929   0.84845
  9.2726   0.90010   0.64037   0.66357   0.72327   0.75560   0.76739   0.77043   0.77043   0.77005   0.76929
  9.2796   0.81058   0.57668   0.59757   0.65134   0.68045   0.69106   0.69380   0.69380   0.69346   0.69277
  9.2866   0.72500   0.51580   0.53448   0.58257   0.60861   0.61810   0.62055   0.62055   0.62025   0.61963
  9.2936   0.64406   0.45821   0.47481   0.51753   0.54066   0.54909   0.55127   0.55127   0.55100   0.55045
  9.3007   0.56827   0.40429   0.41894   0.45663   0.47704   0.48448   0.48640   0.48640   0.48616   0.48568
  9.3077   0.49799   0.35429   0.36713   0.40016   0.41804   0.42456   0.42625   0.42625   0.42604   0.42562
  9.3147   0.43344   0.30837   0.31954   0.34829   0.36386   0.36953   0.37100   0.37100   0.37081   0.37045
  9.3217   0.37470   0.26658   0.27623   0.30109   0.31454   0.31945   0.32072   0.32072   0.32056   0.32024
  9.3287   0.32172   0.22889   0.23718   0.25852   0.27007   0.27428   0.27537   0.27537   0.27523   0.27496
  9.3357   0.27435   0.19519   0.20226   0.22046   0.23031   0.23390   0.23483   0.23483   0.23471   0.23448
  9.3427   0.23237   0.16532   0.17131   0.18672   0.19507   0.19811   0.19890   0.19890   0.19880   0.19860
  9.3497   0.19548   0.13907   0.14411   0.15708   0.16410   0.16666   0.16732   0.16732   0.16724   0.16707
  9.3567   0.16333   0.11620   0.12041   0.13124   0.13711   0.13925   0.13980   0.13980   0.13973   0.13959
  9.3637   0.13554   0.09643   0.09992   0.10891   0.11378   0.11555   0.11601   0.11601   0.11595   0.11584
  9.3707   0.11171   0.07948   0.08236   0.08977   0.09378   0.09524   0.09562   0.09562   0.09557   0.09548
  9.3777   0.09145   0.06506   0.06742   0.07348   0.07677   0.07797   0.07828   0.07828   0.07824   0.07816
  9.3847   0.07435   0.05290   0.05482   0.05975   0.06242   0.06339   0.06364   0.06364   0.06361   0.06355
  9.3917   0.06004   0.04272   0.04427   0.04825   0.05041   0.05119   0.05139   0.05139   0.05137   0.05132
  9.3987   0.04816   0.03426   0.03550   0.03870   0.04043   0.04106   0.04122   0.04122   0.04120   0.04116
  9.4057   0.03836   0.02729   0.02828   0.03083   0.03221   0.03271   0.03284   0.03284   0.03282   0.03279
  9.4127   0.03035   0.02160   0.02238   0.02439   0.02548   0.02588   0.02598   0.02598   0.02597   0.02594
  9.4197   0.02385   0.01697   0.01759   0.01917   0.02002   0.02034   0.02042   0.02042   0.02041   0.02039
  9.4267   0.01862   0.01325   0.01373   0.01496   0.01563   0.01587   0.01594   0.01594   0.01593   0.01591
  9.4337   0.01443   0.01027   0.01064   0.01160   0.01212   0.01231   0.01235   0.01235   0.01235   0.01234
  9.4407   0.01111   0.00791   0.00819   0.00893   0.00933   0.00948   0.00951   0.00951   0.00951   0.00950
  9.4477   0.00850   0.00605   0.00627   0.00683   0.00714   0.00725   0.00728   0.00728   0.00727   0.00727
  9.4547   0.00646   0.00460   0.00476   0.00519   0.00542   0.00551   0.00553   0.00553   0.00553   0.00552
  9.4617   0.00487   0.00347   0.00360   0.00392   0.00409   0.00416   0.00417   0.00417   0.00417   0.00417
  9.4687   0.00365   0.00261   0.00270   0.00294   0.00307   0.00312   0.00313   0.00313   0.00313   0.00313
  9.4757   0.00272   0.00195   0.00201   0.00220   0.00229   0.00233   0.00234   0.00234   0.00234   0.00233
  9.4827   0.00202   0.00145   0.00150   0.00163   0.00170   0.00173   0.00174   0.00174   0.00174   0.00174
  9.4897   0.00149   0.00108   0.00111   0.00121   0.00127   0.00128   0.00129   0.00129   0.00129   0.00129
  9.4967   0.00110   0.00080   0.00083   0.00090   0.00094   0.00096   0.00096   0.00096   0.00096   0.00096
  9.5038   0.00081   0.00061   0.00063   0.00068   0.00071   0.00072   0.00072   0.00072   0.00072   0.00072
  9.5108   0.00061   0.00047   0.00049   0.00053   0.00055   0.00056   0.00056   0.00056   0.00056   0.00056
  9.5178   0.00046   0.00039   0.00040   0.00043   0.00044   0.00045   0.00045   0.00045   0.00045   0.00045
  9.5248   0.00037   0.00034   0.00035   0.00037   0.00038   0.00039   0.00039   0.00039   0.00039   0.00039
  9.5318   0.00032   0.00034   0.00033   0.00036   0.00037   0.00037   0.00037   0.00037   0.00037   0.00037
  9.5388   0.00030   0.00036   0.00036   0.00038   0.00039   0.00039   0.00039   0.00039   0.00039   0.00039
  9.5458   0.00031   0.00042   0.00041   0.00043   0.00044   0.00044   0.00044   0.00045   0.00045   0.00045
  9.5528   0.00035   0.00051   0.00050   0.00052   0.00054   0.00054   0.00054   0.00054   0.00054   0.00054
  9.5598   0.00042   0.00065   0.00063   0.00066   0.00067   0.00068   0.00068   0.00068   0.00068   0.00068
  9.5668   0.00053   0.00083   0.00080   0.00084   0.00086   0.00086   0.00086   0.00086   0.00087   0.00087
  9.5738   0.00067   0.00106   0.00103   0.00108   0.00110   0.00111   0.00111   0.00111   0.00111   0.00112
  9.5808   0.00085   0.00137   0.00133   0.00139   0.00142   0.00142   0.00142   0.00143   0.00143   0.00144
  9.5878   0.00108   0.00175   0.00170   0.00178   0.00182   0.00183   0.00183   0.00183   0.00184   0.00185
  9.5948   0.00137   0.00223   0.00217   0.00227   0.00232   0.00233   0.00233   0.00234   0.00234   0.00236
  9.6018   0.00174   0.00283   0.00276   0.00288   0.00295   0.00296   0.00296   0.00296   0.00298   0.00299
  9.6088   0.00219   0.00356   0.00348   0.00364   0.00372   0.00373   0.00374   0.00374   0.00376   0.00378
  9.6158   0.00274   0.00446   0.00436   0.00456   0.00466   0.00468   0.00468   0.00469   0.00471   0.00473
  9.6228   0.00340   0.00554   0.00542   0.00568   0.00581   0.00584   0.00584   0.00585   0.00587   0.00590
  9.6298   0.00420   0.00684   0.00671   0.00703   0.00719   0.00723   0.00723   0.00724   0.00727   0.00731
  9.6368   0.00516   0.00839   0.00824   0.00864   0.00885   0.00889   0.00890   0.00891   0.00894   0.00899
  9.6438   0.00629   0.01023   0.01006   0.01056   0.01081   0.01087   0.01088   0.01089   0.01093   0.01099
  9.6508   0.00761   0.01238   0.01221   0.01283   0.01314   0.01321   0.01321   0.01323   0.01328   0.01335
  9.6578   0.00916   0.01489   0.01472   0.01548   0.01586   0.01595   0.01596   0.01598   0.01604   0.01612
  9.6648   0.01094   0.01778   0.01762   0.01856   0.01902   0.01913   0.01915   0.01917   0.01925   0.01934
  9.6718   0.01299   0.02111   0.02098   0.02212   0.02268   0.02281   0.02283   0.02286   0.02295   0.02306
  9.6788   0.01533   0.02488   0.02481   0.02619   0.02688   0.02704   0.02706   0.02710   0.02720   0.02733
  9.6858   0.01796   0.02915   0.02915   0.03083   0.03165   0.03185   0.03188   0.03192   0.03204   0.03219
  9.6928   0.02092   0.03392   0.03405   0.03607   0.03705   0.03729   0.03733   0.03738   0.03752   0.03769
  9.6998   0.02420   0.03922   0.03953   0.04194   0.04311   0.04340   0.04345   0.04351   0.04367   0.04387
  9.7069   0.02782   0.04506   0.04561   0.04848   0.04987   0.05022   0.05028   0.05035   0.05052   0.05076
  9.7139   0.03178   0.05144   0.05230   0.05571   0.05735   0.05777   0.05784   0.05792   0.05812   0.05838
  9.7209   0.03608   0.05834   0.05962   0.06364   0.06557   0.06607   0.06616   0.06625   0.06647   0.06677
  9.7279   0.04070   0.06576   0.06756   0.07228   0.07454   0.07513   0.07524   0.07534   0.07559   0.07592
  9.7349   0.04563   0.07365   0.07611   0.08163   0.08425   0.08496   0.08509   0.08521   0.08548   0.08584
  9.7419   0.05084   0.08198   0.08525   0.09167   0.09471   0.09554   0.09570   0.09583   0.09613   0.09653
  9.7489   0.05630   0.09069   0.09493   0.10238   0.10588   0.10685   0.10704   0.10718   0.10752   0.10794
  9.7559   0.06197   0.09970   0.10512   0.11370   0.11772   0.11885   0.11908   0.11924   0.11960   0.12006
  9.7629   0.06781   0.10895   0.11576   0.12560   0.13019   0.13150   0.13177   0.13194   0.13233   0.13282
  9.7699   0.07375   0.11833   0.12677   0.13801   0.14322   0.14473   0.14505   0.14524   0.14565   0.14618
  9.7769   0.07974   0.12776   0.13807   0.15084   0.15674   0.15846   0.15884   0.15905   0.15949   0.16004
  9.7839   0.08572   0.13712   0.14958   0.16402   0.17066   0.17262   0.17306   0.17329   0.17375   0.17432
  9.7909   0.09162   0.14631   0.16119   0.17743   0.18487   0.18710   0.18760   0.18785   0.18833   0.18892
  9.7979   0.09738   0.15521   0.17279   0.19098   0.19927   0.20178   0.20236   0.20263   0.20312   0.20373
  9.8049   0.10291   0.16372   0.18428   0.20454   0.21373   0.21655   0.21721   0.21749   0.21800   0.21862
  9.8119   0.10816   0.17172   0.19555   0.21798   0.22813   0.23128   0.23202   0.23232   0.23284   0.23346
  9.8189   0.11306   0.17911   0.20646   0.23118   0.24233   0.24582   0.24666   0.24698   0.24749   0.24811
  9.8259   0.11755   0.18579   0.21691   0.24401   0.25619   0.26003   0.26097   0.26130   0.26182   0.26242
  9.8329   0.12157   0.19167   0.22678   0.25632   0.26956   0.27377   0.27481   0.27516   0.27567   0.27626
  9.8399   0.12507   0.19669   0.23596   0.26798   0.28229   0.28688   0.28802   0.28839   0.28889   0.28945
  9.8469   0.12801   0.20078   0.24434   0.27886   0.29424   0.29921   0.30046   0.30085   0.30133   0.30186
  9.8539   0.13036   0.20389   0.25181   0.28883   0.30526   0.31062   0.31198   0.31238   0.31284   0.31333
  9.8609   0.13209   0.20599   0.25830   0.29775   0.31523   0.32096   0.32243   0.32284   0.32327   0.32373
  9.8679   0.13317   0.20706   0.26371   0.30552   0.32399   0.33009   0.33167   0.33209   0.33250   0.33290
  9.8749   0.13361   0.20710   0.26798   0.31202   0.33144   0.33789   0.33957   0.34000   0.34038   0.34073
  9.8819   0.13341   0.20612   0.27105   0.31717   0.33747   0.34425   0.34603   0.34646   0.34680   0.34710
  9.8889   0.13257   0.20415   0.27287   0.32089   0.34198   0.34905   0.35092   0.35136   0.35167   0.35191
  9.8959   0.13111   0.20123   0.27342   0.32311   0.34489   0.35223   0.35418   0.35462   0.35489   0.35507
  9.9030   0.12906   0.19740   0.27268   0.32378   0.34615   0.35372   0.35574   0.35618   0.35641   0.35654
  9.9100   0.12644   0.19274   0.27066   0.32289   0.34571   0.35347   0.35555   0.35599   0.35618   0.35625
  9.9170   0.12330   0.18729   0.26737   0.32042   0.34357   0.35147   0.35360   0.35403   0.35419   0.35420
  9.9240   0.11967   0.18116   0.26285   0.31640   0.33974   0.34773   0.34990   0.35032   0.35044   0.35040
  9.9310   0.11561   0.17440   0.25714   0.31086   0.33424   0.34227   0.34446   0.34488   0.34496   0.34487
  9.9380   0.11117   0.16711   0.25032   0.30386   0.32715   0.33517   0.33736   0.33776   0.33781   0.33768
  9.9450   0.10639   0.15938   0.24246   0.29549   0.31853   0.32649   0.32867   0.32906   0.32908   0.32891
  9.9520   0.10134   0.15130   0.23366   0.28585   0.30850   0.31634   0.31850   0.31888   0.31887   0.31866
  9.9590   0.09607   0.14295   0.22402   0.27505   0.29718   0.30486   0.30697   0.30734   0.30731   0.30708
  9.9660   0.09063   0.13442   0.21366   0.26324   0.28472   0.29219   0.29425   0.29460   0.29455   0.29429
  9.9730   0.08509   0.12579   0.20271   0.25056   0.27128   0.27850   0.28049   0.28082   0.28075   0.28048
  9.9800   0.07949   0.11715   0.19128   0.23717   0.25702   0.26395   0.26587   0.26619   0.26610   0.26582
  9.9870   0.07389   0.10857   0.17952   0.22324   0.24214   0.24875   0.25058   0.25088   0.25078   0.25049
  9.9940   0.06834   0.10012   0.16756   0.20893   0.22681   0.23307   0.23481   0.23509   0.23498   0.23469
 10.0010   0.06288   0.09187   0.15552   0.19442   0.21122   0.21711   0.21875   0.21901   0.21890   0.21861
 10.0080   0.05755   0.08387   0.14353   0.17986   0.19555   0.20105   0.20259   0.20282   0.20271   0.20243
 10.0150   0.05240   0.07617   0.13170   0.16542   0.17996   0.18507   0.18650   0.18672   0.18661   0.18633
 10.0220   0.04746   0.06881   0.12015   0.15123   0.16463   0.16934   0.17066   0.17086   0.17075   0.17049
 10.0290   0.04275   0.06184   0.10897   0.13742   0.14969   0.15401   0.15522   0.15540   0.15529   0.15504
 10.0360   0.03829   0.05528   0.09825   0.12412   0.13528   0.13921   0.14031   0.14047   0.14037   0.14014
 10.0430   0.03411   0.04914   0.08805   0.11143   0.12150   0.12505   0.12605   0.12619   0.12610   0.12588
 10.0500   0.03022   0.04344   0.07843   0.09941   0.10845   0.11164   0.11253   0.11266   0.11257   0.11238
 10.0570   0.02661   0.03819   0.06944   0.08814   0.09619   0.09904   0.09984   0.09995   0.09987   0.09969
 10.0640   0.02330   0.03338   0.06110   0.07766   0.08479   0.08731   0.08802   0.08812   0.08804   0.08788
 10.0710   0.02028   0.02902   0.05343   0.06799   0.07426   0.07648   0.07710   0.07719   0.07713   0.07698
 10.0780   0.01755   0.02507   0.04643   0.05915   0.06463   0.06657   0.06711   0.06719   0.06713   0.06700
 10.0850   0.01510   0.02154   0.04009   0.05114   0.05589   0.05757   0.05804   0.05811   0.05806   0.05794
 10.0920   0.01291   0.01839   0.03440   0.04392   0.04802   0.04947   0.04987   0.04993   0.04988   0.04979
 10.0990   0.01097   0.01561   0.02933   0.03748   0.04099   0.04223   0.04258   0.04263   0.04259   0.04250
 10.1061   0.00927   0.01317   0.02485   0.03178   0.03476   0.03582   0.03611   0.03616   0.03612   0.03605
 10.1131   0.00778   0.01104   0.02092   0.02677   0.02929   0.03018   0.03043   0.03047   0.03044   0.03037
 10.1201   0.00649   0.00920   0.01749   0.02240   0.02452   0.02526   0.02547   0.02550   0.02548   0.02543
 10.1271   0.00538   0.00762   0.01454   0.01863   0.02039   0.02101   0.02119   0.02121   0.02119   0.02114
 10.1341   0.00443   0.00627   0.01200   0.01539   0.01684   0.01736   0.01750   0.01752   0.01751   0.01747
 10.1411   0.00362   0.00513   0.00984   0.01262   0.01382   0.01425   0.01437   0.01438   0.01437   0.01434
 10.1481   0.00295   0.00417   0.00802   0.01029   0.01127   0.01161   0.01171   0.01172   0.01171   0.01169
 10.1551   0.00238   0.00337   0.00649   0.00833   0.00912   0.00941   0.00949   0.00950   0.00949   0.00947
 10.1621   0.00191   0.00270   0.00522   0.00670   0.00734   0.00757   0.00763   0.00764   0.00763   0.00762
 10.1691   0.00152   0.00215   0.00417   0.00536   0.00587   0.00605   0.00610   0.00611   0.00610   0.00609
 10.1761   0.00121   0.00170   0.00331   0.00425   0.00466   0.00480   0.00484   0.00485   0.00484   0.00483
 10.1831   0.00095   0.00134   0.00261   0.00335   0.00367   0.00378   0.00382   0.00382   0.00382   0.00381
 10.1901   0.00074   0.00105   0.00204   0.00262   0.00288   0.00296   0.00299   0.00299   0.00299   0.00298
 10.1971   0.00058   0.00081   0.00159   0.00204   0.00224   0.00231   0.00233   0.00233   0.00233   0.00232
 10.2041   0.00045   0.00063   0.00123   0.00158   0.00173   0.00178   0.00180   0.00180   0.00180   0.00179
 10.2111   0.00034   0.00048   0.00094   0.00121   0.00133   0.00137   0.00138   0.00138   0.00138   0.00138
 10.2181   0.00026   0.00037   0.00072   0.00092   0.00101   0.00104   0.00105   0.00105   0.00105   0.00105
 10.2251   0.00020   0.00028   0.00054   0.00070   0.00077   0.00079   0.00080   0.00080   0.00080   0.00079
 10.2321   0.00015   0.00021   0.00041   0.00053   0.00058   0.00059   0.00060   0.00060   0.00060   0.00060
 10.2391   0.00011   0.00016   0.00030   0.00039   0.00043   0.00044   0.00045   0.00045   0.00045   0.00045
 10.2461   0.00008   0.00012   0.00023   0.00029   0.00032   0.00033   0.00033   0.00033   0.00033   0.00033
 10.2531   0.00006   0.00008   0.00017   0.00021   0.00024   0.00024   0.00024   0.00025   0.00024   0.00024
 10.2601   0.00004   0.00006   0.00012   0.00016   0.00017   0.00018   0.00018   0.00018   0.00018   0.00018
 10.2671   0.00003   0.00005   0.00009   0.00011   0.00013   0.00013   0.00013   0.00013   0.00013   0.00013
 10.2741   0.00002   0.00003   0.00006   0.00008   0.00009   0.00009   0.00009   0.00009   0.00009   0.00009
 10.2811   0.00002   0.00002   0.00005   0.00006   0.00006   0.00007   0.00007   0.00007   0.00007   0.00007
 10.2881   0.00001   0.00002   0.00003   0.00004   0.00005   0.00005   0.00005   0.00005   0.00005   0.00005
 10.2951   0.00001   0.00001   0.00002   0.00003   0.00003   0.00003   0.00003   0.00003   0.00003   0.00003
 10.3022   0.00001   0.00001   0.00002   0.00002   0.00002   0.00002   0.00002   0.00002   0.00002   0.00002
 10.3092   0.00000   0.00001   0.00001   0.00001   0.00002   0.00002   0.00002   0.00002   0.00002   0.00002
 10.3162   0.00000   0.00000   0.00001   0.00001   0.00001   0.00001   0.00001   0.00001   0.00001   0.00001
 10.3232   0.00000   0.00000   0.00001   0.00001   0.00001   0.00001   0.00001   0.00001   0.00001   0.00001
 10.3302   0.00000   0.00000   0.00000   0.00000   0.00001   0.00001   0.00001   0.00001   0.00001   0.00001
 10.3372   0.00000   0.00000   0.00000   0.00000   0.00000   0.00000   0.00000   0.00000   0.00000   0.00000
 10.3442   0.00000   0.00000   0.00000   0.00000   0.00000   0.00000   0.00000   0.00000   0.00000   0.00000
 10.3512   0.00000   0.00000   0.00000   0.00000   0.00000   0.00000   0.00000   0.00000   0.00000   0.00000
 10.3582   0.00000   0.00000   0.00000   0.00000   0.00000   0.00000   0.00000   0.00000   0.00000   0.00000
 10.3652   0.00000   0.00000   0.00000   0.00000   0.00000   0.00000   0.00000   0.00000   0.00000   0.00000
 10.3722   0.00000   0.00000   0.00000   0.00000   0.00000   0.00000   0.00000   0.00000   0.00000   0.00000
 10.3792   0.00000   0.00000   0.00000   0.00000   0.00000   0.00000   0.00000   0.00000   0.00000   0.00000
 10.3862   0.00000   0.00000   0.00000   0.00000   0.00000   0.00000   0.00000   0.00000   0.00000   0.00000
 10.3932   0.00000   0.00000   0.00000   0.00000   0.00000   0.00000   0.00000   0.00000   0.00000   0.00000
 10.4002   0.00000   0.00000   0.00000   0.00000   0.00000   0.00000   0.00000   0.00000   0.00000   0.00000
 10.4072   0.00000   0.00000   0.00000   0.00000   0.00000   0.00000   0.00000   0.00000   0.00000   0.00000
 10.4142   0.00000   0.00000   0.00000   0.00000   0.00000   0.00000   0.00000   0.00000   0.00000   0.00000
 10.4212   0.00000   0.00000   0.00000   0.00000   0.00000   0.00000   0.00000   0.00000   0.00000   0.00000
 10.4282   0.00000   0.00000   0.00000   0.00000   0.00000   0.00000   0.00000   0.00000   0.00000   0.00000
 10.4352   0.00000   0.00000   0.00000   0.00000   0.00000   0.00000   0.00000   0.00000   0.00000   0.00000
 10.4422   0.00000   0.00000   0.00000   0.00000   0.00000   0.00000   0.00000   0.00000   0.00000   0.00000
 10.4492   0.00000   0.00000   0.00000   0.00000   0.00000   0.00000   0.00000   0.00000   0.00000   0.00000
 10.4562   0.00000   0.00000   0.00000   0.00000   0.00000   0.00000   0.00000   0.00000   0.00000   0.00000
 10.4632   0.00000   0.00000   0.00000   0.00000   0.00000   0.00000   0.00000   0.00000   0.00000   0.00000
 10.4702   0.00000   0.00000   0.00000   0.00000   0.00000   0.00000   0.00000   0.00000   0.00000   0.00000
 10.4772   0.00000   0.00000   0.00000   0.00000   0.00000   0.00000   0.00000   0.00000   0.00000   0.00000
 10.4842   0.00000   0.00000   0.00000   0.00000   0.00000   0.00000   0.00000   0.00000   0.00000   0.00000
 10.4912   0.00000   0.00000   0.00000   0.00000   0.00000   0.00000   0.00000   0.00000   0.00000   0.00000
 10.4982   0.00000   0.00000   0.00000   0.00000   0.00000   0.00000   0.00000   0.00000   0.00000   0.00000
 10.5053   0.00000   0.00000   0.00000   0.00000   0.00000   0.00000   0.00000   0.00000   0.00000   0.00000
 10.5123   0.00000   0.00000   0.00000   0.00000   0.00000   0.00000   0.00000   0.00000   0.00000   0.00000
 10.5193   0.00000   0.00000   0.00000   0.00000   0.00000   0.00000   0.00000   0.00000   0.00000   0.00000
 10.5263   0.00000   0.00000   0.00000   0.00000   0.00000   0.00000   0.00000   0.00000   0.00000   0.00000
 10.5333   0.00000   0.00000   0.00000   0.00000   0.00000   0.00000   0.00000   0.00000   0.00000   0.00000
 10.5403   0.00000   0.00000   0.00000   0.00000   0.00000   0.00000   0.00000   0.00000   0.00000   0.00000
 10.5473   0.00000   0.00000   0.00000   0.00000   0.00000   0.00000   0.00000   0.00000   0.00000   0.00000
 10.5543   0.00000   0.00000   0.00000   0.00000   0.00000   0.00000   0.00000   0.00000   0.00000   0.00000
 10.5613   0.00000   0.00000   0.00000   0.00000   0.00000   0.00000   0.00000   0.00000   0.00000   0.00000
 10.5683   0.00000   0.00000   0.00000   0.00000   0.00000   0.00000   0.00000   0.00000   0.00000   0.00000
 10.5753   0.00000   0.00000   0.00000   0.00000   0.00000   0.00000   0.00000   0.00000   0.00000   0.00000
 10.5823   0.00000   0.00000   0.00000   0.00000   0.00000   0.00000   0.00000   0.00000   0.00000   0.00000
 10.5893   0.00000   0.00000   0.00000   0.00000   0.00000   0.00000   0.00000   0.00000   0.00000   0.00000
 10.5963   0.00000   0.00000   0.00000   0.00000   0.00000   0.00000   0.00000   0.00000   0.00000   0.00000
 10.6033   0.00000   0.00000   0.00000   0.00000   0.00000   0.00000   0.00000   0.00000   0.00000   0.00000
 10.6103   0.00000   0.00000   0.00000   0.00000   0.00000   0.00000   0.00000   0.00000   0.00000   0.00000
 10.6173   0.00000   0.00000   0.00000   0.00000   0.00000   0.00000   0.00000   0.00000   0.00000   0.00000
 10.6243   0.00000   0.00000   0.00000   0.00000   0.00000   0.00000   0.00000   0.00000   0.00000   0.00000
 10.6313   0.00000   0.00000   0.00000   0.00000   0.00000   0.00000   0.00000   0.00000   0.00000   0.00000
 10.6383   0.00000   0.00000   0.00000   0.00000   0.00000   0.00000   0.00000   0.00000   0.00000   0.00000
 10.6453   0.00000   0.00000   0.00000   0.00000   0.00000   0.00000   0.00000   0.00000   0.00000   0.00000
 10.6523   0.00000   0.00000   0.00000   0.00000   0.00000   0.00000   0.00000   0.00000   0.00000   0.00000
 10.6593   0.00000   0.00000   0.00000   0.00000   0.00000   0.00000   0.00000   0.00000   0.00000   0.00000
 10.6663   0.00000   0.00000   0.00000   0.00000   0.00000   0.00000   0.00000   0.00000   0.00000   0.00000
 10.6733   0.00000   0.00000   0.00000   0.00000   0.00000   0.00000   0.00000   0.00000   0.00000   0.00000
 10.6803   0.00000   0.00000   0.00000   0.00000   0.00000   0.00000   0.00000   0.00000   0.00000   0.00000
 10.6873   0.00000   0.00000   0.00000   0.00000   0.00000   0.00000   0.00000   0.00000   0.00000   0.00000
 10.6943   0.00000   0.00000   0.00000   0.00000   0.00000   0.00000   0.00000   0.00000   0.00000   0.00000
 10.7014   0.00000   0.00000   0.00000   0.00000   0.00000   0.00000   0.00000   0.00000   0.00000   0.00000
 10.7084   0.00000   0.00000   0.00000   0.00000   0.00000   0.00000   0.00000   0.00000   0.00000   0.00000
 10.7154   0.00000   0.00000   0.00000   0.00000   0.00000   0.00000   0.00000   0.00000   0.00000   0.00000
 10.7224   0.00000   0.00000   0.00000   0.00000   0.00000   0.00000   0.00000   0.00000   0.00000   0.00000
 10.7294   0.00000   0.00000   0.00000   0.00000   0.00000   0.00000   0.00000   0.00000   0.00000   0.00000
 10.7364   0.00000   0.00000   0.00000   0.00000   0.00000   0.00000   0.00000   0.00000   0.00000   0.00000
 10.7434   0.00000   0.00000   0.00000   0.00000   0.00000   0.00000   0.00000   0.00000   0.00000   0.00000
 10.7504   0.00000   0.00000   0.00000   0.00000   0.00000   0.00000   0.00000   0.00000   0.00000   0.00000
 10.7574   0.00000   0.00000   0.00000   0.00000   0.00000   0.00000   0.00000   0.00000   0.00000   0.00000
 10.7644   0.00000   0.00000   0.00000   0.00000   0.00000   0.00000   0.00000   0.00000   0.00000   0.00000
 10.7714   0.00000   0.00000   0.00000   0.00000   0.00000   0.00000   0.00000   0.00000   0.00000   0.00000
 10.7784   0.00000   0.00000   0.00000   0.00000   0.00000   0.00000   0.00000   0.00000   0.00000   0.00000
 10.7854   0.00000   0.00000   0.00000   0.00000   0.00000   0.00000   0.00000   0.00000   0.00000   0.00000
 10.7924   0.00000   0.00000   0.00000   0.00000   0.00000   0.00000   0.00000   0.00000   0.00000   0.00000
 10.7994   0.00000   0.00000   0.00000   0.00000   0.00000   0.00000   0.00000   0.00000   0.00000   0.00000
 10.8064   0.00000   0.00000   0.00000   0.00000   0.00000   0.00000   0.00000   0.00000   0.00000   0.00000
 10.8134   0.00000   0.00000   0.00000   0.00000   0.00000   0.00000   0.00000   0.00000   0.00000   0.00000
 10.8204   0.00000   0.00000   0.00000   0.00000   0.00000   0.00000   0.00000   0.00000   0.00000   0.00000
 10.8274   0.00000   0.00000   0.00000   0.00000   0.00000   0.00000   0.00000   0.00000   0.00000   0.00000
 10.8344   0.00000   0.00000   0.00000   0.00000   0.00000   0.00000   0.00000   0.00000   0.00000   0.00000
 10.8414   0.00000   0.00000   0.00000   0.00000   0.00000   0.00000   0.00000   0.00000   0.00000   0.00000
 10.8484   0.00000   0.00000   0.00000   0.00000   0.00000   0.00000   0.00000   0.00000   0.00000   0.00000
 10.8554   0.00000   0.00000   0.00000   0.00000   0.00000   0.00000   0.00000   0.00000   0.00000   0.00000
 10.8624   0.00000   0.00000   0.00000   0.00000   0.00000   0.00000   0.00000   0.00000   0.00000   0.00000
 10.8694   0.00000   0.00000   0.00000   0.00000   0.00000   0.00000   0.00000   0.00000   0.00000   0.00000
 10.8764   0.00000   0.00000   0.00000   0.00000   0.00000   0.00000   0.00000   0.00000   0.00000   0.00000
 10.8834   0.00000   0.00000   0.00000   0.00000   0.00000   0.00000   0.00000   0.00000   0.00000   0.00000
 10.8904   0.00000   0.00000   0.00000   0.00000   0.00000   0.00000   0.00000   0.00000   0.00000   0.00000
 10.8974   0.00000   0.00000   0.00000   0.00000   0.00000   0.00000   0.00000   0.00000   0.00000   0.00000
 10.9045   0.00000   0.00000   0.00000   0.00000   0.00000   0.00000   0.00000   0.00000   0.00000   0.00000
 10.9115   0.00000   0.00000   0.00000   0.00000   0.00000   0.00000   0.00000   0.00000   0.00000   0.00000
 10.9185   0.00000   0.00000   0.00000   0.00000   0.00000   0.00000   0.00000   0.00000   0.00000   0.00000
 10.9255   0.00000   0.00000   0.00000   0.00000   0.00000   0.00000   0.00000   0.00000   0.00000   0.00000
 10.9325   0.00000   0.00000   0.00000   0.00000   0.00000   0.00000   0.00000   0.00000   0.00000   0.00000
 10.9395   0.00000   0.00000   0.00000   0.00000   0.00000   0.00000   0.00000   0.00000   0.00000   0.00000
 10.9465   0.00000   0.00000   0.00000   0.00000   0.00000   0.00000   0.00000   0.00000   0.00000   0.00000
 10.9535   0.00000   0.00000   0.00000   0.00000   0.00000   0.00000   0.00000   0.00000   0.00000   0.00000
 10.9605   0.00000   0.00000   0.00000   0.00000   0.00000   0.00000   0.00000   0.00000   0.00000   0.00000
 10.9675   0.00000   0.00000   0.00000   0.00000   0.00000   0.00000   0.00000   0.00000   0.00000   0.00000
 10.9745   0.00000   0.00000   0.00000   0.00000   0.00000   0.00000   0.00000   0.00000   0.00000   0.00000
 10.9815   0.00000   0.00000   0.00000   0.00000   0.00000   0.00000   0.00000   0.00000   0.00000   0.00000
 10.9885   0.00000   0.00000   0.00000   0.00000   0.00000   0.00000   0.00000   0.00000   0.00000   0.00000
 10.9955   0.00000   0.00000   0.00000   0.00000   0.00000   0.00000   0.00000   0.00000   0.00000   0.00000
 11.0025   0.00000   0.00000   0.00000   0.00000   0.00000   0.00000   0.00000   0.00000   0.00000   0.00000
 11.0095   0.00000   0.00000   0.00000   0.00000   0.00000   0.00000   0.00000   0.00000   0.00000   0.00000
 11.0165   0.00000   0.00000   0.00000   0.00000   0.00000   0.00000   0.00000   0.00000   0.00000   0.00000
 11.0235   0.00000   0.00000   0.00000   0.00000   0.00000   0.00000   0.00000   0.00000   0.00000   0.00000
 11.0305   0.00000   0.00000   0.00000   0.00000   0.00000   0.00000   0.00000   0.00000   0.00000   0.00000
 11.0375   0.00000   0.00000   0.00000   0.00000   0.00000   0.00000   0.00000   0.00000   0.00000   0.00000
 11.0445   0.00000   0.00000   0.00000   0.00000   0.00000   0.00000   0.00000   0.00000   0.00000   0.00000
 11.0515   0.00000   0.00000   0.00000   0.00000   0.00000   0.00000   0.00000   0.00000   0.00000   0.00000
 11.0585   0.00000   0.00000   0.00000   0.00000   0.00000   0.00000   0.00000   0.00000   0.00000   0.00000
 11.0655   0.00000   0.00000   0.00000   0.00000   0.00000   0.00000   0.00000   0.00000   0.00000   0.00000
 11.0725   0.00000   0.00000   0.00000   0.00000   0.00000   0.00000   0.00000   0.00000   0.00000   0.00000
 11.0795   0.00000   0.00000   0.00000   0.00000   0.00000   0.00000   0.00000   0.00000   0.00000   0.00000
 11.0865   0.00000   0.00000   0.00000   0.00000   0.00000   0.00000   0.00000   0.00000   0.00000   0.00000
 11.0935   0.00000   0.00000   0.00000   0.00000   0.00000   0.00000   0.00000   0.00000   0.00000   0.00000
 11.1006   0.00000   0.00000   0.00000   0.00000   0.00000   0.00000   0.00000   0.00000   0.00000   0.00000
 11.1076   0.00000   0.00000   0.00000   0.00000   0.00000   0.00000   0.00000   0.00000   0.00000   0.00000
 11.1146   0.00000   0.00000   0.00000   0.00000   0.00000   0.00000   0.00000   0.00000   0.00000   0.00000
 11.1216   0.00000   0.00000   0.00000   0.00000   0.00000   0.00000   0.00000   0.00000   0.00000   0.00000
 11.1286   0.00000   0.00000   0.00000   0.00000   0.00000   0.00000   0.00000   0.00000   0.00000   0.00000
 11.1356   0.00000   0.00000   0.00000   0.00000   0.00000   0.00000   0.00000   0.00000   0.00000   0.00000
 11.1426   0.00000   0.00000   0.00000   0.00000   0.00000   0.00000   0.00000   0.00000   0.00000   0.00000
 11.1496   0.00000   0.00000   0.00000   0.00000   0.00000   0.00000   0.00000   0.00000   0.00000   0.00000
 11.1566   0.00000   0.00000   0.00000   0.00000   0.00000   0.00000   0.00000   0.00000   0.00000   0.00000
 11.1636   0.00000   0.00000   0.00000   0.00000   0.00000   0.00000   0.00000   0.00000   0.00000   0.00000
 11.1706   0.00000   0.00000   0.00000   0.00000   0.00000   0.00000   0.00000   0.00000   0.00000   0.00000
 11.1776   0.00000   0.00000   0.00000   0.00000   0.00000   0.00000   0.00000   0.00000   0.00000   0.00000
 11.1846   0.00000   0.00000   0.00000   0.00000   0.00000   0.00000   0.00000   0.00000   0.00000   0.00000
 11.1916   0.00000   0.00000   0.00000   0.00000   0.00000   0.00000   0.00000   0.00000   0.00000   0.00000
 11.1986   0.00000   0.00000   0.00000   0.00000   0.00000   0.00000   0.00000   0.00000   0.00000   0.00000
 11.2056   0.00000   0.00000   0.00000   0.00000   0.00000   0.00000   0.00000   0.00000   0.00000   0.00000
 11.2126   0.00000   0.00000   0.00000   0.00000   0.00000   0.00000   0.00000   0.00000   0.00000   0.00000
 11.2196   0.00000   0.00000   0.00000   0.00000   0.00000   0.00000   0.00000   0.00000   0.00000   0.00000
 11.2266   0.00000   0.00000   0.00000   0.00000   0.00000   0.00000   0.00000   0.00000   0.00000   0.00000
 11.2336   0.00000   0.00000   0.00000   0.00000   0.00000   0.00000   0.00000   0.00000   0.00000   0.00000
 11.2406   0.00000   0.00000   0.00000   0.00000   0.00000   0.00000   0.00000   0.00000   0.00000   0.00000
 11.2476   0.00000   0.00000   0.00000   0.00000   0.00000   0.00000   0.00000   0.00000   0.00000   0.00000
 11.2546   0.00000   0.00000   0.00000   0.00000   0.00000   0.00000   0.00000   0.00000   0.00000   0.00000
 11.2616   0.00000   0.00000   0.00000   0.00000   0.00000   0.00000   0.00000   0.00000   0.00000   0.00000
 11.2686   0.00000   0.00000   0.00000   0.00000   0.00000   0.00000   0.00000   0.00000   0.00000   0.00000
 11.2756   0.00000   0.00000   0.00000   0.00000   0.00000   0.00000   0.00000   0.00000   0.00000   0.00000
 11.2826   0.00000   0.00000   0.00000   0.00000   0.00000   0.00000   0.00000   0.00000   0.00000   0.00000
 11.2896   0.00000   0.00000   0.00000   0.00000   0.00000   0.00000   0.00000   0.00000   0.00000   0.00000
 11.2966   0.00000   0.00000   0.00000   0.00000   0.00000   0.00000   0.00000   0.00000   0.00000   0.00000
 11.3037   0.00000   0.00000   0.00000   0.00000   0.00000   0.00000   0.00000   0.00000   0.00000   0.00000
 11.3107   0.00000   0.00000   0.00000   0.00000   0.00000   0.00000   0.00000   0.00000   0.00000   0.00000
 11.3177   0.00000   0.00000   0.00000   0.00000   0.00000   0.00000   0.00000   0.00000   0.00000   0.00000
 11.3247   0.00000   0.00000   0.00000   0.00000   0.00000   0.00000   0.00000   0.00000   0.00000   0.00000
 11.3317   0.00000   0.00000   0.00000   0.00000   0.00000   0.00000   0.00000   0.00000   0.00000   0.00000
 11.3387   0.00000   0.00000   0.00000   0.00000   0.00000   0.00000   0.00000   0.00000   0.00000   0.00000
 11.3457   0.00000   0.00000   0.00000   0.00000   0.00000   0.00000   0.00000   0.00000   0.00000   0.00000
 11.3527   0.00000   0.00000   0.00000   0.00000   0.00000   0.00000   0.00000   0.00000   0.00000   0.00000
 11.3597   0.00000   0.00000   0.00000   0.00000   0.00000   0.00000   0.00000   0.00000   0.00000   0.00000
 11.3667   0.00000   0.00000   0.00000   0.00000   0.00000   0.00000   0.00000   0.00000   0.00000   0.00000
 11.3737   0.00000   0.00000   0.00000   0.00000   0.00000   0.00000   0.00000   0.00000   0.00000   0.00000
 11.3807   0.00000   0.00000   0.00000   0.00000   0.00000   0.00000   0.00000   0.00000   0.00000   0.00000
 11.3877   0.00000   0.00000   0.00000   0.00000   0.00000   0.00000   0.00000   0.00000   0.00000   0.00000
 11.3947   0.00000   0.00000   0.00000   0.00000   0.00000   0.00000   0.00000   0.00000   0.00000   0.00000
 11.4017   0.00000   0.00000   0.00000   0.00000   0.00000   0.00000   0.00000   0.00000   0.00000   0.00000
 11.4087   0.00000   0.00000   0.00000   0.00000   0.00000   0.00000   0.00000   0.00000   0.00000   0.00000
 11.4157   0.00000   0.00000   0.00000   0.00000   0.00000   0.00000   0.00000   0.00000   0.00000   0.00000
 11.4227   0.00000   0.00000   0.00000   0.00000   0.00000   0.00000   0.00000   0.00000   0.00000   0.00000
 11.4297   0.00000   0.00000   0.00000   0.00000   0.00000   0.00000   0.00000   0.00000   0.00000   0.00000
 11.4367   0.00000   0.00000   0.00000   0.00000   0.00000   0.00000   0.00000   0.00000   0.00000   0.00000
 11.4437   0.00000   0.00000   0.00000   0.00000   0.00000   0.00000   0.00000   0.00000   0.00000   0.00000
 11.4507   0.00000   0.00000   0.00000   0.00000   0.00000   0.00000   0.00000   0.00000   0.00000   0.00000
 11.4577   0.00000   0.00000   0.00000   0.00000   0.00000   0.00000   0.00000   0.00000   0.00000   0.00000
 11.4647   0.00000   0.00000   0.00000   0.00000   0.00000   0.00000   0.00000   0.00000   0.00000   0.00000
 11.4717   0.00000   0.00000   0.00000   0.00000   0.00000   0.00000   0.00000   0.00000   0.00000   0.00000
 11.4787   0.00000   0.00000   0.00000   0.00000   0.00000   0.00000   0.00000   0.00000   0.00000   0.00000
 11.4857   0.00000   0.00000   0.00000   0.00000   0.00000   0.00000   0.00000   0.00000   0.00000   0.00000
 11.4927   0.00000   0.00000   0.00000   0.00000   0.00000   0.00000   0.00000   0.00000   0.00000   0.00000
 11.4997   0.00000   0.00000   0.00000   0.00000   0.00000   0.00000   0.00000   0.00000   0.00000   0.00000
 11.5068   0.00000   0.00000   0.00000   0.00000   0.00000   0.00000   0.00000   0.00000   0.00000   0.00000
 11.5138   0.00000   0.00000   0.00000   0.00000   0.00000   0.00000   0.00000   0.00000   0.00000   0.00000
 11.5208   0.00000   0.00000   0.00000   0.00000   0.00000   0.00000   0.00000   0.00000   0.00000   0.00000
 11.5278   0.00000   0.00000   0.00000   0.00000   0.00000   0.00000   0.00000   0.00000   0.00000   0.00000
 11.5348   0.00000   0.00000   0.00000   0.00000   0.00000   0.00000   0.00000   0.00000   0.00000   0.00000
 11.5418   0.00000   0.00000   0.00000   0.00000   0.00000   0.00000   0.00000   0.00000   0.00000   0.00000
 11.5488   0.00000   0.00000   0.00000   0.00000   0.00000   0.00000   0.00000   0.00000   0.00000   0.00000
 11.5558   0.00000   0.00000   0.00000   0.00000   0.00000   0.00000   0.00000   0.00000   0.00000   0.00000
 11.5628   0.00000   0.00000   0.00000   0.00000   0.00000   0.00000   0.00000   0.00000   0.00000   0.00000
 11.5698   0.00000   0.00000   0.00000   0.00000   0.00000   0.00000   0.00000   0.00000   0.00000   0.00000
 11.5768   0.00000   0.00000   0.00000   0.00000   0.00000   0.00000   0.00000   0.00000   0.00000   0.00000
 11.5838   0.00000   0.00000   0.00000   0.00000   0.00000   0.00000   0.00000   0.00000   0.00000   0.00000
 11.5908   0.00000   0.00000   0.00000   0.00000   0.00000   0.00000   0.00000   0.00000   0.00000   0.00000
 11.5978   0.00000   0.00000   0.00000   0.00000   0.00000   0.00000   0.00000   0.00000   0.00000   0.00000
 11.6048   0.00000   0.00000   0.00000   0.00000   0.00000   0.00000   0.00000   0.00000   0.00000   0.00000
 11.6118   0.00000   0.00000   0.00000   0.00000   0.00000   0.00000   0.00000   0.00000   0.00000   0.00000
 11.6188   0.00000   0.00000   0.00000   0.00000   0.00000   0.00000   0.00000   0.00000   0.00000   0.00000
 11.6258   0.00000   0.00000   0.00000   0.00000   0.00000   0.00000   0.00000   0.00000   0.00000   0.00000
 11.6328   0.00000   0.00000   0.00000   0.00000   0.00000   0.00000   0.00000   0.00000   0.00000   0.00000
 11.6398   0.00000   0.00000   0.00000   0.00000   0.00000   0.00000   0.00000   0.00000   0.00000   0.00000
 11.6468   0.00000   0.00000   0.00000   0.00000   0.00000   0.00000   0.00000   0.00000   0.00000   0.00000
 11.6538   0.00000   0.00000   0.00000   0.00000   0.00000   0.00000   0.00000   0.00000   0.00000   0.00000
 11.6608   0.00000   0.00000   0.00000   0.00000   0.00000   0.00000   0.00000   0.00000   0.00000   0.00000
 11.6678   0.00000   0.00000   0.00000   0.00000   0.00000   0.00000   0.00000   0.00000   0.00000   0.00000
 11.6748   0.00000   0.00000   0.00000   0.00000   0.00000   0.00000   0.00000   0.00000   0.00000   0.00000
 11.6818   0.00000   0.00000   0.00000   0.00000   0.00000   0.00000   0.00000   0.00000   0.00000   0.00000
 11.6888   0.00000   0.00000   0.00000   0.00000   0.00000   0.00000   0.00000   0.00000   0.00000   0.00000
 11.6958   0.00000   0.00000   0.00000   0.00000   0.00000   0.00000   0.00000   0.00000   0.00000   0.00000
 11.7029   0.00000   0.00000   0.00000   0.00000   0.00000   0.00000   0.00000   0.00000   0.00000   0.00000
 11.7099   0.00000   0.00000   0.00000   0.00000   0.00000   0.00000   0.00000   0.00000   0.00000   0.00000
 11.7169   0.00000   0.00000   0.00000   0.00000   0.00000   0.00000   0.00000   0.00000   0.00000   0.00000
 11.7239   0.00000   0.00000   0.00000   0.00000   0.00000   0.00000   0.00000   0.00000   0.00000   0.00000
 11.7309   0.00000   0.00000   0.00000   0.00000   0.00000   0.00000   0.00000   0.00000   0.00000   0.00000
 11.7379   0.00000   0.00000   0.00000   0.00000   0.00000   0.00000   0.00000   0.00000   0.00000   0.00000
 11.7449   0.00000   0.00000   0.00000   0.00000   0.00000   0.00000   0.00000   0.00000   0.00000   0.00000
 11.7519   0.00000   0.00000   0.00000   0.00000   0.00000   0.00000   0.00000   0.00000   0.00000   0.00000
 11.7589   0.00000   0.00000   0.00000   0.00000   0.00000   0.00000   0.00000   0.00000   0.00000   0.00000
 11.7659   0.00000   0.00000   0.00000   0.00000   0.00000   0.00000   0.00000   0.00000   0.00000   0.00000
 11.7729   0.00000   0.00000   0.00000   0.00000   0.00000   0.00000   0.00000   0.00000   0.00000   0.00000
 11.7799   0.00000   0.00000   0.00000   0.00000   0.00000   0.00000   0.00000   0.00000   0.00000   0.00000
 11.7869   0.00000   0.00000   0.00000   0.00000   0.00000   0.00000   0.00000   0.00000   0.00000   0.00000
 11.7939   0.00000   0.00000   0.00000   0.00000   0.00000   0.00000   0.00000   0.00000   0.00000   0.00000
 11.8009   0.00000   0.00000   0.00000   0.00000   0.00000   0.00000   0.00000   0.00000   0.00000   0.00000
 11.8079   0.00000   0.00000   0.00000   0.00000   0.00000   0.00000   0.00000   0.00000   0.00000   0.00000
 11.8149   0.00000   0.00000   0.00000   0.00000   0.00000   0.00000   0.00000   0.00000   0.00000   0.00000
 11.8219   0.00000   0.00000   0.00000   0.00000   0.00000   0.00000   0.00000   0.00000   0.00000   0.00000
 11.8289   0.00000   0.00000   0.00000   0.00000   0.00000   0.00000   0.00000   0.00000   0.00000   0.00000
 11.8359   0.00000   0.00000   0.00000   0.00000   0.00000   0.00000   0.00000   0.00000   0.00000   0.00000
 11.8429   0.00000   0.00000   0.00000   0.00000   0.00000   0.00000   0.00000   0.00000   0.00000   0.00000
 11.8499   0.00000   0.00000   0.00000   0.00000   0.00000   0.00000   0.00000   0.00000   0.00000   0.00000
 11.8569   0.00000   0.00000   0.00000   0.00000   0.00000   0.00000   0.00000   0.00000   0.00000   0.00000
 11.8639   0.00000   0.00000   0.00000   0.00000   0.00000   0.00000   0.00000   0.00000   0.00000   0.00000
 11.8709   0.00000   0.00000   0.00000   0.00000   0.00000   0.00000   0.00000   0.00000   0.00000   0.00000
 11.8779   0.00000   0.00000   0.00000   0.00000   0.00000   0.00000   0.00000   0.00000   0.00000   0.00000
 11.8849   0.00000   0.00000   0.00000   0.00000   0.00000   0.00000   0.00000   0.00000   0.00000   0.00000
 11.8919   0.00000   0.00000   0.00000   0.00000   0.00000   0.00000   0.00000   0.00000   0.00000   0.00000
 11.8989   0.00000   0.00000   0.00000   0.00000   0.00000   0.00000   0.00000   0.00000   0.00000   0.00000
 11.9060   0.00000   0.00000   0.00000   0.00000   0.00000   0.00000   0.00000   0.00000   0.00000   0.00000
 11.9130   0.00000   0.00000   0.00000   0.00000   0.00000   0.00000   0.00000   0.00000   0.00000   0.00000
 11.9200   0.00000   0.00000   0.00000   0.00000   0.00000   0.00000   0.00000   0.00000   0.00000   0.00000
 11.9270   0.00000   0.00000   0.00000   0.00000   0.00000   0.00000   0.00000   0.00000   0.00000   0.00000
 11.9340   0.00000   0.00000   0.00000   0.00000   0.00000   0.00000   0.00000   0.00000   0.00000   0.00000
 11.9410   0.00000   0.00000   0.00000   0.00000   0.00000   0.00000   0.00000   0.00000   0.00000   0.00000
 11.9480   0.00000   0.00000   0.00000   0.00000   0.00000   0.00000   0.00000   0.00000   0.00000   0.00000
 11.9550   0.00000   0.00000   0.00000   0.00000   0.00000   0.00000   0.00000   0.00000   0.00000   0.00000
 11.9620   0.00000   0.00000   0.00000   0.00000   0.00000   0.00000   0.00000   0.00000   0.00000   0.00000
 11.9690   0.00000   0.00000   0.00000   0.00000   0.00000   0.00000   0.00000   0.00000   0.00000   0.00000
 11.9760   0.00000   0.00000   0.00000   0.00000   0.00000   0.00000   0.00000   0.00000   0.00000   0.00000
 11.9830   0.00000   0.00000   0.00000   0.00000   0.00000   0.00000   0.00000   0.00000   0.00000   0.00000
 11.9900   0.00000   0.00000   0.00000   0.00000   0.00000   0.00000   0.00000   0.00000   0.00000   0.00000
 11.9970   0.00000   0.00000   0.00000   0.00000   0.00000   0.00000   0.00000   0.00000   0.00000   0.00000
 12.0040   0.00000   0.00000   0.00000   0.00000   0.00000   0.00000   0.00000   0.00000   0.00000   0.00000
 12.0110   0.00000   0.00000   0.00000   0.00000   0.00000   0.00000   0.00000   0.00000   0.00000   0.00000
 12.0180   0.00000   0.00000   0.00000   0.00000   0.00000   0.00000   0.00000   0.00000   0.00000   0.00000
 12.0250   0.00000   0.00000   0.00000   0.00000   0.00000   0.00000   0.00000   0.00000   0.00000   0.00000
 12.0320   0.00000   0.00000   0.00000   0.00000   0.00000   0.00000   0.00000   0.00000   0.00000   0.00000
 12.0390   0.00000   0.00000   0.00000   0.00000   0.00000   0.00000   0.00000   0.00000   0.00000   0.00000
 12.0460   0.00000   0.00000   0.00000   0.00000   0.00000   0.00000   0.00000   0.00000   0.00000   0.00000
 12.0530   0.00000   0.00000   0.00000   0.00000   0.00000   0.00000   0.00000   0.00000   0.00000   0.00000
 12.0600   0.00000   0.00000   0.00000   0.00000   0.00000   0.00000   0.00000   0.00000   0.00000   0.00000
 12.0670   0.00000   0.00000   0.00000   0.00000   0.00000   0.00000   0.00000   0.00000   0.00000   0.00000
 12.0740   0.00000   0.00000   0.00000   0.00000   0.00000   0.00000   0.00000   0.00000   0.00000   0.00000
 12.0810   0.00000   0.00000   0.00000   0.00000   0.00000   0.00000   0.00000   0.00000   0.00000   0.00000
 12.0880   0.00000   0.00000   0.00000   0.00000   0.00000   0.00000   0.00000   0.00000   0.00000   0.00000
 12.0950   0.00000   0.00000   0.00000   0.00000   0.00000   0.00000   0.00000   0.00000   0.00000   0.00000
 12.1021   0.00000   0.00000   0.00000   0.00000   0.00000   0.00000   0.00000   0.00000   0.00000   0.00000
 12.1091   0.00000   0.00000   0.00000   0.00000   0.00000   0.00000   0.00000   0.00000   0.00000   0.00000
 12.1161   0.00000   0.00000   0.00000   0.00000   0.00000   0.00000   0.00000   0.00000   0.00000   0.00000
 12.1231   0.00000   0.00000   0.00000   0.00000   0.00000   0.00000   0.00000   0.00000   0.00000   0.00000
 12.1301   0.00000   0.00000   0.00000   0.00000   0.00000   0.00000   0.00000   0.00000   0.00000   0.00000
 12.1371   0.00000   0.00000   0.00000   0.00000   0.00000   0.00000   0.00000   0.00000   0.00000   0.00000
 12.1441   0.00000   0.00000   0.00000   0.00000   0.00000   0.00000   0.00000   0.00000   0.00000   0.00000
 12.1511   0.00000   0.00000   0.00000   0.00000   0.00000   0.00000   0.00000   0.00000   0.00000   0.00000
 12.1581   0.00000   0.00000   0.00000   0.00000   0.00000   0.00000   0.00000   0.00000   0.00000   0.00000
 12.1651   0.00000   0.00000   0.00000   0.00000   0.00000   0.00000   0.00000   0.00000   0.00000   0.00000
 12.1721   0.00000   0.00000   0.00000   0.00000   0.00000   0.00000   0.00000   0.00000   0.00000   0.00000
 12.1791   0.00000   0.00000   0.00000   0.00000   0.00000   0.00000   0.00000   0.00000   0.00000   0.00000
 12.1861   0.00000   0.00000   0.00000   0.00000   0.00000   0.00000   0.00000   0.00000   0.00000   0.00000
 12.1931   0.00000   0.00000   0.00000   0.00000   0.00000   0.00000   0.00000   0.00000   0.00000   0.00000
 12.2001   0.00000   0.00000   0.00000   0.00000   0.00000   0.00000   0.00000   0.00000   0.00000   0.00000
 12.2071   0.00000   0.00000   0.00000   0.00000   0.00000   0.00000   0.00000   0.00000   0.00000   0.00000
 12.2141   0.00000   0.00000   0.00000   0.00000   0.00000   0.00000   0.00000   0.00000   0.00000   0.00000
 12.2211   0.00000   0.00000   0.00000   0.00000   0.00000   0.00000   0.00000   0.00000   0.00000   0.00000
 12.2281   0.00000   0.00000   0.00000   0.00000   0.00000   0.00000   0.00000   0.00000   0.00000   0.00000
 12.2351   0.00000   0.00000   0.00000   0.00000   0.00000   0.00000   0.00000   0.00000   0.00000   0.00000
 12.2421   0.00000   0.00000   0.00000   0.00000   0.00000   0.00000   0.00000   0.00000   0.00000   0.00000
 12.2491   0.00000   0.00000   0.00000   0.00000   0.00000   0.00000   0.00000   0.00000   0.00000   0.00000
 12.2561   0.00000   0.00000   0.00000   0.00000   0.00000   0.00000   0.00000   0.00000   0.00000   0.00000
 12.2631   0.00000   0.00000   0.00000   0.00000   0.00000   0.00000   0.00000   0.00000   0.00000   0.00000
 12.2701   0.00000   0.00000   0.00000   0.00000   0.00000   0.00000   0.00000   0.00000   0.00000   0.00000
 12.2771   0.00000   0.00000   0.00000   0.00000   0.00000   0.00000   0.00000   0.00000   0.00000   0.00000
 12.2841   0.00000   0.00000   0.00000   0.00000   0.00000   0.00000   0.00000   0.00000   0.00000   0.00000
 12.2911   0.00000   0.00000   0.00000   0.00000   0.00000   0.00000   0.00000   0.00000   0.00000   0.00000
 12.2981   0.00000   0.00000   0.00000   0.00000   0.00000   0.00000   0.00000   0.00000   0.00000   0.00000
 12.3052   0.00000   0.00000   0.00000   0.00000   0.00000   0.00000   0.00000   0.00000   0.00000   0.00000
 12.3122   0.00000   0.00000   0.00000   0.00000   0.00000   0.00000   0.00000   0.00000   0.00000   0.00000
 12.3192   0.00000   0.00000   0.00000   0.00000   0.00000   0.00000   0.00000   0.00000   0.00000   0.00000
 12.3262   0.00000   0.00000   0.00000   0.00000   0.00000   0.00000   0.00000   0.00000   0.00000   0.00000
 12.3332   0.00000   0.00000   0.00000   0.00000   0.00000   0.00000   0.00000   0.00000   0.00000   0.00000
 12.3402   0.00000   0.00000   0.00000   0.00000   0.00000   0.00000   0.00000   0.00000   0.00000   0.00000
 12.3472   0.00000   0.00000   0.00000   0.00000   0.00000   0.00000   0.00000   0.00000   0.00000   0.00000
 12.3542   0.00000   0.00000   0.00000   0.00000   0.00000   0.00000   0.00000   0.00000   0.00000   0.00000
 12.3612   0.00000   0.00000   0.00000   0.00000   0.00000   0.00000   0.00000   0.00000   0.00000   0.00000
 12.3682   0.00000   0.00000   0.00000   0.00000   0.00000   0.00000   0.00000   0.00000   0.00000   0.00000
 12.3752   0.00000   0.00000   0.00000   0.00000   0.00000   0.00000   0.00000   0.00000   0.00000   0.00000
 12.3822   0.00000   0.00000   0.00000   0.00000   0.00000   0.00000   0.00000   0.00000   0.00000   0.00000
 12.3892   0.00000   0.00000   0.00000   0.00000   0.00000   0.00000   0.00000   0.00000   0.00000   0.00000
 12.3962   0.00000   0.00000   0.00000   0.00000   0.00000   0.00000   0.00000   0.00000   0.00000   0.00000
 12.4032   0.00000   0.00000   0.00000   0.00000   0.00000   0.00000   0.00000   0.00000   0.00000   0.00000
 12.4102   0.00000   0.00000   0.00000   0.00000   0.00000   0.00000   0.00000   0.00000   0.00000   0.00000
 12.4172   0.00000   0.00000   0.00000   0.00000   0.00000   0.00000   0.00000   0.00000   0.00000   0.00000
 12.4242   0.00000   0.00000   0.00000   0.00000   0.00000   0.00000   0.00000   0.00000   0.00000   0.00000
 12.4312   0.00000   0.00000   0.00000   0.00000   0.00000   0.00000   0.00000   0.00000   0.00000   0.00000
 12.4382   0.00000   0.00000   0.00000   0.00000   0.00000   0.00000   0.00000   0.00000   0.00000   0.00000
 12.4452   0.00000   0.00000   0.00000   0.00000   0.00000   0.00000   0.00000   0.00000   0.00000   0.00000
 12.4522   0.00000   0.00000   0.00000   0.00000   0.00000   0.00000   0.00000   0.00000   0.00000   0.00000
 12.4592   0.00000   0.00000   0.00000   0.00000   0.00000   0.00000   0.00000   0.00000   0.00000   0.00000
 12.4662   0.00000   0.00000   0.00000   0.00000   0.00000   0.00000   0.00000   0.00000   0.00000   0.00000
 12.4732   0.00000   0.00000   0.00000   0.00000   0.00000   0.00000   0.00000   0.00000   0.00000   0.00000
 12.4802   0.00000   0.00000   0.00000   0.00000   0.00000   0.00000   0.00000   0.00000   0.00000   0.00000
 12.4872   0.00000   0.00000   0.00000   0.00000   0.00000   0.00000   0.00000   0.00000   0.00000   0.00000
 12.4942   0.00000   0.00000   0.00000   0.00000   0.00000   0.00000   0.00000   0.00000   0.00000   0.00000
 12.5013   0.00000   0.00000   0.00000   0.00000   0.00000   0.00000   0.00000   0.00000   0.00000   0.00000
 12.5083   0.00000   0.00000   0.00000   0.00000   0.00000   0.00000   0.00000   0.00000   0.00000   0.00000
 12.5153   0.00000   0.00000   0.00000   0.00000   0.00000   0.00000   0.00000   0.00000   0.00000   0.00000
 12.5223   0.00000   0.00000   0.00000   0.00000   0.00000   0.00000   0.00000   0.00000   0.00000   0.00000
 12.5293   0.00000   0.00000   0.00000   0.00000   0.00000   0.00000   0.00000   0.00000   0.00000   0.00000
 12.5363   0.00000   0.00000   0.00000   0.00000   0.00000   0.00000   0.00000   0.00000   0.00000   0.00000
 12.5433   0.00000   0.00000   0.00000   0.00000   0.00000   0.00000   0.00000   0.00000   0.00000   0.00000
 12.5503   0.00000   0.00000   0.00000   0.00000   0.00000   0.00000   0.00000   0.00000   0.00000   0.00000
 12.5573   0.00000   0.00000   0.00000   0.00000   0.00000   0.00000   0.00000   0.00000   0.00000   0.00000
 12.5643   0.00000   0.00000   0.00000   0.00000   0.00000   0.00000   0.00000   0.00000   0.00000   0.00000
 12.5713   0.00000   0.00000   0.00000   0.00000   0.00000   0.00000   0.00000   0.00000   0.00000   0.00000
 12.5783   0.00000   0.00000   0.00000   0.00000   0.00000   0.00000   0.00000   0.00000   0.00000   0.00000
 12.5853   0.00000   0.00000   0.00000   0.00000   0.00000   0.00000   0.00000   0.00000   0.00000   0.00000
 12.5923   0.00000   0.00000   0.00000   0.00000   0.00000   0.00000   0.00000   0.00000   0.00000   0.00000
 12.5993   0.00000   0.00000   0.00000   0.00000   0.00000   0.00000   0.00000   0.00000   0.00000   0.00000
 12.6063   0.00000   0.00000   0.00000   0.00000   0.00000   0.00000   0.00000   0.00000   0.00000   0.00000
 12.6133   0.00000   0.00000   0.00000   0.00000   0.00000   0.00000   0.00000   0.00000   0.00000   0.00000
 12.6203   0.00000   0.00000   0.00000   0.00000   0.00000   0.00000   0.00000   0.00000   0.00000   0.00000
 12.6273   0.00000   0.00000   0.00000   0.00000   0.00000   0.00000   0.00000   0.00000   0.00000   0.00000
 12.6343   0.00000   0.00000   0.00000   0.00000   0.00000   0.00000   0.00000   0.00000   0.00000   0.00000
 12.6413   0.00000   0.00000   0.00000   0.00000   0.00000   0.00000   0.00000   0.00000   0.00000   0.00000
 12.6483   0.00000   0.00000   0.00000   0.00000   0.00000   0.00000   0.00000   0.00000   0.00000   0.00000
 12.6553   0.00000   0.00000   0.00000   0.00000   0.00000   0.00000   0.00000   0.00000   0.00000   0.00000
 12.6623   0.00000   0.00000   0.00000   0.00000   0.00000   0.00000   0.00000   0.00000   0.00000   0.00000
 12.6693   0.00000   0.00000   0.00000   0.00000   0.00000   0.00000   0.00000   0.00000   0.00000   0.00000
 12.6763   0.00000   0.00000   0.00000   0.00000   0.00000   0.00000   0.00000   0.00000   0.00000   0.00000
 12.6833   0.00000   0.00000   0.00000   0.00000   0.00000   0.00000   0.00000   0.00000   0.00000   0.00000
 12.6903   0.00000   0.00000   0.00000   0.00000   0.00000   0.00000   0.00000   0.00000   0.00000   0.00000
 12.6973   0.00000   0.00000   0.00000   0.00000   0.00000   0.00000   0.00000   0.00000   0.00000   0.00000
 12.7044   0.00000   0.00000   0.00000   0.00000   0.00000   0.00000   0.00000   0.00000   0.00000   0.00000
 12.7114   0.00000   0.00000   0.00000   0.00000   0.00000   0.00000   0.00000   0.00000   0.00000   0.00000
 12.7184   0.00000   0.00000   0.00000   0.00000   0.00000   0.00000   0.00000   0.00000   0.00000   0.00000
 12.7254   0.00000   0.00000   0.00000   0.00000   0.00000   0.00000   0.00000   0.00000   0.00000   0.00000
 12.7324   0.00000   0.00000   0.00000   0.00000   0.00000   0.00000   0.00000   0.00000   0.00000   0.00000
 12.7394   0.00000   0.00000   0.00000   0.00000   0.00000   0.00000   0.00000   0.00000   0.00000   0.00000
 12.7464   0.00000   0.00000   0.00000   0.00000   0.00000   0.00000   0.00000   0.00000   0.00000   0.00000
 12.7534   0.00000   0.00000   0.00000   0.00000   0.00000   0.00000   0.00000   0.00000   0.00000   0.00000
 12.7604   0.00000   0.00000   0.00000   0.00000   0.00000   0.00000   0.00000   0.00000   0.00000   0.00000
 12.7674   0.00000   0.00000   0.00000   0.00000   0.00000   0.00000   0.00000   0.00000   0.00000   0.00000
 12.7744   0.00000   0.00000   0.00000   0.00000   0.00000   0.00000   0.00000   0.00000   0.00000   0.00000
 12.7814   0.00000   0.00000   0.00000   0.00000   0.00000   0.00000   0.00000   0.00000   0.00000   0.00000
 12.7884   0.00000   0.00000   0.00000   0.00000   0.00000   0.00000   0.00000   0.00000   0.00000   0.00000
 12.7954   0.00000   0.00000   0.00000   0.00000   0.00000   0.00000   0.00000   0.00000   0.00000   0.00000
 12.8024   0.00000   0.00000   0.00000   0.00000   0.00000   0.00000   0.00000   0.00000   0.00000   0.00000
 12.8094   0.00000   0.00000   0.00000   0.00000   0.00000   0.00000   0.00000   0.00000   0.00000   0.00000
 12.8164   0.00000   0.00000   0.00000   0.00000   0.00000   0.00000   0.00000   0.00000   0.00000   0.00000
 12.8234   0.00000   0.00000   0.00000   0.00000   0.00000   0.00000   0.00000   0.00000   0.00000   0.00000
 12.8304   0.00000   0.00000   0.00000   0.00000   0.00000   0.00000   0.00000   0.00000   0.00000   0.00000
 12.8374   0.00000   0.00000   0.00000   0.00000   0.00000   0.00000   0.00000   0.00000   0.00000   0.00000
 12.8444   0.00000   0.00000   0.00000   0.00000   0.00000   0.00000   0.00000   0.00000   0.00000   0.00000
 12.8514   0.00000   0.00000   0.00000   0.00000   0.00000   0.00000   0.00000   0.00000   0.00000   0.00000
 12.8584   0.00000   0.00000   0.00000   0.00000   0.00000   0.00000   0.00000   0.00000   0.00000   0.00000
 12.8654   0.00000   0.00000   0.00000   0.00000   0.00000   0.00000   0.00000   0.00000   0.00000   0.00000
 12.8724   0.00000   0.00000   0.00000   0.00000   0.00000   0.00000   0.00000   0.00000   0.00000   0.00000
 12.8794   0.00000   0.00000   0.00000   0.00000   0.00000   0.00000   0.00000   0.00000   0.00000   0.00000
 12.8864   0.00000   0.00000   0.00000   0.00000   0.00000   0.00000   0.00000   0.00000   0.00000   0.00000
 12.8934   0.00000   0.00000   0.00000   0.00000   0.00000   0.00000   0.00000   0.00000   0.00000   0.00000
 12.9005   0.00000   0.00000   0.00000   0.00000   0.00000   0.00000   0.00000   0.00000   0.00000   0.00000
 12.9075   0.00000   0.00000   0.00000   0.00000   0.00000   0.00000   0.00000   0.00000   0.00000   0.00000
 12.9145   0.00000   0.00000   0.00000   0.00000   0.00000   0.00000   0.00000   0.00000   0.00000   0.00000
 12.9215   0.00000   0.00000   0.00000   0.00000   0.00000   0.00000   0.00000   0.00000   0.00000   0.00000
 12.9285   0.00000   0.00000   0.00000   0.00000   0.00000   0.00000   0.00000   0.00000   0.00000   0.00000
 12.9355   0.00000   0.00000   0.00000   0.00000   0.00000   0.00000   0.00000   0.00000   0.00000   0.00000
 12.9425   0.00000   0.00000   0.00000   0.00000   0.00000   0.00000   0.00000   0.00000   0.00000   0.00000
 12.9495   0.00000   0.00000   0.00000   0.00000   0.00000   0.00000   0.00000   0.00000   0.00000   0.00000
 12.9565   0.00000   0.00000   0.00000   0.00000   0.00000   0.00000   0.00000   0.00000   0.00000   0.00000
 12.9635   0.00000   0.00000   0.00000   0.00000   0.00000   0.00000   0.00000   0.00000   0.00000   0.00000
 12.9705   0.00000   0.00000   0.00000   0.00000   0.00000   0.00000   0.00000   0.00000   0.00000   0.00000
 12.9775   0.00000   0.00000   0.00000   0.00000   0.00000   0.00000   0.00000   0.00000   0.00000   0.00000
 12.9845   0.00000   0.00000   0.00000   0.00000   0.00000   0.00000   0.00000   0.00000   0.00000   0.00000
 12.9915   0.00000   0.00000   0.00000   0.00000   0.00000   0.00000   0.00000   0.00000   0.00000   0.00000
 12.9985   0.00000   0.00000   0.00000   0.00000   0.00000   0.00000   0.00000   0.00000   0.00000   0.00000
 13.0055   0.00000   0.00000   0.00000   0.00000   0.00000   0.00000   0.00000   0.00000   0.00000   0.00000
 13.0125   0.00000   0.00000   0.00000   0.00000   0.00000   0.00000   0.00000   0.00000   0.00000   0.00000
 13.0195   0.00000   0.00000   0.00000   0.00000   0.00000   0.00000   0.00000   0.00000   0.00000   0.00000
 13.0265   0.00000   0.00000   0.00000   0.00000   0.00000   0.00000   0.00000   0.00000   0.00000   0.00000
 13.0335   0.00000   0.00000   0.00000   0.00000   0.00000   0.00000   0.00000   0.00000   0.00000   0.00000
 13.0405   0.00000   0.00000   0.00000   0.00000   0.00000   0.00000   0.00000   0.00000   0.00000   0.00000
 13.0475   0.00000   0.00000   0.00000   0.00000   0.00000   0.00000   0.00000   0.00000   0.00000   0.00000
 13.0545   0.00000   0.00000   0.00000   0.00000   0.00000   0.00000   0.00000   0.00000   0.00000   0.00000
 13.0615   0.00000   0.00000   0.00000   0.00000   0.00000   0.00000   0.00000   0.00000   0.00000   0.00000
 13.0685   0.00000   0.00000   0.00000   0.00000   0.00000   0.00000   0.00000   0.00000   0.00000   0.00000
 13.0755   0.00000   0.00000   0.00000   0.00000   0.00000   0.00000   0.00000   0.00000   0.00000   0.00000
 13.0825   0.00000   0.00000   0.00000   0.00000   0.00000   0.00000   0.00000   0.00000   0.00000   0.00000
 13.0895   0.00000   0.00000   0.00000   0.00000   0.00000   0.00000   0.00000   0.00000   0.00000   0.00000
 13.0965   0.00000   0.00000   0.00000   0.00000   0.00000   0.00000   0.00000   0.00000   0.00000   0.00000
 13.1036   0.00000   0.00000   0.00000   0.00000   0.00000   0.00000   0.00000   0.00000   0.00000   0.00000
 13.1106   0.00000   0.00000   0.00000   0.00000   0.00000   0.00000   0.00000   0.00000   0.00000   0.00000
 13.1176   0.00000   0.00000   0.00000   0.00000   0.00000   0.00000   0.00000   0.00000   0.00000   0.00000
 13.1246   0.00000   0.00000   0.00000   0.00000   0.00000   0.00000   0.00000   0.00000   0.00000   0.00000
 13.1316   0.00000   0.00000   0.00000   0.00000   0.00000   0.00000   0.00000   0.00000   0.00000   0.00000
 13.1386   0.00000   0.00000   0.00000   0.00000   0.00000   0.00000   0.00000   0.00000   0.00000   0.00000
 13.1456   0.00000   0.00000   0.00000   0.00000   0.00000   0.00000   0.00000   0.00000   0.00000   0.00000
 13.1526   0.00000   0.00000   0.00000   0.00000   0.00000   0.00000   0.00000   0.00000   0.00000   0.00000
 13.1596   0.00000   0.00000   0.00000   0.00000   0.00000   0.00000   0.00000   0.00000   0.00000   0.00000
 13.1666   0.00000   0.00000   0.00000   0.00000   0.00000   0.00000   0.00000   0.00000   0.00000   0.00000
 13.1736   0.00000   0.00000   0.00000   0.00000   0.00000   0.00000   0.00000   0.00000   0.00000   0.00000
 13.1806   0.00000   0.00000   0.00000   0.00000   0.00000   0.00000   0.00000   0.00000   0.00000   0.00000
 13.1876   0.00000   0.00000   0.00000   0.00000   0.00000   0.00000   0.00000   0.00000   0.00000   0.00000
 13.1946   0.00000   0.00000   0.00000   0.00000   0.00000   0.00000   0.00000   0.00000   0.00000   0.00000
 13.2016   0.00000   0.00000   0.00000   0.00000   0.00000   0.00000   0.00000   0.00000   0.00000   0.00000
 13.2086   0.00000   0.00000   0.00000   0.00000   0.00000   0.00000   0.00000   0.00000   0.00000   0.00000
 13.2156   0.00000   0.00000   0.00000   0.00000   0.00000   0.00000   0.00000   0.00000   0.00000   0.00000
 13.2226   0.00000   0.00000   0.00000   0.00000   0.00000   0.00000   0.00000   0.00000   0.00000   0.00000
 13.2296   0.00000   0.00000   0.00000   0.00000   0.00000   0.00000   0.00000   0.00000   0.00000   0.00000
 13.2366   0.00000   0.00000   0.00000   0.00000   0.00000   0.00000   0.00000   0.00000   0.00000   0.00000
 13.2436   0.00000   0.00000   0.00000   0.00000   0.00000   0.00000   0.00000   0.00000   0.00000   0.00000
 13.2506   0.00000   0.00000   0.00000   0.00000   0.00000   0.00000   0.00000   0.00000   0.00000   0.00000
 13.2576   0.00000   0.00000   0.00000   0.00000   0.00000   0.00000   0.00000   0.00000   0.00000   0.00000
 13.2646   0.00000   0.00000   0.00000   0.00000   0.00000   0.00000   0.00000   0.00000   0.00000   0.00000
 13.2716   0.00000   0.00000   0.00000   0.00000   0.00000   0.00000   0.00000   0.00000   0.00000   0.00000
 13.2786   0.00000   0.00000   0.00000   0.00000   0.00000   0.00000   0.00000   0.00000   0.00000   0.00000
 13.2856   0.00000   0.00000   0.00000   0.00000   0.00000   0.00000   0.00000   0.00000   0.00000   0.00000
 13.2926   0.00000   0.00000   0.00000   0.00000   0.00000   0.00000   0.00000   0.00000   0.00000   0.00000
 13.2996   0.00000   0.00000   0.00000   0.00000   0.00000   0.00000   0.00000   0.00000   0.00000   0.00000
 13.3067   0.00000   0.00000   0.00000   0.00000   0.00000   0.00000   0.00000   0.00000   0.00000   0.00000
 13.3137   0.00000   0.00000   0.00000   0.00000   0.00000   0.00000   0.00000   0.00000   0.00000   0.00000
 13.3207   0.00000   0.00000   0.00000   0.00000   0.00000   0.00000   0.00000   0.00000   0.00000   0.00000
 13.3277   0.00000   0.00000   0.00000   0.00000   0.00000   0.00000   0.00000   0.00000   0.00000   0.00000
 13.3347   0.00000   0.00000   0.00000   0.00000   0.00000   0.00000   0.00000   0.00000   0.00000   0.00000
 13.3417   0.00000   0.00000   0.00000   0.00000   0.00000   0.00000   0.00000   0.00000   0.00000   0.00000
 13.3487   0.00000   0.00000   0.00000   0.00000   0.00000   0.00000   0.00000   0.00000   0.00000   0.00000
 13.3557   0.00000   0.00000   0.00000   0.00000   0.00000   0.00000   0.00000   0.00000   0.00000   0.00000
 13.3627   0.00000   0.00000   0.00000   0.00000   0.00000   0.00000   0.00000   0.00000   0.00000   0.00000
 13.3697   0.00000   0.00000   0.00000   0.00000   0.00000   0.00000   0.00000   0.00000   0.00000   0.00000
 13.3767   0.00000   0.00000   0.00000   0.00000   0.00000   0.00000   0.00000   0.00000   0.00000   0.00000
 13.3837   0.00000   0.00000   0.00000   0.00000   0.00000   0.00000   0.00000   0.00000   0.00000   0.00000
 13.3907   0.00000   0.00000   0.00000   0.00000   0.00000   0.00000   0.00000   0.00000   0.00000   0.00000
 13.3977   0.00000   0.00000   0.00000   0.00000   0.00000   0.00000   0.00000   0.00000   0.00000   0.00000
 13.4047   0.00000   0.00000   0.00000   0.00000   0.00000   0.00000   0.00000   0.00000   0.00000   0.00000
 13.4117   0.00000   0.00000   0.00000   0.00000   0.00000   0.00000   0.00000   0.00000   0.00000   0.00000
 13.4187   0.00000   0.00000   0.00000   0.00000   0.00000   0.00000   0.00000   0.00000   0.00000   0.00000
 13.4257   0.00000   0.00000   0.00000   0.00000   0.00000   0.00000   0.00000   0.00000   0.00000   0.00000
 13.4327   0.00000   0.00000   0.00000   0.00000   0.00000   0.00000   0.00000   0.00000   0.00000   0.00000
 13.4397   0.00000   0.00000   0.00000   0.00000   0.00000   0.00000   0.00000   0.00000   0.00000   0.00000
 13.4467   0.00000   0.00000   0.00000   0.00000   0.00000   0.00000   0.00000   0.00000   0.00000   0.00000
 13.4537   0.00000   0.00000   0.00000   0.00000   0.00000   0.00000   0.00000   0.00000   0.00000   0.00000
 13.4607   0.00000   0.00000   0.00000   0.00000   0.00000   0.00000   0.00000   0.00000   0.00000   0.00000
 13.4677   0.00000   0.00000   0.00000   0.00000   0.00000   0.00000   0.00000   0.00000   0.00000   0.00000
 13.4747   0.00000   0.00000   0.00000   0.00000   0.00000   0.00000   0.00000   0.00000   0.00000   0.00000
 13.4817   0.00000   0.00000   0.00000   0.00000   0.00000   0.00000   0.00000   0.00000   0.00000   0.00000
 13.4887   0.00000   0.00000   0.00000   0.00000   0.00000   0.00000   0.00000   0.00000   0.00000   0.00000
 13.4957   0.00000   0.00000   0.00000   0.00000   0.00000   0.00000   0.00000   0.00000   0.00000   0.00000
 13.5028   0.00000   0.00000   0.00000   0.00000   0.00000   0.00000   0.00000   0.00000   0.00000   0.00000
 13.5098   0.00000   0.00000   0.00000   0.00000   0.00000   0.00000   0.00000   0.00000   0.00000   0.00000
 13.5168   0.00000   0.00000   0.00000   0.00000   0.00000   0.00000   0.00000   0.00000   0.00000   0.00000
 13.5238   0.00000   0.00000   0.00000   0.00000   0.00000   0.00000   0.00000   0.00000   0.00000   0.00000
 13.5308   0.00000   0.00000   0.00000   0.00000   0.00000   0.00000   0.00000   0.00000   0.00000   0.00000
 13.5378   0.00000   0.00000   0.00000   0.00000   0.00000   0.00000   0.00000   0.00000   0.00000   0.00000
 13.5448   0.00000   0.00000   0.00000   0.00000   0.00000   0.00000   0.00000   0.00000   0.00000   0.00000
 13.5518   0.00000   0.00000   0.00000   0.00000   0.00000   0.00000   0.00000   0.00000   0.00000   0.00000
 13.5588   0.00000   0.00000   0.00000   0.00000   0.00000   0.00000   0.00000   0.00000   0.00000   0.00000
 13.5658   0.00000   0.00000   0.00000   0.00000   0.00000   0.00000   0.00000   0.00000   0.00000   0.00000
 13.5728   0.00000   0.00000   0.00000   0.00000   0.00000   0.00000   0.00000   0.00000   0.00000   0.00000
 13.5798   0.00000   0.00000   0.00000   0.00000   0.00000   0.00000   0.00000   0.00000   0.00000   0.00000
 13.5868   0.00000   0.00000   0.00000   0.00000   0.00000   0.00000   0.00000   0.00000   0.00000   0.00000
 13.5938   0.00000   0.00000   0.00000   0.00000   0.00000   0.00000   0.00000   0.00000   0.00000   0.00000
 13.6008   0.00000   0.00000   0.00000   0.00000   0.00000   0.00000   0.00000   0.00000   0.00000   0.00000
 13.6078   0.00000   0.00000   0.00000   0.00000   0.00000   0.00000   0.00000   0.00000   0.00000   0.00000
 13.6148   0.00000   0.00000   0.00000   0.00000   0.00000   0.00000   0.00000   0.00000   0.00000   0.00000
 13.6218   0.00000   0.00000   0.00000   0.00000   0.00000   0.00000   0.00000   0.00000   0.00000   0.00000
 13.6288   0.00000   0.00000   0.00000   0.00000   0.00000   0.00000   0.00000   0.00000   0.00000   0.00000
 13.6358   0.00000   0.00000   0.00000   0.00000   0.00000   0.00000   0.00000   0.00000   0.00000   0.00000
 13.6428   0.00000   0.00000   0.00000   0.00000   0.00000   0.00000   0.00000   0.00000   0.00000   0.00000
 13.6498   0.00000   0.00000   0.00000   0.00000   0.00000   0.00000   0.00000   0.00000   0.00000   0.00000
 13.6568   0.00000   0.00000   0.00000   0.00000   0.00000   0.00000   0.00000   0.00000   0.00000   0.00000
 13.6638   0.00000   0.00000   0.00000   0.00000   0.00000   0.00000   0.00000   0.00000   0.00000   0.00000
 13.6708   0.00000   0.00000   0.00000   0.00000   0.00000   0.00000   0.00000   0.00000   0.00000   0.00000
 13.6778   0.00000   0.00000   0.00000   0.00000   0.00000   0.00000   0.00000   0.00000   0.00000   0.00000
 13.6848   0.00000   0.00000   0.00000   0.00000   0.00000   0.00000   0.00000   0.00000   0.00000   0.00000
 13.6918   0.00000   0.00000   0.00000   0.00000   0.00000   0.00000   0.00000   0.00000   0.00000   0.00000
 13.6988   0.00000   0.00000   0.00000   0.00000   0.00000   0.00000   0.00000   0.00000   0.00000   0.00000
 13.7059   0.00000   0.00000   0.00000   0.00000   0.00000   0.00000   0.00000   0.00000   0.00000   0.00000
 13.7129   0.00000   0.00000   0.00000   0.00000   0.00000   0.00000   0.00000   0.00000   0.00000   0.00000
 13.7199   0.00000   0.00000   0.00000   0.00000   0.00000   0.00000   0.00000   0.00000   0.00000   0.00000
 13.7269   0.00000   0.00000   0.00000   0.00000   0.00000   0.00000   0.00000   0.00000   0.00000   0.00000
 13.7339   0.00000   0.00000   0.00000   0.00000   0.00000   0.00000   0.00000   0.00000   0.00000   0.00000
 13.7409   0.00000   0.00000   0.00000   0.00000   0.00000   0.00000   0.00000   0.00000   0.00000   0.00000
 13.7479   0.00000   0.00000   0.00000   0.00000   0.00000   0.00000   0.00000   0.00000   0.00000   0.00000
 13.7549   0.00000   0.00000   0.00000   0.00000   0.00000   0.00000   0.00000   0.00000   0.00000   0.00000
 13.7619   0.00000   0.00000   0.00000   0.00000   0.00000   0.00000   0.00000   0.00000   0.00000   0.00000
 13.7689   0.00000   0.00000   0.00000   0.00000   0.00000   0.00000   0.00000   0.00000   0.00000   0.00000
 13.7759   0.00000   0.00000   0.00000   0.00000   0.00000   0.00000   0.00000   0.00000   0.00000   0.00000
 13.7829   0.00000   0.00000   0.00000   0.00000   0.00000   0.00000   0.00000   0.00000   0.00000   0.00000
 13.7899   0.00000   0.00000   0.00000   0.00000   0.00000   0.00000   0.00000   0.00000   0.00000   0.00000
 13.7969   0.00000   0.00000   0.00000   0.00000   0.00000   0.00000   0.00000   0.00000   0.00000   0.00000
 13.8039   0.00000   0.00000   0.00000   0.00000   0.00000   0.00000   0.00000   0.00000   0.00000   0.00000
 13.8109   0.00000   0.00000   0.00000   0.00000   0.00000   0.00000   0.00000   0.00000   0.00000   0.00000
 13.8179   0.00000   0.00000   0.00000   0.00000   0.00000   0.00000   0.00000   0.00000   0.00000   0.00000
 13.8249   0.00000   0.00000   0.00000   0.00000   0.00000   0.00000   0.00000   0.00000   0.00000   0.00000
 13.8319   0.00000   0.00000   0.00000   0.00000   0.00000   0.00000   0.00000   0.00000   0.00000   0.00000
 13.8389   0.00000   0.00000   0.00000   0.00000   0.00000   0.00000   0.00000   0.00000   0.00000   0.00000
 13.8459   0.00000   0.00000   0.00000   0.00000   0.00000   0.00000   0.00000   0.00000   0.00000   0.00000
 13.8529   0.00000   0.00000   0.00000   0.00000   0.00000   0.00000   0.00000   0.00000   0.00000   0.00000
 13.8599   0.00000   0.00000   0.00000   0.00000   0.00000   0.00000   0.00000   0.00000   0.00000   0.00000
 13.8669   0.00000   0.00000   0.00000   0.00000   0.00000   0.00000   0.00000   0.00000   0.00000   0.00000
 13.8739   0.00000   0.00000   0.00000   0.00000   0.00000   0.00000   0.00000   0.00000   0.00000   0.00000
 13.8809   0.00000   0.00000   0.00000   0.00000   0.00000   0.00000   0.00000   0.00000   0.00000   0.00000
 13.8879   0.00000   0.00000   0.00000   0.00000   0.00000   0.00000   0.00000   0.00000   0.00000   0.00000
 13.8949   0.00000   0.00000   0.00000   0.00000   0.00000   0.00000   0.00000   0.00000   0.00000   0.00000
 13.9020   0.00000   0.00000   0.00000   0.00000   0.00000   0.00000   0.00000   0.00000   0.00000   0.00000
 13.9090   0.00000   0.00000   0.00000   0.00000   0.00000   0.00000   0.00000   0.00000   0.00000   0.00000
 13.9160   0.00000   0.00000   0.00000   0.00000   0.00000   0.00000   0.00000   0.00000   0.00000   0.00000
 13.9230   0.00000   0.00000   0.00000   0.00000   0.00000   0.00000   0.00000   0.00000   0.00000   0.00000
 13.9300   0.00000   0.00000   0.00000   0.00000   0.00000   0.00000   0.00000   0.00000   0.00000   0.00000
 13.9370   0.00000   0.00000   0.00000   0.00000   0.00000   0.00000   0.00000   0.00000   0.00000   0.00000
 13.9440   0.00000   0.00000   0.00000   0.00000   0.00000   0.00000   0.00000   0.00000   0.00000   0.00000
 13.9510   0.00000   0.00000   0.00000   0.00000   0.00000   0.00000   0.00000   0.00000   0.00000   0.00000
 13.9580   0.00000   0.00000   0.00000   0.00000   0.00000   0.00000   0.00000   0.00000   0.00000   0.00000
 13.9650   0.00000   0.00000   0.00000   0.00000   0.00000   0.00000   0.00000   0.00000   0.00000   0.00000
 13.9720   0.00000   0.00000   0.00000   0.00000   0.00000   0.00000   0.00000   0.00000   0.00000   0.00000
 13.9790   0.00000   0.00000   0.00000   0.00000   0.00000   0.00000   0.00000   0.00000   0.00000   0.00000
 13.9860   0.00000   0.00000   0.00000   0.00000   0.00000   0.00000   0.00000   0.00000   0.00000   0.00000
 13.9930   0.00000   0.00000   0.00000   0.00000   0.00000   0.00000   0.00000   0.00000   0.00000   0.00000
 14.0000   0.00000   0.00000   0.00000   0.00000   0.00000   0.00000   0.00000   0.00000   0.00000   0.00000
