
     Program PHONON v.7.5 starts on 22Sep2026 at 22: 7:35 

     This program is part of the open-source Quantum ESPRESSO suite
     for quantum simulation of materials; please cite
         "P. Giannozzi et al., J. Phys.:Condens. Matter 21 395502 (2009);
         "P. Giannozzi et al., J. Phys.:Condens. Matter 29 465901 (2017);
         "P. Giannozzi et al., J. Chem. Phys. 152 154105 (2020);
          URL http://www.quantum-espresso.org", 
     in publications or presentations arising from this work. More details at
     http://www.quantum-espresso.org/quote

     Parallel version (MPI), running on     8 processors

     MPI processes distributed on     1 nodes
     2267 MiB available memory on the printing compute node when the environment starts
 
     Reading input from al.elph.in
      Title line not specified: using 'default'.

     Reading xml data from directory:

     ./tmp/al.save/
 
     R & G space division:  proc/nbgrp/npool/nimage =       8
     Subspace diagonalization in iterative solution of the eigenvalue problem:
     a serial algorithm will be used


     IMPORTANT: XC functional enforced from input :
     Exchange-correlation= PZ
                           (   1   1   0   0   0   0   0)
     Any further DFT definition will be discarded
     Please, verify this is what you really want

 
     Parallelization info
     --------------------
     sticks:   dense  smooth     PW     G-vecs:    dense   smooth      PW
     Min          38      38     13                  440      440      90
     Max          40      40     14                  441      441      91
     Sum         313     313    109                 3527     3527     725
 
     Using Slab Decomposition
 
     Reading collected, re-writing distributed wavefunctions in ./tmp/


     Dynamical matrices for ( 4, 4, 4)  uniform grid of q-points
     (   8 q-points):
       N         xq(1)         xq(2)         xq(3) 
       1   0.000000000   0.000000000   0.000000000
       2  -0.176776695   0.176776695  -0.176776695
       3   0.353553391  -0.353553391   0.353553391
       4   0.000000000   0.353553391   0.000000000
       5   0.530330086  -0.176776695   0.530330086
       6   0.353553391   0.000000000   0.353553391
       7   0.000000000  -0.707106781   0.000000000
       8  -0.353553391  -0.707106781   0.000000000

     Number and degeneracy of irreps per q-point
       N         xq(1)         xq(2)         xq(3)   N irreps
       1   0.000000000   0.000000000   0.000000000       1
        3
       2  -0.176776695   0.176776695  -0.176776695       2
        1   2
       3   0.353553391  -0.353553391   0.353553391       2
        1   2
       4   0.000000000   0.353553391   0.000000000       2
        1   2
       5   0.530330086  -0.176776695   0.530330086       3
     No degeneracy
       6   0.353553391   0.000000000   0.353553391       3
     No degeneracy
       7   0.000000000  -0.707106781   0.000000000       2
        1   2
       8  -0.353553391  -0.707106781   0.000000000       2
        1   2

     Saving dvscf to file. Distribute only q points, not irreducible representations.

     Calculation of q =    0.0000000   0.0000000   0.0000000

     default                                                                    

     bravais-lattice index     =            0
     lattice parameter (alat)  =       5.2862  a.u.
     unit-cell volume          =     104.4547 (a.u.)^3
     number of atoms/cell      =            1
     number of atomic types    =            1
     kinetic-energy cut-off    =      40.0000  Ry
     charge density cut-off    =     160.0000  Ry
     convergence threshold     =      1.0E-14
     beta                      =       0.7000
     number of iterations used =            4
     Exchange-correlation= PZ
                           (   1   1   0   0   0   0   0)


     celldm(1)=    5.28625  celldm(2)=    0.00000  celldm(3)=    0.00000
     celldm(4)=    0.00000  celldm(5)=    0.00000  celldm(6)=    0.00000

     crystal axes: (cart. coord. in units of alat)
               a(1) = ( -0.7071  0.0000  0.7071 )  
               a(2) = (  0.0000  0.7071  0.7071 )  
               a(3) = ( -0.7071  0.7071  0.0000 )  

     reciprocal axes: (cart. coord. in units 2 pi/alat)
               b(1) = ( -0.7071 -0.7071  0.7071 )  
               b(2) = (  0.7071  0.7071  0.7071 )  
               b(3) = ( -0.7071  0.7071 -0.7071 )  


     Atoms inside the unit cell: 

     Cartesian axes

     site n.  atom      mass           positions (alat units)
        1  Al     26.9815   tau(    1) = (    0.00000    0.00000    0.00000  )

     Computing dynamical matrix for 
                    q = (   0.0000000   0.0000000   0.0000000 )
 
     49 Sym.Ops. (with q -> -q+G )


     G cutoff =  113.2545  (    441 G-vectors)     FFT grid: ( 24, 24, 24)

     number of k points=   145  Marzari-Vanderbilt smearing, width (Ry)=  0.0200

     PseudoPot. # 1 for Al read from file:
     <工作目录>/pseudo/Al.pz-vbc.UPF
     MD5 check sum: f06ceae8da0fe5c02c98e3688433298c
     Pseudo is Norm-conserving, Zval =  3.0
     Generated by new atomic code, or converted to UPF format
     Using radial grid of  171 points,  2 beta functions with: 
                l(1) =   0
                l(2) =   1

     Mode symmetry, O_h (m-3m)  point group:


     Atomic displacements:
     There are    1 irreducible representations

     Representation     1      3 modes -  To be done



     Alpha used in Ewald sum =   1.8000
     PHONON       :      0.05s CPU      0.08s WALL



     Representation #   1 modes #   1   2   3

     Self-consistent Calculation
 
     Pert. #  1: Fermi energy shift (Ry) =     1.8849E-27     8.6203E-38
     Pert. #  2: Fermi energy shift (Ry) =     0.0000E+00    -7.2881E-37
     Pert. #  3: Fermi energy shift (Ry) =    -2.1878E-27    -1.1755E-38

      iter #   1 total cpu time :     0.6 secs   av.it.:   3.5
      thresh= 1.000E-02 alpha_mix =  0.700 |ddv_scf|^2 =  3.930E-09
 
     Pert. #  1: Fermi energy shift (Ry) =     2.2887E-27    -1.3775E-40
     Pert. #  2: Fermi energy shift (Ry) =    -1.0771E-27    -1.1632E-39
     Pert. #  3: Fermi energy shift (Ry) =     6.7316E-28     1.7602E-40

      iter #   2 total cpu time :     1.1 secs   av.it.:   6.2
      thresh= 6.269E-06 alpha_mix =  0.700 |ddv_scf|^2 =  4.151E-10
 
     Pert. #  1: Fermi energy shift (Ry) =     4.7121E-27     2.4872E-41
     Pert. #  2: Fermi energy shift (Ry) =    -2.1541E-27    -1.5306E-40
     Pert. #  3: Fermi energy shift (Ry) =    -5.0487E-27    -8.6096E-42

      iter #   3 total cpu time :     1.6 secs   av.it.:   6.0
      thresh= 2.037E-06 alpha_mix =  0.700 |ddv_scf|^2 =  3.973E-14
 
     Pert. #  1: Fermi energy shift (Ry) =    -5.1160E-27    -1.6741E-42
     Pert. #  2: Fermi energy shift (Ry) =    -5.3853E-28    -2.8699E-42
     Pert. #  3: Fermi energy shift (Ry) =     7.4048E-28     4.6635E-42

      iter #   4 total cpu time :     2.1 secs   av.it.:   6.8
      thresh= 1.993E-08 alpha_mix =  0.700 |ddv_scf|^2 =  3.401E-15

     End of self-consistent calculation

     Convergence has been achieved 
 
     Number of q in the star =    1
     List of q in the star:
          1   0.000000000   0.000000000   0.000000000

     Diagonalizing the dynamical matrix

     q = (    0.000000000   0.000000000   0.000000000 ) 

 **************************************************************************
     freq (    1) =       0.087851 [THz] =       2.930394 [cm-1]
     freq (    2) =       0.087851 [THz] =       2.930394 [cm-1]
     freq (    3) =       0.087851 [THz] =       2.930394 [cm-1]
 **************************************************************************

     Mode symmetry, O_h (m-3m)  point group:

     freq (   1-   3) =          2.9  [cm-1]   --> T_1u G_15  G_4- I  
     Electron-phonon interaction  ...

     Gaussian Broadening:   0.005 Ry, ngauss=   0
     DOS =  2.518161 states/spin/Ry/Unit Cell at Ef=  8.373640 eV
     lambda(    1)=  0.0000   gamma=    0.00 GHz
     lambda(    2)=  0.0000   gamma=    0.00 GHz
     lambda(    3)=  0.0000   gamma=    0.00 GHz
     Gaussian Broadening:   0.010 Ry, ngauss=   0
     DOS =  2.624685 states/spin/Ry/Unit Cell at Ef=  8.377216 eV
     lambda(    1)=  0.0000   gamma=    0.01 GHz
     lambda(    2)=  0.0000   gamma=    0.01 GHz
     lambda(    3)=  0.0000   gamma=    0.01 GHz
     Gaussian Broadening:   0.015 Ry, ngauss=   0
     DOS =  2.647439 states/spin/Ry/Unit Cell at Ef=  8.379158 eV
     lambda(    1)=  0.0000   gamma=    0.04 GHz
     lambda(    2)=  0.0000   gamma=    0.04 GHz
     lambda(    3)=  0.0000   gamma=    0.05 GHz
     Gaussian Broadening:   0.020 Ry, ngauss=   0
     DOS =  2.646097 states/spin/Ry/Unit Cell at Ef=  8.379914 eV
     lambda(    1)=  0.0000   gamma=    0.09 GHz
     lambda(    2)=  0.0000   gamma=    0.09 GHz
     lambda(    3)=  0.0000   gamma=    0.11 GHz
     Gaussian Broadening:   0.025 Ry, ngauss=   0
     DOS =  2.643523 states/spin/Ry/Unit Cell at Ef=  8.379582 eV
     lambda(    1)=  0.0000   gamma=    0.15 GHz
     lambda(    2)=  0.0000   gamma=    0.15 GHz
     lambda(    3)=  0.0000   gamma=    0.17 GHz
     Gaussian Broadening:   0.030 Ry, ngauss=   0
     DOS =  2.643829 states/spin/Ry/Unit Cell at Ef=  8.378390 eV
     lambda(    1)=  0.0000   gamma=    0.22 GHz
     lambda(    2)=  0.0000   gamma=    0.22 GHz
     lambda(    3)=  0.0000   gamma=    0.23 GHz
     Gaussian Broadening:   0.035 Ry, ngauss=   0
     DOS =  2.645823 states/spin/Ry/Unit Cell at Ef=  8.376691 eV
     lambda(    1)=  0.0000   gamma=    0.29 GHz
     lambda(    2)=  0.0000   gamma=    0.29 GHz
     lambda(    3)=  0.0000   gamma=    0.30 GHz
     Gaussian Broadening:   0.040 Ry, ngauss=   0
     DOS =  2.648339 states/spin/Ry/Unit Cell at Ef=  8.374776 eV
     lambda(    1)=  0.0000   gamma=    0.38 GHz
     lambda(    2)=  0.0000   gamma=    0.37 GHz
     lambda(    3)=  0.0000   gamma=    0.38 GHz
     Gaussian Broadening:   0.045 Ry, ngauss=   0
     DOS =  2.650827 states/spin/Ry/Unit Cell at Ef=  8.372817 eV
     lambda(    1)=  0.0000   gamma=    0.48 GHz
     lambda(    2)=  0.0000   gamma=    0.47 GHz
     lambda(    3)=  0.0000   gamma=    0.48 GHz
     Gaussian Broadening:   0.050 Ry, ngauss=   0
     DOS =  2.653067 states/spin/Ry/Unit Cell at Ef=  8.370889 eV
     lambda(    1)=  0.0000   gamma=    0.59 GHz
     lambda(    2)=  0.0000   gamma=    0.59 GHz
     lambda(    3)=  0.0000   gamma=    0.60 GHz
 
 
     Number of q in the star =    1
     List of q in the star:
          1   0.000000000   0.000000000   0.000000000

     Calculation of q =   -0.1767767   0.1767767  -0.1767767
 
     Parallelization info
     --------------------
     sticks:   dense  smooth     PW     G-vecs:    dense   smooth      PW
     Min          38      38     15                  440      440     108
     Max          40      40     16                  441      441     110
     Sum         313     313    121                 3527     3527     869
 
     Using Slab Decomposition
 

     Title: 
     default                                                                    


     bravais-lattice index     =            0
     lattice parameter (alat)  =       5.2862  a.u.
     unit-cell volume          =     104.4547 (a.u.)^3
     number of atoms/cell      =            1
     number of atomic types    =            1
     number of electrons       =         3.00
     number of Kohn-Sham states=            6
     kinetic-energy cutoff     =      40.0000  Ry
     charge density cutoff     =     160.0000  Ry
     Exchange-correlation= PZ
                           (   1   1   0   0   0   0   0)

     celldm(1)=   5.286249  celldm(2)=   0.000000  celldm(3)=   0.000000
     celldm(4)=   0.000000  celldm(5)=   0.000000  celldm(6)=   0.000000

     crystal axes: (cart. coord. in units of alat)
               a(1) = (  -0.707107   0.000000   0.707107 )  
               a(2) = (   0.000000   0.707107   0.707107 )  
               a(3) = (  -0.707107   0.707107   0.000000 )  

     reciprocal axes: (cart. coord. in units 2 pi/alat)
               b(1) = ( -0.707107 -0.707107  0.707107 )  
               b(2) = (  0.707107  0.707107  0.707107 )  
               b(3) = ( -0.707107  0.707107 -0.707107 )  


     PseudoPot. # 1 for Al read from file:
     <工作目录>/pseudo/Al.pz-vbc.UPF
     MD5 check sum: f06ceae8da0fe5c02c98e3688433298c
     Pseudo is Norm-conserving, Zval =  3.0
     Generated by new atomic code, or converted to UPF format
     Using radial grid of  171 points,  2 beta functions with: 
                l(1) =   0
                l(2) =   1

     atomic species   valence    mass     pseudopotential
     Al                3.00    26.98154     Al( 1.00)

     48 Sym. Ops., with inversion, found



   Cartesian axes

     site n.     atom                  positions (alat units)
         1        Al     tau(   1) = (   0.0000000   0.0000000   0.0000000  )

     number of k points=  1632  Marzari-Vanderbilt smearing, width (Ry)=  0.0200

     Number of k-points >= 100: set verbosity='high' to print them.

     Dense  grid:     3527 G-vectors     FFT dimensions: (  24,  24,  24)

     Estimated max dynamical RAM per process >       0.34 MB

     Estimated total dynamical RAM >       2.72 MB

     The potential is recalculated from file :
     ./tmp/_ph0/al.q_2/al.save/charge-density

     Starting wfcs are    4 atomic +    2 random wfcs

     Band Structure Calculation
     Davidson diagonalization with overlap

     ethr =  3.33E-10,  avg # of iterations = 14.8

     total cpu time spent up to now is        9.2 secs

     End of band structure calculation

     Number of k-points >= 100: set verbosity='high' to print the bands.

     the Fermi energy is     8.4122 ev

     Writing config to output data dir ./tmp/_ph0/al.q_2/al.save/ :
     XML data file

     default                                                                    

     bravais-lattice index     =            0
     lattice parameter (alat)  =       5.2862  a.u.
     unit-cell volume          =     104.4547 (a.u.)^3
     number of atoms/cell      =            1
     number of atomic types    =            1
     kinetic-energy cut-off    =      40.0000  Ry
     charge density cut-off    =     160.0000  Ry
     convergence threshold     =      1.0E-14
     beta                      =       0.7000
     number of iterations used =            4
     Exchange-correlation= PZ
                           (   1   1   0   0   0   0   0)


     celldm(1)=    5.28625  celldm(2)=    0.00000  celldm(3)=    0.00000
     celldm(4)=    0.00000  celldm(5)=    0.00000  celldm(6)=    0.00000

     crystal axes: (cart. coord. in units of alat)
               a(1) = ( -0.7071  0.0000  0.7071 )  
               a(2) = (  0.0000  0.7071  0.7071 )  
               a(3) = ( -0.7071  0.7071  0.0000 )  

     reciprocal axes: (cart. coord. in units 2 pi/alat)
               b(1) = ( -0.7071 -0.7071  0.7071 )  
               b(2) = (  0.7071  0.7071  0.7071 )  
               b(3) = ( -0.7071  0.7071 -0.7071 )  


     Atoms inside the unit cell: 

     Cartesian axes

     site n.  atom      mass           positions (alat units)
        1  Al     26.9815   tau(    1) = (    0.00000    0.00000    0.00000  )

     Computing dynamical matrix for 
                    q = (  -0.1767767   0.1767767  -0.1767767 )
 
      6 Sym.Ops. (no q -> -q+G )


     G cutoff =  113.2545  (    441 G-vectors)     FFT grid: ( 24, 24, 24)

     number of k points=  1632  Marzari-Vanderbilt smearing, width (Ry)=  0.0200

     PseudoPot. # 1 for Al read from file:
     <工作目录>/pseudo/Al.pz-vbc.UPF
     MD5 check sum: f06ceae8da0fe5c02c98e3688433298c
     Pseudo is Norm-conserving, Zval =  3.0
     Generated by new atomic code, or converted to UPF format
     Using radial grid of  171 points,  2 beta functions with: 
                l(1) =   0
                l(2) =   1

     Mode symmetry, C_3v (3m)   point group:


     Atomic displacements:
     There are    2 irreducible representations

     Representation     1      1 modes -  To be done

     Representation     2      2 modes -  To be done


     Message from routine init_vloc:
     Interpolation table for Vloc re-allocated

     Alpha used in Ewald sum =   1.8000
     PHONON       :     35.51s CPU     37.11s WALL



     Representation #   1 mode #   1

     Self-consistent Calculation

      iter #   1 total cpu time :    38.0 secs   av.it.:   4.4
      thresh= 1.000E-02 alpha_mix =  0.700 |ddv_scf|^2 =  4.639E-03

      iter #   2 total cpu time :    38.8 secs   av.it.:   5.3
      thresh= 6.811E-03 alpha_mix =  0.700 |ddv_scf|^2 =  1.572E-01

      iter #   3 total cpu time :    39.6 secs   av.it.:   4.8
      thresh= 1.000E-02 alpha_mix =  0.700 |ddv_scf|^2 =  9.316E-08

      iter #   4 total cpu time :    40.5 secs   av.it.:   6.0
      thresh= 3.052E-05 alpha_mix =  0.700 |ddv_scf|^2 =  6.635E-10

      iter #   5 total cpu time :    41.3 secs   av.it.:   6.0
      thresh= 2.576E-06 alpha_mix =  0.700 |ddv_scf|^2 =  4.791E-11

      iter #   6 total cpu time :    42.2 secs   av.it.:   5.7
      thresh= 6.921E-07 alpha_mix =  0.700 |ddv_scf|^2 =  5.224E-13

      iter #   7 total cpu time :    43.0 secs   av.it.:   5.2
      thresh= 7.228E-08 alpha_mix =  0.700 |ddv_scf|^2 =  6.405E-13

      iter #   8 total cpu time :    43.7 secs   av.it.:   4.5
      thresh= 8.003E-08 alpha_mix =  0.700 |ddv_scf|^2 =  1.681E-16

     End of self-consistent calculation

     Convergence has been achieved 


     Representation #   2 modes #   2   3

     Self-consistent Calculation

      iter #   1 total cpu time :    45.7 secs   av.it.:   3.6
      thresh= 1.000E-02 alpha_mix =  0.700 |ddv_scf|^2 =  1.001E-08

      iter #   2 total cpu time :    47.6 secs   av.it.:   6.6
      thresh= 1.000E-05 alpha_mix =  0.700 |ddv_scf|^2 =  9.638E-10

      iter #   3 total cpu time :    49.4 secs   av.it.:   6.3
      thresh= 3.104E-06 alpha_mix =  0.700 |ddv_scf|^2 =  2.576E-12

      iter #   4 total cpu time :    51.3 secs   av.it.:   6.8
      thresh= 1.605E-07 alpha_mix =  0.700 |ddv_scf|^2 =  3.664E-15

     End of self-consistent calculation

     Convergence has been achieved 
 
     Number of q in the star =    8
     List of q in the star:
          1  -0.176776695   0.176776695  -0.176776695
          2   0.176776695  -0.176776695  -0.176776695
          3   0.176776695  -0.176776695   0.176776695
          4   0.176776695   0.176776695   0.176776695
          5  -0.176776695  -0.176776695  -0.176776695
          6  -0.176776695  -0.176776695   0.176776695
          7  -0.176776695   0.176776695   0.176776695
          8   0.176776695   0.176776695  -0.176776695

     Diagonalizing the dynamical matrix

     q = (   -0.176776695   0.176776695  -0.176776695 ) 

 **************************************************************************
     freq (    1) =       3.594799 [THz] =     119.909582 [cm-1]
     freq (    2) =       3.594799 [THz] =     119.909582 [cm-1]
     freq (    3) =       7.165696 [THz] =     239.021883 [cm-1]
 **************************************************************************

     Mode symmetry, C_3v (3m)   point group:

     freq (   1-   2) =        119.9  [cm-1]   --> E    L_3           
     freq (   3-   3) =        239.0  [cm-1]   --> A_1  L_1           
     Electron-phonon interaction  ...

     Gaussian Broadening:   0.005 Ry, ngauss=   0
     DOS =  2.518161 states/spin/Ry/Unit Cell at Ef=  8.373640 eV
     lambda(    1)=  0.0484   gamma=    1.50 GHz
     lambda(    2)=  0.0468   gamma=    1.45 GHz
     lambda(    3)=  0.2363   gamma=   29.17 GHz
     Gaussian Broadening:   0.010 Ry, ngauss=   0
     DOS =  2.624685 states/spin/Ry/Unit Cell at Ef=  8.377216 eV
     lambda(    1)=  0.0659   gamma=    2.13 GHz
     lambda(    2)=  0.0639   gamma=    2.07 GHz
     lambda(    3)=  0.2128   gamma=   27.38 GHz
     Gaussian Broadening:   0.015 Ry, ngauss=   0
     DOS =  2.647439 states/spin/Ry/Unit Cell at Ef=  8.379158 eV
     lambda(    1)=  0.0619   gamma=    2.02 GHz
     lambda(    2)=  0.0596   gamma=    1.95 GHz
     lambda(    3)=  0.1934   gamma=   25.10 GHz
     Gaussian Broadening:   0.020 Ry, ngauss=   0
     DOS =  2.646097 states/spin/Ry/Unit Cell at Ef=  8.379914 eV
     lambda(    1)=  0.0599   gamma=    1.96 GHz
     lambda(    2)=  0.0576   gamma=    1.88 GHz
     lambda(    3)=  0.1845   gamma=   23.94 GHz
     Gaussian Broadening:   0.025 Ry, ngauss=   0
     DOS =  2.643523 states/spin/Ry/Unit Cell at Ef=  8.379582 eV
     lambda(    1)=  0.0585   gamma=    1.91 GHz
     lambda(    2)=  0.0567   gamma=    1.85 GHz
     lambda(    3)=  0.1813   gamma=   23.50 GHz
     Gaussian Broadening:   0.030 Ry, ngauss=   0
     DOS =  2.643829 states/spin/Ry/Unit Cell at Ef=  8.378390 eV
     lambda(    1)=  0.0579   gamma=    1.89 GHz
     lambda(    2)=  0.0566   gamma=    1.85 GHz
     lambda(    3)=  0.1831   gamma=   23.74 GHz
     Gaussian Broadening:   0.035 Ry, ngauss=   0
     DOS =  2.645823 states/spin/Ry/Unit Cell at Ef=  8.376691 eV
     lambda(    1)=  0.0579   gamma=    1.89 GHz
     lambda(    2)=  0.0571   gamma=    1.86 GHz
     lambda(    3)=  0.1884   gamma=   24.44 GHz
     Gaussian Broadening:   0.040 Ry, ngauss=   0
     DOS =  2.648339 states/spin/Ry/Unit Cell at Ef=  8.374776 eV
     lambda(    1)=  0.0583   gamma=    1.90 GHz
     lambda(    2)=  0.0578   gamma=    1.89 GHz
     lambda(    3)=  0.1952   gamma=   25.35 GHz
     Gaussian Broadening:   0.045 Ry, ngauss=   0
     DOS =  2.650827 states/spin/Ry/Unit Cell at Ef=  8.372817 eV
     lambda(    1)=  0.0589   gamma=    1.93 GHz
     lambda(    2)=  0.0586   gamma=    1.92 GHz
     lambda(    3)=  0.2023   gamma=   26.30 GHz
     Gaussian Broadening:   0.050 Ry, ngauss=   0
     DOS =  2.653067 states/spin/Ry/Unit Cell at Ef=  8.370889 eV
     lambda(    1)=  0.0596   gamma=    1.95 GHz
     lambda(    2)=  0.0594   gamma=    1.94 GHz
     lambda(    3)=  0.2091   gamma=   27.20 GHz
 
 
     Number of q in the star =    8
     List of q in the star:
          1  -0.176776695   0.176776695  -0.176776695
          2   0.176776695  -0.176776695  -0.176776695
          3   0.176776695  -0.176776695   0.176776695
          4   0.176776695   0.176776695   0.176776695
          5  -0.176776695  -0.176776695  -0.176776695
          6  -0.176776695  -0.176776695   0.176776695
          7  -0.176776695   0.176776695   0.176776695
          8   0.176776695   0.176776695  -0.176776695

     Calculation of q =    0.3535534  -0.3535534   0.3535534
 
     Parallelization info
     --------------------
     sticks:   dense  smooth     PW     G-vecs:    dense   smooth      PW
     Min          38      38     15                  440      440     117
     Max          40      40     16                  441      441     121
     Sum         313     313    121                 3527     3527     941
 
     Using Slab Decomposition
 

     Title: 
     default                                                                    


     bravais-lattice index     =            0
     lattice parameter (alat)  =       5.2862  a.u.
     unit-cell volume          =     104.4547 (a.u.)^3
     number of atoms/cell      =            1
     number of atomic types    =            1
     number of electrons       =         3.00
     number of Kohn-Sham states=            6
     kinetic-energy cutoff     =      40.0000  Ry
     charge density cutoff     =     160.0000  Ry
     Exchange-correlation= PZ
                           (   1   1   0   0   0   0   0)

     celldm(1)=   5.286249  celldm(2)=   0.000000  celldm(3)=   0.000000
     celldm(4)=   0.000000  celldm(5)=   0.000000  celldm(6)=   0.000000

     crystal axes: (cart. coord. in units of alat)
               a(1) = (  -0.707107   0.000000   0.707107 )  
               a(2) = (   0.000000   0.707107   0.707107 )  
               a(3) = (  -0.707107   0.707107   0.000000 )  

     reciprocal axes: (cart. coord. in units 2 pi/alat)
               b(1) = ( -0.707107 -0.707107  0.707107 )  
               b(2) = (  0.707107  0.707107  0.707107 )  
               b(3) = ( -0.707107  0.707107 -0.707107 )  


     PseudoPot. # 1 for Al read from file:
     <工作目录>/pseudo/Al.pz-vbc.UPF
     MD5 check sum: f06ceae8da0fe5c02c98e3688433298c
     Pseudo is Norm-conserving, Zval =  3.0
     Generated by new atomic code, or converted to UPF format
     Using radial grid of  171 points,  2 beta functions with: 
                l(1) =   0
                l(2) =   1

     atomic species   valence    mass     pseudopotential
     Al                3.00    26.98154     Al( 1.00)

     48 Sym. Ops., with inversion, found



   Cartesian axes

     site n.     atom                  positions (alat units)
         1        Al     tau(   1) = (   0.0000000   0.0000000   0.0000000  )

     number of k points=   834  Marzari-Vanderbilt smearing, width (Ry)=  0.0200

     Number of k-points >= 100: set verbosity='high' to print them.

     Dense  grid:     3527 G-vectors     FFT dimensions: (  24,  24,  24)

     Estimated max dynamical RAM per process >       0.34 MB

     Estimated total dynamical RAM >       2.74 MB

     The potential is recalculated from file :
     ./tmp/_ph0/al.q_3/al.save/charge-density

     Starting wfcs are    4 atomic +    2 random wfcs

     Band Structure Calculation
     Davidson diagonalization with overlap

     ethr =  3.33E-10,  avg # of iterations = 14.8

     total cpu time spent up to now is       13.9 secs

     End of band structure calculation

     Number of k-points >= 100: set verbosity='high' to print the bands.

     the Fermi energy is     8.4122 ev

     Writing config to output data dir ./tmp/_ph0/al.q_3/al.save/ :
     XML data file

     default                                                                    

     bravais-lattice index     =            0
     lattice parameter (alat)  =       5.2862  a.u.
     unit-cell volume          =     104.4547 (a.u.)^3
     number of atoms/cell      =            1
     number of atomic types    =            1
     kinetic-energy cut-off    =      40.0000  Ry
     charge density cut-off    =     160.0000  Ry
     convergence threshold     =      1.0E-14
     beta                      =       0.7000
     number of iterations used =            4
     Exchange-correlation= PZ
                           (   1   1   0   0   0   0   0)


     celldm(1)=    5.28625  celldm(2)=    0.00000  celldm(3)=    0.00000
     celldm(4)=    0.00000  celldm(5)=    0.00000  celldm(6)=    0.00000

     crystal axes: (cart. coord. in units of alat)
               a(1) = ( -0.7071  0.0000  0.7071 )  
               a(2) = (  0.0000  0.7071  0.7071 )  
               a(3) = ( -0.7071  0.7071  0.0000 )  

     reciprocal axes: (cart. coord. in units 2 pi/alat)
               b(1) = ( -0.7071 -0.7071  0.7071 )  
               b(2) = (  0.7071  0.7071  0.7071 )  
               b(3) = ( -0.7071  0.7071 -0.7071 )  


     Atoms inside the unit cell: 

     Cartesian axes

     site n.  atom      mass           positions (alat units)
        1  Al     26.9815   tau(    1) = (    0.00000    0.00000    0.00000  )

     Computing dynamical matrix for 
                    q = (   0.3535534  -0.3535534   0.3535534 )
 
     13 Sym.Ops. (with q -> -q+G )


     G cutoff =  113.2545  (    441 G-vectors)     FFT grid: ( 24, 24, 24)

     number of k points=   834  Marzari-Vanderbilt smearing, width (Ry)=  0.0200

     PseudoPot. # 1 for Al read from file:
     <工作目录>/pseudo/Al.pz-vbc.UPF
     MD5 check sum: f06ceae8da0fe5c02c98e3688433298c
     Pseudo is Norm-conserving, Zval =  3.0
     Generated by new atomic code, or converted to UPF format
     Using radial grid of  171 points,  2 beta functions with: 
                l(1) =   0
                l(2) =   1

     Mode symmetry, D_3d (-3m)  point group:


     Atomic displacements:
     There are    2 irreducible representations

     Representation     1      1 modes -  To be done

     Representation     2      2 modes -  To be done



     Alpha used in Ewald sum =   1.8000
     PHONON       :   1m17.20s CPU   1m22.27s WALL



     Representation #   1 mode #   1

     Self-consistent Calculation

      iter #   1 total cpu time :    82.8 secs   av.it.:   4.6
      thresh= 1.000E-02 alpha_mix =  0.700 |ddv_scf|^2 =  6.499E-05

      iter #   2 total cpu time :    83.2 secs   av.it.:   6.2
      thresh= 8.062E-04 alpha_mix =  0.700 |ddv_scf|^2 =  7.305E-05

      iter #   3 total cpu time :    83.7 secs   av.it.:   5.8
      thresh= 8.547E-04 alpha_mix =  0.700 |ddv_scf|^2 =  1.892E-09

      iter #   4 total cpu time :    84.1 secs   av.it.:   6.1
      thresh= 4.349E-06 alpha_mix =  0.700 |ddv_scf|^2 =  8.389E-11

      iter #   5 total cpu time :    84.6 secs   av.it.:   5.8
      thresh= 9.159E-07 alpha_mix =  0.700 |ddv_scf|^2 =  8.090E-15

     End of self-consistent calculation

     Convergence has been achieved 


     Representation #   2 modes #   2   3

     Self-consistent Calculation

      iter #   1 total cpu time :    85.7 secs   av.it.:   3.7
      thresh= 1.000E-02 alpha_mix =  0.700 |ddv_scf|^2 =  1.085E-08

      iter #   2 total cpu time :    86.6 secs   av.it.:   6.6
      thresh= 1.042E-05 alpha_mix =  0.700 |ddv_scf|^2 =  9.889E-10

      iter #   3 total cpu time :    87.6 secs   av.it.:   6.4
      thresh= 3.145E-06 alpha_mix =  0.700 |ddv_scf|^2 =  4.505E-12

      iter #   4 total cpu time :    88.6 secs   av.it.:   6.8
      thresh= 2.123E-07 alpha_mix =  0.700 |ddv_scf|^2 =  4.102E-15

     End of self-consistent calculation

     Convergence has been achieved 
 
     Number of q in the star =    4
     List of q in the star:
          1   0.353553391  -0.353553391   0.353553391
          2   0.353553391   0.353553391   0.353553391
          3  -0.353553391   0.353553391   0.353553391
          4   0.353553391   0.353553391  -0.353553391

     Diagonalizing the dynamical matrix

     q = (    0.353553391  -0.353553391   0.353553391 ) 

 **************************************************************************
     freq (    1) =       4.570078 [THz] =     152.441395 [cm-1]
     freq (    2) =       4.570078 [THz] =     152.441395 [cm-1]
     freq (    3) =       9.936574 [THz] =     331.448433 [cm-1]
 **************************************************************************

     Mode symmetry, D_3d (-3m)  point group:

     freq (   1-   2) =        152.4  [cm-1]   --> E_u  L_3'          
     freq (   3-   3) =        331.4  [cm-1]   --> A_2u L_2'          
     Electron-phonon interaction  ...

     Gaussian Broadening:   0.005 Ry, ngauss=   0
     DOS =  2.518161 states/spin/Ry/Unit Cell at Ef=  8.373640 eV
     lambda(    1)=  0.0708   gamma=    3.56 GHz
     lambda(    2)=  0.0745   gamma=    3.74 GHz
     lambda(    3)=  0.0431   gamma=   10.23 GHz
     Gaussian Broadening:   0.010 Ry, ngauss=   0
     DOS =  2.624685 states/spin/Ry/Unit Cell at Ef=  8.377216 eV
     lambda(    1)=  0.0596   gamma=    3.12 GHz
     lambda(    2)=  0.0625   gamma=    3.27 GHz
     lambda(    3)=  0.0605   gamma=   14.97 GHz
     Gaussian Broadening:   0.015 Ry, ngauss=   0
     DOS =  2.647439 states/spin/Ry/Unit Cell at Ef=  8.379158 eV
     lambda(    1)=  0.0729   gamma=    3.85 GHz
     lambda(    2)=  0.0757   gamma=    3.99 GHz
     lambda(    3)=  0.1196   gamma=   29.85 GHz
     Gaussian Broadening:   0.020 Ry, ngauss=   0
     DOS =  2.646097 states/spin/Ry/Unit Cell at Ef=  8.379914 eV
     lambda(    1)=  0.0806   gamma=    4.25 GHz
     lambda(    2)=  0.0834   gamma=    4.40 GHz
     lambda(    3)=  0.1543   gamma=   38.49 GHz
     Gaussian Broadening:   0.025 Ry, ngauss=   0
     DOS =  2.643523 states/spin/Ry/Unit Cell at Ef=  8.379582 eV
     lambda(    1)=  0.0849   gamma=    4.48 GHz
     lambda(    2)=  0.0878   gamma=    4.63 GHz
     lambda(    3)=  0.1692   gamma=   42.18 GHz
     Gaussian Broadening:   0.030 Ry, ngauss=   0
     DOS =  2.643829 states/spin/Ry/Unit Cell at Ef=  8.378390 eV
     lambda(    1)=  0.0879   gamma=    4.63 GHz
     lambda(    2)=  0.0905   gamma=    4.77 GHz
     lambda(    3)=  0.1745   gamma=   43.49 GHz
     Gaussian Broadening:   0.035 Ry, ngauss=   0
     DOS =  2.645823 states/spin/Ry/Unit Cell at Ef=  8.376691 eV
     lambda(    1)=  0.0900   gamma=    4.75 GHz
     lambda(    2)=  0.0924   gamma=    4.88 GHz
     lambda(    3)=  0.1760   gamma=   43.90 GHz
     Gaussian Broadening:   0.040 Ry, ngauss=   0
     DOS =  2.648339 states/spin/Ry/Unit Cell at Ef=  8.374776 eV
     lambda(    1)=  0.0914   gamma=    4.83 GHz
     lambda(    2)=  0.0935   gamma=    4.94 GHz
     lambda(    3)=  0.1762   gamma=   44.00 GHz
     Gaussian Broadening:   0.045 Ry, ngauss=   0
     DOS =  2.650827 states/spin/Ry/Unit Cell at Ef=  8.372817 eV
     lambda(    1)=  0.0921   gamma=    4.87 GHz
     lambda(    2)=  0.0939   gamma=    4.97 GHz
     lambda(    3)=  0.1760   gamma=   43.99 GHz
     Gaussian Broadening:   0.050 Ry, ngauss=   0
     DOS =  2.653067 states/spin/Ry/Unit Cell at Ef=  8.370889 eV
     lambda(    1)=  0.0921   gamma=    4.87 GHz
     lambda(    2)=  0.0937   gamma=    4.96 GHz
     lambda(    3)=  0.1756   gamma=   43.93 GHz
 
 
     Number of q in the star =    4
     List of q in the star:
          1   0.353553391  -0.353553391   0.353553391
          2   0.353553391   0.353553391   0.353553391
          3  -0.353553391   0.353553391   0.353553391
          4   0.353553391   0.353553391  -0.353553391

     Calculation of q =    0.0000000   0.3535534   0.0000000
 
     Parallelization info
     --------------------
     sticks:   dense  smooth     PW     G-vecs:    dense   smooth      PW
     Min          38      38     15                  440      440     108
     Max          40      40     16                  441      441     110
     Sum         313     313    121                 3527     3527     869
 
     Using Slab Decomposition
 

     Title: 
     default                                                                    


     bravais-lattice index     =            0
     lattice parameter (alat)  =       5.2862  a.u.
     unit-cell volume          =     104.4547 (a.u.)^3
     number of atoms/cell      =            1
     number of atomic types    =            1
     number of electrons       =         3.00
     number of Kohn-Sham states=            6
     kinetic-energy cutoff     =      40.0000  Ry
     charge density cutoff     =     160.0000  Ry
     Exchange-correlation= PZ
                           (   1   1   0   0   0   0   0)

     celldm(1)=   5.286249  celldm(2)=   0.000000  celldm(3)=   0.000000
     celldm(4)=   0.000000  celldm(5)=   0.000000  celldm(6)=   0.000000

     crystal axes: (cart. coord. in units of alat)
               a(1) = (  -0.707107   0.000000   0.707107 )  
               a(2) = (   0.000000   0.707107   0.707107 )  
               a(3) = (  -0.707107   0.707107   0.000000 )  

     reciprocal axes: (cart. coord. in units 2 pi/alat)
               b(1) = ( -0.707107 -0.707107  0.707107 )  
               b(2) = (  0.707107  0.707107  0.707107 )  
               b(3) = ( -0.707107  0.707107 -0.707107 )  


     PseudoPot. # 1 for Al read from file:
     <工作目录>/pseudo/Al.pz-vbc.UPF
     MD5 check sum: f06ceae8da0fe5c02c98e3688433298c
     Pseudo is Norm-conserving, Zval =  3.0
     Generated by new atomic code, or converted to UPF format
     Using radial grid of  171 points,  2 beta functions with: 
                l(1) =   0
                l(2) =   1

     atomic species   valence    mass     pseudopotential
     Al                3.00    26.98154     Al( 1.00)

     48 Sym. Ops., with inversion, found



   Cartesian axes

     site n.     atom                  positions (alat units)
         1        Al     tau(   1) = (   0.0000000   0.0000000   0.0000000  )

     number of k points=  1296  Marzari-Vanderbilt smearing, width (Ry)=  0.0200

     Number of k-points >= 100: set verbosity='high' to print them.

     Dense  grid:     3527 G-vectors     FFT dimensions: (  24,  24,  24)

     Estimated max dynamical RAM per process >       0.34 MB

     Estimated total dynamical RAM >       2.72 MB

     The potential is recalculated from file :
     ./tmp/_ph0/al.q_4/al.save/charge-density

     Starting wfcs are    4 atomic +    2 random wfcs

     Band Structure Calculation
     Davidson diagonalization with overlap

     ethr =  3.33E-10,  avg # of iterations = 14.6

     total cpu time spent up to now is       21.2 secs

     End of band structure calculation

     Number of k-points >= 100: set verbosity='high' to print the bands.

     the Fermi energy is     8.4122 ev

     Writing config to output data dir ./tmp/_ph0/al.q_4/al.save/ :
     XML data file

     default                                                                    

     bravais-lattice index     =            0
     lattice parameter (alat)  =       5.2862  a.u.
     unit-cell volume          =     104.4547 (a.u.)^3
     number of atoms/cell      =            1
     number of atomic types    =            1
     kinetic-energy cut-off    =      40.0000  Ry
     charge density cut-off    =     160.0000  Ry
     convergence threshold     =      1.0E-14
     beta                      =       0.7000
     number of iterations used =            4
     Exchange-correlation= PZ
                           (   1   1   0   0   0   0   0)


     celldm(1)=    5.28625  celldm(2)=    0.00000  celldm(3)=    0.00000
     celldm(4)=    0.00000  celldm(5)=    0.00000  celldm(6)=    0.00000

     crystal axes: (cart. coord. in units of alat)
               a(1) = ( -0.7071  0.0000  0.7071 )  
               a(2) = (  0.0000  0.7071  0.7071 )  
               a(3) = ( -0.7071  0.7071  0.0000 )  

     reciprocal axes: (cart. coord. in units 2 pi/alat)
               b(1) = ( -0.7071 -0.7071  0.7071 )  
               b(2) = (  0.7071  0.7071  0.7071 )  
               b(3) = ( -0.7071  0.7071 -0.7071 )  


     Atoms inside the unit cell: 

     Cartesian axes

     site n.  atom      mass           positions (alat units)
        1  Al     26.9815   tau(    1) = (    0.00000    0.00000    0.00000  )

     Computing dynamical matrix for 
                    q = (   0.0000000   0.3535534   0.0000000 )
 
      8 Sym.Ops. (no q -> -q+G )


     G cutoff =  113.2545  (    441 G-vectors)     FFT grid: ( 24, 24, 24)

     number of k points=  1296  Marzari-Vanderbilt smearing, width (Ry)=  0.0200

     PseudoPot. # 1 for Al read from file:
     <工作目录>/pseudo/Al.pz-vbc.UPF
     MD5 check sum: f06ceae8da0fe5c02c98e3688433298c
     Pseudo is Norm-conserving, Zval =  3.0
     Generated by new atomic code, or converted to UPF format
     Using radial grid of  171 points,  2 beta functions with: 
                l(1) =   0
                l(2) =   1

     Mode symmetry, C_4v (4mm)  point group:


     Atomic displacements:
     There are    2 irreducible representations

     Representation     1      1 modes -  To be done

     Representation     2      2 modes -  To be done



     Alpha used in Ewald sum =   1.8000
     PHONON       :   1m54.50s CPU   2m 1.83s WALL



     Representation #   1 mode #   1

     Self-consistent Calculation

      iter #   1 total cpu time :   122.6 secs   av.it.:   4.2
      thresh= 1.000E-02 alpha_mix =  0.700 |ddv_scf|^2 =  1.766E-03

      iter #   2 total cpu time :   123.2 secs   av.it.:   5.2
      thresh= 4.202E-03 alpha_mix =  0.700 |ddv_scf|^2 =  3.093E-02

      iter #   3 total cpu time :   123.8 secs   av.it.:   4.4
      thresh= 1.000E-02 alpha_mix =  0.700 |ddv_scf|^2 =  8.453E-09

      iter #   4 total cpu time :   124.5 secs   av.it.:   6.3
      thresh= 9.194E-06 alpha_mix =  0.700 |ddv_scf|^2 =  6.756E-10

      iter #   5 total cpu time :   125.2 secs   av.it.:   5.5
      thresh= 2.599E-06 alpha_mix =  0.700 |ddv_scf|^2 =  5.895E-11

      iter #   6 total cpu time :   125.8 secs   av.it.:   5.0
      thresh= 7.678E-07 alpha_mix =  0.700 |ddv_scf|^2 =  2.411E-12

      iter #   7 total cpu time :   126.4 secs   av.it.:   4.7
      thresh= 1.553E-07 alpha_mix =  0.700 |ddv_scf|^2 =  1.883E-15

     End of self-consistent calculation

     Convergence has been achieved 


     Representation #   2 modes #   2   3

     Self-consistent Calculation

      iter #   1 total cpu time :   128.0 secs   av.it.:   3.7
      thresh= 1.000E-02 alpha_mix =  0.700 |ddv_scf|^2 =  2.519E-08

      iter #   2 total cpu time :   129.5 secs   av.it.:   6.6
      thresh= 1.587E-05 alpha_mix =  0.700 |ddv_scf|^2 =  9.790E-10

      iter #   3 total cpu time :   130.9 secs   av.it.:   6.2
      thresh= 3.129E-06 alpha_mix =  0.700 |ddv_scf|^2 =  5.077E-11

      iter #   4 total cpu time :   132.3 secs   av.it.:   6.1
      thresh= 7.125E-07 alpha_mix =  0.700 |ddv_scf|^2 =  4.507E-15

     End of self-consistent calculation

     Convergence has been achieved 
 
     Number of q in the star =    6
     List of q in the star:
          1   0.000000000   0.353553391   0.000000000
          2   0.000000000  -0.353553391   0.000000000
          3   0.353553391   0.000000000   0.000000000
          4   0.000000000   0.000000000   0.353553391
          5   0.000000000   0.000000000  -0.353553391
          6  -0.353553391   0.000000000   0.000000000

     Diagonalizing the dynamical matrix

     q = (    0.000000000   0.353553391   0.000000000 ) 

 **************************************************************************
     freq (    1) =       4.514767 [THz] =     150.596422 [cm-1]
     freq (    2) =       4.514767 [THz] =     150.596422 [cm-1]
     freq (    3) =       7.531338 [THz] =     251.218399 [cm-1]
 **************************************************************************

     Mode symmetry, C_4v (4mm)  point group:

     freq (   1-   2) =        150.6  [cm-1]   --> E    G_5 D_5       
     freq (   3-   3) =        251.2  [cm-1]   --> A_1  G_1 D_1       
     Electron-phonon interaction  ...

     Gaussian Broadening:   0.005 Ry, ngauss=   0
     DOS =  2.518161 states/spin/Ry/Unit Cell at Ef=  8.373640 eV
     lambda(    1)=  0.0275   gamma=    1.35 GHz
     lambda(    2)=  0.0275   gamma=    1.35 GHz
     lambda(    3)=  0.2266   gamma=   30.91 GHz
     Gaussian Broadening:   0.010 Ry, ngauss=   0
     DOS =  2.624685 states/spin/Ry/Unit Cell at Ef=  8.377216 eV
     lambda(    1)=  0.0899   gamma=    4.59 GHz
     lambda(    2)=  0.0899   gamma=    4.59 GHz
     lambda(    3)=  0.2636   gamma=   37.48 GHz
     Gaussian Broadening:   0.015 Ry, ngauss=   0
     DOS =  2.647439 states/spin/Ry/Unit Cell at Ef=  8.379158 eV
     lambda(    1)=  0.0965   gamma=    4.97 GHz
     lambda(    2)=  0.0965   gamma=    4.97 GHz
     lambda(    3)=  0.2542   gamma=   36.45 GHz
     Gaussian Broadening:   0.020 Ry, ngauss=   0
     DOS =  2.646097 states/spin/Ry/Unit Cell at Ef=  8.379914 eV
     lambda(    1)=  0.0978   gamma=    5.03 GHz
     lambda(    2)=  0.0978   gamma=    5.03 GHz
     lambda(    3)=  0.2395   gamma=   34.33 GHz
     Gaussian Broadening:   0.025 Ry, ngauss=   0
     DOS =  2.643523 states/spin/Ry/Unit Cell at Ef=  8.379582 eV
     lambda(    1)=  0.1012   gamma=    5.21 GHz
     lambda(    2)=  0.1012   gamma=    5.21 GHz
     lambda(    3)=  0.2327   gamma=   33.31 GHz
     Gaussian Broadening:   0.030 Ry, ngauss=   0
     DOS =  2.643829 states/spin/Ry/Unit Cell at Ef=  8.378390 eV
     lambda(    1)=  0.1066   gamma=    5.49 GHz
     lambda(    2)=  0.1066   gamma=    5.49 GHz
     lambda(    3)=  0.2299   gamma=   32.92 GHz
     Gaussian Broadening:   0.035 Ry, ngauss=   0
     DOS =  2.645823 states/spin/Ry/Unit Cell at Ef=  8.376691 eV
     lambda(    1)=  0.1123   gamma=    5.79 GHz
     lambda(    2)=  0.1123   gamma=    5.79 GHz
     lambda(    3)=  0.2289   gamma=   32.81 GHz
     Gaussian Broadening:   0.040 Ry, ngauss=   0
     DOS =  2.648339 states/spin/Ry/Unit Cell at Ef=  8.374776 eV
     lambda(    1)=  0.1175   gamma=    6.06 GHz
     lambda(    2)=  0.1175   gamma=    6.06 GHz
     lambda(    3)=  0.2292   gamma=   32.87 GHz
     Gaussian Broadening:   0.045 Ry, ngauss=   0
     DOS =  2.650827 states/spin/Ry/Unit Cell at Ef=  8.372817 eV
     lambda(    1)=  0.1220   gamma=    6.29 GHz
     lambda(    2)=  0.1220   gamma=    6.29 GHz
     lambda(    3)=  0.2302   gamma=   33.06 GHz
     Gaussian Broadening:   0.050 Ry, ngauss=   0
     DOS =  2.653067 states/spin/Ry/Unit Cell at Ef=  8.370889 eV
     lambda(    1)=  0.1258   gamma=    6.49 GHz
     lambda(    2)=  0.1258   gamma=    6.49 GHz
     lambda(    3)=  0.2318   gamma=   33.31 GHz
 
 
     Number of q in the star =    6
     List of q in the star:
          1   0.000000000   0.353553391   0.000000000
          2   0.000000000  -0.353553391   0.000000000
          3   0.353553391   0.000000000   0.000000000
          4   0.000000000   0.000000000   0.353553391
          5   0.000000000   0.000000000  -0.353553391
          6  -0.353553391   0.000000000   0.000000000

     Calculation of q =    0.5303301  -0.1767767   0.5303301
 
     Parallelization info
     --------------------
     sticks:   dense  smooth     PW     G-vecs:    dense   smooth      PW
     Min          38      38     15                  440      440     120
     Max          40      40     16                  441      441     123
     Sum         313     313    127                 3527     3527     965
 
     Using Slab Decomposition
 

     Title: 
     default                                                                    


     bravais-lattice index     =            0
     lattice parameter (alat)  =       5.2862  a.u.
     unit-cell volume          =     104.4547 (a.u.)^3
     number of atoms/cell      =            1
     number of atomic types    =            1
     number of electrons       =         3.00
     number of Kohn-Sham states=            6
     kinetic-energy cutoff     =      40.0000  Ry
     charge density cutoff     =     160.0000  Ry
     Exchange-correlation= PZ
                           (   1   1   0   0   0   0   0)

     celldm(1)=   5.286249  celldm(2)=   0.000000  celldm(3)=   0.000000
     celldm(4)=   0.000000  celldm(5)=   0.000000  celldm(6)=   0.000000

     crystal axes: (cart. coord. in units of alat)
               a(1) = (  -0.707107   0.000000   0.707107 )  
               a(2) = (   0.000000   0.707107   0.707107 )  
               a(3) = (  -0.707107   0.707107   0.000000 )  

     reciprocal axes: (cart. coord. in units 2 pi/alat)
               b(1) = ( -0.707107 -0.707107  0.707107 )  
               b(2) = (  0.707107  0.707107  0.707107 )  
               b(3) = ( -0.707107  0.707107 -0.707107 )  


     PseudoPot. # 1 for Al read from file:
     <工作目录>/pseudo/Al.pz-vbc.UPF
     MD5 check sum: f06ceae8da0fe5c02c98e3688433298c
     Pseudo is Norm-conserving, Zval =  3.0
     Generated by new atomic code, or converted to UPF format
     Using radial grid of  171 points,  2 beta functions with: 
                l(1) =   0
                l(2) =   1

     atomic species   valence    mass     pseudopotential
     Al                3.00    26.98154     Al( 1.00)

     48 Sym. Ops., with inversion, found



   Cartesian axes

     site n.     atom                  positions (alat units)
         1        Al     tau(   1) = (   0.0000000   0.0000000   0.0000000  )

     number of k points=  4352  Marzari-Vanderbilt smearing, width (Ry)=  0.0200

     Number of k-points >= 100: set verbosity='high' to print them.

     Dense  grid:     3527 G-vectors     FFT dimensions: (  24,  24,  24)

     Estimated max dynamical RAM per process >       0.34 MB

     Estimated total dynamical RAM >       2.75 MB

     The potential is recalculated from file :
     ./tmp/_ph0/al.q_5/al.save/charge-density

     Starting wfcs are    4 atomic +    2 random wfcs

     Band Structure Calculation
     Davidson diagonalization with overlap

     ethr =  3.33E-10,  avg # of iterations = 14.6

     total cpu time spent up to now is       45.6 secs

     End of band structure calculation

     Number of k-points >= 100: set verbosity='high' to print the bands.

     the Fermi energy is     8.4122 ev

     Writing config to output data dir ./tmp/_ph0/al.q_5/al.save/ :
     XML data file

     default                                                                    

     bravais-lattice index     =            0
     lattice parameter (alat)  =       5.2862  a.u.
     unit-cell volume          =     104.4547 (a.u.)^3
     number of atoms/cell      =            1
     number of atomic types    =            1
     kinetic-energy cut-off    =      40.0000  Ry
     charge density cut-off    =     160.0000  Ry
     convergence threshold     =      1.0E-14
     beta                      =       0.7000
     number of iterations used =            4
     Exchange-correlation= PZ
                           (   1   1   0   0   0   0   0)


     celldm(1)=    5.28625  celldm(2)=    0.00000  celldm(3)=    0.00000
     celldm(4)=    0.00000  celldm(5)=    0.00000  celldm(6)=    0.00000

     crystal axes: (cart. coord. in units of alat)
               a(1) = ( -0.7071  0.0000  0.7071 )  
               a(2) = (  0.0000  0.7071  0.7071 )  
               a(3) = ( -0.7071  0.7071  0.0000 )  

     reciprocal axes: (cart. coord. in units 2 pi/alat)
               b(1) = ( -0.7071 -0.7071  0.7071 )  
               b(2) = (  0.7071  0.7071  0.7071 )  
               b(3) = ( -0.7071  0.7071 -0.7071 )  


     Atoms inside the unit cell: 

     Cartesian axes

     site n.  atom      mass           positions (alat units)
        1  Al     26.9815   tau(    1) = (    0.00000    0.00000    0.00000  )

     Computing dynamical matrix for 
                    q = (   0.5303301  -0.1767767   0.5303301 )
 
      2 Sym.Ops. (no q -> -q+G )


     G cutoff =  113.2545  (    441 G-vectors)     FFT grid: ( 24, 24, 24)

     number of k points=  4352  Marzari-Vanderbilt smearing, width (Ry)=  0.0200

     PseudoPot. # 1 for Al read from file:
     <工作目录>/pseudo/Al.pz-vbc.UPF
     MD5 check sum: f06ceae8da0fe5c02c98e3688433298c
     Pseudo is Norm-conserving, Zval =  3.0
     Generated by new atomic code, or converted to UPF format
     Using radial grid of  171 points,  2 beta functions with: 
                l(1) =   0
                l(2) =   1

     Mode symmetry, C_s (m)     point group:


     Atomic displacements:
     There are    3 irreducible representations

     Representation     1      1 modes -  To be done

     Representation     2      1 modes -  To be done

     Representation     3      1 modes -  To be done



     Alpha used in Ewald sum =   1.8000
     PHONON       :   2m50.89s CPU   3m 3.24s WALL



     Representation #   1 mode #   1

     Self-consistent Calculation

      iter #   1 total cpu time :   185.7 secs   av.it.:   4.4
      thresh= 1.000E-02 alpha_mix =  0.700 |ddv_scf|^2 =  4.401E-05

      iter #   2 total cpu time :   188.1 secs   av.it.:   6.1
      thresh= 6.634E-04 alpha_mix =  0.700 |ddv_scf|^2 =  6.074E-05

      iter #   3 total cpu time :   190.3 secs   av.it.:   5.4
      thresh= 7.794E-04 alpha_mix =  0.700 |ddv_scf|^2 =  8.093E-08

      iter #   4 total cpu time :   192.7 secs   av.it.:   6.1
      thresh= 2.845E-05 alpha_mix =  0.700 |ddv_scf|^2 =  6.186E-10

      iter #   5 total cpu time :   195.1 secs   av.it.:   6.1
      thresh= 2.487E-06 alpha_mix =  0.700 |ddv_scf|^2 =  2.126E-11

      iter #   6 total cpu time :   197.4 secs   av.it.:   6.1
      thresh= 4.611E-07 alpha_mix =  0.700 |ddv_scf|^2 =  3.790E-14

      iter #   7 total cpu time :   199.9 secs   av.it.:   6.5
      thresh= 1.947E-08 alpha_mix =  0.700 |ddv_scf|^2 =  2.961E-15

     End of self-consistent calculation

     Convergence has been achieved 


     Representation #   2 mode #   2

     Self-consistent Calculation

      iter #   1 total cpu time :   203.4 secs   av.it.:   4.1
      thresh= 1.000E-02 alpha_mix =  0.700 |ddv_scf|^2 =  7.382E-06

      iter #   2 total cpu time :   205.8 secs   av.it.:   6.3
      thresh= 2.717E-04 alpha_mix =  0.700 |ddv_scf|^2 =  9.148E-06

      iter #   3 total cpu time :   208.1 secs   av.it.:   5.5
      thresh= 3.025E-04 alpha_mix =  0.700 |ddv_scf|^2 =  4.176E-08

      iter #   4 total cpu time :   210.5 secs   av.it.:   6.2
      thresh= 2.044E-05 alpha_mix =  0.700 |ddv_scf|^2 =  7.560E-10

      iter #   5 total cpu time :   212.9 secs   av.it.:   6.1
      thresh= 2.750E-06 alpha_mix =  0.700 |ddv_scf|^2 =  4.285E-11

      iter #   6 total cpu time :   215.3 secs   av.it.:   6.1
      thresh= 6.546E-07 alpha_mix =  0.700 |ddv_scf|^2 =  2.066E-14

      iter #   7 total cpu time :   217.8 secs   av.it.:   6.5
      thresh= 1.437E-08 alpha_mix =  0.700 |ddv_scf|^2 =  4.722E-16

     End of self-consistent calculation

     Convergence has been achieved 


     Representation #   3 mode #   3

     Self-consistent Calculation

      iter #   1 total cpu time :   221.1 secs   av.it.:   3.7
      thresh= 1.000E-02 alpha_mix =  0.700 |ddv_scf|^2 =  1.353E-07

      iter #   2 total cpu time :   223.5 secs   av.it.:   6.2
      thresh= 3.678E-05 alpha_mix =  0.700 |ddv_scf|^2 =  3.849E-09

      iter #   3 total cpu time :   225.7 secs   av.it.:   5.6
      thresh= 6.204E-06 alpha_mix =  0.700 |ddv_scf|^2 =  2.694E-10

      iter #   4 total cpu time :   227.9 secs   av.it.:   5.6
      thresh= 1.641E-06 alpha_mix =  0.700 |ddv_scf|^2 =  1.969E-14

      iter #   5 total cpu time :   230.5 secs   av.it.:   6.6
      thresh= 1.403E-08 alpha_mix =  0.700 |ddv_scf|^2 =  1.804E-16

     End of self-consistent calculation

     Convergence has been achieved 
 
     Number of q in the star =   24
     List of q in the star:
          1   0.530330086  -0.176776695   0.530330086
          2   0.530330086  -0.176776695  -0.530330086
          3  -0.530330086  -0.176776695  -0.530330086
          4  -0.530330086  -0.176776695   0.530330086
          5  -0.530330086   0.176776695  -0.530330086
          6  -0.176776695   0.530330086  -0.530330086
          7  -0.530330086   0.530330086  -0.176776695
          8   0.530330086   0.176776695   0.530330086
          9  -0.530330086   0.176776695   0.530330086
         10   0.530330086   0.176776695  -0.530330086
         11  -0.530330086   0.530330086   0.176776695
         12  -0.176776695   0.530330086   0.530330086
         13   0.176776695   0.530330086  -0.530330086
         14  -0.176776695  -0.530330086  -0.530330086
         15   0.530330086   0.530330086  -0.176776695
         16   0.530330086  -0.530330086   0.176776695
         17  -0.530330086  -0.530330086  -0.176776695
         18   0.176776695  -0.530330086   0.530330086
         19  -0.530330086  -0.530330086   0.176776695
         20   0.176776695   0.530330086   0.530330086
         21  -0.176776695  -0.530330086   0.530330086
         22   0.530330086   0.530330086   0.176776695
         23   0.176776695  -0.530330086  -0.530330086
         24   0.530330086  -0.530330086  -0.176776695

     Diagonalizing the dynamical matrix

     q = (    0.530330086  -0.176776695   0.530330086 ) 

 **************************************************************************
     freq (    1) =       5.585012 [THz] =     186.295932 [cm-1]
     freq (    2) =       6.938050 [THz] =     231.428442 [cm-1]
     freq (    3) =       9.168476 [THz] =     305.827429 [cm-1]
 **************************************************************************

     Mode symmetry, C_s (m)     point group:

     freq (   1-   1) =        186.3  [cm-1]   --> A''                
     freq (   2-   2) =        231.4  [cm-1]   --> A'                 
     freq (   3-   3) =        305.8  [cm-1]   --> A'                 
     Electron-phonon interaction  ...

     Gaussian Broadening:   0.005 Ry, ngauss=   0
     DOS =  2.518161 states/spin/Ry/Unit Cell at Ef=  8.373640 eV
     lambda(    1)=  0.0905   gamma=    6.79 GHz
     lambda(    2)=  0.0974   gamma=   11.27 GHz
     lambda(    3)=  0.2367   gamma=   47.84 GHz
     Gaussian Broadening:   0.010 Ry, ngauss=   0
     DOS =  2.624685 states/spin/Ry/Unit Cell at Ef=  8.377216 eV
     lambda(    1)=  0.0870   gamma=    6.80 GHz
     lambda(    2)=  0.0844   gamma=   10.19 GHz
     lambda(    3)=  0.1684   gamma=   35.48 GHz
     Gaussian Broadening:   0.015 Ry, ngauss=   0
     DOS =  2.647439 states/spin/Ry/Unit Cell at Ef=  8.379158 eV
     lambda(    1)=  0.0946   gamma=    7.46 GHz
     lambda(    2)=  0.0867   gamma=   10.55 GHz
     lambda(    3)=  0.1745   gamma=   37.08 GHz
     Gaussian Broadening:   0.020 Ry, ngauss=   0
     DOS =  2.646097 states/spin/Ry/Unit Cell at Ef=  8.379914 eV
     lambda(    1)=  0.0988   gamma=    7.79 GHz
     lambda(    2)=  0.0901   gamma=   10.96 GHz
     lambda(    3)=  0.1902   gamma=   40.39 GHz
     Gaussian Broadening:   0.025 Ry, ngauss=   0
     DOS =  2.643523 states/spin/Ry/Unit Cell at Ef=  8.379582 eV
     lambda(    1)=  0.0988   gamma=    7.78 GHz
     lambda(    2)=  0.0916   gamma=   11.13 GHz
     lambda(    3)=  0.1987   gamma=   42.16 GHz
     Gaussian Broadening:   0.030 Ry, ngauss=   0
     DOS =  2.643829 states/spin/Ry/Unit Cell at Ef=  8.378390 eV
     lambda(    1)=  0.0975   gamma=    7.68 GHz
     lambda(    2)=  0.0921   gamma=   11.19 GHz
     lambda(    3)=  0.2018   gamma=   42.82 GHz
     Gaussian Broadening:   0.035 Ry, ngauss=   0
     DOS =  2.645823 states/spin/Ry/Unit Cell at Ef=  8.376691 eV
     lambda(    1)=  0.0961   gamma=    7.58 GHz
     lambda(    2)=  0.0923   gamma=   11.23 GHz
     lambda(    3)=  0.2026   gamma=   43.02 GHz
     Gaussian Broadening:   0.040 Ry, ngauss=   0
     DOS =  2.648339 states/spin/Ry/Unit Cell at Ef=  8.374776 eV
     lambda(    1)=  0.0950   gamma=    7.49 GHz
     lambda(    2)=  0.0925   gamma=   11.26 GHz
     lambda(    3)=  0.2026   gamma=   43.07 GHz
     Gaussian Broadening:   0.045 Ry, ngauss=   0
     DOS =  2.650827 states/spin/Ry/Unit Cell at Ef=  8.372817 eV
     lambda(    1)=  0.0940   gamma=    7.42 GHz
     lambda(    2)=  0.0927   gamma=   11.29 GHz
     lambda(    3)=  0.2025   gamma=   43.08 GHz
     Gaussian Broadening:   0.050 Ry, ngauss=   0
     DOS =  2.653067 states/spin/Ry/Unit Cell at Ef=  8.370889 eV
     lambda(    1)=  0.0931   gamma=    7.36 GHz
     lambda(    2)=  0.0929   gamma=   11.33 GHz
     lambda(    3)=  0.2023   gamma=   43.08 GHz
 
 
     Number of q in the star =   24
     List of q in the star:
          1   0.530330086  -0.176776695   0.530330086
          2   0.530330086  -0.176776695  -0.530330086
          3  -0.530330086  -0.176776695  -0.530330086
          4  -0.530330086  -0.176776695   0.530330086
          5  -0.530330086   0.176776695  -0.530330086
          6  -0.176776695   0.530330086  -0.530330086
          7  -0.530330086   0.530330086  -0.176776695
          8   0.530330086   0.176776695   0.530330086
          9  -0.530330086   0.176776695   0.530330086
         10   0.530330086   0.176776695  -0.530330086
         11  -0.530330086   0.530330086   0.176776695
         12  -0.176776695   0.530330086   0.530330086
         13   0.176776695   0.530330086  -0.530330086
         14  -0.176776695  -0.530330086  -0.530330086
         15   0.530330086   0.530330086  -0.176776695
         16   0.530330086  -0.530330086   0.176776695
         17  -0.530330086  -0.530330086  -0.176776695
         18   0.176776695  -0.530330086   0.530330086
         19  -0.530330086  -0.530330086   0.176776695
         20   0.176776695   0.530330086   0.530330086
         21  -0.176776695  -0.530330086   0.530330086
         22   0.530330086   0.530330086   0.176776695
         23   0.176776695  -0.530330086  -0.530330086
         24   0.530330086  -0.530330086  -0.176776695

     Calculation of q =    0.3535534   0.0000000   0.3535534
 
     Parallelization info
     --------------------
     sticks:   dense  smooth     PW     G-vecs:    dense   smooth      PW
     Min          38      38     15                  440      440     117
     Max          40      40     16                  441      441     121
     Sum         313     313    121                 3527     3527     941
 
     Using Slab Decomposition
 

     Title: 
     default                                                                    


     bravais-lattice index     =            0
     lattice parameter (alat)  =       5.2862  a.u.
     unit-cell volume          =     104.4547 (a.u.)^3
     number of atoms/cell      =            1
     number of atomic types    =            1
     number of electrons       =         3.00
     number of Kohn-Sham states=            6
     kinetic-energy cutoff     =      40.0000  Ry
     charge density cutoff     =     160.0000  Ry
     Exchange-correlation= PZ
                           (   1   1   0   0   0   0   0)

     celldm(1)=   5.286249  celldm(2)=   0.000000  celldm(3)=   0.000000
     celldm(4)=   0.000000  celldm(5)=   0.000000  celldm(6)=   0.000000

     crystal axes: (cart. coord. in units of alat)
               a(1) = (  -0.707107   0.000000   0.707107 )  
               a(2) = (   0.000000   0.707107   0.707107 )  
               a(3) = (  -0.707107   0.707107   0.000000 )  

     reciprocal axes: (cart. coord. in units 2 pi/alat)
               b(1) = ( -0.707107 -0.707107  0.707107 )  
               b(2) = (  0.707107  0.707107  0.707107 )  
               b(3) = ( -0.707107  0.707107 -0.707107 )  


     PseudoPot. # 1 for Al read from file:
     <工作目录>/pseudo/Al.pz-vbc.UPF
     MD5 check sum: f06ceae8da0fe5c02c98e3688433298c
     Pseudo is Norm-conserving, Zval =  3.0
     Generated by new atomic code, or converted to UPF format
     Using radial grid of  171 points,  2 beta functions with: 
                l(1) =   0
                l(2) =   1

     atomic species   valence    mass     pseudopotential
     Al                3.00    26.98154     Al( 1.00)

     48 Sym. Ops., with inversion, found



   Cartesian axes

     site n.     atom                  positions (alat units)
         1        Al     tau(   1) = (   0.0000000   0.0000000   0.0000000  )

     number of k points=  2320  Marzari-Vanderbilt smearing, width (Ry)=  0.0200

     Number of k-points >= 100: set verbosity='high' to print them.

     Dense  grid:     3527 G-vectors     FFT dimensions: (  24,  24,  24)

     Estimated max dynamical RAM per process >       0.34 MB

     Estimated total dynamical RAM >       2.73 MB

     The potential is recalculated from file :
     ./tmp/_ph0/al.q_6/al.save/charge-density

     Starting wfcs are    4 atomic +    2 random wfcs

     Band Structure Calculation
     Davidson diagonalization with overlap

     ethr =  3.33E-10,  avg # of iterations = 14.6

     total cpu time spent up to now is       58.7 secs

     End of band structure calculation

     Number of k-points >= 100: set verbosity='high' to print the bands.

     the Fermi energy is     8.4122 ev

     Writing config to output data dir ./tmp/_ph0/al.q_6/al.save/ :
     XML data file

     default                                                                    

     bravais-lattice index     =            0
     lattice parameter (alat)  =       5.2862  a.u.
     unit-cell volume          =     104.4547 (a.u.)^3
     number of atoms/cell      =            1
     number of atomic types    =            1
     kinetic-energy cut-off    =      40.0000  Ry
     charge density cut-off    =     160.0000  Ry
     convergence threshold     =      1.0E-14
     beta                      =       0.7000
     number of iterations used =            4
     Exchange-correlation= PZ
                           (   1   1   0   0   0   0   0)


     celldm(1)=    5.28625  celldm(2)=    0.00000  celldm(3)=    0.00000
     celldm(4)=    0.00000  celldm(5)=    0.00000  celldm(6)=    0.00000

     crystal axes: (cart. coord. in units of alat)
               a(1) = ( -0.7071  0.0000  0.7071 )  
               a(2) = (  0.0000  0.7071  0.7071 )  
               a(3) = ( -0.7071  0.7071  0.0000 )  

     reciprocal axes: (cart. coord. in units 2 pi/alat)
               b(1) = ( -0.7071 -0.7071  0.7071 )  
               b(2) = (  0.7071  0.7071  0.7071 )  
               b(3) = ( -0.7071  0.7071 -0.7071 )  


     Atoms inside the unit cell: 

     Cartesian axes

     site n.  atom      mass           positions (alat units)
        1  Al     26.9815   tau(    1) = (    0.00000    0.00000    0.00000  )

     Computing dynamical matrix for 
                    q = (   0.3535534   0.0000000   0.3535534 )
 
      4 Sym.Ops. (no q -> -q+G )


     G cutoff =  113.2545  (    441 G-vectors)     FFT grid: ( 24, 24, 24)

     number of k points=  2320  Marzari-Vanderbilt smearing, width (Ry)=  0.0200

     PseudoPot. # 1 for Al read from file:
     <工作目录>/pseudo/Al.pz-vbc.UPF
     MD5 check sum: f06ceae8da0fe5c02c98e3688433298c
     Pseudo is Norm-conserving, Zval =  3.0
     Generated by new atomic code, or converted to UPF format
     Using radial grid of  171 points,  2 beta functions with: 
                l(1) =   0
                l(2) =   1

     Mode symmetry, C_2v (mm2)  point group:


     Atomic displacements:
     There are    3 irreducible representations

     Representation     1      1 modes -  To be done

     Representation     2      1 modes -  To be done

     Representation     3      1 modes -  To be done



     Alpha used in Ewald sum =   1.8000
     PHONON       :   4m 6.59s CPU   4m30.10s WALL



     Representation #   1 mode #   1

     Self-consistent Calculation

      iter #   1 total cpu time :   271.4 secs   av.it.:   4.3
      thresh= 1.000E-02 alpha_mix =  0.700 |ddv_scf|^2 =  1.714E-04

      iter #   2 total cpu time :   272.6 secs   av.it.:   5.6
      thresh= 1.309E-03 alpha_mix =  0.700 |ddv_scf|^2 =  6.358E-04

      iter #   3 total cpu time :   273.7 secs   av.it.:   4.8
      thresh= 2.522E-03 alpha_mix =  0.700 |ddv_scf|^2 =  1.141E-08

      iter #   4 total cpu time :   275.0 secs   av.it.:   6.4
      thresh= 1.068E-05 alpha_mix =  0.700 |ddv_scf|^2 =  4.375E-10

      iter #   5 total cpu time :   276.3 secs   av.it.:   6.0
      thresh= 2.092E-06 alpha_mix =  0.700 |ddv_scf|^2 =  1.924E-11

      iter #   6 total cpu time :   277.5 secs   av.it.:   5.9
      thresh= 4.386E-07 alpha_mix =  0.700 |ddv_scf|^2 =  3.408E-15

     End of self-consistent calculation

     Convergence has been achieved 


     Representation #   2 mode #   2

     Self-consistent Calculation

      iter #   1 total cpu time :   279.3 secs   av.it.:   3.6
      thresh= 1.000E-02 alpha_mix =  0.700 |ddv_scf|^2 =  5.343E-08

      iter #   2 total cpu time :   280.5 secs   av.it.:   6.1
      thresh= 2.311E-05 alpha_mix =  0.700 |ddv_scf|^2 =  3.995E-09

      iter #   3 total cpu time :   281.8 secs   av.it.:   5.8
      thresh= 6.321E-06 alpha_mix =  0.700 |ddv_scf|^2 =  5.546E-11

      iter #   4 total cpu time :   283.0 secs   av.it.:   5.9
      thresh= 7.447E-07 alpha_mix =  0.700 |ddv_scf|^2 =  3.350E-14

      iter #   5 total cpu time :   284.3 secs   av.it.:   6.6
      thresh= 1.830E-08 alpha_mix =  0.700 |ddv_scf|^2 =  1.027E-15

     End of self-consistent calculation

     Convergence has been achieved 


     Representation #   3 mode #   3

     Self-consistent Calculation

      iter #   1 total cpu time :   286.1 secs   av.it.:   3.9
      thresh= 1.000E-02 alpha_mix =  0.700 |ddv_scf|^2 =  1.364E-06

      iter #   2 total cpu time :   287.4 secs   av.it.:   6.2
      thresh= 1.168E-04 alpha_mix =  0.700 |ddv_scf|^2 =  8.300E-08

      iter #   3 total cpu time :   288.7 secs   av.it.:   6.1
      thresh= 2.881E-05 alpha_mix =  0.700 |ddv_scf|^2 =  8.102E-10

      iter #   4 total cpu time :   290.0 secs   av.it.:   5.9
      thresh= 2.846E-06 alpha_mix =  0.700 |ddv_scf|^2 =  5.572E-13

      iter #   5 total cpu time :   291.3 secs   av.it.:   6.3
      thresh= 7.464E-08 alpha_mix =  0.700 |ddv_scf|^2 =  4.099E-15

     End of self-consistent calculation

     Convergence has been achieved 
 
     Number of q in the star =   12
     List of q in the star:
          1   0.353553391   0.000000000   0.353553391
          2  -0.353553391   0.000000000   0.353553391
          3  -0.353553391   0.000000000  -0.353553391
          4   0.353553391   0.000000000  -0.353553391
          5   0.000000000   0.353553391  -0.353553391
          6  -0.353553391   0.353553391   0.000000000
          7   0.000000000   0.353553391   0.353553391
          8   0.000000000  -0.353553391  -0.353553391
          9   0.353553391   0.353553391   0.000000000
         10   0.353553391  -0.353553391   0.000000000
         11  -0.353553391  -0.353553391   0.000000000
         12   0.000000000  -0.353553391   0.353553391

     Diagonalizing the dynamical matrix

     q = (    0.353553391   0.000000000   0.353553391 ) 

 **************************************************************************
     freq (    1) =       4.969669 [THz] =     165.770321 [cm-1]
     freq (    2) =       6.818494 [THz] =     227.440470 [cm-1]
     freq (    3) =       8.563370 [THz] =     285.643293 [cm-1]
 **************************************************************************

     Mode symmetry, C_2v (mm2)  point group:

     freq (   1-   1) =        165.8  [cm-1]   --> B_1  D_3  S_3      
     freq (   2-   2) =        227.4  [cm-1]   --> B_2  D_4  S_4      
     freq (   3-   3) =        285.6  [cm-1]   --> A_1  D_1  S_1      
     Electron-phonon interaction  ...

     Gaussian Broadening:   0.005 Ry, ngauss=   0
     DOS =  2.518161 states/spin/Ry/Unit Cell at Ef=  8.373640 eV
     lambda(    1)=  0.0172   gamma=    1.02 GHz
     lambda(    2)=  0.1739   gamma=   19.45 GHz
     lambda(    3)=  0.3875   gamma=   68.33 GHz
     Gaussian Broadening:   0.010 Ry, ngauss=   0
     DOS =  2.624685 states/spin/Ry/Unit Cell at Ef=  8.377216 eV
     lambda(    1)=  0.0164   gamma=    1.01 GHz
     lambda(    2)=  0.1063   gamma=   12.39 GHz
     lambda(    3)=  0.3000   gamma=   55.14 GHz
     Gaussian Broadening:   0.015 Ry, ngauss=   0
     DOS =  2.647439 states/spin/Ry/Unit Cell at Ef=  8.379158 eV
     lambda(    1)=  0.0199   gamma=    1.24 GHz
     lambda(    2)=  0.1131   gamma=   13.29 GHz
     lambda(    3)=  0.2607   gamma=   48.33 GHz
     Gaussian Broadening:   0.020 Ry, ngauss=   0
     DOS =  2.646097 states/spin/Ry/Unit Cell at Ef=  8.379914 eV
     lambda(    1)=  0.0239   gamma=    1.49 GHz
     lambda(    2)=  0.1166   gamma=   13.70 GHz
     lambda(    3)=  0.2378   gamma=   44.07 GHz
     Gaussian Broadening:   0.025 Ry, ngauss=   0
     DOS =  2.643523 states/spin/Ry/Unit Cell at Ef=  8.379582 eV
     lambda(    1)=  0.0270   gamma=    1.69 GHz
     lambda(    2)=  0.1185   gamma=   13.90 GHz
     lambda(    3)=  0.2215   gamma=   41.01 GHz
     Gaussian Broadening:   0.030 Ry, ngauss=   0
     DOS =  2.643829 states/spin/Ry/Unit Cell at Ef=  8.378390 eV
     lambda(    1)=  0.0292   gamma=    1.82 GHz
     lambda(    2)=  0.1200   gamma=   14.09 GHz
     lambda(    3)=  0.2103   gamma=   38.94 GHz
     Gaussian Broadening:   0.035 Ry, ngauss=   0
     DOS =  2.645823 states/spin/Ry/Unit Cell at Ef=  8.376691 eV
     lambda(    1)=  0.0307   gamma=    1.91 GHz
     lambda(    2)=  0.1215   gamma=   14.27 GHz
     lambda(    3)=  0.2032   gamma=   37.64 GHz
     Gaussian Broadening:   0.040 Ry, ngauss=   0
     DOS =  2.648339 states/spin/Ry/Unit Cell at Ef=  8.374776 eV
     lambda(    1)=  0.0318   gamma=    1.99 GHz
     lambda(    2)=  0.1227   gamma=   14.43 GHz
     lambda(    3)=  0.1986   gamma=   36.83 GHz
     Gaussian Broadening:   0.045 Ry, ngauss=   0
     DOS =  2.650827 states/spin/Ry/Unit Cell at Ef=  8.372817 eV
     lambda(    1)=  0.0327   gamma=    2.04 GHz
     lambda(    2)=  0.1237   gamma=   14.56 GHz
     lambda(    3)=  0.1956   gamma=   36.31 GHz
     Gaussian Broadening:   0.050 Ry, ngauss=   0
     DOS =  2.653067 states/spin/Ry/Unit Cell at Ef=  8.370889 eV
     lambda(    1)=  0.0334   gamma=    2.09 GHz
     lambda(    2)=  0.1246   gamma=   14.68 GHz
     lambda(    3)=  0.1936   gamma=   35.97 GHz
 
 
     Number of q in the star =   12
     List of q in the star:
          1   0.353553391   0.000000000   0.353553391
          2  -0.353553391   0.000000000   0.353553391
          3  -0.353553391   0.000000000  -0.353553391
          4   0.353553391   0.000000000  -0.353553391
          5   0.000000000   0.353553391  -0.353553391
          6  -0.353553391   0.353553391   0.000000000
          7   0.000000000   0.353553391   0.353553391
          8   0.000000000  -0.353553391  -0.353553391
          9   0.353553391   0.353553391   0.000000000
         10   0.353553391  -0.353553391   0.000000000
         11  -0.353553391  -0.353553391   0.000000000
         12   0.000000000  -0.353553391   0.353553391

     Calculation of q =    0.0000000  -0.7071068   0.0000000
 
     Parallelization info
     --------------------
     sticks:   dense  smooth     PW     G-vecs:    dense   smooth      PW
     Min          38      38     15                  440      440     117
     Max          40      40     16                  441      441     121
     Sum         313     313    121                 3527     3527     941
 
     Using Slab Decomposition
 

     Title: 
     default                                                                    


     bravais-lattice index     =            0
     lattice parameter (alat)  =       5.2862  a.u.
     unit-cell volume          =     104.4547 (a.u.)^3
     number of atoms/cell      =            1
     number of atomic types    =            1
     number of electrons       =         3.00
     number of Kohn-Sham states=            6
     kinetic-energy cutoff     =      40.0000  Ry
     charge density cutoff     =     160.0000  Ry
     Exchange-correlation= PZ
                           (   1   1   0   0   0   0   0)

     celldm(1)=   5.286249  celldm(2)=   0.000000  celldm(3)=   0.000000
     celldm(4)=   0.000000  celldm(5)=   0.000000  celldm(6)=   0.000000

     crystal axes: (cart. coord. in units of alat)
               a(1) = (  -0.707107   0.000000   0.707107 )  
               a(2) = (   0.000000   0.707107   0.707107 )  
               a(3) = (  -0.707107   0.707107   0.000000 )  

     reciprocal axes: (cart. coord. in units 2 pi/alat)
               b(1) = ( -0.707107 -0.707107  0.707107 )  
               b(2) = (  0.707107  0.707107  0.707107 )  
               b(3) = ( -0.707107  0.707107 -0.707107 )  


     PseudoPot. # 1 for Al read from file:
     <工作目录>/pseudo/Al.pz-vbc.UPF
     MD5 check sum: f06ceae8da0fe5c02c98e3688433298c
     Pseudo is Norm-conserving, Zval =  3.0
     Generated by new atomic code, or converted to UPF format
     Using radial grid of  171 points,  2 beta functions with: 
                l(1) =   0
                l(2) =   1

     atomic species   valence    mass     pseudopotential
     Al                3.00    26.98154     Al( 1.00)

     48 Sym. Ops., with inversion, found



   Cartesian axes

     site n.     atom                  positions (alat units)
         1        Al     tau(   1) = (   0.0000000   0.0000000   0.0000000  )

     number of k points=   698  Marzari-Vanderbilt smearing, width (Ry)=  0.0200

     Number of k-points >= 100: set verbosity='high' to print them.

     Dense  grid:     3527 G-vectors     FFT dimensions: (  24,  24,  24)

     Estimated max dynamical RAM per process >       0.34 MB

     Estimated total dynamical RAM >       2.75 MB

     The potential is recalculated from file :
     ./tmp/_ph0/al.q_7/al.save/charge-density

     Starting wfcs are    4 atomic +    2 random wfcs

     Band Structure Calculation
     Davidson diagonalization with overlap

     ethr =  3.33E-10,  avg # of iterations = 14.5

     total cpu time spent up to now is       62.6 secs

     End of band structure calculation

     Number of k-points >= 100: set verbosity='high' to print the bands.

     the Fermi energy is     8.4122 ev

     Writing config to output data dir ./tmp/_ph0/al.q_7/al.save/ :
     XML data file

     default                                                                    

     bravais-lattice index     =            0
     lattice parameter (alat)  =       5.2862  a.u.
     unit-cell volume          =     104.4547 (a.u.)^3
     number of atoms/cell      =            1
     number of atomic types    =            1
     kinetic-energy cut-off    =      40.0000  Ry
     charge density cut-off    =     160.0000  Ry
     convergence threshold     =      1.0E-14
     beta                      =       0.7000
     number of iterations used =            4
     Exchange-correlation= PZ
                           (   1   1   0   0   0   0   0)


     celldm(1)=    5.28625  celldm(2)=    0.00000  celldm(3)=    0.00000
     celldm(4)=    0.00000  celldm(5)=    0.00000  celldm(6)=    0.00000

     crystal axes: (cart. coord. in units of alat)
               a(1) = ( -0.7071  0.0000  0.7071 )  
               a(2) = (  0.0000  0.7071  0.7071 )  
               a(3) = ( -0.7071  0.7071  0.0000 )  

     reciprocal axes: (cart. coord. in units 2 pi/alat)
               b(1) = ( -0.7071 -0.7071  0.7071 )  
               b(2) = (  0.7071  0.7071  0.7071 )  
               b(3) = ( -0.7071  0.7071 -0.7071 )  


     Atoms inside the unit cell: 

     Cartesian axes

     site n.  atom      mass           positions (alat units)
        1  Al     26.9815   tau(    1) = (    0.00000    0.00000    0.00000  )

     Computing dynamical matrix for 
                    q = (   0.0000000  -0.7071068   0.0000000 )
 
     17 Sym.Ops. (with q -> -q+G )


     G cutoff =  113.2545  (    441 G-vectors)     FFT grid: ( 24, 24, 24)

     number of k points=   698  Marzari-Vanderbilt smearing, width (Ry)=  0.0200

     PseudoPot. # 1 for Al read from file:
     <工作目录>/pseudo/Al.pz-vbc.UPF
     MD5 check sum: f06ceae8da0fe5c02c98e3688433298c
     Pseudo is Norm-conserving, Zval =  3.0
     Generated by new atomic code, or converted to UPF format
     Using radial grid of  171 points,  2 beta functions with: 
                l(1) =   0
                l(2) =   1

     Mode symmetry, D_4h(4/mmm) point group:


     Atomic displacements:
     There are    2 irreducible representations

     Representation     1      1 modes -  To be done

     Representation     2      2 modes -  To be done



     Alpha used in Ewald sum =   1.8000
     PHONON       :   4m52.97s CPU   5m21.24s WALL



     Representation #   1 mode #   1

     Self-consistent Calculation

      iter #   1 total cpu time :   321.6 secs   av.it.:   4.2
      thresh= 1.000E-02 alpha_mix =  0.700 |ddv_scf|^2 =  1.834E-05

      iter #   2 total cpu time :   322.0 secs   av.it.:   6.0
      thresh= 4.282E-04 alpha_mix =  0.700 |ddv_scf|^2 =  7.886E-06

      iter #   3 total cpu time :   322.4 secs   av.it.:   5.7
      thresh= 2.808E-04 alpha_mix =  0.700 |ddv_scf|^2 =  1.449E-09

      iter #   4 total cpu time :   322.8 secs   av.it.:   5.8
      thresh= 3.806E-06 alpha_mix =  0.700 |ddv_scf|^2 =  8.106E-12

      iter #   5 total cpu time :   323.1 secs   av.it.:   5.7
      thresh= 2.847E-07 alpha_mix =  0.700 |ddv_scf|^2 =  8.306E-16

     End of self-consistent calculation

     Convergence has been achieved 


     Representation #   2 modes #   2   3

     Self-consistent Calculation

      iter #   1 total cpu time :   324.0 secs   av.it.:   3.7
      thresh= 1.000E-02 alpha_mix =  0.700 |ddv_scf|^2 =  7.284E-08

      iter #   2 total cpu time :   324.8 secs   av.it.:   6.5
      thresh= 2.699E-05 alpha_mix =  0.700 |ddv_scf|^2 =  1.042E-09

      iter #   3 total cpu time :   325.6 secs   av.it.:   6.1
      thresh= 3.228E-06 alpha_mix =  0.700 |ddv_scf|^2 =  1.050E-10

      iter #   4 total cpu time :   326.4 secs   av.it.:   6.0
      thresh= 1.025E-06 alpha_mix =  0.700 |ddv_scf|^2 =  3.043E-15

     End of self-consistent calculation

     Convergence has been achieved 
 
     Number of q in the star =    3
     List of q in the star:
          1   0.000000000  -0.707106781   0.000000000
          2  -0.707106781   0.000000000   0.000000000
          3   0.000000000   0.000000000  -0.707106781

     Diagonalizing the dynamical matrix

     q = (    0.000000000  -0.707106781   0.000000000 ) 

 **************************************************************************
     freq (    1) =       6.357109 [THz] =     212.050339 [cm-1]
     freq (    2) =       6.357109 [THz] =     212.050339 [cm-1]
     freq (    3) =       9.841475 [THz] =     328.276276 [cm-1]
 **************************************************************************

     Mode symmetry, D_4h(4/mmm) point group:

     freq (   1-   2) =        212.1  [cm-1]   --> E_u  X_5' M_5'     
     freq (   3-   3) =        328.3  [cm-1]   --> A_2u X_4' M_4'     
     Electron-phonon interaction  ...

     Gaussian Broadening:   0.005 Ry, ngauss=   0
     DOS =  2.518161 states/spin/Ry/Unit Cell at Ef=  8.373640 eV
     lambda(    1)=  0.2664   gamma=   25.89 GHz
     lambda(    2)=  0.2974   gamma=   28.90 GHz
     lambda(    3)=  0.0850   gamma=   19.79 GHz
     Gaussian Broadening:   0.010 Ry, ngauss=   0
     DOS =  2.624685 states/spin/Ry/Unit Cell at Ef=  8.377216 eV
     lambda(    1)=  0.1528   gamma=   15.48 GHz
     lambda(    2)=  0.1643   gamma=   16.64 GHz
     lambda(    3)=  0.1388   gamma=   33.70 GHz
     Gaussian Broadening:   0.015 Ry, ngauss=   0
     DOS =  2.647439 states/spin/Ry/Unit Cell at Ef=  8.379158 eV
     lambda(    1)=  0.1328   gamma=   13.56 GHz
     lambda(    2)=  0.1403   gamma=   14.34 GHz
     lambda(    3)=  0.1334   gamma=   32.67 GHz
     Gaussian Broadening:   0.020 Ry, ngauss=   0
     DOS =  2.646097 states/spin/Ry/Unit Cell at Ef=  8.379914 eV
     lambda(    1)=  0.1230   gamma=   12.56 GHz
     lambda(    2)=  0.1290   gamma=   13.17 GHz
     lambda(    3)=  0.1385   gamma=   33.90 GHz
     Gaussian Broadening:   0.025 Ry, ngauss=   0
     DOS =  2.643523 states/spin/Ry/Unit Cell at Ef=  8.379582 eV
     lambda(    1)=  0.1158   gamma=   11.82 GHz
     lambda(    2)=  0.1210   gamma=   12.35 GHz
     lambda(    3)=  0.1412   gamma=   34.53 GHz
     Gaussian Broadening:   0.030 Ry, ngauss=   0
     DOS =  2.643829 states/spin/Ry/Unit Cell at Ef=  8.378390 eV
     lambda(    1)=  0.1115   gamma=   11.37 GHz
     lambda(    2)=  0.1159   gamma=   11.82 GHz
     lambda(    3)=  0.1417   gamma=   34.64 GHz
     Gaussian Broadening:   0.035 Ry, ngauss=   0
     DOS =  2.645823 states/spin/Ry/Unit Cell at Ef=  8.376691 eV
     lambda(    1)=  0.1092   gamma=   11.15 GHz
     lambda(    2)=  0.1129   gamma=   11.53 GHz
     lambda(    3)=  0.1417   gamma=   34.67 GHz
     Gaussian Broadening:   0.040 Ry, ngauss=   0
     DOS =  2.648339 states/spin/Ry/Unit Cell at Ef=  8.374776 eV
     lambda(    1)=  0.1079   gamma=   11.03 GHz
     lambda(    2)=  0.1111   gamma=   11.36 GHz
     lambda(    3)=  0.1419   gamma=   34.77 GHz
     Gaussian Broadening:   0.045 Ry, ngauss=   0
     DOS =  2.650827 states/spin/Ry/Unit Cell at Ef=  8.372817 eV
     lambda(    1)=  0.1070   gamma=   10.94 GHz
     lambda(    2)=  0.1097   gamma=   11.22 GHz
     lambda(    3)=  0.1425   gamma=   34.94 GHz
     Gaussian Broadening:   0.050 Ry, ngauss=   0
     DOS =  2.653067 states/spin/Ry/Unit Cell at Ef=  8.370889 eV
     lambda(    1)=  0.1062   gamma=   10.87 GHz
     lambda(    2)=  0.1085   gamma=   11.11 GHz
     lambda(    3)=  0.1433   gamma=   35.17 GHz
 
 
     Number of q in the star =    3
     List of q in the star:
          1   0.000000000  -0.707106781   0.000000000
          2  -0.707106781   0.000000000   0.000000000
          3   0.000000000   0.000000000  -0.707106781

     Calculation of q =   -0.3535534  -0.7071068   0.0000000
 
     Parallelization info
     --------------------
     sticks:   dense  smooth     PW     G-vecs:    dense   smooth      PW
     Min          38      38     15                  440      440     117
     Max          40      40     16                  441      441     121
     Sum         313     313    121                 3527     3527     941
 
     Using Slab Decomposition
 

     Title: 
     default                                                                    


     bravais-lattice index     =            0
     lattice parameter (alat)  =       5.2862  a.u.
     unit-cell volume          =     104.4547 (a.u.)^3
     number of atoms/cell      =            1
     number of atomic types    =            1
     number of electrons       =         3.00
     number of Kohn-Sham states=            6
     kinetic-energy cutoff     =      40.0000  Ry
     charge density cutoff     =     160.0000  Ry
     Exchange-correlation= PZ
                           (   1   1   0   0   0   0   0)

     celldm(1)=   5.286249  celldm(2)=   0.000000  celldm(3)=   0.000000
     celldm(4)=   0.000000  celldm(5)=   0.000000  celldm(6)=   0.000000

     crystal axes: (cart. coord. in units of alat)
               a(1) = (  -0.707107   0.000000   0.707107 )  
               a(2) = (   0.000000   0.707107   0.707107 )  
               a(3) = (  -0.707107   0.707107   0.000000 )  

     reciprocal axes: (cart. coord. in units 2 pi/alat)
               b(1) = ( -0.707107 -0.707107  0.707107 )  
               b(2) = (  0.707107  0.707107  0.707107 )  
               b(3) = ( -0.707107  0.707107 -0.707107 )  


     PseudoPot. # 1 for Al read from file:
     <工作目录>/pseudo/Al.pz-vbc.UPF
     MD5 check sum: f06ceae8da0fe5c02c98e3688433298c
     Pseudo is Norm-conserving, Zval =  3.0
     Generated by new atomic code, or converted to UPF format
     Using radial grid of  171 points,  2 beta functions with: 
                l(1) =   0
                l(2) =   1

     atomic species   valence    mass     pseudopotential
     Al                3.00    26.98154     Al( 1.00)

     48 Sym. Ops., with inversion, found



   Cartesian axes

     site n.     atom                  positions (alat units)
         1        Al     tau(   1) = (   0.0000000   0.0000000   0.0000000  )

     number of k points=  1178  Marzari-Vanderbilt smearing, width (Ry)=  0.0200

     Number of k-points >= 100: set verbosity='high' to print them.

     Dense  grid:     3527 G-vectors     FFT dimensions: (  24,  24,  24)

     Estimated max dynamical RAM per process >       0.34 MB

     Estimated total dynamical RAM >       2.75 MB

     The potential is recalculated from file :
     ./tmp/_ph0/al.q_8/al.save/charge-density

     Starting wfcs are    4 atomic +    2 random wfcs

     Band Structure Calculation
     Davidson diagonalization with overlap

     ethr =  3.33E-10,  avg # of iterations = 14.5

     total cpu time spent up to now is       69.2 secs

     End of band structure calculation

     Number of k-points >= 100: set verbosity='high' to print the bands.

     the Fermi energy is     8.4122 ev

     Writing config to output data dir ./tmp/_ph0/al.q_8/al.save/ :
     XML data file

     default                                                                    

     bravais-lattice index     =            0
     lattice parameter (alat)  =       5.2862  a.u.
     unit-cell volume          =     104.4547 (a.u.)^3
     number of atoms/cell      =            1
     number of atomic types    =            1
     kinetic-energy cut-off    =      40.0000  Ry
     charge density cut-off    =     160.0000  Ry
     convergence threshold     =      1.0E-14
     beta                      =       0.7000
     number of iterations used =            4
     Exchange-correlation= PZ
                           (   1   1   0   0   0   0   0)


     celldm(1)=    5.28625  celldm(2)=    0.00000  celldm(3)=    0.00000
     celldm(4)=    0.00000  celldm(5)=    0.00000  celldm(6)=    0.00000

     crystal axes: (cart. coord. in units of alat)
               a(1) = ( -0.7071  0.0000  0.7071 )  
               a(2) = (  0.0000  0.7071  0.7071 )  
               a(3) = ( -0.7071  0.7071  0.0000 )  

     reciprocal axes: (cart. coord. in units 2 pi/alat)
               b(1) = ( -0.7071 -0.7071  0.7071 )  
               b(2) = (  0.7071  0.7071  0.7071 )  
               b(3) = ( -0.7071  0.7071 -0.7071 )  


     Atoms inside the unit cell: 

     Cartesian axes

     site n.  atom      mass           positions (alat units)
        1  Al     26.9815   tau(    1) = (    0.00000    0.00000    0.00000  )

     Computing dynamical matrix for 
                    q = (  -0.3535534  -0.7071068   0.0000000 )
 
      8 Sym.Ops. (no q -> -q+G )


     G cutoff =  113.2545  (    441 G-vectors)     FFT grid: ( 24, 24, 24)

     number of k points=  1178  Marzari-Vanderbilt smearing, width (Ry)=  0.0200

     PseudoPot. # 1 for Al read from file:
     <工作目录>/pseudo/Al.pz-vbc.UPF
     MD5 check sum: f06ceae8da0fe5c02c98e3688433298c
     Pseudo is Norm-conserving, Zval =  3.0
     Generated by new atomic code, or converted to UPF format
     Using radial grid of  171 points,  2 beta functions with: 
                l(1) =   0
                l(2) =   1

     Mode symmetry, D_2d (-42m) point group:


     Atomic displacements:
     There are    2 irreducible representations

     Representation     1      1 modes -  To be done

     Representation     2      2 modes -  To be done



     Alpha used in Ewald sum =   1.8000
     PHONON       :   5m28.80s CPU   5m58.88s WALL



     Representation #   1 mode #   1

     Self-consistent Calculation

      iter #   1 total cpu time :   359.5 secs   av.it.:   4.0
      thresh= 1.000E-02 alpha_mix =  0.700 |ddv_scf|^2 =  2.076E-06

      iter #   2 total cpu time :   360.2 secs   av.it.:   6.3
      thresh= 1.441E-04 alpha_mix =  0.700 |ddv_scf|^2 =  2.495E-07

      iter #   3 total cpu time :   360.9 secs   av.it.:   6.2
      thresh= 4.995E-05 alpha_mix =  0.700 |ddv_scf|^2 =  9.972E-10

      iter #   4 total cpu time :   361.5 secs   av.it.:   6.0
      thresh= 3.158E-06 alpha_mix =  0.700 |ddv_scf|^2 =  2.380E-12

      iter #   5 total cpu time :   362.2 secs   av.it.:   6.3
      thresh= 1.543E-07 alpha_mix =  0.700 |ddv_scf|^2 =  6.140E-15

     End of self-consistent calculation

     Convergence has been achieved 


     Representation #   2 modes #   2   3

     Self-consistent Calculation

      iter #   1 total cpu time :   363.8 secs   av.it.:   4.3
      thresh= 1.000E-02 alpha_mix =  0.700 |ddv_scf|^2 =  1.164E-06

      iter #   2 total cpu time :   365.2 secs   av.it.:   6.9
      thresh= 1.079E-04 alpha_mix =  0.700 |ddv_scf|^2 =  1.890E-07

      iter #   3 total cpu time :   366.5 secs   av.it.:   6.6
      thresh= 4.347E-05 alpha_mix =  0.700 |ddv_scf|^2 =  2.682E-10

      iter #   4 total cpu time :   367.9 secs   av.it.:   6.5
      thresh= 1.638E-06 alpha_mix =  0.700 |ddv_scf|^2 =  2.670E-13

      iter #   5 total cpu time :   369.3 secs   av.it.:   6.8
      thresh= 5.167E-08 alpha_mix =  0.700 |ddv_scf|^2 =  5.017E-16

     End of self-consistent calculation

     Convergence has been achieved 
 
     Number of q in the star =    6
     List of q in the star:
          1  -0.353553391  -0.707106781   0.000000000
          2   0.000000000   0.707106781   0.353553391
          3   0.000000000  -0.707106781  -0.353553391
          4   0.353553391   0.707106781   0.000000000
          5  -0.707106781  -0.353553391   0.000000000
          6   0.000000000  -0.353553391  -0.707106781

     Diagonalizing the dynamical matrix

     q = (   -0.353553391  -0.707106781   0.000000000 ) 

 **************************************************************************
     freq (    1) =       6.886222 [THz] =     229.699642 [cm-1]
     freq (    2) =       8.438269 [THz] =     281.470352 [cm-1]
     freq (    3) =       8.438269 [THz] =     281.470352 [cm-1]
 **************************************************************************

     Mode symmetry, D_2d (-42m) point group:

     freq (   1-   1) =        229.7  [cm-1]   --> B_2  X_3  W_2      
     freq (   2-   3) =        281.5  [cm-1]   --> E    X_5  W_3      
     Electron-phonon interaction  ...

     Gaussian Broadening:   0.005 Ry, ngauss=   0
     DOS =  2.518161 states/spin/Ry/Unit Cell at Ef=  8.373640 eV
     lambda(    1)=  0.0795   gamma=    9.06 GHz
     lambda(    2)=  0.2410   gamma=   41.27 GHz
     lambda(    3)=  0.2410   gamma=   41.27 GHz
     Gaussian Broadening:   0.010 Ry, ngauss=   0
     DOS =  2.624685 states/spin/Ry/Unit Cell at Ef=  8.377216 eV
     lambda(    1)=  0.0793   gamma=    9.43 GHz
     lambda(    2)=  0.2121   gamma=   37.85 GHz
     lambda(    3)=  0.2121   gamma=   37.85 GHz
     Gaussian Broadening:   0.015 Ry, ngauss=   0
     DOS =  2.647439 states/spin/Ry/Unit Cell at Ef=  8.379158 eV
     lambda(    1)=  0.0799   gamma=    9.57 GHz
     lambda(    2)=  0.2051   gamma=   36.92 GHz
     lambda(    3)=  0.2051   gamma=   36.92 GHz
     Gaussian Broadening:   0.020 Ry, ngauss=   0
     DOS =  2.646097 states/spin/Ry/Unit Cell at Ef=  8.379914 eV
     lambda(    1)=  0.0811   gamma=    9.71 GHz
     lambda(    2)=  0.1976   gamma=   35.56 GHz
     lambda(    3)=  0.1976   gamma=   35.56 GHz
     Gaussian Broadening:   0.025 Ry, ngauss=   0
     DOS =  2.643523 states/spin/Ry/Unit Cell at Ef=  8.379582 eV
     lambda(    1)=  0.0807   gamma=    9.66 GHz
     lambda(    2)=  0.1887   gamma=   33.93 GHz
     lambda(    3)=  0.1887   gamma=   33.92 GHz
     Gaussian Broadening:   0.030 Ry, ngauss=   0
     DOS =  2.643829 states/spin/Ry/Unit Cell at Ef=  8.378390 eV
     lambda(    1)=  0.0797   gamma=    9.54 GHz
     lambda(    2)=  0.1815   gamma=   32.62 GHz
     lambda(    3)=  0.1814   gamma=   32.62 GHz
     Gaussian Broadening:   0.035 Ry, ngauss=   0
     DOS =  2.645823 states/spin/Ry/Unit Cell at Ef=  8.376691 eV
     lambda(    1)=  0.0786   gamma=    9.42 GHz
     lambda(    2)=  0.1763   gamma=   31.71 GHz
     lambda(    3)=  0.1763   gamma=   31.71 GHz
     Gaussian Broadening:   0.040 Ry, ngauss=   0
     DOS =  2.648339 states/spin/Ry/Unit Cell at Ef=  8.374776 eV
     lambda(    1)=  0.0778   gamma=    9.34 GHz
     lambda(    2)=  0.1727   gamma=   31.10 GHz
     lambda(    3)=  0.1727   gamma=   31.10 GHz
     Gaussian Broadening:   0.045 Ry, ngauss=   0
     DOS =  2.650827 states/spin/Ry/Unit Cell at Ef=  8.372817 eV
     lambda(    1)=  0.0773   gamma=    9.28 GHz
     lambda(    2)=  0.1703   gamma=   30.69 GHz
     lambda(    3)=  0.1703   gamma=   30.69 GHz
     Gaussian Broadening:   0.050 Ry, ngauss=   0
     DOS =  2.653067 states/spin/Ry/Unit Cell at Ef=  8.370889 eV
     lambda(    1)=  0.0770   gamma=    9.24 GHz
     lambda(    2)=  0.1685   gamma=   30.39 GHz
     lambda(    3)=  0.1684   gamma=   30.39 GHz
 
 
     Number of q in the star =    6
     List of q in the star:
          1  -0.353553391  -0.707106781   0.000000000
          2   0.000000000   0.707106781   0.353553391
          3   0.000000000  -0.707106781  -0.353553391
          4   0.353553391   0.707106781   0.000000000
          5  -0.707106781  -0.353553391   0.000000000
          6   0.000000000  -0.353553391  -0.707106781
 
     init_run     :      0.05s CPU      0.07s WALL (       7 calls)
     electrons    :     60.51s CPU     68.60s WALL (       7 calls)

     Called by init_run:
     wfcinit      :      0.00s CPU      0.00s WALL (       7 calls)
     potinit      :      0.00s CPU      0.00s WALL (       7 calls)
     hinit0       :      0.00s CPU      0.00s WALL (       7 calls)

     Called by electrons:
     c_bands      :     60.39s CPU     68.48s WALL (       7 calls)
     v_of_rho     :      0.00s CPU      0.00s WALL (       8 calls)

     Called by c_bands:
     init_us_2    :      0.87s CPU      1.08s WALL (  162616 calls)
     cegterg      :     55.82s CPU     63.04s WALL (   13291 calls)

     Called by *egterg:
     cdiaghg      :      9.75s CPU     10.97s WALL (  192500 calls)
     h_psi        :     90.77s CPU    107.95s WALL (  859163 calls)
     g_psi        :      0.38s CPU      0.42s WALL (  180190 calls)

     Called by h_psi:
     h_psi:calbec :      5.28s CPU      6.36s WALL (  859163 calls)
     vloc_psi     :     77.57s CPU     92.01s WALL (  859163 calls)
                                        0.00s GPU  (  859163 calls)
     add_vuspsi   :      2.00s CPU      2.47s WALL (  859163 calls)

     General routines
     calbec       :      4.00s CPU      4.93s WALL (  997908 calls)
     fft          :      0.02s CPU      0.02s WALL (     413 calls)
     ffts         :      0.49s CPU      0.57s WALL (   19189 calls)
     fftw         :     87.11s CPU    104.01s WALL ( 4857972 calls)
     davcio       :      3.16s CPU      4.57s WALL (  607369 calls)
 
     Parallel routines
 
     PHONON       :   6m 3.20s CPU   6m35.37s WALL

     INITIALIZATION: 
     phq_setup    :      0.01s CPU      0.01s WALL (       8 calls)
     phq_init     :      0.50s CPU      0.67s WALL (       8 calls)
 
     phq_init     :      0.50s CPU      0.67s WALL (       8 calls)
     init_vloc    :      0.00s CPU      0.00s WALL (       8 calls)
     init_us_1    :      0.00s CPU      0.00s WALL (       8 calls)
     init_us_2    :      0.87s CPU      1.08s WALL (  162616 calls)
 
     DYNAMICAL MATRIX:
     dynmat0      :      0.28s CPU      0.38s WALL (       8 calls)
     dynmat_us    :      0.28s CPU      0.36s WALL (       8 calls)
     d2ionq       :      0.00s CPU      0.00s WALL (       8 calls)
     phqscf       :     97.82s CPU    121.37s WALL (       8 calls)
     dynmatrix    :      0.00s CPU      0.01s WALL (       8 calls)
 
     phqscf       :     97.82s CPU    121.37s WALL (       8 calls)
     solve_linter :     97.21s CPU    120.57s WALL (      17 calls)
     dfpt_kernel  :     84.71s CPU    105.31s WALL (      17 calls)
     sth_kernel   :     84.15s CPU    104.70s WALL (      90 calls)
     h_prec       :      0.37s CPU      0.47s WALL (   90188 calls)
     apply_dpot_b :     11.76s CPU     14.35s WALL (  103213 calls)
     ortho        :      1.06s CPU      1.32s WALL (  103213 calls)
     cgsolve      :     64.60s CPU     79.95s WALL (  103213 calls)
     incdrhoscf   :      7.45s CPU      9.25s WALL (  103213 calls)
                                        0.00s GPU  (  103213 calls)
     vpsifft      :      5.26s CPU      6.28s WALL (   18900 calls)
     dv_of_drho   :      0.02s CPU      0.02s WALL (     119 calls)
     mix_pot      :      0.02s CPU      0.02s WALL (      90 calls)
     ef_shift     :      0.00s CPU      0.00s WALL (       4 calls)
     ef_shift_wfc :      0.00s CPU      0.01s WALL (       1 calls)
     localdos     :      0.01s CPU      0.01s WALL (       1 calls)
     drhodv       :      0.60s CPU      0.79s WALL (      17 calls)
     psymdvscf    :      0.49s CPU      0.51s WALL (      90 calls)
     com_dvloc    :      0.60s CPU      0.70s WALL (   18951 calls)
                                        0.00s GPU  (   18951 calls)
     addcore      :      0.00s CPU      0.00s WALL (      24 calls)
                                        0.00s GPU  (      24 calls)
 
     dvqpsi_us    :      5.64s CPU      6.49s WALL (   18900 calls)
                                        0.00s GPU  (   18900 calls)
     dvqpsi_us_on :      0.24s CPU      0.27s WALL (   18900 calls)
 
     add_vuspsi   :      2.00s CPU      2.47s WALL (  859163 calls)
 
 
      Electron-phonon coupling
     elphel       :      6.47s CPU      8.29s WALL (      17 calls)
     elphsum      :    203.92s CPU    203.99s WALL (       8 calls)
 
      General routines
     calbec       :      4.00s CPU      4.93s WALL (  997908 calls)
     fft          :      0.02s CPU      0.02s WALL (     413 calls)
     ffts         :      0.49s CPU      0.57s WALL (   19189 calls)
     fftw         :     87.11s CPU    104.01s WALL ( 4857972 calls)
     davcio       :      3.16s CPU      4.57s WALL (  607369 calls)
     write_rec    :      0.02s CPU      0.03s WALL (     107 calls)
 
      Additional routines
     ch_psi       :     61.45s CPU     75.96s WALL (  653372 calls)
     last         :      6.62s CPU      8.25s WALL (  653372 calls)
     Hesh         :      0.78s CPU      0.98s WALL (  653372 calls)
     ch_psi_all_k :      3.65s CPU      4.54s WALL (  653372 calls)
                                        0.00s GPU  (  653372 calls)
     h_psi_bgrp   :     92.62s CPU    110.16s WALL (  859163 calls)
     h_psi        :     90.77s CPU    107.95s WALL (  859163 calls)
     h_psi:pot    :     88.67s CPU    105.39s WALL (  859163 calls)
     h_psi:calbec :      5.28s CPU      6.36s WALL (  859163 calls)
     s_psi_bgrp   :      1.64s CPU      1.96s WALL ( 1409957 calls)
 
 
     PHONON       :   6m 3.20s CPU   6m35.37s WALL

 
   This run was terminated on:  22:14:10  22Sep2026            

=------------------------------------------------------------------------------=
   JOB DONE.
=------------------------------------------------------------------------------=
