           1
 (6.224187560128325E-003,0.000000000000000E+000)
 (1.178576947092551E-003,0.000000000000000E+000)
 (7.306150556399528E-004,0.000000000000000E+000)
 (1.038321794297371E-003,0.000000000000000E+000)
 (-6.188144915954680E-003,0.000000000000000E+000)
 (1.136707136439854E-003,0.000000000000000E+000)
 (-9.190918513580983E-004,0.000000000000000E+000)
 (9.905410856336082E-004,0.000000000000000E+000)
 (6.231970096995082E-003,0.000000000000000E+000)
           2
 (2.612325319430146E-003,0.000000000000000E+000)
 (4.503849272312664E-003,0.000000000000000E+000)
 (3.681636989323478E-003,0.000000000000000E+000)
 (5.206610544359920E-003,0.000000000000000E+000)
 (-1.041545342298734E-005,0.000000000000000E+000)
 (-3.681636989314953E-003,0.000000000000000E+000)
 (2.594285224917698E-003,0.000000000000000E+000)
 (-4.514264725735594E-003,0.000000000000000E+000)
 (3.681636989323505E-003,0.000000000000000E+000)
           3
 (2.603271079941456E-003,0.000000000000000E+000)
 (4.509088768985091E-003,0.000000000000000E+000)
 (3.681636989323489E-003,0.000000000000000E+000)
 (5.206620961836952E-003,0.000000000000000E+000)
 (4.549632241048767E-008,0.000000000000000E+000)
 (-3.681636989314955E-003,0.000000000000000E+000)
 (2.603349881883428E-003,0.000000000000000E+000)
 (-4.509043272662679E-003,0.000000000000000E+000)
 (3.681636989323491E-003,0.000000000000000E+000)
           4
 (2.602938236288068E-003,0.000000000000000E+000)
 (4.509280916101440E-003,0.000000000000000E+000)
 (3.681636989323484E-003,0.000000000000000E+000)
 (5.206620944294269E-003,0.000000000000000E+000)
 (4.298209399153400E-007,0.000000000000000E+000)
 (-3.681636989314967E-003,0.000000000000000E+000)
 (2.603682707994157E-003,0.000000000000000E+000)
 (-4.508851095161526E-003,0.000000000000000E+000)
 (3.681636989323485E-003,0.000000000000000E+000)
           5
 (2.602906358308779E-003,0.000000000000000E+000)
 (4.509299317202494E-003,0.000000000000000E+000)
 (3.681636989323475E-003,0.000000000000000E+000)
 (5.206620941125573E-003,0.000000000000000E+000)
 (4.666286303396609E-007,0.000000000000000E+000)
 (-3.681636989314987E-003,0.000000000000000E+000)
 (2.603714582804792E-003,0.000000000000000E+000)
 (-4.508832688572155E-003,0.000000000000000E+000)
 (3.681636989323475E-003,0.000000000000000E+000)
           6
 (2.604184843975380E-003,0.000000000000000E+000)
 (4.508561094257917E-003,0.000000000000000E+000)
 (3.681636989323465E-003,0.000000000000000E+000)
 (5.206620864135194E-003,0.000000000000000E+000)
 (-1.009683907593511E-006,0.000000000000000E+000)
 (-3.681636989315002E-003,0.000000000000000E+000)
 (2.602436020147847E-003,0.000000000000000E+000)
 (-4.509570778165504E-003,0.000000000000000E+000)
 (3.681636989323468E-003,0.000000000000000E+000)
           7
 (2.603184698935571E-003,0.000000000000000E+000)
 (4.509138638972526E-003,0.000000000000000E+000)
 (3.681636989323456E-003,0.000000000000000E+000)
 (5.206620960009946E-003,0.000000000000000E+000)
 (1.452394616682528E-007,0.000000000000000E+000)
 (-3.681636989315023E-003,0.000000000000000E+000)
 (2.603436261062446E-003,0.000000000000000E+000)
 (-4.508993399510856E-003,0.000000000000000E+000)
 (3.681636989323457E-003,0.000000000000000E+000)
           8
 (2.603072438443013E-003,0.000000000000000E+000)
 (4.509203446559679E-003,0.000000000000000E+000)
 (3.681636989323448E-003,0.000000000000000E+000)
 (5.206620954780479E-003,0.000000000000000E+000)
 (2.748636936542241E-007,0.000000000000000E+000)
 (-3.681636989315042E-003,0.000000000000000E+000)
 (2.603548516325579E-003,0.000000000000000E+000)
 (-4.508928582866026E-003,0.000000000000000E+000)
 (3.681636989323448E-003,0.000000000000000E+000)
           9
 (2.603326208179911E-003,0.000000000000000E+000)
 (4.509056940874778E-003,0.000000000000000E+000)
 (3.681636989323438E-003,0.000000000000000E+000)
 (5.206620962003985E-003,0.000000000000000E+000)
 (-1.816018765006337E-008,0.000000000000000E+000)
 (-3.681636989315059E-003,0.000000000000000E+000)
 (2.603294753812224E-003,0.000000000000000E+000)
 (-4.509075101062428E-003,0.000000000000000E+000)
 (3.681636989323438E-003,0.000000000000000E+000)
          10
 (2.603435043631624E-003,0.000000000000000E+000)
 (4.508994102439950E-003,0.000000000000000E+000)
 (3.681636989323431E-003,0.000000000000000E+000)
 (5.206620960048932E-003,0.000000000000000E+000)
 (-1.438336710723694E-007,0.000000000000000E+000)
 (-3.681636989315074E-003,0.000000000000000E+000)
 (2.603185916405489E-003,0.000000000000000E+000)
 (-4.509137936111022E-003,0.000000000000000E+000)
 (3.681636989323432E-003,0.000000000000000E+000)
          11
 (2.603195623613213E-003,0.000000000000000E+000)
 (4.509132331995648E-003,0.000000000000000E+000)
 (3.681636989323426E-003,0.000000000000000E+000)
 (5.206620960346502E-003,0.000000000000000E+000)
 (1.326249249033705E-007,0.000000000000000E+000)
 (-3.681636989315086E-003,0.000000000000000E+000)
 (2.603425336721496E-003,0.000000000000000E+000)
 (-4.508999707070745E-003,0.000000000000000E+000)
 (3.681636989323425E-003,0.000000000000000E+000)
          12
 (2.603602825474740E-003,0.000000000000000E+000)
 (4.508897223205190E-003,0.000000000000000E+000)
 (3.681636989323420E-003,0.000000000000000E+000)
 (5.206620951092067E-003,0.000000000000000E+000)
 (-3.375766268737235E-007,0.000000000000000E+000)
 (-3.681636989315092E-003,0.000000000000000E+000)
 (2.603018125605549E-003,0.000000000000000E+000)
 (-4.509234799832062E-003,0.000000000000000E+000)
 (3.681636989323423E-003,0.000000000000000E+000)
          13
 (2.602908898209487E-003,0.000000000000000E+000)
 (4.509297851092719E-003,0.000000000000000E+000)
 (3.681636989323420E-003,0.000000000000000E+000)
 (5.206620941387504E-003,0.000000000000000E+000)
 (4.636959569810789E-007,0.000000000000000E+000)
 (-3.681636989315095E-003,0.000000000000000E+000)
 (2.603712043166242E-003,0.000000000000000E+000)
 (-4.508834155135738E-003,0.000000000000000E+000)
 (3.681636989323421E-003,0.000000000000000E+000)
          14
 (-6.376782313889371E-003,0.000000000000000E+000)
 (2.909805546984129E-007,0.000000000000000E+000)
 (4.244651177884757E-018,0.000000000000000E+000)
 (-4.332950630514442E-018,0.000000000000000E+000)
 (4.299330767689986E-018,0.000000000000000E+000)
 (-6.376782320528273E-003,0.000000000000000E+000)
 (2.909805546984129E-007,0.000000000000000E+000)
 (6.376782313889371E-003,0.000000000000000E+000)
 (4.299133045256099E-018,0.000000000000000E+000)
          15
 (4.509066021142568E-003,0.000000000000000E+000)
 (-4.074819068178998E-003,0.000000000000000E+000)
 (1.930680175996103E-003,0.000000000000000E+000)
 (9.720762753809114E-014,0.000000000000000E+000)
 (-2.730394089499449E-003,0.000000000000000E+000)
 (-5.762664390664134E-003,0.000000000000000E+000)
 (-4.509066020849496E-003,0.000000000000000E+000)
 (-4.074819068502707E-003,0.000000000000000E+000)
 (1.930680175997357E-003,0.000000000000000E+000)
          16
 (4.509066021031253E-003,0.000000000000000E+000)
 (-3.638187458611028E-003,0.000000000000000E+000)
 (2.663694501512657E-003,0.000000000000000E+000)
 (3.575432051714365E-014,0.000000000000000E+000)
 (-3.767032890058417E-003,0.000000000000000E+000)
 (-5.145174046484734E-003,0.000000000000000E+000)
 (-4.509066020960807E-003,0.000000000000000E+000)
 (-3.638187458697738E-003,0.000000000000000E+000)
 (2.663694501513474E-003,0.000000000000000E+000)
          17
 (4.509066021012643E-003,0.000000000000000E+000)
 (-3.346740682693914E-003,0.000000000000000E+000)
 (3.021754984169410E-003,0.000000000000000E+000)
 (2.069526939586131E-014,0.000000000000000E+000)
 (-4.273406880781258E-003,0.000000000000000E+000)
 (-4.733006063242826E-003,0.000000000000000E+000)
 (-4.509066020979422E-003,0.000000000000000E+000)
 (-3.346740682738183E-003,0.000000000000000E+000)
 (3.021754984169949E-003,0.000000000000000E+000)
          18
 (4.509066021006460E-003,0.000000000000000E+000)
 (-3.145362048761726E-003,0.000000000000000E+000)
 (3.230847251699837E-003,0.000000000000000E+000)
 (1.475851287447005E-014,0.000000000000000E+000)
 (-4.569108001310019E-003,0.000000000000000E+000)
 (-4.448213667953318E-003,0.000000000000000E+000)
 (-4.509066020985604E-003,0.000000000000000E+000)
 (-3.145362048791228E-003,0.000000000000000E+000)
 (3.230847251700220E-003,0.000000000000000E+000)
          19
 (4.509066021003860E-003,0.000000000000000E+000)
 (-2.999582440058397E-003,0.000000000000000E+000)
 (3.366627625224345E-003,0.000000000000000E+000)
 (1.211835544071012E-014,0.000000000000000E+000)
 (-4.761130447052397E-003,0.000000000000000E+000)
 (-4.242050168203178E-003,0.000000000000000E+000)
 (-4.509066020988205E-003,0.000000000000000E+000)
 (-2.999582440081607E-003,0.000000000000000E+000)
 (3.366627625224633E-003,0.000000000000000E+000)
          20
 (4.509066021002468E-003,0.000000000000000E+000)
 (-2.890765319673064E-003,0.000000000000000E+000)
 (3.460513292593806E-003,0.000000000000000E+000)
 (1.064060716683291E-014,0.000000000000000E+000)
 (-4.893904831158699E-003,0.000000000000000E+000)
 (-4.088159520733442E-003,0.000000000000000E+000)
 (-4.509066020989593E-003,0.000000000000000E+000)
 (-2.890765319692864E-003,0.000000000000000E+000)
 (3.460513292594039E-003,0.000000000000000E+000)
          21
 (4.509066021001578E-003,0.000000000000000E+000)
 (-2.808027046917826E-003,0.000000000000000E+000)
 (3.527982495057043E-003,0.000000000000000E+000)
 (9.631589882910176E-015,0.000000000000000E+000)
 (-4.989320692324679E-003,0.000000000000000E+000)
 (-3.971149933274083E-003,0.000000000000000E+000)
 (-4.509066020990484E-003,0.000000000000000E+000)
 (-2.808027046935393E-003,0.000000000000000E+000)
 (3.527982495057239E-003,0.000000000000000E+000)
          22
 (-4.509066021000934E-003,0.000000000000000E+000)
 (2.744217851915257E-003,0.000000000000000E+000)
 (3.577840796190682E-003,0.000000000000000E+000)
 (-8.842576572584217E-015,0.000000000000000E+000)
 (5.059830977984736E-003,0.000000000000000E+000)
 (-3.880910104296155E-003,0.000000000000000E+000)
 (4.509066020991128E-003,0.000000000000000E+000)
 (2.744217851931147E-003,0.000000000000000E+000)
 (3.577840796190852E-003,0.000000000000000E+000)
          23
 (-4.509066021000278E-003,0.000000000000000E+000)
 (2.694019796781291E-003,0.000000000000000E+000)
 (3.615789501092835E-003,0.000000000000000E+000)
 (-7.874008866532145E-015,0.000000000000000E+000)
 (5.113498551131847E-003,0.000000000000000E+000)
 (-3.809919333919613E-003,0.000000000000000E+000)
 (4.509066020991785E-003,0.000000000000000E+000)
 (2.694019796795294E-003,0.000000000000000E+000)
 (3.615789501092993E-003,0.000000000000000E+000)
          24
 (-4.509066020999598E-003,0.000000000000000E+000)
 (2.653015212890673E-003,0.000000000000000E+000)
 (3.645982262962820E-003,0.000000000000000E+000)
 (-6.754586949361601E-015,0.000000000000000E+000)
 (5.156197564453871E-003,0.000000000000000E+000)
 (-3.751930095260564E-003,0.000000000000000E+000)
 (4.509066020992466E-003,0.000000000000000E+000)
 (2.653015212902593E-003,0.000000000000000E+000)
 (3.645982262962965E-003,0.000000000000000E+000)
          25
 (-4.509066020999095E-003,0.000000000000000E+000)
 (2.617203184568040E-003,0.000000000000000E+000)
 (3.671773940803044E-003,0.000000000000000E+000)
 (-5.896310536427593E-015,0.000000000000000E+000)
 (5.192672505051870E-003,0.000000000000000E+000)
 (-3.701284239109491E-003,0.000000000000000E+000)
 (4.509066020992972E-003,0.000000000000000E+000)
 (2.617203184578382E-003,0.000000000000000E+000)
 (3.671773940803187E-003,0.000000000000000E+000)
          26
 (-4.509066020998685E-003,0.000000000000000E+000)
 (2.582719954746065E-003,0.000000000000000E+000)
 (3.696110660820849E-003,0.000000000000000E+000)
 (-5.192737991488111E-015,0.000000000000000E+000)
 (5.227089824564730E-003,0.000000000000000E+000)
 (-3.652517587819917E-003,0.000000000000000E+000)
 (4.509066020993377E-003,0.000000000000000E+000)
 (2.582719954755124E-003,0.000000000000000E+000)
 (3.696110660820994E-003,0.000000000000000E+000)
          27
 (-4.509066020998437E-003,0.000000000000000E+000)
 (2.545635045976755E-003,0.000000000000000E+000)
 (3.721749399727795E-003,0.000000000000000E+000)
 (-4.783985699276573E-015,0.000000000000000E+000)
 (5.263348476849080E-003,0.000000000000000E+000)
 (-3.600071606878456E-003,0.000000000000000E+000)
 (4.509066020993624E-003,0.000000000000000E+000)
 (2.545635045985057E-003,0.000000000000000E+000)
 (3.721749399727948E-003,0.000000000000000E+000)
          28
 (-4.509066020998253E-003,0.000000000000000E+000)
 (2.501736340553563E-003,0.000000000000000E+000)
 (3.751398627716682E-003,0.000000000000000E+000)
 (-4.501045592188868E-015,0.000000000000000E+000)
 (5.305278817184866E-003,0.000000000000000E+000)
 (-3.537989462297975E-003,0.000000000000000E+000)
 (4.509066020993808E-003,0.000000000000000E+000)
 (2.501736340561325E-003,0.000000000000000E+000)
 (3.751398627716849E-003,0.000000000000000E+000)
          29
 (-4.509066020998131E-003,0.000000000000000E+000)
 (2.446214423039453E-003,0.000000000000000E+000)
 (3.787837295633987E-003,0.000000000000000E+000)
 (-4.356736288032988E-015,0.000000000000000E+000)
 (5.356810875548342E-003,0.000000000000000E+000)
 (-3.459469613540340E-003,0.000000000000000E+000)
 (4.509066020993930E-003,0.000000000000000E+000)
 (2.446214423046906E-003,0.000000000000000E+000)
 (3.787837295634175E-003,0.000000000000000E+000)
          30
 (-4.509066020998135E-003,0.000000000000000E+000)
 (2.373104642167815E-003,0.000000000000000E+000)
 (3.834064519410643E-003,0.000000000000000E+000)
 (-4.508892436245228E-015,0.000000000000000E+000)
 (5.422186042364170E-003,0.000000000000000E+000)
 (-3.356076769889674E-003,0.000000000000000E+000)
 (4.509066020993927E-003,0.000000000000000E+000)
 (2.373104642175453E-003,0.000000000000000E+000)
 (3.834064519410868E-003,0.000000000000000E+000)
          31
 (-4.509066020998266E-003,0.000000000000000E+000)
 (2.274196478229169E-003,0.000000000000000E+000)
 (3.893546809798346E-003,0.000000000000000E+000)
 (-5.016615720926531E-015,0.000000000000000E+000)
 (5.506306704151516E-003,0.000000000000000E+000)
 (-3.216199503018745E-003,0.000000000000000E+000)
 (4.509066020993798E-003,0.000000000000000E+000)
 (2.274196478237549E-003,0.000000000000000E+000)
 (3.893546809798628E-003,0.000000000000000E+000)
          32
 (-4.509066020998523E-003,0.000000000000000E+000)
 (2.136716516821787E-003,0.000000000000000E+000)
 (3.970657238848437E-003,0.000000000000000E+000)
 (-5.985956017435819E-015,0.000000000000000E+000)
 (5.615357318714629E-003,0.000000000000000E+000)
 (-3.021773477042913E-003,0.000000000000000E+000)
 (4.509066020993543E-003,0.000000000000000E+000)
 (2.136716516831603E-003,0.000000000000000E+000)
 (3.970657238848813E-003,0.000000000000000E+000)
          33
 (-4.509066020998953E-003,0.000000000000000E+000)
 (1.937910734651725E-003,0.000000000000000E+000)
 (4.071385312912085E-003,0.000000000000000E+000)
 (-7.792354404974296E-015,0.000000000000000E+000)
 (5.757808327167281E-003,0.000000000000000E+000)
 (-2.740619643621691E-003,0.000000000000000E+000)
 (4.509066020993107E-003,0.000000000000000E+000)
 (1.937910734664189E-003,0.000000000000000E+000)
 (4.071385312912627E-003,0.000000000000000E+000)
          34
 (-4.509066020999605E-003,0.000000000000000E+000)
 (1.630727199491058E-003,0.000000000000000E+000)
 (4.203855989744275E-003,0.000000000000000E+000)
 (-1.130459174999784E-014,0.000000000000000E+000)
 (5.945150154960345E-003,0.000000000000000E+000)
 (-2.306196522063321E-003,0.000000000000000E+000)
 (4.509066020992459E-003,0.000000000000000E+000)
 (1.630727199508549E-003,0.000000000000000E+000)
 (4.203855989745155E-003,0.000000000000000E+000)
          35
 (-4.509066021000210E-003,0.000000000000000E+000)
 (1.099571190213172E-003,0.000000000000000E+000)
 (4.372941753478599E-003,0.000000000000000E+000)
 (-1.859285260770306E-014,0.000000000000000E+000)
 (6.184273535238215E-003,0.000000000000000E+000)
 (-1.555028490013669E-003,0.000000000000000E+000)
 (4.509066020991851E-003,0.000000000000000E+000)
 (1.099571190240712E-003,0.000000000000000E+000)
 (4.372941753480291E-003,0.000000000000000E+000)
          36
 (-4.509066020998045E-003,0.000000000000000E+000)
 (-4.765296040737702E-017,0.000000000000000E+000)
 (4.509066020994014E-003,0.000000000000000E+000)
 (-7.478609323014243E-017,0.000000000000000E+000)
 (6.376782320528273E-003,0.000000000000000E+000)
 (-5.392202768411674E-018,0.000000000000000E+000)
 (4.509066020994015E-003,0.000000000000000E+000)
 (5.669461680453792E-017,0.000000000000000E+000)
 (4.509066020998045E-003,0.000000000000000E+000)
          37
 (6.376782233258084E-003,0.000000000000000E+000)
 (1.054991003139600E-006,0.000000000000000E+000)
 (-8.988858855175480E-019,0.000000000000000E+000)
 (8.989040560996866E-019,0.000000000000000E+000)
 (-1.097558163109526E-019,0.000000000000000E+000)
 (6.376782320528276E-003,0.000000000000000E+000)
 (-1.054991003139600E-006,0.000000000000000E+000)
 (6.376782233258082E-003,0.000000000000000E+000)
 (1.099045317705359E-019,0.000000000000000E+000)
          38
 (4.509066021222322E-003,0.000000000000000E+000)
 (-4.333970207684188E-003,0.000000000000000E+000)
 (1.244338626968624E-003,0.000000000000000E+000)
 (9.086484789400171E-014,0.000000000000000E+000)
 (-1.759760562444722E-003,0.000000000000000E+000)
 (-6.129159446960588E-003,0.000000000000000E+000)
 (-4.509066020769742E-003,0.000000000000000E+000)
 (-4.333970208154654E-003,0.000000000000000E+000)
 (1.244338626970007E-003,0.000000000000000E+000)
          39
 (4.509066021046581E-003,0.000000000000000E+000)
 (-4.032291575465370E-003,0.000000000000000E+000)
 (2.017994309128779E-003,0.000000000000000E+000)
 (3.462574865559275E-014,0.000000000000000E+000)
 (-2.853874920762672E-003,0.000000000000000E+000)
 (-5.702521433545328E-003,0.000000000000000E+000)
 (-4.509066020945483E-003,0.000000000000000E+000)
 (-4.032291575577692E-003,0.000000000000000E+000)
 (2.017994309130234E-003,0.000000000000000E+000)
          40
 (4.509066021017920E-003,0.000000000000000E+000)
 (-3.735193498780798E-003,0.000000000000000E+000)
 (2.525867357596051E-003,0.000000000000000E+000)
 (1.985628058875955E-014,0.000000000000000E+000)
 (-3.572115873868716E-003,0.000000000000000E+000)
 (-5.282361304100383E-003,0.000000000000000E+000)
 (-4.509066020974144E-003,0.000000000000000E+000)
 (-3.735193498832791E-003,0.000000000000000E+000)
 (2.525867357597312E-003,0.000000000000000E+000)
          41
 (4.509066021008745E-003,0.000000000000000E+000)
 (-3.475621005092396E-003,0.000000000000000E+000)
 (2.872583333960365E-003,0.000000000000000E+000)
 (1.389021647082641E-014,0.000000000000000E+000)
 (-4.062446309934417E-003,0.000000000000000E+000)
 (-4.915270363093185E-003,0.000000000000000E+000)
 (-4.509066020983317E-003,0.000000000000000E+000)
 (-3.475621005124511E-003,0.000000000000000E+000)
 (2.872583333961423E-003,0.000000000000000E+000)
          42
 (4.509066021004751E-003,0.000000000000000E+000)
 (-3.259765894012653E-003,0.000000000000000E+000)
 (3.115381629568716E-003,0.000000000000000E+000)
 (1.091058647043897E-014,0.000000000000000E+000)
 (-4.405814952504705E-003,0.000000000000000E+000)
 (-4.610005137490406E-003,0.000000000000000E+000)
 (-4.509066020987313E-003,0.000000000000000E+000)
 (-3.259765894035924E-003,0.000000000000000E+000)
 (3.115381629569611E-003,0.000000000000000E+000)
          43
 (4.509066021002668E-003,0.000000000000000E+000)
 (-3.084903582728249E-003,0.000000000000000E+000)
 (3.288623764876659E-003,0.000000000000000E+000)
 (9.208062138615669E-015,0.000000000000000E+000)
 (-4.650816329831585E-003,0.000000000000000E+000)
 (-4.362712485320780E-003,0.000000000000000E+000)
 (-4.509066020989392E-003,0.000000000000000E+000)
 (-3.084903582746830E-003,0.000000000000000E+000)
 (3.288623764877431E-003,0.000000000000000E+000)
          44
 (4.509066021001423E-003,0.000000000000000E+000)
 (-2.945061067073895E-003,0.000000000000000E+000)
 (3.414424064590973E-003,0.000000000000000E+000)
 (8.096071643352665E-015,0.000000000000000E+000)
 (-4.828724819838108E-003,0.000000000000000E+000)
 (-4.164945303083994E-003,0.000000000000000E+000)
 (-4.509066020990641E-003,0.000000000000000E+000)
 (-2.945061067089608E-003,0.000000000000000E+000)
 (3.414424064591658E-003,0.000000000000000E+000)
          45
 (-4.509066021000562E-003,0.000000000000000E+000)
 (2.833134337987548E-003,0.000000000000000E+000)
 (3.507852078491336E-003,0.000000000000000E+000)
 (-7.221771426295001E-015,0.000000000000000E+000)
 (4.960851984201545E-003,0.000000000000000E+000)
 (-4.006657004816555E-003,0.000000000000000E+000)
 (4.509066020991501E-003,0.000000000000000E+000)
 (2.833134338001187E-003,0.000000000000000E+000)
 (3.507852078491968E-003,0.000000000000000E+000)
          46
 (-4.509066020999914E-003,0.000000000000000E+000)
 (2.741687998626047E-003,0.000000000000000E+000)
 (3.579779783709589E-003,0.000000000000000E+000)
 (-6.479843560460188E-015,0.000000000000000E+000)
 (5.062573120431543E-003,0.000000000000000E+000)
 (-3.877332351460985E-003,0.000000000000000E+000)
 (4.509066020992149E-003,0.000000000000000E+000)
 (2.741687998638043E-003,0.000000000000000E+000)
 (3.579779783710181E-003,0.000000000000000E+000)
          47
 (-4.509066020999410E-003,0.000000000000000E+000)
 (2.663180420753941E-003,0.000000000000000E+000)
 (3.638563786466216E-003,0.000000000000000E+000)
 (-5.834791296850168E-015,0.000000000000000E+000)
 (5.145706254380535E-003,0.000000000000000E+000)
 (-3.766305870084238E-003,0.000000000000000E+000)
 (4.509066020992652E-003,0.000000000000000E+000)
 (2.663180420764591E-003,0.000000000000000E+000)
 (3.638563786466796E-003,0.000000000000000E+000)
          48
 (-4.509066020999016E-003,0.000000000000000E+000)
 (2.589904315754953E-003,0.000000000000000E+000)
 (3.691080061026577E-003,0.000000000000000E+000)
 (-5.297211239303620E-015,0.000000000000000E+000)
 (5.219975482109106E-003,0.000000000000000E+000)
 (-3.662677808596024E-003,0.000000000000000E+000)
 (4.509066020993048E-003,0.000000000000000E+000)
 (2.589904315764512E-003,0.000000000000000E+000)
 (3.691080061027157E-003,0.000000000000000E+000)
          49
 (-4.509066020998701E-003,0.000000000000000E+000)
 (2.513747815765888E-003,0.000000000000000E+000)
 (3.743360562437069E-003,0.000000000000000E+000)
 (-4.846055554635729E-015,0.000000000000000E+000)
 (5.293911276251509E-003,0.000000000000000E+000)
 (-3.554976253447989E-003,0.000000000000000E+000)
 (4.509066020993364E-003,0.000000000000000E+000)
 (2.513747815774551E-003,0.000000000000000E+000)
 (3.743360562437675E-003,0.000000000000000E+000)
          50
 (-4.509066020998473E-003,0.000000000000000E+000)
 (2.425781569922091E-003,0.000000000000000E+000)
 (3.800955163732570E-003,0.000000000000000E+000)
 (-4.540290844717264E-015,0.000000000000000E+000)
 (5.375362342523116E-003,0.000000000000000E+000)
 (-3.430573195544207E-003,0.000000000000000E+000)
 (4.509066020993591E-003,0.000000000000000E+000)
 (2.425781569930131E-003,0.000000000000000E+000)
 (3.800955163733229E-003,0.000000000000000E+000)
          51
 (-4.509066020998299E-003,0.000000000000000E+000)
 (2.315606297209738E-003,0.000000000000000E+000)
 (3.869062400375978E-003,0.000000000000000E+000)
 (-4.335280191506617E-015,0.000000000000000E+000)
 (5.471680520280037E-003,0.000000000000000E+000)
 (-3.274761830635922E-003,0.000000000000000E+000)
 (4.509066020993762E-003,0.000000000000000E+000)
 (2.315606297217328E-003,0.000000000000000E+000)
 (3.869062400376723E-003,0.000000000000000E+000)
          52
 (-4.509066020998194E-003,0.000000000000000E+000)
 (2.170326221008374E-003,0.000000000000000E+000)
 (3.952386680992257E-003,0.000000000000000E+000)
 (-4.285062550083802E-015,0.000000000000000E+000)
 (5.589518848002650E-003,0.000000000000000E+000)
 (-3.069304776529216E-003,0.000000000000000E+000)
 (4.509066020993866E-003,0.000000000000000E+000)
 (2.170326221015766E-003,0.000000000000000E+000)
 (3.952386680993131E-003,0.000000000000000E+000)
          53
 (-4.509066020998131E-003,0.000000000000000E+000)
 (1.972929086194245E-003,0.000000000000000E+000)
 (4.054531687202700E-003,0.000000000000000E+000)
 (-4.362048218895401E-015,0.000000000000000E+000)
 (5.733973701114291E-003,0.000000000000000E+000)
 (-2.790143071301479E-003,0.000000000000000E+000)
 (4.509066020993930E-003,0.000000000000000E+000)
 (1.972929086201630E-003,0.000000000000000E+000)
 (4.054531687203779E-003,0.000000000000000E+000)
          54
 (-4.509066020998107E-003,0.000000000000000E+000)
 (1.699750867864513E-003,0.000000000000000E+000)
 (4.176424711266338E-003,0.000000000000000E+000)
 (-4.576747782664709E-015,0.000000000000000E+000)
 (5.906356468903983E-003,0.000000000000000E+000)
 (-2.403810729994777E-003,0.000000000000000E+000)
 (4.509066020993957E-003,0.000000000000000E+000)
 (1.699750867872072E-003,0.000000000000000E+000)
 (4.176424711267742E-003,0.000000000000000E+000)
          55
 (-4.509066020998096E-003,0.000000000000000E+000)
 (1.316648355488838E-003,0.000000000000000E+000)
 (4.312553012969338E-003,0.000000000000000E+000)
 (-4.878431293224627E-015,0.000000000000000E+000)
 (6.098870959395560E-003,0.000000000000000E+000)
 (-1.862021961214067E-003,0.000000000000000E+000)
 (4.509066020993968E-003,0.000000000000000E+000)
 (1.316648355496643E-003,0.000000000000000E+000)
 (4.312553012971271E-003,0.000000000000000E+000)
          56
 (-4.509066020998041E-003,0.000000000000000E+000)
 (7.737735102664414E-004,0.000000000000000E+000)
 (4.442178625009667E-003,0.000000000000000E+000)
 (-4.693880998640674E-015,0.000000000000000E+000)
 (6.282189257974537E-003,0.000000000000000E+000)
 (-1.094280992428951E-003,0.000000000000000E+000)
 (4.509066020994018E-003,0.000000000000000E+000)
 (7.737735102736716E-004,0.000000000000000E+000)
 (4.442178625012492E-003,0.000000000000000E+000)
          57
 (-4.509066020998194E-003,0.000000000000000E+000)
 (-1.721864891891483E-017,0.000000000000000E+000)
 (4.509066020993869E-003,0.000000000000000E+000)
 (-2.567393729899038E-017,0.000000000000000E+000)
 (6.376782320528274E-003,0.000000000000000E+000)
 (-2.324304255346561E-018,0.000000000000000E+000)
 (4.509066020993869E-003,0.000000000000000E+000)
 (1.979774646436271E-017,0.000000000000000E+000)
 (4.509066020998194E-003,0.000000000000000E+000)
          58
 (-6.376782320528274E-003,0.000000000000000E+000)
 (0.000000000000000E+000,0.000000000000000E+000)
 (1.150443215231883E-018,0.000000000000000E+000)
 (-1.061947583290969E-018,0.000000000000000E+000)
 (0.000000000000000E+000,0.000000000000000E+000)
 (-6.376782320528276E-003,0.000000000000000E+000)
 (0.000000000000000E+000,0.000000000000000E+000)
 (6.376782320528274E-003,0.000000000000000E+000)
 (0.000000000000000E+000,0.000000000000000E+000)
          59
 (4.509066021264923E-003,0.000000000000000E+000)
 (4.415056946876723E-003,0.000000000000000E+000)
 (9.159413382480892E-004,0.000000000000000E+000)
 (7.794844530933717E-014,0.000000000000000E+000)
 (1.295336662889532E-003,0.000000000000000E+000)
 (-6.243833413310784E-003,0.000000000000000E+000)
 (-4.509066020727140E-003,0.000000000000000E+000)
 (4.415056947425684E-003,0.000000000000000E+000)
 (9.159413382493928E-004,0.000000000000000E+000)
          60
 (4.509066021056541E-003,0.000000000000000E+000)
 (-4.211441206566087E-003,0.000000000000000E+000)
 (1.611036729808627E-003,0.000000000000000E+000)
 (3.141649962532420E-014,0.000000000000000E+000)
 (-2.278349992777793E-003,0.000000000000000E+000)
 (-5.955877271553823E-003,0.000000000000000E+000)
 (-4.509066020935522E-003,0.000000000000000E+000)
 (-4.211441206694993E-003,0.000000000000000E+000)
 (1.611036729810369E-003,0.000000000000000E+000)
          61
 (4.509066021021939E-003,0.000000000000000E+000)
 (-3.960092965375587E-003,0.000000000000000E+000)
 (2.156232846204260E-003,0.000000000000000E+000)
 (1.848233588102339E-014,0.000000000000000E+000)
 (-3.049373734737695E-003,0.000000000000000E+000)
 (-5.600417179933460E-003,0.000000000000000E+000)
 (-4.509066020970122E-003,0.000000000000000E+000)
 (-3.960092965433594E-003,0.000000000000000E+000)
 (2.156232846206084E-003,0.000000000000000E+000)
          62
 (4.509066021010719E-003,0.000000000000000E+000)
 (-3.697105535421515E-003,0.000000000000000E+000)
 (2.581295612967277E-003,0.000000000000000E+000)
 (1.299307386971116E-014,0.000000000000000E+000)
 (-3.650503264353732E-003,0.000000000000000E+000)
 (-5.228496789742219E-003,0.000000000000000E+000)
 (-4.509066020981342E-003,0.000000000000000E+000)
 (-3.697105535456121E-003,0.000000000000000E+000)
 (2.581295612969028E-003,0.000000000000000E+000)
          63
 (4.509066021005825E-003,0.000000000000000E+000)
 (-3.448668295473222E-003,0.000000000000000E+000)
 (2.904886119869502E-003,0.000000000000000E+000)
 (1.015532899055314E-014,0.000000000000000E+000)
 (-4.108129347869961E-003,0.000000000000000E+000)
 (-4.877153475601470E-003,0.000000000000000E+000)
 (-4.509066020986240E-003,0.000000000000000E+000)
 (-3.448668295497454E-003,0.000000000000000E+000)
 (2.904886119871136E-003,0.000000000000000E+000)
          64
 (4.509066021003257E-003,0.000000000000000E+000)
 (-3.229793376526267E-003,0.000000000000000E+000)
 (3.146444203634137E-003,0.000000000000000E+000)
 (8.461588059502086E-015,0.000000000000000E+000)
 (-4.449744066030680E-003,0.000000000000000E+000)
 (-4.567617596759464E-003,0.000000000000000E+000)
 (-4.509066020988803E-003,0.000000000000000E+000)
 (-3.229793376544972E-003,0.000000000000000E+000)
 (3.146444203635651E-003,0.000000000000000E+000)
          65
 (4.509066021001733E-003,0.000000000000000E+000)
 (-3.044529099185660E-003,0.000000000000000E+000)
 (3.326036522027582E-003,0.000000000000000E+000)
 (7.325042072134792E-015,0.000000000000000E+000)
 (-4.703725958400647E-003,0.000000000000000E+000)
 (-4.305614343118751E-003,0.000000000000000E+000)
 (-4.509066020990333E-003,0.000000000000000E+000)
 (-3.044529099201000E-003,0.000000000000000E+000)
 (3.326036522028997E-003,0.000000000000000E+000)
          66
 (-4.509066021000725E-003,0.000000000000000E+000)
 (2.889145861169167E-003,0.000000000000000E+000)
 (3.461865476090564E-003,0.000000000000000E+000)
 (-6.462003891082315E-015,0.000000000000000E+000)
 (4.895817107399420E-003,0.000000000000000E+000)
 (-4.085869260548746E-003,0.000000000000000E+000)
 (4.509066020991341E-003,0.000000000000000E+000)
 (2.889145861182196E-003,0.000000000000000E+000)
 (3.461865476091913E-003,0.000000000000000E+000)
          67
 (-4.509066021000010E-003,0.000000000000000E+000)
 (2.755444473383897E-003,0.000000000000000E+000)
 (3.569201890586076E-003,0.000000000000000E+000)
 (-5.763140187834698E-015,0.000000000000000E+000)
 (5.047613720515454E-003,0.000000000000000E+000)
 (-3.896786944633499E-003,0.000000000000000E+000)
 (4.509066020992049E-003,0.000000000000000E+000)
 (2.755444473395213E-003,0.000000000000000E+000)
 (3.569201890587397E-003,0.000000000000000E+000)
          68
 (-4.509066020999482E-003,0.000000000000000E+000)
 (2.632752625914432E-003,0.000000000000000E+000)
 (3.660640653275125E-003,0.000000000000000E+000)
 (-5.173409704077741E-015,0.000000000000000E+000)
 (5.176927658836928E-003,0.000000000000000E+000)
 (-3.723274469948620E-003,0.000000000000000E+000)
 (4.509066020992583E-003,0.000000000000000E+000)
 (2.632752625924400E-003,0.000000000000000E+000)
 (3.660640653276454E-003,0.000000000000000E+000)
          69
 (-4.509066020999073E-003,0.000000000000000E+000)
 (2.508600875257192E-003,0.000000000000000E+000)
 (3.746811715356460E-003,0.000000000000000E+000)
 (-4.668502888486759E-015,0.000000000000000E+000)
 (5.298791943516481E-003,0.000000000000000E+000)
 (-3.547697380376008E-003,0.000000000000000E+000)
 (4.509066020992993E-003,0.000000000000000E+000)
 (2.508600875266061E-003,0.000000000000000E+000)
 (3.746811715357840E-003,0.000000000000000E+000)
          70
 (-4.509066020998763E-003,0.000000000000000E+000)
 (2.368435881313729E-003,0.000000000000000E+000)
 (3.836950332983474E-003,0.000000000000000E+000)
 (-4.261476908584268E-015,0.000000000000000E+000)
 (5.426267199058243E-003,0.000000000000000E+000)
 (-3.349474144970609E-003,0.000000000000000E+000)
 (4.509066020993299E-003,0.000000000000000E+000)
 (2.368435881321729E-003,0.000000000000000E+000)
 (3.836950332984959E-003,0.000000000000000E+000)
          71
 (-4.509066020998535E-003,0.000000000000000E+000)
 (2.194663058422522E-003,0.000000000000000E+000)
 (3.938925036310529E-003,0.000000000000000E+000)
 (-3.934023366297337E-015,0.000000000000000E+000)
 (5.570481207522466E-003,0.000000000000000E+000)
 (-3.103722262065505E-003,0.000000000000000E+000)
 (4.509066020993526E-003,0.000000000000000E+000)
 (2.194663058429819E-003,0.000000000000000E+000)
 (3.938925036312197E-003,0.000000000000000E+000)
          72
 (-4.509066020998364E-003,0.000000000000000E+000)
 (1.965372911144645E-003,0.000000000000000E+000)
 (4.058199810484786E-003,0.000000000000000E+000)
 (-3.667773022806073E-015,0.000000000000000E+000)
 (5.739161210808882E-003,0.000000000000000E+000)
 (-2.779457026066189E-003,0.000000000000000E+000)
 (4.509066020993698E-003,0.000000000000000E+000)
 (1.965372911151349E-003,0.000000000000000E+000)
 (4.058199810486726E-003,0.000000000000000E+000)
          73
 (-4.509066020998246E-003,0.000000000000000E+000)
 (1.653781326606927E-003,0.000000000000000E+000)
 (4.194840128711371E-003,0.000000000000000E+000)
 (-3.417094280832756E-015,0.000000000000000E+000)
 (5.932399802012183E-003,0.000000000000000E+000)
 (-2.338799981291214E-003,0.000000000000000E+000)
 (4.509066020993817E-003,0.000000000000000E+000)
 (1.653781326613048E-003,0.000000000000000E+000)
 (4.194840128713721E-003,0.000000000000000E+000)
          74
 (-4.509066020998177E-003,0.000000000000000E+000)
 (1.231210527737308E-003,0.000000000000000E+000)
 (4.337717950497753E-003,0.000000000000000E+000)
 (-3.079278798829306E-015,0.000000000000000E+000)
 (6.134459555345230E-003,0.000000000000000E+000)
 (-1.741194626466426E-003,0.000000000000000E+000)
 (4.509066020993884E-003,0.000000000000000E+000)
 (1.231210527742669E-003,0.000000000000000E+000)
 (4.337717950500695E-003,0.000000000000000E+000)
          75
 (-4.509066020998184E-003,0.000000000000000E+000)
 (6.780276088986382E-004,0.000000000000000E+000)
 (4.457797095343480E-003,0.000000000000000E+000)
 (-2.333094000885387E-015,0.000000000000000E+000)
 (6.304277110544798E-003,0.000000000000000E+000)
 (-9.588758401706187E-004,0.000000000000000E+000)
 (4.509066020993879E-003,0.000000000000000E+000)
 (6.780276089025473E-004,0.000000000000000E+000)
 (4.457797095347238E-003,0.000000000000000E+000)
          76
 (4.509066020998453E-003,0.000000000000000E+000)
 (6.537986443958277E-018,0.000000000000000E+000)
 (4.509066020993611E-003,0.000000000000000E+000)
 (9.340983899234666E-018,0.000000000000000E+000)
 (-6.376782320528274E-003,0.000000000000000E+000)
 (-9.487479958249405E-020,0.000000000000000E+000)
 (-4.509066020993611E-003,0.000000000000000E+000)
 (-6.672159672248175E-018,0.000000000000000E+000)
 (4.509066020998453E-003,0.000000000000000E+000)
          77
 (-6.376782312291375E-003,0.000000000000000E+000)
 (3.241138972408611E-007,0.000000000000000E+000)
 (3.459826146190858E-018,0.000000000000000E+000)
 (-2.043891586547542E-018,0.000000000000000E+000)
 (8.757574636696862E-020,0.000000000000000E+000)
 (-6.376782320528274E-003,0.000000000000000E+000)
 (3.241138972408611E-007,0.000000000000000E+000)
 (6.376782312291375E-003,0.000000000000000E+000)
 (8.747186099724638E-020,0.000000000000000E+000)
          78
 (4.509066021291893E-003,0.000000000000000E+000)
 (4.450572958554924E-003,0.000000000000000E+000)
 (7.239314329496540E-004,0.000000000000000E+000)
 (6.718077476514363E-014,0.000000000000000E+000)
 (1.023793650706456E-003,0.000000000000000E+000)
 (-6.294060638743096E-003,0.000000000000000E+000)
 (-4.509066020700170E-003,0.000000000000000E+000)
 (4.450572959154225E-003,0.000000000000000E+000)
 (7.239314329508793E-004,0.000000000000000E+000)
          79
 (4.509066021063778E-003,0.000000000000000E+000)
 (4.307908529733540E-003,0.000000000000000E+000)
 (1.331765925581158E-003,0.000000000000000E+000)
 (2.822271279621843E-014,0.000000000000000E+000)
 (1.883401433864566E-003,0.000000000000000E+000)
 (-6.092302668311778E-003,0.000000000000000E+000)
 (-4.509066020928284E-003,0.000000000000000E+000)
 (4.307908529874776E-003,0.000000000000000E+000)
 (1.331765925583045E-003,0.000000000000000E+000)
          80
 (4.509066021025065E-003,0.000000000000000E+000)
 (-4.105556582139860E-003,0.000000000000000E+000)
 (1.864425255215994E-003,0.000000000000000E+000)
 (1.690857330267574E-014,0.000000000000000E+000)
 (-2.636695481958959E-003,0.000000000000000E+000)
 (-5.806133799596699E-003,0.000000000000000E+000)
 (-4.509066020966999E-003,0.000000000000000E+000)
 (-4.105556582202618E-003,0.000000000000000E+000)
 (1.864425255218231E-003,0.000000000000000E+000)
          81
 (4.509066021012372E-003,0.000000000000000E+000)
 (-3.862554109687253E-003,0.000000000000000E+000)
 (2.326446245089651E-003,0.000000000000000E+000)
 (1.194261550838577E-014,0.000000000000000E+000)
 (-3.290091831939439E-003,0.000000000000000E+000)
 (-5.462476407345605E-003,0.000000000000000E+000)
 (-4.509066020979693E-003,0.000000000000000E+000)
 (-3.862554109723961E-003,0.000000000000000E+000)
 (2.326446245092045E-003,0.000000000000000E+000)
          82
 (4.509066021006787E-003,0.000000000000000E+000)
 (-3.603943516662919E-003,0.000000000000000E+000)
 (2.709846399762783E-003,0.000000000000000E+000)
 (9.284350184596549E-015,0.000000000000000E+000)
 (-3.832301530494151E-003,0.000000000000000E+000)
 (-5.096745799309023E-003,0.000000000000000E+000)
 (-4.509066020985279E-003,0.000000000000000E+000)
 (-3.603943516688001E-003,0.000000000000000E+000)
 (2.709846399765215E-003,0.000000000000000E+000)
          83
 (4.509066021003844E-003,0.000000000000000E+000)
 (-3.353884915791855E-003,0.000000000000000E+000)
 (3.013823543815131E-003,0.000000000000000E+000)
 (7.638741068479337E-015,0.000000000000000E+000)
 (-4.262190130264406E-003,0.000000000000000E+000)
 (-4.743109534564709E-003,0.000000000000000E+000)
 (-4.509066020988219E-003,0.000000000000000E+000)
 (-3.353884915810696E-003,0.000000000000000E+000)
 (3.013823543817539E-003,0.000000000000000E+000)
          84
 (4.509066021002102E-003,0.000000000000000E+000)
 (-3.126172326637157E-003,0.000000000000000E+000)
 (3.249418865861137E-003,0.000000000000000E+000)
 (6.507736471900975E-015,0.000000000000000E+000)
 (-4.595372229933492E-003,0.000000000000000E+000)
 (-4.421075302656364E-003,0.000000000000000E+000)
 (-4.509066020989961E-003,0.000000000000000E+000)
 (-3.126172326652207E-003,0.000000000000000E+000)
 (3.249418865863504E-003,0.000000000000000E+000)
          85
 (-4.509066021000973E-003,0.000000000000000E+000)
 (2.921930549532424E-003,0.000000000000000E+000)
 (3.434239107191801E-003,0.000000000000000E+000)
 (-5.647052153668004E-015,0.000000000000000E+000)
 (4.856747521824382E-003,0.000000000000000E+000)
 (-4.132233811469856E-003,0.000000000000000E+000)
 (4.509066020991087E-003,0.000000000000000E+000)
 (2.921930549544914E-003,0.000000000000000E+000)
 (3.434239107194157E-003,0.000000000000000E+000)
          86
 (-4.509066021000196E-003,0.000000000000000E+000)
 (2.732478480333171E-003,0.000000000000000E+000)
 (3.586814427340721E-003,0.000000000000000E+000)
 (-4.950270733627225E-015,0.000000000000000E+000)
 (5.072521608862419E-003,0.000000000000000E+000)
 (-3.864308125787305E-003,0.000000000000000E+000)
 (4.509066020991866E-003,0.000000000000000E+000)
 (2.732478480343789E-003,0.000000000000000E+000)
 (3.586814427343105E-003,0.000000000000000E+000)
          87
 (-4.509066020999643E-003,0.000000000000000E+000)
 (2.542351590721362E-003,0.000000000000000E+000)
 (3.723993121747805E-003,0.000000000000000E+000)
 (-4.365116182698040E-015,0.000000000000000E+000)
 (5.266521578961624E-003,0.000000000000000E+000)
 (-3.595428099925448E-003,0.000000000000000E+000)
 (4.509066020992418E-003,0.000000000000000E+000)
 (2.542351590730535E-003,0.000000000000000E+000)
 (3.723993121750292E-003,0.000000000000000E+000)
          88
 (-4.509066020999238E-003,0.000000000000000E+000)
 (2.330353893805291E-003,0.000000000000000E+000)
 (3.860197807276017E-003,0.000000000000000E+000)
 (-3.844909820520116E-015,0.000000000000000E+000)
 (5.459144092494522E-003,0.000000000000000E+000)
 (-3.295618081754026E-003,0.000000000000000E+000)
 (4.509066020992825E-003,0.000000000000000E+000)
 (2.330353893813260E-003,0.000000000000000E+000)
 (3.860197807278700E-003,0.000000000000000E+000)
          89
 (-4.509066020998942E-003,0.000000000000000E+000)
 (2.068938483024113E-003,0.000000000000000E+000)
 (4.006391136064548E-003,0.000000000000000E+000)
 (-3.384106151282532E-015,0.000000000000000E+000)
 (5.665892680795946E-003,0.000000000000000E+000)
 (-2.925920862413214E-003,0.000000000000000E+000)
 (4.509066020993118E-003,0.000000000000000E+000)
 (2.068938483031039E-003,0.000000000000000E+000)
 (4.006391136067529E-003,0.000000000000000E+000)
          90
 (-4.509066020998741E-003,0.000000000000000E+000)
 (1.724139885091640E-003,0.000000000000000E+000)
 (4.166415490360116E-003,0.000000000000000E+000)
 (-2.913337044241850E-015,0.000000000000000E+000)
 (5.892201292951053E-003,0.000000000000000E+000)
 (-2.438302008929141E-003,0.000000000000000E+000)
 (4.509066020993322E-003,0.000000000000000E+000)
 (1.724139885097518E-003,0.000000000000000E+000)
 (4.166415490363549E-003,0.000000000000000E+000)
          91
 (-4.509066020998626E-003,0.000000000000000E+000)
 (1.262261081025055E-003,0.000000000000000E+000)
 (4.328784280257802E-003,0.000000000000000E+000)
 (-2.369293553954092E-015,0.000000000000000E+000)
 (6.121825437730897E-003,0.000000000000000E+000)
 (-1.785106740044657E-003,0.000000000000000E+000)
 (4.509066020993438E-003,0.000000000000000E+000)
 (1.262261081029723E-003,0.000000000000000E+000)
 (4.328784280261844E-003,0.000000000000000E+000)
          92
 (-4.509066020998619E-003,0.000000000000000E+000)
 (6.731135059687048E-004,0.000000000000000E+000)
 (4.458541755973600E-003,0.000000000000000E+000)
 (-1.568762067416584E-015,0.000000000000000E+000)
 (6.305330219708006E-003,0.000000000000000E+000)
 (-9.519262491595445E-004,0.000000000000000E+000)
 (4.509066020993441E-003,0.000000000000000E+000)
 (6.731135059716725E-004,0.000000000000000E+000)
 (4.458541755978388E-003,0.000000000000000E+000)
          93
 (-4.509066020998835E-003,0.000000000000000E+000)
 (2.515283441618658E-018,0.000000000000000E+000)
 (4.509066020993226E-003,0.000000000000000E+000)
 (3.108815501780525E-018,0.000000000000000E+000)
 (6.376782320528274E-003,0.000000000000000E+000)
 (-4.483324545674020E-019,0.000000000000000E+000)
 (4.509066020993226E-003,0.000000000000000E+000)
 (-1.881245603914684E-018,0.000000000000000E+000)
 (4.509066020998835E-003,0.000000000000000E+000)
          94
 (6.376782317093629E-003,0.000000000000000E+000)
 (2.092939305900059E-007,0.000000000000000E+000)
 (-4.375413339487822E-018,0.000000000000000E+000)
 (1.543557381389944E-018,0.000000000000000E+000)
 (-1.298908838263261E-019,0.000000000000000E+000)
 (6.376782320528272E-003,0.000000000000000E+000)
 (-2.092939305900060E-007,0.000000000000000E+000)
 (6.376782317093631E-003,0.000000000000000E+000)
 (1.299415452303188E-019,0.000000000000000E+000)
          95
 (4.509066021310171E-003,0.000000000000000E+000)
 (4.469921490968184E-003,0.000000000000000E+000)
 (5.928560056613898E-004,0.000000000000000E+000)
 (5.809487149744369E-014,0.000000000000000E+000)
 (8.384250037414997E-004,0.000000000000000E+000)
 (-6.321423595718216E-003,0.000000000000000E+000)
 (-4.509066020681891E-003,0.000000000000000E+000)
 (4.469921491601814E-003,0.000000000000000E+000)
 (5.928560056625517E-004,0.000000000000000E+000)
          96
 (4.509066021069101E-003,0.000000000000000E+000)
 (4.368404983507476E-003,0.000000000000000E+000)
 (1.117458849850458E-003,0.000000000000000E+000)
 (2.501266271158751E-014,0.000000000000000E+000)
 (1.580325460853735E-003,0.000000000000000E+000)
 (-6.177857573720794E-003,0.000000000000000E+000)
 (-4.509066020922963E-003,0.000000000000000E+000)
 (4.368404983657820E-003,0.000000000000000E+000)
 (1.117458849852405E-003,0.000000000000000E+000)
          97
 (4.509066021027513E-003,0.000000000000000E+000)
 (4.211735768685242E-003,0.000000000000000E+000)
 (1.610266498500921E-003,0.000000000000000E+000)
 (1.511680023346781E-014,0.000000000000000E+000)
 (2.277260721216818E-003,0.000000000000000E+000)
 (-5.956293845253525E-003,0.000000000000000E+000)
 (-4.509066020964549E-003,0.000000000000000E+000)
 (4.211735768751688E-003,0.000000000000000E+000)
 (1.610266498503438E-003,0.000000000000000E+000)
          98
 (4.509066021013732E-003,0.000000000000000E+000)
 (-4.002588716053778E-003,0.000000000000000E+000)
 (2.076285132552925E-003,0.000000000000000E+000)
 (1.064943298706594E-014,0.000000000000000E+000)
 (-2.936310593812040E-003,0.000000000000000E+000)
 (-5.660515246871891E-003,0.000000000000000E+000)
 (-4.509066020978332E-003,0.000000000000000E+000)
 (-4.002588716092140E-003,0.000000000000000E+000)
 (2.076285132555857E-003,0.000000000000000E+000)
          99
 (4.509066021007615E-003,0.000000000000000E+000)
 (-3.752410395583107E-003,0.000000000000000E+000)
 (2.500218511393819E-003,0.000000000000000E+000)
 (8.181208230323147E-015,0.000000000000000E+000)
 (-3.535842927711687E-003,0.000000000000000E+000)
 (-5.306709673041593E-003,0.000000000000000E+000)
 (-4.509066020984446E-003,0.000000000000000E+000)
 (-3.752410395608806E-003,0.000000000000000E+000)
 (2.500218511397038E-003,0.000000000000000E+000)
         100
 (4.509066021004396E-003,0.000000000000000E+000)
 (-3.481261084242195E-003,0.000000000000000E+000)
 (2.865745565287749E-003,0.000000000000000E+000)
 (6.613367070576448E-015,0.000000000000000E+000)
 (-4.052776244742898E-003,0.000000000000000E+000)
 (-4.923246639510316E-003,0.000000000000000E+000)
 (-4.509066020987666E-003,0.000000000000000E+000)
 (-3.481261084261055E-003,0.000000000000000E+000)
 (2.865745565291162E-003,0.000000000000000E+000)
         101
 (4.509066021002502E-003,0.000000000000000E+000)
 (-3.206587194456558E-003,0.000000000000000E+000)
 (3.170090684190254E-003,0.000000000000000E+000)
 (5.511253532338298E-015,0.000000000000000E+000)
 (-4.483185239536977E-003,0.000000000000000E+000)
 (-4.534799099342741E-003,0.000000000000000E+000)
 (-4.509066020989557E-003,0.000000000000000E+000)
 (-3.206587194471242E-003,0.000000000000000E+000)
 (3.170090684193811E-003,0.000000000000000E+000)
         102
 (-4.509066021001297E-003,0.000000000000000E+000)
 (2.932792120649425E-003,0.000000000000000E+000)
 (3.424968139809504E-003,0.000000000000000E+000)
 (-4.655932187675371E-015,0.000000000000000E+000)
 (4.843636394016977E-003,0.000000000000000E+000)
 (-4.147594392651742E-003,0.000000000000000E+000)
 (4.509066020990767E-003,0.000000000000000E+000)
 (2.932792120661271E-003,0.000000000000000E+000)
 (3.424968139813219E-003,0.000000000000000E+000)
         103
 (-4.509066021000489E-003,0.000000000000000E+000)
 (2.648109161351679E-003,0.000000000000000E+000)
 (3.649547129607467E-003,0.000000000000000E+000)
 (-3.948133061457947E-015,0.000000000000000E+000)
 (5.161239047213460E-003,0.000000000000000E+000)
 (-3.744991890634886E-003,0.000000000000000E+000)
 (4.509066020991576E-003,0.000000000000000E+000)
 (2.648109161361435E-003,0.000000000000000E+000)
 (3.649547129611402E-003,0.000000000000000E+000)
         104
 (-4.509066020999936E-003,0.000000000000000E+000)
 (2.325295949782466E-003,0.000000000000000E+000)
 (3.863246708092955E-003,0.000000000000000E+000)
 (-3.320378234331081E-015,0.000000000000000E+000)
 (5.463455889381284E-003,0.000000000000000E+000)
 (-3.288465068719285E-003,0.000000000000000E+000)
 (4.509066020992127E-003,0.000000000000000E+000)
 (2.325295949790516E-003,0.000000000000000E+000)
 (3.863246708097221E-003,0.000000000000000E+000)
         105
 (-4.509066020999563E-003,0.000000000000000E+000)
 (1.923142612982359E-003,0.000000000000000E+000)
 (4.078381893815304E-003,0.000000000000000E+000)
 (-2.719802628164068E-015,0.000000000000000E+000)
 (5.767702986773828E-003,0.000000000000000E+000)
 (-2.719734365661879E-003,0.000000000000000E+000)
 (4.509066020992498E-003,0.000000000000000E+000)
 (1.923142612988853E-003,0.000000000000000E+000)
 (4.078381893820053E-003,0.000000000000000E+000)
         106
 (-4.509066020999332E-003,0.000000000000000E+000)
 (1.395895575380811E-003,0.000000000000000E+000)
 (4.287557804193837E-003,0.000000000000000E+000)
 (-2.061859728591357E-015,0.000000000000000E+000)
 (6.063522396153334E-003,0.000000000000000E+000)
 (-1.974094454363544E-003,0.000000000000000E+000)
 (4.509066020992730E-003,0.000000000000000E+000)
 (1.395895575385628E-003,0.000000000000000E+000)
 (4.287557804199214E-003,0.000000000000000E+000)
         107
 (-4.509066020999250E-003,0.000000000000000E+000)
 (7.305324496584574E-004,0.000000000000000E+000)
 (4.449494209645403E-003,0.000000000000000E+000)
 (-1.240222033835940E-015,0.000000000000000E+000)
 (6.292535056985375E-003,0.000000000000000E+000)
 (-1.033128898062591E-003,0.000000000000000E+000)
 (4.509066020992813E-003,0.000000000000000E+000)
 (7.305324496612302E-004,0.000000000000000E+000)
 (4.449494209651472E-003,0.000000000000000E+000)
         108
 (-4.509066020999365E-003,0.000000000000000E+000)
 (4.420770003113103E-019,0.000000000000000E+000)
 (4.509066020992699E-003,0.000000000000000E+000)
 (-1.577946706916406E-018,0.000000000000000E+000)
 (6.376782320528274E-003,0.000000000000000E+000)
 (-2.203137996372672E-018,0.000000000000000E+000)
 (4.509066020992699E-003,0.000000000000000E+000)
 (2.673630633936759E-018,0.000000000000000E+000)
 (4.509066020999365E-003,0.000000000000000E+000)
         109
 (6.376782320528274E-003,0.000000000000000E+000)
 (0.000000000000000E+000,0.000000000000000E+000)
 (2.123895166581937E-018,0.000000000000000E+000)
 (-1.415930111054625E-018,0.000000000000000E+000)
 (0.000000000000000E+000,0.000000000000000E+000)
 (6.376782320528274E-003,0.000000000000000E+000)
 (0.000000000000000E+000,0.000000000000000E+000)
 (6.376782320528274E-003,0.000000000000000E+000)
 (0.000000000000000E+000,0.000000000000000E+000)
         110
 (4.509066021322239E-003,0.000000000000000E+000)
 (4.482366877824389E-003,0.000000000000000E+000)
 (4.899628060802614E-004,0.000000000000000E+000)
 (4.965230605795826E-014,0.000000000000000E+000)
 (6.929120454178543E-004,0.000000000000000E+000)
 (-6.339024030615189E-003,0.000000000000000E+000)
 (-4.509066020669825E-003,0.000000000000000E+000)
 (4.482366878480570E-003,0.000000000000000E+000)
 (4.899628060813501E-004,0.000000000000000E+000)
         111
 (4.509066021073010E-003,0.000000000000000E+000)
 (4.411726572084666E-003,0.000000000000000E+000)
 (9.318503282012774E-004,0.000000000000000E+000)
 (2.160703455488238E-014,0.000000000000000E+000)
 (1.317835372245424E-003,0.000000000000000E+000)
 (-6.239123551834884E-003,0.000000000000000E+000)
 (-4.509066020919051E-003,0.000000000000000E+000)
 (4.411726572241618E-003,0.000000000000000E+000)
 (9.318503282031972E-004,0.000000000000000E+000)
         112
 (4.509066021029441E-003,0.000000000000000E+000)
 (4.298214727695966E-003,0.000000000000000E+000)
 (1.362727608884917E-003,0.000000000000000E+000)
 (1.303052772473935E-014,0.000000000000000E+000)
 (1.927187866307166E-003,0.000000000000000E+000)
 (-6.078593561948388E-003,0.000000000000000E+000)
 (-4.509066020962623E-003,0.000000000000000E+000)
 (4.298214727765229E-003,0.000000000000000E+000)
 (1.362727608887545E-003,0.000000000000000E+000)
         113
 (4.509066021014872E-003,0.000000000000000E+000)
 (4.134829659041930E-003,0.000000000000000E+000)
 (1.798571675591022E-003,0.000000000000000E+000)
 (9.065742037390163E-015,0.000000000000000E+000)
 (2.543564456523240E-003,0.000000000000000E+000)
 (-5.847532181947663E-003,0.000000000000000E+000)
 (-4.509066020977192E-003,0.000000000000000E+000)
 (4.134829659081595E-003,0.000000000000000E+000)
 (1.798571675594294E-003,0.000000000000000E+000)
         114
 (4.509066021008384E-003,0.000000000000000E+000)
 (3.915350988210456E-003,0.000000000000000E+000)
 (2.236448752086436E-003,0.000000000000000E+000)
 (6.824216563317380E-015,0.000000000000000E+000)
 (3.162816156755759E-003,0.000000000000000E+000)
 (-5.537142468996681E-003,0.000000000000000E+000)
 (-4.509066020983679E-003,0.000000000000000E+000)
 (3.915350988236694E-003,0.000000000000000E+000)
 (2.236448752090310E-003,0.000000000000000E+000)
         115
 (4.509066021004970E-003,0.000000000000000E+000)
 (3.639001947966487E-003,0.000000000000000E+000)
 (2.662581680308886E-003,0.000000000000000E+000)
 (5.363523347013415E-015,0.000000000000000E+000)
 (3.765459123222106E-003,0.000000000000000E+000)
 (-5.146325908329685E-003,0.000000000000000E+000)
 (-4.509066020987095E-003,0.000000000000000E+000)
 (3.639001947985393E-003,0.000000000000000E+000)
 (2.662581680313320E-003,0.000000000000000E+000)
         116
 (4.509066021002974E-003,0.000000000000000E+000)
 (3.306358595867859E-003,0.000000000000000E+000)
 (3.065887998144928E-003,0.000000000000000E+000)
 (4.299356775636579E-015,0.000000000000000E+000)
 (4.335820387696978E-003,0.000000000000000E+000)
 (-4.675897168355310E-003,0.000000000000000E+000)
 (-4.509066020989090E-003,0.000000000000000E+000)
 (3.306358595882173E-003,0.000000000000000E+000)
 (3.065887998149909E-003,0.000000000000000E+000)
         117
 (4.509066021001732E-003,0.000000000000000E+000)
 (2.906168759387989E-003,0.000000000000000E+000)
 (3.447587493248987E-003,0.000000000000000E+000)
 (3.444452772474810E-015,0.000000000000000E+000)
 (4.875624990424526E-003,0.000000000000000E+000)
 (-4.109943274079315E-003,0.000000000000000E+000)
 (-4.509066020990330E-003,0.000000000000000E+000)
 (2.906168759399062E-003,0.000000000000000E+000)
 (3.447587493254568E-003,0.000000000000000E+000)
         118
 (4.509066021000937E-003,0.000000000000000E+000)
 (2.401331329225936E-003,0.000000000000000E+000)
 (3.816449164987626E-003,0.000000000000000E+000)
 (2.689142492469865E-015,0.000000000000000E+000)
 (5.397274169237414E-003,0.000000000000000E+000)
 (-3.395995333548700E-003,0.000000000000000E+000)
 (-4.509066020991126E-003,0.000000000000000E+000)
 (2.401331329234380E-003,0.000000000000000E+000)
 (3.816449164993905E-003,0.000000000000000E+000)
         119
 (4.509066021000432E-003,0.000000000000000E+000)
 (1.732543480552829E-003,0.000000000000000E+000)
 (4.162927992369695E-003,0.000000000000000E+000)
 (1.940148630239757E-015,0.000000000000000E+000)
 (5.887269225996823E-003,0.000000000000000E+000)
 (-2.450186487603079E-003,0.000000000000000E+000)
 (-4.509066020991630E-003,0.000000000000000E+000)
 (1.732543480558743E-003,0.000000000000000E+000)
 (4.162927992376768E-003,0.000000000000000E+000)
         120
 (4.509066021000160E-003,0.000000000000000E+000)
 (-8.852804751431016E-004,0.000000000000000E+000)
 (-4.421306917868764E-003,0.000000000000000E+000)
 (1.098115636860552E-015,0.000000000000000E+000)
 (-6.252672206669499E-003,0.000000000000000E+000)
 (1.251975654453698E-003,0.000000000000000E+000)
 (-4.509066020991905E-003,0.000000000000000E+000)
 (-8.852804751462476E-004,0.000000000000000E+000)
 (-4.421306917876550E-003,0.000000000000000E+000)
         121
 (4.509066021000111E-003,0.000000000000000E+000)
 (-2.166550245798393E-019,0.000000000000000E+000)
 (4.509066020991950E-003,0.000000000000000E+000)
 (-1.629963578213101E-018,0.000000000000000E+000)
 (-6.376782320528274E-003,0.000000000000000E+000)
 (1.323567104098689E-018,0.000000000000000E+000)
 (-4.509066020991950E-003,0.000000000000000E+000)
 (2.088461573905001E-018,0.000000000000000E+000)
 (4.509066021000111E-003,0.000000000000000E+000)
         122
 (6.376782320528273E-003,0.000000000000000E+000)
 (0.000000000000000E+000,0.000000000000000E+000)
 (-1.415930111054625E-018,0.000000000000000E+000)
 (7.079650555273125E-019,0.000000000000000E+000)
 (0.000000000000000E+000,0.000000000000000E+000)
 (6.376782320528273E-003,0.000000000000000E+000)
 (0.000000000000000E+000,0.000000000000000E+000)
 (6.376782320528274E-003,0.000000000000000E+000)
 (0.000000000000000E+000,0.000000000000000E+000)
         123
 (4.509066021329788E-003,0.000000000000000E+000)
 (4.491400297528878E-003,0.000000000000000E+000)
 (3.987477223115053E-004,0.000000000000000E+000)
 (4.120536957513135E-014,0.000000000000000E+000)
 (5.639144368590082E-004,0.000000000000000E+000)
 (-6.351799215285694E-003,0.000000000000000E+000)
 (-4.509066020662270E-003,0.000000000000000E+000)
 (4.491400298198931E-003,0.000000000000000E+000)
 (3.987477223124907E-004,0.000000000000000E+000)
         124
 (4.509066021075891E-003,0.000000000000000E+000)
 (4.445604122013037E-003,0.000000000000000E+000)
 (7.538437313671171E-004,0.000000000000000E+000)
 (1.787522065032452E-014,0.000000000000000E+000)
 (1.066096028810574E-003,0.000000000000000E+000)
 (-6.287033642406912E-003,0.000000000000000E+000)
 (-4.509066020916170E-003,0.000000000000000E+000)
 (4.445604122174733E-003,0.000000000000000E+000)
 (7.538437313688955E-004,0.000000000000000E+000)
         125
 (4.509066021031013E-003,0.000000000000000E+000)
 (4.372744168436929E-003,0.000000000000000E+000)
 (1.100356677985067E-003,0.000000000000000E+000)
 (1.061762587527484E-014,0.000000000000000E+000)
 (1.556139337456063E-003,0.000000000000000E+000)
 (-6.183994107841933E-003,0.000000000000000E+000)
 (-4.509066020961050E-003,0.000000000000000E+000)
 (4.372744168508439E-003,0.000000000000000E+000)
 (1.100356677987579E-003,0.000000000000000E+000)
         126
 (4.509066021015913E-003,0.000000000000000E+000)
 (4.265097192031787E-003,0.000000000000000E+000)
 (1.463086574350360E-003,0.000000000000000E+000)
 (7.200718334853625E-015,0.000000000000000E+000)
 (2.069116876374582E-003,0.000000000000000E+000)
 (-6.031758293839687E-003,0.000000000000000E+000)
 (-4.509066020976152E-003,0.000000000000000E+000)
 (4.265097192072700E-003,0.000000000000000E+000)
 (1.463086574353630E-003,0.000000000000000E+000)
         127
 (4.509066021009167E-003,0.000000000000000E+000)
 (4.106827426670699E-003,0.000000000000000E+000)
 (1.861624255624069E-003,0.000000000000000E+000)
 (5.216599517689313E-015,0.000000000000000E+000)
 (2.632734270349193E-003,0.000000000000000E+000)
 (-5.807931045142567E-003,0.000000000000000E+000)
 (-4.509066020982898E-003,0.000000000000000E+000)
 (4.106827426697668E-003,0.000000000000000E+000)
 (1.861624255628195E-003,0.000000000000000E+000)
         128
 (4.509066021005623E-003,0.000000000000000E+000)
 (3.867251846265321E-003,0.000000000000000E+000)
 (2.318628805818634E-003,0.000000000000000E+000)
 (3.875902832407000E-015,0.000000000000000E+000)
 (3.279036303301295E-003,0.000000000000000E+000)
 (-5.469120010114441E-003,0.000000000000000E+000)
 (-4.509066020986437E-003,0.000000000000000E+000)
 (3.867251846284595E-003,0.000000000000000E+000)
 (2.318628805823797E-003,0.000000000000000E+000)
         129
 (4.509066021003586E-003,0.000000000000000E+000)
 (3.474424764547638E-003,0.000000000000000E+000)
 (2.874030086330153E-003,0.000000000000000E+000)
 (2.842294407548097E-015,0.000000000000000E+000)
 (4.064492326761043E-003,0.000000000000000E+000)
 (-4.913578623478263E-003,0.000000000000000E+000)
 (-4.509066020988474E-003,0.000000000000000E+000)
 (3.474424764561844E-003,0.000000000000000E+000)
 (2.874030086336690E-003,0.000000000000000E+000)
         130
 (4.509066021002355E-003,0.000000000000000E+000)
 (2.741857634684274E-003,0.000000000000000E+000)
 (3.579649856168552E-003,0.000000000000000E+000)
 (1.941194990554930E-015,0.000000000000000E+000)
 (5.062389375146381E-003,0.000000000000000E+000)
 (-3.877572253073696E-003,0.000000000000000E+000)
 (-4.509066020989707E-003,0.000000000000000E+000)
 (2.741857634694144E-003,0.000000000000000E+000)
 (3.579649856176919E-003,0.000000000000000E+000)
         131
 (4.509066021001623E-003,0.000000000000000E+000)
 (-1.416610000110252E-003,0.000000000000000E+000)
 (-4.280758401175914E-003,0.000000000000000E+000)
 (1.034755675219837E-015,0.000000000000000E+000)
 (-6.053906588192729E-003,0.000000000000000E+000)
 (2.003389074752736E-003,0.000000000000000E+000)
 (-4.509066020990438E-003,0.000000000000000E+000)
 (-1.416610000115154E-003,0.000000000000000E+000)
 (-4.280758401186075E-003,0.000000000000000E+000)
         132
 (-4.509066021001253E-003,0.000000000000000E+000)
 (-3.489328402803230E-018,0.000000000000000E+000)
 (4.509066020990809E-003,0.000000000000000E+000)
 (-1.044683274878420E-018,0.000000000000000E+000)
 (-6.376782320528274E-003,0.000000000000000E+000)
 (-6.980552608918636E-018,0.000000000000000E+000)
 (4.509066020990809E-003,0.000000000000000E+000)
 (-5.674698714059375E-018,0.000000000000000E+000)
 (4.509066021001253E-003,0.000000000000000E+000)
         133
 (6.376782320528274E-003,0.000000000000000E+000)
 (0.000000000000000E+000,0.000000000000000E+000)
 (-4.690268492868445E-018,0.000000000000000E+000)
 (3.982303437341132E-018,0.000000000000000E+000)
 (0.000000000000000E+000,0.000000000000000E+000)
 (6.376782320528274E-003,0.000000000000000E+000)
 (0.000000000000000E+000,0.000000000000000E+000)
 (6.376782320528274E-003,0.000000000000000E+000)
 (0.000000000000000E+000,0.000000000000000E+000)
         134
 (4.509066021334371E-003,0.000000000000000E+000)
 (4.498338346294112E-003,0.000000000000000E+000)
 (3.108512520639172E-004,0.000000000000000E+000)
 (3.247143927123575E-014,0.000000000000000E+000)
 (4.396100565500409E-004,0.000000000000000E+000)
 (-6.361611097951685E-003,0.000000000000000E+000)
 (-4.509066020657688E-003,0.000000000000000E+000)
 (4.498338346972354E-003,0.000000000000000E+000)
 (3.108512520647544E-004,0.000000000000000E+000)
         135
 (4.509066021078190E-003,0.000000000000000E+000)
 (4.472527934012335E-003,0.000000000000000E+000)
 (5.728614670576172E-004,0.000000000000000E+000)
 (1.380958331210468E-014,0.000000000000000E+000)
 (8.101484560748940E-004,0.000000000000000E+000)
 (-6.325109662489769E-003,0.000000000000000E+000)
 (-4.509066020913872E-003,0.000000000000000E+000)
 (4.472527934177804E-003,0.000000000000000E+000)
 (5.728614670591216E-004,0.000000000000000E+000)
         136
 (4.509066021032474E-003,0.000000000000000E+000)
 (4.435253474311465E-003,0.000000000000000E+000)
 (8.125287687093946E-004,0.000000000000000E+000)
 (7.920626261427332E-015,0.000000000000000E+000)
 (1.149089204528632E-003,0.000000000000000E+000)
 (-6.272395615985788E-003,0.000000000000000E+000)
 (-4.509066020959586E-003,0.000000000000000E+000)
 (4.435253474385179E-003,0.000000000000000E+000)
 (8.125287687115093E-004,0.000000000000000E+000)
         137
 (4.509066021016992E-003,0.000000000000000E+000)
 (4.385590725988191E-003,0.000000000000000E+000)
 (1.047983952948868E-003,0.000000000000000E+000)
 (5.076628720432529E-015,0.000000000000000E+000)
 (1.482073119411608E-003,0.000000000000000E+000)
 (-6.202161883740178E-003,0.000000000000000E+000)
 (-4.509066020975072E-003,0.000000000000000E+000)
 (4.385590726030634E-003,0.000000000000000E+000)
 (1.047983952951628E-003,0.000000000000000E+000)
         138
 (4.509066021010059E-003,0.000000000000000E+000)
 (4.318843387204321E-003,0.000000000000000E+000)
 (1.295865802610746E-003,0.000000000000000E+000)
 (3.358820847641582E-015,0.000000000000000E+000)
 (1.832630993070096E-003,0.000000000000000E+000)
 (-6.107766891969672E-003,0.000000000000000E+000)
 (-4.509066020982003E-003,0.000000000000000E+000)
 (4.318843387232557E-003,0.000000000000000E+000)
 (1.295865802614258E-003,0.000000000000000E+000)
         139
 (4.509066021006453E-003,0.000000000000000E+000)
 (4.219282628461207E-003,0.000000000000000E+000)
 (1.590386897195928E-003,0.000000000000000E+000)
 (2.115485879149240E-015,0.000000000000000E+000)
 (2.249146719438167E-003,0.000000000000000E+000)
 (-5.966966716669574E-003,0.000000000000000E+000)
 (-4.509066020985610E-003,0.000000000000000E+000)
 (4.219282628481765E-003,0.000000000000000E+000)
 (1.590386897200481E-003,0.000000000000000E+000)
         140
 (4.509066021004418E-003,0.000000000000000E+000)
 (3.978172451395826E-003,0.000000000000000E+000)
 (2.122691764854404E-003,0.000000000000000E+000)
 (1.057435471847823E-015,0.000000000000000E+000)
 (3.001939482599430E-003,0.000000000000000E+000)
 (-5.625985434233956E-003,0.000000000000000E+000)
 (-4.509066020987646E-003,0.000000000000000E+000)
 (3.978172451411325E-003,0.000000000000000E+000)
 (2.122691764860981E-003,0.000000000000000E+000)
         141
 (-4.509066021003262E-003,0.000000000000000E+000)
 (-1.737456777316960E-017,0.000000000000000E+000)
 (4.509066020988800E-003,0.000000000000000E+000)
 (7.809999292807109E-019,0.000000000000000E+000)
 (-6.376782320528274E-003,0.000000000000000E+000)
 (-2.379034945594313E-017,0.000000000000000E+000)
 (4.509066020988800E-003,0.000000000000000E+000)
 (-1.627006708102234E-017,0.000000000000000E+000)
 (4.509066021003262E-003,0.000000000000000E+000)
         142
 (6.376782320528273E-003,0.000000000000000E+000)
 (0.000000000000000E+000,0.000000000000000E+000)
 (-2.964603670020621E-018,0.000000000000000E+000)
 (1.548673558965996E-018,0.000000000000000E+000)
 (0.000000000000000E+000,0.000000000000000E+000)
 (6.376782320528272E-003,0.000000000000000E+000)
 (0.000000000000000E+000,0.000000000000000E+000)
 (6.376782320528274E-003,0.000000000000000E+000)
 (0.000000000000000E+000,0.000000000000000E+000)
         143
 (4.509066021337898E-003,0.000000000000000E+000)
 (4.503556711364229E-003,0.000000000000000E+000)
 (2.228302630797398E-004,0.000000000000000E+000)
 (2.346845755831358E-014,0.000000000000000E+000)
 (3.151295801549852E-004,0.000000000000000E+000)
 (-6.368990980611708E-003,0.000000000000000E+000)
 (-4.509066020654166E-003,0.000000000000000E+000)
 (4.503556712048767E-003,0.000000000000000E+000)
 (2.228302630803798E-004,0.000000000000000E+000)
         144
 (4.509066021080367E-003,0.000000000000000E+000)
 (4.492524406219395E-003,0.000000000000000E+000)
 (3.858767166641545E-004,0.000000000000000E+000)
 (9.462526529266419E-015,0.000000000000000E+000)
 (5.457120861112273E-004,0.000000000000000E+000)
 (-6.353388944687243E-003,0.000000000000000E+000)
 (-4.509066020911696E-003,0.000000000000000E+000)
 (4.492524406388593E-003,0.000000000000000E+000)
 (3.858767166652569E-004,0.000000000000000E+000)
         145
 (4.509066021034003E-003,0.000000000000000E+000)
 (4.481336211060057E-003,0.000000000000000E+000)
 (4.993016571176560E-004,0.000000000000000E+000)
 (4.959870206760871E-015,0.000000000000000E+000)
 (7.061191752121660E-004,0.000000000000000E+000)
 (-6.337566447288713E-003,0.000000000000000E+000)
 (-4.509066020958059E-003,0.000000000000000E+000)
 (4.481336211136311E-003,0.000000000000000E+000)
 (4.993016571190933E-004,0.000000000000000E+000)
         146
 (4.509066021018222E-003,0.000000000000000E+000)
 (4.475279138387717E-003,0.000000000000000E+000)
 (5.509564547335474E-004,0.000000000000000E+000)
 (2.692712661512636E-015,0.000000000000000E+000)
 (7.791700905623439E-004,0.000000000000000E+000)
 (-6.329000452944766E-003,0.000000000000000E+000)
 (-4.509066020973841E-003,0.000000000000000E+000)
 (4.475279138432232E-003,0.000000000000000E+000)
 (5.509564547351914E-004,0.000000000000000E+000)
         147
 (4.509066021011162E-003,0.000000000000000E+000)
 (4.483635034132735E-003,0.000000000000000E+000)
 (4.782188434828472E-004,0.000000000000000E+000)
 (1.206429515384198E-015,0.000000000000000E+000)
 (6.763035742368919E-004,0.000000000000000E+000)
 (-6.340817474023075E-003,0.000000000000000E+000)
 (-4.509066020980898E-003,0.000000000000000E+000)
 (4.483635034163009E-003,0.000000000000000E+000)
 (4.782188434843626E-004,0.000000000000000E+000)
         148
 (4.509066021007533E-003,0.000000000000000E+000)
 (4.509066020984528E-003,0.000000000000000E+000)
 (0.000000000000000E+000,0.000000000000000E+000)
 (0.000000000000000E+000,0.000000000000000E+000)
 (0.000000000000000E+000,0.000000000000000E+000)
 (-6.376782320528274E-003,0.000000000000000E+000)
 (-4.509066020984528E-003,0.000000000000000E+000)
 (4.509066021007533E-003,0.000000000000000E+000)
 (0.000000000000000E+000,0.000000000000000E+000)
         149
 (-6.376782320528274E-003,0.000000000000000E+000)
 (0.000000000000000E+000,0.000000000000000E+000)
 (1.415930111054625E-018,0.000000000000000E+000)
 (-7.079650555273125E-019,0.000000000000000E+000)
 (0.000000000000000E+000,0.000000000000000E+000)
 (-6.376782320528272E-003,0.000000000000000E+000)
 (0.000000000000000E+000,0.000000000000000E+000)
 (6.376782320528274E-003,0.000000000000000E+000)
 (0.000000000000000E+000,0.000000000000000E+000)
         150
 (4.509066021341457E-003,0.000000000000000E+000)
 (4.507074341459881E-003,0.000000000000000E+000)
 (1.340046982006484E-004,0.000000000000000E+000)
 (1.423904786953416E-014,0.000000000000000E+000)
 (1.895112616173546E-004,0.000000000000000E+000)
 (-6.373965660805067E-003,0.000000000000000E+000)
 (-4.509066020650604E-003,0.000000000000000E+000)
 (4.507074342151029E-003,0.000000000000000E+000)
 (1.340046982010508E-004,0.000000000000000E+000)
         151
 (4.509066021082739E-003,0.000000000000000E+000)
 (4.504886302629935E-003,0.000000000000000E+000)
 (1.941025020350118E-004,0.000000000000000E+000)
 (4.867931298634889E-015,0.000000000000000E+000)
 (2.745023908688811E-004,0.000000000000000E+000)
 (-6.370871306250758E-003,0.000000000000000E+000)
 (-4.509066020909324E-003,0.000000000000000E+000)
 (4.504886302803485E-003,0.000000000000000E+000)
 (1.941025020355996E-004,0.000000000000000E+000)
         152
 (4.509066021035769E-003,0.000000000000000E+000)
 (4.505917219696361E-003,0.000000000000000E+000)
 (1.684826121190029E-004,0.000000000000000E+000)
 (1.729476097430690E-015,0.000000000000000E+000)
 (2.382703950831103E-004,0.000000000000000E+000)
 (-6.372329243081284E-003,0.000000000000000E+000)
 (-4.509066020956293E-003,0.000000000000000E+000)
 (4.505917219775873E-003,0.000000000000000E+000)
 (1.684826121195278E-004,0.000000000000000E+000)
         153
 (4.509066021019714E-003,0.000000000000000E+000)
 (4.509066020972348E-003,0.000000000000000E+000)
 (-1.947479789187097E-018,0.000000000000000E+000)
 (1.377076165165177E-018,0.000000000000000E+000)
 (1.377076165150711E-018,0.000000000000000E+000)
 (6.376782320528274E-003,0.000000000000000E+000)
 (-4.509066020972348E-003,0.000000000000000E+000)
 (4.509066021019714E-003,0.000000000000000E+000)
 (0.000000000000000E+000,0.000000000000000E+000)
         154
 (-6.376782320528273E-003,0.000000000000000E+000)
 (0.000000000000000E+000,0.000000000000000E+000)
 (0.000000000000000E+000,0.000000000000000E+000)
 (0.000000000000000E+000,0.000000000000000E+000)
 (0.000000000000000E+000,0.000000000000000E+000)
 (-6.376782320528272E-003,0.000000000000000E+000)
 (0.000000000000000E+000,0.000000000000000E+000)
 (6.376782320528274E-003,0.000000000000000E+000)
 (0.000000000000000E+000,0.000000000000000E+000)
         155
 (4.509066021345941E-003,0.000000000000000E+000)
 (4.508844375252953E-003,0.000000000000000E+000)
 (4.470769838936323E-005,0.000000000000000E+000)
 (4.810765288243738E-015,0.000000000000000E+000)
 (6.322623340481817E-005,0.000000000000000E+000)
 (-6.376468866607240E-003,0.000000000000000E+000)
 (-4.509066020646124E-003,0.000000000000000E+000)
 (4.508844375952804E-003,0.000000000000000E+000)
 (4.470769838949815E-005,0.000000000000000E+000)
         156
 (-4.509066021085526E-003,0.000000000000000E+000)
 (4.509066020906536E-003,0.000000000000000E+000)
 (-9.660552480600166E-019,0.000000000000000E+000)
 (-6.831042169176481E-019,0.000000000000000E+000)
 (6.831042168905319E-019,0.000000000000000E+000)
 (6.376782320528274E-003,0.000000000000000E+000)
 (4.509066020906536E-003,0.000000000000000E+000)
 (4.509066021085526E-003,0.000000000000000E+000)
 (0.000000000000000E+000,0.000000000000000E+000)
         157
 (-6.376782320528274E-003,0.000000000000000E+000)
 (0.000000000000000E+000,0.000000000000000E+000)
 (2.477877694345594E-018,0.000000000000000E+000)
 (-1.769912638818281E-018,0.000000000000000E+000)
 (0.000000000000000E+000,0.000000000000000E+000)
 (-6.376782320528276E-003,0.000000000000000E+000)
 (0.000000000000000E+000,0.000000000000000E+000)
 (6.376782320528274E-003,0.000000000000000E+000)
 (0.000000000000000E+000,0.000000000000000E+000)
         158
 (5.706823701189258E-003,0.000000000000000E+000)
 (-1.259990801178772E-017,0.000000000000000E+000)
 (-2.845262027818613E-003,0.000000000000000E+000)
 (2.845262027818614E-003,0.000000000000000E+000)
 (-4.672387516854404E-018,0.000000000000000E+000)
 (5.706823701189260E-003,0.000000000000000E+000)
 (1.336091090661158E-017,0.000000000000000E+000)
 (6.376782320528274E-003,0.000000000000000E+000)
 (-1.440467548664985E-018,0.000000000000000E+000)
         159
 (5.463318900507974E-003,0.000000000000000E+000)
 (5.060704804825865E-004,0.000000000000000E+000)
 (3.249521814596486E-003,0.000000000000000E+000)
 (3.029198436946036E-003,0.000000000000000E+000)
 (1.678781227788455E-003,0.000000000000000E+000)
 (-5.354344327948173E-003,0.000000000000000E+000)
 (-1.280412505545773E-003,0.000000000000000E+000)
 (6.130981897005665E-003,0.000000000000000E+000)
 (1.197897139838301E-003,0.000000000000000E+000)
         160
 (5.356940850320212E-003,0.000000000000000E+000)
 (3.212683189566541E-004,0.000000000000000E+000)
 (3.444317662006119E-003,0.000000000000000E+000)
 (3.059514883704418E-003,0.000000000000000E+000)
 (2.522874626970386E-003,0.000000000000000E+000)
 (-4.993778635100092E-003,0.000000000000000E+000)
 (-1.614281935091784E-003,0.000000000000000E+000)
 (5.847669881861130E-003,0.000000000000000E+000)
 (1.965248979191318E-003,0.000000000000000E+000)
         161
 (5.299902227332490E-003,0.000000000000000E+000)
 (8.611713929225228E-005,0.000000000000000E+000)
 (3.544992663241798E-003,0.000000000000000E+000)
 (3.084271860214734E-003,0.000000000000000E+000)
 (3.033684657989485E-003,0.000000000000000E+000)
 (-4.684802797511192E-003,0.000000000000000E+000)
 (-1.749758908080085E-003,0.000000000000000E+000)
 (5.608270143065620E-003,0.000000000000000E+000)
 (2.479718235887911E-003,0.000000000000000E+000)
         162
 (5.262350874880871E-003,0.000000000000000E+000)
 (-1.136306307709732E-004,0.000000000000000E+000)
 (3.599736672701642E-003,0.000000000000000E+000)
 (3.105496983230168E-003,0.000000000000000E+000)
 (3.371051803589300E-003,0.000000000000000E+000)
 (-4.433424295966674E-003,0.000000000000000E+000)
 (-1.823980405648817E-003,0.000000000000000E+000)
 (5.411695721367737E-003,0.000000000000000E+000)
 (2.837251779899214E-003,0.000000000000000E+000)
         163
 (5.235923757065451E-003,0.000000000000000E+000)
 (-2.579463393356651E-004,0.000000000000000E+000)
 (3.630691237164473E-003,0.000000000000000E+000)
 (3.113310037528530E-003,0.000000000000000E+000)
 (3.612654941891155E-003,0.000000000000000E+000)
 (-4.233128588225912E-003,0.000000000000000E+000)
 (-1.885671175953981E-003,0.000000000000000E+000)
 (5.248384581969456E-003,0.000000000000000E+000)
 (3.092257469765990E-003,0.000000000000000E+000)
         164
 (5.218806102411674E-003,0.000000000000000E+000)
 (-3.376201775497222E-004,0.000000000000000E+000)
 (3.648757082150565E-003,0.000000000000000E+000)
 (3.095166207708558E-003,0.000000000000000E+000)
 (3.805032712356083E-003,0.000000000000000E+000)
 (-4.074926375771849E-003,0.000000000000000E+000)
 (-1.961469289969035E-003,0.000000000000000E+000)
 (5.105985843792888E-003,0.000000000000000E+000)
 (3.277941358672692E-003,0.000000000000000E+000)
         165
 (5.210682309440802E-003,0.000000000000000E+000)
 (-3.465467170793447E-004,0.000000000000000E+000)
 (3.659514722796474E-003,0.000000000000000E+000)
 (3.038568545562643E-003,0.000000000000000E+000)
 (3.978670213769207E-003,0.000000000000000E+000)
 (-3.949764206555245E-003,0.000000000000000E+000)
 (-2.068633323573788E-003,0.000000000000000E+000)
 (4.971261556823294E-003,0.000000000000000E+000)
 (3.416235862708083E-003,0.000000000000000E+000)
         166
 (5.210014100610296E-003,0.000000000000000E+000)
 (-2.840239919611818E-004,0.000000000000000E+000)
 (3.665847269981971E-003,0.000000000000000E+000)
 (2.934535232566130E-003,0.000000000000000E+000)
 (4.151773298729081E-003,0.000000000000000E+000)
 (-3.848978333037255E-003,0.000000000000000E+000)
 (-2.215312349009024E-003,0.000000000000000E+000)
 (4.831714148348661E-003,0.000000000000000E+000)
 (3.522823065153492E-003,0.000000000000000E+000)
         167
 (5.212926181479354E-003,0.000000000000000E+000)
 (-1.602011795057829E-004,0.000000000000000E+000)
 (3.669208221392457E-003,0.000000000000000E+000)
 (2.782595658792996E-003,0.000000000000000E+000)
 (4.330249898954121E-003,0.000000000000000E+000)
 (-3.764232986370019E-003,0.000000000000000E+000)
 (-2.397063785032725E-003,0.000000000000000E+000)
 (4.678314243196443E-003,0.000000000000000E+000)
 (3.609821853747329E-003,0.000000000000000E+000)
         168
 (5.214643741506076E-003,0.000000000000000E+000)
 (-1.161399568506061E-013,0.000000000000000E+000)
 (3.670264760555223E-003,0.000000000000000E+000)
 (2.595269101035977E-003,0.000000000000000E+000)
 (4.509066020943559E-003,0.000000000000000E+000)
 (-3.687309951086576E-003,0.000000000000000E+000)
 (-2.595269100841261E-003,0.000000000000000E+000)
 (4.509066021048504E-003,0.000000000000000E+000)
 (3.687309951095293E-003,0.000000000000000E+000)
         169
 (6.046252285684641E-003,0.000000000000000E+000)
 (-7.235256451305534E-019,0.000000000000000E+000)
 (-2.026372636327092E-003,0.000000000000000E+000)
 (2.026372636327092E-003,0.000000000000000E+000)
 (4.553213363428425E-019,0.000000000000000E+000)
 (6.046252285684642E-003,0.000000000000000E+000)
 (-5.413338131063983E-019,0.000000000000000E+000)
 (-6.376782320528274E-003,0.000000000000000E+000)
 (6.616378021835723E-019,0.000000000000000E+000)
         170
 (5.739806253817017E-003,0.000000000000000E+000)
 (1.128127833823783E-003,0.000000000000000E+000)
 (2.538760430327582E-003,0.000000000000000E+000)
 (2.257840898490075E-003,0.000000000000000E+000)
 (1.501039793715006E-003,0.000000000000000E+000)
 (-5.771688381937429E-003,0.000000000000000E+000)
 (-1.618681997537058E-003,0.000000000000000E+000)
 (6.094059393510868E-003,0.000000000000000E+000)
 (9.516624730509081E-004,0.000000000000000E+000)
         171
 (5.540748461847159E-003,0.000000000000000E+000)
 (1.265277590820486E-003,0.000000000000000E+000)
 (2.891804257571354E-003,0.000000000000000E+000)
 (2.270202600489069E-003,0.000000000000000E+000)
 (2.461595284393494E-003,0.000000000000000E+000)
 (-5.426792936162790E-003,0.000000000000000E+000)
 (-2.193089008379041E-003,0.000000000000000E+000)
 (5.744821497437600E-003,0.000000000000000E+000)
 (1.688413257264883E-003,0.000000000000000E+000)
         172
 (5.424903070888700E-003,0.000000000000000E+000)
 (1.178762186981696E-003,0.000000000000000E+000)
 (3.137562611551595E-003,0.000000000000000E+000)
 (2.253153702531721E-003,0.000000000000000E+000)
 (3.136743732182569E-003,0.000000000000000E+000)
 (-5.074198450473033E-003,0.000000000000000E+000)
 (-2.481345970966550E-003,0.000000000000000E+000)
 (5.425376597855440E-003,0.000000000000000E+000)
 (2.252013256446901E-003,0.000000000000000E+000)
         173
 (5.348898521067960E-003,0.000000000000000E+000)
 (1.053899523519049E-003,0.000000000000000E+000)
 (3.307859303090937E-003,0.000000000000000E+000)
 (2.223260331021121E-003,0.000000000000000E+000)
 (3.626673717517610E-003,0.000000000000000E+000)
 (-4.750547759003884E-003,0.000000000000000E+000)
 (-2.666411610240774E-003,0.000000000000000E+000)
 (5.138081967465611E-003,0.000000000000000E+000)
 (2.674643075959831E-003,0.000000000000000E+000)
         174
 (5.292992482299803E-003,0.000000000000000E+000)
 (9.546632519824774E-004,0.000000000000000E+000)
 (3.425813979338921E-003,0.000000000000000E+000)
 (2.174772399947328E-003,0.000000000000000E+000)
 (3.991436140836416E-003,0.000000000000000E+000)
 (-4.472376918983261E-003,0.000000000000000E+000)
 (-2.813884921980120E-003,0.000000000000000E+000)
 (4.880615573095378E-003,0.000000000000000E+000)
 (2.987473185974023E-003,0.000000000000000E+000)
         175
 (5.247524407123219E-003,0.000000000000000E+000)
 (9.048950380342951E-004,0.000000000000000E+000)
 (3.508276689514239E-003,0.000000000000000E+000)
 (2.098832783853790E-003,0.000000000000000E+000)
 (4.273890021832766E-003,0.000000000000000E+000)
 (-4.241711658057492E-003,0.000000000000000E+000)
 (-2.953259437548388E-003,0.000000000000000E+000)
 (4.645253686809923E-003,0.000000000000000E+000)
 (3.219197049438284E-003,0.000000000000000E+000)
         176
 (5.207165415156591E-003,0.000000000000000E+000)
 (9.083017168060680E-004,0.000000000000000E+000)
 (3.567039261607055E-003,0.000000000000000E+000)
 (1.990195369045600E-003,0.000000000000000E+000)
 (4.503669116297855E-003,0.000000000000000E+000)
 (-4.052090774814441E-003,0.000000000000000E+000)
 (-3.096433996653004E-003,0.000000000000000E+000)
 (4.422138085310545E-003,0.000000000000000E+000)
 (3.394133766105787E-003,0.000000000000000E+000)
         177
 (5.169102925204937E-003,0.000000000000000E+000)
 (9.540523185480848E-004,0.000000000000000E+000)
 (3.610195546713881E-003,0.000000000000000E+000)
 (1.851523684662789E-003,0.000000000000000E+000)
 (4.699055485353332E-003,0.000000000000000E+000)
 (-3.892825497515327E-003,0.000000000000000E+000)
 (-3.242774700341120E-003,0.000000000000000E+000)
 (4.203809520238251E-003,0.000000000000000E+000)
 (3.532102847282872E-003,0.000000000000000E+000)
         178
 (5.132974215842393E-003,0.000000000000000E+000)
 (1.020609103874351E-003,0.000000000000000E+000)
 (3.643389290206018E-003,0.000000000000000E+000)
 (1.694173945767167E-003,0.000000000000000E+000)
 (4.870497220536708E-003,0.000000000000000E+000)
 (-3.751184376917491E-003,0.000000000000000E+000)
 (-3.383149879089432E-003,0.000000000000000E+000)
 (3.987476225036954E-003,0.000000000000000E+000)
 (3.649340079217636E-003,0.000000000000000E+000)
         179
 (5.100829441147416E-003,0.000000000000000E+000)
 (1.082000495565707E-003,0.000000000000000E+000)
 (3.670717464382305E-003,0.000000000000000E+000)
 (1.534079102277356E-003,0.000000000000000E+000)
 (5.025484572211660E-003,0.000000000000000E+000)
 (-3.613095471451101E-003,0.000000000000000E+000)
 (-3.505922572402531E-003,0.000000000000000E+000)
 (3.773212491426915E-003,0.000000000000000E+000)
 (3.759617955891298E-003,0.000000000000000E+000)
         180
 (5.076013627460729E-003,0.000000000000000E+000)
 (-1.114768557946291E-003,0.000000000000000E+000)
 (3.695230639547320E-003,0.000000000000000E+000)
 (1.385001554611167E-003,0.000000000000000E+000)
 (-5.172362611053483E-003,0.000000000000000E+000)
 (-3.462916181039131E-003,0.000000000000000E+000)
 (-3.602666944217796E-003,0.000000000000000E+000)
 (-3.559116301189429E-003,0.000000000000000E+000)
 (3.875156100991295E-003,0.000000000000000E+000)
         181
 (5.061455725182648E-003,0.000000000000000E+000)
 (-1.101809982588413E-003,0.000000000000000E+000)
 (3.719009742886708E-003,0.000000000000000E+000)
 (1.253544464787393E-003,0.000000000000000E+000)
 (-5.321350513571007E-003,0.000000000000000E+000)
 (-3.282561157072392E-003,0.000000000000000E+000)
 (-3.670646398145512E-003,0.000000000000000E+000)
 (-3.336554545843371E-003,0.000000000000000E+000)
 (4.007132584005086E-003,0.000000000000000E+000)
         182
 (5.058644689550769E-003,0.000000000000000E+000)
 (-1.032196962176898E-003,0.000000000000000E+000)
 (3.742731101689589E-003,0.000000000000000E+000)
 (1.137868948962966E-003,0.000000000000000E+000)
 (-5.483186611083189E-003,0.000000000000000E+000)
 (-3.050126490233793E-003,0.000000000000000E+000)
 (-3.711969951827157E-003,0.000000000000000E+000)
 (-3.087488750216394E-003,0.000000000000000E+000)
 (4.165578598156742E-003,0.000000000000000E+000)
         183
 (5.067855401364165E-003,0.000000000000000E+000)
 (-8.992872924709065E-004,0.000000000000000E+000)
 (3.764502192835909E-003,0.000000000000000E+000)
 (1.028549669945750E-003,0.000000000000000E+000)
 (-5.666334333718040E-003,0.000000000000000E+000)
 (-2.738264698378262E-003,0.000000000000000E+000)
 (-3.731257156873607E-003,0.000000000000000E+000)
 (-2.783395470918651E-003,0.000000000000000E+000)
 (4.358185682729797E-003,0.000000000000000E+000)
         184
 (-5.089408042518757E-003,0.000000000000000E+000)
 (7.004913522669630E-004,0.000000000000000E+000)
 (3.777643499001270E-003,0.000000000000000E+000)
 (-9.087010619054074E-004,0.000000000000000E+000)
 (5.872542600340236E-003,0.000000000000000E+000)
 (-2.313192285713209E-003,0.000000000000000E+000)
 (3.733033742177981E-003,0.000000000000000E+000)
 (2.384514213836922E-003,0.000000000000000E+000)
 (4.587145496621215E-003,0.000000000000000E+000)
         185
 (-5.125863124180711E-003,0.000000000000000E+000)
 (4.430419123250165E-004,0.000000000000000E+000)
 (3.767305915304691E-003,0.000000000000000E+000)
 (-7.499301829636703E-004,0.000000000000000E+000)
 (6.089778032793866E-003,0.000000000000000E+000)
 (-1.736537069970955E-003,0.000000000000000E+000)
 (3.718398138479310E-003,0.000000000000000E+000)
 (1.838931792815227E-003,0.000000000000000E+000)
 (4.843056669968765E-003,0.000000000000000E+000)
         186
 (-5.186106491815866E-003,0.000000000000000E+000)
 (1.645814433921732E-004,0.000000000000000E+000)
 (3.706826832674847E-003,0.000000000000000E+000)
 (-4.960093309363785E-004,0.000000000000000E+000)
 (6.282579317655216E-003,0.000000000000000E+000)
 (-9.728949708971324E-004,0.000000000000000E+000)
 (3.677176493258291E-003,0.000000000000000E+000)
 (1.079566037472388E-003,0.000000000000000E+000)
 (5.096691374957560E-003,0.000000000000000E+000)
         187
 (-5.293739701031639E-003,0.000000000000000E+000)
 (1.228461164421131E-017,0.000000000000000E+000)
 (3.555231742253014E-003,0.000000000000000E+000)
 (1.413430648586397E-017,0.000000000000000E+000)
 (6.376782320528274E-003,0.000000000000000E+000)
 (-9.881085710517267E-019,0.000000000000000E+000)
 (3.555231742253014E-003,0.000000000000000E+000)
 (-7.059978408991770E-018,0.000000000000000E+000)
 (5.293739701031639E-003,0.000000000000000E+000)
         188
 (-6.180640844881257E-003,0.000000000000000E+000)
 (0.000000000000000E+000,0.000000000000000E+000)
 (1.569404826673944E-003,0.000000000000000E+000)
 (-1.569404826673943E-003,0.000000000000000E+000)
 (0.000000000000000E+000,0.000000000000000E+000)
 (-6.180640844881258E-003,0.000000000000000E+000)
 (0.000000000000000E+000,0.000000000000000E+000)
 (6.376782320528274E-003,0.000000000000000E+000)
 (0.000000000000000E+000,0.000000000000000E+000)
         189
 (5.837176026099651E-003,0.000000000000000E+000)
 (1.516526950242791E-003,0.000000000000000E+000)
 (2.071442688784009E-003,0.000000000000000E+000)
 (1.779815518290596E-003,0.000000000000000E+000)
 (1.317501616367250E-003,0.000000000000000E+000)
 (-5.979949746872762E-003,0.000000000000000E+000)
 (-1.850131218206266E-003,0.000000000000000E+000)
 (6.052081316659495E-003,0.000000000000000E+000)
 (7.827381269374933E-004,0.000000000000000E+000)
         190
 (5.567775806105220E-003,0.000000000000000E+000)
 (1.876506118441134E-003,0.000000000000000E+000)
 (2.478295810391549E-003,0.000000000000000E+000)
 (1.765772201438979E-003,0.000000000000000E+000)
 (2.274878212020360E-003,0.000000000000000E+000)
 (-5.689492984133330E-003,0.000000000000000E+000)
 (-2.558373285698679E-003,0.000000000000000E+000)
 (5.653937271612590E-003,0.000000000000000E+000)
 (1.466653409328633E-003,0.000000000000000E+000)
         191
 (5.401638107387343E-003,0.000000000000000E+000)
 (1.900201007854394E-003,0.000000000000000E+000)
 (2.806224269364797E-003,0.000000000000000E+000)
 (1.714217031605801E-003,0.000000000000000E+000)
 (3.022974453727967E-003,0.000000000000000E+000)
 (-5.346628674600721E-003,0.000000000000000E+000)
 (-2.923545533898085E-003,0.000000000000000E+000)
 (5.283390421430087E-003,0.000000000000000E+000)
 (2.049882906257652E-003,0.000000000000000E+000)
         192
 (5.289808608036137E-003,0.000000000000000E+000)
 (1.820214321009795E-003,0.000000000000000E+000)
 (3.060734794022445E-003,0.000000000000000E+000)
 (1.646997249427528E-003,0.000000000000000E+000)
 (3.608879669490333E-003,0.000000000000000E+000)
 (-4.992668660638266E-003,0.000000000000000E+000)
 (-3.157321287757540E-003,0.000000000000000E+000)
 (4.932155727481867E-003,0.000000000000000E+000)
 (2.523591672426994E-003,0.000000000000000E+000)
         193
 (5.206663383212208E-003,0.000000000000000E+000)
 (1.727264776436470E-003,0.000000000000000E+000)
 (3.251240620040454E-003,0.000000000000000E+000)
 (1.563563046060755E-003,0.000000000000000E+000)
 (4.060858510185429E-003,0.000000000000000E+000)
 (-4.661335809041195E-003,0.000000000000000E+000)
 (-3.333058622093582E-003,0.000000000000000E+000)
 (4.603187734140154E-003,0.000000000000000E+000)
 (2.892185275764886E-003,0.000000000000000E+000)
         194
 (5.139583875071498E-003,0.000000000000000E+000)
 (1.656821596690132E-003,0.000000000000000E+000)
 (3.391603242015225E-003,0.000000000000000E+000)
 (1.461669254588864E-003,0.000000000000000E+000)
 (4.409078082340937E-003,0.000000000000000E+000)
 (-4.368856396977627E-003,0.000000000000000E+000)
 (-3.480165706499714E-003,0.000000000000000E+000)
 (4.298642276808325E-003,0.000000000000000E+000)
 (3.173873657652654E-003,0.000000000000000E+000)
         195
 (5.082700586466752E-003,0.000000000000000E+000)
 (1.614585940180912E-003,0.000000000000000E+000)
 (3.496086348118800E-003,0.000000000000000E+000)
 (1.342792631930530E-003,0.000000000000000E+000)
 (4.682787151102614E-003,0.000000000000000E+000)
 (-4.114822621754590E-003,0.000000000000000E+000)
 (-3.609212581625750E-003,0.000000000000000E+000)
 (4.015964330349606E-003,0.000000000000000E+000)
 (3.392486964071636E-003,0.000000000000000E+000)
         196
 (5.034130664706599E-003,0.000000000000000E+000)
 (1.589587471498482E-003,0.000000000000000E+000)
 (3.576883124246266E-003,0.000000000000000E+000)
 (1.213012242896004E-003,0.000000000000000E+000)
 (4.906813861775490E-003,0.000000000000000E+000)
 (-3.887818384116503E-003,0.000000000000000E+000)
 (-3.721489286918218E-003,0.000000000000000E+000)
 (3.749632269935935E-003,0.000000000000000E+000)
 (3.571292215852685E-003,0.000000000000000E+000)
         197
 (4.994358607124371E-003,0.000000000000000E+000)
 (-1.563050086050369E-003,0.000000000000000E+000)
 (3.643708179223828E-003,0.000000000000000E+000)
 (1.080728878608422E-003,0.000000000000000E+000)
 (-5.101733098533332E-003,0.000000000000000E+000)
 (-3.669836133354353E-003,0.000000000000000E+000)
 (-3.814676913945199E-003,0.000000000000000E+000)
 (-3.491782722797821E-003,0.000000000000000E+000)
 (3.730823799429041E-003,0.000000000000000E+000)
         198
 (4.964843199857000E-003,0.000000000000000E+000)
 (-1.514235637964370E-003,0.000000000000000E+000)
 (3.704156475765340E-003,0.000000000000000E+000)
 (9.529675999286287E-004,0.000000000000000E+000)
 (-5.285422867040815E-003,0.000000000000000E+000)
 (-3.437951517030205E-003,0.000000000000000E+000)
 (-3.886584299577451E-003,0.000000000000000E+000)
 (-3.230286103843227E-003,0.000000000000000E+000)
 (3.888838764078213E-003,0.000000000000000E+000)
         199
 (4.946913354511759E-003,0.000000000000000E+000)
 (-1.423146426204057E-003,0.000000000000000E+000)
 (3.763782044159545E-003,0.000000000000000E+000)
 (8.324938568495075E-004,0.000000000000000E+000)
 (-5.473608823657164E-003,0.000000000000000E+000)
 (-3.163844684445212E-003,0.000000000000000E+000)
 (-3.936795016845940E-003,0.000000000000000E+000)
 (-2.945778922215144E-003,0.000000000000000E+000)
 (4.060466020073551E-003,0.000000000000000E+000)
         200
 (-4.941295066274255E-003,0.000000000000000E+000)
 (1.270991202370315E-003,0.000000000000000E+000)
 (3.825119239306525E-003,0.000000000000000E+000)
 (-7.166601153843459E-004,0.000000000000000E+000)
 (5.678018909148662E-003,0.000000000000000E+000)
 (-2.812445965662182E-003,0.000000000000000E+000)
 (3.966529227225356E-003,0.000000000000000E+000)
 (2.609221223708227E-003,0.000000000000000E+000)
 (4.256989929365527E-003,0.000000000000000E+000)
         201
 (-4.948391154962811E-003,0.000000000000000E+000)
 (1.041416083758738E-003,0.000000000000000E+000)
 (3.884871977475752E-003,0.000000000000000E+000)
 (-5.971935951172285E-004,0.000000000000000E+000)
 (5.900795254703562E-003,0.000000000000000E+000)
 (-2.342504628687177E-003,0.000000000000000E+000)
 (3.977453651626718E-003,0.000000000000000E+000)
 (2.181609650225838E-003,0.000000000000000E+000)
 (4.481494677739195E-003,0.000000000000000E+000)
         202
 (-4.969268537535194E-003,0.000000000000000E+000)
 (7.280497825764220E-004,0.000000000000000E+000)
 (3.929334101263881E-003,0.000000000000000E+000)
 (-4.592392961509267E-004,0.000000000000000E+000)
 (6.124483842294884E-003,0.000000000000000E+000)
 (-1.715561044597846E-003,0.000000000000000E+000)
 (3.969738308016738E-003,0.000000000000000E+000)
 (1.619874668905369E-003,0.000000000000000E+000)
 (4.720226327868727E-003,0.000000000000000E+000)
         203
 (-5.007502047592414E-003,0.000000000000000E+000)
 (3.541798816166320E-004,0.000000000000000E+000)
 (3.932280841727581E-003,0.000000000000000E+000)
 (-2.770678341671783E-004,0.000000000000000E+000)
 (6.303891521395336E-003,0.000000000000000E+000)
 (-9.206181972739216E-004,0.000000000000000E+000)
 (3.938465363822520E-003,0.000000000000000E+000)
 (8.937902781637348E-004,0.000000000000000E+000)
 (4.934874089582459E-003,0.000000000000000E+000)
         204
 (-5.072644766697659E-003,0.000000000000000E+000)
 (2.763196731483897E-018,0.000000000000000E+000)
 (3.864146456113798E-003,0.000000000000000E+000)
 (3.868360966672482E-018,0.000000000000000E+000)
 (6.376782320528274E-003,0.000000000000000E+000)
 (5.182300853665297E-019,0.000000000000000E+000)
 (3.864146456113798E-003,0.000000000000000E+000)
 (-2.756360428712283E-018,0.000000000000000E+000)
 (5.072644766697659E-003,0.000000000000000E+000)
         205
 (-6.248115524221985E-003,0.000000000000000E+000)
 (0.000000000000000E+000,0.000000000000000E+000)
 (1.274521541355105E-003,0.000000000000000E+000)
 (-1.274521541355105E-003,0.000000000000000E+000)
 (0.000000000000000E+000,0.000000000000000E+000)
 (-6.248115524221985E-003,0.000000000000000E+000)
 (0.000000000000000E+000,0.000000000000000E+000)
 (6.376782320528274E-003,0.000000000000000E+000)
 (0.000000000000000E+000,0.000000000000000E+000)
         206
 (5.853232533868832E-003,0.000000000000000E+000)
 (1.843783452170171E-003,0.000000000000000E+000)
 (1.733056331849851E-003,0.000000000000000E+000)
 (1.438208805921117E-003,0.000000000000000E+000)
 (1.169319946786848E-003,0.000000000000000E+000)
 (-6.101442375047012E-003,0.000000000000000E+000)
 (-2.081964720746337E-003,0.000000000000000E+000)
 (5.991369309844938E-003,0.000000000000000E+000)
 (6.574720207109807E-004,0.000000000000000E+000)
         207
 (5.526111757173629E-003,0.000000000000000E+000)
 (2.353240657796235E-003,0.000000000000000E+000)
 (2.141891691268285E-003,0.000000000000000E+000)
 (1.393877295792153E-003,0.000000000000000E+000)
 (2.068417286820385E-003,0.000000000000000E+000)
 (-5.868739964869777E-003,0.000000000000000E+000)
 (-2.860515284857700E-003,0.000000000000000E+000)
 (5.554031067385138E-003,0.000000000000000E+000)
 (1.278101706053996E-003,0.000000000000000E+000)
         208
 (5.325937945959678E-003,0.000000000000000E+000)
 (2.450744112036161E-003,0.000000000000000E+000)
 (2.508304418628022E-003,0.000000000000000E+000)
 (1.317581891856167E-003,0.000000000000000E+000)
 (2.828469766581129E-003,0.000000000000000E+000)
 (-5.561212952332539E-003,0.000000000000000E+000)
 (-3.249879338904984E-003,0.000000000000000E+000)
 (5.163038334184491E-003,0.000000000000000E+000)
 (1.855982813956507E-003,0.000000000000000E+000)
         209
 (5.193348789592167E-003,0.000000000000000E+000)
 (2.392541286529371E-003,0.000000000000000E+000)
 (2.822804864898730E-003,0.000000000000000E+000)
 (1.229672976806288E-003,0.000000000000000E+000)
 (3.472206161672044E-003,0.000000000000000E+000)
 (-5.205289761805873E-003,0.000000000000000E+000)
 (-3.490040899925947E-003,0.000000000000000E+000)
 (4.783605682589344E-003,0.000000000000000E+000)
 (2.366449651639562E-003,0.000000000000000E+000)
         210
 (5.097692633539716E-003,0.000000000000000E+000)
 (2.280439667245824E-003,0.000000000000000E+000)
 (3.078388783342456E-003,0.000000000000000E+000)
 (1.131901719307983E-003,0.000000000000000E+000)
 (3.998701306249452E-003,0.000000000000000E+000)
 (-4.836583414418542E-003,0.000000000000000E+000)
 (-3.660011075828120E-003,0.000000000000000E+000)
 (4.412860246014218E-003,0.000000000000000E+000)
 (2.791833830543073E-003,0.000000000000000E+000)
         211
 (5.024443690516797E-003,0.000000000000000E+000)
 (2.159916242776609E-003,0.000000000000000E+000)
 (3.279188952838443E-003,0.000000000000000E+000)
 (1.024994581267196E-003,0.000000000000000E+000)
 (4.419273757141596E-003,0.000000000000000E+000)
 (-4.481379065780358E-003,0.000000000000000E+000)
 (-3.790475494262006E-003,0.000000000000000E+000)
 (4.058094879008046E-003,0.000000000000000E+000)
 (3.134886639700044E-003,0.000000000000000E+000)
         212
 (4.966984700282945E-003,0.000000000000000E+000)
 (-2.043458997535754E-003,0.000000000000000E+000)
 (3.437541428979040E-003,0.000000000000000E+000)
 (9.116142729566203E-004,0.000000000000000E+000)
 (-4.758523009600424E-003,0.000000000000000E+000)
 (-4.145934267188404E-003,0.000000000000000E+000)
 (-3.893761056857349E-003,0.000000000000000E+000)
 (-3.720764283839470E-003,0.000000000000000E+000)
 (3.414365349462129E-003,0.000000000000000E+000)
         213
 (4.922717874222309E-003,0.000000000000000E+000)
 (-1.923164074251213E-003,0.000000000000000E+000)
 (3.568142575307722E-003,0.000000000000000E+000)
 (7.957441026676293E-004,0.000000000000000E+000)
 (-5.045609591897106E-003,0.000000000000000E+000)
 (-3.817324708827842E-003,0.000000000000000E+000)
 (-3.974543095411578E-003,0.000000000000000E+000)
 (-3.392140408807889E-003,0.000000000000000E+000)
 (3.655098274061966E-003,0.000000000000000E+000)
         214
 (4.890978811056605E-003,0.000000000000000E+000)
 (-1.779521677667018E-003,0.000000000000000E+000)
 (3.684424192721360E-003,0.000000000000000E+000)
 (6.807660242881037E-004,0.000000000000000E+000)
 (-5.308164333379366E-003,0.000000000000000E+000)
 (-3.467463308157150E-003,0.000000000000000E+000)
 (-4.034629679830883E-003,0.000000000000000E+000)
 (-3.052875164816655E-003,0.000000000000000E+000)
 (3.881374671179709E-003,0.000000000000000E+000)
         215
 (-4.871846860493183E-003,0.000000000000000E+000)
 (1.586174133274104E-003,0.000000000000000E+000)
 (3.796381507466922E-003,0.000000000000000E+000)
 (-5.675870249871362E-004,0.000000000000000E+000)
 (5.568514771964761E-003,0.000000000000000E+000)
 (-3.054969879864360E-003,0.000000000000000E+000)
 (4.075083545201363E-003,0.000000000000000E+000)
 (2.671899626996560E-003,0.000000000000000E+000)
 (4.113149553114580E-003,0.000000000000000E+000)
         216
 (-4.865624548437489E-003,0.000000000000000E+000)
 (1.313329782946055E-003,0.000000000000000E+000)
 (3.906944509238809E-003,0.000000000000000E+000)
 (-4.534567413644855E-004,0.000000000000000E+000)
 (5.837164382096692E-003,0.000000000000000E+000)
 (-2.526903584131133E-003,0.000000000000000E+000)
 (4.096758169669709E-003,0.000000000000000E+000)
 (2.205907890418486E-003,0.000000000000000E+000)
 (4.360492591627223E-003,0.000000000000000E+000)
         217
 (-4.872923776613647E-003,0.000000000000000E+000)
 (9.381341846029382E-004,0.000000000000000E+000)
 (4.004731062430375E-003,0.000000000000000E+000)
 (-3.311854773152740E-004,0.000000000000000E+000)
 (6.099052981718754E-003,0.000000000000000E+000)
 (-1.831726417674049E-003,0.000000000000000E+000)
 (4.099790581277389E-003,0.000000000000000E+000)
 (1.607734350341789E-003,0.000000000000000E+000)
 (4.611969233614012E-003,0.000000000000000E+000)
         218
 (-4.895361765829066E-003,0.000000000000000E+000)
 (4.734705924342735E-004,0.000000000000000E+000)
 (4.058892896241639E-003,0.000000000000000E+000)
 (-1.877144960644947E-004,0.000000000000000E+000)
 (6.301093704240446E-003,0.000000000000000E+000)
 (-9.614229879457925E-004,0.000000000000000E+000)
 (4.082101078247347E-003,0.000000000000000E+000)
 (8.575526175595884E-004,0.000000000000000E+000)
 (4.823319091506440E-003,0.000000000000000E+000)
         219
 (-4.937057599067615E-003,0.000000000000000E+000)
 (-1.956782852381765E-018,0.000000000000000E+000)
 (4.035940414189819E-003,0.000000000000000E+000)
 (-4.517098726577330E-018,0.000000000000000E+000)
 (6.376782320528274E-003,0.000000000000000E+000)
 (-2.433930456720641E-018,0.000000000000000E+000)
 (4.035940414189819E-003,0.000000000000000E+000)
 (4.743332082241719E-018,0.000000000000000E+000)
 (4.937057599067615E-003,0.000000000000000E+000)
         220
 (-6.288687679760151E-003,0.000000000000000E+000)
 (0.000000000000000E+000,0.000000000000000E+000)
 (1.056295427347310E-003,0.000000000000000E+000)
 (-1.056295427347310E-003,0.000000000000000E+000)
 (0.000000000000000E+000,0.000000000000000E+000)
 (-6.288687679760153E-003,0.000000000000000E+000)
 (0.000000000000000E+000,0.000000000000000E+000)
 (6.376782320528274E-003,0.000000000000000E+000)
 (0.000000000000000E+000,0.000000000000000E+000)
         221
 (-5.819494168679685E-003,0.000000000000000E+000)
 (2.161893553848646E-003,0.000000000000000E+000)
 (1.457071256299012E-003,0.000000000000000E+000)
 (-1.162324636641599E-003,0.000000000000000E+000)
 (1.038633007912675E-003,0.000000000000000E+000)
 (-6.183332085318741E-003,0.000000000000000E+000)
 (2.333632752418657E-003,0.000000000000000E+000)
 (5.908537086293350E-003,0.000000000000000E+000)
 (5.538054172152692E-004,0.000000000000000E+000)
         222
 (-5.447388843723268E-003,0.000000000000000E+000)
 (2.760745822404058E-003,0.000000000000000E+000)
 (1.835099466721020E-003,0.000000000000000E+000)
 (-1.090382894316403E-003,0.000000000000000E+000)
 (1.841402018968937E-003,0.000000000000000E+000)
 (-6.006967330668718E-003,0.000000000000000E+000)
 (3.130554694053982E-003,0.000000000000000E+000)
 (5.445261598125256E-003,0.000000000000000E+000)
 (1.100956946897072E-003,0.000000000000000E+000)
         223
 (5.231369472894840E-003,0.000000000000000E+000)
 (2.905474736149568E-003,0.000000000000000E+000)
 (2.203257306594606E-003,0.000000000000000E+000)
 (9.993269929702770E-004,0.000000000000000E+000)
 (2.563132172697245E-003,0.000000000000000E+000)
 (-5.752829894044083E-003,0.000000000000000E+000)
 (-3.506775122899513E-003,0.000000000000000E+000)
 (5.064772727999043E-003,0.000000000000000E+000)
 (1.647409546692078E-003,0.000000000000000E+000)
         224
 (5.093880653068833E-003,0.000000000000000E+000)
 (2.862353533957834E-003,0.000000000000000E+000)
 (2.553950841800231E-003,0.000000000000000E+000)
 (9.031375017953370E-004,0.000000000000000E+000)
 (3.231272916386294E-003,0.000000000000000E+000)
 (-5.422782565812617E-003,0.000000000000000E+000)
 (-3.728280476110117E-003,0.000000000000000E+000)
 (4.693523234188736E-003,0.000000000000000E+000)
 (2.175802634658899E-003,0.000000000000000E+000)
         225
 (4.998997516169493E-003,0.000000000000000E+000)
 (2.724777245014045E-003,0.000000000000000E+000)
 (2.872101245044625E-003,0.000000000000000E+000)
 (8.029594898302307E-004,0.000000000000000E+000)
 (3.832180602877478E-003,0.000000000000000E+000)
 (-5.033189907804310E-003,0.000000000000000E+000)
 (-3.876678043689570E-003,0.000000000000000E+000)
 (4.307358071415151E-003,0.000000000000000E+000)
 (2.661087475749702E-003,0.000000000000000E+000)
         226
 (4.930429896208878E-003,0.000000000000000E+000)
 (-2.536571204158601E-003,0.000000000000000E+000)
 (3.149606376708850E-003,0.000000000000000E+000)
 (6.994167130235558E-004,0.000000000000000E+000)
 (-4.356716656251652E-003,0.000000000000000E+000)
 (-4.603606086763364E-003,0.000000000000000E+000)
 (-3.983093027223314E-003,0.000000000000000E+000)
 (-3.904891709993349E-003,0.000000000000000E+000)
 (3.090330634917922E-003,0.000000000000000E+000)
         227
 (4.880633047601514E-003,0.000000000000000E+000)
 (-2.311652260821492E-003,0.000000000000000E+000)
 (3.391023096810284E-003,0.000000000000000E+000)
 (5.937768166779826E-004,0.000000000000000E+000)
 (-4.815779900900243E-003,0.000000000000000E+000)
 (-4.137516864190762E-003,0.000000000000000E+000)
 (-4.060813084843686E-003,0.000000000000000E+000)
 (-3.482510665385837E-003,0.000000000000000E+000)
 (3.470629527742508E-003,0.000000000000000E+000)
         228
 (-4.846210664365466E-003,0.000000000000000E+000)
 (2.037854596078883E-003,0.000000000000000E+000)
 (3.608980964930762E-003,0.000000000000000E+000)
 (-4.871398903810351E-004,0.000000000000000E+000)
 (5.234151792468897E-003,0.000000000000000E+000)
 (-3.609667921567877E-003,0.000000000000000E+000)
 (4.115858317191199E-003,0.000000000000000E+000)
 (3.018966118067040E-003,0.000000000000000E+000)
 (3.822159946178762E-003,0.000000000000000E+000)
         229
 (-4.825809580192673E-003,0.000000000000000E+000)
 (1.681843556467492E-003,0.000000000000000E+000)
 (3.813963412343039E-003,0.000000000000000E+000)
 (-3.792123675843578E-004,0.000000000000000E+000)
 (5.633341558786224E-003,0.000000000000000E+000)
 (-2.963952365630227E-003,0.000000000000000E+000)
 (4.151037537699900E-003,0.000000000000000E+000)
 (2.469861918614628E-003,0.000000000000000E+000)
 (4.163174537175397E-003,0.000000000000000E+000)
         230
 (-4.819173658458544E-003,0.000000000000000E+000)
 (1.204522044812703E-003,0.000000000000000E+000)
 (3.998505302807721E-003,0.000000000000000E+000)
 (-2.671873105101794E-004,0.000000000000000E+000)
 (6.004309273194629E-003,0.000000000000000E+000)
 (-2.130782451667292E-003,0.000000000000000E+000)
 (4.167436736667226E-003,0.000000000000000E+000)
 (1.777849700844018E-003,0.000000000000000E+000)
 (4.487212302809753E-003,0.000000000000000E+000)
         231
 (-4.826913365869516E-003,0.000000000000000E+000)
 (6.090829105788756E-004,0.000000000000000E+000)
 (4.122290398532464E-003,0.000000000000000E+000)
 (-1.446723616731152E-004,0.000000000000000E+000)
 (6.279997678181952E-003,0.000000000000000E+000)
 (-1.097292956871215E-003,0.000000000000000E+000)
 (4.164532390264254E-003,0.000000000000000E+000)
 (9.241211681765646E-004,0.000000000000000E+000)
 (4.739833625811127E-003,0.000000000000000E+000)
         232
 (-4.850891242275506E-003,0.000000000000000E+000)
 (0.000000000000000E+000,0.000000000000000E+000)
 (4.139107019517225E-003,0.000000000000000E+000)
 (0.000000000000000E+000,0.000000000000000E+000)
 (6.376782320528274E-003,0.000000000000000E+000)
 (0.000000000000000E+000,0.000000000000000E+000)
 (4.139107019517225E-003,0.000000000000000E+000)
 (0.000000000000000E+000,0.000000000000000E+000)
 (4.850891242275506E-003,0.000000000000000E+000)
         233
 (-6.316843948452818E-003,0.000000000000000E+000)
 (0.000000000000000E+000,0.000000000000000E+000)
 (8.722587312815980E-004,0.000000000000000E+000)
 (-8.722587312815983E-004,0.000000000000000E+000)
 (0.000000000000000E+000,0.000000000000000E+000)
 (-6.316843948452817E-003,0.000000000000000E+000)
 (0.000000000000000E+000,0.000000000000000E+000)
 (6.376782320528274E-003,0.000000000000000E+000)
 (0.000000000000000E+000,0.000000000000000E+000)
         234
 (-5.751773757614321E-003,0.000000000000000E+000)
 (2.476109493156899E-003,0.000000000000000E+000)
 (1.203882545151105E-003,0.000000000000000E+000)
 (-9.184432084327395E-004,0.000000000000000E+000)
 (9.030242719373866E-004,0.000000000000000E+000)
 (-6.245347228183371E-003,0.000000000000000E+000)
 (2.595556487057254E-003,0.000000000000000E+000)
 (5.806615339902601E-003,0.000000000000000E+000)
 (4.578838065544259E-004,0.000000000000000E+000)
         235
 (-5.353158298054298E-003,0.000000000000000E+000)
 (3.112273632933076E-003,0.000000000000000E+000)
 (1.523417813051932E-003,0.000000000000000E+000)
 (-8.276324278387194E-004,0.000000000000000E+000)
 (1.573981957749470E-003,0.000000000000000E+000)
 (-6.123802586993714E-003,0.000000000000000E+000)
 (3.364828905570710E-003,0.000000000000000E+000)
 (5.338509754025994E-003,0.000000000000000E+000)
 (9.173836742645559E-004,0.000000000000000E+000)
         236
 (-5.138437066352191E-003,0.000000000000000E+000)
 (3.290133938852261E-003,0.000000000000000E+000)
 (1.853331039763905E-003,0.000000000000000E+000)
 (-7.310243678653035E-004,0.000000000000000E+000)
 (2.203772670180142E-003,0.000000000000000E+000)
 (-5.939052294361130E-003,0.000000000000000E+000)
 (3.704783482489495E-003,0.000000000000000E+000)
 (4.998175411685903E-003,0.000000000000000E+000)
 (1.398633141782871E-003,0.000000000000000E+000)
         237
 (5.008061443119115E-003,0.000000000000000E+000)
 (3.275403659766149E-003,0.000000000000000E+000)
 (2.203271252237492E-003,0.000000000000000E+000)
 (6.342333316540879E-004,0.000000000000000E+000)
 (2.845291282413239E-003,0.000000000000000E+000)
 (-5.671456458674801E-003,0.000000000000000E+000)
 (-3.896206029763391E-003,0.000000000000000E+000)
 (4.673264506446827E-003,0.000000000000000E+000)
 (1.908803339744994E-003,0.000000000000000E+000)
         238
 (4.922177561131692E-003,0.000000000000000E+000)
 (3.131745818969297E-003,0.000000000000000E+000)
 (2.574429829197515E-003,0.000000000000000E+000)
 (5.365749108964270E-004,0.000000000000000E+000)
 (3.510519398892338E-003,0.000000000000000E+000)
 (-5.296384963198860E-003,0.000000000000000E+000)
 (-4.018408663275814E-003,0.000000000000000E+000)
 (4.304854752343083E-003,0.000000000000000E+000)
 (2.446215472835743E-003,0.000000000000000E+000)
         239
 (4.863697586286596E-003,0.000000000000000E+000)
 (2.864646269470683E-003,0.000000000000000E+000)
 (2.966749113652789E-003,0.000000000000000E+000)
 (4.374716396291545E-004,0.000000000000000E+000)
 (4.203053956490160E-003,0.000000000000000E+000)
 (-4.775595121736614E-003,0.000000000000000E+000)
 (-4.100782500581089E-003,0.000000000000000E+000)
 (3.845970872620081E-003,0.000000000000000E+000)
 (3.009226427719888E-003,0.000000000000000E+000)
         240
 (4.824853519114738E-003,0.000000000000000E+000)
 (2.438004302143443E-003,0.000000000000000E+000)
 (3.382347750486064E-003,0.000000000000000E+000)
 (3.364460096902375E-004,0.000000000000000E+000)
 (4.928482669935648E-003,0.000000000000000E+000)
 (-4.032395741753214E-003,0.000000000000000E+000)
 (-4.155832692139038E-003,0.000000000000000E+000)
 (3.229480818688354E-003,0.000000000000000E+000)
 (3.600397344748821E-003,0.000000000000000E+000)
         241
 (-4.802191650601600E-003,0.000000000000000E+000)
 (1.777845375386071E-003,0.000000000000000E+000)
 (-3.800207091134984E-003,0.000000000000000E+000)
 (-2.323014043304399E-004,0.000000000000000E+000)
 (5.654425785040480E-003,0.000000000000000E+000)
 (2.938853154279304E-003,0.000000000000000E+000)
 (4.189074381273311E-003,0.000000000000000E+000)
 (2.351613834388986E-003,0.000000000000000E+000)
 (-4.193437845666955E-003,0.000000000000000E+000)
         242
 (-4.794522824677452E-003,0.000000000000000E+000)
 (-8.805866758616076E-004,0.000000000000000E+000)
 (4.111018213696444E-003,0.000000000000000E+000)
 (-1.221079430937313E-004,0.000000000000000E+000)
 (-6.203543948917563E-003,0.000000000000000E+000)
 (-1.471218844184526E-003,0.000000000000000E+000)
 (4.202498458926823E-003,0.000000000000000E+000)
 (-1.184889169308775E-003,0.000000000000000E+000)
 (4.647407570094795E-003,0.000000000000000E+000)
         243
 (-4.802154937322960E-003,0.000000000000000E+000)
 (-2.711840867800364E-019,0.000000000000000E+000)
 (4.195552492979523E-003,0.000000000000000E+000)
 (-2.024987651471514E-018,0.000000000000000E+000)
 (6.376782320528274E-003,0.000000000000000E+000)
 (-1.905594691455440E-018,0.000000000000000E+000)
 (4.195552492979523E-003,0.000000000000000E+000)
 (2.767367938636377E-018,0.000000000000000E+000)
 (4.802154937322960E-003,0.000000000000000E+000)
         244
 (-6.338261139214085E-003,0.000000000000000E+000)
 (0.000000000000000E+000,0.000000000000000E+000)
 (6.998560527212270E-004,0.000000000000000E+000)
 (-6.998560527212275E-004,0.000000000000000E+000)
 (0.000000000000000E+000,0.000000000000000E+000)
 (-6.338261139214083E-003,0.000000000000000E+000)
 (0.000000000000000E+000,0.000000000000000E+000)
 (6.376782320528274E-003,0.000000000000000E+000)
 (0.000000000000000E+000,0.000000000000000E+000)
         245
 (-5.666112348911891E-003,0.000000000000000E+000)
 (2.766557090241858E-003,0.000000000000000E+000)
 (9.511495567694045E-004,0.000000000000000E+000)
 (-6.927864950968443E-004,0.000000000000000E+000)
 (7.453811102877145E-004,0.000000000000000E+000)
 (-6.295062083573093E-003,0.000000000000000E+000)
 (2.842282618798061E-003,0.000000000000000E+000)
 (5.696834351660643E-003,0.000000000000000E+000)
 (3.617466627623246E-004,0.000000000000000E+000)
         246
 (-5.262664041122386E-003,0.000000000000000E+000)
 (3.400297616203351E-003,0.000000000000000E+000)
 (1.185620544238829E-003,0.000000000000000E+000)
 (-5.939367814061901E-004,0.000000000000000E+000)
 (1.251150170204656E-003,0.000000000000000E+000)
 (-6.224565455892616E-003,0.000000000000000E+000)
 (3.551754362758244E-003,0.000000000000000E+000)
 (5.247471022906239E-003,0.000000000000000E+000)
 (7.158502453649811E-004,0.000000000000000E+000)
         247
 (5.061314516180560E-003,0.000000000000000E+000)
 (3.606795106816614E-003,0.000000000000000E+000)
 (1.427402252045877E-003,0.000000000000000E+000)
 (4.978566299502875E-004,0.000000000000000E+000)
 (1.723123260354337E-003,0.000000000000000E+000)
 (-6.119341285550462E-003,0.000000000000000E+000)
 (-3.846893150025934E-003,0.000000000000000E+000)
 (4.968423094953926E-003,0.000000000000000E+000)
 (1.086065285889378E-003,0.000000000000000E+000)
         248
 (4.944414963640289E-003,0.000000000000000E+000)
 (3.650238495632243E-003,0.000000000000000E+000)
 (1.700550603697638E-003,0.000000000000000E+000)
 (4.033673524563396E-004,0.000000000000000E+000)
 (2.230399197720260E-003,0.000000000000000E+000)
 (-5.960366344544867E-003,0.000000000000000E+000)
 (-4.006670464326250E-003,0.000000000000000E+000)
 (4.729104683469719E-003,0.000000000000000E+000)
 (1.498503735892045E-003,0.000000000000000E+000)
         249
 (4.870979753698918E-003,0.000000000000000E+000)
 (3.569826671929538E-003,0.000000000000000E+000)
 (2.047741813519878E-003,0.000000000000000E+000)
 (3.082617470063454E-004,0.000000000000000E+000)
 (2.847528937581713E-003,0.000000000000000E+000)
 (-5.697359599706634E-003,0.000000000000000E+000)
 (-4.103886413850874E-003,0.000000000000000E+000)
 (4.450985199415656E-003,0.000000000000000E+000)
 (2.002548331550319E-003,0.000000000000000E+000)
         250
 (4.824464055441949E-003,0.000000000000000E+000)
 (-3.266095182203256E-003,0.000000000000000E+000)
 (-2.592396883569193E-003,0.000000000000000E+000)
 (2.108269942791871E-004,0.000000000000000E+000)
 (-3.768294099212264E-003,0.000000000000000E+000)
 (5.139928435662039E-003,0.000000000000000E+000)
 (-4.164546952506812E-003,0.000000000000000E+000)
 (-3.974409969546759E-003,0.000000000000000E+000)
 (-2.742985023243019E-003,0.000000000000000E+000)
         251
 (-4.797708306963663E-003,0.000000000000000E+000)
 (2.104913644456191E-003,0.000000000000000E+000)
 (-3.635201000505472E-003,0.000000000000000E+000)
 (-1.091181170226224E-004,0.000000000000000E+000)
 (5.454109509091321E-003,0.000000000000000E+000)
 (3.302141042229878E-003,0.000000000000000E+000)
 (4.199219094216361E-003,0.000000000000000E+000)
 (2.546641077109954E-003,0.000000000000000E+000)
 (-4.067496894472931E-003,0.000000000000000E+000)
         252
 (-4.787866635417618E-003,0.000000000000000E+000)
 (-4.550671872600012E-018,0.000000000000000E+000)
 (4.211850643702450E-003,0.000000000000000E+000)
 (1.163708149103787E-019,0.000000000000000E+000)
 (-6.376782320528274E-003,0.000000000000000E+000)
 (-6.757475136073692E-018,0.000000000000000E+000)
 (4.211850643702450E-003,0.000000000000000E+000)
 (-4.996838789589292E-018,0.000000000000000E+000)
 (4.787866635417618E-003,0.000000000000000E+000)
         253
 (-6.354863661254766E-003,0.000000000000000E+000)
 (0.000000000000000E+000,0.000000000000000E+000)
 (5.282618765968575E-004,0.000000000000000E+000)
 (-5.282618765968578E-004,0.000000000000000E+000)
 (0.000000000000000E+000,0.000000000000000E+000)
 (-6.354863661254767E-003,0.000000000000000E+000)
 (0.000000000000000E+000,0.000000000000000E+000)
 (6.376782320528274E-003,0.000000000000000E+000)
 (0.000000000000000E+000,0.000000000000000E+000)
         254
 (-5.581810331696479E-003,0.000000000000000E+000)
 (3.005247392612028E-003,0.000000000000000E+000)
 (6.893723910681496E-004,0.000000000000000E+000)
 (-4.814977134092865E-004,0.000000000000000E+000)
 (5.586392742285031E-004,0.000000000000000E+000)
 (-6.333990438631327E-003,0.000000000000000E+000)
 (3.045473056250873E-003,0.000000000000000E+000)
 (5.596406260618507E-003,0.000000000000000E+000)
 (2.620755485769383E-004,0.000000000000000E+000)
         255
 (-5.190756542880124E-003,0.000000000000000E+000)
 (3.613308085699926E-003,0.000000000000000E+000)
 (8.144961348985661E-004,0.000000000000000E+000)
 (-3.826734872283846E-004,0.000000000000000E+000)
 (8.715853227593737E-004,0.000000000000000E+000)
 (-6.305335263943139E-003,0.000000000000000E+000)
 (3.684149871832257E-003,0.000000000000000E+000)
 (5.181476282524888E-003,0.000000000000000E+000)
 (4.926418769373865E-004,0.000000000000000E+000)
         256
 (5.007880771258988E-003,0.000000000000000E+000)
 (3.841418476512864E-003,0.000000000000000E+000)
 (9.099379278621256E-004,0.000000000000000E+000)
 (2.890724013301964E-004,0.000000000000000E+000)
 (1.109055577356801E-003,0.000000000000000E+000)
 (-6.272940748685971E-003,0.000000000000000E+000)
 (-3.937120786951505E-003,0.000000000000000E+000)
 (4.967580153157200E-003,0.000000000000000E+000)
 (6.968357728439414E-004,0.000000000000000E+000)
         257
 (4.906065039046329E-003,0.000000000000000E+000)
 (3.957788979162325E-003,0.000000000000000E+000)
 (9.642535934444523E-004,0.000000000000000E+000)
 (1.960483028991285E-004,0.000000000000000E+000)
 (1.278297413205924E-003,0.000000000000000E+000)
 (-6.244267254828496E-003,0.000000000000000E+000)
 (-4.068838121500986E-003,0.000000000000000E+000)
 (4.833757842839692E-003,0.000000000000000E+000)
 (8.617970881872641E-004,0.000000000000000E+000)
         258
 (-4.845671905985375E-003,0.000000000000000E+000)
 (4.043935587785776E-003,0.000000000000000E+000)
 (9.107148317589502E-004,0.000000000000000E+000)
 (-1.005772622106643E-004,0.000000000000000E+000)
 (1.285883246188850E-003,0.000000000000000E+000)
 (-6.244977282176372E-003,0.000000000000000E+000)
 (4.143995747738195E-003,0.000000000000000E+000)
 (4.759878360043719E-003,0.000000000000000E+000)
 (9.133509751006087E-004,0.000000000000000E+000)
         259
 (-4.811580546769004E-003,0.000000000000000E+000)
 (4.184739586325061E-003,0.000000000000000E+000)
 (1.813691157035432E-018,0.000000000000000E+000)
 (1.031592771415554E-018,0.000000000000000E+000)
 (6.107472875733705E-018,0.000000000000000E+000)
 (-6.376782320528273E-003,0.000000000000000E+000)
 (4.184739586325061E-003,0.000000000000000E+000)
 (4.811580546769004E-003,0.000000000000000E+000)
 (5.285352877392396E-018,0.000000000000000E+000)
         260
 (-6.366945676573363E-003,0.000000000000000E+000)
 (0.000000000000000E+000,0.000000000000000E+000)
 (3.540558076994674E-004,0.000000000000000E+000)
 (-3.540558076994674E-004,0.000000000000000E+000)
 (0.000000000000000E+000,0.000000000000000E+000)
 (-6.366945676573363E-003,0.000000000000000E+000)
 (0.000000000000000E+000,0.000000000000000E+000)
 (6.376782320528274E-003,0.000000000000000E+000)
 (0.000000000000000E+000,0.000000000000000E+000)
         261
 (-5.516598855369551E-003,0.000000000000000E+000)
 (3.171105427533808E-003,0.000000000000000E+000)
 (4.178279547887311E-004,0.000000000000000E+000)
 (-2.828402010691164E-004,0.000000000000000E+000)
 (3.461028458852745E-004,0.000000000000000E+000)
 (-6.361097940146122E-003,0.000000000000000E+000)
 (3.185983561319250E-003,0.000000000000000E+000)
 (5.521562817802374E-003,0.000000000000000E+000)
 (1.587625883757547E-004,0.000000000000000E+000)
         262
 (5.145718171535949E-003,0.000000000000000E+000)
 (3.743348084044542E-003,0.000000000000000E+000)
 (4.150691318404134E-004,0.000000000000000E+000)
 (1.872388642238704E-004,0.000000000000000E+000)
 (4.476350011421318E-004,0.000000000000000E+000)
 (-6.358295154904231E-003,0.000000000000000E+000)
 (-3.761632474106269E-003,0.000000000000000E+000)
 (5.142987535551154E-003,0.000000000000000E+000)
 (2.513028100053953E-004,0.000000000000000E+000)
         263
 (-4.980960523277509E-003,0.000000000000000E+000)
 (3.969240876344604E-003,0.000000000000000E+000)
 (3.138660454845551E-004,0.000000000000000E+000)
 (-9.476020806878119E-005,0.000000000000000E+000)
 (3.843551740196299E-004,0.000000000000000E+000)
 (-6.364483040009853E-003,0.000000000000000E+000)
 (3.980503175720347E-003,0.000000000000000E+000)
 (4.976017557159683E-003,0.000000000000000E+000)
 (2.412395123539778E-004,0.000000000000000E+000)
         264
 (4.893343924678151E-003,0.000000000000000E+000)
 (4.088830884032426E-003,0.000000000000000E+000)
 (3.886799710279983E-018,0.000000000000000E+000)
 (-1.209403714830820E-018,0.000000000000000E+000)
 (-3.510223022896006E-018,0.000000000000000E+000)
 (6.376782320528274E-003,0.000000000000000E+000)
 (-4.088830884032426E-003,0.000000000000000E+000)
 (4.893343924678151E-003,0.000000000000000E+000)
 (1.918158818674624E-018,0.000000000000000E+000)
         265
 (-6.374310005401052E-003,0.000000000000000E+000)
 (0.000000000000000E+000,0.000000000000000E+000)
 (1.775520161699058E-004,0.000000000000000E+000)
 (-1.775520161699058E-004,0.000000000000000E+000)
 (0.000000000000000E+000,0.000000000000000E+000)
 (-6.374310005401052E-003,0.000000000000000E+000)
 (0.000000000000000E+000,0.000000000000000E+000)
 (6.376782320528274E-003,0.000000000000000E+000)
 (0.000000000000000E+000,0.000000000000000E+000)
         266
 (-5.481703077906152E-003,0.000000000000000E+000)
 (3.254949205637343E-003,0.000000000000000E+000)
 (1.399635588180500E-004,0.000000000000000E+000)
 (-9.319223919839316E-005,0.000000000000000E+000)
 (1.171812211979091E-004,0.000000000000000E+000)
 (-6.375024433784840E-003,0.000000000000000E+000)
 (3.256623916823890E-003,0.000000000000000E+000)
 (5.482237407621214E-003,0.000000000000000E+000)
 (5.316421965222732E-005,0.000000000000000E+000)
         267
 (5.130527203402848E-003,0.000000000000000E+000)
 (3.786957007749801E-003,0.000000000000000E+000)
 (-1.863140362930432E-018,0.000000000000000E+000)
 (1.499014994600057E-018,0.000000000000000E+000)
 (1.106456532334068E-018,0.000000000000000E+000)
 (6.376782320528274E-003,0.000000000000000E+000)
 (-3.786957007749801E-003,0.000000000000000E+000)
 (5.130527203402848E-003,0.000000000000000E+000)
 (0.000000000000000E+000,0.000000000000000E+000)
         268
 (-6.376782320528274E-003,0.000000000000000E+000)
 (0.000000000000000E+000,0.000000000000000E+000)
 (3.539825277636563E-019,0.000000000000000E+000)
 (3.539825277636563E-019,0.000000000000000E+000)
 (0.000000000000000E+000,0.000000000000000E+000)
 (-6.376782320528274E-003,0.000000000000000E+000)
 (0.000000000000000E+000,0.000000000000000E+000)
 (6.376782320528274E-003,0.000000000000000E+000)
 (0.000000000000000E+000,0.000000000000000E+000)
         269
 (5.680533852675000E-003,0.000000000000000E+000)
 (1.125642881161948E-018,0.000000000000000E+000)
 (-2.897393296053416E-003,0.000000000000000E+000)
 (2.897393296053416E-003,0.000000000000000E+000)
 (-1.536473764222356E-018,0.000000000000000E+000)
 (5.680533852674999E-003,0.000000000000000E+000)
 (3.046181617631789E-019,0.000000000000000E+000)
 (-6.376782320528274E-003,0.000000000000000E+000)
 (-1.880167891327321E-018,0.000000000000000E+000)
         270
 (5.534905025881087E-003,0.000000000000000E+000)
 (2.550841023225580E-004,0.000000000000000E+000)
 (3.156439642797014E-003,0.000000000000000E+000)
 (3.069199626882391E-003,0.000000000000000E+000)
 (1.133187850458899E-003,0.000000000000000E+000)
 (-5.473504518068773E-003,0.000000000000000E+000)
 (-7.798671478035429E-004,0.000000000000000E+000)
 (6.270101287835516E-003,0.000000000000000E+000)
 (8.608076646162803E-004,0.000000000000000E+000)
         271
 (5.429108861250298E-003,0.000000000000000E+000)
 (2.103226912005275E-004,0.000000000000000E+000)
 (3.338247160061944E-003,0.000000000000000E+000)
 (3.113119079181585E-003,0.000000000000000E+000)
 (2.009927013392032E-003,0.000000000000000E+000)
 (-5.189608440246196E-003,0.000000000000000E+000)
 (-1.223363942141122E-003,0.000000000000000E+000)
 (6.048083211217015E-003,0.000000000000000E+000)
 (1.608546828247712E-003,0.000000000000000E+000)
         272
 (5.357321014734729E-003,0.000000000000000E+000)
 (8.357990165028263E-005,0.000000000000000E+000)
 (3.457669548774684E-003,0.000000000000000E+000)
 (3.106304332170493E-003,0.000000000000000E+000)
 (2.687121322265399E-003,0.000000000000000E+000)
 (-4.877868915701550E-003,0.000000000000000E+000)
 (-1.520966043152318E-003,0.000000000000000E+000)
 (5.782365101138869E-003,0.000000000000000E+000)
 (2.216815034257664E-003,0.000000000000000E+000)
         273
 (5.309375911799794E-003,0.000000000000000E+000)
 (-3.142178656119570E-005,0.000000000000000E+000)
 (3.531698297127231E-003,0.000000000000000E+000)
 (3.065649159136099E-003,0.000000000000000E+000)
 (3.207314269179294E-003,0.000000000000000E+000)
 (-4.580205582199232E-003,0.000000000000000E+000)
 (-1.753760366666500E-003,0.000000000000000E+000)
 (5.511397337649515E-003,0.000000000000000E+000)
 (2.685549613442578E-003,0.000000000000000E+000)
         274
 (5.278831212257859E-003,0.000000000000000E+000)
 (-9.729602909566739E-005,0.000000000000000E+000)
 (3.576007169821727E-003,0.000000000000000E+000)
 (2.991604505681437E-003,0.000000000000000E+000)
 (3.615302300786267E-003,0.000000000000000E+000)
 (-4.317782361226423E-003,0.000000000000000E+000)
 (-1.961529066182991E-003,0.000000000000000E+000)
 (5.251997288656357E-003,0.000000000000000E+000)
 (3.038466877533395E-003,0.000000000000000E+000)
         275
 (5.261219943030704E-003,0.000000000000000E+000)
 (-1.060101612986467E-004,0.000000000000000E+000)
 (3.601621762506357E-003,0.000000000000000E+000)
 (2.881375684498924E-003,0.000000000000000E+000)
 (3.950953329599583E-003,0.000000000000000E+000)
 (-4.092797907972772E-003,0.000000000000000E+000)
 (-2.163467503623826E-003,0.000000000000000E+000)
 (5.004206470203781E-003,0.000000000000000E+000)
 (3.307669682380072E-003,0.000000000000000E+000)
         276
 (5.252723273516017E-003,0.000000000000000E+000)
 (-6.667740019630444E-005,0.000000000000000E+000)
 (3.614941922018695E-003,0.000000000000000E+000)
 (2.735137234036301E-003,0.000000000000000E+000)
 (4.243011497241543E-003,0.000000000000000E+000)
 (-3.896053196334246E-003,0.000000000000000E+000)
 (-2.364587762434166E-003,0.000000000000000E+000)
 (4.759806752587872E-003,0.000000000000000E+000)
 (3.523679490982040E-003,0.000000000000000E+000)
         277
 (5.250297342936605E-003,0.000000000000000E+000)
 (-3.341044263201599E-014,0.000000000000000E+000)
 (3.619078691346017E-003,0.000000000000000E+000)
 (2.559075084323717E-003,0.000000000000000E+000)
 (4.509066020985880E-003,0.000000000000000E+000)
 (-3.712520854431136E-003,0.000000000000000E+000)
 (-2.559075084273292E-003,0.000000000000000E+000)
 (4.509066021006182E-003,0.000000000000000E+000)
 (3.712520854441236E-003,0.000000000000000E+000)
         278
 (5.896082189266712E-003,0.000000000000000E+000)
 (0.000000000000000E+000,0.000000000000000E+000)
 (-2.428902546586383E-003,0.000000000000000E+000)
 (2.428902546586385E-003,0.000000000000000E+000)
 (0.000000000000000E+000,0.000000000000000E+000)
 (5.896082189266713E-003,0.000000000000000E+000)
 (0.000000000000000E+000,0.000000000000000E+000)
 (6.376782320528274E-003,0.000000000000000E+000)
 (0.000000000000000E+000,0.000000000000000E+000)
         279
 (5.732523956175730E-003,0.000000000000000E+000)
 (5.983698401557574E-004,0.000000000000000E+000)
 (2.728273334852153E-003,0.000000000000000E+000)
 (2.602221135618500E-003,0.000000000000000E+000)
 (1.119050726542667E-003,0.000000000000000E+000)
 (-5.713101031503527E-003,0.000000000000000E+000)
 (-1.014872906631006E-003,0.000000000000000E+000)
 (6.249242495632431E-003,0.000000000000000E+000)
 (7.618096727989415E-004,0.000000000000000E+000)
         280
 (5.585202803060031E-003,0.000000000000000E+000)
 (7.727173643195875E-004,0.000000000000000E+000)
 (2.978551709635292E-003,0.000000000000000E+000)
 (2.617308467082497E-003,0.000000000000000E+000)
 (2.053002225460374E-003,0.000000000000000E+000)
 (-5.440425627999613E-003,0.000000000000000E+000)
 (-1.618196156289651E-003,0.000000000000000E+000)
 (5.987607410354799E-003,0.000000000000000E+000)
 (1.480996780089563E-003,0.000000000000000E+000)
         281
 (5.474925254620311E-003,0.000000000000000E+000)
 (7.751657099051908E-004,0.000000000000000E+000)
 (3.176108364321007E-003,0.000000000000000E+000)
 (2.564473430366957E-003,0.000000000000000E+000)
 (2.824185181254780E-003,0.000000000000000E+000)
 (-5.109873467154033E-003,0.000000000000000E+000)
 (-2.027812181802007E-003,0.000000000000000E+000)
 (5.664490175432389E-003,0.000000000000000E+000)
 (2.113026637590568E-003,0.000000000000000E+000)
         282
 (5.393504100735747E-003,0.000000000000000E+000)
 (7.325850274474198E-004,0.000000000000000E+000)
 (3.322165777969018E-003,0.000000000000000E+000)
 (2.467520507675500E-003,0.000000000000000E+000)
 (3.444453224542448E-003,0.000000000000000E+000)
 (-4.765546903718604E-003,0.000000000000000E+000)
 (-2.341966870591781E-003,0.000000000000000E+000)
 (5.316240581924504E-003,0.000000000000000E+000)
 (2.629853611049774E-003,0.000000000000000E+000)
         283
 (5.332228333829186E-003,0.000000000000000E+000)
 (7.031535727511323E-004,0.000000000000000E+000)
 (3.425823815148483E-003,0.000000000000000E+000)
 (2.332755608830780E-003,0.000000000000000E+000)
 (3.938779001800739E-003,0.000000000000000E+000)
 (-4.439326976901349E-003,0.000000000000000E+000)
 (-2.605560405897306E-003,0.000000000000000E+000)
 (4.965374889321333E-003,0.000000000000000E+000)
 (3.036356359704733E-003,0.000000000000000E+000)
         284
 (5.284992248295759E-003,0.000000000000000E+000)
 (7.015220165291671E-004,0.000000000000000E+000)
 (3.498582078382691E-003,0.000000000000000E+000)
 (2.164608563158759E-003,0.000000000000000E+000)
 (4.340158582285003E-003,0.000000000000000E+000)
 (-4.140150481844782E-003,0.000000000000000E+000)
 (-2.836666964441801E-003,0.000000000000000E+000)
 (4.618900638067965E-003,0.000000000000000E+000)
 (3.358932894819699E-003,0.000000000000000E+000)
         285
 (5.248488378793789E-003,0.000000000000000E+000)
 (7.167035431797016E-004,0.000000000000000E+000)
 (3.550078665644208E-003,0.000000000000000E+000)
 (1.970675916278089E-003,0.000000000000000E+000)
 (4.679172615411337E-003,0.000000000000000E+000)
 (-3.858125559334232E-003,0.000000000000000E+000)
 (-3.038611349625025E-003,0.000000000000000E+000)
 (4.272590833414806E-003,0.000000000000000E+000)
 (3.629760515454388E-003,0.000000000000000E+000)
         286
 (5.222175189547068E-003,0.000000000000000E+000)
 (7.253643573726397E-004,0.000000000000000E+000)
 (3.586932617451072E-003,0.000000000000000E+000)
 (1.761054363861171E-003,0.000000000000000E+000)
 (4.980856932209081E-003,0.000000000000000E+000)
 (-3.571148906415449E-003,0.000000000000000E+000)
 (-3.207947409264457E-003,0.000000000000000E+000)
 (3.915132632915532E-003,0.000000000000000E+000)
 (3.878680529442367E-003,0.000000000000000E+000)
         287
 (5.207711243250529E-003,0.000000000000000E+000)
 (7.013185726098405E-004,0.000000000000000E+000)
 (3.612651191304871E-003,0.000000000000000E+000)
 (1.544225490479162E-003,0.000000000000000E+000)
 (5.265696685622196E-003,0.000000000000000E+000)
 (-3.248254733388958E-003,0.000000000000000E+000)
 (-3.340428715730723E-003,0.000000000000000E+000)
 (3.527597403069386E-003,0.000000000000000E+000)
 (4.130489719195735E-003,0.000000000000000E+000)
         288
 (5.207858591159428E-003,0.000000000000000E+000)
 (-6.222185409967315E-004,0.000000000000000E+000)
 (3.626900294346233E-003,0.000000000000000E+000)
 (1.322351479112227E-003,0.000000000000000E+000)
 (-5.548725232691785E-003,0.000000000000000E+000)
 (-2.850681957213248E-003,0.000000000000000E+000)
 (-3.434086228326044E-003,0.000000000000000E+000)
 (-3.080234592158745E-003,0.000000000000000E+000)
 (4.402562821481598E-003,0.000000000000000E+000)
         289
 (5.225600945353034E-003,0.000000000000000E+000)
 (-4.763044923176306E-004,0.000000000000000E+000)
 (3.623476445890807E-003,0.000000000000000E+000)
 (1.087889444704599E-003,0.000000000000000E+000)
 (-5.833058270833926E-003,0.000000000000000E+000)
 (-2.335654197127264E-003,0.000000000000000E+000)
 (-3.488974645856251E-003,0.000000000000000E+000)
 (-2.532176534733693E-003,0.000000000000000E+000)
 (4.698775444827968E-003,0.000000000000000E+000)
         290
 (-5.264131615728831E-003,0.000000000000000E+000)
 (2.752778216317681E-004,0.000000000000000E+000)
 (3.588383092230230E-003,0.000000000000000E+000)
 (-8.207640554455230E-004,0.000000000000000E+000)
 (6.098722534620209E-003,0.000000000000000E+000)
 (-1.671909858337524E-003,0.000000000000000E+000)
 (3.504085823859732E-003,0.000000000000000E+000)
 (1.842052748982843E-003,0.000000000000000E+000)
 (4.999157626279847E-003,0.000000000000000E+000)
         291
 (-5.327571706968604E-003,0.000000000000000E+000)
 (7.609525678685547E-005,0.000000000000000E+000)
 (3.503504243240488E-003,0.000000000000000E+000)
 (-4.825333711498186E-004,0.000000000000000E+000)
 (6.298621420203789E-003,0.000000000000000E+000)
 (-8.705644801384623E-004,0.000000000000000E+000)
 (3.470950016384039E-003,0.000000000000000E+000)
 (9.924366379001238E-004,0.000000000000000E+000)
 (5.256512937957927E-003,0.000000000000000E+000)
         292
 (5.420515388665757E-003,0.000000000000000E+000)
 (4.184544802956802E-018,0.000000000000000E+000)
 (3.358774431937887E-003,0.000000000000000E+000)
 (5.343966091903840E-018,0.000000000000000E+000)
 (-6.376782320528274E-003,0.000000000000000E+000)
 (-6.797476773104093E-019,0.000000000000000E+000)
 (-3.358774431937887E-003,0.000000000000000E+000)
 (-3.392582392260226E-018,0.000000000000000E+000)
 (5.420515388665757E-003,0.000000000000000E+000)
         293
 (6.033969393494777E-003,0.000000000000000E+000)
 (0.000000000000000E+000,0.000000000000000E+000)
 (-2.062659962710821E-003,0.000000000000000E+000)
 (2.062659962710820E-003,0.000000000000000E+000)
 (0.000000000000000E+000,0.000000000000000E+000)
 (6.033969393494778E-003,0.000000000000000E+000)
 (0.000000000000000E+000,0.000000000000000E+000)
 (6.376782320528274E-003,0.000000000000000E+000)
 (0.000000000000000E+000,0.000000000000000E+000)
         294
 (5.850064527286037E-003,0.000000000000000E+000)
 (9.298881497085916E-004,0.000000000000000E+000)
 (2.361229726016316E-003,0.000000000000000E+000)
 (2.203844857943793E-003,0.000000000000000E+000)
 (1.080210045410502E-003,0.000000000000000E+000)
 (-5.885538791250204E-003,0.000000000000000E+000)
 (-1.258239099736716E-003,0.000000000000000E+000)
 (6.215449062636404E-003,0.000000000000000E+000)
 (6.696118883860727E-004,0.000000000000000E+000)
         295
 (5.654116346825898E-003,0.000000000000000E+000)
 (1.314144502629226E-003,0.000000000000000E+000)
 (2.639572943899732E-003,0.000000000000000E+000)
 (2.166580087097225E-003,0.000000000000000E+000)
 (2.020471462083172E-003,0.000000000000000E+000)
 (-5.646855634820429E-003,0.000000000000000E+000)
 (-2.000062955547121E-003,0.000000000000000E+000)
 (5.903733738958664E-003,0.000000000000000E+000)
 (1.345001441163260E-003,0.000000000000000E+000)
         296
 (5.501069825683125E-003,0.000000000000000E+000)
 (1.432690840070269E-003,0.000000000000000E+000)
 (2.889460242526162E-003,0.000000000000000E+000)
 (2.057264048415227E-003,0.000000000000000E+000)
 (2.841021303753809E-003,0.000000000000000E+000)
 (-5.325374667581350E-003,0.000000000000000E+000)
 (-2.483797127677460E-003,0.000000000000000E+000)
 (5.526241731212788E-003,0.000000000000000E+000)
 (1.988657064489866E-003,0.000000000000000E+000)
         297
 (5.385418277847468E-003,0.000000000000000E+000)
 (1.433264818819096E-003,0.000000000000000E+000)
 (3.099415218257121E-003,0.000000000000000E+000)
 (1.907344069235976E-003,0.000000000000000E+000)
 (3.538294401925343E-003,0.000000000000000E+000)
 (-4.950339795433854E-003,0.000000000000000E+000)
 (-2.832430288211649E-003,0.000000000000000E+000)
 (5.107795752361405E-003,0.000000000000000E+000)
 (2.559514402769014E-003,0.000000000000000E+000)
         298
 (5.297186869782760E-003,0.000000000000000E+000)
 (1.389602274313635E-003,0.000000000000000E+000)
 (3.266828668483470E-003,0.000000000000000E+000)
 (1.728798249137625E-003,0.000000000000000E+000)
 (4.115470405970595E-003,0.000000000000000E+000)
 (-4.553845925672155E-003,0.000000000000000E+000)
 (-3.100712925083808E-003,0.000000000000000E+000)
 (4.668539559670090E-003,0.000000000000000E+000)
 (3.041984631686295E-003,0.000000000000000E+000)
         299
 (5.229975644074385E-003,0.000000000000000E+000)
 (1.327066131283485E-003,0.000000000000000E+000)
 (3.398470686792955E-003,0.000000000000000E+000)
 (1.529970160630972E-003,0.000000000000000E+000)
 (4.594676320280376E-003,0.000000000000000E+000)
 (-4.148673713710875E-003,0.000000000000000E+000)
 (-3.312083760017178E-003,0.000000000000000E+000)
 (4.217961327283246E-003,0.000000000000000E+000)
 (3.449964662366183E-003,0.000000000000000E+000)
         300
 (5.181064502202627E-003,0.000000000000000E+000)
 (1.240001817311227E-003,0.000000000000000E+000)
 (3.504613941717784E-003,0.000000000000000E+000)
 (1.318430418003478E-003,0.000000000000000E+000)
 (5.007913445471301E-003,0.000000000000000E+000)
 (-3.721007513960823E-003,0.000000000000000E+000)
 (-3.475868901483624E-003,0.000000000000000E+000)
 (3.747872887270136E-003,0.000000000000000E+000)
 (3.812497470683279E-003,0.000000000000000E+000)
         301
 (5.150288480977867E-003,0.000000000000000E+000)
 (-1.106458233484098E-003,0.000000000000000E+000)
 (3.593554160391062E-003,0.000000000000000E+000)
 (1.099198293630854E-003,0.000000000000000E+000)
 (-5.385148352305603E-003,0.000000000000000E+000)
 (-3.233464565808822E-003,0.000000000000000E+000)
 (-3.595781477980507E-003,0.000000000000000E+000)
 (-3.230987490631535E-003,0.000000000000000E+000)
 (4.158657014156953E-003,0.000000000000000E+000)
         302
 (5.138846899064317E-003,0.000000000000000E+000)
 (-9.007202803550274E-004,0.000000000000000E+000)
 (3.666648099823075E-003,0.000000000000000E+000)
 (8.718703509062220E-004,0.000000000000000E+000)
 (-5.742213521101895E-003,0.000000000000000E+000)
 (-2.632523263465523E-003,0.000000000000000E+000)
 (-3.673615031898368E-003,0.000000000000000E+000)
 (-2.622792332235563E-003,0.000000000000000E+000)
 (4.504316345770869E-003,0.000000000000000E+000)
         303
 (-5.148527440793917E-003,0.000000000000000E+000)
 (6.117657160168970E-004,0.000000000000000E+000)
 (3.712379380330130E-003,0.000000000000000E+000)
 (-6.281231788938087E-004,0.000000000000000E+000)
 (6.063866557969308E-003,0.000000000000000E+000)
 (-1.870384025455668E-003,0.000000000000000E+000)
 (3.709646779267581E-003,0.000000000000000E+000)
 (1.875797920685954E-003,0.000000000000000E+000)
 (4.835623609961995E-003,0.000000000000000E+000)
         304
 (-5.181548052417942E-003,0.000000000000000E+000)
 (2.762875114906295E-004,0.000000000000000E+000)
 (3.706558748337885E-003,0.000000000000000E+000)
 (-3.490631228353754E-004,0.000000000000000E+000)
 (6.294862657278005E-003,0.000000000000000E+000)
 (-9.571895453280359E-004,0.000000000000000E+000)
 (3.700414501128517E-003,0.000000000000000E+000)
 (9.806743090359775E-004,0.000000000000000E+000)
 (5.099859133626786E-003,0.000000000000000E+000)
         305
 (-5.240666737877076E-003,0.000000000000000E+000)
 (4.247790333163875E-018,0.000000000000000E+000)
 (3.633010446710937E-003,0.000000000000000E+000)
 (2.327323550711336E-018,0.000000000000000E+000)
 (6.376782320528273E-003,0.000000000000000E+000)
 (-1.613380738656883E-018,0.000000000000000E+000)
 (3.633010446710938E-003,0.000000000000000E+000)
 (0.000000000000000E+000,0.000000000000000E+000)
 (5.240666737877077E-003,0.000000000000000E+000)
         306
 (-6.134721778100412E-003,0.000000000000000E+000)
 (0.000000000000000E+000,0.000000000000000E+000)
 (1.740270515955057E-003,0.000000000000000E+000)
 (-1.740270515955057E-003,0.000000000000000E+000)
 (0.000000000000000E+000,0.000000000000000E+000)
 (-6.134721778100412E-003,0.000000000000000E+000)
 (0.000000000000000E+000,0.000000000000000E+000)
 (6.376782320528274E-003,0.000000000000000E+000)
 (0.000000000000000E+000,0.000000000000000E+000)
         307
 (-5.915872754926943E-003,0.000000000000000E+000)
 (1.280330636386839E-003,0.000000000000000E+000)
 (2.006627960645507E-003,0.000000000000000E+000)
 (-1.824118355651623E-003,0.000000000000000E+000)
 (1.014996415380276E-003,0.000000000000000E+000)
 (-6.025423409582265E-003,0.000000000000000E+000)
 (1.529181001546217E-003,0.000000000000000E+000)
 (6.163918275066309E-003,0.000000000000000E+000)
 (5.753865884912884E-004,0.000000000000000E+000)
         308
 (-5.660950794635576E-003,0.000000000000000E+000)
 (1.854756038083827E-003,0.000000000000000E+000)
 (2.275273368918201E-003,0.000000000000000E+000)
 (-1.724275521856553E-003,0.000000000000000E+000)
 (1.899066483192729E-003,0.000000000000000E+000)
 (-5.838130966374620E-003,0.000000000000000E+000)
 (2.375681541967085E-003,0.000000000000000E+000)
 (5.797997869524233E-003,0.000000000000000E+000)
 (1.184360873868816E-003,0.000000000000000E+000)
         309
 (5.468100916907276E-003,0.000000000000000E+000)
 (2.066280528014104E-003,0.000000000000000E+000)
 (2.548275869184795E-003,0.000000000000000E+000)
 (1.565556890211868E-003,0.000000000000000E+000)
 (2.709329758482596E-003,0.000000000000000E+000)
 (-5.556250232550073E-003,0.000000000000000E+000)
 (-2.883098463360196E-003,0.000000000000000E+000)
 (5.390117791176028E-003,0.000000000000000E+000)
 (1.815964264852062E-003,0.000000000000000E+000)
         310
 (5.328871724835808E-003,0.000000000000000E+000)
 (2.081849802511099E-003,0.000000000000000E+000)
 (2.816448171621817E-003,0.000000000000000E+000)
 (1.381042799789180E-003,0.000000000000000E+000)
 (3.463420527015819E-003,0.000000000000000E+000)
 (-5.173083394030864E-003,0.000000000000000E+000)
 (-3.218571063189042E-003,0.000000000000000E+000)
 (4.932947639721298E-003,0.000000000000000E+000)
 (2.443395313569253E-003,0.000000000000000E+000)
         311
 (5.228612780077827E-003,0.000000000000000E+000)
 (1.975463082068649E-003,0.000000000000000E+000)
 (3.069610198509350E-003,0.000000000000000E+000)
 (1.181545233618415E-003,0.000000000000000E+000)
 (4.157753196999723E-003,0.000000000000000E+000)
 (-4.688325071617166E-003,0.000000000000000E+000)
 (-3.453825707866914E-003,0.000000000000000E+000)
 (4.412934027109894E-003,0.000000000000000E+000)
 (3.043099409394181E-003,0.000000000000000E+000)
         312
 (5.158297565495727E-003,0.000000000000000E+000)
 (1.771076872229650E-003,0.000000000000000E+000)
 (3.304331354730645E-003,0.000000000000000E+000)
 (9.722493648114903E-004,0.000000000000000E+000)
 (4.796138015683216E-003,0.000000000000000E+000)
 (-4.088415838750244E-003,0.000000000000000E+000)
 (-3.620780324988864E-003,0.000000000000000E+000)
 (3.810997193724165E-003,0.000000000000000E+000)
 (3.609654137310391E-003,0.000000000000000E+000)
         313
 (5.113568815672624E-003,0.000000000000000E+000)
 (-1.457579544675693E-003,0.000000000000000E+000)
 (3.519975653569985E-003,0.000000000000000E+000)
 (7.551358157892300E-004,0.000000000000000E+000)
 (-5.386983154024025E-003,0.000000000000000E+000)
 (-3.327692167460156E-003,0.000000000000000E+000)
 (-3.734238427108635E-003,0.000000000000000E+000)
 (-3.085324477685666E-003,0.000000000000000E+000)
 (4.147238719955829E-003,0.000000000000000E+000)
         314
 (5.092935400445211E-003,0.000000000000000E+000)
 (1.014801010994122E-003,0.000000000000000E+000)
 (-3.700748664578460E-003,0.000000000000000E+000)
 (5.278865746268409E-004,0.000000000000000E+000)
 (5.906015201974254E-003,0.000000000000000E+000)
 (2.345990827300850E-003,0.000000000000000E+000)
 (-3.800881152393834E-003,0.000000000000000E+000)
 (2.180026629547512E-003,0.000000000000000E+000)
 (-4.632940656132235E-003,0.000000000000000E+000)
         315
 (-5.096548149702351E-003,0.000000000000000E+000)
 (4.806302676986274E-004,0.000000000000000E+000)
 (3.802307755421628E-003,0.000000000000000E+000)
 (-2.819661299014826E-004,0.000000000000000E+000)
 (6.262272788399612E-003,0.000000000000000E+000)
 (-1.169524428415280E-003,0.000000000000000E+000)
 (3.822178020809065E-003,0.000000000000000E+000)
 (1.102853949008505E-003,0.000000000000000E+000)
 (4.983775788275634E-003,0.000000000000000E+000)
         316
 (-5.125555562916093E-003,0.000000000000000E+000)
 (3.151688830465072E-018,0.000000000000000E+000)
 (3.793683293958767E-003,0.000000000000000E+000)
 (3.527381203935564E-018,0.000000000000000E+000)
 (6.376782320528273E-003,0.000000000000000E+000)
 (1.848133408733213E-018,0.000000000000000E+000)
 (3.793683293958768E-003,0.000000000000000E+000)
 (-3.584014079540475E-018,0.000000000000000E+000)
 (5.125555562916093E-003,0.000000000000000E+000)
         317
 (6.215683038043561E-003,0.000000000000000E+000)
 (0.000000000000000E+000,0.000000000000000E+000)
 (-1.424302332364703E-003,0.000000000000000E+000)
 (1.424302332364705E-003,0.000000000000000E+000)
 (0.000000000000000E+000,0.000000000000000E+000)
 (6.215683038043561E-003,0.000000000000000E+000)
 (0.000000000000000E+000,0.000000000000000E+000)
 (6.376782320528274E-003,0.000000000000000E+000)
 (0.000000000000000E+000,0.000000000000000E+000)
         318
 (-5.940714446006174E-003,0.000000000000000E+000)
 (1.647967162341438E-003,0.000000000000000E+000)
 (1.629560942787911E-003,0.000000000000000E+000)
 (-1.435378412529777E-003,0.000000000000000E+000)
 (9.040022444955650E-004,0.000000000000000E+000)
 (-6.147017286309878E-003,0.000000000000000E+000)
 (1.819602552003874E-003,0.000000000000000E+000)
 (6.093466742109392E-003,0.000000000000000E+000)
 (4.712349508999726E-004,0.000000000000000E+000)
         319
 (-5.625018040905572E-003,0.000000000000000E+000)
 (2.370502368387518E-003,0.000000000000000E+000)
 (1.844788151620113E-003,0.000000000000000E+000)
 (-1.280703131536619E-003,0.000000000000000E+000)
 (1.649842005768598E-003,0.000000000000000E+000)
 (-6.025045527485723E-003,0.000000000000000E+000)
 (2.717043299574205E-003,0.000000000000000E+000)
 (5.685252205564197E-003,0.000000000000000E+000)
 (9.792526899469296E-004,0.000000000000000E+000)
         320
 (-5.407015323302363E-003,0.000000000000000E+000)
 (2.656917267677669E-003,0.000000000000000E+000)
 (2.090054709736485E-003,0.000000000000000E+000)
 (-1.091809006218655E-003,0.000000000000000E+000)
 (2.358751812089137E-003,0.000000000000000E+000)
 (-5.823022904497975E-003,0.000000000000000E+000)
 (3.199295414761705E-003,0.000000000000000E+000)
 (5.295321830170893E-003,0.000000000000000E+000)
 (1.545130521154215E-003,0.000000000000000E+000)
         321
 (5.261643668640753E-003,0.000000000000000E+000)
 (2.697450357220231E-003,0.000000000000000E+000)
 (2.387932209671599E-003,0.000000000000000E+000)
 (8.921402376327643E-004,0.000000000000000E+000)
 (3.119517300058217E-003,0.000000000000000E+000)
 (-5.489631169253178E-003,0.000000000000000E+000)
 (-3.490350192180032E-003,0.000000000000000E+000)
 (4.863715261851983E-003,0.000000000000000E+000)
 (2.196606963245558E-003,0.000000000000000E+000)
         322
 (5.165250501566672E-003,0.000000000000000E+000)
 (-2.507464185254511E-003,0.000000000000000E+000)
 (-2.774195987873451E-003,0.000000000000000E+000)
 (6.855614923526778E-004,0.000000000000000E+000)
 (-4.015597518308710E-003,0.000000000000000E+000)
 (4.905948916831286E-003,0.000000000000000E+000)
 (-3.676077455613577E-003,0.000000000000000E+000)
 (-4.272113375604727E-003,0.000000000000000E+000)
 (-2.983094804009880E-003,0.000000000000000E+000)
         323
 (-5.104976016718494E-003,0.000000000000000E+000)
 (1.958914921740093E-003,0.000000000000000E+000)
 (-3.281040225525276E-003,0.000000000000000E+000)
 (-4.714186127616941E-004,0.000000000000000E+000)
 (5.110518329321401E-003,0.000000000000000E+000)
 (3.784669029203716E-003,0.000000000000000E+000)
 (3.792141495734671E-003,0.000000000000000E+000)
 (3.272400876796114E-003,0.000000000000000E+000)
 (-3.946442466484619E-003,0.000000000000000E+000)
         324
 (-5.074692751382006E-003,0.000000000000000E+000)
 (-9.457193984594960E-004,0.000000000000000E+000)
 (3.743856442473496E-003,0.000000000000000E+000)
 (-2.457849584466794E-004,0.000000000000000E+000)
 (-6.090932718458506E-003,0.000000000000000E+000)
 (-1.871758835110712E-003,0.000000000000000E+000)
 (3.853626343676079E-003,0.000000000000000E+000)
 (-1.633862357113064E-003,0.000000000000000E+000)
 (4.810759873942643E-003,0.000000000000000E+000)
         325
 (-5.072011238102993E-003,0.000000000000000E+000)
 (2.460092434933451E-019,0.000000000000000E+000)
 (-3.864977977163507E-003,0.000000000000000E+000)
 (-1.933806712417449E-018,0.000000000000000E+000)
 (-6.376782320528274E-003,0.000000000000000E+000)
 (2.131847071778756E-018,0.000000000000000E+000)
 (3.864977977163507E-003,0.000000000000000E+000)
 (-2.867727286643253E-018,0.000000000000000E+000)
 (-5.072011238102993E-003,0.000000000000000E+000)
         326
 (6.282195746829005E-003,0.000000000000000E+000)
 (-3.294914625478250E-018,0.000000000000000E+000)
 (-1.094243739724165E-003,0.000000000000000E+000)
 (1.094243739724165E-003,0.000000000000000E+000)
 (-2.194450962855685E-018,0.000000000000000E+000)
 (6.282195746829002E-003,0.000000000000000E+000)
 (-3.622604899059329E-018,0.000000000000000E+000)
 (-6.376782320528274E-003,0.000000000000000E+000)
 (-1.596499659530208E-018,0.000000000000000E+000)
         327
 (-5.933517644926652E-003,0.000000000000000E+000)
 (1.997640296002690E-003,0.000000000000000E+000)
 (1.210848615035065E-003,0.000000000000000E+000)
 (-1.031206571694021E-003,0.000000000000000E+000)
 (7.259256259796451E-004,0.000000000000000E+000)
 (-6.250839764019157E-003,0.000000000000000E+000)
 (2.096028179018859E-003,0.000000000000000E+000)
 (6.012139219673336E-003,0.000000000000000E+000)
 (3.524211109263191E-004,0.000000000000000E+000)
         328
 (-5.571430975801024E-003,0.000000000000000E+000)
 (2.807665032814228E-003,0.000000000000000E+000)
 (1.318911183059380E-003,0.000000000000000E+000)
 (-8.425485652144611E-004,0.000000000000000E+000)
 (1.239666608976544E-003,0.000000000000000E+000)
 (-6.198119987322415E-003,0.000000000000000E+000)
 (2.985401406937074E-003,0.000000000000000E+000)
 (5.589597170235334E-003,0.000000000000000E+000)
 (7.121338900496586E-004,0.000000000000000E+000)
         329
 (5.348199121988501E-003,0.000000000000000E+000)
 (3.162687433968372E-003,0.000000000000000E+000)
 (1.434408278692616E-003,0.000000000000000E+000)
 (6.415193433238080E-004,0.000000000000000E+000)
 (1.688814993193400E-003,0.000000000000000E+000)
 (-6.115530198953193E-003,0.000000000000000E+000)
 (-3.413000417097069E-003,0.000000000000000E+000)
 (5.273392160382696E-003,0.000000000000000E+000)
 (1.098233144241930E-003,0.000000000000000E+000)
         330
 (-5.211474392129285E-003,0.000000000000000E+000)
 (3.312429924382872E-003,0.000000000000000E+000)
 (1.591130233398741E-003,0.000000000000000E+000)
 (-4.364731701038374E-004,0.000000000000000E+000)
 (2.183563952670978E-003,0.000000000000000E+000)
 (-5.975357093913080E-003,0.000000000000000E+000)
 (3.648750278569659E-003,0.000000000000000E+000)
 (4.992315016507945E-003,0.000000000000000E+000)
 (1.557807736528828E-003,0.000000000000000E+000)
         331
 (-5.129091824586869E-003,0.000000000000000E+000)
 (3.224356138481519E-003,0.000000000000000E+000)
 (1.989798309023972E-003,0.000000000000000E+000)
 (-2.244566576527234E-004,0.000000000000000E+000)
 (3.084404946505993E-003,0.000000000000000E+000)
 (-5.576685224952784E-003,0.000000000000000E+000)
 (3.782246558223496E-003,0.000000000000000E+000)
 (4.555581892756170E-003,0.000000000000000E+000)
 (2.367411530469641E-003,0.000000000000000E+000)
         332
 (-5.085787092641880E-003,0.000000000000000E+000)
 (-1.640395587385370E-017,0.000000000000000E+000)
 (3.846832776677356E-003,0.000000000000000E+000)
 (-2.867205448044170E-018,0.000000000000000E+000)
 (-6.376782320528274E-003,0.000000000000000E+000)
 (-3.098300840767954E-017,0.000000000000000E+000)
 (3.846832776677356E-003,0.000000000000000E+000)
 (-2.644008148172573E-017,0.000000000000000E+000)
 (5.085787092641880E-003,0.000000000000000E+000)
         333
 (-6.333257599151198E-003,0.000000000000000E+000)
 (0.000000000000000E+000,0.000000000000000E+000)
 (7.437747953484091E-004,0.000000000000000E+000)
 (-7.437747953484097E-004,0.000000000000000E+000)
 (0.000000000000000E+000,0.000000000000000E+000)
 (-6.333257599151198E-003,0.000000000000000E+000)
 (0.000000000000000E+000,0.000000000000000E+000)
 (6.376782320528274E-003,0.000000000000000E+000)
 (0.000000000000000E+000,0.000000000000000E+000)
         334
 (-5.910493197739824E-003,0.000000000000000E+000)
 (2.273709493711784E-003,0.000000000000000E+000)
 (7.481096584579957E-004,0.000000000000000E+000)
 (-6.187388272906185E-004,0.000000000000000E+000)
 (4.739881279006244E-004,0.000000000000000E+000)
 (-6.328969132616642E-003,0.000000000000000E+000)
 (2.312268407100757E-003,0.000000000000000E+000)
 (5.938765288864018E-003,0.000000000000000E+000)
 (2.187108152551395E-004,0.000000000000000E+000)
         335
 (-5.526857244312816E-003,0.000000000000000E+000)
 (3.104374627024415E-003,0.000000000000000E+000)
 (6.928635792679033E-004,0.000000000000000E+000)
 (-4.164728842377775E-004,0.000000000000000E+000)
 (6.708125972139622E-004,0.000000000000000E+000)
 (-6.327709977512851E-003,0.000000000000000E+000)
 (3.153371545042478E-003,0.000000000000000E+000)
 (5.529576963738551E-003,0.000000000000000E+000)
 (3.786545449487472E-004,0.000000000000000E+000)
         336
 (-5.313605042721246E-003,0.000000000000000E+000)
 (3.486268037616810E-003,0.000000000000000E+000)
 (5.242989445543069E-004,0.000000000000000E+000)
 (-2.112590635408374E-004,0.000000000000000E+000)
 (6.317644292012929E-004,0.000000000000000E+000)
 (-6.341892152778204E-003,0.000000000000000E+000)
 (3.519136800614771E-003,0.000000000000000E+000)
 (5.301901700266553E-003,0.000000000000000E+000)
 (4.109346695904670E-004,0.000000000000000E+000)
         337
 (-5.193289040206971E-003,0.000000000000000E+000)
 (3.700419126027229E-003,0.000000000000000E+000)
 (5.122526121411871E-018,0.000000000000000E+000)
 (-2.075943012104615E-018,0.000000000000000E+000)
 (5.913995460860485E-018,0.000000000000000E+000)
 (-6.376782320528274E-003,0.000000000000000E+000)
 (3.700419126027229E-003,0.000000000000000E+000)
 (5.193289040206971E-003,0.000000000000000E+000)
 (3.611731971788249E-018,0.000000000000000E+000)
         338
 (-6.365665425197737E-003,0.000000000000000E+000)
 (-1.679287826189088E-017,0.000000000000000E+000)
 (3.763727644823248E-004,0.000000000000000E+000)
 (-3.763727644823255E-004,0.000000000000000E+000)
 (-1.530538020602092E-018,0.000000000000000E+000)
 (-6.365665425197736E-003,0.000000000000000E+000)
 (-1.685393854848244E-017,0.000000000000000E+000)
 (6.376782320528274E-003,0.000000000000000E+000)
 (-5.367144074585209E-019,0.000000000000000E+000)
         339
 (-5.892045592959448E-003,0.000000000000000E+000)
 (2.425494125209258E-003,0.000000000000000E+000)
 (2.532385090471636E-004,0.000000000000000E+000)
 (-2.058884260486098E-004,0.000000000000000E+000)
 (1.650630884839376E-004,0.000000000000000E+000)
 (-6.371319870814940E-003,0.000000000000000E+000)
 (2.429971491583447E-003,0.000000000000000E+000)
 (5.895174737766259E-003,0.000000000000000E+000)
 (7.420326607500963E-005,0.000000000000000E+000)
         340
 (-5.509900046849731E-003,0.000000000000000E+000)
 (3.210039600554376E-003,0.000000000000000E+000)
 (-1.765491294411178E-018,0.000000000000000E+000)
 (1.525484182590549E-018,0.000000000000000E+000)
 (-8.887392864657777E-019,0.000000000000000E+000)
 (-6.376782320528274E-003,0.000000000000000E+000)
 (3.210039600554376E-003,0.000000000000000E+000)
 (5.509900046849731E-003,0.000000000000000E+000)
 (0.000000000000000E+000,0.000000000000000E+000)
         341
 (-6.376782320528273E-003,0.000000000000000E+000)
 (-1.052430742167663E-017,0.000000000000000E+000)
 (8.849563194091406E-020,0.000000000000000E+000)
 (-7.964606874682266E-019,0.000000000000000E+000)
 (-2.626666059683394E-019,0.000000000000000E+000)
 (-6.376782320528273E-003,0.000000000000000E+000)
 (-1.052430742167663E-017,0.000000000000000E+000)
 (6.376782320528274E-003,0.000000000000000E+000)
 (-2.626666059683381E-019,0.000000000000000E+000)
         342
 (5.657674685975254E-003,0.000000000000000E+000)
 (0.000000000000000E+000,0.000000000000000E+000)
 (-2.941780058243095E-003,0.000000000000000E+000)
 (2.941780058243093E-003,0.000000000000000E+000)
 (0.000000000000000E+000,0.000000000000000E+000)
 (5.657674685975255E-003,0.000000000000000E+000)
 (0.000000000000000E+000,0.000000000000000E+000)
 (6.376782320528274E-003,0.000000000000000E+000)
 (0.000000000000000E+000,0.000000000000000E+000)
         343
 (5.554795364669523E-003,0.000000000000000E+000)
 (1.961579281324703E-004,0.000000000000000E+000)
 (3.125559675846666E-003,0.000000000000000E+000)
 (3.057168741155096E-003,0.000000000000000E+000)
 (1.040633302478844E-003,0.000000000000000E+000)
 (-5.498559300514827E-003,0.000000000000000E+000)
 (-6.792057921956368E-004,0.000000000000000E+000)
 (6.288239591523587E-003,0.000000000000000E+000)
 (8.124500568312781E-004,0.000000000000000E+000)
         344
 (5.470902203396887E-003,0.000000000000000E+000)
 (1.878021659895075E-004,0.000000000000000E+000)
 (3.270674577318677E-003,0.000000000000000E+000)
 (3.059315553913891E-003,0.000000000000000E+000)
 (1.984304401442072E-003,0.000000000000000E+000)
 (-5.231297845410845E-003,0.000000000000000E+000)
 (-1.171823444828440E-003,0.000000000000000E+000)
 (6.057278196704296E-003,0.000000000000000E+000)
 (1.612316167903535E-003,0.000000000000000E+000)
         345
 (5.411824502690542E-003,0.000000000000000E+000)
 (1.103566796273876E-004,0.000000000000000E+000)
 (3.370953829221315E-003,0.000000000000000E+000)
 (2.988863199933760E-003,0.000000000000000E+000)
 (2.796156443893253E-003,0.000000000000000E+000)
 (-4.889944649661991E-003,0.000000000000000E+000)
 (-1.562755607112626E-003,0.000000000000000E+000)
 (5.729981091411892E-003,0.000000000000000E+000)
 (2.321306607904737E-003,0.000000000000000E+000)
         346
 (5.374489178446538E-003,0.000000000000000E+000)
 (4.214382958844998E-005,0.000000000000000E+000)
 (3.431682201456109E-003,0.000000000000000E+000)
 (2.860350586614470E-003,0.000000000000000E+000)
 (3.468507173033944E-003,0.000000000000000E+000)
 (-4.522300882921027E-003,0.000000000000000E+000)
 (-1.896473927006981E-003,0.000000000000000E+000)
 (5.350797571544045E-003,0.000000000000000E+000)
 (2.904428473201401E-003,0.000000000000000E+000)
         347
 (5.354469397657568E-003,0.000000000000000E+000)
 (8.530714356218247E-006,0.000000000000000E+000)
 (3.463082075242099E-003,0.000000000000000E+000)
 (2.680485204014466E-003,0.000000000000000E+000)
 (4.027349355006199E-003,0.000000000000000E+000)
 (-4.154372275951280E-003,0.000000000000000E+000)
 (-2.192717333358337E-003,0.000000000000000E+000)
 (4.944060796859770E-003,0.000000000000000E+000)
 (3.378106910141564E-003,0.000000000000000E+000)
         348
 (5.348244644960052E-003,0.000000000000000E+000)
 (-1.908932362876212E-014,0.000000000000000E+000)
 (3.472698083775509E-003,0.000000000000000E+000)
 (2.455568364062916E-003,0.000000000000000E+000)
 (4.509066020995293E-003,0.000000000000000E+000)
 (-3.781780055889161E-003,0.000000000000000E+000)
 (-2.455568364039468E-003,0.000000000000000E+000)
 (4.509066020996771E-003,0.000000000000000E+000)
 (3.781780055902622E-003,0.000000000000000E+000)
         349
 (5.841224830213129E-003,0.000000000000000E+000)
 (0.000000000000000E+000,0.000000000000000E+000)
 (-2.558015880776265E-003,0.000000000000000E+000)
 (2.558015880776265E-003,0.000000000000000E+000)
 (0.000000000000000E+000,0.000000000000000E+000)
 (5.841224830213129E-003,0.000000000000000E+000)
 (0.000000000000000E+000,0.000000000000000E+000)
 (6.376782320528274E-003,0.000000000000000E+000)
 (0.000000000000000E+000,0.000000000000000E+000)
         350
 (5.733272646187682E-003,0.000000000000000E+000)
 (4.970401860961608E-004,0.000000000000000E+000)
 (2.746978081689689E-003,0.000000000000000E+000)
 (2.642849976210240E-003,0.000000000000000E+000)
 (1.054444318467934E-003,0.000000000000000E+000)
 (-5.706736716013646E-003,0.000000000000000E+000)
 (-8.990447881633051E-004,0.000000000000000E+000)
 (6.269326199525603E-003,0.000000000000000E+000)
 (7.420378940594671E-004,0.000000000000000E+000)
         351
 (5.621585061129093E-003,0.000000000000000E+000)
 (7.086429407428788E-004,0.000000000000000E+000)
 (2.925569918225756E-003,0.000000000000000E+000)
 (2.580683220561781E-003,0.000000000000000E+000)
 (2.055806271655124E-003,0.000000000000000E+000)
 (-5.456838595005013E-003,0.000000000000000E+000)
 (-1.549583259784077E-003,0.000000000000000E+000)
 (5.994567417200402E-003,0.000000000000000E+000)
 (1.525551036523596E-003,0.000000000000000E+000)
         352
 (5.530383109460395E-003,0.000000000000000E+000)
 (7.613109279810906E-004,0.000000000000000E+000)
 (3.081983305751945E-003,0.000000000000000E+000)
 (2.428567164008682E-003,0.000000000000000E+000)
 (2.972467498926273E-003,0.000000000000000E+000)
 (-5.092136217848828E-003,0.000000000000000E+000)
 (-2.044572560682537E-003,0.000000000000000E+000)
 (5.590008533281992E-003,0.000000000000000E+000)
 (2.287986102523461E-003,0.000000000000000E+000)
         353
 (5.461600669502719E-003,0.000000000000000E+000)
 (7.388590620367248E-004,0.000000000000000E+000)
 (3.207547065396802E-003,0.000000000000000E+000)
 (2.212819022774509E-003,0.000000000000000E+000)
 (3.776088197131465E-003,0.000000000000000E+000)
 (-4.637665648074870E-003,0.000000000000000E+000)
 (-2.436740212401949E-003,0.000000000000000E+000)
 (5.085135000895516E-003,0.000000000000000E+000)
 (2.977759547601625E-003,0.000000000000000E+000)
         354
 (5.412922569536168E-003,0.000000000000000E+000)
 (6.783237773685842E-004,0.000000000000000E+000)
 (3.302044650313552E-003,0.000000000000000E+000)
 (1.948862912387531E-003,0.000000000000000E+000)
 (4.466989792386911E-003,0.000000000000000E+000)
 (-4.112333681358249E-003,0.000000000000000E+000)
 (-2.750555465415728E-003,0.000000000000000E+000)
 (4.499914644876004E-003,0.000000000000000E+000)
 (3.584489584850834E-003,0.000000000000000E+000)
         355
 (5.383207051981481E-003,0.000000000000000E+000)
 (5.798003101179536E-004,0.000000000000000E+000)
 (3.368718777114815E-003,0.000000000000000E+000)
 (1.647554031542544E-003,0.000000000000000E+000)
 (5.066136570650701E-003,0.000000000000000E+000)
 (-3.504736612652285E-003,0.000000000000000E+000)
 (-2.994995878469070E-003,0.000000000000000E+000)
 (3.829026587960002E-003,0.000000000000000E+000)
 (4.126973205637589E-003,0.000000000000000E+000)
         356
 (5.373489440992629E-003,0.000000000000000E+000)
 (-4.299531171668618E-004,0.000000000000000E+000)
 (3.406479753056106E-003,0.000000000000000E+000)
 (1.314140725507042E-003,0.000000000000000E+000)
 (-5.587317420855049E-003,0.000000000000000E+000)
 (-2.778177632113447E-003,0.000000000000000E+000)
 (-3.172065280618689E-003,0.000000000000000E+000)
 (-3.043086774814374E-003,0.000000000000000E+000)
 (4.619629584701062E-003,0.000000000000000E+000)
         357
 (-5.386165478143945E-003,0.000000000000000E+000)
 (2.349330833507483E-004,0.000000000000000E+000)
 (3.405492717919051E-003,0.000000000000000E+000)
 (-9.442299715129653E-004,0.000000000000000E+000)
 (6.010908999759466E-003,0.000000000000000E+000)
 (-1.908076392838930E-003,0.000000000000000E+000)
 (3.280396922073453E-003,0.000000000000000E+000)
 (2.115923487832183E-003,0.000000000000000E+000)
 (5.042342371427496E-003,0.000000000000000E+000)
         358
 (-5.423324897739875E-003,0.000000000000000E+000)
 (5.425081693456334E-005,0.000000000000000E+000)
 (3.353797350141878E-003,0.000000000000000E+000)
 (-5.190708565813716E-004,0.000000000000000E+000)
 (6.285566429657910E-003,0.000000000000000E+000)
 (-9.410488125529789E-004,0.000000000000000E+000)
 (3.313829395548996E-003,0.000000000000000E+000)
 (1.073342569090326E-003,0.000000000000000E+000)
 (5.341331597081006E-003,0.000000000000000E+000)
         359
 (-5.483773219580292E-003,0.000000000000000E+000)
 (9.348751192213926E-019,0.000000000000000E+000)
 (3.254471391734143E-003,0.000000000000000E+000)
 (-1.658534761741606E-019,0.000000000000000E+000)
 (6.376782320528274E-003,0.000000000000000E+000)
 (-2.111248542734829E-018,0.000000000000000E+000)
 (3.254471391734143E-003,0.000000000000000E+000)
 (1.900233221533551E-018,0.000000000000000E+000)
 (5.483773219580292E-003,0.000000000000000E+000)
         360
 (5.999868494190542E-003,0.000000000000000E+000)
 (8.369213560744278E-020,0.000000000000000E+000)
 (-2.159845090700184E-003,0.000000000000000E+000)
 (2.159845090700184E-003,0.000000000000000E+000)
 (-2.230900977592513E-018,0.000000000000000E+000)
 (5.999868494190540E-003,0.000000000000000E+000)
 (-6.768709514756087E-019,0.000000000000000E+000)
 (-6.376782320528274E-003,0.000000000000000E+000)
 (-2.127385545789541E-018,0.000000000000000E+000)
         361
 (-5.879980179507099E-003,0.000000000000000E+000)
 (8.473403926247707E-004,0.000000000000000E+000)
 (2.317584973853627E-003,0.000000000000000E+000)
 (-2.180775802353267E-003,0.000000000000000E+000)
 (1.018211747954974E-003,0.000000000000000E+000)
 (-5.905151522154098E-003,0.000000000000000E+000)
 (1.154730597098771E-003,0.000000000000000E+000)
 (6.237676799799341E-003,0.000000000000000E+000)
 (6.491056560922406E-004,0.000000000000000E+000)
         362
 (5.722299865329240E-003,0.000000000000000E+000)
 (1.304113597202013E-003,0.000000000000000E+000)
 (2.493576696283425E-003,0.000000000000000E+000)
 (2.029391186925548E-003,0.000000000000000E+000)
 (2.002012023890767E-003,0.000000000000000E+000)
 (-5.704110099746293E-003,0.000000000000000E+000)
 (-1.949412328134776E-003,0.000000000000000E+000)
 (5.912240552040452E-003,0.000000000000000E+000)
 (1.381504973978208E-003,0.000000000000000E+000)
         363
 (5.586952602807723E-003,0.000000000000000E+000)
 (1.481786439324008E-003,0.000000000000000E+000)
 (2.693254968549668E-003,0.000000000000000E+000)
 (1.789582964401214E-003,0.000000000000000E+000)
 (2.974720744499206E-003,0.000000000000000E+000)
 (-5.348998230432780E-003,0.000000000000000E+000)
 (-2.499341151365087E-003,0.000000000000000E+000)
 (5.442306331316121E-003,0.000000000000000E+000)
 (2.190421961315097E-003,0.000000000000000E+000)
         364
 (5.484675920235249E-003,0.000000000000000E+000)
 (1.444688265547452E-003,0.000000000000000E+000)
 (2.914542610562263E-003,0.000000000000000E+000)
 (1.499052428184641E-003,0.000000000000000E+000)
 (3.948078269842187E-003,0.000000000000000E+000)
 (-4.777956943731873E-003,0.000000000000000E+000)
 (-2.886957677373764E-003,0.000000000000000E+000)
 (4.794674812121400E-003,0.000000000000000E+000)
 (3.056128527804952E-003,0.000000000000000E+000)
         365
 (5.414500126382954E-003,0.000000000000000E+000)
 (-1.209009805258151E-003,0.000000000000000E+000)
 (3.144015972540624E-003,0.000000000000000E+000)
 (1.174738275720776E-003,0.000000000000000E+000)
 (-4.900465752245807E-003,0.000000000000000E+000)
 (-3.907528395037516E-003,0.000000000000000E+000)
 (-3.156981331645389E-003,0.000000000000000E+000)
 (-3.897060875231170E-003,0.000000000000000E+000)
 (3.938240491613851E-003,0.000000000000000E+000)
         366
 (5.374710101457600E-003,0.000000000000000E+000)
 (7.927383588049400E-004,0.000000000000000E+000)
 (-3.338773724463950E-003,0.000000000000000E+000)
 (8.221300714527505E-004,0.000000000000000E+000)
 (5.726148411651176E-003,0.000000000000000E+000)
 (2.683035459467463E-003,0.000000000000000E+000)
 (-3.331658180892021E-003,0.000000000000000E+000)
 (2.691866086124259E-003,0.000000000000000E+000)
 (-4.724115102690803E-003,0.000000000000000E+000)
         367
 (5.364417973648299E-003,0.000000000000000E+000)
 (3.203071685659001E-004,0.000000000000000E+000)
 (-3.432750483965638E-003,0.000000000000000E+000)
 (4.362805365296525E-004,0.000000000000000E+000)
 (6.235093527581126E-003,0.000000000000000E+000)
 (1.263574595804815E-003,0.000000000000000E+000)
 (-3.419946178062811E-003,0.000000000000000E+000)
 (1.297830799250503E-003,0.000000000000000E+000)
 (-5.223308924338319E-003,0.000000000000000E+000)
         368
 (5.382289512459951E-003,0.000000000000000E+000)
 (-4.694105021114371E-018,0.000000000000000E+000)
 (3.419694776945101E-003,0.000000000000000E+000)
 (-4.643491112422980E-018,0.000000000000000E+000)
 (-6.376782320528276E-003,0.000000000000000E+000)
 (3.835863917809001E-018,0.000000000000000E+000)
 (-3.419694776945099E-003,0.000000000000000E+000)
 (5.727818608831689E-018,0.000000000000000E+000)
 (5.382289512459951E-003,0.000000000000000E+000)
         369
 (-6.142697878083737E-003,0.000000000000000E+000)
 (0.000000000000000E+000,0.000000000000000E+000)
 (1.711904069154436E-003,0.000000000000000E+000)
 (-1.711904069154437E-003,0.000000000000000E+000)
 (0.000000000000000E+000,0.000000000000000E+000)
 (-6.142697878083736E-003,0.000000000000000E+000)
 (0.000000000000000E+000,0.000000000000000E+000)
 (6.376782320528274E-003,0.000000000000000E+000)
 (0.000000000000000E+000,0.000000000000000E+000)
         370
 (-5.993116245986835E-003,0.000000000000000E+000)
 (1.236260006621744E-003,0.000000000000000E+000)
 (1.793759075661567E-003,0.000000000000000E+000)
 (-1.640969958892608E-003,0.000000000000000E+000)
 (8.916674974790888E-004,0.000000000000000E+000)
 (-6.097171428732616E-003,0.000000000000000E+000)
 (1.432874041743594E-003,0.000000000000000E+000)
 (6.191925632092889E-003,0.000000000000000E+000)
 (5.198862476834636E-004,0.000000000000000E+000)
         371
 (-5.772382452830849E-003,0.000000000000000E+000)
 (1.932089458038398E-003,0.000000000000000E+000)
 (1.899995765203009E-003,0.000000000000000E+000)
 (-1.398003064347687E-003,0.000000000000000E+000)
 (1.706838089504388E-003,0.000000000000000E+000)
 (-5.982946091324363E-003,0.000000000000000E+000)
 (2.321323117044879E-003,0.000000000000000E+000)
 (5.832416894029083E-003,0.000000000000000E+000)
 (1.121483358734827E-003,0.000000000000000E+000)
         372
 (5.595848811988531E-003,0.000000000000000E+000)
 (2.244867148438820E-003,0.000000000000000E+000)
 (-2.076150361276532E-003,0.000000000000000E+000)
 (1.090652446654525E-003,0.000000000000000E+000)
 (2.579577074235733E-003,0.000000000000000E+000)
 (5.728840381969626E-003,0.000000000000000E+000)
 (-2.856624945171314E-003,0.000000000000000E+000)
 (5.382351379029386E-003,0.000000000000000E+000)
 (-1.879718148735976E-003,0.000000000000000E+000)
         373
 (5.474627982003785E-003,0.000000000000000E+000)
 (-2.166146178293275E-003,0.000000000000000E+000)
 (-2.449410532419698E-003,0.000000000000000E+000)
 (7.528474066750191E-004,0.000000000000000E+000)
 (-3.813449666734752E-003,0.000000000000000E+000)
 (5.055113765776715E-003,0.000000000000000E+000)
 (-3.181983972983807E-003,0.000000000000000E+000)
 (-4.629121421711467E-003,0.000000000000000E+000)
 (-3.018205695794795E-003,0.000000000000000E+000)
         374
 (-5.400667034910511E-003,0.000000000000000E+000)
 (1.192382298804270E-003,0.000000000000000E+000)
 (-3.174015248062163E-003,0.000000000000000E+000)
 (-3.911822336186059E-004,0.000000000000000E+000)
 (5.710465199241188E-003,0.000000000000000E+000)
 (2.810856885677109E-003,0.000000000000000E+000)
 (3.367955581882578E-003,0.000000000000000E+000)
 (2.575298900158095E-003,0.000000000000000E+000)
 (-4.763198876460276E-003,0.000000000000000E+000)
         375
 (5.366165034119107E-003,0.000000000000000E+000)
 (0.000000000000000E+000,0.000000000000000E+000)
 (3.444942029991136E-003,0.000000000000000E+000)
 (0.000000000000000E+000,0.000000000000000E+000)
 (-6.376782320528274E-003,0.000000000000000E+000)
 (0.000000000000000E+000,0.000000000000000E+000)
 (-3.444942029991136E-003,0.000000000000000E+000)
 (0.000000000000000E+000,0.000000000000000E+000)
 (5.366165034119107E-003,0.000000000000000E+000)
         376
 (-6.263547125718509E-003,0.000000000000000E+000)
 (-7.985796943069700E-018,0.000000000000000E+000)
 (1.196382115925075E-003,0.000000000000000E+000)
 (-1.196382115925075E-003,0.000000000000000E+000)
 (-3.138634737550005E-018,0.000000000000000E+000)
 (-6.263547125718509E-003,0.000000000000000E+000)
 (-8.432845791936495E-018,0.000000000000000E+000)
 (6.376782320528274E-003,0.000000000000000E+000)
 (-1.584642761355346E-018,0.000000000000000E+000)
         377
 (-6.064853861343740E-003,0.000000000000000E+000)
 (1.599602197239631E-003,0.000000000000000E+000)
 (1.149857910583759E-003,0.000000000000000E+000)
 (-1.021255204852489E-003,0.000000000000000E+000)
 (6.299376536221931E-004,0.000000000000000E+000)
 (-6.262872274165634E-003,0.000000000000000E+000)
 (1.684618120081699E-003,0.000000000000000E+000)
 (6.140668052137086E-003,0.000000000000000E+000)
 (3.429437655903477E-004,0.000000000000000E+000)
         378
 (-5.784631220240720E-003,0.000000000000000E+000)
 (2.463164297964114E-003,0.000000000000000E+000)
 (1.064995798326586E-003,0.000000000000000E+000)
 (-7.106966976521761E-004,0.000000000000000E+000)
 (1.034174313907885E-003,0.000000000000000E+000)
 (-6.252099363877816E-003,0.000000000000000E+000)
 (2.587721896410938E-003,0.000000000000000E+000)
 (5.790220884654580E-003,0.000000000000000E+000)
 (6.636190602652041E-004,0.000000000000000E+000)
         379
 (-5.587356902795336E-003,0.000000000000000E+000)
 (2.939276674802693E-003,0.000000000000000E+000)
 (8.974676780520226E-004,0.000000000000000E+000)
 (-3.653410257657283E-004,0.000000000000000E+000)
 (1.213723675591780E-003,0.000000000000000E+000)
 (-6.249540266099769E-003,0.000000000000000E+000)
 (3.051445811263851E-003,0.000000000000000E+000)
 (5.527285068790171E-003,0.000000000000000E+000)
 (8.950703841885764E-004,0.000000000000000E+000)
         380
 (-5.466299710122694E-003,0.000000000000000E+000)
 (3.283735714474372E-003,0.000000000000000E+000)
 (1.475982860741360E-017,0.000000000000000E+000)
 (-1.668252233614035E-018,0.000000000000000E+000)
 (2.451065352560253E-017,0.000000000000000E+000)
 (-6.376782320528274E-003,0.000000000000000E+000)
 (3.283735714474372E-003,0.000000000000000E+000)
 (5.466299710122694E-003,0.000000000000000E+000)
 (2.015193123465489E-017,0.000000000000000E+000)
         381
 (-6.346828770979562E-003,0.000000000000000E+000)
 (-1.024013178030024E-017,0.000000000000000E+000)
 (6.173469974560586E-004,0.000000000000000E+000)
 (-6.173469974560586E-004,0.000000000000000E+000)
 (-1.490895934275044E-018,0.000000000000000E+000)
 (-6.346828770979562E-003,0.000000000000000E+000)
 (-1.033636712330420E-017,0.000000000000000E+000)
 (6.376782320528274E-003,0.000000000000000E+000)
 (-4.925284327112477E-019,0.000000000000000E+000)
         382
 (-6.096376861563295E-003,0.000000000000000E+000)
 (1.827295406674603E-003,0.000000000000000E+000)
 (3.981625571842808E-004,0.000000000000000E+000)
 (-3.465875790123282E-004,0.000000000000000E+000)
 (2.302074342749002E-004,0.000000000000000E+000)
 (-6.363193722548521E-003,0.000000000000000E+000)
 (1.837775550841832E-003,0.000000000000000E+000)
 (6.105026518972086E-003,0.000000000000000E+000)
 (1.207683351608994E-004,0.000000000000000E+000)
         383
 (-5.784290091110015E-003,0.000000000000000E+000)
 (2.684276607447240E-003,0.000000000000000E+000)
 (4.692507308126245E-018,0.000000000000000E+000)
 (-2.847445918536088E-018,0.000000000000000E+000)
 (3.329800421988185E-018,0.000000000000000E+000)
 (-6.376782320528274E-003,0.000000000000000E+000)
 (2.684276607447240E-003,0.000000000000000E+000)
 (5.784290091110015E-003,0.000000000000000E+000)
 (1.821796406439079E-018,0.000000000000000E+000)
         384
 (6.376782320528274E-003,0.000000000000000E+000)
 (0.000000000000000E+000,0.000000000000000E+000)
 (1.415930111054625E-018,0.000000000000000E+000)
 (-3.539825277636563E-019,0.000000000000000E+000)
 (0.000000000000000E+000,0.000000000000000E+000)
 (6.376782320528274E-003,0.000000000000000E+000)
 (0.000000000000000E+000,0.000000000000000E+000)
 (6.376782320528274E-003,0.000000000000000E+000)
 (0.000000000000000E+000,0.000000000000000E+000)
         385
 (5.706439258074771E-003,0.000000000000000E+000)
 (3.894812853341670E-019,0.000000000000000E+000)
 (-2.846032985983298E-003,0.000000000000000E+000)
 (2.846032985983298E-003,0.000000000000000E+000)
 (-5.964400632527705E-018,0.000000000000000E+000)
 (5.706439258074770E-003,0.000000000000000E+000)
 (-2.313444132691524E-018,0.000000000000000E+000)
 (-6.376782320528274E-003,0.000000000000000E+000)
 (-5.511238229457846E-018,0.000000000000000E+000)
         386
 (5.653258690014745E-003,0.000000000000000E+000)
 (2.255231432366027E-004,0.000000000000000E+000)
 (2.941625105114417E-003,0.000000000000000E+000)
 (2.860974033323250E-003,0.000000000000000E+000)
 (1.133278485489057E-003,0.000000000000000E+000)
 (-5.585146391848622E-003,0.000000000000000E+000)
 (-7.203100220216403E-004,0.000000000000000E+000)
 (6.271217740566361E-003,0.000000000000000E+000)
 (9.035121947062316E-004,0.000000000000000E+000)
         387
 (5.607363184955039E-003,0.000000000000000E+000)
 (2.497331986095589E-004,0.000000000000000E+000)
 (3.026295458960523E-003,0.000000000000000E+000)
 (2.740845883505433E-003,0.000000000000000E+000)
 (2.319416233289590E-003,0.000000000000000E+000)
 (-5.269860049662231E-003,0.000000000000000E+000)
 (-1.307132249729981E-003,0.000000000000000E+000)
 (5.934753106041305E-003,0.000000000000000E+000)
 (1.932217279565339E-003,0.000000000000000E+000)
         388
 (5.578950155708456E-003,0.000000000000000E+000)
 (1.509861910877412E-004,0.000000000000000E+000)
 (3.084780558422812E-003,0.000000000000000E+000)
 (2.514063862636528E-003,0.000000000000000E+000)
 (3.477472601336294E-003,0.000000000000000E+000)
 (-4.716992682307493E-003,0.000000000000000E+000)
 (-1.793920516106447E-003,0.000000000000000E+000)
 (5.343008538310429E-003,0.000000000000000E+000)
 (2.982861328462352E-003,0.000000000000000E+000)
         389
 (5.569536348120625E-003,0.000000000000000E+000)
 (-1.612835104513957E-014,0.000000000000000E+000)
 (3.105417464748522E-003,0.000000000000000E+000)
 (2.195861747745523E-003,0.000000000000000E+000)
 (4.509066021002712E-003,0.000000000000000E+000)
 (-3.938256919809666E-003,0.000000000000000E+000)
 (-2.195861747732109E-003,0.000000000000000E+000)
 (4.509066020989351E-003,0.000000000000000E+000)
 (3.938256919832443E-003,0.000000000000000E+000)
         390
 (5.927704148671153E-003,0.000000000000000E+000)
 (3.194276144887814E-018,0.000000000000000E+000)
 (-2.350675709073618E-003,0.000000000000000E+000)
 (2.350675709073618E-003,0.000000000000000E+000)
 (5.902676536707707E-018,0.000000000000000E+000)
 (5.927704148671153E-003,0.000000000000000E+000)
 (5.145228527526763E-018,0.000000000000000E+000)
 (-6.376782320528274E-003,0.000000000000000E+000)
 (4.309479526152067E-018,0.000000000000000E+000)
         391
 (5.879522607829778E-003,0.000000000000000E+000)
 (5.913451852806898E-004,0.000000000000000E+000)
 (2.396847416767666E-003,0.000000000000000E+000)
 (2.273999337726553E-003,0.000000000000000E+000)
 (1.112724066129741E-003,0.000000000000000E+000)
 (-5.852702361138556E-003,0.000000000000000E+000)
 (-9.609857852433067E-004,0.000000000000000E+000)
 (6.251040616401641E-003,0.000000000000000E+000)
 (8.150768651233233E-004,0.000000000000000E+000)
         392
 (5.803644871490303E-003,0.000000000000000E+000)
 (8.943916291794298E-004,0.000000000000000E+000)
 (2.486186353168250E-003,0.000000000000000E+000)
 (2.019500442774199E-003,0.000000000000000E+000)
 (2.367540505353012E-003,0.000000000000000E+000)
 (-5.565943107915278E-003,0.000000000000000E+000)
 (-1.703724429202415E-003,0.000000000000000E+000)
 (5.853047781503969E-003,0.000000000000000E+000)
 (1.871498731010079E-003,0.000000000000000E+000)
         393
 (-5.735234358849998E-003,0.000000000000000E+000)
 (8.630230617856625E-004,0.000000000000000E+000)
 (-2.650590652532850E-003,0.000000000000000E+000)
 (-1.641573890953170E-003,0.000000000000000E+000)
 (3.854903276594818E-003,0.000000000000000E+000)
 (4.807110218420350E-003,0.000000000000000E+000)
 (2.252925825012731E-003,0.000000000000000E+000)
 (5.005823077809144E-003,0.000000000000000E+000)
 (-3.244905746561226E-003,0.000000000000000E+000)
         394
 (5.687227336379219E-003,0.000000000000000E+000)
 (4.778049175581532E-004,0.000000000000000E+000)
 (-2.844380503466462E-003,0.000000000000000E+000)
 (1.172565900060595E-003,0.000000000000000E+000)
 (5.362503519441945E-003,0.000000000000000E+000)
 (3.245303988440808E-003,0.000000000000000E+000)
 (-2.635125651227652E-003,0.000000000000000E+000)
 (3.417398312771278E-003,0.000000000000000E+000)
 (-4.694768826844622E-003,0.000000000000000E+000)
         395
 (5.662236301931022E-003,0.000000000000000E+000)
 (7.952079693016148E-005,0.000000000000000E+000)
 (-2.931912220267189E-003,0.000000000000000E+000)
 (6.261811310533136E-004,0.000000000000000E+000)
 (6.194693622851869E-003,0.000000000000000E+000)
 (1.377323808518955E-003,0.000000000000000E+000)
 (-2.865367343921068E-003,0.000000000000000E+000)
 (1.510893816671429E-003,0.000000000000000E+000)
 (-5.492742723133565E-003,0.000000000000000E+000)
         396
 (5.655847724830257E-003,0.000000000000000E+000)
 (0.000000000000000E+000,0.000000000000000E+000)
 (2.945291034335039E-003,0.000000000000000E+000)
 (0.000000000000000E+000,0.000000000000000E+000)
 (-6.376782320528274E-003,0.000000000000000E+000)
 (0.000000000000000E+000,0.000000000000000E+000)
 (-2.945291034335039E-003,0.000000000000000E+000)
 (0.000000000000000E+000,0.000000000000000E+000)
 (5.655847724830257E-003,0.000000000000000E+000)
         397
 (-6.141498993649564E-003,0.000000000000000E+000)
 (0.000000000000000E+000,0.000000000000000E+000)
 (1.716200126559650E-003,0.000000000000000E+000)
 (-1.716200126559650E-003,0.000000000000000E+000)
 (0.000000000000000E+000,0.000000000000000E+000)
 (-6.141498993649563E-003,0.000000000000000E+000)
 (0.000000000000000E+000,0.000000000000000E+000)
 (6.376782320528274E-003,0.000000000000000E+000)
 (0.000000000000000E+000,0.000000000000000E+000)
         398
 (-6.078914311447864E-003,0.000000000000000E+000)
 (1.023494472139052E-003,0.000000000000000E+000)
 (1.631751397418456E-003,0.000000000000000E+000)
 (-1.495384804214929E-003,0.000000000000000E+000)
 (8.972549647883467E-004,0.000000000000000E+000)
 (-6.133686540644843E-003,0.000000000000000E+000)
 (1.214074892582560E-003,0.000000000000000E+000)
 (6.229827072805907E-003,0.000000000000000E+000)
 (6.153288239122062E-004,0.000000000000000E+000)
         399
 (5.941419706562093E-003,0.000000000000000E+000)
 (1.679935781781323E-003,0.000000000000000E+000)
 (-1.593957465859228E-003,0.000000000000000E+000)
 (1.084707263348667E-003,0.000000000000000E+000)
 (1.859066353481371E-003,0.000000000000000E+000)
 (6.002552391241089E-003,0.000000000000000E+000)
 (-2.046043691301883E-003,0.000000000000000E+000)
 (5.863875921764223E-003,0.000000000000000E+000)
 (-1.446380707434770E-003,0.000000000000000E+000)
         400
 (5.816483409832649E-003,0.000000000000000E+000)
 (-1.723868210823208E-003,0.000000000000000E+000)
 (1.964726927147056E-003,0.000000000000000E+000)
 (5.734495146613182E-004,0.000000000000000E+000)
 (-3.834882007121246E-003,0.000000000000000E+000)
 (-5.062429101626449E-003,0.000000000000000E+000)
 (-2.550103754884929E-003,0.000000000000000E+000)
 (-4.794299859893296E-003,0.000000000000000E+000)
 (3.342904793162808E-003,0.000000000000000E+000)
         401
 (5.725589076223654E-003,0.000000000000000E+000)
 (1.415930111054625E-018,0.000000000000000E+000)
 (2.807308763501145E-003,0.000000000000000E+000)
 (1.271336164393156E-018,0.000000000000000E+000)
 (-6.376782320528274E-003,0.000000000000000E+000)
 (6.233477652941899E-019,0.000000000000000E+000)
 (-2.807308763501145E-003,0.000000000000000E+000)
 (0.000000000000000E+000,0.000000000000000E+000)
 (5.725589076223654E-003,0.000000000000000E+000)
         402
 (-6.310343370569833E-003,0.000000000000000E+000)
 (-1.054143665596379E-017,0.000000000000000E+000)
 (9.181063712377455E-004,0.000000000000000E+000)
 (-9.181063712377448E-004,0.000000000000000E+000)
 (-3.041223445590493E-018,0.000000000000000E+000)
 (-6.310343370569833E-003,0.000000000000000E+000)
 (-1.086947116210407E-017,0.000000000000000E+000)
 (6.376782320528274E-003,0.000000000000000E+000)
 (-1.491818847546291E-018,0.000000000000000E+000)
         403
 (-6.200639904879746E-003,0.000000000000000E+000)
 (1.365461336872274E-003,0.000000000000000E+000)
 (5.923958734847978E-004,0.000000000000000E+000)
 (-5.262386914216889E-004,0.000000000000000E+000)
 (3.629062357314011E-004,0.000000000000000E+000)
 (-6.344661115230664E-003,0.000000000000000E+000)
 (1.392296797764623E-003,0.000000000000000E+000)
 (6.218292946217329E-003,0.000000000000000E+000)
 (2.401983042407439E-004,0.000000000000000E+000)
         404
 (-5.990125617554416E-003,0.000000000000000E+000)
 (2.186720798209107E-003,0.000000000000000E+000)
 (2.831860222109250E-018,0.000000000000000E+000)
 (1.330075076201180E-018,0.000000000000000E+000)
 (-4.855495557196903E-019,0.000000000000000E+000)
 (6.376782320528273E-003,0.000000000000000E+000)
 (2.186720798209107E-003,0.000000000000000E+000)
 (5.990125617554417E-003,0.000000000000000E+000)
 (0.000000000000000E+000,0.000000000000000E+000)
         405
 (-6.376782320528274E-003,0.000000000000000E+000)
 (0.000000000000000E+000,0.000000000000000E+000)
 (2.831860222109250E-018,0.000000000000000E+000)
 (-2.123895166581937E-018,0.000000000000000E+000)
 (0.000000000000000E+000,0.000000000000000E+000)
 (-6.376782320528274E-003,0.000000000000000E+000)
 (0.000000000000000E+000,0.000000000000000E+000)
 (6.376782320528274E-003,0.000000000000000E+000)
 (0.000000000000000E+000,0.000000000000000E+000)
         406
 (5.958464366939553E-003,0.000000000000000E+000)
 (0.000000000000000E+000,0.000000000000000E+000)
 (-2.271575477793683E-003,0.000000000000000E+000)
 (2.271575477793681E-003,0.000000000000000E+000)
 (0.000000000000000E+000,0.000000000000000E+000)
 (5.958464366939553E-003,0.000000000000000E+000)
 (0.000000000000000E+000,0.000000000000000E+000)
 (6.376782320528274E-003,0.000000000000000E+000)
 (0.000000000000000E+000,0.000000000000000E+000)
         407
 (5.988327715445356E-003,0.000000000000000E+000)
 (-3.294722705960814E-004,0.000000000000000E+000)
 (-2.166733015103437E-003,0.000000000000000E+000)
 (2.019524735456632E-003,0.000000000000000E+000)
 (-1.619408377767036E-003,0.000000000000000E+000)
 (5.827725895432858E-003,0.000000000000000E+000)
 (-8.513540853897366E-004,0.000000000000000E+000)
 (-6.158921763777178E-003,0.000000000000000E+000)
 (-1.416415084770001E-003,0.000000000000000E+000)
         408
 (-5.995010938761395E-003,0.000000000000000E+000)
 (-2.132992033584976E-014,0.000000000000000E+000)
 (-2.173291652662660E-003,0.000000000000000E+000)
 (-1.536749265097445E-003,0.000000000000000E+000)
 (4.509066021027189E-003,0.000000000000000E+000)
 (4.239112888051275E-003,0.000000000000000E+000)
 (1.536749265090326E-003,0.000000000000000E+000)
 (4.509066020964870E-003,0.000000000000000E+000)
 (-4.239112888120144E-003,0.000000000000000E+000)
         409
 (-6.245619698994259E-003,0.000000000000000E+000)
 (0.000000000000000E+000,0.000000000000000E+000)
 (1.286696288537748E-003,0.000000000000000E+000)
 (-1.286696288537748E-003,0.000000000000000E+000)
 (0.000000000000000E+000,0.000000000000000E+000)
 (-6.245619698994259E-003,0.000000000000000E+000)
 (0.000000000000000E+000,0.000000000000000E+000)
 (6.376782320528274E-003,0.000000000000000E+000)
 (0.000000000000000E+000,0.000000000000000E+000)
         410
 (-6.246015571750255E-003,0.000000000000000E+000)
 (9.220115169776399E-004,0.000000000000000E+000)
 (8.947273346756958E-004,0.000000000000000E+000)
 (-7.546858227489079E-004,0.000000000000000E+000)
 (9.609271587016123E-004,0.000000000000000E+000)
 (-6.258627730422492E-003,0.000000000000000E+000)
 (1.039755524052211E-003,0.000000000000000E+000)
 (6.236174029132942E-003,0.000000000000000E+000)
 (8.321025729876539E-004,0.000000000000000E+000)
         411
 (6.141604355388395E-003,0.000000000000000E+000)
 (0.000000000000000E+000,0.000000000000000E+000)
 (1.715823040198569E-003,0.000000000000000E+000)
 (0.000000000000000E+000,0.000000000000000E+000)
 (-6.376782320528274E-003,0.000000000000000E+000)
 (0.000000000000000E+000,0.000000000000000E+000)
 (-1.715823040198569E-003,0.000000000000000E+000)
 (0.000000000000000E+000,0.000000000000000E+000)
 (6.141604355388395E-003,0.000000000000000E+000)
         412
 (-6.376782320528272E-003,0.000000000000000E+000)
 (-2.915001791801154E-018,0.000000000000000E+000)
 (5.309737916454844E-019,0.000000000000000E+000)
 (-2.477877694345594E-018,0.000000000000000E+000)
 (-6.515217413948211E-019,0.000000000000000E+000)
 (-6.376782320528272E-003,0.000000000000000E+000)
 (-2.915001791801154E-018,0.000000000000000E+000)
 (6.376782320528274E-003,0.000000000000000E+000)
 (-6.515217413948200E-019,0.000000000000000E+000)
         413
 (-6.376782320528274E-003,0.000000000000000E+000)
 (-1.415930111054625E-018,0.000000000000000E+000)
 (0.000000000000000E+000,0.000000000000000E+000)
 (1.415930111054625E-018,0.000000000000000E+000)
 (-6.376782320528274E-003,0.000000000000000E+000)
 (0.000000000000000E+000,0.000000000000000E+000)
 (0.000000000000000E+000,0.000000000000000E+000)
 (0.000000000000000E+000,0.000000000000000E+000)
 (6.376782320528274E-003,0.000000000000000E+000)
