ik,iband,path_distance_tpiba,kx_tpiba,ky_tpiba,kz_tpiba,energy_eV,Si_s_weight,Si_p_weight,projection_norm
1,1,0.0,0.0,0.0,0.0,-5.6924940963759685,0.9960447859870063,3.6170054105786395e-12,0.9960447859906233
1,2,0.0,0.0,0.0,0.0,6.397028955789438,1.303722630370176e-11,0.9603908906213297,0.9603908906343669
1,3,0.0,0.0,0.0,0.0,6.397028955359185,3.849348316601912e-11,0.9603912217775514,0.9603912218160449
1,4,0.0,0.0,0.0,0.0,6.39702895702055,1.7185514415348437e-10,0.9603921567714943,0.9603921569433495
1,5,0.0,0.0,0.0,0.0,8.966555402944419,5.554953471455121e-09,0.9653691072492603,0.9653691128042138
1,6,0.0,0.0,0.0,0.0,8.966555400479754,3.710067024167097e-09,0.9653689858784446,0.9653689895885116
1,7,0.0,0.0,0.0,0.0,8.966555403514372,5.8452116218213455e-09,0.9653691555533458,0.9653691613985574
1,8,0.0,0.0,0.0,0.0,9.969092776497593,0.9868208437836556,1.494570997609882e-08,0.9868208587293656
2,1,0.04166666666666666,0.04166666666666666,0.0,0.0,-5.684773906047006,0.9915403413987368,0.004500293858276478,0.9960406352570133
2,2,0.04166666666666666,0.04166666666666666,0.0,0.0,6.346546352461487,0.015852480028786697,0.9452109858853106,0.9610634659140973
2,3,0.04166666666666666,0.04166666666666666,0.0,0.0,6.3632875340509925,1.1464860764134665e-07,0.9613385491184987,0.9613386637671063
2,4,0.04166666666666666,0.04166666666666666,0.0,0.0,6.363287652694955,1.8299217552096982e-09,0.9613381420409808,0.9613381438709026
2,5,0.04166666666666666,0.04166666666666666,0.0,0.0,8.947359713860141,0.00430506879230642,0.9609674588211858,0.9652725276134922
2,6,0.04166666666666666,0.04166666666666666,0.0,0.0,9.009802200399557,2.6081232756106774e-09,0.9640142989439034,0.9640143015520267
2,7,0.04166666666666666,0.04166666666666666,0.0,0.0,9.009802207531232,7.94336852233663e-09,0.9640140989272432,0.9640141068706117
2,8,0.04166666666666666,0.04166666666666666,0.0,0.0,10.018489738190016,0.9708991031899896,0.01562647222505082,0.9865255754150405
3,1,0.08333333333333333,0.08333333333333333,0.0,0.0,-5.661621040840555,0.9784758076255402,0.01755215592338975,0.99602796354893
3,2,0.08333333333333333,0.08333333333333333,0.0,0.0,6.203235331762062,0.05673104144298809,0.9061130163577837,0.9628440578007719
3,3,0.08333333333333333,0.08333333333333333,0.0,0.0,6.268483513011151,7.797971598815344e-09,0.9638250404995505,0.9638250482975221
3,4,0.08333333333333333,0.08333333333333333,0.0,0.0,6.2684835175315525,4.463051457203817e-09,0.9638248822625656,0.9638248867256171
3,5,0.08333333333333333,0.08333333333333333,0.0,0.0,8.891373745178814,0.01679807749493907,0.9481819555626126,0.9649800330575518
3,6,0.08333333333333333,0.08333333333333333,0.0,0.0,9.133088021864031,2.6628219576791195e-09,0.9602927264982666,0.9602927291610885
3,7,0.08333333333333333,0.08333333333333333,0.0,0.0,9.133088023106545,2.2110218228792825e-09,0.960292800826791,0.9602928030378128
3,8,0.08333333333333333,0.08333333333333333,0.0,0.0,10.156860472313417,0.9295177314800172,0.0561811854348774,0.9856989169148945
4,1,0.125,0.125,0.0,0.0,-5.623055941776919,0.9580886225485119,0.03791651017908474,0.9960051327275966
4,2,0.125,0.125,0.0,0.0,5.986226597552682,0.10919516406420082,0.8560596904176657,0.9652548544818665
4,3,0.125,0.125,0.0,0.0,6.127602324400925,6.459292168340489e-09,0.9671297845727765,0.9671297910320688
4,4,0.125,0.125,0.0,0.0,6.127602330098889,3.055621328792763e-09,0.9671295685203125,0.9671295715759338
4,5,0.125,0.125,0.0,0.0,8.802977204470086,0.036305812012912955,0.9281690033282319,0.9644748153411449
4,6,0.125,0.125,0.0,0.0,9.32132463448146,2.0686042172520765e-09,0.9548967259894605,0.9548967280580647
4,7,0.125,0.125,0.0,0.0,9.321324642515574,2.624719345071116e-09,0.9548967381271377,0.954896740751857
4,8,0.125,0.125,0.0,0.0,10.35918865261909,0.8748599694367761,0.10900642413138933,0.9838663935681655
5,1,0.1666666666666667,0.1666666666666667,0.0,0.0,-5.569114653763512,0.9321264289720022,0.06384368205113278,0.9959701110231349
5,2,0.1666666666666667,0.1666666666666667,0.0,0.0,5.716168747526251,0.16266613201489707,0.8052309684376658,0.9678971004525629
5,3,0.1666666666666667,0.1666666666666667,0.0,0.0,5.956666587896084,3.7193663385675403e-09,0.9706454226806479,0.9706454264000143
5,4,0.1666666666666667,0.1666666666666667,0.0,0.0,5.956666591651315,1.0548140068371143e-09,0.9706450459610649,0.970645047015879
5,5,0.1666666666666667,0.1666666666666667,0.0,0.0,8.688295875049578,0.06115085439152866,0.9025760059550615,0.9637268603465902
5,6,0.1666666666666667,0.1666666666666667,0.0,0.0,9.558324830230605,2.8671910104154635e-09,0.94837816248562,0.948378165352811
5,7,0.1666666666666667,0.1666666666666667,0.0,0.0,9.558324830497554,1.7351409145226298e-09,0.9483778928325077,0.9483778945676486
5,8,0.1666666666666667,0.1666666666666667,0.0,0.0,10.591592010328025,0.8137050299017652,0.16399336092247024,0.9776983908242354
6,1,0.2083333333333333,0.2083333333333333,0.0,0.0,-5.499849240043172,0.9025097949816229,0.09341132887734824,0.9959211238589711
6,2,0.2083333333333333,0.2083333333333333,0.0,0.0,5.409765799012067,0.2119740638487197,0.7585758592273218,0.9705499230760415
6,3,0.2083333333333333,0.2083333333333333,0.0,0.0,5.768569750610458,7.865788101984258e-10,0.9740347217838338,0.9740347225704126
6,4,0.2083333333333333,0.2083333333333333,0.0,0.0,5.768569750275699,1.2310997532938263e-09,0.9740346304490058,0.9740346316801056
6,5,0.2083333333333333,0.2083333333333333,0.0,0.0,8.554058968641073,0.08946193503084038,0.8732400166411767,0.962701951672017
6,6,0.2083333333333333,0.2083333333333333,0.0,0.0,9.830975748803002,2.123930853049242e-09,0.9410036227796952,0.941003624903626
6,7,0.2083333333333333,0.2083333333333333,0.0,0.0,9.830975752626172,4.165476814466909e-09,0.9410038221103096,0.9410038262757865
6,8,0.2083333333333333,0.2083333333333333,0.0,0.0,10.809489218342751,0.7408060394282354,0.21416559230403284,0.9549716317322683
7,1,0.25,0.25,0.0,0.0,-5.415326294090957,0.8710439588256571,0.12481269179730999,0.9958566506229671
7,2,0.25,0.25,0.0,0.0,5.07885841688519,0.2555812263054123,0.7175348600711534,0.9731160863765658
7,3,0.25,0.25,0.0,0.0,5.572487778148166,1.296740477018475e-09,0.9771477654321921,0.9771477667289326
7,4,0.25,0.25,0.0,0.0,5.5724877757258895,2.1815167851143877e-09,0.977147831819465,0.9771478340009817
7,5,0.25,0.25,0.0,0.0,8.406738067802342,0.11945382302901134,0.8419229127441583,0.9613767357731696
7,6,0.25,0.25,0.0,0.0,10.129840503937647,2.1750390450394844e-09,0.9328321974151967,0.9328321995902358
7,7,0.25,0.25,0.0,0.0,10.129840504642212,4.206646441662101e-09,0.9328323000420673,0.9328323042487138
7,8,0.25,0.25,0.0,0.0,10.94850724515618,0.6375331918086988,0.249014366868495,0.8865475586771938
8,1,0.2916666666666666,0.2916666666666666,0.0,0.0,-5.31562736737591,0.8392383328903135,0.1565383312859982,0.9957766641763117
8,2,0.2916666666666666,0.2916666666666666,0.0,0.0,4.7313978301868955,0.2935907494998887,0.6819625364780755,0.9755532859779642
8,3,0.2916666666666666,0.2916666666666666,0.0,0.0,5.37467897892587,1.0861178834964478e-09,0.9799345898050563,0.9799345908911742
8,4,0.2916666666666666,0.2916666666666666,0.0,0.0,5.374678981880387,1.898116412712378e-10,0.9799347965572858,0.9799347967470974
8,5,0.2916666666666666,0.2916666666666666,0.0,0.0,8.252071745699732,0.14961547730664282,0.8101300359629422,0.959745513269585
8,6,0.2916666666666666,0.2916666666666666,0.0,0.0,10.448372812909154,4.0574621653760315e-09,0.9238063927568019,0.923806396814264
8,7,0.2916666666666666,0.2916666666666666,0.0,0.0,10.44837281198385,3.880940304266547e-09,0.9238068066010492,0.9238068104819895
8,8,0.2916666666666666,0.2916666666666666,0.0,0.0,10.938635184285943,0.5015704360877677,0.255424761372869,0.7569951974606368
9,1,0.3333333333333333,0.3333333333333333,0.0,0.0,-5.20085024733754,0.8082293364453407,0.18745130515413344,0.9956806415994741
9,2,0.3333333333333333,0.3333333333333333,0.0,0.0,4.372653518155285,0.3266525900957207,0.6511919073114095,0.9778444974071302
9,3,0.3333333333333333,0.3333333333333333,0.0,0.0,5.17940118231887,8.189536740827875e-10,0.9823909051908997,0.9823909060098533
9,4,0.3333333333333333,0.3333333333333333,0.0,0.0,5.179401182088693,1.5712223777234085e-10,0.9823911465876068,0.982391146744729
9,5,0.3333333333333333,0.3333333333333333,0.0,0.0,8.09490712920084,0.17879719380986264,0.7790165325381145,0.9578137263479771
9,6,0.3333333333333333,0.3333333333333333,0.0,0.0,10.770609168447299,0.38151048544666233,0.24274722821529723,0.6242577136619596
9,7,0.3333333333333333,0.3333333333333333,0.0,0.0,10.782018404725124,3.821061495327911e-06,0.9138098209898119,0.9138136420513072
9,8,0.3333333333333333,0.3333333333333333,0.0,0.0,10.782018476805174,1.3611590742574633e-06,0.9138144926550438,0.913815853814118
10,1,0.375,0.375,0.0,0.0,-5.071115259509852,0.7788055170485836,0.21676373942404017,0.9955692564726237
10,2,0.375,0.375,0.0,0.0,4.006148758912765,0.35549980043195806,0.6244754246300243,0.9799752250619823
10,3,0.375,0.375,0.0,0.0,4.9895969343551965,3.090962413686554e-10,0.9845306169650423,0.9845306172741385
10,4,0.375,0.375,0.0,0.0,4.989596934319379,1.0604794802423133e-10,0.9845307094187554,0.9845307095248034
10,5,0.375,0.375,0.0,0.0,7.9392245037134455,0.20619420592453086,0.7493942589551684,0.9555884648796993
10,6,0.375,0.375,0.0,0.0,10.501508968891189,0.3071322079858705,0.23191198214366496,0.5390441901295354
10,7,0.375,0.375,0.0,0.0,11.127544292326576,3.893226930409282e-09,0.9027228661342639,0.9027228700274909
10,8,0.375,0.375,0.0,0.0,11.127544295898229,1.6265346999408173e-09,0.9027226589868054,0.90272266061334
11,1,0.4166666666666666,0.4166666666666666,0.0,0.0,-4.926556577066323,0.751439696944861,0.24400386908726715,0.9954435660321281
11,2,0.4166666666666666,0.4166666666666666,0.0,0.0,3.6343059157450615,0.3808023462997948,0.6011318007923662,0.981934147092161
11,3,0.4166666666666666,0.4166666666666666,0.0,0.0,4.807347800195565,1.359217568847039e-12,0.9863747094599125,0.9863747094612717
11,4,0.4166666666666666,0.4166666666666666,0.0,0.0,4.807347800511649,6.220756659843728e-11,0.9863745683683125,0.9863745684305201
11,5,0.4166666666666666,0.4166666666666666,0.0,0.0,7.78825466808635,0.23131613489050995,0.7217466424405811,0.953062777331091
11,6,0.4166666666666666,0.4166666666666666,0.0,0.0,10.186308740386387,0.2680150145955324,0.2295501338880125,0.4975651484835449
11,7,0.4166666666666666,0.4166666666666666,0.0,0.0,11.482606152177938,1.0564208273904397e-09,0.8903871011454865,0.8903871022019073
11,8,0.4166666666666666,0.4166666666666666,0.0,0.0,11.482606150276268,1.0371183496238956e-09,0.8903852401605153,0.8903852411976337
12,1,0.4583333333333333,0.4583333333333333,0.0,0.0,-4.767329903704082,0.7263749541132377,0.26893006291625343,0.9953050170294911
12,2,0.4583333333333333,0.4583333333333333,0.0,0.0,3.258863412610069,0.40309552661445747,0.580614758943554,0.9837102855580114
12,3,0.4583333333333333,0.4583333333333333,0.0,0.0,4.634164632423636,4.350993486581495e-10,0.9879495119124937,0.9879495123475931
12,4,0.4583333333333333,0.4583333333333333,0.0,0.0,4.634164633685943,4.029760754597832e-11,0.9879485447724565,0.9879485448127542
12,5,0.4583333333333333,0.4583333333333333,0.0,0.0,7.644609774956973,0.2538994745832724,0.6963147870877867,0.9502142616710592
12,6,0.4583333333333333,0.4583333333333333,0.0,0.0,9.856455643336222,0.24975962905623222,0.2346256137516148,0.484385242807847
12,7,0.4583333333333333,0.4583333333333333,0.0,0.0,11.845476704097969,8.096534885873626e-11,0.8766776724177692,0.8766776724987345
12,8,0.4583333333333333,0.4583333333333333,0.0,0.0,11.84547670359907,5.236995306298538e-10,0.8766796619053866,0.8766796624290861
13,1,0.5,0.5,0.0,0.0,-4.593610891521349,0.7036762840757649,0.2914784788705636,0.9951547629463284
13,2,0.5,0.5,0.0,0.0,2.881150351214734,0.4228494858298741,0.56244686907609,0.9852963549059641
13,3,0.5,0.5,0.0,0.0,4.47116878638103,7.348523496032266e-11,0.9892791188535154,0.9892791189270006
13,4,0.5,0.5,0.0,0.0,4.471168785652922,9.571197338137417e-11,0.9892787073978841,0.9892787074935961
13,5,0.5,0.5,0.0,0.0,7.510409957417242,0.273851942714598,0.6731409982641255,0.9469929409787236
13,6,0.5,0.5,0.0,0.0,9.528366157418796,0.24362673734031004,0.24528561260901935,0.4889123499493294
13,7,0.5,0.5,0.0,0.0,12.214873280659015,1.5071448073889634e-10,0.861499607648613,0.8614996077993274
13,8,0.5,0.5,0.0,0.0,12.21487328048431,2.791785728379847e-10,0.861499145435085,0.8614991457142636
14,1,0.5416666666666666,0.5416666666666666,0.0,0.0,-4.40560533039839,0.6832917591292782,0.31170295567827955,0.9949947148075577
14,2,0.5416666666666666,0.5416666666666666,0.0,0.0,2.502257351872722,0.440436513992428,0.5462551973638128,0.9866917113562408
14,3,0.5416666666666666,0.5416666666666666,0.0,0.0,4.319211112950846,2.999869968177556e-10,0.9903895166444788,0.9903895169444659
14,4,0.5416666666666666,0.5416666666666666,0.0,0.0,4.3192111124019625,1.865667426534206e-10,0.9903895886102262,0.990389588796793
14,5,0.5416666666666666,0.5416666666666666,0.0,0.0,7.387388162413019,0.2911914964314186,0.6521383852976318,0.9433298817290504
14,6,0.5416666666666666,0.5416666666666666,0.0,0.0,9.210959600261484,0.24485096813280371,0.26013411203315534,0.504985080165959
14,7,0.5416666666666666,0.5416666666666666,0.0,0.0,12.589845978947372,1.0911892957111993e-10,0.8447935608464101,0.844793560955529
14,8,0.5416666666666666,0.5416666666666666,0.0,0.0,12.589845978111265,6.296625729535263e-11,0.8447930927531655,0.8447930928161318
15,1,0.5833333333333333,0.5833333333333333,0.0,0.0,-4.203534582439724,0.6650890000806069,0.3297369572734253,0.9948259573540321
15,2,0.5833333333333333,0.5833333333333333,0.0,0.0,2.1231552861065905,0.45617519521151195,0.531723506801098,0.98789870201261
15,3,0.5833333333333333,0.5833333333333333,0.0,0.0,4.178950154707478,1.6112856855079573e-10,0.9913065396640028,0.9913065398251314
15,4,0.5833333333333333,0.5833333333333333,0.0,0.0,4.17895015535576,3.2445383283057933e-10,0.9913068169198656,0.9913068172443193
15,5,0.5833333333333333,0.5833333333333333,0.0,0.0,7.2769846875096915,0.30600626252992247,0.6331257608313718,0.9391320233612943
15,6,0.5833333333333333,0.5833333333333333,0.0,0.0,8.909378880487333,0.25069226300343894,0.2781718093622186,0.5288640723656575
15,7,0.5833333333333333,0.5833333333333333,0.0,0.0,12.969705222978781,2.5069563911389325e-10,0.826579801137894,0.8265798013885897
15,8,0.5833333333333333,0.5833333333333333,0.0,0.0,12.969705223123658,4.244944516304436e-11,0.826580172083185,0.8265801721256345
16,1,0.625,0.625,0.0,0.0,-3.987654186611164,0.6488876441831498,0.3457624724451606,0.9946501166283104
16,2,0.625,0.625,0.0,0.0,1.7447579323342246,0.47034635002185293,0.5185797846189626,0.9889261346408156
16,3,0.625,0.625,0.0,0.0,4.050901484902865,2.022601393532596e-10,0.9920548477038942,0.9920548479061543
16,4,0.625,0.625,0.0,0.0,4.050901485767722,2.0346457119454644e-10,0.9920550963792103,0.9920550965826749
16,5,0.625,0.625,0.0,0.0,7.180408572386268,0.31842133090245284,0.6158614053076518,0.9342827362101046
16,6,0.625,0.625,0.0,0.0,8.626703862714212,0.2594188518632304,0.29859342695188534,0.5580122788151157
16,7,0.625,0.625,0.0,0.0,13.353954010240336,1.7738032109808207e-10,0.8069804319726477,0.806980432150028
16,8,0.625,0.625,0.0,0.0,13.353954010077516,2.0711698038831378e-10,0.8069806321037464,0.8069806323108634
17,1,0.6666666666666666,0.6666666666666666,0.0,0.0,-3.758246569428808,0.634481886677538,0.3599868007749091,0.9944686874524471
17,2,0.6666666666666666,0.6666666666666666,0.0,0.0,1.3679625667520505,0.48317574834382204,0.5066110055496567,0.9897867538934787
17,3,0.6666666666666666,0.6666666666666666,0.0,0.0,3.9354743514781325,1.3865948582283295e-10,0.9926560358627063,0.9926560360013659
17,4,0.6666666666666666,0.6666666666666666,0.0,0.0,3.935474352883185,2.755171845184754e-10,0.992656167762132,0.9926561680376491
17,5,0.6666666666666666,0.6666666666666666,0.0,0.0,7.098695894603436,0.32857618341846695,0.6000680444233624,0.9286442278418293
17,6,0.6666666666666666,0.6666666666666666,0.0,0.0,8.364803096419125,0.26985433496659994,0.32066785634133793,0.5905221913079379
17,7,0.6666666666666666,0.6666666666666666,0.0,0.0,13.742230253249199,1.5513095705703401e-10,0.7862624628594697,0.7862624630146006
17,8,0.6666666666666666,0.6666666666666666,0.0,0.0,13.74223025417391,9.174894908403126e-11,0.7862617754580454,0.7862617755497944
18,1,0.7083333333333333,0.7083333333333333,0.0,0.0,-3.515624737797595,0.6216524603887524,0.37263072859291707,0.9942831889816695
18,2,0.7083333333333333,0.7083333333333333,0.0,0.0,0.9936663466008181,0.4948739576887876,0.49562333326135927,0.9904972909501468
18,3,0.7083333333333333,0.7083333333333333,0.0,0.0,3.8329958280677023,4.592987974752258e-11,0.9931322080035038,0.9931322080494337
18,4,0.7083333333333333,0.7083333333333333,0.0,0.0,3.8329958272626157,3.9366122998583763e-11,0.9931320504573691,0.9931320504967353
18,5,0.7083333333333333,0.7083333333333333,0.0,0.0,7.032749064483734,0.33661286107521937,0.5854425037078038,0.9220553647830232
18,6,0.7083333333333333,0.7083333333333333,0.0,0.0,8.124771973320152,0.2811054356811377,0.3436983240070697,0.6248037596882074
18,7,0.7083333333333333,0.7083333333333333,0.0,0.0,14.134232013496698,1.1706159102245175e-10,0.7649192443232903,0.7649192444403519
18,8,0.7083333333333333,0.7083333333333333,0.0,0.0,14.134232013603942,2.313763167474923e-10,0.7649183341012913,0.7649183343326676
19,1,0.75,0.75,0.0,0.0,-3.260141743808703,0.6101703704219026,0.38392453371044427,0.9940949041323468
19,2,0.75,0.75,0.0,0.0,0.6227705027453563,0.5056103664177769,0.48546687125822385,0.9910772376760008
19,3,0.75,0.75,0.0,0.0,3.743727277235529,1.7333186668639622e-10,0.9935024967309151,0.993502496904247
19,4,0.75,0.75,0.0,0.0,3.7437272752672235,1.8645972243762688e-11,0.9935021204882587,0.9935021205069047
19,5,0.75,0.75,0.0,0.0,6.983369525365837,0.34267095747894477,0.5716611798796326,0.9143321373585773
19,6,0.75,0.75,0.0,0.0,7.907191670244387,0.29250923919188887,0.3670280960686767,0.6595373352605656
19,7,0.75,0.75,0.0,0.0,14.52961599927886,2.099822615162354e-11,0.7437926390348285,0.7437926390558267
19,8,0.75,0.75,0.0,0.0,14.52961600048308,6.834362366231973e-11,0.7437964638346785,0.7437964639030221
20,1,0.7916666666666666,0.7916666666666666,0.0,0.0,-2.99218429429175,0.599814417306377,0.39409097328333165,0.9939053905897086
20,2,0.7916666666666666,0.7916666666666666,0.0,0.0,0.25617794410913514,0.515545734775626,0.4760013742090358,0.9915471089846619
20,3,0.7916666666666666,0.7916666666666666,0.0,0.0,3.6678778397458203,5.5542706450604074e-11,0.9937847200382316,0.9937847200937743
20,4,0.7916666666666666,0.7916666666666666,0.0,0.0,3.667877839517694,1.2802412220803782e-11,0.9937844410074765,0.993784441020279
20,5,0.7916666666666666,0.7916666666666666,0.0,0.0,6.951283143559168,0.3468711411837673,0.5583964668470941,0.9052676080308614
20,6,0.7916666666666666,0.7916666666666666,0.0,0.0,7.712294371484636,0.3035403295139534,0.3900703320207327,0.6936106615346861
20,7,0.7916666666666666,0.7916666666666666,0.0,0.0,14.927826157456547,9.026447734088428e-12,0.7243606889594247,0.7243606889684512
20,8,0.7916666666666666,0.7916666666666666,0.0,0.0,14.92782615823417,3.812262784258657e-12,0.7243577275874938,0.7243577275913061
21,1,0.8333333333333333,0.8333333333333333,0.0,0.0,-2.712180840627823,0.5903679076888091,0.4033476965214677,0.9937156042102768
21,2,0.8333333333333333,0.8333333333333333,0.0,0.0,-0.10522049213443056,0.5248042269987347,0.46712465180550494,0.9919288788042397
21,3,0.8333333333333333,0.8333333333333333,0.0,0.0,3.6056124760886545,2.8903690752830135e-12,0.9939937324080792,0.9939937324109696
21,4,0.8333333333333333,0.8333333333333333,0.0,0.0,3.6056124768092825,3.894140517049898e-11,0.9939935396816627,0.9939935397206041
21,5,0.8333333333333333,0.8333333333333333,0.0,0.0,6.937158526663408,0.34931888222655416,0.5453138016534008,0.894632683879955
21,6,0.8333333333333333,0.8333333333333333,0.0,0.0,7.540060991024974,0.31382656128722286,0.4123257747692992,0.7261523360565221
21,7,0.8333333333333333,0.8333333333333333,0.0,0.0,15.327722031564758,1.7701447628028275e-11,0.709346400739854,0.7093464007575554
21,8,0.8333333333333333,0.8333333333333333,0.0,0.0,15.327722033038716,7.754510892469893e-12,0.7093516983420315,0.709351698349786
22,1,0.875,0.875,0.0,0.0,-2.4206023382026784,0.5816155738887347,0.41191034013721767,0.9935259140259525
22,2,0.875,0.875,0.0,0.0,-0.46054700684947764,0.5335142938583473,0.458728379953375,0.9922426738117223
22,3,0.875,0.875,0.0,0.0,3.557059047180389,4.6092772993877904e-11,0.994142779341782,0.9941427793878748
22,4,0.875,0.875,0.0,0.0,3.557059047859112,1.340044669894481e-10,0.9941429165809782,0.9941429167149827
22,5,0.875,0.875,0.0,0.0,6.941623619780625,0.3501072571580799,0.5320736311124481,0.882180888270528
22,6,0.875,0.875,0.0,0.0,7.390304161366053,0.323080962468309,0.4334237546274855,0.7565047170957945
22,7,0.875,0.875,0.0,0.0,15.726634521468043,5.443045024502515e-13,0.7044023175005243,0.7044023175010686
22,8,0.875,0.875,0.0,0.0,15.72663452094248,4.8153302581509e-13,0.7043980619539144,0.7043980619543959
23,1,0.9166666666666666,0.9166666666666666,0.0,0.0,-2.1179685911281187,0.5733638786668999,0.41997205986893915,0.993335938535839
23,2,0.9166666666666666,0.9166666666666666,0.0,0.0,-0.8089596778985518,0.5418038356289455,0.45070304572497566,0.9925068813539212
23,3,0.9166666666666666,0.9166666666666666,0.0,0.0,3.5223126180828994,5.323017534109174e-12,0.9942418603795748,0.9942418603848978
23,4,0.9166666666666666,0.9166666666666666,0.0,0.0,3.5223126185642717,9.443765858640317e-11,0.9942414859577843,0.994241486052222
23,5,0.9166666666666666,0.9166666666666666,0.0,0.0,6.965270375430652,0.34930080942478475,0.5183549533968604,0.8676557628216452
23,6,0.9166666666666666,0.9166666666666666,0.0,0.0,7.262708849575697,0.331119577592643,0.4531542855877427,0.7842738631803856
23,7,0.9166666666666666,0.9166666666666666,0.0,0.0,16.117132272043055,6.322352483090379e-12,0.7231347133731514,0.7231347133794738
23,8,0.9166666666666666,0.9166666666666666,0.0,0.0,16.117132273347238,2.6649344304657647e-13,0.7231429863415526,0.7231429863418191
24,1,0.9583333333333333,0.9583333333333333,0.0,0.0,-1.8048456183827348,0.5654214098667066,0.42772298705710743,0.9931443969238141
24,2,0.9583333333333333,0.9583333333333333,0.0,0.0,-1.1496492163372183,0.5497966094776181,0.4429408207402673,0.9927374302178854
24,3,0.9583333333333333,0.9583333333333333,0.0,0.0,3.501439019191836,1.3121585015196392e-10,0.9942981699059634,0.9942981700371792
24,4,0.9583333333333333,0.9583333333333333,0.0,0.0,3.5014390180163475,1.3628813448472234e-11,0.9942987542101943,0.9942987542238231
24,5,0.9583333333333333,0.9583333333333333,0.0,0.0,7.008668366837155,0.3469587459862981,0.5038445510998636,0.8508032970861616
24,6,0.9583333333333333,0.9583333333333333,0.0,0.0,7.1568796298573565,0.3378211849298759,0.47142677751247314,0.809247962442349
24,7,0.9583333333333333,0.9583333333333333,0.0,0.0,16.471698589466598,2.4833249093551225e-13,0.8017054327628789,0.8017054327631272
24,8,0.9583333333333333,0.9583333333333333,0.0,0.0,16.471698586882024,1.1405256931057484e-12,0.8016911916704654,0.801691191671606
25,1,1.0,1.0,0.0,0.0,-1.481850907845927,0.5576137854622125,0.4353332593188916,0.9929470447811042
25,2,1.0,1.0,0.0,0.0,-1.4818509081279878,0.5576172146251805,0.4353298611704935,0.992947075795674
25,3,1.0,1.0,0.0,0.0,3.494476853942649,1.5694800956899732e-10,0.9943166084348088,0.9943166085917569
25,4,1.0,1.0,0.0,0.0,3.4944768522261307,2.9636090839927374e-11,0.9943167935297494,0.9943167935593855
25,5,1.0,1.0,0.0,0.0,7.072363386698321,0.34312160782595896,0.4882724960830454,0.8313941039090044
25,6,1.0,1.0,0.0,0.0,7.072363384964247,0.34312212949743914,0.4882706061987552,0.8313927356961943
25,7,1.0,1.0,0.0,0.0,16.65743536230894,8.249101224498351e-13,0.9221144014023419,0.9221144014031668
25,8,1.0,1.0,0.0,0.0,16.657435361720058,3.0677551168466696e-13,0.9221145703914857,0.9221145703917925
26,1,1.0416666666666667,1.0,0.04166666666666666,0.0,-1.4791853344701988,0.5581377552845516,0.43483751860762426,0.9929752738921758
26,2,1.0416666666666667,1.0,0.04166666666666666,0.0,-1.4791853343110355,0.5581391956687802,0.4348360556595663,0.9929752513283465
26,3,1.0416666666666667,1.0,0.04166666666666666,0.0,3.470647823140701,0.0014971451451621925,0.9926866207119942,0.9941837658571564
26,4,1.0416666666666667,1.0,0.04166666666666666,0.0,3.470647823276829,0.0014973314936119401,0.9926867974749857,0.9941841289685976
26,5,1.0416666666666667,1.0,0.04166666666666666,0.0,7.115481276096065,0.33959717200217576,0.49028513568137705,0.8298823076835529
26,6,1.0416666666666667,1.0,0.04166666666666666,0.0,7.115481275726006,0.3395948037605408,0.49028431847951354,0.8298791222400543
26,7,1.0416666666666667,1.0,0.04166666666666666,0.0,16.58323991445807,0.00312761033879899,0.8933463938851872,0.8964740042239862
26,8,1.0416666666666667,1.0,0.04166666666666666,0.0,16.583239914534374,0.0031275917699354595,0.8933470329541217,0.8964746247240571
27,1,1.0833333333333335,1.0,0.08333333333333333,0.0,-1.4713247552774067,0.5596816449840396,0.4333781628279824,0.9930598078120221
27,2,1.0833333333333335,1.0,0.08333333333333333,0.0,-1.471324754896447,0.5596841432410801,0.4333755760399804,0.9930597192810604
27,3,1.0833333333333335,1.0,0.08333333333333333,0.0,3.4030506459187047,0.005229050696777451,0.9886372107562125,0.99386626145299
27,4,1.0833333333333335,1.0,0.08333333333333333,0.0,3.403050646644672,0.005226976168019576,0.9886394953275703,0.9938664714955899
27,5,1.0833333333333335,1.0,0.08333333333333333,0.0,7.241027483877602,0.3298059809365139,0.4954408682079046,0.8252468491444185
27,6,1.0833333333333335,1.0,0.08333333333333333,0.0,7.241027484038589,0.3298039847120012,0.4954404550491413,0.8252444397611425
27,7,1.0833333333333335,1.0,0.08333333333333333,0.0,16.330766476837837,0.013274386728091479,0.7662235458212237,0.7794979325493151
27,8,1.0833333333333335,1.0,0.08333333333333333,0.0,16.33076647699457,0.013274330207800705,0.7662240619940167,0.7794983922018174
28,1,1.1250000000000002,1.0,0.125,0.0,-1.4586749447237342,0.5622070543499009,0.4309896078882287,0.9931966622381296
28,2,1.1250000000000002,1.0,0.125,0.0,-1.4586749451957417,0.5622122640391433,0.4309842185321191,0.9931964825712624
28,3,1.1250000000000002,1.0,0.125,0.0,3.301602673523101,0.009517573268449264,0.9840086951643211,0.9935262684327704
28,4,1.1250000000000002,1.0,0.125,0.0,3.301602674285741,0.009518016844806205,0.984007955435341,0.9935259722801473
28,5,1.1250000000000002,1.0,0.125,0.0,7.4393348798836145,0.31546404054339144,0.5018159081409014,0.8172799486842928
28,6,1.1250000000000002,1.0,0.125,0.0,7.439334879235285,0.3154660366048467,0.5018187091488304,0.8172847457536772
28,7,1.1250000000000002,1.0,0.125,0.0,15.91503184552229,0.026750605665108246,0.6242978568349722,0.6510484625000804
28,8,1.1250000000000002,1.0,0.125,0.0,15.915031844051816,0.026751283106115728,0.6242915524145052,0.6510428355206209
29,1,1.166666666666667,1.0,0.1666666666666667,0.0,-1.4419101819220228,0.5656378657257566,0.42774236187883696,0.9933802276045935
29,2,1.166666666666667,1.0,0.1666666666666667,0.0,-1.4419101816715638,0.5656368378936845,0.4277428424502452,0.9933796803439296
29,3,1.166666666666667,1.0,0.1666666666666667,0.0,3.1786039830865547,0.012842993002084135,0.9804435569049911,0.9932865499070752
29,4,1.166666666666667,1.0,0.1666666666666667,0.0,3.178603982494353,0.012844547669721198,0.9804416223091398,0.993286169978861
29,5,1.166666666666667,1.0,0.1666666666666667,0.0,7.69850264894315,0.298183137970929,0.5076095340439994,0.8057926720149284
29,6,1.166666666666667,1.0,0.1666666666666667,0.0,7.698502649118915,0.2981848342158454,0.507608375392929,0.8057932096087744
29,7,1.166666666666667,1.0,0.1666666666666667,0.0,15.41400472413099,0.04073295048196984,0.5421995353998215,0.5829324858817913
29,8,1.166666666666667,1.0,0.1666666666666667,0.0,15.41400472480742,0.040732720292594726,0.5422015771450815,0.5829342974376763
30,1,1.2083333333333335,1.0,0.2083333333333333,0.0,-1.4219709625157921,0.5698290548158668,0.4237732692182323,0.993602324034099
30,2,1.2083333333333335,1.0,0.2083333333333333,0.0,-1.4219709629462314,0.5698294303089921,0.4237726902336648,0.993602120542657
30,3,1.2083333333333335,1.0,0.2083333333333333,0.0,3.0458168450993997,0.014391774148860214,0.9787925030671811,0.9931842772160413
30,4,1.2083333333333335,1.0,0.2083333333333333,0.0,3.04581684632908,0.014390945539597844,0.9787934232803596,0.9931843688199574
30,5,1.2083333333333335,1.0,0.2083333333333333,0.0,8.007283286058193,0.2788908686037478,0.5117189435222358,0.7906098121259836
30,6,1.2083333333333335,1.0,0.2083333333333333,0.0,8.00728328650622,0.2788951820020815,0.5117197266038997,0.7906149086059813
30,7,1.2083333333333335,1.0,0.2083333333333333,0.0,14.87750247321542,0.0556480372983413,0.5017484699456629,0.5573965072440042
30,8,1.2083333333333335,1.0,0.2083333333333333,0.0,14.877502472094127,0.055645614769368974,0.5017435485347466,0.5573891633041156
31,1,1.2500000000000002,1.0,0.25,0.0,-1.4000468320029216,0.5746004666706326,0.4192504513501505,0.9938509180207831
31,2,1.2500000000000002,1.0,0.25,0.0,-1.4000468320288333,0.5746026686803178,0.41924806862001446,0.9938507373003322
31,3,1.2500000000000002,1.0,0.25,0.0,2.9131857368832295,0.014027937171165648,0.9791668043322066,0.9931947415033723
31,4,1.2500000000000002,1.0,0.25,0.0,2.913185737197913,0.01402788637566545,0.9791667999155271,0.9931946862911926
31,5,1.2500000000000002,1.0,0.25,0.0,8.356287117305746,0.2578474315518222,0.5137240516785295,0.7715714832303517
31,6,1.2500000000000002,1.0,0.25,0.0,8.356287116814723,0.25784810749345105,0.513724735807155,0.7715728433006062
31,7,1.2500000000000002,1.0,0.25,0.0,14.328027068545856,0.07226094212315215,0.483395361362845,0.5556563034859971
31,8,1.2500000000000002,1.0,0.25,0.0,14.328027067624246,0.07226241801752206,0.4833943891002435,0.5556568071177655
32,1,1.2916666666666667,1.0,0.2916666666666666,0.0,-1.3775435105684761,0.5796723008307425,0.41443863261662917,0.9941109334473717
32,2,1.2916666666666667,1.0,0.2916666666666666,0.0,-1.3775435106182707,0.5796717599940409,0.4144394801281561,0.994111240122197
32,3,1.2916666666666667,1.0,0.2916666666666666,0.0,2.788689798154067,0.012071963987177164,0.981200785375351,0.9932727493625282
32,4,1.2916666666666667,1.0,0.2916666666666666,0.0,2.788689798115819,0.01207234510027191,0.9811999790606961,0.993272324160968
32,5,1.2916666666666667,1.0,0.2916666666666666,0.0,8.737968848550336,0.23482389693128408,0.5135479281479127,0.7483718250791969
32,6,1.2916666666666667,1.0,0.2916666666666666,0.0,8.737968848530034,0.23482259753772838,0.5135489449492018,0.7483715424869302
32,7,1.2916666666666667,1.0,0.2916666666666666,0.0,13.776780682043881,0.09130876080856441,0.47705173204448686,0.5683604928530512
32,8,1.2916666666666667,1.0,0.2916666666666666,0.0,13.77678068200156,0.09130869286509014,0.47705146041632573,0.5683601532814159
33,1,1.3333333333333335,1.0,0.3333333333333333,0.0,-1.35601957901747,0.5847013907680296,0.40966379138978554,0.9943651821578152
33,2,1.3333333333333335,1.0,0.3333333333333333,0.0,-1.3560195796334422,0.5847005181016822,0.40966439852811065,0.9943649166297929
33,3,1.3333333333333335,1.0,0.3333333333333333,0.0,2.6786290892175,0.009096162446693841,0.9842790937113916,0.9933752561580854
33,4,1.3333333333333335,1.0,0.3333333333333333,0.0,2.678629088933625,0.009095198331897886,0.9842799362271365,0.9933751345590344
33,5,1.3333333333333335,1.0,0.3333333333333333,0.0,9.145979710200153,0.209049581403557,0.5112648748141406,0.7203144562176976
33,6,1.3333333333333335,1.0,0.3333333333333333,0.0,9.14597970961988,0.20904817169653545,0.5112649223478617,0.7203130940443971
33,7,1.3333333333333335,1.0,0.3333333333333333,0.0,13.230735051762213,0.1137490423967457,0.477611561864353,0.5913606042610987
33,8,1.3333333333333335,1.0,0.3333333333333333,0.0,13.230735052989939,0.11374957282773426,0.47761842088041256,0.5913679937081469
34,1,1.3750000000000002,1.0,0.375,0.0,-1.337083561847272,0.5892749063856062,0.4053176033861927,0.9945925097717989
34,2,1.3750000000000002,1.0,0.375,0.0,-1.3370835621995714,0.5892758109200661,0.4053165991712775,0.9945924100913436
34,3,1.3750000000000002,1.0,0.375,0.0,2.587944971187554,0.005773841962994724,0.9876996062463013,0.993473448209296
34,4,1.3750000000000002,1.0,0.375,0.0,2.5879449717848924,0.005774032714233613,0.9876992213278011,0.9934732540420347
34,5,1.3750000000000002,1.0,0.375,0.0,9.573912392414094,0.1787941519602054,0.5068768859158979,0.6856710378761033
34,6,1.3750000000000002,1.0,0.375,0.0,9.57391239191817,0.17878925999695106,0.5068753055225426,0.6856645655194936
34,7,1.3750000000000002,1.0,0.375,0.0,12.69604324529153,0.1413922936241685,0.4824402505279559,0.6238325441521244
34,8,1.3750000000000002,1.0,0.375,0.0,12.696043245821008,0.14139203724545063,0.482443091023158,0.6238351282686087
35,1,1.4166666666666667,1.0,0.4166666666666666,0.0,-1.322254115707529,0.5929617134296088,0.4018114421763601,0.9947731556059689
35,2,1.4166666666666667,1.0,0.4166666666666666,0.0,-1.3222541153770482,0.5929611735002079,0.4018120091553618,0.9947731826555697
35,3,1.4166666666666667,1.0,0.4166666666666666,0.0,2.520430341607119,0.0027913299263796687,0.9907579605155047,0.9935492904418843
35,4,1.4166666666666667,1.0,0.4166666666666666,0.0,2.5204303415495284,0.00279167272373882,0.9907577374458324,0.9935494101695712
35,5,1.4166666666666667,1.0,0.4166666666666666,0.0,10.011964645625058,0.13948366666987513,0.5000523885789212,0.6395360552487963
35,6,1.4166666666666667,1.0,0.4166666666666666,0.0,10.01196464607502,0.1394950333809534,0.5000547243557437,0.6395497577366971
35,7,1.4166666666666667,1.0,0.4166666666666666,0.0,12.182090123632433,0.17881336911835388,0.4903787940543868,0.6691921631727407
35,8,1.4166666666666667,1.0,0.4166666666666666,0.0,12.182090124374339,0.1788237516209732,0.4903854073915684,0.6692091590125415
36,1,1.4583333333333335,1.0,0.4583333333333333,0.0,-1.31279330042166,0.5953624155868091,0.3995270884894208,0.99488950407623
36,2,1.4583333333333335,1.0,0.4583333333333333,0.0,-1.3127933007885102,0.5953621828286169,0.3995275598945072,0.994889742723124
36,3,1.4583333333333335,1.0,0.4583333333333333,0.0,2.4788132155708045,0.0007336295447230778,0.9928628325810519,0.993596462125775
36,4,1.4583333333333335,1.0,0.4583333333333333,0.0,2.4788132155219174,0.0007334567952705066,0.9928629042256182,0.9935963610208887
36,5,1.4583333333333335,1.0,0.4583333333333333,0.0,10.431081045883188,0.07706192566714064,0.4893180227562459,0.5663799484233866
36,6,1.4583333333333335,1.0,0.4583333333333333,0.0,10.431081047844486,0.07703731394732656,0.4893160333954103,0.5663533473427369
36,7,1.4583333333333335,1.0,0.4583333333333333,0.0,11.717580203071472,0.2401409920183383,0.5020881684762906,0.7422291604946288
36,8,1.4583333333333335,1.0,0.4583333333333333,0.0,11.717580204229519,0.2401202643632718,0.5020849178443381,0.7422051822076099
37,1,1.5000000000000002,1.0,0.5,0.0,-1.3095414636143714,0.5961991264237092,0.3987309878805844,0.9949301143042937
37,2,1.5000000000000002,1.0,0.5,0.0,-1.3095414632942541,0.5961966504362182,0.39873334216507417,0.9949299926012923
37,3,1.5000000000000002,1.0,0.5,0.0,2.4647543864152457,3.038824890321111e-11,0.9936121168006165,0.9936121168310047
37,4,1.5000000000000002,1.0,0.5,0.0,2.464754386711655,1.9471663036304155e-11,0.9936118133794748,0.9936118133989464
37,5,1.5000000000000002,1.0,0.5,0.0,10.669321670149198,1.2410073330092133e-09,0.47728902126158756,0.4772890225025949
37,6,1.5000000000000002,1.0,0.5,0.0,10.669321673391503,2.4809431473776465e-09,0.47728930095133026,0.47728930343227344
37,7,1.5000000000000002,1.0,0.5,0.0,11.4642329290484,0.3168023799643839,0.5144786821981193,0.8312810621625032
37,8,1.5000000000000002,1.0,0.5,0.0,11.464232926782667,0.31680346485055266,0.5144793200657204,0.831282784916273
38,1,1.5294627825494398,0.9791666666666666,0.5208333333333334,0.0,-1.402543005062296,0.6028242388146312,0.39220686315457143,0.9950311019692026
38,2,1.5294627825494398,0.9791666666666666,0.5208333333333334,0.0,-1.2193601076856224,0.5886718881297857,0.40613149342218713,0.9948033815519728
38,3,1.5294627825494398,0.9791666666666666,0.5208333333333334,0.0,2.3938583450471054,6.532093900339689e-07,0.9936205025581127,0.9936211557675028
38,4,1.5294627825494398,0.9791666666666666,0.5208333333333334,0.0,2.549602958981186,0.0007588037256034312,0.9928049424150897,0.9935637461406931
38,5,1.5294627825494398,0.9791666666666666,0.5208333333333334,0.0,10.46616191485859,0.04848848609803234,0.4994172852063984,0.5479057713044307
38,6,1.5294627825494398,0.9791666666666666,0.5208333333333334,0.0,10.717931416877784,0.013779807242187182,0.4660769326465181,0.4798567398887053
38,7,1.5294627825494398,0.9791666666666666,0.5208333333333334,0.0,11.522605389084067,0.27270145949521,0.49342649592302457,0.7661279554182345
38,8,1.5294627825494398,0.9791666666666666,0.5208333333333334,0.0,11.575972846532244,0.29845775934894514,0.5234434911492133,0.8219012504981584
39,1,1.5589255650988791,0.9583333333333334,0.5416666666666666,0.0,-1.4875968324957056,0.609186975310307,0.3859298990506458,0.9951168743609528
39,2,1.5589255650988791,0.9583333333333334,0.5416666666666666,0.0,-1.1426718379533989,0.5797595686652071,0.414889988050653,0.9946495567158601
39,3,1.5589255650988791,0.9583333333333334,0.5416666666666666,0.0,2.328351458057519,2.2218073535268057e-06,0.9936044563119492,0.9936066781193027
39,4,1.5589255650988791,0.9583333333333334,0.5416666666666666,0.0,2.656293769933297,0.002814793198130215,0.9906432634938221,0.9934580566919523
39,5,1.5589255650988791,0.9583333333333334,0.5416666666666666,0.0,10.128649976340387,0.10332283147154075,0.5225553056667822,0.625878137138323
39,6,1.5589255650988791,0.9583333333333334,0.5416666666666666,0.0,10.727076872882265,0.04337281331220101,0.4524757703896241,0.4958485837018251
39,7,1.5589255650988791,0.9583333333333334,0.5416666666666666,0.0,11.735154235197223,0.22236077083175662,0.4693123338272639,0.6916731046590205
39,8,1.5589255650988791,0.9583333333333334,0.5416666666666666,0.0,11.739006331806163,0.2638161587926488,0.534537107187112,0.7983532659797608
40,1,1.5883883476483187,0.9375,0.5625,0.0,-1.5646652401709007,0.6152285833624558,0.3799601849800898,0.9951887683425455
40,2,1.5883883476483187,0.9375,0.5625,0.0,-1.078959236557848,0.569858619269286,0.4246202523456728,0.9944788716149588
40,3,1.5883883476483187,0.9375,0.5625,0.0,2.2684679978469773,4.263660082348823e-06,0.9935692470787515,0.9935735107388338
40,4,1.5883883476483187,0.9375,0.5625,0.0,2.7828339060445777,0.005688223166715254,0.9876056805250342,0.9932939036917494
40,5,1.5883883476483187,0.9375,0.5625,0.0,9.762477095450764,0.13906835702191012,0.5395256909498571,0.6785940479717673
40,6,1.5883883476483187,0.9375,0.5625,0.0,10.713267440669332,0.07383515169895566,0.4389035385176445,0.5127386902166002
40,7,1.5883883476483187,0.9375,0.5625,0.0,11.936340606482624,0.22778302609054854,0.5455643820003869,0.7733474080909355
40,8,1.5883883476483187,0.9375,0.5625,0.0,11.99765397784577,0.19125527093103434,0.44923524818337224,0.6404905191144066
41,1,1.6178511301977583,0.9166666666666666,0.5833333333333334,0.0,-1.6337105875036255,0.620884186438824,0.37436406141766854,0.9952482478564926
41,2,1.6178511301977583,0.9166666666666666,0.5833333333333334,0.0,-1.0272257385788734,0.5594823563044165,0.4348204641532011,0.9943028204576175
41,3,1.6178511301977583,0.9166666666666666,0.5833333333333334,0.0,2.214408877244436,6.494557299782221e-06,0.9935210311745044,0.9935275257318041
41,4,1.6178511301977583,0.9166666666666666,0.5833333333333334,0.0,2.9262490200708777,0.008764931099166776,0.9843159693085631,0.9930809004077299
41,5,1.6178511301977583,0.9166666666666666,0.5833333333333334,0.0,9.397793275983434,0.16496593564320322,0.552065909630894,0.7170318452740971
41,6,1.6178511301977583,0.9166666666666666,0.5833333333333334,0.0,10.688738528448168,0.0997923529462001,0.42605930691144067,0.5258516598576408
41,7,1.6178511301977583,0.9166666666666666,0.5833333333333334,0.0,12.155183829348816,0.19563055393532597,0.556088508489604,0.7517190624249299
41,8,1.6178511301977583,0.9166666666666666,0.5833333333333334,0.0,12.281861920206335,0.1702431506810591,0.4315096413115701,0.6017527919926292
42,1,1.6473139127471976,0.8958333333333334,0.6041666666666666,0.0,-1.6947024411480793,0.6260880129895482,0.369208531794381,0.9952965447839293
42,2,1.6473139127471976,0.8958333333333334,0.6041666666666666,0.0,-0.9861551733859858,0.5491658689112053,0.4449650516331509,0.9941309205443563
42,3,1.6473139127471976,0.8958333333333334,0.6041666666666666,0.0,2.1663447756612038,8.788624510187343e-06,0.9934636247062931,0.9934724133308033
42,4,1.6473139127471976,0.8958333333333334,0.6041666666666666,0.0,3.08254600260373,0.011392231150214071,0.9814522943228432,0.9928445254730572
42,5,1.6473139127471976,0.8958333333333334,0.6041666666666666,0.0,9.045760608144807,0.18586681828767815,0.5610077388639646,0.7468745571516427
42,6,1.6473139127471976,0.8958333333333334,0.6041666666666666,0.0,10.6604941190968,0.1209745357133554,0.41415100925497234,0.5351255449683278
42,7,1.6473139127471976,0.8958333333333334,0.6041666666666666,0.0,12.387872761687202,0.16751930472303087,0.5663459368314051,0.733865241554436
42,8,1.6473139127471976,0.8958333333333334,0.6041666666666666,0.0,12.579139165189455,0.15456964306372928,0.41535135255245526,0.5699209956161846
43,1,1.6767766952966372,0.875,0.625,0.0,-1.7476134973942103,0.6307754385536017,0.3645596675190924,0.9953351060726942
43,2,1.6767766952966372,0.875,0.625,0.0,-0.9542770849253794,0.5393978670380591,0.4545737523001331,0.9939716193381922
43,3,1.6767766952966372,0.875,0.625,0.0,2.124419785752542,1.089559783081725e-05,0.9934034297438746,0.9934143253417055
43,4,1.6767766952966372,0.875,0.625,0.0,3.2466194002654962,0.012967217959511765,0.9796584338488267,0.9926256518083384
43,5,1.6767766952966372,0.875,0.625,0.0,8.713315315191588,0.20396604495291518,0.5666623840947848,0.7706284290476999
43,6,1.6767766952966372,0.875,0.625,0.0,10.632372181207378,0.13805742823200323,0.40330912600213903,0.5413665542341423
43,7,1.6767766952966372,0.875,0.625,0.0,12.62975705470427,0.1426023297228804,0.5768731090879065,0.7194754388107869
43,8,1.6767766952966372,0.875,0.625,0.0,12.885951557437814,0.14216169505168158,0.40060748485103437,0.5427691799027159
44,1,1.7062394778460765,0.8541666666666667,0.6458333333333333,0.0,-1.7924219254901752,0.6348760547942582,0.3604892089280345,0.9953652637222927
44,2,1.7062394778460765,0.8541666666666667,0.6458333333333333,0.0,-0.9301213785492906,0.5305936969829377,0.4632368903556173,0.993830587338555
44,3,1.7062394778460765,0.8541666666666667,0.6458333333333333,0.0,2.0887538156488112,1.288766591627772e-05,0.9933440675934176,0.9933569552593339
44,4,1.7062394778460765,0.8541666666666667,0.6458333333333333,0.0,3.4120571854400557,0.013040209695106159,0.979440250776303,0.9924804604714091
44,5,1.7062394778460765,0.8541666666666667,0.6458333333333333,0.0,8.40694641116023,0.22029174097665027,0.5692262669719684,0.7895180079486187
44,6,1.7062394778460765,0.8541666666666667,0.6458333333333333,0.0,10.606537320015695,0.15176361917876707,0.39370328519193426,0.5454669043707013
44,7,1.7062394778460765,0.8541666666666667,0.6458333333333333,0.0,12.877597264943864,0.11989716455809503,0.5885976452708572,0.7084948098289523
44,8,1.7062394778460765,0.8541666666666667,0.6458333333333333,0.0,13.200412379393143,0.13205380804637398,0.38744941314299847,0.5195032211893724
45,1,1.7357022603955161,0.8333333333333334,0.6666666666666666,0.0,-1.8291084402791715,0.6383296252913309,0.3570587884479828,0.9953884137393136
45,2,1.7357022603955161,0.8333333333333334,0.6666666666666666,0.0,-0.9123312128150282,0.5230615577395403,0.4706500215430004,0.9937115792825407
45,3,1.7357022603955161,0.8333333333333334,0.6666666666666666,0.0,2.059444883311812,1.4570372325225654e-05,0.9932899869823784,0.9933045573547036
45,4,1.7357022603955161,0.8333333333333334,0.6666666666666666,0.0,3.5708631760863057,0.011415869991231863,0.981048883659755,0.9924647536509869
45,5,1.7357022603955161,0.8333333333333334,0.6666666666666666,0.0,8.134120431806943,0.23525620189416474,0.5689522423565216,0.8042084442506864
45,6,1.7357022603955161,0.8333333333333334,0.6666666666666666,0.0,10.584267237550357,0.16257009892464502,0.38551261626874667,0.5480827151933917
45,7,1.7357022603955161,0.8333333333333334,0.6666666666666666,0.0,13.128532888157016,0.09848006723210587,0.6033114312562603,0.7017914984883662
45,8,1.7357022603955161,0.8333333333333334,0.6666666666666666,0.0,13.521218068642266,0.1238324678219993,0.3764379241894399,0.5002703920114392
46,1,1.7651650429449557,0.8125,0.6875,0.0,-1.8576575224214376,0.6410812934520618,0.35432366802517534,0.9954049614772371
46,2,1.7651650429449557,0.8125,0.6875,0.0,-0.8997402583109927,0.5170237122468546,0.476593660116529,0.9936173723633837
46,3,1.7651650429449557,0.8125,0.6875,0.0,2.03657084673961,1.598059014770738e-05,0.9932441143218201,0.9932600949119679
46,4,1.7651650429449557,0.8125,0.6875,0.0,3.7132381048715404,0.008313813803335818,0.9842936392229417,0.9926074530262775
46,5,1.7651650429449557,0.8125,0.6875,0.0,7.903951709124287,0.24870713367363978,0.5664055951228573,0.815112728796497
46,6,1.7651650429449557,0.8125,0.6875,0.0,10.566344636889877,0.17078611955253806,0.37893261240150783,0.5497187319540459
46,7,1.7651650429449557,0.8125,0.6875,0.0,13.379004228424506,0.07717205797955859,0.6247909343745777,0.7019629923541363
46,8,1.7651650429449557,0.8125,0.6875,0.0,13.847185009775933,0.1175174851000967,0.3688809002715596,0.4863983853716563
47,1,1.794627825494395,0.7916666666666667,0.7083333333333333,0.0,-1.8780579540787745,0.6430820742473049,0.3523342885324327,0.9954163627797377
47,2,1.794627825494395,0.7916666666666667,0.7083333333333333,0.0,-0.8914195830759528,0.5126254793765717,0.4809235920657955,0.9935490714423671
47,3,1.794627825494395,0.7916666666666667,0.7083333333333333,0.0,2.0201908873747687,1.6993740454609633e-05,0.9932098972385727,0.9932268909790273
47,4,1.794627825494395,0.7916666666666667,0.7083333333333333,0.0,3.8277961376133174,0.004499860883250028,0.9883748743331091,0.9928747352163592
47,5,1.794627825494395,0.7916666666666667,0.7083333333333333,0.0,7.727186972666356,0.2599029444510781,0.5626525530861759,0.822555497537254
47,6,1.794627825494395,0.7916666666666667,0.7083333333333333,0.0,10.553255806768663,0.17656167640954296,0.37409632147201455,0.5506579978815576
47,7,1.794627825494395,0.7916666666666667,0.7083333333333333,0.0,13.622223059909723,0.053902875079546025,0.6619875628701953,0.7158904379497414
47,8,1.794627825494395,0.7916666666666667,0.7083333333333333,0.0,14.176802508847636,0.11396858120316736,0.3686556872702817,0.4826242684734491
48,1,1.8240906080438346,0.7708333333333334,0.7291666666666666,0.0,-1.8903018479002356,0.6442969892041415,0.3511258744430102,0.9954228636471516
48,2,1.8240906080438346,0.7708333333333334,0.7291666666666666,0.0,-0.8866973446640155,0.509956357824257,0.4835517655411213,0.9935081233653782
48,3,1.8240906080438346,0.7708333333333334,0.7291666666666666,0.0,2.0103464847557135,1.7638778047729762e-05,0.9931881185709548,0.9932057573490025
48,4,1.8240906080438346,0.7708333333333334,0.7291666666666666,0.0,3.9028352333734593,0.0012758979667895302,0.9918696866647683,0.9931455846315578
48,5,1.8240906080438346,0.7708333333333334,0.7291666666666666,0.0,7.615031302453657,0.26755176575428413,0.559288078534507,0.8268398442887912
48,6,1.8240906080438346,0.7708333333333334,0.7291666666666666,0.0,10.545296588643886,0.17999950253279867,0.371145805628574,0.5511453081613726
48,7,1.8240906080438346,0.7708333333333334,0.7291666666666666,0.0,13.837719677172986,0.024612172594496377,0.7352433492314039,0.7598555218259002
48,8,1.8240906080438346,0.7708333333333334,0.7291666666666666,0.0,14.506369796630906,0.11820177561744936,0.39367823899092264,0.511880014608372
49,1,1.8535533905932742,0.75,0.75,0.0,-1.89438321986378,0.6447045175690311,0.35072038910700143,0.9954249066760326
49,2,1.8535533905932742,0.75,0.75,0.0,-0.8851681483081721,0.50906402700608,0.4844302635891224,0.9934942905952024
49,3,1.8535533905932742,0.75,0.75,0.0,2.0070623933906875,1.783055080234637e-05,0.993180914856296,0.9931987454070984
49,4,1.8535533905932742,0.75,0.75,0.0,3.9290543593494727,1.1172786502055692e-10,0.9932613647933236,0.9932613649050515
49,5,1.8535533905932742,0.75,0.75,0.0,7.576475209005842,0.27029863932017945,0.5579336099912641,0.8282322493114436
49,6,1.8535533905932742,0.75,0.75,0.0,10.542626953777184,0.18114328048212416,0.37015733647069393,0.5513006169528181
49,7,1.8535533905932742,0.75,0.75,0.0,13.944853767994937,8.943832456883994e-10,0.8151627462750647,0.8151627471694479
49,8,1.8535533905932742,0.75,0.75,0.0,14.499662174040303,0.11576122773167558,0.21549243487776523,0.3312536626094408
50,1,1.8977475644174333,0.71875,0.71875,0.0,-2.050525861436985,0.6522360438085921,0.3434604798572433,0.9956965236658355
50,2,1.8977475644174333,0.71875,0.71875,0.0,-0.7273059542668054,0.4984507439236808,0.49508597811802557,0.9935367220417064
50,3,1.8977475644174333,0.71875,0.71875,0.0,1.9219214253689776,0.0025870533118514424,0.9903763740403568,0.9929634273522083
50,4,1.8977475644174333,0.71875,0.71875,0.0,4.040004984790994,6.6070150368552715e-12,0.9928463676063436,0.9928463676129506
50,5,1.8977475644174333,0.71875,0.71875,0.0,7.705622411999066,0.25635803831449,0.5707494816145335,0.8271075199290235
50,6,1.8977475644174333,0.71875,0.71875,0.0,11.183477033701553,0.14646349578307585,0.30903411847686696,0.45549761425994284
50,7,1.8977475644174333,0.71875,0.71875,0.0,13.556607119347627,1.6841166403936942e-09,0.8270604008007556,0.8270604024848722
50,8,1.8977475644174333,0.71875,0.71875,0.0,14.113289729656126,0.14332471317482814,0.28556160809829745,0.4288863212731256
51,1,1.9419417382415924,0.6875,0.6875,0.0,-2.2339223958995693,0.6561715674096064,0.3396577996447646,0.995829367054371
51,2,1.9419417382415924,0.6875,0.6875,0.0,-0.5511968372873245,0.48736145673796555,0.5061766823131121,0.9935381390510776
51,3,1.9419417382415924,0.6875,0.6875,0.0,1.8892979731962647,0.009350411453658471,0.9833549221961868,0.9927053336498453
51,4,1.9419417382415924,0.6875,0.6875,0.0,4.16158103899851,1.4992121496443874e-11,0.9923387247478281,0.9923387247628203
51,5,1.9419417382415924,0.6875,0.6875,0.0,7.847219938375055,0.2429068008656795,0.5830427100563186,0.8259495109219981
51,6,1.9419417382415924,0.6875,0.6875,0.0,11.822711178985672,0.10044922053093025,0.21908247955863216,0.31953170008956244
51,7,1.9419417382415924,0.6875,0.6875,0.0,13.180187571125336,2.525006726200081e-09,0.8395602993581881,0.8395603018831949
51,8,1.9419417382415924,0.6875,0.6875,0.0,13.762436611164139,0.18198229146329606,0.3859867006826746,0.5679689921459706
52,1,1.9861359120657516,0.65625,0.65625,0.0,-2.4400164277443213,0.6575409168565063,0.33829009495458384,0.9958310118110901
52,2,1.9861359120657516,0.65625,0.65625,0.0,-0.3569580879726192,0.47587978375201817,0.5176053263480046,0.9934851101000228
52,3,1.9861359120657516,0.65625,0.65625,0.0,1.9064783382900918,0.019388973445068514,0.9730624376442418,0.9924514110893103
52,4,1.9861359120657516,0.65625,0.65625,0.0,4.292828480523386,6.779682030537672e-12,0.9917387249355174,0.9917387249422971
52,5,1.9861359120657516,0.65625,0.65625,0.0,8.000037370280882,0.23041928071438994,0.5945139001796412,0.8249331808940312
52,6,1.9861359120657516,0.65625,0.65625,0.0,12.395557708769,0.030168700040430835,0.06856701929209272,0.09873571933252355
52,7,1.9861359120657516,0.65625,0.65625,0.0,12.816885955094971,2.637265887096288e-09,0.8520884262513724,0.8520884288886382
52,8,1.9861359120657516,0.65625,0.65625,0.0,13.508591802629516,0.24458077486401347,0.5486875068509669,0.7932682817149803
53,1,2.030330085889911,0.625,0.625,0.0,-2.663035636906217,0.6576975411095103,0.33803793451714825,0.9957354756266585
53,2,2.030330085889911,0.625,0.625,0.0,-0.14472608047691413,0.46404340173878295,0.5293202057375549,0.9933636074763379
53,3,2.030330085889911,0.625,0.625,0.0,1.9689214839487075,0.031346169913454874,0.9608570075593514,0.9922031774728063
53,4,2.030330085889911,0.625,0.625,0.0,4.432614984165329,1.4983954612045318e-11,0.9910508071730205,0.9910508071880044
53,5,2.030330085889911,0.625,0.625,0.0,8.162497646432026,0.21936937658746664,0.60494626084432,0.8243156374317866
53,6,2.030330085889911,0.625,0.625,0.0,12.467654295080687,1.0064106157686766e-09,0.8642727433321598,0.8642727443385704
53,7,2.030330085889911,0.625,0.625,0.0,12.621146510378393,0.01688026747533295,0.044686250123437105,0.061566517598770056
53,8,2.030330085889911,0.625,0.625,0.0,13.57732322227404,0.2680263988622613,0.48859937539775766,0.756625774260019
54,1,2.07452425971407,0.59375,0.59375,0.0,-2.8970180855882135,0.6578850921049512,0.33770339467849003,0.9955884867834413
54,2,2.07452425971407,0.59375,0.59375,0.0,0.08534184742836319,0.4518525919417816,0.5413060310124298,0.9931586229542114
54,3,2.07452425971407,0.59375,0.59375,0.0,2.071454316398761,0.04389393774735661,0.9480523340717668,0.9919462718191234
54,4,2.07452425971407,0.59375,0.59375,0.0,4.57960786652685,9.087164095263272e-12,0.9902841298539127,0.9902841298629999
54,5,2.07452425971407,0.59375,0.59375,0.0,8.332570923807811,0.2102582432723728,0.6142103862539539,0.8244686295263266
54,6,2.07452425971407,0.59375,0.59375,0.0,12.133214880222415,1.6482378273968094e-09,0.8758772770519493,0.8758772787001872
54,7,2.07452425971407,0.59375,0.59375,0.0,12.435581238371633,0.08443075534396408,0.2210735586543326,0.3055043139982967
54,8,2.07452425971407,0.59375,0.59375,0.0,13.312034254073938,0.2837617118342365,0.46173934112899706,0.7455010529632335
55,1,2.118718433538229,0.5625,0.5625,0.0,-3.1364919044429866,0.6590411570338817,0.33639195979503606,0.9954331168289177
55,2,2.118718433538229,0.5625,0.5625,0.0,0.333064923348513,0.4392708711127363,0.5535850463170201,0.9928559174297564
55,3,2.118718433538229,0.5625,0.5625,0.0,2.2090574519406014,0.05596271015333679,0.9356940932062788,0.9916568033596156
55,4,2.118718433538229,0.5625,0.5625,0.0,4.7322544863630895,2.384317886705699e-11,0.989452645508736,0.9894526455325792
55,5,2.118718433538229,0.5625,0.5625,0.0,8.507635382346812,0.20359582450738278,0.6222759240318169,0.8258717485391996
55,6,2.118718433538229,0.5625,0.5625,0.0,11.814131017761765,1.838119425795748e-09,0.8867615812991603,0.8867615831372797
55,7,2.118718433538229,0.5625,0.5625,0.0,12.154315514223576,0.12125560302624476,0.335002660488111,0.4562582635143558
55,8,2.118718433538229,0.5625,0.5625,0.0,13.065344415442077,0.2961105597427646,0.4366008537798264,0.732711413522591
56,1,2.1629126073623883,0.53125,0.53125,0.0,-3.3767897024684546,0.661775519741759,0.3335257003892041,0.995301220130963
56,2,2.1629126073623883,0.53125,0.53125,0.0,0.5982303811639847,0.4262284432799651,0.5662135242779586,0.9924419675579237
56,3,2.1629126073623883,0.53125,0.53125,0.0,2.3772339497655213,0.0667979766962348,0.924511754249692,0.9913097309459268
56,4,2.1629126073623883,0.53125,0.53125,0.0,4.888766821664492,8.214815752573285e-11,0.9885659307730119,0.9885659308551601
56,5,2.1629126073623883,0.53125,0.53125,0.0,8.684306892728419,0.19996860870052147,0.6291929956428798,0.8291616043434012
56,6,2.1629126073623883,0.53125,0.53125,0.0,11.510847126960606,2.3982128383305506e-09,0.896850171887877,0.8968501742860898
56,7,2.1629126073623883,0.53125,0.53125,0.0,11.862248211103799,0.14171315321182537,0.4158196450369656,0.557532798248791
56,8,2.1629126073623883,0.53125,0.53125,0.0,12.8403968550308,0.30458825150638136,0.4132544426125936,0.7178426941189749
57,1,2.2071067811865475,0.5,0.5,0.0,-3.6140868979331318,0.666494309678379,0.32871601234306724,0.9952103220214462
57,2,2.2071067811865475,0.5,0.5,0.0,0.880591475101742,0.4126332950304175,0.5792712821139476,0.9919045771443651
57,3,2.2071067811865475,0.5,0.5,0.0,2.5720901140264485,0.07586162088591317,0.9150224475954781,0.9908840684813913
57,4,2.2071067811865475,0.5,0.5,0.0,5.047120058483404,6.920694880006326e-11,0.9876290333135306,0.9876290333827376
57,5,2.2071067811865475,0.5,0.5,0.0,8.858251759758488,0.199963260797625,0.6350998604008363,0.8350631211984614
57,6,2.2071067811865475,0.5,0.5,0.0,11.223723230619898,1.4497431113469755e-09,0.906110488246078,0.9061104896958211
57,7,2.2071067811865475,0.5,0.5,0.0,11.576598242933084,0.15367720367983148,0.48055036343478197,0.6342275671146135
57,8,2.2071067811865475,0.5,0.5,0.0,12.64075450993461,0.30876442687706385,0.3918602618768345,0.7006246887538983
58,1,2.2513009550107066,0.46875,0.46875,0.0,-3.8453283682691715,0.6734714024266768,0.3216950571659446,0.9951664595926214
58,2,2.2513009550107066,0.46875,0.46875,0.0,1.1798549641221407,0.3983676059959298,0.5928677804803855,0.9912353864763153
58,3,2.2513009550107066,0.46875,0.46875,0.0,2.790264425149926,0.08278139434549053,0.9075819632012229,0.9903633575467135
58,4,2.2513009550107066,0.46875,0.46875,0.0,5.205068076803006,1.4641185247741367e-10,0.9866323297715497,0.9866323299179616
58,5,2.2513009550107066,0.46875,0.46875,0.0,9.024050821615205,0.204133916509579,0.6401465613187548,0.8442804778283338
58,6,2.2513009550107066,0.46875,0.46875,0.0,10.953051787552962,2.654497616326565e-09,0.9145416773432675,0.9145416799977651
58,7,2.2513009550107066,0.46875,0.46875,0.0,11.302550441579374,0.160108403349081,0.535236726417539,0.69534512976662
58,8,2.2513009550107066,0.46875,0.46875,0.0,12.470415522249297,0.30834591829699287,0.3727666286371406,0.6811125469341335
59,1,2.2954951288348657,0.4375,0.4375,0.0,-4.068096036933793,0.6829362205072138,0.3122317833624827,0.9951680038696965
59,2,2.2954951288348657,0.4375,0.4375,0.0,1.4956695889122744,0.38330083425553346,0.6071270608079188,0.9904278950634522
59,3,2.2954951288348657,0.4375,0.4375,0.0,3.028795167937512,0.08727964604473706,0.9024541554150335,0.9897338014597705
59,4,2.2954951288348657,0.4375,0.4375,0.0,5.360188441505964,6.388034685433359e-11,0.9855485794443292,0.9855485795082095
59,5,2.2954951288348657,0.4375,0.4375,0.0,9.175248087841606,0.21279534297021227,0.644430290010643,0.8572256329808553
59,6,2.2954951288348657,0.4375,0.4375,0.0,10.699073879692541,2.4415986388284513e-09,0.9221626292831708,0.9221626317247694
59,7,2.2954951288348657,0.4375,0.4375,0.0,11.04209194084898,0.16243551440157003,0.5825686740773268,0.7450041884788968
59,8,2.2954951288348657,0.4375,0.4375,0.0,12.333547705095574,0.30344120194422813,0.35666180599756075,0.6601030079417889
60,1,2.339689302659025,0.40625,0.40625,0.0,-4.28048308648377,0.6950750278099389,0.3001324430996737,0.9952074709096126
60,2,2.339689302659025,0.40625,0.40625,0.0,1.8276078659605515,0.36729145181862344,0.6221872492963947,0.9894787011150181
60,3,2.339689302659025,0.40625,0.40625,0.0,3.2849702469266857,0.08916981403962784,0.8998166385200476,0.9889864525596754
60,4,2.339689302659025,0.40625,0.40625,0.0,5.509964465923228,5.529583490120604e-11,0.9843303708112634,0.9843303708665593
60,5,2.339689302659025,0.40625,0.40625,0.0,9.304828088034283,0.22569712289687238,0.6479327106451198,0.8736298335419922
60,6,2.339689302659025,0.40625,0.40625,0.0,10.461990077413407,3.986596188847281e-09,0.9290044662288717,0.9290044702154678
60,7,2.339689302659025,0.40625,0.40625,0.0,10.796052352797801,0.1615137796716163,0.6241142775784128,0.785628057250029
60,8,2.339689302659025,0.40625,0.40625,0.0,12.233627612958676,0.29499302217070744,0.3447347149896294,0.6397277371603368
61,1,2.383883476483184,0.375,0.375,0.0,-4.480985659854329,0.7100796754060862,0.28519655243540853,0.9952762278414947
61,2,2.383883476483184,0.375,0.375,0.0,2.1751403973809684,0.3501931813063301,0.6381958835184263,0.9883890648247564
61,3,2.383883476483184,0.375,0.375,0.0,3.55617925801868,0.08831741652634686,0.899792816522816,0.9881102330491628
61,4,2.383883476483184,0.375,0.375,0.0,5.651907855089313,9.067076028360817e-11,0.9829170115387311,0.9829170116294019
61,5,2.383883476483184,0.375,0.375,0.0,9.406355831885584,0.24161353974968422,0.6505725459711923,0.8921860857208765
61,6,2.383883476483184,0.375,0.375,0.0,10.241967518010645,3.5834697019620204e-09,0.9351072670209305,0.9351072706044002
61,7,2.383883476483184,0.375,0.375,0.0,10.564731483289178,0.15791844070840447,0.6610286181966003,0.8189470589050047
61,8,2.383883476483184,0.375,0.375,0.0,12.171621500842805,0.28538702938662824,0.3387708153683342,0.6241578447549625
62,1,2.428077650307343,0.34375,0.34375,0.0,-4.668409703758931,0.7281039853679281,0.2672604027813916,0.9953643881493197
62,2,2.428077650307343,0.34375,0.34375,0.0,2.537595203104994,0.3318364639296766,0.6553171405141032,0.9871536044437798
62,3,2.428077650307343,0.34375,0.34375,0.0,3.8397654892955857,0.0846818247858554,0.9024096050561181,0.9870914298419735
62,4,2.428077650307343,0.34375,0.34375,0.0,5.783717953763216,3.6611514916045484e-11,0.9812453686782756,0.9812453687148871
62,5,2.428077650307343,0.34375,0.34375,0.0,9.475656179130866,0.25817701907285634,0.6525128617982815,0.9106898808711379
62,6,2.428077650307343,0.34375,0.34375,0.0,10.039145536875788,4.750591155057093e-09,0.9405133267841774,0.9405133315347686
62,7,2.428077650307343,0.34375,0.34375,0.0,10.348132970389404,0.1520350183873989,0.6942962327102058,0.8463312510976047
62,8,2.428077650307343,0.34375,0.34375,0.0,12.143054552444319,0.2789467778694863,0.341063040955714,0.6200098188252003
63,1,2.4722718241315023,0.3125000000000001,0.3125000000000001,0.0,-4.841804962365237,0.7492593133224736,0.24620431457314948,0.9954636278956231
63,2,2.4722718241315023,0.3125000000000001,0.3125000000000001,0.0,2.914102605850351,0.3120404259537621,0.6737289548223865,0.9857693807761485
63,3,2.4722718241315023,0.3125000000000001,0.3125000000000001,0.0,4.132875145897392,0.07832736553971129,0.9075790839092008,0.9859064494489121
63,4,2.4722718241315023,0.3125000000000001,0.3125000000000001,0.0,5.903459670900721,5.2715360631983705e-11,0.9792733637720974,0.9792733638248128
63,5,2.4722718241315023,0.3125000000000001,0.3125000000000001,0.0,9.512241736253266,0.27234643087720745,0.6545321757004523,0.9268786065776597
63,6,2.4722718241315023,0.3125000000000001,0.3125000000000001,0.0,9.853642558274414,6.2794050253793525e-09,0.9452681317846756,0.9452681380640806
63,7,2.4722718241315023,0.3125000000000001,0.3125000000000001,0.0,10.146063658828474,0.1440929594876335,0.7248139462021451,0.8689069056897787
63,8,2.4722718241315023,0.3125000000000001,0.3125000000000001,0.0,12.1342805185526,0.28199389326354707,0.3541234633031053,0.6361173565666524
64,1,2.516465997955662,0.28125,0.28125,0.0,-5.000411535119776,0.7735560944541809,0.22201046426246637,0.9955665587166473
64,2,2.516465997955662,0.28125,0.28125,0.0,3.303499820026867,0.29056803335343984,0.6936544266480146,0.9842224600014544
64,3,2.516465997955662,0.28125,0.28125,0.0,4.432290847245883,0.06945994428275178,0.9150572600251821,0.9845172043079339
64,4,2.516465997955662,0.28125,0.28125,0.0,6.0097251853821465,2.8570212899257646e-10,0.9770051359832305,0.9770051362689326
64,5,2.516465997955662,0.28125,0.28125,0.0,9.519442433966299,0.2812613427200924,0.6581427552625557,0.9394040979826481
64,6,2.516465997955662,0.28125,0.28125,0.0,9.68555742278195,1.5766532103295682e-08,0.9494161987722759,0.949416214538808
64,7,2.516465997955662,0.28125,0.28125,0.0,9.958191164520349,0.13420408164756015,0.7534171836823383,0.8876212653298985
64,8,2.516465997955662,0.28125,0.28125,0.0,12.11850010774737,0.3023490309078306,0.37961788362705884,0.6819669145348894
65,1,2.560660171779821,0.25,0.25,0.0,-5.1436149832972875,0.8008389084199972,0.1948280684097421,0.9956669768297393
65,2,2.560660171779821,0.25,0.25,0.0,3.7041829538310274,0.2671239339916118,0.7153644227389641,0.9824883567305758
65,3,2.560660171779821,0.25,0.25,0.0,4.734239252014136,0.05849888561237106,0.9243634374466976,0.9828623230590686
65,4,2.560660171779821,0.25,0.25,0.0,6.10174509318526,7.969412594020596e-11,0.974491416589054,0.9744914166687482
65,5,2.560660171779821,0.25,0.25,0.0,9.503021818457741,0.28274679369275235,0.6653978938751961,0.9481446875679485
65,6,2.560660171779821,0.25,0.25,0.0,9.534973231367173,1.2080039400386906e-07,0.9530001493843576,0.9530002701847516
65,7,2.560660171779821,0.25,0.25,0.0,9.784096816263073,0.12236656502698094,0.7808949631127808,0.9032615281397618
65,8,2.560660171779821,0.25,0.25,0.0,12.053449149924552,0.34680764935173325,0.41381103401664726,0.7606186833683806
66,1,2.60485434560398,0.21875,0.21875,0.0,-5.270927116581295,0.8306975819999416,0.16506176268145292,0.9957593446813945
66,2,2.60485434560398,0.21875,0.21875,0.0,4.113858407454451,0.2412961819564654,0.7392317109155757,0.9805278928720411
66,3,2.60485434560398,0.21875,0.21875,0.0,5.03415510558144,0.046126587958832614,0.9347314416585528,0.9808580296173854
66,4,2.60485434560398,0.21875,0.21875,0.0,6.1794162149701455,8.143331210999736e-11,0.9718437536197757,0.971843753701209
66,5,2.60485434560398,0.21875,0.21875,0.0,9.401959435078792,7.944906967967015e-08,0.9560605244143644,0.956060603863434
66,6,2.60485434560398,0.21875,0.21875,0.0,9.469177548561808,0.27504638753662003,0.6787192031954653,0.9537655907320853
66,7,2.60485434560398,0.21875,0.21875,0.0,9.62336230704817,0.1085147381271983,0.8079692404770789,0.9164839786042771
66,8,2.60485434560398,0.21875,0.21875,0.0,11.891094729294956,0.4136381200842799,0.439031631479331,0.8526697515636109
67,1,2.6490485194281392,0.1875,0.1875,0.0,-5.381952419110622,0.8623811263806328,0.1334597710849937,0.9958408974656265
67,2,2.6490485194281392,0.1875,0.1875,0.0,4.529106014661232,0.21254670077615173,0.7657380894897666,0.9782847902659184
67,3,2.6490485194281392,0.1875,0.1875,0.0,5.326392575807901,0.033308120768709,0.945097031687076,0.9784051524557851
67,4,2.6490485194281392,0.1875,0.1875,0.0,6.243235667913388,7.059943848665589e-11,0.969205178880133,0.9692051789507324
67,5,2.6490485194281392,0.1875,0.1875,0.0,9.286574170680307,1.3801924656941157e-08,0.9586341009352988,0.9586341147372234
67,6,2.6490485194281392,0.1875,0.1875,0.0,9.422846474096177,0.25603387161193414,0.7010986991774102,0.9571325707893443
67,7,2.6490485194281392,0.1875,0.1875,0.0,9.475731350493875,0.09259729574697016,0.8352219208131466,0.9278192165601168
67,8,2.6490485194281392,0.1875,0.1875,0.0,11.612052399781422,0.49058039768820927,0.4309722559471575,0.9215526536353668
68,1,2.6932426932522984,0.15625,0.15625,0.0,-5.476371177415079,0.8946931109959491,0.10121533877543114,0.9959084497713802
68,2,2.6932426932522984,0.15625,0.15625,0.0,4.944584922197808,0.18016301229136608,0.7955236955311744,0.9756867078225405
68,3,2.6932426932522984,0.15625,0.15625,0.0,5.60387141222163,0.021275797946416125,0.9541457812108368,0.9754215791572529
68,4,2.6932426932522984,0.15625,0.15625,0.0,6.294157072859366,1.354572363346368e-10,0.9667272418511309,0.9667272419865881
68,5,2.6932426932522984,0.15625,0.15625,0.0,9.18886598390005,4.746941373100528e-09,0.960753556889052,0.9607535616359933
68,6,2.6932426932522984,0.15625,0.15625,0.0,9.341404621486786,0.0747018420349197,0.8629732089253492,0.9376750509602689
68,7,2.6932426932522984,0.15625,0.15625,0.0,9.366488564149073,0.22246140316565105,0.7365138652597492,0.9589752684254003
68,8,2.6932426932522984,0.15625,0.15625,0.0,11.24820661734519,0.5730150557485054,0.38342915164963176,0.9564442073981372
69,1,2.7374368670764575,0.125,0.125,0.0,-5.55393538508902,0.9259413242106551,0.07002036363004102,0.9959616878406962
69,2,2.7374368670764575,0.125,0.125,0.0,5.351531707399128,0.14335710878717217,0.8292986862619272,0.9726557950490993
69,3,2.7374368670764575,0.125,0.125,0.0,5.857693117088608,0.011343022497957177,0.9605606402070791,0.9719036627050363
69,4,2.7374368670764575,0.125,0.125,0.0,6.333400812086456,8.09174020887562e-11,0.9645441658061923,0.9645441658871097
69,5,2.7374368670764575,0.125,0.125,0.0,9.108873033848164,5.2460060482486855e-09,0.9624476180990738,0.9624476233450798
69,6,2.7374368670764575,0.125,0.125,0.0,9.221506292105026,0.055296142054409275,0.8910146118377215,0.9463107538921307
69,7,2.7374368670764575,0.125,0.125,0.0,9.299054973653188,0.1705513233389604,0.7893183327315628,0.9598696560705232
69,8,2.7374368670764575,0.125,0.125,0.0,10.855966204007805,0.6688791691204059,0.30289285729510423,0.9717720264155101
70,1,2.7816310409006166,0.09375,0.09375,0.0,-5.614452317703495,0.9539800114877685,0.042020352200634076,0.9960003636884025
70,2,2.7816310409006166,0.09375,0.09375,0.0,5.734890148391917,0.10172529180744894,0.8674271466708667,0.9691524384783157
70,3,2.7816310409006166,0.09375,0.09375,0.0,6.076850274796037,0.00453971451153774,0.9634929174124683,0.9680326319240061
70,4,2.7816310409006166,0.09375,0.09375,0.0,6.36225716983891,9.81768058811845e-11,0.9627643146607299,0.9627643147589067
70,5,2.7816310409006166,0.09375,0.09375,0.0,9.046625830456076,8.382332312603558e-09,0.9637399309723529,0.9637399393546852
70,6,2.7816310409006166,0.09375,0.09375,0.0,9.118711312352557,0.03554921043879416,0.9182261367279785,0.9537753471667726
70,7,2.7816310409006166,0.09375,0.09375,0.0,9.215692192562795,0.10111711606491315,0.8593305358564353,0.9604476519213484
70,8,2.7816310409006166,0.09375,0.09375,0.0,10.490565968052513,0.7826719644529466,0.19696676374405475,0.9796387281970014
71,1,2.8258252147247758,0.0625,0.0625,0.0,-5.657776445263225,0.9764159813904132,0.01960994336153416,0.9960259247519474
71,2,2.8258252147247758,0.0625,0.0625,0.0,6.068198327180533,0.056972364529781695,0.9083524205206679,0.9653247850504496
71,3,2.8258252147247758,0.0625,0.0625,0.0,6.248396484750515,0.001084707623869255,0.9632029425978188,0.964287650221688
71,4,2.8258252147247758,0.0625,0.0625,0.0,6.381910505702806,1.4682541281376024e-10,0.9614560337511514,0.9614560338979768
71,5,2.8258252147247758,0.0625,0.0625,0.0,9.00214755348247,6.852098731735088e-09,0.9646495085775462,0.9646495154296449
71,6,2.8258252147247758,0.0625,0.0625,0.0,9.037739347595291,0.01765191617177958,0.9421729392706604,0.95982485544244
71,7,2.8258252147247758,0.0625,0.0625,0.0,9.113368218570217,0.03432990178928966,0.927372591605989,0.9617024933952786
71,8,2.8258252147247758,0.0625,0.0625,0.0,10.202291986650843,0.8951635553087032,0.08913249248682005,0.9842960477955233
72,1,2.870019388548935,0.03125,0.03125,0.0,-5.683809808476789,0.9909863165636259,0.0050539285393395444,0.9960402451029654
72,2,2.870019388548935,0.03125,0.03125,0.0,6.307500027078405,0.017203688490471495,0.9446837871182722,0.9618874756087437
72,3,2.870019388548935,0.03125,0.03125,0.0,6.35878638745848,7.691478171358357e-05,0.9613831329856024,0.961460047767316
72,4,2.870019388548935,0.03125,0.03125,0.0,6.393300881194907,3.838167244230969e-14,0.9606591701011294,0.9606591701011679
72,5,2.870019388548935,0.03125,0.03125,0.0,8.975454221587075,1.4324832470179119e-15,0.9651896883791466,0.9651896883791481
72,6,2.870019388548935,0.03125,0.03125,0.0,8.984995783423543,0.004755755938003299,0.9591512811701534,0.9639070371081566
72,7,2.870019388548935,0.03125,0.03125,0.0,9.012051138339759,0.0030407979541013405,0.9609727878346332,0.9640135857887346
72,8,2.870019388548935,0.03125,0.03125,0.0,10.0263300922008,0.9665147789977417,0.01987118456719824,0.98638596356494
73,1,2.914213562373094,0.0,0.0,0.0,-5.692494096418732,0.9960448001261835,1.8125876386687429e-12,0.996044800127996
73,2,2.914213562373094,0.0,0.0,0.0,6.397028958741405,7.767559100362645e-12,0.9603914506806733,0.9603914506884409
73,3,2.914213562373094,0.0,0.0,0.0,6.397028957100802,5.7062805085609385e-12,0.9603911663680502,0.9603911663737565
73,4,2.914213562373094,0.0,0.0,0.0,6.39702895725518,9.066915859042757e-13,0.9603913749195514,0.9603913749204581
73,5,2.914213562373094,0.0,0.0,0.0,8.966555397549463,2.1314920520927912e-09,0.9653688762245413,0.9653688783560334
73,6,2.914213562373094,0.0,0.0,0.0,8.966555398018013,3.3093311205736582e-09,0.9653689741779387,0.9653689774872698
73,7,2.914213562373094,0.0,0.0,0.0,8.966555397675613,2.210756146455664e-09,0.9653688411315653,0.9653688433423214
73,8,2.914213562373094,0.0,0.0,0.0,9.969092785757155,0.986821258979489,7.451063562251726e-09,0.9868212664305526
74,1,2.9502979541974454,0.02083333333333333,0.02083333333333333,0.02083333333333333,-5.686704340338543,0.992661482339473,0.0033802173405468126,0.9960416996800199
74,2,2.9502979541974454,0.02083333333333333,0.02083333333333333,0.02083333333333333,6.329099005768685,0.01171498089566243,0.9498720395552288,0.9615870204508913
74,3,2.9502979541974454,0.02083333333333333,0.02083333333333333,0.02083333333333333,6.386871175560409,1.1868023804920752e-09,0.960751725382986,0.9607517265697885
74,4,2.9502979541974454,0.02083333333333333,0.02083333333333333,0.02083333333333333,6.386871178587798,7.057750410761717e-10,0.9607511484780188,0.9607511491837938
74,5,2.9502979541974454,0.02083333333333333,0.02083333333333333,0.02083333333333333,8.981373776930255,1.7951431623399006e-07,0.9649461580849242,0.9649463375992404
74,6,2.9502979541974454,0.02083333333333333,0.02083333333333333,0.02083333333333333,8.981374144235271,5.675542579115729e-07,0.9649458843281692,0.9649464518824271
74,7,2.9502979541974454,0.02083333333333333,0.02083333333333333,0.02083333333333333,8.985931862019203,0.005029671083548032,0.9591594231052378,0.9641890941887858
74,8,2.9502979541974454,0.02083333333333333,0.02083333333333333,0.02083333333333333,10.007373240111395,0.9732714917074875,0.01326352263658781,0.9865350143440753
75,1,2.986382346021797,0.04166666666666666,0.04166666666666666,0.04166666666666666,-5.6693451326702196,0.9827910843296693,0.013241233750453819,0.9960323180801232
75,2,2.986382346021797,0.04166666666666666,0.04166666666666666,0.04166666666666666,6.14107745995826,0.040572877233103447,0.9239519423705512,0.9645248196036547
75,3,2.986382346021797,0.04166666666666666,0.04166666666666666,0.04166666666666666,6.357275961595873,4.711203122142321e-10,0.9617747220447688,0.9617747225158891
75,4,2.986382346021797,0.04166666666666666,0.04166666666666666,0.04166666666666666,6.357275960683398,7.147271560350143e-10,0.9617748840871292,0.9617748848018564
75,5,2.986382346021797,0.04166666666666666,0.04166666666666666,0.04166666666666666,9.024210724463321,0.03410918874386896,0.9276574305065588,0.9617666192504277
75,6,2.986382346021797,0.04166666666666666,0.04166666666666666,0.04166666666666666,9.024676666029103,3.3634437250383006e-05,0.9636899148138105,0.9637235492510609
75,7,2.986382346021797,0.04166666666666666,0.04166666666666666,0.04166666666666666,9.024677108188978,4.1768058292082546e-07,0.963724976659951,0.963725394340534
75,8,2.986382346021797,0.04166666666666666,0.04166666666666666,0.04166666666666666,10.126852306596504,0.9245994568628696,0.06056913565175909,0.9851685925146287
76,1,3.0224667378461483,0.0625,0.0625,0.0625,-5.640447837340009,0.967219901004998,0.02879614502664389,0.9960160460316418
76,2,3.0224667378461483,0.0625,0.0625,0.0625,5.866522852143996,0.07562742713607581,0.8924335193348308,0.9680609464709067
76,3,3.0224667378461483,0.0625,0.0625,0.0625,6.31063022981639,6.73802342408473e-10,0.963320195128865,0.9633201958026674
76,4,3.0224667378461483,0.0625,0.0625,0.0625,6.310630232798292,2.6683994597982495e-10,0.9633204908152984,0.9633204910821384
76,5,3.0224667378461483,0.0625,0.0625,0.0625,9.047110128528168,0.09610631593952108,0.8636116328818837,0.9597179488214048
76,6,3.0224667378461483,0.0625,0.0625,0.0625,9.09324550872513,4.9099560279514105e-08,0.9618133997085335,0.9618134488080938
76,7,3.0224667378461483,0.0625,0.0625,0.0625,9.093245522448322,7.253778147852286e-09,0.9618144601926912,0.9618144674464694
76,8,3.0224667378461483,0.0625,0.0625,0.0625,10.329808913434183,0.8421650758323719,0.1399580897762581,0.98212316560863
77,1,3.0585511296704997,0.08333333333333333,0.08333333333333333,0.08333333333333333,-5.60006242432216,0.9470990613770571,0.04889265380183519,0.9959917151788923
77,2,3.0585511296704997,0.08333333333333333,0.08333333333333333,0.08333333333333333,5.536610585220207,0.11015202897976001,0.8613175831663263,0.9714696121460864
77,3,3.0585511296704997,0.08333333333333333,0.08333333333333333,0.08333333333333333,6.250233935683859,3.2216114074140805e-10,0.9652083489487461,0.9652083492709073
77,4,3.0585511296704997,0.08333333333333333,0.08333333333333333,0.08333333333333333,6.250233934902277,3.0880296809619094e-10,0.9652084593533092,0.9652084596621122
77,5,3.0585511296704997,0.08333333333333333,0.08333333333333333,0.08333333333333333,9.039332521165573,0.17134100873373376,0.7869305583326716,0.9582715670664053
77,6,3.0585511296704997,0.08333333333333333,0.08333333333333333,0.08333333333333333,9.182346059278453,1.560421319213577e-08,0.9593084693756223,0.9593084849798355
77,7,3.0585511296704997,0.08333333333333333,0.08333333333333333,0.08333333333333333,9.182346065069744,2.182094279589316e-09,0.9593084722711214,0.9593084744532157
77,8,3.0585511296704997,0.08333333333333333,0.08333333333333333,0.08333333333333333,10.602683634135142,0.7510583917953533,0.22664378495600385,0.9777021767513572
78,1,3.0946355214948515,0.1041666666666667,0.1041666666666667,0.1041666666666667,-5.548267012079986,0.9237620696023874,0.07219659802696915,0.9959586676293566
78,2,3.0946355214948515,0.1041666666666667,0.1041666666666667,0.1041666666666667,5.173239379081312,0.14172584419957426,0.832749207246839,0.9744750514464132
78,3,3.0946355214948515,0.1041666666666667,0.1041666666666667,0.1041666666666667,6.1796555237883535,1.3049775014122877e-11,0.9672720625672607,0.9672720625803105
78,4,3.0946355214948515,0.1041666666666667,0.1041666666666667,0.1041666666666667,6.179655522145199,2.4868929854520564e-10,0.9672721911080564,0.9672721913567457
78,5,3.0946355214948515,0.1041666666666667,0.1041666666666667,0.1041666666666667,9.003836656023132,0.24124042041819516,0.7156967698495618,0.9569371902677569
78,6,3.0946355214948515,0.1041666666666667,0.1041666666666667,0.1041666666666667,9.28632208695786,3.879319552156025e-09,0.956201464627084,0.9562014685064035
78,7,3.0946355214948515,0.1041666666666667,0.1041666666666667,0.1041666666666667,9.286322090520219,8.212830891841958e-10,0.9562016406812467,0.9562016415025297
78,8,3.0946355214948515,0.1041666666666667,0.1041666666666667,0.1041666666666667,10.92337433764245,0.6708746190603869,0.3015261648175289,0.9724007838779158
79,1,3.130719913319203,0.125,0.125,0.125,-5.485164354030513,0.8985506363845417,0.09736582545849563,0.9959164618430373
79,2,3.130719913319203,0.125,0.125,0.125,4.79047963277466,0.16989456929816038,0.8071371206159456,0.9770316899141059
79,3,3.130719913319203,0.125,0.125,0.125,6.102261128296627,3.467607390407576e-11,0.9693799433085917,0.9693799433432677
79,4,3.130719913319203,0.125,0.125,0.125,6.10226112890059,7.435697165682031e-11,0.9693810726702776,0.9693810727446346
79,5,3.130719913319203,0.125,0.125,0.125,8.94857586129259,0.3007662894060524,0.6546389166320049,0.9554052060380573
79,6,3.130719913319203,0.125,0.125,0.125,9.399016343416507,3.78839868674342e-09,0.9523092620052456,0.9523092657936443
79,7,3.130719913319203,0.125,0.125,0.125,9.39901634512308,8.387112881204157e-10,0.9523094627054882,0.9523094635441995
79,8,3.130719913319203,0.125,0.125,0.125,11.272789003959112,0.6056403132187139,0.36062933360864086,0.9662696468273548
80,1,3.1668043051435544,0.1458333333333333,0.1458333333333333,0.1458333333333333,-5.4108885351529645,0.8726877763561445,0.12317778612319526,0.9958655624793398
80,2,3.1668043051435544,0.1458333333333333,0.1458333333333333,0.1458333333333333,4.397337878907272,0.19481040855909343,0.7843691900524482,0.9791795986115417
80,3,3.1668043051435544,0.1458333333333333,0.1458333333333333,0.1458333333333333,6.020969967194014,1.744722663524103e-10,0.9714447443991157,0.9714447445735879
80,4,3.1668043051435544,0.1458333333333333,0.1458333333333333,0.1458333333333333,6.020969968290883,4.828221528119375e-11,0.9714443509266174,0.9714443509748997
80,5,3.1668043051435544,0.1458333333333333,0.1458333333333333,0.1458333333333333,8.880526835201676,0.35114832782884775,0.6024457575044152,0.953594085333263
80,6,3.1668043051435544,0.1458333333333333,0.1458333333333333,0.1458333333333333,9.514015816616814,1.452016866199654e-09,0.9472165627355986,0.9472165641876155
80,7,3.1668043051435544,0.1458333333333333,0.1458333333333333,0.1458333333333333,9.514015814732183,9.929537900991931e-10,0.9472170740296064,0.9472170750225603
80,8,3.1668043051435544,0.1458333333333333,0.1458333333333333,0.1458333333333333,11.63782119151515,0.5526182948012053,0.4064159037230237,0.959034198524229
81,1,3.2028886969679062,0.1666666666666667,0.1666666666666667,0.1666666666666667,-5.325611314767388,0.847199501188184,0.1486069549333015,0.9958064561214854
81,2,3.2028886969679062,0.1666666666666667,0.1666666666666667,0.1666666666666667,3.9997694126891408,0.2167289275491193,0.7642524989481321,0.9809814264972514
81,3,3.2028886969679062,0.1666666666666667,0.1666666666666667,0.1666666666666667,5.938184472408824,1.3519913045257733e-10,0.9734070480054403,0.9734070481406395
81,4,3.2028886969679062,0.1666666666666667,0.1666666666666667,0.1666666666666667,5.93818447186823,1.0251132461513062e-10,0.9734067775139363,0.9734067776164477
81,5,3.2028886969679062,0.1666666666666667,0.1666666666666667,0.1666666666666667,8.804861378252898,0.3945486469827685,0.5569684931915572,0.9515171401743256
81,6,3.2028886969679062,0.1666666666666667,0.1666666666666667,0.1666666666666667,9.624846937223726,1.1396745375739957e-09,0.9402818829746812,0.9402818841143558
81,7,3.2028886969679062,0.1666666666666667,0.1666666666666667,0.1666666666666667,9.624846934882113,2.3927110561740157e-09,0.9402821839340832,0.9402821863267943
81,8,3.2028886969679062,0.1666666666666667,0.1666666666666667,0.1666666666666667,12.009986028783759,0.5082160198119583,0.44208404366913895,0.9503000634810972
82,1,3.2389730887922576,0.1875,0.1875,0.1875,-5.229552946416345,0.8228966379863056,0.17284456472984672,0.9957412027161523
82,2,3.2389730887922576,0.1875,0.1875,0.1875,3.601901802277592,0.23584995991453672,0.7466446198387924,0.9824945797533291
82,3,3.2389730887922576,0.1875,0.1875,0.1875,5.855818006426234,1.0995915947291485e-10,0.9752387404893826,0.9752387405993418
82,4,3.2389730887922576,0.1875,0.1875,0.1875,5.855818005902126,1.4050976742238183e-10,0.975238134299113,0.9752381344396227
82,5,3.2389730887922576,0.1875,0.1875,0.1875,8.725332849737324,0.43269185668295307,0.5165250751554007,0.9492169318383538
82,6,3.2389730887922576,0.1875,0.1875,0.1875,9.725280809365763,1.5826294924647006e-10,0.9307504122133808,0.9307504123716438
82,7,3.2389730887922576,0.1875,0.1875,0.1875,9.725280807630543,1.891161582974576e-09,0.9307503538137935,0.930750355704955
82,8,3.2389730887922576,0.1875,0.1875,0.1875,12.383590608944505,0.469491173475891,0.4700926105445512,0.9395837840204422
83,1,3.275057480616609,0.2083333333333333,0.2083333333333333,0.2083333333333333,-5.122991829531571,0.8003850394355712,0.19528718808417547,0.9956722275197466
83,2,3.275057480616609,0.2083333333333333,0.2083333333333333,0.2083333333333333,3.2067517626076407,0.2523310658427363,0.7314402930176163,0.9837713588603525
83,3,3.275057480616609,0.2083333333333333,0.2083333333333333,0.2083333333333333,5.7753633074152635,1.520183485486814e-10,0.9769251970203521,0.9769251971723705
83,4,3.275057480616609,0.2083333333333333,0.2083333333333333,0.2083333333333333,5.775363307020682,1.0693818693935725e-10,0.9769245709343676,0.9769245710413058
83,5,3.275057480616609,0.2083333333333333,0.2083333333333333,0.2083333333333333,8.644693245561616,0.4667144459454851,0.48002197335358954,0.9467364192990746
83,6,3.275057480616609,0.2083333333333333,0.2083333333333333,0.2083333333333333,9.809857520609636,2.9170868477594185e-10,0.9180162753717497,0.9180162756634583
83,7,3.275057480616609,0.2083333333333333,0.2083333333333333,0.2083333333333333,9.809857519659612,5.511209044926217e-10,0.918014082258232,0.9180140828093529
83,8,3.275057480616609,0.2083333333333333,0.2083333333333333,0.2083333333333333,12.754220677136088,0.4341705712654057,0.49198790938936626,0.926158480654772
84,1,3.311141872440961,0.2291666666666667,0.2291666666666667,0.2291666666666667,-5.006282748599927,0.7800982092155163,0.21550489427924624,0.9956031034947626
84,2,3.311141872440961,0.2291666666666667,0.2291666666666667,0.2291666666666667,2.8166593778126745,0.26626742684191973,0.7185795033095267,0.9848469301514464
84,3,3.311141872440961,0.2291666666666667,0.2291666666666667,0.2291666666666667,5.697969824883217,3.4201677286207055e-12,0.9784623830315287,0.9784623830349488
84,4,3.311141872440961,0.2291666666666667,0.2291666666666667,0.2291666666666667,5.697969824975363,1.2391059244783104e-11,0.9784620381942842,0.9784620382066753
84,5,3.311141872440961,0.2291666666666667,0.2291666666666667,0.2291666666666667,8.564993628973829,0.4973594066539241,0.4467557752988524,0.9441151819527764
84,6,3.311141872440961,0.2291666666666667,0.2291666666666667,0.2291666666666667,9.874592927251783,1.8443677578218648e-10,0.9019853921705918,0.9019853923550286
84,7,3.311141872440961,0.2291666666666667,0.2291666666666667,0.2291666666666667,9.87459292672535,8.74941634349973e-10,0.9019866968806798,0.9019866977556215
84,8,3.311141872440961,0.2291666666666667,0.2291666666666667,0.2291666666666667,13.11730401631898,0.4001834778872031,0.5083409829547251,0.9085244608419282
85,1,3.3472262642653123,0.25,0.25,0.25,-4.8798795600941265,0.7623422073827688,0.23319612046089244,0.9955383278436613
85,2,3.3472262642653123,0.25,0.25,0.25,2.433560477501317,0.27771782261398015,0.7080264042710732,0.9857442268850534
85,3,3.3472262642653123,0.25,0.25,0.25,5.624514236706106,7.651834216572093e-11,0.9798543737484251,0.9798543738249434
85,4,3.3472262642653123,0.25,0.25,0.25,5.62451423804305,6.454662851171316e-11,0.9798542961942601,0.9798542962588067
85,5,3.3472262642653123,0.25,0.25,0.25,8.487781538299586,0.5250978907430157,0.41629090551289294,0.9413887962559087
85,6,3.3472262642653123,0.25,0.25,0.25,9.917615533740602,6.211367346541976e-10,0.8833051807842367,0.8833051814053734
85,7,3.3472262642653123,0.25,0.25,0.25,9.917615536526517,1.0456092706148846e-10,0.8833122402987094,0.8833122404032703
85,8,3.3472262642653123,0.25,0.25,0.25,13.466157812605418,0.3648932762047994,0.5181165688497074,0.8830098450545067
86,1,3.3833106560896637,0.2708333333333333,0.2708333333333333,0.2708333333333333,-4.744376174144039,0.7473299447644781,0.24815341491693615,0.9954833596814143
86,2,3.3833106560896637,0.2708333333333333,0.2708333333333333,0.2708333333333333,2.059176719449775,0.2866988186672408,0.6997806921581226,0.9864795108253633
86,3,3.3833106560896637,0.2708333333333333,0.2708333333333333,0.2708333333333333,5.555658860770381,6.518606664388838e-11,0.9811055795164199,0.9811055795816059
86,4,3.3833106560896637,0.2708333333333333,0.2708333333333333,0.2708333333333333,5.555658861924957,2.6026567905735724e-10,0.9811059207046204,0.9811059209648861
86,5,3.3833106560896637,0.2708333333333333,0.2708333333333333,0.2708333333333333,8.41423014671333,0.5502478686987785,0.3883399382349644,0.9385878069337429
86,6,3.3833106560896637,0.2708333333333333,0.2708333333333333,0.2708333333333333,9.939405114248874,6.474332482827508e-10,0.8633158066589834,0.8633158073064167
86,7,3.3833106560896637,0.2708333333333333,0.2708333333333333,0.2708333333333333,9.939405114562268,1.1237563012494002e-10,0.8633152409577551,0.8633152410701308
86,8,3.3833106560896637,0.2708333333333333,0.2708333333333333,0.2708333333333333,13.750752525714248,3.221181476137014e-07,0.061696821443920774,0.06169714356206839
87,1,3.419395047914015,0.2916666666666666,0.2916666666666666,0.2916666666666666,-4.600546335585124,0.735227072857768,0.26021781990365933,0.9954448927614273
87,2,3.419395047914015,0.2916666666666666,0.2916666666666666,0.2916666666666666,1.6951658670836627,0.29318833109103615,0.693872868528264,0.9870611996193002
87,3,3.419395047914015,0.2916666666666666,0.2916666666666666,0.2916666666666666,5.491900223420492,6.042358971647687e-11,0.9822243184318845,0.9822243184923081
87,4,3.419395047914015,0.2916666666666666,0.2916666666666666,0.2916666666666666,5.4919002227953,5.438935896970313e-11,0.982224670285442,0.9822246703398314
87,5,3.419395047914015,0.2916666666666666,0.2916666666666666,0.2916666666666666,8.345235201447746,0.5730188544515955,0.36272398878379447,0.93574284323539
87,6,3.419395047914015,0.2916666666666666,0.2916666666666666,0.2916666666666666,9.942468669063798,2.7002683152525797e-10,0.8435755555654675,0.8435755558354943
87,7,3.419395047914015,0.2916666666666666,0.2916666666666666,0.2916666666666666,9.942468667956023,3.3298049834740654e-10,0.8435690081327437,0.8435690084657242
87,8,3.419395047914015,0.2916666666666666,0.2916666666666666,0.2916666666666666,13.93509966184576,1.4225967061011496e-08,0.07521309353270159,0.07521310775866864
88,1,3.455479439738367,0.3125,0.3125,0.3125,-4.449427406728773,0.7261783486622965,0.2692525596762644,0.9954309083385608
88,2,3.455479439738367,0.3125,0.3125,0.3125,1.3432606298208336,0.29713515340127117,0.6903586524398553,0.9874938058411264
88,3,3.455479439738367,0.3125,0.3125,0.3125,5.433605555468906,1.7443741958761358e-10,0.983216803776269,0.9832168039507064
88,4,3.455479439738367,0.3125,0.3125,0.3125,5.433605554969791,3.429775223300385e-11,0.9832172288185829,0.9832172288528807
88,5,3.455479439738367,0.3125,0.3125,0.3125,8.281480123684224,0.5935395325379436,0.3393515571425842,0.9328910896805278
88,6,3.455479439738367,0.3125,0.3125,0.3125,9.930607416828405,6.566082220777851e-11,0.8254467299378937,0.8254467300035545
88,7,3.455479439738367,0.3125,0.3125,0.3125,9.930607416454286,5.139809112443458e-10,0.8254487018465344,0.8254487023605153
88,8,3.455479439738367,0.3125,0.3125,0.3125,14.159159435723172,5.2537726053106334e-08,0.08663619096302995,0.08663624350075601
89,1,3.4915638315627184,0.3333333333333333,0.3333333333333333,0.3333333333333333,-4.292427122182326,0.7203441462332008,0.27510684538814617,0.995450991621347
89,2,3.4915638315627184,0.3333333333333333,0.3333333333333333,0.3333333333333333,1.005425418288852,0.2984144050798848,0.6893660329289504,0.9877804380088352
89,3,3.4915638315627184,0.3333333333333333,0.3333333333333333,0.3333333333333333,5.381043280803983,2.700273881941447e-10,0.9840897941607547,0.984089794430782
89,4,3.4915638315627184,0.3333333333333333,0.3333333333333333,0.3333333333333333,5.3810432794653265,2.4255693264453384e-11,0.9840904022751011,0.9840904022993568
89,5,3.4915638315627184,0.3333333333333333,0.3333333333333333,0.3333333333333333,8.223484541059696,0.6118955762934757,0.3181784266486691,0.9300740029421448
89,6,3.4915638315627184,0.3333333333333333,0.3333333333333333,0.3333333333333333,9.908114563646258,2.485207825795086e-10,0.8097952447801253,0.8097952450286461
89,7,3.4915638315627184,0.3333333333333333,0.3333333333333333,0.3333333333333333,9.908114562699408,5.01606415999942e-10,0.809793036680179,0.8097930371817854
89,8,3.4915638315627184,0.3333333333333333,0.3333333333333333,0.3333333333333333,14.338351648971724,0.1337382986132547,0.33072815773329745,0.46446645634655215
90,1,3.52764822338707,0.3541666666666666,0.3541666666666666,0.3541666666666666,-4.131487162664235,0.717897459692493,0.2776178868654914,0.9955153465579843
90,2,3.52764822338707,0.3541666666666666,0.3541666666666666,0.3541666666666666,0.6840507256241319,0.2968775016204251,0.6910477522542494,0.9879252538746746
90,3,3.52764822338707,0.3541666666666666,0.3541666666666666,0.3541666666666666,5.334405587965574,9.17630897916903e-12,0.9848486354529391,0.9848486354621154
90,4,3.52764822338707,0.3541666666666666,0.3541666666666666,0.3541666666666666,5.3344055887092106,1.586439439836356e-10,0.9848489505296345,0.9848489506882785
90,5,3.52764822338707,0.3541666666666666,0.3541666666666666,0.3541666666666666,8.171649342392953,0.6281244284446559,0.2992159686534731,0.927340397098129
90,6,3.52764822338707,0.3541666666666666,0.3541666666666666,0.3541666666666666,9.879154345328368,1.1104987648413168e-11,0.7969469986340526,0.7969469986451576
90,7,3.52764822338707,0.3541666666666666,0.3541666666666666,0.3541666666666666,9.879154345738547,4.865564819000031e-11,0.7969421749901221,0.7969421750387777
90,8,3.52764822338707,0.3541666666666666,0.3541666666666666,0.3541666666666666,14.350464997761256,0.09045313081888634,0.2550161383661735,0.3454692691850598
91,1,3.5637326152114217,0.375,0.375,0.375,-3.9693319260548163,0.7190465438747042,0.2765889560560432,0.9956354999307475
91,2,3.5637326152114217,0.375,0.375,0.375,0.382221962882268,0.29230686709921583,0.6956254296745564,0.9879322967737723
91,3,3.5637326152114217,0.375,0.375,0.375,5.2938267064411155,2.6651607043072876e-10,0.9854987120210119,0.985498712287528
91,4,3.5637326152114217,0.375,0.375,0.375,5.29382670580245,1.236924835210997e-10,0.9854986835021153,0.9854986836258078
91,5,3.5637326152114217,0.375,0.375,0.375,8.126272313208457,0.6422568847318969,0.2824978513180934,0.9247547360499904
91,6,3.5637326152114217,0.375,0.375,0.375,9.847411146827564,8.88293568267237e-10,0.786851596147493,0.7868515970357866
91,7,3.5637326152114217,0.375,0.375,0.375,9.84741114875198,1.3727012542111684e-10,0.7868517478436919,0.786851747980962
91,8,3.5637326152114217,0.375,0.375,0.375,14.324235995085083,0.06648863623177345,0.20557093399902748,0.27205957023080096
92,1,3.599817007035773,0.3958333333333333,0.3958333333333333,0.3958333333333333,-3.809830502664728,0.7239196220969726,0.27190034361805315,0.9958199657150257
92,2,3.599817007035773,0.3958333333333333,0.3958333333333333,0.3958333333333333,0.10409427640925936,0.28457766877599444,0.7032327894377876,0.987810458213782
92,3,3.599817007035773,0.3958333333333333,0.3958333333333333,0.3958333333333333,5.259397355007587,3.7448570282296916e-10,0.986043169802343,0.9860431701768286
92,4,3.599817007035773,0.3958333333333333,0.3958333333333333,0.3958333333333333,5.259397353366179,1.0631382906033352e-10,0.986043276287493,0.9860432763938068
92,5,3.599817007035773,0.3958333333333333,0.3958333333333333,0.3958333333333333,8.08757559933805,0.6542722969425023,0.2681118547529008,0.9223841516954031
92,6,3.599817007035773,0.3958333333333333,0.3958333333333333,0.3958333333333333,9.815951999842198,1.0633782324124192e-11,0.7792136356775701,0.7792136356882039
92,7,3.599817007035773,0.3958333333333333,0.3958333333333333,0.3958333333333333,9.815951999930201,6.90621606371941e-12,0.7792108595528066,0.7792108595597128
92,8,3.599817007035773,0.3958333333333333,0.3958333333333333,0.3958333333333333,14.284066818007943,0.053364403367960424,0.1747507322444059,0.22811513561236632
93,1,3.6359013988601245,0.4166666666666666,0.4166666666666666,0.4166666666666666,-3.65846842501852,0.7324295648713,0.26364211564043244,0.9960716805117324
93,2,3.6359013988601245,0.4166666666666666,0.4166666666666666,0.4166666666666666,-0.14461443712835945,0.27375690929845925,0.7138182413030862,0.9875751506015455
93,3,3.6359013988601245,0.4166666666666666,0.4166666666666666,0.4166666666666666,5.2311771448874,6.359963664265687e-11,0.9864854800296264,0.9864854800932261
93,4,3.6359013988601245,0.4166666666666666,0.4166666666666666,0.4166666666666666,5.231177145736842,2.6930230428310895e-10,0.9864853381336046,0.986485338402907
93,5,3.6359013988601245,0.4166666666666666,0.4166666666666666,0.4166666666666666,8.055727835078027,0.6641572626923308,0.2561439457427588,0.9203012084350896
93,6,3.6359013988601245,0.4166666666666666,0.4166666666666666,0.4166666666666666,9.78722128096569,2.430922592648923e-10,0.7736535030718095,0.7736535033149017
93,7,3.6359013988601245,0.4166666666666666,0.4166666666666666,0.4166666666666666,9.787221281562074,2.2030516182296016e-10,0.7736574721398489,0.773657472360154
93,8,3.6359013988601245,0.4166666666666666,0.4166666666666666,0.4166666666666666,14.242596054074363,0.045911241318203184,0.1552890020669079,0.20120024338511108
94,1,3.6719857906844764,0.4375,0.4375,0.4375,-3.522877780751036,0.7438798331290604,0.25249773192983654,0.9963775650588969
94,2,3.6719857906844764,0.4375,0.4375,0.4375,-0.356093514526069,0.2605303865664839,0.7267281907777706,0.9872585773442546
94,3,3.6719857906844764,0.4375,0.4375,0.4375,5.209203043991282,2.4893368876102646e-11,0.9868278755321119,0.9868278755570054
94,4,3.6719857906844764,0.4375,0.4375,0.4375,5.209203043798166,9.763358558678329e-11,0.9868270569023221,0.9868270569999557
94,5,3.6719857906844764,0.4375,0.4375,0.4375,8.03084911208502,0.6718862096701248,0.24669745759175338,0.9185836672618781
94,6,3.6719857906844764,0.4375,0.4375,0.4375,9.763093025823538,3.22381176631511e-11,0.7697872885263096,0.7697872885585477
94,7,3.6719857906844764,0.4375,0.4375,0.4375,9.763093025819188,1.3567969062609412e-10,0.7697915217081281,0.7697915218438078
94,8,3.6719857906844764,0.4375,0.4375,0.4375,14.206290936201011,0.04156036730727973,0.14289151162123825,0.184451878928518
95,1,3.708070182508828,0.4583333333333333,0.4583333333333333,0.4583333333333333,-3.4130496792870817,0.7563876321868913,0.24030769294872778,0.9966953251356191
95,2,3.708070182508828,0.4583333333333333,0.4583333333333333,0.4583333333333333,-0.5202204784579633,0.24676681901946762,0.7401524314459619,0.9869192504654295
95,3,3.708070182508828,0.4583333333333333,0.4583333333333333,0.4583333333333333,5.1934962147527335,6.703889126877729e-11,0.9870704519004952,0.9870704519675342
95,4,3.708070182508828,0.4583333333333333,0.4583333333333333,0.4583333333333333,5.1934962152933455,5.5106072544604896e-11,0.9870705899536418,0.9870705900087479
95,5,3.708070182508828,0.4583333333333333,0.4583333333333333,0.4583333333333333,8.01302360925465,0.6774298755137561,0.23986919632472797,0.9172990718384841
95,6,3.708070182508828,0.4583333333333333,0.4583333333333333,0.4583333333333333,9.74493577261907,1.0079440252791738e-10,0.7672845356645244,0.7672845357653187
95,7,3.708070182508828,0.4583333333333333,0.4583333333333333,0.4583333333333333,9.744935772014275,1.1321386224444771e-10,0.7672782650449989,0.7672782651582127
95,8,3.708070182508828,0.4583333333333333,0.4583333333333333,0.4583333333333333,14.178591284807666,0.03904564474448316,0.13521937531459927,0.17426502005908243
96,1,3.744154574333179,0.4791666666666666,0.4791666666666666,0.4791666666666666,-3.3404116144315186,0.7665839301456967,0.2303640666543145,0.9969479968000112
96,2,3.744154574333179,0.4791666666666666,0.4791666666666666,0.4791666666666666,-0.6254738124868242,0.2358216585484062,0.7508262537391006,0.9866479122875068
96,3,3.744154574333179,0.4791666666666666,0.4791666666666666,0.4791666666666666,5.184068524008899,5.7049085317094493e-11,0.9872158210796494,0.9872158211366985
96,4,3.744154574333179,0.4791666666666666,0.4791666666666666,0.4791666666666666,5.184068523569118,1.1109542170137347e-11,0.987215948517401,0.9872159485285106
96,5,3.744154574333179,0.4791666666666666,0.4791666666666666,0.4791666666666666,8.002307729012147,0.6807690776106279,0.23573593279133226,0.9165050104019601
96,6,3.744154574333179,0.4791666666666666,0.4791666666666666,0.4791666666666666,9.733682690828047,2.6586771677284574e-10,0.765876086545179,0.7658760868110468
96,7,3.744154574333179,0.4791666666666666,0.4791666666666666,0.4791666666666666,9.733682690447509,2.516774606083512e-10,0.7658820076299215,0.765882007881599
96,8,3.744154574333179,0.4791666666666666,0.4791666666666666,0.4791666666666666,14.161355716830878,0.037732854629802484,0.1310154597063209,0.16874831433612336
97,1,3.780238966157531,0.5,0.5,0.5,-3.3148529431035745,0.7705870947358822,0.22645924824523,0.9970463429811122
97,2,3.780238966157531,0.5,0.5,0.5,-0.6619096106835937,0.2315684548738648,0.7549740359738405,0.9865424908477053
97,3,3.780238966157531,0.5,0.5,0.5,5.180925457548527,8.995724032382131e-11,0.9872641950435523,0.9872641951335096
97,4,3.780238966157531,0.5,0.5,0.5,5.180925457807313,1.1809043226396633e-10,0.9872645490049182,0.9872645491230087
97,5,3.780238966157531,0.5,0.5,0.5,7.998735837557147,0.6818834816773804,0.23435260118670073,0.9162360828640812
97,6,3.780238966157531,0.5,0.5,0.5,9.729872724242394,4.954842844369889e-10,0.7654314781541048,0.7654314786495892
97,7,3.780238966157531,0.5,0.5,0.5,9.729872724616087,3.3734293460858717e-10,0.7654308884174368,0.7654308887547797
97,8,3.780238966157531,0.5,0.5,0.5,14.155516275630978,0.03732332687803651,0.12967200859149292,0.16699533546952944
98,1,3.8163233579818825,0.5208333333333334,0.4791666666666667,0.4791666666666667,-3.312587400218874,0.7692341697927766,0.2277955563063604,0.997029726099137
98,2,3.8163233579818825,0.5208333333333334,0.4791666666666667,0.4791666666666667,-0.6549812100264746,0.23281382450667562,0.7537760582421607,0.9865898827488363
98,3,3.8163233579818825,0.5208333333333334,0.4791666666666667,0.4791666666666667,5.135437571763217,0.010355186793397298,0.976862888156719,0.9872180749501163
98,4,3.8163233579818825,0.5208333333333334,0.4791666666666667,0.4791666666666667,5.168606739514874,2.1993283133636657e-08,0.987275234922456,0.987275256915739
98,5,3.8163233579818825,0.5208333333333334,0.4791666666666667,0.4791666666666667,8.043954360145813,0.6702716046856072,0.24522924271403357,0.9155008473996408
98,6,3.8163233579818825,0.5208333333333334,0.4791666666666667,0.4791666666666667,9.718433850936423,0.0004337602949290492,0.7639873485428964,0.7644211088378254
98,7,3.8163233579818825,0.5208333333333334,0.4791666666666667,0.4791666666666667,9.753419170320509,1.3409987853554193e-09,0.7647299029575048,0.7647299042985035
98,8,3.8163233579818825,0.5208333333333334,0.4791666666666667,0.4791666666666667,14.180296546292716,0.03863844035767137,0.13390354235075277,0.17254198270842414
99,1,3.852407749806234,0.5416666666666666,0.4583333333333333,0.4583333333333333,-3.305742558345148,0.7652445678764854,0.23173565829173073,0.9969802261682161
99,2,3.852407749806234,0.5416666666666666,0.4583333333333333,0.4583333333333333,-0.6343646009464015,0.23654047502603598,0.7501899555577114,0.9867304305837474
99,3,3.852407749806234,0.5416666666666666,0.4583333333333333,0.4583333333333333,5.008217558662887,0.0357843804125202,0.9514126112424088,0.987196991654929
99,4,3.852407749806234,0.5416666666666666,0.4583333333333333,0.4583333333333333,5.132483586977573,4.673688956751152e-09,0.9873215323395745,0.9873215370132635
99,5,3.852407749806234,0.5416666666666666,0.4583333333333333,0.4583333333333333,8.16723778211505,0.6399749823213714,0.2730189957883985,0.9129939781097699
99,6,3.852407749806234,0.5416666666666666,0.4583333333333333,0.4583333333333333,9.689181639676468,0.0028051918613970594,0.7589859924432164,0.7617911843046135
99,7,3.852407749806234,0.5416666666666666,0.4583333333333333,0.4583333333333333,9.823214859247482,4.187563107995189e-10,0.7626195076314805,0.7626195080502368
99,8,3.852407749806234,0.5416666666666666,0.4583333333333333,0.4583333333333333,14.248305898073554,0.043034987562352925,0.1478170863582373,0.19085207392059023
100,1,3.8884921416305853,0.5625,0.4375,0.4375,-3.294176276996008,0.758815873900423,0.23808321309291036,0.9968990869933334
100,2,3.8884921416305853,0.5625,0.4375,0.4375,-0.6005709038641078,0.2427322167032681,0.7442316167534806,0.9869638334567488
100,3,3.8884921416305853,0.5625,0.4375,0.4375,4.820348914599243,0.06566075600197233,0.9217229551761382,0.9873837111781105
100,4,3.8884921416305853,0.5625,0.4375,0.4375,5.074874468199608,2.3445571427019244e-09,0.9874297772505899,0.987429779595147
100,5,3.8884921416305853,0.5625,0.4375,0.4375,8.335976984957068,0.5967458339628435,0.3108632926775856,0.9076091266404291
100,6,3.8884921416305853,0.5625,0.4375,0.4375,9.658900373182654,0.011883193648792985,0.7470716807455138,0.7589548743943068
100,7,3.8884921416305853,0.5625,0.4375,0.4375,9.936914844609326,1.382682996428699e-10,0.7590882256069779,0.7590882257452461
100,8,3.8884921416305853,0.5625,0.4375,0.4375,14.335027767069091,0.05235236809912753,0.17637017751856648,0.228722545617694
101,1,3.9245765334549367,0.5833333333333334,0.4166666666666667,0.4166666666666667,-3.2776661529271855,0.7502591934817522,0.24652942610646608,0.9967886195882183
101,2,3.9245765334549367,0.5833333333333334,0.4166666666666667,0.4166666666666667,-0.5544788489360458,0.2513718478563918,0.735911534825213,0.9872833826816048
101,3,3.9245765334549367,0.5833333333333334,0.4166666666666667,0.4166666666666667,4.59366873708446,0.09254342761007124,0.8952857887680916,0.9878292163781629
101,4,3.9245765334549367,0.5833333333333334,0.4166666666666667,0.4166666666666667,4.999124969521445,1.0988528455558823e-09,0.9876320460112895,0.9876320471101424
101,5,3.9245765334549367,0.5833333333333334,0.4166666666666667,0.4166666666666667,8.502107963679302,0.535207547582913,0.3613193887658815,0.8965269363487944
101,6,3.9245765334549367,0.5833333333333334,0.4166666666666667,0.4166666666666667,9.661089501057674,0.04028052210978998,0.7188177917574504,0.7590983138672404
101,7,3.9245765334549367,0.5833333333333334,0.4166666666666667,0.4166666666666667,10.091122844765152,5.070108102610152e-10,0.7541329471843001,0.7541329476913109
101,8,3.9245765334549367,0.5833333333333334,0.4166666666666667,0.4166666666666667,14.36949478268396,0.07007973228587365,0.226627131110219,0.29670686339609265
102,1,3.960660925279288,0.6041666666666666,0.3958333333333334,0.3958333333333334,-3.255921175840738,0.7399494318878486,0.25670187481137186,0.9966513066992204
102,2,3.960660925279288,0.6041666666666666,0.3958333333333334,0.3958333333333334,-0.4973775054861653,0.26248727643167613,0.725195401666796,0.9876826780984721
102,3,3.960660925279288,0.6041666666666666,0.3958333333333334,0.3958333333333334,4.345425076876335,0.11338165719040301,0.8750900262821087,0.9884716834725118
102,4,3.960660925279288,0.6041666666666666,0.3958333333333334,0.3958333333333334,4.909061500697048,8.28260984512347e-10,0.9879456412246048,0.9879456420528658
102,5,3.960660925279288,0.6041666666666666,0.3958333333333334,0.3958333333333334,8.607137041593875,0.44572185541222753,0.43090744075805393,0.8766292961702815
102,6,3.960660925279288,0.6041666666666666,0.3958333333333334,0.3958333333333334,9.744935463544612,0.1003289837090058,0.6651301635444711,0.7654591472534769
102,7,3.960660925279288,0.6041666666666666,0.3958333333333334,0.3958333333333334,10.281941476840485,7.34169361952466e-10,0.7477835133535036,0.747783514087673
102,8,3.960660925279288,0.6041666666666666,0.3958333333333334,0.3958333333333334,14.20627753248507,0.09042764266261591,0.2699169624145147,0.3603446050771306
103,1,3.99674531710364,0.625,0.375,0.375,-3.2286033145568784,0.7283075055869063,0.26818292330037546,0.9964904288872818
103,2,3.99674531710364,0.625,0.375,0.375,-0.4310417748825524,0.2761921883855704,0.7119595988255185,0.988151787211089
103,3,3.99674531710364,0.625,0.375,0.375,4.088115565327322,0.12749391951438077,0.8617236750413778,0.9892175945557586
103,4,3.99674531710364,0.625,0.375,0.375,4.808525838335971,4.139558845004995e-10,0.988370118988709,0.9883701194026648
103,5,3.99674531710364,0.625,0.375,0.375,8.617109035596494,0.3530270377049986,0.5006903404740393,0.8537173781790379
103,6,3.99674531710364,0.625,0.375,0.375,9.939589563677666,0.16737462817254065,0.6044761661732054,0.7718507943457461
103,7,3.99674531710364,0.625,0.375,0.375,10.505431733756858,9.515236575451366e-10,0.7400930225571392,0.7400930235086628
103,8,3.99674531710364,0.625,0.375,0.375,13.828757020414994,0.10428785852839648,0.28299843143902487,0.3872862899674213
104,1,4.032829708927991,0.6458333333333333,0.3541666666666667,0.3541666666666667,-3.195344226103497,0.7157397180955943,0.28056962149242903,0.9963093395880234
104,2,4.032829708927991,0.6458333333333333,0.3541666666666667,0.3541666666666667,-0.35784881620071135,0.29266328540155073,0.6960139422836679,0.9886772276852186
104,3,4.032829708927991,0.6458333333333333,0.3541666666666667,0.3541666666666667,3.8309840612108257,0.13507683996627445,0.8549080468268416,0.989984886793116
104,4,4.032829708927991,0.6458333333333333,0.3541666666666667,0.3541666666666667,4.701069766438799,3.4745619414914896e-10,0.9888868742754553,0.9888868746229115
104,5,4.032829708927991,0.6458333333333333,0.3541666666666667,0.3541666666666667,8.550513504418586,0.2906982203106404,0.546516105898253,0.8372143262088934
104,6,4.032829708927991,0.6458333333333333,0.3541666666666667,0.3541666666666667,10.224310600658105,0.2067139553288348,0.5608876301633892,0.767601585492224
104,7,4.032829708927991,0.6458333333333333,0.3541666666666667,0.3541666666666667,10.757917967618631,1.6923793819221662e-09,0.7311547873910109,0.7311547890833903
104,8,4.032829708927991,0.6458333333333333,0.3541666666666667,0.3541666666666667,13.362902718225094,0.11928937196363598,0.2973960010163747,0.4166853729800107
105,1,4.068914100752343,0.6666666666666666,0.3333333333333334,0.3333333333333334,-3.15576848632042,0.7026470969674126,0.29346534071418845,0.9961124376816011
105,2,4.068914100752343,0.6666666666666666,0.3333333333333334,0.3333333333333334,-0.2809497689881705,0.3121930265325578,0.6770490149787779,0.9892420415113357
105,3,4.068914100752343,0.6666666666666666,0.3333333333333334,0.3333333333333334,3.5815019382136577,0.13639566342569015,0.8543181263002315,0.9907137897259217
105,4,4.068914100752343,0.6666666666666666,0.3333333333333334,0.3333333333333334,4.5898045398515634,2.4992967944031244e-10,0.9894683221261502,0.9894683223760798
105,5,4.068914100752343,0.6666666666666666,0.3333333333333334,0.3333333333333334,8.441156650955467,0.2581719308835855,0.5699253436730597,0.8280972745566452
105,6,4.068914100752343,0.6666666666666666,0.3333333333333334,0.3333333333333334,10.56376430218503,0.2168183059837675,0.5316724724181078,0.7484907784018753
105,7,4.068914100752343,0.6666666666666666,0.3333333333333334,0.3333333333333334,11.036132554455003,2.0772633297855667e-09,0.721113502421497,0.7211135044987603
105,8,4.068914100752343,0.6666666666666666,0.3333333333333334,0.3333333333333334,12.872638602088353,0.13857927937328954,0.32045311150017064,0.45903239087346015
106,1,4.104998492576694,0.6875,0.3125,0.3125,-3.1095051733907826,0.6893639267584568,0.30653882305104013,0.995902749809497
106,2,4.104998492576694,0.6875,0.3125,0.3125,-0.20449253667970976,0.33508673885879314,0.6547395444666618,0.989826283325455
106,3,4.104998492576694,0.6875,0.3125,0.3125,3.3464956288122467,0.1317068267736894,0.8596580115228337,0.9913648382965231
106,4,4.104998492576694,0.6875,0.3125,0.3125,4.477361989425811,3.277370159662893e-10,0.9900833800553844,0.9900833803831215
106,5,4.104998492576694,0.6875,0.3125,0.3125,8.31147221863187,0.24422424539581347,0.5796786926830876,0.823902938078901
106,6,4.104998492576694,0.6875,0.3125,0.3125,10.931900778289602,0.20378113522898914,0.5021767154286215,0.7059578506576106
106,7,4.104998492576694,0.6875,0.3125,0.3125,11.337245899253395,3.265504084035176e-09,0.7101172014378236,0.7101172047033277
106,8,4.104998492576694,0.6875,0.3125,0.3125,12.382861820242635,0.16607717848834858,0.35684695174173814,0.5229241302300867
107,1,4.141082884401046,0.7083333333333333,0.2916666666666667,0.2916666666666667,-3.0562038145508383,0.6761778396645589,0.3195069502226594,0.9956847898872183
107,2,4.141082884401046,0.7083333333333333,0.2916666666666667,0.2916666666666667,-0.13385947020599254,0.3615254839240618,0.6288824271578536,0.9904079110819154
107,3,4.141082884401046,0.7083333333333333,0.2916666666666667,0.2916666666666667,3.1329479633816115,0.12128222799105187,0.8706323603273539,0.9919145883184057
107,4,4.141082884401046,0.7083333333333333,0.2916666666666667,0.2916666666666667,4.365920287393616,4.0881480155764947e-11,0.9907027708945391,0.9907027709354206
107,5,4.141082884401046,0.7083333333333333,0.2916666666666667,0.2916666666666667,8.173789369106277,0.24102500516295303,0.5816386022142401,0.8226636073771931
107,6,4.141082884401046,0.7083333333333333,0.2916666666666667,0.2916666666666667,11.291654559603097,0.14909521404670828,0.424614695425559,0.5737099094722673
107,7,4.141082884401046,0.7083333333333333,0.2916666666666667,0.2916666666666667,11.658832739062795,9.309899329032102e-09,0.698364657265292,0.6983646665751913
107,8,4.141082884401046,0.7083333333333333,0.2916666666666667,0.2916666666666667,11.92705896795443,0.2270156204350367,0.44762351470095574,0.6746391351359924
108,1,4.177167276225397,0.7291666666666666,0.2708333333333334,0.2708333333333334,-2.9955420785296605,0.6633151176612488,0.33214577859756145,0.9954608962588103
108,2,4.177167276225397,0.7291666666666666,0.2708333333333334,0.2708333333333334,-0.0757935524209644,0.3912745394131296,0.5996875204466854,0.990962059859815
108,3,4.177167276225397,0.7291666666666666,0.2708333333333334,0.2708333333333334,2.9484596540960823,0.10571388169485232,0.8866394038651404,0.9923532855599927
108,4,4.177167276225397,0.7291666666666666,0.2708333333333334,0.2708333333333334,4.257259104720302,1.4836184055528554e-10,0.9913002934339319,0.9913002935822938
108,5,4.177167276225397,0.7291666666666666,0.2708333333333334,0.2708333333333334,8.035075712838944,0.24419742450973692,0.5790093343495821,0.823206758859319
108,6,4.177167276225397,0.7291666666666666,0.2708333333333334,0.2708333333333334,11.289948353484768,0.09635122044337877,0.2745013285735608,0.37085254901693954
108,7,4.177167276225397,0.7291666666666666,0.2708333333333334,0.2708333333333334,11.855846692593236,0.2813287065961013,0.6137176831726227,0.895046389768724
108,8,4.177167276225397,0.7291666666666666,0.2708333333333334,0.2708333333333334,11.998801491319195,1.8988786645629685e-08,0.6861000528064267,0.6861000717952134
109,1,4.2132516680497485,0.75,0.25,0.25,-2.927238517134979,0.6509543521477846,0.3442797442352377,0.9952340963830224
109,2,4.2132516680497485,0.75,0.25,0.25,-0.038133043053836385,0.4231399447371258,0.5683244151569593,0.9914643598940851
109,3,4.2132516680497485,0.75,0.25,0.25,2.801176478435,0.08646496523706161,0.9062155770728704,0.992680542309932
109,4,4.2132516680497485,0.75,0.25,0.25,4.152822136293834,2.046900009626786e-11,0.9918558154333563,0.9918558154538253
109,5,4.2132516680497485,0.75,0.25,0.25,7.89956375078708,0.25123412404399426,0.5736096220666838,0.824843746110678
109,6,4.2132516680497485,0.75,0.25,0.25,10.861720666747651,0.15263108543230333,0.33510736095486704,0.48773844638717034
109,7,4.2132516680497485,0.75,0.25,0.25,12.23280535368968,0.2237900443803003,0.570041156819377,0.7938312011996773
109,8,4.2132516680497485,0.75,0.25,0.25,12.355312531572233,1.1234790019862521e-08,0.6736176732132009,0.6736176844479909
110,1,4.2493360598741,0.7708333333333333,0.2291666666666667,0.2291666666666667,-2.8510540472552997,0.6392169453328461,0.35578939582430125,0.9950063411571474
110,2,4.2493360598741,0.7708333333333333,0.2291666666666667,0.2291666666666667,-0.028776086011469592,0.4548096060532537,0.5370821142151783,0.991891720268432
110,3,4.2493360598741,0.7708333333333333,0.2291666666666667,0.2291666666666667,2.698845456692503,0.0660081149342131,0.926898166034581,0.9929062809687941
110,4,4.2493360598741,0.7708333333333333,0.2291666666666667,0.2291666666666667,4.053776497928324,5.074485466646895e-12,0.9923565278150062,0.9923565278200807
110,5,4.2493360598741,0.7708333333333333,0.2291666666666667,0.2291666666666667,7.770001515407848,0.2606131430955221,0.5665314242344984,0.8271445673300205
110,6,4.2493360598741,0.7708333333333333,0.2291666666666667,0.2291666666666667,10.406724094530421,0.18163825805556227,0.370602741712237,0.5522409997677993
110,7,4.2493360598741,0.7708333333333333,0.2291666666666667,0.2291666666666667,12.657319874269573,0.19173769706931493,0.5514906896756484,0.7432283867449634
110,8,4.2493360598741,0.7708333333333333,0.2291666666666667,0.2291666666666667,12.726687414650087,8.917472849189188e-08,0.6612942511341184,0.6612943403088469
111,1,4.285420451698451,0.7916666666666666,0.2083333333333334,0.2083333333333334,-2.7667969416364935,0.6281790366863331,0.36660092817627377,0.9947799648626069
111,2,4.285420451698451,0.7916666666666666,0.2083333333333334,0.2083333333333334,-0.05375453038134909,0.48317347210586203,0.5090542199046221,0.9922276920104841
111,3,4.285420451698451,0.7916666666666666,0.2083333333333334,0.2083333333333334,2.6469160277426576,0.04755982591994966,0.9454850295576022,0.9930448554775518
111,4,4.285420451698451,0.7916666666666666,0.2083333333333334,0.2083333333333334,3.9610651233407013,2.4109389948186957e-10,0.9927944566928434,0.9927944569339373
111,5,4.285420451698451,0.7916666666666666,0.2083333333333334,0.2083333333333334,7.648270550591728,0.2712976991580559,0.5585317032988074,0.8298294024568633
111,6,4.285420451698451,0.7916666666666666,0.2083333333333334,0.2083333333333334,9.959618939963683,0.2038242684423608,0.3972636404881029,0.6010879089304637
111,7,4.285420451698451,0.7916666666666666,0.2083333333333334,0.2083333333333334,13.094252847291516,0.16539873210887474,0.5414593592610519,0.7068580913699267
111,8,4.285420451698451,0.7916666666666666,0.2083333333333334,0.2083333333333334,13.11131102593024,2.4785074283970884e-07,0.649608615635906,0.6496088634866488
112,1,4.321504843522803,0.8125,0.1875,0.1875,-2.674325824036226,0.6178902627867584,0.37666573395829017,0.9945559967450486
112,2,4.321504843522803,0.8125,0.1875,0.1875,-0.11519476568691371,0.5056787951155141,0.4867872856156425,0.9924660807311565
112,3,4.321504843522803,0.8125,0.1875,0.1875,2.6464626389687136,0.033665111452226726,0.9594480609005694,0.9931131723527962
112,4,4.321504843522803,0.8125,0.1875,0.1875,3.875449376812211,9.479346150896262e-11,0.9931664880786666,0.9931664881734601
112,5,4.321504843522803,0.8125,0.1875,0.1875,7.535707991203427,0.28255689809940976,0.5501415913028043,0.832698489402214
112,6,4.321504843522803,0.8125,0.1875,0.1875,9.52686032091421,0.22326499764508617,0.4193794854703648,0.642644483115451
112,7,4.321504843522803,0.8125,0.1875,0.1875,13.507513645552304,2.3379896717012067e-07,0.6392103443310044,0.6392105781299716
112,8,4.321504843522803,0.8125,0.1875,0.1875,13.536910160531281,0.1411889605979589,0.5357617715168802,0.6769507321148391
113,1,4.357589235347154,0.8333333333333333,0.1666666666666667,0.1666666666666667,-2.5735577701661043,0.608364404026311,0.3859717502793793,0.9943361543056903
113,2,4.357589235347154,0.8333333333333333,0.1666666666666667,0.1666666666666667,-0.21060267073327849,0.5215323231700295,0.47108284504151826,0.9926151682115478
113,3,4.357589235347154,0.8333333333333333,0.1666666666666667,0.1666666666666667,2.6933750076934175,0.02503872069067535,0.9680909256432562,0.9931296463339315
113,4,4.357589235347154,0.8333333333333333,0.1666666666666667,0.1666666666666667,3.7975439751595674,2.0978039077490006e-10,0.9934731313716166,0.993473131581397
113,5,4.357589235347154,0.8333333333333333,0.1666666666666667,0.1666666666666667,7.433296358129271,0.293833943747047,0.5417608128091871,0.835594756556234
113,6,4.357589235347154,0.8333333333333333,0.1666666666666667,0.1666666666666667,9.11209277319177,0.24115686944437392,0.4379725634589986,0.6791294329033726
113,7,4.357589235347154,0.8333333333333333,0.1666666666666667,0.1666666666666667,13.913416651914781,1.5197455644954186e-08,0.6309833030961941,0.6309833182936497
113,8,4.357589235347154,0.8333333333333333,0.1666666666666667,0.1666666666666667,13.981542413601815,0.11832198469756205,0.5339344670389247,0.6522564517364867
114,1,4.393673627171506,0.8541666666666666,0.1458333333333334,0.1458333333333334,-2.464464331673565,0.5996068373701215,0.39451508091631654,0.994121918286438
114,2,4.393673627171506,0.8541666666666666,0.1458333333333334,0.1458333333333334,-0.33407814967837707,0.5317282009916544,0.4609654126849052,0.9926936136765596
114,3,4.393673627171506,0.8541666666666666,0.1458333333333334,0.1458333333333334,2.7794023382318156,0.020556400942779204,0.9725587339960691,0.9931151349388483
114,4,4.393673627171506,0.8541666666666666,0.1458333333333334,0.1458333333333334,3.7278448864217424,1.0353510593009095e-10,0.9937199626394457,0.9937199627429808
114,5,4.393673627171506,0.8541666666666666,0.1458333333333334,0.1458333333333334,7.341775152581042,0.30465939235899575,0.5337037602583953,0.838363152617391
114,6,4.393673627171506,0.8541666666666666,0.1458333333333334,0.1458333333333334,8.718805363322042,0.25798420069745137,0.4532004331976863,0.7111846338951378
114,7,4.393673627171506,0.8541666666666666,0.1458333333333334,0.1458333333333334,14.32670255551377,1.0135768025269181e-08,0.6261826273824348,0.6261826375182028
114,8,4.393673627171506,0.8541666666666666,0.1458333333333334,0.1458333333333334,14.424568729743475,0.09667977406052508,0.5370129951766752,0.6336927692372003
115,1,4.429758018995857,0.875,0.125,0.125,-2.347086787896636,0.5916028140215135,0.4023116801905421,0.9939144942120556
115,2,4.429758018995857,0.875,0.125,0.125,-0.47843047026144425,0.5380302777987347,0.45469617633411546,0.9927264541328502
115,3,4.429758018995857,0.875,0.125,0.125,2.8940135115947414,0.018262705477895415,0.9748395120254494,0.9931022175033448
115,4,4.429758018995857,0.875,0.125,0.125,3.666750496084637,7.775831704693431e-11,0.99391203697098,0.9939120370487383
115,5,4.429758018995857,0.875,0.125,0.125,7.261719506883526,0.3146886235834693,0.5262179436620605,0.8409065672455298
115,6,4.429758018995857,0.875,0.125,0.125,8.351127585230595,0.2740324979075544,0.4649094398067865,0.7389419377143409
115,7,4.429758018995857,0.875,0.125,0.125,14.744229466425415,1.096418455287608e-08,0.6266715597182088,0.6266715706823933
115,8,4.429758018995857,0.875,0.125,0.125,14.861587097777832,0.07628789479657169,0.547192152679722,0.6234800474762937
116,1,4.465842410820208,0.8958333333333333,0.1041666666666667,0.1041666666666667,-2.221532948214747,0.5843202018563933,0.4093955785765088,0.9937157804329022
116,2,4.465842410820208,0.8958333333333333,0.1041666666666667,0.1041666666666667,-0.6368471430297283,0.5421174767049067,0.45061868204341865,0.9927361587483254
116,3,4.465842410820208,0.8958333333333333,0.1041666666666667,0.1041666666666667,3.0257134744377767,0.01635718770384487,0.9767783750896146,0.9931355627934595
116,4,4.465842410820208,0.8958333333333333,0.1041666666666667,0.1041666666666667,3.614579069463062,1.6451376865231882e-11,0.9940572671593575,0.9940572671758089
116,5,4.465842410820208,0.8958333333333333,0.1041666666666667,0.1041666666666667,7.193608023445832,0.32360637934387937,0.51942912274389,0.8430355020877693
116,6,4.465842410820208,0.8958333333333333,0.1041666666666667,0.1041666666666667,8.014352720924322,0.2894570728693441,0.4730288335482264,0.7624859064175704
116,7,4.465842410820208,0.8958333333333333,0.1041666666666667,0.1041666666666667,15.16134488886748,3.4222365548762927e-09,0.6353179427195838,0.6353179461418204
116,8,4.465842410820208,0.8958333333333333,0.1041666666666667,0.1041666666666667,15.286440528380176,0.05724610161295975,0.5680538533029023,0.625299954915862
117,1,4.50192680264456,0.9166666666666666,0.08333333333333337,0.08333333333333337,-2.0879967048406196,0.5777297082822055,0.415798275985319,0.9935279842675244
117,2,4.50192680264456,0.9166666666666666,0.08333333333333337,0.08333333333333337,-0.8036624773275495,0.5451662010324823,0.4475764904984691,0.9927426915309514
117,3,4.50192680264456,0.9166666666666666,0.08333333333333337,0.08333333333333337,3.1623888686609676,0.013653857467228102,0.9796100952866803,0.9932639527539084
117,4,4.50192680264456,0.9166666666666666,0.08333333333333337,0.08333333333333337,3.571581340129116,2.0571969964082445e-10,0.9941618555673158,0.9941618557730355
117,5,4.50192680264456,0.9166666666666666,0.08333333333333337,0.08333333333333337,7.137896965717947,0.3311765095966871,0.513386723028078,0.8445632326247651
117,6,4.50192680264456,0.9166666666666666,0.08333333333333337,0.08333333333333337,7.715397075392002,0.3042578049137238,0.47763350608206706,0.7818913109957908
117,7,4.50192680264456,0.9166666666666666,0.08333333333333337,0.08333333333333337,15.570565151167953,5.506828593759196e-09,0.6566421314846149,0.6566421369914435
117,8,4.50192680264456,0.9166666666666666,0.08333333333333337,0.08333333333333337,15.68984812740012,0.03971293505319941,0.6051458491105017,0.6448587841637011
118,1,4.538011194468911,0.9375,0.0625,0.0625,-1.946769779062684,0.5718000319327897,0.421554035712215,0.9933540676450048
118,2,4.538011194468911,0.9375,0.0625,0.0625,-0.9744765609927657,0.547915216744346,0.44484461899257094,0.992759835736917
118,3,4.538011194468911,0.9375,0.0625,0.0625,3.291080044760599,0.009786451925198541,0.9837304749281173,0.9935169268533158
118,4,4.538011194468911,0.9375,0.0625,0.0625,3.537950739903468,3.9074464521474477e-10,0.9942345926968252,0.9942345930875699
118,5,4.538011194468911,0.9375,0.0625,0.0625,7.095176028416027,0.3371902185938751,0.5079608108671578,0.8451510294610329
118,6,4.538011194468911,0.9375,0.0625,0.0625,7.463065895991579,0.3180655498940629,0.47935787646404426,0.7974234263581071
118,7,4.538011194468911,0.9375,0.0625,0.0625,15.958932568330274,4.05769684546722e-09,0.6977493344387629,0.6977493384964597
118,8,4.538011194468911,0.9375,0.0625,0.0625,16.057183642575094,0.024094818443833405,0.6662222108126391,0.6903170292564725
119,1,4.574095586293263,0.9583333333333333,0.04166666666666669,0.04166666666666669,-1.7982631716132538,0.566489669107807,0.42670750546011116,0.9931971745679181
119,2,4.574095586293263,0.9583333333333333,0.04166666666666669,0.04166666666666669,-1.1459795204673977,0.550777454803066,0.44201953139384315,0.992796986196909
119,3,4.574095586293263,0.9583333333333333,0.04166666666666669,0.04166666666666669,3.3979404827655104,0.005284956164176724,0.9885779601124542,0.9938629162766309
119,4,4.574095586293263,0.9583333333333333,0.04166666666666669,0.04166666666666669,3.513830695025696,5.433012088147329e-10,0.9942818606394942,0.9942818611827954
119,5,4.574095586293263,0.9583333333333333,0.04166666666666669,0.04166666666666669,7.066624181840691,0.3414505636253252,0.5026470970510526,0.8440976606763778
119,6,4.574095586293263,0.9583333333333333,0.04166666666666669,0.04166666666666669,7.2675230544965626,0.3300013794366321,0.4798093803026073,0.8098107597392394
119,7,4.574095586293263,0.9583333333333333,0.04166666666666669,0.04166666666666669,16.30270727620035,5.38301076165742e-09,0.7676356107958476,0.7676356161788584
119,8,4.574095586293263,0.9583333333333333,0.04166666666666669,0.04166666666666669,16.365195918811,0.011311223502848742,0.7577422760937953,0.769053499596644
120,1,4.610179978117614,0.9791666666666666,0.02083333333333337,0.02083333333333337,-1.643037937686186,0.5617788375561297,0.43128164382673884,0.9930604813828685
120,2,4.610179978117614,0.9791666666666666,0.02083333333333337,0.02083333333333337,-1.31571210523586,0.5539723670838401,0.43888659182776446,0.9928589589116046
120,3,4.610179978117614,0.9791666666666666,0.02083333333333337,0.02083333333333337,3.4693060365886903,0.0015003381262223407,0.9926828010982405,0.9941831392244628
120,4,4.610179978117614,0.9791666666666666,0.02083333333333337,0.02083333333333337,3.4993200860129487,1.962231886154014e-09,0.9943086951257533,0.9943086970879852
120,5,4.610179978117614,0.9791666666666666,0.02083333333333337,0.02083333333333337,7.055608237146033,0.3436512165542843,0.496311572179255,0.8399627887335392
120,6,4.610179978117614,0.9791666666666666,0.02083333333333337,0.02083333333333337,7.137437918526848,0.338698206155423,0.4819272108462145,0.8206254170016375
120,7,4.610179978117614,0.9791666666666666,0.02083333333333337,0.02083333333333337,16.558083472735397,1.4807410776168685e-08,0.8639347824291893,0.8639347972366
120,8,4.610179978117614,0.9791666666666666,0.02083333333333337,0.02083333333333337,16.57904880254506,0.002878213183974122,0.8658838855829121,0.8687620987668861
121,1,4.6462643699419655,1.0,0.0,0.0,-1.4818509075279653,0.5576188622228313,0.43532784296987975,0.992946705192711
121,2,4.6462643699419655,1.0,0.0,0.0,-1.4818509080243576,0.5576162569286547,0.4353308366737266,0.9929470936023812
121,3,4.6462643699419655,1.0,0.0,0.0,3.4944768519043508,3.290368060521453e-11,0.9943166413795017,0.9943166414124054
121,4,4.6462643699419655,1.0,0.0,0.0,3.4944768523362635,9.568251062979651e-11,0.9943165461434792,0.9943165462391617
121,5,4.6462643699419655,1.0,0.0,0.0,7.072363386819688,0.3431195202662028,0.48827281153484303,0.8313923318010459
121,6,4.6462643699419655,1.0,0.0,0.0,7.072363386284178,0.3431184287926414,0.4882736542703543,0.8313920830629957
121,7,4.6462643699419655,1.0,0.0,0.0,16.657435361320296,5.172289825077394e-12,0.9221145704998852,0.9221145705050575
121,8,4.6462643699419655,1.0,0.0,0.0,16.657435362509982,1.648833066451835e-12,0.9221146085810905,0.9221146085827393
