
     Program PROJWFC v.7.5 starts on 22Sep2026 at 22: 2:49 

     This program is part of the open-source Quantum ESPRESSO suite
     for quantum simulation of materials; please cite
         "P. Giannozzi et al., J. Phys.:Condens. Matter 21 395502 (2009);
         "P. Giannozzi et al., J. Phys.:Condens. Matter 29 465901 (2017);
         "P. Giannozzi et al., J. Chem. Phys. 152 154105 (2020);
          URL http://www.quantum-espresso.org", 
     in publications or presentations arising from this work. More details at
     http://www.quantum-espresso.org/quote

     Parallel version (MPI), running on     4 processors

     MPI processes distributed on     1 nodes
     R & G space division:  proc/nbgrp/npool/nimage =       4
     5848 MiB available memory on the printing compute node when the environment starts


     Reading xml data from directory:

     ./tmp/si.save/

     IMPORTANT: XC functional enforced from input :
     Exchange-correlation= PBE
                           (   1   4   3   4   0   0   0)
     Any further DFT definition will be discarded
     Please, verify this is what you really want


     Parallelization info
     --------------------
     sticks:   dense  smooth     PW     G-vecs:    dense   smooth      PW
     Min         571     214     63                18093     4156     682
     Max         572     217     64                18095     4157     686
     Sum        2287     859    253                72377    16625    2733

     Using Slab Decomposition


     Gaussian broadening (read from input): ngauss,degauss=   0    0.010000


     Calling projwave .... 
     Subspace diagonalization in iterative solution of the eigenvalue problem:
     a serial algorithm will be used


  Problem Sizes 
  natomwfc =            8
  nbnd     =            8
  nkstot   =          121
  npwx     =          534
  nkb      =           36


     Atomic states used for projection
     (read from pseudopotential files):

     state #   1: atom   1 (Si ), wfc  1 (l=0 m= 1)
     state #   2: atom   1 (Si ), wfc  2 (l=1 m= 1)
     state #   3: atom   1 (Si ), wfc  2 (l=1 m= 2)
     state #   4: atom   1 (Si ), wfc  2 (l=1 m= 3)
     state #   5: atom   2 (Si ), wfc  1 (l=0 m= 1)
     state #   6: atom   2 (Si ), wfc  2 (l=1 m= 1)
     state #   7: atom   2 (Si ), wfc  2 (l=1 m= 2)
     state #   8: atom   2 (Si ), wfc  2 (l=1 m= 3)

 k =   0.0000000000  0.0000000000  0.0000000000
==== e(   1) =    -5.69249 eV ==== 
     psi = 0.498*[#   1]+0.498*[#   5]
    |psi|^2 = 0.996
==== e(   2) =     6.39703 eV ==== 
     psi = 0.160*[#   2]+0.160*[#   3]+0.160*[#   4]+0.160*[#   6]+0.160*[#   7]
          +0.160*[#   8]
    |psi|^2 = 0.960
==== e(   3) =     6.39703 eV ==== 
     psi = 0.160*[#   2]+0.160*[#   3]+0.160*[#   4]+0.160*[#   6]+0.160*[#   7]
          +0.160*[#   8]
    |psi|^2 = 0.960
==== e(   4) =     6.39703 eV ==== 
     psi = 0.160*[#   2]+0.160*[#   3]+0.160*[#   4]+0.160*[#   6]+0.160*[#   7]
          +0.160*[#   8]
    |psi|^2 = 0.960
==== e(   5) =     8.96656 eV ==== 
     psi = 0.161*[#   2]+0.161*[#   3]+0.161*[#   4]+0.161*[#   6]+0.161*[#   7]
          +0.161*[#   8]
    |psi|^2 = 0.965
==== e(   6) =     8.96656 eV ==== 
     psi = 0.161*[#   2]+0.161*[#   3]+0.161*[#   4]+0.161*[#   6]+0.161*[#   7]
          +0.161*[#   8]
    |psi|^2 = 0.965
==== e(   7) =     8.96656 eV ==== 
     psi = 0.161*[#   2]+0.161*[#   3]+0.161*[#   4]+0.161*[#   6]+0.161*[#   7]
          +0.161*[#   8]
    |psi|^2 = 0.965
==== e(   8) =     9.96909 eV ==== 
     psi = 0.493*[#   1]+0.493*[#   5]
    |psi|^2 = 0.987

 k =   0.0416666667  0.0000000000  0.0000000000
==== e(   1) =    -5.68477 eV ==== 
     psi = 0.496*[#   1]+0.496*[#   5]
    |psi|^2 = 0.996
==== e(   2) =     6.34655 eV ==== 
     psi = 0.158*[#   2]+0.158*[#   3]+0.158*[#   4]+0.158*[#   6]+0.158*[#   7]
          +0.158*[#   8]+0.008*[#   1]+0.008*[#   5]
    |psi|^2 = 0.961
==== e(   3) =     6.36329 eV ==== 
     psi = 0.160*[#   2]+0.160*[#   3]+0.160*[#   4]+0.160*[#   6]+0.160*[#   7]
          +0.160*[#   8]
    |psi|^2 = 0.961
==== e(   4) =     6.36329 eV ==== 
     psi = 0.160*[#   2]+0.160*[#   3]+0.160*[#   4]+0.160*[#   6]+0.160*[#   7]
          +0.160*[#   8]
    |psi|^2 = 0.961
==== e(   5) =     8.94736 eV ==== 
     psi = 0.160*[#   2]+0.160*[#   3]+0.160*[#   4]+0.160*[#   6]+0.160*[#   7]
          +0.160*[#   8]+0.002*[#   1]+0.002*[#   5]
    |psi|^2 = 0.965
==== e(   6) =     9.00980 eV ==== 
     psi = 0.161*[#   2]+0.161*[#   3]+0.161*[#   4]+0.161*[#   6]+0.161*[#   7]
          +0.161*[#   8]
    |psi|^2 = 0.964
==== e(   7) =     9.00980 eV ==== 
     psi = 0.161*[#   2]+0.161*[#   3]+0.161*[#   4]+0.161*[#   6]+0.161*[#   7]
          +0.161*[#   8]
    |psi|^2 = 0.964
==== e(   8) =    10.01849 eV ==== 
     psi = 0.485*[#   1]+0.485*[#   5]+0.003*[#   2]+0.003*[#   3]+0.003*[#   4]
          +0.003*[#   6]+0.003*[#   7]+0.003*[#   8]
    |psi|^2 = 0.987

 k =   0.0833333333  0.0000000000  0.0000000000
==== e(   1) =    -5.66162 eV ==== 
     psi = 0.489*[#   1]+0.489*[#   5]+0.003*[#   2]+0.003*[#   3]+0.003*[#   4]
          +0.003*[#   6]+0.003*[#   7]+0.003*[#   8]
    |psi|^2 = 0.996
==== e(   2) =     6.20324 eV ==== 
     psi = 0.151*[#   2]+0.151*[#   3]+0.151*[#   4]+0.151*[#   6]+0.151*[#   7]
          +0.151*[#   8]+0.028*[#   1]+0.028*[#   5]
    |psi|^2 = 0.963
==== e(   3) =     6.26848 eV ==== 
     psi = 0.161*[#   2]+0.161*[#   3]+0.161*[#   4]+0.161*[#   6]+0.161*[#   7]
          +0.161*[#   8]
    |psi|^2 = 0.964
==== e(   4) =     6.26848 eV ==== 
     psi = 0.161*[#   2]+0.161*[#   3]+0.161*[#   4]+0.161*[#   6]+0.161*[#   7]
          +0.161*[#   8]
    |psi|^2 = 0.964
==== e(   5) =     8.89137 eV ==== 
     psi = 0.158*[#   2]+0.158*[#   3]+0.158*[#   4]+0.158*[#   6]+0.158*[#   7]
          +0.158*[#   8]+0.008*[#   1]+0.008*[#   5]
    |psi|^2 = 0.965
==== e(   6) =     9.13309 eV ==== 
     psi = 0.160*[#   2]+0.160*[#   3]+0.160*[#   4]+0.160*[#   6]+0.160*[#   7]
          +0.160*[#   8]
    |psi|^2 = 0.960
==== e(   7) =     9.13309 eV ==== 
     psi = 0.160*[#   2]+0.160*[#   3]+0.160*[#   4]+0.160*[#   6]+0.160*[#   7]
          +0.160*[#   8]
    |psi|^2 = 0.960
==== e(   8) =    10.15686 eV ==== 
     psi = 0.465*[#   1]+0.465*[#   5]+0.009*[#   2]+0.009*[#   3]+0.009*[#   4]
          +0.009*[#   6]+0.009*[#   7]+0.009*[#   8]
    |psi|^2 = 0.986

 k =   0.1250000000  0.0000000000  0.0000000000
==== e(   1) =    -5.62306 eV ==== 
     psi = 0.479*[#   1]+0.479*[#   5]+0.006*[#   2]+0.006*[#   3]+0.006*[#   4]
          +0.006*[#   6]+0.006*[#   7]+0.006*[#   8]
    |psi|^2 = 0.996
==== e(   2) =     5.98623 eV ==== 
     psi = 0.143*[#   2]+0.143*[#   3]+0.143*[#   4]+0.143*[#   6]+0.143*[#   7]
          +0.143*[#   8]+0.055*[#   1]+0.055*[#   5]
    |psi|^2 = 0.965
==== e(   3) =     6.12760 eV ==== 
     psi = 0.161*[#   2]+0.161*[#   3]+0.161*[#   4]+0.161*[#   6]+0.161*[#   7]
          +0.161*[#   8]
    |psi|^2 = 0.967
==== e(   4) =     6.12760 eV ==== 
     psi = 0.161*[#   2]+0.161*[#   3]+0.161*[#   4]+0.161*[#   6]+0.161*[#   7]
          +0.161*[#   8]
    |psi|^2 = 0.967
==== e(   5) =     8.80298 eV ==== 
     psi = 0.155*[#   2]+0.155*[#   3]+0.155*[#   4]+0.155*[#   6]+0.155*[#   7]
          +0.155*[#   8]+0.018*[#   1]+0.018*[#   5]
    |psi|^2 = 0.964
==== e(   6) =     9.32132 eV ==== 
     psi = 0.159*[#   2]+0.159*[#   3]+0.159*[#   4]+0.159*[#   6]+0.159*[#   7]
          +0.159*[#   8]
    |psi|^2 = 0.955
==== e(   7) =     9.32132 eV ==== 
     psi = 0.159*[#   2]+0.159*[#   3]+0.159*[#   4]+0.159*[#   6]+0.159*[#   7]
          +0.159*[#   8]
    |psi|^2 = 0.955
==== e(   8) =    10.35919 eV ==== 
     psi = 0.437*[#   1]+0.437*[#   5]+0.018*[#   2]+0.018*[#   3]+0.018*[#   4]
          +0.018*[#   6]+0.018*[#   7]+0.018*[#   8]
    |psi|^2 = 0.984

 k =   0.1666666667  0.0000000000  0.0000000000
==== e(   1) =    -5.56911 eV ==== 
     psi = 0.466*[#   1]+0.466*[#   5]+0.011*[#   2]+0.011*[#   3]+0.011*[#   4]
          +0.011*[#   6]+0.011*[#   7]+0.011*[#   8]
    |psi|^2 = 0.996
==== e(   2) =     5.71617 eV ==== 
     psi = 0.134*[#   2]+0.134*[#   3]+0.134*[#   4]+0.134*[#   6]+0.134*[#   7]
          +0.134*[#   8]+0.081*[#   1]+0.081*[#   5]
    |psi|^2 = 0.968
==== e(   3) =     5.95667 eV ==== 
     psi = 0.162*[#   2]+0.162*[#   3]+0.162*[#   4]+0.162*[#   6]+0.162*[#   7]
          +0.162*[#   8]
    |psi|^2 = 0.971
==== e(   4) =     5.95667 eV ==== 
     psi = 0.162*[#   2]+0.162*[#   3]+0.162*[#   4]+0.162*[#   6]+0.162*[#   7]
          +0.162*[#   8]
    |psi|^2 = 0.971
==== e(   5) =     8.68830 eV ==== 
     psi = 0.150*[#   2]+0.150*[#   3]+0.150*[#   4]+0.150*[#   6]+0.150*[#   7]
          +0.150*[#   8]+0.031*[#   1]+0.031*[#   5]
    |psi|^2 = 0.964
==== e(   6) =     9.55832 eV ==== 
     psi = 0.158*[#   2]+0.158*[#   3]+0.158*[#   4]+0.158*[#   6]+0.158*[#   7]
          +0.158*[#   8]
    |psi|^2 = 0.948
==== e(   7) =     9.55832 eV ==== 
     psi = 0.158*[#   2]+0.158*[#   3]+0.158*[#   4]+0.158*[#   6]+0.158*[#   7]
          +0.158*[#   8]
    |psi|^2 = 0.948
==== e(   8) =    10.59159 eV ==== 
     psi = 0.407*[#   1]+0.407*[#   5]+0.027*[#   2]+0.027*[#   3]+0.027*[#   4]
          +0.027*[#   6]+0.027*[#   7]+0.027*[#   8]
    |psi|^2 = 0.978

 k =   0.2083333333  0.0000000000  0.0000000000
==== e(   1) =    -5.49985 eV ==== 
     psi = 0.451*[#   1]+0.451*[#   5]+0.016*[#   2]+0.016*[#   3]+0.016*[#   4]
          +0.016*[#   6]+0.016*[#   7]+0.016*[#   8]
    |psi|^2 = 0.996
==== e(   2) =     5.40977 eV ==== 
     psi = 0.126*[#   2]+0.126*[#   3]+0.126*[#   4]+0.126*[#   6]+0.126*[#   7]
          +0.126*[#   8]+0.106*[#   1]+0.106*[#   5]
    |psi|^2 = 0.971
==== e(   3) =     5.76857 eV ==== 
     psi = 0.162*[#   2]+0.162*[#   3]+0.162*[#   4]+0.162*[#   6]+0.162*[#   7]
          +0.162*[#   8]
    |psi|^2 = 0.974
==== e(   4) =     5.76857 eV ==== 
     psi = 0.162*[#   2]+0.162*[#   3]+0.162*[#   4]+0.162*[#   6]+0.162*[#   7]
          +0.162*[#   8]
    |psi|^2 = 0.974
==== e(   5) =     8.55406 eV ==== 
     psi = 0.146*[#   2]+0.146*[#   3]+0.146*[#   4]+0.146*[#   6]+0.146*[#   7]
          +0.146*[#   8]+0.045*[#   1]+0.045*[#   5]
    |psi|^2 = 0.963
==== e(   6) =     9.83098 eV ==== 
     psi = 0.157*[#   2]+0.157*[#   3]+0.157*[#   4]+0.157*[#   6]+0.157*[#   7]
          +0.157*[#   8]
    |psi|^2 = 0.941
==== e(   7) =     9.83098 eV ==== 
     psi = 0.157*[#   2]+0.157*[#   3]+0.157*[#   4]+0.157*[#   6]+0.157*[#   7]
          +0.157*[#   8]
    |psi|^2 = 0.941
==== e(   8) =    10.80949 eV ==== 
     psi = 0.370*[#   1]+0.370*[#   5]+0.036*[#   2]+0.036*[#   3]+0.036*[#   4]
          +0.036*[#   6]+0.036*[#   7]+0.036*[#   8]
    |psi|^2 = 0.955

 k =   0.2500000000  0.0000000000  0.0000000000
==== e(   1) =    -5.41533 eV ==== 
     psi = 0.436*[#   1]+0.436*[#   5]+0.021*[#   2]+0.021*[#   3]+0.021*[#   4]
          +0.021*[#   6]+0.021*[#   7]+0.021*[#   8]
    |psi|^2 = 0.996
==== e(   2) =     5.07886 eV ==== 
     psi = 0.128*[#   1]+0.128*[#   5]+0.120*[#   2]+0.120*[#   3]+0.120*[#   4]
          +0.120*[#   6]+0.120*[#   7]+0.120*[#   8]
    |psi|^2 = 0.973
==== e(   3) =     5.57249 eV ==== 
     psi = 0.163*[#   2]+0.163*[#   3]+0.163*[#   4]+0.163*[#   6]+0.163*[#   7]
          +0.163*[#   8]
    |psi|^2 = 0.977
==== e(   4) =     5.57249 eV ==== 
     psi = 0.163*[#   2]+0.163*[#   3]+0.163*[#   4]+0.163*[#   6]+0.163*[#   7]
          +0.163*[#   8]
    |psi|^2 = 0.977
==== e(   5) =     8.40674 eV ==== 
     psi = 0.140*[#   2]+0.140*[#   3]+0.140*[#   4]+0.140*[#   6]+0.140*[#   7]
          +0.140*[#   8]+0.060*[#   1]+0.060*[#   5]
    |psi|^2 = 0.961
==== e(   6) =    10.12984 eV ==== 
     psi = 0.155*[#   2]+0.155*[#   3]+0.155*[#   4]+0.155*[#   6]+0.155*[#   7]
          +0.155*[#   8]
    |psi|^2 = 0.933
==== e(   7) =    10.12984 eV ==== 
     psi = 0.155*[#   2]+0.155*[#   3]+0.155*[#   4]+0.155*[#   6]+0.155*[#   7]
          +0.155*[#   8]
    |psi|^2 = 0.933
==== e(   8) =    10.94851 eV ==== 
     psi = 0.319*[#   1]+0.319*[#   5]+0.042*[#   2]+0.042*[#   3]+0.042*[#   4]
          +0.042*[#   6]+0.042*[#   7]+0.042*[#   8]
    |psi|^2 = 0.887

 k =   0.2916666667  0.0000000000  0.0000000000
==== e(   1) =    -5.31563 eV ==== 
     psi = 0.420*[#   1]+0.420*[#   5]+0.026*[#   2]+0.026*[#   3]+0.026*[#   4]
          +0.026*[#   6]+0.026*[#   7]+0.026*[#   8]
    |psi|^2 = 0.996
==== e(   2) =     4.73140 eV ==== 
     psi = 0.147*[#   1]+0.147*[#   5]+0.114*[#   2]+0.114*[#   3]+0.114*[#   4]
          +0.114*[#   6]+0.114*[#   7]+0.114*[#   8]
    |psi|^2 = 0.976
==== e(   3) =     5.37468 eV ==== 
     psi = 0.163*[#   2]+0.163*[#   3]+0.163*[#   4]+0.163*[#   6]+0.163*[#   7]
          +0.163*[#   8]
    |psi|^2 = 0.980
==== e(   4) =     5.37468 eV ==== 
     psi = 0.163*[#   2]+0.163*[#   3]+0.163*[#   4]+0.163*[#   6]+0.163*[#   7]
          +0.163*[#   8]
    |psi|^2 = 0.980
==== e(   5) =     8.25207 eV ==== 
     psi = 0.135*[#   2]+0.135*[#   3]+0.135*[#   4]+0.135*[#   6]+0.135*[#   7]
          +0.135*[#   8]+0.075*[#   1]+0.075*[#   5]
    |psi|^2 = 0.960
==== e(   6) =    10.44837 eV ==== 
     psi = 0.154*[#   2]+0.154*[#   3]+0.154*[#   4]+0.154*[#   6]+0.154*[#   7]
          +0.154*[#   8]
    |psi|^2 = 0.924
==== e(   7) =    10.44837 eV ==== 
     psi = 0.154*[#   2]+0.154*[#   3]+0.154*[#   4]+0.154*[#   6]+0.154*[#   7]
          +0.154*[#   8]
    |psi|^2 = 0.924
==== e(   8) =    10.93864 eV ==== 
     psi = 0.251*[#   1]+0.251*[#   5]+0.043*[#   2]+0.043*[#   3]+0.043*[#   4]
          +0.043*[#   6]+0.043*[#   7]+0.043*[#   8]
    |psi|^2 = 0.757

 k =   0.3333333333  0.0000000000  0.0000000000
==== e(   1) =    -5.20085 eV ==== 
     psi = 0.404*[#   1]+0.404*[#   5]+0.031*[#   2]+0.031*[#   3]+0.031*[#   4]
          +0.031*[#   6]+0.031*[#   7]+0.031*[#   8]
    |psi|^2 = 0.996
==== e(   2) =     4.37265 eV ==== 
     psi = 0.163*[#   1]+0.163*[#   5]+0.109*[#   2]+0.109*[#   3]+0.109*[#   4]
          +0.109*[#   6]+0.109*[#   7]+0.109*[#   8]
    |psi|^2 = 0.978
==== e(   3) =     5.17940 eV ==== 
     psi = 0.164*[#   2]+0.164*[#   3]+0.164*[#   4]+0.164*[#   6]+0.164*[#   7]
          +0.164*[#   8]
    |psi|^2 = 0.982
==== e(   4) =     5.17940 eV ==== 
     psi = 0.164*[#   2]+0.164*[#   3]+0.164*[#   4]+0.164*[#   6]+0.164*[#   7]
          +0.164*[#   8]
    |psi|^2 = 0.982
==== e(   5) =     8.09491 eV ==== 
     psi = 0.130*[#   2]+0.130*[#   3]+0.130*[#   4]+0.130*[#   6]+0.130*[#   7]
          +0.130*[#   8]+0.089*[#   1]+0.089*[#   5]
    |psi|^2 = 0.958
==== e(   6) =    10.77061 eV ==== 
     psi = 0.191*[#   1]+0.191*[#   5]+0.040*[#   2]+0.040*[#   3]+0.040*[#   4]
          +0.040*[#   6]+0.040*[#   7]+0.040*[#   8]
    |psi|^2 = 0.624
==== e(   7) =    10.78202 eV ==== 
     psi = 0.152*[#   2]+0.152*[#   3]+0.152*[#   4]+0.152*[#   6]+0.152*[#   7]
          +0.152*[#   8]
    |psi|^2 = 0.914
==== e(   8) =    10.78202 eV ==== 
     psi = 0.152*[#   2]+0.152*[#   3]+0.152*[#   4]+0.152*[#   6]+0.152*[#   7]
          +0.152*[#   8]
    |psi|^2 = 0.914

 k =   0.3750000000  0.0000000000  0.0000000000
==== e(   1) =    -5.07112 eV ==== 
     psi = 0.389*[#   1]+0.389*[#   5]+0.036*[#   2]+0.036*[#   3]+0.036*[#   4]
          +0.036*[#   6]+0.036*[#   7]+0.036*[#   8]
    |psi|^2 = 0.996
==== e(   2) =     4.00615 eV ==== 
     psi = 0.178*[#   1]+0.178*[#   5]+0.104*[#   2]+0.104*[#   3]+0.104*[#   4]
          +0.104*[#   6]+0.104*[#   7]+0.104*[#   8]
    |psi|^2 = 0.980
==== e(   3) =     4.98960 eV ==== 
     psi = 0.164*[#   2]+0.164*[#   3]+0.164*[#   4]+0.164*[#   6]+0.164*[#   7]
          +0.164*[#   8]
    |psi|^2 = 0.985
==== e(   4) =     4.98960 eV ==== 
     psi = 0.164*[#   2]+0.164*[#   3]+0.164*[#   4]+0.164*[#   6]+0.164*[#   7]
          +0.164*[#   8]
    |psi|^2 = 0.985
==== e(   5) =     7.93922 eV ==== 
     psi = 0.125*[#   2]+0.125*[#   3]+0.125*[#   4]+0.125*[#   6]+0.125*[#   7]
          +0.125*[#   8]+0.103*[#   1]+0.103*[#   5]
    |psi|^2 = 0.956
==== e(   6) =    10.50151 eV ==== 
     psi = 0.154*[#   1]+0.154*[#   5]+0.039*[#   2]+0.039*[#   3]+0.039*[#   4]
          +0.039*[#   6]+0.039*[#   7]+0.039*[#   8]
    |psi|^2 = 0.539
==== e(   7) =    11.12754 eV ==== 
     psi = 0.150*[#   2]+0.150*[#   3]+0.150*[#   4]+0.150*[#   6]+0.150*[#   7]
          +0.150*[#   8]
    |psi|^2 = 0.903
==== e(   8) =    11.12754 eV ==== 
     psi = 0.150*[#   2]+0.150*[#   3]+0.150*[#   4]+0.150*[#   6]+0.150*[#   7]
          +0.150*[#   8]
    |psi|^2 = 0.903

 k =   0.4166666667  0.0000000000  0.0000000000
==== e(   1) =    -4.92656 eV ==== 
     psi = 0.376*[#   1]+0.376*[#   5]+0.041*[#   2]+0.041*[#   3]+0.041*[#   4]
          +0.041*[#   6]+0.041*[#   7]+0.041*[#   8]
    |psi|^2 = 0.995
==== e(   2) =     3.63431 eV ==== 
     psi = 0.190*[#   1]+0.190*[#   5]+0.100*[#   2]+0.100*[#   3]+0.100*[#   4]
          +0.100*[#   6]+0.100*[#   7]+0.100*[#   8]
    |psi|^2 = 0.982
==== e(   3) =     4.80735 eV ==== 
     psi = 0.164*[#   2]+0.164*[#   3]+0.164*[#   4]+0.164*[#   6]+0.164*[#   7]
          +0.164*[#   8]
    |psi|^2 = 0.986
==== e(   4) =     4.80735 eV ==== 
     psi = 0.164*[#   2]+0.164*[#   3]+0.164*[#   4]+0.164*[#   6]+0.164*[#   7]
          +0.164*[#   8]
    |psi|^2 = 0.986
==== e(   5) =     7.78825 eV ==== 
     psi = 0.120*[#   2]+0.120*[#   3]+0.120*[#   4]+0.120*[#   6]+0.120*[#   7]
          +0.120*[#   8]+0.116*[#   1]+0.116*[#   5]
    |psi|^2 = 0.953
==== e(   6) =    10.18631 eV ==== 
     psi = 0.134*[#   1]+0.134*[#   5]+0.038*[#   2]+0.038*[#   3]+0.038*[#   4]
          +0.038*[#   6]+0.038*[#   7]+0.038*[#   8]
    |psi|^2 = 0.498
==== e(   7) =    11.48261 eV ==== 
     psi = 0.148*[#   2]+0.148*[#   3]+0.148*[#   4]+0.148*[#   6]+0.148*[#   7]
          +0.148*[#   8]
    |psi|^2 = 0.890
==== e(   8) =    11.48261 eV ==== 
     psi = 0.148*[#   2]+0.148*[#   3]+0.148*[#   4]+0.148*[#   6]+0.148*[#   7]
          +0.148*[#   8]
    |psi|^2 = 0.890

 k =   0.4583333333  0.0000000000  0.0000000000
==== e(   1) =    -4.76733 eV ==== 
     psi = 0.363*[#   1]+0.363*[#   5]+0.045*[#   2]+0.045*[#   3]+0.045*[#   4]
          +0.045*[#   6]+0.045*[#   7]+0.045*[#   8]
    |psi|^2 = 0.995
==== e(   2) =     3.25886 eV ==== 
     psi = 0.202*[#   1]+0.202*[#   5]+0.097*[#   2]+0.097*[#   3]+0.097*[#   4]
          +0.097*[#   6]+0.097*[#   7]+0.097*[#   8]
    |psi|^2 = 0.984
==== e(   3) =     4.63416 eV ==== 
     psi = 0.165*[#   2]+0.165*[#   3]+0.165*[#   4]+0.165*[#   6]+0.165*[#   7]
          +0.165*[#   8]
    |psi|^2 = 0.988
==== e(   4) =     4.63416 eV ==== 
     psi = 0.165*[#   2]+0.165*[#   3]+0.165*[#   4]+0.165*[#   6]+0.165*[#   7]
          +0.165*[#   8]
    |psi|^2 = 0.988
==== e(   5) =     7.64461 eV ==== 
     psi = 0.127*[#   1]+0.127*[#   5]+0.116*[#   2]+0.116*[#   3]+0.116*[#   4]
          +0.116*[#   6]+0.116*[#   7]+0.116*[#   8]
    |psi|^2 = 0.950
==== e(   6) =     9.85646 eV ==== 
     psi = 0.125*[#   1]+0.125*[#   5]+0.039*[#   2]+0.039*[#   3]+0.039*[#   4]
          +0.039*[#   6]+0.039*[#   7]+0.039*[#   8]
    |psi|^2 = 0.484
==== e(   7) =    11.84548 eV ==== 
     psi = 0.146*[#   2]+0.146*[#   3]+0.146*[#   4]+0.146*[#   6]+0.146*[#   7]
          +0.146*[#   8]
    |psi|^2 = 0.877
==== e(   8) =    11.84548 eV ==== 
     psi = 0.146*[#   2]+0.146*[#   3]+0.146*[#   4]+0.146*[#   6]+0.146*[#   7]
          +0.146*[#   8]
    |psi|^2 = 0.877

 k =   0.5000000000  0.0000000000  0.0000000000
==== e(   1) =    -4.59361 eV ==== 
     psi = 0.352*[#   1]+0.352*[#   5]+0.049*[#   2]+0.049*[#   3]+0.049*[#   4]
          +0.049*[#   6]+0.049*[#   7]+0.049*[#   8]
    |psi|^2 = 0.995
==== e(   2) =     2.88115 eV ==== 
     psi = 0.211*[#   1]+0.211*[#   5]+0.094*[#   2]+0.094*[#   3]+0.094*[#   4]
          +0.094*[#   6]+0.094*[#   7]+0.094*[#   8]
    |psi|^2 = 0.985
==== e(   3) =     4.47117 eV ==== 
     psi = 0.165*[#   2]+0.165*[#   3]+0.165*[#   4]+0.165*[#   6]+0.165*[#   7]
          +0.165*[#   8]
    |psi|^2 = 0.989
==== e(   4) =     4.47117 eV ==== 
     psi = 0.165*[#   2]+0.165*[#   3]+0.165*[#   4]+0.165*[#   6]+0.165*[#   7]
          +0.165*[#   8]
    |psi|^2 = 0.989
==== e(   5) =     7.51041 eV ==== 
     psi = 0.137*[#   1]+0.137*[#   5]+0.112*[#   2]+0.112*[#   3]+0.112*[#   4]
          +0.112*[#   6]+0.112*[#   7]+0.112*[#   8]
    |psi|^2 = 0.947
==== e(   6) =     9.52837 eV ==== 
     psi = 0.122*[#   1]+0.122*[#   5]+0.041*[#   2]+0.041*[#   3]+0.041*[#   4]
          +0.041*[#   6]+0.041*[#   7]+0.041*[#   8]
    |psi|^2 = 0.489
==== e(   7) =    12.21487 eV ==== 
     psi = 0.144*[#   2]+0.144*[#   3]+0.144*[#   4]+0.144*[#   6]+0.144*[#   7]
          +0.144*[#   8]
    |psi|^2 = 0.861
==== e(   8) =    12.21487 eV ==== 
     psi = 0.144*[#   2]+0.144*[#   3]+0.144*[#   4]+0.144*[#   6]+0.144*[#   7]
          +0.144*[#   8]
    |psi|^2 = 0.861

 k =   0.5416666667  0.0000000000  0.0000000000
==== e(   1) =    -4.40561 eV ==== 
     psi = 0.342*[#   1]+0.342*[#   5]+0.052*[#   2]+0.052*[#   3]+0.052*[#   4]
          +0.052*[#   6]+0.052*[#   7]+0.052*[#   8]
    |psi|^2 = 0.995
==== e(   2) =     2.50226 eV ==== 
     psi = 0.220*[#   1]+0.220*[#   5]+0.091*[#   2]+0.091*[#   3]+0.091*[#   4]
          +0.091*[#   6]+0.091*[#   7]+0.091*[#   8]
    |psi|^2 = 0.987
==== e(   3) =     4.31921 eV ==== 
     psi = 0.165*[#   2]+0.165*[#   3]+0.165*[#   4]+0.165*[#   6]+0.165*[#   7]
          +0.165*[#   8]
    |psi|^2 = 0.990
==== e(   4) =     4.31921 eV ==== 
     psi = 0.165*[#   2]+0.165*[#   3]+0.165*[#   4]+0.165*[#   6]+0.165*[#   7]
          +0.165*[#   8]
    |psi|^2 = 0.990
==== e(   5) =     7.38739 eV ==== 
     psi = 0.146*[#   1]+0.146*[#   5]+0.109*[#   2]+0.109*[#   3]+0.109*[#   4]
          +0.109*[#   6]+0.109*[#   7]+0.109*[#   8]
    |psi|^2 = 0.943
==== e(   6) =     9.21096 eV ==== 
     psi = 0.122*[#   1]+0.122*[#   5]+0.043*[#   2]+0.043*[#   3]+0.043*[#   4]
          +0.043*[#   6]+0.043*[#   7]+0.043*[#   8]
    |psi|^2 = 0.505
==== e(   7) =    12.58985 eV ==== 
     psi = 0.141*[#   2]+0.141*[#   3]+0.141*[#   4]+0.141*[#   6]+0.141*[#   7]
          +0.141*[#   8]
    |psi|^2 = 0.845
==== e(   8) =    12.58985 eV ==== 
     psi = 0.141*[#   2]+0.141*[#   3]+0.141*[#   4]+0.141*[#   6]+0.141*[#   7]
          +0.141*[#   8]
    |psi|^2 = 0.845

 k =   0.5833333333  0.0000000000  0.0000000000
==== e(   1) =    -4.20353 eV ==== 
     psi = 0.333*[#   1]+0.333*[#   5]+0.055*[#   2]+0.055*[#   3]+0.055*[#   4]
          +0.055*[#   6]+0.055*[#   7]+0.055*[#   8]
    |psi|^2 = 0.995
==== e(   2) =     2.12316 eV ==== 
     psi = 0.228*[#   1]+0.228*[#   5]+0.089*[#   2]+0.089*[#   3]+0.089*[#   4]
          +0.089*[#   6]+0.089*[#   7]+0.089*[#   8]
    |psi|^2 = 0.988
==== e(   3) =     4.17895 eV ==== 
     psi = 0.165*[#   2]+0.165*[#   3]+0.165*[#   4]+0.165*[#   6]+0.165*[#   7]
          +0.165*[#   8]
    |psi|^2 = 0.991
==== e(   4) =     4.17895 eV ==== 
     psi = 0.165*[#   2]+0.165*[#   3]+0.165*[#   4]+0.165*[#   6]+0.165*[#   7]
          +0.165*[#   8]
    |psi|^2 = 0.991
==== e(   5) =     7.27698 eV ==== 
     psi = 0.153*[#   1]+0.153*[#   5]+0.106*[#   2]+0.106*[#   3]+0.106*[#   4]
          +0.106*[#   6]+0.106*[#   7]+0.106*[#   8]
    |psi|^2 = 0.939
==== e(   6) =     8.90938 eV ==== 
     psi = 0.125*[#   1]+0.125*[#   5]+0.046*[#   2]+0.046*[#   3]+0.046*[#   4]
          +0.046*[#   6]+0.046*[#   7]+0.046*[#   8]
    |psi|^2 = 0.529
==== e(   7) =    12.96971 eV ==== 
     psi = 0.138*[#   2]+0.138*[#   3]+0.138*[#   4]+0.138*[#   6]+0.138*[#   7]
          +0.138*[#   8]
    |psi|^2 = 0.827
==== e(   8) =    12.96971 eV ==== 
     psi = 0.138*[#   2]+0.138*[#   3]+0.138*[#   4]+0.138*[#   6]+0.138*[#   7]
          +0.138*[#   8]
    |psi|^2 = 0.827

 k =   0.6250000000  0.0000000000  0.0000000000
==== e(   1) =    -3.98765 eV ==== 
     psi = 0.324*[#   1]+0.324*[#   5]+0.058*[#   2]+0.058*[#   3]+0.058*[#   4]
          +0.058*[#   6]+0.058*[#   7]+0.058*[#   8]
    |psi|^2 = 0.995
==== e(   2) =     1.74476 eV ==== 
     psi = 0.235*[#   1]+0.235*[#   5]+0.086*[#   2]+0.086*[#   3]+0.086*[#   4]
          +0.086*[#   6]+0.086*[#   7]+0.086*[#   8]
    |psi|^2 = 0.989
==== e(   3) =     4.05090 eV ==== 
     psi = 0.165*[#   2]+0.165*[#   3]+0.165*[#   4]+0.165*[#   6]+0.165*[#   7]
          +0.165*[#   8]
    |psi|^2 = 0.992
==== e(   4) =     4.05090 eV ==== 
     psi = 0.165*[#   2]+0.165*[#   3]+0.165*[#   4]+0.165*[#   6]+0.165*[#   7]
          +0.165*[#   8]
    |psi|^2 = 0.992
==== e(   5) =     7.18041 eV ==== 
     psi = 0.159*[#   1]+0.159*[#   5]+0.103*[#   2]+0.103*[#   3]+0.103*[#   4]
          +0.103*[#   6]+0.103*[#   7]+0.103*[#   8]
    |psi|^2 = 0.934
==== e(   6) =     8.62670 eV ==== 
     psi = 0.130*[#   1]+0.130*[#   5]+0.050*[#   2]+0.050*[#   3]+0.050*[#   4]
          +0.050*[#   6]+0.050*[#   7]+0.050*[#   8]
    |psi|^2 = 0.558
==== e(   7) =    13.35395 eV ==== 
     psi = 0.134*[#   2]+0.134*[#   3]+0.134*[#   4]+0.134*[#   6]+0.134*[#   7]
          +0.134*[#   8]
    |psi|^2 = 0.807
==== e(   8) =    13.35395 eV ==== 
     psi = 0.134*[#   2]+0.134*[#   3]+0.134*[#   4]+0.134*[#   6]+0.134*[#   7]
          +0.134*[#   8]
    |psi|^2 = 0.807

 k =   0.6666666667  0.0000000000  0.0000000000
==== e(   1) =    -3.75825 eV ==== 
     psi = 0.317*[#   1]+0.317*[#   5]+0.060*[#   2]+0.060*[#   3]+0.060*[#   4]
          +0.060*[#   6]+0.060*[#   7]+0.060*[#   8]
    |psi|^2 = 0.994
==== e(   2) =     1.36796 eV ==== 
     psi = 0.242*[#   1]+0.242*[#   5]+0.084*[#   2]+0.084*[#   3]+0.084*[#   4]
          +0.084*[#   6]+0.084*[#   7]+0.084*[#   8]
    |psi|^2 = 0.990
==== e(   3) =     3.93547 eV ==== 
     psi = 0.165*[#   2]+0.165*[#   3]+0.165*[#   4]+0.165*[#   6]+0.165*[#   7]
          +0.165*[#   8]
    |psi|^2 = 0.993
==== e(   4) =     3.93547 eV ==== 
     psi = 0.165*[#   2]+0.165*[#   3]+0.165*[#   4]+0.165*[#   6]+0.165*[#   7]
          +0.165*[#   8]
    |psi|^2 = 0.993
==== e(   5) =     7.09870 eV ==== 
     psi = 0.164*[#   1]+0.164*[#   5]+0.100*[#   2]+0.100*[#   3]+0.100*[#   4]
          +0.100*[#   6]+0.100*[#   7]+0.100*[#   8]
    |psi|^2 = 0.929
==== e(   6) =     8.36480 eV ==== 
     psi = 0.135*[#   1]+0.135*[#   5]+0.053*[#   2]+0.053*[#   3]+0.053*[#   4]
          +0.053*[#   6]+0.053*[#   7]+0.053*[#   8]
    |psi|^2 = 0.591
==== e(   7) =    13.74223 eV ==== 
     psi = 0.131*[#   2]+0.131*[#   3]+0.131*[#   4]+0.131*[#   6]+0.131*[#   7]
          +0.131*[#   8]
    |psi|^2 = 0.786
==== e(   8) =    13.74223 eV ==== 
     psi = 0.131*[#   2]+0.131*[#   3]+0.131*[#   4]+0.131*[#   6]+0.131*[#   7]
          +0.131*[#   8]
    |psi|^2 = 0.786

 k =   0.7083333333  0.0000000000  0.0000000000
==== e(   1) =    -3.51562 eV ==== 
     psi = 0.311*[#   1]+0.311*[#   5]+0.062*[#   2]+0.062*[#   3]+0.062*[#   4]
          +0.062*[#   6]+0.062*[#   7]+0.062*[#   8]
    |psi|^2 = 0.994
==== e(   2) =     0.99367 eV ==== 
     psi = 0.247*[#   1]+0.247*[#   5]+0.083*[#   2]+0.083*[#   3]+0.083*[#   4]
          +0.083*[#   6]+0.083*[#   7]+0.083*[#   8]
    |psi|^2 = 0.990
==== e(   3) =     3.83300 eV ==== 
     psi = 0.166*[#   2]+0.166*[#   3]+0.166*[#   4]+0.166*[#   6]+0.166*[#   7]
          +0.166*[#   8]
    |psi|^2 = 0.993
==== e(   4) =     3.83300 eV ==== 
     psi = 0.166*[#   2]+0.166*[#   3]+0.166*[#   4]+0.166*[#   6]+0.166*[#   7]
          +0.166*[#   8]
    |psi|^2 = 0.993
==== e(   5) =     7.03275 eV ==== 
     psi = 0.168*[#   1]+0.168*[#   5]+0.098*[#   2]+0.098*[#   3]+0.098*[#   4]
          +0.098*[#   6]+0.098*[#   7]+0.098*[#   8]
    |psi|^2 = 0.922
==== e(   6) =     8.12477 eV ==== 
     psi = 0.141*[#   1]+0.141*[#   5]+0.057*[#   2]+0.057*[#   3]+0.057*[#   4]
          +0.057*[#   6]+0.057*[#   7]+0.057*[#   8]
    |psi|^2 = 0.625
==== e(   7) =    14.13423 eV ==== 
     psi = 0.127*[#   2]+0.127*[#   3]+0.127*[#   4]+0.127*[#   6]+0.127*[#   7]
          +0.127*[#   8]
    |psi|^2 = 0.765
==== e(   8) =    14.13423 eV ==== 
     psi = 0.127*[#   2]+0.127*[#   3]+0.127*[#   4]+0.127*[#   6]+0.127*[#   7]
          +0.127*[#   8]
    |psi|^2 = 0.765

 k =   0.7500000000  0.0000000000  0.0000000000
==== e(   1) =    -3.26014 eV ==== 
     psi = 0.305*[#   1]+0.305*[#   5]+0.064*[#   2]+0.064*[#   3]+0.064*[#   4]
          +0.064*[#   6]+0.064*[#   7]+0.064*[#   8]
    |psi|^2 = 0.994
==== e(   2) =     0.62277 eV ==== 
     psi = 0.253*[#   1]+0.253*[#   5]+0.081*[#   2]+0.081*[#   3]+0.081*[#   4]
          +0.081*[#   6]+0.081*[#   7]+0.081*[#   8]
    |psi|^2 = 0.991
==== e(   3) =     3.74373 eV ==== 
     psi = 0.166*[#   2]+0.166*[#   3]+0.166*[#   4]+0.166*[#   6]+0.166*[#   7]
          +0.166*[#   8]
    |psi|^2 = 0.994
==== e(   4) =     3.74373 eV ==== 
     psi = 0.166*[#   2]+0.166*[#   3]+0.166*[#   4]+0.166*[#   6]+0.166*[#   7]
          +0.166*[#   8]
    |psi|^2 = 0.994
==== e(   5) =     6.98337 eV ==== 
     psi = 0.171*[#   1]+0.171*[#   5]+0.095*[#   2]+0.095*[#   3]+0.095*[#   4]
          +0.095*[#   6]+0.095*[#   7]+0.095*[#   8]
    |psi|^2 = 0.914
==== e(   6) =     7.90719 eV ==== 
     psi = 0.146*[#   1]+0.146*[#   5]+0.061*[#   2]+0.061*[#   3]+0.061*[#   4]
          +0.061*[#   6]+0.061*[#   7]+0.061*[#   8]
    |psi|^2 = 0.660
==== e(   7) =    14.52962 eV ==== 
     psi = 0.124*[#   2]+0.124*[#   3]+0.124*[#   4]+0.124*[#   6]+0.124*[#   7]
          +0.124*[#   8]
    |psi|^2 = 0.744
==== e(   8) =    14.52962 eV ==== 
     psi = 0.124*[#   2]+0.124*[#   3]+0.124*[#   4]+0.124*[#   6]+0.124*[#   7]
          +0.124*[#   8]
    |psi|^2 = 0.744

 k =   0.7916666667  0.0000000000  0.0000000000
==== e(   1) =    -2.99218 eV ==== 
     psi = 0.300*[#   1]+0.300*[#   5]+0.066*[#   2]+0.066*[#   3]+0.066*[#   4]
          +0.066*[#   6]+0.066*[#   7]+0.066*[#   8]
    |psi|^2 = 0.994
==== e(   2) =     0.25618 eV ==== 
     psi = 0.258*[#   1]+0.258*[#   5]+0.079*[#   2]+0.079*[#   3]+0.079*[#   4]
          +0.079*[#   6]+0.079*[#   7]+0.079*[#   8]
    |psi|^2 = 0.992
==== e(   3) =     3.66788 eV ==== 
     psi = 0.166*[#   2]+0.166*[#   3]+0.166*[#   4]+0.166*[#   6]+0.166*[#   7]
          +0.166*[#   8]
    |psi|^2 = 0.994
==== e(   4) =     3.66788 eV ==== 
     psi = 0.166*[#   2]+0.166*[#   3]+0.166*[#   4]+0.166*[#   6]+0.166*[#   7]
          +0.166*[#   8]
    |psi|^2 = 0.994
==== e(   5) =     6.95128 eV ==== 
     psi = 0.173*[#   1]+0.173*[#   5]+0.093*[#   2]+0.093*[#   3]+0.093*[#   4]
          +0.093*[#   6]+0.093*[#   7]+0.093*[#   8]
    |psi|^2 = 0.905
==== e(   6) =     7.71229 eV ==== 
     psi = 0.152*[#   1]+0.152*[#   5]+0.065*[#   2]+0.065*[#   3]+0.065*[#   4]
          +0.065*[#   6]+0.065*[#   7]+0.065*[#   8]
    |psi|^2 = 0.694
==== e(   7) =    14.92783 eV ==== 
     psi = 0.121*[#   2]+0.121*[#   3]+0.121*[#   4]+0.121*[#   6]+0.121*[#   7]
          +0.121*[#   8]
    |psi|^2 = 0.724
==== e(   8) =    14.92783 eV ==== 
     psi = 0.121*[#   2]+0.121*[#   3]+0.121*[#   4]+0.121*[#   6]+0.121*[#   7]
          +0.121*[#   8]
    |psi|^2 = 0.724

 k =   0.8333333333  0.0000000000  0.0000000000
==== e(   1) =    -2.71218 eV ==== 
     psi = 0.295*[#   1]+0.295*[#   5]+0.067*[#   2]+0.067*[#   3]+0.067*[#   4]
          +0.067*[#   6]+0.067*[#   7]+0.067*[#   8]
    |psi|^2 = 0.994
==== e(   2) =    -0.10522 eV ==== 
     psi = 0.262*[#   1]+0.262*[#   5]+0.078*[#   2]+0.078*[#   3]+0.078*[#   4]
          +0.078*[#   6]+0.078*[#   7]+0.078*[#   8]
    |psi|^2 = 0.992
==== e(   3) =     3.60561 eV ==== 
     psi = 0.166*[#   2]+0.166*[#   3]+0.166*[#   4]+0.166*[#   6]+0.166*[#   7]
          +0.166*[#   8]
    |psi|^2 = 0.994
==== e(   4) =     3.60561 eV ==== 
     psi = 0.166*[#   2]+0.166*[#   3]+0.166*[#   4]+0.166*[#   6]+0.166*[#   7]
          +0.166*[#   8]
    |psi|^2 = 0.994
==== e(   5) =     6.93716 eV ==== 
     psi = 0.175*[#   1]+0.175*[#   5]+0.091*[#   2]+0.091*[#   3]+0.091*[#   4]
          +0.091*[#   6]+0.091*[#   7]+0.091*[#   8]
    |psi|^2 = 0.895
==== e(   6) =     7.54006 eV ==== 
     psi = 0.157*[#   1]+0.157*[#   5]+0.069*[#   2]+0.069*[#   3]+0.069*[#   4]
          +0.069*[#   6]+0.069*[#   7]+0.069*[#   8]
    |psi|^2 = 0.726
==== e(   7) =    15.32772 eV ==== 
     psi = 0.118*[#   2]+0.118*[#   3]+0.118*[#   4]+0.118*[#   6]+0.118*[#   7]
          +0.118*[#   8]
    |psi|^2 = 0.709
==== e(   8) =    15.32772 eV ==== 
     psi = 0.118*[#   2]+0.118*[#   3]+0.118*[#   4]+0.118*[#   6]+0.118*[#   7]
          +0.118*[#   8]
    |psi|^2 = 0.709

 k =   0.8750000000  0.0000000000  0.0000000000
==== e(   1) =    -2.42060 eV ==== 
     psi = 0.291*[#   1]+0.291*[#   5]+0.069*[#   2]+0.069*[#   3]+0.069*[#   4]
          +0.069*[#   6]+0.069*[#   7]+0.069*[#   8]
    |psi|^2 = 0.994
==== e(   2) =    -0.46055 eV ==== 
     psi = 0.267*[#   1]+0.267*[#   5]+0.076*[#   2]+0.076*[#   3]+0.076*[#   4]
          +0.076*[#   6]+0.076*[#   7]+0.076*[#   8]
    |psi|^2 = 0.992
==== e(   3) =     3.55706 eV ==== 
     psi = 0.166*[#   2]+0.166*[#   3]+0.166*[#   4]+0.166*[#   6]+0.166*[#   7]
          +0.166*[#   8]
    |psi|^2 = 0.994
==== e(   4) =     3.55706 eV ==== 
     psi = 0.166*[#   2]+0.166*[#   3]+0.166*[#   4]+0.166*[#   6]+0.166*[#   7]
          +0.166*[#   8]
    |psi|^2 = 0.994
==== e(   5) =     6.94162 eV ==== 
     psi = 0.175*[#   1]+0.175*[#   5]+0.089*[#   2]+0.089*[#   3]+0.089*[#   4]
          +0.089*[#   6]+0.089*[#   7]+0.089*[#   8]
    |psi|^2 = 0.882
==== e(   6) =     7.39030 eV ==== 
     psi = 0.162*[#   1]+0.162*[#   5]+0.072*[#   2]+0.072*[#   3]+0.072*[#   4]
          +0.072*[#   6]+0.072*[#   7]+0.072*[#   8]
    |psi|^2 = 0.757
==== e(   7) =    15.72663 eV ==== 
     psi = 0.117*[#   2]+0.117*[#   3]+0.117*[#   4]+0.117*[#   6]+0.117*[#   7]
          +0.117*[#   8]
    |psi|^2 = 0.704
==== e(   8) =    15.72663 eV ==== 
     psi = 0.117*[#   2]+0.117*[#   3]+0.117*[#   4]+0.117*[#   6]+0.117*[#   7]
          +0.117*[#   8]
    |psi|^2 = 0.704

 k =   0.9166666667  0.0000000000  0.0000000000
==== e(   1) =    -2.11797 eV ==== 
     psi = 0.287*[#   1]+0.287*[#   5]+0.070*[#   2]+0.070*[#   3]+0.070*[#   4]
          +0.070*[#   6]+0.070*[#   7]+0.070*[#   8]
    |psi|^2 = 0.993
==== e(   2) =    -0.80896 eV ==== 
     psi = 0.271*[#   1]+0.271*[#   5]+0.075*[#   2]+0.075*[#   3]+0.075*[#   4]
          +0.075*[#   6]+0.075*[#   7]+0.075*[#   8]
    |psi|^2 = 0.993
==== e(   3) =     3.52231 eV ==== 
     psi = 0.166*[#   2]+0.166*[#   3]+0.166*[#   4]+0.166*[#   6]+0.166*[#   7]
          +0.166*[#   8]
    |psi|^2 = 0.994
==== e(   4) =     3.52231 eV ==== 
     psi = 0.166*[#   2]+0.166*[#   3]+0.166*[#   4]+0.166*[#   6]+0.166*[#   7]
          +0.166*[#   8]
    |psi|^2 = 0.994
==== e(   5) =     6.96527 eV ==== 
     psi = 0.175*[#   1]+0.175*[#   5]+0.086*[#   2]+0.086*[#   3]+0.086*[#   4]
          +0.086*[#   6]+0.086*[#   7]+0.086*[#   8]
    |psi|^2 = 0.868
==== e(   6) =     7.26271 eV ==== 
     psi = 0.166*[#   1]+0.166*[#   5]+0.076*[#   2]+0.076*[#   3]+0.076*[#   4]
          +0.076*[#   6]+0.076*[#   7]+0.076*[#   8]
    |psi|^2 = 0.784
==== e(   7) =    16.11713 eV ==== 
     psi = 0.121*[#   2]+0.121*[#   3]+0.121*[#   4]+0.121*[#   6]+0.121*[#   7]
          +0.121*[#   8]
    |psi|^2 = 0.723
==== e(   8) =    16.11713 eV ==== 
     psi = 0.121*[#   2]+0.121*[#   3]+0.121*[#   4]+0.121*[#   6]+0.121*[#   7]
          +0.121*[#   8]
    |psi|^2 = 0.723

 k =   0.9583333333  0.0000000000  0.0000000000
==== e(   1) =    -1.80485 eV ==== 
     psi = 0.283*[#   1]+0.283*[#   5]+0.071*[#   2]+0.071*[#   3]+0.071*[#   4]
          +0.071*[#   6]+0.071*[#   7]+0.071*[#   8]
    |psi|^2 = 0.993
==== e(   2) =    -1.14965 eV ==== 
     psi = 0.275*[#   1]+0.275*[#   5]+0.074*[#   2]+0.074*[#   3]+0.074*[#   4]
          +0.074*[#   6]+0.074*[#   7]+0.074*[#   8]
    |psi|^2 = 0.993
==== e(   3) =     3.50144 eV ==== 
     psi = 0.166*[#   2]+0.166*[#   3]+0.166*[#   4]+0.166*[#   6]+0.166*[#   7]
          +0.166*[#   8]
    |psi|^2 = 0.994
==== e(   4) =     3.50144 eV ==== 
     psi = 0.166*[#   2]+0.166*[#   3]+0.166*[#   4]+0.166*[#   6]+0.166*[#   7]
          +0.166*[#   8]
    |psi|^2 = 0.994
==== e(   5) =     7.00867 eV ==== 
     psi = 0.173*[#   1]+0.173*[#   5]+0.084*[#   2]+0.084*[#   3]+0.084*[#   4]
          +0.084*[#   6]+0.084*[#   7]+0.084*[#   8]
    |psi|^2 = 0.851
==== e(   6) =     7.15688 eV ==== 
     psi = 0.169*[#   1]+0.169*[#   5]+0.079*[#   2]+0.079*[#   3]+0.079*[#   4]
          +0.079*[#   6]+0.079*[#   7]+0.079*[#   8]
    |psi|^2 = 0.809
==== e(   7) =    16.47170 eV ==== 
     psi = 0.134*[#   2]+0.134*[#   3]+0.134*[#   4]+0.134*[#   6]+0.134*[#   7]
          +0.134*[#   8]
    |psi|^2 = 0.802
==== e(   8) =    16.47170 eV ==== 
     psi = 0.134*[#   2]+0.134*[#   3]+0.134*[#   4]+0.134*[#   6]+0.134*[#   7]
          +0.134*[#   8]
    |psi|^2 = 0.802

 k =   1.0000000000  0.0000000000  0.0000000000
==== e(   1) =    -1.48185 eV ==== 
     psi = 0.279*[#   1]+0.279*[#   5]+0.073*[#   2]+0.073*[#   3]+0.073*[#   4]
          +0.073*[#   6]+0.073*[#   7]+0.073*[#   8]
    |psi|^2 = 0.993
==== e(   2) =    -1.48185 eV ==== 
     psi = 0.279*[#   1]+0.279*[#   5]+0.073*[#   2]+0.073*[#   3]+0.073*[#   4]
          +0.073*[#   6]+0.073*[#   7]+0.073*[#   8]
    |psi|^2 = 0.993
==== e(   3) =     3.49448 eV ==== 
     psi = 0.166*[#   2]+0.166*[#   3]+0.166*[#   4]+0.166*[#   6]+0.166*[#   7]
          +0.166*[#   8]
    |psi|^2 = 0.994
==== e(   4) =     3.49448 eV ==== 
     psi = 0.166*[#   2]+0.166*[#   3]+0.166*[#   4]+0.166*[#   6]+0.166*[#   7]
          +0.166*[#   8]
    |psi|^2 = 0.994
==== e(   5) =     7.07236 eV ==== 
     psi = 0.172*[#   1]+0.172*[#   5]+0.081*[#   2]+0.081*[#   3]+0.081*[#   4]
          +0.081*[#   6]+0.081*[#   7]+0.081*[#   8]
    |psi|^2 = 0.831
==== e(   6) =     7.07236 eV ==== 
     psi = 0.172*[#   1]+0.172*[#   5]+0.081*[#   2]+0.081*[#   3]+0.081*[#   4]
          +0.081*[#   6]+0.081*[#   7]+0.081*[#   8]
    |psi|^2 = 0.831
==== e(   7) =    16.65744 eV ==== 
     psi = 0.154*[#   2]+0.154*[#   3]+0.154*[#   4]+0.154*[#   6]+0.154*[#   7]
          +0.154*[#   8]
    |psi|^2 = 0.922
==== e(   8) =    16.65744 eV ==== 
     psi = 0.154*[#   2]+0.154*[#   3]+0.154*[#   4]+0.154*[#   6]+0.154*[#   7]
          +0.154*[#   8]
    |psi|^2 = 0.922

 k =   1.0000000000  0.0416666667  0.0000000000
==== e(   1) =    -1.47919 eV ==== 
     psi = 0.279*[#   1]+0.279*[#   5]+0.072*[#   2]+0.072*[#   3]+0.072*[#   4]
          +0.072*[#   6]+0.072*[#   7]+0.072*[#   8]
    |psi|^2 = 0.993
==== e(   2) =    -1.47919 eV ==== 
     psi = 0.279*[#   1]+0.279*[#   5]+0.072*[#   2]+0.072*[#   3]+0.072*[#   4]
          +0.072*[#   6]+0.072*[#   7]+0.072*[#   8]
    |psi|^2 = 0.993
==== e(   3) =     3.47065 eV ==== 
     psi = 0.165*[#   2]+0.165*[#   3]+0.165*[#   4]+0.165*[#   6]+0.165*[#   7]
          +0.165*[#   8]
    |psi|^2 = 0.994
==== e(   4) =     3.47065 eV ==== 
     psi = 0.165*[#   2]+0.165*[#   3]+0.165*[#   4]+0.165*[#   6]+0.165*[#   7]
          +0.165*[#   8]
    |psi|^2 = 0.994
==== e(   5) =     7.11548 eV ==== 
     psi = 0.170*[#   1]+0.170*[#   5]+0.082*[#   2]+0.082*[#   3]+0.082*[#   4]
          +0.082*[#   6]+0.082*[#   7]+0.082*[#   8]
    |psi|^2 = 0.830
==== e(   6) =     7.11548 eV ==== 
     psi = 0.170*[#   1]+0.170*[#   5]+0.082*[#   2]+0.082*[#   3]+0.082*[#   4]
          +0.082*[#   6]+0.082*[#   7]+0.082*[#   8]
    |psi|^2 = 0.830
==== e(   7) =    16.58324 eV ==== 
     psi = 0.149*[#   2]+0.149*[#   3]+0.149*[#   4]+0.149*[#   6]+0.149*[#   7]
          +0.149*[#   8]+0.002*[#   1]+0.002*[#   5]
    |psi|^2 = 0.896
==== e(   8) =    16.58324 eV ==== 
     psi = 0.149*[#   2]+0.149*[#   3]+0.149*[#   4]+0.149*[#   6]+0.149*[#   7]
          +0.149*[#   8]+0.002*[#   1]+0.002*[#   5]
    |psi|^2 = 0.896

 k =   1.0000000000  0.0833333333  0.0000000000
==== e(   1) =    -1.47132 eV ==== 
     psi = 0.280*[#   1]+0.280*[#   5]+0.072*[#   2]+0.072*[#   3]+0.072*[#   4]
          +0.072*[#   6]+0.072*[#   7]+0.072*[#   8]
    |psi|^2 = 0.993
==== e(   2) =    -1.47132 eV ==== 
     psi = 0.280*[#   1]+0.280*[#   5]+0.072*[#   2]+0.072*[#   3]+0.072*[#   4]
          +0.072*[#   6]+0.072*[#   7]+0.072*[#   8]
    |psi|^2 = 0.993
==== e(   3) =     3.40305 eV ==== 
     psi = 0.165*[#   2]+0.165*[#   3]+0.165*[#   4]+0.165*[#   6]+0.165*[#   7]
          +0.165*[#   8]+0.003*[#   1]+0.003*[#   5]
    |psi|^2 = 0.994
==== e(   4) =     3.40305 eV ==== 
     psi = 0.165*[#   2]+0.165*[#   3]+0.165*[#   4]+0.165*[#   6]+0.165*[#   7]
          +0.165*[#   8]+0.003*[#   1]+0.003*[#   5]
    |psi|^2 = 0.994
==== e(   5) =     7.24103 eV ==== 
     psi = 0.165*[#   1]+0.165*[#   5]+0.083*[#   2]+0.083*[#   3]+0.083*[#   4]
          +0.083*[#   6]+0.083*[#   7]+0.083*[#   8]
    |psi|^2 = 0.825
==== e(   6) =     7.24103 eV ==== 
     psi = 0.165*[#   1]+0.165*[#   5]+0.083*[#   2]+0.083*[#   3]+0.083*[#   4]
          +0.083*[#   6]+0.083*[#   7]+0.083*[#   8]
    |psi|^2 = 0.825
==== e(   7) =    16.33077 eV ==== 
     psi = 0.128*[#   2]+0.128*[#   3]+0.128*[#   4]+0.128*[#   6]+0.128*[#   7]
          +0.128*[#   8]+0.007*[#   1]+0.007*[#   5]
    |psi|^2 = 0.779
==== e(   8) =    16.33077 eV ==== 
     psi = 0.128*[#   2]+0.128*[#   3]+0.128*[#   4]+0.128*[#   6]+0.128*[#   7]
          +0.128*[#   8]+0.007*[#   1]+0.007*[#   5]
    |psi|^2 = 0.779

 k =   1.0000000000  0.1250000000  0.0000000000
==== e(   1) =    -1.45867 eV ==== 
     psi = 0.281*[#   1]+0.281*[#   5]+0.072*[#   2]+0.072*[#   3]+0.072*[#   4]
          +0.072*[#   6]+0.072*[#   7]+0.072*[#   8]
    |psi|^2 = 0.993
==== e(   2) =    -1.45867 eV ==== 
     psi = 0.281*[#   1]+0.281*[#   5]+0.072*[#   2]+0.072*[#   3]+0.072*[#   4]
          +0.072*[#   6]+0.072*[#   7]+0.072*[#   8]
    |psi|^2 = 0.993
==== e(   3) =     3.30160 eV ==== 
     psi = 0.164*[#   2]+0.164*[#   3]+0.164*[#   4]+0.164*[#   6]+0.164*[#   7]
          +0.164*[#   8]+0.005*[#   1]+0.005*[#   5]
    |psi|^2 = 0.994
==== e(   4) =     3.30160 eV ==== 
     psi = 0.164*[#   2]+0.164*[#   3]+0.164*[#   4]+0.164*[#   6]+0.164*[#   7]
          +0.164*[#   8]+0.005*[#   1]+0.005*[#   5]
    |psi|^2 = 0.994
==== e(   5) =     7.43933 eV ==== 
     psi = 0.158*[#   1]+0.158*[#   5]+0.084*[#   2]+0.084*[#   3]+0.084*[#   4]
          +0.084*[#   6]+0.084*[#   7]+0.084*[#   8]
    |psi|^2 = 0.817
==== e(   6) =     7.43933 eV ==== 
     psi = 0.158*[#   1]+0.158*[#   5]+0.084*[#   2]+0.084*[#   3]+0.084*[#   4]
          +0.084*[#   6]+0.084*[#   7]+0.084*[#   8]
    |psi|^2 = 0.817
==== e(   7) =    15.91503 eV ==== 
     psi = 0.104*[#   2]+0.104*[#   3]+0.104*[#   4]+0.104*[#   6]+0.104*[#   7]
          +0.104*[#   8]+0.013*[#   1]+0.013*[#   5]
    |psi|^2 = 0.651
==== e(   8) =    15.91503 eV ==== 
     psi = 0.104*[#   2]+0.104*[#   3]+0.104*[#   4]+0.104*[#   6]+0.104*[#   7]
          +0.104*[#   8]+0.013*[#   1]+0.013*[#   5]
    |psi|^2 = 0.651

 k =   1.0000000000  0.1666666667  0.0000000000
==== e(   1) =    -1.44191 eV ==== 
     psi = 0.283*[#   1]+0.283*[#   5]+0.071*[#   2]+0.071*[#   3]+0.071*[#   4]
          +0.071*[#   6]+0.071*[#   7]+0.071*[#   8]
    |psi|^2 = 0.993
==== e(   2) =    -1.44191 eV ==== 
     psi = 0.283*[#   1]+0.283*[#   5]+0.071*[#   2]+0.071*[#   3]+0.071*[#   4]
          +0.071*[#   6]+0.071*[#   7]+0.071*[#   8]
    |psi|^2 = 0.993
==== e(   3) =     3.17860 eV ==== 
     psi = 0.163*[#   2]+0.163*[#   3]+0.163*[#   4]+0.163*[#   6]+0.163*[#   7]
          +0.163*[#   8]+0.006*[#   1]+0.006*[#   5]
    |psi|^2 = 0.993
==== e(   4) =     3.17860 eV ==== 
     psi = 0.163*[#   2]+0.163*[#   3]+0.163*[#   4]+0.163*[#   6]+0.163*[#   7]
          +0.163*[#   8]+0.006*[#   1]+0.006*[#   5]
    |psi|^2 = 0.993
==== e(   5) =     7.69850 eV ==== 
     psi = 0.149*[#   1]+0.149*[#   5]+0.085*[#   2]+0.085*[#   3]+0.085*[#   4]
          +0.085*[#   6]+0.085*[#   7]+0.085*[#   8]
    |psi|^2 = 0.806
==== e(   6) =     7.69850 eV ==== 
     psi = 0.149*[#   1]+0.149*[#   5]+0.085*[#   2]+0.085*[#   3]+0.085*[#   4]
          +0.085*[#   6]+0.085*[#   7]+0.085*[#   8]
    |psi|^2 = 0.806
==== e(   7) =    15.41400 eV ==== 
     psi = 0.090*[#   2]+0.090*[#   3]+0.090*[#   4]+0.090*[#   6]+0.090*[#   7]
          +0.090*[#   8]+0.020*[#   1]+0.020*[#   5]
    |psi|^2 = 0.583
==== e(   8) =    15.41400 eV ==== 
     psi = 0.090*[#   2]+0.090*[#   3]+0.090*[#   4]+0.090*[#   6]+0.090*[#   7]
          +0.090*[#   8]+0.020*[#   1]+0.020*[#   5]
    |psi|^2 = 0.583

 k =   1.0000000000  0.2083333333  0.0000000000
==== e(   1) =    -1.42197 eV ==== 
     psi = 0.285*[#   1]+0.285*[#   5]+0.071*[#   2]+0.071*[#   3]+0.071*[#   4]
          +0.071*[#   6]+0.071*[#   7]+0.071*[#   8]
    |psi|^2 = 0.994
==== e(   2) =    -1.42197 eV ==== 
     psi = 0.285*[#   1]+0.285*[#   5]+0.071*[#   2]+0.071*[#   3]+0.071*[#   4]
          +0.071*[#   6]+0.071*[#   7]+0.071*[#   8]
    |psi|^2 = 0.994
==== e(   3) =     3.04582 eV ==== 
     psi = 0.163*[#   2]+0.163*[#   3]+0.163*[#   4]+0.163*[#   6]+0.163*[#   7]
          +0.163*[#   8]+0.007*[#   1]+0.007*[#   5]
    |psi|^2 = 0.993
==== e(   4) =     3.04582 eV ==== 
     psi = 0.163*[#   2]+0.163*[#   3]+0.163*[#   4]+0.163*[#   6]+0.163*[#   7]
          +0.163*[#   8]+0.007*[#   1]+0.007*[#   5]
    |psi|^2 = 0.993
==== e(   5) =     8.00728 eV ==== 
     psi = 0.139*[#   1]+0.139*[#   5]+0.085*[#   2]+0.085*[#   3]+0.085*[#   4]
          +0.085*[#   6]+0.085*[#   7]+0.085*[#   8]
    |psi|^2 = 0.791
==== e(   6) =     8.00728 eV ==== 
     psi = 0.139*[#   1]+0.139*[#   5]+0.085*[#   2]+0.085*[#   3]+0.085*[#   4]
          +0.085*[#   6]+0.085*[#   7]+0.085*[#   8]
    |psi|^2 = 0.791
==== e(   7) =    14.87750 eV ==== 
     psi = 0.084*[#   2]+0.084*[#   3]+0.084*[#   4]+0.084*[#   6]+0.084*[#   7]
          +0.084*[#   8]+0.028*[#   1]+0.028*[#   5]
    |psi|^2 = 0.557
==== e(   8) =    14.87750 eV ==== 
     psi = 0.084*[#   2]+0.084*[#   3]+0.084*[#   4]+0.084*[#   6]+0.084*[#   7]
          +0.084*[#   8]+0.028*[#   1]+0.028*[#   5]
    |psi|^2 = 0.557

 k =   1.0000000000  0.2500000000  0.0000000000
==== e(   1) =    -1.40005 eV ==== 
     psi = 0.287*[#   1]+0.287*[#   5]+0.070*[#   2]+0.070*[#   3]+0.070*[#   4]
          +0.070*[#   6]+0.070*[#   7]+0.070*[#   8]
    |psi|^2 = 0.994
==== e(   2) =    -1.40005 eV ==== 
     psi = 0.287*[#   1]+0.287*[#   5]+0.070*[#   2]+0.070*[#   3]+0.070*[#   4]
          +0.070*[#   6]+0.070*[#   7]+0.070*[#   8]
    |psi|^2 = 0.994
==== e(   3) =     2.91319 eV ==== 
     psi = 0.163*[#   2]+0.163*[#   3]+0.163*[#   4]+0.163*[#   6]+0.163*[#   7]
          +0.163*[#   8]+0.007*[#   1]+0.007*[#   5]
    |psi|^2 = 0.993
==== e(   4) =     2.91319 eV ==== 
     psi = 0.163*[#   2]+0.163*[#   3]+0.163*[#   4]+0.163*[#   6]+0.163*[#   7]
          +0.163*[#   8]+0.007*[#   1]+0.007*[#   5]
    |psi|^2 = 0.993
==== e(   5) =     8.35629 eV ==== 
     psi = 0.129*[#   1]+0.129*[#   5]+0.086*[#   2]+0.086*[#   3]+0.086*[#   4]
          +0.086*[#   6]+0.086*[#   7]+0.086*[#   8]
    |psi|^2 = 0.772
==== e(   6) =     8.35629 eV ==== 
     psi = 0.129*[#   1]+0.129*[#   5]+0.086*[#   2]+0.086*[#   3]+0.086*[#   4]
          +0.086*[#   6]+0.086*[#   7]+0.086*[#   8]
    |psi|^2 = 0.772
==== e(   7) =    14.32803 eV ==== 
     psi = 0.081*[#   2]+0.081*[#   3]+0.081*[#   4]+0.081*[#   6]+0.081*[#   7]
          +0.081*[#   8]+0.036*[#   1]+0.036*[#   5]
    |psi|^2 = 0.556
==== e(   8) =    14.32803 eV ==== 
     psi = 0.081*[#   2]+0.081*[#   3]+0.081*[#   4]+0.081*[#   6]+0.081*[#   7]
          +0.081*[#   8]+0.036*[#   1]+0.036*[#   5]
    |psi|^2 = 0.556

 k =   1.0000000000  0.2916666667  0.0000000000
==== e(   1) =    -1.37754 eV ==== 
     psi = 0.290*[#   1]+0.290*[#   5]+0.069*[#   2]+0.069*[#   3]+0.069*[#   4]
          +0.069*[#   6]+0.069*[#   7]+0.069*[#   8]
    |psi|^2 = 0.994
==== e(   2) =    -1.37754 eV ==== 
     psi = 0.290*[#   1]+0.290*[#   5]+0.069*[#   2]+0.069*[#   3]+0.069*[#   4]
          +0.069*[#   6]+0.069*[#   7]+0.069*[#   8]
    |psi|^2 = 0.994
==== e(   3) =     2.78869 eV ==== 
     psi = 0.164*[#   2]+0.164*[#   3]+0.164*[#   4]+0.164*[#   6]+0.164*[#   7]
          +0.164*[#   8]+0.006*[#   1]+0.006*[#   5]
    |psi|^2 = 0.993
==== e(   4) =     2.78869 eV ==== 
     psi = 0.164*[#   2]+0.164*[#   3]+0.164*[#   4]+0.164*[#   6]+0.164*[#   7]
          +0.164*[#   8]+0.006*[#   1]+0.006*[#   5]
    |psi|^2 = 0.993
==== e(   5) =     8.73797 eV ==== 
     psi = 0.117*[#   1]+0.117*[#   5]+0.086*[#   2]+0.086*[#   3]+0.086*[#   4]
          +0.086*[#   6]+0.086*[#   7]+0.086*[#   8]
    |psi|^2 = 0.748
==== e(   6) =     8.73797 eV ==== 
     psi = 0.117*[#   1]+0.117*[#   5]+0.086*[#   2]+0.086*[#   3]+0.086*[#   4]
          +0.086*[#   6]+0.086*[#   7]+0.086*[#   8]
    |psi|^2 = 0.748
==== e(   7) =    13.77678 eV ==== 
     psi = 0.080*[#   2]+0.080*[#   3]+0.080*[#   4]+0.080*[#   6]+0.080*[#   7]
          +0.080*[#   8]+0.046*[#   1]+0.046*[#   5]
    |psi|^2 = 0.568
==== e(   8) =    13.77678 eV ==== 
     psi = 0.080*[#   2]+0.080*[#   3]+0.080*[#   4]+0.080*[#   6]+0.080*[#   7]
          +0.080*[#   8]+0.046*[#   1]+0.046*[#   5]
    |psi|^2 = 0.568

 k =   1.0000000000  0.3333333333  0.0000000000
==== e(   1) =    -1.35602 eV ==== 
     psi = 0.292*[#   1]+0.292*[#   5]+0.068*[#   2]+0.068*[#   3]+0.068*[#   4]
          +0.068*[#   6]+0.068*[#   7]+0.068*[#   8]
    |psi|^2 = 0.994
==== e(   2) =    -1.35602 eV ==== 
     psi = 0.292*[#   1]+0.292*[#   5]+0.068*[#   2]+0.068*[#   3]+0.068*[#   4]
          +0.068*[#   6]+0.068*[#   7]+0.068*[#   8]
    |psi|^2 = 0.994
==== e(   3) =     2.67863 eV ==== 
     psi = 0.164*[#   2]+0.164*[#   3]+0.164*[#   4]+0.164*[#   6]+0.164*[#   7]
          +0.164*[#   8]+0.005*[#   1]+0.005*[#   5]
    |psi|^2 = 0.993
==== e(   4) =     2.67863 eV ==== 
     psi = 0.164*[#   2]+0.164*[#   3]+0.164*[#   4]+0.164*[#   6]+0.164*[#   7]
          +0.164*[#   8]+0.005*[#   1]+0.005*[#   5]
    |psi|^2 = 0.993
==== e(   5) =     9.14598 eV ==== 
     psi = 0.105*[#   1]+0.105*[#   5]+0.085*[#   2]+0.085*[#   3]+0.085*[#   4]
          +0.085*[#   6]+0.085*[#   7]+0.085*[#   8]
    |psi|^2 = 0.720
==== e(   6) =     9.14598 eV ==== 
     psi = 0.105*[#   1]+0.105*[#   5]+0.085*[#   2]+0.085*[#   3]+0.085*[#   4]
          +0.085*[#   6]+0.085*[#   7]+0.085*[#   8]
    |psi|^2 = 0.720
==== e(   7) =    13.23074 eV ==== 
     psi = 0.080*[#   2]+0.080*[#   3]+0.080*[#   4]+0.080*[#   6]+0.080*[#   7]
          +0.080*[#   8]+0.057*[#   1]+0.057*[#   5]
    |psi|^2 = 0.591
==== e(   8) =    13.23074 eV ==== 
     psi = 0.080*[#   2]+0.080*[#   3]+0.080*[#   4]+0.080*[#   6]+0.080*[#   7]
          +0.080*[#   8]+0.057*[#   1]+0.057*[#   5]
    |psi|^2 = 0.591

 k =   1.0000000000  0.3750000000  0.0000000000
==== e(   1) =    -1.33708 eV ==== 
     psi = 0.295*[#   1]+0.295*[#   5]+0.068*[#   2]+0.068*[#   3]+0.068*[#   4]
          +0.068*[#   6]+0.068*[#   7]+0.068*[#   8]
    |psi|^2 = 0.995
==== e(   2) =    -1.33708 eV ==== 
     psi = 0.295*[#   1]+0.295*[#   5]+0.068*[#   2]+0.068*[#   3]+0.068*[#   4]
          +0.068*[#   6]+0.068*[#   7]+0.068*[#   8]
    |psi|^2 = 0.995
==== e(   3) =     2.58794 eV ==== 
     psi = 0.165*[#   2]+0.165*[#   3]+0.165*[#   4]+0.165*[#   6]+0.165*[#   7]
          +0.165*[#   8]+0.003*[#   1]+0.003*[#   5]
    |psi|^2 = 0.993
==== e(   4) =     2.58794 eV ==== 
     psi = 0.165*[#   2]+0.165*[#   3]+0.165*[#   4]+0.165*[#   6]+0.165*[#   7]
          +0.165*[#   8]+0.003*[#   1]+0.003*[#   5]
    |psi|^2 = 0.993
==== e(   5) =     9.57391 eV ==== 
     psi = 0.089*[#   1]+0.089*[#   5]+0.084*[#   2]+0.084*[#   3]+0.084*[#   4]
          +0.084*[#   6]+0.084*[#   7]+0.084*[#   8]
    |psi|^2 = 0.686
==== e(   6) =     9.57391 eV ==== 
     psi = 0.089*[#   1]+0.089*[#   5]+0.084*[#   2]+0.084*[#   3]+0.084*[#   4]
          +0.084*[#   6]+0.084*[#   7]+0.084*[#   8]
    |psi|^2 = 0.686
==== e(   7) =    12.69604 eV ==== 
     psi = 0.080*[#   2]+0.080*[#   3]+0.080*[#   4]+0.080*[#   6]+0.080*[#   7]
          +0.080*[#   8]+0.071*[#   1]+0.071*[#   5]
    |psi|^2 = 0.624
==== e(   8) =    12.69604 eV ==== 
     psi = 0.080*[#   2]+0.080*[#   3]+0.080*[#   4]+0.080*[#   6]+0.080*[#   7]
          +0.080*[#   8]+0.071*[#   1]+0.071*[#   5]
    |psi|^2 = 0.624

 k =   1.0000000000  0.4166666667  0.0000000000
==== e(   1) =    -1.32225 eV ==== 
     psi = 0.296*[#   1]+0.296*[#   5]+0.067*[#   2]+0.067*[#   3]+0.067*[#   4]
          +0.067*[#   6]+0.067*[#   7]+0.067*[#   8]
    |psi|^2 = 0.995
==== e(   2) =    -1.32225 eV ==== 
     psi = 0.296*[#   1]+0.296*[#   5]+0.067*[#   2]+0.067*[#   3]+0.067*[#   4]
          +0.067*[#   6]+0.067*[#   7]+0.067*[#   8]
    |psi|^2 = 0.995
==== e(   3) =     2.52043 eV ==== 
     psi = 0.165*[#   2]+0.165*[#   3]+0.165*[#   4]+0.165*[#   6]+0.165*[#   7]
          +0.165*[#   8]+0.001*[#   1]+0.001*[#   5]
    |psi|^2 = 0.994
==== e(   4) =     2.52043 eV ==== 
     psi = 0.165*[#   2]+0.165*[#   3]+0.165*[#   4]+0.165*[#   6]+0.165*[#   7]
          +0.165*[#   8]+0.001*[#   1]+0.001*[#   5]
    |psi|^2 = 0.994
==== e(   5) =    10.01196 eV ==== 
     psi = 0.083*[#   2]+0.083*[#   3]+0.083*[#   4]+0.083*[#   6]+0.083*[#   7]
          +0.083*[#   8]+0.070*[#   1]+0.070*[#   5]
    |psi|^2 = 0.640
==== e(   6) =    10.01196 eV ==== 
     psi = 0.083*[#   2]+0.083*[#   3]+0.083*[#   4]+0.083*[#   6]+0.083*[#   7]
          +0.083*[#   8]+0.070*[#   1]+0.070*[#   5]
    |psi|^2 = 0.640
==== e(   7) =    12.18209 eV ==== 
     psi = 0.089*[#   1]+0.089*[#   5]+0.082*[#   2]+0.082*[#   3]+0.082*[#   4]
          +0.082*[#   6]+0.082*[#   7]+0.082*[#   8]
    |psi|^2 = 0.669
==== e(   8) =    12.18209 eV ==== 
     psi = 0.089*[#   1]+0.089*[#   5]+0.082*[#   2]+0.082*[#   3]+0.082*[#   4]
          +0.082*[#   6]+0.082*[#   7]+0.082*[#   8]
    |psi|^2 = 0.669

 k =   1.0000000000  0.4583333333  0.0000000000
==== e(   1) =    -1.31279 eV ==== 
     psi = 0.298*[#   1]+0.298*[#   5]+0.067*[#   2]+0.067*[#   3]+0.067*[#   4]
          +0.067*[#   6]+0.067*[#   7]+0.067*[#   8]
    |psi|^2 = 0.995
==== e(   2) =    -1.31279 eV ==== 
     psi = 0.298*[#   1]+0.298*[#   5]+0.067*[#   2]+0.067*[#   3]+0.067*[#   4]
          +0.067*[#   6]+0.067*[#   7]+0.067*[#   8]
    |psi|^2 = 0.995
==== e(   3) =     2.47881 eV ==== 
     psi = 0.165*[#   2]+0.165*[#   3]+0.165*[#   4]+0.165*[#   6]+0.165*[#   7]
          +0.165*[#   8]
    |psi|^2 = 0.994
==== e(   4) =     2.47881 eV ==== 
     psi = 0.165*[#   2]+0.165*[#   3]+0.165*[#   4]+0.165*[#   6]+0.165*[#   7]
          +0.165*[#   8]
    |psi|^2 = 0.994
==== e(   5) =    10.43108 eV ==== 
     psi = 0.082*[#   2]+0.082*[#   3]+0.082*[#   4]+0.082*[#   6]+0.082*[#   7]
          +0.082*[#   8]+0.039*[#   1]+0.039*[#   5]
    |psi|^2 = 0.566
==== e(   6) =    10.43108 eV ==== 
     psi = 0.082*[#   2]+0.082*[#   3]+0.082*[#   4]+0.082*[#   6]+0.082*[#   7]
          +0.082*[#   8]+0.039*[#   1]+0.039*[#   5]
    |psi|^2 = 0.566
==== e(   7) =    11.71758 eV ==== 
     psi = 0.120*[#   1]+0.120*[#   5]+0.084*[#   2]+0.084*[#   3]+0.084*[#   4]
          +0.084*[#   6]+0.084*[#   7]+0.084*[#   8]
    |psi|^2 = 0.742
==== e(   8) =    11.71758 eV ==== 
     psi = 0.120*[#   1]+0.120*[#   5]+0.084*[#   2]+0.084*[#   3]+0.084*[#   4]
          +0.084*[#   6]+0.084*[#   7]+0.084*[#   8]
    |psi|^2 = 0.742

 k =   1.0000000000  0.5000000000  0.0000000000
==== e(   1) =    -1.30954 eV ==== 
     psi = 0.298*[#   1]+0.298*[#   5]+0.066*[#   2]+0.066*[#   3]+0.066*[#   4]
          +0.066*[#   6]+0.066*[#   7]+0.066*[#   8]
    |psi|^2 = 0.995
==== e(   2) =    -1.30954 eV ==== 
     psi = 0.298*[#   1]+0.298*[#   5]+0.066*[#   2]+0.066*[#   3]+0.066*[#   4]
          +0.066*[#   6]+0.066*[#   7]+0.066*[#   8]
    |psi|^2 = 0.995
==== e(   3) =     2.46475 eV ==== 
     psi = 0.166*[#   2]+0.166*[#   3]+0.166*[#   4]+0.166*[#   6]+0.166*[#   7]
          +0.166*[#   8]
    |psi|^2 = 0.994
==== e(   4) =     2.46475 eV ==== 
     psi = 0.166*[#   2]+0.166*[#   3]+0.166*[#   4]+0.166*[#   6]+0.166*[#   7]
          +0.166*[#   8]
    |psi|^2 = 0.994
==== e(   5) =    10.66932 eV ==== 
     psi = 0.080*[#   2]+0.080*[#   3]+0.080*[#   4]+0.080*[#   6]+0.080*[#   7]
          +0.080*[#   8]
    |psi|^2 = 0.477
==== e(   6) =    10.66932 eV ==== 
     psi = 0.080*[#   2]+0.080*[#   3]+0.080*[#   4]+0.080*[#   6]+0.080*[#   7]
          +0.080*[#   8]
    |psi|^2 = 0.477
==== e(   7) =    11.46423 eV ==== 
     psi = 0.158*[#   1]+0.158*[#   5]+0.086*[#   2]+0.086*[#   3]+0.086*[#   4]
          +0.086*[#   6]+0.086*[#   7]+0.086*[#   8]
    |psi|^2 = 0.831
==== e(   8) =    11.46423 eV ==== 
     psi = 0.158*[#   1]+0.158*[#   5]+0.086*[#   2]+0.086*[#   3]+0.086*[#   4]
          +0.086*[#   6]+0.086*[#   7]+0.086*[#   8]
    |psi|^2 = 0.831

 k =   0.9791666667  0.5208333333  0.0000000000
==== e(   1) =    -1.40254 eV ==== 
     psi = 0.301*[#   1]+0.301*[#   5]+0.065*[#   2]+0.065*[#   3]+0.065*[#   4]
          +0.065*[#   6]+0.065*[#   7]+0.065*[#   8]
    |psi|^2 = 0.995
==== e(   2) =    -1.21936 eV ==== 
     psi = 0.294*[#   1]+0.294*[#   5]+0.068*[#   2]+0.068*[#   3]+0.068*[#   4]
          +0.068*[#   6]+0.068*[#   7]+0.068*[#   8]
    |psi|^2 = 0.995
==== e(   3) =     2.39386 eV ==== 
     psi = 0.166*[#   2]+0.166*[#   3]+0.166*[#   4]+0.166*[#   6]+0.166*[#   7]
          +0.166*[#   8]
    |psi|^2 = 0.994
==== e(   4) =     2.54960 eV ==== 
     psi = 0.165*[#   2]+0.165*[#   3]+0.165*[#   4]+0.165*[#   6]+0.165*[#   7]
          +0.165*[#   8]
    |psi|^2 = 0.994
==== e(   5) =    10.46616 eV ==== 
     psi = 0.083*[#   2]+0.083*[#   3]+0.083*[#   4]+0.083*[#   6]+0.083*[#   7]
          +0.083*[#   8]+0.024*[#   1]+0.024*[#   5]
    |psi|^2 = 0.548
==== e(   6) =    10.71793 eV ==== 
     psi = 0.078*[#   2]+0.078*[#   3]+0.078*[#   4]+0.078*[#   6]+0.078*[#   7]
          +0.078*[#   8]+0.007*[#   1]+0.007*[#   5]
    |psi|^2 = 0.480
==== e(   7) =    11.52261 eV ==== 
     psi = 0.136*[#   1]+0.136*[#   5]+0.082*[#   2]+0.082*[#   3]+0.082*[#   4]
          +0.082*[#   6]+0.082*[#   7]+0.082*[#   8]
    |psi|^2 = 0.766
==== e(   8) =    11.57597 eV ==== 
     psi = 0.149*[#   1]+0.149*[#   5]+0.087*[#   2]+0.087*[#   3]+0.087*[#   4]
          +0.087*[#   6]+0.087*[#   7]+0.087*[#   8]
    |psi|^2 = 0.822

 k =   0.9583333333  0.5416666667  0.0000000000
==== e(   1) =    -1.48760 eV ==== 
     psi = 0.305*[#   1]+0.305*[#   5]+0.064*[#   2]+0.064*[#   3]+0.064*[#   4]
          +0.064*[#   6]+0.064*[#   7]+0.064*[#   8]
    |psi|^2 = 0.995
==== e(   2) =    -1.14267 eV ==== 
     psi = 0.290*[#   1]+0.290*[#   5]+0.069*[#   2]+0.069*[#   3]+0.069*[#   4]
          +0.069*[#   6]+0.069*[#   7]+0.069*[#   8]
    |psi|^2 = 0.995
==== e(   3) =     2.32835 eV ==== 
     psi = 0.166*[#   2]+0.166*[#   3]+0.166*[#   4]+0.166*[#   6]+0.166*[#   7]
          +0.166*[#   8]
    |psi|^2 = 0.994
==== e(   4) =     2.65629 eV ==== 
     psi = 0.165*[#   2]+0.165*[#   3]+0.165*[#   4]+0.165*[#   6]+0.165*[#   7]
          +0.165*[#   8]+0.001*[#   1]+0.001*[#   5]
    |psi|^2 = 0.993
==== e(   5) =    10.12865 eV ==== 
     psi = 0.087*[#   2]+0.087*[#   3]+0.087*[#   4]+0.087*[#   6]+0.087*[#   7]
          +0.087*[#   8]+0.052*[#   1]+0.052*[#   5]
    |psi|^2 = 0.626
==== e(   6) =    10.72708 eV ==== 
     psi = 0.075*[#   2]+0.075*[#   3]+0.075*[#   4]+0.075*[#   6]+0.075*[#   7]
          +0.075*[#   8]+0.022*[#   1]+0.022*[#   5]
    |psi|^2 = 0.496
==== e(   7) =    11.73515 eV ==== 
     psi = 0.111*[#   1]+0.111*[#   5]+0.078*[#   2]+0.078*[#   3]+0.078*[#   4]
          +0.078*[#   6]+0.078*[#   7]+0.078*[#   8]
    |psi|^2 = 0.692
==== e(   8) =    11.73901 eV ==== 
     psi = 0.132*[#   1]+0.132*[#   5]+0.089*[#   2]+0.089*[#   3]+0.089*[#   4]
          +0.089*[#   6]+0.089*[#   7]+0.089*[#   8]
    |psi|^2 = 0.798

 k =   0.9375000000  0.5625000000  0.0000000000
==== e(   1) =    -1.56467 eV ==== 
     psi = 0.308*[#   1]+0.308*[#   5]+0.063*[#   2]+0.063*[#   3]+0.063*[#   4]
          +0.063*[#   6]+0.063*[#   7]+0.063*[#   8]
    |psi|^2 = 0.995
==== e(   2) =    -1.07896 eV ==== 
     psi = 0.285*[#   1]+0.285*[#   5]+0.071*[#   2]+0.071*[#   3]+0.071*[#   4]
          +0.071*[#   6]+0.071*[#   7]+0.071*[#   8]
    |psi|^2 = 0.994
==== e(   3) =     2.26847 eV ==== 
     psi = 0.166*[#   2]+0.166*[#   3]+0.166*[#   4]+0.166*[#   6]+0.166*[#   7]
          +0.166*[#   8]
    |psi|^2 = 0.994
==== e(   4) =     2.78283 eV ==== 
     psi = 0.165*[#   2]+0.165*[#   3]+0.165*[#   4]+0.165*[#   6]+0.165*[#   7]
          +0.165*[#   8]+0.003*[#   1]+0.003*[#   5]
    |psi|^2 = 0.993
==== e(   5) =     9.76248 eV ==== 
     psi = 0.090*[#   2]+0.090*[#   3]+0.090*[#   4]+0.090*[#   6]+0.090*[#   7]
          +0.090*[#   8]+0.070*[#   1]+0.070*[#   5]
    |psi|^2 = 0.679
==== e(   6) =    10.71327 eV ==== 
     psi = 0.073*[#   2]+0.073*[#   3]+0.073*[#   4]+0.073*[#   6]+0.073*[#   7]
          +0.073*[#   8]+0.037*[#   1]+0.037*[#   5]
    |psi|^2 = 0.513
==== e(   7) =    11.93634 eV ==== 
     psi = 0.114*[#   1]+0.114*[#   5]+0.091*[#   2]+0.091*[#   3]+0.091*[#   4]
          +0.091*[#   6]+0.091*[#   7]+0.091*[#   8]
    |psi|^2 = 0.773
==== e(   8) =    11.99765 eV ==== 
     psi = 0.096*[#   1]+0.096*[#   5]+0.075*[#   2]+0.075*[#   3]+0.075*[#   4]
          +0.075*[#   6]+0.075*[#   7]+0.075*[#   8]
    |psi|^2 = 0.640

 k =   0.9166666667  0.5833333333  0.0000000000
==== e(   1) =    -1.63371 eV ==== 
     psi = 0.310*[#   1]+0.310*[#   5]+0.062*[#   2]+0.062*[#   3]+0.062*[#   4]
          +0.062*[#   6]+0.062*[#   7]+0.062*[#   8]
    |psi|^2 = 0.995
==== e(   2) =    -1.02723 eV ==== 
     psi = 0.280*[#   1]+0.280*[#   5]+0.072*[#   2]+0.072*[#   3]+0.072*[#   4]
          +0.072*[#   6]+0.072*[#   7]+0.072*[#   8]
    |psi|^2 = 0.994
==== e(   3) =     2.21441 eV ==== 
     psi = 0.166*[#   2]+0.166*[#   3]+0.166*[#   4]+0.166*[#   6]+0.166*[#   7]
          +0.166*[#   8]
    |psi|^2 = 0.994
==== e(   4) =     2.92625 eV ==== 
     psi = 0.164*[#   2]+0.164*[#   3]+0.164*[#   4]+0.164*[#   6]+0.164*[#   7]
          +0.164*[#   8]+0.004*[#   1]+0.004*[#   5]
    |psi|^2 = 0.993
==== e(   5) =     9.39779 eV ==== 
     psi = 0.092*[#   2]+0.092*[#   3]+0.092*[#   4]+0.092*[#   6]+0.092*[#   7]
          +0.092*[#   8]+0.082*[#   1]+0.082*[#   5]
    |psi|^2 = 0.717
==== e(   6) =    10.68874 eV ==== 
     psi = 0.071*[#   2]+0.071*[#   3]+0.071*[#   4]+0.071*[#   6]+0.071*[#   7]
          +0.071*[#   8]+0.050*[#   1]+0.050*[#   5]
    |psi|^2 = 0.526
==== e(   7) =    12.15518 eV ==== 
     psi = 0.098*[#   1]+0.098*[#   5]+0.093*[#   2]+0.093*[#   3]+0.093*[#   4]
          +0.093*[#   6]+0.093*[#   7]+0.093*[#   8]
    |psi|^2 = 0.752
==== e(   8) =    12.28186 eV ==== 
     psi = 0.085*[#   1]+0.085*[#   5]+0.072*[#   2]+0.072*[#   3]+0.072*[#   4]
          +0.072*[#   6]+0.072*[#   7]+0.072*[#   8]
    |psi|^2 = 0.602

 k =   0.8958333333  0.6041666667  0.0000000000
==== e(   1) =    -1.69470 eV ==== 
     psi = 0.313*[#   1]+0.313*[#   5]+0.062*[#   2]+0.062*[#   3]+0.062*[#   4]
          +0.062*[#   6]+0.062*[#   7]+0.062*[#   8]
    |psi|^2 = 0.995
==== e(   2) =    -0.98616 eV ==== 
     psi = 0.275*[#   1]+0.275*[#   5]+0.074*[#   2]+0.074*[#   3]+0.074*[#   4]
          +0.074*[#   6]+0.074*[#   7]+0.074*[#   8]
    |psi|^2 = 0.994
==== e(   3) =     2.16634 eV ==== 
     psi = 0.166*[#   2]+0.166*[#   3]+0.166*[#   4]+0.166*[#   6]+0.166*[#   7]
          +0.166*[#   8]
    |psi|^2 = 0.993
==== e(   4) =     3.08255 eV ==== 
     psi = 0.164*[#   2]+0.164*[#   3]+0.164*[#   4]+0.164*[#   6]+0.164*[#   7]
          +0.164*[#   8]+0.006*[#   1]+0.006*[#   5]
    |psi|^2 = 0.993
==== e(   5) =     9.04576 eV ==== 
     psi = 0.094*[#   2]+0.094*[#   3]+0.094*[#   4]+0.094*[#   6]+0.094*[#   7]
          +0.094*[#   8]+0.093*[#   1]+0.093*[#   5]
    |psi|^2 = 0.747
==== e(   6) =    10.66049 eV ==== 
     psi = 0.069*[#   2]+0.069*[#   3]+0.069*[#   4]+0.069*[#   6]+0.069*[#   7]
          +0.069*[#   8]+0.060*[#   1]+0.060*[#   5]
    |psi|^2 = 0.535
==== e(   7) =    12.38787 eV ==== 
     psi = 0.094*[#   2]+0.094*[#   3]+0.094*[#   4]+0.094*[#   6]+0.094*[#   7]
          +0.094*[#   8]+0.084*[#   1]+0.084*[#   5]
    |psi|^2 = 0.734
==== e(   8) =    12.57914 eV ==== 
     psi = 0.077*[#   1]+0.077*[#   5]+0.069*[#   2]+0.069*[#   3]+0.069*[#   4]
          +0.069*[#   6]+0.069*[#   7]+0.069*[#   8]
    |psi|^2 = 0.570

 k =   0.8750000000  0.6250000000  0.0000000000
==== e(   1) =    -1.74761 eV ==== 
     psi = 0.315*[#   1]+0.315*[#   5]+0.061*[#   2]+0.061*[#   3]+0.061*[#   4]
          +0.061*[#   6]+0.061*[#   7]+0.061*[#   8]
    |psi|^2 = 0.995
==== e(   2) =    -0.95428 eV ==== 
     psi = 0.270*[#   1]+0.270*[#   5]+0.076*[#   2]+0.076*[#   3]+0.076*[#   4]
          +0.076*[#   6]+0.076*[#   7]+0.076*[#   8]
    |psi|^2 = 0.994
==== e(   3) =     2.12442 eV ==== 
     psi = 0.166*[#   2]+0.166*[#   3]+0.166*[#   4]+0.166*[#   6]+0.166*[#   7]
          +0.166*[#   8]
    |psi|^2 = 0.993
==== e(   4) =     3.24662 eV ==== 
     psi = 0.163*[#   2]+0.163*[#   3]+0.163*[#   4]+0.163*[#   6]+0.163*[#   7]
          +0.163*[#   8]+0.006*[#   1]+0.006*[#   5]
    |psi|^2 = 0.993
==== e(   5) =     8.71332 eV ==== 
     psi = 0.102*[#   1]+0.102*[#   5]+0.094*[#   2]+0.094*[#   3]+0.094*[#   4]
          +0.094*[#   6]+0.094*[#   7]+0.094*[#   8]
    |psi|^2 = 0.771
==== e(   6) =    10.63237 eV ==== 
     psi = 0.069*[#   1]+0.069*[#   5]+0.067*[#   2]+0.067*[#   3]+0.067*[#   4]
          +0.067*[#   6]+0.067*[#   7]+0.067*[#   8]
    |psi|^2 = 0.541
==== e(   7) =    12.62976 eV ==== 
     psi = 0.096*[#   2]+0.096*[#   3]+0.096*[#   4]+0.096*[#   6]+0.096*[#   7]
          +0.096*[#   8]+0.071*[#   1]+0.071*[#   5]
    |psi|^2 = 0.719
==== e(   8) =    12.88595 eV ==== 
     psi = 0.071*[#   1]+0.071*[#   5]+0.067*[#   2]+0.067*[#   3]+0.067*[#   4]
          +0.067*[#   6]+0.067*[#   7]+0.067*[#   8]
    |psi|^2 = 0.543

 k =   0.8541666667  0.6458333333  0.0000000000
==== e(   1) =    -1.79242 eV ==== 
     psi = 0.317*[#   1]+0.317*[#   5]+0.060*[#   2]+0.060*[#   3]+0.060*[#   4]
          +0.060*[#   6]+0.060*[#   7]+0.060*[#   8]
    |psi|^2 = 0.995
==== e(   2) =    -0.93012 eV ==== 
     psi = 0.265*[#   1]+0.265*[#   5]+0.077*[#   2]+0.077*[#   3]+0.077*[#   4]
          +0.077*[#   6]+0.077*[#   7]+0.077*[#   8]
    |psi|^2 = 0.994
==== e(   3) =     2.08875 eV ==== 
     psi = 0.166*[#   2]+0.166*[#   3]+0.166*[#   4]+0.166*[#   6]+0.166*[#   7]
          +0.166*[#   8]
    |psi|^2 = 0.993
==== e(   4) =     3.41206 eV ==== 
     psi = 0.163*[#   2]+0.163*[#   3]+0.163*[#   4]+0.163*[#   6]+0.163*[#   7]
          +0.163*[#   8]+0.007*[#   1]+0.007*[#   5]
    |psi|^2 = 0.992
==== e(   5) =     8.40695 eV ==== 
     psi = 0.110*[#   1]+0.110*[#   5]+0.095*[#   2]+0.095*[#   3]+0.095*[#   4]
          +0.095*[#   6]+0.095*[#   7]+0.095*[#   8]
    |psi|^2 = 0.790
==== e(   6) =    10.60654 eV ==== 
     psi = 0.076*[#   1]+0.076*[#   5]+0.066*[#   2]+0.066*[#   3]+0.066*[#   4]
          +0.066*[#   6]+0.066*[#   7]+0.066*[#   8]
    |psi|^2 = 0.545
==== e(   7) =    12.87760 eV ==== 
     psi = 0.098*[#   2]+0.098*[#   3]+0.098*[#   4]+0.098*[#   6]+0.098*[#   7]
          +0.098*[#   8]+0.060*[#   1]+0.060*[#   5]
    |psi|^2 = 0.708
==== e(   8) =    13.20041 eV ==== 
     psi = 0.066*[#   1]+0.066*[#   5]+0.065*[#   2]+0.065*[#   3]+0.065*[#   4]
          +0.065*[#   6]+0.065*[#   7]+0.065*[#   8]
    |psi|^2 = 0.520

 k =   0.8333333333  0.6666666667  0.0000000000
==== e(   1) =    -1.82911 eV ==== 
     psi = 0.319*[#   1]+0.319*[#   5]+0.060*[#   2]+0.060*[#   3]+0.060*[#   4]
          +0.060*[#   6]+0.060*[#   7]+0.060*[#   8]
    |psi|^2 = 0.995
==== e(   2) =    -0.91233 eV ==== 
     psi = 0.262*[#   1]+0.262*[#   5]+0.078*[#   2]+0.078*[#   3]+0.078*[#   4]
          +0.078*[#   6]+0.078*[#   7]+0.078*[#   8]
    |psi|^2 = 0.994
==== e(   3) =     2.05944 eV ==== 
     psi = 0.166*[#   2]+0.166*[#   3]+0.166*[#   4]+0.166*[#   6]+0.166*[#   7]
          +0.166*[#   8]
    |psi|^2 = 0.993
==== e(   4) =     3.57086 eV ==== 
     psi = 0.164*[#   2]+0.164*[#   3]+0.164*[#   4]+0.164*[#   6]+0.164*[#   7]
          +0.164*[#   8]+0.006*[#   1]+0.006*[#   5]
    |psi|^2 = 0.992
==== e(   5) =     8.13412 eV ==== 
     psi = 0.118*[#   1]+0.118*[#   5]+0.095*[#   2]+0.095*[#   3]+0.095*[#   4]
          +0.095*[#   6]+0.095*[#   7]+0.095*[#   8]
    |psi|^2 = 0.804
==== e(   6) =    10.58427 eV ==== 
     psi = 0.081*[#   1]+0.081*[#   5]+0.064*[#   2]+0.064*[#   3]+0.064*[#   4]
          +0.064*[#   6]+0.064*[#   7]+0.064*[#   8]
    |psi|^2 = 0.548
==== e(   7) =    13.12853 eV ==== 
     psi = 0.101*[#   2]+0.101*[#   3]+0.101*[#   4]+0.101*[#   6]+0.101*[#   7]
          +0.101*[#   8]+0.049*[#   1]+0.049*[#   5]
    |psi|^2 = 0.702
==== e(   8) =    13.52122 eV ==== 
     psi = 0.063*[#   2]+0.063*[#   3]+0.063*[#   4]+0.063*[#   6]+0.063*[#   7]
          +0.063*[#   8]+0.062*[#   1]+0.062*[#   5]
    |psi|^2 = 0.500

 k =   0.8125000000  0.6875000000  0.0000000000
==== e(   1) =    -1.85766 eV ==== 
     psi = 0.321*[#   1]+0.321*[#   5]+0.059*[#   2]+0.059*[#   3]+0.059*[#   4]
          +0.059*[#   6]+0.059*[#   7]+0.059*[#   8]
    |psi|^2 = 0.995
==== e(   2) =    -0.89974 eV ==== 
     psi = 0.259*[#   1]+0.259*[#   5]+0.079*[#   2]+0.079*[#   3]+0.079*[#   4]
          +0.079*[#   6]+0.079*[#   7]+0.079*[#   8]
    |psi|^2 = 0.994
==== e(   3) =     2.03657 eV ==== 
     psi = 0.166*[#   2]+0.166*[#   3]+0.166*[#   4]+0.166*[#   6]+0.166*[#   7]
          +0.166*[#   8]
    |psi|^2 = 0.993
==== e(   4) =     3.71324 eV ==== 
     psi = 0.164*[#   2]+0.164*[#   3]+0.164*[#   4]+0.164*[#   6]+0.164*[#   7]
          +0.164*[#   8]+0.004*[#   1]+0.004*[#   5]
    |psi|^2 = 0.993
==== e(   5) =     7.90395 eV ==== 
     psi = 0.124*[#   1]+0.124*[#   5]+0.094*[#   2]+0.094*[#   3]+0.094*[#   4]
          +0.094*[#   6]+0.094*[#   7]+0.094*[#   8]
    |psi|^2 = 0.815
==== e(   6) =    10.56634 eV ==== 
     psi = 0.085*[#   1]+0.085*[#   5]+0.063*[#   2]+0.063*[#   3]+0.063*[#   4]
          +0.063*[#   6]+0.063*[#   7]+0.063*[#   8]
    |psi|^2 = 0.550
==== e(   7) =    13.37900 eV ==== 
     psi = 0.104*[#   2]+0.104*[#   3]+0.104*[#   4]+0.104*[#   6]+0.104*[#   7]
          +0.104*[#   8]+0.039*[#   1]+0.039*[#   5]
    |psi|^2 = 0.702
==== e(   8) =    13.84719 eV ==== 
     psi = 0.061*[#   2]+0.061*[#   3]+0.061*[#   4]+0.061*[#   6]+0.061*[#   7]
          +0.061*[#   8]+0.059*[#   1]+0.059*[#   5]
    |psi|^2 = 0.486

 k =   0.7916666667  0.7083333333  0.0000000000
==== e(   1) =    -1.87806 eV ==== 
     psi = 0.322*[#   1]+0.322*[#   5]+0.059*[#   2]+0.059*[#   3]+0.059*[#   4]
          +0.059*[#   6]+0.059*[#   7]+0.059*[#   8]
    |psi|^2 = 0.995
==== e(   2) =    -0.89142 eV ==== 
     psi = 0.256*[#   1]+0.256*[#   5]+0.080*[#   2]+0.080*[#   3]+0.080*[#   4]
          +0.080*[#   6]+0.080*[#   7]+0.080*[#   8]
    |psi|^2 = 0.994
==== e(   3) =     2.02019 eV ==== 
     psi = 0.166*[#   2]+0.166*[#   3]+0.166*[#   4]+0.166*[#   6]+0.166*[#   7]
          +0.166*[#   8]
    |psi|^2 = 0.993
==== e(   4) =     3.82780 eV ==== 
     psi = 0.165*[#   2]+0.165*[#   3]+0.165*[#   4]+0.165*[#   6]+0.165*[#   7]
          +0.165*[#   8]+0.002*[#   1]+0.002*[#   5]
    |psi|^2 = 0.993
==== e(   5) =     7.72719 eV ==== 
     psi = 0.130*[#   1]+0.130*[#   5]+0.094*[#   2]+0.094*[#   3]+0.094*[#   4]
          +0.094*[#   6]+0.094*[#   7]+0.094*[#   8]
    |psi|^2 = 0.823
==== e(   6) =    10.55326 eV ==== 
     psi = 0.088*[#   1]+0.088*[#   5]+0.062*[#   2]+0.062*[#   3]+0.062*[#   4]
          +0.062*[#   6]+0.062*[#   7]+0.062*[#   8]
    |psi|^2 = 0.551
==== e(   7) =    13.62222 eV ==== 
     psi = 0.110*[#   2]+0.110*[#   3]+0.110*[#   4]+0.110*[#   6]+0.110*[#   7]
          +0.110*[#   8]+0.027*[#   1]+0.027*[#   5]
    |psi|^2 = 0.716
==== e(   8) =    14.17680 eV ==== 
     psi = 0.061*[#   2]+0.061*[#   3]+0.061*[#   4]+0.061*[#   6]+0.061*[#   7]
          +0.061*[#   8]+0.057*[#   1]+0.057*[#   5]
    |psi|^2 = 0.483

 k =   0.7708333333  0.7291666667  0.0000000000
==== e(   1) =    -1.89030 eV ==== 
     psi = 0.322*[#   1]+0.322*[#   5]+0.059*[#   2]+0.059*[#   3]+0.059*[#   4]
          +0.059*[#   6]+0.059*[#   7]+0.059*[#   8]
    |psi|^2 = 0.995
==== e(   2) =    -0.88670 eV ==== 
     psi = 0.255*[#   1]+0.255*[#   5]+0.081*[#   2]+0.081*[#   3]+0.081*[#   4]
          +0.081*[#   6]+0.081*[#   7]+0.081*[#   8]
    |psi|^2 = 0.994
==== e(   3) =     2.01035 eV ==== 
     psi = 0.166*[#   2]+0.166*[#   3]+0.166*[#   4]+0.166*[#   6]+0.166*[#   7]
          +0.166*[#   8]
    |psi|^2 = 0.993
==== e(   4) =     3.90284 eV ==== 
     psi = 0.165*[#   2]+0.165*[#   3]+0.165*[#   4]+0.165*[#   6]+0.165*[#   7]
          +0.165*[#   8]
    |psi|^2 = 0.993
==== e(   5) =     7.61503 eV ==== 
     psi = 0.134*[#   1]+0.134*[#   5]+0.093*[#   2]+0.093*[#   3]+0.093*[#   4]
          +0.093*[#   6]+0.093*[#   7]+0.093*[#   8]
    |psi|^2 = 0.827
==== e(   6) =    10.54530 eV ==== 
     psi = 0.090*[#   1]+0.090*[#   5]+0.062*[#   2]+0.062*[#   3]+0.062*[#   4]
          +0.062*[#   6]+0.062*[#   7]+0.062*[#   8]
    |psi|^2 = 0.551
==== e(   7) =    13.83772 eV ==== 
     psi = 0.123*[#   2]+0.123*[#   3]+0.123*[#   4]+0.123*[#   6]+0.123*[#   7]
          +0.123*[#   8]+0.012*[#   1]+0.012*[#   5]
    |psi|^2 = 0.760
==== e(   8) =    14.50637 eV ==== 
     psi = 0.066*[#   2]+0.066*[#   3]+0.066*[#   4]+0.066*[#   6]+0.066*[#   7]
          +0.066*[#   8]+0.059*[#   1]+0.059*[#   5]
    |psi|^2 = 0.512

 k =   0.7500000000  0.7500000000  0.0000000000
==== e(   1) =    -1.89438 eV ==== 
     psi = 0.322*[#   1]+0.322*[#   5]+0.058*[#   2]+0.058*[#   3]+0.058*[#   4]
          +0.058*[#   6]+0.058*[#   7]+0.058*[#   8]
    |psi|^2 = 0.995
==== e(   2) =    -0.88517 eV ==== 
     psi = 0.255*[#   1]+0.255*[#   5]+0.081*[#   2]+0.081*[#   3]+0.081*[#   4]
          +0.081*[#   6]+0.081*[#   7]+0.081*[#   8]
    |psi|^2 = 0.993
==== e(   3) =     2.00706 eV ==== 
     psi = 0.166*[#   2]+0.166*[#   3]+0.166*[#   4]+0.166*[#   6]+0.166*[#   7]
          +0.166*[#   8]
    |psi|^2 = 0.993
==== e(   4) =     3.92905 eV ==== 
     psi = 0.166*[#   2]+0.166*[#   3]+0.166*[#   4]+0.166*[#   6]+0.166*[#   7]
          +0.166*[#   8]
    |psi|^2 = 0.993
==== e(   5) =     7.57648 eV ==== 
     psi = 0.135*[#   1]+0.135*[#   5]+0.093*[#   2]+0.093*[#   3]+0.093*[#   4]
          +0.093*[#   6]+0.093*[#   7]+0.093*[#   8]
    |psi|^2 = 0.828
==== e(   6) =    10.54263 eV ==== 
     psi = 0.091*[#   1]+0.091*[#   5]+0.062*[#   2]+0.062*[#   3]+0.062*[#   4]
          +0.062*[#   6]+0.062*[#   7]+0.062*[#   8]
    |psi|^2 = 0.551
==== e(   7) =    13.94485 eV ==== 
     psi = 0.136*[#   2]+0.136*[#   3]+0.136*[#   4]+0.136*[#   6]+0.136*[#   7]
          +0.136*[#   8]
    |psi|^2 = 0.815
==== e(   8) =    14.49966 eV ==== 
     psi = 0.058*[#   1]+0.058*[#   5]+0.036*[#   2]+0.036*[#   3]+0.036*[#   4]
          +0.036*[#   6]+0.036*[#   7]+0.036*[#   8]
    |psi|^2 = 0.331

 k =   0.7187500000  0.7187500000  0.0000000000
==== e(   1) =    -2.05053 eV ==== 
     psi = 0.326*[#   1]+0.326*[#   5]+0.057*[#   2]+0.057*[#   3]+0.057*[#   4]
          +0.057*[#   6]+0.057*[#   7]+0.057*[#   8]
    |psi|^2 = 0.996
==== e(   2) =    -0.72731 eV ==== 
     psi = 0.249*[#   1]+0.249*[#   5]+0.083*[#   2]+0.083*[#   3]+0.083*[#   4]
          +0.083*[#   6]+0.083*[#   7]+0.083*[#   8]
    |psi|^2 = 0.994
==== e(   3) =     1.92192 eV ==== 
     psi = 0.165*[#   2]+0.165*[#   3]+0.165*[#   4]+0.165*[#   6]+0.165*[#   7]
          +0.165*[#   8]+0.001*[#   1]+0.001*[#   5]
    |psi|^2 = 0.993
==== e(   4) =     4.04000 eV ==== 
     psi = 0.165*[#   2]+0.165*[#   3]+0.165*[#   4]+0.165*[#   6]+0.165*[#   7]
          +0.165*[#   8]
    |psi|^2 = 0.993
==== e(   5) =     7.70562 eV ==== 
     psi = 0.128*[#   1]+0.128*[#   5]+0.095*[#   2]+0.095*[#   3]+0.095*[#   4]
          +0.095*[#   6]+0.095*[#   7]+0.095*[#   8]
    |psi|^2 = 0.827
==== e(   6) =    11.18348 eV ==== 
     psi = 0.073*[#   1]+0.073*[#   5]+0.052*[#   2]+0.052*[#   3]+0.052*[#   4]
          +0.052*[#   6]+0.052*[#   7]+0.052*[#   8]
    |psi|^2 = 0.455
==== e(   7) =    13.55661 eV ==== 
     psi = 0.138*[#   2]+0.138*[#   3]+0.138*[#   4]+0.138*[#   6]+0.138*[#   7]
          +0.138*[#   8]
    |psi|^2 = 0.827
==== e(   8) =    14.11329 eV ==== 
     psi = 0.072*[#   1]+0.072*[#   5]+0.048*[#   2]+0.048*[#   3]+0.048*[#   4]
          +0.048*[#   6]+0.048*[#   7]+0.048*[#   8]
    |psi|^2 = 0.429

 k =   0.6875000000  0.6875000000  0.0000000000
==== e(   1) =    -2.23392 eV ==== 
     psi = 0.328*[#   1]+0.328*[#   5]+0.057*[#   2]+0.057*[#   3]+0.057*[#   4]
          +0.057*[#   6]+0.057*[#   7]+0.057*[#   8]
    |psi|^2 = 0.996
==== e(   2) =    -0.55120 eV ==== 
     psi = 0.244*[#   1]+0.244*[#   5]+0.084*[#   2]+0.084*[#   3]+0.084*[#   4]
          +0.084*[#   6]+0.084*[#   7]+0.084*[#   8]
    |psi|^2 = 0.994
==== e(   3) =     1.88930 eV ==== 
     psi = 0.164*[#   2]+0.164*[#   3]+0.164*[#   4]+0.164*[#   6]+0.164*[#   7]
          +0.164*[#   8]+0.005*[#   1]+0.005*[#   5]
    |psi|^2 = 0.993
==== e(   4) =     4.16158 eV ==== 
     psi = 0.165*[#   2]+0.165*[#   3]+0.165*[#   4]+0.165*[#   6]+0.165*[#   7]
          +0.165*[#   8]
    |psi|^2 = 0.992
==== e(   5) =     7.84722 eV ==== 
     psi = 0.121*[#   1]+0.121*[#   5]+0.097*[#   2]+0.097*[#   3]+0.097*[#   4]
          +0.097*[#   6]+0.097*[#   7]+0.097*[#   8]
    |psi|^2 = 0.826
==== e(   6) =    11.82271 eV ==== 
     psi = 0.050*[#   1]+0.050*[#   5]+0.037*[#   2]+0.037*[#   3]+0.037*[#   4]
          +0.037*[#   6]+0.037*[#   7]+0.037*[#   8]
    |psi|^2 = 0.320
==== e(   7) =    13.18019 eV ==== 
     psi = 0.140*[#   2]+0.140*[#   3]+0.140*[#   4]+0.140*[#   6]+0.140*[#   7]
          +0.140*[#   8]
    |psi|^2 = 0.840
==== e(   8) =    13.76244 eV ==== 
     psi = 0.091*[#   1]+0.091*[#   5]+0.064*[#   2]+0.064*[#   3]+0.064*[#   4]
          +0.064*[#   6]+0.064*[#   7]+0.064*[#   8]
    |psi|^2 = 0.568

 k =   0.6562500000  0.6562500000  0.0000000000
==== e(   1) =    -2.44002 eV ==== 
     psi = 0.329*[#   1]+0.329*[#   5]+0.056*[#   2]+0.056*[#   3]+0.056*[#   4]
          +0.056*[#   6]+0.056*[#   7]+0.056*[#   8]
    |psi|^2 = 0.996
==== e(   2) =    -0.35696 eV ==== 
     psi = 0.238*[#   1]+0.238*[#   5]+0.086*[#   2]+0.086*[#   3]+0.086*[#   4]
          +0.086*[#   6]+0.086*[#   7]+0.086*[#   8]
    |psi|^2 = 0.993
==== e(   3) =     1.90648 eV ==== 
     psi = 0.162*[#   2]+0.162*[#   3]+0.162*[#   4]+0.162*[#   6]+0.162*[#   7]
          +0.162*[#   8]+0.010*[#   1]+0.010*[#   5]
    |psi|^2 = 0.992
==== e(   4) =     4.29283 eV ==== 
     psi = 0.165*[#   2]+0.165*[#   3]+0.165*[#   4]+0.165*[#   6]+0.165*[#   7]
          +0.165*[#   8]
    |psi|^2 = 0.992
==== e(   5) =     8.00004 eV ==== 
     psi = 0.115*[#   1]+0.115*[#   5]+0.099*[#   2]+0.099*[#   3]+0.099*[#   4]
          +0.099*[#   6]+0.099*[#   7]+0.099*[#   8]
    |psi|^2 = 0.825
==== e(   6) =    12.39556 eV ==== 
     psi = 0.015*[#   1]+0.015*[#   5]+0.011*[#   2]+0.011*[#   3]+0.011*[#   4]
          +0.011*[#   6]+0.011*[#   7]+0.011*[#   8]
    |psi|^2 = 0.099
==== e(   7) =    12.81689 eV ==== 
     psi = 0.142*[#   2]+0.142*[#   3]+0.142*[#   4]+0.142*[#   6]+0.142*[#   7]
          +0.142*[#   8]
    |psi|^2 = 0.852
==== e(   8) =    13.50859 eV ==== 
     psi = 0.122*[#   1]+0.122*[#   5]+0.091*[#   2]+0.091*[#   3]+0.091*[#   4]
          +0.091*[#   6]+0.091*[#   7]+0.091*[#   8]
    |psi|^2 = 0.793

 k =   0.6250000000  0.6250000000  0.0000000000
==== e(   1) =    -2.66304 eV ==== 
     psi = 0.329*[#   1]+0.329*[#   5]+0.056*[#   2]+0.056*[#   3]+0.056*[#   4]
          +0.056*[#   6]+0.056*[#   7]+0.056*[#   8]
    |psi|^2 = 0.996
==== e(   2) =    -0.14473 eV ==== 
     psi = 0.232*[#   1]+0.232*[#   5]+0.088*[#   2]+0.088*[#   3]+0.088*[#   4]
          +0.088*[#   6]+0.088*[#   7]+0.088*[#   8]
    |psi|^2 = 0.993
==== e(   3) =     1.96892 eV ==== 
     psi = 0.160*[#   2]+0.160*[#   3]+0.160*[#   4]+0.160*[#   6]+0.160*[#   7]
          +0.160*[#   8]+0.016*[#   1]+0.016*[#   5]
    |psi|^2 = 0.992
==== e(   4) =     4.43261 eV ==== 
     psi = 0.165*[#   2]+0.165*[#   3]+0.165*[#   4]+0.165*[#   6]+0.165*[#   7]
          +0.165*[#   8]
    |psi|^2 = 0.991
==== e(   5) =     8.16250 eV ==== 
     psi = 0.110*[#   1]+0.110*[#   5]+0.101*[#   2]+0.101*[#   3]+0.101*[#   4]
          +0.101*[#   6]+0.101*[#   7]+0.101*[#   8]
    |psi|^2 = 0.824
==== e(   6) =    12.46765 eV ==== 
     psi = 0.144*[#   2]+0.144*[#   3]+0.144*[#   4]+0.144*[#   6]+0.144*[#   7]
          +0.144*[#   8]
    |psi|^2 = 0.864
==== e(   7) =    12.62115 eV ==== 
     psi = 0.008*[#   1]+0.008*[#   5]+0.007*[#   2]+0.007*[#   3]+0.007*[#   4]
          +0.007*[#   6]+0.007*[#   7]+0.007*[#   8]
    |psi|^2 = 0.062
==== e(   8) =    13.57732 eV ==== 
     psi = 0.134*[#   1]+0.134*[#   5]+0.081*[#   2]+0.081*[#   3]+0.081*[#   4]
          +0.081*[#   6]+0.081*[#   7]+0.081*[#   8]
    |psi|^2 = 0.757

 k =   0.5937500000  0.5937500000  0.0000000000
==== e(   1) =    -2.89702 eV ==== 
     psi = 0.329*[#   1]+0.329*[#   5]+0.056*[#   2]+0.056*[#   3]+0.056*[#   4]
          +0.056*[#   6]+0.056*[#   7]+0.056*[#   8]
    |psi|^2 = 0.996
==== e(   2) =     0.08534 eV ==== 
     psi = 0.226*[#   1]+0.226*[#   5]+0.090*[#   2]+0.090*[#   3]+0.090*[#   4]
          +0.090*[#   6]+0.090*[#   7]+0.090*[#   8]
    |psi|^2 = 0.993
==== e(   3) =     2.07145 eV ==== 
     psi = 0.158*[#   2]+0.158*[#   3]+0.158*[#   4]+0.158*[#   6]+0.158*[#   7]
          +0.158*[#   8]+0.022*[#   1]+0.022*[#   5]
    |psi|^2 = 0.992
==== e(   4) =     4.57961 eV ==== 
     psi = 0.165*[#   2]+0.165*[#   3]+0.165*[#   4]+0.165*[#   6]+0.165*[#   7]
          +0.165*[#   8]
    |psi|^2 = 0.990
==== e(   5) =     8.33257 eV ==== 
     psi = 0.105*[#   1]+0.105*[#   5]+0.102*[#   2]+0.102*[#   3]+0.102*[#   4]
          +0.102*[#   6]+0.102*[#   7]+0.102*[#   8]
    |psi|^2 = 0.824
==== e(   6) =    12.13321 eV ==== 
     psi = 0.146*[#   2]+0.146*[#   3]+0.146*[#   4]+0.146*[#   6]+0.146*[#   7]
          +0.146*[#   8]
    |psi|^2 = 0.876
==== e(   7) =    12.43558 eV ==== 
     psi = 0.042*[#   1]+0.042*[#   5]+0.037*[#   2]+0.037*[#   3]+0.037*[#   4]
          +0.037*[#   6]+0.037*[#   7]+0.037*[#   8]
    |psi|^2 = 0.306
==== e(   8) =    13.31203 eV ==== 
     psi = 0.142*[#   1]+0.142*[#   5]+0.077*[#   2]+0.077*[#   3]+0.077*[#   4]
          +0.077*[#   6]+0.077*[#   7]+0.077*[#   8]
    |psi|^2 = 0.746

 k =   0.5625000000  0.5625000000  0.0000000000
==== e(   1) =    -3.13649 eV ==== 
     psi = 0.330*[#   1]+0.330*[#   5]+0.056*[#   2]+0.056*[#   3]+0.056*[#   4]
          +0.056*[#   6]+0.056*[#   7]+0.056*[#   8]
    |psi|^2 = 0.995
==== e(   2) =     0.33306 eV ==== 
     psi = 0.220*[#   1]+0.220*[#   5]+0.092*[#   2]+0.092*[#   3]+0.092*[#   4]
          +0.092*[#   6]+0.092*[#   7]+0.092*[#   8]
    |psi|^2 = 0.993
==== e(   3) =     2.20906 eV ==== 
     psi = 0.156*[#   2]+0.156*[#   3]+0.156*[#   4]+0.156*[#   6]+0.156*[#   7]
          +0.156*[#   8]+0.028*[#   1]+0.028*[#   5]
    |psi|^2 = 0.992
==== e(   4) =     4.73225 eV ==== 
     psi = 0.165*[#   2]+0.165*[#   3]+0.165*[#   4]+0.165*[#   6]+0.165*[#   7]
          +0.165*[#   8]
    |psi|^2 = 0.989
==== e(   5) =     8.50764 eV ==== 
     psi = 0.104*[#   2]+0.104*[#   3]+0.104*[#   4]+0.104*[#   6]+0.104*[#   7]
          +0.104*[#   8]+0.102*[#   1]+0.102*[#   5]
    |psi|^2 = 0.826
==== e(   6) =    11.81413 eV ==== 
     psi = 0.148*[#   2]+0.148*[#   3]+0.148*[#   4]+0.148*[#   6]+0.148*[#   7]
          +0.148*[#   8]
    |psi|^2 = 0.887
==== e(   7) =    12.15432 eV ==== 
     psi = 0.061*[#   1]+0.061*[#   5]+0.056*[#   2]+0.056*[#   3]+0.056*[#   4]
          +0.056*[#   6]+0.056*[#   7]+0.056*[#   8]
    |psi|^2 = 0.456
==== e(   8) =    13.06534 eV ==== 
     psi = 0.148*[#   1]+0.148*[#   5]+0.073*[#   2]+0.073*[#   3]+0.073*[#   4]
          +0.073*[#   6]+0.073*[#   7]+0.073*[#   8]
    |psi|^2 = 0.733

 k =   0.5312500000  0.5312500000  0.0000000000
==== e(   1) =    -3.37679 eV ==== 
     psi = 0.331*[#   1]+0.331*[#   5]+0.056*[#   2]+0.056*[#   3]+0.056*[#   4]
          +0.056*[#   6]+0.056*[#   7]+0.056*[#   8]
    |psi|^2 = 0.995
==== e(   2) =     0.59823 eV ==== 
     psi = 0.213*[#   1]+0.213*[#   5]+0.094*[#   2]+0.094*[#   3]+0.094*[#   4]
          +0.094*[#   6]+0.094*[#   7]+0.094*[#   8]
    |psi|^2 = 0.992
==== e(   3) =     2.37723 eV ==== 
     psi = 0.154*[#   2]+0.154*[#   3]+0.154*[#   4]+0.154*[#   6]+0.154*[#   7]
          +0.154*[#   8]+0.033*[#   1]+0.033*[#   5]
    |psi|^2 = 0.991
==== e(   4) =     4.88877 eV ==== 
     psi = 0.165*[#   2]+0.165*[#   3]+0.165*[#   4]+0.165*[#   6]+0.165*[#   7]
          +0.165*[#   8]
    |psi|^2 = 0.989
==== e(   5) =     8.68431 eV ==== 
     psi = 0.105*[#   2]+0.105*[#   3]+0.105*[#   4]+0.105*[#   6]+0.105*[#   7]
          +0.105*[#   8]+0.100*[#   1]+0.100*[#   5]
    |psi|^2 = 0.829
==== e(   6) =    11.51085 eV ==== 
     psi = 0.149*[#   2]+0.149*[#   3]+0.149*[#   4]+0.149*[#   6]+0.149*[#   7]
          +0.149*[#   8]
    |psi|^2 = 0.897
==== e(   7) =    11.86225 eV ==== 
     psi = 0.071*[#   1]+0.071*[#   5]+0.069*[#   2]+0.069*[#   3]+0.069*[#   4]
          +0.069*[#   6]+0.069*[#   7]+0.069*[#   8]
    |psi|^2 = 0.558
==== e(   8) =    12.84040 eV ==== 
     psi = 0.152*[#   1]+0.152*[#   5]+0.069*[#   2]+0.069*[#   3]+0.069*[#   4]
          +0.069*[#   6]+0.069*[#   7]+0.069*[#   8]
    |psi|^2 = 0.718

 k =   0.5000000000  0.5000000000  0.0000000000
==== e(   1) =    -3.61409 eV ==== 
     psi = 0.333*[#   1]+0.333*[#   5]+0.055*[#   2]+0.055*[#   3]+0.055*[#   4]
          +0.055*[#   6]+0.055*[#   7]+0.055*[#   8]
    |psi|^2 = 0.995
==== e(   2) =     0.88059 eV ==== 
     psi = 0.206*[#   1]+0.206*[#   5]+0.097*[#   2]+0.097*[#   3]+0.097*[#   4]
          +0.097*[#   6]+0.097*[#   7]+0.097*[#   8]
    |psi|^2 = 0.992
==== e(   3) =     2.57209 eV ==== 
     psi = 0.153*[#   2]+0.153*[#   3]+0.153*[#   4]+0.153*[#   6]+0.153*[#   7]
          +0.153*[#   8]+0.038*[#   1]+0.038*[#   5]
    |psi|^2 = 0.991
==== e(   4) =     5.04712 eV ==== 
     psi = 0.165*[#   2]+0.165*[#   3]+0.165*[#   4]+0.165*[#   6]+0.165*[#   7]
          +0.165*[#   8]
    |psi|^2 = 0.988
==== e(   5) =     8.85825 eV ==== 
     psi = 0.106*[#   2]+0.106*[#   3]+0.106*[#   4]+0.106*[#   6]+0.106*[#   7]
          +0.106*[#   8]+0.100*[#   1]+0.100*[#   5]
    |psi|^2 = 0.835
==== e(   6) =    11.22372 eV ==== 
     psi = 0.151*[#   2]+0.151*[#   3]+0.151*[#   4]+0.151*[#   6]+0.151*[#   7]
          +0.151*[#   8]
    |psi|^2 = 0.906
==== e(   7) =    11.57660 eV ==== 
     psi = 0.080*[#   2]+0.080*[#   3]+0.080*[#   4]+0.080*[#   6]+0.080*[#   7]
          +0.080*[#   8]+0.077*[#   1]+0.077*[#   5]
    |psi|^2 = 0.634
==== e(   8) =    12.64075 eV ==== 
     psi = 0.154*[#   1]+0.154*[#   5]+0.065*[#   2]+0.065*[#   3]+0.065*[#   4]
          +0.065*[#   6]+0.065*[#   7]+0.065*[#   8]
    |psi|^2 = 0.701

 k =   0.4687500000  0.4687500000  0.0000000000
==== e(   1) =    -3.84533 eV ==== 
     psi = 0.337*[#   1]+0.337*[#   5]+0.054*[#   2]+0.054*[#   3]+0.054*[#   4]
          +0.054*[#   6]+0.054*[#   7]+0.054*[#   8]
    |psi|^2 = 0.995
==== e(   2) =     1.17985 eV ==== 
     psi = 0.199*[#   1]+0.199*[#   5]+0.099*[#   2]+0.099*[#   3]+0.099*[#   4]
          +0.099*[#   6]+0.099*[#   7]+0.099*[#   8]
    |psi|^2 = 0.991
==== e(   3) =     2.79026 eV ==== 
     psi = 0.151*[#   2]+0.151*[#   3]+0.151*[#   4]+0.151*[#   6]+0.151*[#   7]
          +0.151*[#   8]+0.041*[#   1]+0.041*[#   5]
    |psi|^2 = 0.990
==== e(   4) =     5.20507 eV ==== 
     psi = 0.164*[#   2]+0.164*[#   3]+0.164*[#   4]+0.164*[#   6]+0.164*[#   7]
          +0.164*[#   8]
    |psi|^2 = 0.987
==== e(   5) =     9.02405 eV ==== 
     psi = 0.107*[#   2]+0.107*[#   3]+0.107*[#   4]+0.107*[#   6]+0.107*[#   7]
          +0.107*[#   8]+0.102*[#   1]+0.102*[#   5]
    |psi|^2 = 0.844
==== e(   6) =    10.95305 eV ==== 
     psi = 0.152*[#   2]+0.152*[#   3]+0.152*[#   4]+0.152*[#   6]+0.152*[#   7]
          +0.152*[#   8]
    |psi|^2 = 0.915
==== e(   7) =    11.30255 eV ==== 
     psi = 0.089*[#   2]+0.089*[#   3]+0.089*[#   4]+0.089*[#   6]+0.089*[#   7]
          +0.089*[#   8]+0.080*[#   1]+0.080*[#   5]
    |psi|^2 = 0.695
==== e(   8) =    12.47042 eV ==== 
     psi = 0.154*[#   1]+0.154*[#   5]+0.062*[#   2]+0.062*[#   3]+0.062*[#   4]
          +0.062*[#   6]+0.062*[#   7]+0.062*[#   8]
    |psi|^2 = 0.681

 k =   0.4375000000  0.4375000000  0.0000000000
==== e(   1) =    -4.06810 eV ==== 
     psi = 0.341*[#   1]+0.341*[#   5]+0.052*[#   2]+0.052*[#   3]+0.052*[#   4]
          +0.052*[#   6]+0.052*[#   7]+0.052*[#   8]
    |psi|^2 = 0.995
==== e(   2) =     1.49567 eV ==== 
     psi = 0.192*[#   1]+0.192*[#   5]+0.101*[#   2]+0.101*[#   3]+0.101*[#   4]
          +0.101*[#   6]+0.101*[#   7]+0.101*[#   8]
    |psi|^2 = 0.990
==== e(   3) =     3.02880 eV ==== 
     psi = 0.150*[#   2]+0.150*[#   3]+0.150*[#   4]+0.150*[#   6]+0.150*[#   7]
          +0.150*[#   8]+0.044*[#   1]+0.044*[#   5]
    |psi|^2 = 0.990
==== e(   4) =     5.36019 eV ==== 
     psi = 0.164*[#   2]+0.164*[#   3]+0.164*[#   4]+0.164*[#   6]+0.164*[#   7]
          +0.164*[#   8]
    |psi|^2 = 0.986
==== e(   5) =     9.17525 eV ==== 
     psi = 0.107*[#   2]+0.107*[#   3]+0.107*[#   4]+0.107*[#   6]+0.107*[#   7]
          +0.107*[#   8]+0.106*[#   1]+0.106*[#   5]
    |psi|^2 = 0.857
==== e(   6) =    10.69907 eV ==== 
     psi = 0.154*[#   2]+0.154*[#   3]+0.154*[#   4]+0.154*[#   6]+0.154*[#   7]
          +0.154*[#   8]
    |psi|^2 = 0.922
==== e(   7) =    11.04209 eV ==== 
     psi = 0.097*[#   2]+0.097*[#   3]+0.097*[#   4]+0.097*[#   6]+0.097*[#   7]
          +0.097*[#   8]+0.081*[#   1]+0.081*[#   5]
    |psi|^2 = 0.745
==== e(   8) =    12.33355 eV ==== 
     psi = 0.152*[#   1]+0.152*[#   5]+0.059*[#   2]+0.059*[#   3]+0.059*[#   4]
          +0.059*[#   6]+0.059*[#   7]+0.059*[#   8]
    |psi|^2 = 0.660

 k =   0.4062500000  0.4062500000  0.0000000000
==== e(   1) =    -4.28048 eV ==== 
     psi = 0.348*[#   1]+0.348*[#   5]+0.050*[#   2]+0.050*[#   3]+0.050*[#   4]
          +0.050*[#   6]+0.050*[#   7]+0.050*[#   8]
    |psi|^2 = 0.995
==== e(   2) =     1.82761 eV ==== 
     psi = 0.184*[#   1]+0.184*[#   5]+0.104*[#   2]+0.104*[#   3]+0.104*[#   4]
          +0.104*[#   6]+0.104*[#   7]+0.104*[#   8]
    |psi|^2 = 0.989
==== e(   3) =     3.28497 eV ==== 
     psi = 0.150*[#   2]+0.150*[#   3]+0.150*[#   4]+0.150*[#   6]+0.150*[#   7]
          +0.150*[#   8]+0.045*[#   1]+0.045*[#   5]
    |psi|^2 = 0.989
==== e(   4) =     5.50996 eV ==== 
     psi = 0.164*[#   2]+0.164*[#   3]+0.164*[#   4]+0.164*[#   6]+0.164*[#   7]
          +0.164*[#   8]
    |psi|^2 = 0.984
==== e(   5) =     9.30483 eV ==== 
     psi = 0.113*[#   1]+0.113*[#   5]+0.108*[#   2]+0.108*[#   3]+0.108*[#   4]
          +0.108*[#   6]+0.108*[#   7]+0.108*[#   8]
    |psi|^2 = 0.874
==== e(   6) =    10.46199 eV ==== 
     psi = 0.155*[#   2]+0.155*[#   3]+0.155*[#   4]+0.155*[#   6]+0.155*[#   7]
          +0.155*[#   8]
    |psi|^2 = 0.929
==== e(   7) =    10.79605 eV ==== 
     psi = 0.104*[#   2]+0.104*[#   3]+0.104*[#   4]+0.104*[#   6]+0.104*[#   7]
          +0.104*[#   8]+0.081*[#   1]+0.081*[#   5]
    |psi|^2 = 0.786
==== e(   8) =    12.23363 eV ==== 
     psi = 0.147*[#   1]+0.147*[#   5]+0.057*[#   2]+0.057*[#   3]+0.057*[#   4]
          +0.057*[#   6]+0.057*[#   7]+0.057*[#   8]
    |psi|^2 = 0.640

 k =   0.3750000000  0.3750000000  0.0000000000
==== e(   1) =    -4.48099 eV ==== 
     psi = 0.355*[#   1]+0.355*[#   5]+0.048*[#   2]+0.048*[#   3]+0.048*[#   4]
          +0.048*[#   6]+0.048*[#   7]+0.048*[#   8]
    |psi|^2 = 0.995
==== e(   2) =     2.17514 eV ==== 
     psi = 0.175*[#   1]+0.175*[#   5]+0.106*[#   2]+0.106*[#   3]+0.106*[#   4]
          +0.106*[#   6]+0.106*[#   7]+0.106*[#   8]
    |psi|^2 = 0.988
==== e(   3) =     3.55618 eV ==== 
     psi = 0.150*[#   2]+0.150*[#   3]+0.150*[#   4]+0.150*[#   6]+0.150*[#   7]
          +0.150*[#   8]+0.044*[#   1]+0.044*[#   5]
    |psi|^2 = 0.988
==== e(   4) =     5.65191 eV ==== 
     psi = 0.164*[#   2]+0.164*[#   3]+0.164*[#   4]+0.164*[#   6]+0.164*[#   7]
          +0.164*[#   8]
    |psi|^2 = 0.983
==== e(   5) =     9.40636 eV ==== 
     psi = 0.121*[#   1]+0.121*[#   5]+0.108*[#   2]+0.108*[#   3]+0.108*[#   4]
          +0.108*[#   6]+0.108*[#   7]+0.108*[#   8]
    |psi|^2 = 0.892
==== e(   6) =    10.24197 eV ==== 
     psi = 0.156*[#   2]+0.156*[#   3]+0.156*[#   4]+0.156*[#   6]+0.156*[#   7]
          +0.156*[#   8]
    |psi|^2 = 0.935
==== e(   7) =    10.56473 eV ==== 
     psi = 0.110*[#   2]+0.110*[#   3]+0.110*[#   4]+0.110*[#   6]+0.110*[#   7]
          +0.110*[#   8]+0.079*[#   1]+0.079*[#   5]
    |psi|^2 = 0.819
==== e(   8) =    12.17162 eV ==== 
     psi = 0.143*[#   1]+0.143*[#   5]+0.056*[#   2]+0.056*[#   3]+0.056*[#   4]
          +0.056*[#   6]+0.056*[#   7]+0.056*[#   8]
    |psi|^2 = 0.624

 k =   0.3437500000  0.3437500000  0.0000000000
==== e(   1) =    -4.66841 eV ==== 
     psi = 0.364*[#   1]+0.364*[#   5]+0.045*[#   2]+0.045*[#   3]+0.045*[#   4]
          +0.045*[#   6]+0.045*[#   7]+0.045*[#   8]
    |psi|^2 = 0.995
==== e(   2) =     2.53760 eV ==== 
     psi = 0.166*[#   1]+0.166*[#   5]+0.109*[#   2]+0.109*[#   3]+0.109*[#   4]
          +0.109*[#   6]+0.109*[#   7]+0.109*[#   8]
    |psi|^2 = 0.987
==== e(   3) =     3.83977 eV ==== 
     psi = 0.150*[#   2]+0.150*[#   3]+0.150*[#   4]+0.150*[#   6]+0.150*[#   7]
          +0.150*[#   8]+0.042*[#   1]+0.042*[#   5]
    |psi|^2 = 0.987
==== e(   4) =     5.78372 eV ==== 
     psi = 0.164*[#   2]+0.164*[#   3]+0.164*[#   4]+0.164*[#   6]+0.164*[#   7]
          +0.164*[#   8]
    |psi|^2 = 0.981
==== e(   5) =     9.47566 eV ==== 
     psi = 0.129*[#   1]+0.129*[#   5]+0.109*[#   2]+0.109*[#   3]+0.109*[#   4]
          +0.109*[#   6]+0.109*[#   7]+0.109*[#   8]
    |psi|^2 = 0.911
==== e(   6) =    10.03915 eV ==== 
     psi = 0.157*[#   2]+0.157*[#   3]+0.157*[#   4]+0.157*[#   6]+0.157*[#   7]
          +0.157*[#   8]
    |psi|^2 = 0.941
==== e(   7) =    10.34813 eV ==== 
     psi = 0.116*[#   2]+0.116*[#   3]+0.116*[#   4]+0.116*[#   6]+0.116*[#   7]
          +0.116*[#   8]+0.076*[#   1]+0.076*[#   5]
    |psi|^2 = 0.846
==== e(   8) =    12.14305 eV ==== 
     psi = 0.139*[#   1]+0.139*[#   5]+0.057*[#   2]+0.057*[#   3]+0.057*[#   4]
          +0.057*[#   6]+0.057*[#   7]+0.057*[#   8]
    |psi|^2 = 0.620

 k =   0.3125000000  0.3125000000  0.0000000000
==== e(   1) =    -4.84180 eV ==== 
     psi = 0.375*[#   1]+0.375*[#   5]+0.041*[#   2]+0.041*[#   3]+0.041*[#   4]
          +0.041*[#   6]+0.041*[#   7]+0.041*[#   8]
    |psi|^2 = 0.995
==== e(   2) =     2.91410 eV ==== 
     psi = 0.156*[#   1]+0.156*[#   5]+0.112*[#   2]+0.112*[#   3]+0.112*[#   4]
          +0.112*[#   6]+0.112*[#   7]+0.112*[#   8]
    |psi|^2 = 0.986
==== e(   3) =     4.13288 eV ==== 
     psi = 0.151*[#   2]+0.151*[#   3]+0.151*[#   4]+0.151*[#   6]+0.151*[#   7]
          +0.151*[#   8]+0.039*[#   1]+0.039*[#   5]
    |psi|^2 = 0.986
==== e(   4) =     5.90346 eV ==== 
     psi = 0.163*[#   2]+0.163*[#   3]+0.163*[#   4]+0.163*[#   6]+0.163*[#   7]
          +0.163*[#   8]
    |psi|^2 = 0.979
==== e(   5) =     9.51224 eV ==== 
     psi = 0.136*[#   1]+0.136*[#   5]+0.109*[#   2]+0.109*[#   3]+0.109*[#   4]
          +0.109*[#   6]+0.109*[#   7]+0.109*[#   8]
    |psi|^2 = 0.927
==== e(   6) =     9.85364 eV ==== 
     psi = 0.158*[#   2]+0.158*[#   3]+0.158*[#   4]+0.158*[#   6]+0.158*[#   7]
          +0.158*[#   8]
    |psi|^2 = 0.945
==== e(   7) =    10.14606 eV ==== 
     psi = 0.121*[#   2]+0.121*[#   3]+0.121*[#   4]+0.121*[#   6]+0.121*[#   7]
          +0.121*[#   8]+0.072*[#   1]+0.072*[#   5]
    |psi|^2 = 0.869
==== e(   8) =    12.13428 eV ==== 
     psi = 0.141*[#   1]+0.141*[#   5]+0.059*[#   2]+0.059*[#   3]+0.059*[#   4]
          +0.059*[#   6]+0.059*[#   7]+0.059*[#   8]
    |psi|^2 = 0.636

 k =   0.2812500000  0.2812500000  0.0000000000
==== e(   1) =    -5.00041 eV ==== 
     psi = 0.387*[#   1]+0.387*[#   5]+0.037*[#   2]+0.037*[#   3]+0.037*[#   4]
          +0.037*[#   6]+0.037*[#   7]+0.037*[#   8]
    |psi|^2 = 0.996
==== e(   2) =     3.30350 eV ==== 
     psi = 0.145*[#   1]+0.145*[#   5]+0.116*[#   2]+0.116*[#   3]+0.116*[#   4]
          +0.116*[#   6]+0.116*[#   7]+0.116*[#   8]
    |psi|^2 = 0.984
==== e(   3) =     4.43229 eV ==== 
     psi = 0.153*[#   2]+0.153*[#   3]+0.153*[#   4]+0.153*[#   6]+0.153*[#   7]
          +0.153*[#   8]+0.035*[#   1]+0.035*[#   5]
    |psi|^2 = 0.985
==== e(   4) =     6.00973 eV ==== 
     psi = 0.163*[#   2]+0.163*[#   3]+0.163*[#   4]+0.163*[#   6]+0.163*[#   7]
          +0.163*[#   8]
    |psi|^2 = 0.977
==== e(   5) =     9.51944 eV ==== 
     psi = 0.141*[#   1]+0.141*[#   5]+0.110*[#   2]+0.110*[#   3]+0.110*[#   4]
          +0.110*[#   6]+0.110*[#   7]+0.110*[#   8]
    |psi|^2 = 0.939
==== e(   6) =     9.68556 eV ==== 
     psi = 0.158*[#   2]+0.158*[#   3]+0.158*[#   4]+0.158*[#   6]+0.158*[#   7]
          +0.158*[#   8]
    |psi|^2 = 0.949
==== e(   7) =     9.95819 eV ==== 
     psi = 0.126*[#   2]+0.126*[#   3]+0.126*[#   4]+0.126*[#   6]+0.126*[#   7]
          +0.126*[#   8]+0.067*[#   1]+0.067*[#   5]
    |psi|^2 = 0.888
==== e(   8) =    12.11850 eV ==== 
     psi = 0.151*[#   1]+0.151*[#   5]+0.063*[#   2]+0.063*[#   3]+0.063*[#   4]
          +0.063*[#   6]+0.063*[#   7]+0.063*[#   8]
    |psi|^2 = 0.682

 k =   0.2500000000  0.2500000000  0.0000000000
==== e(   1) =    -5.14361 eV ==== 
     psi = 0.400*[#   1]+0.400*[#   5]+0.032*[#   2]+0.032*[#   3]+0.032*[#   4]
          +0.032*[#   6]+0.032*[#   7]+0.032*[#   8]
    |psi|^2 = 0.996
==== e(   2) =     3.70418 eV ==== 
     psi = 0.134*[#   1]+0.134*[#   5]+0.119*[#   2]+0.119*[#   3]+0.119*[#   4]
          +0.119*[#   6]+0.119*[#   7]+0.119*[#   8]
    |psi|^2 = 0.982
==== e(   3) =     4.73424 eV ==== 
     psi = 0.154*[#   2]+0.154*[#   3]+0.154*[#   4]+0.154*[#   6]+0.154*[#   7]
          +0.154*[#   8]+0.029*[#   1]+0.029*[#   5]
    |psi|^2 = 0.983
==== e(   4) =     6.10175 eV ==== 
     psi = 0.162*[#   2]+0.162*[#   3]+0.162*[#   4]+0.162*[#   6]+0.162*[#   7]
          +0.162*[#   8]
    |psi|^2 = 0.974
==== e(   5) =     9.50302 eV ==== 
     psi = 0.141*[#   1]+0.141*[#   5]+0.111*[#   2]+0.111*[#   3]+0.111*[#   4]
          +0.111*[#   6]+0.111*[#   7]+0.111*[#   8]
    |psi|^2 = 0.948
==== e(   6) =     9.53497 eV ==== 
     psi = 0.159*[#   2]+0.159*[#   3]+0.159*[#   4]+0.159*[#   6]+0.159*[#   7]
          +0.159*[#   8]
    |psi|^2 = 0.953
==== e(   7) =     9.78410 eV ==== 
     psi = 0.130*[#   2]+0.130*[#   3]+0.130*[#   4]+0.130*[#   6]+0.130*[#   7]
          +0.130*[#   8]+0.061*[#   1]+0.061*[#   5]
    |psi|^2 = 0.903
==== e(   8) =    12.05345 eV ==== 
     psi = 0.173*[#   1]+0.173*[#   5]+0.069*[#   2]+0.069*[#   3]+0.069*[#   4]
          +0.069*[#   6]+0.069*[#   7]+0.069*[#   8]
    |psi|^2 = 0.761

 k =   0.2187500000  0.2187500000  0.0000000000
==== e(   1) =    -5.27093 eV ==== 
     psi = 0.415*[#   1]+0.415*[#   5]+0.028*[#   2]+0.028*[#   3]+0.028*[#   4]
          +0.028*[#   6]+0.028*[#   7]+0.028*[#   8]
    |psi|^2 = 0.996
==== e(   2) =     4.11386 eV ==== 
     psi = 0.123*[#   2]+0.123*[#   3]+0.123*[#   4]+0.123*[#   6]+0.123*[#   7]
          +0.123*[#   8]+0.121*[#   1]+0.121*[#   5]
    |psi|^2 = 0.981
==== e(   3) =     5.03416 eV ==== 
     psi = 0.156*[#   2]+0.156*[#   3]+0.156*[#   4]+0.156*[#   6]+0.156*[#   7]
          +0.156*[#   8]+0.023*[#   1]+0.023*[#   5]
    |psi|^2 = 0.981
==== e(   4) =     6.17942 eV ==== 
     psi = 0.162*[#   2]+0.162*[#   3]+0.162*[#   4]+0.162*[#   6]+0.162*[#   7]
          +0.162*[#   8]
    |psi|^2 = 0.972
==== e(   5) =     9.40196 eV ==== 
     psi = 0.159*[#   2]+0.159*[#   3]+0.159*[#   4]+0.159*[#   6]+0.159*[#   7]
          +0.159*[#   8]
    |psi|^2 = 0.956
==== e(   6) =     9.46918 eV ==== 
     psi = 0.138*[#   1]+0.138*[#   5]+0.113*[#   2]+0.113*[#   3]+0.113*[#   4]
          +0.113*[#   6]+0.113*[#   7]+0.113*[#   8]
    |psi|^2 = 0.954
==== e(   7) =     9.62336 eV ==== 
     psi = 0.135*[#   2]+0.135*[#   3]+0.135*[#   4]+0.135*[#   6]+0.135*[#   7]
          +0.135*[#   8]+0.054*[#   1]+0.054*[#   5]
    |psi|^2 = 0.916
==== e(   8) =    11.89109 eV ==== 
     psi = 0.207*[#   1]+0.207*[#   5]+0.073*[#   2]+0.073*[#   3]+0.073*[#   4]
          +0.073*[#   6]+0.073*[#   7]+0.073*[#   8]
    |psi|^2 = 0.853

 k =   0.1875000000  0.1875000000  0.0000000000
==== e(   1) =    -5.38195 eV ==== 
     psi = 0.431*[#   1]+0.431*[#   5]+0.022*[#   2]+0.022*[#   3]+0.022*[#   4]
          +0.022*[#   6]+0.022*[#   7]+0.022*[#   8]
    |psi|^2 = 0.996
==== e(   2) =     4.52911 eV ==== 
     psi = 0.128*[#   2]+0.128*[#   3]+0.128*[#   4]+0.128*[#   6]+0.128*[#   7]
          +0.128*[#   8]+0.106*[#   1]+0.106*[#   5]
    |psi|^2 = 0.978
==== e(   3) =     5.32639 eV ==== 
     psi = 0.158*[#   2]+0.158*[#   3]+0.158*[#   4]+0.158*[#   6]+0.158*[#   7]
          +0.158*[#   8]+0.017*[#   1]+0.017*[#   5]
    |psi|^2 = 0.978
==== e(   4) =     6.24324 eV ==== 
     psi = 0.162*[#   2]+0.162*[#   3]+0.162*[#   4]+0.162*[#   6]+0.162*[#   7]
          +0.162*[#   8]
    |psi|^2 = 0.969
==== e(   5) =     9.28657 eV ==== 
     psi = 0.160*[#   2]+0.160*[#   3]+0.160*[#   4]+0.160*[#   6]+0.160*[#   7]
          +0.160*[#   8]
    |psi|^2 = 0.959
==== e(   6) =     9.42285 eV ==== 
     psi = 0.128*[#   1]+0.128*[#   5]+0.117*[#   2]+0.117*[#   3]+0.117*[#   4]
          +0.117*[#   6]+0.117*[#   7]+0.117*[#   8]
    |psi|^2 = 0.957
==== e(   7) =     9.47573 eV ==== 
     psi = 0.139*[#   2]+0.139*[#   3]+0.139*[#   4]+0.139*[#   6]+0.139*[#   7]
          +0.139*[#   8]+0.046*[#   1]+0.046*[#   5]
    |psi|^2 = 0.928
==== e(   8) =    11.61205 eV ==== 
     psi = 0.245*[#   1]+0.245*[#   5]+0.072*[#   2]+0.072*[#   3]+0.072*[#   4]
          +0.072*[#   6]+0.072*[#   7]+0.072*[#   8]
    |psi|^2 = 0.922

 k =   0.1562500000  0.1562500000  0.0000000000
==== e(   1) =    -5.47637 eV ==== 
     psi = 0.447*[#   1]+0.447*[#   5]+0.017*[#   2]+0.017*[#   3]+0.017*[#   4]
          +0.017*[#   6]+0.017*[#   7]+0.017*[#   8]
    |psi|^2 = 0.996
==== e(   2) =     4.94458 eV ==== 
     psi = 0.133*[#   2]+0.133*[#   3]+0.133*[#   4]+0.133*[#   6]+0.133*[#   7]
          +0.133*[#   8]+0.090*[#   1]+0.090*[#   5]
    |psi|^2 = 0.976
==== e(   3) =     5.60387 eV ==== 
     psi = 0.159*[#   2]+0.159*[#   3]+0.159*[#   4]+0.159*[#   6]+0.159*[#   7]
          +0.159*[#   8]+0.011*[#   1]+0.011*[#   5]
    |psi|^2 = 0.975
==== e(   4) =     6.29416 eV ==== 
     psi = 0.161*[#   2]+0.161*[#   3]+0.161*[#   4]+0.161*[#   6]+0.161*[#   7]
          +0.161*[#   8]
    |psi|^2 = 0.967
==== e(   5) =     9.18887 eV ==== 
     psi = 0.160*[#   2]+0.160*[#   3]+0.160*[#   4]+0.160*[#   6]+0.160*[#   7]
          +0.160*[#   8]
    |psi|^2 = 0.961
==== e(   6) =     9.34140 eV ==== 
     psi = 0.144*[#   2]+0.144*[#   3]+0.144*[#   4]+0.144*[#   6]+0.144*[#   7]
          +0.144*[#   8]+0.037*[#   1]+0.037*[#   5]
    |psi|^2 = 0.938
==== e(   7) =     9.36649 eV ==== 
     psi = 0.123*[#   2]+0.123*[#   3]+0.123*[#   4]+0.123*[#   6]+0.123*[#   7]
          +0.123*[#   8]+0.111*[#   1]+0.111*[#   5]
    |psi|^2 = 0.959
==== e(   8) =    11.24821 eV ==== 
     psi = 0.287*[#   1]+0.287*[#   5]+0.064*[#   2]+0.064*[#   3]+0.064*[#   4]
          +0.064*[#   6]+0.064*[#   7]+0.064*[#   8]
    |psi|^2 = 0.956

 k =   0.1250000000  0.1250000000  0.0000000000
==== e(   1) =    -5.55394 eV ==== 
     psi = 0.463*[#   1]+0.463*[#   5]+0.012*[#   2]+0.012*[#   3]+0.012*[#   4]
          +0.012*[#   6]+0.012*[#   7]+0.012*[#   8]
    |psi|^2 = 0.996
==== e(   2) =     5.35153 eV ==== 
     psi = 0.138*[#   2]+0.138*[#   3]+0.138*[#   4]+0.138*[#   6]+0.138*[#   7]
          +0.138*[#   8]+0.072*[#   1]+0.072*[#   5]
    |psi|^2 = 0.973
==== e(   3) =     5.85769 eV ==== 
     psi = 0.160*[#   2]+0.160*[#   3]+0.160*[#   4]+0.160*[#   6]+0.160*[#   7]
          +0.160*[#   8]+0.006*[#   1]+0.006*[#   5]
    |psi|^2 = 0.972
==== e(   4) =     6.33340 eV ==== 
     psi = 0.161*[#   2]+0.161*[#   3]+0.161*[#   4]+0.161*[#   6]+0.161*[#   7]
          +0.161*[#   8]
    |psi|^2 = 0.965
==== e(   5) =     9.10887 eV ==== 
     psi = 0.160*[#   2]+0.160*[#   3]+0.160*[#   4]+0.160*[#   6]+0.160*[#   7]
          +0.160*[#   8]
    |psi|^2 = 0.962
==== e(   6) =     9.22151 eV ==== 
     psi = 0.149*[#   2]+0.149*[#   3]+0.149*[#   4]+0.149*[#   6]+0.149*[#   7]
          +0.149*[#   8]+0.028*[#   1]+0.028*[#   5]
    |psi|^2 = 0.946
==== e(   7) =     9.29905 eV ==== 
     psi = 0.132*[#   2]+0.132*[#   3]+0.132*[#   4]+0.132*[#   6]+0.132*[#   7]
          +0.132*[#   8]+0.085*[#   1]+0.085*[#   5]
    |psi|^2 = 0.960
==== e(   8) =    10.85597 eV ==== 
     psi = 0.334*[#   1]+0.334*[#   5]+0.050*[#   2]+0.050*[#   3]+0.050*[#   4]
          +0.050*[#   6]+0.050*[#   7]+0.050*[#   8]
    |psi|^2 = 0.972

 k =   0.0937500000  0.0937500000  0.0000000000
==== e(   1) =    -5.61445 eV ==== 
     psi = 0.477*[#   1]+0.477*[#   5]+0.007*[#   2]+0.007*[#   3]+0.007*[#   4]
          +0.007*[#   6]+0.007*[#   7]+0.007*[#   8]
    |psi|^2 = 0.996
==== e(   2) =     5.73489 eV ==== 
     psi = 0.145*[#   2]+0.145*[#   3]+0.145*[#   4]+0.145*[#   6]+0.145*[#   7]
          +0.145*[#   8]+0.051*[#   1]+0.051*[#   5]
    |psi|^2 = 0.969
==== e(   3) =     6.07685 eV ==== 
     psi = 0.161*[#   2]+0.161*[#   3]+0.161*[#   4]+0.161*[#   6]+0.161*[#   7]
          +0.161*[#   8]+0.002*[#   1]+0.002*[#   5]
    |psi|^2 = 0.968
==== e(   4) =     6.36226 eV ==== 
     psi = 0.160*[#   2]+0.160*[#   3]+0.160*[#   4]+0.160*[#   6]+0.160*[#   7]
          +0.160*[#   8]
    |psi|^2 = 0.963
==== e(   5) =     9.04663 eV ==== 
     psi = 0.161*[#   2]+0.161*[#   3]+0.161*[#   4]+0.161*[#   6]+0.161*[#   7]
          +0.161*[#   8]
    |psi|^2 = 0.964
==== e(   6) =     9.11871 eV ==== 
     psi = 0.153*[#   2]+0.153*[#   3]+0.153*[#   4]+0.153*[#   6]+0.153*[#   7]
          +0.153*[#   8]+0.018*[#   1]+0.018*[#   5]
    |psi|^2 = 0.954
==== e(   7) =     9.21569 eV ==== 
     psi = 0.143*[#   2]+0.143*[#   3]+0.143*[#   4]+0.143*[#   6]+0.143*[#   7]
          +0.143*[#   8]+0.051*[#   1]+0.051*[#   5]
    |psi|^2 = 0.960
==== e(   8) =    10.49057 eV ==== 
     psi = 0.391*[#   1]+0.391*[#   5]+0.033*[#   2]+0.033*[#   3]+0.033*[#   4]
          +0.033*[#   6]+0.033*[#   7]+0.033*[#   8]
    |psi|^2 = 0.980

 k =   0.0625000000  0.0625000000  0.0000000000
==== e(   1) =    -5.65778 eV ==== 
     psi = 0.488*[#   1]+0.488*[#   5]+0.003*[#   2]+0.003*[#   3]+0.003*[#   4]
          +0.003*[#   6]+0.003*[#   7]+0.003*[#   8]
    |psi|^2 = 0.996
==== e(   2) =     6.06820 eV ==== 
     psi = 0.151*[#   2]+0.151*[#   3]+0.151*[#   4]+0.151*[#   6]+0.151*[#   7]
          +0.151*[#   8]+0.028*[#   1]+0.028*[#   5]
    |psi|^2 = 0.965
==== e(   3) =     6.24840 eV ==== 
     psi = 0.161*[#   2]+0.161*[#   3]+0.161*[#   4]+0.161*[#   6]+0.161*[#   7]
          +0.161*[#   8]
    |psi|^2 = 0.964
==== e(   4) =     6.38191 eV ==== 
     psi = 0.160*[#   2]+0.160*[#   3]+0.160*[#   4]+0.160*[#   6]+0.160*[#   7]
          +0.160*[#   8]
    |psi|^2 = 0.961
==== e(   5) =     9.00215 eV ==== 
     psi = 0.161*[#   2]+0.161*[#   3]+0.161*[#   4]+0.161*[#   6]+0.161*[#   7]
          +0.161*[#   8]
    |psi|^2 = 0.965
==== e(   6) =     9.03774 eV ==== 
     psi = 0.157*[#   2]+0.157*[#   3]+0.157*[#   4]+0.157*[#   6]+0.157*[#   7]
          +0.157*[#   8]+0.009*[#   1]+0.009*[#   5]
    |psi|^2 = 0.960
==== e(   7) =     9.11337 eV ==== 
     psi = 0.155*[#   2]+0.155*[#   3]+0.155*[#   4]+0.155*[#   6]+0.155*[#   7]
          +0.155*[#   8]+0.017*[#   1]+0.017*[#   5]
    |psi|^2 = 0.962
==== e(   8) =    10.20229 eV ==== 
     psi = 0.448*[#   1]+0.448*[#   5]+0.015*[#   2]+0.015*[#   3]+0.015*[#   4]
          +0.015*[#   6]+0.015*[#   7]+0.015*[#   8]
    |psi|^2 = 0.984

 k =   0.0312500000  0.0312500000  0.0000000000
==== e(   1) =    -5.68381 eV ==== 
     psi = 0.495*[#   1]+0.495*[#   5]
    |psi|^2 = 0.996
==== e(   2) =     6.30750 eV ==== 
     psi = 0.157*[#   2]+0.157*[#   3]+0.157*[#   4]+0.157*[#   6]+0.157*[#   7]
          +0.157*[#   8]+0.009*[#   1]+0.009*[#   5]
    |psi|^2 = 0.962
==== e(   3) =     6.35879 eV ==== 
     psi = 0.160*[#   2]+0.160*[#   3]+0.160*[#   4]+0.160*[#   6]+0.160*[#   7]
          +0.160*[#   8]
    |psi|^2 = 0.961
==== e(   4) =     6.39330 eV ==== 
     psi = 0.160*[#   2]+0.160*[#   3]+0.160*[#   4]+0.160*[#   6]+0.160*[#   7]
          +0.160*[#   8]
    |psi|^2 = 0.961
==== e(   5) =     8.97545 eV ==== 
     psi = 0.161*[#   2]+0.161*[#   3]+0.161*[#   4]+0.161*[#   6]+0.161*[#   7]
          +0.161*[#   8]
    |psi|^2 = 0.965
==== e(   6) =     8.98500 eV ==== 
     psi = 0.160*[#   2]+0.160*[#   3]+0.160*[#   4]+0.160*[#   6]+0.160*[#   7]
          +0.160*[#   8]+0.002*[#   1]+0.002*[#   5]
    |psi|^2 = 0.964
==== e(   7) =     9.01205 eV ==== 
     psi = 0.160*[#   2]+0.160*[#   3]+0.160*[#   4]+0.160*[#   6]+0.160*[#   7]
          +0.160*[#   8]+0.002*[#   1]+0.002*[#   5]
    |psi|^2 = 0.964
==== e(   8) =    10.02633 eV ==== 
     psi = 0.483*[#   1]+0.483*[#   5]+0.003*[#   2]+0.003*[#   3]+0.003*[#   4]
          +0.003*[#   6]+0.003*[#   7]+0.003*[#   8]
    |psi|^2 = 0.986

 k =   0.0000000000  0.0000000000  0.0000000000
==== e(   1) =    -5.69249 eV ==== 
     psi = 0.498*[#   1]+0.498*[#   5]
    |psi|^2 = 0.996
==== e(   2) =     6.39703 eV ==== 
     psi = 0.160*[#   2]+0.160*[#   3]+0.160*[#   4]+0.160*[#   6]+0.160*[#   7]
          +0.160*[#   8]
    |psi|^2 = 0.960
==== e(   3) =     6.39703 eV ==== 
     psi = 0.160*[#   2]+0.160*[#   3]+0.160*[#   4]+0.160*[#   6]+0.160*[#   7]
          +0.160*[#   8]
    |psi|^2 = 0.960
==== e(   4) =     6.39703 eV ==== 
     psi = 0.160*[#   2]+0.160*[#   3]+0.160*[#   4]+0.160*[#   6]+0.160*[#   7]
          +0.160*[#   8]
    |psi|^2 = 0.960
==== e(   5) =     8.96656 eV ==== 
     psi = 0.161*[#   2]+0.161*[#   3]+0.161*[#   4]+0.161*[#   6]+0.161*[#   7]
          +0.161*[#   8]
    |psi|^2 = 0.965
==== e(   6) =     8.96656 eV ==== 
     psi = 0.161*[#   2]+0.161*[#   3]+0.161*[#   4]+0.161*[#   6]+0.161*[#   7]
          +0.161*[#   8]
    |psi|^2 = 0.965
==== e(   7) =     8.96656 eV ==== 
     psi = 0.161*[#   2]+0.161*[#   3]+0.161*[#   4]+0.161*[#   6]+0.161*[#   7]
          +0.161*[#   8]
    |psi|^2 = 0.965
==== e(   8) =     9.96909 eV ==== 
     psi = 0.493*[#   1]+0.493*[#   5]
    |psi|^2 = 0.987

 k =   0.0208333333  0.0208333333  0.0208333333
==== e(   1) =    -5.68670 eV ==== 
     psi = 0.496*[#   1]+0.496*[#   5]
    |psi|^2 = 0.996
==== e(   2) =     6.32910 eV ==== 
     psi = 0.158*[#   2]+0.158*[#   3]+0.158*[#   4]+0.158*[#   6]+0.158*[#   7]
          +0.158*[#   8]+0.006*[#   1]+0.006*[#   5]
    |psi|^2 = 0.962
==== e(   3) =     6.38687 eV ==== 
     psi = 0.160*[#   2]+0.160*[#   3]+0.160*[#   4]+0.160*[#   6]+0.160*[#   7]
          +0.160*[#   8]
    |psi|^2 = 0.961
==== e(   4) =     6.38687 eV ==== 
     psi = 0.160*[#   2]+0.160*[#   3]+0.160*[#   4]+0.160*[#   6]+0.160*[#   7]
          +0.160*[#   8]
    |psi|^2 = 0.961
==== e(   5) =     8.98137 eV ==== 
     psi = 0.161*[#   2]+0.161*[#   3]+0.161*[#   4]+0.161*[#   6]+0.161*[#   7]
          +0.161*[#   8]
    |psi|^2 = 0.965
==== e(   6) =     8.98137 eV ==== 
     psi = 0.161*[#   2]+0.161*[#   3]+0.161*[#   4]+0.161*[#   6]+0.161*[#   7]
          +0.161*[#   8]
    |psi|^2 = 0.965
==== e(   7) =     8.98593 eV ==== 
     psi = 0.160*[#   2]+0.160*[#   3]+0.160*[#   4]+0.160*[#   6]+0.160*[#   7]
          +0.160*[#   8]+0.003*[#   1]+0.003*[#   5]
    |psi|^2 = 0.964
==== e(   8) =    10.00737 eV ==== 
     psi = 0.487*[#   1]+0.487*[#   5]+0.002*[#   2]+0.002*[#   3]+0.002*[#   4]
          +0.002*[#   6]+0.002*[#   7]+0.002*[#   8]
    |psi|^2 = 0.987

 k =   0.0416666667  0.0416666667  0.0416666667
==== e(   1) =    -5.66935 eV ==== 
     psi = 0.491*[#   1]+0.491*[#   5]+0.002*[#   2]+0.002*[#   3]+0.002*[#   4]
          +0.002*[#   6]+0.002*[#   7]+0.002*[#   8]
    |psi|^2 = 0.996
==== e(   2) =     6.14108 eV ==== 
     psi = 0.154*[#   2]+0.154*[#   3]+0.154*[#   4]+0.154*[#   6]+0.154*[#   7]
          +0.154*[#   8]+0.020*[#   1]+0.020*[#   5]
    |psi|^2 = 0.965
==== e(   3) =     6.35728 eV ==== 
     psi = 0.160*[#   2]+0.160*[#   3]+0.160*[#   4]+0.160*[#   6]+0.160*[#   7]
          +0.160*[#   8]
    |psi|^2 = 0.962
==== e(   4) =     6.35728 eV ==== 
     psi = 0.160*[#   2]+0.160*[#   3]+0.160*[#   4]+0.160*[#   6]+0.160*[#   7]
          +0.160*[#   8]
    |psi|^2 = 0.962
==== e(   5) =     9.02421 eV ==== 
     psi = 0.155*[#   2]+0.155*[#   3]+0.155*[#   4]+0.155*[#   6]+0.155*[#   7]
          +0.155*[#   8]+0.017*[#   1]+0.017*[#   5]
    |psi|^2 = 0.962
==== e(   6) =     9.02468 eV ==== 
     psi = 0.161*[#   2]+0.161*[#   3]+0.161*[#   4]+0.161*[#   6]+0.161*[#   7]
          +0.161*[#   8]
    |psi|^2 = 0.964
==== e(   7) =     9.02468 eV ==== 
     psi = 0.161*[#   2]+0.161*[#   3]+0.161*[#   4]+0.161*[#   6]+0.161*[#   7]
          +0.161*[#   8]
    |psi|^2 = 0.964
==== e(   8) =    10.12685 eV ==== 
     psi = 0.462*[#   1]+0.462*[#   5]+0.010*[#   2]+0.010*[#   3]+0.010*[#   4]
          +0.010*[#   6]+0.010*[#   7]+0.010*[#   8]
    |psi|^2 = 0.985

 k =   0.0625000000  0.0625000000  0.0625000000
==== e(   1) =    -5.64045 eV ==== 
     psi = 0.484*[#   1]+0.484*[#   5]+0.005*[#   2]+0.005*[#   3]+0.005*[#   4]
          +0.005*[#   6]+0.005*[#   7]+0.005*[#   8]
    |psi|^2 = 0.996
==== e(   2) =     5.86652 eV ==== 
     psi = 0.149*[#   2]+0.149*[#   3]+0.149*[#   4]+0.149*[#   6]+0.149*[#   7]
          +0.149*[#   8]+0.038*[#   1]+0.038*[#   5]
    |psi|^2 = 0.968
==== e(   3) =     6.31063 eV ==== 
     psi = 0.161*[#   2]+0.161*[#   3]+0.161*[#   4]+0.161*[#   6]+0.161*[#   7]
          +0.161*[#   8]
    |psi|^2 = 0.963
==== e(   4) =     6.31063 eV ==== 
     psi = 0.161*[#   2]+0.161*[#   3]+0.161*[#   4]+0.161*[#   6]+0.161*[#   7]
          +0.161*[#   8]
    |psi|^2 = 0.963
==== e(   5) =     9.04711 eV ==== 
     psi = 0.144*[#   2]+0.144*[#   3]+0.144*[#   4]+0.144*[#   6]+0.144*[#   7]
          +0.144*[#   8]+0.048*[#   1]+0.048*[#   5]
    |psi|^2 = 0.960
==== e(   6) =     9.09325 eV ==== 
     psi = 0.160*[#   2]+0.160*[#   3]+0.160*[#   4]+0.160*[#   6]+0.160*[#   7]
          +0.160*[#   8]
    |psi|^2 = 0.962
==== e(   7) =     9.09325 eV ==== 
     psi = 0.160*[#   2]+0.160*[#   3]+0.160*[#   4]+0.160*[#   6]+0.160*[#   7]
          +0.160*[#   8]
    |psi|^2 = 0.962
==== e(   8) =    10.32981 eV ==== 
     psi = 0.421*[#   1]+0.421*[#   5]+0.023*[#   2]+0.023*[#   3]+0.023*[#   4]
          +0.023*[#   6]+0.023*[#   7]+0.023*[#   8]
    |psi|^2 = 0.982

 k =   0.0833333333  0.0833333333  0.0833333333
==== e(   1) =    -5.60006 eV ==== 
     psi = 0.474*[#   1]+0.474*[#   5]+0.008*[#   2]+0.008*[#   3]+0.008*[#   4]
          +0.008*[#   6]+0.008*[#   7]+0.008*[#   8]
    |psi|^2 = 0.996
==== e(   2) =     5.53661 eV ==== 
     psi = 0.144*[#   2]+0.144*[#   3]+0.144*[#   4]+0.144*[#   6]+0.144*[#   7]
          +0.144*[#   8]+0.055*[#   1]+0.055*[#   5]
    |psi|^2 = 0.971
==== e(   3) =     6.25023 eV ==== 
     psi = 0.161*[#   2]+0.161*[#   3]+0.161*[#   4]+0.161*[#   6]+0.161*[#   7]
          +0.161*[#   8]
    |psi|^2 = 0.965
==== e(   4) =     6.25023 eV ==== 
     psi = 0.161*[#   2]+0.161*[#   3]+0.161*[#   4]+0.161*[#   6]+0.161*[#   7]
          +0.161*[#   8]
    |psi|^2 = 0.965
==== e(   5) =     9.03933 eV ==== 
     psi = 0.131*[#   2]+0.131*[#   3]+0.131*[#   4]+0.131*[#   6]+0.131*[#   7]
          +0.131*[#   8]+0.086*[#   1]+0.086*[#   5]
    |psi|^2 = 0.958
==== e(   6) =     9.18235 eV ==== 
     psi = 0.160*[#   2]+0.160*[#   3]+0.160*[#   4]+0.160*[#   6]+0.160*[#   7]
          +0.160*[#   8]
    |psi|^2 = 0.959
==== e(   7) =     9.18235 eV ==== 
     psi = 0.160*[#   2]+0.160*[#   3]+0.160*[#   4]+0.160*[#   6]+0.160*[#   7]
          +0.160*[#   8]
    |psi|^2 = 0.959
==== e(   8) =    10.60268 eV ==== 
     psi = 0.376*[#   1]+0.376*[#   5]+0.038*[#   2]+0.038*[#   3]+0.038*[#   4]
          +0.038*[#   6]+0.038*[#   7]+0.038*[#   8]
    |psi|^2 = 0.978

 k =   0.1041666667  0.1041666667  0.1041666667
==== e(   1) =    -5.54827 eV ==== 
     psi = 0.462*[#   1]+0.462*[#   5]+0.012*[#   2]+0.012*[#   3]+0.012*[#   4]
          +0.012*[#   6]+0.012*[#   7]+0.012*[#   8]
    |psi|^2 = 0.996
==== e(   2) =     5.17324 eV ==== 
     psi = 0.139*[#   2]+0.139*[#   3]+0.139*[#   4]+0.139*[#   6]+0.139*[#   7]
          +0.139*[#   8]+0.071*[#   1]+0.071*[#   5]
    |psi|^2 = 0.974
==== e(   3) =     6.17966 eV ==== 
     psi = 0.161*[#   2]+0.161*[#   3]+0.161*[#   4]+0.161*[#   6]+0.161*[#   7]
          +0.161*[#   8]
    |psi|^2 = 0.967
==== e(   4) =     6.17966 eV ==== 
     psi = 0.161*[#   2]+0.161*[#   3]+0.161*[#   4]+0.161*[#   6]+0.161*[#   7]
          +0.161*[#   8]
    |psi|^2 = 0.967
==== e(   5) =     9.00384 eV ==== 
     psi = 0.121*[#   1]+0.121*[#   5]+0.119*[#   2]+0.119*[#   3]+0.119*[#   4]
          +0.119*[#   6]+0.119*[#   7]+0.119*[#   8]
    |psi|^2 = 0.957
==== e(   6) =     9.28632 eV ==== 
     psi = 0.159*[#   2]+0.159*[#   3]+0.159*[#   4]+0.159*[#   6]+0.159*[#   7]
          +0.159*[#   8]
    |psi|^2 = 0.956
==== e(   7) =     9.28632 eV ==== 
     psi = 0.159*[#   2]+0.159*[#   3]+0.159*[#   4]+0.159*[#   6]+0.159*[#   7]
          +0.159*[#   8]
    |psi|^2 = 0.956
==== e(   8) =    10.92337 eV ==== 
     psi = 0.335*[#   1]+0.335*[#   5]+0.050*[#   2]+0.050*[#   3]+0.050*[#   4]
          +0.050*[#   6]+0.050*[#   7]+0.050*[#   8]
    |psi|^2 = 0.972

 k =   0.1250000000  0.1250000000  0.1250000000
==== e(   1) =    -5.48516 eV ==== 
     psi = 0.449*[#   1]+0.449*[#   5]+0.016*[#   2]+0.016*[#   3]+0.016*[#   4]
          +0.016*[#   6]+0.016*[#   7]+0.016*[#   8]
    |psi|^2 = 0.996
==== e(   2) =     4.79048 eV ==== 
     psi = 0.135*[#   2]+0.135*[#   3]+0.135*[#   4]+0.135*[#   6]+0.135*[#   7]
          +0.135*[#   8]+0.085*[#   1]+0.085*[#   5]
    |psi|^2 = 0.977
==== e(   3) =     6.10226 eV ==== 
     psi = 0.162*[#   2]+0.162*[#   3]+0.162*[#   4]+0.162*[#   6]+0.162*[#   7]
          +0.162*[#   8]
    |psi|^2 = 0.969
==== e(   4) =     6.10226 eV ==== 
     psi = 0.162*[#   2]+0.162*[#   3]+0.162*[#   4]+0.162*[#   6]+0.162*[#   7]
          +0.162*[#   8]
    |psi|^2 = 0.969
==== e(   5) =     8.94858 eV ==== 
     psi = 0.150*[#   1]+0.150*[#   5]+0.109*[#   2]+0.109*[#   3]+0.109*[#   4]
          +0.109*[#   6]+0.109*[#   7]+0.109*[#   8]
    |psi|^2 = 0.955
==== e(   6) =     9.39902 eV ==== 
     psi = 0.159*[#   2]+0.159*[#   3]+0.159*[#   4]+0.159*[#   6]+0.159*[#   7]
          +0.159*[#   8]
    |psi|^2 = 0.952
==== e(   7) =     9.39902 eV ==== 
     psi = 0.159*[#   2]+0.159*[#   3]+0.159*[#   4]+0.159*[#   6]+0.159*[#   7]
          +0.159*[#   8]
    |psi|^2 = 0.952
==== e(   8) =    11.27279 eV ==== 
     psi = 0.303*[#   1]+0.303*[#   5]+0.060*[#   2]+0.060*[#   3]+0.060*[#   4]
          +0.060*[#   6]+0.060*[#   7]+0.060*[#   8]
    |psi|^2 = 0.966

 k =   0.1458333333  0.1458333333  0.1458333333
==== e(   1) =    -5.41089 eV ==== 
     psi = 0.436*[#   1]+0.436*[#   5]+0.021*[#   2]+0.021*[#   3]+0.021*[#   4]
          +0.021*[#   6]+0.021*[#   7]+0.021*[#   8]
    |psi|^2 = 0.996
==== e(   2) =     4.39734 eV ==== 
     psi = 0.131*[#   2]+0.131*[#   3]+0.131*[#   4]+0.131*[#   6]+0.131*[#   7]
          +0.131*[#   8]+0.097*[#   1]+0.097*[#   5]
    |psi|^2 = 0.979
==== e(   3) =     6.02097 eV ==== 
     psi = 0.162*[#   2]+0.162*[#   3]+0.162*[#   4]+0.162*[#   6]+0.162*[#   7]
          +0.162*[#   8]
    |psi|^2 = 0.971
==== e(   4) =     6.02097 eV ==== 
     psi = 0.162*[#   2]+0.162*[#   3]+0.162*[#   4]+0.162*[#   6]+0.162*[#   7]
          +0.162*[#   8]
    |psi|^2 = 0.971
==== e(   5) =     8.88053 eV ==== 
     psi = 0.176*[#   1]+0.176*[#   5]+0.100*[#   2]+0.100*[#   3]+0.100*[#   4]
          +0.100*[#   6]+0.100*[#   7]+0.100*[#   8]
    |psi|^2 = 0.954
==== e(   6) =     9.51402 eV ==== 
     psi = 0.158*[#   2]+0.158*[#   3]+0.158*[#   4]+0.158*[#   6]+0.158*[#   7]
          +0.158*[#   8]
    |psi|^2 = 0.947
==== e(   7) =     9.51402 eV ==== 
     psi = 0.158*[#   2]+0.158*[#   3]+0.158*[#   4]+0.158*[#   6]+0.158*[#   7]
          +0.158*[#   8]
    |psi|^2 = 0.947
==== e(   8) =    11.63782 eV ==== 
     psi = 0.276*[#   1]+0.276*[#   5]+0.068*[#   2]+0.068*[#   3]+0.068*[#   4]
          +0.068*[#   6]+0.068*[#   7]+0.068*[#   8]
    |psi|^2 = 0.959

 k =   0.1666666667  0.1666666667  0.1666666667
==== e(   1) =    -5.32561 eV ==== 
     psi = 0.424*[#   1]+0.424*[#   5]+0.025*[#   2]+0.025*[#   3]+0.025*[#   4]
          +0.025*[#   6]+0.025*[#   7]+0.025*[#   8]
    |psi|^2 = 0.996
==== e(   2) =     3.99977 eV ==== 
     psi = 0.127*[#   2]+0.127*[#   3]+0.127*[#   4]+0.127*[#   6]+0.127*[#   7]
          +0.127*[#   8]+0.108*[#   1]+0.108*[#   5]
    |psi|^2 = 0.981
==== e(   3) =     5.93818 eV ==== 
     psi = 0.162*[#   2]+0.162*[#   3]+0.162*[#   4]+0.162*[#   6]+0.162*[#   7]
          +0.162*[#   8]
    |psi|^2 = 0.973
==== e(   4) =     5.93818 eV ==== 
     psi = 0.162*[#   2]+0.162*[#   3]+0.162*[#   4]+0.162*[#   6]+0.162*[#   7]
          +0.162*[#   8]
    |psi|^2 = 0.973
==== e(   5) =     8.80486 eV ==== 
     psi = 0.197*[#   1]+0.197*[#   5]+0.093*[#   2]+0.093*[#   3]+0.093*[#   4]
          +0.093*[#   6]+0.093*[#   7]+0.093*[#   8]
    |psi|^2 = 0.952
==== e(   6) =     9.62485 eV ==== 
     psi = 0.157*[#   2]+0.157*[#   3]+0.157*[#   4]+0.157*[#   6]+0.157*[#   7]
          +0.157*[#   8]
    |psi|^2 = 0.940
==== e(   7) =     9.62485 eV ==== 
     psi = 0.157*[#   2]+0.157*[#   3]+0.157*[#   4]+0.157*[#   6]+0.157*[#   7]
          +0.157*[#   8]
    |psi|^2 = 0.940
==== e(   8) =    12.00999 eV ==== 
     psi = 0.254*[#   1]+0.254*[#   5]+0.074*[#   2]+0.074*[#   3]+0.074*[#   4]
          +0.074*[#   6]+0.074*[#   7]+0.074*[#   8]
    |psi|^2 = 0.950

 k =   0.1875000000  0.1875000000  0.1875000000
==== e(   1) =    -5.22955 eV ==== 
     psi = 0.411*[#   1]+0.411*[#   5]+0.029*[#   2]+0.029*[#   3]+0.029*[#   4]
          +0.029*[#   6]+0.029*[#   7]+0.029*[#   8]
    |psi|^2 = 0.996
==== e(   2) =     3.60190 eV ==== 
     psi = 0.124*[#   2]+0.124*[#   3]+0.124*[#   4]+0.124*[#   6]+0.124*[#   7]
          +0.124*[#   8]+0.118*[#   1]+0.118*[#   5]
    |psi|^2 = 0.982
==== e(   3) =     5.85582 eV ==== 
     psi = 0.163*[#   2]+0.163*[#   3]+0.163*[#   4]+0.163*[#   6]+0.163*[#   7]
          +0.163*[#   8]
    |psi|^2 = 0.975
==== e(   4) =     5.85582 eV ==== 
     psi = 0.163*[#   2]+0.163*[#   3]+0.163*[#   4]+0.163*[#   6]+0.163*[#   7]
          +0.163*[#   8]
    |psi|^2 = 0.975
==== e(   5) =     8.72533 eV ==== 
     psi = 0.216*[#   1]+0.216*[#   5]+0.086*[#   2]+0.086*[#   3]+0.086*[#   4]
          +0.086*[#   6]+0.086*[#   7]+0.086*[#   8]
    |psi|^2 = 0.949
==== e(   6) =     9.72528 eV ==== 
     psi = 0.155*[#   2]+0.155*[#   3]+0.155*[#   4]+0.155*[#   6]+0.155*[#   7]
          +0.155*[#   8]
    |psi|^2 = 0.931
==== e(   7) =     9.72528 eV ==== 
     psi = 0.155*[#   2]+0.155*[#   3]+0.155*[#   4]+0.155*[#   6]+0.155*[#   7]
          +0.155*[#   8]
    |psi|^2 = 0.931
==== e(   8) =    12.38359 eV ==== 
     psi = 0.235*[#   1]+0.235*[#   5]+0.078*[#   2]+0.078*[#   3]+0.078*[#   4]
          +0.078*[#   6]+0.078*[#   7]+0.078*[#   8]
    |psi|^2 = 0.940

 k =   0.2083333333  0.2083333333  0.2083333333
==== e(   1) =    -5.12299 eV ==== 
     psi = 0.400*[#   1]+0.400*[#   5]+0.033*[#   2]+0.033*[#   3]+0.033*[#   4]
          +0.033*[#   6]+0.033*[#   7]+0.033*[#   8]
    |psi|^2 = 0.996
==== e(   2) =     3.20675 eV ==== 
     psi = 0.126*[#   1]+0.126*[#   5]+0.122*[#   2]+0.122*[#   3]+0.122*[#   4]
          +0.122*[#   6]+0.122*[#   7]+0.122*[#   8]
    |psi|^2 = 0.984
==== e(   3) =     5.77536 eV ==== 
     psi = 0.163*[#   2]+0.163*[#   3]+0.163*[#   4]+0.163*[#   6]+0.163*[#   7]
          +0.163*[#   8]
    |psi|^2 = 0.977
==== e(   4) =     5.77536 eV ==== 
     psi = 0.163*[#   2]+0.163*[#   3]+0.163*[#   4]+0.163*[#   6]+0.163*[#   7]
          +0.163*[#   8]
    |psi|^2 = 0.977
==== e(   5) =     8.64469 eV ==== 
     psi = 0.233*[#   1]+0.233*[#   5]+0.080*[#   2]+0.080*[#   3]+0.080*[#   4]
          +0.080*[#   6]+0.080*[#   7]+0.080*[#   8]
    |psi|^2 = 0.947
==== e(   6) =     9.80986 eV ==== 
     psi = 0.153*[#   2]+0.153*[#   3]+0.153*[#   4]+0.153*[#   6]+0.153*[#   7]
          +0.153*[#   8]
    |psi|^2 = 0.918
==== e(   7) =     9.80986 eV ==== 
     psi = 0.153*[#   2]+0.153*[#   3]+0.153*[#   4]+0.153*[#   6]+0.153*[#   7]
          +0.153*[#   8]
    |psi|^2 = 0.918
==== e(   8) =    12.75422 eV ==== 
     psi = 0.217*[#   1]+0.217*[#   5]+0.082*[#   2]+0.082*[#   3]+0.082*[#   4]
          +0.082*[#   6]+0.082*[#   7]+0.082*[#   8]
    |psi|^2 = 0.926

 k =   0.2291666667  0.2291666667  0.2291666667
==== e(   1) =    -5.00628 eV ==== 
     psi = 0.390*[#   1]+0.390*[#   5]+0.036*[#   2]+0.036*[#   3]+0.036*[#   4]
          +0.036*[#   6]+0.036*[#   7]+0.036*[#   8]
    |psi|^2 = 0.996
==== e(   2) =     2.81666 eV ==== 
     psi = 0.133*[#   1]+0.133*[#   5]+0.120*[#   2]+0.120*[#   3]+0.120*[#   4]
          +0.120*[#   6]+0.120*[#   7]+0.120*[#   8]
    |psi|^2 = 0.985
==== e(   3) =     5.69797 eV ==== 
     psi = 0.163*[#   2]+0.163*[#   3]+0.163*[#   4]+0.163*[#   6]+0.163*[#   7]
          +0.163*[#   8]
    |psi|^2 = 0.978
==== e(   4) =     5.69797 eV ==== 
     psi = 0.163*[#   2]+0.163*[#   3]+0.163*[#   4]+0.163*[#   6]+0.163*[#   7]
          +0.163*[#   8]
    |psi|^2 = 0.978
==== e(   5) =     8.56499 eV ==== 
     psi = 0.249*[#   1]+0.249*[#   5]+0.074*[#   2]+0.074*[#   3]+0.074*[#   4]
          +0.074*[#   6]+0.074*[#   7]+0.074*[#   8]
    |psi|^2 = 0.944
==== e(   6) =     9.87459 eV ==== 
     psi = 0.150*[#   2]+0.150*[#   3]+0.150*[#   4]+0.150*[#   6]+0.150*[#   7]
          +0.150*[#   8]
    |psi|^2 = 0.902
==== e(   7) =     9.87459 eV ==== 
     psi = 0.150*[#   2]+0.150*[#   3]+0.150*[#   4]+0.150*[#   6]+0.150*[#   7]
          +0.150*[#   8]
    |psi|^2 = 0.902
==== e(   8) =    13.11730 eV ==== 
     psi = 0.200*[#   1]+0.200*[#   5]+0.085*[#   2]+0.085*[#   3]+0.085*[#   4]
          +0.085*[#   6]+0.085*[#   7]+0.085*[#   8]
    |psi|^2 = 0.909

 k =   0.2500000000  0.2500000000  0.2500000000
==== e(   1) =    -4.87988 eV ==== 
     psi = 0.381*[#   1]+0.381*[#   5]+0.039*[#   2]+0.039*[#   3]+0.039*[#   4]
          +0.039*[#   6]+0.039*[#   7]+0.039*[#   8]
    |psi|^2 = 0.996
==== e(   2) =     2.43356 eV ==== 
     psi = 0.139*[#   1]+0.139*[#   5]+0.118*[#   2]+0.118*[#   3]+0.118*[#   4]
          +0.118*[#   6]+0.118*[#   7]+0.118*[#   8]
    |psi|^2 = 0.986
==== e(   3) =     5.62451 eV ==== 
     psi = 0.163*[#   2]+0.163*[#   3]+0.163*[#   4]+0.163*[#   6]+0.163*[#   7]
          +0.163*[#   8]
    |psi|^2 = 0.980
==== e(   4) =     5.62451 eV ==== 
     psi = 0.163*[#   2]+0.163*[#   3]+0.163*[#   4]+0.163*[#   6]+0.163*[#   7]
          +0.163*[#   8]
    |psi|^2 = 0.980
==== e(   5) =     8.48778 eV ==== 
     psi = 0.263*[#   1]+0.263*[#   5]+0.069*[#   2]+0.069*[#   3]+0.069*[#   4]
          +0.069*[#   6]+0.069*[#   7]+0.069*[#   8]
    |psi|^2 = 0.941
==== e(   6) =     9.91762 eV ==== 
     psi = 0.147*[#   2]+0.147*[#   3]+0.147*[#   4]+0.147*[#   6]+0.147*[#   7]
          +0.147*[#   8]
    |psi|^2 = 0.883
==== e(   7) =     9.91762 eV ==== 
     psi = 0.147*[#   2]+0.147*[#   3]+0.147*[#   4]+0.147*[#   6]+0.147*[#   7]
          +0.147*[#   8]
    |psi|^2 = 0.883
==== e(   8) =    13.46616 eV ==== 
     psi = 0.182*[#   1]+0.182*[#   5]+0.086*[#   2]+0.086*[#   3]+0.086*[#   4]
          +0.086*[#   6]+0.086*[#   7]+0.086*[#   8]
    |psi|^2 = 0.883

 k =   0.2708333333  0.2708333333  0.2708333333
==== e(   1) =    -4.74438 eV ==== 
     psi = 0.374*[#   1]+0.374*[#   5]+0.041*[#   2]+0.041*[#   3]+0.041*[#   4]
          +0.041*[#   6]+0.041*[#   7]+0.041*[#   8]
    |psi|^2 = 0.995
==== e(   2) =     2.05918 eV ==== 
     psi = 0.143*[#   1]+0.143*[#   5]+0.117*[#   2]+0.117*[#   3]+0.117*[#   4]
          +0.117*[#   6]+0.117*[#   7]+0.117*[#   8]
    |psi|^2 = 0.986
==== e(   3) =     5.55566 eV ==== 
     psi = 0.164*[#   2]+0.164*[#   3]+0.164*[#   4]+0.164*[#   6]+0.164*[#   7]
          +0.164*[#   8]
    |psi|^2 = 0.981
==== e(   4) =     5.55566 eV ==== 
     psi = 0.164*[#   2]+0.164*[#   3]+0.164*[#   4]+0.164*[#   6]+0.164*[#   7]
          +0.164*[#   8]
    |psi|^2 = 0.981
==== e(   5) =     8.41423 eV ==== 
     psi = 0.275*[#   1]+0.275*[#   5]+0.065*[#   2]+0.065*[#   3]+0.065*[#   4]
          +0.065*[#   6]+0.065*[#   7]+0.065*[#   8]
    |psi|^2 = 0.939
==== e(   6) =     9.93941 eV ==== 
     psi = 0.144*[#   2]+0.144*[#   3]+0.144*[#   4]+0.144*[#   6]+0.144*[#   7]
          +0.144*[#   8]
    |psi|^2 = 0.863
==== e(   7) =     9.93941 eV ==== 
     psi = 0.144*[#   2]+0.144*[#   3]+0.144*[#   4]+0.144*[#   6]+0.144*[#   7]
          +0.144*[#   8]
    |psi|^2 = 0.863
==== e(   8) =    13.75075 eV ==== 
     psi = 0.010*[#   2]+0.010*[#   3]+0.010*[#   4]+0.010*[#   6]+0.010*[#   7]
          +0.010*[#   8]
    |psi|^2 = 0.062

 k =   0.2916666667  0.2916666667  0.2916666667
==== e(   1) =    -4.60055 eV ==== 
     psi = 0.368*[#   1]+0.368*[#   5]+0.043*[#   2]+0.043*[#   3]+0.043*[#   4]
          +0.043*[#   6]+0.043*[#   7]+0.043*[#   8]
    |psi|^2 = 0.995
==== e(   2) =     1.69517 eV ==== 
     psi = 0.147*[#   1]+0.147*[#   5]+0.116*[#   2]+0.116*[#   3]+0.116*[#   4]
          +0.116*[#   6]+0.116*[#   7]+0.116*[#   8]
    |psi|^2 = 0.987
==== e(   3) =     5.49190 eV ==== 
     psi = 0.164*[#   2]+0.164*[#   3]+0.164*[#   4]+0.164*[#   6]+0.164*[#   7]
          +0.164*[#   8]
    |psi|^2 = 0.982
==== e(   4) =     5.49190 eV ==== 
     psi = 0.164*[#   2]+0.164*[#   3]+0.164*[#   4]+0.164*[#   6]+0.164*[#   7]
          +0.164*[#   8]
    |psi|^2 = 0.982
==== e(   5) =     8.34524 eV ==== 
     psi = 0.287*[#   1]+0.287*[#   5]+0.060*[#   2]+0.060*[#   3]+0.060*[#   4]
          +0.060*[#   6]+0.060*[#   7]+0.060*[#   8]
    |psi|^2 = 0.936
==== e(   6) =     9.94247 eV ==== 
     psi = 0.141*[#   2]+0.141*[#   3]+0.141*[#   4]+0.141*[#   6]+0.141*[#   7]
          +0.141*[#   8]
    |psi|^2 = 0.844
==== e(   7) =     9.94247 eV ==== 
     psi = 0.141*[#   2]+0.141*[#   3]+0.141*[#   4]+0.141*[#   6]+0.141*[#   7]
          +0.141*[#   8]
    |psi|^2 = 0.844
==== e(   8) =    13.93510 eV ==== 
     psi = 0.013*[#   2]+0.013*[#   3]+0.013*[#   4]+0.013*[#   6]+0.013*[#   7]
          +0.013*[#   8]
    |psi|^2 = 0.075

 k =   0.3125000000  0.3125000000  0.3125000000
==== e(   1) =    -4.44943 eV ==== 
     psi = 0.363*[#   1]+0.363*[#   5]+0.045*[#   2]+0.045*[#   3]+0.045*[#   4]
          +0.045*[#   6]+0.045*[#   7]+0.045*[#   8]
    |psi|^2 = 0.995
==== e(   2) =     1.34326 eV ==== 
     psi = 0.149*[#   1]+0.149*[#   5]+0.115*[#   2]+0.115*[#   3]+0.115*[#   4]
          +0.115*[#   6]+0.115*[#   7]+0.115*[#   8]
    |psi|^2 = 0.987
==== e(   3) =     5.43361 eV ==== 
     psi = 0.164*[#   2]+0.164*[#   3]+0.164*[#   4]+0.164*[#   6]+0.164*[#   7]
          +0.164*[#   8]
    |psi|^2 = 0.983
==== e(   4) =     5.43361 eV ==== 
     psi = 0.164*[#   2]+0.164*[#   3]+0.164*[#   4]+0.164*[#   6]+0.164*[#   7]
          +0.164*[#   8]
    |psi|^2 = 0.983
==== e(   5) =     8.28148 eV ==== 
     psi = 0.297*[#   1]+0.297*[#   5]+0.057*[#   2]+0.057*[#   3]+0.057*[#   4]
          +0.057*[#   6]+0.057*[#   7]+0.057*[#   8]
    |psi|^2 = 0.933
==== e(   6) =     9.93061 eV ==== 
     psi = 0.138*[#   2]+0.138*[#   3]+0.138*[#   4]+0.138*[#   6]+0.138*[#   7]
          +0.138*[#   8]
    |psi|^2 = 0.825
==== e(   7) =     9.93061 eV ==== 
     psi = 0.138*[#   2]+0.138*[#   3]+0.138*[#   4]+0.138*[#   6]+0.138*[#   7]
          +0.138*[#   8]
    |psi|^2 = 0.825
==== e(   8) =    14.15916 eV ==== 
     psi = 0.014*[#   2]+0.014*[#   3]+0.014*[#   4]+0.014*[#   6]+0.014*[#   7]
          +0.014*[#   8]
    |psi|^2 = 0.087

 k =   0.3333333333  0.3333333333  0.3333333333
==== e(   1) =    -4.29243 eV ==== 
     psi = 0.360*[#   1]+0.360*[#   5]+0.046*[#   2]+0.046*[#   3]+0.046*[#   4]
          +0.046*[#   6]+0.046*[#   7]+0.046*[#   8]
    |psi|^2 = 0.995
==== e(   2) =     1.00543 eV ==== 
     psi = 0.149*[#   1]+0.149*[#   5]+0.115*[#   2]+0.115*[#   3]+0.115*[#   4]
          +0.115*[#   6]+0.115*[#   7]+0.115*[#   8]
    |psi|^2 = 0.988
==== e(   3) =     5.38104 eV ==== 
     psi = 0.164*[#   2]+0.164*[#   3]+0.164*[#   4]+0.164*[#   6]+0.164*[#   7]
          +0.164*[#   8]
    |psi|^2 = 0.984
==== e(   4) =     5.38104 eV ==== 
     psi = 0.164*[#   2]+0.164*[#   3]+0.164*[#   4]+0.164*[#   6]+0.164*[#   7]
          +0.164*[#   8]
    |psi|^2 = 0.984
==== e(   5) =     8.22348 eV ==== 
     psi = 0.306*[#   1]+0.306*[#   5]+0.053*[#   2]+0.053*[#   3]+0.053*[#   4]
          +0.053*[#   6]+0.053*[#   7]+0.053*[#   8]
    |psi|^2 = 0.930
==== e(   6) =     9.90811 eV ==== 
     psi = 0.135*[#   2]+0.135*[#   3]+0.135*[#   4]+0.135*[#   6]+0.135*[#   7]
          +0.135*[#   8]
    |psi|^2 = 0.810
==== e(   7) =     9.90811 eV ==== 
     psi = 0.135*[#   2]+0.135*[#   3]+0.135*[#   4]+0.135*[#   6]+0.135*[#   7]
          +0.135*[#   8]
    |psi|^2 = 0.810
==== e(   8) =    14.33835 eV ==== 
     psi = 0.067*[#   1]+0.067*[#   5]+0.055*[#   2]+0.055*[#   3]+0.055*[#   4]
          +0.055*[#   6]+0.055*[#   7]+0.055*[#   8]
    |psi|^2 = 0.464

 k =   0.3541666667  0.3541666667  0.3541666667
==== e(   1) =    -4.13149 eV ==== 
     psi = 0.359*[#   1]+0.359*[#   5]+0.046*[#   2]+0.046*[#   3]+0.046*[#   4]
          +0.046*[#   6]+0.046*[#   7]+0.046*[#   8]
    |psi|^2 = 0.996
==== e(   2) =     0.68405 eV ==== 
     psi = 0.148*[#   1]+0.148*[#   5]+0.115*[#   2]+0.115*[#   3]+0.115*[#   4]
          +0.115*[#   6]+0.115*[#   7]+0.115*[#   8]
    |psi|^2 = 0.988
==== e(   3) =     5.33441 eV ==== 
     psi = 0.164*[#   2]+0.164*[#   3]+0.164*[#   4]+0.164*[#   6]+0.164*[#   7]
          +0.164*[#   8]
    |psi|^2 = 0.985
==== e(   4) =     5.33441 eV ==== 
     psi = 0.164*[#   2]+0.164*[#   3]+0.164*[#   4]+0.164*[#   6]+0.164*[#   7]
          +0.164*[#   8]
    |psi|^2 = 0.985
==== e(   5) =     8.17165 eV ==== 
     psi = 0.314*[#   1]+0.314*[#   5]+0.050*[#   2]+0.050*[#   3]+0.050*[#   4]
          +0.050*[#   6]+0.050*[#   7]+0.050*[#   8]
    |psi|^2 = 0.927
==== e(   6) =     9.87915 eV ==== 
     psi = 0.133*[#   2]+0.133*[#   3]+0.133*[#   4]+0.133*[#   6]+0.133*[#   7]
          +0.133*[#   8]
    |psi|^2 = 0.797
==== e(   7) =     9.87915 eV ==== 
     psi = 0.133*[#   2]+0.133*[#   3]+0.133*[#   4]+0.133*[#   6]+0.133*[#   7]
          +0.133*[#   8]
    |psi|^2 = 0.797
==== e(   8) =    14.35046 eV ==== 
     psi = 0.045*[#   1]+0.045*[#   5]+0.043*[#   2]+0.043*[#   3]+0.043*[#   4]
          +0.043*[#   6]+0.043*[#   7]+0.043*[#   8]
    |psi|^2 = 0.345

 k =   0.3750000000  0.3750000000  0.3750000000
==== e(   1) =    -3.96933 eV ==== 
     psi = 0.360*[#   1]+0.360*[#   5]+0.046*[#   2]+0.046*[#   3]+0.046*[#   4]
          +0.046*[#   6]+0.046*[#   7]+0.046*[#   8]
    |psi|^2 = 0.996
==== e(   2) =     0.38222 eV ==== 
     psi = 0.146*[#   1]+0.146*[#   5]+0.116*[#   2]+0.116*[#   3]+0.116*[#   4]
          +0.116*[#   6]+0.116*[#   7]+0.116*[#   8]
    |psi|^2 = 0.988
==== e(   3) =     5.29383 eV ==== 
     psi = 0.164*[#   2]+0.164*[#   3]+0.164*[#   4]+0.164*[#   6]+0.164*[#   7]
          +0.164*[#   8]
    |psi|^2 = 0.985
==== e(   4) =     5.29383 eV ==== 
     psi = 0.164*[#   2]+0.164*[#   3]+0.164*[#   4]+0.164*[#   6]+0.164*[#   7]
          +0.164*[#   8]
    |psi|^2 = 0.985
==== e(   5) =     8.12627 eV ==== 
     psi = 0.321*[#   1]+0.321*[#   5]+0.047*[#   2]+0.047*[#   3]+0.047*[#   4]
          +0.047*[#   6]+0.047*[#   7]+0.047*[#   8]
    |psi|^2 = 0.925
==== e(   6) =     9.84741 eV ==== 
     psi = 0.131*[#   2]+0.131*[#   3]+0.131*[#   4]+0.131*[#   6]+0.131*[#   7]
          +0.131*[#   8]
    |psi|^2 = 0.787
==== e(   7) =     9.84741 eV ==== 
     psi = 0.131*[#   2]+0.131*[#   3]+0.131*[#   4]+0.131*[#   6]+0.131*[#   7]
          +0.131*[#   8]
    |psi|^2 = 0.787
==== e(   8) =    14.32424 eV ==== 
     psi = 0.034*[#   2]+0.034*[#   3]+0.034*[#   4]+0.034*[#   6]+0.034*[#   7]
          +0.034*[#   8]+0.033*[#   1]+0.033*[#   5]
    |psi|^2 = 0.272

 k =   0.3958333333  0.3958333333  0.3958333333
==== e(   1) =    -3.80983 eV ==== 
     psi = 0.362*[#   1]+0.362*[#   5]+0.045*[#   2]+0.045*[#   3]+0.045*[#   4]
          +0.045*[#   6]+0.045*[#   7]+0.045*[#   8]
    |psi|^2 = 0.996
==== e(   2) =     0.10409 eV ==== 
     psi = 0.142*[#   1]+0.142*[#   5]+0.117*[#   2]+0.117*[#   3]+0.117*[#   4]
          +0.117*[#   6]+0.117*[#   7]+0.117*[#   8]
    |psi|^2 = 0.988
==== e(   3) =     5.25940 eV ==== 
     psi = 0.164*[#   2]+0.164*[#   3]+0.164*[#   4]+0.164*[#   6]+0.164*[#   7]
          +0.164*[#   8]
    |psi|^2 = 0.986
==== e(   4) =     5.25940 eV ==== 
     psi = 0.164*[#   2]+0.164*[#   3]+0.164*[#   4]+0.164*[#   6]+0.164*[#   7]
          +0.164*[#   8]
    |psi|^2 = 0.986
==== e(   5) =     8.08758 eV ==== 
     psi = 0.327*[#   1]+0.327*[#   5]+0.045*[#   2]+0.045*[#   3]+0.045*[#   4]
          +0.045*[#   6]+0.045*[#   7]+0.045*[#   8]
    |psi|^2 = 0.922
==== e(   6) =     9.81595 eV ==== 
     psi = 0.130*[#   2]+0.130*[#   3]+0.130*[#   4]+0.130*[#   6]+0.130*[#   7]
          +0.130*[#   8]
    |psi|^2 = 0.779
==== e(   7) =     9.81595 eV ==== 
     psi = 0.130*[#   2]+0.130*[#   3]+0.130*[#   4]+0.130*[#   6]+0.130*[#   7]
          +0.130*[#   8]
    |psi|^2 = 0.779
==== e(   8) =    14.28407 eV ==== 
     psi = 0.029*[#   2]+0.029*[#   3]+0.029*[#   4]+0.029*[#   6]+0.029*[#   7]
          +0.029*[#   8]+0.027*[#   1]+0.027*[#   5]
    |psi|^2 = 0.228

 k =   0.4166666667  0.4166666667  0.4166666667
==== e(   1) =    -3.65847 eV ==== 
     psi = 0.366*[#   1]+0.366*[#   5]+0.044*[#   2]+0.044*[#   3]+0.044*[#   4]
          +0.044*[#   6]+0.044*[#   7]+0.044*[#   8]
    |psi|^2 = 0.996
==== e(   2) =    -0.14461 eV ==== 
     psi = 0.137*[#   1]+0.137*[#   5]+0.119*[#   2]+0.119*[#   3]+0.119*[#   4]
          +0.119*[#   6]+0.119*[#   7]+0.119*[#   8]
    |psi|^2 = 0.988
==== e(   3) =     5.23118 eV ==== 
     psi = 0.164*[#   2]+0.164*[#   3]+0.164*[#   4]+0.164*[#   6]+0.164*[#   7]
          +0.164*[#   8]
    |psi|^2 = 0.986
==== e(   4) =     5.23118 eV ==== 
     psi = 0.164*[#   2]+0.164*[#   3]+0.164*[#   4]+0.164*[#   6]+0.164*[#   7]
          +0.164*[#   8]
    |psi|^2 = 0.986
==== e(   5) =     8.05573 eV ==== 
     psi = 0.332*[#   1]+0.332*[#   5]+0.043*[#   2]+0.043*[#   3]+0.043*[#   4]
          +0.043*[#   6]+0.043*[#   7]+0.043*[#   8]
    |psi|^2 = 0.920
==== e(   6) =     9.78722 eV ==== 
     psi = 0.129*[#   2]+0.129*[#   3]+0.129*[#   4]+0.129*[#   6]+0.129*[#   7]
          +0.129*[#   8]
    |psi|^2 = 0.774
==== e(   7) =     9.78722 eV ==== 
     psi = 0.129*[#   2]+0.129*[#   3]+0.129*[#   4]+0.129*[#   6]+0.129*[#   7]
          +0.129*[#   8]
    |psi|^2 = 0.774
==== e(   8) =    14.24260 eV ==== 
     psi = 0.026*[#   2]+0.026*[#   3]+0.026*[#   4]+0.026*[#   6]+0.026*[#   7]
          +0.026*[#   8]+0.023*[#   1]+0.023*[#   5]
    |psi|^2 = 0.201

 k =   0.4375000000  0.4375000000  0.4375000000
==== e(   1) =    -3.52288 eV ==== 
     psi = 0.372*[#   1]+0.372*[#   5]+0.042*[#   2]+0.042*[#   3]+0.042*[#   4]
          +0.042*[#   6]+0.042*[#   7]+0.042*[#   8]
    |psi|^2 = 0.996
==== e(   2) =    -0.35609 eV ==== 
     psi = 0.130*[#   1]+0.130*[#   5]+0.121*[#   2]+0.121*[#   3]+0.121*[#   4]
          +0.121*[#   6]+0.121*[#   7]+0.121*[#   8]
    |psi|^2 = 0.987
==== e(   3) =     5.20920 eV ==== 
     psi = 0.164*[#   2]+0.164*[#   3]+0.164*[#   4]+0.164*[#   6]+0.164*[#   7]
          +0.164*[#   8]
    |psi|^2 = 0.987
==== e(   4) =     5.20920 eV ==== 
     psi = 0.164*[#   2]+0.164*[#   3]+0.164*[#   4]+0.164*[#   6]+0.164*[#   7]
          +0.164*[#   8]
    |psi|^2 = 0.987
==== e(   5) =     8.03085 eV ==== 
     psi = 0.336*[#   1]+0.336*[#   5]+0.041*[#   2]+0.041*[#   3]+0.041*[#   4]
          +0.041*[#   6]+0.041*[#   7]+0.041*[#   8]
    |psi|^2 = 0.919
==== e(   6) =     9.76309 eV ==== 
     psi = 0.128*[#   2]+0.128*[#   3]+0.128*[#   4]+0.128*[#   6]+0.128*[#   7]
          +0.128*[#   8]
    |psi|^2 = 0.770
==== e(   7) =     9.76309 eV ==== 
     psi = 0.128*[#   2]+0.128*[#   3]+0.128*[#   4]+0.128*[#   6]+0.128*[#   7]
          +0.128*[#   8]
    |psi|^2 = 0.770
==== e(   8) =    14.20629 eV ==== 
     psi = 0.024*[#   2]+0.024*[#   3]+0.024*[#   4]+0.024*[#   6]+0.024*[#   7]
          +0.024*[#   8]+0.021*[#   1]+0.021*[#   5]
    |psi|^2 = 0.184

 k =   0.4583333333  0.4583333333  0.4583333333
==== e(   1) =    -3.41305 eV ==== 
     psi = 0.378*[#   1]+0.378*[#   5]+0.040*[#   2]+0.040*[#   3]+0.040*[#   4]
          +0.040*[#   6]+0.040*[#   7]+0.040*[#   8]
    |psi|^2 = 0.997
==== e(   2) =    -0.52022 eV ==== 
     psi = 0.123*[#   1]+0.123*[#   2]+0.123*[#   3]+0.123*[#   4]+0.123*[#   5]
          +0.123*[#   6]+0.123*[#   7]+0.123*[#   8]
    |psi|^2 = 0.987
==== e(   3) =     5.19350 eV ==== 
     psi = 0.165*[#   2]+0.165*[#   3]+0.165*[#   4]+0.165*[#   6]+0.165*[#   7]
          +0.165*[#   8]
    |psi|^2 = 0.987
==== e(   4) =     5.19350 eV ==== 
     psi = 0.165*[#   2]+0.165*[#   3]+0.165*[#   4]+0.165*[#   6]+0.165*[#   7]
          +0.165*[#   8]
    |psi|^2 = 0.987
==== e(   5) =     8.01302 eV ==== 
     psi = 0.339*[#   1]+0.339*[#   5]+0.040*[#   2]+0.040*[#   3]+0.040*[#   4]
          +0.040*[#   6]+0.040*[#   7]+0.040*[#   8]
    |psi|^2 = 0.917
==== e(   6) =     9.74494 eV ==== 
     psi = 0.128*[#   2]+0.128*[#   3]+0.128*[#   4]+0.128*[#   6]+0.128*[#   7]
          +0.128*[#   8]
    |psi|^2 = 0.767
==== e(   7) =     9.74494 eV ==== 
     psi = 0.128*[#   2]+0.128*[#   3]+0.128*[#   4]+0.128*[#   6]+0.128*[#   7]
          +0.128*[#   8]
    |psi|^2 = 0.767
==== e(   8) =    14.17859 eV ==== 
     psi = 0.023*[#   2]+0.023*[#   3]+0.023*[#   4]+0.023*[#   6]+0.023*[#   7]
          +0.023*[#   8]+0.020*[#   1]+0.020*[#   5]
    |psi|^2 = 0.174

 k =   0.4791666667  0.4791666667  0.4791666667
==== e(   1) =    -3.34041 eV ==== 
     psi = 0.383*[#   1]+0.383*[#   5]+0.038*[#   2]+0.038*[#   3]+0.038*[#   4]
          +0.038*[#   6]+0.038*[#   7]+0.038*[#   8]
    |psi|^2 = 0.997
==== e(   2) =    -0.62547 eV ==== 
     psi = 0.125*[#   2]+0.125*[#   3]+0.125*[#   4]+0.125*[#   6]+0.125*[#   7]
          +0.125*[#   8]+0.118*[#   1]+0.118*[#   5]
    |psi|^2 = 0.987
==== e(   3) =     5.18407 eV ==== 
     psi = 0.165*[#   2]+0.165*[#   3]+0.165*[#   4]+0.165*[#   6]+0.165*[#   7]
          +0.165*[#   8]
    |psi|^2 = 0.987
==== e(   4) =     5.18407 eV ==== 
     psi = 0.165*[#   2]+0.165*[#   3]+0.165*[#   4]+0.165*[#   6]+0.165*[#   7]
          +0.165*[#   8]
    |psi|^2 = 0.987
==== e(   5) =     8.00231 eV ==== 
     psi = 0.340*[#   1]+0.340*[#   5]+0.039*[#   2]+0.039*[#   3]+0.039*[#   4]
          +0.039*[#   6]+0.039*[#   7]+0.039*[#   8]
    |psi|^2 = 0.917
==== e(   6) =     9.73368 eV ==== 
     psi = 0.128*[#   2]+0.128*[#   3]+0.128*[#   4]+0.128*[#   6]+0.128*[#   7]
          +0.128*[#   8]
    |psi|^2 = 0.766
==== e(   7) =     9.73368 eV ==== 
     psi = 0.128*[#   2]+0.128*[#   3]+0.128*[#   4]+0.128*[#   6]+0.128*[#   7]
          +0.128*[#   8]
    |psi|^2 = 0.766
==== e(   8) =    14.16136 eV ==== 
     psi = 0.022*[#   2]+0.022*[#   3]+0.022*[#   4]+0.022*[#   6]+0.022*[#   7]
          +0.022*[#   8]+0.019*[#   1]+0.019*[#   5]
    |psi|^2 = 0.169

 k =   0.5000000000  0.5000000000  0.5000000000
==== e(   1) =    -3.31485 eV ==== 
     psi = 0.385*[#   1]+0.385*[#   5]+0.038*[#   2]+0.038*[#   3]+0.038*[#   4]
          +0.038*[#   6]+0.038*[#   7]+0.038*[#   8]
    |psi|^2 = 0.997
==== e(   2) =    -0.66191 eV ==== 
     psi = 0.126*[#   2]+0.126*[#   3]+0.126*[#   4]+0.126*[#   6]+0.126*[#   7]
          +0.126*[#   8]+0.116*[#   1]+0.116*[#   5]
    |psi|^2 = 0.987
==== e(   3) =     5.18093 eV ==== 
     psi = 0.165*[#   2]+0.165*[#   3]+0.165*[#   4]+0.165*[#   6]+0.165*[#   7]
          +0.165*[#   8]
    |psi|^2 = 0.987
==== e(   4) =     5.18093 eV ==== 
     psi = 0.165*[#   2]+0.165*[#   3]+0.165*[#   4]+0.165*[#   6]+0.165*[#   7]
          +0.165*[#   8]
    |psi|^2 = 0.987
==== e(   5) =     7.99874 eV ==== 
     psi = 0.341*[#   1]+0.341*[#   5]+0.039*[#   2]+0.039*[#   3]+0.039*[#   4]
          +0.039*[#   6]+0.039*[#   7]+0.039*[#   8]
    |psi|^2 = 0.916
==== e(   6) =     9.72987 eV ==== 
     psi = 0.128*[#   2]+0.128*[#   3]+0.128*[#   4]+0.128*[#   6]+0.128*[#   7]
          +0.128*[#   8]
    |psi|^2 = 0.765
==== e(   7) =     9.72987 eV ==== 
     psi = 0.128*[#   2]+0.128*[#   3]+0.128*[#   4]+0.128*[#   6]+0.128*[#   7]
          +0.128*[#   8]
    |psi|^2 = 0.765
==== e(   8) =    14.15552 eV ==== 
     psi = 0.022*[#   2]+0.022*[#   3]+0.022*[#   4]+0.022*[#   6]+0.022*[#   7]
          +0.022*[#   8]+0.019*[#   1]+0.019*[#   5]
    |psi|^2 = 0.167

 k =   0.5208333333  0.4791666667  0.4791666667
==== e(   1) =    -3.31259 eV ==== 
     psi = 0.385*[#   1]+0.385*[#   5]+0.038*[#   2]+0.038*[#   3]+0.038*[#   4]
          +0.038*[#   6]+0.038*[#   7]+0.038*[#   8]
    |psi|^2 = 0.997
==== e(   2) =    -0.65498 eV ==== 
     psi = 0.126*[#   2]+0.126*[#   3]+0.126*[#   4]+0.126*[#   6]+0.126*[#   7]
          +0.126*[#   8]+0.116*[#   1]+0.116*[#   5]
    |psi|^2 = 0.987
==== e(   3) =     5.13544 eV ==== 
     psi = 0.163*[#   2]+0.163*[#   3]+0.163*[#   4]+0.163*[#   6]+0.163*[#   7]
          +0.163*[#   8]+0.005*[#   1]+0.005*[#   5]
    |psi|^2 = 0.987
==== e(   4) =     5.16861 eV ==== 
     psi = 0.165*[#   2]+0.165*[#   3]+0.165*[#   4]+0.165*[#   6]+0.165*[#   7]
          +0.165*[#   8]
    |psi|^2 = 0.987
==== e(   5) =     8.04395 eV ==== 
     psi = 0.335*[#   1]+0.335*[#   5]+0.041*[#   2]+0.041*[#   3]+0.041*[#   4]
          +0.041*[#   6]+0.041*[#   7]+0.041*[#   8]
    |psi|^2 = 0.916
==== e(   6) =     9.71843 eV ==== 
     psi = 0.127*[#   2]+0.127*[#   3]+0.127*[#   4]+0.127*[#   6]+0.127*[#   7]
          +0.127*[#   8]
    |psi|^2 = 0.764
==== e(   7) =     9.75342 eV ==== 
     psi = 0.127*[#   2]+0.127*[#   3]+0.127*[#   4]+0.127*[#   6]+0.127*[#   7]
          +0.127*[#   8]
    |psi|^2 = 0.765
==== e(   8) =    14.18030 eV ==== 
     psi = 0.022*[#   2]+0.022*[#   3]+0.022*[#   4]+0.022*[#   6]+0.022*[#   7]
          +0.022*[#   8]+0.019*[#   1]+0.019*[#   5]
    |psi|^2 = 0.173

 k =   0.5416666667  0.4583333333  0.4583333333
==== e(   1) =    -3.30574 eV ==== 
     psi = 0.383*[#   1]+0.383*[#   5]+0.039*[#   2]+0.039*[#   3]+0.039*[#   4]
          +0.039*[#   6]+0.039*[#   7]+0.039*[#   8]
    |psi|^2 = 0.997
==== e(   2) =    -0.63436 eV ==== 
     psi = 0.125*[#   2]+0.125*[#   3]+0.125*[#   4]+0.125*[#   6]+0.125*[#   7]
          +0.125*[#   8]+0.118*[#   1]+0.118*[#   5]
    |psi|^2 = 0.987
==== e(   3) =     5.00822 eV ==== 
     psi = 0.159*[#   2]+0.159*[#   3]+0.159*[#   4]+0.159*[#   6]+0.159*[#   7]
          +0.159*[#   8]+0.018*[#   1]+0.018*[#   5]
    |psi|^2 = 0.987
==== e(   4) =     5.13248 eV ==== 
     psi = 0.165*[#   2]+0.165*[#   3]+0.165*[#   4]+0.165*[#   6]+0.165*[#   7]
          +0.165*[#   8]
    |psi|^2 = 0.987
==== e(   5) =     8.16724 eV ==== 
     psi = 0.320*[#   1]+0.320*[#   5]+0.046*[#   2]+0.046*[#   3]+0.046*[#   4]
          +0.046*[#   6]+0.046*[#   7]+0.046*[#   8]
    |psi|^2 = 0.913
==== e(   6) =     9.68918 eV ==== 
     psi = 0.126*[#   2]+0.126*[#   3]+0.126*[#   4]+0.126*[#   6]+0.126*[#   7]
          +0.126*[#   8]+0.001*[#   1]+0.001*[#   5]
    |psi|^2 = 0.762
==== e(   7) =     9.82321 eV ==== 
     psi = 0.127*[#   2]+0.127*[#   3]+0.127*[#   4]+0.127*[#   6]+0.127*[#   7]
          +0.127*[#   8]
    |psi|^2 = 0.763
==== e(   8) =    14.24831 eV ==== 
     psi = 0.025*[#   2]+0.025*[#   3]+0.025*[#   4]+0.025*[#   6]+0.025*[#   7]
          +0.025*[#   8]+0.022*[#   1]+0.022*[#   5]
    |psi|^2 = 0.191

 k =   0.5625000000  0.4375000000  0.4375000000
==== e(   1) =    -3.29418 eV ==== 
     psi = 0.379*[#   1]+0.379*[#   5]+0.040*[#   2]+0.040*[#   3]+0.040*[#   4]
          +0.040*[#   6]+0.040*[#   7]+0.040*[#   8]
    |psi|^2 = 0.997
==== e(   2) =    -0.60057 eV ==== 
     psi = 0.124*[#   2]+0.124*[#   3]+0.124*[#   4]+0.124*[#   6]+0.124*[#   7]
          +0.124*[#   8]+0.121*[#   1]+0.121*[#   5]
    |psi|^2 = 0.987
==== e(   3) =     4.82035 eV ==== 
     psi = 0.154*[#   2]+0.154*[#   3]+0.154*[#   4]+0.154*[#   6]+0.154*[#   7]
          +0.154*[#   8]+0.033*[#   1]+0.033*[#   5]
    |psi|^2 = 0.987
==== e(   4) =     5.07487 eV ==== 
     psi = 0.165*[#   2]+0.165*[#   3]+0.165*[#   4]+0.165*[#   6]+0.165*[#   7]
          +0.165*[#   8]
    |psi|^2 = 0.987
==== e(   5) =     8.33598 eV ==== 
     psi = 0.298*[#   1]+0.298*[#   5]+0.052*[#   2]+0.052*[#   3]+0.052*[#   4]
          +0.052*[#   6]+0.052*[#   7]+0.052*[#   8]
    |psi|^2 = 0.908
==== e(   6) =     9.65890 eV ==== 
     psi = 0.125*[#   2]+0.125*[#   3]+0.125*[#   4]+0.125*[#   6]+0.125*[#   7]
          +0.125*[#   8]+0.006*[#   1]+0.006*[#   5]
    |psi|^2 = 0.759
==== e(   7) =     9.93691 eV ==== 
     psi = 0.127*[#   2]+0.127*[#   3]+0.127*[#   4]+0.127*[#   6]+0.127*[#   7]
          +0.127*[#   8]
    |psi|^2 = 0.759
==== e(   8) =    14.33503 eV ==== 
     psi = 0.029*[#   2]+0.029*[#   3]+0.029*[#   4]+0.029*[#   6]+0.029*[#   7]
          +0.029*[#   8]+0.026*[#   1]+0.026*[#   5]
    |psi|^2 = 0.229

 k =   0.5833333333  0.4166666667  0.4166666667
==== e(   1) =    -3.27767 eV ==== 
     psi = 0.375*[#   1]+0.375*[#   5]+0.041*[#   2]+0.041*[#   3]+0.041*[#   4]
          +0.041*[#   6]+0.041*[#   7]+0.041*[#   8]
    |psi|^2 = 0.997
==== e(   2) =    -0.55448 eV ==== 
     psi = 0.126*[#   1]+0.126*[#   5]+0.123*[#   2]+0.123*[#   3]+0.123*[#   4]
          +0.123*[#   6]+0.123*[#   7]+0.123*[#   8]
    |psi|^2 = 0.987
==== e(   3) =     4.59367 eV ==== 
     psi = 0.149*[#   2]+0.149*[#   3]+0.149*[#   4]+0.149*[#   6]+0.149*[#   7]
          +0.149*[#   8]+0.046*[#   1]+0.046*[#   5]
    |psi|^2 = 0.988
==== e(   4) =     4.99912 eV ==== 
     psi = 0.165*[#   2]+0.165*[#   3]+0.165*[#   4]+0.165*[#   6]+0.165*[#   7]
          +0.165*[#   8]
    |psi|^2 = 0.988
==== e(   5) =     8.50211 eV ==== 
     psi = 0.268*[#   1]+0.268*[#   5]+0.060*[#   2]+0.060*[#   3]+0.060*[#   4]
          +0.060*[#   6]+0.060*[#   7]+0.060*[#   8]
    |psi|^2 = 0.897
==== e(   6) =     9.66109 eV ==== 
     psi = 0.120*[#   2]+0.120*[#   3]+0.120*[#   4]+0.120*[#   6]+0.120*[#   7]
          +0.120*[#   8]+0.020*[#   1]+0.020*[#   5]
    |psi|^2 = 0.759
==== e(   7) =    10.09112 eV ==== 
     psi = 0.126*[#   2]+0.126*[#   3]+0.126*[#   4]+0.126*[#   6]+0.126*[#   7]
          +0.126*[#   8]
    |psi|^2 = 0.754
==== e(   8) =    14.36949 eV ==== 
     psi = 0.038*[#   2]+0.038*[#   3]+0.038*[#   4]+0.038*[#   6]+0.038*[#   7]
          +0.038*[#   8]+0.035*[#   1]+0.035*[#   5]
    |psi|^2 = 0.297

 k =   0.6041666667  0.3958333333  0.3958333333
==== e(   1) =    -3.25592 eV ==== 
     psi = 0.370*[#   1]+0.370*[#   5]+0.043*[#   2]+0.043*[#   3]+0.043*[#   4]
          +0.043*[#   6]+0.043*[#   7]+0.043*[#   8]
    |psi|^2 = 0.997
==== e(   2) =    -0.49738 eV ==== 
     psi = 0.131*[#   1]+0.131*[#   5]+0.121*[#   2]+0.121*[#   3]+0.121*[#   4]
          +0.121*[#   6]+0.121*[#   7]+0.121*[#   8]
    |psi|^2 = 0.988
==== e(   3) =     4.34543 eV ==== 
     psi = 0.146*[#   2]+0.146*[#   3]+0.146*[#   4]+0.146*[#   6]+0.146*[#   7]
          +0.146*[#   8]+0.057*[#   1]+0.057*[#   5]
    |psi|^2 = 0.988
==== e(   4) =     4.90906 eV ==== 
     psi = 0.165*[#   2]+0.165*[#   3]+0.165*[#   4]+0.165*[#   6]+0.165*[#   7]
          +0.165*[#   8]
    |psi|^2 = 0.988
==== e(   5) =     8.60714 eV ==== 
     psi = 0.223*[#   1]+0.223*[#   5]+0.072*[#   2]+0.072*[#   3]+0.072*[#   4]
          +0.072*[#   6]+0.072*[#   7]+0.072*[#   8]
    |psi|^2 = 0.877
==== e(   6) =     9.74494 eV ==== 
     psi = 0.111*[#   2]+0.111*[#   3]+0.111*[#   4]+0.111*[#   6]+0.111*[#   7]
          +0.111*[#   8]+0.050*[#   1]+0.050*[#   5]
    |psi|^2 = 0.765
==== e(   7) =    10.28194 eV ==== 
     psi = 0.125*[#   2]+0.125*[#   3]+0.125*[#   4]+0.125*[#   6]+0.125*[#   7]
          +0.125*[#   8]
    |psi|^2 = 0.748
==== e(   8) =    14.20628 eV ==== 
     psi = 0.045*[#   1]+0.045*[#   5]+0.045*[#   2]+0.045*[#   3]+0.045*[#   4]
          +0.045*[#   6]+0.045*[#   7]+0.045*[#   8]
    |psi|^2 = 0.360

 k =   0.6250000000  0.3750000000  0.3750000000
==== e(   1) =    -3.22860 eV ==== 
     psi = 0.364*[#   1]+0.364*[#   5]+0.045*[#   2]+0.045*[#   3]+0.045*[#   4]
          +0.045*[#   6]+0.045*[#   7]+0.045*[#   8]
    |psi|^2 = 0.996
==== e(   2) =    -0.43104 eV ==== 
     psi = 0.138*[#   1]+0.138*[#   5]+0.119*[#   2]+0.119*[#   3]+0.119*[#   4]
          +0.119*[#   6]+0.119*[#   7]+0.119*[#   8]
    |psi|^2 = 0.988
==== e(   3) =     4.08812 eV ==== 
     psi = 0.144*[#   2]+0.144*[#   3]+0.144*[#   4]+0.144*[#   6]+0.144*[#   7]
          +0.144*[#   8]+0.064*[#   1]+0.064*[#   5]
    |psi|^2 = 0.989
==== e(   4) =     4.80853 eV ==== 
     psi = 0.165*[#   2]+0.165*[#   3]+0.165*[#   4]+0.165*[#   6]+0.165*[#   7]
          +0.165*[#   8]
    |psi|^2 = 0.988
==== e(   5) =     8.61711 eV ==== 
     psi = 0.177*[#   1]+0.177*[#   5]+0.083*[#   2]+0.083*[#   3]+0.083*[#   4]
          +0.083*[#   6]+0.083*[#   7]+0.083*[#   8]
    |psi|^2 = 0.854
==== e(   6) =     9.93959 eV ==== 
     psi = 0.101*[#   2]+0.101*[#   3]+0.101*[#   4]+0.101*[#   6]+0.101*[#   7]
          +0.101*[#   8]+0.084*[#   1]+0.084*[#   5]
    |psi|^2 = 0.772
==== e(   7) =    10.50543 eV ==== 
     psi = 0.123*[#   2]+0.123*[#   3]+0.123*[#   4]+0.123*[#   6]+0.123*[#   7]
          +0.123*[#   8]
    |psi|^2 = 0.740
==== e(   8) =    13.82876 eV ==== 
     psi = 0.052*[#   1]+0.052*[#   5]+0.047*[#   2]+0.047*[#   3]+0.047*[#   4]
          +0.047*[#   6]+0.047*[#   7]+0.047*[#   8]
    |psi|^2 = 0.387

 k =   0.6458333333  0.3541666667  0.3541666667
==== e(   1) =    -3.19534 eV ==== 
     psi = 0.358*[#   1]+0.358*[#   5]+0.047*[#   2]+0.047*[#   3]+0.047*[#   4]
          +0.047*[#   6]+0.047*[#   7]+0.047*[#   8]
    |psi|^2 = 0.996
==== e(   2) =    -0.35785 eV ==== 
     psi = 0.146*[#   1]+0.146*[#   5]+0.116*[#   2]+0.116*[#   3]+0.116*[#   4]
          +0.116*[#   6]+0.116*[#   7]+0.116*[#   8]
    |psi|^2 = 0.989
==== e(   3) =     3.83098 eV ==== 
     psi = 0.142*[#   2]+0.142*[#   3]+0.142*[#   4]+0.142*[#   6]+0.142*[#   7]
          +0.142*[#   8]+0.068*[#   1]+0.068*[#   5]
    |psi|^2 = 0.990
==== e(   4) =     4.70107 eV ==== 
     psi = 0.165*[#   2]+0.165*[#   3]+0.165*[#   4]+0.165*[#   6]+0.165*[#   7]
          +0.165*[#   8]
    |psi|^2 = 0.989
==== e(   5) =     8.55051 eV ==== 
     psi = 0.145*[#   1]+0.145*[#   5]+0.091*[#   2]+0.091*[#   3]+0.091*[#   4]
          +0.091*[#   6]+0.091*[#   7]+0.091*[#   8]
    |psi|^2 = 0.837
==== e(   6) =    10.22431 eV ==== 
     psi = 0.103*[#   1]+0.103*[#   5]+0.093*[#   2]+0.093*[#   3]+0.093*[#   4]
          +0.093*[#   6]+0.093*[#   7]+0.093*[#   8]
    |psi|^2 = 0.768
==== e(   7) =    10.75792 eV ==== 
     psi = 0.122*[#   2]+0.122*[#   3]+0.122*[#   4]+0.122*[#   6]+0.122*[#   7]
          +0.122*[#   8]
    |psi|^2 = 0.731
==== e(   8) =    13.36290 eV ==== 
     psi = 0.060*[#   1]+0.060*[#   5]+0.050*[#   2]+0.050*[#   3]+0.050*[#   4]
          +0.050*[#   6]+0.050*[#   7]+0.050*[#   8]
    |psi|^2 = 0.417

 k =   0.6666666667  0.3333333333  0.3333333333
==== e(   1) =    -3.15577 eV ==== 
     psi = 0.351*[#   1]+0.351*[#   5]+0.049*[#   2]+0.049*[#   3]+0.049*[#   4]
          +0.049*[#   6]+0.049*[#   7]+0.049*[#   8]
    |psi|^2 = 0.996
==== e(   2) =    -0.28095 eV ==== 
     psi = 0.156*[#   1]+0.156*[#   5]+0.113*[#   2]+0.113*[#   3]+0.113*[#   4]
          +0.113*[#   6]+0.113*[#   7]+0.113*[#   8]
    |psi|^2 = 0.989
==== e(   3) =     3.58150 eV ==== 
     psi = 0.142*[#   2]+0.142*[#   3]+0.142*[#   4]+0.142*[#   6]+0.142*[#   7]
          +0.142*[#   8]+0.068*[#   1]+0.068*[#   5]
    |psi|^2 = 0.991
==== e(   4) =     4.58980 eV ==== 
     psi = 0.165*[#   2]+0.165*[#   3]+0.165*[#   4]+0.165*[#   6]+0.165*[#   7]
          +0.165*[#   8]
    |psi|^2 = 0.989
==== e(   5) =     8.44116 eV ==== 
     psi = 0.129*[#   1]+0.129*[#   5]+0.095*[#   2]+0.095*[#   3]+0.095*[#   4]
          +0.095*[#   6]+0.095*[#   7]+0.095*[#   8]
    |psi|^2 = 0.828
==== e(   6) =    10.56376 eV ==== 
     psi = 0.108*[#   1]+0.108*[#   5]+0.089*[#   2]+0.089*[#   3]+0.089*[#   4]
          +0.089*[#   6]+0.089*[#   7]+0.089*[#   8]
    |psi|^2 = 0.748
==== e(   7) =    11.03613 eV ==== 
     psi = 0.120*[#   2]+0.120*[#   3]+0.120*[#   4]+0.120*[#   6]+0.120*[#   7]
          +0.120*[#   8]
    |psi|^2 = 0.721
==== e(   8) =    12.87264 eV ==== 
     psi = 0.069*[#   1]+0.069*[#   5]+0.053*[#   2]+0.053*[#   3]+0.053*[#   4]
          +0.053*[#   6]+0.053*[#   7]+0.053*[#   8]
    |psi|^2 = 0.459

 k =   0.6875000000  0.3125000000  0.3125000000
==== e(   1) =    -3.10951 eV ==== 
     psi = 0.345*[#   1]+0.345*[#   5]+0.051*[#   2]+0.051*[#   3]+0.051*[#   4]
          +0.051*[#   6]+0.051*[#   7]+0.051*[#   8]
    |psi|^2 = 0.996
==== e(   2) =    -0.20449 eV ==== 
     psi = 0.168*[#   1]+0.168*[#   5]+0.109*[#   2]+0.109*[#   3]+0.109*[#   4]
          +0.109*[#   6]+0.109*[#   7]+0.109*[#   8]
    |psi|^2 = 0.990
==== e(   3) =     3.34650 eV ==== 
     psi = 0.143*[#   2]+0.143*[#   3]+0.143*[#   4]+0.143*[#   6]+0.143*[#   7]
          +0.143*[#   8]+0.066*[#   1]+0.066*[#   5]
    |psi|^2 = 0.991
==== e(   4) =     4.47736 eV ==== 
     psi = 0.165*[#   2]+0.165*[#   3]+0.165*[#   4]+0.165*[#   6]+0.165*[#   7]
          +0.165*[#   8]
    |psi|^2 = 0.990
==== e(   5) =     8.31147 eV ==== 
     psi = 0.122*[#   1]+0.122*[#   5]+0.097*[#   2]+0.097*[#   3]+0.097*[#   4]
          +0.097*[#   6]+0.097*[#   7]+0.097*[#   8]
    |psi|^2 = 0.824
==== e(   6) =    10.93190 eV ==== 
     psi = 0.102*[#   1]+0.102*[#   5]+0.084*[#   2]+0.084*[#   3]+0.084*[#   4]
          +0.084*[#   6]+0.084*[#   7]+0.084*[#   8]
    |psi|^2 = 0.706
==== e(   7) =    11.33725 eV ==== 
     psi = 0.118*[#   2]+0.118*[#   3]+0.118*[#   4]+0.118*[#   6]+0.118*[#   7]
          +0.118*[#   8]
    |psi|^2 = 0.710
==== e(   8) =    12.38286 eV ==== 
     psi = 0.083*[#   1]+0.083*[#   5]+0.059*[#   2]+0.059*[#   3]+0.059*[#   4]
          +0.059*[#   6]+0.059*[#   7]+0.059*[#   8]
    |psi|^2 = 0.523

 k =   0.7083333333  0.2916666667  0.2916666667
==== e(   1) =    -3.05620 eV ==== 
     psi = 0.338*[#   1]+0.338*[#   5]+0.053*[#   2]+0.053*[#   3]+0.053*[#   4]
          +0.053*[#   6]+0.053*[#   7]+0.053*[#   8]
    |psi|^2 = 0.996
==== e(   2) =    -0.13386 eV ==== 
     psi = 0.181*[#   1]+0.181*[#   5]+0.105*[#   2]+0.105*[#   3]+0.105*[#   4]
          +0.105*[#   6]+0.105*[#   7]+0.105*[#   8]
    |psi|^2 = 0.990
==== e(   3) =     3.13295 eV ==== 
     psi = 0.145*[#   2]+0.145*[#   3]+0.145*[#   4]+0.145*[#   6]+0.145*[#   7]
          +0.145*[#   8]+0.061*[#   1]+0.061*[#   5]
    |psi|^2 = 0.992
==== e(   4) =     4.36592 eV ==== 
     psi = 0.165*[#   2]+0.165*[#   3]+0.165*[#   4]+0.165*[#   6]+0.165*[#   7]
          +0.165*[#   8]
    |psi|^2 = 0.991
==== e(   5) =     8.17379 eV ==== 
     psi = 0.121*[#   1]+0.121*[#   5]+0.097*[#   2]+0.097*[#   3]+0.097*[#   4]
          +0.097*[#   6]+0.097*[#   7]+0.097*[#   8]
    |psi|^2 = 0.823
==== e(   6) =    11.29165 eV ==== 
     psi = 0.075*[#   1]+0.075*[#   5]+0.071*[#   2]+0.071*[#   3]+0.071*[#   4]
          +0.071*[#   6]+0.071*[#   7]+0.071*[#   8]
    |psi|^2 = 0.574
==== e(   7) =    11.65883 eV ==== 
     psi = 0.116*[#   2]+0.116*[#   3]+0.116*[#   4]+0.116*[#   6]+0.116*[#   7]
          +0.116*[#   8]
    |psi|^2 = 0.698
==== e(   8) =    11.92706 eV ==== 
     psi = 0.114*[#   1]+0.114*[#   5]+0.075*[#   2]+0.075*[#   3]+0.075*[#   4]
          +0.075*[#   6]+0.075*[#   7]+0.075*[#   8]
    |psi|^2 = 0.675

 k =   0.7291666667  0.2708333333  0.2708333333
==== e(   1) =    -2.99554 eV ==== 
     psi = 0.332*[#   1]+0.332*[#   5]+0.055*[#   2]+0.055*[#   3]+0.055*[#   4]
          +0.055*[#   6]+0.055*[#   7]+0.055*[#   8]
    |psi|^2 = 0.995
==== e(   2) =    -0.07579 eV ==== 
     psi = 0.196*[#   1]+0.196*[#   5]+0.100*[#   2]+0.100*[#   3]+0.100*[#   4]
          +0.100*[#   6]+0.100*[#   7]+0.100*[#   8]
    |psi|^2 = 0.991
==== e(   3) =     2.94846 eV ==== 
     psi = 0.148*[#   2]+0.148*[#   3]+0.148*[#   4]+0.148*[#   6]+0.148*[#   7]
          +0.148*[#   8]+0.053*[#   1]+0.053*[#   5]
    |psi|^2 = 0.992
==== e(   4) =     4.25726 eV ==== 
     psi = 0.165*[#   2]+0.165*[#   3]+0.165*[#   4]+0.165*[#   6]+0.165*[#   7]
          +0.165*[#   8]
    |psi|^2 = 0.991
==== e(   5) =     8.03508 eV ==== 
     psi = 0.122*[#   1]+0.122*[#   5]+0.097*[#   2]+0.097*[#   3]+0.097*[#   4]
          +0.097*[#   6]+0.097*[#   7]+0.097*[#   8]
    |psi|^2 = 0.823
==== e(   6) =    11.28995 eV ==== 
     psi = 0.048*[#   1]+0.048*[#   5]+0.046*[#   2]+0.046*[#   3]+0.046*[#   4]
          +0.046*[#   6]+0.046*[#   7]+0.046*[#   8]
    |psi|^2 = 0.371
==== e(   7) =    11.85585 eV ==== 
     psi = 0.141*[#   1]+0.141*[#   5]+0.102*[#   2]+0.102*[#   3]+0.102*[#   4]
          +0.102*[#   6]+0.102*[#   7]+0.102*[#   8]
    |psi|^2 = 0.895
==== e(   8) =    11.99880 eV ==== 
     psi = 0.114*[#   2]+0.114*[#   3]+0.114*[#   4]+0.114*[#   6]+0.114*[#   7]
          +0.114*[#   8]
    |psi|^2 = 0.686

 k =   0.7500000000  0.2500000000  0.2500000000
==== e(   1) =    -2.92724 eV ==== 
     psi = 0.325*[#   1]+0.325*[#   5]+0.057*[#   2]+0.057*[#   3]+0.057*[#   4]
          +0.057*[#   6]+0.057*[#   7]+0.057*[#   8]
    |psi|^2 = 0.995
==== e(   2) =    -0.03813 eV ==== 
     psi = 0.212*[#   1]+0.212*[#   5]+0.095*[#   2]+0.095*[#   3]+0.095*[#   4]
          +0.095*[#   6]+0.095*[#   7]+0.095*[#   8]
    |psi|^2 = 0.991
==== e(   3) =     2.80118 eV ==== 
     psi = 0.151*[#   2]+0.151*[#   3]+0.151*[#   4]+0.151*[#   6]+0.151*[#   7]
          +0.151*[#   8]+0.043*[#   1]+0.043*[#   5]
    |psi|^2 = 0.993
==== e(   4) =     4.15282 eV ==== 
     psi = 0.165*[#   2]+0.165*[#   3]+0.165*[#   4]+0.165*[#   6]+0.165*[#   7]
          +0.165*[#   8]
    |psi|^2 = 0.992
==== e(   5) =     7.89956 eV ==== 
     psi = 0.126*[#   1]+0.126*[#   5]+0.096*[#   2]+0.096*[#   3]+0.096*[#   4]
          +0.096*[#   6]+0.096*[#   7]+0.096*[#   8]
    |psi|^2 = 0.825
==== e(   6) =    10.86172 eV ==== 
     psi = 0.076*[#   1]+0.076*[#   5]+0.056*[#   2]+0.056*[#   3]+0.056*[#   4]
          +0.056*[#   6]+0.056*[#   7]+0.056*[#   8]
    |psi|^2 = 0.488
==== e(   7) =    12.23281 eV ==== 
     psi = 0.112*[#   1]+0.112*[#   5]+0.095*[#   2]+0.095*[#   3]+0.095*[#   4]
          +0.095*[#   6]+0.095*[#   7]+0.095*[#   8]
    |psi|^2 = 0.794
==== e(   8) =    12.35531 eV ==== 
     psi = 0.112*[#   2]+0.112*[#   3]+0.112*[#   4]+0.112*[#   6]+0.112*[#   7]
          +0.112*[#   8]
    |psi|^2 = 0.674

 k =   0.7708333333  0.2291666667  0.2291666667
==== e(   1) =    -2.85105 eV ==== 
     psi = 0.320*[#   1]+0.320*[#   5]+0.059*[#   2]+0.059*[#   3]+0.059*[#   4]
          +0.059*[#   6]+0.059*[#   7]+0.059*[#   8]
    |psi|^2 = 0.995
==== e(   2) =    -0.02878 eV ==== 
     psi = 0.227*[#   1]+0.227*[#   5]+0.090*[#   2]+0.090*[#   3]+0.090*[#   4]
          +0.090*[#   6]+0.090*[#   7]+0.090*[#   8]
    |psi|^2 = 0.992
==== e(   3) =     2.69885 eV ==== 
     psi = 0.154*[#   2]+0.154*[#   3]+0.154*[#   4]+0.154*[#   6]+0.154*[#   7]
          +0.154*[#   8]+0.033*[#   1]+0.033*[#   5]
    |psi|^2 = 0.993
==== e(   4) =     4.05378 eV ==== 
     psi = 0.165*[#   2]+0.165*[#   3]+0.165*[#   4]+0.165*[#   6]+0.165*[#   7]
          +0.165*[#   8]
    |psi|^2 = 0.992
==== e(   5) =     7.77000 eV ==== 
     psi = 0.130*[#   1]+0.130*[#   5]+0.094*[#   2]+0.094*[#   3]+0.094*[#   4]
          +0.094*[#   6]+0.094*[#   7]+0.094*[#   8]
    |psi|^2 = 0.827
==== e(   6) =    10.40672 eV ==== 
     psi = 0.091*[#   1]+0.091*[#   5]+0.062*[#   2]+0.062*[#   3]+0.062*[#   4]
          +0.062*[#   6]+0.062*[#   7]+0.062*[#   8]
    |psi|^2 = 0.552
==== e(   7) =    12.65732 eV ==== 
     psi = 0.096*[#   1]+0.096*[#   5]+0.092*[#   2]+0.092*[#   3]+0.092*[#   4]
          +0.092*[#   6]+0.092*[#   7]+0.092*[#   8]
    |psi|^2 = 0.743
==== e(   8) =    12.72669 eV ==== 
     psi = 0.110*[#   2]+0.110*[#   3]+0.110*[#   4]+0.110*[#   6]+0.110*[#   7]
          +0.110*[#   8]
    |psi|^2 = 0.661

 k =   0.7916666667  0.2083333333  0.2083333333
==== e(   1) =    -2.76680 eV ==== 
     psi = 0.314*[#   1]+0.314*[#   5]+0.061*[#   2]+0.061*[#   3]+0.061*[#   4]
          +0.061*[#   6]+0.061*[#   7]+0.061*[#   8]
    |psi|^2 = 0.995
==== e(   2) =    -0.05375 eV ==== 
     psi = 0.242*[#   1]+0.242*[#   5]+0.085*[#   2]+0.085*[#   3]+0.085*[#   4]
          +0.085*[#   6]+0.085*[#   7]+0.085*[#   8]
    |psi|^2 = 0.992
==== e(   3) =     2.64692 eV ==== 
     psi = 0.158*[#   2]+0.158*[#   3]+0.158*[#   4]+0.158*[#   6]+0.158*[#   7]
          +0.158*[#   8]+0.024*[#   1]+0.024*[#   5]
    |psi|^2 = 0.993
==== e(   4) =     3.96107 eV ==== 
     psi = 0.165*[#   2]+0.165*[#   3]+0.165*[#   4]+0.165*[#   6]+0.165*[#   7]
          +0.165*[#   8]
    |psi|^2 = 0.993
==== e(   5) =     7.64827 eV ==== 
     psi = 0.136*[#   1]+0.136*[#   5]+0.093*[#   2]+0.093*[#   3]+0.093*[#   4]
          +0.093*[#   6]+0.093*[#   7]+0.093*[#   8]
    |psi|^2 = 0.830
==== e(   6) =     9.95962 eV ==== 
     psi = 0.102*[#   1]+0.102*[#   5]+0.066*[#   2]+0.066*[#   3]+0.066*[#   4]
          +0.066*[#   6]+0.066*[#   7]+0.066*[#   8]
    |psi|^2 = 0.601
==== e(   7) =    13.09425 eV ==== 
     psi = 0.090*[#   2]+0.090*[#   3]+0.090*[#   4]+0.090*[#   6]+0.090*[#   7]
          +0.090*[#   8]+0.083*[#   1]+0.083*[#   5]
    |psi|^2 = 0.707
==== e(   8) =    13.11131 eV ==== 
     psi = 0.108*[#   2]+0.108*[#   3]+0.108*[#   4]+0.108*[#   6]+0.108*[#   7]
          +0.108*[#   8]
    |psi|^2 = 0.650

 k =   0.8125000000  0.1875000000  0.1875000000
==== e(   1) =    -2.67433 eV ==== 
     psi = 0.309*[#   1]+0.309*[#   5]+0.063*[#   2]+0.063*[#   3]+0.063*[#   4]
          +0.063*[#   6]+0.063*[#   7]+0.063*[#   8]
    |psi|^2 = 0.995
==== e(   2) =    -0.11519 eV ==== 
     psi = 0.253*[#   1]+0.253*[#   5]+0.081*[#   2]+0.081*[#   3]+0.081*[#   4]
          +0.081*[#   6]+0.081*[#   7]+0.081*[#   8]
    |psi|^2 = 0.992
==== e(   3) =     2.64646 eV ==== 
     psi = 0.160*[#   2]+0.160*[#   3]+0.160*[#   4]+0.160*[#   6]+0.160*[#   7]
          +0.160*[#   8]+0.017*[#   1]+0.017*[#   5]
    |psi|^2 = 0.993
==== e(   4) =     3.87545 eV ==== 
     psi = 0.166*[#   2]+0.166*[#   3]+0.166*[#   4]+0.166*[#   6]+0.166*[#   7]
          +0.166*[#   8]
    |psi|^2 = 0.993
==== e(   5) =     7.53571 eV ==== 
     psi = 0.141*[#   1]+0.141*[#   5]+0.092*[#   2]+0.092*[#   3]+0.092*[#   4]
          +0.092*[#   6]+0.092*[#   7]+0.092*[#   8]
    |psi|^2 = 0.833
==== e(   6) =     9.52686 eV ==== 
     psi = 0.112*[#   1]+0.112*[#   5]+0.070*[#   2]+0.070*[#   3]+0.070*[#   4]
          +0.070*[#   6]+0.070*[#   7]+0.070*[#   8]
    |psi|^2 = 0.643
==== e(   7) =    13.50751 eV ==== 
     psi = 0.107*[#   2]+0.107*[#   3]+0.107*[#   4]+0.107*[#   6]+0.107*[#   7]
          +0.107*[#   8]
    |psi|^2 = 0.639
==== e(   8) =    13.53691 eV ==== 
     psi = 0.089*[#   2]+0.089*[#   3]+0.089*[#   4]+0.089*[#   6]+0.089*[#   7]
          +0.089*[#   8]+0.071*[#   1]+0.071*[#   5]
    |psi|^2 = 0.677

 k =   0.8333333333  0.1666666667  0.1666666667
==== e(   1) =    -2.57356 eV ==== 
     psi = 0.304*[#   1]+0.304*[#   5]+0.064*[#   2]+0.064*[#   3]+0.064*[#   4]
          +0.064*[#   6]+0.064*[#   7]+0.064*[#   8]
    |psi|^2 = 0.994
==== e(   2) =    -0.21060 eV ==== 
     psi = 0.261*[#   1]+0.261*[#   5]+0.079*[#   2]+0.079*[#   3]+0.079*[#   4]
          +0.079*[#   6]+0.079*[#   7]+0.079*[#   8]
    |psi|^2 = 0.993
==== e(   3) =     2.69338 eV ==== 
     psi = 0.161*[#   2]+0.161*[#   3]+0.161*[#   4]+0.161*[#   6]+0.161*[#   7]
          +0.161*[#   8]+0.013*[#   1]+0.013*[#   5]
    |psi|^2 = 0.993
==== e(   4) =     3.79754 eV ==== 
     psi = 0.166*[#   2]+0.166*[#   3]+0.166*[#   4]+0.166*[#   6]+0.166*[#   7]
          +0.166*[#   8]
    |psi|^2 = 0.993
==== e(   5) =     7.43330 eV ==== 
     psi = 0.147*[#   1]+0.147*[#   5]+0.090*[#   2]+0.090*[#   3]+0.090*[#   4]
          +0.090*[#   6]+0.090*[#   7]+0.090*[#   8]
    |psi|^2 = 0.836
==== e(   6) =     9.11209 eV ==== 
     psi = 0.121*[#   1]+0.121*[#   5]+0.073*[#   2]+0.073*[#   3]+0.073*[#   4]
          +0.073*[#   6]+0.073*[#   7]+0.073*[#   8]
    |psi|^2 = 0.679
==== e(   7) =    13.91342 eV ==== 
     psi = 0.105*[#   2]+0.105*[#   3]+0.105*[#   4]+0.105*[#   6]+0.105*[#   7]
          +0.105*[#   8]
    |psi|^2 = 0.631
==== e(   8) =    13.98154 eV ==== 
     psi = 0.089*[#   2]+0.089*[#   3]+0.089*[#   4]+0.089*[#   6]+0.089*[#   7]
          +0.089*[#   8]+0.059*[#   1]+0.059*[#   5]
    |psi|^2 = 0.652

 k =   0.8541666667  0.1458333333  0.1458333333
==== e(   1) =    -2.46446 eV ==== 
     psi = 0.300*[#   1]+0.300*[#   5]+0.066*[#   2]+0.066*[#   3]+0.066*[#   4]
          +0.066*[#   6]+0.066*[#   7]+0.066*[#   8]
    |psi|^2 = 0.994
==== e(   2) =    -0.33408 eV ==== 
     psi = 0.266*[#   1]+0.266*[#   5]+0.077*[#   2]+0.077*[#   3]+0.077*[#   4]
          +0.077*[#   6]+0.077*[#   7]+0.077*[#   8]
    |psi|^2 = 0.993
==== e(   3) =     2.77940 eV ==== 
     psi = 0.162*[#   2]+0.162*[#   3]+0.162*[#   4]+0.162*[#   6]+0.162*[#   7]
          +0.162*[#   8]+0.010*[#   1]+0.010*[#   5]
    |psi|^2 = 0.993
==== e(   4) =     3.72784 eV ==== 
     psi = 0.166*[#   2]+0.166*[#   3]+0.166*[#   4]+0.166*[#   6]+0.166*[#   7]
          +0.166*[#   8]
    |psi|^2 = 0.994
==== e(   5) =     7.34178 eV ==== 
     psi = 0.152*[#   1]+0.152*[#   5]+0.089*[#   2]+0.089*[#   3]+0.089*[#   4]
          +0.089*[#   6]+0.089*[#   7]+0.089*[#   8]
    |psi|^2 = 0.838
==== e(   6) =     8.71881 eV ==== 
     psi = 0.129*[#   1]+0.129*[#   5]+0.076*[#   2]+0.076*[#   3]+0.076*[#   4]
          +0.076*[#   6]+0.076*[#   7]+0.076*[#   8]
    |psi|^2 = 0.711
==== e(   7) =    14.32670 eV ==== 
     psi = 0.104*[#   2]+0.104*[#   3]+0.104*[#   4]+0.104*[#   6]+0.104*[#   7]
          +0.104*[#   8]
    |psi|^2 = 0.626
==== e(   8) =    14.42457 eV ==== 
     psi = 0.090*[#   2]+0.090*[#   3]+0.090*[#   4]+0.090*[#   6]+0.090*[#   7]
          +0.090*[#   8]+0.048*[#   1]+0.048*[#   5]
    |psi|^2 = 0.634

 k =   0.8750000000  0.1250000000  0.1250000000
==== e(   1) =    -2.34709 eV ==== 
     psi = 0.296*[#   1]+0.296*[#   5]+0.067*[#   2]+0.067*[#   3]+0.067*[#   4]
          +0.067*[#   6]+0.067*[#   7]+0.067*[#   8]
    |psi|^2 = 0.994
==== e(   2) =    -0.47843 eV ==== 
     psi = 0.269*[#   1]+0.269*[#   5]+0.076*[#   2]+0.076*[#   3]+0.076*[#   4]
          +0.076*[#   6]+0.076*[#   7]+0.076*[#   8]
    |psi|^2 = 0.993
==== e(   3) =     2.89401 eV ==== 
     psi = 0.162*[#   2]+0.162*[#   3]+0.162*[#   4]+0.162*[#   6]+0.162*[#   7]
          +0.162*[#   8]+0.009*[#   1]+0.009*[#   5]
    |psi|^2 = 0.993
==== e(   4) =     3.66675 eV ==== 
     psi = 0.166*[#   2]+0.166*[#   3]+0.166*[#   4]+0.166*[#   6]+0.166*[#   7]
          +0.166*[#   8]
    |psi|^2 = 0.994
==== e(   5) =     7.26172 eV ==== 
     psi = 0.157*[#   1]+0.157*[#   5]+0.088*[#   2]+0.088*[#   3]+0.088*[#   4]
          +0.088*[#   6]+0.088*[#   7]+0.088*[#   8]
    |psi|^2 = 0.841
==== e(   6) =     8.35113 eV ==== 
     psi = 0.137*[#   1]+0.137*[#   5]+0.077*[#   2]+0.077*[#   3]+0.077*[#   4]
          +0.077*[#   6]+0.077*[#   7]+0.077*[#   8]
    |psi|^2 = 0.739
==== e(   7) =    14.74423 eV ==== 
     psi = 0.104*[#   2]+0.104*[#   3]+0.104*[#   4]+0.104*[#   6]+0.104*[#   7]
          +0.104*[#   8]
    |psi|^2 = 0.627
==== e(   8) =    14.86159 eV ==== 
     psi = 0.091*[#   2]+0.091*[#   3]+0.091*[#   4]+0.091*[#   6]+0.091*[#   7]
          +0.091*[#   8]+0.038*[#   1]+0.038*[#   5]
    |psi|^2 = 0.623

 k =   0.8958333333  0.1041666667  0.1041666667
==== e(   1) =    -2.22153 eV ==== 
     psi = 0.292*[#   1]+0.292*[#   5]+0.068*[#   2]+0.068*[#   3]+0.068*[#   4]
          +0.068*[#   6]+0.068*[#   7]+0.068*[#   8]
    |psi|^2 = 0.994
==== e(   2) =    -0.63685 eV ==== 
     psi = 0.271*[#   1]+0.271*[#   5]+0.075*[#   2]+0.075*[#   3]+0.075*[#   4]
          +0.075*[#   6]+0.075*[#   7]+0.075*[#   8]
    |psi|^2 = 0.993
==== e(   3) =     3.02571 eV ==== 
     psi = 0.163*[#   2]+0.163*[#   3]+0.163*[#   4]+0.163*[#   6]+0.163*[#   7]
          +0.163*[#   8]+0.008*[#   1]+0.008*[#   5]
    |psi|^2 = 0.993
==== e(   4) =     3.61458 eV ==== 
     psi = 0.166*[#   2]+0.166*[#   3]+0.166*[#   4]+0.166*[#   6]+0.166*[#   7]
          +0.166*[#   8]
    |psi|^2 = 0.994
==== e(   5) =     7.19361 eV ==== 
     psi = 0.162*[#   1]+0.162*[#   5]+0.087*[#   2]+0.087*[#   3]+0.087*[#   4]
          +0.087*[#   6]+0.087*[#   7]+0.087*[#   8]
    |psi|^2 = 0.843
==== e(   6) =     8.01435 eV ==== 
     psi = 0.145*[#   1]+0.145*[#   5]+0.079*[#   2]+0.079*[#   3]+0.079*[#   4]
          +0.079*[#   6]+0.079*[#   7]+0.079*[#   8]
    |psi|^2 = 0.762
==== e(   7) =    15.16134 eV ==== 
     psi = 0.106*[#   2]+0.106*[#   3]+0.106*[#   4]+0.106*[#   6]+0.106*[#   7]
          +0.106*[#   8]
    |psi|^2 = 0.635
==== e(   8) =    15.28644 eV ==== 
     psi = 0.095*[#   2]+0.095*[#   3]+0.095*[#   4]+0.095*[#   6]+0.095*[#   7]
          +0.095*[#   8]+0.029*[#   1]+0.029*[#   5]
    |psi|^2 = 0.625

 k =   0.9166666667  0.0833333333  0.0833333333
==== e(   1) =    -2.08800 eV ==== 
     psi = 0.289*[#   1]+0.289*[#   5]+0.069*[#   2]+0.069*[#   3]+0.069*[#   4]
          +0.069*[#   6]+0.069*[#   7]+0.069*[#   8]
    |psi|^2 = 0.994
==== e(   2) =    -0.80366 eV ==== 
     psi = 0.273*[#   1]+0.273*[#   5]+0.075*[#   2]+0.075*[#   3]+0.075*[#   4]
          +0.075*[#   6]+0.075*[#   7]+0.075*[#   8]
    |psi|^2 = 0.993
==== e(   3) =     3.16239 eV ==== 
     psi = 0.163*[#   2]+0.163*[#   3]+0.163*[#   4]+0.163*[#   6]+0.163*[#   7]
          +0.163*[#   8]+0.007*[#   1]+0.007*[#   5]
    |psi|^2 = 0.993
==== e(   4) =     3.57158 eV ==== 
     psi = 0.166*[#   2]+0.166*[#   3]+0.166*[#   4]+0.166*[#   6]+0.166*[#   7]
          +0.166*[#   8]
    |psi|^2 = 0.994
==== e(   5) =     7.13790 eV ==== 
     psi = 0.166*[#   1]+0.166*[#   5]+0.086*[#   2]+0.086*[#   3]+0.086*[#   4]
          +0.086*[#   6]+0.086*[#   7]+0.086*[#   8]
    |psi|^2 = 0.845
==== e(   6) =     7.71540 eV ==== 
     psi = 0.152*[#   1]+0.152*[#   5]+0.080*[#   2]+0.080*[#   3]+0.080*[#   4]
          +0.080*[#   6]+0.080*[#   7]+0.080*[#   8]
    |psi|^2 = 0.782
==== e(   7) =    15.57057 eV ==== 
     psi = 0.109*[#   2]+0.109*[#   3]+0.109*[#   4]+0.109*[#   6]+0.109*[#   7]
          +0.109*[#   8]
    |psi|^2 = 0.657
==== e(   8) =    15.68985 eV ==== 
     psi = 0.101*[#   2]+0.101*[#   3]+0.101*[#   4]+0.101*[#   6]+0.101*[#   7]
          +0.101*[#   8]+0.020*[#   1]+0.020*[#   5]
    |psi|^2 = 0.645

 k =   0.9375000000  0.0625000000  0.0625000000
==== e(   1) =    -1.94677 eV ==== 
     psi = 0.286*[#   1]+0.286*[#   5]+0.070*[#   2]+0.070*[#   3]+0.070*[#   4]
          +0.070*[#   6]+0.070*[#   7]+0.070*[#   8]
    |psi|^2 = 0.993
==== e(   2) =    -0.97448 eV ==== 
     psi = 0.274*[#   1]+0.274*[#   5]+0.074*[#   2]+0.074*[#   3]+0.074*[#   4]
          +0.074*[#   6]+0.074*[#   7]+0.074*[#   8]
    |psi|^2 = 0.993
==== e(   3) =     3.29108 eV ==== 
     psi = 0.164*[#   2]+0.164*[#   3]+0.164*[#   4]+0.164*[#   6]+0.164*[#   7]
          +0.164*[#   8]+0.005*[#   1]+0.005*[#   5]
    |psi|^2 = 0.994
==== e(   4) =     3.53795 eV ==== 
     psi = 0.166*[#   2]+0.166*[#   3]+0.166*[#   4]+0.166*[#   6]+0.166*[#   7]
          +0.166*[#   8]
    |psi|^2 = 0.994
==== e(   5) =     7.09518 eV ==== 
     psi = 0.169*[#   1]+0.169*[#   5]+0.085*[#   2]+0.085*[#   3]+0.085*[#   4]
          +0.085*[#   6]+0.085*[#   7]+0.085*[#   8]
    |psi|^2 = 0.845
==== e(   6) =     7.46307 eV ==== 
     psi = 0.159*[#   1]+0.159*[#   5]+0.080*[#   2]+0.080*[#   3]+0.080*[#   4]
          +0.080*[#   6]+0.080*[#   7]+0.080*[#   8]
    |psi|^2 = 0.797
==== e(   7) =    15.95893 eV ==== 
     psi = 0.116*[#   2]+0.116*[#   3]+0.116*[#   4]+0.116*[#   6]+0.116*[#   7]
          +0.116*[#   8]
    |psi|^2 = 0.698
==== e(   8) =    16.05718 eV ==== 
     psi = 0.111*[#   2]+0.111*[#   3]+0.111*[#   4]+0.111*[#   6]+0.111*[#   7]
          +0.111*[#   8]+0.012*[#   1]+0.012*[#   5]
    |psi|^2 = 0.690

 k =   0.9583333333  0.0416666667  0.0416666667
==== e(   1) =    -1.79826 eV ==== 
     psi = 0.283*[#   1]+0.283*[#   5]+0.071*[#   2]+0.071*[#   3]+0.071*[#   4]
          +0.071*[#   6]+0.071*[#   7]+0.071*[#   8]
    |psi|^2 = 0.993
==== e(   2) =    -1.14598 eV ==== 
     psi = 0.275*[#   1]+0.275*[#   5]+0.074*[#   2]+0.074*[#   3]+0.074*[#   4]
          +0.074*[#   6]+0.074*[#   7]+0.074*[#   8]
    |psi|^2 = 0.993
==== e(   3) =     3.39794 eV ==== 
     psi = 0.165*[#   2]+0.165*[#   3]+0.165*[#   4]+0.165*[#   6]+0.165*[#   7]
          +0.165*[#   8]+0.003*[#   1]+0.003*[#   5]
    |psi|^2 = 0.994
==== e(   4) =     3.51383 eV ==== 
     psi = 0.166*[#   2]+0.166*[#   3]+0.166*[#   4]+0.166*[#   6]+0.166*[#   7]
          +0.166*[#   8]
    |psi|^2 = 0.994
==== e(   5) =     7.06662 eV ==== 
     psi = 0.171*[#   1]+0.171*[#   5]+0.084*[#   2]+0.084*[#   3]+0.084*[#   4]
          +0.084*[#   6]+0.084*[#   7]+0.084*[#   8]
    |psi|^2 = 0.844
==== e(   6) =     7.26752 eV ==== 
     psi = 0.165*[#   1]+0.165*[#   5]+0.080*[#   2]+0.080*[#   3]+0.080*[#   4]
          +0.080*[#   6]+0.080*[#   7]+0.080*[#   8]
    |psi|^2 = 0.810
==== e(   7) =    16.30271 eV ==== 
     psi = 0.128*[#   2]+0.128*[#   3]+0.128*[#   4]+0.128*[#   6]+0.128*[#   7]
          +0.128*[#   8]
    |psi|^2 = 0.768
==== e(   8) =    16.36520 eV ==== 
     psi = 0.126*[#   2]+0.126*[#   3]+0.126*[#   4]+0.126*[#   6]+0.126*[#   7]
          +0.126*[#   8]+0.006*[#   1]+0.006*[#   5]
    |psi|^2 = 0.769

 k =   0.9791666667  0.0208333333  0.0208333333
==== e(   1) =    -1.64304 eV ==== 
     psi = 0.281*[#   1]+0.281*[#   5]+0.072*[#   2]+0.072*[#   3]+0.072*[#   4]
          +0.072*[#   6]+0.072*[#   7]+0.072*[#   8]
    |psi|^2 = 0.993
==== e(   2) =    -1.31571 eV ==== 
     psi = 0.277*[#   1]+0.277*[#   5]+0.073*[#   2]+0.073*[#   3]+0.073*[#   4]
          +0.073*[#   6]+0.073*[#   7]+0.073*[#   8]
    |psi|^2 = 0.993
==== e(   3) =     3.46931 eV ==== 
     psi = 0.165*[#   2]+0.165*[#   3]+0.165*[#   4]+0.165*[#   6]+0.165*[#   7]
          +0.165*[#   8]
    |psi|^2 = 0.994
==== e(   4) =     3.49932 eV ==== 
     psi = 0.166*[#   2]+0.166*[#   3]+0.166*[#   4]+0.166*[#   6]+0.166*[#   7]
          +0.166*[#   8]
    |psi|^2 = 0.994
==== e(   5) =     7.05561 eV ==== 
     psi = 0.172*[#   1]+0.172*[#   5]+0.083*[#   2]+0.083*[#   3]+0.083*[#   4]
          +0.083*[#   6]+0.083*[#   7]+0.083*[#   8]
    |psi|^2 = 0.840
==== e(   6) =     7.13744 eV ==== 
     psi = 0.169*[#   1]+0.169*[#   5]+0.080*[#   2]+0.080*[#   3]+0.080*[#   4]
          +0.080*[#   6]+0.080*[#   7]+0.080*[#   8]
    |psi|^2 = 0.821
==== e(   7) =    16.55808 eV ==== 
     psi = 0.144*[#   2]+0.144*[#   3]+0.144*[#   4]+0.144*[#   6]+0.144*[#   7]
          +0.144*[#   8]
    |psi|^2 = 0.864
==== e(   8) =    16.57905 eV ==== 
     psi = 0.144*[#   2]+0.144*[#   3]+0.144*[#   4]+0.144*[#   6]+0.144*[#   7]
          +0.144*[#   8]+0.001*[#   1]+0.001*[#   5]
    |psi|^2 = 0.869

 k =   1.0000000000  0.0000000000  0.0000000000
==== e(   1) =    -1.48185 eV ==== 
     psi = 0.279*[#   1]+0.279*[#   5]+0.073*[#   2]+0.073*[#   3]+0.073*[#   4]
          +0.073*[#   6]+0.073*[#   7]+0.073*[#   8]
    |psi|^2 = 0.993
==== e(   2) =    -1.48185 eV ==== 
     psi = 0.279*[#   1]+0.279*[#   5]+0.073*[#   2]+0.073*[#   3]+0.073*[#   4]
          +0.073*[#   6]+0.073*[#   7]+0.073*[#   8]
    |psi|^2 = 0.993
==== e(   3) =     3.49448 eV ==== 
     psi = 0.166*[#   2]+0.166*[#   3]+0.166*[#   4]+0.166*[#   6]+0.166*[#   7]
          +0.166*[#   8]
    |psi|^2 = 0.994
==== e(   4) =     3.49448 eV ==== 
     psi = 0.166*[#   2]+0.166*[#   3]+0.166*[#   4]+0.166*[#   6]+0.166*[#   7]
          +0.166*[#   8]
    |psi|^2 = 0.994
==== e(   5) =     7.07236 eV ==== 
     psi = 0.172*[#   1]+0.172*[#   5]+0.081*[#   2]+0.081*[#   3]+0.081*[#   4]
          +0.081*[#   6]+0.081*[#   7]+0.081*[#   8]
    |psi|^2 = 0.831
==== e(   6) =     7.07236 eV ==== 
     psi = 0.172*[#   1]+0.172*[#   5]+0.081*[#   2]+0.081*[#   3]+0.081*[#   4]
          +0.081*[#   6]+0.081*[#   7]+0.081*[#   8]
    |psi|^2 = 0.831
==== e(   7) =    16.65744 eV ==== 
     psi = 0.154*[#   2]+0.154*[#   3]+0.154*[#   4]+0.154*[#   6]+0.154*[#   7]
          +0.154*[#   8]
    |psi|^2 = 0.922
==== e(   8) =    16.65744 eV ==== 
     psi = 0.154*[#   2]+0.154*[#   3]+0.154*[#   4]+0.154*[#   6]+0.154*[#   7]
          +0.154*[#   8]
    |psi|^2 = 0.922

Lowdin Charges: 

     Atom #   1: total charge =   3.9525, s =  1.1116, 
     Atom #   1: total charge =   3.9525, p =  2.8408, pz=  0.9469, px=  0.9469, py=  0.9469, 
     Atom #   2: total charge =   3.9525, s =  1.1116, 
     Atom #   2: total charge =   3.9525, p =  2.8408, pz=  0.9469, px=  0.9469, py=  0.9469, 
     Spilling Parameter:   0.0119

     PROJWFC      :      0.94s CPU      1.01s WALL


   This run was terminated on:  22: 2:50  22Sep2026            

=------------------------------------------------------------------------------=
   JOB DONE.
=------------------------------------------------------------------------------=
