frequency_THz,alpha2F_k32,alpha2F_k48,lambda_cumulative_k32,lambda_cumulative_k48
0.0,0.0,0.0,0.0,0.0
0.007,0.0,0.0,0.0,0.0
0.014,0.0,0.0,0.0,0.0
0.021,0.0,0.0,0.0,0.0
0.028,0.0,0.0,0.0,0.0
0.035,0.0,0.0,0.0,0.0
0.042,0.0,0.0,0.0,0.0
0.049,0.0,0.0,0.0,0.0
0.056,0.0,0.0,0.0,0.0
0.063,0.0,0.0,0.0,0.0
0.07,0.0,0.0,0.0,0.0
0.077,0.0,0.0,0.0,0.0
0.084,0.0,0.0,0.0,0.0
0.091,0.0,0.0,0.0,0.0
0.098,0.0,0.0,0.0,0.0
0.1051,0.0,0.0,0.0,0.0
0.1121,0.0,0.0,0.0,0.0
0.1191,0.0,0.0,0.0,0.0
0.1261,0.0,0.0,0.0,0.0
0.1331,0.0,0.0,0.0,0.0
0.1401,0.0,0.0,0.0,0.0
0.1471,0.0,0.0,0.0,0.0
0.1541,0.0,0.0,0.0,0.0
0.1611,0.0,0.0,0.0,0.0
0.1681,0.0,0.0,0.0,0.0
0.1751,0.0,0.0,0.0,0.0
0.1821,0.0,0.0,0.0,0.0
0.1891,0.0,0.0,0.0,0.0
0.1961,0.0,0.0,0.0,0.0
0.2031,0.0,0.0,0.0,0.0
0.2101,0.0,0.0,0.0,0.0
0.2171,0.0,0.0,0.0,0.0
0.2241,0.0,0.0,0.0,0.0
0.2311,0.0,0.0,0.0,0.0
0.2381,0.0,0.0,0.0,0.0
0.2451,0.0,0.0,0.0,0.0
0.2521,0.0,0.0,0.0,0.0
0.2591,0.0,0.0,0.0,0.0
0.2661,0.0,0.0,0.0,0.0
0.2731,0.0,0.0,0.0,0.0
0.2801,0.0,0.0,0.0,0.0
0.2871,0.0,0.0,0.0,0.0
0.2941,0.0,0.0,0.0,0.0
0.3012,0.0,0.0,0.0,0.0
0.3082,0.0,0.0,0.0,0.0
0.3152,0.0,0.0,0.0,0.0
0.3222,0.0,0.0,0.0,0.0
0.3292,0.0,0.0,0.0,0.0
0.3362,0.0,0.0,0.0,0.0
0.3432,0.0,0.0,0.0,0.0
0.3502,0.0,0.0,0.0,0.0
0.3572,0.0,0.0,0.0,0.0
0.3642,0.0,0.0,0.0,0.0
0.3712,0.0,0.0,0.0,0.0
0.3782,0.0,0.0,0.0,0.0
0.3852,0.0,0.0,0.0,0.0
0.3922,0.0,0.0,0.0,0.0
0.3992,0.0,0.0,0.0,0.0
0.4062,0.0,0.0,0.0,0.0
0.4132,0.0,0.0,0.0,0.0
0.4202,0.0,0.0,0.0,0.0
0.4272,0.0,0.0,0.0,0.0
0.4342,0.0,0.0,0.0,0.0
0.4412,0.0,0.0,0.0,0.0
0.4482,0.0,0.0,0.0,0.0
0.4552,0.0,0.0,0.0,0.0
0.4622,0.0,0.0,0.0,0.0
0.4692,0.0,0.0,0.0,0.0
0.4762,0.0,0.0,0.0,0.0
0.4832,0.0,0.0,0.0,0.0
0.4902,0.0,0.0,0.0,0.0
0.4972,0.0,0.0,0.0,0.0
0.5043,0.0,0.0,0.0,0.0
0.5113,0.0,0.0,0.0,0.0
0.5183,0.0,0.0,0.0,0.0
0.5253,0.0,0.0,0.0,0.0
0.5323,0.0,0.0,0.0,0.0
0.5393,0.0,0.0,0.0,0.0
0.5463,0.0,0.0,0.0,0.0
0.5533,0.0,0.0,0.0,0.0
0.5603,0.0,0.0,0.0,0.0
0.5673,0.0,0.0,0.0,0.0
0.5743,0.0,0.0,0.0,0.0
0.5813,0.0,0.0,0.0,0.0
0.5883,0.0,0.0,0.0,0.0
0.5953,0.0,0.0,0.0,0.0
0.6023,0.0,0.0,0.0,0.0
0.6093,0.0,0.0,0.0,0.0
0.6163,0.0,0.0,0.0,0.0
0.6233,0.0,0.0,0.0,0.0
0.6303,0.0,0.0,0.0,0.0
0.6373,0.0,0.0,0.0,0.0
0.6443,0.0,0.0,0.0,0.0
0.6513,0.0,0.0,0.0,0.0
0.6583,0.0,0.0,0.0,0.0
0.6653,0.0,0.0,0.0,0.0
0.6723,0.0,0.0,0.0,0.0
0.6793,0.0,0.0,0.0,0.0
0.6863,0.0,0.0,0.0,0.0
0.6933,0.0,0.0,0.0,0.0
0.7004,0.0,0.0,0.0,0.0
0.7074,0.0,0.0,0.0,0.0
0.7144,0.0,0.0,0.0,0.0
0.7214,0.0,0.0,0.0,0.0
0.7284,0.0,0.0,0.0,0.0
0.7354,0.0,0.0,0.0,0.0
0.7424,0.0,0.0,0.0,0.0
0.7494,0.0,0.0,0.0,0.0
0.7564,0.0,0.0,0.0,0.0
0.7634,0.0,0.0,0.0,0.0
0.7704,0.0,0.0,0.0,0.0
0.7774,0.0,0.0,0.0,0.0
0.7844,0.0,0.0,0.0,0.0
0.7914,0.0,0.0,0.0,0.0
0.7984,0.0,0.0,0.0,0.0
0.8054,0.0,0.0,0.0,0.0
0.8124,0.0,0.0,0.0,0.0
0.8194,0.0,0.0,0.0,0.0
0.8264,0.0,0.0,0.0,0.0
0.8334,0.0,0.0,0.0,0.0
0.8404,0.0,0.0,0.0,0.0
0.8474,0.0,0.0,0.0,0.0
0.8544,0.0,0.0,0.0,0.0
0.8614,0.0,0.0,0.0,0.0
0.8684,0.0,0.0,0.0,0.0
0.8754,0.0,0.0,0.0,0.0
0.8824,0.0,0.0,0.0,0.0
0.8894,0.0,0.0,0.0,0.0
0.8964,0.0,0.0,0.0,0.0
0.9035,0.0,0.0,0.0,0.0
0.9105,0.0,0.0,0.0,0.0
0.9175,0.0,0.0,0.0,0.0
0.9245,0.0,0.0,0.0,0.0
0.9315,0.0,0.0,0.0,0.0
0.9385,0.0,0.0,0.0,0.0
0.9455,0.0,0.0,0.0,0.0
0.9525,0.0,0.0,0.0,0.0
0.9595,0.0,0.0,0.0,0.0
0.9665,0.0,0.0,0.0,0.0
0.9735,0.0,0.0,0.0,0.0
0.9805,0.0,0.0,0.0,0.0
0.9875,0.0,0.0,0.0,0.0
0.9945,0.0,0.0,0.0,0.0
1.0015,0.0,0.0,0.0,0.0
1.0085,0.0,0.0,0.0,0.0
1.0155,0.0,0.0,0.0,0.0
1.0225,0.0,0.0,0.0,0.0
1.0295,0.0,0.0,0.0,0.0
1.0365,0.0,0.0,0.0,0.0
1.0435,0.0,0.0,0.0,0.0
1.0505,0.0,0.0,0.0,0.0
1.0575,0.0,0.0,0.0,0.0
1.0645,0.0,0.0,0.0,0.0
1.0715,0.0,0.0,0.0,0.0
1.0785,0.0,0.0,0.0,0.0
1.0855,0.0,0.0,0.0,0.0
1.0925,0.0,0.0,0.0,0.0
1.0995,0.0,0.0,0.0,0.0
1.1066,0.0,0.0,0.0,0.0
1.1136,0.0,0.0,0.0,0.0
1.1206,0.0,0.0,0.0,0.0
1.1276,0.0,0.0,0.0,0.0
1.1346,0.0,0.0,0.0,0.0
1.1416,0.0,0.0,0.0,0.0
1.1486,0.0,0.0,0.0,0.0
1.1556,0.0,0.0,0.0,0.0
1.1626,0.0,0.0,0.0,0.0
1.1696,0.0,0.0,0.0,0.0
1.1766,0.0,0.0,0.0,0.0
1.1836,0.0,0.0,0.0,0.0
1.1906,0.0,0.0,0.0,0.0
1.1976,0.0,0.0,0.0,0.0
1.2046,0.0,0.0,0.0,0.0
1.2116,0.0,0.0,0.0,0.0
1.2186,0.0,0.0,0.0,0.0
1.2256,0.0,0.0,0.0,0.0
1.2326,0.0,0.0,0.0,0.0
1.2396,0.0,0.0,0.0,0.0
1.2466,0.0,0.0,0.0,0.0
1.2536,0.0,0.0,0.0,0.0
1.2606,0.0,0.0,0.0,0.0
1.2676,0.0,0.0,0.0,0.0
1.2746,0.0,0.0,0.0,0.0
1.2816,0.0,0.0,0.0,0.0
1.2886,0.0,0.0,0.0,0.0
1.2956,0.0,0.0,0.0,0.0
1.3027,0.0,0.0,0.0,0.0
1.3097,0.0,0.0,0.0,0.0
1.3167,0.0,0.0,0.0,0.0
1.3237,0.0,0.0,0.0,0.0
1.3307,0.0,0.0,0.0,0.0
1.3377,0.0,0.0,0.0,0.0
1.3447,0.0,0.0,0.0,0.0
1.3517,0.0,0.0,0.0,0.0
1.3587,0.0,0.0,0.0,0.0
1.3657,0.0,0.0,0.0,0.0
1.3727,0.0,0.0,0.0,0.0
1.3797,0.0,0.0,0.0,0.0
1.3867,0.0,0.0,0.0,0.0
1.3937,0.0,0.0,0.0,0.0
1.4007,0.0,0.0,0.0,0.0
1.4077,0.0,0.0,0.0,0.0
1.4147,0.0,0.0,0.0,0.0
1.4217,0.0,0.0,0.0,0.0
1.4287,0.0,0.0,0.0,0.0
1.4357,0.0,0.0,0.0,0.0
1.4427,0.0,0.0,0.0,0.0
1.4497,0.0,0.0,0.0,0.0
1.4567,0.0,0.0,0.0,0.0
1.4637,0.0,0.0,0.0,0.0
1.4707,0.0,0.0,0.0,0.0
1.4777,0.0,0.0,0.0,0.0
1.4847,0.0,0.0,0.0,0.0
1.4917,0.0,0.0,0.0,0.0
1.4987,0.0,0.0,0.0,0.0
1.5058,0.0,0.0,0.0,0.0
1.5128,0.0,0.0,0.0,0.0
1.5198,0.0,0.0,0.0,0.0
1.5268,0.0,0.0,0.0,0.0
1.5338,0.0,0.0,0.0,0.0
1.5408,0.0,0.0,0.0,0.0
1.5478,0.0,0.0,0.0,0.0
1.5548,0.0,0.0,0.0,0.0
1.5618,0.0,0.0,0.0,0.0
1.5688,0.0,0.0,0.0,0.0
1.5758,0.0,0.0,0.0,0.0
1.5828,0.0,0.0,0.0,0.0
1.5898,0.0,0.0,0.0,0.0
1.5968,0.0,0.0,0.0,0.0
1.6038,0.0,0.0,0.0,0.0
1.6108,0.0,0.0,0.0,0.0
1.6178,0.0,0.0,0.0,0.0
1.6248,0.0,0.0,0.0,0.0
1.6318,0.0,0.0,0.0,0.0
1.6388,0.0,0.0,0.0,0.0
1.6458,0.0,0.0,0.0,0.0
1.6528,0.0,0.0,0.0,0.0
1.6598,0.0,0.0,0.0,0.0
1.6668,0.0,0.0,0.0,0.0
1.6738,0.0,0.0,0.0,0.0
1.6808,0.0,0.0,0.0,0.0
1.6878,0.0,0.0,0.0,0.0
1.6948,0.0,0.0,0.0,0.0
1.7019,0.0,0.0,0.0,0.0
1.7089,0.0,0.0,0.0,0.0
1.7159,0.0,0.0,0.0,0.0
1.7229,0.0,0.0,0.0,0.0
1.7299,0.0,0.0,0.0,0.0
1.7369,0.0,0.0,0.0,0.0
1.7439,0.0,0.0,0.0,0.0
1.7509,0.0,0.0,0.0,0.0
1.7579,0.0,0.0,0.0,0.0
1.7649,0.0,0.0,0.0,0.0
1.7719,0.0,0.0,0.0,0.0
1.7789,0.0,0.0,0.0,0.0
1.7859,0.0,0.0,0.0,0.0
1.7929,0.0,0.0,0.0,0.0
1.7999,0.0,0.0,0.0,0.0
1.8069,0.0,0.0,0.0,0.0
1.8139,0.0,0.0,0.0,0.0
1.8209,0.0,0.0,0.0,0.0
1.8279,0.0,0.0,0.0,0.0
1.8349,0.0,0.0,0.0,0.0
1.8419,0.0,0.0,0.0,0.0
1.8489,0.0,0.0,0.0,0.0
1.8559,0.0,0.0,0.0,0.0
1.8629,0.0,0.0,0.0,0.0
1.8699,0.0,0.0,0.0,0.0
1.8769,0.0,0.0,0.0,0.0
1.8839,0.0,0.0,0.0,0.0
1.8909,0.0,0.0,0.0,0.0
1.8979,0.0,0.0,0.0,0.0
1.905,0.0,0.0,0.0,0.0
1.912,0.0,0.0,0.0,0.0
1.919,0.0,0.0,0.0,0.0
1.926,0.0,0.0,0.0,0.0
1.933,0.0,0.0,0.0,0.0
1.94,0.0,0.0,0.0,0.0
1.947,0.0,0.0,0.0,0.0
1.954,0.0,0.0,0.0,0.0
1.961,0.0,0.0,0.0,0.0
1.968,0.0,0.0,0.0,0.0
1.975,0.0,0.0,0.0,0.0
1.982,0.0,0.0,0.0,0.0
1.989,0.0,0.0,0.0,0.0
1.996,0.0,0.0,0.0,0.0
2.003,0.0,0.0,0.0,0.0
2.01,0.0,0.0,0.0,0.0
2.017,0.0,0.0,0.0,0.0
2.024,0.0,0.0,0.0,0.0
2.031,0.0,0.0,0.0,0.0
2.038,0.0,0.0,0.0,0.0
2.045,0.0,0.0,0.0,0.0
2.052,0.0,0.0,0.0,0.0
2.059,0.0,0.0,0.0,0.0
2.066,0.0,0.0,0.0,0.0
2.073,0.0,0.0,0.0,0.0
2.08,0.0,0.0,0.0,0.0
2.087,0.0,0.0,0.0,0.0
2.094,0.0,0.0,0.0,0.0
2.1011,0.0,0.0,0.0,0.0
2.1081,0.0,0.0,0.0,0.0
2.1151,0.0,0.0,0.0,0.0
2.1221,0.0,0.0,0.0,0.0
2.1291,0.0,0.0,0.0,0.0
2.1361,0.0,0.0,0.0,0.0
2.1431,0.0,0.0,0.0,0.0
2.1501,0.0,0.0,0.0,0.0
2.1571,0.0,0.0,0.0,0.0
2.1641,0.0,0.0,0.0,0.0
2.1711,0.0,0.0,0.0,0.0
2.1781,0.0,0.0,0.0,0.0
2.1851,0.0,0.0,0.0,0.0
2.1921,0.0,0.0,0.0,0.0
2.1991,0.0,0.0,0.0,0.0
2.2061,0.0,0.0,0.0,0.0
2.2131,0.0,0.0,0.0,0.0
2.2201,0.0,0.0,0.0,0.0
2.2271,0.0,0.0,0.0,0.0
2.2341,0.0,0.0,0.0,0.0
2.2411,0.0,0.0,0.0,0.0
2.2481,0.0,0.0,0.0,0.0
2.2551,0.0,0.0,0.0,0.0
2.2621,0.0,0.0,0.0,0.0
2.2691,0.0,0.0,0.0,0.0
2.2761,0.0,0.0,0.0,0.0
2.2831,0.0,0.0,0.0,0.0
2.2901,0.0,0.0,0.0,0.0
2.2971,0.0,0.0,0.0,0.0
2.3042,0.0,0.0,0.0,0.0
2.3112,0.0,0.0,0.0,0.0
2.3182,0.0,0.0,0.0,0.0
2.3252,0.0,0.0,0.0,0.0
2.3322,0.0,0.0,0.0,0.0
2.3392,0.0,0.0,0.0,0.0
2.3462,0.0,0.0,0.0,0.0
2.3532,0.0,0.0,0.0,0.0
2.3602,0.0,0.0,0.0,0.0
2.3672,0.0,0.0,0.0,0.0
2.3742,0.0,0.0,0.0,0.0
2.3812,0.0,0.0,0.0,0.0
2.3882,0.0,0.0,0.0,0.0
2.3952,0.0,0.0,0.0,0.0
2.4022,0.0,0.0,0.0,0.0
2.4092,0.0,0.0,0.0,0.0
2.4162,0.0,0.0,0.0,0.0
2.4232,0.0,0.0,0.0,0.0
2.4302,0.0,0.0,0.0,0.0
2.4372,0.0,0.0,0.0,0.0
2.4442,0.0,0.0,0.0,0.0
2.4512,0.0,0.0,0.0,0.0
2.4582,0.0,0.0,0.0,0.0
2.4652,0.0,0.0,0.0,0.0
2.4722,0.0,0.0,0.0,0.0
2.4792,0.0,0.0,0.0,0.0
2.4862,0.0,0.0,0.0,0.0
2.4932,0.0,0.0,0.0,0.0
2.5003,0.0,0.0,0.0,0.0
2.5073,0.0,0.0,0.0,0.0
2.5143,0.0,0.0,0.0,0.0
2.5213,0.0,0.0,0.0,0.0
2.5283,0.0,0.0,0.0,0.0
2.5353,0.0,0.0,0.0,0.0
2.5423,0.0,0.0,0.0,0.0
2.5493,0.0,0.0,0.0,0.0
2.5563,0.0,0.0,0.0,0.0
2.5633,0.0,0.0,0.0,0.0
2.5703,0.0,0.0,0.0,0.0
2.5773,0.0,0.0,0.0,0.0
2.5843,0.0,0.0,0.0,0.0
2.5913,0.0,0.0,0.0,0.0
2.5983,0.0,0.0,0.0,0.0
2.6053,0.0,0.0,0.0,0.0
2.6123,0.0,0.0,0.0,0.0
2.6193,0.0,0.0,0.0,0.0
2.6263,0.0,0.0,0.0,0.0
2.6333,0.0,0.0,0.0,0.0
2.6403,0.0,0.0,0.0,0.0
2.6473,0.0,0.0,0.0,0.0
2.6543,0.0,0.0,0.0,0.0
2.6613,0.0,0.0,0.0,0.0
2.6683,0.0,0.0,0.0,0.0
2.6753,0.0,0.0,0.0,0.0
2.6823,0.0,0.0,0.0,0.0
2.6893,0.0,0.0,0.0,0.0
2.6963,0.0,0.0,0.0,0.0
2.7034,0.0,0.0,0.0,0.0
2.7104,0.0,0.0,0.0,0.0
2.7174,0.0,0.0,0.0,0.0
2.7244,0.0,0.0,0.0,0.0
2.7314,0.0,0.0,0.0,0.0
2.7384,0.0,0.0,0.0,0.0
2.7454,0.0,0.0,0.0,0.0
2.7524,0.0,0.0,0.0,0.0
2.7594,0.0,0.0,0.0,0.0
2.7664,0.0,0.0,0.0,0.0
2.7734,0.0,0.0,0.0,0.0
2.7804,0.0,0.0,0.0,0.0
2.7874,0.0,0.0,0.0,0.0
2.7944,0.0,0.0,0.0,0.0
2.8014,0.0,0.0,0.0,0.0
2.8084,0.0,0.0,0.0,0.0
2.8154,0.0,0.0,0.0,0.0
2.8224,0.0,0.0,0.0,0.0
2.8294,0.0,0.0,0.0,0.0
2.8364,0.0,0.0,0.0,0.0
2.8434,0.0,0.0,0.0,0.0
2.8504,0.0,0.0,0.0,0.0
2.8574,0.0,0.0,0.0,0.0
2.8644,0.0,0.0,0.0,0.0
2.8714,0.0,0.0,0.0,0.0
2.8784,0.0,0.0,0.0,0.0
2.8854,0.0,0.0,0.0,0.0
2.8924,0.0,0.0,0.0,0.0
2.8994,0.0,0.0,0.0,0.0
2.9065,0.0,0.0,0.0,0.0
2.9135,0.0,0.0,0.0,0.0
2.9205,0.0,0.0,0.0,0.0
2.9275,0.0,0.0,0.0,0.0
2.9345,0.0,0.0,0.0,0.0
2.9415,0.0,0.0,0.0,0.0
2.9485,0.0,0.0,0.0,0.0
2.9555,0.0,0.0,0.0,0.0
2.9625,0.0,0.0,0.0,0.0
2.9695,0.0,0.0,0.0,0.0
2.9765,0.0,0.0,0.0,0.0
2.9835,0.0,0.0,0.0,0.0
2.9905,0.0,0.0,0.0,0.0
2.9975,0.0,0.0,0.0,0.0
3.0045,0.0,0.0,0.0,0.0
3.0115,0.0,0.0,0.0,0.0
3.0185,0.0,0.0,0.0,0.0
3.0255,0.0,0.0,0.0,0.0
3.0325,0.0,0.0,0.0,0.0
3.0395,0.0,0.0,0.0,0.0
3.0465,0.0,0.0,0.0,0.0
3.0535,0.0,0.0,0.0,0.0
3.0605,0.0,0.0,0.0,0.0
3.0675,0.0,0.0,0.0,0.0
3.0745,0.0,0.0,0.0,0.0
3.0815,0.0,0.0,0.0,0.0
3.0885,0.0,0.0,0.0,0.0
3.0955,0.0,0.0,0.0,0.0
3.1026,0.0,0.0,0.0,0.0
3.1096,0.0,0.0,0.0,0.0
3.1166,0.0,0.0,0.0,0.0
3.1236,0.0,0.0,0.0,0.0
3.1306,0.0,0.0,0.0,0.0
3.1376,0.0,0.0,0.0,0.0
3.1446,0.0,0.0,0.0,0.0
3.1516,0.0,0.0,0.0,0.0
3.1586,0.0,0.0,0.0,0.0
3.1656,0.0,0.0,0.0,0.0
3.1726,0.0,0.0,0.0,0.0
3.1796,0.0,0.0,0.0,0.0
3.1866,0.0,0.0,0.0,0.0
3.1936,0.0,0.0,0.0,0.0
3.2006,0.0,0.0,0.0,0.0
3.2076,0.0,0.0,0.0,0.0
3.2146,1e-05,1e-05,2.177564860324805e-08,2.177564860324805e-08
3.2216,1e-05,1e-05,6.527963095370282e-08,6.527963095370282e-08
3.2286,1e-05,1e-05,1.0868918876087398e-07,1.0868918876087398e-07
3.2356,2e-05,2e-05,1.7363904924066443e-07,1.7363904924066443e-07
3.2426,2e-05,2e-05,2.600829154143965e-07,2.600829154143965e-07
3.2496,3e-05,3e-05,3.6788148342531575e-07,3.6788148342531575e-07
3.2566,5e-05,5e-05,5.399788743753276e-07,5.399788743753276e-07
3.2636,7e-05,6e-05,7.975938757139756e-07,7.761451687645957e-07
3.2706,9e-05,9e-05,1.1403600307437985e-06,1.0974626168450371e-06
3.2776,0.00013,0.00012,1.6106274143307873e-06,1.5463729098779617e-06
3.2846,0.00017,0.00016,2.250566370441259e-06,2.143643200204508e-06
3.2916,0.00023,0.00022,3.1019869797049067e-06,2.9524859807445556e-06
3.2986,0.00031,0.00029,4.248965657572049e-06,4.035756156891435e-06
3.3057,0.00041,0.00039,5.7968186069306225e-06,5.497604434071949e-06
3.3127,0.00055,0.00051,7.82720994375336e-06,7.401121481754775e-06
3.3197,0.00071,0.00067,1.0486527158521361e-05,9.891570526992336e-06
3.3267,0.00093,0.00087,1.394054461204539e-05,1.3134991769617716e-05
3.3337,0.0012,0.00113,1.8417161662030625e-05,1.7338373747856925e-05
3.3407,0.00155,0.00145,2.4184706805208326e-05,2.2749398135856828e-05
3.3477,0.00197,0.00185,3.1551775167423946e-05,2.965601103358524e-05
3.3547,0.0025,0.00235,4.088758305556453e-05,3.842790667032107e-05
3.3617,0.00315,0.00296,5.266332626074969e-05,4.949502300339622e-05
3.3687,0.00394,0.0037,6.740964213024441e-05,6.334699701041205e-05
3.3757,0.00489,0.00459,8.57368957195804e-05,8.055344870357692e-05
3.3827,0.00603,0.00566,0.0001083552126952511,0.00010178401191675963
3.3897,0.00739,0.00694,0.00013609434813060715,0.00012782820100761054
3.3967,0.00899,0.00844,0.00016988209110550178,0.0001595532051476235
3.4037,0.01086,0.0102,0.00021074341485260168,0.00019792372942020983
3.4107,0.01303,0.01224,0.00025982024413345907,0.0002440218442363182
3.4177,0.01554,0.01459,0.00031839097771942077,0.00029902545678288687
3.4247,0.01839,0.01727,0.00038780809424301927,0.0003642075687014272
3.4317,0.02163,0.02031,0.000469517777740209,0.00044093545753087413
3.4387,0.02526,0.02372,0.0005650593623294909,0.0005306495934327508
3.4457,0.0293,0.02752,0.000676003421349415,0.000634842645592115
3.4527,0.03376,0.0317,0.0008039718704611828,0.0007550185518508711
3.4597,0.03863,0.03628,0.0009505768116108772,0.0008926923038537092
3.4667,0.0439,0.04123,0.0011173801461054778,0.0010493495965123712
3.4737,0.04956,0.04654,0.0013058939796688294,0.001226386405847896
3.4807,0.05556,0.05218,0.0015175005798314265,0.0014251097928322837
3.4877,0.06187,0.0581,0.001753413116177775,0.0016466582547505415
3.4947,0.06843,0.06426,0.002014657066943003,0.0018919829660565472
3.5018,0.07516,0.07059,0.002306071791438634,0.0021656599125522685
3.5088,0.082,0.07701,0.002619903215038207,0.0024604010639468384
3.5158,0.08886,0.08345,0.002960413232911537,0.0027801847365239276
3.5228,0.09563,0.08981,0.0033273567009727673,0.003124792165177711
3.5298,0.10222,0.096,0.003720092877240625,0.0034936287004882064
3.5368,0.10853,0.10192,0.004137608427524371,0.0038857268268759435
3.5438,0.11444,0.10747,0.00457846107457231,0.004299729319532587
3.5508,0.11985,0.11256,0.005040782905686679,0.004733912034405865
3.5578,0.12467,0.11708,0.005522342828924873,0.005186167162583961
3.5648,0.1288,0.12096,0.006020549467324159,0.0056540454421130145
3.5718,0.13216,0.12412,0.0065324735453529065,0.006134817785774919
3.5788,0.13469,0.1265,0.007054928850662837,0.006625496993697714
3.5858,0.13634,0.12804,0.00758453288337351,0.00712287889038501
3.5928,0.13707,0.12873,0.008117747392317784,0.007623641434399553
3.5998,0.13687,0.12854,0.008650957407826336,0.00812440416279355
3.6068,0.13574,0.12748,0.009180549582685162,0.008621767384881272
3.6138,0.13371,0.12557,0.00970298969806043,0.00911240933328145
3.6208,0.13081,0.12285,0.01021488016200888,0.00959314359656865
3.6278,0.12711,0.11937,0.010713036135707305,0.010060976034777144
3.6348,0.12267,0.11521,0.011194541817019258,0.01051318036726714
3.6418,0.11759,0.11043,0.01165680599663825,0.010947315444040368
3.6488,0.11195,0.10513,0.012097598081685649,0.011361261350350586
3.6558,0.10585,0.09941,0.012515045257317368,0.011753293682097262
3.6628,0.09941,0.09336,0.012907706266805994,0.01212206140840574
3.6698,0.09273,0.08709,0.013274568188848458,0.01246660305813091
3.6768,0.08591,0.08068,0.013615005023036586,0.012786324785009361
3.6838,0.07905,0.07424,0.013928774746120481,0.01308099746178375
3.6908,0.07224,0.06785,0.01421599743013617,0.01335075401917941
3.6978,0.06558,0.06158,0.014477152461945076,0.013596010872948094
3.7049,0.05912,0.05552,0.014716366479803998,0.013820645676868618
3.7119,0.05294,0.04971,0.01492790286414751,0.014019289038064653
3.7189,0.04708,0.04421,0.015116356129802878,0.014196248948550236
3.7259,0.04158,0.03905,0.015283091770376662,0.014352829240095523
3.7329,0.03648,0.03426,0.015429617749178703,0.01449043902170559
3.7399,0.03179,0.02985,0.01555752728033768,0.014610554456529793
3.7469,0.02751,0.02584,0.015668423357397827,0.014714699507997605
3.7539,0.02365,0.02221,0.0157639186453391,0.01480438967609359
3.7609,0.02019,0.01896,0.01584559821821071,0.014881094695945526
3.7679,0.01712,0.01608,0.015914982504257918,0.014946257525632575
3.7749,0.01442,0.01354,0.015973527800452535,0.015001238879795596
3.7819,0.01206,0.01132,0.016022589694862303,0.015047299260992653
3.7889,0.01002,0.00941,0.016063423777258928,0.015085636685316131
3.7959,0.00827,0.00776,0.01609718641162343,0.01511733185509169
3.8029,0.00677,0.00636,0.016124898619321853,0.015143348887156006
3.8099,0.00551,0.00518,0.01614748378712089,0.01516457305261627
3.8169,0.00446,0.00419,0.016165786825025223,0.015181774609159841
3.8239,0.00358,0.00336,0.016180519756296512,0.015195609643999833
3.8309,0.00285,0.00268,0.016192280928509467,0.015206657454049491
3.8379,0.00226,0.00212,0.016201610627973987,0.015215421173570873
3.8449,0.00178,0.00167,0.016208973330338515,0.015222328262672159
3.8519,0.00139,0.00131,0.0162147400129095,0.01522774929715856
3.8589,0.00108,0.00101,0.01621922514654417,0.015231962068804167
3.8659,0.00083,0.00078,0.01622268713825441,0.015235206546131126
3.8729,0.00064,0.0006,0.016225346778366304,0.015237703353805736
3.8799,0.00048,0.00045,0.016227369535986715,0.015239599689074873
3.8869,0.00037,0.00034,0.016228901878473506,0.015241023878824072
3.8939,0.00027,0.00026,0.016230053593819432,0.01524210358970316
3.901,0.0002,0.00019,0.016230909911530332,0.01524292347330514
3.908,0.00015,0.00014,0.01623153747349972,0.0152435151791822
3.915,0.00011,0.0001,0.016232002832569304,0.015243944746327434
3.922,8e-05,8e-05,0.01623234229630109,0.015244266330110307
3.929,6e-05,6e-05,0.01623259197802419,0.015244516011833405
3.936,4e-05,4e-05,0.016232770013664945,0.01524469404747416
3.943,3e-05,3e-05,0.01623289441081622,0.015244818444625436
3.95,2e-05,2e-05,0.016232983112794086,0.015244907146603304
3.957,2e-05,1e-05,0.0162330539361707,0.015244960279810598
3.964,1e-05,1e-05,0.016233106975439716,0.015244995628910293
3.971,1e-05,1e-05,0.01623314226217165,0.015245030915642227
3.978,1e-05,0.0,0.016233177486755516,0.015245048543443787
3.985,0.0,0.0,0.016233195083537818,0.015245048543443787
3.992,0.0,0.0,0.016233195083537818,0.015245048543443787
3.999,0.0,0.0,0.016233195083537818,0.015245048543443787
4.006,0.0,0.0,0.016233195083537818,0.015245048543443787
4.013,0.0,0.0,0.016233195083537818,0.015245048543443787
4.02,0.0,0.0,0.016233195083537818,0.015245048543443787
4.027,0.0,0.0,0.016233195083537818,0.015245048543443787
4.034,0.0,0.0,0.016233195083537818,0.015245048543443787
4.041,0.0,0.0,0.016233195083537818,0.015245048543443787
4.048,0.0,0.0,0.016233195083537818,0.015245048543443787
4.055,0.0,0.0,0.016233195083537818,0.015245048543443787
4.062,0.0,0.0,0.016233195083537818,0.015245048543443787
4.069,0.0,0.0,0.016233195083537818,0.015245048543443787
4.076,0.0,0.0,0.016233195083537818,0.015245048543443787
4.083,0.0,0.0,0.016233195083537818,0.015245048543443787
4.09,0.0,0.0,0.016233195083537818,0.015245048543443787
4.097,0.0,0.0,0.016233195083537818,0.015245048543443787
4.1041,0.0,0.0,0.016233195083537818,0.015245048543443787
4.1111,0.0,0.0,0.016233195083537818,0.015245048543443787
4.1181,0.0,0.0,0.016233195083537818,0.015245048543443787
4.1251,0.0,1e-05,0.016233195083537818,0.01524506551272938
4.1321,1e-05,1e-05,0.016233212024076526,0.015245099422553683
4.1391,1e-05,1e-05,0.016233245876504293,0.01524513327498145
4.1461,1e-05,2e-05,0.016233279671729498,0.015245183953542803
4.1531,2e-05,2e-05,0.01623333026482462,0.015245251429974072
4.1601,3e-05,3e-05,0.016233414454139377,0.015245335619288827
4.1671,4e-05,5e-05,0.016233532126707084,0.015245470090109516
4.1741,6e-05,7e-05,0.01623369994021205,0.015245671471949638
4.1811,8e-05,9e-05,0.01623393449675063,0.015245939540576082
4.1881,0.00011,0.00013,0.016234252287049885,0.015246307500927161
4.1951,0.00015,0.00018,0.016234686433310944,0.015246825133635821
4.2021,0.00021,0.00024,0.016235286550405743,0.015247525284144582
4.2091,0.00028,0.00033,0.01623610203323476,0.015248473895154229
4.2161,0.00038,0.00044,0.01623719860580282,0.015249753239020922
4.2231,0.00051,0.00059,0.016238674871201172,0.015251461726561047
4.2301,0.00067,0.00078,0.016240628942607048,0.015253730430771842
4.2371,0.00088,0.00102,0.01624319148799088,0.015256706295218608
4.2441,0.00116,0.00134,0.016246558556809204,0.015260601537037542
4.2511,0.0015,0.00175,0.016250941750032107,0.01526569327115083
4.2581,0.00194,0.00226,0.016256600914833937,0.015272290150333984
4.2651,0.00249,0.0029,0.016263876787500683,0.01528076498255468
4.2721,0.00318,0.0037,0.01627317399650743,0.015291587134873458
4.2791,0.00402,0.00469,0.01628496069788513,0.015305321901096536
4.2861,0.00505,0.0059,0.01629978443812552,0.015322629874596545
4.2931,0.00631,0.00738,0.016318320631817106,0.01534429893671858
4.3002,0.00783,0.00917,0.016341684217844973,0.015371644561731755
4.3072,0.00965,0.01133,0.016370113178987143,0.015404985128802893
4.3142,0.01181,0.01389,0.01640495852257261,0.015445935685912132
4.3212,0.01437,0.01692,0.016447399079850378,0.01549588194167884
4.3282,0.01736,0.02048,0.016498753672473703,0.015556413308845624
4.3352,0.02083,0.02463,0.016560463982114804,0.015629305414446036
4.3422,0.02484,0.02943,0.01663414217238964,0.0157165188980581
4.3492,0.02943,0.03493,0.016721553721529826,0.01582018212482278
4.3562,0.03463,0.0412,0.016824568177092814,0.015942606149601815
4.3632,0.04049,0.04827,0.01694517450498644,0.016086251508840684
4.3702,0.04703,0.0562,0.0170854643577231,0.016253711141370905
4.3772,0.05427,0.06501,0.017247583364060355,0.01644769362591449
4.3842,0.06222,0.07472,0.017433714817576378,0.01667095847378814
4.3912,0.07087,0.08533,0.01764603158786006,0.016926283921931587
4.3982,0.0802,0.09683,0.017886648389215682,0.017216419015890373
4.4052,0.09017,0.10918,0.018157574454294924,0.017544020208891384
4.4122,0.10073,0.12232,0.01846066655813621,0.017911572548527623
4.4192,0.1118,0.13618,0.01879756659980855,0.018321343193312762
4.4262,0.1233,0.15065,0.01916965544263833,0.01877530369240427
4.4332,0.1351,0.1656,0.019577975614470576,0.019275037014251893
4.4402,0.14708,0.1809,0.02002317025782812,0.019821708418881888
4.4472,0.15911,0.19637,0.020505485671361838,0.020415989388704262
4.4542,0.17102,0.21183,0.02102469520412365,0.021057982033353087
4.4612,0.18266,0.22708,0.02158007074565995,0.021747191284388196
4.4682,0.19386,0.24191,0.022170385920202075,0.02248248159235103
4.4752,0.20444,0.25611,0.022793872232173107,0.023262065270871837
4.4822,0.21424,0.26946,0.023448238048256898,0.02408349095639078
4.4892,0.22309,0.28175,0.024130687504699454,0.024943647726453546
4.4962,0.23086,0.29279,0.024837970331605123,0.02583881594077337
4.5033,0.2374,0.30239,0.02557681391980131,0.026777918525695017
4.5103,0.2426,0.31038,0.026322348169835287,0.027729669025271585
4.5173,0.24638,0.31662,0.027080654151687648,0.028702013561887802
4.5243,0.24865,0.32101,0.027847155606067642,0.029689314235251646
4.5313,0.24939,0.32347,0.028617127353718286,0.03068568098832773
4.5383,0.24858,0.32396,0.029385804352176713,0.03168506575774743
4.5453,0.24625,0.32247,0.03014845894414764,0.03268137134688976
4.5523,0.24243,0.31903,0.030900477630363063,0.033668559437480344
4.5593,0.2372,0.31371,0.03163743713413451,0.03464077314832165
4.5663,0.23066,0.3066,0.03235521065996097,0.03559242799450724
4.5733,0.22293,0.29782,0.0330500273489381,0.036518286796638225
4.5803,0.21414,0.28755,0.03371851599665197,0.03741359517203491
4.5873,0.20444,0.27594,0.03435774841384951,0.03827412450449594
4.5943,0.19398,0.26319,0.034965267243597206,0.03909619914013757
4.6013,0.18294,0.24951,0.03553912873324111,0.039876784414716766
4.6083,0.17148,0.23511,0.036077914870890376,0.04061349796917306
4.6153,0.15975,0.22019,0.03658068464638373,0.041304590622279105
4.6223,0.14793,0.20497,0.0370470014245232,0.041948957653127714
4.6293,0.13615,0.18964,0.037476899718833945,0.04254611982505957
4.6363,0.12455,0.17439,0.037870821836515606,0.043096174241874584
4.6433,0.11325,0.1594,0.03822960036485027,0.04359977579427016
4.6503,0.10235,0.14481,0.03855439556281209,0.044058058512079376
4.6573,0.09194,0.13077,0.038846648253706796,0.044472587500204795
4.6643,0.0821,0.11737,0.03910804810181528,0.04484528133347462
4.6713,0.07287,0.10472,0.039340457171539826,0.04517834986050399
4.6783,0.0643,0.09287,0.03954586391674296,0.04547423265326566
4.6853,0.05641,0.08188,0.03972635256659092,0.045735522796943213
4.6923,0.0492,0.07178,0.03988402789626215,0.045964936159437794
4.6993,0.04268,0.06258,0.04002100016402361,0.046165236113197755
4.7064,0.03683,0.05428,0.04014104496129757,0.046341671882314
4.7134,0.03163,0.04685,0.04024279814375513,0.04649198272551336
4.7204,0.02705,0.04028,0.040329885852864886,0.04662129317538339
4.7274,0.02306,0.03452,0.04040414459802757,0.046732140179144996
4.7344,0.01962,0.02954,0.04046729917291226,0.04682693102982169
4.7414,0.0167,0.02529,0.04052096329378164,0.04690794417625754
4.7484,0.01425,0.02173,0.04056662553499047,0.04697731519797309
4.7554,0.01224,0.0188,0.04060565002284269,0.0470370229486645
4.7624,0.01063,0.01646,0.04063929190968179,0.04708889043493548
4.7694,0.00939,0.01467,0.040668697992485785,0.047134615128982316
4.7764,0.00849,0.01339,0.0406949220254927,0.04717576970503778
4.7834,0.0079,0.01257,0.04071892526523364,0.04721378813648007
4.7904,0.00759,0.01219,0.040741577011580786,0.047249995710807687
4.7974,0.00754,0.01222,0.04076366973608219,0.047285638911074755
4.8044,0.00773,0.01262,0.0407859341213433,0.047321856714222
4.8114,0.00814,0.01337,0.04080903942087116,0.047359695744687444
4.8184,0.00877,0.01445,0.04083362287159097,0.04740013990914698
4.8254,0.00958,0.01584,0.040860260908894976,0.04744411076070735
4.8324,0.01057,0.01751,0.04088946943489746,0.047492453374903515
4.8394,0.01171,0.01945,0.040921718717582836,0.047545951236096604
4.8464,0.01301,0.02162,0.04095744803549947,0.04760531219176896
4.8534,0.01443,0.024,0.04099705151736254,0.047671154403645
4.8604,0.01597,0.02657,0.04104086389607599,0.04774403571060821
4.8674,0.0176,0.02928,0.041089175315139996,0.0478244108317786
4.8744,0.0193,0.03211,0.04114220280134984,0.047912631897153495
4.8814,0.02104,0.03502,0.04120009070515249,0.04800896343859535
4.8884,0.02281,0.03796,0.041262925416244954,0.04811353989191256
4.8954,0.02457,0.0409,0.04133072143725922,0.04822638062010176
4.9025,0.0263,0.04378,0.041404445049224595,0.04834910355015023
4.9095,0.02796,0.04655,0.04148186288523331,0.04847798583485267
4.9165,0.02954,0.04917,0.0415637868268518,0.04861436427464649
4.9235,0.03099,0.05159,0.041649905321545416,0.04875771962141854
4.9305,0.0323,0.05377,0.04173982285949063,0.04890740696298537
4.9375,0.03344,0.05566,0.041833088885197316,0.049062656456412355
4.9445,0.03438,0.05723,0.041929169754901664,0.04922258817299809
4.9515,0.03511,0.05845,0.0420274774810119,0.04938624103563728
4.9585,0.03562,0.05929,0.04212739831357174,0.04955257327737986
4.9655,0.03588,0.05973,0.042228264691092615,0.049720476994027034
4.9725,0.0359,0.05977,0.04232938365882771,0.04988882076899033
4.9795,0.03568,0.0594,0.042430079263950995,0.05005646390292341
4.9865,0.03522,0.05863,0.04252967840232952,0.050222270483995864
4.9935,0.03453,0.05748,0.04262752482076232,0.05038515145516834
5.0005,0.03363,0.05597,0.04272300703943741,0.05054407836992654
5.0075,0.03252,0.05413,0.04281554414199277,0.05069809703216417
5.0145,0.03124,0.052,0.04290461348463351,0.0508463550198959
5.0215,0.0298,0.04961,0.04298976438908964,0.05098810113687953
5.0285,0.02824,0.04701,0.04307061768323397,0.05112269874976321
5.0355,0.02658,0.04424,0.04314687926271054,0.05124963909072332
5.0425,0.02484,0.04135,0.04321831181553197,0.05136854052760624
5.0495,0.02306,0.03839,0.043284762232457946,0.051479161740513674
5.0565,0.02127,0.0354,0.04334617502246106,0.05158138710072612
5.0635,0.01948,0.03242,0.043402550280065344,0.051675212131556035
5.0705,0.01772,0.02949,0.043453943339906376,0.051760742894125515
5.0775,0.01601,0.02664,0.04350047829638001,0.051838181591068774
5.0845,0.01436,0.02391,0.04354232007102853,0.051907826017688743
5.0915,0.0128,0.02131,0.04357968791728644,0.05197004155806725
5.0985,0.01133,0.01886,0.04361284143022194,0.05202523329778393
5.1056,0.00996,0.01658,0.043642469881769695,0.052074553744548634
5.1126,0.0087,0.01448,0.0436680372230749,0.05211711117585865
5.1196,0.00754,0.01256,0.043690258369694195,0.05215410992160121
5.1266,0.0065,0.01082,0.04370944304682801,0.05218605706249704
5.1336,0.00556,0.00925,0.0437258997491316,0.05221344396787917
5.1406,0.00472,0.00786,0.04373990843877296,0.052236759979797626
5.1476,0.00399,0.00664,0.043751761533585516,0.052256492461190004
5.1546,0.00334,0.00556,0.04376172311757003,0.052273072449191854
5.1616,0.00278,0.00463,0.04377002902083284,0.052286902047332294
5.1686,0.0023,0.00383,0.04377691413305695,0.05229836819937062
5.1756,0.00189,0.00315,0.04378258532185516,0.05230781566626122
5.1826,0.00155,0.00257,0.04378723509100145,0.05231554727252627
5.1896,0.00126,0.00209,0.04379102818773462,0.05232183760292063
5.1966,0.00102,0.00168,0.043794101715978216,0.052326919720785806
5.2036,0.00082,0.00135,0.043796578773751114,0.052330998789339674
5.2106,0.00066,0.00109,0.0437985685103606,0.05233427916249305
5.2176,0.00054,0.00087,0.04380017963550988,0.05233691068853167
5.2246,0.00045,0.00071,0.04380150702350076,0.052339029160840204
5.2316,0.00038,0.00059,0.043802618389128634,0.0523407698632798
5.2386,0.00034,0.0005,0.04380358115764324,0.05234222741415868
5.2456,0.00033,0.00045,0.04380447584657091,0.05234349603487357
5.2526,0.00034,0.00044,0.04380536932457866,0.05234468291442331
5.2596,0.00038,0.00046,0.043806328175396696,0.052345881504550676
5.2666,0.00045,0.00053,0.04380743202611503,0.052347198157703945
5.2736,0.00057,0.00063,0.043808786733859614,0.0523487388378987
5.2806,0.00073,0.0008,0.04381051102583256,0.052350635564347645
5.2876,0.00096,0.00102,0.04381274961684766,0.05235304637897032
5.2946,0.00125,0.00133,0.04381567314200266,0.05235615510338831
5.3017,0.00164,0.00174,0.043819545654833786,0.05236026881464291
5.3087,0.00214,0.00226,0.043824532781136336,0.05236554620489555
5.3157,0.00279,0.00294,0.0438310285864831,0.052372397769148156
5.3227,0.00361,0.0038,0.04383945019922769,0.05238126678315462
5.3297,0.00464,0.00488,0.04385029194137707,0.052392673613228705
5.3367,0.00592,0.00623,0.04386415119129959,0.05240725469621345
5.3437,0.00751,0.0079,0.043881754042449164,0.05242577504765837
5.3507,0.00946,0.00995,0.043903967746127204,0.052449140670930816
5.3577,0.01184,0.01246,0.043931813021460965,0.05247843703297405
5.3647,0.01472,0.01549,0.043966489384588754,0.05251492816120401
5.3717,0.01818,0.01912,0.04400938724732685,0.05256005567805758
5.3787,0.0223,0.02345,0.04406209995407178,0.05261548996707457
5.3857,0.02716,0.02856,0.044126422726075094,0.05268312901672224
5.3927,0.03285,0.03455,0.044204364593085264,0.052765097204023594
5.3997,0.03948,0.04152,0.04429818619184878,0.052863770080970665
5.4067,0.04711,0.04955,0.04441035965520869,0.05298174717910586
5.4137,0.05584,0.05873,0.04454355450344475,0.05312183788660709
5.4207,0.06574,0.06914,0.04470064960445423,0.05328706038033541
5.4277,0.07687,0.08085,0.044884680455766,0.05348061473774332
5.4347,0.08927,0.09389,0.04509879971980897,0.05370581758146956
5.4417,0.10298,0.1083,0.04534625086017944,0.05396606282194719
5.4487,0.11797,0.12407,0.045630277745019585,0.05426476988814208
5.4557,0.13423,0.14118,0.045954060376169656,0.05460530653016553
5.4627,0.1517,0.15955,0.04632067680717495,0.05499089936861663
5.4697,0.17028,0.17908,0.046732988403307134,0.05542453213664086
5.4767,0.18983,0.19965,0.04719353863315519,0.05590889576402855
5.4837,0.21019,0.22106,0.04770447803680604,0.056446262189485376
5.4907,0.23116,0.24311,0.04826748970526826,0.057038384377494325
5.4977,0.25249,0.26555,0.04888367700425762,0.05768643530017389
5.5048,0.27392,0.28808,0.04956305248634118,0.058400940441993315
5.5118,0.29514,0.31041,0.0502862025009016,0.0591614894991036
5.5188,0.31586,0.3322,0.05106166524639834,0.0599770707034268
5.5258,0.33573,0.3531,0.05188759713668956,0.0608457321674703
5.5328,0.35443,0.37276,0.05276131335340821,0.06176464322737431
5.5398,0.37163,0.39086,0.05367931742027987,0.06273013679486446
5.5468,0.38702,0.40704,0.054637317906832954,0.0637377010102302
5.5538,0.40032,0.42102,0.05563029549057623,0.06478203385615858
5.5608,0.41125,0.43253,0.05665254443650002,0.06585716055918776
5.5678,0.41962,0.44133,0.0576977892017805,0.06695648728010388
5.5748,0.42525,0.44725,0.05875931300698029,0.06807292983774345
5.5818,0.42803,0.45017,0.05983006039266391,0.06919906676983965
5.5888,0.42791,0.45004,0.06090280185313685,0.07032729140320465
5.5958,0.42488,0.44685,0.06197025989594245,0.07144995049421625
5.6028,0.419,0.44068,0.06302524677578257,0.07255950694316224
5.6098,0.41041,0.43164,0.06406085132813574,0.07364868909279114
5.6168,0.39926,0.41991,0.06507054987785714,0.0747106140771343
5.6238,0.38577,0.40573,0.06604830390107509,0.07573894780572207
5.6308,0.37022,0.38936,0.06698871933092336,0.07672800177909501
5.6378,0.35287,0.37112,0.06788709311247282,0.07767282924096763
5.6448,0.33406,0.35134,0.06873948414684986,0.0785693083948239
5.6518,0.3141,0.33034,0.06954277156437855,0.07941413832978067
5.6588,0.29333,0.3085,0.07029465061745237,0.08020489679149626
5.6658,0.27207,0.28614,0.07099364104560682,0.08094003592914248
5.6728,0.25064,0.2636,0.07163905829373106,0.0816188285267816
5.6798,0.22933,0.24119,0.07223097261387926,0.0822413516614512
5.6868,0.20841,0.21919,0.07277014375488358,0.08280840883976702
5.6938,0.18811,0.19784,0.07325794377478659,0.08332144031937676
5.7009,0.16863,0.17735,0.0737025261091476,0.08378901571526408
5.7079,0.15015,0.15791,0.07409372241557619,0.08420043573787013
5.7149,0.13278,0.13965,0.07444049995790962,0.08456514476044712
5.7219,0.11663,0.12266,0.07474581960105522,0.08488625616925059
5.7289,0.10174,0.107,0.07501281479583734,0.08516705534707339
5.7359,0.08815,0.09271,0.07524470520448746,0.0854109377690849
5.7429,0.07586,0.07979,0.07544474752420122,0.08562133530213234
5.7499,0.06484,0.06819,0.07561615002830631,0.08580160640079375
5.7569,0.05504,0.05789,0.07576201196080035,0.08595501207181418
5.7639,0.04641,0.04881,0.07588529974760312,0.08608467995852276
5.7709,0.03887,0.04088,0.07598881125190143,0.08619354425057554
5.7779,0.03233,0.034,0.07607512808680252,0.08628432240648634
5.7849,0.02671,0.02809,0.07614661664796508,0.08635950405872828
5.7919,0.02191,0.02304,0.07620541708348,0.08642134005926547
5.7989,0.01786,0.01878,0.0762534564289748,0.0864718556605851
5.8059,0.01445,0.0152,0.0762924376230754,0.08651285166270653
5.8129,0.01162,0.01222,0.07632385257147122,0.0865458933945956
5.8199,0.00928,0.00976,0.07634900729081497,0.08657234797436934
5.8269,0.00736,0.00774,0.07636901074581276,0.08659338526233262
5.8339,0.00579,0.00609,0.0763847998221182,0.08660999080712813
5.8409,0.00453,0.00477,0.07639717610510127,0.08662301468204998
5.8479,0.00352,0.0037,0.07640681854131001,0.08663316020712623
5.8549,0.00272,0.00286,0.07641428399662921,0.08664100850557405
5.8619,0.00208,0.00219,0.07642001980990457,0.08664704305674466
5.8689,0.00159,0.00167,0.07642440008335515,0.08665165010514404
5.8759,0.0012,0.00126,0.07642772608874326,0.08665514300716545
5.8829,0.0009,0.00095,0.07643022655738588,0.0866577744486869
5.8899,0.00067,0.00071,0.07643209373616698,0.08665974866094248
5.8969,0.0005,0.00052,0.07643348354673671,0.08666120975180745
5.904,0.00037,0.00039,0.07643453051053747,0.08666230484754778
5.911,0.00027,0.00028,0.07643528893902664,0.08666309883110193
5.918,0.00019,0.0002,0.07643583341996614,0.08666366698268968
5.925,0.00014,0.00015,0.07643622355889722,0.08666408076428712
5.932,0.0001,0.00011,0.07643650696378695,0.08666438778392743
5.939,7e-05,8e-05,0.07643670747330511,0.08666461188034622
5.946,5e-05,6e-05,0.07643684884187865,0.08666477680803605
5.953,4e-05,4e-05,0.07643695474008824,0.0866648944788659
5.96,3e-05,3e-05,0.07643703701009592,0.08666497674887358
5.967,2e-05,3e-05,0.07643709570737166,0.08666504717733751
5.974,2e-05,2e-05,0.07643714260463257,0.08666510580578662
5.981,2e-05,2e-05,0.07643718944697402,0.08666515264812807
5.988,2e-05,3e-05,0.07643723623452449,0.0866652111257253
5.995,3e-05,4e-05,0.076437294643809,0.08666529290145357
6.002,4e-05,5e-05,0.07643737632411628,0.08666539792093693
6.009,5e-05,7e-05,0.07643748122119695,0.08666553777918244
6.016,7e-05,9e-05,0.07643762091662942,0.08666572404427726
6.023,0.0001,0.00013,0.07643781858724975,0.08666597985251986
6.03,0.00013,0.00018,0.07643808572050814,0.08666633989524167
6.037,0.00018,0.00024,0.07643844534555116,0.0866668271343814
6.044,0.00025,0.00033,0.07643894360183683,0.08666748761551764
6.051,0.00033,0.00045,0.0764396149002674,0.08666839038784957
6.058,0.00045,0.0006,0.07644051662893785,0.08666960426107931
6.065,0.00059,0.0008,0.07644171755883317,0.08667122088978282
6.072,0.00079,0.00106,0.07644330925295276,0.0866733662230032
6.079,0.00104,0.00139,0.07644541755615471,0.08667618881784091
6.086,0.00135,0.00181,0.07644816786554638,0.08667987123718784
6.093,0.00175,0.00235,0.07645173111340589,0.08668465288379706
6.1001,0.00226,0.00303,0.07645640078742762,0.08669091793560885
6.1071,0.00289,0.00388,0.07646230672540158,0.08669884221046029
6.1141,0.00368,0.00493,0.07646983247535089,0.08670893382344971
6.1211,0.00464,0.00623,0.07647935192324172,0.08672170269020768
6.1281,0.00582,0.00781,0.0764913062228861,0.0867377484257138
6.1351,0.00724,0.00972,0.07650621495077103,0.08675775990855736
6.1421,0.00896,0.01203,0.07652468710600269,0.08678256048685899
6.1491,0.01101,0.01477,0.07654743213868036,0.08681308462405983
6.1561,0.01343,0.01802,0.07657523671215877,0.0868503887121836
6.1631,0.01627,0.02184,0.07660898708084074,0.08689568465606219
6.1701,0.01959,0.02629,0.0766496913409592,0.08695031645131494
6.1771,0.02341,0.03143,0.07669844489431983,0.0870157595852577
6.1841,0.0278,0.03731,0.07675644132070517,0.08709360912185314
6.1911,0.03278,0.044,0.07682497199773754,0.0871855904543298
6.1981,0.0384,0.05153,0.07690540300726693,0.08729353615411378
6.2051,0.04467,0.05995,0.07699916355534876,0.0874193628737585
6.2121,0.05161,0.06926,0.07710771183160543,0.08756503718823672
6.2191,0.05922,0.07948,0.07723252363572497,0.0877325415395466
6.2261,0.06749,0.09059,0.07737505854387437,0.08792385170469458
6.2331,0.0764,0.10255,0.0775367375082305,0.08814086939283182
6.2401,0.0859,0.1153,0.0777188981466854,0.0883853776814632
6.2471,0.09593,0.12875,0.0779227502579765,0.08865898549727079
6.2541,0.10639,0.1428,0.07814932041840444,0.08896308358789601
6.2611,0.1172,0.1573,0.07839943039121922,0.08929877840479004
6.2681,0.12823,0.1721,0.07867366456409759,0.08966683747303446
6.2751,0.13934,0.18702,0.0789723040152922,0.09006765743890194
6.2821,0.15039,0.20185,0.07929531671104158,0.09050119882982952
6.2891,0.16121,0.21637,0.07964232550926441,0.09096694343840474
6.2961,0.17164,0.23037,0.08001258742198569,0.0914638964401788
6.3032,0.1815,0.24361,0.08041058657212634,0.09199808581501698
6.3102,0.19063,0.25585,0.08082361959009622,0.09255244443796443
6.3172,0.19885,0.26689,0.08125543119668331,0.09313199973585547
6.3242,0.20602,0.27652,0.08170380923661155,0.09373380552302983
6.3312,0.21201,0.28455,0.08216625020296317,0.09435448287981248
6.3382,0.21668,0.29082,0.08263996053722192,0.09499027731044496
6.3452,0.21995,0.29521,0.08312191305751145,0.09563713766169941
6.3522,0.22176,0.29764,0.0836089362204945,0.09629080563841287
6.3592,0.22206,0.29805,0.08409774780469377,0.09694688281072353
6.3662,0.22086,0.29643,0.08458503237867032,0.0976009082240075
6.3732,0.21817,0.29282,0.08506750742059087,0.09824846856917856
6.3802,0.21405,0.28729,0.08554197803093623,0.09888528580540502
6.3872,0.20858,0.27995,0.08600541332435854,0.09950729331888224
6.3942,0.20187,0.27094,0.08645500047222797,0.10011071167653642
6.4012,0.19405,0.26045,0.0868881984615313,0.10069213488874527
6.4082,0.18527,0.24866,0.08730278062450947,0.10124857253059388
6.4152,0.17568,0.2358,0.08769685511296561,0.101777491561489
6.4222,0.16547,0.22208,0.08806890703646152,0.1022768470886009
6.4292,0.15478,0.20774,0.08841778597946985,0.10274509110379282
6.4362,0.14381,0.19301,0.08874271523154591,0.1031811921083661
6.4432,0.13271,0.17811,0.08904330109766098,0.10358461112708313
6.4502,0.12164,0.16325,0.08931948776606041,0.10395527785241462
6.4572,0.11074,0.14862,0.0895715450135003,0.10429355607755
6.4642,0.10014,0.13439,0.0898000342840308,0.10460019847602652
6.4712,0.08995,0.1207,0.09000577496309037,0.10487629080891027
6.4782,0.08026,0.10769,0.09018980001671995,0.10512321803279544
6.4852,0.07115,0.09545,0.09035332266412516,0.10534260903828399
6.4922,0.06267,0.08406,0.09049769245950724,0.1055362708460293
6.4992,0.05486,0.07356,0.09062435158724422,0.10570613397447745
6.5063,0.04775,0.06399,0.09073639015183098,0.10585632310752
6.5133,0.04134,0.05536,0.0908321925274302,0.10598466541004913
6.5203,0.03564,0.04767,0.09091488366183179,0.10609533922521938
6.5273,0.03063,0.04089,0.09098599389643142,0.10619036752783327
6.5343,0.02631,0.03501,0.09104702720334112,0.1062717239024207
6.5413,0.02264,0.02999,0.09109943991882707,0.10634132207650772
6.5483,0.01961,0.02581,0.09114463021145267,0.1064010054525081
6.5553,0.0172,0.02242,0.0911839597217494,0.10645253675276418
6.5623,0.01539,0.0198,0.09121874303975129,0.10649759832973156
6.5693,0.01418,0.01792,0.09125026921689379,0.10653781385414143
6.5763,0.01355,0.01676,0.09127980189754063,0.10657474855361761
6.5833,0.01351,0.01633,0.09130859003738337,0.10660995200458159
6.5903,0.01407,0.01662,0.09133789986484982,0.10664496885441022
6.5973,0.01526,0.01765,0.09136903602855923,0.10668134943017958
6.6043,0.01711,0.01944,0.09140336265519731,0.10672068154584773
6.6113,0.01967,0.02203,0.09144232427334814,0.1067646115192724
6.6183,0.02297,0.02547,0.09148744549560256,0.10681487567721498
6.6253,0.0271,0.02982,0.0915403729197659,0.10687332111705834
6.6323,0.03211,0.03514,0.09160289578945813,0.10694191580449479
6.6393,0.03808,0.04152,0.09167693480432838,0.10702277969335768
6.6463,0.04509,0.04903,0.09176457319586594,0.10711819465053606
6.6533,0.05322,0.05775,0.0918680560430342,0.10723059323091053
6.6603,0.06256,0.06777,0.09198980010153991,0.1073625790746799
6.6673,0.07319,0.07916,0.09213239309353727,0.10751691570054783
6.6743,0.08516,0.09199,0.09229855102701343,0.10769650483659682
6.6813,0.09856,0.10633,0.09249112810185432,0.10790438584077575
6.6883,0.11344,0.12224,0.09271311617496548,0.1081437246583839
6.6953,0.12982,0.13973,0.09296757095475462,0.10841775055086288
6.7024,0.14774,0.15884,0.09326174221219123,0.10873418929666155
6.7094,0.16719,0.17955,0.09359047355920672,0.10908740884680039
6.7164,0.18817,0.20185,0.0939610204324965,0.1094851086989756
6.7234,0.21063,0.22568,0.09437643120804899,0.10993044626803526
6.7304,0.23451,0.25099,0.09483963028493586,0.11042645464066807
6.7374,0.25972,0.27767,0.0953533770309297,0.11097599115437376
6.7444,0.28617,0.30562,0.09592023529864259,0.11158168616774113
6.7514,0.31373,0.3347,0.09654253276392556,0.11224591290840807
6.7584,0.34224,0.36476,0.09722228935944309,0.1129707367084563
6.7654,0.37154,0.39562,0.09796118747648311,0.11375787488156563
6.7724,0.40145,0.42709,0.09876055268908085,0.11460865678618705
6.7794,0.43178,0.459,0.09962132423091219,0.11552403574339189
6.7864,0.46231,0.49111,0.10054401532045917,0.11650453903677663
6.7934,0.49283,0.52321,0.10152869427761249,0.11755022837831808
6.8004,0.5231,0.55509,0.10257496578004971,0.11866073273873252
6.8074,0.5529,0.5865,0.1036819624565111,0.11983520899662257
6.8144,0.58198,0.61722,0.10484833657622702,0.12107233356457349
6.8214,0.61011,0.647,0.10607225172816724,0.12237030439404106
6.8284,0.63703,0.67561,0.10735137459569388,0.12372683265537263
6.8354,0.66251,0.7028,0.10868287696153262,0.12513914475388233
6.8424,0.68631,0.72834,0.11006345822616286,0.12660398429359582
6.8494,0.70819,0.75197,0.11148933710953174,0.12811760385300874
6.8564,0.72792,0.77347,0.1129562638244896,0.12967577716942455
6.8634,0.74528,0.7926,0.11445954239758283,0.13127382153322995
6.8704,0.76007,0.80914,0.11599406306471195,0.132906599628247
6.8774,0.7721,0.82289,0.11755433451223934,0.13456856211736484
6.8844,0.78121,0.83364,0.11913452611163916,0.13625375950780777
6.8914,0.78725,0.84124,0.12072850996024584,0.13795589455539872
6.8984,0.79014,0.84555,0.12232994327705136,0.13966839476970405
6.9055,0.7898,0.84648,0.12395521993209549,0.14140897718220372
6.9125,0.78622,0.84399,0.12555200029484057,0.14312171446206404
6.9195,0.77943,0.83805,0.1271366701705634,0.14482418757629556
6.9265,0.76952,0.82874,0.12870285359423572,0.14650952138094075
6.9335,0.75663,0.81617,0.1302444262198793,0.14817105346989407
6.9405,0.74094,0.80051,0.13175560512751996,0.14980242411838698
6.9475,0.72273,0.782,0.13323108854513385,0.1513977061059614
6.9545,0.7023,0.76094,0.13466617479720822,0.15295153389591612
6.9615,0.68,0.73769,0.13605683029727483,0.15445922209950586
6.9685,0.65623,0.71265,0.13739978736476222,0.15591686325443652
6.9755,0.63144,0.68628,0.13869264155079716,0.15732142509229052
6.9825,0.60608,0.65905,0.1399338983505989,0.15867081726313403
6.9895,0.58063,0.63147,0.14112299960147265,0.15996393764546185
6.9965,0.55556,0.60404,0.14226033977381228,0.1612006984444894
7.0035,0.53134,0.57727,0.1433472521555403,0.16238202212482025
7.0105,0.50841,0.55163,0.1443859751455182,0.16350980742837426
7.0175,0.48717,0.52758,0.1453795787849468,0.16458687556183488
7.0245,0.46799,0.50551,0.14633189164504862,0.1656168867868863
7.0315,0.45115,0.48575,0.14724737831279172,0.16660420759015757
7.0385,0.43688,0.46859,0.148130997535984,0.16755380835984163
7.0455,0.42535,0.45419,0.14898809091929577,0.16847109204275496
7.0525,0.41661,0.44268,0.14982420268413948,0.16936173348874073
7.0595,0.41067,0.43407,0.1506449200948334,0.17023152960635635
7.0665,0.40743,0.42829,0.15145572466018833,0.17108620064301033
7.0735,0.40672,0.4252,0.15226181431465602,0.17193124196862586
7.0805,0.4083,0.42455,0.15306796606336082,0.1727717469432093
7.0875,0.41187,0.42607,0.1538784091823078,0.17361228000314358
7.0945,0.41704,0.42937,0.15469667932062567,0.1744567405950296
7.1016,0.42343,0.43406,0.15553737723088512,0.17532040566914897
7.1086,0.43058,0.43969,0.15637875128554993,0.17618122846835463
7.1156,0.43804,0.4458,0.15723367680320016,0.1770527587411581
7.1226,0.44535,0.45192,0.158102284680272,0.1779354574611128
7.1296,0.45206,0.45759,0.15898381152468233,0.1788288706944345
7.1366,0.45774,0.46238,0.1598766326016661,0.17973167243536747
7.1436,0.46202,0.46589,0.16077834362265506,0.18064172684880672
7.1506,0.46455,0.46776,0.16168584217209292,0.1815561599975005
7.1576,0.46506,0.46771,0.16259542825712642,0.18247148012701198
7.1646,0.46332,0.4655,0.1635029239638455,0.1833836974010978
7.1716,0.4592,0.46099,0.16440381201247994,0.1842884625356567
7.1786,0.45262,0.45408,0.16529338344517627,0.18518120481366906
7.1856,0.44358,0.44477,0.16616686506303355,0.18605726937042238
7.1926,0.43215,0.43312,0.16701956573567614,0.18691207333183968
7.1996,0.41845,0.41925,0.16784699282143917,0.18774122226439707
7.2066,0.40269,0.40333,0.16864498742956796,0.18854061634589014
7.2136,0.38509,0.38561,0.169409820248038,0.18930657541915202
7.2206,0.36594,0.36636,0.17013826744223434,0.19003593438414537
7.2276,0.34554,0.34588,0.17082768624238176,0.19072608964593685
7.2346,0.32422,0.32449,0.17147605140585392,0.1913750453472484
7.2416,0.30233,0.30252,0.17208200118828995,0.1919814400353285
7.2486,0.28019,0.28032,0.17264482514105156,0.19254457319064336
7.2556,0.25814,0.25821,0.17316445192087426,0.1930643930459926
7.2626,0.23649,0.2365,0.17364143720490166,0.19354145550248417
7.2696,0.21553,0.21549,0.17407691310085338,0.19397690252029526
7.2766,0.19554,0.19542,0.17447255704968404,0.19437239251403482
7.2836,0.17676,0.17656,0.17483054166575038,0.19473006947893007
7.2906,0.15938,0.15909,0.1751534463845296,0.1950525035443353
7.2976,0.14359,0.14319,0.175444207893834,0.19534260292512
7.3047,0.12955,0.12901,0.17570982946404132,0.19560731045873442
7.3117,0.11737,0.11668,0.1759463420428785,0.19584264497743165
7.3187,0.10714,0.10628,0.17616118300717104,0.19605600280618157
7.3257,0.09896,0.09787,0.17635821773714666,0.19625117344701168
7.3327,0.09286,0.09153,0.1765414247307135,0.1964320692467794
7.3397,0.08889,0.08727,0.17671484742199886,0.19660267726068206
7.3467,0.08706,0.08511,0.1768825748957778,0.19676700173513398
7.3537,0.0874,0.08506,0.17704872263918653,0.19692906405136465
7.3607,0.08988,0.08711,0.17721739441951978,0.19709287412124227
7.3677,0.0945,0.09123,0.17739265377168714,0.19726239240905816
7.3747,0.10122,0.09739,0.17757851468623306,0.19744151111746305
7.3817,0.10998,0.10554,0.1777788848638209,0.19763403548069716
7.3887,0.12073,0.1156,0.17799755662628833,0.19784363670668514
7.3957,0.13337,0.1275,0.1782381695028239,0.19807383352782773
7.4027,0.14779,0.14111,0.17850415402727332,0.19832794550691965
7.4097,0.16385,0.15631,0.17879869473101698,0.19860904650105302
7.4167,0.18139,0.17293,0.17912468385453506,0.19891992784595422
7.4237,0.20022,0.19078,0.17948467528622924,0.19926303337267076
7.4307,0.2201,0.20966,0.17988081044826698,0.1996404324387078
7.4377,0.24077,0.2293,0.1803147539250919,0.2000537460374629
7.4447,0.26197,0.24944,0.18078767643462984,0.2005040920073113
7.4517,0.28336,0.26979,0.18130018153424593,0.20099206814430798
7.4587,0.30464,0.29002,0.18185227014015423,0.20151768843375534
7.4657,0.32544,0.3098,0.18244331469530017,0.20208034770068614
7.4727,0.34542,0.32881,0.1830720239940185,0.20267883329836073
7.4797,0.36423,0.3467,0.18373646441122224,0.20331130867483854
7.4867,0.38151,0.36315,0.18443404359756094,0.20397531568115568
7.4937,0.39695,0.37784,0.18516155029784812,0.2046678049447837
7.5008,0.41024,0.39048,0.18592596466382227,0.205395409163485
7.5078,0.42112,0.40084,0.1867014514840366,0.2061335469487094
7.5148,0.42938,0.40869,0.187494053876507,0.2068879683705156
7.5218,0.43483,0.41388,0.18829868438487082,0.20765382958051368
7.5288,0.43737,0.4163,0.1891099999538523,0.20842605837914116
7.5358,0.43695,0.4159,0.1899225330031948,0.20919944798906764
7.5428,0.43357,0.41268,0.19073078473704821,0.20996875969092701
7.5498,0.4273,0.40671,0.19152933656412013,0.210728834246164
7.5568,0.41826,0.39811,0.192312961018752,0.21147470282079328
7.5638,0.40663,0.38704,0.19307672289669958,0.21220166961463544
7.5708,0.39265,0.37373,0.19381608917776974,0.21290541259190254
7.5778,0.37657,0.35842,0.19452699225296857,0.21358205605947195
7.5848,0.35869,0.34141,0.19520588358804464,0.21422823362983975
7.5918,0.33935,0.323,0.195849814835056,0.2148411417158361
7.5988,0.31887,0.30351,0.19645645407778747,0.21541855587982708
7.6058,0.29759,0.28326,0.1970240835443829,0.21595884712464203
7.6128,0.27585,0.26256,0.19755161575450728,0.21646097050748414
7.6198,0.25396,0.24173,0.19803856364240927,0.21692446298429183
7.6268,0.23222,0.22103,0.19848500161363963,0.21734939539009224
7.6338,0.2109,0.20074,0.19889152679727282,0.21773633375031679
7.6408,0.19023,0.18107,0.19925919297482833,0.21808629167543447
7.6478,0.17043,0.16222,0.19958946310921688,0.21840065543903142
7.6548,0.15165,0.14434,0.19988413468223826,0.21868112773812592
7.6618,0.13403,0.12757,0.20014526532305987,0.21892967167701563
7.6688,0.11764,0.11198,0.2003750988264292,0.21914843678454055
7.6758,0.10256,0.09762,0.20057600969746348,0.21933967619921593
7.6828,0.08881,0.08453,0.2007504571270741,0.21950571894102067
7.6898,0.07638,0.0727,0.20090090270690644,0.21964891500885797
7.6968,0.06524,0.0621,0.20102976492227698,0.21977157159991131
7.7039,0.05535,0.05268,0.20114095747251204,0.2198774069199965
7.7109,0.04664,0.04439,0.2012335902454649,0.21996557108587267
7.7179,0.03903,0.03715,0.20131132983530778,0.2200395629855483
7.7249,0.03244,0.03088,0.20137612521086998,0.220101239623536
7.7319,0.02678,0.02549,0.2014297660715832,0.2201522989848411
7.7389,0.02196,0.0209,0.20147387437057615,0.22019428060236482
7.7459,0.01789,0.01702,0.20150990492132126,0.22022856613812802
7.7529,0.01447,0.01377,0.2015391369726619,0.22025637994551392
7.7599,0.01162,0.01106,0.20156268385516304,0.22027878964529995
7.7669,0.00927,0.00883,0.20158152063362766,0.22029672470800565
7.7739,0.00735,0.007,0.20159649361794602,0.2203109859805857
7.7809,0.00579,0.00551,0.20160832082663624,0.220322246133267
7.7879,0.00452,0.0043,0.201617592448301,0.22033106811339911
7.7949,0.00351,0.00334,0.20162480722193357,0.22033793248045835
7.8019,0.00271,0.00258,0.2016303907419001,0.2203432466982488
7.8089,0.00207,0.00197,0.20163467777595265,0.22034732745273988
7.8159,0.00158,0.0015,0.20163794841516572,0.22035043680182778
7.8229,0.00119,0.00114,0.20164042830183806,0.22035280029924018
7.8299,0.00089,0.00085,0.2016422887922348,0.22035458028884086
7.8369,0.00067,0.00063,0.20164368291104137,0.22035590291887988
7.8439,0.00049,0.00047,0.20164471864443376,0.22035688507559498
7.8509,0.00036,0.00035,0.2016454769092158,0.22035761657593755
7.8579,0.00027,0.00025,0.20164603841380052,0.2203581513478821
7.8649,0.00019,0.00018,0.20164644804185122,0.22035853425916394
7.8719,0.00014,0.00013,0.20164674164107638,0.22035881006569583
7.8789,0.0001,9e-05,0.2016469549794173,0.2203590056271584
7.8859,7e-05,7e-05,0.2016471059605246,0.22035914772377677
7.8929,5e-05,5e-05,0.20164721244039302,0.2203592542036452
7.8999,3e-05,3e-05,0.2016472833666586,0.22035932512991077
7.907,2e-05,2e-05,0.2016473282877959,0.22035937005104808
7.914,2e-05,2e-05,0.20164736368379552,0.22035940544704768
7.921,1e-05,1e-05,0.20164739021123285,0.22035943197448501
7.928,1e-05,1e-05,0.20164740787796606,0.22035944964121823
7.935,1e-05,1e-05,0.20164742552910736,0.22035946729235953
7.942,0.0,0.0,0.20164743435078347,0.22035947611403564
7.949,0.0,0.0,0.20164743435078347,0.22035947611403564
7.956,0.0,0.0,0.20164743435078347,0.22035947611403564
7.963,0.0,0.0,0.20164743435078347,0.22035947611403564
7.97,0.0,0.0,0.20164743435078347,0.22035947611403564
7.977,0.0,0.0,0.20164743435078347,0.22035947611403564
7.984,0.0,0.0,0.20164743435078347,0.22035947611403564
7.991,0.0,0.0,0.20164743435078347,0.22035947611403564
7.998,0.0,0.0,0.20164743435078347,0.22035947611403564
8.005,0.0,0.0,0.20164743435078347,0.22035947611403564
8.012,0.0,0.0,0.20164743435078347,0.22035947611403564
8.019,0.0,0.0,0.20164743435078347,0.22035947611403564
8.026,1e-05,0.0,0.2016474430724381,0.22035947611403564
8.033,1e-05,1e-05,0.20164746050814725,0.22035948482809017
8.04,1e-05,1e-05,0.20164747792866944,0.22035950224861237
8.047,2e-05,1e-05,0.20164750403292508,0.22035951965397402
8.054,3e-05,2e-05,0.2016475475047136,0.220359545735535
8.061,4e-05,2e-05,0.2016476083138586,0.22035958048577428
8.068,6e-05,3e-05,0.20164769510651429,0.22035962388210212
8.075,8e-05,5e-05,0.20164781651387065,0.22035969325451094
8.082,0.00012,7e-05,0.2016479897983855,0.22035979722672147
8.089,0.00017,0.0001,0.20164824084641897,0.2203599443925516
8.096,0.00023,0.00014,0.20164858682341916,0.22036015197725528
8.1031,0.00032,0.00019,0.20164906891448336,0.22036044123343063
8.1101,0.00045,0.00027,0.20164973375647816,0.22036083841089366
8.1171,0.00061,0.00037,0.20165064821100404,0.220361390533117
8.1241,0.00083,0.0005,0.20165188941708836,0.22036214042954325
8.1311,0.00113,0.00068,0.20165357738133588,0.22036315665314382
8.1381,0.00152,0.00091,0.20165585761992433,0.2203645247977779
8.1451,0.00202,0.00122,0.2016589010634687,0.22036635601890053
8.1521,0.00268,0.00162,0.2016629383240631,0.22036879555464983
8.1591,0.00354,0.00213,0.20166827667127452,0.2203720140146967
8.1661,0.00462,0.00279,0.2016752740457492,0.22037623301665013
8.1731,0.00601,0.00362,0.2016843816942453,0.22038172502594422
8.1801,0.00776,0.00468,0.20169616957356412,0.22038883028173614
8.1871,0.00994,0.00599,0.20171130881499752,0.2203979565943361
8.1941,0.01266,0.00763,0.2017306226494822,0.22040959617040926
8.2011,0.01601,0.00966,0.20175510298817953,0.22042435951029432
8.2081,0.02012,0.01214,0.201785926888556,0.2204429579333944
8.2151,0.02511,0.01515,0.20182448151486881,0.2204662202761917
8.2221,0.03113,0.01879,0.20187238044236444,0.2204951265609712
8.2291,0.03834,0.02315,0.20193149693392862,0.22053081600208965
8.2361,0.04691,0.02833,0.20200398006243728,0.22057458645730268
8.2431,0.05701,0.03445,0.2020922622726724,0.220627919371741
8.2501,0.06883,0.04161,0.20219907538866885,0.22069247916900342
8.2571,0.08256,0.04994,0.20232746656759723,0.22077012109355154
8.2641,0.09839,0.05955,0.2024807972309148,0.22086289905585663
8.2711,0.11649,0.07056,0.20266272507363473,0.2209730564820092
8.2781,0.13704,0.08307,0.2028771945913959,0.22110301722354803
8.2851,0.16019,0.09718,0.20312841922014455,0.22125536803532558
8.2921,0.18607,0.11298,0.20342083819733434,0.2214328495834285
8.2991,0.21477,0.13055,0.2037590651776195,0.2216383390492516
8.3062,0.24636,0.14992,0.20415338839952102,0.22187817555458794
8.3132,0.28086,0.17114,0.20459750057399517,0.22214862549074205
8.3202,0.31825,0.19421,0.20510174632005684,0.2224561251590573
8.3272,0.35847,0.2191,0.20567083488089838,0.2228036986240109
8.3342,0.40139,0.24578,0.20630930400284,0.22319431191105618
8.3412,0.44685,0.27416,0.20702143654105618,0.22363082284906474
8.3482,0.49464,0.30414,0.20781119421336874,0.22411592269579214
8.3552,0.54449,0.3356,0.2086821264835365,0.2246521115552422
8.3622,0.59611,0.36839,0.20963730493205301,0.2252416571489303
8.3692,0.64916,0.40235,0.21067926629358746,0.22588656211662334
8.3762,0.70329,0.43729,0.21180996406854247,0.22658853146777996
8.3832,0.75813,0.47301,0.2130307454147883,0.22734894015495202
8.3902,0.81328,0.50932,0.21434231144272264,0.22816883416874295
8.3972,0.86837,0.54602,0.21574471934947964,0.22904893164213733
8.4042,0.92301,0.58289,0.21723739291516422,0.2299895989488085
8.4112,0.97684,0.61974,0.21881913292066074,0.2309908601829273
8.4182,1.0295,0.65636,0.2204881441874171,0.23205240663421384
8.4252,1.08067,0.69257,0.22224207079249012,0.23317360618899474
8.4322,1.13004,0.72816,0.22407803946652216,0.2343535044252726
8.4392,1.17732,0.76294,0.22599268620170365,0.23559081736722334
8.4462,1.22224,0.79672,0.22798219104407075,0.23688394916742722
8.4532,1.26456,0.8293,0.23004232102257574,0.23823098485943986
8.4602,1.30402,0.86049,0.23216843981120414,0.23962969140752674
8.4672,1.34039,0.89005,0.2343555173168689,0.24107748569698617
8.4742,1.37344,0.91777,0.2365981557826324,0.24257141913640395
8.4812,1.40291,0.94341,0.23889056624137472,0.244108178885232
8.4882,1.42856,0.96669,0.2412265615396157,0.24568403130818192
8.4952,1.45013,0.98737,0.24359955766408148,0.2472948233355008
8.5023,1.46735,1.00515,0.24603686439087313,0.24895940244862463
8.5093,1.47997,1.01976,0.2484624101529137,0.25062583362705837
8.5163,1.48771,1.03091,0.25090270491324396,0.2523120779105619
8.5233,1.49034,1.03834,0.2533495165702225,0.25401220362693766
8.5303,1.48762,1.04182,0.25579424745725776,0.2557198914411566
8.5373,1.47937,1.04111,0.2582279765320859,0.2574284520461566
8.5443,1.46544,1.03607,0.2606415342106543,0.25913090110238907
8.5513,1.44576,1.02656,0.263025593246211,0.2608200421303293
8.5583,1.42032,1.01255,0.2653707838077116,0.2624885571759539
8.5653,1.38919,0.99405,0.26766780807439733,0.2641291298693041
8.5723,1.35254,0.97115,0.26990758703901907,0.2657345434360835
8.5793,1.31062,0.94402,0.27208140672527825,0.26729781097264976
8.5863,1.26377,0.91291,0.27418105564314493,0.26881230518975047
8.5933,1.21244,0.87814,0.2761989861284003,0.27027187948172526
8.6003,1.15714,0.8401,0.2781284506208546,0.27167098035690623
8.6073,1.09845,0.79923,0.27996360482449517,0.2730047431453892
8.6143,1.03703,0.75602,0.2816996267069962,0.2742690710524982
8.6213,0.97355,0.71101,0.2833327863059833,0.27546071389118143
8.6283,0.90873,0.66474,0.2848604908673041,0.2765773059307176
8.6353,0.8433,0.61776,0.2862813298266323,0.27761737113395873
8.6423,0.77794,0.57062,0.28759503858555413,0.27858032837993213
8.6493,0.71333,0.52384,0.28880245430174867,0.2794664642861725
8.6563,0.65011,0.47791,0.2899054799773758,0.280276881861522
8.6633,0.58884,0.43327,0.29090698402592513,0.2810134332063362
8.6703,0.53002,0.39032,0.2918106840714301,0.2816786443978618
8.6773,0.47408,0.34938,0.2926210392966474,0.2822756164841625
8.6843,0.42135,0.31073,0.29334311097666765,0.2828079268511636
8.6913,0.3721,0.27457,0.29398243160890447,0.28327953101307507
8.6983,0.32649,0.24104,0.29454486654831397,0.2836946486770683
8.7054,0.28461,0.21022,0.2950434883388518,0.2840628503587456
8.7124,0.2465,0.18214,0.29547039389662344,0.2843782288151138
8.7194,0.21209,0.15677,0.29583871239988924,0.28465042579953165
8.7264,0.18128,0.13405,0.2961543960577719,0.2848838119602575
8.7334,0.15393,0.11386,0.29642319033187564,0.2850826031195044
8.7404,0.12985,0.09607,0.29665056249407196,0.2852508046695419
8.7474,0.1088,0.08052,0.2968416224614537,0.28539218023061175
8.7544,0.09056,0.06704,0.2970010999197714,0.2855102204213758
8.7614,0.07488,0.05544,0.29713333756228416,0.28560811975656314
8.7684,0.06151,0.04555,0.2972422683572281,0.28568877758011546
8.7754,0.05019,0.03718,0.2973314088788201,0.28575479902013284
8.7824,0.04069,0.03015,0.2974038765699379,0.28580848794404334
8.7894,0.03278,0.0243,0.2974624149256123,0.28585187181747224
8.7964,0.02624,0.01947,0.29750940264162395,0.28588671851271097
8.8034,0.0209,0.01553,0.29754690249041954,0.2859145609891256
8.8104,0.01657,0.01234,0.29757668619264127,0.2859367139493165
8.8174,0.01309,0.00979,0.29760024326795387,0.28595429040385584
8.8244,0.01035,0.0078,0.297618845410158,0.2859682499257414
8.8314,0.00823,0.00628,0.29763357891462267,0.28597941500848323
8.8384,0.00663,0.00516,0.2976453531795577,0.2859884794142414
8.8454,0.00549,0.00441,0.2976549487610637,0.28599605607634687
8.8524,0.00475,0.00399,0.2976630494357302,0.2860027011025146
8.8594,0.00437,0.00387,0.29767025830905175,0.2860089139482531
8.8664,0.00434,0.00407,0.2976771375576541,0.28601518497193623
8.8734,0.00466,0.00459,0.2976842401321951,0.28602201916094855
8.8804,0.00534,0.00548,0.2976921255577491,0.28602995972066897
8.8874,0.00643,0.00676,0.29770139930090106,0.28603960373774673
8.8944,0.00797,0.00853,0.29771273626025896,0.2860516413423904
8.9015,0.01004,0.01085,0.2977271064417857,0.28606710461764995
8.9085,0.01275,0.01385,0.29774502026196753,0.2860865197521719
8.9155,0.01619,0.01766,0.29776775035334224,0.28611126835629425
8.9225,0.02052,0.02242,0.29779656055014675,0.28614272333642043
8.9295,0.0259,0.02832,0.29783296266565035,0.2861825131482447
8.9365,0.03251,0.03557,0.2978787313809661,0.2862325758578064
8.9435,0.04056,0.04439,0.29793594256859823,0.2862951816648136
8.9505,0.05028,0.05504,0.2980070114722042,0.2863729709733081
8.9575,0.06192,0.0678,0.2980947229163125,0.28646900014656845
8.9645,0.07575,0.08295,0.298202261398047,0.28658675583676124
8.9715,0.09205,0.1008,0.29833323325892463,0.28673017704894405
8.9785,0.11111,0.12166,0.29849168096769146,0.2869036771373093
8.9855,0.1332,0.14585,0.29868207397651664,0.2871121501168019
8.9925,0.1586,0.17366,0.2989092995945609,0.2873609536034436
8.9995,0.18756,0.20538,0.2991786461370425,0.28765588401855346
9.0065,0.2203,0.24123,0.2994957550269259,0.28800312081887824
9.0135,0.25701,0.28143,0.299866573082675,0.2884091709010303
9.0205,0.29779,0.32609,0.3002972584305931,0.28888078222358415
9.0275,0.34271,0.37527,0.3007940867459118,0.28942481892745126
9.0345,0.39173,0.42894,0.30136334239721146,0.2900481524725026
9.0415,0.44471,0.48696,0.30201115576975934,0.29075750671925904
9.0485,0.50143,0.54907,0.3027433644326004,0.2915592803897768
9.0555,0.56155,0.6149,0.3035653593942175,0.2924593702090043
9.0625,0.62461,0.68395,0.30448190103171346,0.29346298701129053
9.0695,0.69003,0.75559,0.3054969357306114,0.2945744571085281
9.0765,0.75713,0.82906,0.3066134286564348,0.29579702442454014
9.0835,0.82511,0.90351,0.30783319718280083,0.2971326842172886
9.0905,0.89309,0.97795,0.3091567603498918,0.2985820097649615
9.0975,0.96011,1.05134,0.31058321970375036,0.30014401046710076
9.1046,1.02516,1.12256,0.31213196836365026,0.3018399131494702
9.1116,1.08717,1.19047,0.3137553744946635,0.3036175648791225
9.1186,1.14512,1.25392,0.31546965920279624,0.305494731556267
9.1256,1.19796,1.31178,0.3172676465629019,0.3074635487413872
9.1326,1.24473,1.36299,0.31914063590417807,0.30951449081875415
9.1396,1.28454,1.40659,0.32107852907972717,0.3116365063313344
9.1466,1.31663,1.44173,0.3230699878496503,0.3138171834277208
9.1536,1.34036,1.46771,0.3251026289336406,0.3160429529183988
9.1606,1.35525,1.48402,0.32716324123645674,0.31829935171067963
9.1676,1.36101,1.49032,0.3292380557162487,0.3205713005320698
9.1746,1.35751,1.48649,0.3313130142404804,0.3228434034713556
9.1816,1.34482,1.4726,0.3333740450230511,0.32510026165443934
9.1886,1.32321,1.44893,0.335407367507676,0.32732677808931276
9.1956,1.29311,1.41597,0.33739976564104096,0.3295084765865907
9.2026,1.25511,1.37436,0.3393388296568371,0.33163177382736125
9.2096,1.20996,1.32492,0.34121319694057833,0.3336842275596372
9.2166,1.15852,1.26859,0.34301275400442416,0.33565476108429443
9.2236,1.10173,1.2064,0.344728776952601,0.33753381855115283
9.2306,1.04061,1.13948,0.3463540486462976,0.3393135044817484
9.2376,0.9762,1.06896,0.34788292995811265,0.3409876545694943
9.2446,0.90957,0.99599,0.34931139286220353,0.342551845578305
9.2516,0.84173,0.92171,0.3506369928748682,0.3440033976489748
9.2586,0.77366,0.84717,0.3518587961845391,0.34534129341372155
9.2656,0.70627,0.77338,0.3529772995194821,0.3465660747061222
9.2726,0.64037,0.70122,0.35399429745135647,0.3476797094931486
9.2796,0.57668,0.63148,0.35491273509548193,0.34868542154079396
9.2866,0.5158,0.56481,0.35573654629668383,0.34958751320695836
9.2936,0.45821,0.50175,0.35647046981150327,0.35039117380937934
9.3007,0.40429,0.4427,0.35712915522288813,0.35111244388299945
9.3077,0.35429,0.38796,0.35769988590498863,0.35173740518706215
9.3147,0.30837,0.33767,0.35819807534157677,0.3522829356281181
9.3217,0.26658,0.29191,0.3586300000099386,0.35275590046433714
9.3287,0.22889,0.25063,0.3590019372886173,0.35316317204988174
9.3357,0.19519,0.21373,0.3593200454400511,0.35351149477458677
9.3427,0.16532,0.18103,0.3595902665204368,0.35380738801723016
9.3497,0.13907,0.15229,0.35981825213065355,0.35405704195849613
9.3567,0.1162,0.12724,0.3600093044075704,0.35426625120138455
9.3637,0.09643,0.10559,0.3601683247228849,0.35444037855934835
9.3707,0.07948,0.08703,0.3602997849783297,0.35458432645542226
9.3777,0.06506,0.07124,0.3604077214239498,0.3547025158926545
9.3847,0.0529,0.05793,0.3604957434117627,0.3547989028033206
9.3917,0.04272,0.04678,0.36056704213349433,0.35487697945268615
9.3987,0.03426,0.03752,0.36062439930907875,0.3549397906998479
9.4057,0.02729,0.02989,0.3606702256286577,0.3549899800116515
9.4127,0.0216,0.02365,0.36070659905712915,0.3550298129729858
9.4197,0.01697,0.01858,0.3607352732658434,0.3550612081464603
9.4267,0.01325,0.01451,0.3607577231449777,0.35508579009461144
9.4337,0.01027,0.01125,0.36077518277094833,0.35510491254105353
9.4407,0.00791,0.00866,0.36078866835399437,0.35511968140714656
9.4477,0.00605,0.00662,0.36079901595766706,0.35513100743866094
9.4547,0.0046,0.00503,0.3608069042437055,0.3551396364098903
9.4617,0.00347,0.0038,0.3608128771492082,0.3551461718177469
9.4687,0.00261,0.00285,0.36081737385628976,0.3551510900936812
9.4757,0.00195,0.00213,0.36082074389825036,0.35515477053402783
9.4827,0.00145,0.00158,0.3608232547953248,0.35515751036703846
9.4897,0.00108,0.00118,0.36082512181879145,0.35515954711892117
9.4967,0.0008,0.00088,0.36082650815052486,0.355161066182693
9.5038,0.00061,0.00066,0.3608275619654755,0.35516221716137314
9.5108,0.00047,0.00052,0.3608283571819723,0.35516308600551344
9.5178,0.00039,0.00042,0.36082898993549284,0.3551637776232255
9.5248,0.00034,0.00037,0.3608295266404963,0.35516435843985833
9.5318,0.00034,0.00036,0.360830026205019,0.35516489473976515
9.5388,0.00036,0.00039,0.3608305400797028,0.3551654453174738
9.5458,0.00042,0.00045,0.3608311122527306,0.3551660615050533
9.5528,0.00051,0.00055,0.3608317939540038,0.3551667945163083
9.5598,0.00065,0.00069,0.36083264361780293,0.3551677027802011
9.5668,0.00083,0.00089,0.3608337268777916,0.3551688592313326
9.5738,0.00106,0.00114,0.3608351092182583,0.3551703439665969
9.5808,0.00137,0.00147,0.3608368852103699,0.3551722515144712
9.5878,0.00175,0.00189,0.36083916383599013,0.355174705416113
9.5948,0.00223,0.00241,0.36084206842427313,0.3551778435387576
9.6018,0.00283,0.00306,0.36084575850201484,0.3551818326145255
9.6088,0.00356,0.00385,0.36085041511283866,0.3551868681669173
9.6158,0.00446,0.00483,0.3608562553085782,0.355193188975695
9.6228,0.00554,0.00601,0.36086353206037375,0.3552010769721843
9.6298,0.00684,0.00744,0.3608725341383073,0.3552108570925771
9.6368,0.00839,0.00915,0.3608836005508572,0.3552229117017299
9.6438,0.01023,0.01117,0.36089712039370203,0.35523766589870415
9.6508,0.01238,0.01356,0.36091352545633654,0.3552556091525897
9.6578,0.01489,0.01635,0.3609332973357465,0.3552772951316096
9.6648,0.01778,0.01959,0.3609569673078298,0.3553033342585108
9.6718,0.02111,0.02332,0.36098512340531047,0.3553344007942346
9.6788,0.02488,0.02759,0.3610183958098512,0.3553712326479289
9.6858,0.02915,0.03245,0.36105745669875694,0.35541463842519455
9.6928,0.03392,0.03792,0.36110302015497797,0.3554654755582213
9.6998,0.03922,0.04404,0.36115582036485183,0.3555246429324898
9.7069,0.04506,0.05085,0.3612174869965163,0.3555940727068269
9.7139,0.05144,0.05836,0.3612870499383706,0.355672797697669
9.7209,0.05834,0.06657,0.3613661289824626,0.35576278981634063
9.7279,0.06576,0.0755,0.36145545906126625,0.35586505500805066
9.7349,0.07365,0.08513,0.3615557375681803,0.3559805970575741
9.7419,0.08198,0.09544,0.3616676028832206,0.3561103888329404
9.7489,0.09069,0.10639,0.36179162737261067,0.35625535801366714
9.7559,0.0997,0.11794,0.36192828168710867,0.3564163728598913
9.7629,0.10895,0.13002,0.3620779350435284,0.3565942208728429
9.7699,0.11833,0.14256,0.3622408340312463,0.35678958751635464
9.7769,0.12776,0.15546,0.36241708861836586,0.35700303502998976
9.7839,0.13712,0.16865,0.36260666540362535,0.3572350027664278
9.7909,0.14631,0.18199,0.36280937370707006,0.3574857789604058
9.7979,0.15521,0.19538,0.36302486602990736,0.35775547969176036
9.8049,0.16372,0.2087,0.36325263849228145,0.35804406367623554
9.8119,0.17172,0.22181,0.363492031289895,0.35835130416773164
9.8189,0.17911,0.23457,0.3637422291286222,0.3586767752189624
9.8259,0.18579,0.24687,0.36400227592598355,0.35901987362139165
9.8329,0.19167,0.25855,0.36427108233115285,0.3593798051875001
9.8399,0.19669,0.2695,0.3645474545649608,0.35975558526906337
9.8469,0.20078,0.27957,0.3648301089498118,0.3601460464330841
9.8539,0.20389,0.28866,0.36511767926395183,0.3605498460649204
9.8609,0.20599,0.29665,0.36540874538100965,0.3609654881873709
9.8679,0.20706,0.30344,0.36570185471421374,0.36139132388590717
9.8749,0.2071,0.30893,0.36599554357953973,0.36182556592990794
9.8819,0.20612,0.31306,0.3662883584881959,0.3622663174993434
9.8889,0.20415,0.31576,0.36657887735869826,0.36271159375119966
9.8959,0.20123,0.31698,0.3668657306589117,0.3631593291372465
9.903,0.1974,0.3167,0.36715163372580295,0.36361381189047914
9.91,0.19274,0.31492,0.367427310490114,0.3640601193607307
9.917,0.18729,0.31164,0.3676956540418965,0.36450253915725167
9.924,0.18116,0.30689,0.36795563745602744,0.36493898109764633
9.931,0.1744,0.30072,0.3682063488125941,0.3653674158249755
9.938,0.16711,0.29321,0.36844698379925467,0.3657859098646199
9.945,0.15938,0.28444,0.3686768735878393,0.3661926464852626
9.952,0.1513,0.27452,0.36889547741431095,0.36658594647160225
9.959,0.14295,0.26357,0.36910237518976424,0.3669642958677115
9.966,0.13442,0.25172,0.3692972671563194,0.36732635956527526
9.973,0.12579,0.23912,0.36947997355410117,0.3676710018630756
9.98,0.11715,0.22592,0.3696504342795227,0.36799729994525215
9.987,0.10857,0.21227,0.36980870154550555,0.3683045432842381
9.994,0.10012,0.19834,0.36995492554845644,0.3685922470541921
10.001,0.09187,0.18427,0.37008935419384487,0.36886014450939353
10.008,0.08387,0.17023,0.37021231883393163,0.36910818635918535
10.015,0.07617,0.15634,0.3703242200455634,0.36933652619545415
10.022,0.06881,0.14275,0.370425520452068,0.36954550593189617
10.029,0.06184,0.12957,0.3705167445450839,0.3697356483129444
10.036,0.05528,0.1169,0.3705984645669845,0.36990762151512996
10.043,0.04914,0.10483,0.37067127248298154,0.37006222479654793
10.05,0.04344,0.09344,0.3707357799212953,0.370200374196318
10.057,0.03819,0.08278,0.37079261812324565,0.37032307436317785
10.064,0.03338,0.07287,0.37084241701736315,0.370431376561415
10.071,0.02902,0.06376,0.37088580521335757,0.3705263785266944
10.078,0.02507,0.05543,0.3709233891779847,0.3706091965681141
10.085,0.02154,0.04789,0.37095575327240615,0.3706809377188193
10.092,0.01839,0.04111,0.37098345983764797,0.37074269284002354
10.099,0.01561,0.03506,0.3710070353688428,0.3707955089210866
10.1061,0.01317,0.02971,0.3710272623524087,0.3708410301414299
10.1131,0.01104,0.02502,0.3710440261395257,0.3708789269337708
10.1201,0.0092,0.02093,0.3710580312868085,0.3709107221953713
10.1271,0.00762,0.01739,0.3710696619160127,0.37093721954801
10.1341,0.00627,0.01436,0.37107925989406604,0.37095915875736857
10.1411,0.00513,0.01178,0.37108713185237985,0.3709772090115722
10.1481,0.00417,0.0096,0.3710935492888706,0.3709919622086115
10.1551,0.00337,0.00777,0.3710987486601032,0.3710039400673726
10.1621,0.0027,0.00625,0.3711029314826295,0.3710136012094108
10.1691,0.00215,0.00499,0.37110627130807744,0.37102134133749365
10.1761,0.0017,0.00396,0.3711089206884703,0.3710275002829058
10.1831,0.00134,0.00312,0.3711110112292533,0.37103236904273423
10.1901,0.00105,0.00245,0.37111265365159835,0.37103619677878297
10.1971,0.00081,0.0019,0.37111393098035045,0.37103918407723474
10.2041,0.00063,0.00147,0.3711149192000154,0.37104149678781645
10.2111,0.00048,0.00113,0.3711156804329143,0.37104327985319896
10.2181,0.00037,0.00086,0.3711162629583717,0.37104464365102147
10.2251,0.00028,0.00065,0.37111670811531905,0.37104567778506947
10.2321,0.00021,0.00049,0.37111704346600916,0.37104645798804675
10.2391,0.00016,0.00037,0.3711172965161462,0.3710470461595205
10.2461,0.00012,0.00027,0.37111748788317295,0.37104748357186895
10.2531,8e-05,0.0002,0.3711176244832136,0.3710478045763674
10.2601,6e-05,0.00015,0.371117720036115,0.3710480434586208
10.2671,5e-05,0.00011,0.3711177950608588,0.3710482207936392
10.2741,3e-05,8e-05,0.3711178495900756,0.37104835029646455
10.2811,2e-05,6e-05,0.37111788364704207,0.37104844565411516
10.2881,2e-05,4e-05,0.37111791087221685,0.3710485137216846
10.2951,1e-05,3e-05,0.3711179312795228,0.37104856133564773
10.3022,1e-05,2e-05,0.37111794506773943,0.37104859580856564
10.3092,1e-05,1e-05,0.3711179586524562,0.37104861618794766
10.3162,0.0,1e-05,0.37111796544250786,0.3710486297634435
10.3232,0.0,1e-05,0.37111796544250786,0.3710486433297309
10.3302,0.0,0.0,0.37111796544250786,0.3710486501105741
10.3372,0.0,0.0,0.37111796544250786,0.3710486501105741
10.3442,0.0,0.0,0.37111796544250786,0.3710486501105741
10.3512,0.0,0.0,0.37111796544250786,0.3710486501105741
10.3582,0.0,0.0,0.37111796544250786,0.3710486501105741
10.3652,0.0,0.0,0.37111796544250786,0.3710486501105741
10.3722,0.0,0.0,0.37111796544250786,0.3710486501105741
10.3792,0.0,0.0,0.37111796544250786,0.3710486501105741
10.3862,0.0,0.0,0.37111796544250786,0.3710486501105741
10.3932,0.0,0.0,0.37111796544250786,0.3710486501105741
10.4002,0.0,0.0,0.37111796544250786,0.3710486501105741
10.4072,0.0,0.0,0.37111796544250786,0.3710486501105741
10.4142,0.0,0.0,0.37111796544250786,0.3710486501105741
10.4212,0.0,0.0,0.37111796544250786,0.3710486501105741
10.4282,0.0,0.0,0.37111796544250786,0.3710486501105741
10.4352,0.0,0.0,0.37111796544250786,0.3710486501105741
10.4422,0.0,0.0,0.37111796544250786,0.3710486501105741
10.4492,0.0,0.0,0.37111796544250786,0.3710486501105741
10.4562,0.0,0.0,0.37111796544250786,0.3710486501105741
10.4632,0.0,0.0,0.37111796544250786,0.3710486501105741
10.4702,0.0,0.0,0.37111796544250786,0.3710486501105741
10.4772,0.0,0.0,0.37111796544250786,0.3710486501105741
10.4842,0.0,0.0,0.37111796544250786,0.3710486501105741
10.4912,0.0,0.0,0.37111796544250786,0.3710486501105741
10.4982,0.0,0.0,0.37111796544250786,0.3710486501105741
10.5053,0.0,0.0,0.37111796544250786,0.3710486501105741
10.5123,0.0,0.0,0.37111796544250786,0.3710486501105741
10.5193,0.0,0.0,0.37111796544250786,0.3710486501105741
10.5263,0.0,0.0,0.37111796544250786,0.3710486501105741
10.5333,0.0,0.0,0.37111796544250786,0.3710486501105741
10.5403,0.0,0.0,0.37111796544250786,0.3710486501105741
10.5473,0.0,0.0,0.37111796544250786,0.3710486501105741
10.5543,0.0,0.0,0.37111796544250786,0.3710486501105741
10.5613,0.0,0.0,0.37111796544250786,0.3710486501105741
10.5683,0.0,0.0,0.37111796544250786,0.3710486501105741
10.5753,0.0,0.0,0.37111796544250786,0.3710486501105741
10.5823,0.0,0.0,0.37111796544250786,0.3710486501105741
10.5893,0.0,0.0,0.37111796544250786,0.3710486501105741
10.5963,0.0,0.0,0.37111796544250786,0.3710486501105741
10.6033,0.0,0.0,0.37111796544250786,0.3710486501105741
10.6103,0.0,0.0,0.37111796544250786,0.3710486501105741
10.6173,0.0,0.0,0.37111796544250786,0.3710486501105741
10.6243,0.0,0.0,0.37111796544250786,0.3710486501105741
10.6313,0.0,0.0,0.37111796544250786,0.3710486501105741
10.6383,0.0,0.0,0.37111796544250786,0.3710486501105741
10.6453,0.0,0.0,0.37111796544250786,0.3710486501105741
10.6523,0.0,0.0,0.37111796544250786,0.3710486501105741
10.6593,0.0,0.0,0.37111796544250786,0.3710486501105741
10.6663,0.0,0.0,0.37111796544250786,0.3710486501105741
10.6733,0.0,0.0,0.37111796544250786,0.3710486501105741
10.6803,0.0,0.0,0.37111796544250786,0.3710486501105741
10.6873,0.0,0.0,0.37111796544250786,0.3710486501105741
10.6943,0.0,0.0,0.37111796544250786,0.3710486501105741
10.7014,0.0,0.0,0.37111796544250786,0.3710486501105741
10.7084,0.0,0.0,0.37111796544250786,0.3710486501105741
10.7154,0.0,0.0,0.37111796544250786,0.3710486501105741
10.7224,0.0,0.0,0.37111796544250786,0.3710486501105741
10.7294,0.0,0.0,0.37111796544250786,0.3710486501105741
10.7364,0.0,0.0,0.37111796544250786,0.3710486501105741
10.7434,0.0,0.0,0.37111796544250786,0.3710486501105741
10.7504,0.0,0.0,0.37111796544250786,0.3710486501105741
10.7574,0.0,0.0,0.37111796544250786,0.3710486501105741
10.7644,0.0,0.0,0.37111796544250786,0.3710486501105741
10.7714,0.0,0.0,0.37111796544250786,0.3710486501105741
10.7784,0.0,0.0,0.37111796544250786,0.3710486501105741
10.7854,0.0,0.0,0.37111796544250786,0.3710486501105741
10.7924,0.0,0.0,0.37111796544250786,0.3710486501105741
10.7994,0.0,0.0,0.37111796544250786,0.3710486501105741
10.8064,0.0,0.0,0.37111796544250786,0.3710486501105741
10.8134,0.0,0.0,0.37111796544250786,0.3710486501105741
10.8204,0.0,0.0,0.37111796544250786,0.3710486501105741
10.8274,0.0,0.0,0.37111796544250786,0.3710486501105741
10.8344,0.0,0.0,0.37111796544250786,0.3710486501105741
10.8414,0.0,0.0,0.37111796544250786,0.3710486501105741
10.8484,0.0,0.0,0.37111796544250786,0.3710486501105741
10.8554,0.0,0.0,0.37111796544250786,0.3710486501105741
10.8624,0.0,0.0,0.37111796544250786,0.3710486501105741
10.8694,0.0,0.0,0.37111796544250786,0.3710486501105741
10.8764,0.0,0.0,0.37111796544250786,0.3710486501105741
10.8834,0.0,0.0,0.37111796544250786,0.3710486501105741
10.8904,0.0,0.0,0.37111796544250786,0.3710486501105741
10.8974,0.0,0.0,0.37111796544250786,0.3710486501105741
10.9045,0.0,0.0,0.37111796544250786,0.3710486501105741
10.9115,0.0,0.0,0.37111796544250786,0.3710486501105741
10.9185,0.0,0.0,0.37111796544250786,0.3710486501105741
10.9255,0.0,0.0,0.37111796544250786,0.3710486501105741
10.9325,0.0,0.0,0.37111796544250786,0.3710486501105741
10.9395,0.0,0.0,0.37111796544250786,0.3710486501105741
10.9465,0.0,0.0,0.37111796544250786,0.3710486501105741
10.9535,0.0,0.0,0.37111796544250786,0.3710486501105741
10.9605,0.0,0.0,0.37111796544250786,0.3710486501105741
10.9675,0.0,0.0,0.37111796544250786,0.3710486501105741
10.9745,0.0,0.0,0.37111796544250786,0.3710486501105741
10.9815,0.0,0.0,0.37111796544250786,0.3710486501105741
10.9885,0.0,0.0,0.37111796544250786,0.3710486501105741
10.9955,0.0,0.0,0.37111796544250786,0.3710486501105741
11.0025,0.0,0.0,0.37111796544250786,0.3710486501105741
11.0095,0.0,0.0,0.37111796544250786,0.3710486501105741
11.0165,0.0,0.0,0.37111796544250786,0.3710486501105741
11.0235,0.0,0.0,0.37111796544250786,0.3710486501105741
11.0305,0.0,0.0,0.37111796544250786,0.3710486501105741
11.0375,0.0,0.0,0.37111796544250786,0.3710486501105741
11.0445,0.0,0.0,0.37111796544250786,0.3710486501105741
11.0515,0.0,0.0,0.37111796544250786,0.3710486501105741
11.0585,0.0,0.0,0.37111796544250786,0.3710486501105741
11.0655,0.0,0.0,0.37111796544250786,0.3710486501105741
11.0725,0.0,0.0,0.37111796544250786,0.3710486501105741
11.0795,0.0,0.0,0.37111796544250786,0.3710486501105741
11.0865,0.0,0.0,0.37111796544250786,0.3710486501105741
11.0935,0.0,0.0,0.37111796544250786,0.3710486501105741
11.1006,0.0,0.0,0.37111796544250786,0.3710486501105741
11.1076,0.0,0.0,0.37111796544250786,0.3710486501105741
11.1146,0.0,0.0,0.37111796544250786,0.3710486501105741
11.1216,0.0,0.0,0.37111796544250786,0.3710486501105741
11.1286,0.0,0.0,0.37111796544250786,0.3710486501105741
11.1356,0.0,0.0,0.37111796544250786,0.3710486501105741
11.1426,0.0,0.0,0.37111796544250786,0.3710486501105741
11.1496,0.0,0.0,0.37111796544250786,0.3710486501105741
11.1566,0.0,0.0,0.37111796544250786,0.3710486501105741
11.1636,0.0,0.0,0.37111796544250786,0.3710486501105741
11.1706,0.0,0.0,0.37111796544250786,0.3710486501105741
11.1776,0.0,0.0,0.37111796544250786,0.3710486501105741
11.1846,0.0,0.0,0.37111796544250786,0.3710486501105741
11.1916,0.0,0.0,0.37111796544250786,0.3710486501105741
11.1986,0.0,0.0,0.37111796544250786,0.3710486501105741
11.2056,0.0,0.0,0.37111796544250786,0.3710486501105741
11.2126,0.0,0.0,0.37111796544250786,0.3710486501105741
11.2196,0.0,0.0,0.37111796544250786,0.3710486501105741
11.2266,0.0,0.0,0.37111796544250786,0.3710486501105741
11.2336,0.0,0.0,0.37111796544250786,0.3710486501105741
11.2406,0.0,0.0,0.37111796544250786,0.3710486501105741
11.2476,0.0,0.0,0.37111796544250786,0.3710486501105741
11.2546,0.0,0.0,0.37111796544250786,0.3710486501105741
11.2616,0.0,0.0,0.37111796544250786,0.3710486501105741
11.2686,0.0,0.0,0.37111796544250786,0.3710486501105741
11.2756,0.0,0.0,0.37111796544250786,0.3710486501105741
11.2826,0.0,0.0,0.37111796544250786,0.3710486501105741
11.2896,0.0,0.0,0.37111796544250786,0.3710486501105741
11.2966,0.0,0.0,0.37111796544250786,0.3710486501105741
11.3037,0.0,0.0,0.37111796544250786,0.3710486501105741
11.3107,0.0,0.0,0.37111796544250786,0.3710486501105741
11.3177,0.0,0.0,0.37111796544250786,0.3710486501105741
11.3247,0.0,0.0,0.37111796544250786,0.3710486501105741
11.3317,0.0,0.0,0.37111796544250786,0.3710486501105741
11.3387,0.0,0.0,0.37111796544250786,0.3710486501105741
11.3457,0.0,0.0,0.37111796544250786,0.3710486501105741
11.3527,0.0,0.0,0.37111796544250786,0.3710486501105741
11.3597,0.0,0.0,0.37111796544250786,0.3710486501105741
11.3667,0.0,0.0,0.37111796544250786,0.3710486501105741
11.3737,0.0,0.0,0.37111796544250786,0.3710486501105741
11.3807,0.0,0.0,0.37111796544250786,0.3710486501105741
11.3877,0.0,0.0,0.37111796544250786,0.3710486501105741
11.3947,0.0,0.0,0.37111796544250786,0.3710486501105741
11.4017,0.0,0.0,0.37111796544250786,0.3710486501105741
11.4087,0.0,0.0,0.37111796544250786,0.3710486501105741
11.4157,0.0,0.0,0.37111796544250786,0.3710486501105741
11.4227,0.0,0.0,0.37111796544250786,0.3710486501105741
11.4297,0.0,0.0,0.37111796544250786,0.3710486501105741
11.4367,0.0,0.0,0.37111796544250786,0.3710486501105741
11.4437,0.0,0.0,0.37111796544250786,0.3710486501105741
11.4507,0.0,0.0,0.37111796544250786,0.3710486501105741
11.4577,0.0,0.0,0.37111796544250786,0.3710486501105741
11.4647,0.0,0.0,0.37111796544250786,0.3710486501105741
11.4717,0.0,0.0,0.37111796544250786,0.3710486501105741
11.4787,0.0,0.0,0.37111796544250786,0.3710486501105741
11.4857,0.0,0.0,0.37111796544250786,0.3710486501105741
11.4927,0.0,0.0,0.37111796544250786,0.3710486501105741
11.4997,0.0,0.0,0.37111796544250786,0.3710486501105741
11.5068,0.0,0.0,0.37111796544250786,0.3710486501105741
11.5138,0.0,0.0,0.37111796544250786,0.3710486501105741
11.5208,0.0,0.0,0.37111796544250786,0.3710486501105741
11.5278,0.0,0.0,0.37111796544250786,0.3710486501105741
11.5348,0.0,0.0,0.37111796544250786,0.3710486501105741
11.5418,0.0,0.0,0.37111796544250786,0.3710486501105741
11.5488,0.0,0.0,0.37111796544250786,0.3710486501105741
11.5558,0.0,0.0,0.37111796544250786,0.3710486501105741
11.5628,0.0,0.0,0.37111796544250786,0.3710486501105741
11.5698,0.0,0.0,0.37111796544250786,0.3710486501105741
11.5768,0.0,0.0,0.37111796544250786,0.3710486501105741
11.5838,0.0,0.0,0.37111796544250786,0.3710486501105741
11.5908,0.0,0.0,0.37111796544250786,0.3710486501105741
11.5978,0.0,0.0,0.37111796544250786,0.3710486501105741
11.6048,0.0,0.0,0.37111796544250786,0.3710486501105741
11.6118,0.0,0.0,0.37111796544250786,0.3710486501105741
11.6188,0.0,0.0,0.37111796544250786,0.3710486501105741
11.6258,0.0,0.0,0.37111796544250786,0.3710486501105741
11.6328,0.0,0.0,0.37111796544250786,0.3710486501105741
11.6398,0.0,0.0,0.37111796544250786,0.3710486501105741
11.6468,0.0,0.0,0.37111796544250786,0.3710486501105741
11.6538,0.0,0.0,0.37111796544250786,0.3710486501105741
11.6608,0.0,0.0,0.37111796544250786,0.3710486501105741
11.6678,0.0,0.0,0.37111796544250786,0.3710486501105741
11.6748,0.0,0.0,0.37111796544250786,0.3710486501105741
11.6818,0.0,0.0,0.37111796544250786,0.3710486501105741
11.6888,0.0,0.0,0.37111796544250786,0.3710486501105741
11.6958,0.0,0.0,0.37111796544250786,0.3710486501105741
11.7029,0.0,0.0,0.37111796544250786,0.3710486501105741
11.7099,0.0,0.0,0.37111796544250786,0.3710486501105741
11.7169,0.0,0.0,0.37111796544250786,0.3710486501105741
11.7239,0.0,0.0,0.37111796544250786,0.3710486501105741
11.7309,0.0,0.0,0.37111796544250786,0.3710486501105741
11.7379,0.0,0.0,0.37111796544250786,0.3710486501105741
11.7449,0.0,0.0,0.37111796544250786,0.3710486501105741
11.7519,0.0,0.0,0.37111796544250786,0.3710486501105741
11.7589,0.0,0.0,0.37111796544250786,0.3710486501105741
11.7659,0.0,0.0,0.37111796544250786,0.3710486501105741
11.7729,0.0,0.0,0.37111796544250786,0.3710486501105741
11.7799,0.0,0.0,0.37111796544250786,0.3710486501105741
11.7869,0.0,0.0,0.37111796544250786,0.3710486501105741
11.7939,0.0,0.0,0.37111796544250786,0.3710486501105741
11.8009,0.0,0.0,0.37111796544250786,0.3710486501105741
11.8079,0.0,0.0,0.37111796544250786,0.3710486501105741
11.8149,0.0,0.0,0.37111796544250786,0.3710486501105741
11.8219,0.0,0.0,0.37111796544250786,0.3710486501105741
11.8289,0.0,0.0,0.37111796544250786,0.3710486501105741
11.8359,0.0,0.0,0.37111796544250786,0.3710486501105741
11.8429,0.0,0.0,0.37111796544250786,0.3710486501105741
11.8499,0.0,0.0,0.37111796544250786,0.3710486501105741
11.8569,0.0,0.0,0.37111796544250786,0.3710486501105741
11.8639,0.0,0.0,0.37111796544250786,0.3710486501105741
11.8709,0.0,0.0,0.37111796544250786,0.3710486501105741
11.8779,0.0,0.0,0.37111796544250786,0.3710486501105741
11.8849,0.0,0.0,0.37111796544250786,0.3710486501105741
11.8919,0.0,0.0,0.37111796544250786,0.3710486501105741
11.8989,0.0,0.0,0.37111796544250786,0.3710486501105741
11.906,0.0,0.0,0.37111796544250786,0.3710486501105741
11.913,0.0,0.0,0.37111796544250786,0.3710486501105741
11.92,0.0,0.0,0.37111796544250786,0.3710486501105741
11.927,0.0,0.0,0.37111796544250786,0.3710486501105741
11.934,0.0,0.0,0.37111796544250786,0.3710486501105741
11.941,0.0,0.0,0.37111796544250786,0.3710486501105741
11.948,0.0,0.0,0.37111796544250786,0.3710486501105741
11.955,0.0,0.0,0.37111796544250786,0.3710486501105741
11.962,0.0,0.0,0.37111796544250786,0.3710486501105741
11.969,0.0,0.0,0.37111796544250786,0.3710486501105741
11.976,0.0,0.0,0.37111796544250786,0.3710486501105741
11.983,0.0,0.0,0.37111796544250786,0.3710486501105741
11.99,0.0,0.0,0.37111796544250786,0.3710486501105741
11.997,0.0,0.0,0.37111796544250786,0.3710486501105741
12.004,0.0,0.0,0.37111796544250786,0.3710486501105741
12.011,0.0,0.0,0.37111796544250786,0.3710486501105741
12.018,0.0,0.0,0.37111796544250786,0.3710486501105741
12.025,0.0,0.0,0.37111796544250786,0.3710486501105741
12.032,0.0,0.0,0.37111796544250786,0.3710486501105741
12.039,0.0,0.0,0.37111796544250786,0.3710486501105741
12.046,0.0,0.0,0.37111796544250786,0.3710486501105741
12.053,0.0,0.0,0.37111796544250786,0.3710486501105741
12.06,0.0,0.0,0.37111796544250786,0.3710486501105741
12.067,0.0,0.0,0.37111796544250786,0.3710486501105741
12.074,0.0,0.0,0.37111796544250786,0.3710486501105741
12.081,0.0,0.0,0.37111796544250786,0.3710486501105741
12.088,0.0,0.0,0.37111796544250786,0.3710486501105741
12.095,0.0,0.0,0.37111796544250786,0.3710486501105741
12.1021,0.0,0.0,0.37111796544250786,0.3710486501105741
12.1091,0.0,0.0,0.37111796544250786,0.3710486501105741
12.1161,0.0,0.0,0.37111796544250786,0.3710486501105741
12.1231,0.0,0.0,0.37111796544250786,0.3710486501105741
12.1301,0.0,0.0,0.37111796544250786,0.3710486501105741
12.1371,0.0,0.0,0.37111796544250786,0.3710486501105741
12.1441,0.0,0.0,0.37111796544250786,0.3710486501105741
12.1511,0.0,0.0,0.37111796544250786,0.3710486501105741
12.1581,0.0,0.0,0.37111796544250786,0.3710486501105741
12.1651,0.0,0.0,0.37111796544250786,0.3710486501105741
12.1721,0.0,0.0,0.37111796544250786,0.3710486501105741
12.1791,0.0,0.0,0.37111796544250786,0.3710486501105741
12.1861,0.0,0.0,0.37111796544250786,0.3710486501105741
12.1931,0.0,0.0,0.37111796544250786,0.3710486501105741
12.2001,0.0,0.0,0.37111796544250786,0.3710486501105741
12.2071,0.0,0.0,0.37111796544250786,0.3710486501105741
12.2141,0.0,0.0,0.37111796544250786,0.3710486501105741
12.2211,0.0,0.0,0.37111796544250786,0.3710486501105741
12.2281,0.0,0.0,0.37111796544250786,0.3710486501105741
12.2351,0.0,0.0,0.37111796544250786,0.3710486501105741
12.2421,0.0,0.0,0.37111796544250786,0.3710486501105741
12.2491,0.0,0.0,0.37111796544250786,0.3710486501105741
12.2561,0.0,0.0,0.37111796544250786,0.3710486501105741
12.2631,0.0,0.0,0.37111796544250786,0.3710486501105741
12.2701,0.0,0.0,0.37111796544250786,0.3710486501105741
12.2771,0.0,0.0,0.37111796544250786,0.3710486501105741
12.2841,0.0,0.0,0.37111796544250786,0.3710486501105741
12.2911,0.0,0.0,0.37111796544250786,0.3710486501105741
12.2981,0.0,0.0,0.37111796544250786,0.3710486501105741
12.3052,0.0,0.0,0.37111796544250786,0.3710486501105741
12.3122,0.0,0.0,0.37111796544250786,0.3710486501105741
12.3192,0.0,0.0,0.37111796544250786,0.3710486501105741
12.3262,0.0,0.0,0.37111796544250786,0.3710486501105741
12.3332,0.0,0.0,0.37111796544250786,0.3710486501105741
12.3402,0.0,0.0,0.37111796544250786,0.3710486501105741
12.3472,0.0,0.0,0.37111796544250786,0.3710486501105741
12.3542,0.0,0.0,0.37111796544250786,0.3710486501105741
12.3612,0.0,0.0,0.37111796544250786,0.3710486501105741
12.3682,0.0,0.0,0.37111796544250786,0.3710486501105741
12.3752,0.0,0.0,0.37111796544250786,0.3710486501105741
12.3822,0.0,0.0,0.37111796544250786,0.3710486501105741
12.3892,0.0,0.0,0.37111796544250786,0.3710486501105741
12.3962,0.0,0.0,0.37111796544250786,0.3710486501105741
12.4032,0.0,0.0,0.37111796544250786,0.3710486501105741
12.4102,0.0,0.0,0.37111796544250786,0.3710486501105741
12.4172,0.0,0.0,0.37111796544250786,0.3710486501105741
12.4242,0.0,0.0,0.37111796544250786,0.3710486501105741
12.4312,0.0,0.0,0.37111796544250786,0.3710486501105741
12.4382,0.0,0.0,0.37111796544250786,0.3710486501105741
12.4452,0.0,0.0,0.37111796544250786,0.3710486501105741
12.4522,0.0,0.0,0.37111796544250786,0.3710486501105741
12.4592,0.0,0.0,0.37111796544250786,0.3710486501105741
12.4662,0.0,0.0,0.37111796544250786,0.3710486501105741
12.4732,0.0,0.0,0.37111796544250786,0.3710486501105741
12.4802,0.0,0.0,0.37111796544250786,0.3710486501105741
12.4872,0.0,0.0,0.37111796544250786,0.3710486501105741
12.4942,0.0,0.0,0.37111796544250786,0.3710486501105741
12.5013,0.0,0.0,0.37111796544250786,0.3710486501105741
12.5083,0.0,0.0,0.37111796544250786,0.3710486501105741
12.5153,0.0,0.0,0.37111796544250786,0.3710486501105741
12.5223,0.0,0.0,0.37111796544250786,0.3710486501105741
12.5293,0.0,0.0,0.37111796544250786,0.3710486501105741
12.5363,0.0,0.0,0.37111796544250786,0.3710486501105741
12.5433,0.0,0.0,0.37111796544250786,0.3710486501105741
12.5503,0.0,0.0,0.37111796544250786,0.3710486501105741
12.5573,0.0,0.0,0.37111796544250786,0.3710486501105741
12.5643,0.0,0.0,0.37111796544250786,0.3710486501105741
12.5713,0.0,0.0,0.37111796544250786,0.3710486501105741
12.5783,0.0,0.0,0.37111796544250786,0.3710486501105741
12.5853,0.0,0.0,0.37111796544250786,0.3710486501105741
12.5923,0.0,0.0,0.37111796544250786,0.3710486501105741
12.5993,0.0,0.0,0.37111796544250786,0.3710486501105741
12.6063,0.0,0.0,0.37111796544250786,0.3710486501105741
12.6133,0.0,0.0,0.37111796544250786,0.3710486501105741
12.6203,0.0,0.0,0.37111796544250786,0.3710486501105741
12.6273,0.0,0.0,0.37111796544250786,0.3710486501105741
12.6343,0.0,0.0,0.37111796544250786,0.3710486501105741
12.6413,0.0,0.0,0.37111796544250786,0.3710486501105741
12.6483,0.0,0.0,0.37111796544250786,0.3710486501105741
12.6553,0.0,0.0,0.37111796544250786,0.3710486501105741
12.6623,0.0,0.0,0.37111796544250786,0.3710486501105741
12.6693,0.0,0.0,0.37111796544250786,0.3710486501105741
12.6763,0.0,0.0,0.37111796544250786,0.3710486501105741
12.6833,0.0,0.0,0.37111796544250786,0.3710486501105741
12.6903,0.0,0.0,0.37111796544250786,0.3710486501105741
12.6973,0.0,0.0,0.37111796544250786,0.3710486501105741
12.7044,0.0,0.0,0.37111796544250786,0.3710486501105741
12.7114,0.0,0.0,0.37111796544250786,0.3710486501105741
12.7184,0.0,0.0,0.37111796544250786,0.3710486501105741
12.7254,0.0,0.0,0.37111796544250786,0.3710486501105741
12.7324,0.0,0.0,0.37111796544250786,0.3710486501105741
12.7394,0.0,0.0,0.37111796544250786,0.3710486501105741
12.7464,0.0,0.0,0.37111796544250786,0.3710486501105741
12.7534,0.0,0.0,0.37111796544250786,0.3710486501105741
12.7604,0.0,0.0,0.37111796544250786,0.3710486501105741
12.7674,0.0,0.0,0.37111796544250786,0.3710486501105741
12.7744,0.0,0.0,0.37111796544250786,0.3710486501105741
12.7814,0.0,0.0,0.37111796544250786,0.3710486501105741
12.7884,0.0,0.0,0.37111796544250786,0.3710486501105741
12.7954,0.0,0.0,0.37111796544250786,0.3710486501105741
12.8024,0.0,0.0,0.37111796544250786,0.3710486501105741
12.8094,0.0,0.0,0.37111796544250786,0.3710486501105741
12.8164,0.0,0.0,0.37111796544250786,0.3710486501105741
12.8234,0.0,0.0,0.37111796544250786,0.3710486501105741
12.8304,0.0,0.0,0.37111796544250786,0.3710486501105741
12.8374,0.0,0.0,0.37111796544250786,0.3710486501105741
12.8444,0.0,0.0,0.37111796544250786,0.3710486501105741
12.8514,0.0,0.0,0.37111796544250786,0.3710486501105741
12.8584,0.0,0.0,0.37111796544250786,0.3710486501105741
12.8654,0.0,0.0,0.37111796544250786,0.3710486501105741
12.8724,0.0,0.0,0.37111796544250786,0.3710486501105741
12.8794,0.0,0.0,0.37111796544250786,0.3710486501105741
12.8864,0.0,0.0,0.37111796544250786,0.3710486501105741
12.8934,0.0,0.0,0.37111796544250786,0.3710486501105741
12.9005,0.0,0.0,0.37111796544250786,0.3710486501105741
12.9075,0.0,0.0,0.37111796544250786,0.3710486501105741
12.9145,0.0,0.0,0.37111796544250786,0.3710486501105741
12.9215,0.0,0.0,0.37111796544250786,0.3710486501105741
12.9285,0.0,0.0,0.37111796544250786,0.3710486501105741
12.9355,0.0,0.0,0.37111796544250786,0.3710486501105741
12.9425,0.0,0.0,0.37111796544250786,0.3710486501105741
12.9495,0.0,0.0,0.37111796544250786,0.3710486501105741
12.9565,0.0,0.0,0.37111796544250786,0.3710486501105741
12.9635,0.0,0.0,0.37111796544250786,0.3710486501105741
12.9705,0.0,0.0,0.37111796544250786,0.3710486501105741
12.9775,0.0,0.0,0.37111796544250786,0.3710486501105741
12.9845,0.0,0.0,0.37111796544250786,0.3710486501105741
12.9915,0.0,0.0,0.37111796544250786,0.3710486501105741
12.9985,0.0,0.0,0.37111796544250786,0.3710486501105741
13.0055,0.0,0.0,0.37111796544250786,0.3710486501105741
13.0125,0.0,0.0,0.37111796544250786,0.3710486501105741
13.0195,0.0,0.0,0.37111796544250786,0.3710486501105741
13.0265,0.0,0.0,0.37111796544250786,0.3710486501105741
13.0335,0.0,0.0,0.37111796544250786,0.3710486501105741
13.0405,0.0,0.0,0.37111796544250786,0.3710486501105741
13.0475,0.0,0.0,0.37111796544250786,0.3710486501105741
13.0545,0.0,0.0,0.37111796544250786,0.3710486501105741
13.0615,0.0,0.0,0.37111796544250786,0.3710486501105741
13.0685,0.0,0.0,0.37111796544250786,0.3710486501105741
13.0755,0.0,0.0,0.37111796544250786,0.3710486501105741
13.0825,0.0,0.0,0.37111796544250786,0.3710486501105741
13.0895,0.0,0.0,0.37111796544250786,0.3710486501105741
13.0965,0.0,0.0,0.37111796544250786,0.3710486501105741
13.1036,0.0,0.0,0.37111796544250786,0.3710486501105741
13.1106,0.0,0.0,0.37111796544250786,0.3710486501105741
13.1176,0.0,0.0,0.37111796544250786,0.3710486501105741
13.1246,0.0,0.0,0.37111796544250786,0.3710486501105741
13.1316,0.0,0.0,0.37111796544250786,0.3710486501105741
13.1386,0.0,0.0,0.37111796544250786,0.3710486501105741
13.1456,0.0,0.0,0.37111796544250786,0.3710486501105741
13.1526,0.0,0.0,0.37111796544250786,0.3710486501105741
13.1596,0.0,0.0,0.37111796544250786,0.3710486501105741
13.1666,0.0,0.0,0.37111796544250786,0.3710486501105741
13.1736,0.0,0.0,0.37111796544250786,0.3710486501105741
13.1806,0.0,0.0,0.37111796544250786,0.3710486501105741
13.1876,0.0,0.0,0.37111796544250786,0.3710486501105741
13.1946,0.0,0.0,0.37111796544250786,0.3710486501105741
13.2016,0.0,0.0,0.37111796544250786,0.3710486501105741
13.2086,0.0,0.0,0.37111796544250786,0.3710486501105741
13.2156,0.0,0.0,0.37111796544250786,0.3710486501105741
13.2226,0.0,0.0,0.37111796544250786,0.3710486501105741
13.2296,0.0,0.0,0.37111796544250786,0.3710486501105741
13.2366,0.0,0.0,0.37111796544250786,0.3710486501105741
13.2436,0.0,0.0,0.37111796544250786,0.3710486501105741
13.2506,0.0,0.0,0.37111796544250786,0.3710486501105741
13.2576,0.0,0.0,0.37111796544250786,0.3710486501105741
13.2646,0.0,0.0,0.37111796544250786,0.3710486501105741
13.2716,0.0,0.0,0.37111796544250786,0.3710486501105741
13.2786,0.0,0.0,0.37111796544250786,0.3710486501105741
13.2856,0.0,0.0,0.37111796544250786,0.3710486501105741
13.2926,0.0,0.0,0.37111796544250786,0.3710486501105741
13.2996,0.0,0.0,0.37111796544250786,0.3710486501105741
13.3067,0.0,0.0,0.37111796544250786,0.3710486501105741
13.3137,0.0,0.0,0.37111796544250786,0.3710486501105741
13.3207,0.0,0.0,0.37111796544250786,0.3710486501105741
13.3277,0.0,0.0,0.37111796544250786,0.3710486501105741
13.3347,0.0,0.0,0.37111796544250786,0.3710486501105741
13.3417,0.0,0.0,0.37111796544250786,0.3710486501105741
13.3487,0.0,0.0,0.37111796544250786,0.3710486501105741
13.3557,0.0,0.0,0.37111796544250786,0.3710486501105741
13.3627,0.0,0.0,0.37111796544250786,0.3710486501105741
13.3697,0.0,0.0,0.37111796544250786,0.3710486501105741
13.3767,0.0,0.0,0.37111796544250786,0.3710486501105741
13.3837,0.0,0.0,0.37111796544250786,0.3710486501105741
13.3907,0.0,0.0,0.37111796544250786,0.3710486501105741
13.3977,0.0,0.0,0.37111796544250786,0.3710486501105741
13.4047,0.0,0.0,0.37111796544250786,0.3710486501105741
13.4117,0.0,0.0,0.37111796544250786,0.3710486501105741
13.4187,0.0,0.0,0.37111796544250786,0.3710486501105741
13.4257,0.0,0.0,0.37111796544250786,0.3710486501105741
13.4327,0.0,0.0,0.37111796544250786,0.3710486501105741
13.4397,0.0,0.0,0.37111796544250786,0.3710486501105741
13.4467,0.0,0.0,0.37111796544250786,0.3710486501105741
13.4537,0.0,0.0,0.37111796544250786,0.3710486501105741
13.4607,0.0,0.0,0.37111796544250786,0.3710486501105741
13.4677,0.0,0.0,0.37111796544250786,0.3710486501105741
13.4747,0.0,0.0,0.37111796544250786,0.3710486501105741
13.4817,0.0,0.0,0.37111796544250786,0.3710486501105741
13.4887,0.0,0.0,0.37111796544250786,0.3710486501105741
13.4957,0.0,0.0,0.37111796544250786,0.3710486501105741
13.5028,0.0,0.0,0.37111796544250786,0.3710486501105741
13.5098,0.0,0.0,0.37111796544250786,0.3710486501105741
13.5168,0.0,0.0,0.37111796544250786,0.3710486501105741
13.5238,0.0,0.0,0.37111796544250786,0.3710486501105741
13.5308,0.0,0.0,0.37111796544250786,0.3710486501105741
13.5378,0.0,0.0,0.37111796544250786,0.3710486501105741
13.5448,0.0,0.0,0.37111796544250786,0.3710486501105741
13.5518,0.0,0.0,0.37111796544250786,0.3710486501105741
13.5588,0.0,0.0,0.37111796544250786,0.3710486501105741
13.5658,0.0,0.0,0.37111796544250786,0.3710486501105741
13.5728,0.0,0.0,0.37111796544250786,0.3710486501105741
13.5798,0.0,0.0,0.37111796544250786,0.3710486501105741
13.5868,0.0,0.0,0.37111796544250786,0.3710486501105741
13.5938,0.0,0.0,0.37111796544250786,0.3710486501105741
13.6008,0.0,0.0,0.37111796544250786,0.3710486501105741
13.6078,0.0,0.0,0.37111796544250786,0.3710486501105741
13.6148,0.0,0.0,0.37111796544250786,0.3710486501105741
13.6218,0.0,0.0,0.37111796544250786,0.3710486501105741
13.6288,0.0,0.0,0.37111796544250786,0.3710486501105741
13.6358,0.0,0.0,0.37111796544250786,0.3710486501105741
13.6428,0.0,0.0,0.37111796544250786,0.3710486501105741
13.6498,0.0,0.0,0.37111796544250786,0.3710486501105741
13.6568,0.0,0.0,0.37111796544250786,0.3710486501105741
13.6638,0.0,0.0,0.37111796544250786,0.3710486501105741
13.6708,0.0,0.0,0.37111796544250786,0.3710486501105741
13.6778,0.0,0.0,0.37111796544250786,0.3710486501105741
13.6848,0.0,0.0,0.37111796544250786,0.3710486501105741
13.6918,0.0,0.0,0.37111796544250786,0.3710486501105741
13.6988,0.0,0.0,0.37111796544250786,0.3710486501105741
13.7059,0.0,0.0,0.37111796544250786,0.3710486501105741
13.7129,0.0,0.0,0.37111796544250786,0.3710486501105741
13.7199,0.0,0.0,0.37111796544250786,0.3710486501105741
13.7269,0.0,0.0,0.37111796544250786,0.3710486501105741
13.7339,0.0,0.0,0.37111796544250786,0.3710486501105741
13.7409,0.0,0.0,0.37111796544250786,0.3710486501105741
13.7479,0.0,0.0,0.37111796544250786,0.3710486501105741
13.7549,0.0,0.0,0.37111796544250786,0.3710486501105741
13.7619,0.0,0.0,0.37111796544250786,0.3710486501105741
13.7689,0.0,0.0,0.37111796544250786,0.3710486501105741
13.7759,0.0,0.0,0.37111796544250786,0.3710486501105741
13.7829,0.0,0.0,0.37111796544250786,0.3710486501105741
13.7899,0.0,0.0,0.37111796544250786,0.3710486501105741
13.7969,0.0,0.0,0.37111796544250786,0.3710486501105741
13.8039,0.0,0.0,0.37111796544250786,0.3710486501105741
13.8109,0.0,0.0,0.37111796544250786,0.3710486501105741
13.8179,0.0,0.0,0.37111796544250786,0.3710486501105741
13.8249,0.0,0.0,0.37111796544250786,0.3710486501105741
13.8319,0.0,0.0,0.37111796544250786,0.3710486501105741
13.8389,0.0,0.0,0.37111796544250786,0.3710486501105741
13.8459,0.0,0.0,0.37111796544250786,0.3710486501105741
13.8529,0.0,0.0,0.37111796544250786,0.3710486501105741
13.8599,0.0,0.0,0.37111796544250786,0.3710486501105741
13.8669,0.0,0.0,0.37111796544250786,0.3710486501105741
13.8739,0.0,0.0,0.37111796544250786,0.3710486501105741
13.8809,0.0,0.0,0.37111796544250786,0.3710486501105741
13.8879,0.0,0.0,0.37111796544250786,0.3710486501105741
13.8949,0.0,0.0,0.37111796544250786,0.3710486501105741
13.902,0.0,0.0,0.37111796544250786,0.3710486501105741
13.909,0.0,0.0,0.37111796544250786,0.3710486501105741
13.916,0.0,0.0,0.37111796544250786,0.3710486501105741
13.923,0.0,0.0,0.37111796544250786,0.3710486501105741
13.93,0.0,0.0,0.37111796544250786,0.3710486501105741
13.937,0.0,0.0,0.37111796544250786,0.3710486501105741
13.944,0.0,0.0,0.37111796544250786,0.3710486501105741
13.951,0.0,0.0,0.37111796544250786,0.3710486501105741
13.958,0.0,0.0,0.37111796544250786,0.3710486501105741
13.965,0.0,0.0,0.37111796544250786,0.3710486501105741
13.972,0.0,0.0,0.37111796544250786,0.3710486501105741
13.979,0.0,0.0,0.37111796544250786,0.3710486501105741
13.986,0.0,0.0,0.37111796544250786,0.3710486501105741
13.993,0.0,0.0,0.37111796544250786,0.3710486501105741
14.0,0.0,0.0,0.37111796544250786,0.3710486501105741
