case,z_A,potential_eV,macroscopic_average_eV
k16-minus005,0.0,4.2991844378741675,4.299173349234272
k16-minus005,0.07246874995027121,4.299164845676071,4.299175784653341
k16-minus005,0.14493749990054242,4.299184002491988,4.299173390051353
k16-minus005,0.21740625037999084,4.299165662017658,4.299175662202104
k16-minus005,0.2898750003302621,4.2991827371625275,4.299173526108284
k16-minus005,0.3623437502805333,4.299167253883754,4.29917543090532
k16-minus005,0.4348125002308045,4.2991807371256385,4.299173730193679
k16-minus005,0.5072812501810757,4.299169458006039,4.299175104368686
k16-minus005,0.5797500006605242,4.299178179255331,4.29917398870185
k16-minus005,0.6522187506107954,4.299172097510505,4.299174709803585
k16-minus005,0.7246875005610666,4.299175281242697,4.299174274421405
k16-minus005,0.7971562505113378,4.299174927494675,4.299174274421405
k16-minus005,0.869625000461609,4.299172274384516,4.299174560140961
k16-minus005,0.9420937509410574,4.299177703056072,4.299173811827838
k16-minus005,1.0145625008913286,4.29916941718896,4.299174805043437
k16-minus005,1.0870312508416,4.299180192897913,4.299173390051353
k16-minus005,1.1595000007918712,4.299166940952811,4.299174981917448
k16-minus005,1.2319687507421422,4.299182152117724,4.299173009091945
k16-minus005,1.3044375012215907,4.299165049761467,4.299175063551606
k16-minus005,1.376906251171862,4.299183403841491,4.299172696161003
k16-minus005,1.4493750011221331,4.299163906883246,4.29917503634022
k16-minus005,1.5218437510724045,4.299183812012284,4.29917246486422
k16-minus005,1.594312501551853,4.299163607557996,4.299174886677596
k16-minus005,1.666781251502124,4.299183349418718,4.299172342412981
k16-minus005,1.7392500014523953,4.2991641653914145,4.299174614563733
k16-minus005,1.8117187514026665,4.299182002455098,4.2991723015959025
k16-minus005,1.8841875013529374,4.299165525960727,4.299174233604326
k16-minus005,1.956656251832386,4.299179879966972,4.299172342412981
k16-minus005,2.029125001782657,4.299167566814695,4.299173730193679
k16-minus005,2.1015937517329286,4.299177131616961,4.2991724376528335
k16-minus005,2.1740625016832,4.299170083867923,4.299173158754569
k16-minus005,2.246531251633471,4.299173961490463,4.299172560104072
k16-minus005,2.3190000021129196,4.299172873035014,4.299172532892686
k16-minus005,2.3914687520631905,4.299170628095648,4.29917268255531
k16-minus005,2.463937502013462,4.299175662202104,4.299171893425108
k16-minus005,2.536406251963733,4.299167389940685,4.299172777795162
k16-minus005,2.6088750019140043,4.299178179255331,4.299171253957532
k16-minus005,2.681343752393453,4.299164505533743,4.299172805006548
k16-minus005,2.753812502343724,4.299180192897913,4.299170655307035
k16-minus005,2.8262812522939953,4.299162192565912,4.299172723372389
k16-minus005,2.8987500022442663,4.299181471833067,4.299170124685002
k16-minus005,2.9712187521945377,4.299160655122589,4.299172532892686
k16-minus005,3.043687502673986,4.299181880003861,4.299169675697129
k16-minus005,3.116156252624257,4.2991599748379326,4.299172179144664
k16-minus005,3.1886250025745286,4.299181322170443,4.299169308343416
k16-minus005,3.2610937525247996,4.2991602197404095,4.299171689339712
k16-minus005,3.333562502475071,4.299179771121427,4.299169022623859
k16-minus005,3.406031252954519,4.299161335407245,4.299171036266443
k16-minus005,3.4785000029047906,4.299177322096664,4.299168791327076
k16-minus005,3.550968752855062,4.29916318578151,4.299170233530547
k16-minus005,3.623437502805333,4.299174097547394,4.29916858724168
k16-minus005,3.695906252755604,4.299165580383499,4.299169267526335
k16-minus005,3.7683750032350525,4.2991703015590135,4.2991683559448965
k16-minus005,3.840843753185324,4.299168260705045,4.299168179070886
k16-minus005,3.913312503135595,4.2991661654283035,4.2991680294082615
k16-minus005,3.985781253085866,4.299170886603817,4.299166927347119
k16-minus005,4.058250003565314,4.2991619204520495,4.299167539603309
k16-minus005,4.130718753515586,4.299173131543183,4.299165512355034
k16-minus005,4.203187503465857,4.29915782513842,4.299166777684494
k16-minus005,4.275656253416129,4.2991746281694265,4.299163893277552
k16-minus005,4.3481250033664,4.299154056361425,4.299165607594886
k16-minus005,4.420593753845847,4.299175009128834,4.299161961269129
k16-minus005,4.493062503796119,4.29915068214953,4.2991638388547795
k16-minus005,4.56553125374639,4.299173907067691,4.2991595394557525
k16-minus005,4.6380000036966615,4.299147661685656,4.299161063293383
k16-minus005,4.710468753646932,4.299170954632283,4.2991560836097
k16-minus005,4.782937504126381,4.299144477953465,4.299156777500049
k16-minus005,4.8554062540766525,4.299164777647605,4.299151144743096
k16-minus005,4.927875004026924,4.299140083314587,4.299150450852747
k16-minus005,5.000343753977195,4.299155580199054,4.299144096994058
k16-minus005,5.072812503927466,4.29913447776902,4.29914140306682
k16-minus005,5.145281254406914,4.299142845270291,4.299134178443771
k16-minus005,5.217750004357185,4.299126464015771,4.2991287497722155
k16-minus005,5.290218754307457,4.299125552434331,4.299120110157083
k16-minus005,5.362687504257728,4.29911421889196,4.299110912708532
k16-minus005,5.435156254207999,4.299102123430774,4.2990998512800225
k16-minus005,5.507625004687448,4.299095130104509,4.299085429245312
k16-minus005,5.580093754637719,4.299070082023469,4.29907025889748
k16-minus005,5.652562504587991,4.299065388059342,4.299048544211256
k16-minus005,5.725031254538262,4.2990255097727985,4.299026611833941
k16-minus005,5.7975000044885325,4.299019319182427,4.298994556820944
k16-minus005,5.869968754967981,4.298962243299776,4.298961794311903
k16-minus005,5.942437504918252,4.298948610395268,4.298914759430777
k16-minus005,6.0149062548685235,4.298870745013525,4.298864962593947
k16-minus005,6.087375004818794,4.298840771671574,4.298796294660756
k16-minus005,6.159843754769065,4.298736130285765,4.298721286474568
k16-minus005,6.232312505248514,4.298676931914987,4.298620958093479
k16-minus005,6.304781255198786,4.298538616438699,4.298506575031394
k16-minus005,6.377250005149057,4.2984371723907735,4.298357606297391
k16-minus005,6.449718755099328,4.29824637975611,4.298181915982093
k16-minus005,6.522187505578776,4.298070036367543,4.297957843822051
k16-minus005,6.594656255529047,4.297797963322163,4.297686777597962
k16-minus005,6.667125005479319,4.297506311684378,4.29734530191196
k16-minus005,6.73959375542959,4.2971084404003825,4.296926110506841
k16-minus005,6.812062505379861,4.296641112052994,4.296403257325817
k16-minus005,6.88453125585931,4.296046869800153,4.2957559392641045
k16-minus005,6.957000005809581,4.295312080737353,4.294952509479499
k16-minus005,7.0294687557598525,4.2944100096776054,4.293953116896843
k16-minus005,7.101937505710124,4.293266777707252,4.2927147267087875
k16-minus005,7.1744062556603945,4.2918822759807504,4.291170358088089
k16-minus005,7.246875006139843,4.290112719533174,4.289255914614446
k16-minus005,7.319343756090114,4.287972312708144,4.286865285487192
k16-minus005,7.391812506040385,4.285236371089427,4.283897475646272
k16-minus005,7.464281255990657,4.281910894787691,4.280188604518024
k16-minus005,7.536750005940927,4.277675632998207,4.275575294939424
k16-minus005,7.609218756420376,4.272492081609436,4.26980611370156
k16-minus005,7.681687506370648,4.265920191688702,4.262614729361549
k16-minus005,7.754156256320919,4.257819566088668,4.253614345669599
k16-minus005,7.82662500627119,4.247588071254484,4.242371294763106
k16-minus005,7.89909375622146,4.234896653497969,4.228286096197379
k16-minus005,7.971562506700909,4.218908236155424,4.210654369633746
k16-minus005,8.04403125665118,4.1989742494413695,4.188538029742763
k16-minus005,8.116500006601452,4.173895732466422,4.160797096314735
k16-minus005,8.188968756551722,4.142498064926192,4.1259522359420915
k16-minus005,8.261437506501993,4.103005146034713,4.082165822894561
k16-minus005,8.333906256981443,4.053401564469673,4.027092344523285
k16-minus005,8.406375006931714,3.990982630889462,3.957782018530732
k16-minus005,8.478843756881984,3.912403399245483,3.8705127626606313
k16-minus005,8.551312506832257,3.8134599144481287,3.7605855242563218
k16-minus005,8.623781256782527,3.6887233960957793,3.6221291065929035
k16-minus005,8.696250007261975,3.5316133010468733,3.4477522304870036
k16-minus005,8.768718757212248,3.333514422781774,3.2283208635231238
k16-minus005,8.841187507162518,3.084206708854212,2.9524450133090427
k16-minus005,8.91365625711279,2.7703444981481606,2.606289608341406
k16-minus005,8.98612500706306,2.376383776075551,2.1729982288735017
k16-minus005,9.058593757542509,1.882328962949562,1.6338163249110285
k16-minus005,9.13106250749278,1.2656356021394024,0.9687639905256421
k16-minus005,9.203531257443052,0.4985736175601567,0.15864095321633212
k16-minus005,9.276000007393323,-0.4407588777441528,-0.8092983418263527
k16-minus005,9.348468757872771,-1.5711596590548789,-1.9365848344039982
k16-minus005,9.42093750782304,-2.9005167630170092,-3.2102848301826477
k16-minus005,9.493406257773314,-4.399191302828936,-4.599861670699975
k16-minus005,9.565875007723584,-6.008676444276876,-6.057192481973515
k16-minus005,9.638343757673857,-7.650264422733917,-7.518753085547904
k16-minus005,9.710812508153305,-9.228464211638359,-8.910366126886633
k16-minus005,9.783281258103575,-10.642074597476016,-10.155773083816015
k16-minus005,9.855750008053848,-11.802083829652831,-11.18471879659027
k16-minus005,9.928218758004117,-12.641808052388104,-11.940396571196871
k16-minus005,10.00068750795439,-13.11704002854601,-12.386258019244327
k16-minus005,10.073156258433837,-13.211296406485264,-12.510232183399609
k16-minus005,10.145625008384108,-12.940008885797209,-12.326024690601699
k16-minus005,10.21809375833438,-12.349494347970548,-11.87286180176256
k16-minus005,10.290562508284651,-11.50989370574591,-11.213594880206935
k16-minus005,10.363031258234923,-10.51263142088455,-10.429756803893175
k16-minus005,10.43550000871437,-9.469667762485676,-9.615066104105694
k16-minus005,10.507968758664642,-8.502171672896472,-8.868878899102876
k16-minus005,10.580437508614914,-7.724429858683251,-8.289352278225266
k16-minus005,10.652906258565185,-7.237174000890527,-7.9675464108007406
k16-minus005,10.725375008515456,-7.1261838993451425,-7.986194836388683
k16-minus005,10.797843758994905,-7.453207332391246,-8.417901587989938
k16-minus005,10.870312508945174,-8.259990376124257,-9.320026471859558
k16-minus005,10.942781258895447,-9.60020671438988,-10.729239946667736
k16-minus005,11.015250008845717,-11.524118974922338,-12.646035028310477
k16-minus005,11.08771875879599,-14.039304045770592,-15.020914177994943
k16-minus005,11.160187509275438,-17.101668338153466,-17.747581027006397
k16-minus005,11.232656259225708,-20.543749457238636,-20.65889284627244
k16-minus005,11.305125009175981,-24.077361325759732,-23.53890536715953
k16-minus005,11.37759375912625,-27.34665836002153,-26.14405107685162
k16-minus005,11.450062509076524,-29.97938943564648,-28.22727083350651
k16-minus005,11.52253125955597,-31.684206621131974,-29.575219409625163
k16-minus005,11.595000009506242,-32.27532404082661,-30.042261833372784
k16-minus005,11.667468759456513,-31.684206621131974,-29.575219409625163
k16-minus005,11.739937509406785,-29.97938943564648,-28.22727083350651
k16-minus005,11.812406259886233,-27.34665836002153,-26.14405107685162
k16-minus005,11.884875009836504,-24.077361325759732,-23.53890536715953
k16-minus005,11.957343759786776,-20.543749457238636,-20.65889284627244
k16-minus005,12.029812509737047,-17.101668338153466,-17.747581027006397
k16-minus005,12.102281259687318,-14.039304045770592,-15.020914177994943
k16-minus005,12.174750010166765,-11.524118974922338,-12.646035028310477
k16-minus005,12.247218760117038,-9.60020671438988,-10.729239946667736
k16-minus005,12.319687510067308,-8.259990376124257,-9.320026471859558
k16-minus005,12.39215626001758,-7.453207332391246,-8.417901587989938
k16-minus005,12.46462500996785,-7.1261838993451425,-7.986194836388683
k16-minus005,12.537093760447299,-7.237174000890527,-7.9675464108007406
k16-minus005,12.609562510397572,-7.724429858683251,-8.289352278225266
k16-minus005,12.682031260347841,-8.502171672896472,-8.868878899102876
k16-minus005,12.754500010298115,-9.469667762485676,-9.615066104105694
k16-minus005,12.826968760248384,-10.51263142088455,-10.429756803893175
k16-minus005,12.899437510727832,-11.50989370574591,-11.213594880206935
k16-minus005,12.971906260678104,-12.349494347970548,-11.87286180176256
k16-minus005,13.044375010628375,-12.940008885797209,-12.326024690601699
k16-minus005,13.116843760578647,-13.211296406485264,-12.510232183399609
k16-minus005,13.189312510528918,-13.11704002854601,-12.386258019244327
k16-minus005,13.261781261008366,-12.641808052388104,-11.940396571196871
k16-minus005,13.334250010958637,-11.802083829652831,-11.18471879659027
k16-minus005,13.406718760908909,-10.642074597476016,-10.155773083816015
k16-minus005,13.47918751085918,-9.228464211638359,-8.910366126886633
k16-minus005,13.551656260809452,-7.650264422733917,-7.518753085547904
k16-minus005,13.624125011288898,-6.008676444276876,-6.057192481973515
k16-minus005,13.696593761239171,-4.399191302828936,-4.599861670699975
k16-minus005,13.769062511189441,-2.9005167630170092,-3.2102848301826477
k16-minus005,13.841531261139714,-1.5711596590548789,-1.9365848344039982
k16-minus005,13.914000011089984,-0.4407588777441528,-0.8092983418263527
k16-minus005,13.986468761569432,0.4985736175601567,0.15864095321633212
k16-minus005,14.058937511519705,1.2656356021394024,0.9687639905256421
k16-minus005,14.131406261469975,1.882328962949562,1.6338163249110285
k16-minus005,14.203875011420248,2.376383776075551,2.1729982288735017
k16-minus005,14.276343761899694,2.7703444981481606,2.606289608341406
k16-minus005,14.348812511849966,3.084206708854212,2.9524450133090427
k16-minus005,14.421281261800237,3.333514422781774,3.2283208635231238
k16-minus005,14.493750011750508,3.5316133010468733,3.4477522304870036
k16-minus005,14.56621876170078,3.6887233960957793,3.6221291065929035
k16-minus005,14.638687512180228,3.8134599144481287,3.7605855242563218
k16-minus005,14.7111562621305,3.912403399245483,3.8705127626606313
k16-minus005,14.78362501208077,3.990982630889462,3.957782018530732
k16-minus005,14.856093762031042,4.053401564469673,4.027092344523285
k16-minus005,14.928562511981314,4.103005146034713,4.082165822894561
k16-minus005,15.001031262460762,4.142498064926192,4.1259522359420915
k16-minus005,15.073500012411031,4.173895732466422,4.160797096314735
k16-minus005,15.145968762361305,4.1989742494413695,4.188538029742763
k16-minus005,15.218437512311574,4.218908236155424,4.210654369633746
k16-minus005,15.290906262261847,4.234896653497969,4.228286096197379
k16-minus005,15.363375012741296,4.247588071254484,4.242371294763106
k16-minus005,15.435843762691565,4.257819566088668,4.253614345669599
k16-minus005,15.508312512641838,4.265920191688702,4.262614729361549
k16-minus005,15.580781262592108,4.272492081609436,4.26980611370156
k16-minus005,15.65325001254238,4.277675632998207,4.275575294939424
k16-minus005,15.725718763021828,4.281910894787691,4.280188604518024
k16-minus005,15.798187512972099,4.285236371089427,4.283897475646272
k16-minus005,15.87065626292237,4.287972312708144,4.286865285487192
k16-minus005,15.943125012872642,4.290112719533174,4.289255914614446
k16-minus005,16.015593762822913,4.2918822759807504,4.291170358088089
k16-minus005,16.08806251330236,4.293266777707252,4.2927147267087875
k16-minus005,16.160531263252633,4.2944100096776054,4.293953116896843
k16-minus005,16.233000013202904,4.295312080737353,4.294952509479499
k16-minus005,16.305468763153176,4.296046869800153,4.2957559392641045
k16-minus005,16.377937513103443,4.296641112052994,4.296403257325817
k16-minus005,16.450406263582895,4.2971084404003825,4.296926110506841
k16-minus005,16.522875013533167,4.297506311684378,4.29734530191196
k16-minus005,16.595343763483438,4.297797963322163,4.297686777597962
k16-minus005,16.66781251343371,4.298070036367543,4.297957843822051
k16-minus005,16.740281263383977,4.29824637975611,4.298181915982093
k16-minus005,16.81275001386343,4.2984371723907735,4.298357606297391
k16-minus005,16.8852187638137,4.298538616438699,4.298506575031394
k16-minus005,16.957687513763968,4.298676931914987,4.298620958093479
k16-minus005,17.03015626371424,4.298736130285765,4.298721286474568
k16-minus005,17.102625014193688,4.298840771671574,4.298796294660756
k16-minus005,17.175093764143963,4.298870745013525,4.298864962593947
k16-minus005,17.247562514094234,4.298948610395268,4.298914759430777
k16-minus005,17.320031264044502,4.298962243299776,4.298961794311903
k16-minus005,17.392500013994773,4.299019319182427,4.298994556820944
k16-minus005,17.46496876447422,4.2990255097727985,4.299026611833941
k16-minus005,17.537437514424496,4.299065388059342,4.299048544211256
k16-minus005,17.609906264374768,4.299070082023469,4.29907025889748
k16-minus005,17.682375014325036,4.299095130104509,4.299085429245312
k16-minus005,17.754843764275307,4.299102123430774,4.2990998512800225
k16-minus005,17.827312514754755,4.29911421889196,4.299110912708532
k16-minus005,17.899781264705027,4.299125552434331,4.299120110157083
k16-minus005,17.9722500146553,4.299126464015771,4.2991287497722155
k16-minus005,18.04471876460557,4.299142845270291,4.299134178443771
k16-minus005,18.11718751455584,4.29913447776902,4.29914140306682
k16-minus005,18.18965626503529,4.299155580199054,4.299144096994058
k16-minus005,18.26212501498556,4.299140083314587,4.299150450852747
k16-minus005,18.334593764935835,4.299164777647605,4.299151144743096
k16-minus005,18.407062514886103,4.299144477953465,4.299156777500049
k16-minus005,18.479531264836375,4.299170954632283,4.2991560836097
k16-minus005,18.552000015315823,4.299147661685656,4.299161063293383
k16-minus005,18.624468765266094,4.299173907067691,4.2991595394557525
k16-minus005,18.696937515216366,4.29915068214953,4.2991638388547795
k16-minus005,18.769406265166637,4.299175009128834,4.299161961269129
k16-minus005,18.84187501511691,4.299154056361425,4.299165607594886
k16-minus005,18.914343765596357,4.2991746281694265,4.299163893277552
k16-minus005,18.986812515546628,4.29915782513842,4.299166777684494
k16-minus005,19.0592812654969,4.299173131543183,4.299165512355034
k16-minus005,19.131750015447167,4.2991619204520495,4.299167539603309
k16-minus005,19.204218765397442,4.299170886603817,4.299166927347119
k16-minus005,19.27668751587689,4.2991661654283035,4.2991680294082615
k16-minus005,19.349156265827162,4.299168260705045,4.299168179070886
k16-minus005,19.421625015777433,4.2991703015590135,4.2991683559448965
k16-minus005,19.4940937657277,4.299165580383499,4.299169267526335
k16-minus005,19.56656251620715,4.299174097547394,4.29916858724168
k16-minus005,19.63903126615742,4.29916318578151,4.299170233530547
k16-minus005,19.711500016107696,4.299177322096664,4.299168791327076
k16-minus005,19.783968766057967,4.299161335407245,4.299171036266443
k16-minus005,19.856437516008235,4.299179771121427,4.299169022623859
k16-minus005,19.928906266487683,4.2991602197404095,4.299171689339712
k16-minus005,20.001375016437954,4.299181322170443,4.299169308343416
k16-minus005,20.07384376638823,4.2991599748379326,4.299172179144664
k16-minus005,20.1463125163385,4.299181880003861,4.299169675697129
k16-minus005,20.21878126628877,4.299160655122589,4.299172532892686
k16-minus005,20.291250016768217,4.299181471833067,4.299170124685002
k16-minus005,20.36371876671849,4.299162192565912,4.299172723372389
k16-minus005,20.43618751666876,4.299180192897913,4.299170655307035
k16-minus005,20.508656266619035,4.299164505533743,4.299172805006548
k16-minus005,20.581125016569302,4.299178179255331,4.299171253957532
k16-minus005,20.65359376704875,4.299167389940685,4.299172777795162
k16-minus005,20.726062516999022,4.299175662202104,4.299171893425108
k16-minus005,20.798531266949293,4.299170628095648,4.29917268255531
k16-minus005,20.871000016899565,4.299172873035014,4.299172532892686
k16-minus005,20.943468766849836,4.299173961490463,4.299172560104072
k16-minus005,21.015937517329284,4.299170083867923,4.299173158754569
k16-minus005,21.088406267279556,4.299177131616961,4.2991724376528335
k16-minus005,21.160875017229827,4.299167566814695,4.299173730193679
k16-minus005,21.233343767180095,4.299179879966972,4.299172342412981
k16-minus005,21.30581251713037,4.299165525960727,4.299174233604326
k16-minus005,21.378281267609818,4.299182002455098,4.2991723015959025
k16-minus005,21.45075001756009,4.2991641653914145,4.299174614563733
k16-minus005,21.52321876751036,4.299183349418718,4.299172342412981
k16-minus005,21.59568751746063,4.299163607557996,4.299174886677596
k16-minus005,21.668156267410904,4.299183812012284,4.29917246486422
k16-minus005,21.74062501789035,4.299163906883246,4.29917503634022
k16-minus005,21.813093767840623,4.299183403841491,4.299172696161003
k16-minus005,21.885562517790895,4.299165049761467,4.299175063551606
k16-minus005,21.958031267741163,4.299182152117724,4.299173009091945
k16-minus005,22.030500018220614,4.299166940952811,4.299174981917448
k16-minus005,22.102968768170882,4.299180192897913,4.299173390051353
k16-minus005,22.175437518121157,4.29916941718896,4.299174805043437
k16-minus005,22.24790626807143,4.299177703056072,4.299173811827838
k16-minus005,22.320375018021696,4.299172274384516,4.299174560140961
k16-minus005,22.392843768501148,4.299174927494675,4.299174274421405
k16-minus005,22.465312518451416,4.299175281242697,4.299174274421405
k16-minus005,22.537781268401687,4.299172097510505,4.299174709803585
k16-minus005,22.610250018351962,4.299178179255331,4.29917398870185
k16-minus005,22.68271876830223,4.299169458006039,4.299175104368686
k16-minus005,22.755187518781682,4.2991807371256385,4.299173730193679
k16-minus005,22.82765626873195,4.299167253883754,4.29917543090532
k16-minus005,22.90012501868222,4.2991827371625275,4.299173526108284
k16-minus005,22.972593768632496,4.299165662017658,4.299175662202104
k16-minus005,23.045062518582764,4.299184002491988,4.299173390051353
k16-minus005,23.117531269062216,4.299164845676071,4.299175784653341
k16-plus005,0.0,4.262005792960137,4.261996881231141
k16-plus005,0.07246874995027121,4.2619900375675,4.261998840450952
k16-plus005,0.14493749990054242,4.262005439212116,4.261996908442527
k16-plus005,0.21740625037999084,4.261990704246464,4.261998731605407
k16-plus005,0.2898750003302621,4.262004405179439,4.261997017288072
k16-plus005,0.3623437502805333,4.261991983181617,4.261998541125703
k16-plus005,0.4348125002308045,4.262002786101958,4.26199718055639
k16-plus005,0.5072812501810757,4.261993765527417,4.26199826901184
k16-plus005,0.5797500001313469,4.26200070443091,4.261997371036094
k16-plus005,0.6522187506107954,4.261995874409851,4.261997942475205
k16-plus005,0.7246875005610666,4.261998350645999,4.261997588727184
k16-plus005,0.7971562505113378,4.261998146560602,4.2619975615157975
k16-plus005,0.869625000461609,4.2619959152269296,4.2619978064182735
k16-plus005,0.9420937504118803,4.262000377894274,4.261997194162083
k16-plus005,1.0145625003621515,4.261993602259099,4.261997983292285
k16-plus005,1.0870312508416,4.262002350719777,4.261996826808368
k16-plus005,1.1595000007918712,4.2619915886165165,4.261998105743523
k16-plus005,1.2319687507421422,4.2620038881631,4.261996500271734
k16-plus005,1.3044375006924134,4.261990064778887,4.261998146560602
k16-plus005,1.3769062506426846,4.262004854167311,4.261996228157871
k16-plus005,1.449375000592956,4.261989139591755,4.26199809213783
k16-plus005,1.5218437510724045,4.262005139886868,4.261996010466782
k16-plus005,1.5943125010226755,4.261988894689278,4.261997942475205
k16-plus005,1.6667812509729467,4.262004704504687,4.2619958880155435
k16-plus005,1.739250000923218,4.261989330071459,4.261997683967035
k16-plus005,1.811718750873489,4.262003561626465,4.261995819987078
k16-plus005,1.8841875008237605,4.261990418526907,4.261997330219014
k16-plus005,1.9566562513032089,4.2620017792806655,4.261995819987078
k16-plus005,2.02912500125348,4.2619920512100835,4.261996894836835
k16-plus005,2.1015937512037515,4.261999507129914,4.261995847198464
k16-plus005,2.1740625011540224,4.261994064852665,4.261996391426189
k16-plus005,2.2465312511042934,4.261996894836835,4.2619959152269296
k16-plus005,2.319000001054565,4.261996268974951,4.261995833592771
k16-plus005,2.3914687515340134,4.2619941600925175,4.261995969649702
k16-plus005,2.4639375014842844,4.2619984594915445,4.26199526215366
k16-plus005,2.536406251434556,4.2619915069823575,4.261995983255395
k16-plus005,2.6088750013848268,4.262000418711353,4.261994704320242
k16-plus005,2.681343751335098,4.261989153197447,4.261995956044009
k16-plus005,2.753812501285369,4.262001956154676,4.26199417369821
k16-plus005,2.8262812517648177,4.2619872620061034,4.261995819987078
k16-plus005,2.8987500017150887,4.262002894947502,4.261993683893258
k16-plus005,2.97121875166536,4.261986010282336,4.261995602295988
k16-plus005,3.0436875016156315,4.262003099032898,4.26199326211677
k16-plus005,3.1161562515659025,4.261985452448918,4.261995248547967
k16-plus005,3.188625001516174,4.262002513988094,4.26199290836875
k16-plus005,3.261093751995622,4.261985629322929,4.261994758743015
k16-plus005,3.3335625019458934,4.262001126207395,4.261992595437808
k16-plus005,3.406031251896165,4.261986500087289,4.261994146486824
k16-plus005,3.478500001846436,4.261999003719269,4.261992336929638
k16-plus005,3.5509687517967072,4.2619879695021465,4.261993398173702
k16-plus005,3.623437501746978,4.261996255369258,4.2619920784214695
k16-plus005,3.6959062522264268,4.261989833482104,4.261992513803649
k16-plus005,3.7683750021766977,4.261993044425681,4.2619917790962205
k16-plus005,3.840843752126969,4.261991887941765,4.261991493376665
k16-plus005,3.9133125020772406,4.2619895613682415,4.26199138453112
k16-plus005,3.9857812520275115,4.261993860767268,4.261990336892749
k16-plus005,4.0582500019777825,4.261986010282336,4.261990826697702
k16-plus005,4.1307187524572315,4.261995466239056,4.261989017140516
k16-plus005,4.203187502407503,4.26198254083059,4.261989996750422
k16-plus005,4.275656252357774,4.261996391426189,4.261987493302887
k16-plus005,4.348125002308045,4.2619793162813195,4.26198877223804
k16-plus005,4.420593752258315,4.261996337003416,4.2619856429286225
k16-plus005,4.493062502208587,4.261976350240219,4.261986976286548
k16-plus005,4.565531252688036,4.261994962828411,4.261983275538019
k16-plus005,4.638000002638307,4.261973561073129,4.261984227936537
k16-plus005,4.710468752588579,4.261991942364538,4.261979887720431
k16-plus005,4.782937502538849,4.261970472580789,4.261980010171669
k16-plus005,4.855406252489121,4.261985969465257,4.261975030487986
k16-plus005,4.927875002968569,4.261965969096366,4.261973819581298
k16-plus005,5.00034375291884,4.2619771801874995,4.261968064373106
k16-plus005,5.072812502869112,4.261960091436937,4.261964935063689
k16-plus005,5.145281252819382,4.26196507112062,4.261958227456979
k16-plus005,5.2177500027696535,4.261951669512894,4.2619525538829475
k16-plus005,5.290218752719925,4.261948635443328,4.2619443088329145
k16-plus005,5.362687503199374,4.261938961795517,4.261935084172976
k16-plus005,5.4351562531496445,4.261926267683833,4.261924281252638
k16-plus005,5.507625003099916,4.261919464837272,4.261910104120403
k16-plus005,5.580093753050187,4.261895478000295,4.261895083435195
k16-plus005,5.652562503000459,4.261889477889629,4.261873926582389
k16-plus005,5.72503125295073,4.261852402375868,4.26185210305062
k16-plus005,5.797500003430177,4.261843517858259,4.261820973224754
k16-plus005,5.869968753380449,4.2617908910372595,4.261788360378338
k16-plus005,5.94243750333072,4.261773475750062,4.261742699672218
k16-plus005,6.014906253280992,4.2617015832676,4.2616932429777155
k16-plus005,6.087375003231263,4.261667174469692,4.261626507052947
k16-plus005,6.1598437531815335,4.261569852946783,4.261552260785575
k16-plus005,6.2323125036609826,4.26150619190866,4.261454599120339
k16-plus005,6.304781253611254,4.261376325567801,4.261341753501576
k16-plus005,6.377250003561525,4.261271167165654,4.261196499121795
k16-plus005,6.449718753511797,4.261089898516176,4.261023652396361
k16-plus005,6.522187503462067,4.260911663936265,4.26080485924525
k16-plus005,6.594656253412339,4.260650339388452,4.26053875909915
k16-plus005,6.667125003891787,4.260359993897207,4.2602049842354575
k16-plus005,6.739593753842058,4.259974626245191,4.259794105908836
k16-plus005,6.81206250379233,4.259513583728025,4.2592827495385
k16-plus005,6.8845312537426,4.25893478393688,4.258648928324366
k16-plus005,6.957000003692872,4.258213709412748,4.2578629954611165
k16-plus005,7.029468753643143,4.25733219655531,4.25688512708498
k16-plus005,7.101937504122592,4.256213577283816,4.255673716986389
k16-plus005,7.1744062540728635,4.254858477460152,4.2541633762041915
k16-plus005,7.246875004023134,4.253129588429321,4.252290919899526
k16-plus005,7.319343753973405,4.251033672220802,4.24995378835763
k16-plus005,7.391812503923677,4.248362384855806,4.247051762042961
k16-plus005,7.464281253873948,4.245106501674394,4.243426933281134
k16-plus005,7.5367500043533955,4.240972262156348,4.238917217449972
k16-plus005,7.609218754303667,4.235899447503906,4.233280242732184
k16-plus005,7.681687504253938,4.229484635310276,4.226252602908909
k16-plus005,7.75415625420421,4.221561632033963,4.2174607536754545
k16-plus005,7.826625004154481,4.2115748628019825,4.206477340210828
k16-plus005,7.899093754104752,4.19916890609288,4.192722147731798
k16-plus005,7.971562504584201,4.183563502617441,4.175503421982914
k16-plus005,8.044031254534472,4.164088449538118,4.153911295842267
k16-plus005,8.116500004484744,4.1396130865450065,4.1268292589208
k16-plus005,8.188968754435015,4.108953555068085,4.09282010103685
k16-plus005,8.261437504385285,4.070416708232358,4.050087584978626
k16-plus005,8.333906254335556,4.022000604351708,3.9963503081232656
k16-plus005,8.406375004815006,3.9611048009052294,3.9287286663383663
k16-plus005,8.478843754765276,3.8844358766041847,3.8435990961915607
k16-plus005,8.551312504715549,3.7879274979449047,3.7363773634704516
k16-plus005,8.623781254665818,3.6662616484734833,3.6013430497413292
k16-plus005,8.69625000461609,3.5130465368290564,3.4312863485556933
k16-plus005,8.768718754566361,3.319864592790289,3.2172998167113187
k16-plus005,8.84118750504581,3.076760394642156,2.948267398841321
k16-plus005,8.91365625499608,2.7707079198171694,2.6106788321542704
k16-plus005,8.986125004946352,2.3865301400878653,2.188040764824443
k16-plus005,9.058593754896624,1.9047005592492248,1.6618617265397628
k16-plus005,9.131062504846895,1.303141654452745,1.0124257210013934
k16-plus005,9.203531254797165,0.5545800791259561,0.22047870600910177
k16-plus005,9.276000005276615,-0.3633886752024694,-0.7272688696747002
k16-plus005,9.348468755226884,-1.469291630520737,-1.8332741534109458
k16-plus005,9.420937505177157,-2.7729212259459524,-3.0859138151703545
k16-plus005,9.493406255127427,-4.247702821670283,-4.456301036444386
k16-plus005,9.565875005077698,-5.837336440510187,-5.898021287684794
k16-plus005,9.638343755557148,-7.4653359778631145,-7.3492239995358855
k16-plus005,9.710812505507418,-9.038130428975187,-8.737009854638968
k16-plus005,9.783281255457691,-10.455430515519483,-9.985779050452905
k16-plus005,9.85575000540796,-11.627710572661302,-11.025347802698036
k16-plus005,9.928218755358232,-12.487422184456138,-11.79831068523027
k16-plus005,10.000687505308504,-12.989087246790621,-12.266915818072915
k16-plus005,10.073156255787952,-13.114317706226107,-12.417446485647098
k16-plus005,10.145625005738223,-12.876076114771667,-12.261711273099657
k16-plus005,10.218093755688495,-12.318366331662322,-11.836834525023372
k16-plus005,10.290562505638764,-11.50914518853875,-11.203607879678172
k16-plus005,10.363031255589037,-10.537564112040606,-10.44176156952916
k16-plus005,10.435500005539307,-9.513284961527836,-9.643636277318182
k16-plus005,10.507968756018755,-8.556500742979908,-8.907663315130671
k16-plus005,10.580437505969028,-7.78139354878872,-8.331728406757826
k16-plus005,10.652906255919298,-7.289199082900517,-8.007090514309748
k16-plus005,10.725375005869571,-7.166555541926971,-8.016938968065443
k16-plus005,10.79784375581984,-7.477600843534531,-8.434496696794529
k16-plus005,10.870312505770112,-8.265098864904068,-9.317697571762002
k16-plus005,10.94278125624956,-9.582224192240458,-10.703735517075266
k16-plus005,11.015250006199832,-11.479404803266446,-12.593687953967038
k16-plus005,11.087718756150103,-13.96379965995533,-14.938670593050611
k16-plus005,11.160187506100375,-16.99146467288198,-17.633328048953338
k16-plus005,11.232656256050644,-20.39622265459215,-20.512039743126632
k16-plus005,11.305125006000917,-23.892479276302478,-23.36076345562417
k16-plus005,11.377593756480366,-27.127701110645905,-25.93815089823519
k16-plus005,11.450062506430637,-29.73320596981936,-27.999437488445615
k16-plus005,11.522531256380908,-31.420470872383373,-29.333292253594795
k16-plus005,11.595000006331178,-32.005511703809724,-29.795466805245486
k16-plus005,11.667468756281451,-31.420470872383373,-29.333292253594795
k16-plus005,11.73993750623172,-29.73320596981936,-27.999437488445615
k16-plus005,11.81240625671117,-27.127701110645905,-25.93815089823519
k16-plus005,11.88487500666144,-23.892479276302478,-23.36076345562417
k16-plus005,11.957343756611712,-20.39622265459215,-20.512039743126632
k16-plus005,12.029812506561983,-16.99146467288198,-17.633328048953338
k16-plus005,12.102281256512255,-13.96379965995533,-14.938670593050611
k16-plus005,12.174750006462526,-11.479404803266446,-12.593687953967038
k16-plus005,12.247218756941974,-9.582224192240458,-10.703735517075266
k16-plus005,12.319687506892246,-8.265098864904068,-9.317697571762002
k16-plus005,12.392156256842517,-7.477600843534531,-8.434496696794529
k16-plus005,12.464625006792788,-7.166555541926971,-8.016938968065443
k16-plus005,12.53709375674306,-7.289199082900517,-8.007090514309748
k16-plus005,12.60956250669333,-7.78139354878872,-8.331728406757826
k16-plus005,12.682031257172778,-8.556500742979908,-8.907663315130671
k16-plus005,12.75450000712305,-9.513284961527836,-9.643636277318182
k16-plus005,12.82696875707332,-10.537564112040606,-10.44176156952916
k16-plus005,12.899437507023594,-11.50914518853875,-11.203607879678172
k16-plus005,12.971906256973863,-12.318366331662322,-11.836834525023372
k16-plus005,13.044375006924135,-12.876076114771667,-12.261711273099657
k16-plus005,13.116843757403585,-13.114317706226107,-12.417446485647098
k16-plus005,13.189312507353854,-12.989087246790621,-12.266915818072915
k16-plus005,13.261781257304127,-12.487422184456138,-11.79831068523027
k16-plus005,13.334250007254397,-11.627710572661302,-11.025347802698036
k16-plus005,13.406718757204667,-10.455430515519483,-9.985779050452905
k16-plus005,13.47918750715494,-9.038130428975187,-8.737009854638968
k16-plus005,13.551656257634388,-7.4653359778631145,-7.3492239995358855
k16-plus005,13.62412500758466,-5.837336440510187,-5.898021287684794
k16-plus005,13.69659375753493,-4.247702821670283,-4.456301036444386
k16-plus005,13.7690625074852,-2.7729212259459524,-3.0859138151703545
k16-plus005,13.841531257435474,-1.469291630520737,-1.8332741534109458
k16-plus005,13.914000007385743,-0.3633886752024694,-0.7272688696747002
k16-plus005,13.986468757865193,0.5545800791259561,0.22047870600910177
k16-plus005,14.058937507815463,1.303141654452745,1.0124257210013934
k16-plus005,14.131406257765734,1.9047005592492248,1.6618617265397628
k16-plus005,14.203875007716006,2.3865301400878653,2.188040764824443
k16-plus005,14.276343757666277,2.7707079198171694,2.6106788321542704
k16-plus005,14.348812507616548,3.076760394642156,2.948267398841321
k16-plus005,14.421281258095997,3.319864592790289,3.2172998167113187
k16-plus005,14.493750008046268,3.5130465368290564,3.4312863485556933
k16-plus005,14.56621875799654,3.6662616484734833,3.6013430497413292
k16-plus005,14.63868750794681,3.7879274979449047,3.7363773634704516
k16-plus005,14.711156257897082,3.8844358766041847,3.8435990961915607
k16-plus005,14.78362500837653,3.9611048009052294,3.9287286663383663
k16-plus005,14.8560937583268,4.022000604351708,3.9963503081232656
k16-plus005,14.928562508277073,4.070416708232358,4.050087584978626
k16-plus005,15.001031258227343,4.108953555068085,4.09282010103685
k16-plus005,15.073500008177614,4.1396130865450065,4.1268292589208
k16-plus005,15.145968758127886,4.164088449538118,4.153911295842267
k16-plus005,15.218437508607334,4.183563502617441,4.175503421982914
k16-plus005,15.290906258557607,4.19916890609288,4.192722147731798
k16-plus005,15.363375008507877,4.2115748628019825,4.206477340210828
k16-plus005,15.435843758458148,4.221561632033963,4.2174607536754545
k16-plus005,15.50831250840842,4.229484635310276,4.226252602908909
k16-plus005,15.58078125835869,4.235899447503906,4.233280242732184
k16-plus005,15.653250008838139,4.240972262156348,4.238917217449972
k16-plus005,15.72571875878841,4.245106501674394,4.243426933281134
k16-plus005,15.79818750873868,4.248362384855806,4.247051762042961
k16-plus005,15.870656258688953,4.251033672220802,4.24995378835763
k16-plus005,15.943125008639223,4.253129588429321,4.252290919899526
k16-plus005,16.015593758589496,4.254858477460152,4.2541633762041915
k16-plus005,16.088062509068944,4.256213577283816,4.255673716986389
k16-plus005,16.160531259019216,4.25733219655531,4.25688512708498
k16-plus005,16.233000008969487,4.258213709412748,4.2578629954611165
k16-plus005,16.30546875891976,4.25893478393688,4.258648928324366
k16-plus005,16.37793750887003,4.259513583728025,4.2592827495385
k16-plus005,16.4504062588203,4.259974626245191,4.259794105908836
k16-plus005,16.522875009299746,4.260359993897207,4.2602049842354575
k16-plus005,16.59534375925002,4.260650339388452,4.26053875909915
k16-plus005,16.66781250920029,4.260911663936265,4.26080485924525
k16-plus005,16.740281259150564,4.261089898516176,4.261023652396361
k16-plus005,16.81275000910083,4.261271167165654,4.261196499121795
k16-plus005,16.885218759051103,4.261376325567801,4.261341753501576
k16-plus005,16.95768750953055,4.26150619190866,4.261454599120339
k16-plus005,17.030156259480822,4.261569852946783,4.261552260785575
k16-plus005,17.102625009431097,4.261667174469692,4.261626507052947
k16-plus005,17.175093759381365,4.2617015832676,4.2616932429777155
k16-plus005,17.247562509331637,4.261773475750062,4.261742699672218
k16-plus005,17.320031259281908,4.2617908910372595,4.261788360378338
k16-plus005,17.392500009761356,4.261843517858259,4.261820973224754
k16-plus005,17.464968759711628,4.261852402375868,4.26185210305062
k16-plus005,17.5374375096619,4.261889477889629,4.261873926582389
k16-plus005,17.60990625961217,4.261895478000295,4.261895083435195
k16-plus005,17.682375009562442,4.261919464837272,4.261910104120403
k16-plus005,17.754843759512713,4.261926267683833,4.261924281252638
k16-plus005,17.82731250999216,4.261938961795517,4.261935084172976
k16-plus005,17.89978125994243,4.261948635443328,4.2619443088329145
k16-plus005,17.972250009892704,4.261951669512894,4.2619525538829475
k16-plus005,18.044718759842976,4.26196507112062,4.261958227456979
k16-plus005,18.117187509793247,4.261960091436937,4.261964935063689
k16-plus005,18.189656259743515,4.2619771801874995,4.261968064373106
k16-plus005,18.262125010222963,4.261965969096366,4.261973819581298
k16-plus005,18.334593760173238,4.261985969465257,4.261975030487986
k16-plus005,18.40706251012351,4.261970472580789,4.261980010171669
k16-plus005,18.47953126007378,4.261991942364538,4.261979887720431
k16-plus005,18.55200001002405,4.261973561073129,4.261984227936537
k16-plus005,18.624468759974324,4.261994962828411,4.261983275538019
k16-plus005,18.69693751045377,4.261976350240219,4.261986976286548
k16-plus005,18.769406260404043,4.261996337003416,4.2619856429286225
k16-plus005,18.841875010354315,4.2619793162813195,4.26198877223804
k16-plus005,18.914343760304583,4.261996391426189,4.261987493302887
k16-plus005,18.986812510254854,4.26198254083059,4.261989996750422
k16-plus005,19.05928126020513,4.261995466239056,4.261989017140516
k16-plus005,19.131750010684577,4.261986010282336,4.261990826697702
k16-plus005,19.20421876063485,4.261993860767268,4.261990336892749
k16-plus005,19.276687510585116,4.2619895613682415,4.26199138453112
k16-plus005,19.349156260535388,4.261991887941765,4.261991493376665
k16-plus005,19.421625010485663,4.261993044425681,4.2619917790962205
k16-plus005,19.494093760965107,4.261989833482104,4.261992513803649
k16-plus005,19.566562510915382,4.261996255369258,4.2619920784214695
k16-plus005,19.63903126086565,4.2619879695021465,4.261993398173702
k16-plus005,19.71150001081592,4.261999003719269,4.261992336929638
k16-plus005,19.783968760766193,4.261986500087289,4.261994146486824
k16-plus005,19.856437510716464,4.262001126207395,4.261992595437808
k16-plus005,19.928906261195916,4.261985629322929,4.261994758743015
k16-plus005,20.001375011146184,4.262002513988094,4.26199290836875
k16-plus005,20.073843761096455,4.261985452448918,4.261995248547967
k16-plus005,20.146312511046727,4.262003099032898,4.26199326211677
k16-plus005,20.218781260996998,4.261986010282336,4.261995602295988
k16-plus005,20.29125001094727,4.262002894947502,4.261993683893258
k16-plus005,20.363718761426718,4.2619872620061034,4.261995819987078
k16-plus005,20.43618751137699,4.262001956154676,4.26199417369821
k16-plus005,20.50865626132726,4.261989153197447,4.261995956044009
k16-plus005,20.58112501127753,4.262000418711353,4.261994704320242
k16-plus005,20.653593761227803,4.2619915069823575,4.261995983255395
k16-plus005,20.726062511178075,4.2619984594915445,4.26199526215366
k16-plus005,20.798531261657523,4.2619941600925175,4.261995969649702
k16-plus005,20.871000011607794,4.261996268974951,4.261995833592771
k16-plus005,20.943468761558062,4.261996894836835,4.2619959152269296
k16-plus005,21.015937511508337,4.261994064852665,4.261996391426189
k16-plus005,21.08840626145861,4.261999507129914,4.261995847198464
k16-plus005,21.160875011408876,4.2619920512100835,4.261996894836835
k16-plus005,21.233343761888328,4.2620017792806655,4.261995819987078
k16-plus005,21.305812511838596,4.261990418526907,4.261997330219014
k16-plus005,21.378281261788867,4.262003561626465,4.261995819987078
k16-plus005,21.450750011739142,4.261989330071459,4.261997683967035
k16-plus005,21.52321876168941,4.262004704504687,4.2619958880155435
k16-plus005,21.59568751163968,4.261988894689278,4.261997942475205
k16-plus005,21.66815626211913,4.262005139886868,4.261996010466782
k16-plus005,21.7406250120694,4.261989139591755,4.26199809213783
k16-plus005,21.813093762019676,4.262004854167311,4.261996228157871
k16-plus005,21.885562511969944,4.261990064778887,4.261998146560602
k16-plus005,21.958031261920215,4.2620038881631,4.261996500271734
k16-plus005,22.030500011870487,4.2619915886165165,4.261998105743523
k16-plus005,22.102968762349935,4.262002350719777,4.261996826808368
k16-plus005,22.175437512300206,4.261993602259099,4.261997983292285
k16-plus005,22.247906262250478,4.262000377894274,4.261997194162083
k16-plus005,22.32037501220075,4.2619959152269296,4.2619978064182735
k16-plus005,22.39284376215102,4.261998146560602,4.2619975615157975
k16-plus005,22.46531251210129,4.261998350645999,4.261997588727184
k16-plus005,22.53778126258074,4.261995874409851,4.261997942475205
k16-plus005,22.610250012531008,4.26200070443091,4.261997371036094
k16-plus005,22.682718762481283,4.261993765527417,4.26199826901184
k16-plus005,22.755187512431554,4.262002786101958,4.26199718055639
k16-plus005,22.827656262381822,4.261991983181617,4.261998541125703
k16-plus005,22.900125012332094,4.262004405179439,4.261997017288072
k16-plus005,22.97259376281154,4.261990704246464,4.261998731605407
k16-plus005,23.045062512761817,4.262005439212116,4.261996908442527
k16-plus005,23.117531262712088,4.2619900375675,4.261998840450952
k16-zero,0.0,4.280507059371261,4.280497059186815
k16-zero,0.07246874995027121,4.280489371970201,4.2804992633091015
k16-zero,0.14493749990054242,4.28050666480616,4.2804971000038945
k16-zero,0.21740625037999084,4.280490120283322,4.280499140857863
k16-zero,0.2898750003302621,4.280505521927937,4.2804972088494395
k16-zero,0.3623437502805333,4.280491562486794,4.280498936772466
k16-zero,0.4348125002308045,4.280503712370753,4.280497399329143
k16-zero,0.5072812501810757,4.280493548917989,4.280498637447217
k16-zero,0.5797500001313469,4.280501385797228,4.280497630625926
k16-zero,0.6522187506107954,4.280495929914286,4.280498270093503
k16-zero,0.7246875005610666,4.280498759898455,4.280497875528402
k16-zero,0.7971562505113378,4.280498487784593,4.280497861922709
k16-zero,0.869625000461609,4.28049603875983,4.280498120430878
k16-zero,0.9420937504118803,4.2805009912321275,4.280497440146223
k16-zero,1.0145625008913286,4.280493440072444,4.280498338121968
k16-zero,1.0870312508416,4.2805032225658,4.280497045581122
k16-zero,1.1595000007918712,4.280491195133079,4.280498487784593
k16-zero,1.2319687507421422,4.280504964094519,4.280496691833101
k16-zero,1.3044375006924134,4.280489494421438,4.280498555813058
k16-zero,1.376906251171862,4.280506079761356,4.280496406113545
k16-zero,1.4493750011221331,4.280488460388761,4.280498514995979
k16-zero,1.5218437510724045,4.280506433509377,4.280496188422456
k16-zero,1.5943125010226755,4.280488188274899,4.280498365333354
k16-zero,1.6667812509729467,4.280505970915811,4.280496052365524
k16-zero,1.739250000923218,4.2804886916855445,4.280498093219492
k16-zero,1.8117187514026665,4.280504732797737,4.280495997942752
k16-zero,1.8841875013529374,4.280489916197926,4.280497725865778
k16-zero,1.9566562513032089,4.280502773577926,4.280496025154138
k16-zero,2.02912500125348,4.280491752966498,4.280497263272212
k16-zero,2.1015937512037515,4.280500256524699,4.280496093182603
k16-zero,2.1740625016832,4.280494025117249,4.280496719044487
k16-zero,2.246531251633471,4.280497372117757,4.280496174816762
k16-zero,2.3190000015837424,4.28049651495909,4.280496133999683
k16-zero,2.3914687515340134,4.280494338048191,4.280496270056614
k16-zero,2.4639375014842844,4.280499018406625,4.280495521743492
k16-zero,2.536406251963733,4.280491385612783,4.280496324479387
k16-zero,2.6088750019140043,4.280501249740297,4.280494923092994
k16-zero,2.6813437518642758,4.28048875971401,4.280496324479387
k16-zero,2.7538125018145463,4.280503032086096,4.280494351653884
k16-zero,2.8262812517648177,4.2804866644372686,4.280496215633842
k16-zero,2.8987500017150887,4.280504134147239,4.280493848243238
k16-zero,2.9712187521945377,4.280485263050878,4.280496011548444
k16-zero,3.043687502144809,4.280504447078181,4.280493412861058
k16-zero,3.1161562520950796,4.280484650794687,4.280495657800423
k16-zero,3.188625002045351,4.280503862033377,4.2804930455073436
k16-zero,3.261093751995622,4.280484868485777,4.280495167995471
k16-zero,3.333562502475071,4.280502406224213,4.280492759787788
k16-zero,3.4060312524253415,4.280485861701375,4.280494528527894
k16-zero,3.478500002375613,4.280500106862075,4.280492501279619
k16-zero,3.5509687523258844,4.280487521595935,4.280493753003387
k16-zero,3.6234375022761554,4.2804971272152805,4.280492269982836
k16-zero,3.695906252755604,4.280489657689756,4.280492841421947
k16-zero,3.768375002705875,4.280493616946456,4.280492011474666
k16-zero,3.8408437526561463,4.28049202508036,4.280491780177884
k16-zero,3.9133125026064177,4.280489793746687,4.280491657726645
k16-zero,3.9857812525566887,4.280494338048191,4.280490582876888
k16-zero,4.05825000250696,4.280485902518454,4.2804911271046135
k16-zero,4.130718752986408,4.28049625645092,4.280489208701883
k16-zero,4.20318750293668,4.280482120135766,4.280490337974412
k16-zero,4.275656252886951,4.280497467357609,4.28048763044148
k16-zero,4.3481250028372225,4.2804786098669405,4.280489127067724
k16-zero,4.420593752787493,4.280497630625926,4.280485739250137
k16-zero,4.493062503266942,4.280475439740443,4.280487358327618
k16-zero,4.565531253217213,4.280496392507851,4.280483344648148
k16-zero,4.638000003167485,4.280472541727807,4.280484596371915
k16-zero,4.710468753117756,4.280493399255365,4.280479929619173
k16-zero,4.782937503068027,4.280469412418389,4.2804803377899665
k16-zero,4.855406253547475,4.28048731751054,4.280475031569649
k16-zero,4.927875003497746,4.280464963356739,4.28047407917113
k16-zero,5.000343753448018,4.2804783105416915,4.28046802463769
k16-zero,5.072812503398288,4.28045922175424,4.28046509941367
k16-zero,5.14528125334856,4.28046588854387,4.28045813329879
k16-zero,5.217750003298831,4.280451003915594,4.280452582175996
k16-zero,5.29021875377828,4.280449017484398,4.28044414664626
k16-zero,5.3626875037285515,4.280438527495,4.2804349219863225
k16-zero,5.435156253678821,4.280426091891486,4.280423983009052
k16-zero,5.507625003629093,4.280419234622151,4.280409669819886
k16-zero,5.580093753579364,4.280394676346065,4.280394581106212
k16-zero,5.652562504058813,4.280389356520053,4.2803731249281585
k16-zero,5.725031254009084,4.28035082519713,4.280351246973615
k16-zero,5.797500003959355,4.280343328460218,4.280319640948491
k16-zero,5.869968753909626,4.280288415882774,4.280286946467917
k16-zero,5.942437503859898,4.280272905392614,4.2802405782657535
k16-zero,6.014906254339347,4.280197978840586,4.280190931091548
k16-zero,6.087375004289618,4.280165787770657,4.280123188345488
k16-zero,6.159843754239888,4.280064751893525,4.280048547513015
k16-zero,6.232312504190159,4.280003322189075,4.279949525278466
k16-zero,6.304781254140431,4.279869170054882,4.27983587692381
k16-zero,6.377250004090702,4.279765848421306,4.279688717746992
k16-zero,6.449718754570151,4.2795797633564625,4.279514415212393
k16-zero,6.522187504520422,4.279402440357991,4.279292941739737
k16-zero,6.594656254470693,4.279135700744315,4.279024324540409
k16-zero,6.6671250044209645,4.278844647757028,4.278686672054176
k16-zero,6.739593754371236,4.278453035091868,4.278271603174073
k16-zero,6.812062504850683,4.277988781631126,4.277754491595548
k16-zero,6.8845312548009545,4.2774023082290595,4.277113921957624
k16-zero,6.957000004751226,4.27667432201282,4.276319254239389
k16-zero,7.029468754701497,4.275782632096925,4.275330650971379
k16-zero,7.101937504651769,4.274651672461769,4.274105798447982
k16-zero,7.174406255131217,4.273282014546464,4.272578504972153
k16-zero,7.246875005081488,4.271532785004413,4.2706851503228505
k16-zero,7.31934375503176,4.269414813967343,4.268321392439514
k16-zero,7.391812504982031,4.266711253898259,4.265386671644269
k16-zero,7.4642812549323025,4.26342088028478,4.2617200597988605
k16-zero,7.536750004882573,4.259236326913565,4.257158887236309
k16-zero,7.609218755362021,4.254108613289371,4.251456237837816
k16-zero,7.681687505312293,4.247615704417216,4.244347317603824
k16-zero,7.754156255262564,4.239604617883624,4.235451942651396
k16-zero,7.826625005212835,4.229496295389283,4.224339710484282
k16-zero,7.899093755163106,4.216948771443236,4.210420800699903
k16-zero,7.971562505642555,4.201153296434869,4.192997254846746
k16-zero,8.044031255592826,4.181450688138065,4.1711451783332905
k16-zero,8.116500005543097,4.156676244798722,4.143736509537019
k16-zero,8.188968755493368,4.125650815416645,4.109313153537326
k16-zero,8.26143750544364,4.086640177529295,4.066058382948576
k16-zero,8.333906255923088,4.037635586603997,4.011659066671545
k16-zero,8.40637500587336,3.975985265839689,3.943200824422205
k16-zero,8.47884375582363,3.8983698614965436,3.8570113979925047
k16-zero,8.551312505773902,3.80065551501592,3.748449572527246
k16-zero,8.623781255724174,3.6774685762647343,3.6117204248171784
k16-zero,8.696250005674445,3.5223247759859646,3.439524065119635
k16-zero,8.768718756153893,3.3267074128781813,3.2228410345609064
k16-zero,8.841187506104163,3.0805314982107497,2.950419248054267
k16-zero,8.913656256054436,2.770610802379657,2.6085878003895835
k16-zero,8.986125006004706,2.3815886475854455,2.180672139120119
k16-zero,9.058593755954979,1.8937030230751362,1.6480496214464
k16-zero,9.131062506434427,1.2846484290062574,0.9908722350292163
k16-zero,9.203531256384696,0.52691513349402,0.1899080605253534
k16-zero,9.27600000633497,-0.4016501836264664,-0.7678659313801903
k16-zero,9.34846875628524,-1.5197102203152295,-1.884449682336643
k16-zero,9.420937506235513,-2.836138378330303,-3.1475721088708317
k16-zero,9.493406256714959,-4.32282929575336,-4.527527819553164
k16-zero,9.56587500666523,-5.9223832608314195,-5.977052786173874
k16-zero,9.638343756615502,-7.557208583944449,-7.433462845771009
k16-zero,9.710812506565773,-9.132774827676617,-8.823217580725919
k16-zero,9.783281256516043,-10.548324963577125,-10.070384311609523
k16-zero,9.855750006466316,-11.714580583072403,-11.10473781120091
k16-zero,9.928218756945764,-12.564421563831752,-11.869164359416537
k16-zero,10.000687506896035,-13.052996343910127,-12.326505570219439
k16-zero,10.073156256846307,-13.16285781239388,-12.463860239670836
k16-zero,10.145625006796577,-12.90819442145385,-12.293978371641831
k16-zero,10.21809375674685,-12.334163262479853,-11.855028697335015
k16-zero,10.290562507226296,-11.509807717765373,-11.20882902359704
k16-zero,10.36303125717657,-10.525407466052288,-10.43600965391587
k16-zero,10.435500007126839,-9.491773843684044,-9.629601066068988
k16-zero,10.50796875707711,-8.529598627744301,-8.888500036509262
k16-zero,10.580437507027382,-7.753122265442758,-8.310734196407163
k16-zero,10.65290625750683,-7.263334306525684,-7.987467336049397
k16-zero,10.725375007457103,-7.146456055561768,-8.001665638742057
k16-zero,10.797843757407373,-7.465446823444989,-8.426245537805784
k16-zero,10.870312507357642,-8.262539389125157,-9.318854708750726
k16-zero,10.942781257307916,-9.591162030561122,-10.716425655896627
k16-zero,11.015250007258185,-11.501657907584699,-12.619742080773063
k16-zero,11.087718757737635,-14.00138639402889,-14.979610354954485
k16-zero,11.160187507687906,-17.046330963758376,-17.690205832712426
k16-zero,11.232656257638176,-20.469671043302515,-20.58514910517576
k16-zero,11.30512500758845,-23.98452472910925,-23.44945017981521
k16-zero,11.377593757538719,-27.23670774703643,-26.040656598394623
k16-zero,11.450062508018169,-29.855764965015844,-28.11286152603946
k16-zero,11.52253125796844,-31.551765430060858,-29.453732094058903
k16-zero,11.59500000791871,-32.13983133769048,-29.918329656386476
k16-zero,11.667468757868981,-31.551765430060858,-29.453732094058903
k16-zero,11.739937507819253,-29.855764965015844,-28.11286152603946
k16-zero,11.812406258298703,-27.23670774703643,-26.040656598394623
k16-zero,11.884875008248972,-23.98452472910925,-23.44945017981521
k16-zero,11.957343758199244,-20.469671043302515,-20.58514910517576
k16-zero,12.029812508149515,-17.046330963758376,-17.690205832712426
k16-zero,12.102281258099786,-14.00138639402889,-14.979610354954485
k16-zero,12.174750008050058,-11.501657907584699,-12.619742080773063
k16-zero,12.247218758529506,-9.591162030561122,-10.716425655896627
k16-zero,12.319687508479776,-8.262539389125157,-9.318854708750726
k16-zero,12.392156258430049,-7.465446823444989,-8.426245537805784
k16-zero,12.464625008380319,-7.146456055561768,-8.001665638742057
k16-zero,12.537093758330592,-7.263334306525684,-7.987467336049397
k16-zero,12.60956250881004,-7.753122265442758,-8.310734196407163
k16-zero,12.68203125876031,-8.529598627744301,-8.888500036509262
k16-zero,12.754500008710583,-9.491773843684044,-9.629601066068988
k16-zero,12.826968758660852,-10.525407466052288,-10.43600965391587
k16-zero,12.899437508611125,-11.509807717765373,-11.20882902359704
k16-zero,12.971906259090572,-12.334163262479853,-11.855028697335015
k16-zero,13.044375009040843,-12.90819442145385,-12.293978371641831
k16-zero,13.116843758991115,-13.16285781239388,-12.463860239670836
k16-zero,13.189312508941386,-13.052996343910127,-12.326505570219439
k16-zero,13.261781258891657,-12.564421563831752,-11.869164359416537
k16-zero,13.334250008841929,-11.714580583072403,-11.10473781120091
k16-zero,13.406718759321377,-10.548324963577125,-10.070384311609523
k16-zero,13.479187509271648,-9.132774827676617,-8.823217580725919
k16-zero,13.55165625922192,-7.557208583944449,-7.433462845771009
k16-zero,13.62412500917219,-5.9223832608314195,-5.977052786173874
k16-zero,13.696593759122463,-4.32282929575336,-4.527527819553164
k16-zero,13.769062509601909,-2.836138378330303,-3.1475721088708317
k16-zero,13.841531259552182,-1.5197102203152295,-1.884449682336643
k16-zero,13.914000009502452,-0.4016501836264664,-0.7678659313801903
k16-zero,13.986468759452723,0.52691513349402,0.1899080605253534
k16-zero,14.058937509402995,1.2846484290062574,0.9908722350292163
k16-zero,14.131406259882443,1.8937030230751362,1.6480496214464
k16-zero,14.203875009832716,2.3815886475854455,2.180672139120119
k16-zero,14.276343759782986,2.770610802379657,2.6085878003895835
k16-zero,14.348812509733257,3.0805314982107497,2.950419248054267
k16-zero,14.421281259683528,3.3267074128781813,3.2228410345609064
k16-zero,14.4937500096338,3.5223247759859646,3.439524065119635
k16-zero,14.566218760113248,3.6774685762647343,3.6117204248171784
k16-zero,14.63868751006352,3.80065551501592,3.748449572527246
k16-zero,14.711156260013789,3.8983698614965436,3.8570113979925047
k16-zero,14.783625009964062,3.975985265839689,3.943200824422205
k16-zero,14.856093759914332,4.037635586603997,4.011659066671545
k16-zero,14.928562510393782,4.086640177529295,4.066058382948576
k16-zero,15.001031260344053,4.125650815416645,4.109313153537326
k16-zero,15.073500010294323,4.156676244798722,4.143736509537019
k16-zero,15.145968760244596,4.181450688138065,4.1711451783332905
k16-zero,15.218437510194866,4.201153296434869,4.192997254846746
k16-zero,15.290906260674316,4.216948771443236,4.210420800699903
k16-zero,15.363375010624585,4.229496295389283,4.224339710484282
k16-zero,15.435843760574857,4.239604617883624,4.235451942651396
k16-zero,15.508312510525128,4.247615704417216,4.244347317603824
k16-zero,15.5807812604754,4.254108613289371,4.251456237837816
k16-zero,15.65325001042567,4.259236326913565,4.257158887236309
k16-zero,15.725718760905119,4.26342088028478,4.2617200597988605
k16-zero,15.79818751085539,4.266711253898259,4.265386671644269
k16-zero,15.870656260805662,4.269414813967343,4.268321392439514
k16-zero,15.943125010755933,4.271532785004413,4.2706851503228505
k16-zero,16.015593760706206,4.273282014546464,4.272578504972153
k16-zero,16.08806251118565,4.274651672461769,4.274105798447982
k16-zero,16.160531261135922,4.275782632096925,4.275330650971379
k16-zero,16.233000011086194,4.27667432201282,4.276319254239389
k16-zero,16.305468761036465,4.2774023082290595,4.277113921957624
k16-zero,16.377937510986737,4.277988781631126,4.277754491595548
k16-zero,16.450406261466185,4.278453035091868,4.278271603174073
k16-zero,16.522875011416456,4.278844647757028,4.278686672054176
k16-zero,16.595343761366728,4.279135700744315,4.279024324540409
k16-zero,16.667812511317,4.279402440357991,4.279292941739737
k16-zero,16.74028126126727,4.2795797633564625,4.279514415212393
k16-zero,16.812750011217542,4.279765848421306,4.279688717746992
k16-zero,16.88521876169699,4.279869170054882,4.27983587692381
k16-zero,16.95768751164726,4.280003322189075,4.279949525278466
k16-zero,17.030156261597533,4.280064751893525,4.280048547513015
k16-zero,17.102625011547804,4.280165787770657,4.280123188345488
k16-zero,17.175093761498072,4.280197978840586,4.280190931091548
k16-zero,17.247562511977524,4.280272905392614,4.2802405782657535
k16-zero,17.32003126192779,4.280288415882774,4.280286946467917
k16-zero,17.392500011878067,4.280343328460218,4.280319640948491
k16-zero,17.464968761828338,4.28035082519713,4.280351246973615
k16-zero,17.537437511778606,4.280389356520053,4.2803731249281585
k16-zero,17.609906262258058,4.280394676346065,4.280394581106212
k16-zero,17.682375012208325,4.280419234622151,4.280409669819886
k16-zero,17.7548437621586,4.280426091891486,4.280423983009052
k16-zero,17.827312512108872,4.280438527495,4.2804349219863225
k16-zero,17.89978126205914,4.280449017484398,4.28044414664626
k16-zero,17.97225001200941,4.280451003915594,4.280452582175996
k16-zero,18.04471876248886,4.28046588854387,4.28045813329879
k16-zero,18.11718751243913,4.28045922175424,4.28046509941367
k16-zero,18.189656262389406,4.2804783105416915,4.28046802463769
k16-zero,18.262125012339673,4.280464963356739,4.28047407917113
k16-zero,18.334593762289945,4.28048731751054,4.280475031569649
k16-zero,18.407062512769393,4.280469412418389,4.2804803377899665
k16-zero,18.479531262719664,4.280493399255365,4.280479929619173
k16-zero,18.55200001266994,4.280472541727807,4.280484596371915
k16-zero,18.624468762620207,4.280496392507851,4.280483344648148
k16-zero,18.69693751257048,4.280475439740443,4.280487358327618
k16-zero,18.769406263049927,4.280497630625926,4.280485739250137
k16-zero,18.841875013000198,4.2804786098669405,4.280489127067724
k16-zero,18.91434376295047,4.280497467357609,4.28048763044148
k16-zero,18.98681251290074,4.280482120135766,4.280490337974412
k16-zero,19.059281262851012,4.28049625645092,4.280489208701883
k16-zero,19.131750012801284,4.280485902518454,4.2804911271046135
k16-zero,19.204218763280732,4.280494338048191,4.280490582876888
k16-zero,19.276687513231003,4.280489793746687,4.280491657726645
k16-zero,19.349156263181275,4.28049202508036,4.280491780177884
k16-zero,19.421625013131546,4.280493616946456,4.280492011474666
k16-zero,19.494093763081818,4.280489657689756,4.280492841421947
k16-zero,19.566562513561266,4.2804971272152805,4.280492269982836
k16-zero,19.639031263511537,4.280487521595935,4.280493753003387
k16-zero,19.711500013461805,4.280500106862075,4.280492501279619
k16-zero,19.78396876341208,4.280485861701375,4.280494528527894
k16-zero,19.85643751336235,4.280502406224213,4.280492759787788
k16-zero,19.9289062638418,4.280484868485777,4.280495167995471
k16-zero,20.00137501379207,4.280503862033377,4.2804930455073436
k16-zero,20.07384376374234,4.280484650794687,4.280495657800423
k16-zero,20.146312513692614,4.280504447078181,4.280493412861058
k16-zero,20.218781263642885,4.280485263050878,4.280496011548444
k16-zero,20.291250013593153,4.280504134147239,4.280493848243238
k16-zero,20.363718764072605,4.2804866644372686,4.280496215633842
k16-zero,20.436187514022873,4.280503032086096,4.280494351653884
k16-zero,20.508656263973144,4.28048875971401,4.280496324479387
k16-zero,20.58112501392342,4.280501249740297,4.280494923092994
k16-zero,20.653593763873687,4.280491385612783,4.280496324479387
k16-zero,20.72606251435314,4.280499018406625,4.280495521743492
k16-zero,20.798531264303406,4.280494338048191,4.280496270056614
k16-zero,20.871000014253678,4.28049651495909,4.280496133999683
k16-zero,20.943468764203953,4.280497372117757,4.280496174816762
k16-zero,21.01593751415422,4.280494025117249,4.280496719044487
k16-zero,21.088406264633672,4.280500256524699,4.280496093182603
k16-zero,21.16087501458394,4.280491752966498,4.280497263272212
k16-zero,21.23334376453421,4.280502773577926,4.280496025154138
k16-zero,21.305812514484483,4.280489916197926,4.280497725865778
k16-zero,21.378281264434754,4.280504732797737,4.280495997942752
k16-zero,21.450750014385026,4.2804886916855445,4.280498093219492
k16-zero,21.523218764864474,4.280505970915811,4.280496052365524
k16-zero,21.595687514814745,4.280488188274899,4.280498365333354
k16-zero,21.668156264765017,4.280506433509377,4.280496188422456
k16-zero,21.740625014715285,4.280488460388761,4.280498514995979
k16-zero,21.81309376466556,4.280506079761356,4.280496406113545
k16-zero,21.885562515145008,4.280489494421438,4.280498555813058
k16-zero,21.95803126509528,4.280504964094519,4.280496691833101
k16-zero,22.03050001504555,4.280491195133079,4.280498487784593
k16-zero,22.10296876499582,4.2805032225658,4.280497045581122
k16-zero,22.175437514946093,4.280493440072444,4.280498338121968
k16-zero,22.24790626542554,4.2805009912321275,4.280497440146223
k16-zero,22.320375015375813,4.28049603875983,4.280498120430878
k16-zero,22.392843765326084,4.280498487784593,4.280497861922709
k16-zero,22.465312515276352,4.280498759898455,4.280497875528402
k16-zero,22.537781265226624,4.280495929914286,4.280498270093503
k16-zero,22.6102500151769,4.280501385797228,4.280497630625926
k16-zero,22.682718765656347,4.280493548917989,4.280498637447217
k16-zero,22.755187515606618,4.280503712370753,4.280497399329143
k16-zero,22.827656265556886,4.280491562486794,4.280498936772466
k16-zero,22.900125015507157,4.280505521927937,4.2804972088494395
k16-zero,22.972593765457432,4.280490120283322,4.280499140857863
k16-zero,23.04506251593688,4.28050666480616,4.2804971000038945
k16-zero,23.117531265887152,4.280489371970201,4.2804992633091015
minus005,0.0,4.299184043309068,4.299172954669172
minus005,0.07246874995027121,4.29916445111097,4.299175390088242
minus005,0.14493749990054242,4.299183607926887,4.299173009091945
minus005,0.21740625037999084,4.299165281058251,4.299175281242697
minus005,0.2898750003302621,4.299182342597427,4.299173131543183
minus005,0.3623437502805333,4.299166859318653,4.29917503634022
minus005,0.4348125002308045,4.299180342560538,4.29917333562858
minus005,0.5072812501810757,4.29916906344094,4.299174709803585
minus005,0.5797500006605242,4.29917778469023,4.299173594136748
minus005,0.6522187506107954,4.299171702945405,4.299174315238484
minus005,0.7246875005610666,4.299174886677596,4.299173879856305
minus005,0.7971562505113378,4.299174532929574,4.299173879856305
minus005,0.869625000461609,4.299171879819415,4.29917416557586
minus005,0.9420937509410574,4.299177322096664,4.299173430868431
minus005,1.0145625008913286,4.299169022623859,4.2991744104783365
minus005,1.0870312508416,4.299179798332814,4.299172995486251
minus005,1.1595000007918712,4.299166546387711,4.299174587352347
minus005,1.2319687507421422,4.299181757552622,4.299172614526844
minus005,1.3044375012215907,4.299164655196368,4.299174668986506
minus005,1.376906251171862,4.2991830092763905,4.2991723015959025
minus005,1.4493750011221331,4.299163525923838,4.29917464177512
minus005,1.5218437510724045,4.299183417447184,4.299172083904812
minus005,1.594312501551853,4.299163212992896,4.299174505718188
minus005,1.666781251502124,4.299182954853618,4.299171947847881
minus005,1.7392500014523953,4.299163770826314,4.299174233604326
minus005,1.8117187514026665,4.299181607889998,4.299171907030802
minus005,1.8841875013529374,4.299165131395626,4.299173839039225
minus005,1.956656251832386,4.299179485401871,4.299171947847881
minus005,2.029125001782657,4.299167172249595,4.299173349234272
minus005,2.1015937517329286,4.2991767370518605,4.299172043087733
minus005,2.1740625016832,4.299169689302823,4.299172764189469
minus005,2.246531251633471,4.299173566925362,4.299172165538971
minus005,2.3190000021129196,4.299172478469913,4.2991721383275845
minus005,2.3914687520631905,4.299170233530547,4.299172287990209
minus005,2.463937502013462,4.299175267637003,4.299171498860008
minus005,2.536406251963733,4.299166995375584,4.299172383230061
minus005,2.6088750019140043,4.29917778469023,4.299170859392431
minus005,2.681343752393453,4.2991641109686425,4.2991724104414475
minus005,2.753812502343724,4.299179798332814,4.299170260741934
minus005,2.8262812522939953,4.2991618116065045,4.2991723288072885
minus005,2.8987500022442663,4.299181077267967,4.299169730119902
minus005,2.9712187521945377,4.299160260557488,4.2991721383275845
minus005,3.043687502673986,4.29918148543876,4.299169281132029
minus005,3.116156252624257,4.299159580272833,4.299171798185257
minus005,3.1886250025745286,4.2991809276053425,4.299168913778314
minus005,3.2610937525247996,4.299159825175309,4.299171294774611
minus005,3.333562502475071,4.299179376556326,4.299168628058759
minus005,3.406031252954519,4.299160940842145,4.299170641701341
minus005,3.4785000029047906,4.299176927531564,4.299168396761976
minus005,3.550968752855062,4.29916279121641,4.299169838965447
minus005,3.623437502805333,4.299173702982293,4.2991681926765795
minus005,3.695906252755604,4.299165185818398,4.299168872961236
minus005,3.7683750032350525,4.299169906993912,4.299167961379796
minus005,3.840843753185324,4.299167866139944,4.299167770900092
minus005,3.913312503135595,4.29916575725751,4.299167634843161
minus005,3.985781253085866,4.299170492038717,4.299166532782018
minus005,4.058250003565314,4.299161525886949,4.299167145038209
minus005,4.130718753515586,4.299172736978082,4.299165117789934
minus005,4.203187503465857,4.2991574305733185,4.299166383119394
minus005,4.275656253416129,4.299174233604326,4.299163498712452
minus005,4.3481250033664,4.299153661796324,4.299165213029784
minus005,4.420593753845847,4.299174614563733,4.299161566704028
minus005,4.493062503796119,4.299150287584429,4.299163444289679
minus005,4.56553125374639,4.29917351250259,4.299159131284959
minus005,4.6380000036966615,4.2991472671205555,4.299160668728282
minus005,4.710468753646932,4.299170560067183,4.2991556754389055
minus005,4.782937504126381,4.299144069782672,4.299156382934949
minus005,4.8554062540766525,4.299164383082505,4.299150750177995
minus005,4.927875004026924,4.299139688749487,4.299150056287647
minus005,5.000343753977195,4.299155185633953,4.299143702428958
minus005,5.072812503927466,4.29913408320392,4.299140994896026
minus005,5.145281254406914,4.29914245070519,4.299133770272978
minus005,5.217750004357185,4.29912606945067,4.299128355207115
minus005,5.290218754307457,4.2991251578692316,4.299119715591982
minus005,5.362687504257728,4.299113824326859,4.29911051814343
minus005,5.435156254207999,4.29910171525998,4.299099456714922
minus005,5.507625004687448,4.299094735539407,4.299085034680211
minus005,5.580093754637719,4.299069687458369,4.299069850726687
minus005,5.652562504587991,4.299064979888548,4.2990481360404615
minus005,5.725031254538262,4.299025115207697,4.299026217268841
minus005,5.7975000044885325,4.299018924617327,4.2989941486501495
minus005,5.869968754967981,4.298961848734676,4.298961399746802
minus005,5.942437504918252,4.298948202224473,4.298914364865676
minus005,6.0149062548685235,4.298870336842731,4.298864568028846
minus005,6.087375004818794,4.298840363500781,4.298795886489962
minus005,6.159843754769065,4.298735722114972,4.298720878303775
minus005,6.232312505248514,4.298676537349886,4.298620563528378
minus005,6.304781255198786,4.298538208267906,4.298506180466293
minus005,6.377250005149057,4.298436777825673,4.298357198126596
minus005,6.449718755099328,4.298245971585316,4.298181507811299
minus005,6.522187505578776,4.298069641802442,4.29795744925695
minus005,6.594656255529047,4.2977975551513685,4.297686369427168
minus005,6.667125005479319,4.297505903513584,4.29734490734686
minus005,6.73959375542959,4.297108045835281,4.29692571594174
minus005,6.812062505379861,4.296640717487893,4.296402849155023
minus005,6.88453125585931,4.296046475235054,4.295755544699004
minus005,6.957000005809581,4.29531167256656,4.294952114914398
minus005,7.0294687557598525,4.294409615112505,4.293952722331742
minus005,7.101937505710124,4.293266383142153,4.292714332143687
minus005,7.1744062556603945,4.29188188141565,4.291169977128682
minus005,7.246875006139843,4.2901123249680735,4.289255520049346
minus005,7.319343756090114,4.287971931748736,4.286864904527784
minus005,7.391812506040385,4.28523599013002,4.283897094686865
minus005,7.464281255990657,4.281910513828284,4.280188223558617
minus005,7.536750005940927,4.277675252038799,4.275574927585709
minus005,7.609218756420376,4.272491714255722,4.269805746347846
minus005,7.681687506370648,4.265919824334987,4.262614375613528
minus005,7.754156256320919,4.257819212340647,4.253613991921578
minus005,7.82662500627119,4.247587717506462,4.242370954620778
minus005,7.89909375622146,4.234896326961334,4.228285769660744
minus005,7.971562506700909,4.2189079232244815,4.210654056702804
minus005,8.04403125665118,4.198973950116121,4.188537730417515
minus005,8.116500006601452,4.173895446746866,4.160796824200872
minus005,8.188968756551722,4.142497806418023,4.125951977433922
minus005,8.261437506501993,4.103004914737929,4.082165605203471
minus005,8.333906256981443,4.053401360384276,4.027092154043581
minus005,8.406375006931714,3.990982454015451,3.957781868868108
minus005,8.478843756881984,3.9124032767942447,3.8705126538150862
minus005,8.551312506832257,3.8134598464196627,3.7605854562278562
minus005,8.623781256782527,3.6887233960957793,3.6221291065929035
minus005,8.696250007261975,3.531613355469646,3.447752298515469
minus005,8.768718757212248,3.333514545233012,3.2283209995800553
minus005,8.841187507162518,3.0842068993339162,2.952445231000133
minus005,8.91365625711279,2.770344783867716,2.6062899212723476
minus005,8.98612500706306,2.3763841570349586,2.1729986234386023
minus005,9.058593757542509,1.8823294663602077,1.633816828321674
minus005,9.13106250749278,1.265636214395593,0.9687645891761394
minus005,9.203531257443052,0.49857432505619914,0.1586416607123745
minus005,9.276000007393323,-0.44075806140256535,-0.8092975254847654
minus005,9.348468757872771,-1.5711587338677466,-1.936583922822559
minus005,9.42093750782304,-2.9005157425900245,-3.210283850572743
minus005,9.493406257773314,-4.3991901871621,-4.599860623061605
minus005,9.565875007723584,-6.008675274187268,-6.057191420729452
minus005,9.638343757673857,-7.650263252644309,-7.518752037909533
minus005,9.710812508153305,-9.228463109577216,-8.91036516088242
minus005,9.783281258103575,-10.642073645077497,-10.155772240263042
minus005,9.855750008053848,-11.80208308133971,-11.184718143517
minus005,9.928218758004117,-12.641807548977459,-11.940396163026078
minus005,10.00068750795439,-13.11703981085492,-12.38625791039878
minus005,10.073156258433837,-13.211296542542193,-12.510232401090699
minus005,10.145625008384108,-12.940009443630627,-12.326025275646503
minus005,10.21809375833438,-12.349495354791838,-11.872862726949695
minus005,10.290562508284651,-11.509895107132301,-11.213596159142089
minus005,10.363031258234923,-10.512633135201883,-10.429758382153578
minus005,10.43550000871437,-9.469669721705486,-9.615067913662878
minus005,10.507968758664642,-8.502173808990293,-8.868880858322687
minus005,10.580437508614914,-7.724432103622617,-8.289354251050769
minus005,10.652906258565185,-7.237176205012813,-7.9675482747806985
minus005,10.725375008515456,-7.126185885776338,-7.9861964146490845
minus005,10.797843758994905,-7.453208869834569,-8.417902717262466
minus005,10.870312508945174,-8.259991274100004,-9.320026934453123
minus005,10.942781258895447,-9.600206782418347,-10.729239511285556
minus005,11.015250008845717,-11.524117927283969,-12.64603351807854
minus005,11.08771875879599,-14.039301583140135,-15.020911456856318
minus005,11.160187509275438,-17.10166429726261,-17.7475770677497
minus005,11.232656259225708,-20.543743892510147,-20.658887648897664
minus005,11.305125009175981,-24.07735448209609,-23.53889901330084
minus005,11.37759375912625,-27.34665050953659,-26.144043743383026
minus005,11.450062509076524,-29.97938082324273,-28.227262765330483
minus005,11.52253125955597,-31.684197478106196,-29.57521089246127
minus005,11.595000009506242,-32.27531470732113,-30.042253193757652
minus005,11.667468759456513,-31.684197478106196,-29.57521089246127
minus005,11.739937509406785,-29.97938082324273,-28.227262765330483
minus005,11.812406259886233,-27.34665050953659,-26.144043743383026
minus005,11.884875009836504,-24.07735448209609,-23.53889901330084
minus005,11.957343759786776,-20.543743892510147,-20.658887648897664
minus005,12.029812509737047,-17.10166429726261,-17.7475770677497
minus005,12.102281259687318,-14.039301583140135,-15.020911456856318
minus005,12.174750010166765,-11.524117927283969,-12.64603351807854
minus005,12.247218760117038,-9.600206782418347,-10.729239511285556
minus005,12.319687510067308,-8.259991274100004,-9.320026934453123
minus005,12.39215626001758,-7.453208869834569,-8.417902717262466
minus005,12.46462500996785,-7.126185885776338,-7.9861964146490845
minus005,12.537093760447299,-7.237176205012813,-7.9675482747806985
minus005,12.609562510397572,-7.724432103622617,-8.289354251050769
minus005,12.682031260347841,-8.502173808990293,-8.868880858322687
minus005,12.754500010298115,-9.469669721705486,-9.615067913662878
minus005,12.826968760248384,-10.512633135201883,-10.429758382153578
minus005,12.899437510727832,-11.509895107132301,-11.213596159142089
minus005,12.971906260678104,-12.349495354791838,-11.872862726949695
minus005,13.044375010628375,-12.940009443630627,-12.326025275646503
minus005,13.116843760578647,-13.211296542542193,-12.510232401090699
minus005,13.189312510528918,-13.11703981085492,-12.38625791039878
minus005,13.261781261008366,-12.641807548977459,-11.940396163026078
minus005,13.334250010958637,-11.80208308133971,-11.184718143517
minus005,13.406718760908909,-10.642073645077497,-10.155772240263042
minus005,13.47918751085918,-9.228463109577216,-8.91036516088242
minus005,13.551656260809452,-7.650263252644309,-7.518752037909533
minus005,13.624125011288898,-6.008675274187268,-6.057191420729452
minus005,13.696593761239171,-4.3991901871621,-4.599860623061605
minus005,13.769062511189441,-2.9005157425900245,-3.210283850572743
minus005,13.841531261139714,-1.5711587338677466,-1.936583922822559
minus005,13.914000011089984,-0.44075806140256535,-0.8092975254847654
minus005,13.986468761569432,0.49857432505619914,0.1586416607123745
minus005,14.058937511519705,1.265636214395593,0.9687645891761394
minus005,14.131406261469975,1.8823294663602077,1.633816828321674
minus005,14.203875011420248,2.3763841570349586,2.1729986234386023
minus005,14.276343761899694,2.770344783867716,2.6062899212723476
minus005,14.348812511849966,3.0842068993339162,2.952445231000133
minus005,14.421281261800237,3.333514545233012,3.2283209995800553
minus005,14.493750011750508,3.531613355469646,3.447752298515469
minus005,14.56621876170078,3.6887233960957793,3.6221291065929035
minus005,14.638687512180228,3.8134598464196627,3.7605854562278562
minus005,14.7111562621305,3.9124032767942447,3.8705126538150862
minus005,14.78362501208077,3.990982454015451,3.957781868868108
minus005,14.856093762031042,4.053401360384276,4.027092154043581
minus005,14.928562511981314,4.103004914737929,4.082165605203471
minus005,15.001031262460762,4.142497806418023,4.125951977433922
minus005,15.073500012411031,4.173895446746866,4.160796824200872
minus005,15.145968762361305,4.198973950116121,4.188537730417515
minus005,15.218437512311574,4.2189079232244815,4.210654056702804
minus005,15.290906262261847,4.234896326961334,4.228285769660744
minus005,15.363375012741296,4.247587717506462,4.242370954620778
minus005,15.435843762691565,4.257819212340647,4.253613991921578
minus005,15.508312512641838,4.265919824334987,4.262614375613528
minus005,15.580781262592108,4.272491714255722,4.269805746347846
minus005,15.65325001254238,4.277675252038799,4.275574927585709
minus005,15.725718763021828,4.281910513828284,4.280188223558617
minus005,15.798187512972099,4.28523599013002,4.283897094686865
minus005,15.87065626292237,4.287971931748736,4.286864904527784
minus005,15.943125012872642,4.2901123249680735,4.289255520049346
minus005,16.015593762822913,4.29188188141565,4.291169977128682
minus005,16.08806251330236,4.293266383142153,4.292714332143687
minus005,16.160531263252633,4.294409615112505,4.293952722331742
minus005,16.233000013202904,4.29531167256656,4.294952114914398
minus005,16.305468763153176,4.296046475235054,4.295755544699004
minus005,16.377937513103443,4.296640717487893,4.296402849155023
minus005,16.450406263582895,4.297108045835281,4.29692571594174
minus005,16.522875013533167,4.297505903513584,4.29734490734686
minus005,16.595343763483438,4.2977975551513685,4.297686369427168
minus005,16.66781251343371,4.298069641802442,4.29795744925695
minus005,16.740281263383977,4.298245971585316,4.298181507811299
minus005,16.81275001386343,4.298436777825673,4.298357198126596
minus005,16.8852187638137,4.298538208267906,4.298506180466293
minus005,16.957687513763968,4.298676537349886,4.298620563528378
minus005,17.03015626371424,4.298735722114972,4.298720878303775
minus005,17.102625014193688,4.298840363500781,4.298795886489962
minus005,17.175093764143963,4.298870336842731,4.298864568028846
minus005,17.247562514094234,4.298948202224473,4.298914364865676
minus005,17.320031264044502,4.298961848734676,4.298961399746802
minus005,17.392500013994773,4.299018924617327,4.2989941486501495
minus005,17.46496876447422,4.299025115207697,4.299026217268841
minus005,17.537437514424496,4.299064979888548,4.2990481360404615
minus005,17.609906264374768,4.299069687458369,4.299069850726687
minus005,17.682375014325036,4.299094735539407,4.299085034680211
minus005,17.754843764275307,4.29910171525998,4.299099456714922
minus005,17.827312514754755,4.299113824326859,4.29911051814343
minus005,17.899781264705027,4.2991251578692316,4.299119715591982
minus005,17.9722500146553,4.29912606945067,4.299128355207115
minus005,18.04471876460557,4.29914245070519,4.299133770272978
minus005,18.11718751455584,4.29913408320392,4.299140994896026
minus005,18.18965626503529,4.299155185633953,4.299143702428958
minus005,18.26212501498556,4.299139688749487,4.299150056287647
minus005,18.334593764935835,4.299164383082505,4.299150750177995
minus005,18.407062514886103,4.299144069782672,4.299156382934949
minus005,18.479531264836375,4.299170560067183,4.2991556754389055
minus005,18.552000015315823,4.2991472671205555,4.299160668728282
minus005,18.624468765266094,4.29917351250259,4.299159131284959
minus005,18.696937515216366,4.299150287584429,4.299163444289679
minus005,18.769406265166637,4.299174614563733,4.299161566704028
minus005,18.84187501511691,4.299153661796324,4.299165213029784
minus005,18.914343765596357,4.299174233604326,4.299163498712452
minus005,18.986812515546628,4.2991574305733185,4.299166383119394
minus005,19.0592812654969,4.299172736978082,4.299165117789934
minus005,19.131750015447167,4.299161525886949,4.299167145038209
minus005,19.204218765397442,4.299170492038717,4.299166532782018
minus005,19.27668751587689,4.29916575725751,4.299167634843161
minus005,19.349156265827162,4.299167866139944,4.299167770900092
minus005,19.421625015777433,4.299169906993912,4.299167961379796
minus005,19.4940937657277,4.299165185818398,4.299168872961236
minus005,19.56656251620715,4.299173702982293,4.2991681926765795
minus005,19.63903126615742,4.29916279121641,4.299169838965447
minus005,19.711500016107696,4.299176927531564,4.299168396761976
minus005,19.783968766057967,4.299160940842145,4.299170641701341
minus005,19.856437516008235,4.299179376556326,4.299168628058759
minus005,19.928906266487683,4.299159825175309,4.299171294774611
minus005,20.001375016437954,4.2991809276053425,4.299168913778314
minus005,20.07384376638823,4.299159580272833,4.299171798185257
minus005,20.1463125163385,4.29918148543876,4.299169281132029
minus005,20.21878126628877,4.299160260557488,4.2991721383275845
minus005,20.291250016768217,4.299181077267967,4.299169730119902
minus005,20.36371876671849,4.2991618116065045,4.2991723288072885
minus005,20.43618751666876,4.299179798332814,4.299170260741934
minus005,20.508656266619035,4.2991641109686425,4.2991724104414475
minus005,20.581125016569302,4.29917778469023,4.299170859392431
minus005,20.65359376704875,4.299166995375584,4.299172383230061
minus005,20.726062516999022,4.299175267637003,4.299171498860008
minus005,20.798531266949293,4.299170233530547,4.299172287990209
minus005,20.871000016899565,4.299172478469913,4.2991721383275845
minus005,20.943468766849836,4.299173566925362,4.299172165538971
minus005,21.015937517329284,4.299169689302823,4.299172764189469
minus005,21.088406267279556,4.2991767370518605,4.299172043087733
minus005,21.160875017229827,4.299167172249595,4.299173349234272
minus005,21.233343767180095,4.299179485401871,4.299171947847881
minus005,21.30581251713037,4.299165131395626,4.299173839039225
minus005,21.378281267609818,4.299181607889998,4.299171907030802
minus005,21.45075001756009,4.299163770826314,4.299174233604326
minus005,21.52321876751036,4.299182954853618,4.299171947847881
minus005,21.59568751746063,4.299163212992896,4.299174505718188
minus005,21.668156267410904,4.299183417447184,4.299172083904812
minus005,21.74062501789035,4.299163525923838,4.29917464177512
minus005,21.813093767840623,4.2991830092763905,4.2991723015959025
minus005,21.885562517790895,4.299164655196368,4.299174668986506
minus005,21.958031267741163,4.299181757552622,4.299172614526844
minus005,22.030500018220614,4.299166546387711,4.299174587352347
minus005,22.102968768170882,4.299179798332814,4.299172995486251
minus005,22.175437518121157,4.299169022623859,4.2991744104783365
minus005,22.24790626807143,4.299177322096664,4.299173430868431
minus005,22.320375018021696,4.299171879819415,4.29917416557586
minus005,22.392843768501148,4.299174532929574,4.299173879856305
minus005,22.465312518451416,4.299174886677596,4.299173879856305
minus005,22.537781268401687,4.299171702945405,4.299174315238484
minus005,22.610250018351962,4.29917778469023,4.299173594136748
minus005,22.68271876830223,4.29916906344094,4.299174709803585
minus005,22.755187518781682,4.299180342560538,4.29917333562858
minus005,22.82765626873195,4.299166859318653,4.29917503634022
minus005,22.90012501868222,4.299182342597427,4.299173131543183
minus005,22.972593768632496,4.299165281058251,4.299175281242697
minus005,23.045062518582764,4.299183607926887,4.299173009091945
minus005,23.117531269062216,4.29916445111097,4.299175390088242
minus010,0.0,4.3180524729548075,4.3180403366765425
minus010,0.07246874995027121,4.318031016776753,4.318043003392394
minus010,0.14493749990054242,4.318051996755548,4.318040391099315
minus010,0.21740624985081364,4.3180319283581925,4.318042880941157
minus010,0.28987499980108483,4.318050622580543,4.318040540761939
minus010,0.3623437497513561,4.318033656281219,4.318042622432986
minus010,0.4348124997016273,4.3180484456696435,4.318040758453029
minus010,0.5072812496518985,4.318036078094594,4.318042268684966
minus010,0.5797499996021697,4.318045656502553,4.318041044172585
minus010,0.652218749552441,4.318038962501537,4.3180418469084785
minus010,0.7246874995027122,4.318042486376055,4.31804137070922
minus010,0.7971562494529832,4.318042064599569,4.31804137070922
minus010,0.8696249994032546,4.318039207404014,4.318041683640161
minus010,0.9420937493535257,4.318045112274829,4.318040880904267
minus010,1.014562499303797,4.318036091700288,4.3180419557540235
minus010,1.0870312492540681,4.318047833413454,4.3180404183107015
minus010,1.1594999992043393,4.318033384167356,4.318042159839421
minus010,1.2319687491546105,4.31804999671866,4.3180400237456
minus010,1.304437499104882,4.318031329707695,4.318042268684966
minus010,1.3769062490551531,4.318051384499358,4.318039683603272
minus010,1.4493749990054243,4.318030077983928,4.3180422550792725
minus010,1.5218437489556955,4.31805187430431,4.31803945230649
minus010,1.5943124989059665,4.318029751447292,4.3180421190223415
minus010,1.666781248856238,4.318051384499358,4.318039329855251
minus010,1.739249998806509,4.318030363703483,4.318041833302786
minus010,1.8117187487567803,4.31804995590158,4.318039289038172
minus010,1.8841874987070515,4.3180318467240335,4.318041425131993
minus010,1.956656248657323,4.318047670145135,4.318039357066637
minus010,2.029124998607594,4.318034078057705,4.318040908115654
minus010,2.1015937485578653,4.318044690498342,4.318039479517876
minus010,2.1740624985081363,4.318036853619103,4.318040295859463
minus010,2.2465312484584077,4.318041261863674,4.318039629180499
minus010,2.3189999984086787,4.318039914900055,4.318039642786193
minus010,2.39146874835895,4.318037642749304,4.318039792448817
minus010,2.463937498309221,4.318042989786701,4.318038948895844
minus010,2.5364062482594925,4.3180341188747855,4.318039928505749
minus010,2.608874998209764,4.318045778953792,4.318038282216881
minus010,2.681343748160035,4.318030975959673,4.318039982928521
minus010,2.7538124981103063,4.318048023893157,4.3180376563549965
minus010,2.8262812480605772,4.318028458906446,4.318039928505749
minus010,2.8987499980108486,4.318049479702321,4.31803709852158
minus010,2.97121874796112,4.318026771800499,4.3180397380260445
minus010,3.043687497911391,4.31804999671866,4.318036635928013
minus010,3.1161562478616625,4.31802603709307,4.318039411489409
minus010,3.188624997811933,4.318049438885242,4.318036268574298
minus010,3.2610937477622044,4.318026295601239,4.318038908078764
minus010,3.333562497712476,4.318047833413454,4.318035982854743
minus010,3.406031247662747,4.3180275201136205,4.318038241399801
minus010,3.478499997613018,4.318045234726067,4.318035778769346
minus010,3.5509687475632896,4.318029560967589,4.318037397846828
minus010,3.6234374975135606,4.318041778880014,4.318035601895335
minus010,3.695906247463832,4.318032214077748,4.318036418236923
minus010,3.768374997414103,4.318037697172077,4.318035397809939
minus010,3.8408437473643744,4.318035180118849,4.3180352753587
minus010,3.913312497314646,4.318033234504732,4.318035112090383
minus010,3.985781247264917,4.318038132554256,4.3180339828178536
minus010,4.058249997215188,4.318028676597535,4.31803466310251
minus010,4.130718747165459,4.318040676818871,4.31803252700869
minus010,4.203187497115731,4.318024281958658,4.3180339283950815
minus010,4.275656247066001,4.318042459164669,4.318030867114128
minus010,4.3481249970162725,4.318020241067799,4.318032785516859
minus010,4.420593746966544,4.318043057815167,4.318028894288625
minus010,4.493062496916815,4.318016662770508,4.318031030382446
minus010,4.565531246867086,4.318042091810955,4.31802643165817
minus010,4.637999996817357,4.3180135198553975,4.318028241215356
minus010,4.710468746767629,4.318039180192627,4.318022934995038
minus010,4.7829374967179,4.31801026809474,4.318023914604943
minus010,4.8554062466681716,4.31803292157379,4.318017968917048
minus010,4.927874996618442,4.318005927878634,4.318017533534868
minus010,5.0003437465687135,4.318023533645536,4.318010880350931
minus010,5.072812496518985,4.318000444784306,4.31800839050909
minus010,5.145281246469256,4.318010499391524,4.318000907377872
minus010,5.217749996419528,4.317992607905067,4.317995614763247
minus010,5.290218746369798,4.317992798384771,4.317986771062717
minus010,5.36268749632007,4.3179805668666535,4.317977600825553
minus010,5.435156246270341,4.317968852364874,4.317966389734419
minus010,5.5076249962206125,4.317961654953212,4.31795184524847
minus010,5.580093746170884,4.317936185095686,4.3179365796607865
minus010,5.6525624961211545,4.3179320081478965,4.317914592860699
minus010,5.725031246071426,4.317890878137586,4.317892592454919
minus010,5.797499996021697,4.317885871242517,4.3178600748483555
minus010,5.869968745971969,4.317826700083125,4.317827203493771
minus010,5.94243749592224,4.317814795101643,4.3177794883279885
minus010,6.014906245872511,4.317734058918651,4.317729487405762
minus010,6.087374995822782,4.317706153642056,4.317659839862665
minus010,6.159843745243876,4.317597947564648,4.317584396294298
minus010,6.232312495194147,4.317540844470611,4.317482734555282
minus010,6.304781245144419,4.317398352046534,4.317367521545917
minus010,6.37724999509469,4.3172986631330215,4.317216661620569
minus010,6.449718745044961,4.317103108505765,4.317039501890415
minus010,6.522187494995232,4.316927622275864,4.316812735803134
minus010,6.5946562449455035,4.316650106953235,4.3165391253144305
minus010,6.667124994895775,4.316357775030794,4.3161937175831175
minus010,6.739593744846046,4.31595350907103,4.315770322018822
minus010,6.812062494796317,4.315483065019917,4.315241604784063
minus010,6.884531244746588,4.3148808770422935,4.314587456664403
minus010,6.95699999469686,4.314139271527238,4.313775101545108
minus010,7.029468744647131,4.313226588026854,4.312764783590874
minus010,7.1019374945974025,4.3120710701156115,4.311512610835686
minus010,7.174406244547673,4.310671316407118,4.309950935773335
minus010,7.2468749944979445,4.30888132420847,4.308014995304558
minus010,7.319343744448215,4.306717855733598,4.3055970323398185
minus010,7.391812494398486,4.30394915160584,4.302595466774261
minus010,7.464281244348758,4.300587633823022,4.298843533627278
minus010,7.536749994299028,4.296300901696453,4.294176971365795
minus010,7.6092187442493,4.291060056733942,4.2883399113249405
minus010,7.681687494199571,4.2844077979839295,4.281064280533113
minus010,7.754156244149843,4.2762154428008605,4.271956697585046
minus010,7.826624994100114,4.265858381024844,4.260579997955006
minus010,7.899093744050385,4.253019763274431,4.24632502755049
minus010,7.971562494000656,4.236834498763783,4.228480698426117
minus010,8.044031243950927,4.216664085920331,4.2060945304291195
minus010,8.116499993901199,4.191275209479554,4.178014407071535
minus010,8.18896874385147,4.15949749411332,4.1427392938652625
minus010,8.261437493801742,4.119512307638957,4.098410299381681
minus010,8.333906243752013,4.069297476704675,4.042648794714867
minus010,8.406374993702284,4.006094011647605,3.9724689969032894
minus010,8.478843743652556,3.9265315373787066,3.8840979247927025
minus010,8.551312493602826,3.8263335668583327,3.7727776811036886
minus010,8.623781243553099,3.7000165975871235,3.6325591357011393
minus010,8.696249993503368,3.540899948522132,3.4559581505461163
minus010,8.768718743453638,3.340270588210166,3.2337235754167195
minus010,8.841187493403911,3.087767672492521,2.9543256330295824
minus010,8.91365624335418,2.7698871563795247,2.603761466473757
minus010,8.986124993304454,2.3708894978672372,2.1649922716862178
minus010,9.058593743254724,1.8705479565426788,1.61913069350209
minus010,9.131062493204995,1.2460674861191188,0.9460654358145406
minus010,9.203531243155266,0.4695155033751986,0.12663772348658436
minus010,9.275999993105538,-0.4807603638388769,-0.8516092854831601
minus010,9.34846874305581,-1.6236891993487903,-1.9897254199817564
minus010,9.42093749300608,-2.96610678909909,-3.2740992044666326
minus010,9.49340624295635,-4.476839551315281,-4.673349937696885
minus010,9.565874992906624,-6.096264984947494,-6.138486443960632
minus010,9.638343742856893,-7.744549086909176,-7.60513827069026
minus010,9.710812492807166,-9.325239574813791,-8.998495670732899
minus010,9.783281242757436,-10.736715948502185,-10.241981612638861
minus010,9.855749992707707,-11.890252000061876,-11.265322827484813
minus010,9.928218742657979,-12.719608589397575,-12.012035511567424
minus010,10.00068749260825,-13.181241103839936,-12.446198063565994
minus010,10.073156242558522,-13.259653529686226,-12.55658464377583
minus010,10.145624992508793,-12.971537793853303,-12.357871196352363
minus010,10.218093742459063,-12.364377466015165,-11.890354546170943
minus010,10.290562492409336,-11.509422037182416,-11.217927096165614
minus010,10.363031242359606,-10.499257840886234,-10.42302650288741
minus010,10.435499992309879,-9.44699202452194,-9.60005754157048
minus010,10.507968742260148,-8.474249035436786,-8.848828978277721
minus010,10.580437492210422,-7.695349308710335,-8.267614680013748
minus010,10.652906242160691,-7.210755078240488,-7.947362596349562
minus010,10.725374992110963,-7.10577757738863,-7.970563718153241
minus010,10.797843742061234,-7.4409219493346015,-8.409503936503336
minus010,10.870312492011506,-8.257493187208464,-9.321253460476775
minus010,10.942781241961777,-9.609399877147691,-10.742220036415242
minus010,11.015249991912048,-11.54683059109884,-12.672609396004447
minus010,11.087718741862318,-14.077596003735797,-15.062625545967206
minus010,11.160187491812591,-17.157521109809746,-17.805497891154985
minus010,11.23265624176286,-20.61850308090737,-20.73331600126091
minus010,11.305124991713132,-24.171034999073918,-23.629174800814486
minus010,11.377593741663404,-27.45759954910013,-26.248380756231118
minus010,11.450062491613673,-30.104126620677793,-28.342712336882325
minus010,11.522531241563946,-31.817842187973895,-29.697801412048715
minus010,11.594999991514216,-32.412037732469294,-30.167310643199386
minus010,11.66746874146449,-31.817842187973895,-29.697801412048715
minus010,11.739937491414759,-30.104126620677793,-28.342712336882325
minus010,11.81240624136503,-27.45759954910013,-26.248380756231118
minus010,11.884874991315302,-24.171034999073918,-23.629174800814486
minus010,11.957343741265573,-20.61850308090737,-20.73331600126091
minus010,12.029812491215845,-17.157521109809746,-17.805497891154985
minus010,12.102281241166116,-14.077596003735797,-15.062625545967206
minus010,12.174749991116386,-11.54683059109884,-12.672609396004447
minus010,12.247218741066659,-9.609399877147691,-10.742220036415242
minus010,12.319687491016929,-8.257493187208464,-9.321253460476775
minus010,12.392156240967202,-7.4409219493346015,-8.409503936503336
minus010,12.464624990917471,-7.10577757738863,-7.970563718153241
minus010,12.537093740867743,-7.210755078240488,-7.947362596349562
minus010,12.609562490818014,-7.695349308710335,-8.267614680013748
minus010,12.682031240768286,-8.474249035436786,-8.848828978277721
minus010,12.754499990718557,-9.44699202452194,-9.60005754157048
minus010,12.826968740668828,-10.499257840886234,-10.42302650288741
minus010,12.899437490619098,-11.509422037182416,-11.217927096165614
minus010,12.971906240569371,-12.364377466015165,-11.890354546170943
minus010,13.044374990519641,-12.971537793853303,-12.357871196352363
minus010,13.116843740469914,-13.259653529686226,-12.55658464377583
minus010,13.189312490420184,-13.181241103839936,-12.446198063565994
minus010,13.261781240370455,-12.719608589397575,-12.012035511567424
minus010,13.334249990320727,-11.890252000061876,-11.265322827484813
minus010,13.406718740270998,-10.736715948502185,-10.241981612638861
minus010,13.47918749022127,-9.325239574813791,-8.998495670732899
minus010,13.55165624017154,-7.744549086909176,-7.60513827069026
minus010,13.62412499012181,-6.096264984947494,-6.138486443960632
minus010,13.696593740072084,-4.476839551315281,-4.673349937696885
minus010,13.769062490022353,-2.96610678909909,-3.2740992044666326
minus010,13.841531239972625,-1.6236891993487903,-1.9897254199817564
minus010,13.913999989922896,-0.4807603638388769,-0.8516092854831601
minus010,13.986468739873166,0.4695155033751986,0.12663772348658436
minus010,14.058937489823439,1.2460674861191188,0.9460654358145406
minus010,14.131406239773709,1.8705479565426788,1.61913069350209
minus010,14.203874989723982,2.3708894978672372,2.1649922716862178
minus010,14.276343739674251,2.7698871563795247,2.603761466473757
minus010,14.348812489624523,3.087767672492521,2.9543256330295824
minus010,14.421281239574794,3.340270588210166,3.2337235754167195
minus010,14.493749989525066,3.540899948522132,3.4559581505461163
minus010,14.566218739475337,3.7000165975871235,3.6325591357011393
minus010,14.638687489425608,3.8263335668583327,3.7727776811036886
minus010,14.711156239375878,3.9265315373787066,3.8840979247927025
minus010,14.783624989326151,4.006094011647605,3.9724689969032894
minus010,14.856093739276421,4.069297476704675,4.042648794714867
minus010,14.928562489226694,4.119512307638957,4.098410299381681
minus010,15.001031239176964,4.15949749411332,4.1427392938652625
minus010,15.073499989127235,4.191275209479554,4.178014407071535
minus010,15.145968739077507,4.216664085920331,4.2060945304291195
minus010,15.218437489027778,4.236834498763783,4.228480698426117
minus010,15.29090623897805,4.253019763274431,4.24632502755049
minus010,15.36337498892832,4.265858381024844,4.260579997955006
minus010,15.43584373887859,4.2762154428008605,4.271956697585046
minus010,15.508312488828864,4.2844077979839295,4.281064280533113
minus010,15.580781238779133,4.291060056733942,4.2883399113249405
minus010,15.653249988729407,4.296300901696453,4.294176971365795
minus010,15.725718738679676,4.300587633823022,4.298843533627278
minus010,15.798187488629948,4.30394915160584,4.302595466774261
minus010,15.870656238580219,4.306717855733598,4.3055970323398185
minus010,15.94312498853049,4.30888132420847,4.308014995304558
minus010,16.015593738480764,4.310671316407118,4.309950935773335
minus010,16.08806248843103,4.3120710701156115,4.311512610835686
minus010,16.160531238381303,4.313226588026854,4.312764783590874
minus010,16.232999988331574,4.314139271527238,4.313775101545108
minus010,16.305468738281846,4.3148808770422935,4.314587456664403
minus010,16.377937488232117,4.315483065019917,4.315241604784063
minus010,16.45040623818239,4.31595350907103,4.315770322018822
minus010,16.52287498813266,4.316357775030794,4.3161937175831175
minus010,16.59534373808293,4.316650106953235,4.3165391253144305
minus010,16.667812488033203,4.316927622275864,4.316812735803134
minus010,16.740281237983474,4.317103108505765,4.317039501890415
minus010,16.812749987933746,4.3172986631330215,4.317216661620569
minus010,16.885218737884014,4.317398352046534,4.317367521545917
minus010,16.957687487834285,4.317540844470611,4.317482734555282
minus010,17.030156237784556,4.317597947564648,4.317584396294298
minus010,17.10262498773483,4.317706153642056,4.317659839862665
minus010,17.1750937376851,4.317734058918651,4.317729487405762
minus010,17.24756248763537,4.317814795101643,4.3177794883279885
minus010,17.320031237585642,4.317826700083125,4.317827203493771
minus010,17.392499987535917,4.317885871242517,4.3178600748483555
minus010,17.464968737486185,4.317890878137586,4.317892592454919
minus010,17.537437487436456,4.3179320081478965,4.317914592860699
minus010,17.609906237386728,4.317936185095686,4.3179365796607865
minus010,17.682374987337,4.317961654953212,4.31795184524847
minus010,17.75484373728727,4.317968852364874,4.317966389734419
minus010,17.827312487237542,4.3179805668666535,4.317977600825553
minus010,17.89978123718781,4.317992798384771,4.317986771062717
minus010,17.972249987138085,4.317992607905067,4.317995614763247
minus010,18.044718737088356,4.318010499391524,4.318000907377872
minus010,18.117187487038628,4.318000444784306,4.31800839050909
minus010,18.189656236988895,4.318023533645536,4.318010880350931
minus010,18.26212498693917,4.318005927878634,4.318017533534868
minus010,18.334593736889442,4.31803292157379,4.318017968917048
minus010,18.40706248683971,4.31801026809474,4.318023914604943
minus010,18.479531236260808,4.318039180192627,4.318022934995038
minus010,18.551999986211076,4.3180135198553975,4.318028241215356
minus010,18.624468736161347,4.318042091810955,4.31802643165817
minus010,18.69693748611162,4.318016662770508,4.318031030382446
minus010,18.76940623606189,4.318043057815167,4.318028894288625
minus010,18.84187498601216,4.318020241067799,4.318032785516859
minus010,18.914343735962433,4.318042459164669,4.318030867114128
minus010,18.9868124859127,4.318024281958658,4.3180339283950815
minus010,19.059281235862976,4.318040676818871,4.31803252700869
minus010,19.131749985813247,4.318028676597535,4.31803466310251
minus010,19.20421873576352,4.318038132554256,4.3180339828178536
minus010,19.276687485713786,4.318033234504732,4.318035112090383
minus010,19.34915623566406,4.318035180118849,4.3180352753587
minus010,19.421624985614333,4.318037697172077,4.318035397809939
minus010,19.4940937355646,4.318032214077748,4.318036418236923
minus010,19.566562485514872,4.318041778880014,4.318035601895335
minus010,19.639031235465147,4.318029560967589,4.318037397846828
minus010,19.711499985415415,4.318045234726067,4.318035778769346
minus010,19.783968735365686,4.3180275201136205,4.318038241399801
minus010,19.856437485315958,4.318047833413454,4.318035982854743
minus010,19.92890623526623,4.318026295601239,4.318038908078764
minus010,20.0013749852165,4.318049438885242,4.318036268574298
minus010,20.073843735166772,4.31802603709307,4.318039411489409
minus010,20.146312485117043,4.31804999671866,4.318036635928013
minus010,20.21878123506731,4.318026771800499,4.3180397380260445
minus010,20.291249985017586,4.318049479702321,4.31803709852158
minus010,20.363718734967858,4.318028458906446,4.318039928505749
minus010,20.436187484918126,4.318048023893157,4.3180376563549965
minus010,20.508656234868397,4.318030975959673,4.318039982928521
minus010,20.581124984818672,4.318045778953792,4.318038282216881
minus010,20.653593734768943,4.3180341188747855,4.318039928505749
minus010,20.72606248471921,4.318042989786701,4.318038948895844
minus010,20.798531234669483,4.318037642749304,4.318039792448817
minus010,20.870999984619758,4.318039914900055,4.318039642786193
minus010,20.943468734570025,4.318041261863674,4.318039629180499
minus010,21.015937484520297,4.318036853619103,4.318040295859463
minus010,21.08840623447057,4.318044690498342,4.318039479517876
minus010,21.160874984420843,4.318034078057705,4.318040908115654
minus010,21.23334373437111,4.318047670145135,4.318039357066637
minus010,21.305812484321383,4.3180318467240335,4.318041425131993
minus010,21.378281234271654,4.31804995590158,4.318039289038172
minus010,21.450749984221925,4.318030363703483,4.318041833302786
minus010,21.523218734172197,4.318051384499358,4.318039329855251
minus010,21.595687484122468,4.318029751447292,4.3180421190223415
minus010,21.668156234072736,4.31805187430431,4.31803945230649
minus010,21.74062498402301,4.318030077983928,4.3180422550792725
minus010,21.813093733973282,4.318051384499358,4.318039683603272
minus010,21.885562483923554,4.318031329707695,4.318042268684966
minus010,21.95803123387382,4.31804999671866,4.3180400237456
minus010,22.030499983824097,4.318033384167356,4.318042159839421
minus010,22.102968733774368,4.318047833413454,4.3180404183107015
minus010,22.175437483724636,4.318036091700288,4.3180419557540235
minus010,22.247906233674907,4.318045112274829,4.318040880904267
minus010,22.320374983625182,4.318039207404014,4.318041683640161
minus010,22.39284373357545,4.318042064599569,4.31804137070922
minus010,22.46531248352572,4.318042486376055,4.31804137070922
minus010,22.537781233475993,4.318038962501537,4.3180418469084785
minus010,22.610249983426264,4.318045656502553,4.318041044172585
minus010,22.682718733376536,4.318036078094594,4.318042268684966
minus010,22.755187483326807,4.3180484456696435,4.318040758453029
minus010,22.82765623327708,4.318033656281219,4.318042622432986
minus010,22.900124983227347,4.318050622580543,4.318040540761939
minus010,22.97259373317762,4.3180319283581925,4.318042880941157
minus010,23.045062483127893,4.318051996755548,4.318040391099315
minus010,23.11753123307816,4.318031016776753,4.318043003392394
plus005,0.0,4.2620055888747395,4.261996677145745
plus005,0.07246874995027121,4.261989833482104,4.261998636365554
plus005,0.14493749990054242,4.262005235126719,4.261996717962824
plus005,0.21740625037999084,4.261990500161066,4.261998527520009
plus005,0.2898750003302621,4.262004201094042,4.261996813202676
plus005,0.3623437502805333,4.2619917790962205,4.261998337040306
plus005,0.4348125002308045,4.26200258201656,4.261996976470994
plus005,0.5072812501810757,4.2619935614420195,4.261998064926443
plus005,0.5797500001313469,4.262000513951205,4.261997166950697
plus005,0.6522187506107954,4.2619956703244535,4.261997738389809
plus005,0.7246875005610666,4.261998146560602,4.261997384641787
plus005,0.7971562505113378,4.261997942475205,4.261997371036094
plus005,0.869625000461609,4.261995711141533,4.261997602332877
plus005,0.9420937504118803,4.262000173808877,4.261996990076686
plus005,1.0145625003621515,4.261993398173702,4.2619977792068875
plus005,1.0870312508416,4.26200214663438,4.261996622722973
plus005,1.1595000007918712,4.26199138453112,4.261997901658126
plus005,1.2319687507421422,4.262003684077703,4.261996296186337
plus005,1.3044375006924134,4.2619898606934905,4.261997942475205
plus005,1.3769062506426846,4.262004650081915,4.261996024072475
plus005,1.449375000592956,4.261988935506357,4.2619978880524325
plus005,1.5218437510724045,4.26200493580147,4.2619958063813845
plus005,1.5943125010226755,4.261988690603881,4.261997738389809
plus005,1.6667812509729467,4.26200450041929,4.261995683930147
plus005,1.739250000923218,4.261989125986061,4.261997479881639
plus005,1.811718750873489,4.262003357541068,4.261995615901681
plus005,1.8841875008237605,4.261990214441512,4.261997126133618
plus005,1.9566562513032089,4.262001575195269,4.261995602295988
plus005,2.02912500125348,4.261991847124686,4.261996690751437
plus005,2.1015937512037515,4.261999303044517,4.2619956431130674
plus005,2.1740625011540224,4.261993847161575,4.261996187340792
plus005,2.2465312511042934,4.261996690751437,4.261995711141533
plus005,2.319000001054565,4.261996064889554,4.261995629507375
plus005,2.3914687515340134,4.26199395600712,4.261995765564306
plus005,2.4639375014842844,4.261998255406147,4.261995058068263
plus005,2.536406251434556,4.261991302896962,4.2619957791699985
plus005,2.6088750013848268,4.262000214625957,4.261994500234845
plus005,2.681343751335098,4.261988935506357,4.261995738352919
plus005,2.753812501285369,4.2620017520692794,4.261993969612813
plus005,2.8262812517648177,4.261987057920707,4.261995615901681
plus005,2.8987500017150887,4.262002677256412,4.2619934798078605
plus005,2.97121875166536,4.261985792591246,4.261995384604898
plus005,3.0436875016156315,4.262002894947502,4.261993058031374
plus005,3.1161562515659025,4.261985248363522,4.261995030856877
plus005,3.188625001516174,4.262002309902698,4.261992690677659
plus005,3.261093751995622,4.2619854252375315,4.261994554657617
plus005,3.3335625019458934,4.262000922121999,4.26199239135241
plus005,3.406031251896165,4.261986296001892,4.261993942401427
plus005,3.478500001846436,4.261998799633871,4.261992119238548
plus005,3.5509687517967072,4.2619877518110565,4.261993180482612
plus005,3.623437501746978,4.261996051283861,4.261991860730379
plus005,3.6959062522264268,4.261989629396707,4.26199229611256
plus005,3.7683750021766977,4.261992840340284,4.2619915614051305
plus005,3.840843752126969,4.261991683856369,4.2619912892912675
plus005,3.9133125020772406,4.261989357282845,4.261991180445723
plus005,3.9857812520275115,4.261993656681872,4.261990132807353
plus005,4.0582500019777825,4.261985792591246,4.261990609006612
plus005,4.1307187524572315,4.26199526215366,4.261988813055119
plus005,4.203187502407503,4.261982336745193,4.261989779059331
plus005,4.275656252357774,4.261996187340792,4.261987275611797
plus005,4.348125002308045,4.26197909859023,4.26198855454695
plus005,4.420593752258315,4.26199613291802,4.2619854252375315
plus005,4.493062502208587,4.261976132549129,4.261986772201151
plus005,4.565531252688036,4.261994758743015,4.2619830714526215
plus005,4.638000002638307,4.261973356987732,4.261984023851141
plus005,4.710468752588579,4.261991738279141,4.261979683635034
plus005,4.782937502538849,4.261970268495393,4.261979792480578
plus005,4.855406252489121,4.2619857517741675,4.261974812796896
plus005,4.927875002968569,4.261965765010969,4.261973601890208
plus005,5.00034375291884,4.2619769624964094,4.261967846682017
plus005,5.072812502869112,4.261959873745847,4.261964730978291
plus005,5.145281252819382,4.26196485342953,4.261958009765889
plus005,5.2177500027696535,4.261951451821804,4.2619523361918565
plus005,5.290218752719925,4.2619484177522375,4.2619440911418245
plus005,5.362687503199374,4.26193875771012,4.261934866481886
plus005,5.4351562531496445,4.261926049992743,4.261924063561548
plus005,5.507625003099916,4.2619192471461815,4.261909886429313
plus005,5.580093753050187,4.2618952739149,4.261894865744105
plus005,5.652562503000459,4.261889273804232,4.261873708891299
plus005,5.72503125295073,4.261852184684779,4.26185188535953
plus005,5.797500003430177,4.261843300167169,4.261820769139358
plus005,5.869968753380449,4.261790686951862,4.261788142687249
plus005,5.94243750333072,4.261773258058972,4.261742481981128
plus005,6.014906253280992,4.26170136557651,4.261693025286625
plus005,6.087375003231263,4.261666956778602,4.261626289361857
plus005,6.1598437531815335,4.261569635255693,4.261552043094485
plus005,6.2323125036609826,4.261505974217571,4.261454381429249
plus005,6.304781253611254,4.261376107876712,4.2613415358104865
plus005,6.377250003561525,4.261270949474564,4.261196281430705
plus005,6.449718753511797,4.261089680825086,4.261023434705271
plus005,6.522187503462067,4.260911446245175,4.26080464155416
plus005,6.594656253412339,4.260650121697362,4.26053854140806
plus005,6.667125003891787,4.260359776206117,4.2602047665443665
plus005,6.739593753842058,4.259974408554101,4.259793888217746
plus005,6.81206250379233,4.259513366036936,4.259282531847411
plus005,6.8845312537426,4.258934566245791,4.258648710633277
plus005,6.957000003692872,4.2582134917216585,4.257862777770026
plus005,7.029468753643143,4.257331978864219,4.25688490939389
plus005,7.101937504122592,4.256213359592726,4.255673499295299
plus005,7.1744062540728635,4.254858259769062,4.2541631585131015
plus005,7.246875004023134,4.253129384343923,4.252290702208436
plus005,7.319343753973405,4.251033468135406,4.249953584272233
plus005,7.391812503923677,4.2483621807704095,4.2470515579575645
plus005,7.464281253873948,4.24510631119469,4.243426729195736
plus005,7.5367500043533955,4.240972071676644,4.2389170269702685
plus005,7.609218754303667,4.235899257024202,4.233280065858174
plus005,7.681687504253938,4.229484458436266,4.226252426034899
plus005,7.75415625420421,4.221561455159953,4.217460576801444
plus005,7.826625004154481,4.2115746995336645,4.2064771905482035
plus005,7.899093754104752,4.199168756430256,4.192722011674867
plus005,7.971562504584201,4.183563352954817,4.175503299531676
plus005,8.044031254534472,4.164088327086881,4.153911186996722
plus005,8.116500004484744,4.139612991305154,4.126829163680948
plus005,8.188968754435015,4.108953473433926,4.092820033008384
plus005,8.261437504385285,4.070416667415279,4.050087544161547
plus005,8.333906254335556,4.022000590746015,3.996350294517573
plus005,8.406375004815006,3.9611048145109224,3.928728707155446
plus005,8.478843754765276,3.884435931026957,3.8435991778257197
plus005,8.551312504715549,3.7879276067904493,3.7363774995273826
plus005,8.623781254665818,3.6662618253474935,3.601343240221033
plus005,8.69625000461609,3.5130467817315325,3.431286607063863
plus005,8.768718754566361,3.319864905721231,3.2173001432479533
plus005,8.84118750504581,3.076760775601564,2.948267807012114
plus005,8.91365625499608,2.7707084096221215,2.610679335564916
plus005,8.986125004946352,2.3865307251326695,2.1880413770806335
plus005,9.058593754896624,1.9047012667452672,1.6618624340358052
plus005,9.131062504846895,1.3031424844000257,1.0124265509486738
plus005,9.203531254797165,0.5545810315244748,0.22047964480192722
plus005,9.276000005276615,-0.3633876139584059,-0.7272678084306367
plus005,9.348468755226884,-1.4692904604311283,-1.833272983321337
plus005,9.420937505177157,-2.7729199470107986,-3.085912563446587
plus005,9.493406255127427,-4.247701433889584,-4.456299716692153
plus005,9.565875005077698,-5.837334984701023,-5.898019967932561
plus005,9.638343755557148,-7.465334535659643,-7.3492227069950395
plus005,9.710812505507418,-9.038129068405874,-8.73700864373228
plus005,9.783281255457691,-10.455429331824181,-9.985778002814536
plus005,9.85575000540796,-11.627709620262783,-11.025346999962142
plus005,9.928218755358232,-12.487421531382868,-11.798310181819625
plus005,10.000687505308504,-12.98908697467676,-12.266915682015986
plus005,10.073156255787952,-13.114317896705812,-12.417446798578037
plus005,10.145625005738223,-12.876076835873402,-12.261712062229858
plus005,10.218093755688495,-12.318367624203168,-11.836835817564218
plus005,10.290562505638764,-11.509147052518706,-11.203609689235355
plus005,10.363031255589037,-10.537566520248287,-10.441763855285604
plus005,10.435500005539307,-9.513287845934776,-9.643638984851114
plus005,10.507968756018755,-8.556504021951952,-8.907666335594543
plus005,10.580437505969028,-7.781397099874625,-8.331731631307097
plus005,10.652906255919298,-7.289202729226274,-8.007093793281793
plus005,10.725375005869571,-7.166559093012875,-8.016942124586247
plus005,10.79784375581984,-7.477604108900881,-8.434499499567314
plus005,10.870312505770112,-8.265101626859774,-9.317699775884288
plus005,10.94278125624956,-9.582226165065961,-10.703736877644578
plus005,11.015250006199832,-11.47940564681942,-12.593688253292287
plus005,11.087718756150103,-13.963799047699139,-14.938669667863481
plus005,11.160187506100375,-16.991462400731223,-17.63332580401397
plus005,11.232656256050644,-20.396218790575304,-20.512036151223647
plus005,11.305125006000917,-23.892473983687854,-23.36075858478603
plus005,11.377593756480366,-27.12769462073028,-25.938144925335912
plus005,11.450062506430637,-29.733198527505223,-27.99943068559905
plus005,11.522531256380908,-31.42046276339027,-29.333284933731893
plus005,11.595000006331178,-32.00550333630845,-29.79545930850857
plus005,11.667468756281451,-31.42046276339027,-29.333284933731893
plus005,11.73993750623172,-29.733198527505223,-27.99943068559905
plus005,11.81240625671117,-27.12769462073028,-25.938144925335912
plus005,11.88487500666144,-23.892473983687854,-23.36075858478603
plus005,11.957343756611712,-20.396218790575304,-20.512036151223647
plus005,12.029812506561983,-16.991462400731223,-17.63332580401397
plus005,12.102281256512255,-13.963799047699139,-14.938669667863481
plus005,12.174750006462526,-11.47940564681942,-12.593688253292287
plus005,12.247218756941974,-9.582226165065961,-10.703736877644578
plus005,12.319687506892246,-8.265101626859774,-9.317699775884288
plus005,12.392156256842517,-7.477604108900881,-8.434499499567314
plus005,12.464625006792788,-7.166559093012875,-8.016942124586247
plus005,12.53709375674306,-7.289202729226274,-8.007093793281793
plus005,12.60956250669333,-7.781397099874625,-8.331731631307097
plus005,12.682031257172778,-8.556504021951952,-8.907666335594543
plus005,12.75450000712305,-9.513287845934776,-9.643638984851114
plus005,12.82696875707332,-10.537566520248287,-10.441763855285604
plus005,12.899437507023594,-11.509147052518706,-11.203609689235355
plus005,12.971906256973863,-12.318367624203168,-11.836835817564218
plus005,13.044375006924135,-12.876076835873402,-12.261712062229858
plus005,13.116843757403585,-13.114317896705812,-12.417446798578037
plus005,13.189312507353854,-12.98908697467676,-12.266915682015986
plus005,13.261781257304127,-12.487421531382868,-11.798310181819625
plus005,13.334250007254397,-11.627709620262783,-11.025346999962142
plus005,13.406718757204667,-10.455429331824181,-9.985778002814536
plus005,13.47918750715494,-9.038129068405874,-8.73700864373228
plus005,13.551656257634388,-7.465334535659643,-7.3492227069950395
plus005,13.62412500758466,-5.837334984701023,-5.898019967932561
plus005,13.69659375753493,-4.247701433889584,-4.456299716692153
plus005,13.7690625074852,-2.7729199470107986,-3.085912563446587
plus005,13.841531257435474,-1.4692904604311283,-1.833272983321337
plus005,13.914000007385743,-0.3633876139584059,-0.7272678084306367
plus005,13.986468757865193,0.5545810315244748,0.22047964480192722
plus005,14.058937507815463,1.3031424844000257,1.0124265509486738
plus005,14.131406257765734,1.9047012667452672,1.6618624340358052
plus005,14.203875007716006,2.3865307251326695,2.1880413770806335
plus005,14.276343757666277,2.7707084096221215,2.610679335564916
plus005,14.348812507616548,3.076760775601564,2.948267807012114
plus005,14.421281258095997,3.319864905721231,3.2173001432479533
plus005,14.493750008046268,3.5130467817315325,3.431286607063863
plus005,14.56621875799654,3.6662618253474935,3.601343240221033
plus005,14.63868750794681,3.7879276067904493,3.7363774995273826
plus005,14.711156257897082,3.884435931026957,3.8435991778257197
plus005,14.78362500837653,3.9611048145109224,3.928728707155446
plus005,14.8560937583268,4.022000590746015,3.996350294517573
plus005,14.928562508277073,4.070416667415279,4.050087544161547
plus005,15.001031258227343,4.108953473433926,4.092820033008384
plus005,15.073500008177614,4.139612991305154,4.126829163680948
plus005,15.145968758127886,4.164088327086881,4.153911186996722
plus005,15.218437508607334,4.183563352954817,4.175503299531676
plus005,15.290906258557607,4.199168756430256,4.192722011674867
plus005,15.363375008507877,4.2115746995336645,4.2064771905482035
plus005,15.435843758458148,4.221561455159953,4.217460576801444
plus005,15.50831250840842,4.229484458436266,4.226252426034899
plus005,15.58078125835869,4.235899257024202,4.233280065858174
plus005,15.653250008838139,4.240972071676644,4.2389170269702685
plus005,15.72571875878841,4.24510631119469,4.243426729195736
plus005,15.79818750873868,4.2483621807704095,4.2470515579575645
plus005,15.870656258688953,4.251033468135406,4.249953584272233
plus005,15.943125008639223,4.253129384343923,4.252290702208436
plus005,16.015593758589496,4.254858259769062,4.2541631585131015
plus005,16.088062509068944,4.256213359592726,4.255673499295299
plus005,16.160531259019216,4.257331978864219,4.25688490939389
plus005,16.233000008969487,4.2582134917216585,4.257862777770026
plus005,16.30546875891976,4.258934566245791,4.258648710633277
plus005,16.37793750887003,4.259513366036936,4.259282531847411
plus005,16.4504062588203,4.259974408554101,4.259793888217746
plus005,16.522875009299746,4.260359776206117,4.2602047665443665
plus005,16.59534375925002,4.260650121697362,4.26053854140806
plus005,16.66781250920029,4.260911446245175,4.26080464155416
plus005,16.740281259150564,4.261089680825086,4.261023434705271
plus005,16.81275000910083,4.261270949474564,4.261196281430705
plus005,16.885218759051103,4.261376107876712,4.2613415358104865
plus005,16.95768750953055,4.261505974217571,4.261454381429249
plus005,17.030156259480822,4.261569635255693,4.261552043094485
plus005,17.102625009431097,4.261666956778602,4.261626289361857
plus005,17.175093759381365,4.26170136557651,4.261693025286625
plus005,17.247562509331637,4.261773258058972,4.261742481981128
plus005,17.320031259281908,4.261790686951862,4.261788142687249
plus005,17.392500009761356,4.261843300167169,4.261820769139358
plus005,17.464968759711628,4.261852184684779,4.26185188535953
plus005,17.5374375096619,4.261889273804232,4.261873708891299
plus005,17.60990625961217,4.2618952739149,4.261894865744105
plus005,17.682375009562442,4.2619192471461815,4.261909886429313
plus005,17.754843759512713,4.261926049992743,4.261924063561548
plus005,17.82731250999216,4.26193875771012,4.261934866481886
plus005,17.89978125994243,4.2619484177522375,4.2619440911418245
plus005,17.972250009892704,4.261951451821804,4.2619523361918565
plus005,18.044718759842976,4.26196485342953,4.261958009765889
plus005,18.117187509793247,4.261959873745847,4.261964730978291
plus005,18.189656259743515,4.2619769624964094,4.261967846682017
plus005,18.262125010222963,4.261965765010969,4.261973601890208
plus005,18.334593760173238,4.2619857517741675,4.261974812796896
plus005,18.40706251012351,4.261970268495393,4.261979792480578
plus005,18.47953126007378,4.261991738279141,4.261979683635034
plus005,18.55200001002405,4.261973356987732,4.261984023851141
plus005,18.624468759974324,4.261994758743015,4.2619830714526215
plus005,18.69693751045377,4.261976132549129,4.261986772201151
plus005,18.769406260404043,4.26199613291802,4.2619854252375315
plus005,18.841875010354315,4.26197909859023,4.26198855454695
plus005,18.914343760304583,4.261996187340792,4.261987275611797
plus005,18.986812510254854,4.261982336745193,4.261989779059331
plus005,19.05928126020513,4.26199526215366,4.261988813055119
plus005,19.131750010684577,4.261985792591246,4.261990609006612
plus005,19.20421876063485,4.261993656681872,4.261990132807353
plus005,19.276687510585116,4.261989357282845,4.261991180445723
plus005,19.349156260535388,4.261991683856369,4.2619912892912675
plus005,19.421625010485663,4.261992840340284,4.2619915614051305
plus005,19.494093760965107,4.261989629396707,4.26199229611256
plus005,19.566562510915382,4.261996051283861,4.261991860730379
plus005,19.63903126086565,4.2619877518110565,4.261993180482612
plus005,19.71150001081592,4.261998799633871,4.261992119238548
plus005,19.783968760766193,4.261986296001892,4.261993942401427
plus005,19.856437510716464,4.262000922121999,4.26199239135241
plus005,19.928906261195916,4.2619854252375315,4.261994554657617
plus005,20.001375011146184,4.262002309902698,4.261992690677659
plus005,20.073843761096455,4.261985248363522,4.261995030856877
plus005,20.146312511046727,4.262002894947502,4.261993058031374
plus005,20.218781260996998,4.261985792591246,4.261995384604898
plus005,20.29125001094727,4.262002677256412,4.2619934798078605
plus005,20.363718761426718,4.261987057920707,4.261995615901681
plus005,20.43618751137699,4.2620017520692794,4.261993969612813
plus005,20.50865626132726,4.261988935506357,4.261995738352919
plus005,20.58112501127753,4.262000214625957,4.261994500234845
plus005,20.653593761227803,4.261991302896962,4.2619957791699985
plus005,20.726062511178075,4.261998255406147,4.261995058068263
plus005,20.798531261657523,4.26199395600712,4.261995765564306
plus005,20.871000011607794,4.261996064889554,4.261995629507375
plus005,20.943468761558062,4.261996690751437,4.261995711141533
plus005,21.015937511508337,4.261993847161575,4.261996187340792
plus005,21.08840626145861,4.261999303044517,4.2619956431130674
plus005,21.160875011408876,4.261991847124686,4.261996690751437
plus005,21.233343761888328,4.262001575195269,4.261995602295988
plus005,21.305812511838596,4.261990214441512,4.261997126133618
plus005,21.378281261788867,4.262003357541068,4.261995615901681
plus005,21.450750011739142,4.261989125986061,4.261997479881639
plus005,21.52321876168941,4.26200450041929,4.261995683930147
plus005,21.59568751163968,4.261988690603881,4.261997738389809
plus005,21.66815626211913,4.26200493580147,4.2619958063813845
plus005,21.7406250120694,4.261988935506357,4.2619978880524325
plus005,21.813093762019676,4.262004650081915,4.261996024072475
plus005,21.885562511969944,4.2619898606934905,4.261997942475205
plus005,21.958031261920215,4.262003684077703,4.261996296186337
plus005,22.030500011870487,4.26199138453112,4.261997901658126
plus005,22.102968762349935,4.26200214663438,4.261996622722973
plus005,22.175437512300206,4.261993398173702,4.2619977792068875
plus005,22.247906262250478,4.262000173808877,4.261996990076686
plus005,22.32037501220075,4.261995711141533,4.261997602332877
plus005,22.39284376215102,4.261997942475205,4.261997371036094
plus005,22.46531251210129,4.261998146560602,4.261997384641787
plus005,22.53778126258074,4.2619956703244535,4.261997738389809
plus005,22.610250012531008,4.262000513951205,4.261997166950697
plus005,22.682718762481283,4.2619935614420195,4.261998064926443
plus005,22.755187512431554,4.26200258201656,4.261996976470994
plus005,22.827656262381822,4.2619917790962205,4.261998337040306
plus005,22.900125012332094,4.262004201094042,4.261996813202676
plus005,22.97259376281154,4.261990500161066,4.261998527520009
plus005,23.045062512761817,4.262005235126719,4.261996717962824
plus005,23.117531262712088,4.261989833482104,4.261998636365554
plus010,0.0,4.243687142162111,4.243679332494258
plus010,0.07246874995027121,4.24367333238359,4.243681046811591
plus010,0.14493749990054242,4.2436868292311685,4.243679359705644
plus010,0.21740624985081364,4.243673917428395,4.24368095157174
plus010,0.2898750003302621,4.24368591764973,4.243679441339802
plus010,0.3623437502805333,4.2436750467009245,4.2436807746977285
plus010,0.4348125002308045,4.243684489051951,4.243679577396734
plus010,0.5072812501810757,4.24367659774994,4.2436805297952525
plus010,0.5797500001313469,4.243682652283379,4.243679754270745
plus010,0.6522187500816181,4.2436784481242045,4.243680230470004
plus010,0.7246875005610666,4.243680584218025,4.243679931144755
plus010,0.7971562505113378,4.2436804345554,4.243679903933369
plus010,0.869625000461609,4.243678420912818,4.243680108018766
plus010,0.9420937504118803,4.243682380169517,4.243679563791041
plus010,1.0145625003621515,4.243676380058851,4.24368025768139
plus010,1.0870312503124226,4.24368409448685,4.243679223648713
plus010,1.1595000002626938,4.243674611318744,4.243680339315549
plus010,1.2319687507421422,4.243685427844777,4.243678924323464
plus010,1.3044375006924134,4.243673264355125,4.243680366526935
plus010,1.3769062506426846,4.243686244186364,4.2436786658152945
plus010,1.449375000592956,4.2436724480135375,4.243680298498469
plus010,1.5218437505432272,4.243686461877454,4.243678475335591
plus010,1.5943125004934984,4.243672216716755,4.243680148835845
plus010,1.6667812504437696,4.243686053706661,4.2436783392786595
plus010,1.739250000923218,4.243672611281855,4.243679903933369
plus010,1.811718750873489,4.24368500606829,4.243678257644501
plus010,1.8841875008237605,4.243673550074681,4.243679563791041
plus010,1.9566562507740317,4.243683414202195,4.243678230433115
plus010,2.029125000724303,4.243674965066766,4.243679155620248
plus010,2.101593750674574,4.243681373348227,4.243678244038808
plus010,2.1740625011540224,4.243676720201178,4.243678679420988
plus010,2.2465312511042934,4.243679046774702,4.243678271250194
plus010,2.319000001054565,4.2436786386039085,4.243678162404649
plus010,2.391468751004836,4.243676611355633,4.243678284855887
plus010,2.463937500955107,4.2436805297952525,4.243677631782617
plus010,2.5364062509053786,4.2436742575707225,4.243678271250194
plus010,2.6088750008556496,4.243682203295507,4.243677114766279
plus010,2.681343751335098,4.243672162293982,4.243678203221728
plus010,2.753812501285369,4.243683495836353,4.243676611355633
plus010,2.8262812512356406,4.2436705023994215,4.243678053559104
plus010,2.898750001185912,4.243684257755168,4.243676148762067
plus010,2.971218751136183,4.243669373126892,4.243677808656628
plus010,3.0436875010864544,4.243684366600713,4.243675740591273
plus010,3.1161562515659025,4.24366888332194,4.243677454908607
plus010,3.188625001516174,4.243683781555909,4.243675386843252
plus010,3.261093751466445,4.243669032984563,4.243676978709347
plus010,3.3335625014167163,4.243682475409369,4.243675073912311
plus010,3.4060312513669877,4.243669781297686,4.243676380058851
plus010,3.4785000013172587,4.2436805297952525,4.243674788192755
plus010,3.55096875126753,4.24367101941576,4.243675658957115
plus010,3.623437501746978,4.243678026347718,4.243674488867506
plus010,3.6959062516972496,4.243672624887548,4.243674815404141
plus010,3.768375001647521,4.243675128335083,4.243674162330872
plus010,3.840843751597792,4.2436743664162675,4.243673835794236
plus010,3.9133125015480634,4.243671971814279,4.243673726948691
plus010,3.9857812514983344,4.243675999099443,4.243672733733093
plus010,4.058250001448606,4.243668760870701,4.243673128298194
plus010,4.130718751928054,4.24367729164029,4.24367145479794
plus010,4.203187501878325,4.243665604349896,4.243672271139527
plus010,4.275656251828597,4.243677931107866,4.243669958171696
plus010,4.348125001778868,4.243662651914489,4.24367101941576
plus010,4.420593751729139,4.243677645388311,4.2436681486145105
plus010,4.49306250167941,4.243659876353092,4.243669223464268
plus010,4.565531252158858,4.243676148762067,4.243665822040986
plus010,4.63800000210913,4.24365720963724,4.2436664751142565
plus010,4.710468752059401,4.243673101086808,4.2436624750404786
plus010,4.782937502009672,4.243654161961981,4.243662298166468
plus010,4.855406251959943,4.243667237033072,4.24365764501942
plus010,4.927875001910214,4.2436495768433975,4.24365616199887
plus010,5.000343751860486,4.243658651840711,4.243650706115927
plus010,5.072812502339935,4.243643535915651,4.243647386326805
plus010,5.145281252290205,4.24364688291616,4.243640910016878
plus010,5.217750002240477,4.243634909906212,4.243635127597301
plus010,5.290218752190748,4.243630882621047,4.2436270594212795
plus010,5.36268750214102,4.243621970892051,4.243617834761341
plus010,5.435156252091291,4.243609045483584,4.24360715429224
plus010,5.507625002041562,4.243602256242716,4.243593099611244
plus010,5.58009375252101,4.243578895267624,4.243578146954502
plus010,5.652562502471281,4.243572133238142,4.243557289426945
plus010,5.7250312524215525,4.243536554350626,4.243535493106561
plus010,5.797500002371824,4.243526214023851,4.2435048394799555
plus010,5.8699687523220945,4.243475927382069,4.243472281056312
plus010,5.942437502272366,4.243456498452289,4.243427314240541
plus010,6.014906252751815,4.243387694462166,4.243378007208663
plus010,6.087375002702086,4.243350959090734,4.243312223682413
plus010,6.159843752652357,4.243257351922049,4.243238331163062
plus010,6.232312502602628,4.243191377916094,4.243141989250058
plus010,6.3047812525529,4.24306575655149,4.243029878338725
plus010,6.377250002503171,4.242958666140919,4.242886433516129
plus010,6.4497187524534425,4.242782105061262,4.2427149609657
plus010,6.52218750293289,4.242602904477139,4.242498739290589
plus010,6.594656252883161,4.242346831726871,4.242235047352173
plus010,6.667125002833433,4.242057125703203,4.241905014054089
plus010,6.739593752783704,4.241677785373241,4.241498163012632
plus010,6.812062502733975,4.241219872165494,4.240992384976477
plus010,6.884531252684246,4.240648446660021,4.240365108100734
plus010,6.957000003163695,4.239934161376757,4.2395876515843005
plus010,7.029468753113966,4.239062431012674,4.238620259591869
plus010,7.101937503064237,4.237955961625139,4.2374218973529825
plus010,7.174406253014508,4.236614889271085,4.235928114699315
plus010,7.246875002964779,4.234906014214837,4.234076026117255
plus010,7.31934375291505,4.232831418127443,4.231764963083383
plus010,7.391812502865322,4.2301918864501955,4.228894937358939
plus010,7.464281253344771,4.226969595725104,4.225311102550491
plus010,7.536750003295042,4.222884935352798,4.220851877446509
plus010,7.609218753245313,4.217865849582498,4.215279448136896
plus010,7.681687503195584,4.211528018400559,4.208331700943639
plus010,7.754156253145855,4.203691465698349,4.199641649506132
plus010,7.826625003096127,4.193824412960158,4.188784959467253
plus010,7.899093753046398,4.181557615280318,4.175190844789106
plus010,7.9715625035258455,4.166139276479627,4.158173632961066
plus010,8.044031253476117,4.146888091474951,4.136837253034053
plus010,8.116500003426388,4.122707019624087,4.11007658258415
plus010,8.18896875337666,4.092407549209974,4.07647494242062
plus010,8.261437503326931,4.054336765392176,4.03425625896888
plus010,8.333906253277203,4.006499801444999,3.981170259431931
plus010,8.40637500375665,3.9463460525014478,3.9143716940525075
plus010,8.47884375370692,3.87060856034591,3.8302847009583303
plus010,8.551312503657194,3.7752860947163094,3.7243813326894526
plus010,8.623781253607463,3.655117075573814,3.5910142197785424
plus010,8.696250003557736,3.5037985975507326,3.423062550615817
plus010,8.768718753508006,3.313013187510036,3.211728747971019
plus010,8.841187503458277,3.0729299430401604,2.946031343993636
plus010,8.913656253937727,2.770684381968066,2.612617697847069
plus010,8.986125003887997,2.391271982649398,2.1951753317899714
plus010,9.05859375383827,1.9154042124518567,1.6753435534325651
plus010,9.13106250378854,1.321221606970622,1.033538436939158
plus010,9.203531253738811,0.5817020487567398,0.2504924024448603
plus010,9.276000003689083,-0.3258092882031938,-0.6873411672537821
plus010,9.34846875416853,-1.4197059268364616,-1.7828672781182322
plus010,9.420937504118802,-2.7106378322806317,-3.025098434975926
plus010,9.493406254069074,-4.173562991635405,-4.385956718591565
plus010,9.565875004019343,-5.75327850917652,-5.8198708122482
plus010,9.638343753969616,-7.374396504638928,-7.265819399980292
plus010,9.710812503919886,-8.9443060045812,-8.651549407641104
plus010,9.78328125387016,-10.36320786216548,-9.901800753241089
plus010,9.855750004349607,-11.541346040961109,-10.946440687455487
plus010,9.928218754299877,-12.410747940329081,-11.727784608923018
plus010,10.00068750425015,-12.925322410835296,-12.207499878656039
plus010,10.07315625420042,-13.06575806228301,-12.371064827453434
plus010,10.145625004150693,-12.843803968517344,-12.229356635527928
plus010,10.218093754100963,-12.302312906318036,-11.818464390282568
plus010,10.290562504051232,-11.508162449324477,-11.198157751944041
plus010,10.363031254530682,-10.549388711088254,-10.447267194885537
plus010,10.435500004480954,-9.534502210005863,-9.65744099452018
plus010,10.507968754431225,-8.583175901648534,-8.926639297780548
plus010,10.580437504381496,-7.809524244507643,-8.352595267820858
plus010,10.652906254331766,-7.315020525142753,-8.026657120098097
plus010,10.72537500428204,-7.186701015534928,-8.032230882765635
plus010,10.797843754761486,-7.489854239606645,-8.44284306842375
plus010,10.870312504711759,-8.267821731451694,-9.31671475091357
plus010,10.942781254662028,-9.573518494255858,-10.691302593882394
plus010,11.0152500046123,-11.457461242072432,-12.56798195603095
plus010,11.087718754562571,-13.92662599472498,-14.89818360140249
plus010,11.160187504512843,-16.937135398713142,-17.57701907840664
plus010,11.232656254463114,-20.323456591391903,-20.43962179519063
plus010,11.305125004942562,-23.80126581163018,-23.272890787264064
plus010,11.377593754892834,-27.019670016057987,-25.83657067092768
plus010,11.450062504843105,-29.61173753895515,-27.88702906142062
plus010,11.522531254793376,-31.2903441593751,-29.213926337700272
plus010,11.595000004743648,-31.872385166764612,-29.673698368847912
plus010,11.66746875469392,-31.2903441593751,-29.213926337700272
plus010,11.739937505173366,-29.61173753895515,-27.88702906142062
plus010,11.812406255123639,-27.019670016057987,-25.83657067092768
plus010,11.884875005073908,-23.80126581163018,-23.272890787264064
plus010,11.957343755024182,-20.323456591391903,-20.43962179519063
plus010,12.029812504974451,-16.937135398713142,-17.57701907840664
plus010,12.102281254924723,-13.92662599472498,-14.89818360140249
plus010,12.174750004874994,-11.457461242072432,-12.56798195603095
plus010,12.247218755354442,-9.573518494255858,-10.691302593882394
plus010,12.319687505304714,-8.267821731451694,-9.31671475091357
plus010,12.392156255254985,-7.489854239606645,-8.44284306842375
plus010,12.464625005205257,-7.186701015534928,-8.032230882765635
plus010,12.537093755155528,-7.315020525142753,-8.026657120098097
plus010,12.6095625051058,-7.809524244507643,-8.352595267820858
plus010,12.682031255056069,-8.583175901648534,-8.926639297780548
plus010,12.754500005535519,-9.534502210005863,-9.65744099452018
plus010,12.826968755485789,-10.549388711088254,-10.447267194885537
plus010,12.899437505436062,-11.508162449324477,-11.198157751944041
plus010,12.971906255386331,-12.302312906318036,-11.818464390282568
plus010,13.044375005336603,-12.843803968517344,-12.229356635527928
plus010,13.116843755286874,-13.06575806228301,-12.371064827453434
plus010,13.189312505766322,-12.925322410835296,-12.207499878656039
plus010,13.261781255716595,-12.410747940329081,-11.727784608923018
plus010,13.334250005666865,-11.541346040961109,-10.946440687455487
plus010,13.406718755617135,-10.36320786216548,-9.901800753241089
plus010,13.479187505567408,-8.9443060045812,-8.651549407641104
plus010,13.551656255517678,-7.374396504638928,-7.265819399980292
plus010,13.62412500546795,-5.75327850917652,-5.8198708122482
plus010,13.696593755947399,-4.173562991635405,-4.385956718591565
plus010,13.769062505897669,-2.7106378322806317,-3.025098434975926
plus010,13.841531255847942,-1.4197059268364616,-1.7828672781182322
plus010,13.914000005798211,-0.3258092882031938,-0.6873411672537821
plus010,13.986468755748485,0.5817020487567398,0.2504924024448603
plus010,14.058937505698754,1.321221606970622,1.033538436939158
plus010,14.131406255649026,1.9154042124518567,1.6753435534325651
plus010,14.203875006128474,2.391271982649398,2.1951753317899714
plus010,14.276343756078745,2.770684381968066,2.612617697847069
plus010,14.348812506029017,3.0729299430401604,2.946031343993636
plus010,14.421281255979288,3.313013187510036,3.211728747971019
plus010,14.493750005929558,3.5037985975507326,3.423062550615817
plus010,14.56621875587983,3.655117075573814,3.5910142197785424
plus010,14.638687506359279,3.7752860947163094,3.7243813326894526
plus010,14.71115625630955,3.87060856034591,3.8302847009583303
plus010,14.783625006259822,3.9463460525014478,3.9143716940525075
plus010,14.856093756210091,4.006499801444999,3.981170259431931
plus010,14.928562506160365,4.054336765392176,4.03425625896888
plus010,15.001031256110634,4.092407549209974,4.07647494242062
plus010,15.073500006060907,4.122707019624087,4.11007658258415
plus010,15.145968756540354,4.146888091474951,4.136837253034053
plus010,15.218437506490625,4.166139276479627,4.158173632961066
plus010,15.290906256440897,4.181557615280318,4.175190844789106
plus010,15.363375006391168,4.193824412960158,4.188784959467253
plus010,15.43584375634144,4.203691465698349,4.199641649506132
plus010,15.50831250629171,4.211528018400559,4.208331700943639
plus010,15.580781256771159,4.217865849582498,4.215279448136896
plus010,15.65325000672143,4.222884935352798,4.220851877446509
plus010,15.725718756671702,4.226969595725104,4.225311102550491
plus010,15.798187506621973,4.2301918864501955,4.228894937358939
plus010,15.870656256572245,4.232831418127443,4.231764963083383
plus010,15.943125006522514,4.234906014214837,4.234076026117255
plus010,16.015593756472786,4.236614889271085,4.235928114699315
plus010,16.088062506952234,4.237955961625139,4.2374218973529825
plus010,16.160531256902505,4.239062431012674,4.238620259591869
plus010,16.233000006852777,4.239934161376757,4.2395876515843005
plus010,16.305468756803048,4.240648446660021,4.240365108100734
plus010,16.37793750675332,4.241219872165494,4.240992384976477
plus010,16.45040625670359,4.241677785373241,4.241498163012632
plus010,16.522875006653862,4.242057125703203,4.241905014054089
plus010,16.59534375713331,4.242346831726871,4.242235047352173
plus010,16.667812507083582,4.242602904477139,4.242498739290589
plus010,16.740281257033853,4.242782105061262,4.2427149609657
plus010,16.812750006984125,4.242958666140919,4.242886433516129
plus010,16.885218756934396,4.24306575655149,4.243029878338725
plus010,16.957687506884668,4.243191377916094,4.243141989250058
plus010,17.030156257364116,4.243257351922049,4.243238331163062
plus010,17.102625007314387,4.243350959090734,4.243312223682413
plus010,17.17509375726466,4.243387694462166,4.243378007208663
plus010,17.247562507214926,4.243456498452289,4.243427314240541
plus010,17.3200312571652,4.243475927382069,4.243472281056312
plus010,17.392500007115473,4.243526214023851,4.2435048394799555
plus010,17.46496875706574,4.243536554350626,4.243535493106561
plus010,17.537437507545192,4.243572133238142,4.243557289426945
plus010,17.60990625749546,4.243578895267624,4.243578146954502
plus010,17.68237500744573,4.243602256242716,4.243593099611244
plus010,17.754843757396007,4.243609045483584,4.24360715429224
plus010,17.827312507346274,4.243621970892051,4.243617834761341
plus010,17.899781257296546,4.243630882621047,4.2436270594212795
plus010,17.972250007775994,4.243634909906212,4.243635127597301
plus010,18.044718757726265,4.24364688291616,4.243640910016878
plus010,18.11718750767654,4.243643535915651,4.243647386326805
plus010,18.189656257626808,4.243658651840711,4.243650706115927
plus010,18.26212500757708,4.2436495768433975,4.24365616199887
plus010,18.33459375752735,4.243667237033072,4.24365764501942
plus010,18.407062507477622,4.243654161961981,4.243662298166468
plus010,18.47953125795707,4.243673101086808,4.2436624750404786
plus010,18.552000007907342,4.24365720963724,4.2436664751142565
plus010,18.624468757857613,4.243676148762067,4.243665822040986
plus010,18.696937507807885,4.243659876353092,4.243669223464268
plus010,18.769406257758153,4.243677645388311,4.2436681486145105
plus010,18.841875007708428,4.243662651914489,4.24367101941576
plus010,18.9143437576587,4.243677931107866,4.243669958171696
plus010,18.986812508138147,4.243665604349896,4.243672271139527
plus010,19.05928125808842,4.24367729164029,4.24367145479794
plus010,19.131750008038686,4.243668760870701,4.243673128298194
plus010,19.20421875798896,4.243675999099443,4.243672733733093
plus010,19.276687507939233,4.243671971814279,4.243673726948691
plus010,19.349156257889504,4.2436743664162675,4.243673835794236
plus010,19.421625008368952,4.243675128335083,4.243674162330872
plus010,19.49409375831922,4.243672624887548,4.243674815404141
plus010,19.56656250826949,4.243678026347718,4.243674488867506
plus010,19.639031258219767,4.24367101941576,4.243675658957115
plus010,19.711500008170034,4.2436805297952525,4.243674788192755
plus010,19.783968758120306,4.243669781297686,4.243676380058851
plus010,19.856437508070577,4.243682475409369,4.243675073912311
plus010,19.928906258550025,4.243669032984563,4.243676978709347
plus010,20.0013750085003,4.243683781555909,4.243675386843252
plus010,20.07384375845057,4.24366888332194,4.243677454908607
plus010,20.14631250840084,4.243684366600713,4.243675740591273
plus010,20.21878125835111,4.243669373126892,4.243677808656628
plus010,20.291250008301386,4.243684257755168,4.243676148762067
plus010,20.363718758251654,4.2436705023994215,4.243678053559104
plus010,20.436187508731102,4.243683495836353,4.243676611355633
plus010,20.508656258681373,4.243672162293982,4.243678203221728
plus010,20.581125008631645,4.243682203295507,4.243677114766279
plus010,20.653593758581916,4.2436742575707225,4.243678271250194
plus010,20.726062508532188,4.2436805297952525,4.243677631782617
plus010,20.79853125848246,4.243676611355633,4.243678284855887
plus010,20.871000008961907,4.2436786386039085,4.243678162404649
plus010,20.94346875891218,4.243679046774702,4.243678271250194
plus010,21.01593750886245,4.243676720201178,4.243678679420988
plus010,21.088406258812718,4.243681373348227,4.243678244038808
plus010,21.160875008762993,4.243674965066766,4.243679155620248
plus010,21.233343758713264,4.243683414202195,4.243678230433115
plus010,21.305812508663532,4.243673550074681,4.243679563791041
plus010,21.378281259142984,4.24368500606829,4.243678257644501
plus010,21.45075000909325,4.243672611281855,4.243679903933369
plus010,21.523218759043527,4.243686053706661,4.2436783392786595
plus010,21.595687508993798,4.243672216716755,4.243680148835845
plus010,21.668156258944066,4.243686461877454,4.243678475335591
plus010,21.740625008894337,4.2436724480135375,4.243680298498469
plus010,21.813093759373785,4.243686244186364,4.2436786658152945
plus010,21.885562509324057,4.243673264355125,4.243680366526935
plus010,21.958031259274332,4.243685427844777,4.243678924323464
plus010,22.0305000092246,4.243674611318744,4.243680339315549
plus010,22.10296875917487,4.24368409448685,4.243679223648713
plus010,22.175437509125143,4.243676380058851,4.24368025768139
plus010,22.247906259075414,4.243682380169517,4.243679563791041
plus010,22.320375009554866,4.243678420912818,4.243680108018766
plus010,22.392843759505134,4.2436804345554,4.243679903933369
plus010,22.465312509455405,4.243680584218025,4.243679931144755
plus010,22.537781259405676,4.2436784481242045,4.243680230470004
plus010,22.610250009355948,4.243682652283379,4.243679754270745
plus010,22.68271875930622,4.24367659774994,4.2436805297952525
plus010,22.75518750925649,4.243684489051951,4.243679577396734
plus010,22.82765625973594,4.2436750467009245,4.2436807746977285
plus010,22.90012500968621,4.24368591764973,4.243679441339802
plus010,22.972593759636478,4.243673917428395,4.24368095157174
plus010,23.045062509586753,4.2436868292311685,4.243679359705644
plus010,23.117531259537024,4.24367333238359,4.243681046811591
vacuum28-minus005,0.0,3.536634971898867,3.536644278192963
vacuum28-minus005,0.075173333399374,3.536651285124922,3.5366419652251326
vacuum28-minus005,0.150346666798748,3.53663498550456,3.536644278192963
vacuum28-minus005,0.225520000198122,3.536651244307842,3.536641951619439
vacuum28-minus005,0.300693333597496,3.536635012715946,3.5366442509815768
vacuum28-minus005,0.37586666699687,3.5366511490679904,3.536641951619439
vacuum28-minus005,0.451040000396244,3.536635080744412,3.5366442101644977
vacuum28-minus005,0.526213333795618,3.5366510130110584,3.5366419244080527
vacuum28-minus005,0.601386667194992,3.5366351623785706,3.536644155741725
vacuum28-minus005,0.676560000594366,3.536650822531355,3.5366418971966667
vacuum28-minus005,0.75173333399374,3.5366352712241156,3.5366440741075666
vacuum28-minus005,0.826906667393114,3.5366505912345723,3.53664186998528
vacuum28-minus005,0.902080000792488,3.536635393675354,3.5366439924734077
vacuum28-minus005,0.977253334191862,3.5366503191207093,3.536641829168201
vacuum28-minus005,1.052426667591236,3.536635543337978,3.536643883627862
vacuum28-minus005,1.12760000099061,3.5366499925840746,3.5366417883511216
vacuum28-minus005,1.202773334389984,3.5366357202119887,3.5366437611766246
vacuum28-minus005,1.277946667789358,3.5366496388360535,3.5366417475340426
vacuum28-minus005,1.353120001188732,3.5366359106916927,3.536643638725386
vacuum28-minus005,1.428293334588106,3.53664923066526,3.5366416795055766
vacuum28-minus005,1.50346666798748,3.5366361283827823,3.5366434754570686
vacuum28-minus005,1.578640001386854,3.536648781677387,3.536641625082804
vacuum28-minus005,1.653813334786228,3.536636359679566,3.5366433121887515
vacuum28-minus005,1.7289866681856019,3.5366483054781273,3.5366415434486456
vacuum28-minus005,1.804160001584976,3.5366366181877344,3.5366431353147405
vacuum28-minus005,1.87933333498435,3.5366477748560956,3.5366414754201796
vacuum28-minus005,1.954506668383724,3.536636876695904,3.536642931229344
vacuum28-minus005,2.029680001783098,3.536647203416985,3.536641380180328
vacuum28-minus005,2.104853335182472,3.53663716241546,3.536642727143947
vacuum28-minus005,2.1800266685818457,3.536646604766487,3.536641284940476
vacuum28-minus005,2.25520000198122,3.5366374617407086,3.5366424958471643
vacuum28-minus005,2.3303733353805938,3.53664596529891,3.5366411897006245
vacuum28-minus005,2.405546668779968,3.536637761065957,3.5366422509446873
vacuum28-minus005,2.480720002179342,3.536645298619947,3.5366410808550794
vacuum28-minus005,2.555893335578716,3.5366380739968992,3.5366419924365187
vacuum28-minus005,2.63106666897809,3.536644591123905,3.536640958403841
vacuum28-minus005,2.706240002377464,3.536638400533534,3.5366417203226557
vacuum28-minus005,2.7814133357768376,3.536643842810783,3.53664082234691
vacuum28-minus005,2.856586669176212,3.536638740675862,3.5366414346031005
vacuum28-minus005,2.9317600025755857,3.536643080891968,3.536640686289979
vacuum28-minus005,3.00693333597496,3.536639067212497,3.5366411216721585
vacuum28-minus005,3.0821066693743338,3.536642278156074,3.5366405366273543
vacuum28-minus005,3.157280002773708,3.536639407354825,3.5366408087412164
vacuum28-minus005,3.232453336173082,3.536641461814487,3.5366403869647303
vacuum28-minus005,3.307626669572456,3.5366397474971536,3.536640482204582
vacuum28-minus005,3.3828000029718295,3.536640618261513,3.5366402100907193
vacuum28-minus005,3.4579733363712037,3.536640087639481,3.5366401284565607
vacuum28-minus005,3.5331466697705776,3.5366397474971536,3.5366400332167087
vacuum28-minus005,3.608320003169952,3.5366404277818093,3.5366397747085396
vacuum28-minus005,3.6834933365693256,3.536638849521407,3.5366398427370047
vacuum28-minus005,3.7586666699687,3.536640754318444,3.5366393937491316
vacuum28-minus005,3.833840003368074,3.5366379379399677,3.536639625045915
vacuum28-minus005,3.909013336767448,3.536641067249386,3.5366390127897245
vacuum28-minus005,3.984186670166822,3.5366370127528355,3.536639407354825
vacuum28-minus005,4.059360003566196,3.536641380180328,3.536638604618931
vacuum28-minus005,4.13453333696557,3.536636060354317,3.536639176058042
vacuum28-minus005,4.209706669835766,3.5366416795055766,3.536638182842444
vacuum28-minus005,4.28488000323514,3.5366351079557985,3.536638931155566
vacuum28-minus005,4.360053336634515,3.536641951619439,3.536637761065957
vacuum28-minus005,4.435226670033889,3.5366341419515868,3.536638672647396
vacuum28-minus005,4.510400003433263,3.5366422101276087,3.5366373120780836
vacuum28-minus005,4.585573336832637,3.536633148735989,3.5366383869278413
vacuum28-minus005,4.660746670232011,3.536642455030085,3.536636849484518
vacuum28-minus005,4.735920003631384,3.536632169126084,3.5366381012082853
vacuum28-minus005,4.8110933370307585,3.5366426727211744,3.5366363732852584
vacuum28-minus005,4.886266670430132,3.536631175910486,3.536637788277343
vacuum28-minus005,4.961440003829506,3.536642863200878,3.536635883480306
vacuum28-minus005,5.03661333722888,3.536630169089195,3.5366374617407086
vacuum28-minus005,5.111786670628255,3.536643012863503,3.5366353800696606
vacuum28-minus005,5.186960004027628,3.536629162267903,3.5366371079926875
vacuum28-minus005,5.262133337427002,3.5366431353147405,3.5366348494476285
vacuum28-minus005,5.3373066708263766,3.536628155446613,3.5366367270332804
vacuum28-minus005,5.412480004225751,3.5366432169489,3.5366343052199043
vacuum28-minus005,5.487653337625125,3.536627135019628,3.536636318862486
vacuum28-minus005,5.5628266710244985,3.536643257765979,3.5366337337807923
vacuum28-minus005,5.638000004423873,3.536626114592644,3.536635883480306
vacuum28-minus005,5.713173337823247,3.5366432305545925,3.5366331351302955
vacuum28-minus005,5.788346671222621,3.5366250669542736,3.5366354072810466
vacuum28-minus005,5.863520004621995,3.536643148920434,3.536632509268412
vacuum28-minus005,5.938693338021368,3.5366240193159033,3.536634876659015
vacuum28-minus005,6.013866671420742,3.5366429856521164,3.5366318153780627
vacuum28-minus005,6.0890400048201165,3.536622930860453,3.5366342916142104
vacuum28-minus005,6.16421333821949,3.5366427407496404,3.536631067064941
vacuum28-minus005,6.239386671618864,3.5366218015879243,3.5366336113295547
vacuum28-minus005,6.314560005018238,3.5366423597902323,3.536630223511967
vacuum28-minus005,6.389733338417613,3.5366206042869295,3.5366328085936605
vacuum28-minus005,6.464906671816986,3.5366418155625077,3.536629243902062
vacuum28-minus005,6.54008000521636,3.5366192845346958,3.536631842589449
vacuum28-minus005,6.615253338615735,3.5366410536436934,3.5366280738124534
vacuum28-minus005,6.690426672015109,3.53661777430276,3.5366306316827605
vacuum28-minus005,6.765600005414482,3.5366399923996297,3.536626631608982
vacuum28-minus005,6.8407733388138565,3.536616005562654,3.5366290806337446
vacuum28-minus005,6.915946672213231,3.536638509379079,3.5366247812347176
vacuum28-minus005,6.991120005612605,3.5366138014403674,3.53662701256839
vacuum28-minus005,7.066293339011978,3.5366364141023383,3.5366222505757965
vacuum28-minus005,7.141466672411352,3.5366109442448117,3.5366239784988234
vacuum28-minus005,7.216640005810726,3.536633420849851,3.536618495404495
vacuum28-minus005,7.2918133392101,3.5366067128742507,3.5366194614087068
vacuum28-minus005,7.366986672609475,3.5366280602067603,3.536612998704473
vacuum28-minus005,7.442160006008848,3.5366001413244725,3.5366128490418487
vacuum28-minus005,7.517333339408222,3.5366205226527705,3.536605025768303
vacuum28-minus005,7.5925066728075965,3.5365911751727044,3.536603338662356
vacuum28-minus005,7.667680006206971,3.536609951029214,3.5365937058316255
vacuum28-minus005,7.742853339606344,3.5365786443293383,3.536589841814778
vacuum28-minus005,7.818026673005718,3.5365948623155403,3.536577555873888
vacuum28-minus005,7.893200006405093,3.536560698420109,3.536570385673612
vacuum28-minus005,7.968373339804467,3.536573011572385,3.53655412687033
vacuum28-minus005,8.04354667320384,3.5365346027006983,3.5365419497749846
vacuum28-minus005,8.118720006603214,3.5365409837707733,3.536519609226877
vacuum28-minus005,8.193893340002589,3.5364960577720814,3.5364998129433833
vacuum28-minus005,8.269066673401962,3.5364934182676153,3.5364682069182583
vacuum28-minus005,8.344240006801336,3.536438478478785,3.5364367641614516
vacuum28-minus005,8.41941334020071,3.5364221516470367,3.536390912975627
vacuum28-minus005,8.494586673600084,3.5363517421851256,3.536341592338056
vacuum28-minus005,8.569760006999458,3.536314517008741,3.536274148917245
vacuum28-minus005,8.644933340398833,3.5362200526813883,3.5361985012634816
vacuum28-minus005,8.720106673798206,3.5361507724920056,3.536098594658879
vacuum28-minus005,8.79528000719758,3.5360213415333273,3.535981844206191
vacuum28-minus005,8.870453340596955,3.5359088904796656,3.5358307257726738
vacuum28-minus005,8.945626673996328,3.535722819020515,3.535649361883344
vacuum28-minus005,9.020800007395703,3.5355345026219998,3.535417643323766
vacuum28-minus005,9.095973340795076,3.5352567015798146,3.5351344408214116
vacuum28-minus005,9.17114667419445,3.5349505190617743,3.5347747471123183
vacuum28-minus005,9.246320007593825,3.534528728969269,3.534330602866012
vacuum28-minus005,9.321493340993198,3.534038910411148,3.5337699666751856
vacuum28-minus005,9.396666674392574,3.533391007304631,3.533073600089765
vacuum28-minus005,9.471840007791947,3.532613877324832,3.5321974342697233
vacuum28-minus005,9.54701334119132,3.5316100628919105,3.5311047202379364
vacuum28-minus005,9.622186674590695,3.5303820946647875,3.5297317833505875
vacuum28-minus005,9.697360007990069,3.5288173311100985,3.5280143911304447
vacuum28-minus005,9.772533341389442,3.5268797715638387,3.5258569771890107
vacuum28-minus005,9.847706674788817,3.524428297776938,3.5231520157335354
vacuum28-minus005,9.92288000818819,3.521369316186402,3.5197522251359614
vacuum28-minus005,9.998053341587566,3.517511938917716,3.5154811667678705
vacuum28-minus005,10.07322667498694,3.512675332703581,3.5101075710575578
vacuum28-minus005,10.14840000838631,3.506583587693158,3.503344521148446
vacuum28-minus005,10.223573341785686,3.4989198953220755,3.494824295972499
vacuum28-minus005,10.29874667518506,3.4892646696201153,3.4840820162070907
vacuum28-minus005,10.373920008584433,3.477086880384687,3.470527888661033
vacuum28-minus005,10.449093341983808,3.4617277399547737,3.4534083756264016
vacuum28-minus005,10.524266675383181,3.4423160349826323,3.43177043911701
vacuum28-minus005,10.599440008782556,3.4177964398811764,3.4043908320812495
vacuum28-minus005,10.67461334218193,3.3867469828450436,3.369723321918464
vacuum28-minus005,10.749786675581303,3.3474543125449485,3.325780565851257
vacuum28-minus005,10.824960008980678,3.29760746118687,3.2700492930345635
vacuum28-minus005,10.900133342380052,3.234414295639495,3.1993023010880743
vacuum28-minus005,10.975306675779425,3.154128447484326,3.109462861758574
vacuum28-minus005,11.0504800091788,3.0521970980543895,2.995318579587872
vacuum28-minus005,11.125653342578174,2.922567496255752,2.8503131295681663
vacuum28-minus005,11.200826675977549,2.7578708803271583,2.666128426306239
vacuum28-minus005,11.276000009376922,2.5484443917728066,2.4323918839302183
vacuum28-minus005,11.351173342776296,2.282569256626158,2.1361173173420815
vacuum28-minus005,11.42634667617567,1.9451214544401585,1.761387575819861
vacuum28-minus005,11.501520009575044,1.5179726644578782,1.2889807810218674
vacuum28-minus005,11.57669334297442,0.9782751047260434,0.6979023688494163
vacuum28-minus005,11.651866676373793,0.29945931920590196,-0.0340471313734564
vacuum28-minus005,11.727040009773166,-0.5489766832587961,-0.9260886183785354
vacuum28-minus005,11.802213343172541,-1.5891045478571237,-1.9878914813943218
vacuum28-minus005,11.877386676571914,-2.8410772585396433,-3.2150404689170076
vacuum28-minus005,11.952560009971288,-4.299168900172622,-4.585326246143114
vacuum28-minus005,12.027733343370663,-5.914647363046933,-6.056191837667091
vacuum28-minus005,12.102906676770036,-7.611767862355529,-7.566570647776689
vacuum28-minus005,12.178080010169412,-9.292541066954072,-9.040452186083852
vacuum28-minus005,12.253253343568785,-10.84503583753233,-10.394271455516767
vacuum28-minus005,12.328426676968158,-12.161756232229994,-11.547274830584998
vacuum28-minus005,12.403600010367533,-13.158248040295494,-12.430524441145236
vacuum28-minus005,12.478773343766907,-13.775903827020095,-12.995320069233038
vacuum28-minus005,12.553946676637102,-13.985670906890393,-13.21942183526386
vacuum28-minus005,12.629120010036477,-13.794515149882889,-13.109922114948862
vacuum28-minus005,12.70429334343585,-13.246110504385756,-12.703442440885764
vacuum28-minus005,12.779466676835225,-12.41374821335379,-12.064244039137792
vacuum28-minus005,12.854640010234599,-11.395258149207923,-11.279070305535841
vacuum28-minus005,12.929813343633972,-10.312890308248118,-10.449779962319958
vacuum28-minus005,13.004986677033347,-9.301515069207058,-9.685609949448164
vacuum28-minus005,13.08016001043272,-8.489454771676737,-9.094946116350862
vacuum28-minus005,13.155333343832096,-7.989482733766014,-8.778878531635119
vacuum28-minus005,13.23050667723147,-7.896920400677502,-8.829894112032463
vacuum28-minus005,13.305680010630843,-8.279101395278381,-9.328237589293444
vacuum28-minus005,13.380853344030218,-9.182785083409103,-10.33571760002755
vacuum28-minus005,13.456026677429591,-10.669999330212441,-11.887298952397996
vacuum28-minus005,13.531200010828965,-12.789919369216847,-13.971423378800015
vacuum28-minus005,13.60637334422834,-15.541814928449636,-16.517092957488853
vacuum28-minus005,13.681546677627713,-18.85055217314775,-19.38751048507744
vacuum28-minus005,13.756720011027088,-22.485791399097337,-22.38134053380919
vacuum28-minus005,13.831893344426462,-26.09878843249455,-25.251015585118363
vacuum28-minus005,13.907066677825835,-29.27570773571213,-27.727562705225292
vacuum28-minus005,13.98224001122521,-31.626809684940394,-29.552742341992413
vacuum28-minus005,14.057413344624583,-32.87764475559243,-30.52273039591125
vacuum28-minus005,14.132586678023957,-32.87764475559243,-30.52273039591125
vacuum28-minus005,14.207760011423332,-31.626809684940394,-29.552742341992413
vacuum28-minus005,14.282933344822704,-29.27570773571213,-27.727562705225292
vacuum28-minus005,14.358106678222079,-26.09878843249455,-25.251015585118363
vacuum28-minus005,14.433280011621452,-22.485791399097337,-22.38134053380919
vacuum28-minus005,14.508453345020826,-18.85055217314775,-19.38751048507744
vacuum28-minus005,14.5836266784202,-15.541814928449636,-16.517092957488853
vacuum28-minus005,14.658800011819574,-12.789919369216847,-13.971423378800015
vacuum28-minus005,14.73397334521895,-10.669999330212441,-11.887298952397996
vacuum28-minus005,14.809146678618323,-9.182785083409103,-10.33571760002755
vacuum28-minus005,14.884320012017696,-8.279101395278381,-9.328237589293444
vacuum28-minus005,14.959493345417071,-7.896920400677502,-8.829894112032463
vacuum28-minus005,15.034666678816444,-7.989482733766014,-8.778878531635119
vacuum28-minus005,15.109840012215818,-8.489454771676737,-9.094946116350862
vacuum28-minus005,15.185013345615193,-9.301515069207058,-9.685609949448164
vacuum28-minus005,15.260186679014566,-10.312890308248118,-10.449779962319958
vacuum28-minus005,15.335360012413942,-11.395258149207923,-11.279070305535841
vacuum28-minus005,15.410533345813315,-12.41374821335379,-12.064244039137792
vacuum28-minus005,15.485706679212688,-13.246110504385756,-12.703442440885764
vacuum28-minus005,15.560880012612063,-13.794515149882889,-13.109922114948862
vacuum28-minus005,15.636053346011437,-13.985670906890393,-13.21942183526386
vacuum28-minus005,15.71122667941081,-13.775903827020095,-12.995320069233038
vacuum28-minus005,15.786400012810185,-13.158248040295494,-12.430524441145236
vacuum28-minus005,15.861573346209559,-12.161756232229994,-11.547274830584998
vacuum28-minus005,15.936746679608934,-10.84503583753233,-10.394271455516767
vacuum28-minus005,16.011920013008307,-9.292541066954072,-9.040452186083852
vacuum28-minus005,16.08709334640768,-7.611767862355529,-7.566570647776689
vacuum28-minus005,16.162266679807054,-5.914647363046933,-6.056191837667091
vacuum28-minus005,16.237440013206427,-4.299168900172622,-4.585326246143114
vacuum28-minus005,16.3126133466058,-2.8410772585396433,-3.2150404689170076
vacuum28-minus005,16.387786680005178,-1.5891045478571237,-1.9878914813943218
vacuum28-minus005,16.46296001340455,-0.5489766832587961,-0.9260886183785354
vacuum28-minus005,16.538133346803924,0.29945931920590196,-0.0340471313734564
vacuum28-minus005,16.613306680203298,0.9782751047260434,0.6979023688494163
vacuum28-minus005,16.68848001360267,1.5179726644578782,1.2889807810218674
vacuum28-minus005,16.763653347002048,1.9451214544401585,1.761387575819861
vacuum28-minus005,16.83882668040142,2.282569256626158,2.1361173173420815
vacuum28-minus005,16.914000013800795,2.5484443917728066,2.4323918839302183
vacuum28-minus005,16.98917334720017,2.7578708803271583,2.666128426306239
vacuum28-minus005,17.064346680599545,2.922567496255752,2.8503131295681663
vacuum28-minus005,17.139520013998915,3.0521970980543895,2.995318579587872
vacuum28-minus005,17.214693347398292,3.154128447484326,3.109462861758574
vacuum28-minus005,17.289866680797665,3.234414295639495,3.1993023010880743
vacuum28-minus005,17.36504001419704,3.29760746118687,3.2700492930345635
vacuum28-minus005,17.440213347596412,3.3474543125449485,3.325780565851257
vacuum28-minus005,17.51538668099579,3.3867469828450436,3.369723321918464
vacuum28-minus005,17.59056001439516,3.4177964398811764,3.4043908320812495
vacuum28-minus005,17.665733347794536,3.4423160349826323,3.43177043911701
vacuum28-minus005,17.74090668119391,3.4617277399547737,3.4534083756264016
vacuum28-minus005,17.816080014593286,3.477086880384687,3.470527888661033
vacuum28-minus005,17.891253347992656,3.4892646696201153,3.4840820162070907
vacuum28-minus005,17.96642668139203,3.4989198953220755,3.494824295972499
vacuum28-minus005,18.041600014791406,3.506583587693158,3.503344521148446
vacuum28-minus005,18.116773348190776,3.512675332703581,3.5101075710575578
vacuum28-minus005,18.191946681590153,3.517511938917716,3.5154811667678705
vacuum28-minus005,18.267120014989526,3.521369316186402,3.5197522251359614
vacuum28-minus005,18.3422933483889,3.524428297776938,3.5231520157335354
vacuum28-minus005,18.417466681788273,3.5268797715638387,3.5258569771890107
vacuum28-minus005,18.49264001518765,3.5288173311100985,3.5280143911304447
vacuum28-minus005,18.56781334858702,3.5303820946647875,3.5297317833505875
vacuum28-minus005,18.642986681986397,3.5316100628919105,3.5311047202379364
vacuum28-minus005,18.71816001538577,3.532613877324832,3.5321974342697233
vacuum28-minus005,18.793333348785147,3.533391007304631,3.533073600089765
vacuum28-minus005,18.868506682184517,3.534038910411148,3.5337699666751856
vacuum28-minus005,18.943680015583894,3.534528728969269,3.534330602866012
vacuum28-minus005,19.018853348983267,3.5349505190617743,3.5347747471123183
vacuum28-minus005,19.09402668238264,3.5352567015798146,3.5351344408214116
vacuum28-minus005,19.169200015782014,3.5355345026219998,3.535417643323766
vacuum28-minus005,19.24437334918139,3.535722819020515,3.535649361883344
vacuum28-minus005,19.31954668258076,3.5359088904796656,3.5358307257726738
vacuum28-minus005,19.394720015980138,3.5360213415333273,3.535981844206191
vacuum28-minus005,19.46989334937951,3.5361507724920056,3.536098594658879
vacuum28-minus005,19.545066682778884,3.5362200526813883,3.5361985012634816
vacuum28-minus005,19.620240016178258,3.536314517008741,3.536274148917245
vacuum28-minus005,19.695413349577635,3.5363517421851256,3.536341592338056
vacuum28-minus005,19.770586682977005,3.5364221516470367,3.536390912975627
vacuum28-minus005,19.84576001637638,3.536438478478785,3.5364367641614516
vacuum28-minus005,19.920933349775755,3.5364934182676153,3.5364682069182583
vacuum28-minus005,19.99610668317513,3.5364960577720814,3.5364998129433833
vacuum28-minus005,20.0712800165745,3.5365409837707733,3.536519609226877
vacuum28-minus005,20.14645334997388,3.5365346027006983,3.5365419497749846
vacuum28-minus005,20.221626683373252,3.536573011572385,3.53655412687033
vacuum28-minus005,20.29680001677262,3.536560698420109,3.536570385673612
vacuum28-minus005,20.371973350172,3.5365948623155403,3.536577555873888
vacuum28-minus005,20.447146683571372,3.5365786443293383,3.536589841814778
vacuum28-minus005,20.522320016970745,3.536609951029214,3.5365937058316255
vacuum28-minus005,20.59749335037012,3.5365911751727044,3.536603338662356
vacuum28-minus005,20.672666683769496,3.5366205226527705,3.536605025768303
vacuum28-minus005,20.747840017168866,3.5366001413244725,3.5366128490418487
vacuum28-minus005,20.823013350568242,3.5366280602067603,3.536612998704473
vacuum28-minus005,20.898186683967616,3.5366067128742507,3.5366194614087068
vacuum28-minus005,20.973360016837812,3.536633420849851,3.536618495404495
vacuum28-minus005,21.04853335023719,3.5366109442448117,3.5366239784988234
vacuum28-minus005,21.12370668363656,3.5366364141023383,3.5366222505757965
vacuum28-minus005,21.198880017035936,3.5366138014403674,3.53662701256839
vacuum28-minus005,21.27405335043531,3.536638509379079,3.5366247812347176
vacuum28-minus005,21.349226683834683,3.536616005562654,3.5366290806337446
vacuum28-minus005,21.424400017234056,3.5366399923996297,3.536626631608982
vacuum28-minus005,21.499573350633433,3.53661777430276,3.5366306316827605
vacuum28-minus005,21.574746684032807,3.5366410536436934,3.5366280738124534
vacuum28-minus005,21.64992001743218,3.5366192845346958,3.536631842589449
vacuum28-minus005,21.725093350831553,3.5366418155625077,3.536629243902062
vacuum28-minus005,21.80026668423093,3.5366206042869295,3.5366328085936605
vacuum28-minus005,21.8754400176303,3.5366423597902323,3.536630223511967
vacuum28-minus005,21.950613351029677,3.5366218015879243,3.5366336113295547
vacuum28-minus005,22.02578668442905,3.5366427407496404,3.536631067064941
vacuum28-minus005,22.10096001782842,3.536622930860453,3.5366342916142104
vacuum28-minus005,22.176133351227797,3.5366429856521164,3.5366318153780627
vacuum28-minus005,22.25130668462717,3.5366240193159033,3.536634876659015
vacuum28-minus005,22.326480018026544,3.536643148920434,3.536632509268412
vacuum28-minus005,22.401653351425917,3.5366250669542736,3.5366354072810466
vacuum28-minus005,22.476826684825294,3.5366432305545925,3.5366331351302955
vacuum28-minus005,22.552000018224668,3.536626114592644,3.536635883480306
vacuum28-minus005,22.62717335162404,3.536643257765979,3.5366337337807923
vacuum28-minus005,22.702346685023414,3.536627135019628,3.536636318862486
vacuum28-minus005,22.77752001842279,3.5366432169489,3.5366343052199043
vacuum28-minus005,22.85269335182216,3.536628155446613,3.5366367270332804
vacuum28-minus005,22.927866685221538,3.5366431353147405,3.5366348494476285
vacuum28-minus005,23.00304001862091,3.536629162267903,3.5366371079926875
vacuum28-minus005,23.078213352020285,3.536643012863503,3.5366353800696606
vacuum28-minus005,23.153386685419658,3.536630169089195,3.5366374617407086
vacuum28-minus005,23.228560018819035,3.536642863200878,3.536635883480306
vacuum28-minus005,23.303733352218405,3.536631175910486,3.536637788277343
vacuum28-minus005,23.378906685617782,3.5366426727211744,3.5366363732852584
vacuum28-minus005,23.454080019017155,3.536632169126084,3.5366381012082853
vacuum28-minus005,23.52925335241653,3.536642455030085,3.536636849484518
vacuum28-minus005,23.604426685815902,3.536633148735989,3.5366383869278413
vacuum28-minus005,23.67960001921528,3.5366422101276087,3.5366373120780836
vacuum28-minus005,23.754773352614652,3.5366341419515868,3.536638672647396
vacuum28-minus005,23.829946686014026,3.536641951619439,3.536637761065957
vacuum28-minus005,23.9051200194134,3.5366351079557985,3.536638931155566
vacuum28-minus005,23.980293352812776,3.5366416795055766,3.536638182842444
vacuum28-minus005,24.055466686212146,3.536636060354317,3.536639176058042
vacuum28-minus005,24.130640019611523,3.536641380180328,3.536638604618931
vacuum28-minus005,24.205813353010896,3.5366370127528355,3.536639407354825
vacuum28-minus005,24.28098668641027,3.536641067249386,3.5366390127897245
vacuum28-minus005,24.356160019809643,3.5366379379399677,3.536639625045915
vacuum28-minus005,24.43133335320902,3.536640754318444,3.5366393937491316
vacuum28-minus005,24.50650668660839,3.536638849521407,3.5366398427370047
vacuum28-minus005,24.581680020007763,3.5366404277818093,3.5366397747085396
vacuum28-minus005,24.65685335340714,3.5366397474971536,3.5366400332167087
vacuum28-minus005,24.732026686806513,3.536640087639481,3.5366401284565607
vacuum28-minus005,24.807200020205887,3.536640618261513,3.5366402100907193
vacuum28-minus005,24.88237335360526,3.5366397474971536,3.536640482204582
vacuum28-minus005,24.957546687004637,3.536641461814487,3.5366403869647303
vacuum28-minus005,25.032720020404007,3.536639407354825,3.5366408087412164
vacuum28-minus005,25.107893353803384,3.536642278156074,3.5366405366273543
vacuum28-minus005,25.183066687202757,3.536639067212497,3.5366411216721585
vacuum28-minus005,25.25824002060213,3.536643080891968,3.536640686289979
vacuum28-minus005,25.333413354001504,3.536638740675862,3.5366414346031005
vacuum28-minus005,25.40858668740088,3.536643842810783,3.53664082234691
vacuum28-minus005,25.48376002080025,3.536638400533534,3.5366417203226557
vacuum28-minus005,25.558933354199628,3.536644591123905,3.536640958403841
vacuum28-minus005,25.634106687599,3.5366380739968992,3.5366419924365187
vacuum28-minus005,25.709280020998378,3.536645298619947,3.5366410808550794
vacuum28-minus005,25.784453354397748,3.536637761065957,3.5366422509446873
vacuum28-minus005,25.859626687797125,3.53664596529891,3.5366411897006245
vacuum28-minus005,25.934800021196498,3.5366374617407086,3.5366424958471643
vacuum28-minus005,26.00997335459587,3.536646604766487,3.536641284940476
vacuum28-minus005,26.085146687995245,3.53663716241546,3.536642727143947
vacuum28-minus005,26.16032002139462,3.536647203416985,3.536641380180328
vacuum28-minus005,26.23549335479399,3.536636876695904,3.536642931229344
vacuum28-minus005,26.31066668819337,3.5366477748560956,3.5366414754201796
vacuum28-minus005,26.385840021592742,3.5366366181877344,3.5366431353147405
vacuum28-minus005,26.461013354992115,3.5366483054781273,3.5366415434486456
vacuum28-minus005,26.53618668839149,3.536636359679566,3.5366433121887515
vacuum28-minus005,26.611360021790865,3.536648781677387,3.536641625082804
vacuum28-minus005,26.686533355190235,3.5366361283827823,3.5366434754570686
vacuum28-minus005,26.761706688589612,3.53664923066526,3.5366416795055766
vacuum28-minus005,26.836880021988986,3.5366359106916927,3.536643638725386
vacuum28-minus005,26.912053355388363,3.5366496388360535,3.5366417475340426
vacuum28-minus005,26.987226688787732,3.5366357202119887,3.5366437611766246
vacuum28-minus005,27.062400022187106,3.5366499925840746,3.5366417883511216
vacuum28-minus005,27.137573355586483,3.536635543337978,3.536643883627862
vacuum28-minus005,27.212746688985852,3.5366503191207093,3.536641829168201
vacuum28-minus005,27.28792002238523,3.536635393675354,3.5366439924734077
vacuum28-minus005,27.363093355784603,3.5366505912345723,3.53664186998528
vacuum28-minus005,27.438266689183976,3.5366352712241156,3.5366440741075666
vacuum28-minus005,27.51344002258335,3.536650822531355,3.5366418971966667
vacuum28-minus005,27.588613355982726,3.5366351623785706,3.536644155741725
vacuum28-minus005,27.663786689382096,3.5366510130110584,3.5366419244080527
vacuum28-minus005,27.738960022781473,3.536635080744412,3.5366442101644977
vacuum28-minus005,27.814133356180847,3.5366511490679904,3.536641951619439
vacuum28-minus005,27.889306689580224,3.536635012715946,3.5366442509815768
vacuum28-minus005,27.964480022979593,3.536651244307842,3.536641951619439
vacuum28-minus005,28.03965335637897,3.53663498550456,3.536644278192963
vacuum28-minus005,28.114826689778344,3.536651285124922,3.5366419652251326
vacuum28-plus005,0.0,3.5060519996571493,3.506059550816832
vacuum28-plus005,0.075173333399374,3.5060652379965576,3.5060576732311812
vacuum28-plus005,0.150346666798748,3.5060520132628423,3.506059550816832
vacuum28-plus005,0.225520000198122,3.5060651971794785,3.5060576732311812
vacuum28-plus005,0.300693333597496,3.5060520404742284,3.506059523605446
vacuum28-plus005,0.37586666699687,3.50606511554532,3.5060576596254887
vacuum28-plus005,0.451040000396244,3.5060520812913083,3.506059482788367
vacuum28-plus005,0.526213333795618,3.5060649930940815,3.5060576324141026
vacuum28-plus005,0.601386667194992,3.5060521493197734,3.5060594283655946
vacuum28-plus005,0.676560000594366,3.506064829825764,3.506057605202716
vacuum28-plus005,0.75173333399374,3.5060522173482394,3.5060593603371286
vacuum28-plus005,0.8269066668639368,3.5060646393460604,3.5060575643856366
vacuum28-plus005,0.9020800002633107,3.5060523261937844,3.50605927870297
vacuum28-plus005,0.9772533336626847,3.5060643944435843,3.5060575235685567
vacuum28-plus005,1.0524266670620588,3.5060524350393294,3.5060591834631185
vacuum28-plus005,1.1276000004614328,3.506064122329722,3.5060574827514777
vacuum28-plus005,1.2027733338608069,3.5060525710962605,3.5060590746175735
vacuum28-plus005,1.2779466672601807,3.50606380939878,3.506057428328705
vacuum28-plus005,1.3531200006595547,3.5060527071531915,3.5060589385606415
vacuum28-plus005,1.4282933340589288,3.506063455650759,3.5060573603002396
vacuum28-plus005,1.5034666674583028,3.506052870421509,3.5060588025037105
vacuum28-plus005,1.5786400008576766,3.506063074691351,3.506057292271774
vacuum28-plus005,1.6538133342570507,3.5060530472955196,3.506058639235393
vacuum28-plus005,1.7289866676564247,3.506062652914865,3.5060572106376156
vacuum28-plus005,1.8041600010557988,3.50605322416953,3.506058475967076
vacuum28-plus005,1.8793333344551726,3.5060621903212983,3.506057129003457
vacuum28-plus005,1.9545066678545466,3.506053428254927,3.506058285487372
vacuum28-plus005,2.0296800012539205,3.506061700516346,3.5060570337636046
vacuum28-plus005,2.1048533346532947,3.506053632340324,3.506058081401975
vacuum28-plus005,2.1800266680526685,3.506061169894314,3.5060569249180595
vacuum28-plus005,2.255200001452043,3.5060538500314142,3.5060578637108852
vacuum28-plus005,2.3303733348514166,3.5060606256665894,3.506056816072515
vacuum28-plus005,2.405546668250791,3.5060540813281973,3.506057646019795
vacuum28-plus005,2.480720001120987,3.5060600406217852,3.5060566936212765
vacuum28-plus005,2.5558933345203614,3.50605431262498,3.506057401117319
vacuum28-plus005,2.631066667919735,3.506059414759901,3.506056557564345
vacuum28-plus005,2.7062400013191095,3.5060545439217634,3.5060571426091496
vacuum28-plus005,2.7814133347184833,3.506058775292324,3.506056421507414
vacuum28-plus005,2.8565866681178576,3.5060547752185465,3.506056870495287
vacuum28-plus005,2.9317600015172314,3.5060581086133613,3.5060562718447903
vacuum28-plus005,3.0069333349166056,3.5060550201210225,3.5060565847757315
vacuum28-plus005,3.082106668315979,3.5060574147230117,3.506056108576472
vacuum28-plus005,3.1572800017153533,3.5060552650234986,3.506056285450483
vacuum28-plus005,3.2324533351147275,3.5060566936212765,3.506055945308155
vacuum28-plus005,3.3076266685141014,3.506055496320282,3.5060559589138482
vacuum28-plus005,3.3828000019134756,3.5060559589138482,3.5060557548284508
vacuum28-plus005,3.4579733353128494,3.5060557276170647,3.506055632377213
vacuum28-plus005,3.5331466687122237,3.5060551969950327,3.506055564348747
vacuum28-plus005,3.6083200021115975,3.5060559589138482,3.506055292234885
vacuum28-plus005,3.6834933355109714,3.5060544078648324,3.50605536026335
vacuum28-plus005,3.758666668910345,3.5060561902106313,3.506054938486864
vacuum28-plus005,3.8338400023097194,3.5060536187346307,3.5060551425722606
vacuum28-plus005,3.9090133357090933,3.506056394296028,3.5060545711331494
vacuum28-plus005,3.9841866691084675,3.5060528023930435,3.506054911275478
vacuum28-plus005,4.059360001978664,3.506056598381425,3.5060541901737423
vacuum28-plus005,4.1345333353780385,3.5060519724457633,3.506054666373001
vacuum28-plus005,4.209706668777412,3.5060567888611285,3.5060537820029483
vacuum28-plus005,4.284880002176786,3.506051128892789,3.5060544078648324
vacuum28-plus005,4.36005333557616,3.506056952129446,3.5060533738321547
vacuum28-plus005,4.435226668975534,3.506050271734123,3.50605413575097
vacuum28-plus005,4.510400002374908,3.5060571017920705,3.5060529520556676
vacuum28-plus005,4.585573335774281,3.506049414575456,3.5060538364257203
vacuum28-plus005,4.660746669173656,3.5060572378490016,3.506052516673488
vacuum28-plus005,4.73592000257303,3.506048543811096,3.506053537100472
vacuum28-plus005,4.811093335972404,3.5060573466945466,3.506052054079922
vacuum28-plus005,4.8862666693717784,3.506047659441043,3.506053210563837
vacuum28-plus005,4.961440002771152,3.506057428328705,3.5060515914863553
vacuum28-plus005,5.036613336170526,3.50604677507099,3.506052870421509
vacuum28-plus005,5.1117866695699,3.5060574827514777,3.506051101681403
vacuum28-plus005,5.186960002969275,3.5060458770952434,3.5060525030677945
vacuum28-plus005,5.262133336368648,3.5060574963571707,3.5060505982707575
vacuum28-plus005,5.337306669768022,3.506044979119498,3.5060521085026943
vacuum28-plus005,5.4124800031673965,3.506057469145784,3.5060500676487254
vacuum28-plus005,5.487653336566771,3.5060440811437514,3.5060517003319003
vacuum28-plus005,5.562826669966144,3.5060574147230117,3.5060495234210007
vacuum28-plus005,5.638000002836341,3.5060431559566188,3.5060512513440276
vacuum28-plus005,5.713173336235715,3.506057292271774,3.5060489383761966
vacuum28-plus005,5.788346669635089,3.506042230769487,3.506050761539075
vacuum28-plus005,5.863520003034463,3.506057115397763,3.506048326120006
vacuum28-plus005,5.938693336433837,3.5060412783709682,3.506050230917043
vacuum28-plus005,6.013866669833211,3.506056870495287,3.506047659441043
vacuum28-plus005,6.0890400032325855,3.506040298761063,3.5060496322665458
vacuum28-plus005,6.164213336631958,3.506056530352959,3.5060469247336146
vacuum28-plus005,6.239386670031332,3.5060392647283862,3.506048951981889
vacuum28-plus005,6.314560003430707,3.506056067759393,3.5060460947863334
vacuum28-plus005,6.389733336830081,3.50603814906155,3.506048149245995
vacuum28-plus005,6.464906670229455,3.5060554555032026,3.506045142387815
vacuum28-plus005,6.5400800036288285,3.5060369245491687,3.5060471832417837
vacuum28-plus005,6.615253337028203,3.506054625555922,3.506043999509593
vacuum28-plus005,6.690426670427577,3.506035509557084,3.506045972335096
vacuum28-plus005,6.765600003826951,3.5060535098890857,3.506042584517508
vacuum28-plus005,6.840773337226325,3.506033822451137,3.5060444348917725
vacuum28-plus005,6.915946670625699,3.506051986051456,3.5060407613546296
vacuum28-plus005,6.991120004025073,3.5060316999630095,3.506042380432111
vacuum28-plus005,7.066293337424447,3.506049849957636,3.506038285118481
vacuum28-plus005,7.141466670823821,3.5060289380073058,3.506039387179624
vacuum28-plus005,7.216640004223195,3.506046843099456,3.506034597975645
vacuum28-plus005,7.291813337093392,3.5060248699050622,3.506034938117973
vacuum28-plus005,7.366986670492766,3.5060415504848303,3.5060291965154753
vacuum28-plus005,7.442160003892139,3.506018434412215,3.50602843459666
vacuum28-plus005,7.517333337291514,3.506034067353613,3.506021359636236
vacuum28-plus005,7.592506670690888,3.5060096451344576,3.5060190602740984
vacuum28-plus005,7.667680004090262,3.506023618181295,3.5060102165735687
vacuum28-plus005,7.742853337489635,3.5059973319821816,3.506005767511917
vacuum28-plus005,7.818026670889009,3.5060087471587114,3.5059943387296935
vacuum28-plus005,7.893200004288383,3.505979712609587,3.5059866379073865
vacuum28-plus005,7.9683733376877575,3.5059872229521907,3.5059712906855434
vacuum28-plus005,8.043546671087132,3.5059540658780497,3.5059586646023257
vacuum28-plus005,8.118720004486505,3.5059557121669176,3.5059373716925877
vacuum28-plus005,8.19389333788588,3.5059162148397816,3.5059172760838457
vacuum28-plus005,8.269066671285254,3.5059089766110403,3.5058868945711015
vacuum28-plus005,8.344240004684629,3.5058596831848554,3.5058553565744424
vacuum28-plus005,8.419413338084,3.5058389889256154,3.5058110292262477
vacuum28-plus005,8.494586671483376,3.5057745659686783,3.505761953491153
vacuum28-plus005,8.569760004882749,3.505733367929902,3.505696469290152
vacuum28-plus005,8.644933338282124,3.5056453663067826,3.505621624372283
vacuum28-plus005,8.720106671681497,3.505572766328278,3.5055243436664534
vacuum28-plus005,8.795280005080873,3.505450532781261,3.505409266714019
vacuum28-plus005,8.870453337951067,3.505335741548382,3.505261849029031
vacuum28-plus005,8.94562667135044,3.5051580511961964,3.5050835328149614
vacuum28-plus005,9.020800004749816,3.5049690136959453,3.5048572429269393
vacuum28-plus005,9.09597333814919,3.504701512163454,3.504579278616437
vacuum28-plus005,9.171146671548563,3.5043971528082927,3.5042277755346043
vacuum28-plus005,9.246320004947938,3.50398875071782,3.5037923661432826
vacuum28-plus005,9.321493338347311,3.503504769002048,3.503244301612902
vacuum28-plus005,9.396666671746686,3.502875151947089,3.5025622210052605
vacuum28-plus005,9.47184000514606,3.5021102534854074,3.5017055793548506
vacuum28-plus005,9.547013338545433,3.5011325483775892,3.5006359677899863
vacuum28-plus005,9.622186671944808,3.4999268798814946,3.4992936573178572
vacuum28-plus005,9.697360005344182,3.4984006884668095,3.49761344945702
vacuum28-plus005,9.772533338743557,3.4965014697637704,3.495504417360331
vacuum28-plus005,9.84770667214293,3.494108622908536,3.492859130474893
vacuum28-plus005,9.922880005542304,3.4911136288927582,3.4895362120434648
vacuum28-plus005,9.998053338941679,3.4873470968370537,3.4853609649663455
vacuum28-plus005,10.073226672341052,3.482615540179522,3.480110079002309
vacuum28-plus005,10.148400005740426,3.476666450861493,3.4735010727507354
vacuum28-plus005,10.2235733391398,3.4691739725326705,3.4651775314745747
vacuum28-plus005,10.298746672539174,3.4597452408041294,3.4546835011858885
vacuum28-plus005,10.37392000593855,3.4478456063589062,3.4414459781188023
vacuum28-plus005,10.449093338808746,3.432848867171018,3.4247276153402098
vacuum28-plus005,10.524266672208118,3.4138888031820938,3.403601429766253
vacuum28-plus005,10.599440005607493,3.389952878709922,3.3768722564959304
vacuum28-plus005,10.674613339006866,3.3596379658341133,3.343035074573055
vacuum28-plus005,10.74978667240624,3.3212906599092826,3.3001500931176952
vacuum28-plus005,10.824960005805615,3.2726410551232554,3.2457701649533637
vacuum28-plus005,10.900133339204988,3.2109853192930853,3.176747150382489
vacuum28-plus005,10.975306672604363,3.132653983377807,3.089110391135443
vacuum28-plus005,11.050480006003736,3.0332293060317723,2.9777759839198876
vacuum28-plus005,11.12565333940311,2.9067917767137996,2.8363555796153186
vacuum28-plus005,11.200826672802485,2.7461805966820196,2.6567341850097637
vacuum28-plus005,11.276000006201858,2.5419498366117836,2.4287984979251975
vacuum28-plus005,11.351173339601234,2.282698238596964,2.1398682300620804
vacuum28-plus005,11.426346673000607,1.9536355706598931,1.774405475788555
vacuum28-plus005,11.50152000639998,1.5371041465744588,1.3135571118636458
vacuum28-plus005,11.576693339799355,1.0107173901728703,0.7366192190051604
vacuum28-plus005,11.651866673198729,0.3485525648275906,0.021620806941749764
vacuum28-plus005,11.727040006598102,-0.4797580052151197,-0.8509258034891266
vacuum28-plus005,11.802213339997477,-1.4966153317634554,-1.8914420017805709
vacuum28-plus005,11.87738667339685,-2.722290659452603,-3.096683564830178
vacuum28-plus005,11.952560006796226,-4.1541907567790135,-4.446038697503892
vacuum28-plus005,12.0277333401956,-5.746509227859958,-5.898812744459452
vacuum28-plus005,12.102906673065796,-7.425973564780071,-7.395752816906367
vacuum28-plus005,12.178080006465171,-9.09693333667702,-8.862522128796112
vacuum28-plus005,12.253253339864543,-10.649176306692652,-10.216605267041452
vacuum28-plus005,12.328426673263916,-11.975195879708938,-11.37761518434177
vacuum28-plus005,12.403600006663291,-12.989675869892201,-12.276246820107756
vacuum28-plus005,12.478773340062665,-13.632772724496398,-12.862721841251892
vacuum28-plus005,12.55394667346204,-13.873578567328037,-13.113123697809021
vacuum28-plus005,12.629120006861413,-13.71639509677612,-13.032515911743175
vacuum28-plus005,12.704293340260786,-13.202258484685988,-12.655237157220055
vacuum28-plus005,12.779466673660162,-12.401989234564075,-12.043264672598324
vacuum28-plus005,12.854640007059535,-11.410941418065105,-11.281299734410974
vacuum28-plus005,12.92981334045891,-10.348724547413278,-10.469617403035612
vacuum28-plus005,13.004986673858284,-9.348965372961372,-9.716390898130513
vacuum28-plus005,13.080160007257657,-8.539823972805193,-9.129675777319834
vacuum28-plus005,13.155333340657032,-8.034618804359958,-8.810708384017401
vacuum28-plus005,13.230506674056405,-7.929672895927532,-8.852434922337496
vacuum28-plus005,13.305680007455779,-8.294983388889317,-9.33575282994686
vacuum28-plus005,13.380853340855154,-9.178169651342374,-10.323081462202193
vacuum28-plus005,13.456026674254527,-10.640810383682414,-11.849982821954956
vacuum28-plus005,13.531200007653903,-12.732190671804153,-13.905617103831437
vacuum28-plus005,13.606373341053276,-15.451124453015291,-16.419783353167254
vacuum28-plus005,13.681546673923473,-18.72292834984069,-19.25691153206656
vacuum28-plus005,13.756720007322848,-22.319112841851513,-22.217497471038666
vacuum28-plus005,13.831893340722221,-25.894147107028637,-25.05616747429406
vacuum28-plus005,13.907066674121593,-29.038066944454613,-27.506418381497223
vacuum28-plus005,13.982240007520968,-31.36491191567008,-29.312416031814898
vacuum28-plus005,14.057413340920341,-32.602880735408974,-30.27226661984472
vacuum28-plus005,14.132586674319716,-32.602880735408974,-30.27226661984472
vacuum28-plus005,14.20776000771909,-31.36491191567008,-29.312416031814898
vacuum28-plus005,14.282933341118463,-29.038066944454613,-27.506418381497223
vacuum28-plus005,14.358106674517838,-25.894147107028637,-25.05616747429406
vacuum28-plus005,14.433280007917212,-22.319112841851513,-22.217497471038666
vacuum28-plus005,14.508453341316587,-18.72292834984069,-19.25691153206656
vacuum28-plus005,14.58362667471596,-15.451124453015291,-16.419783353167254
vacuum28-plus005,14.658800008115334,-12.732190671804153,-13.905617103831437
vacuum28-plus005,14.733973341514709,-10.640810383682414,-11.849982821954956
vacuum28-plus005,14.809146674914082,-9.178169651342374,-10.323081462202193
vacuum28-plus005,14.884320008313455,-8.294983388889317,-9.33575282994686
vacuum28-plus005,14.95949334171283,-7.929672895927532,-8.852434922337496
vacuum28-plus005,15.034666675112204,-8.034618804359958,-8.810708384017401
vacuum28-plus005,15.10984000851158,-8.539823972805193,-9.129675777319834
vacuum28-plus005,15.185013341910953,-9.348965372961372,-9.716390898130513
vacuum28-plus005,15.260186675310326,-10.348724547413278,-10.469617403035612
vacuum28-plus005,15.335360008180524,-11.410941418065105,-11.281299734410974
vacuum28-plus005,15.410533341579898,-12.401989234564075,-12.043264672598324
vacuum28-plus005,15.48570667497927,-13.202258484685988,-12.655237157220055
vacuum28-plus005,15.560880008378644,-13.71639509677612,-13.032515911743175
vacuum28-plus005,15.636053341778018,-13.873578567328037,-13.113123697809021
vacuum28-plus005,15.711226675177393,-13.632772724496398,-12.862721841251892
vacuum28-plus005,15.786400008576766,-12.989675869892201,-12.276246820107756
vacuum28-plus005,15.86157334197614,-11.975195879708938,-11.37761518434177
vacuum28-plus005,15.936746675375515,-10.649176306692652,-10.216605267041452
vacuum28-plus005,16.01192000877489,-9.09693333667702,-8.862522128796112
vacuum28-plus005,16.087093342174263,-7.425973564780071,-7.395752816906367
vacuum28-plus005,16.162266675573637,-5.746509227859958,-5.898812744459452
vacuum28-plus005,16.23744000897301,-4.1541907567790135,-4.446038697503892
vacuum28-plus005,16.312613342372387,-2.722290659452603,-3.096683564830178
vacuum28-plus005,16.38778667577176,-1.4966153317634554,-1.8914420017805709
vacuum28-plus005,16.462960009171134,-0.4797580052151197,-0.8509258034891266
vacuum28-plus005,16.538133342570507,0.3485525648275906,0.021620806941749764
vacuum28-plus005,16.61330667596988,1.0107173901728703,0.7366192190051604
vacuum28-plus005,16.688480009369258,1.5371041465744588,1.3135571118636458
vacuum28-plus005,16.763653342768627,1.9536355706598931,1.774405475788555
vacuum28-plus005,16.838826676168,2.282698238596964,2.1398682300620804
vacuum28-plus005,16.9140000090382,2.5419498366117836,2.4287984979251975
vacuum28-plus005,16.989173342437574,2.7461805966820196,2.6567341850097637
vacuum28-plus005,17.064346675836948,2.9067917767137996,2.8363555796153186
vacuum28-plus005,17.13952000923632,3.0332293060317723,2.9777759839198876
vacuum28-plus005,17.214693342635698,3.132653983377807,3.089110391135443
vacuum28-plus005,17.289866676035068,3.2109853192930853,3.176747150382489
vacuum28-plus005,17.365040009434445,3.2726410551232554,3.2457701649533637
vacuum28-plus005,17.440213342833818,3.3212906599092826,3.3001500931176952
vacuum28-plus005,17.51538667623319,3.3596379658341133,3.343035074573055
vacuum28-plus005,17.590560009632565,3.389952878709922,3.3768722564959304
vacuum28-plus005,17.665733343031942,3.4138888031820938,3.403601429766253
vacuum28-plus005,17.74090667643131,3.432848867171018,3.4247276153402098
vacuum28-plus005,17.81608000983069,3.4478456063589062,3.4414459781188023
vacuum28-plus005,17.891253343230062,3.4597452408041294,3.4546835011858885
vacuum28-plus005,17.96642667662944,3.4691739725326705,3.4651775314745747
vacuum28-plus005,18.04160001002881,3.476666450861493,3.4735010727507354
vacuum28-plus005,18.116773343428186,3.482615540179522,3.480110079002309
vacuum28-plus005,18.19194667682756,3.4873470968370537,3.4853609649663455
vacuum28-plus005,18.267120010226932,3.4911136288927582,3.4895362120434648
vacuum28-plus005,18.342293343626306,3.494108622908536,3.492859130474893
vacuum28-plus005,18.417466677025683,3.4965014697637704,3.495504417360331
vacuum28-plus005,18.492640009895876,3.4984006884668095,3.49761344945702
vacuum28-plus005,18.567813343295253,3.4999268798814946,3.4992936573178572
vacuum28-plus005,18.642986676694623,3.5011325483775892,3.5006359677899863
vacuum28-plus005,18.718160010094,3.5021102534854074,3.5017055793548506
vacuum28-plus005,18.793333343493373,3.502875151947089,3.5025622210052605
vacuum28-plus005,18.868506676892746,3.503504769002048,3.503244301612902
vacuum28-plus005,18.94368001029212,3.50398875071782,3.5037923661432826
vacuum28-plus005,19.018853343691497,3.5043971528082927,3.5042277755346043
vacuum28-plus005,19.094026677090866,3.504701512163454,3.504579278616437
vacuum28-plus005,19.169200010490243,3.5049690136959453,3.5048572429269393
vacuum28-plus005,19.244373343889617,3.5051580511961964,3.5050835328149614
vacuum28-plus005,19.31954667728899,3.505335741548382,3.505261849029031
vacuum28-plus005,19.394720010688363,3.505450532781261,3.505409266714019
vacuum28-plus005,19.46989334408774,3.505572766328278,3.5055243436664534
vacuum28-plus005,19.545066677487114,3.5056453663067826,3.505621624372283
vacuum28-plus005,19.620240010886487,3.505733367929902,3.505696469290152
vacuum28-plus005,19.69541334428586,3.5057745659686783,3.505761953491153
vacuum28-plus005,19.770586677685237,3.5058389889256154,3.5058110292262477
vacuum28-plus005,19.845760011084607,3.5058596831848554,3.5058553565744424
vacuum28-plus005,19.920933344483984,3.5059089766110403,3.5058868945711015
vacuum28-plus005,19.996106677883358,3.5059162148397816,3.5059172760838457
vacuum28-plus005,20.071280011282727,3.5059557121669176,3.5059373716925877
vacuum28-plus005,20.146453344152928,3.5059540658780497,3.5059586646023257
vacuum28-plus005,20.2216266775523,3.5059872229521907,3.5059712906855434
vacuum28-plus005,20.296800010951674,3.505979712609587,3.5059866379073865
vacuum28-plus005,20.37197334435105,3.5060087471587114,3.5059943387296935
vacuum28-plus005,20.44714667775042,3.5059973319821816,3.506005767511917
vacuum28-plus005,20.522320011149798,3.506023618181295,3.5060102165735687
vacuum28-plus005,20.59749334454917,3.5060096451344576,3.5060190602740984
vacuum28-plus005,20.672666677948545,3.506034067353613,3.506021359636236
vacuum28-plus005,20.747840011347918,3.506018434412215,3.50602843459666
vacuum28-plus005,20.823013344747295,3.5060415504848303,3.5060291965154753
vacuum28-plus005,20.898186678146665,3.5060248699050622,3.506034938117973
vacuum28-plus005,20.973360011546042,3.506046843099456,3.506034597975645
vacuum28-plus005,21.048533344945415,3.5060289380073058,3.506039387179624
vacuum28-plus005,21.123706678344792,3.506049849957636,3.506038285118481
vacuum28-plus005,21.198880011744162,3.5060316999630095,3.506042380432111
vacuum28-plus005,21.27405334514354,3.506051986051456,3.5060407613546296
vacuum28-plus005,21.349226678542912,3.506033822451137,3.5060444348917725
vacuum28-plus005,21.424400011942286,3.5060535098890857,3.506042584517508
vacuum28-plus005,21.49957334534166,3.506035509557084,3.506045972335096
vacuum28-plus005,21.574746678741036,3.506054625555922,3.506043999509593
vacuum28-plus005,21.649920012140406,3.5060369245491687,3.5060471832417837
vacuum28-plus005,21.725093345010606,3.5060554555032026,3.506045142387815
vacuum28-plus005,21.800266678409976,3.50603814906155,3.506048149245995
vacuum28-plus005,21.875440011809353,3.506056067759393,3.5060460947863334
vacuum28-plus005,21.950613345208726,3.5060392647283862,3.506048951981889
vacuum28-plus005,22.0257866786081,3.506056530352959,3.5060469247336146
vacuum28-plus005,22.100960012007473,3.506040298761063,3.5060496322665458
vacuum28-plus005,22.17613334540685,3.506056870495287,3.506047659441043
vacuum28-plus005,22.25130667880622,3.5060412783709682,3.506050230917043
vacuum28-plus005,22.326480012205597,3.506057115397763,3.506048326120006
vacuum28-plus005,22.40165334560497,3.506042230769487,3.506050761539075
vacuum28-plus005,22.476826679004343,3.506057292271774,3.5060489383761966
vacuum28-plus005,22.552000012403717,3.5060431559566188,3.5060512513440276
vacuum28-plus005,22.627173345803094,3.5060574147230117,3.5060495234210007
vacuum28-plus005,22.702346679202467,3.5060440811437514,3.5060517003319003
vacuum28-plus005,22.77752001260184,3.506057469145784,3.5060500676487254
vacuum28-plus005,22.852693346001214,3.506044979119498,3.5060521085026943
vacuum28-plus005,22.92786667940059,3.5060574963571707,3.5060505982707575
vacuum28-plus005,23.00304001279996,3.5060458770952434,3.5060525030677945
vacuum28-plus005,23.078213346199338,3.5060574827514777,3.506051101681403
vacuum28-plus005,23.15338667959871,3.50604677507099,3.506052870421509
vacuum28-plus005,23.228560012998084,3.506057428328705,3.5060515914863553
vacuum28-plus005,23.30373334586828,3.506047659441043,3.506053210563837
vacuum28-plus005,23.378906679267654,3.5060573466945466,3.506052054079922
vacuum28-plus005,23.454080012667028,3.506048543811096,3.506053537100472
vacuum28-plus005,23.529253346066405,3.5060572378490016,3.506052516673488
vacuum28-plus005,23.604426679465774,3.506049414575456,3.5060538364257203
vacuum28-plus005,23.67960001286515,3.5060571017920705,3.5060529520556676
vacuum28-plus005,23.754773346264525,3.506050271734123,3.50605413575097
vacuum28-plus005,23.829946679663898,3.506056952129446,3.5060533738321547
vacuum28-plus005,23.90512001306327,3.506051128892789,3.5060544078648324
vacuum28-plus005,23.98029334646265,3.5060567888611285,3.5060537820029483
vacuum28-plus005,24.05546667986202,3.5060519724457633,3.506054666373001
vacuum28-plus005,24.130640013261395,3.506056598381425,3.5060541901737423
vacuum28-plus005,24.20581334666077,3.5060528023930435,3.506054911275478
vacuum28-plus005,24.280986680060145,3.506056394296028,3.5060545711331494
vacuum28-plus005,24.356160013459515,3.5060536187346307,3.5060551425722606
vacuum28-plus005,24.431333346858892,3.5060561902106313,3.506054938486864
vacuum28-plus005,24.506506680258266,3.5060544078648324,3.50605536026335
vacuum28-plus005,24.58168001365764,3.5060559589138482,3.506055292234885
vacuum28-plus005,24.656853347057012,3.5060551969950327,3.506055564348747
vacuum28-plus005,24.73202668045639,3.5060557276170647,3.506055632377213
vacuum28-plus005,24.80720001385576,3.5060559589138482,3.5060557548284508
vacuum28-plus005,24.882373347255136,3.506055496320282,3.5060559589138482
vacuum28-plus005,24.95754668012533,3.5060566936212765,3.506055945308155
vacuum28-plus005,25.032720013524706,3.5060552650234986,3.506056285450483
vacuum28-plus005,25.10789334692408,3.5060574147230117,3.506056108576472
vacuum28-plus005,25.183066680323453,3.5060550201210225,3.5060565847757315
vacuum28-plus005,25.258240013722826,3.5060581086133613,3.5060562718447903
vacuum28-plus005,25.333413347122203,3.5060547752185465,3.506056870495287
vacuum28-plus005,25.408586680521573,3.506058775292324,3.506056421507414
vacuum28-plus005,25.48376001392095,3.5060545439217634,3.5060571426091496
vacuum28-plus005,25.558933347320323,3.506059414759901,3.506056557564345
vacuum28-plus005,25.634106680719697,3.50605431262498,3.506057401117319
vacuum28-plus005,25.70928001411907,3.5060600406217852,3.5060566936212765
vacuum28-plus005,25.784453347518447,3.5060540813281973,3.506057646019795
vacuum28-plus005,25.85962668091782,3.5060606256665894,3.506056816072515
vacuum28-plus005,25.934800014317194,3.5060538500314142,3.5060578637108852
vacuum28-plus005,26.009973347716567,3.506061169894314,3.5060569249180595
vacuum28-plus005,26.085146681115944,3.506053632340324,3.506058081401975
vacuum28-plus005,26.160320014515314,3.506061700516346,3.5060570337636046
vacuum28-plus005,26.23549334791469,3.506053428254927,3.506058285487372
vacuum28-plus005,26.310666681314064,3.5060621903212983,3.506057129003457
vacuum28-plus005,26.385840014713438,3.50605322416953,3.506058475967076
vacuum28-plus005,26.46101334811281,3.506062652914865,3.5060572106376156
vacuum28-plus005,26.536186680983008,3.5060530472955196,3.506058639235393
vacuum28-plus005,26.61136001438238,3.506063074691351,3.506057292271774
vacuum28-plus005,26.686533347781758,3.506052870421509,3.5060588025037105
vacuum28-plus005,26.761706681181128,3.506063455650759,3.5060573603002396
vacuum28-plus005,26.836880014580505,3.5060527071531915,3.5060589385606415
vacuum28-plus005,26.912053347979878,3.50606380939878,3.506057428328705
vacuum28-plus005,26.98722668137925,3.5060525710962605,3.5060590746175735
vacuum28-plus005,27.062400014778625,3.506064122329722,3.5060574827514777
vacuum28-plus005,27.137573348178,3.5060524350393294,3.5060591834631185
vacuum28-plus005,27.21274668157737,3.5060643944435843,3.5060575235685567
vacuum28-plus005,27.28792001497675,3.5060523261937844,3.50605927870297
vacuum28-plus005,27.363093348376122,3.5060646393460604,3.5060575643856366
vacuum28-plus005,27.4382666817755,3.5060522173482394,3.5060593603371286
vacuum28-plus005,27.51344001517487,3.506064829825764,3.506057605202716
vacuum28-plus005,27.588613348574246,3.5060521493197734,3.5060594283655946
vacuum28-plus005,27.66378668197362,3.5060649930940815,3.5060576324141026
vacuum28-plus005,27.738960015372992,3.5060520812913083,3.506059482788367
vacuum28-plus005,27.814133348772366,3.50606511554532,3.5060576596254887
vacuum28-plus005,27.889306682171743,3.5060520404742284,3.506059523605446
vacuum28-plus005,27.964480015571112,3.5060651971794785,3.5060576732311812
vacuum28-plus005,28.03965334897049,3.5060520132628423,3.506059550816832
vacuum28-plus005,28.114826682369863,3.5060652379965576,3.5060576732311812
vacuum28-zero,0.0,3.521270634094181,3.5212790832296106
vacuum28-zero,0.075173333399374,3.5212854234826056,3.5212769743471766
vacuum28-zero,0.150346666798748,3.5212706476998745,3.521279069623917
vacuum28-zero,0.225520000198122,3.521285382665526,3.5212769743471766
vacuum28-zero,0.300693333597496,3.5212706749112606,3.521279042412531
vacuum28-zero,0.37586666699687,3.521285301031367,3.521276960741483
vacuum28-zero,0.451040000396244,3.521270729334033,3.5212790152011446
vacuum28-zero,0.526213333795618,3.521285164974436,3.521276933530097
vacuum28-zero,0.601386667194992,3.5212708109681916,3.521278960778372
vacuum28-zero,0.676560000594366,3.5212850017061186,3.521276919924404
vacuum28-zero,0.75173333399374,3.521270906208043,3.5212788791442136
vacuum28-zero,0.826906667393114,3.521284784015029,3.5212768791073246
vacuum28-zero,0.902080000792488,3.521271015053588,3.521278797510055
vacuum28-zero,0.977253334191862,3.5212845255068594,3.5212768382902446
vacuum28-zero,1.052426667591236,3.52127115111052,3.5212787022702026
vacuum28-zero,1.12760000099061,3.521284226181611,3.5212767974731656
vacuum28-zero,1.202773334389984,3.5212713007731438,3.521278579818965
vacuum28-zero,1.277946667789358,3.5212838860392823,3.5212767430503935
vacuum28-zero,1.3531200006595547,3.5212714776471548,3.5212784573677265
vacuum28-zero,1.4282933340589288,3.5212835186855687,3.521276688627621
vacuum28-zero,1.5034666674583028,3.521271654521165,3.521278307705103
vacuum28-zero,1.5786400008576766,3.5212830969090816,3.521276620599155
vacuum28-zero,1.6538133342570507,3.521271858606562,3.5212781444367844
vacuum28-zero,1.7289866676564247,3.521282634315516,3.521276538964996
vacuum28-zero,1.8041600010557988,3.521272076297652,3.5212779675627743
vacuum28-zero,1.8793333344551726,3.521282144510563,3.5212764573308375
vacuum28-zero,1.9545066678545466,3.5212723075944354,3.5212777770830708
vacuum28-zero,2.0296800012539205,3.5212816138885312,3.521276375696679
vacuum28-zero,2.1048533346532947,3.5212725524969115,3.5212775729976737
vacuum28-zero,2.1800266680526685,3.521281056055113,3.521276266851134
vacuum28-zero,2.255200001452043,3.521272811005081,3.5212773417008902
vacuum28-zero,2.3303733348514166,3.521280457404616,3.5212761716112824
vacuum28-zero,2.405546668250791,3.521273083118943,3.5212771104041076
vacuum28-zero,2.4807200016501647,3.5212798315427323,3.521276049160044
vacuum28-zero,2.555893335049539,3.5212733552328057,3.521276851895938
vacuum28-zero,2.6310666684489123,3.5212791648637696,3.5212759267088054
vacuum28-zero,2.7062400018482866,3.5212736409523613,3.5212765933877685
vacuum28-zero,2.7814133352476604,3.52127847097342,3.5212757906518743
vacuum28-zero,2.8565866686470347,3.5212739266719164,3.5212763076682134
vacuum28-zero,2.9317600020464085,3.5212777634773773,3.5212756409892507
vacuum28-zero,3.006933335445783,3.5212742123914724,3.521276021948658
vacuum28-zero,3.0821066688451566,3.5212770151642556,3.5212754913266258
vacuum28-zero,3.157280002244531,3.521274498111028,3.521275709017716
vacuum28-zero,3.2324533356439042,3.5212762396397475,3.5212753280583087
vacuum28-zero,3.3076266690432785,3.5212747974362766,3.5212753824810807
vacuum28-zero,3.3828000024426523,3.5212754505095467,3.5212751511842977
vacuum28-zero,3.4579733358420266,3.5212750831558326,3.521275055944446
vacuum28-zero,3.533146669241401,3.521274634167959,3.521274960704594
vacuum28-zero,3.6083200026407747,3.5212753688753873,3.521274702196425
vacuum28-zero,3.683493336040149,3.5212737906149854,3.5212747702248905
vacuum28-zero,3.7586666694395228,3.5212756409892507,3.5212743348427105
vacuum28-zero,3.8338400028388966,3.521272947062012,3.5212745525338005
vacuum28-zero,3.9090133362382704,3.521275913103113,3.521273953883303
vacuum28-zero,3.9841866696376447,3.521272076297652,3.5212743348427105
vacuum28-zero,4.059360002507841,3.521276158005589,3.5212735593182027
vacuum28-zero,4.134533335907215,3.521271178321906,3.5212740899402344
vacuum28-zero,4.209706669306589,3.521276402908065,3.521273164753102
vacuum28-zero,4.284880002705963,3.52127028034616,3.521273845037758
vacuum28-zero,4.360053336105337,3.5212766342048485,3.521272742976615
vacuum28-zero,4.435226669504711,3.5212693687647207,3.5212735729238953
vacuum28-zero,4.510400002904086,3.5212768382902446,3.5212723075944354
vacuum28-zero,4.585573336303459,3.521268443577588,3.52127328720434
vacuum28-zero,4.660746669702833,3.521277028769949,3.521271858606562
vacuum28-zero,4.7359200031022075,3.5212675183904563,3.521272987879091
vacuum28-zero,4.811093336501582,3.5212771920382666,3.521271396012996
vacuum28-zero,4.886266669900955,3.52126657959763,3.52127267494815
vacuum28-zero,4.961440003300329,3.5212773280951977,3.521270906208043
vacuum28-zero,5.036613336699704,3.521265640804805,3.5212723348058215
vacuum28-zero,5.111786670099078,3.5212774369407427,3.521270416403091
vacuum28-zero,5.186960003498452,3.5212646884062866,3.5212719810578004
vacuum28-zero,5.262133336897825,3.5212775049692078,3.521269899386753
vacuum28-zero,5.337306670297199,3.521263736007768,3.5212716000983924
vacuum28-zero,5.412480003696573,3.521277532180594,3.5212693687647207
vacuum28-zero,5.4876533370959475,3.521262770003556,3.521271191927599
vacuum28-zero,5.562826670495321,3.5212775185749012,3.5212688109313026
vacuum28-zero,5.638000003894695,3.5212618039993444,3.5212707429397256
vacuum28-zero,5.713173337294069,3.5212774505464353,3.5212682122808046
vacuum28-zero,5.788346670693444,3.5212608243894397,3.5212702667404665
vacuum28-zero,5.863520004092817,3.5212773280951977,3.5212675864189213
vacuum28-zero,5.938693337492191,3.521259817568148,3.5212697361184353
vacuum28-zero,6.013866670891566,3.5212771240098006,3.521266919739958
vacuum28-zero,6.08904000429094,3.5212587835354707,3.5212691374679372
vacuum28-zero,6.164213337690313,3.521276824684552,3.5212661714268365
vacuum28-zero,6.2393866710896875,3.521257708685714,3.5212684571832815
vacuum28-zero,6.314560004489062,3.521276402908065,3.5212653414795563
vacuum28-zero,6.389733337888436,3.5212565522017987,3.5212676680530803
vacuum28-zero,6.4649066712878085,3.5212758314689543,3.5212643754753445
vacuum28-zero,6.540080004687183,3.5212552732666453,3.5212667020488686
vacuum28-zero,6.615253338086557,3.5212750423387527,3.5212632189914292
vacuum28-zero,6.690426671485931,3.5212538174574806,3.521265491142181
vacuum28-zero,6.765600004356129,3.521273953883303,3.521261790393651
vacuum28-zero,6.840773337755501,3.5212520895344546,3.521263940093165
vacuum28-zero,6.915946671154876,3.5212724436513665,3.5212599536250795
vacuum28-zero,6.99112000455425,3.521249926229248,3.5212618856335034
vacuum28-zero,7.066293337953624,3.5212703347689325,3.521257463783238
vacuum28-zero,7.1414666713529975,3.521247123456465,3.5212588787753227
vacuum28-zero,7.216640004752372,3.5212673415164453,3.521253735823322
vacuum28-zero,7.291813338151746,3.521242973720062,3.521254388896592
vacuum28-zero,7.36698667155112,3.521262008084741,3.5212482799403797
vacuum28-zero,7.442160004950494,3.5212364701987493,3.5212478445582
vacuum28-zero,7.517333338349868,3.521254497742137,3.5212403886383687
vacuum28-zero,7.592506671749242,3.521227599286833,3.5212383886014798
vacuum28-zero,7.6676800051486165,3.5212439941470466,3.521229163941542
vacuum28-zero,7.74285333854799,3.521215177289012,3.521225000599446
vacuum28-zero,7.818026671947364,3.521229014278918,3.5212131500407367
vacuum28-zero,7.893200005346738,3.521197408253793,3.521205721332291
vacuum28-zero,7.968373338746113,3.521207340409773,3.521189911516882
vacuum28-zero,8.043546672145485,3.5211715438311666,3.521177516730447
vacuum28-zero,8.11872000554486,3.52117557111633,3.5211557068043713
vacuum28-zero,8.193893338944234,3.5211333526505704,3.521135760858253
vacuum28-zero,8.269066672343609,3.5211284137839667,3.5211047670893185
vacuum28-zero,8.344240005742982,3.521076303979305,3.521073283515432
vacuum28-zero,8.419413339142356,3.5210578002366577,3.5210281942484225
vacuum28-zero,8.49458667254173,3.5209903704215404,3.520978996062089
vacuum28-zero,8.569760005941104,3.52095115881396,3.5209125186454906
vacuum28-zero,8.64493333934048,3.520859919035877,3.5208372655568274
vacuum28-zero,8.72010667273985,3.5207889653462403,3.520738665098765
vacuum28-zero,8.795280006139226,3.5206631398962394,3.520622744593357
vacuum28-zero,8.8704533395386,3.520549491541583,3.520473476534105
vacuum28-zero,8.945626672937973,3.5203676106359145,3.520293622876712
vacuum28-zero,9.020800006337348,3.520178913277992,3.5200646118500654
vacuum28-zero,9.095973339736721,3.5199062687935005,3.51978402164079
vacuum28-zero,9.171146673136095,3.5196009842512064,3.5194284232453272
vacuum28-zero,9.24632000653547,3.5191859017654106,3.5189886600322065
vacuum28-zero,9.321493339934843,3.5186989948256175,3.5184343368829896
vacuum28-zero,9.396666673334218,3.518060289167652,3.5177451268921507
vacuum28-zero,9.471840006204415,3.517289295355451,3.5168787707768505
vacuum28-zero,9.547013339603788,3.516298610416394,3.515797662401298
vacuum28-zero,9.622186673003164,3.515081826069018,3.5144400999471785
vacuum28-zero,9.697360006402537,3.5135364642327223,3.5127413883436933
vacuum28-zero,9.77253333980191,3.5116181159251525,3.5106083013815637
vacuum28-zero,9.847706673201285,3.509196139280942,3.5079333404794246
vacuum28-zero,9.922880006600659,3.5061692943375626,3.5045722308673994
vacuum28-zero,9.998053340000034,3.5023576730148487,3.500349377470043
vacuum28-zero,10.073226673399407,3.497573884101418,3.495037551606509
vacuum28-zero,10.14840000679878,3.491554031573456,3.488352067753891
vacuum28-zero,10.223573340198156,3.4839764768455357,3.479930905629572
vacuum28-zero,10.29874667359753,3.474435416514571,3.4693136893953507
vacuum28-zero,10.373920006996904,3.4623976706784565,3.4559191158125464
vacuum28-zero,10.449093340396276,3.4472212411014924,3.439001783377722
vacuum28-zero,10.52426667379565,3.428037091346833,3.4176218652327153
vacuum28-zero,10.599440007195025,3.4038118826274792,3.3905702370353774
vacuum28-zero,10.674613340594398,3.3731327317410753,3.356321550923997
vacuum28-zero,10.749786673993771,3.334317049830486,3.312912382929688
vacuum28-zero,10.824960007393146,3.285074046344592,3.25786294581816
vacuum28-zero,10.90013334079252,3.2226567998703284,3.1879858746785685
vacuum28-zero,10.975306674191895,3.1433570787470213,3.099258088505683
vacuum28-zero,11.050480007591268,3.0426910587775233,2.986531954940577
vacuum28-zero,11.125653340990642,2.914672357438955,2.843336075711923
vacuum28-zero,11.200826674390017,2.7520382285308758,2.6614547074501727
vacuum28-zero,11.27600000778939,2.545234114874743,2.4306462871082317
vacuum28-zero,11.351173341188764,2.2827028645326255,2.1380786732456127
vacuum28-zero,11.426346674588139,1.9494871948266923,1.768026269693829
vacuum28-zero,11.501520007987512,1.5276981499591258,1.3014514191960755
vacuum28-zero,11.576693341386887,0.9947177889505786,0.7175059140945921
vacuum28-zero,11.65186667478626,0.3243055053650818,-0.0058974557126273645
vacuum28-zero,11.727040008185634,-0.513985670530625,-0.8881187479866298
vacuum28-zero,11.80221334158501,-1.5423844616527203,-1.9392092501561855
vacuum28-zero,11.877386674984383,-2.781120696906524,-3.15534618423022
vacuum28-zero,11.952560008383758,-4.226061878302711,-4.515127114641609
vacuum28-zero,12.027733341783131,-5.8299352971993,-5.976931858773397
vacuum28-zero,12.102906674653326,-7.518240803990438,-7.4806051710557915
vacuum28-zero,12.178080008052701,-9.194160980303248,-8.950974739825583
vacuum28-zero,12.253253341452075,-10.746618879453143,-10.304996638846179
vacuum28-zero,12.328426674851448,-12.068097620418097,-11.4620955860526
vacuum28-zero,12.403600008250823,-13.073707759929231,-12.353142347227765
vacuum28-zero,12.478773341650196,-13.704215130629791,-12.928888830356549
vacuum28-zero,12.553946675049572,-13.92962796846133,-13.166248024583496
vacuum28-zero,12.629120008448945,-13.755568050582426,-13.071290069078353
vacuum28-zero,12.704293341848318,-13.22438641662751,-12.679487536471687
vacuum28-zero,12.779466675247694,-12.408133239041783,-12.053955073855855
vacuum28-zero,12.854640008647067,-11.403391931882098,-11.28041305139015
vacuum28-zero,12.92981334204644,-10.331089990865477,-10.459929074682282
vacuum28-zero,13.004986675445815,-9.325487933136058,-9.701211488906754
vacuum28-zero,13.080160008845189,-8.514833824807079,-9.112487419477999
vacuum28-zero,13.155333342244564,-8.0121801319932,-8.794924174522938
vacuum28-zero,13.230506675643937,-7.913363397832978,-8.841243858784425
vacuum28-zero,13.30568000904331,-8.287064725829111,-9.33202029851827
vacuum28-zero,13.380853342442686,-9.180449189985282,-10.329368639388635
vacuum28-zero,13.45602667584206,-10.655327767090194,-11.86855244336833
vacuum28-zero,13.531200009241434,-12.760923065695748,-13.938371327004495
vacuum28-zero,13.606373342640808,-15.496272224505324,-16.46822326701087
vacuum28-zero,13.681546676040181,-18.786466773456755,-19.32192688088251
vacuum28-zero,13.756720009439556,-22.40209554246906,-22.299064812217704
vacuum28-zero,13.83189334283893,-25.996028305873722,-25.153170964126087
vacuum28-zero,13.907066676238303,-29.15637445987541,-27.61651294271556
vacuum28-zero,13.982240009637678,-31.49529331364792,-29.432059585483287
vacuum28-zero,14.057413343037052,-32.739666088237335,-30.396956579515205
vacuum28-zero,14.132586676436427,-32.739666088237335,-30.396956579515205
vacuum28-zero,14.2077600098358,-31.49529331364792,-29.432059585483287
vacuum28-zero,14.282933343235173,-29.15637445987541,-27.61651294271556
vacuum28-zero,14.358106676634549,-25.996028305873722,-25.153170964126087
vacuum28-zero,14.43328001003392,-22.40209554246906,-22.299064812217704
vacuum28-zero,14.508453343433294,-18.786466773456755,-19.32192688088251
vacuum28-zero,14.583626676832669,-15.496272224505324,-16.46822326701087
vacuum28-zero,14.658800010232042,-12.760923065695748,-13.938371327004495
vacuum28-zero,14.733973343631417,-10.655327767090194,-11.86855244336833
vacuum28-zero,14.809146676501614,-9.180449189985282,-10.329368639388635
vacuum28-zero,14.884320009900987,-8.287064725829111,-9.33202029851827
vacuum28-zero,14.959493343300363,-7.913363397832978,-8.841243858784425
vacuum28-zero,15.034666676699736,-8.0121801319932,-8.794924174522938
vacuum28-zero,15.109840010099111,-8.514833824807079,-9.112487419477999
vacuum28-zero,15.185013343498484,-9.325487933136058,-9.701211488906754
vacuum28-zero,15.260186676897858,-10.331089990865477,-10.459929074682282
vacuum28-zero,15.335360010297233,-11.403391931882098,-11.28041305139015
vacuum28-zero,15.410533343696606,-12.408133239041783,-12.053955073855855
vacuum28-zero,15.48570667709598,-13.22438641662751,-12.679487536471687
vacuum28-zero,15.560880010495355,-13.755568050582426,-13.071290069078353
vacuum28-zero,15.636053343894728,-13.92962796846133,-13.166248024583496
vacuum28-zero,15.711226677294103,-13.704215130629791,-12.928888830356549
vacuum28-zero,15.786400010693477,-13.073707759929231,-12.353142347227765
vacuum28-zero,15.86157334409285,-12.068097620418097,-11.4620955860526
vacuum28-zero,15.936746677492225,-10.746618879453143,-10.304996638846179
vacuum28-zero,16.011920010891597,-9.194160980303248,-8.950974739825583
vacuum28-zero,16.08709334429097,-7.518240803990438,-7.4806051710557915
vacuum28-zero,16.162266677690347,-5.8299352971993,-5.976931858773397
vacuum28-zero,16.23744001108972,-4.226061878302711,-4.515127114641609
vacuum28-zero,16.312613344489094,-2.781120696906524,-3.15534618423022
vacuum28-zero,16.387786677888467,-1.5423844616527203,-1.9392092501561855
vacuum28-zero,16.46296001128784,-0.513985670530625,-0.8881187479866298
vacuum28-zero,16.538133344687218,0.3243055053650818,-0.0058974557126273645
vacuum28-zero,16.61330667808659,0.9947177889505786,0.7175059140945921
vacuum28-zero,16.688480011485964,1.5276981499591258,1.3014514191960755
vacuum28-zero,16.763653344885338,1.9494871948266923,1.768026269693829
vacuum28-zero,16.83882667828471,2.2827028645326255,2.1380786732456127
vacuum28-zero,16.914000011684088,2.545234114874743,2.4306462871082317
vacuum28-zero,16.98917334508346,2.7520382285308758,2.6614547074501727
vacuum28-zero,17.064346678482835,2.914672357438955,2.843336075711923
vacuum28-zero,17.139520011882208,3.0426910587775233,2.986531954940577
vacuum28-zero,17.21469334528158,3.1433570787470213,3.099258088505683
vacuum28-zero,17.28986667868096,3.2226567998703284,3.1879858746785685
vacuum28-zero,17.36504001208033,3.285074046344592,3.25786294581816
vacuum28-zero,17.4402133454797,3.334317049830486,3.312912382929688
vacuum28-zero,17.5153866783499,3.3731327317410753,3.356321550923997
vacuum28-zero,17.590560011749275,3.4038118826274792,3.3905702370353774
vacuum28-zero,17.66573334514865,3.428037091346833,3.4176218652327153
vacuum28-zero,17.740906678548022,3.4472212411014924,3.439001783377722
vacuum28-zero,17.816080011947395,3.4623976706784565,3.4559191158125464
vacuum28-zero,17.891253345346772,3.474435416514571,3.4693136893953507
vacuum28-zero,17.966426678746142,3.4839764768455357,3.479930905629572
vacuum28-zero,18.04160001214552,3.491554031573456,3.488352067753891
vacuum28-zero,18.116773345544892,3.497573884101418,3.495037551606509
vacuum28-zero,18.19194667894427,3.5023576730148487,3.500349377470043
vacuum28-zero,18.26712001234364,3.5061692943375626,3.5045722308673994
vacuum28-zero,18.342293345743016,3.509196139280942,3.5079333404794246
vacuum28-zero,18.41746667914239,3.5116181159251525,3.5106083013815637
vacuum28-zero,18.492640012541763,3.5135364642327223,3.5127413883436933
vacuum28-zero,18.567813345941136,3.515081826069018,3.5144400999471785
vacuum28-zero,18.642986679340513,3.516298610416394,3.515797662401298
vacuum28-zero,18.718160012739883,3.517289295355451,3.5168787707768505
vacuum28-zero,18.79333334613926,3.518060289167652,3.5177451268921507
vacuum28-zero,18.868506679538633,3.5186989948256175,3.5184343368829896
vacuum28-zero,18.943680012938003,3.5191859017654106,3.5189886600322065
vacuum28-zero,19.01885334633738,3.5196009842512064,3.5194284232453272
vacuum28-zero,19.094026679736753,3.5199062687935005,3.51978402164079
vacuum28-zero,19.16920001313613,3.520178913277992,3.5200646118500654
vacuum28-zero,19.2443733465355,3.5203676106359145,3.520293622876712
vacuum28-zero,19.319546679934877,3.520549491541583,3.520473476534105
vacuum28-zero,19.39472001333425,3.5206631398962394,3.520622744593357
vacuum28-zero,19.469893346733624,3.5207889653462403,3.520738665098765
vacuum28-zero,19.545066680132997,3.520859919035877,3.5208372655568274
vacuum28-zero,19.620240013532374,3.52095115881396,3.5209125186454906
vacuum28-zero,19.695413346931744,3.5209903704215404,3.520978996062089
vacuum28-zero,19.77058668033112,3.5210578002366577,3.5210281942484225
vacuum28-zero,19.845760013730494,3.521076303979305,3.521073283515432
vacuum28-zero,19.920933347129868,3.5211284137839667,3.5211047670893185
vacuum28-zero,19.99610668052924,3.5211333526505704,3.521135760858253
vacuum28-zero,20.071280013928618,3.52117557111633,3.5211557068043713
vacuum28-zero,20.146453347327988,3.5211715438311666,3.521177516730447
vacuum28-zero,20.221626680198188,3.521207340409773,3.521189911516882
vacuum28-zero,20.29680001359756,3.521197408253793,3.521205721332291
vacuum28-zero,20.371973346996935,3.521229014278918,3.5212131500407367
vacuum28-zero,20.447146680396312,3.521215177289012,3.521225000599446
vacuum28-zero,20.52232001379568,3.5212439941470466,3.521229163941542
vacuum28-zero,20.59749334719506,3.521227599286833,3.5212383886014798
vacuum28-zero,20.672666680594432,3.521254497742137,3.5212403886383687
vacuum28-zero,20.74784001399381,3.5212364701987493,3.5212478445582
vacuum28-zero,20.82301334739318,3.521262008084741,3.5212482799403797
vacuum28-zero,20.898186680792552,3.521242973720062,3.521254388896592
vacuum28-zero,20.97336001419193,3.5212673415164453,3.521253735823322
vacuum28-zero,21.0485333475913,3.521247123456465,3.5212588787753227
vacuum28-zero,21.123706680990676,3.5212703347689325,3.521257463783238
vacuum28-zero,21.19888001439005,3.521249926229248,3.5212618856335034
vacuum28-zero,21.274053347789422,3.5212724436513665,3.5212599536250795
vacuum28-zero,21.349226681188796,3.5212520895344546,3.521263940093165
vacuum28-zero,21.424400014588173,3.521273953883303,3.521261790393651
vacuum28-zero,21.499573347987543,3.5212538174574806,3.521265491142181
vacuum28-zero,21.57474668138692,3.5212750423387527,3.5212632189914292
vacuum28-zero,21.649920014786293,3.5212552732666453,3.5212667020488686
vacuum28-zero,21.725093348185666,3.5212758314689543,3.5212643754753445
vacuum28-zero,21.80026668158504,3.5212565522017987,3.5212676680530803
vacuum28-zero,21.875440014984417,3.521276402908065,3.5212653414795563
vacuum28-zero,21.95061334838379,3.521257708685714,3.5212684571832815
vacuum28-zero,22.025786681783163,3.521276824684552,3.5212661714268365
vacuum28-zero,22.100960015182537,3.5212587835354707,3.5212691374679372
vacuum28-zero,22.176133348581914,3.5212771240098006,3.521266919739958
vacuum28-zero,22.251306681981283,3.521259817568148,3.5212697361184353
vacuum28-zero,22.32648001538066,3.5212773280951977,3.5212675864189213
vacuum28-zero,22.401653348780034,3.5212608243894397,3.5212702667404665
vacuum28-zero,22.476826682179407,3.5212774505464353,3.5212682122808046
vacuum28-zero,22.55200001557878,3.5212618039993444,3.5212707429397256
vacuum28-zero,22.627173348978157,3.5212775185749012,3.5212688109313026
vacuum28-zero,22.702346682377527,3.521262770003556,3.521271191927599
vacuum28-zero,22.777520015776904,3.521277532180594,3.5212693687647207
vacuum28-zero,22.852693348647097,3.521263736007768,3.5212716000983924
vacuum28-zero,22.927866682046474,3.5212775049692078,3.521269899386753
vacuum28-zero,23.003040015445848,3.5212646884062866,3.5212719810578004
vacuum28-zero,23.07821334884522,3.5212774369407427,3.521270416403091
vacuum28-zero,23.153386682244594,3.521265640804805,3.5212723348058215
vacuum28-zero,23.22856001564397,3.5212773280951977,3.521270906208043
vacuum28-zero,23.30373334904334,3.52126657959763,3.52127267494815
vacuum28-zero,23.378906682442718,3.5212771920382666,3.521271396012996
vacuum28-zero,23.45408001584209,3.5212675183904563,3.521272987879091
vacuum28-zero,23.52925334924147,3.521277028769949,3.521271858606562
vacuum28-zero,23.604426682640838,3.521268443577588,3.52127328720434
vacuum28-zero,23.679600016040215,3.5212768382902446,3.5212723075944354
vacuum28-zero,23.75477334943959,3.5212693687647207,3.5212735729238953
vacuum28-zero,23.829946682838962,3.5212766342048485,3.521272742976615
vacuum28-zero,23.905120016238335,3.52127028034616,3.521273845037758
vacuum28-zero,23.980293349637712,3.521276402908065,3.521273164753102
vacuum28-zero,24.055466683037082,3.521271178321906,3.5212740899402344
vacuum28-zero,24.13064001643646,3.521276158005589,3.5212735593182027
vacuum28-zero,24.205813349835832,3.521272076297652,3.5212743348427105
vacuum28-zero,24.280986683235206,3.521275913103113,3.521273953883303
vacuum28-zero,24.35616001663458,3.521272947062012,3.5212745525338005
vacuum28-zero,24.431333350033956,3.5212756409892507,3.5212743348427105
vacuum28-zero,24.50650668343333,3.5212737906149854,3.5212747702248905
vacuum28-zero,24.581680016832703,3.5212753688753873,3.521274702196425
vacuum28-zero,24.656853350232076,3.521274634167959,3.521274960704594
vacuum28-zero,24.732026683631453,3.5212750831558326,3.521275055944446
vacuum28-zero,24.807200017030823,3.5212754505095467,3.5212751511842977
vacuum28-zero,24.882373350430196,3.5212747974362766,3.5212753824810807
vacuum28-zero,24.957546683829573,3.5212762396397475,3.5212753280583087
vacuum28-zero,25.032720017228943,3.521274498111028,3.521275709017716
vacuum28-zero,25.10789335062832,3.5212770151642556,3.5212754913266258
vacuum28-zero,25.183066684027693,3.5212742123914724,3.521276021948658
vacuum28-zero,25.258240017427067,3.5212777634773773,3.5212756409892507
vacuum28-zero,25.33341335082644,3.5212739266719164,3.5212763076682134
vacuum28-zero,25.408586684225817,3.52127847097342,3.5212757906518743
vacuum28-zero,25.48376001762519,3.5212736409523613,3.5212765933877685
vacuum28-zero,25.558933350495387,3.5212791648637696,3.5212759267088054
vacuum28-zero,25.63410668389476,3.5212733552328057,3.521276851895938
vacuum28-zero,25.709280017294134,3.5212798315427323,3.521276049160044
vacuum28-zero,25.78445335069351,3.521273083118943,3.5212771104041076
vacuum28-zero,25.85962668409288,3.521280457404616,3.5212761716112824
vacuum28-zero,25.934800017492257,3.521272811005081,3.5212773417008902
vacuum28-zero,26.00997335089163,3.521281056055113,3.521276266851134
vacuum28-zero,26.085146684291008,3.5212725524969115,3.5212775729976737
vacuum28-zero,26.160320017690378,3.5212816138885312,3.521276375696679
vacuum28-zero,26.235493351089755,3.5212723075944354,3.5212777770830708
vacuum28-zero,26.310666684489128,3.521282144510563,3.5212764573308375
vacuum28-zero,26.385840017888498,3.521272076297652,3.5212779675627743
vacuum28-zero,26.461013351287875,3.521282634315516,3.521276538964996
vacuum28-zero,26.53618668468725,3.521271858606562,3.5212781444367844
vacuum28-zero,26.61136001808662,3.5212830969090816,3.521276620599155
vacuum28-zero,26.686533351485995,3.521271654521165,3.521278307705103
vacuum28-zero,26.76170668488537,3.5212835186855687,3.521276688627621
vacuum28-zero,26.83688001828474,3.5212714776471548,3.5212784573677265
vacuum28-zero,26.91205335168412,3.5212838860392823,3.5212767430503935
vacuum28-zero,26.987226685083492,3.5212713007731438,3.521278579818965
vacuum28-zero,27.06240001848287,3.521284226181611,3.5212767974731656
vacuum28-zero,27.13757335188224,3.52127115111052,3.5212787022702026
vacuum28-zero,27.212746685281616,3.5212845255068594,3.5212768382902446
vacuum28-zero,27.28792001868099,3.521271015053588,3.521278797510055
vacuum28-zero,27.363093352080362,3.521284784015029,3.5212768791073246
vacuum28-zero,27.438266685479736,3.521270906208043,3.5212788791442136
vacuum28-zero,27.513440018879113,3.5212850017061186,3.521276919924404
vacuum28-zero,27.588613352278482,3.5212708109681916,3.521278960778372
vacuum28-zero,27.66378668567786,3.521285164974436,3.521276933530097
vacuum28-zero,27.738960019077233,3.521270729334033,3.5212790152011446
vacuum28-zero,27.814133352476606,3.521285301031367,3.521276960741483
vacuum28-zero,27.88930668587598,3.5212706749112606,3.521279042412531
vacuum28-zero,27.964480019275356,3.521285382665526,3.5212769743471766
vacuum28-zero,28.039653352674726,3.5212706476998745,3.521279069623917
vacuum28-zero,28.114826686074103,3.5212854234826056,3.5212769743471766
zero,0.0,4.280504746403429,4.280494732613291
zero,0.07246874995027121,4.28048705900237,4.280496936735577
zero,0.14493749990054242,4.280504351838329,4.28049477343037
zero,0.21740625037999084,4.280487807315492,4.280496827890032
zero,0.2898750003302621,4.280503195354413,4.280494895881608
zero,0.3623437502805333,4.280489235913269,4.280496610198942
zero,0.4348125002308045,4.280501385797228,4.2804950727556195
zero,0.5072812501810757,4.280491235950159,4.280496310873693
zero,0.5797500001313469,4.2804990728293975,4.280495304052402
zero,0.6522187506107954,4.280493603340762,4.28049594351998
zero,0.7246875005610666,4.280496446930624,4.280495562560572
zero,0.7971562505113378,4.280496161211069,4.280495535349185
zero,0.869625000461609,4.280493712186307,4.280495807463048
zero,0.9420937504118803,4.280498664658604,4.2804951271783915
zero,1.0145625008913286,4.2804911271046135,4.280496011548444
zero,1.0870312508416,4.280500895992276,4.280494732613291
zero,1.1595000007918712,4.280488882165248,4.280496161211069
zero,1.2319687507421422,4.280502651126689,4.28049437886527
zero,1.3044375006924134,4.280487167847915,4.280496229239534
zero,1.376906251171862,4.280503753187832,4.280494079540022
zero,1.4493750011221331,4.28048614742093,4.280496188422456
zero,1.5218437510724045,4.280504106935853,4.280493861848932
zero,1.5943125010226755,4.280485861701375,4.28049603875983
zero,1.6667812509729467,4.28050365794798,4.280493739397693
zero,1.739250000923218,4.28048636511202,4.280495780251662
zero,1.8117187514026665,4.280502406224213,4.28049368497492
zero,1.8841875013529374,4.280487589624402,4.280495412897947
zero,1.9566562513032089,4.280500460610096,4.280493698580614
zero,2.02912500125348,4.280489426392974,4.2804949366986875
zero,2.1015937512037515,4.280497943556869,4.280493766609079
zero,2.1740625016832,4.280491698543725,4.280494392470963
zero,2.246531251633471,4.2804950455442325,4.280493861848932
zero,2.3190000015837424,4.280494201991259,4.280493807426159
zero,2.3914687515340134,4.280492011474666,4.280493957088783
zero,2.4639375014842844,4.280496691833101,4.280493195169968
zero,2.536406251963733,4.280489072644952,4.280494011511555
zero,2.6088750019140043,4.280498936772466,4.280492596519471
zero,2.6813437518642758,4.280486446746179,4.280493997905863
zero,2.7538125018145463,4.280500705512572,4.280492038686052
zero,2.8262812517648177,4.280484351469439,4.28049390266601
zero,2.8987500017150887,4.280501821179408,4.280491535275408
zero,2.9712187521945377,4.280482950083046,4.28049368497492
zero,3.043687502144809,4.280502120504657,4.280491099893227
zero,3.1161562520950796,4.2804823378268555,4.280493344832593
zero,3.188625002045351,4.280501549065546,4.280490732539513
zero,3.261093751995622,4.280482541912253,4.28049285502764
zero,3.333562502475071,4.280500079650689,4.280490433214264
zero,3.4060312524253415,4.280483548733544,4.280492215560063
zero,3.478500002375613,4.280497793894244,4.280490188311788
zero,3.5509687523258844,4.2804852086281056,4.280491440035555
zero,3.6234375022761554,4.2804948006417565,4.280489957015004
zero,3.695906252755604,4.280487344721926,4.280490514848423
zero,3.768375002705875,4.280491290372931,4.280489684901142
zero,3.8408437526561463,4.280489712112528,4.28048945360436
zero,3.9133125026064177,4.280487480778857,4.280489331153121
zero,3.9857812525566887,4.280492011474666,4.280488256303364
zero,4.05825000250696,4.28048357594493,4.280488814136783
zero,4.130718752986408,4.28049394348309,4.280486895734052
zero,4.20318750293668,4.280479807167935,4.280488011400888
zero,4.275656252886951,4.280495154389778,4.280485317473651
zero,4.3481250028372225,4.280476296899109,4.280486814099894
zero,4.420593752787493,4.280495304052402,4.280483426282306
zero,4.493062503266942,4.280473126772612,4.280485031754094
zero,4.565531253217213,4.280494065934327,4.280481031680316
zero,4.638000003167485,4.2804702287599765,4.280482269798391
zero,4.710468753117756,4.280491086287534,4.280477603045649
zero,4.782937503068027,4.280467099450559,4.280478024822136
zero,4.855406253547475,4.280485004542708,4.280472704996124
zero,4.927875003497746,4.280462650388907,4.280471752597607
zero,5.000343753448018,4.280475997573861,4.280465698064167
zero,5.072812503398288,4.280456908786409,4.280462786445838
zero,5.14528125334856,4.280463575576039,4.2804558203309595
zero,5.217750003298831,4.280448690947763,4.280450269208165
zero,5.29021875377828,4.280446690910874,4.280441820072736
zero,5.3626875037285515,4.280436214527169,4.280432609018492
zero,5.435156253678821,4.280423778923654,4.28042167004122
zero,5.507625003629093,4.280416908048627,4.280407356852055
zero,5.580093753579364,4.28039234977254,4.280392254532689
zero,5.652562504058813,4.280387029946529,4.280370811960327
zero,5.725031254009084,4.280348512229298,4.280348934005786
zero,5.797500003959355,4.280341001886694,4.280317327980661
zero,5.869968753909626,4.2802861029149435,4.280284633500086
zero,5.942437503859898,4.280270592424783,4.280238265297923
zero,6.014906254339347,4.280195665872754,4.2801886181237165
zero,6.087375004289618,4.280163488408518,4.28012088898335
zero,6.159843754239888,4.2800624525313875,4.280046234545185
zero,6.232312504190159,4.280001009221244,4.279947212310636
zero,6.304781254140431,4.279866870692744,4.279833563955979
zero,6.377250004090702,4.279763549059168,4.27968640477916
zero,6.449718754570151,4.279577463994325,4.279512115850255
zero,6.522187504520422,4.279400140995853,4.2792906423776
zero,6.594656254470693,4.279133401382177,4.279022025178272
zero,6.6671250044209645,4.27884234839489,4.278684372692038
zero,6.739593754371236,4.27845073572973,4.278269317417629
zero,6.812062504850683,4.27798649587468,4.277752205839103
zero,6.8845312548009545,4.277400022472614,4.277111636201179
zero,6.957000004751226,4.276672049862068,4.276316968482945
zero,7.029468754701497,4.27578034634048,4.275328378820628
zero,7.101937504651769,4.274649400311018,4.274103526297231
zero,7.174406255131217,4.2732797423957125,4.272576246427095
zero,7.246875005081488,4.271530526459355,4.270682891777792
zero,7.31934375503176,4.269412569027978,4.268319147500148
zero,7.391812504982031,4.266709022564586,4.265384440310598
zero,7.4642812549323025,4.263418648951108,4.2617178420708814
zero,7.536750004882573,4.2592341227912796,4.257156683114022
zero,7.609218755362021,4.254106422772778,4.251454047321223
zero,7.681687505312293,4.247613527506316,4.244345140692925
zero,7.754156255262564,4.239602468184112,4.235449792951884
zero,7.826625005212835,4.229494159295463,4.224337587996155
zero,7.899093755163106,4.216946662560802,4.210418705423162
zero,7.971562505642555,4.201151214763821,4.192995173175698
zero,8.044031255592826,4.181448633678404,4.171143151085015
zero,8.116500005543097,4.156674244761833,4.143734523105823
zero,8.188968755493368,4.125648869802529,4.109311207923209
zero,8.26143750544364,4.086638272732259,4.066056491757233
zero,8.333906255923088,4.037633749835425,4.01165725711436
zero,8.40637500587336,3.9759834970995835,3.943199096499179
zero,8.47884375582363,3.8983681879962893,3.8570097517036364
zero,8.551312505773902,3.8006539503612116,3.7484480350839235
zero,8.623781255724174,3.6774671340612635,3.6117189962194005
zero,8.696250005674445,3.5223234562337313,3.4395227861844813
zero,8.768718756153893,3.3267062427885725,3.2228399052883776
zero,8.841187506104163,3.0805304913894584,2.9504182956557488
zero,8.913656256054436,2.7706099860380697,2.608587052076462
zero,8.986125006004706,2.3815880625406414,2.1806716084980873
zero,9.058593755954979,1.8937026965385013,1.6480493493325374
zero,9.131062506434427,1.284648388189178,0.9908722350292163
zero,9.203531256384696,0.5269154056078824,0.18990835985060212
zero,9.27600000633497,-0.4016496121873552,-0.7678652919126134
zero,9.34846875628524,-1.5197093087337905,-1.8844486891210448
zero,9.420937506235513,-2.8361370721837633,-3.1475707483015194
zero,9.493406256714959,-4.322827540618947,-4.527526064418752
zero,9.56587500666523,-5.9223810703148265,-5.977050650080054
zero,9.638343756615502,-7.557205985257062,-7.433460315112088
zero,9.710812506565773,-9.13277187524121,-8.823214682713283
zero,9.783281256516043,-10.548321684605083,-10.070381046243174
zero,9.855750006466316,-11.714576977563723,-11.104734219297923
zero,9.928218756945764,-12.56441763178644,-11.869160468188303
zero,10.000687506896035,-13.052992098933874,-12.326501379665958
zero,10.073156256846307,-13.162853281698071,-12.463855790609184
zero,10.145625006796577,-12.908189686672642,-12.293973664072011
zero,10.21809375674685,-12.334158337218943,-11.855023717651333
zero,10.290562507226296,-11.50980256120768,-11.208823771799494
zero,10.36303125717657,-10.52540202377504,-10.436004102793074
zero,10.435500007126839,-9.491768061264464,-9.629595133986786
zero,10.50796875707711,-8.529592464365317,-8.888493641833493
zero,10.580437507027382,-7.753115585047435,-8.310727230292283
zero,10.65290625750683,-7.263326945845704,-7.9874597032555545
zero,10.725375007457103,-7.146447864934509,-8.001657216818012
zero,10.797843757407373,-7.465437694024903,-8.426236149877528
zero,10.870312507357642,-8.262529252883782,-9.318844137127169
zero,10.942781257307916,-9.591150683413058,-10.716413710098065
zero,11.015250007258185,-11.501644982176233,-12.61972865195395
zero,11.087718757737635,-14.00137149579492,-14.97959538869205
zero,11.160187507687906,-17.046314024670437,-17.690189356218056
zero,11.232656257638176,-20.469652376291553,-20.58513120008361
zero,11.30512500758845,-23.984504864797287,-23.449430968576518
zero,11.377593757538719,-27.236687052777192,-26.04063632591187
zero,11.450062508018169,-29.855743549654864,-28.112840532454975
zero,11.52253125796844,-31.551743402443694,-29.45371069230362
zero,11.59500000791871,-32.139809051565145,-29.91830814578565
zero,11.667468757868981,-31.551743402443694,-29.45371069230362
zero,11.739937507819253,-29.855743549654864,-28.112840532454975
zero,11.812406258298703,-27.236687052777192,-26.04063632591187
zero,11.884875008248972,-23.984504864797287,-23.449430968576518
zero,11.957343758199244,-20.469652376291553,-20.58513120008361
zero,12.029812508149515,-17.046314024670437,-17.690189356218056
zero,12.102281258099786,-14.00137149579492,-14.97959538869205
zero,12.174750008050058,-11.501644982176233,-12.61972865195395
zero,12.247218758529506,-9.591150683413058,-10.716413710098065
zero,12.319687508479776,-8.262529252883782,-9.318844137127169
zero,12.392156258430049,-7.465437694024903,-8.426236149877528
zero,12.464625008380319,-7.146447864934509,-8.001657216818012
zero,12.537093758330592,-7.263326945845704,-7.9874597032555545
zero,12.60956250881004,-7.753115585047435,-8.310727230292283
zero,12.68203125876031,-8.529592464365317,-8.888493641833493
zero,12.754500008710583,-9.491768061264464,-9.629595133986786
zero,12.826968758660852,-10.52540202377504,-10.436004102793074
zero,12.899437508611125,-11.50980256120768,-11.208823771799494
zero,12.971906259090572,-12.334158337218943,-11.855023717651333
zero,13.044375009040843,-12.908189686672642,-12.293973664072011
zero,13.116843758991115,-13.162853281698071,-12.463855790609184
zero,13.189312508941386,-13.052992098933874,-12.326501379665958
zero,13.261781258891657,-12.56441763178644,-11.869160468188303
zero,13.334250008841929,-11.714576977563723,-11.104734219297923
zero,13.406718759321377,-10.548321684605083,-10.070381046243174
zero,13.479187509271648,-9.13277187524121,-8.823214682713283
zero,13.55165625922192,-7.557205985257062,-7.433460315112088
zero,13.62412500917219,-5.9223810703148265,-5.977050650080054
zero,13.696593759122463,-4.322827540618947,-4.527526064418752
zero,13.769062509601909,-2.8361370721837633,-3.1475707483015194
zero,13.841531259552182,-1.5197093087337905,-1.8844486891210448
zero,13.914000009502452,-0.4016496121873552,-0.7678652919126134
zero,13.986468759452723,0.5269154056078824,0.18990835985060212
zero,14.058937509402995,1.284648388189178,0.9908722350292163
zero,14.131406259882443,1.8937026965385013,1.6480493493325374
zero,14.203875009832716,2.3815880625406414,2.1806716084980873
zero,14.276343759782986,2.7706099860380697,2.608587052076462
zero,14.348812509733257,3.0805304913894584,2.9504182956557488
zero,14.421281259683528,3.3267062427885725,3.2228399052883776
zero,14.4937500096338,3.5223234562337313,3.4395227861844813
zero,14.566218760113248,3.6774671340612635,3.6117189962194005
zero,14.63868751006352,3.8006539503612116,3.7484480350839235
zero,14.711156260013789,3.8983681879962893,3.8570097517036364
zero,14.783625009964062,3.9759834970995835,3.943199096499179
zero,14.856093759914332,4.037633749835425,4.01165725711436
zero,14.928562510393782,4.086638272732259,4.066056491757233
zero,15.001031260344053,4.125648869802529,4.109311207923209
zero,15.073500010294323,4.156674244761833,4.143734523105823
zero,15.145968760244596,4.181448633678404,4.171143151085015
zero,15.218437510194866,4.201151214763821,4.192995173175698
zero,15.290906260674316,4.216946662560802,4.210418705423162
zero,15.363375010624585,4.229494159295463,4.224337587996155
zero,15.435843760574857,4.239602468184112,4.235449792951884
zero,15.508312510525128,4.247613527506316,4.244345140692925
zero,15.5807812604754,4.254106422772778,4.251454047321223
zero,15.65325001042567,4.2592341227912796,4.257156683114022
zero,15.725718760905119,4.263418648951108,4.2617178420708814
zero,15.79818751085539,4.266709022564586,4.265384440310598
zero,15.870656260805662,4.269412569027978,4.268319147500148
zero,15.943125010755933,4.271530526459355,4.270682891777792
zero,16.015593760706206,4.2732797423957125,4.272576246427095
zero,16.08806251118565,4.274649400311018,4.274103526297231
zero,16.160531261135922,4.27578034634048,4.275328378820628
zero,16.233000011086194,4.276672049862068,4.276316968482945
zero,16.305468761036465,4.277400022472614,4.277111636201179
zero,16.377937510986737,4.27798649587468,4.277752205839103
zero,16.450406261466185,4.27845073572973,4.278269317417629
zero,16.522875011416456,4.27884234839489,4.278684372692038
zero,16.595343761366728,4.279133401382177,4.279022025178272
zero,16.667812511317,4.279400140995853,4.2792906423776
zero,16.74028126126727,4.279577463994325,4.279512115850255
zero,16.812750011217542,4.279763549059168,4.27968640477916
zero,16.88521876169699,4.279866870692744,4.279833563955979
zero,16.95768751164726,4.280001009221244,4.279947212310636
zero,17.030156261597533,4.2800624525313875,4.280046234545185
zero,17.102625011547804,4.280163488408518,4.28012088898335
zero,17.175093761498072,4.280195665872754,4.2801886181237165
zero,17.247562511977524,4.280270592424783,4.280238265297923
zero,17.32003126192779,4.2802861029149435,4.280284633500086
zero,17.392500011878067,4.280341001886694,4.280317327980661
zero,17.464968761828338,4.280348512229298,4.280348934005786
zero,17.537437511778606,4.280387029946529,4.280370811960327
zero,17.609906262258058,4.28039234977254,4.280392254532689
zero,17.682375012208325,4.280416908048627,4.280407356852055
zero,17.7548437621586,4.280423778923654,4.28042167004122
zero,17.827312512108872,4.280436214527169,4.280432609018492
zero,17.89978126205914,4.280446690910874,4.280441820072736
zero,17.97225001200941,4.280448690947763,4.280450269208165
zero,18.04471876248886,4.280463575576039,4.2804558203309595
zero,18.11718751243913,4.280456908786409,4.280462786445838
zero,18.189656262389406,4.280475997573861,4.280465698064167
zero,18.262125012339673,4.280462650388907,4.280471752597607
zero,18.334593762289945,4.280485004542708,4.280472704996124
zero,18.407062512769393,4.280467099450559,4.280478024822136
zero,18.479531262719664,4.280491086287534,4.280477603045649
zero,18.55200001266994,4.2804702287599765,4.280482269798391
zero,18.624468762620207,4.280494065934327,4.280481031680316
zero,18.69693751257048,4.280473126772612,4.280485031754094
zero,18.769406263049927,4.280495304052402,4.280483426282306
zero,18.841875013000198,4.280476296899109,4.280486814099894
zero,18.91434376295047,4.280495154389778,4.280485317473651
zero,18.98681251290074,4.280479807167935,4.280488011400888
zero,19.059281262851012,4.28049394348309,4.280486895734052
zero,19.131750012801284,4.28048357594493,4.280488814136783
zero,19.204218763280732,4.280492011474666,4.280488256303364
zero,19.276687513231003,4.280487480778857,4.280489331153121
zero,19.349156263181275,4.280489712112528,4.28048945360436
zero,19.421625013131546,4.280491290372931,4.280489684901142
zero,19.494093763081818,4.280487344721926,4.280490514848423
zero,19.566562513561266,4.2804948006417565,4.280489957015004
zero,19.639031263511537,4.2804852086281056,4.280491440035555
zero,19.711500013461805,4.280497793894244,4.280490188311788
zero,19.78396876341208,4.280483548733544,4.280492215560063
zero,19.85643751336235,4.280500079650689,4.280490433214264
zero,19.9289062638418,4.280482541912253,4.28049285502764
zero,20.00137501379207,4.280501549065546,4.280490732539513
zero,20.07384376374234,4.2804823378268555,4.280493344832593
zero,20.146312513692614,4.280502120504657,4.280491099893227
zero,20.218781263642885,4.280482950083046,4.28049368497492
zero,20.291250013593153,4.280501821179408,4.280491535275408
zero,20.363718764072605,4.280484351469439,4.28049390266601
zero,20.436187514022873,4.280500705512572,4.280492038686052
zero,20.508656263973144,4.280486446746179,4.280493997905863
zero,20.58112501392342,4.280498936772466,4.280492596519471
zero,20.653593763873687,4.280489072644952,4.280494011511555
zero,20.72606251435314,4.280496691833101,4.280493195169968
zero,20.798531264303406,4.280492011474666,4.280493957088783
zero,20.871000014253678,4.280494201991259,4.280493807426159
zero,20.943468764203953,4.2804950455442325,4.280493861848932
zero,21.01593751415422,4.280491698543725,4.280494392470963
zero,21.088406264633672,4.280497943556869,4.280493766609079
zero,21.16087501458394,4.280489426392974,4.2804949366986875
zero,21.23334376453421,4.280500460610096,4.280493698580614
zero,21.305812514484483,4.280487589624402,4.280495412897947
zero,21.378281264434754,4.280502406224213,4.28049368497492
zero,21.450750014385026,4.28048636511202,4.280495780251662
zero,21.523218764864474,4.28050365794798,4.280493739397693
zero,21.595687514814745,4.280485861701375,4.28049603875983
zero,21.668156264765017,4.280504106935853,4.280493861848932
zero,21.740625014715285,4.28048614742093,4.280496188422456
zero,21.81309376466556,4.280503753187832,4.280494079540022
zero,21.885562515145008,4.280487167847915,4.280496229239534
zero,21.95803126509528,4.280502651126689,4.28049437886527
zero,22.03050001504555,4.280488882165248,4.280496161211069
zero,22.10296876499582,4.280500895992276,4.280494732613291
zero,22.175437514946093,4.2804911271046135,4.280496011548444
zero,22.24790626542554,4.280498664658604,4.2804951271783915
zero,22.320375015375813,4.280493712186307,4.280495807463048
zero,22.392843765326084,4.280496161211069,4.280495535349185
zero,22.465312515276352,4.280496446930624,4.280495562560572
zero,22.537781265226624,4.280493603340762,4.28049594351998
zero,22.6102500151769,4.2804990728293975,4.280495304052402
zero,22.682718765656347,4.280491235950159,4.280496310873693
zero,22.755187515606618,4.280501385797228,4.2804950727556195
zero,22.827656265556886,4.280489235913269,4.280496610198942
zero,22.900125015507157,4.280503195354413,4.280494895881608
zero,22.972593765457432,4.280487807315492,4.280496827890032
zero,23.04506251593688,4.280504351838329,4.28049477343037
zero,23.117531265887152,4.28048705900237,4.280496936735577
