k_index,band,distance_Ainv,energy_eV,energy_minus_scf_EF_eV,occupation_per_spin
1,1,0.0,-23.836583,-21.44586477,1.0
1,2,0.0,-23.83658,-21.44586177,1.0
1,3,0.0,-23.800633,-21.40991477,1.0
1,4,0.0,-23.791719,-21.40100077,1.0
1,5,0.0,-23.791717,-21.400998769999998,1.0
1,6,0.0,-16.095289,-13.70457077,1.0
1,7,0.0,-14.820456,-12.42973777,1.0
1,8,0.0,-8.302691,-5.911972769999999,1.0
1,9,0.0,-3.808197,-1.4174787699999998,1.0
1,10,0.0,-3.156856,-0.7661377699999998,1.0
1,11,0.0,-3.156848,-0.76612977,1.0
1,12,0.0,-2.775725,-0.38500676999999994,1.0
1,13,0.0,-2.775724,-0.3850057699999998,1.0
1,14,0.0,-1.169288,1.22143023,0.0
1,15,0.0,0.378732,2.76945023,0.0
1,16,0.0,1.887769,4.27848723,0.0
1,17,0.0,1.887769,4.27848723,0.0
1,18,0.0,2.861493,5.25221123,0.0
1,19,0.0,3.013198,5.40391623,0.0
1,20,0.0,3.990888,6.38160623,0.0
2,1,0.019228987647536864,-23.836614,-21.44589577,1.0
2,2,0.019228987647536864,-23.836548,-21.44582977,1.0
2,3,0.019228987647536864,-23.800608,-21.40988977,1.0
2,4,0.019228987647536864,-23.79174,-21.40102177,1.0
2,5,0.019228987647536864,-23.791718,-21.40099977,1.0
2,6,0.019228987647536864,-16.094317,-13.70359877,1.0
2,7,0.019228987647536864,-14.819774,-12.429055770000002,1.0
2,8,0.019228987647536864,-8.302885,-5.91216677,1.0
2,9,0.019228987647536864,-3.807708,-1.4169897699999998,1.0
2,10,0.019228987647536864,-3.16946,-0.7787417699999999,1.0
2,11,0.019228987647536864,-3.161345,-0.7706267699999998,1.0
2,12,0.019228987647536864,-2.781181,-0.39046277000000007,1.0
2,13,0.019228987647536864,-2.77381,-0.38309177000000005,1.0
2,14,0.019228987647536864,-1.161296,1.22942223,0.0
2,15,0.019228987647536864,0.387231,2.77794923,0.0
2,16,0.019228987647536864,1.88352,4.27423823,0.0
2,17,0.019228987647536864,1.890276,4.28099423,0.0
2,18,0.019228987647536864,2.864679,5.25539723,0.0
2,19,0.019228987647536864,3.014067,5.40478523,0.0
2,20,0.019228987647536864,3.993176,6.38389423,0.0
3,1,0.03845797529507373,-23.836715,-21.44599677,1.0
3,2,0.03845797529507373,-23.836432,-21.445713769999998,1.0
3,3,0.03845797529507373,-23.800532,-21.40981377,1.0
3,4,0.03845797529507373,-23.791824,-21.401105769999997,1.0
3,5,0.03845797529507373,-23.791716,-21.40099777,1.0
3,6,0.03845797529507373,-16.091404,-13.70068577,1.0
3,7,0.03845797529507373,-14.817729,-12.427010769999999,1.0
3,8,0.03845797529507373,-8.303475,-5.9127567700000006,1.0
3,9,0.03845797529507373,-3.806263,-1.41554477,1.0
3,10,0.03845797529507373,-3.20619,-0.8154717699999998,1.0
3,11,0.03845797529507373,-3.174464,-0.7837457699999999,1.0
3,12,0.03845797529507373,-2.797779,-0.40706076999999974,1.0
3,13,0.03845797529507373,-2.768386,-0.37766776999999996,1.0
3,14,0.03845797529507373,-1.137909,1.25280923,0.0
3,15,0.03845797529507373,0.412322,2.80304023,0.0
3,16,0.03845797529507373,1.87115,4.26186823,0.0
3,17,0.03845797529507373,1.897773,4.28849123,0.0
3,18,0.03845797529507373,2.874073,5.26479123,0.0
3,19,0.03845797529507373,3.016671,5.40738923,0.0
3,20,0.03845797529507373,4.000006,6.39072423,0.0
4,1,0.05768696294261058,-23.836891,-21.44617277,1.0
4,2,0.05768696294261058,-23.836241,-21.44552277,1.0
4,3,0.05768696294261058,-23.800407,-21.40968877,1.0
4,4,0.05768696294261058,-23.791974,-21.40125577,1.0
4,5,0.05768696294261058,-23.791716,-21.40099777,1.0
4,6,0.05768696294261058,-16.086553,-13.695834769999998,1.0
4,7,0.05768696294261058,-14.814329,-12.42361077,1.0
4,8,0.05768696294261058,-8.304486,-5.913767770000001,1.0
4,9,0.05768696294261058,-3.803895,-1.4131767699999997,1.0
4,10,0.05768696294261058,-3.264205,-0.87348677,1.0
4,11,0.05768696294261058,-3.195312,-0.8045937699999999,1.0
4,12,0.05768696294261058,-2.825925,-0.43520676999999974,1.0
4,13,0.05768696294261058,-2.760301,-0.36958277000000006,1.0
4,14,0.05768696294261058,-1.100767,1.28995123,0.0
4,15,0.05768696294261058,0.452823,2.84354123,0.0
4,16,0.05768696294261058,1.851743,4.24246123,0.0
4,17,0.05768696294261058,1.910177,4.30089523,0.0
4,18,0.05768696294261058,2.889232,5.27995023,0.0
4,19,0.05768696294261058,3.021004,5.4117222300000005,0.0
4,20,0.05768696294261058,4.011283,6.40200123,0.0
5,1,0.07691596943455835,-23.837122,-21.44640377,1.0
5,2,0.07691596943455835,-23.83597,-21.44525177,1.0
5,3,0.07691596943455835,-23.800223,-21.409504769999998,1.0
5,4,0.07691596943455835,-23.792159,-21.40144077,1.0
5,5,0.07691596943455835,-23.791714,-21.400995769999998,1.0
5,6,0.07691596943455835,-16.079768,-13.68904977,1.0
5,7,0.07691596943455835,-14.809582,-12.418863770000002,1.0
5,8,0.07691596943455835,-8.305952,-5.9152337699999995,1.0
5,9,0.07691596943455835,-3.800665,-1.40994677,1.0
5,10,0.07691596943455835,-3.339905,-0.9491867699999998,1.0
5,11,0.07691596943455835,-3.222733,-0.8320147699999998,1.0
5,12,0.07691596943455835,-2.865628,-0.47490977,1.0
5,13,0.07691596943455835,-2.750596,-0.35987776999999976,1.0
5,14,0.07691596943455835,-1.05225,1.3384682300000001,0.0
5,15,0.07691596943455835,0.506872,2.89759023,0.0
5,16,0.07691596943455835,1.82701,4.2177282300000005,0.0
5,17,0.07691596943455835,1.927358,4.31807623,0.0
5,18,0.07691596943455835,2.909532,5.30025023,0.0
5,19,0.07691596943455835,3.027065,5.4177832299999995,0.0
5,20,0.07691596943455835,4.026861,6.41757923,0.0
6,1,0.09614495708209524,-23.837427,-21.44670877,1.0
6,2,0.09614495708209524,-23.835623,-21.444904769999997,1.0
6,3,0.09614495708209524,-23.799991,-21.409272769999998,1.0
6,4,0.09614495708209524,-23.7924,-21.40168177,1.0
6,5,0.09614495708209524,-23.791712,-21.40099377,1.0
6,6,0.09614495708209524,-16.071058,-13.68033977,1.0
6,7,0.09614495708209524,-14.803508,-12.41278977,1.0
6,8,0.09614495708209524,-8.307932,-5.917213769999999,1.0
6,9,0.09614495708209524,-3.796715,-1.4059967699999998,1.0
6,10,0.09614495708209524,-3.429711,-1.0389927700000001,1.0
6,11,0.09614495708209524,-3.255589,-0.86487077,1.0
6,12,0.09614495708209524,-2.916269,-0.5255507699999997,1.0
6,13,0.09614495708209524,-2.740273,-0.3495547700000001,1.0
6,14,0.09614495708209524,-0.995141,1.39557723,0.0
6,15,0.09614495708209524,0.572021,2.96273923,0.0
6,16,0.09614495708209524,1.799188,4.18990623,0.0
6,17,0.09614495708209524,1.949133,4.33985123,0.0
6,18,0.09614495708209524,2.93428,5.32499823,0.0
6,19,0.09614495708209524,3.034867,5.42558523,0.0
6,20,0.09614495708209524,4.046552,6.43727023,0.0
7,1,0.11537394472963208,-23.837803,-21.44708477,1.0
7,2,0.11537394472963208,-23.835211,-21.44449277,1.0
7,3,0.11537394472963208,-23.799714,-21.40899577,1.0
7,4,0.11537394472963208,-23.792691,-21.40197277,1.0
7,5,0.11537394472963208,-23.791706,-21.40098777,1.0
7,6,0.11537394472963208,-16.060431,-13.66971277,1.0
7,7,0.11537394472963208,-14.796127,-12.405408770000001,1.0
7,8,0.11537394472963208,-8.310498,-5.919779770000001,1.0
7,9,0.11537394472963208,-3.79237,-1.40165177,1.0
7,10,0.11537394472963208,-3.530294,-1.13957577,1.0
7,11,0.11537394472963208,-3.292891,-0.90217277,1.0
7,12,0.11537394472963208,-2.976683,-0.5859647699999999,1.0
7,13,0.11537394472963208,-2.730145,-0.33942676999999977,1.0
7,14,0.11537394472963208,-0.93231,1.45840823,0.0
7,15,0.11537394472963208,0.645296,3.03601423,0.0
7,16,0.11537394472963208,1.771033,4.16175123,0.0
7,17,0.11537394472963208,1.97527,4.36598823,0.0
7,18,0.11537394472963208,2.962766,5.353484229999999,0.0
7,19,0.11537394472963208,3.044481,5.43519923,0.0
7,20,0.11537394472963208,4.070139,6.46085723,0.0
8,1,0.13460293237716894,-23.838248,-21.44752977,1.0
8,2,0.13460293237716894,-23.834732,-21.444013769999998,1.0
8,3,0.13460293237716894,-23.799391,-21.40867277,1.0
8,4,0.13460293237716894,-23.793024,-21.402305769999998,1.0
8,5,0.13460293237716894,-23.791697,-21.40097877,1.0
8,6,0.13460293237716894,-16.0479,-13.657181769999998,1.0
8,7,0.13460293237716894,-14.787465,-12.39674677,1.0
8,8,0.13460293237716894,-8.313736,-5.92301777,1.0
8,9,0.13460293237716894,-3.788799,-1.39808077,1.0
8,10,0.13460293237716894,-3.638013,-1.2472947699999999,1.0
8,11,0.13460293237716894,-3.333823,-0.9431047700000001,1.0
8,12,0.13460293237716894,-3.04536,-0.65464177,1.0
8,13,0.13460293237716894,-2.720821,-0.3301027699999999,1.0
8,14,0.13460293237716894,-0.866547,1.52417123,0.0
8,15,0.13460293237716894,0.723186,3.11390423,0.0
8,16,0.13460293237716894,1.745878,4.13659623,0.0
8,17,0.13460293237716894,2.005493,4.3962112300000005,0.0
8,18,0.13460293237716894,2.994192,5.38491023,0.0
8,19,0.13460293237716894,3.056158,5.44687623,0.0
8,20,0.13460293237716894,4.097394,6.4881122300000005,0.0
9,1,0.15383192002470583,-23.83876,-21.44804177,1.0
9,2,0.15383192002470583,-23.83418,-21.44346177,1.0
9,3,0.15383192002470583,-23.799021,-21.40830277,1.0
9,4,0.15383192002470583,-23.793385,-21.40266677,1.0
9,5,0.15383192002470583,-23.791678,-21.40095977,1.0
9,6,0.15383192002470583,-16.033477,-13.64275877,1.0
9,7,0.15383192002470583,-14.777551,-12.386832770000002,1.0
9,8,0.15383192002470583,-8.317748,-5.92702977,1.0
9,9,0.15383192002470583,-3.797834,-1.4071157699999999,1.0
9,10,0.15383192002470583,-3.739085,-1.3483667700000002,1.0
9,11,0.15383192002470583,-3.377714,-0.98699577,1.0
9,12,0.15383192002470583,-3.120657,-0.72993877,1.0
9,13,0.15383192002470583,-2.712726,-0.3220077699999999,1.0
9,14,0.15383192002470583,-0.800475,1.59024323,0.0
9,15,0.15383192002470583,0.801586,3.19230423,0.0
9,16,0.15383192002470583,1.727728,4.11844623,0.0
9,17,0.15383192002470583,2.039486,4.43020423,0.0
9,18,0.15383192002470583,3.027202,5.41792023,0.0
9,19,0.15383192002470583,3.070816,5.46153423,0.0
9,20,0.15383192002470583,4.128072,6.5187902300000005,0.0
10,1,0.1730609076722427,-23.83935,-21.44863177,1.0
10,2,0.1730609076722427,-23.833568,-21.44284977,1.0
10,3,0.1730609076722427,-23.798618,-21.40789977,1.0
10,4,0.1730609076722427,-23.79378,-21.40306177,1.0
10,5,0.1730609076722427,-23.791656,-21.40093777,1.0
10,6,0.1730609076722427,-16.01718,-13.626461769999999,1.0
10,7,0.1730609076722427,-14.766422,-12.375703770000001,1.0
10,8,0.1730609076722427,-8.322657,-5.9319387699999995,1.0
10,9,0.1730609076722427,-3.888308,-1.4975897699999998,1.0
10,10,0.1730609076722427,-3.763239,-1.37252077,1.0
10,11,0.1730609076722427,-3.424027,-1.03330877,1.0
10,12,0.1730609076722427,-3.20091,-0.8101917699999999,1.0
10,13,0.1730609076722427,-2.706144,-0.31542577000000005,1.0
10,14,0.1730609076722427,-0.736558,1.65416023,0.0
10,15,0.1730609076722427,0.875825,3.26654323,0.0
10,16,0.1730609076722427,1.721249,4.11196723,0.0
10,17,0.1730609076722427,2.076891,4.46760923,0.0
10,18,0.1730609076722427,3.058137,5.4488552299999995,0.0
10,19,0.1730609076722427,3.091767,5.48248523,0.0
10,20,0.1730609076722427,4.161913,6.55263123,0.0
11,1,0.19228987647536863,-23.84001,-21.44929177,1.0
11,2,0.19228987647536863,-23.832901,-21.44218277,1.0
11,3,0.19228987647536863,-23.798196,-21.40747777,1.0
11,4,0.19228987647536863,-23.79418,-21.40346177,1.0
11,5,0.19228987647536863,-23.791625,-21.40090677,1.0
11,6,0.19228987647536863,-15.999028,-13.608309769999998,1.0
11,7,0.19228987647536863,-14.754118,-12.363399770000001,1.0
11,8,0.19228987647536863,-8.328594,-5.937875770000001,1.0
11,9,0.19228987647536863,-4.009714,-1.6189957699999997,1.0
11,10,0.19228987647536863,-3.760004,-1.3692857699999998,1.0
11,11,0.19228987647536863,-3.472308,-1.08158977,1.0
11,12,0.19228987647536863,-3.284383,-0.89366477,1.0
11,13,0.19228987647536863,-2.701244,-0.3105257699999999,1.0
11,14,0.19228987647536863,-0.67709,1.71362823,0.0
11,15,0.19228987647536863,0.941134,3.33185223,0.0
11,16,0.19228987647536863,1.731307,4.12202523,0.0
11,17,0.19228987647536863,2.117318,4.50803623,0.0
11,18,0.19228987647536863,3.081747,5.47246523,0.0
11,19,0.19228987647536863,3.123993,5.51471123,0.0
11,20,0.19228987647536863,4.19863,6.58934823,0.0
12,1,0.2115189018117273,-23.840739,-21.45002077,1.0
12,2,0.2115189018117273,-23.832173,-21.44145477,1.0
12,3,0.2115189018117273,-23.797787,-21.40706877,1.0
12,4,0.2115189018117273,-23.794549,-21.40383077,1.0
12,5,0.2115189018117273,-23.791577,-21.40085877,1.0
12,6,0.2115189018117273,-15.979041,-13.588322770000001,1.0
12,7,0.2115189018117273,-14.740683,-12.34996477,1.0
12,8,0.2115189018117273,-8.335711,-5.94499277,1.0
12,9,0.2115189018117273,-4.135717,-1.7449987699999996,1.0
12,10,0.2115189018117273,-3.755401,-1.36468277,1.0
12,11,0.2115189018117273,-3.522167,-1.13144877,1.0
12,12,0.2115189018117273,-3.369083,-0.9783647699999998,1.0
12,13,0.2115189018117273,-2.698113,-0.30739477000000015,1.0
12,14,0.2115189018117273,-0.624211,1.7665072300000002,0.0
12,15,0.2115189018117273,0.993888,3.38460623,0.0
12,16,0.2115189018117273,1.761674,4.15239223,0.0
12,17,0.2115189018117273,2.16035,4.55106823,0.0
12,18,0.2115189018117273,3.100502,5.49122023,0.0
12,19,0.2115189018117273,3.164813,5.55553123,0.0
12,20,0.2115189018117273,4.237879,6.6285972300000005,0.0
13,1,0.23074792714808598,-23.841544,-21.450825769999998,1.0
13,2,0.23074792714808598,-23.831407,-21.440688769999998,1.0
13,3,0.23074792714808598,-23.797469,-21.40675077,1.0
13,4,0.23074792714808598,-23.794815,-21.40409677,1.0
13,5,0.23074792714808598,-23.791522,-21.40080377,1.0
13,6,0.23074792714808598,-15.957247,-13.566528770000001,1.0
13,7,0.23074792714808598,-14.72617,-12.335451769999999,1.0
13,8,0.23074792714808598,-8.344172,-5.95345377,1.0
13,9,0.23074792714808598,-4.263554,-1.87283577,1.0
13,10,0.23074792714808598,-3.75307,-1.36235177,1.0
13,11,0.23074792714808598,-3.573279,-1.1825607699999998,1.0
13,12,0.23074792714808598,-3.452191,-1.06147277,1.0
13,13,0.23074792714808598,-2.69678,-0.3060617699999999,1.0
13,14,0.23074792714808598,-0.579881,1.8108372300000002,0.0
13,15,0.23074792714808598,1.03322,3.42393823,0.0
13,16,0.23074792714808598,1.813327,4.20404523,0.0
13,17,0.23074792714808598,2.205545,4.59626323,0.0
13,18,0.23074792714808598,3.118166,5.50888423,0.0
13,19,0.23074792714808598,3.210289,5.6010072300000004,0.0
13,20,0.23074792714808598,4.279207,6.6699252300000005,0.0
14,1,0.24997695248444465,-23.842417,-21.45169877,1.0
14,2,0.24997695248444465,-23.830595,-21.439876769999998,1.0
14,3,0.24997695248444465,-23.797369,-21.40665077,1.0
14,4,0.24997695248444465,-23.79484,-21.40412177,1.0
14,5,0.24997695248444465,-23.791451,-21.400732769999998,1.0
14,6,0.24997695248444465,-15.93367,-13.542951769999998,1.0
14,7,0.24997695248444465,-14.710635,-12.319916769999999,1.0
14,8,0.24997695248444465,-8.354152,-5.963433769999999,1.0
14,9,0.24997695248444465,-4.392021,-2.0013027699999997,1.0
14,10,0.24997695248444465,-3.757792,-1.3670737699999997,1.0
14,11,0.24997695248444465,-3.625341,-1.23462277,1.0
14,12,0.24997695248444465,-3.528432,-1.13771377,1.0
14,13,0.24997695248444465,-2.697221,-0.3065027699999998,1.0
14,14,0.24997695248444465,-0.545771,1.84494723,0.0
14,15,0.24997695248444465,1.06152,3.45223823,0.0
14,16,0.24997695248444465,1.883816,4.27453423,0.0
14,17,0.24997695248444465,2.252443,4.6431612300000005,0.0
14,18,0.24997695248444465,3.135909,5.52662723,0.0
14,19,0.24997695248444465,3.259111,5.64982923,0.0
14,20,0.24997695248444465,4.321952,6.71267023,0.0
15,1,0.26920578937669426,-23.843364,-21.45264577,1.0
15,2,0.26920578937669426,-23.829753,-21.43903477,1.0
15,3,0.26920578937669426,-23.797569,-21.40685077,1.0
15,4,0.26920578937669426,-23.794554,-21.40383577,1.0
15,5,0.26920578937669426,-23.791362,-21.40064377,1.0
15,6,0.26920578937669426,-15.908343,-13.517624770000001,1.0
15,7,0.26920578937669426,-14.694138,-12.303419770000001,1.0
15,8,0.26920578937669426,-8.365841,-5.97512277,1.0
15,9,0.26920578937669426,-4.520283,-2.12956477,1.0
15,10,0.26920578937669426,-3.779455,-1.38873677,1.0
15,11,0.26920578937669426,-3.678092,-1.2873737699999999,1.0
15,12,0.26920578937669426,-3.58732,-1.19660177,1.0
15,13,0.26920578937669426,-2.699382,-0.3086637699999999,1.0
15,14,0.26920578937669426,-0.523175,1.86754323,0.0
15,15,0.26920578937669426,1.083087,3.47380523,0.0
15,16,0.26920578937669426,1.968443,4.35916123,0.0
15,17,0.26920578937669426,2.300569,4.69128723,0.0
15,18,0.26920578937669426,3.154039,5.54475723,0.0
15,19,0.26920578937669426,3.310864,5.70158223,0.0
15,20,0.26920578937669426,4.365014,6.7557322300000004,0.0
16,1,0.288434814713053,-23.844375,-21.45365677,1.0
16,2,0.288434814713053,-23.828879,-21.43816077,1.0
16,3,0.288434814713053,-23.797984,-21.40726577,1.0
16,4,0.288434814713053,-23.794025,-21.40330677,1.0
16,5,0.288434814713053,-23.791251,-21.400532769999998,1.0
16,6,0.288434814713053,-15.881298,-13.49057977,1.0
16,7,0.288434814713053,-14.676747,-12.286028770000001,1.0
16,8,0.288434814713053,-8.379431,-5.98871277,1.0
16,9,0.288434814713053,-4.647654,-2.25693577,1.0
16,10,0.288434814713053,-3.828185,-1.43746677,1.0
16,11,0.288434814713053,-3.731283,-1.3405647699999999,1.0
16,12,0.288434814713053,-3.618143,-1.2274247699999998,1.0
16,13,0.288434814713053,-2.703181,-0.3124627699999998,1.0
16,14,0.288434814713053,-0.512856,1.87786223,0.0
16,15,0.288434814713053,1.102198,3.49291623,0.0
16,16,0.288434814713053,2.062019,4.45273723,0.0
16,17,0.288434814713053,2.349447,4.740165230000001,0.0
16,18,0.288434814713053,3.172664,5.56338223,0.0
16,19,0.288434814713053,3.36538,5.75609823,0.0
16,20,0.288434814713053,4.406317,6.79703523,0.0
17,1,0.30766384004941166,-23.845452,-21.45473377,1.0
17,2,0.30766384004941166,-23.827986,-21.43726777,1.0
17,3,0.30766384004941166,-23.798516,-21.40779777,1.0
17,4,0.30766384004941166,-23.793356,-21.40263777,1.0
17,5,0.30766384004941166,-23.791115,-21.40039677,1.0
17,6,0.30766384004941166,-15.852574,-13.46185577,1.0
17,7,0.30766384004941166,-14.658535,-12.26781677,1.0
17,8,0.30766384004941166,-8.395124,-6.004405769999999,1.0
17,9,0.30766384004941166,-4.773564,-2.3828457700000003,1.0
17,10,0.30766384004941166,-3.898397,-1.50767877,1.0
17,11,0.30766384004941166,-3.784697,-1.39397877,1.0
17,12,0.30766384004941166,-3.625972,-1.23525377,1.0
17,13,0.30766384004941166,-2.70852,-0.31780177,1.0
17,14,0.30766384004941166,-0.514983,1.87573523,0.0
17,15,0.30766384004941166,1.121965,3.5126832300000004,0.0
17,16,0.30766384004941166,2.159892,4.55061023,0.0
17,17,0.30766384004941166,2.3986,4.78931823,0.0
17,18,0.30766384004941166,3.191881,5.58259923,0.0
17,19,0.30766384004941166,3.422568,5.81328623,0.0
17,20,0.30766384004941166,4.441715,6.83243323,0.0
18,1,0.32689286538577034,-23.846583,-21.455864769999998,1.0
18,2,0.32689286538577034,-23.827084,-21.43636577,1.0
18,3,0.32689286538577034,-23.799109,-21.40839077,1.0
18,4,0.32689286538577034,-23.792603,-21.40188477,1.0
18,5,0.32689286538577034,-23.790956,-21.40023777,1.0
18,6,0.32689286538577034,-15.822214,-13.431495770000001,1.0
18,7,0.32689286538577034,-14.639578,-12.24885977,1.0
18,8,0.32689286538577034,-8.413113,-6.022394769999999,1.0
18,9,0.32689286538577034,-4.897521,-2.50680277,1.0
18,10,0.32689286538577034,-3.978143,-1.5874247700000002,1.0
18,11,0.32689286538577034,-3.838128,-1.4474097700000002,1.0
18,12,0.32689286538577034,-3.622284,-1.23156577,1.0
18,13,0.32689286538577034,-2.715288,-0.3245697700000001,1.0
18,14,0.32689286538577034,-0.529118,1.86160023,0.0
18,15,0.32689286538577034,1.144091,3.53480923,0.0
18,16,0.32689286538577034,2.258164,4.64888223,0.0
18,17,0.32689286538577034,2.447562,4.8382802300000005,0.0
18,18,0.32689286538577034,3.211873,5.60259123,0.0
18,19,0.32689286538577034,3.482346,5.873064230000001,0.0
18,20,0.32689286538577034,4.459097,6.84981523,0.0
19,1,0.346121890722129,-23.84778,-21.45706177,1.0
19,2,0.346121890722129,-23.82617,-21.43545177,1.0
19,3,0.346121890722129,-23.799743,-21.40902477,1.0
19,4,0.346121890722129,-23.791794,-21.40107577,1.0
19,5,0.346121890722129,-23.790762,-21.40004377,1.0
19,6,0.346121890722129,-15.790262,-13.399543770000001,1.0
19,7,0.346121890722129,-14.619964,-12.229245769999999,1.0
19,8,0.346121890722129,-8.433595,-6.04287677,1.0
19,9,0.346121890722129,-5.019096,-2.62837777,1.0
19,10,0.346121890722129,-4.060821,-1.6701027699999997,1.0
19,11,0.346121890722129,-3.891392,-1.5006737700000001,1.0
19,12,0.346121890722129,-3.61327,-1.22255177,1.0
19,13,0.346121890722129,-2.723359,-0.3326407699999998,1.0
19,14,0.346121890722129,-0.554321,1.8363972300000002,0.0
19,15,0.346121890722129,1.169091,3.55980923,0.0
19,16,0.346121890722129,2.353558,4.7442762300000005,0.0
19,17,0.346121890722129,2.495877,4.88659523,0.0
19,18,0.346121890722129,3.232972,5.62369023,0.0
19,19,0.346121890722129,3.544616,5.9353342300000005,0.0
19,20,0.346121890722129,4.448051,6.8387692300000005,0.0
20,1,0.3653509160584878,-23.849019,-21.458300769999997,1.0
20,2,0.3653509160584878,-23.825253,-21.43453477,1.0
20,3,0.3653509160584878,-23.800391,-21.40967277,1.0
20,4,0.3653509160584878,-23.790927,-21.40020877,1.0
20,5,0.3653509160584878,-23.790532,-21.399813769999998,1.0
20,6,0.3653509160584878,-15.756767,-13.366048769999999,1.0
20,7,0.3653509160584878,-14.599779,-12.20906077,1.0
20,8,0.3653509160584878,-8.456742,-6.06602377,1.0
20,9,0.3653509160584878,-5.137918,-2.74719977,1.0
20,10,0.3653509160584878,-4.143438,-1.7527197699999997,1.0
20,11,0.3653509160584878,-3.944309,-1.55359077,1.0
20,12,0.3653509160584878,-3.601523,-1.2108047699999998,1.0
20,13,0.3653509160584878,-2.732607,-0.34188876999999973,1.0
20,14,0.3653509160584878,-0.589307,1.80141123,0.0
20,15,0.3653509160584878,1.196654,3.58737223,0.0
20,16,0.3653509160584878,2.443235,4.8339532300000005,0.0
20,17,0.3653509160584878,2.543121,4.93383923,0.0
20,18,0.3653509160584878,3.255707,5.64642523,0.0
20,19,0.3653509160584878,3.609227,5.99994523,0.0
20,20,0.3653509160584878,4.415931,6.80664923,0.0
21,1,0.3845797529507373,-23.850309,-21.45959077,1.0
21,2,0.3845797529507373,-23.824356,-21.43363777,1.0
21,3,0.3845797529507373,-23.801056,-21.410337769999998,1.0
21,4,0.3845797529507373,-23.790272,-21.39955377,1.0
21,5,0.3845797529507373,-23.790037,-21.39931877,1.0
21,6,0.3845797529507373,-15.721789,-13.33107077,1.0
21,7,0.3845797529507373,-14.579125,-12.18840677,1.0
21,8,0.3845797529507373,-8.482714,-6.09199577,1.0
21,9,0.3845797529507373,-5.253687,-2.86296877,1.0
21,10,0.3845797529507373,-4.224489,-1.83377077,1.0
21,11,0.3845797529507373,-3.996725,-1.60600677,1.0
21,12,0.3845797529507373,-3.588244,-1.19752577,1.0
21,13,0.3845797529507373,-2.742907,-0.35218877000000015,1.0
21,14,0.3845797529507373,-0.632632,1.75808623,0.0
21,15,0.3845797529507373,1.225985,3.61670323,0.0
21,16,0.3845797529507373,2.524663,4.9153812299999995,0.0
21,17,0.3845797529507373,2.588898,4.9796162299999995,0.0
21,18,0.3845797529507373,3.28081,5.67152823,0.0
21,19,0.3845797529507373,3.675946,6.066664230000001,0.0
21,20,0.3845797529507373,4.375421,6.76613923,0.0
22,1,0.403808778287096,-23.851645,-21.46092677,1.0
22,2,0.403808778287096,-23.823481,-21.43276277,1.0
22,3,0.403808778287096,-23.801732,-21.41101377,1.0
22,4,0.403808778287096,-23.789976,-21.39925777,1.0
22,5,0.403808778287096,-23.789121,-21.39840277,1.0
22,6,0.403808778287096,-15.685386,-13.29466777,1.0
22,7,0.403808778287096,-14.558101,-12.16738277,1.0
22,8,0.403808778287096,-8.511636,-6.120917769999999,1.0
22,9,0.403808778287096,-5.366148,-2.97542977,1.0
22,10,0.403808778287096,-4.303041,-1.9123227700000003,1.0
22,11,0.403808778287096,-4.04849,-1.65777177,1.0
22,12,0.403808778287096,-3.574057,-1.1833387699999998,1.0
22,13,0.403808778287096,-2.754123,-0.3634047699999998,1.0
22,14,0.403808778287096,-0.682825,1.70789323,0.0
22,15,0.403808778287096,1.256083,3.6468012300000003,0.0
22,16,0.403808778287096,2.59566,4.98637823,0.0
22,17,0.403808778287096,2.632852,5.023570230000001,0.0
22,18,0.403808778287096,3.309138,5.69985623,0.0
22,19,0.403808778287096,3.744401,6.13511923,0.0
22,20,0.403808778287096,4.334144,6.72486223,0.0
23,1,0.42303780362345467,-23.853012,-21.46229377,1.0
23,2,0.42303780362345467,-23.822626,-21.43190777,1.0
23,3,0.42303780362345467,-23.802406,-21.41168777,1.0
23,4,0.42303780362345467,-23.789631,-21.39891277,1.0
23,5,0.42303780362345467,-23.788181,-21.39746277,1.0
23,6,0.42303780362345467,-15.647623,-13.256904769999998,1.0
23,7,0.42303780362345467,-14.536817,-12.146098769999998,1.0
23,8,0.42303780362345467,-8.543596,-6.152877770000001,1.0
23,9,0.42303780362345467,-5.4751,-3.0843817700000002,1.0
23,10,0.42303780362345467,-4.378435,-1.9877167699999996,1.0
23,11,0.42303780362345467,-4.099459,-1.7087407700000004,1.0
23,12,0.42303780362345467,-3.559342,-1.16862377,1.0
23,13,0.42303780362345467,-2.766123,-0.37540476999999983,1.0
23,14,0.42303780362345467,-0.738487,1.65223123,0.0
23,15,0.42303780362345467,1.285927,3.67664523,0.0
23,16,0.42303780362345467,2.65454,5.04525823,0.0
23,17,0.42303780362345467,2.674678,5.06539623,0.0
23,18,0.42303780362345467,3.341478,5.73219623,0.0
23,19,0.42303780362345467,3.813985,6.20470323,0.0
23,20,0.42303780362345467,4.294835,6.68555323,0.0
24,1,0.4422668289598134,-23.854405,-21.46368677,1.0
24,2,0.4422668289598134,-23.821806,-21.431087769999998,1.0
24,3,0.4422668289598134,-23.803076,-21.41235777,1.0
24,4,0.4422668289598134,-23.789246,-21.398527769999998,1.0
24,5,0.4422668289598134,-23.787223,-21.39650477,1.0
24,6,0.4422668289598134,-15.608575,-13.217856770000001,1.0
24,7,0.4422668289598134,-14.515386,-12.124667769999999,1.0
24,8,0.4422668289598134,-8.578634,-6.187915769999999,1.0
24,9,0.4422668289598134,-5.580399,-3.18968077,1.0
24,10,0.4422668289598134,-4.450168,-2.0594497699999996,1.0
24,11,0.4422668289598134,-4.149499,-1.7587807699999995,1.0
24,12,0.4422668289598134,-3.544376,-1.1536577700000001,1.0
24,13,0.4422668289598134,-2.778786,-0.38806777000000015,1.0
24,14,0.4422668289598134,-0.798359,1.59235923,0.0
24,15,0.4422668289598134,1.314587,3.70530523,0.0
24,16,0.4422668289598134,2.700355,5.09107323,0.0
24,17,0.4422668289598134,2.714117,5.10483523,0.0
24,18,0.4422668289598134,3.378244,5.76896223,0.0
24,19,0.4422668289598134,3.883607,6.2743252300000005,0.0
24,20,0.4422668289598134,4.259115,6.6498332300000005,0.0
25,1,0.46149585429617207,-23.855822,-21.46510377,1.0
25,2,0.46149585429617207,-23.821011,-21.430292769999998,1.0
25,3,0.46149585429617207,-23.803739,-21.41302077,1.0
25,4,0.46149585429617207,-23.788806,-21.39808777,1.0
25,5,0.46149585429617207,-23.786251,-21.39553277,1.0
25,6,0.46149585429617207,-15.568316,-13.177597769999998,1.0
25,7,0.46149585429617207,-14.493931,-12.103212769999999,1.0
25,8,0.46149585429617207,-8.61674,-6.22602177,1.0
25,9,0.46149585429617207,-5.681952,-3.29123377,1.0
25,10,0.46149585429617207,-4.517833,-2.1271147700000004,1.0
25,11,0.46149585429617207,-4.198486,-1.8077677699999999,1.0
25,12,0.46149585429617207,-3.52937,-1.13865177,1.0
25,13,0.46149585429617207,-2.791974,-0.4012557700000001,1.0
25,14,0.46149585429617207,-0.861326,1.52939223,0.0
25,15,0.46149585429617207,1.341288,3.73200623,0.0
25,16,0.46149585429617207,2.733091,5.12380923,0.0
25,17,0.46149585429617207,2.750965,5.14168323,0.0
25,18,0.46149585429617207,3.419192,5.80991023,0.0
25,19,0.46149585429617207,3.950973,6.34169123,0.0
25,20,0.46149585429617207,4.22949,6.62020823,0.0
26,1,0.48072469118842165,-23.857259,-21.466540769999998,1.0
26,2,0.48072469118842165,-23.820264,-21.42954577,1.0
26,3,0.48072469118842165,-23.804398,-21.413679769999998,1.0
26,4,0.48072469118842165,-23.788324,-21.39760577,1.0
26,5,0.48072469118842165,-23.785274,-21.39455577,1.0
26,6,0.48072469118842165,-15.526936,-13.136217769999998,1.0
26,7,0.48072469118842165,-14.472577,-12.08185877,1.0
26,8,0.48072469118842165,-8.657839,-6.267120769999999,1.0
26,9,0.48072469118842165,-5.779707,-3.38898877,1.0
26,10,0.48072469118842165,-4.58111,-2.1903917699999997,1.0
26,11,0.48072469118842165,-4.246316,-1.8555977700000001,1.0
26,12,0.48072469118842165,-3.514514,-1.12379577,1.0
26,13,0.48072469118842165,-2.805576,-0.4148577699999998,1.0
26,14,0.48072469118842165,-0.926428,1.46429023,0.0
26,15,0.48072469118842165,1.365436,3.75615423,0.0
26,16,0.48072469118842165,2.753654,5.14437223,0.0
26,17,0.48072469118842165,2.785079,5.175797230000001,0.0
26,18,0.48072469118842165,3.46327,5.853988230000001,0.0
26,19,0.48072469118842165,4.010357,6.40107523,0.0
26,20,0.48072469118842165,4.211855,6.60257323,0.0
27,1,0.4999537165247803,-23.858706,-21.46798777,1.0
27,2,0.4999537165247803,-23.819566,-21.428847769999997,1.0
27,3,0.4999537165247803,-23.80505,-21.41433177,1.0
27,4,0.4999537165247803,-23.787801,-21.39708277,1.0
27,5,0.4999537165247803,-23.784295,-21.39357677,1.0
27,6,0.4999537165247803,-15.484528,-13.09380977,1.0
27,7,0.4999537165247803,-14.451459,-12.060740769999999,1.0
27,8,0.4999537165247803,-8.701798,-6.31107977,1.0
27,9,0.4999537165247803,-5.873655,-3.4829367700000002,1.0
27,10,0.4999537165247803,-4.639728,-2.24900977,1.0
27,11,0.4999537165247803,-4.292881,-1.9021627700000003,1.0
27,12,0.4999537165247803,-3.499971,-1.1092527699999999,1.0
27,13,0.4999537165247803,-2.819477,-0.42875876999999996,1.0
27,14,0.4999537165247803,-0.992828,1.39789023,0.0
27,15,0.4999537165247803,1.386615,3.77733323,0.0
27,16,0.4999537165247803,2.7636,5.1543182299999994,0.0
27,17,0.4999537165247803,2.816366,5.2070842299999995,0.0
27,18,0.4999537165247803,3.508603,5.89932123,0.0
27,19,0.4999537165247803,4.048934,6.43965223,0.0
27,20,0.4999537165247803,4.219651,6.61036923,0.0
28,1,0.519182741861139,-23.86015,-21.46943177,1.0
28,2,0.519182741861139,-23.818914,-21.42819577,1.0
28,3,0.519182741861139,-23.805681,-21.41496277,1.0
28,4,0.519182741861139,-23.787231,-21.396512769999998,1.0
28,5,0.519182741861139,-23.783316,-21.39259777,1.0
28,6,0.519182741861139,-15.44119,-13.050471770000001,1.0
28,7,0.519182741861139,-14.430712,-12.039993769999999,1.0
28,8,0.519182741861139,-8.748412,-6.35769377,1.0
28,9,0.519182741861139,-5.963816,-3.5730977699999995,1.0
28,10,0.519182741861139,-4.69349,-2.3027717699999997,1.0
28,11,0.519182741861139,-4.338083,-1.94736477,1.0
28,12,0.519182741861139,-3.485888,-1.09516977,1.0
28,13,0.519182741861139,-2.833555,-0.44283677,1.0
28,14,0.519182741861139,-1.059803,1.33091523,0.0
28,15,0.519182741861139,1.404586,3.79530423,0.0
28,16,0.519182741861139,2.764794,5.15551223,0.0
28,17,0.519182741861139,2.844794,5.235512229999999,0.0
28,18,0.519182741861139,3.552456,5.94317423,0.0
28,19,0.519182741861139,4.059108,6.44982623,0.0
28,20,0.519182741861139,4.26195,6.65266823,0.0
29,1,0.5384117671974977,-23.861596,-21.470877769999998,1.0
29,2,0.5384117671974977,-23.818318,-21.42759977,1.0
29,3,0.5384117671974977,-23.806304,-21.41558577,1.0
29,4,0.5384117671974977,-23.786625,-21.39590677,1.0
29,5,0.5384117671974977,-23.782349,-21.39163077,1.0
29,6,0.5384117671974977,-15.397036,-13.006317769999999,1.0
29,7,0.5384117671974977,-14.410479,-12.019760770000001,1.0
29,8,0.5384117671974977,-8.797422,-6.406703769999999,1.0
29,9,0.5384117671974977,-6.050241,-3.6595227699999997,1.0
29,10,0.5384117671974977,-4.742273,-2.35155477,1.0
29,11,0.5384117671974977,-4.381832,-1.9911137700000001,1.0
29,12,0.5384117671974977,-3.472418,-1.0816997699999997,1.0
29,13,0.5384117671974977,-2.847713,-0.4569947700000001,1.0
29,14,0.5384117671974977,-1.126736,1.26398223,0.0
29,15,0.5384117671974977,1.419254,3.80997223,0.0
29,16,0.5384117671974977,2.759118,5.14983623,0.0
29,17,0.5384117671974977,2.87038,5.26109823,0.0
29,18,0.5384117671974977,3.591045,5.98176323,0.0
29,19,0.5384117671974977,4.056509,6.44722723,0.0
29,20,0.5384117671974977,4.325897,6.71661523,0.0
30,1,0.5576407925338565,-23.863026,-21.47230777,1.0
30,2,0.5576407925338565,-23.817773,-21.427054769999998,1.0
30,3,0.5576407925338565,-23.806905,-21.41618677,1.0
30,4,0.5576407925338565,-23.785981,-21.39526277,1.0
30,5,0.5576407925338565,-23.781392,-21.39067377,1.0
30,6,0.5576407925338565,-15.352185,-12.961466770000001,1.0
30,7,0.5576407925338565,-14.390905,-12.00018677,1.0
30,8,0.5576407925338565,-8.848501,-6.457782770000001,1.0
30,9,0.5576407925338565,-6.132976,-3.74225777,1.0
30,10,0.5576407925338565,-4.786009,-2.39529077,1.0
30,11,0.5576407925338565,-4.424043,-2.03332477,1.0
30,12,0.5576407925338565,-3.459694,-1.0689757699999998,1.0
30,13,0.5576407925338565,-2.861848,-0.4711297700000001,1.0
30,14,0.5576407925338565,-1.193074,1.19764423,0.0
30,15,0.5576407925338565,1.430656,3.82137423,0.0
30,16,0.5576407925338565,2.748321,5.13903923,0.0
30,17,0.5576407925338565,2.893183,5.28390123,0.0
30,18,0.5576407925338565,3.619566,6.01028423,0.0
30,19,0.5576407925338565,4.057711,6.44842923,0.0
30,20,0.5576407925338565,4.399062,6.78978023,0.0
31,1,0.576869629426106,-23.864441,-21.47372277,1.0
31,2,0.576869629426106,-23.817279,-21.42656077,1.0
31,3,0.576869629426106,-23.807492,-21.41677377,1.0
31,4,0.576869629426106,-23.785307,-21.39458877,1.0
31,5,0.576869629426106,-23.780451,-21.38973277,1.0
31,6,0.576869629426106,-15.306766,-12.916047769999999,1.0
31,7,0.576869629426106,-14.372137,-11.981418770000001,1.0
31,8,0.576869629426106,-8.901274,-6.510555770000001,1.0
31,9,0.576869629426106,-6.212085,-3.82136677,1.0
31,10,0.576869629426106,-4.82471,-2.4339917699999996,1.0
31,11,0.576869629426106,-4.464638,-2.07391977,1.0
31,12,0.576869629426106,-3.447848,-1.05712977,1.0
31,13,0.576869629426106,-2.87586,-0.4851417699999998,1.0
31,14,0.576869629426106,-1.258339,1.13237923,0.0
31,15,0.576869629426106,1.43893,3.82964823,0.0
31,16,0.576869629426106,2.733942,5.12466023,0.0
31,17,0.576869629426106,2.913309,5.30402723,0.0
31,18,0.576869629426106,3.633317,6.02403523,0.0
31,19,0.576869629426106,4.071954,6.46267223,0.0
31,20,0.576869629426106,4.476576,6.86729423,0.0
32,1,0.5960986547624646,-23.865829,-21.47511077,1.0
32,2,0.5960986547624646,-23.816836,-21.426117769999998,1.0
32,3,0.5960986547624646,-23.808056,-21.41733777,1.0
32,4,0.5960986547624646,-23.784608,-21.393889769999998,1.0
32,5,0.5960986547624646,-23.779528,-21.388809769999998,1.0
32,6,0.5960986547624646,-15.260921,-12.870202769999999,1.0
32,7,0.5960986547624646,-14.354324,-11.963605770000001,1.0
32,8,0.5960986547624646,-8.955321,-6.56460277,1.0
32,9,0.5960986547624646,-6.287618,-3.89689977,1.0
32,10,0.5960986547624646,-4.858447,-2.46772877,1.0
32,11,0.5960986547624646,-4.503543,-2.1128247699999996,1.0
32,12,0.5960986547624646,-3.436998,-1.04627977,1.0
32,13,0.5960986547624646,-2.889664,-0.49894576999999973,1.0
32,14,0.5960986547624646,-1.322097,1.06862123,0.0
32,15,0.5960986547624646,1.44429,3.83500823,0.0
32,16,0.5960986547624646,2.717316,5.1080342299999995,0.0
32,17,0.5960986547624646,2.93089,5.321608230000001,0.0
32,18,0.5960986547624646,3.630171,6.02088923,0.0
32,19,0.5960986547624646,4.103056,6.49377423,0.0
32,20,0.5960986547624646,4.556688,6.94740623,0.0
33,1,0.6153276800988233,-23.867182,-21.47646377,1.0
33,2,0.6153276800988233,-23.816444,-21.42572577,1.0
33,3,0.6153276800988233,-23.808599,-21.41788077,1.0
33,4,0.6153276800988233,-23.783893,-21.393174769999998,1.0
33,5,0.6153276800988233,-23.778632,-21.38791377,1.0
33,6,0.6153276800988233,-15.214803,-12.824084769999999,1.0
33,7,0.6153276800988233,-14.337613,-11.94689477,1.0
33,8,0.6153276800988233,-9.010185,-6.61946677,1.0
33,9,0.6153276800988233,-6.359613,-3.9688947700000003,1.0
33,10,0.6153276800988233,-4.887366,-2.49664777,1.0
33,11,0.6153276800988233,-4.540689,-2.1499707700000004,1.0
33,12,0.6153276800988233,-3.427256,-1.0365377699999998,1.0
33,13,0.6153276800988233,-2.903174,-0.5124557699999999,1.0
33,14,0.6153276800988233,-1.383963,1.00675523,0.0
33,15,0.6153276800988233,1.447003,3.83772123,0.0
33,16,0.6153276800988233,2.699584,5.090302230000001,0.0
33,17,0.6153276800988233,2.946089,5.33680723,0.0
33,18,0.6153276800988233,3.611776,6.00249423,0.0
33,19,0.6153276800988233,4.150182,6.54090023,0.0
33,20,0.6153276800988233,4.638706,7.02942423,0.0
34,1,0.634556705435182,-23.868503,-21.47778477,1.0
34,2,0.634556705435182,-23.816093,-21.425374769999998,1.0
34,3,0.634556705435182,-23.809121,-21.41840277,1.0
34,4,0.634556705435182,-23.783163,-21.392444769999997,1.0
34,5,0.634556705435182,-23.777765,-21.387046769999998,1.0
34,6,0.634556705435182,-15.16858,-12.777861770000001,1.0
34,7,0.634556705435182,-14.322149,-11.931430769999999,1.0
34,8,0.634556705435182,-9.065386,-6.67466777,1.0
34,9,0.634556705435182,-6.428087,-4.03736877,1.0
34,10,0.634556705435182,-4.911667,-2.5209487699999995,1.0
34,11,0.634556705435182,-4.576023,-2.18530477,1.0
34,12,0.634556705435182,-3.418709,-1.0279907700000002,1.0
34,13,0.634556705435182,-2.916311,-0.5255927699999998,1.0
34,14,0.634556705435182,-1.443588,0.94713023,0.0
34,15,0.634556705435182,1.447371,3.83808923,0.0
34,16,0.634556705435182,2.681718,5.07243623,0.0
34,17,0.634556705435182,2.959081,5.34979923,0.0
34,18,0.634556705435182,3.581818,5.97253623,0.0
34,19,0.634556705435182,4.21017,6.60088823,0.0
34,20,0.634556705435182,4.722342,7.11306023,0.0
35,1,0.6537857307715406,-23.869776,-21.47905777,1.0
35,2,0.6537857307715406,-23.81579,-21.42507177,1.0
35,3,0.6537857307715406,-23.809617,-21.41889877,1.0
35,4,0.6537857307715406,-23.782437,-21.39171877,1.0
35,5,0.6537857307715406,-23.776935,-21.38621677,1.0
35,6,0.6537857307715406,-15.122433,-12.73171477,1.0
35,7,0.6537857307715406,-14.308073,-11.91735477,1.0
35,8,0.6537857307715406,-9.120426,-6.72970777,1.0
35,9,0.6537857307715406,-6.493038,-4.10231977,1.0
35,10,0.6537857307715406,-4.931608,-2.5408897699999997,1.0
35,11,0.6537857307715406,-4.609482,-2.21876377,1.0
35,12,0.6537857307715406,-3.411437,-1.0207187699999998,1.0
35,13,0.6537857307715406,-2.929003,-0.5382847699999997,1.0
35,14,0.6537857307715406,-1.500659,0.8900592300000001,0.0
35,15,0.6537857307715406,1.445715,3.83643323,0.0
35,16,0.6537857307715406,2.664543,5.05526123,0.0
35,17,0.6537857307715406,2.970056,5.3607742300000005,0.0
35,18,0.6537857307715406,3.543871,5.93458923,0.0
35,19,0.6537857307715406,4.279871,6.67058923,0.0
35,20,0.6537857307715406,4.807458,7.19817623,0.0
36,1,0.6730147561078992,-23.870999,-21.48028077,1.0
36,2,0.6730147561078992,-23.815526,-21.424807769999997,1.0
36,3,0.6730147561078992,-23.810088,-21.41936977,1.0
36,4,0.6730147561078992,-23.781713,-21.39099477,1.0
36,5,0.6730147561078992,-23.776134,-21.385415769999998,1.0
36,6,0.6730147561078992,-15.076559,-12.685840769999999,1.0
36,7,0.6730147561078992,-14.295511,-11.90479277,1.0
36,8,0.6730147561078992,-9.174799,-6.78408077,1.0
36,9,0.6730147561078992,-6.554438,-4.16371977,1.0
36,10,0.6730147561078992,-4.947497,-2.55677877,1.0
36,11,0.6730147561078992,-4.641011,-2.2502927699999997,1.0
36,12,0.6730147561078992,-3.405477,-1.0147587699999998,1.0
36,13,0.6730147561078992,-2.941176,-0.55045777,1.0
36,14,0.6730147561078992,-1.55489,0.83582823,0.0
36,15,0.6730147561078992,1.442359,3.83307723,0.0
36,16,0.6730147561078992,2.648745,5.03946323,0.0
36,17,0.6730147561078992,2.979216,5.36993423,0.0
36,18,0.6730147561078992,3.50062,5.891338230000001,0.0
36,19,0.6730147561078992,4.356982,6.74770023,0.0
36,20,0.6730147561078992,4.893999,7.28471723,0.0
37,1,0.6922435930001488,-23.87216,-21.48144177,1.0
37,2,0.6922435930001488,-23.815295,-21.424576769999998,1.0
37,3,0.6922435930001488,-23.810528,-21.41980977,1.0
37,4,0.6922435930001488,-23.780999,-21.39028077,1.0
37,5,0.6922435930001488,-23.775372,-21.38465377,1.0
37,6,0.6922435930001488,-15.031175,-12.64045677,1.0
37,7,0.6922435930001488,-14.284579,-11.89386077,1.0
37,8,0.6922435930001488,-9.228001,-6.837282770000001,1.0
37,9,0.6922435930001488,-6.612232,-4.22151377,1.0
37,10,0.6922435930001488,-4.95968,-2.5689617699999996,1.0
37,11,0.6922435930001488,-4.670563,-2.2798447699999995,1.0
37,12,0.6922435930001488,-3.400852,-1.01013377,1.0
37,13,0.6922435930001488,-2.952774,-0.5620557699999997,1.0
37,14,0.6922435930001488,-1.60603,0.78468823,0.0
37,15,0.6922435930001488,1.437629,3.8283472300000003,0.0
37,16,0.6922435930001488,2.634889,5.02560723,0.0
37,17,0.6922435930001488,2.986758,5.37747623,0.0
37,18,0.6922435930001488,3.453936,5.84465423,0.0
37,19,0.6922435930001488,4.439989,6.83070723,0.0
37,20,0.6922435930001488,4.981916,7.37263423,0.0
38,1,0.7114726183365075,-23.873259,-21.48254077,1.0
38,2,0.7114726183365075,-23.815095,-21.42437677,1.0
38,3,0.7114726183365075,-23.810939,-21.42022077,1.0
38,4,0.7114726183365075,-23.780304,-21.38958577,1.0
38,5,0.7114726183365075,-23.774654,-21.38393577,1.0
38,6,0.7114726183365075,-14.986518,-12.59579977,1.0
38,7,0.7114726183365075,-14.275375,-11.88465677,1.0
38,8,0.7114726183365075,-9.279537,-6.888818769999999,1.0
38,9,0.7114726183365075,-6.666352,-4.27563377,1.0
38,10,0.7114726183365075,-4.968542,-2.57782377,1.0
38,11,0.7114726183365075,-4.698094,-2.30737577,1.0
38,12,0.7114726183365075,-3.397547,-1.0068287699999998,1.0
38,13,0.7114726183365075,-2.963736,-0.5730177699999999,1.0
38,14,0.7114726183365075,-1.65386,0.73685823,0.0
38,15,0.7114726183365075,1.431838,3.82255623,0.0
38,16,0.7114726183365075,2.623424,5.01414223,0.0
38,17,0.7114726183365075,2.992879,5.3835972299999995,0.0
38,18,0.7114726183365075,3.405151,5.79586923,0.0
38,19,0.7114726183365075,4.527906,6.91862423,0.0
38,20,0.7114726183365075,5.071159,7.46187723,0.0
39,1,0.7307016436728662,-23.874298,-21.48357977,1.0
39,2,0.7307016436728662,-23.814936,-21.42421777,1.0
39,3,0.7307016436728662,-23.81133,-21.42061177,1.0
39,4,0.7307016436728662,-23.779644,-21.38892577,1.0
39,5,0.7307016436728662,-23.773984,-21.383265769999998,1.0
39,6,0.7307016436728662,-14.942852,-12.552133770000001,1.0
39,7,0.7307016436728662,-14.26797,-11.87725177,1.0
39,8,0.7307016436728662,-9.32893,-6.93821177,1.0
39,9,0.7307016436728662,-6.716713,-4.32599477,1.0
39,10,0.7307016436728662,-4.974495,-2.58377677,1.0
39,11,0.7307016436728662,-4.723568,-2.33284977,1.0
39,12,0.7307016436728662,-3.39552,-1.0048017699999998,1.0
39,13,0.7307016436728662,-2.974016,-0.5832977700000002,1.0
39,14,0.7307016436728662,-1.698196,0.69252223,0.0
39,15,0.7307016436728662,1.425286,3.81600423,0.0
39,16,0.7307016436728662,2.614691,5.00540923,0.0
39,17,0.7307016436728662,2.997765,5.38848323,0.0
39,18,0.7307016436728662,3.355259,5.74597723,0.0
39,19,0.7307016436728662,4.620073,7.01079123,0.0
39,20,0.7307016436728662,5.161658,7.55237623,0.0
40,1,0.7499306690092248,-23.875264,-21.48454577,1.0
40,2,0.7499306690092248,-23.814795,-21.42407677,1.0
40,3,0.7499306690092248,-23.81169,-21.420971769999998,1.0
40,4,0.7499306690092248,-23.779014,-21.38829577,1.0
40,5,0.7499306690092248,-23.773361,-21.38264277,1.0
40,6,0.7499306690092248,-14.900464,-12.509745769999999,1.0
40,7,0.7499306690092248,-14.262401,-11.87168277,1.0
40,8,0.7499306690092248,-9.375717,-6.98499877,1.0
40,9,0.7499306690092248,-6.763212,-4.37249377,1.0
40,10,0.7499306690092248,-4.97796,-2.5872417700000003,1.0
40,11,0.7499306690092248,-4.746942,-2.3562237699999997,1.0
40,12,0.7499306690092248,-3.394666,-1.00394777,1.0
40,13,0.7499306690092248,-2.983555,-0.5928367699999999,1.0
40,14,0.7499306690092248,-1.738882,0.65183623,0.0
40,15,0.7499306690092248,1.41826,3.80897823,0.0
40,16,0.7499306690092248,2.608928,4.99964623,0.0
40,17,0.7499306690092248,3.001597,5.3923152299999995,0.0
40,18,0.7499306690092248,3.305062,5.69578023,0.0
40,19,0.7499306690092248,4.716031,7.10674923,0.0
40,20,0.7499306690092248,5.253312,7.64403023,0.0
41,1,0.7691596943455834,-23.87615,-21.485431769999998,1.0
41,2,0.7691596943455834,-23.814681,-21.42396277,1.0
41,3,0.7691596943455834,-23.812017,-21.42129877,1.0
41,4,0.7691596943455834,-23.77843,-21.38771177,1.0
41,5,0.7691596943455834,-23.772789,-21.38207077,1.0
41,6,0.7691596943455834,-14.859679,-12.468960769999999,1.0
41,7,0.7691596943455834,-14.258665,-11.86794677,1.0
41,8,0.7691596943455834,-9.419464,-7.02874577,1.0
41,9,0.7691596943455834,-6.805739,-4.41502077,1.0
41,10,0.7691596943455834,-4.979367,-2.58864877,1.0
41,11,0.7691596943455834,-4.768192,-2.37747377,1.0
41,12,0.7691596943455834,-3.394859,-1.0041407699999998,1.0
41,13,0.7691596943455834,-2.992315,-0.60159677,1.0
41,14,0.7691596943455834,-1.775797,0.61492123,0.0
41,15,0.7691596943455834,1.411028,3.80174623,0.0
41,16,0.7691596943455834,2.606264,4.99698223,0.0
41,17,0.7691596943455834,3.00454,5.39525823,0.0
41,18,0.7691596943455834,3.255245,5.6459632299999996,0.0
41,19,0.7691596943455834,4.815438,7.20615623,0.0
41,20,0.7691596943455834,5.345978,7.73669623,0.0
42,1,0.788388531237833,-23.876954,-21.48623577,1.0
42,2,0.788388531237833,-23.814584,-21.42386577,1.0
42,3,0.788388531237833,-23.812311,-21.42159277,1.0
42,4,0.788388531237833,-23.777888,-21.38716977,1.0
42,5,0.788388531237833,-23.77227,-21.381551769999998,1.0
42,6,0.788388531237833,-14.820862,-12.43014377,1.0
42,7,0.788388531237833,-14.256703,-11.86598477,1.0
42,8,0.788388531237833,-9.459765,-7.069046770000001,1.0
42,9,0.788388531237833,-6.844177,-4.45345877,1.0
42,10,0.788388531237833,-4.979153,-2.58843477,1.0
42,11,0.788388531237833,-4.787282,-2.39656377,1.0
42,12,0.788388531237833,-3.395924,-1.0052057699999999,1.0
42,13,0.788388531237833,-3.000256,-0.6095377699999998,1.0
42,14,0.788388531237833,-1.808859,0.5818592300000001,0.0
42,15,0.788388531237833,1.403842,3.79456023,0.0
42,16,0.788388531237833,2.606718,4.99743623,0.0
42,17,0.788388531237833,3.006752,5.39747023,0.0
42,18,0.788388531237833,3.206445,5.59716323,0.0
42,19,0.788388531237833,4.918024,7.30874223,0.0
42,20,0.788388531237833,5.43945,7.83016823,0.0
43,1,0.8076175565741917,-23.877669,-21.48695077,1.0
43,2,0.8076175565741917,-23.814505,-21.42378677,1.0
43,3,0.8076175565741917,-23.812568,-21.421849769999998,1.0
43,4,0.8076175565741917,-23.777399,-21.386680769999998,1.0
43,5,0.8076175565741917,-23.771804,-21.38108577,1.0
43,6,0.8076175565741917,-14.784431,-12.39371277,1.0
43,7,0.8076175565741917,-14.256388,-11.86566977,1.0
43,8,0.8076175565741917,-9.496248,-7.1055297699999995,1.0
43,9,0.8076175565741917,-6.878418,-4.48769977,1.0
43,10,0.8076175565741917,-4.977743,-2.58702477,1.0
43,11,0.8076175565741917,-4.804181,-2.4134627699999998,1.0
43,12,0.8076175565741917,-3.39766,-1.00694177,1.0
43,13,0.8076175565741917,-3.007338,-0.6166197699999998,1.0
43,14,0.8076175565741917,-1.838015,0.5527032300000001,0.0
43,15,0.8076175565741917,1.39693,3.7876482300000003,0.0
43,16,0.8076175565741917,2.610185,5.0009032300000005,0.0
43,17,0.8076175565741917,3.008372,5.3990902300000005,0.0
43,18,0.8076175565741917,3.159296,5.55001423,0.0
43,19,0.8076175565741917,5.023561,7.41427923,0.0
43,20,0.8076175565741917,5.533438,7.92415623,0.0
44,1,0.8268465819105503,-23.878295,-21.48757677,1.0
44,2,0.8268465819105503,-23.814437,-21.42371877,1.0
44,3,0.8268465819105503,-23.812793,-21.42207477,1.0
44,4,0.8268465819105503,-23.776963,-21.386244769999998,1.0
44,5,0.8268465819105503,-23.771395,-21.380676769999997,1.0
44,6,0.8268465819105503,-14.750862,-12.36014377,1.0
44,7,0.8268465819105503,-14.257513,-11.866794769999998,1.0
44,8,0.8268465819105503,-9.528573,-7.13785477,1.0
44,9,0.8268465819105503,-6.908346,-4.51762777,1.0
44,10,0.8268465819105503,-4.975552,-2.5848337700000004,1.0
44,11,0.8268465819105503,-4.818872,-2.4281537699999998,1.0
44,12,0.8268465819105503,-3.399843,-1.0091247700000001,1.0
44,13,0.8268465819105503,-3.013538,-0.62281977,1.0
44,14,0.8268465819105503,-1.863234,0.52748423,0.0
44,15,0.8268465819105503,1.390499,3.78121723,0.0
44,16,0.8268465819105503,2.616408,5.00712623,0.0
44,17,0.8268465819105503,3.009524,5.40024223,0.0
44,18,0.8268465819105503,3.114476,5.50519423,0.0
44,19,0.8268465819105503,5.131842,7.52256023,0.0
44,20,0.8268465819105503,5.627507,8.018225229999999,0.0
45,1,0.846075607246909,-23.878831,-21.48811277,1.0
45,2,0.846075607246909,-23.814385,-21.42366677,1.0
45,3,0.846075607246909,-23.812985,-21.42226677,1.0
45,4,0.846075607246909,-23.776585,-21.38586677,1.0
45,5,0.846075607246909,-23.771053,-21.380334769999997,1.0
45,6,0.846075607246909,-14.720708,-12.329989770000001,1.0
45,7,0.846075607246909,-14.259774,-11.86905577,1.0
45,8,0.846075607246909,-9.556447,-7.16572877,1.0
45,9,0.846075607246909,-6.933864,-4.54314577,1.0
45,10,0.846075607246909,-4.972959,-2.5822407700000003,1.0
45,11,0.846075607246909,-4.831337,-2.4406187700000004,1.0
45,12,0.846075607246909,-3.402236,-1.0115177699999998,1.0
45,13,0.846075607246909,-3.018832,-0.6281137700000001,1.0
45,14,0.846075607246909,-1.884518,0.5062002300000001,0.0
45,15,0.846075607246909,1.384733,3.77545123,0.0
45,16,0.846075607246909,2.624941,5.015659230000001,0.0
45,17,0.846075607246909,3.010315,5.4010332299999995,0.0
45,18,0.846075607246909,3.072773,5.463491230000001,0.0
45,19,0.846075607246909,5.242667,7.63338523,0.0
45,20,0.846075607246909,5.720985,8.11170323,0.0
46,1,0.8653046325832676,-23.879274,-21.488555769999998,1.0
46,2,0.8653046325832676,-23.814344,-21.423625769999997,1.0
46,3,0.8653046325832676,-23.813142,-21.422423769999998,1.0
46,4,0.8653046325832676,-23.776272,-21.385553769999998,1.0
46,5,0.8653046325832676,-23.770771,-21.38005277,1.0
46,6,0.8653046325832676,-14.694589,-12.30387077,1.0
46,7,0.8653046325832676,-14.262762,-11.872043770000001,1.0
46,8,0.8653046325832676,-9.579611,-7.18889277,1.0
46,9,0.8653046325832676,-6.954879,-4.56416077,1.0
46,10,0.8653046325832676,-4.970316,-2.5795977700000003,1.0
46,11,0.8653046325832676,-4.841557,-2.45083877,1.0
46,12,0.8653046325832676,-3.404596,-1.0138777700000001,1.0
46,13,0.8653046325832676,-3.02319,-0.63247177,1.0
46,14,0.8653046325832676,-1.901881,0.4888372300000001,0.0
46,15,0.8653046325832676,1.379793,3.7705112300000003,0.0
46,16,0.8653046325832676,2.635077,5.02579523,0.0
46,17,0.8653046325832676,3.010837,5.40155523,0.0
46,18,0.8653046325832676,3.035163,5.42588123,0.0
46,19,0.8653046325832676,5.355822,7.74654023,0.0
46,20,0.8653046325832676,5.812733,8.203451229999999,0.0
47,1,0.8845336579196263,-23.879622,-21.48890377,1.0
47,2,0.8845336579196263,-23.814315,-21.42359677,1.0
47,3,0.8845336579196263,-23.813268,-21.42254977,1.0
47,4,0.8845336579196263,-23.77603,-21.385311769999998,1.0
47,5,0.8845336579196263,-23.77055,-21.37983177,1.0
47,6,0.8845336579196263,-14.673192,-12.28247377,1.0
47,7,0.8845336579196263,-14.265974,-11.875255769999999,1.0
47,8,0.8845336579196263,-9.597852,-7.2071337699999996,1.0
47,9,0.8845336579196263,-6.97131,-4.58059177,1.0
47,10,0.8845336579196263,-4.967927,-2.5772087700000004,1.0
47,11,0.8845336579196263,-4.84952,-2.45880177,1.0
47,12,0.8845336579196263,-3.406701,-1.01598277,1.0
47,13,0.8845336579196263,-3.026599,-0.63588077,1.0
47,14,0.8845336579196263,-1.915344,0.4753742300000001,0.0
47,15,0.8845336579196263,1.37581,3.76652823,0.0
47,16,0.8845336579196263,2.645758,5.03647623,0.0
47,17,0.8845336579196263,3.002911,5.39362923,0.0
47,18,0.8845336579196263,3.011164,5.40188223,0.0
47,19,0.8845336579196263,5.471048,7.86176623,0.0
47,20,0.8845336579196263,5.900655,8.291373230000001,0.0
48,1,0.903762494811876,-23.879868,-21.489149769999997,1.0
48,2,0.903762494811876,-23.814295,-21.42357677,1.0
48,3,0.903762494811876,-23.813353,-21.42263477,1.0
48,4,0.903762494811876,-23.775853,-21.38513477,1.0
48,5,0.903762494811876,-23.77039,-21.379671769999998,1.0
48,6,0.903762494811876,-14.657224,-12.266505769999998,1.0
48,7,0.903762494811876,-14.268845,-11.878126770000001,1.0
48,8,0.903762494811876,-9.611002,-7.220283769999999,1.0
48,9,0.903762494811876,-6.983092,-4.59237377,1.0
48,10,0.903762494811876,-4.966033,-2.5753147700000003,1.0
48,11,0.903762494811876,-4.855215,-2.4644967700000002,1.0
48,12,0.903762494811876,-3.408355,-1.0176367699999997,1.0
48,13,0.903762494811876,-3.029043,-0.6383247700000001,1.0
48,14,0.903762494811876,-1.924934,0.46578423000000013,0.0
48,15,0.903762494811876,1.37289,3.76360823,0.0
48,16,0.903762494811876,2.655506,5.04622423,0.0
48,17,0.903762494811876,2.977651,5.36836923,0.0
48,18,0.903762494811876,3.011356,5.40207423,0.0
48,19,0.903762494811876,5.587945,7.97866323,0.0
48,20,0.903762494811876,5.983503,8.37422123,0.0
49,1,0.9229915201482346,-23.880012,-21.48929377,1.0
49,2,0.9229915201482346,-23.814281,-21.42356277,1.0
49,3,0.9229915201482346,-23.813401,-21.422682769999998,1.0
49,4,0.9229915201482346,-23.775745,-21.38502677,1.0
49,5,0.9229915201482346,-23.770286,-21.379567769999998,1.0
49,6,0.9229915201482346,-14.64733,-12.25661177,1.0
49,7,0.9229915201482346,-14.270837,-11.88011877,1.0
49,8,0.9229915201482346,-9.618939,-7.228220769999999,1.0
49,9,0.9229915201482346,-6.990181,-4.59946277,1.0
49,10,0.9229915201482346,-4.964819,-2.5741007700000003,1.0
49,11,0.9229915201482346,-4.858634,-2.4679157700000003,1.0
49,12,0.9229915201482346,-3.409405,-1.01868677,1.0
49,13,0.9229915201482346,-3.030512,-0.6397937699999998,1.0
49,14,0.9229915201482346,-1.930672,0.4600462300000001,0.0
49,15,0.9229915201482346,1.371108,3.76182623,0.0
49,16,0.9229915201482346,2.662502,5.05322023,0.0
49,17,0.9229915201482346,2.961307,5.352025230000001,0.0
49,18,0.9229915201482346,3.011455,5.402173230000001,0.0
49,19,0.9229915201482346,5.705358,8.096076230000001,0.0
49,20,0.9229915201482346,5.95534,8.34605823,0.0
50,1,0.9422205454845932,-23.880065,-21.489346769999997,1.0
50,2,0.9422205454845932,-23.814278,-21.42355977,1.0
50,3,0.9422205454845932,-23.813421,-21.42270277,1.0
50,4,0.9422205454845932,-23.775711,-21.38499277,1.0
50,5,0.9422205454845932,-23.770254,-21.37953577,1.0
50,6,0.9422205454845932,-14.643976,-12.253257770000001,1.0
50,7,0.9422205454845932,-14.271551,-11.880832770000001,1.0
50,8,0.9422205454845932,-9.621594,-7.23087577,1.0
50,9,0.9422205454845932,-6.992547,-4.60182877,1.0
50,10,0.9422205454845932,-4.964403,-2.57368477,1.0
50,11,0.9422205454845932,-4.859775,-2.46905677,1.0
50,12,0.9422205454845932,-3.409768,-1.01904977,1.0
50,13,0.9422205454845932,-3.03101,-0.6402917700000001,1.0
50,14,0.9422205454845932,-1.932585,0.45813323000000006,0.0
50,15,0.9422205454845932,1.370509,3.7612272300000003,0.0
50,16,0.9422205454845932,2.665072,5.0557902299999995,0.0
50,17,0.9422205454845932,2.955614,5.34633223,0.0
50,18,0.9422205454845932,3.011485,5.40220323,0.0
50,19,0.9422205454845932,5.799455,8.19017323,0.0
50,20,0.9422205454845932,5.860197,8.25091523,0.0
51,1,0.9422205454845932,-23.880065,-21.489346769999997,1.0
51,2,0.9422205454845932,-23.814278,-21.42355977,1.0
51,3,0.9422205454845932,-23.813421,-21.42270277,1.0
51,4,0.9422205454845932,-23.775711,-21.38499277,1.0
51,5,0.9422205454845932,-23.770254,-21.37953577,1.0
51,6,0.9422205454845932,-14.643976,-12.253257770000001,1.0
51,7,0.9422205454845932,-14.271551,-11.880832770000001,1.0
51,8,0.9422205454845932,-9.621594,-7.23087577,1.0
51,9,0.9422205454845932,-6.992547,-4.60182877,1.0
51,10,0.9422205454845932,-4.964403,-2.57368477,1.0
51,11,0.9422205454845932,-4.859775,-2.46905677,1.0
51,12,0.9422205454845932,-3.409768,-1.01904977,1.0
51,13,0.9422205454845932,-3.03101,-0.6402917700000001,1.0
51,14,0.9422205454845932,-1.932585,0.45813323000000006,0.0
51,15,0.9422205454845932,1.370509,3.7612272300000003,0.0
51,16,0.9422205454845932,2.665072,5.0557902299999995,0.0
51,17,0.9422205454845932,2.955614,5.34633223,0.0
51,18,0.9422205454845932,3.011485,5.40220323,0.0
51,19,0.9422205454845932,5.799435,8.19015323,0.0
51,20,0.9422205454845932,5.860319,8.25103723,0.0
52,1,0.9533224083112135,-23.880042,-21.48932377,1.0
52,2,0.9533224083112135,-23.814296,-21.423577769999998,1.0
52,3,0.9533224083112135,-23.813407,-21.42268877,1.0
52,4,0.9533224083112135,-23.77572,-21.38500177,1.0
52,5,0.9533224083112135,-23.770255,-21.379536769999998,1.0
52,6,0.9533224083112135,-14.64377,-12.253051769999999,1.0
52,7,0.9533224083112135,-14.271471,-11.88075277,1.0
52,8,0.9533224083112135,-9.62162,-7.23090177,1.0
52,9,0.9533224083112135,-6.992163,-4.60144477,1.0
52,10,0.9533224083112135,-4.964642,-2.5739237700000004,1.0
52,11,0.9533224083112135,-4.862079,-2.4713607699999995,1.0
52,12,0.9533224083112135,-3.409585,-1.0188667699999998,1.0
52,13,0.9533224083112135,-3.032581,-0.6418627699999999,1.0
52,14,0.9533224083112135,-1.930377,0.46034123000000005,0.0
52,15,0.9533224083112135,1.373055,3.76377323,0.0
52,16,0.9533224083112135,2.665425,5.05614323,0.0
52,17,0.9533224083112135,2.956639,5.34735723,0.0
52,18,0.9533224083112135,3.010143,5.40086123,0.0
52,19,0.9533224083112135,5.799803,8.19052123,0.0
52,20,0.9533224083112135,5.860908,8.25162623,0.0
53,1,0.9644242678742028,-23.879982,-21.489263769999997,1.0
53,2,0.9644242678742028,-23.814352,-21.42363377,1.0
53,3,0.9644242678742028,-23.813374,-21.42265577,1.0
53,4,0.9644242678742028,-23.77575,-21.385031769999998,1.0
53,5,0.9644242678742028,-23.770261,-21.37954277,1.0
53,6,0.9644242678742028,-14.643153,-12.25243477,1.0
53,7,0.9644242678742028,-14.271231,-11.88051277,1.0
53,8,0.9644242678742028,-9.6217,-7.2309817700000005,1.0
53,9,0.9644242678742028,-6.991009,-4.60029077,1.0
53,10,0.9644242678742028,-4.965361,-2.5746427699999996,1.0
53,11,0.9644242678742028,-4.868955,-2.4782367699999996,1.0
53,12,0.9644242678742028,-3.409042,-1.0183237699999999,1.0
53,13,0.9644242678742028,-3.037293,-0.64657477,1.0
53,14,0.9644242678742028,-1.923787,0.46693123000000014,0.0
53,15,0.9644242678742028,1.380673,3.77139123,0.0
53,16,0.9644242678742028,2.666484,5.05720223,0.0
53,17,0.9644242678742028,2.959652,5.35037023,0.0
53,18,0.9644242678742028,3.006197,5.396915229999999,0.0
53,19,0.9644242678742028,5.800968,8.19168623,0.0
53,20,0.9644242678742028,5.862558,8.25327623,0.0
54,1,0.9755261290688555,-23.879879,-21.489160769999998,1.0
54,2,0.9755261290688555,-23.814447,-21.42372877,1.0
54,3,0.9755261290688555,-23.813315,-21.42259677,1.0
54,4,0.9755261290688555,-23.775801,-21.38508277,1.0
54,5,0.9755261290688555,-23.770269,-21.379550769999998,1.0
54,6,0.9755261290688555,-14.642126,-12.25140777,1.0
54,7,0.9755261290688555,-14.270833,-11.880114769999999,1.0
54,8,0.9755261290688555,-9.621835,-7.231116770000001,1.0
54,9,0.9755261290688555,-6.989087,-4.5983687699999996,1.0
54,10,0.9755261290688555,-4.966571,-2.57585277,1.0
54,11,0.9755261290688555,-4.880302,-2.4895837700000003,1.0
54,12,0.9755261290688555,-3.40816,-1.01744177,1.0
54,13,0.9755261290688555,-3.045074,-0.65435577,1.0
54,14,0.9755261290688555,-1.912909,0.4778092300000001,0.0
54,15,0.9755261290688555,1.393296,3.7840142300000004,0.0
54,16,0.9755261290688555,2.668255,5.058973229999999,0.0
54,17,0.9755261290688555,2.964357,5.355075230000001,0.0
54,18,0.9755261290688555,3.000008,5.39072623,0.0
54,19,0.9755261290688555,5.802862,8.19358023,0.0
54,20,0.9755261290688555,5.865013,8.25573123,0.0
55,1,0.9866279902638281,-23.879739,-21.48902077,1.0
55,2,0.9866279902638281,-23.814579,-21.423860769999997,1.0
55,3,0.9866279902638281,-23.813238,-21.422519769999997,1.0
55,4,0.9866279902638281,-23.775871,-21.385152769999998,1.0
55,5,0.9866279902638281,-23.770287,-21.37956877,1.0
55,6,0.9866279902638281,-14.640692,-12.24997377,1.0
55,7,0.9866279902638281,-14.270279,-11.879560770000001,1.0
55,8,0.9866279902638281,-9.622027,-7.231308769999999,1.0
55,9,0.9866279902638281,-6.986397,-4.59567877,1.0
55,10,0.9866279902638281,-4.968292,-2.57757377,1.0
55,11,0.9866279902638281,-4.895953,-2.5052347700000004,1.0
55,12,0.9866279902638281,-3.406971,-1.01625277,1.0
55,13,0.9866279902638281,-3.055834,-0.6651157699999999,1.0
55,14,0.9866279902638281,-1.897899,0.49281923000000005,0.0
55,15,0.9866279902638281,1.410819,3.80153723,0.0
55,16,0.9866279902638281,2.670748,5.061466230000001,0.0
55,17,0.9866279902638281,2.969329,5.36004723,0.0
55,18,0.9866279902638281,2.993104,5.38382223,0.0
55,19,0.9866279902638281,5.805792,8.196510230000001,0.0
55,20,0.9866279902638281,5.86859,8.25930823,0.0
56,1,0.9977298677781594,-23.879557,-21.488838769999997,1.0
56,2,0.9977298677781594,-23.814746,-21.42402777,1.0
56,3,0.9977298677781594,-23.813134,-21.42241577,1.0
56,4,0.9977298677781594,-23.775962,-21.38524377,1.0
56,5,0.9977298677781594,-23.770303,-21.379584769999997,1.0
56,6,0.9977298677781594,-14.63885,-12.24813177,1.0
56,7,0.9977298677781594,-14.269571,-11.878852769999998,1.0
56,8,0.9977298677781594,-9.622278,-7.23155977,1.0
56,9,0.9977298677781594,-6.98294,-4.59222177,1.0
56,10,0.9977298677781594,-4.970545,-2.5798267700000004,1.0
56,11,0.9977298677781594,-4.915693,-2.52497477,1.0
56,12,0.9977298677781594,-3.405504,-1.01478577,1.0
56,13,0.9977298677781594,-3.069422,-0.6787037699999998,1.0
56,14,0.9977298677781594,-1.878964,0.51175423,0.0
56,15,0.9977298677781594,1.433094,3.82381223,0.0
56,16,0.9977298677781594,2.673977,5.06469523,0.0
56,17,0.9977298677781594,2.968092,5.35881023,0.0
56,18,0.9977298677781594,2.992103,5.38282123,0.0
56,19,0.9977298677781594,5.809152,8.19987023,0.0
56,20,0.9977298677781594,5.873503,8.26422123,0.0
57,1,1.0088317289728121,-23.879339,-21.48862077,1.0
57,2,1.0088317289728121,-23.814959,-21.42424077,1.0
57,3,1.0088317289728121,-23.813012,-21.42229377,1.0
57,4,1.0088317289728121,-23.776076,-21.38535777,1.0
57,5,1.0088317289728121,-23.770325,-21.37960677,1.0
57,6,1.0088317289728121,-14.636605,-12.245886769999998,1.0
57,7,1.0088317289728121,-14.268715,-11.87799677,1.0
57,8,1.0088317289728121,-9.622594,-7.231875769999999,1.0
57,9,1.0088317289728121,-6.978718,-4.58799977,1.0
57,10,1.0088317289728121,-4.973363,-2.58264477,1.0
57,11,1.0088317289728121,-4.939265,-2.5485467699999997,1.0
57,12,1.0088317289728121,-3.403814,-1.01309577,1.0
57,13,1.0088317289728121,-3.08568,-0.6949617699999999,1.0
57,14,1.0088317289728121,-1.856361,0.5343572300000001,0.0
57,15,1.0088317289728121,1.459936,3.85065423,0.0
57,16,1.0088317289728121,2.677959,5.0686772300000005,0.0
57,17,1.0088317289728121,2.956803,5.34752123,0.0
57,18,1.0088317289728121,3.001021,5.391739230000001,0.0
57,19,1.0088317289728121,5.813021,8.20373923,0.0
57,20,1.0088317289728121,5.87833,8.26904823,0.0
58,1,1.0199335901677848,-23.879087,-21.488368769999997,1.0
58,2,1.0199335901677848,-23.815208,-21.424489769999997,1.0
58,3,1.0199335901677848,-23.812872,-21.422153769999998,1.0
58,4,1.0199335901677848,-23.776216,-21.38549777,1.0
58,5,1.0199335901677848,-23.77035,-21.37963177,1.0
58,6,1.0199335901677848,-14.63396,-12.243241770000001,1.0
58,7,1.0199335901677848,-14.267716,-11.87699777,1.0
58,8,1.0199335901677848,-9.622979,-7.232260770000001,1.0
58,9,1.0199335901677848,-6.973733,-4.58301477,1.0
58,10,1.0199335901677848,-4.976785,-2.5860667699999995,1.0
58,11,1.0199335901677848,-4.966375,-2.57565677,1.0
58,12,1.0199335901677848,-3.401939,-1.01122077,1.0
58,13,1.0199335901677848,-3.104404,-0.7136857700000001,1.0
58,14,1.0199335901677848,-1.830382,0.5603362300000001,0.0
58,15,1.0199335901677848,1.491128,3.88184623,0.0
58,16,1.0199335901677848,2.68272,5.073438230000001,0.0
58,17,1.0199335901677848,2.940826,5.33154423,0.0
58,18,1.0199335901677848,3.014697,5.40541523,0.0
58,19,1.0199335901677848,5.817898,8.20861623,0.0
58,20,1.0199335901677848,5.88433,8.27504823,0.0
59,1,1.0310354513624376,-23.878793,-21.48807477,1.0
59,2,1.0310354513624376,-23.815492,-21.424773769999998,1.0
59,3,1.0310354513624376,-23.812707,-21.42198877,1.0
59,4,1.0310354513624376,-23.77637,-21.38565177,1.0
59,5,1.0310354513624376,-23.770377,-21.37965877,1.0
59,6,1.0310354513624376,-14.630918,-12.24019977,1.0
59,7,1.0310354513624376,-14.266579,-11.87586077,1.0
59,8,1.0310354513624376,-9.623436,-7.23271777,1.0
59,9,1.0310354513624376,-6.967984,-4.57726577,1.0
59,10,1.0310354513624376,-4.996699,-2.6059807699999995,1.0
59,11,1.0310354513624376,-4.980855,-2.59013677,1.0
59,12,1.0310354513624376,-3.399927,-1.0092087699999999,1.0
59,13,1.0310354513624376,-3.125357,-0.7346387700000001,1.0
59,14,1.0310354513624376,-1.801349,0.58936923,0.0
59,15,1.0310354513624376,1.526417,3.91713523,0.0
59,16,1.0310354513624376,2.688292,5.07901023,0.0
59,17,1.0310354513624376,2.922168,5.31288623,0.0
59,18,1.0310354513624376,3.031361,5.42207923,0.0
59,19,1.0310354513624376,5.823681,8.21439923,0.0
59,20,1.0310354513624376,5.890844,8.28156223,0.0
60,1,1.04213731255741,-23.878468,-21.48774977,1.0
60,2,1.04213731255741,-23.815815,-21.42509677,1.0
60,3,1.04213731255741,-23.812526,-21.421807769999997,1.0
60,4,1.04213731255741,-23.776547,-21.38582877,1.0
60,5,1.04213731255741,-23.770407,-21.379688769999998,1.0
60,6,1.04213731255741,-14.627484,-12.236765770000002,1.0
60,7,1.04213731255741,-14.265311,-11.87459277,1.0
60,8,1.04213731255741,-9.623974,-7.23325577,1.0
60,9,1.04213731255741,-6.961477,-4.57075877,1.0
60,10,1.04213731255741,-5.029912,-2.6391937700000003,1.0
60,11,1.04213731255741,-4.985624,-2.5949057699999996,1.0
60,12,1.04213731255741,-3.397824,-1.00710577,1.0
60,13,1.04213731255741,-3.148301,-0.75758277,1.0
60,14,1.04213731255741,-1.769609,0.6211092300000001,0.0
60,15,1.04213731255741,1.565524,3.95624223,0.0
60,16,1.04213731255741,2.694713,5.08543123,0.0
60,17,1.04213731255741,2.901444,5.292162230000001,0.0
60,18,1.04213731255741,3.050644,5.44136223,0.0
60,19,1.04213731255741,5.82977,8.22048823,0.0
60,20,1.04213731255741,5.898433,8.28915123,0.0
61,1,1.0532391737520628,-23.8781,-21.48738177,1.0
61,2,1.0532391737520628,-23.816171,-21.42545277,1.0
61,3,1.0532391737520628,-23.812318,-21.42159977,1.0
61,4,1.0532391737520628,-23.77674,-21.38602177,1.0
61,5,1.0532391737520628,-23.770442,-21.37972377,1.0
61,6,1.0532391737520628,-14.623663,-12.23294477,1.0
61,7,1.0532391737520628,-14.263919,-11.87320077,1.0
61,8,1.0532391737520628,-9.624597,-7.23387877,1.0
61,9,1.0532391737520628,-6.95421,-4.56349177,1.0
61,10,1.0532391737520628,-5.065674,-2.6749557699999995,1.0
61,11,1.0532391737520628,-4.991153,-2.6004347699999997,1.0
61,12,1.0532391737520628,-3.39567,-1.00495177,1.0
61,13,1.0532391737520628,-3.172965,-0.78224677,1.0
61,14,1.0532391737520628,-1.735516,0.65520223,0.0
61,15,1.0532391737520628,1.60814,3.9988582299999997,0.0
61,16,1.0532391737520628,2.702036,5.092754230000001,0.0
61,17,1.0532391737520628,2.879012,5.26973023,0.0
61,18,1.0532391737520628,3.072461,5.46317923,0.0
61,19,1.0532391737520628,5.836784,8.227502229999999,0.0
61,20,1.0532391737520628,5.905438,8.296156230000001,0.0
62,1,1.0643410349467155,-23.877696,-21.48697777,1.0
62,2,1.0643410349467155,-23.816561,-21.42584277,1.0
62,3,1.0643410349467155,-23.812086,-21.42136777,1.0
62,4,1.0643410349467155,-23.776949,-21.386230769999997,1.0
62,5,1.0643410349467155,-23.770479,-21.37976077,1.0
62,6,1.0643410349467155,-14.61946,-12.22874177,1.0
62,7,1.0643410349467155,-14.262411,-11.87169277,1.0
62,8,1.0643410349467155,-9.625313,-7.23459477,1.0
62,9,1.0643410349467155,-6.946188,-4.55546977,1.0
62,10,1.0643410349467155,-5.103655,-2.7129367699999998,1.0
62,11,1.0643410349467155,-4.997502,-2.60678377,1.0
62,12,1.0643410349467155,-3.393503,-1.0027847699999999,1.0
62,13,1.0643410349467155,-3.199076,-0.8083577699999998,1.0
62,14,1.0643410349467155,-1.699436,0.6912822300000001,0.0
62,15,1.0643410349467155,1.653931,4.04464923,0.0
62,16,1.0643410349467155,2.710322,5.101040230000001,0.0
62,17,1.0643410349467155,2.855159,5.24587723,0.0
62,18,1.0643410349467155,3.096801,5.48751923,0.0
62,19,1.0643410349467155,5.844443,8.23516123,0.0
62,20,1.0643410349467155,5.913315,8.30403323,0.0
63,1,1.075442896141688,-23.877254,-21.48653577,1.0
63,2,1.075442896141688,-23.816987,-21.42626877,1.0
63,3,1.075442896141688,-23.811833,-21.42111477,1.0
63,4,1.075442896141688,-23.777178,-21.38645977,1.0
63,5,1.075442896141688,-23.77052,-21.37980177,1.0
63,6,1.075442896141688,-14.614881,-12.22416277,1.0
63,7,1.075442896141688,-14.260798,-11.87007977,1.0
63,8,1.075442896141688,-9.626129,-7.2354107700000005,1.0
63,9,1.075442896141688,-6.937414,-4.54669577,1.0
63,10,1.075442896141688,-5.143532,-2.7528137700000004,1.0
63,11,1.075442896141688,-5.004743,-2.6140247700000003,1.0
63,12,1.075442896141688,-3.391357,-1.0006387700000001,1.0
63,13,1.075442896141688,-3.226345,-0.8356267699999997,1.0
63,14,1.075442896141688,-1.661735,0.7289832300000001,0.0
63,15,1.075442896141688,1.702535,4.09325323,0.0
63,16,1.075442896141688,2.719651,5.11036923,0.0
63,17,1.075442896141688,2.830155,5.2208732300000005,0.0
63,18,1.075442896141688,3.123682,5.51440023,0.0
63,19,1.075442896141688,5.852757,8.243475230000001,0.0
63,20,1.075442896141688,5.921501,8.31221923,0.0
64,1,1.0865447573363407,-23.876782,-21.486063769999998,1.0
64,2,1.0865447573363407,-23.81745,-21.42673177,1.0
64,3,1.0865447573363407,-23.811561,-21.42084277,1.0
64,4,1.0865447573363407,-23.777424,-21.38670577,1.0
64,5,1.0865447573363407,-23.770564,-21.37984577,1.0
64,6,1.0865447573363407,-14.609935,-12.21921677,1.0
64,7,1.0865447573363407,-14.259091,-11.86837277,1.0
64,8,1.0865447573363407,-9.627053,-7.23633477,1.0
64,9,1.0865447573363407,-6.927892,-4.53717377,1.0
64,10,1.0865447573363407,-5.184997,-2.79427877,1.0
64,11,1.0865447573363407,-5.012949,-2.62223077,1.0
64,12,1.0865447573363407,-3.389262,-0.9985437699999999,1.0
64,13,1.0865447573363407,-3.254491,-0.8637727699999997,1.0
64,14,1.0865447573363407,-1.622776,0.7679422300000001,0.0
64,15,1.0865447573363407,1.753564,4.14428223,0.0
64,16,1.0865447573363407,2.730119,5.12083723,0.0
64,17,1.0865447573363407,2.804258,5.19497623,0.0
64,18,1.0865447573363407,3.153132,5.54385023,0.0
64,19,1.0865447573363407,5.861595,8.25231323,0.0
64,20,1.0865447573363407,5.929921,8.320639230000001,0.0
65,1,1.097646634851152,-23.876275,-21.48555677,1.0
65,2,1.097646634851152,-23.81794,-21.42722177,1.0
65,3,1.097646634851152,-23.811268,-21.420549769999997,1.0
65,4,1.097646634851152,-23.777686,-21.38696777,1.0
65,5,1.097646634851152,-23.770609,-21.37989077,1.0
65,6,1.097646634851152,-14.604626,-12.213907769999999,1.0
65,7,1.097646634851152,-14.2573,-11.86658177,1.0
65,8,1.097646634851152,-9.628094,-7.237375770000001,1.0
65,9,1.097646634851152,-6.917624,-4.52690577,1.0
65,10,1.097646634851152,-5.227752,-2.8370337699999997,1.0
65,11,1.097646634851152,-5.022194,-2.6314757699999998,1.0
65,12,1.097646634851152,-3.387243,-0.9965247699999997,1.0
65,13,1.097646634851152,-3.283216,-0.8924977699999999,1.0
65,14,1.097646634851152,-1.582909,0.8078092300000002,0.0
65,15,1.097646634851152,1.806602,4.19732023,0.0
65,16,1.097646634851152,2.741848,5.13256623,0.0
65,17,1.097646634851152,2.777721,5.168439230000001,0.0
65,18,1.097646634851152,3.185189,5.57590723,0.0
65,19,1.097646634851152,5.871086,8.26180423,0.0
65,20,1.097646634851152,5.938588,8.32930623,0.0
66,1,1.1087484634064715,-23.875741,-21.48502277,1.0
66,2,1.1087484634064715,-23.818466,-21.42774777,1.0
66,3,1.1087484634064715,-23.810961,-21.420242769999998,1.0
66,4,1.1087484634064715,-23.777968,-21.38724977,1.0
66,5,1.1087484634064715,-23.770661,-21.37994277,1.0
66,6,1.1087484634064715,-14.598965,-12.208246769999999,1.0
66,7,1.1087484634064715,-14.255438,-11.86471977,1.0
66,8,1.1087484634064715,-9.62926,-7.23854177,1.0
66,9,1.1087484634064715,-6.906618,-4.51589977,1.0
66,10,1.1087484634064715,-5.27152,-2.8808017699999997,1.0
66,11,1.1087484634064715,-5.03256,-2.64184177,1.0
66,12,1.1087484634064715,-3.385329,-0.99461077,1.0
66,13,1.1087484634064715,-3.312239,-0.9215207699999999,1.0
66,14,1.1087484634064715,-1.54248,0.84823823,0.0
66,15,1.1087484634064715,1.861198,4.25191623,0.0
66,16,1.1087484634064715,2.750785,5.14150323,0.0
66,17,1.1087484634064715,2.754985,5.1457032300000005,0.0
66,18,1.1087484634064715,3.219892,5.610610230000001,0.0
66,19,1.1087484634064715,5.881197,8.271915230000001,0.0
66,20,1.1087484634064715,5.947454,8.33817223,0.0
67,1,1.119850291961791,-23.875172,-21.48445377,1.0
67,2,1.119850291961791,-23.819028,-21.42830977,1.0
67,3,1.119850291961791,-23.810629,-21.419910769999998,1.0
67,4,1.119850291961791,-23.778269,-21.38755077,1.0
67,5,1.119850291961791,-23.770715,-21.379996769999998,1.0
67,6,1.119850291961791,-14.592961,-12.202242770000002,1.0
67,7,1.119850291961791,-14.253519,-11.86280077,1.0
67,8,1.119850291961791,-9.630558,-7.239839770000001,1.0
67,9,1.119850291961791,-6.894875,-4.50415677,1.0
67,10,1.119850291961791,-5.316032,-2.92531377,1.0
67,11,1.119850291961791,-5.044123,-2.65340477,1.0
67,12,1.119850291961791,-3.383541,-0.9928227700000001,1.0
67,13,1.119850291961791,-3.341278,-0.9505597699999999,1.0
67,14,1.119850291961791,-1.501815,0.8889032300000002,0.0
67,15,1.119850291961791,1.916866,4.30758423,0.0
67,16,1.119850291961791,2.723696,5.1144142299999995,0.0
67,17,1.119850291961791,2.769713,5.16043123,0.0
67,18,1.119850291961791,3.257283,5.64800123,0.0
67,19,1.119850291961791,5.891777,8.28249523,0.0
67,20,1.119850291961791,5.956443,8.347161230000001,0.0
68,1,1.1309522837156958,-23.874575,-21.48385677,1.0
68,2,1.1309522837156958,-23.819619,-21.42890077,1.0
68,3,1.1309522837156958,-23.81028,-21.419561769999998,1.0
68,4,1.1309522837156958,-23.778584,-21.387865769999998,1.0
68,5,1.1309522837156958,-23.770767,-21.38004877,1.0
68,6,1.1309522837156958,-14.586621,-12.19590277,1.0
68,7,1.1309522837156958,-14.251555,-11.860836769999999,1.0
68,8,1.1309522837156958,-9.631998,-7.241279769999999,1.0
68,9,1.1309522837156958,-6.882401,-4.49168277,1.0
68,10,1.1309522837156958,-5.361045,-2.97032677,1.0
68,11,1.1309522837156958,-5.056958,-2.66623977,1.0
68,12,1.1309522837156958,-3.381894,-0.9911757699999999,1.0
68,13,1.1309522837156958,-3.370059,-0.9793407699999999,1.0
68,14,1.1309522837156958,-1.461223,0.9294952300000001,0.0
68,15,1.1309522837156958,1.973082,4.36380023,0.0
68,16,1.1309522837156958,2.69668,5.08739823,0.0
68,17,1.1309522837156958,2.786248,5.17696623,0.0
68,18,1.1309522837156958,3.2974,5.688118230000001,0.0
68,19,1.1309522837156958,5.90287,8.293588230000001,0.0
68,20,1.1309522837156958,5.965561,8.35627923,0.0
69,1,1.1420541122710155,-23.873947,-21.48322877,1.0
69,2,1.1420541122710155,-23.820241,-21.42952277,1.0
69,3,1.1420541122710155,-23.809909,-21.41919077,1.0
69,4,1.1420541122710155,-23.778918,-21.38819977,1.0
69,5,1.1420541122710155,-23.770828,-21.38010977,1.0
69,6,1.1420541122710155,-14.579957,-12.18923877,1.0
69,7,1.1420541122710155,-14.249563,-11.858844770000001,1.0
69,8,1.1420541122710155,-9.633585,-7.24286677,1.0
69,9,1.1420541122710155,-6.869203,-4.47848477,1.0
69,10,1.1420541122710155,-5.406327,-3.01560877,1.0
69,11,1.1420541122710155,-5.07114,-2.6804217699999997,1.0
69,12,1.1420541122710155,-3.398323,-1.00760477,1.0
69,13,1.1420541122710155,-3.380418,-0.9896997700000001,1.0
69,14,1.1420541122710155,-1.421001,0.9697172300000001,0.0
69,15,1.1420541122710155,2.029277,4.41999523,0.0
69,16,1.1420541122710155,2.669957,5.06067523,0.0
69,17,1.1420541122710155,2.804846,5.1955642300000004,0.0
69,18,1.1420541122710155,3.340281,5.73099923,0.0
69,19,1.1420541122710155,5.914434,8.305152230000001,0.0
69,20,1.1420541122710155,5.974714,8.36543223,0.0
70,1,1.153155940826335,-23.873288,-21.482569769999998,1.0
70,2,1.153155940826335,-23.820892,-21.43017377,1.0
70,3,1.153155940826335,-23.809515,-21.41879677,1.0
70,4,1.153155940826335,-23.779262,-21.38854377,1.0
70,5,1.153155940826335,-23.770891,-21.380172769999998,1.0
70,6,1.153155940826335,-14.572976,-12.18225777,1.0
70,7,1.153155940826335,-14.247558,-11.85683977,1.0
70,8,1.153155940826335,-9.635328,-7.244609769999999,1.0
70,9,1.153155940826335,-6.855284,-4.46456577,1.0
70,10,1.153155940826335,-5.451665,-3.06094677,1.0
70,11,1.153155940826335,-5.086734,-2.69601577,1.0
70,12,1.153155940826335,-3.42582,-1.0351017699999998,1.0
70,13,1.153155940826335,-3.379125,-0.9884067700000001,1.0
70,14,1.153155940826335,-1.381418,1.00930023,0.0
70,15,1.153155940826335,2.084845,4.475563230000001,0.0
70,16,1.153155940826335,2.643734,5.034452229999999,0.0
70,17,1.153155940826335,2.825804,5.216522230000001,0.0
70,18,1.153155940826335,3.385962,5.77668023,0.0
70,19,1.153155940826335,5.926412,8.31713023,0.0
70,20,1.153155940826335,5.983917,8.374635229999999,0.0
71,1,1.1642577693816545,-23.872606,-21.48188777,1.0
71,2,1.1642577693816545,-23.821573,-21.43085477,1.0
71,3,1.1642577693816545,-23.809108,-21.418389769999997,1.0
71,4,1.1642577693816545,-23.779619,-21.38890077,1.0
71,5,1.1642577693816545,-23.770962,-21.38024377,1.0
71,6,1.1642577693816545,-14.565694,-12.17497577,1.0
71,7,1.1642577693816545,-14.245558,-11.854839770000002,1.0
71,8,1.1642577693816545,-9.637233,-7.24651477,1.0
71,9,1.1642577693816545,-6.840654,-4.44993577,1.0
71,10,1.1642577693816545,-5.496864,-3.1061457700000004,1.0
71,11,1.1642577693816545,-5.103801,-2.7130827699999998,1.0
71,12,1.1642577693816545,-3.45233,-1.0616117699999998,1.0
71,13,1.1642577693816545,-3.378044,-0.98732577,1.0
71,14,1.1642577693816545,-1.34273,1.04798823,0.0
71,15,1.1642577693816545,2.139141,4.52985923,0.0
71,16,1.1642577693816545,2.618208,5.00892623,0.0
71,17,1.1642577693816545,2.849441,5.24015923,0.0
71,18,1.1642577693816545,3.434469,5.82518723,0.0
71,19,1.1642577693816545,5.938671,8.32938923,0.0
71,20,1.1642577693816545,5.992813,8.38353123,0.0
72,1,1.175359597936974,-23.871902,-21.481183769999998,1.0
72,2,1.175359597936974,-23.822278,-21.43155977,1.0
72,3,1.175359597936974,-23.808684,-21.41796577,1.0
72,4,1.175359597936974,-23.779992,-21.38927377,1.0
72,5,1.175359597936974,-23.771032,-21.38031377,1.0
72,6,1.175359597936974,-14.558119,-12.16740077,1.0
72,7,1.175359597936974,-14.24358,-11.85286177,1.0
72,8,1.175359597936974,-9.639306,-7.248587769999999,1.0
72,9,1.175359597936974,-6.825318,-4.43459977,1.0
72,10,1.175359597936974,-5.541742,-3.15102377,1.0
72,11,1.175359597936974,-5.122381,-2.73166277,1.0
72,12,1.175359597936974,-3.477644,-1.0869257700000001,1.0
72,13,1.175359597936974,-3.377187,-0.9864687700000001,1.0
72,14,1.175359597936974,-1.30517,1.0855482300000001,0.0
72,15,1.175359597936974,2.191512,4.58223023,0.0
72,16,1.175359597936974,2.593558,4.98427623,0.0
72,17,1.175359597936974,2.876092,5.26681023,0.0
72,18,1.175359597936974,3.485824,5.87654223,0.0
72,19,1.175359597936974,5.951235,8.34195323,0.0
72,20,1.175359597936974,6.001996,8.39271423,0.0
73,1,1.1864615896908788,-23.871174,-21.48045577,1.0
73,2,1.1864615896908788,-23.823011,-21.43229277,1.0
73,3,1.1864615896908788,-23.808244,-21.417525769999997,1.0
73,4,1.1864615896908788,-23.780382,-21.38966377,1.0
73,5,1.1864615896908788,-23.771104,-21.38038577,1.0
73,6,1.1864615896908788,-14.550264,-12.159545770000001,1.0
73,7,1.1864615896908788,-14.241645,-11.850926770000001,1.0
73,8,1.1864615896908788,-9.641551,-7.25083277,1.0
73,9,1.1864615896908788,-6.809287,-4.41856877,1.0
73,10,1.1864615896908788,-5.58613,-3.1954117699999998,1.0
73,11,1.1864615896908788,-5.142509,-2.7517907700000004,1.0
73,12,1.1864615896908788,-3.50158,-1.11086177,1.0
73,13,1.1864615896908788,-3.376576,-0.98585777,1.0
73,14,1.1864615896908788,-1.268943,1.1217752300000001,0.0
73,15,1.1864615896908788,2.241322,4.632040229999999,0.0
73,16,1.1864615896908788,2.569952,4.96067023,0.0
73,17,1.1864615896908788,2.906063,5.296781230000001,0.0
73,18,1.1864615896908788,3.540044,5.93076223,0.0
73,19,1.1864615896908788,5.964285,8.355003230000001,0.0
73,20,1.1864615896908788,6.011123,8.40184123,0.0
74,1,1.1975634182461983,-23.87042,-21.47970177,1.0
74,2,1.1975634182461983,-23.823768,-21.43304977,1.0
74,3,1.1975634182461983,-23.807784,-21.41706577,1.0
74,4,1.1975634182461983,-23.78078,-21.39006177,1.0
74,5,1.1975634182461983,-23.771177,-21.38045877,1.0
74,6,1.1975634182461983,-14.542142,-12.151423770000001,1.0
74,7,1.1975634182461983,-14.239769,-11.849050770000002,1.0
74,8,1.1975634182461983,-9.643971,-7.2532527700000005,1.0
74,9,1.1975634182461983,-6.792566,-4.40184777,1.0
74,10,1.1975634182461983,-5.629868,-3.23914977,1.0
74,11,1.1975634182461983,-5.164199,-2.77348077,1.0
74,12,1.1975634182461983,-3.523977,-1.1332587699999999,1.0
74,13,1.1975634182461983,-3.376234,-0.9855157700000001,1.0
74,14,1.1975634182461983,-1.23423,1.1564882300000001,0.0
74,15,1.1975634182461983,2.287996,4.678714230000001,0.0
74,16,1.1975634182461983,2.547543,4.93826123,0.0
74,17,1.1975634182461983,2.939596,5.33031423,0.0
74,18,1.1975634182461983,3.597135,5.987853230000001,0.0
74,19,1.1975634182461983,5.976701,8.36741923,0.0
74,20,1.1975634182461983,6.018665,8.40938323,0.0
75,1,1.2086652468015178,-23.86964,-21.47892177,1.0
75,2,1.2086652468015178,-23.824542,-21.43382377,1.0
75,3,1.2086652468015178,-23.807302,-21.41658377,1.0
75,4,1.2086652468015178,-23.781186,-21.39046777,1.0
75,5,1.2086652468015178,-23.771252,-21.38053377,1.0
75,6,1.2086652468015178,-14.533766,-12.143047769999999,1.0
75,7,1.2086652468015178,-14.237974,-11.84725577,1.0
75,8,1.2086652468015178,-9.646569,-7.2558507699999995,1.0
75,9,1.2086652468015178,-6.775166,-4.3844477699999995,1.0
75,10,1.2086652468015178,-5.672811,-3.28209277,1.0
75,11,1.2086652468015178,-5.187445,-2.7967267700000003,1.0
75,12,1.2086652468015178,-3.544699,-1.15398077,1.0
75,13,1.2086652468015178,-3.376183,-0.9854647700000001,1.0
75,14,1.2086652468015178,-1.201192,1.18952623,0.0
75,15,1.2086652468015178,2.331075,4.721793229999999,0.0
75,16,1.2086652468015178,2.526469,4.91718723,0.0
75,17,1.2086652468015178,2.976809,5.36752723,0.0
75,18,1.2086652468015178,3.657094,6.04781223,0.0
75,19,1.2086652468015178,5.98999,8.38070823,0.0
75,20,1.2086652468015178,6.027615,8.41833323,0.0
76,1,1.2197670753568373,-23.868844,-21.47812577,1.0
76,2,1.2197670753568373,-23.825342,-21.434623769999998,1.0
76,3,1.2197670753568373,-23.806808,-21.41608977,1.0
76,4,1.2197670753568373,-23.781603,-21.39088477,1.0
76,5,1.2197670753568373,-23.771328,-21.38060977,1.0
76,6,1.2197670753568373,-14.52515,-12.134431769999999,1.0
76,7,1.2197670753568373,-14.236283,-11.84556477,1.0
76,8,1.2197670753568373,-9.649343,-7.25862477,1.0
76,9,1.2197670753568373,-6.757099,-4.36638077,1.0
76,10,1.2197670753568373,-5.714834,-3.3241157699999997,1.0
76,11,1.2197670753568373,-5.212231,-2.82151277,1.0
76,12,1.2197670753568373,-3.563648,-1.17292977,1.0
76,13,1.2197670753568373,-3.376445,-0.9857267699999999,1.0
76,14,1.2197670753568373,-1.169963,1.22075523,0.0
76,15,1.2197670753568373,2.370249,4.76096723,0.0
76,16,1.2197670753568373,2.506846,4.89756423,0.0
76,17,1.2197670753568373,3.017657,5.40837523,0.0
76,18,1.2197670753568373,3.719901,6.11061923,0.0
76,19,1.2197670753568373,6.002231,8.39294923,0.0
76,20,1.2197670753568373,6.033702,8.424420229999999,0.0
77,1,1.230868903912157,-23.868029,-21.47731077,1.0
77,2,1.230868903912157,-23.82616,-21.43544177,1.0
77,3,1.230868903912157,-23.806299,-21.41558077,1.0
77,4,1.230868903912157,-23.782032,-21.39131377,1.0
77,5,1.230868903912157,-23.771407,-21.38068877,1.0
77,6,1.230868903912157,-14.51631,-12.12559177,1.0
77,7,1.230868903912157,-14.234717,-11.843998769999999,1.0
77,8,1.230868903912157,-9.652293,-7.26157477,1.0
77,9,1.230868903912157,-6.738377,-4.34765877,1.0
77,10,1.230868903912157,-5.755812,-3.3650937699999997,1.0
77,11,1.230868903912157,-5.238513,-2.84779477,1.0
77,12,1.230868903912157,-3.580742,-1.1900237699999998,1.0
77,13,1.230868903912157,-3.377043,-0.98632477,1.0
77,14,1.230868903912157,-1.14065,1.2500682300000001,0.0
77,15,1.230868903912157,2.405393,4.79611123,0.0
77,16,1.230868903912157,2.488777,4.87949523,0.0
77,17,1.230868903912157,3.061903,5.45262123,0.0
77,18,1.230868903912157,3.785527,6.17624523,0.0
77,19,1.230868903912157,6.014932,8.40565023,0.0
77,20,1.230868903912157,6.040567,8.43128523,0.0
78,1,1.2419708956660616,-23.867201,-21.47648277,1.0
78,2,1.2419708956660616,-23.827003,-21.43628477,1.0
78,3,1.2419708956660616,-23.80578,-21.415061769999998,1.0
78,4,1.2419708956660616,-23.782474,-21.39175577,1.0
78,5,1.2419708956660616,-23.771487,-21.38076877,1.0
78,6,1.2419708956660616,-14.50726,-12.116541770000001,1.0
78,7,1.2419708956660616,-14.2333,-11.842581769999999,1.0
78,8,1.2419708956660616,-9.655415,-7.26469677,1.0
78,9,1.2419708956660616,-6.719014,-4.3282957699999995,1.0
78,10,1.2419708956660616,-5.795636,-3.40491777,1.0
78,11,1.2419708956660616,-5.26623,-2.87551177,1.0
78,12,1.2419708956660616,-3.595932,-1.2052137699999999,1.0
78,13,1.2419708956660616,-3.378007,-0.9872887700000001,1.0
78,14,1.2419708956660616,-1.113337,1.27738123,0.0
78,15,1.2419708956660616,2.436549,4.82726723,0.0
78,16,1.2419708956660616,2.472348,4.86306623,0.0
78,17,1.2419708956660616,3.109134,5.49985223,0.0
78,18,1.2419708956660616,3.853924,6.24464223,0.0
78,19,1.2419708956660616,6.030913,8.42163123,0.0
78,20,1.2419708956660616,6.05596,8.44667823,0.0
79,1,1.2530727242213813,-23.866355,-21.475636769999998,1.0
79,2,1.2530727242213813,-23.827863,-21.43714477,1.0
79,3,1.2530727242213813,-23.805245,-21.41452677,1.0
79,4,1.2530727242213813,-23.782923,-21.39220477,1.0
79,5,1.2530727242213813,-23.771569,-21.38085077,1.0
79,6,1.2530727242213813,-14.498016,-12.107297769999999,1.0
79,7,1.2530727242213813,-14.232055,-11.841336770000002,1.0
79,8,1.2530727242213813,-9.658701,-7.267982770000001,1.0
79,9,1.2530727242213813,-6.699025,-4.30830677,1.0
79,10,1.2530727242213813,-5.834205,-3.44348677,1.0
79,11,1.2530727242213813,-5.295302,-2.9045837700000003,1.0
79,12,1.2530727242213813,-3.609187,-1.2184687699999999,1.0
79,13,1.2530727242213813,-3.379354,-0.9886357700000001,1.0
79,14,1.2530727242213813,-1.088074,1.30264423,0.0
79,15,1.2530727242213813,2.457625,4.84834323,0.0
79,16,1.2530727242213813,2.463899,4.854617230000001,0.0
79,17,1.2530727242213813,3.158788,5.54950623,0.0
79,18,1.2530727242213813,3.925031,6.31574923,0.0
79,19,1.2530727242213813,6.041062,8.431780230000001,0.0
79,20,1.2530727242213813,6.051639,8.442357229999999,0.0
80,1,1.2641745527767008,-23.865495,-21.47477677,1.0
80,2,1.2641745527767008,-23.82874,-21.43802177,1.0
80,3,1.2641745527767008,-23.804698,-21.413979769999997,1.0
80,4,1.2641745527767008,-23.783381,-21.392662769999998,1.0
80,5,1.2641745527767008,-23.771651,-21.380932769999998,1.0
80,6,1.2641745527767008,-14.488594,-12.097875770000002,1.0
80,7,1.2641745527767008,-14.231007,-11.84028877,1.0
80,8,1.2641745527767008,-9.662143,-7.27142477,1.0
80,9,1.2641745527767008,-6.678428,-4.28770977,1.0
80,10,1.2641745527767008,-5.871425,-3.4807067700000003,1.0
80,11,1.2641745527767008,-5.325631,-2.9349127699999995,1.0
80,12,1.2641745527767008,-3.620502,-1.22978377,1.0
80,13,1.2641745527767008,-3.381113,-0.99039477,1.0
80,14,1.2641745527767008,-1.064891,1.32582723,0.0
80,15,1.2641745527767008,2.444659,4.835377230000001,0.0
80,16,1.2641745527767008,2.487711,4.87842923,0.0
80,17,1.2641745527767008,3.210206,5.60092423,0.0
80,18,1.2641745527767008,3.998764,6.3894822300000005,0.0
80,19,1.2641745527767008,6.047812,8.438530230000001,0.0
80,20,1.2641745527767008,6.058327,8.44904523,0.0
81,1,1.2752763813320203,-23.864626,-21.47390777,1.0
81,2,1.2752763813320203,-23.829636,-21.43891777,1.0
81,3,1.2752763813320203,-23.804143,-21.41342477,1.0
81,4,1.2752763813320203,-23.78385,-21.39313177,1.0
81,5,1.2752763813320203,-23.771735,-21.38101677,1.0
81,6,1.2752763813320203,-14.479011,-12.088292769999999,1.0
81,7,1.2752763813320203,-14.230182,-11.839463769999998,1.0
81,8,1.2752763813320203,-9.66573,-7.27501177,1.0
81,9,1.2752763813320203,-6.657244,-4.26652577,1.0
81,10,1.2752763813320203,-5.907217,-3.51649877,1.0
81,11,1.2752763813320203,-5.357102,-2.96638377,1.0
81,12,1.2752763813320203,-3.629895,-1.2391767699999998,1.0
81,13,1.2752763813320203,-3.383308,-0.9925897699999999,1.0
81,14,1.2752763813320203,-1.043797,1.34692123,0.0
81,15,1.2752763813320203,2.433483,4.82420123,0.0
81,16,1.2752763813320203,2.508291,4.89900923,0.0
81,17,1.2752763813320203,3.262682,5.65340023,0.0
81,18,1.2752763813320203,4.075016,6.46573423,0.0
81,19,1.2752763813320203,6.055949,8.44666723,0.0
81,20,1.2752763813320203,6.077272,8.46799023,0.0
82,1,1.2863783730843257,-23.863742,-21.473023769999998,1.0
82,2,1.2863783730843257,-23.830536,-21.439817769999998,1.0
82,3,1.2863783730843257,-23.803575,-21.412856769999998,1.0
82,4,1.2863783730843257,-23.78432,-21.39360177,1.0
82,5,1.2863783730843257,-23.771817,-21.381098769999998,1.0
82,6,1.2863783730843257,-14.469284,-12.07856577,1.0
82,7,1.2863783730843257,-14.229603,-11.83888477,1.0
82,8,1.2863783730843257,-9.669447,-7.27872877,1.0
82,9,1.2863783730843257,-6.635493,-4.24477477,1.0
82,10,1.2863783730843257,-5.941503,-3.55078477,1.0
82,11,1.2863783730843257,-5.389581,-2.9988627699999997,1.0
82,12,1.2863783730843257,-3.637395,-1.24667677,1.0
82,13,1.2863783730843257,-3.385962,-0.9952437700000001,1.0
82,14,1.2863783730843257,-1.024765,1.3659532300000001,0.0
82,15,1.2863783730843257,2.424115,4.81483323,0.0
82,16,1.2863783730843257,2.525947,4.9166652299999996,0.0
82,17,1.2863783730843257,3.315504,5.70622223,0.0
82,18,1.2863783730843257,4.153658,6.54437623,0.0
82,19,1.2863783730843257,6.057449,8.44816723,0.0
82,20,1.2863783730843257,6.111856,8.50257423,0.0
83,1,1.2974802016396452,-23.862847,-21.472128769999998,1.0
83,2,1.2974802016396452,-23.831451,-21.44073277,1.0
83,3,1.2974802016396452,-23.802997,-21.41227877,1.0
83,4,1.2974802016396452,-23.784795,-21.394076769999998,1.0
83,5,1.2974802016396452,-23.771901,-21.38118277,1.0
83,6,1.2974802016396452,-14.459431,-12.068712770000001,1.0
83,7,1.2974802016396452,-14.229299,-11.83858077,1.0
83,8,1.2974802016396452,-9.673275,-7.28255677,1.0
83,9,1.2974802016396452,-6.613204,-4.22248577,1.0
83,10,1.2974802016396452,-5.97422,-3.58350177,1.0
83,11,1.2974802016396452,-5.422928,-3.0322097699999997,1.0
83,12,1.2974802016396452,-3.643054,-1.2523357699999997,1.0
83,13,1.2974802016396452,-3.389104,-0.9983857700000001,1.0
83,14,1.2974802016396452,-1.007755,1.38296323,0.0
83,15,1.2974802016396452,2.416556,4.80727423,0.0
83,16,1.2974802016396452,2.540961,4.93167923,0.0
83,17,1.2974802016396452,3.367983,5.75870123,0.0
83,18,1.2974802016396452,4.234529,6.62524723,0.0
83,19,1.2974802016396452,6.055274,8.44599223,0.0
83,20,1.2974802016396452,6.061617,8.45233523,0.0
84,1,1.3085820301949647,-23.861943,-21.47122477,1.0
84,2,1.3085820301949647,-23.832377,-21.44165877,1.0
84,3,1.3085820301949647,-23.802407,-21.411688769999998,1.0
84,4,1.3085820301949647,-23.785275,-21.394556769999998,1.0
84,5,1.3085820301949647,-23.771982,-21.38126377,1.0
84,6,1.3085820301949647,-14.449471,-12.058752770000002,1.0
84,7,1.3085820301949647,-14.229296,-11.83857777,1.0
84,8,1.3085820301949647,-9.677194,-7.28647577,1.0
84,9,1.3085820301949647,-6.590408,-4.19968977,1.0
84,10,1.3085820301949647,-6.005306,-3.61458777,1.0
84,11,1.3085820301949647,-5.456988,-3.06626977,1.0
84,12,1.3085820301949647,-3.646933,-1.2562147700000001,1.0
84,13,1.3085820301949647,-3.392757,-1.00203877,1.0
84,14,1.3085820301949647,-0.992707,1.39801123,0.0
84,15,1.3085820301949647,2.410791,4.801509230000001,0.0
84,16,1.3085820301949647,2.553577,4.94429523,0.0
84,17,1.3085820301949647,3.419473,5.81019123,0.0
84,18,1.3085820301949647,4.317437,6.70815523,0.0
84,19,1.3085820301949647,6.038822,8.42954023,0.0
84,20,1.3085820301949647,6.085874,8.47659223,0.0
85,1,1.3196838587502844,-23.861032,-21.47031377,1.0
85,2,1.3196838587502844,-23.833316,-21.44259777,1.0
85,3,1.3196838587502844,-23.801814,-21.41109577,1.0
85,4,1.3196838587502844,-23.785764,-21.39504577,1.0
85,5,1.3196838587502844,-23.772065,-21.38134677,1.0
85,6,1.3196838587502844,-14.439422,-12.04870377,1.0
85,7,1.3196838587502844,-14.229621,-11.83890277,1.0
85,8,1.3196838587502844,-9.681181,-7.29046277,1.0
85,9,1.3196838587502844,-6.567143,-4.17642477,1.0
85,10,1.3196838587502844,-6.034719,-3.64400077,1.0
85,11,1.3196838587502844,-5.491601,-3.10088277,1.0
85,12,1.3196838587502844,-3.649106,-1.2583877700000001,1.0
85,13,1.3196838587502844,-3.396946,-1.0062277699999997,1.0
85,14,1.3196838587502844,-0.97954,1.41117823,0.0
85,15,1.3196838587502844,2.406794,4.797512230000001,0.0
85,16,1.3196838587502844,2.563995,4.954713229999999,0.0
85,17,1.3196838587502844,3.469377,5.860095230000001,0.0
85,18,1.3196838587502844,4.402142,6.7928602300000005,0.0
85,19,1.3196838587502844,6.022799,8.41351723,0.0
85,20,1.3196838587502844,6.056101,8.44681923,0.0
86,1,1.3307856873056039,-23.860115,-21.46939677,1.0
86,2,1.3307856873056039,-23.834258,-21.443539769999997,1.0
86,3,1.3307856873056039,-23.801212,-21.41049377,1.0
86,4,1.3307856873056039,-23.786252,-21.39553377,1.0
86,5,1.3307856873056039,-23.772144,-21.38142577,1.0
86,6,1.3307856873056039,-14.429304,-12.038585770000001,1.0
86,7,1.3307856873056039,-14.2303,-11.839581769999999,1.0
86,8,1.3307856873056039,-9.685209,-7.29449077,1.0
86,9,1.3307856873056039,-6.543455,-4.15273677,1.0
86,10,1.3307856873056039,-6.062406,-3.67168777,1.0
86,11,1.3307856873056039,-5.526584,-3.1358657699999997,1.0
86,12,1.3307856873056039,-3.649647,-1.2589287699999998,1.0
86,13,1.3307856873056039,-3.401691,-1.01097277,1.0
86,14,1.3307856873056039,-0.968155,1.4225632300000002,0.0
86,15,1.3307856873056039,2.404526,4.79524423,0.0
86,16,1.3307856873056039,2.572378,4.96309623,0.0
86,17,1.3307856873056039,3.517161,5.907879230000001,0.0
86,18,1.3307856873056039,4.488363,6.87908123,0.0
86,19,1.3307856873056039,6.038667,8.429385230000001,0.0
86,20,1.3307856873056039,6.055511,8.44622923,0.0
87,1,1.3418876790579093,-23.859195,-21.46847677,1.0
87,2,1.3418876790579093,-23.835204,-21.44448577,1.0
87,3,1.3418876790579093,-23.800611,-21.40989277,1.0
87,4,1.3418876790579093,-23.786747,-21.396028769999997,1.0
87,5,1.3418876790579093,-23.772222,-21.38150377,1.0
87,6,1.3418876790579093,-14.419137,-12.028418769999998,1.0
87,7,1.3418876790579093,-14.231364,-11.840645769999998,1.0
87,8,1.3418876790579093,-9.689248,-7.298529769999999,1.0
87,9,1.3418876790579093,-6.519401,-4.12868277,1.0
87,10,1.3418876790579093,-6.088345,-3.6976267700000003,1.0
87,11,1.3418876790579093,-5.561757,-3.17103877,1.0
87,12,1.3418876790579093,-3.648642,-1.25792377,1.0
87,13,1.3418876790579093,-3.407013,-1.01629477,1.0
87,14,1.3418876790579093,-0.958445,1.43227323,0.0
87,15,1.3418876790579093,2.403936,4.79465423,0.0
87,16,1.3418876790579093,2.578851,4.969569229999999,0.0
87,17,1.3418876790579093,3.562351,5.9530692300000005,0.0
87,18,1.3418876790579093,4.575746,6.96646423,0.0
87,19,1.3418876790579093,5.986709,8.37742723,0.0
87,20,1.3418876790579093,6.052032,8.44275023,0.0
88,1,1.3529895076132288,-23.858271,-21.467552769999998,1.0
88,2,1.3529895076132288,-23.836158,-21.44543977,1.0
88,3,1.3529895076132288,-23.800004,-21.40928577,1.0
88,4,1.3529895076132288,-23.787246,-21.39652777,1.0
88,5,1.3529895076132288,-23.772299,-21.38158077,1.0
88,6,1.3529895076132288,-14.40894,-12.01822177,1.0
88,7,1.3529895076132288,-14.232838,-11.84211977,1.0
88,8,1.3529895076132288,-9.693264,-7.302545769999999,1.0
88,9,1.3529895076132288,-6.49505,-4.10433177,1.0
88,10,1.3529895076132288,-6.112502,-3.72178377,1.0
88,11,1.3529895076132288,-5.596922,-3.20620377,1.0
88,12,1.3529895076132288,-3.646175,-1.2554567699999999,1.0
88,13,1.3529895076132288,-3.412934,-1.0222157699999999,1.0
88,14,1.3529895076132288,-0.950285,1.44043323,0.0
88,15,1.3529895076132288,2.404964,4.795682230000001,0.0
88,16,1.3529895076132288,2.583509,4.97422723,0.0
88,17,1.3529895076132288,3.604546,5.99526423,0.0
88,18,1.3529895076132288,4.663866,7.05458423,0.0
88,19,1.3529895076132288,5.974876,8.36559423,0.0
88,20,1.3529895076132288,6.049678,8.440396230000001,0.0
89,1,1.3640913361685485,-23.857345,-21.466626769999998,1.0
89,2,1.3640913361685485,-23.837115,-21.44639677,1.0
89,3,1.3640913361685485,-23.799398,-21.40867977,1.0
89,4,1.3640913361685485,-23.787747,-21.39702877,1.0
89,5,1.3640913361685485,-23.772375,-21.38165677,1.0
89,6,1.3640913361685485,-14.398735,-12.008016770000001,1.0
89,7,1.3640913361685485,-14.23475,-11.84403177,1.0
89,8,1.3640913361685485,-9.697222,-7.30650377,1.0
89,9,1.3640913361685485,-6.470486,-4.07976777,1.0
89,10,1.3640913361685485,-6.134858,-3.7441397700000003,1.0
89,11,1.3640913361685485,-5.631866,-3.2411477699999995,1.0
89,12,1.3640913361685485,-3.642336,-1.2516177699999997,1.0
89,13,1.3640913361685485,-3.419469,-1.0287507699999998,1.0
89,14,1.3640913361685485,-0.943546,1.44717223,0.0
89,15,1.3640913361685485,2.407544,4.798262230000001,0.0
89,16,1.3640913361685485,2.586424,4.97714223,0.0
89,17,1.3640913361685485,3.643415,6.03413323,0.0
89,18,1.3640913361685485,4.752193,7.14291123,0.0
89,19,1.3640913361685485,5.96273,8.35344823,0.0
89,20,1.3640913361685485,6.015773,8.40649123,0.0
90,1,1.375193164723868,-23.856419,-21.465700769999998,1.0
90,2,1.375193164723868,-23.83807,-21.447351769999997,1.0
90,3,1.375193164723868,-23.798794,-21.40807577,1.0
90,4,1.375193164723868,-23.788247,-21.397528769999997,1.0
90,5,1.375193164723868,-23.772447,-21.38172877,1.0
90,6,1.375193164723868,-14.388542,-11.99782377,1.0
90,7,1.375193164723868,-14.237128,-11.846409770000001,1.0
90,8,1.375193164723868,-9.701082,-7.3103637699999995,1.0
90,9,1.375193164723868,-6.445822,-4.05510377,1.0
90,10,1.375193164723868,-6.155396,-3.7646777699999996,1.0
90,11,1.375193164723868,-5.666358,-3.2756397699999997,1.0
90,12,1.375193164723868,-3.637211,-1.2464927700000001,1.0
90,13,1.375193164723868,-3.426631,-1.03591277,1.0
90,14,1.375193164723868,-0.938089,1.45262923,0.0
90,15,1.375193164723868,2.4116,4.80231823,0.0
90,16,1.375193164723868,2.58765,4.97836823,0.0
90,17,1.375193164723868,3.678707,6.06942523,0.0
90,18,1.375193164723868,4.840065,7.23078323,0.0
90,19,1.375193164723868,5.956437,8.34715523,0.0
90,20,1.375193164723868,6.001604,8.392322230000001,0.0
91,1,1.3862949932791875,-23.855494,-21.46477577,1.0
91,2,1.3862949932791875,-23.839026,-21.44830777,1.0
91,3,1.3862949932791875,-23.798194,-21.407475769999998,1.0
91,4,1.3862949932791875,-23.78875,-21.39803177,1.0
91,5,1.3862949932791875,-23.772516,-21.38179777,1.0
91,6,1.3862949932791875,-14.378383,-11.987664769999999,1.0
91,7,1.3862949932791875,-14.239999,-11.84928077,1.0
91,8,1.3862949932791875,-9.704802,-7.314083770000001,1.0
91,9,1.3862949932791875,-6.421199,-4.03048077,1.0
91,10,1.3862949932791875,-6.174111,-3.78339277,1.0
91,11,1.3862949932791875,-5.700138,-3.30941977,1.0
91,12,1.3862949932791875,-3.630889,-1.2401707699999998,1.0
91,13,1.3862949932791875,-3.434436,-1.0437177699999998,1.0
91,14,1.3862949932791875,-0.933777,1.45694123,0.0
91,15,1.3862949932791875,2.417053,4.80777123,0.0
91,16,1.3862949932791875,2.587225,4.97794323,0.0
91,17,1.3862949932791875,3.71025,6.100968229999999,0.0
91,18,1.3862949932791875,4.92664,7.31735823,0.0
91,19,1.3862949932791875,5.952798,8.343516229999999,0.0
91,20,1.3862949932791875,5.992387,8.38310523,0.0
92,1,1.397396985031493,-23.85457,-21.463851769999998,1.0
92,2,1.397396985031493,-23.839977,-21.44925877,1.0
92,3,1.397396985031493,-23.797597,-21.40687877,1.0
92,4,1.397396985031493,-23.789252,-21.39853377,1.0
92,5,1.397396985031493,-23.772579,-21.38186077,1.0
92,6,1.397396985031493,-14.368278,-11.97755977,1.0
92,7,1.397396985031493,-14.243388,-11.852669769999999,1.0
92,8,1.397396985031493,-9.708339,-7.31762077,1.0
92,9,1.397396985031493,-6.396806,-4.00608777,1.0
92,10,1.397396985031493,-6.191,-3.80028177,1.0
92,11,1.397396985031493,-5.732904,-3.3421857700000004,1.0
92,12,1.397396985031493,-3.623455,-1.2327367699999998,1.0
92,13,1.397396985031493,-3.442887,-1.0521687699999998,1.0
92,14,1.397396985031493,-0.930465,1.4602532300000002,0.0
92,15,1.397396985031493,2.42382,4.81453823,0.0
92,16,1.397396985031493,2.585184,4.97590223,0.0
92,17,1.397396985031493,3.737955,6.12867323,0.0
92,18,1.397396985031493,5.010849,7.40156723,0.0
92,19,1.397396985031493,5.952074,8.34279223,0.0
92,20,1.397396985031493,5.978629,8.369347229999999,0.0
93,1,1.4084988135868124,-23.853649,-21.46293077,1.0
93,2,1.4084988135868124,-23.840927,-21.45020877,1.0
93,3,1.4084988135868124,-23.797008,-21.40628977,1.0
93,4,1.4084988135868124,-23.789754,-21.399035769999998,1.0
93,5,1.4084988135868124,-23.772639,-21.38192077,1.0
93,6,1.4084988135868124,-14.358252,-11.96753377,1.0
93,7,1.4084988135868124,-14.247323,-11.85660477,1.0
93,8,1.4084988135868124,-9.711647,-7.320928769999999,1.0
93,9,1.4084988135868124,-6.372889,-3.9821707699999997,1.0
93,10,1.4084988135868124,-6.206067,-3.81534877,1.0
93,11,1.4084988135868124,-5.764304,-3.37358577,1.0
93,12,1.4084988135868124,-3.614993,-1.22427477,1.0
93,13,1.4084988135868124,-3.451993,-1.0612747699999998,1.0
93,14,1.4084988135868124,-0.928015,1.46270323,0.0
93,15,1.4084988135868124,2.431812,4.82253023,0.0
93,16,1.4084988135868124,2.581553,4.9722712300000005,0.0
93,17,1.4084988135868124,3.761811,6.15252923,0.0
93,18,1.4084988135868124,5.091318,7.48203623,0.0
93,19,1.4084988135868124,5.956651,8.34736923,0.0
93,20,1.4084988135868124,5.968356,8.359074230000001,0.0
94,1,1.419600642142132,-23.852729,-21.46201077,1.0
94,2,1.419600642142132,-23.841872,-21.451153769999998,1.0
94,3,1.419600642142132,-23.796424,-21.405705769999997,1.0
94,4,1.419600642142132,-23.790255,-21.399536769999997,1.0
94,5,1.419600642142132,-23.772692,-21.38197377,1.0
94,6,1.419600642142132,-14.348324,-11.95760577,1.0
94,7,1.419600642142132,-14.251827,-11.861108770000001,1.0
94,8,1.419600642142132,-9.714677,-7.32395877,1.0
94,9,1.419600642142132,-6.349778,-3.9590597699999996,1.0
94,10,1.419600642142132,-6.219324,-3.8286057700000002,1.0
94,11,1.419600642142132,-5.793902,-3.40318377,1.0
94,12,1.419600642142132,-3.605584,-1.2148657699999998,1.0
94,13,1.419600642142132,-3.461753,-1.0710347699999998,1.0
94,14,1.419600642142132,-0.926286,1.46443223,0.0
94,15,1.419600642142132,2.440942,4.831660230000001,0.0
94,16,1.419600642142132,2.576361,4.9670792299999995,0.0
94,17,1.419600642142132,3.781877,6.172595230000001,0.0
94,18,1.419600642142132,5.166319,7.55703723,0.0
94,19,1.419600642142132,5.952616,8.34333423,0.0
94,20,1.419600642142132,5.957823,8.34854123,0.0
95,1,1.4307024706974516,-23.851817,-21.46109877,1.0
95,2,1.4307024706974516,-23.842815,-21.45209677,1.0
95,3,1.4307024706974516,-23.795853,-21.40513477,1.0
95,4,1.4307024706974516,-23.790758,-21.40003977,1.0
95,5,1.4307024706974516,-23.77274,-21.382021769999998,1.0
95,6,1.4307024706974516,-14.338518,-11.94779977,1.0
95,7,1.4307024706974516,-14.256926,-11.866207769999999,1.0
95,8,1.4307024706974516,-9.71738,-7.32666177,1.0
95,9,1.4307024706974516,-6.327917,-3.93719877,1.0
95,10,1.4307024706974516,-6.230785,-3.84006677,1.0
95,11,1.4307024706974516,-5.821165,-3.4304467699999996,1.0
95,12,1.4307024706974516,-3.595312,-1.2045937699999998,1.0
95,13,1.4307024706974516,-3.472167,-1.0814487699999997,1.0
95,14,1.4307024706974516,-0.925147,1.4655712300000001,0.0
95,15,1.4307024706974516,2.45112,4.8418382300000005,0.0
95,16,1.4307024706974516,2.569637,4.96035523,0.0
95,17,1.4307024706974516,3.798274,6.18899223,0.0
95,18,1.4307024706974516,5.233743,7.62446123,0.0
95,19,1.4307024706974516,5.949307,8.34002523,0.0
95,20,1.4307024706974516,5.975984,8.366702230000001,0.0
96,1,1.441804299252771,-23.850908,-21.46018977,1.0
96,2,1.441804299252771,-23.843746,-21.45302777,1.0
96,3,1.441804299252771,-23.795291,-21.404572769999998,1.0
96,4,1.441804299252771,-23.791259,-21.40054077,1.0
96,5,1.441804299252771,-23.772783,-21.38206477,1.0
96,6,1.441804299252771,-14.328855,-11.93813677,1.0
96,7,1.441804299252771,-14.262643,-11.87192477,1.0
96,8,1.441804299252771,-9.719706,-7.32898777,1.0
96,9,1.441804299252771,-6.307886,-3.91716777,1.0
96,10,1.441804299252771,-6.240469,-3.84975077,1.0
96,11,1.441804299252771,-5.845416,-3.45469777,1.0
96,12,1.441804299252771,-3.58425,-1.1935317699999999,1.0
96,13,1.441804299252771,-3.483225,-1.09250677,1.0
96,14,1.441804299252771,-0.924467,1.4662512300000001,0.0
96,15,1.441804299252771,2.462253,4.85297123,0.0
96,16,1.441804299252771,2.561416,4.95213423,0.0
96,17,1.441804299252771,3.811178,6.20189623,0.0
96,18,1.441804299252771,5.291237,7.68195523,0.0
96,19,1.441804299252771,5.944535,8.33525323,0.0
96,20,1.441804299252771,5.972785,8.36350323,0.0
97,1,1.4529062910050765,-23.850007,-21.45928877,1.0
97,2,1.4529062910050765,-23.844668,-21.453949769999998,1.0
97,3,1.4529062910050765,-23.794745,-21.404026769999998,1.0
97,4,1.4529062910050765,-23.791755,-21.401036769999997,1.0
97,5,1.4529062910050765,-23.772818,-21.38209977,1.0
97,6,1.4529062910050765,-14.319359,-11.928640770000001,1.0
97,7,1.4529062910050765,-14.268997,-11.878278770000001,1.0
97,8,1.4529062910050765,-9.721604,-7.330885769999999,1.0
97,9,1.4529062910050765,-6.290424,-3.8997057699999997,1.0
97,10,1.4529062910050765,-6.248403,-3.8576847699999997,1.0
97,11,1.4529062910050765,-5.865835,-3.4751167699999996,1.0
97,12,1.4529062910050765,-3.572474,-1.18175577,1.0
97,13,1.4529062910050765,-3.494914,-1.10419577,1.0
97,14,1.4529062910050765,-0.924124,1.46659423,0.0
97,15,1.4529062910050765,2.474251,4.86496923,0.0
97,16,1.4529062910050765,2.55174,4.94245823,0.0
97,17,1.4529062910050765,3.820798,6.21151623,0.0
97,18,1.4529062910050765,5.336554,7.72727223,0.0
97,19,1.4529062910050765,5.956345,8.34706323,0.0
97,20,1.4529062910050765,5.983851,8.374569229999999,0.0
98,1,1.464008119560396,-23.849113,-21.458394769999998,1.0
98,2,1.464008119560396,-23.845577,-21.454858769999998,1.0
98,3,1.464008119560396,-23.794216,-21.403497769999998,1.0
98,4,1.464008119560396,-23.792246,-21.401527769999998,1.0
98,5,1.464008119560396,-23.772842,-21.38212377,1.0
98,6,1.464008119560396,-14.310051,-11.91933277,1.0
98,7,1.464008119560396,-14.276011,-11.88529277,1.0
98,8,1.464008119560396,-9.723022,-7.33230377,1.0
98,9,1.464008119560396,-6.276399,-3.8856807699999996,1.0
98,10,1.464008119560396,-6.254615,-3.86389677,1.0
98,11,1.464008119560396,-5.881472,-3.4907537699999995,1.0
98,12,1.464008119560396,-3.560053,-1.1693347699999999,1.0
98,13,1.464008119560396,-3.507215,-1.11649677,1.0
98,14,1.464008119560396,-0.924005,1.46671323,0.0
98,15,1.464008119560396,2.487023,4.87774123,0.0
98,16,1.464008119560396,2.540659,4.93137723,0.0
98,17,1.464008119560396,3.827367,6.21808523,0.0
98,18,1.464008119560396,5.368242,7.7589602300000005,0.0
98,19,1.464008119560396,5.959264,8.34998223,0.0
98,20,1.464008119560396,6.008406,8.39912423,0.0
99,1,1.4751099481157155,-23.848225,-21.45750677,1.0
99,2,1.4751099481157155,-23.84647,-21.45575177,1.0
99,3,1.4751099481157155,-23.793704,-21.40298577,1.0
99,4,1.4751099481157155,-23.792731,-21.40201277,1.0
99,5,1.4751099481157155,-23.772856,-21.38213777,1.0
99,6,1.4751099481157155,-14.300953,-11.910234769999999,1.0
99,7,1.4751099481157155,-14.283703,-11.892984769999998,1.0
99,8,1.4751099481157155,-9.72391,-7.33319177,1.0
99,9,1.4751099481157155,-6.266699,-3.87598077,1.0
99,10,1.4751099481157155,-6.259139,-3.86842077,1.0
99,11,1.4751099481157155,-5.891364,-3.50064577,1.0
99,12,1.4751099481157155,-3.547059,-1.15634077,1.0
99,13,1.4751099481157155,-3.520106,-1.1293877700000001,1.0
99,14,1.4751099481157155,-0.924001,1.46671723,0.0
99,15,1.4751099481157155,2.500479,4.8911972299999995,0.0
99,16,1.4751099481157155,2.528232,4.91895023,0.0
99,17,1.4751099481157155,3.831132,6.22185023,0.0
99,18,1.4751099481157155,5.386198,7.77691623,0.0
99,19,1.4751099481157155,5.980516,8.371234229999999,0.0
99,20,1.4751099481157155,6.009886,8.400604229999999,0.0
100,1,1.486211776671035,-23.847348,-21.45662977,1.0
100,2,1.486211776671035,-23.847342,-21.45662377,1.0
100,3,1.486211776671035,-23.793211,-21.40249277,1.0
100,4,1.486211776671035,-23.79321,-21.402491769999997,1.0
100,5,1.486211776671035,-23.772861,-21.382142769999998,1.0
100,6,1.486211776671035,-14.292091,-11.901372769999998,1.0
100,7,1.486211776671035,-14.292088,-11.901369769999999,1.0
100,8,1.486211776671035,-9.724216,-7.33349777,1.0
100,9,1.486211776671035,-6.26201,-3.87129177,1.0
100,10,1.486211776671035,-6.262009,-3.87129077,1.0
100,11,1.486211776671035,-5.894755,-3.50403677,1.0
100,12,1.486211776671035,-3.533561,-1.1428427700000001,1.0
100,13,1.486211776671035,-3.533558,-1.1428397700000001,1.0
100,14,1.486211776671035,-0.924021,1.46669723,0.0
100,15,1.486211776671035,2.514528,4.9052462299999995,0.0
100,16,1.486211776671035,2.51453,4.90524823,0.0
100,17,1.486211776671035,3.832335,6.22305323,0.0
100,18,1.486211776671035,5.391698,7.78241623,0.0
100,19,1.486211776671035,5.987446,8.37816423,0.0
100,20,1.486211776671035,6.020273,8.41099123,0.0
101,1,1.486211776671035,-23.847348,-21.45662977,1.0
101,2,1.486211776671035,-23.847342,-21.45662377,1.0
101,3,1.486211776671035,-23.793211,-21.40249277,1.0
101,4,1.486211776671035,-23.79321,-21.402491769999997,1.0
101,5,1.486211776671035,-23.772861,-21.382142769999998,1.0
101,6,1.486211776671035,-14.292091,-11.901372769999998,1.0
101,7,1.486211776671035,-14.292088,-11.901369769999999,1.0
101,8,1.486211776671035,-9.724216,-7.33349777,1.0
101,9,1.486211776671035,-6.26201,-3.87129177,1.0
101,10,1.486211776671035,-6.262009,-3.87129077,1.0
101,11,1.486211776671035,-5.894755,-3.50403677,1.0
101,12,1.486211776671035,-3.533561,-1.1428427700000001,1.0
101,13,1.486211776671035,-3.533558,-1.1428397700000001,1.0
101,14,1.486211776671035,-0.924021,1.46669723,0.0
101,15,1.486211776671035,2.514528,4.9052462299999995,0.0
101,16,1.486211776671035,2.51453,4.90524823,0.0
101,17,1.486211776671035,3.832335,6.22305323,0.0
101,18,1.486211776671035,5.391736,7.78245423,0.0
101,19,1.486211776671035,5.987446,8.37816423,0.0
101,20,1.486211776671035,6.022121,8.41283923,0.0
102,1,1.5084154337811508,-23.849062,-21.45834377,1.0
102,2,1.5084154337811508,-23.845623,-21.45490477,1.0
102,3,1.5084154337811508,-23.794165,-21.40344677,1.0
102,4,1.5084154337811508,-23.792299,-21.40158077,1.0
102,5,1.5084154337811508,-23.772841,-21.38212277,1.0
102,6,1.5084154337811508,-14.311007,-11.920288769999999,1.0
102,7,1.5084154337811508,-14.275151,-11.88443277,1.0
102,8,1.5084154337811508,-9.722892,-7.33217377,1.0
102,9,1.5084154337811508,-6.267979,-3.8772607700000004,1.0
102,10,1.5084154337811508,-6.262969,-3.87225077,1.0
102,11,1.5084154337811508,-5.881484,-3.4907657700000003,1.0
102,12,1.5084154337811508,-3.562034,-1.17131577,1.0
102,13,1.5084154337811508,-3.505312,-1.11459377,1.0
102,14,1.5084154337811508,-0.923784,1.4669342300000001,0.0
102,15,1.5084154337811508,2.483618,4.87433623,0.0
102,16,1.5084154337811508,2.544051,4.934769230000001,0.0
102,17,1.5084154337811508,3.827972,6.21869023,0.0
102,18,1.5084154337811508,5.37437,7.76508823,0.0
102,19,1.5084154337811508,5.983724,8.37444223,0.0
102,20,1.5084154337811508,6.04234,8.43305823,0.0
103,1,1.530619090891267,-23.850702,-21.459983769999997,1.0
103,2,1.530619090891267,-23.843942,-21.453223769999997,1.0
103,3,1.530619090891267,-23.795089,-21.40437077,1.0
103,4,1.530619090891267,-23.79149,-21.40077177,1.0
103,5,1.530619090891267,-23.772776,-21.38205777,1.0
103,6,1.530619090891267,-14.332862,-11.942143770000001,1.0
103,7,1.530619090891267,-14.259406,-11.868687770000001,1.0
103,8,1.530619090891267,-9.718674,-7.32795577,1.0
103,9,1.530619090891267,-6.289969,-3.89925077,1.0
103,10,1.530619090891267,-6.257847,-3.86712877,1.0
103,11,1.530619090891267,-5.845523,-3.45480477,1.0
103,12,1.530619090891267,-3.592312,-1.2015937700000001,1.0
103,13,1.530619090891267,-3.475804,-1.08508577,1.0
103,14,1.530619090891267,-0.9227,1.4680182300000002,0.0
103,15,1.530619090891267,2.448668,4.839386230000001,0.0
103,16,1.530619090891267,2.574879,4.96559723,0.0
103,17,1.530619090891267,3.815941,6.20665923,0.0
103,18,1.530619090891267,5.33324,7.72395823,0.0
103,19,1.530619090891267,5.866245,8.25696323,0.0
103,20,1.530619090891267,6.03255,8.42326823,0.0
104,1,1.552822748001383,-23.852257,-21.46153877,1.0
104,2,1.552822748001383,-23.842303,-21.45158477,1.0
104,3,1.552822748001383,-23.795983,-21.40526477,1.0
104,4,1.552822748001383,-23.790789,-21.40007077,1.0
104,5,1.552822748001383,-23.772665,-21.38194677,1.0
104,6,1.552822748001383,-14.357715,-11.966996770000002,1.0
104,7,1.552822748001383,-14.245022,-11.854303770000001,1.0
104,8,1.552822748001383,-9.711224,-7.32050577,1.0
104,9,1.552822748001383,-6.320276,-3.9295577699999997,1.0
104,10,1.552822748001383,-6.24705,-3.8563317699999997,1.0
104,11,1.552822748001383,-5.794184,-3.4034657699999995,1.0
104,12,1.552822748001383,-3.623996,-1.23327777,1.0
104,13,1.552822748001383,-3.445513,-1.05479477,1.0
104,14,1.552822748001383,-0.920329,1.47038923,0.0
104,15,1.552822748001383,2.410541,4.801259229999999,0.0
104,16,1.552822748001383,2.606314,4.99703223,0.0
104,17,1.552822748001383,3.797562,6.18828023,0.0
104,18,1.552822748001383,5.279899,7.67061723,0.0
104,19,1.552822748001383,5.782691,8.17340923,0.0
104,20,1.552822748001383,6.00644,8.397158229999999,0.0
105,1,1.5750267315062703,-23.853724,-21.46300577,1.0
105,2,1.5750267315062703,-23.840713,-21.44999477,1.0
105,3,1.5750267315062703,-23.796847,-21.40612877,1.0
105,4,1.5750267315062703,-23.79021,-21.399491769999997,1.0
105,5,1.5750267315062703,-23.772511,-21.38179277,1.0
105,6,1.5750267315062703,-14.38559,-11.99487177,1.0
105,7,1.5750267315062703,-14.23216,-11.84144177,1.0
105,8,1.5750267315062703,-9.700248,-7.30952977,1.0
105,9,1.5750267315062703,-6.352873,-3.9621547699999997,1.0
105,10,1.5750267315062703,-6.231015,-3.84029677,1.0
105,11,1.5750267315062703,-5.733171,-3.3424527699999995,1.0
105,12,1.5750267315062703,-3.656617,-1.2658987699999997,1.0
105,13,1.5750267315062703,-3.414889,-1.02417077,1.0
105,14,1.5750267315062703,-0.916366,1.47435223,0.0
105,15,1.5750267315062703,2.370178,4.76089623,0.0
105,16,1.5750267315062703,2.637654,5.02837223,0.0
105,17,1.5750267315062703,3.773812,6.16453023,0.0
105,18,1.5750267315062703,5.220833,7.61155123,0.0
105,19,1.5750267315062703,5.675884,8.06660223,0.0
105,20,1.5750267315062703,5.922575,8.31329323,0.0
106,1,1.597230388616386,-23.855081,-21.464362769999997,1.0
106,2,1.597230388616386,-23.839179,-21.44846077,1.0
106,3,1.597230388616386,-23.797669,-21.406950769999998,1.0
106,4,1.597230388616386,-23.789752,-21.39903377,1.0
106,5,1.597230388616386,-23.772328,-21.38160977,1.0
106,6,1.597230388616386,-14.416473,-12.025754769999999,1.0
106,7,1.597230388616386,-14.220968,-11.830249769999998,1.0
106,8,1.597230388616386,-9.685505,-7.294786769999999,1.0
106,9,1.597230388616386,-6.384084,-3.9933657699999996,1.0
106,10,1.597230388616386,-6.210206,-3.8194877700000003,1.0
106,11,1.597230388616386,-5.665885,-3.2751667700000002,1.0
106,12,1.597230388616386,-3.68964,-1.2989217699999998,1.0
106,13,1.597230388616386,-3.384366,-0.9936477699999999,1.0
106,14,1.597230388616386,-0.910625,1.48009323,0.0
106,15,1.597230388616386,2.328558,4.71927623,0.0
106,16,1.597230388616386,2.668194,5.058912230000001,0.0
106,17,1.597230388616386,3.745404,6.13612223,0.0
106,18,1.597230388616386,5.159768,7.55048623,0.0
106,19,1.597230388616386,5.570284,7.96100223,0.0
106,20,1.597230388616386,5.848011,8.23872923,0.0
107,1,1.6194340457265022,-23.856331,-21.46561277,1.0
107,2,1.6194340457265022,-23.8377,-21.44698177,1.0
107,3,1.6194340457265022,-23.798453,-21.407734769999998,1.0
107,4,1.6194340457265022,-23.78941,-21.39869177,1.0
107,5,1.6194340457265022,-23.772122,-21.38140377,1.0
107,6,1.6194340457265022,-14.450311,-12.059592769999998,1.0
107,7,1.6194340457265022,-14.21158,-11.82086177,1.0
107,8,1.6194340457265022,-9.666818,-7.276099769999999,1.0
107,9,1.6194340457265022,-6.411761,-4.02104277,1.0
107,10,1.6194340457265022,-6.185112,-3.79439377,1.0
107,11,1.6194340457265022,-5.594265,-3.20354677,1.0
107,12,1.6194340457265022,-3.722478,-1.3317597700000001,1.0
107,13,1.6194340457265022,-3.354352,-0.96363377,1.0
107,14,1.6194340457265022,-0.903028,1.4876902300000001,0.0
107,15,1.6194340457265022,2.286652,4.67737023,0.0
107,16,1.6194340457265022,2.697221,5.08793923,0.0
107,17,1.6194340457265022,3.712856,6.1035742299999995,0.0
107,18,1.6194340457265022,5.098832,7.48955023,0.0
107,19,1.6194340457265022,5.459796,7.85051423,0.0
107,20,1.6194340457265022,5.764422,8.15514023,0.0
108,1,1.6416377028366183,-23.857459,-21.466740769999998,1.0
108,2,1.6416377028366183,-23.836284,-21.445565769999998,1.0
108,3,1.6416377028366183,-23.799187,-21.40846877,1.0
108,4,1.6416377028366183,-23.789183,-21.39846477,1.0
108,5,1.6416377028366183,-23.771914,-21.381195769999998,1.0
108,6,1.6416377028366183,-14.487013,-12.09629477,1.0
108,7,1.6416377028366183,-14.204116,-11.813397770000002,1.0
108,8,1.6416377028366183,-9.644071,-7.25335277,1.0
108,9,1.6416377028366183,-6.434592,-4.04387377,1.0
108,10,1.6416377028366183,-6.156234,-3.7655157700000004,1.0
108,11,1.6416377028366183,-5.519468,-3.1287497699999998,1.0
108,12,1.6416377028366183,-3.754495,-1.3637767699999999,1.0
108,13,1.6416377028366183,-3.325241,-0.9345227700000001,1.0
108,14,1.6416377028366183,-0.89358,1.49713823,0.0
108,15,1.6416377028366183,2.245388,4.63610623,0.0
108,16,1.6416377028366183,2.724012,5.11473023,0.0
108,17,1.6416377028366183,3.676576,6.06729423,0.0
108,18,1.6416377028366183,5.039478,7.43019623,0.0
108,19,1.6416377028366183,5.346864,7.73758223,0.0
108,20,1.6416377028366183,5.676018,8.06673623,0.0
109,1,1.663841359946734,-23.858463,-21.46774477,1.0
109,2,1.663841359946734,-23.834929,-21.444210769999998,1.0
109,3,1.663841359946734,-23.799874,-21.409155769999998,1.0
109,4,1.663841359946734,-23.789055,-21.39833677,1.0
109,5,1.663841359946734,-23.771715,-21.38099677,1.0
109,6,1.663841359946734,-14.526453,-12.13573477,1.0
109,7,1.663841359946734,-14.198676,-11.807957770000002,1.0
109,8,1.663841359946734,-9.617215,-7.22649677,1.0
109,9,1.663841359946734,-6.451723,-4.06100477,1.0
109,10,1.663841359946734,-6.124087,-3.7333687700000002,1.0
109,11,1.663841359946734,-5.442242,-3.05152377,1.0
109,12,1.663841359946734,-3.78502,-1.3943017699999998,1.0
109,13,1.663841359946734,-3.297393,-0.90667477,1.0
109,14,1.663841359946734,-0.882352,1.50836623,0.0
109,15,1.663841359946734,2.205618,4.59633623,0.0
109,16,1.663841359946734,2.747834,5.13855223,0.0
109,17,1.663841359946734,3.636914,6.02763223,0.0
109,18,1.663841359946734,4.982572,7.37329023,0.0
109,19,1.663841359946734,5.233144,7.62386223,0.0
109,20,1.663841359946734,5.585812,7.97653023,0.0
110,1,1.6860453434516214,-23.859339,-21.468620769999998,1.0
110,2,1.6860453434516214,-23.833639,-21.44292077,1.0
110,3,1.6860453434516214,-23.80051,-21.409791769999998,1.0
110,4,1.6860453434516214,-23.789019,-21.39830077,1.0
110,5,1.6860453434516214,-23.771542,-21.38082377,1.0
110,6,1.6860453434516214,-14.568474,-12.177755770000001,1.0
110,7,1.6860453434516214,-14.195345,-11.804626769999999,1.0
110,8,1.6860453434516214,-9.586265,-7.195546769999999,1.0
110,9,1.6860453434516214,-6.462578,-4.07185977,1.0
110,10,1.6860453434516214,-6.089189,-3.69847077,1.0
110,11,1.6860453434516214,-5.363114,-2.9723957700000003,1.0
110,12,1.6860453434516214,-3.813362,-1.42264377,1.0
110,13,1.6860453434516214,-3.271156,-0.8804377699999999,1.0
110,14,1.6860453434516214,-0.869468,1.5212502300000001,0.0
110,15,1.6860453434516214,2.168104,4.5588222300000005,0.0
110,16,1.6860453434516214,2.767952,5.15867023,0.0
110,17,1.6860453434516214,3.59421,5.9849282299999995,0.0
110,18,1.6860453434516214,4.928665,7.31938323,0.0
110,19,1.6860453434516214,5.120026,7.51074423,0.0
110,20,1.6860453434516214,5.49607,7.88678823,0.0
111,1,1.7082490005617372,-23.860086,-21.469367769999998,1.0
111,2,1.7082490005617372,-23.832411,-21.44169277,1.0
111,3,1.7082490005617372,-23.801096,-21.41037777,1.0
111,4,1.7082490005617372,-23.789059,-21.39834077,1.0
111,5,1.7082490005617372,-23.771415,-21.38069677,1.0
111,6,1.7082490005617372,-14.612891,-12.22217277,1.0
111,7,1.7082490005617372,-14.194182,-11.80346377,1.0
111,8,1.7082490005617372,-9.551305,-7.160586769999999,1.0
111,9,1.7082490005617372,-6.466755,-4.07603677,1.0
111,10,1.7082490005617372,-6.052056,-3.6613377700000003,1.0
111,11,1.7082490005617372,-5.282487,-2.8917687699999997,1.0
111,12,1.7082490005617372,-3.838822,-1.44810377,1.0
111,13,1.7082490005617372,-3.246833,-0.85611477,1.0
111,14,1.7082490005617372,-0.855086,1.53563223,0.0
111,15,1.7082490005617372,2.133494,4.52421223,0.0
111,16,1.7082490005617372,2.783642,5.17436023,0.0
111,17,1.7082490005617372,3.548807,5.93952523,0.0
111,18,1.7082490005617372,4.878048,7.26876623,0.0
111,19,1.7082490005617372,5.008639,7.39935723,0.0
111,20,1.7082490005617372,5.408623,7.7993412300000005,0.0
112,1,1.730452657671853,-23.860704,-21.469985769999997,1.0
112,2,1.730452657671853,-23.831261,-21.44054277,1.0
112,3,1.730452657671853,-23.801633,-21.410914769999998,1.0
112,4,1.730452657671853,-23.789172,-21.39845377,1.0
112,5,1.730452657671853,-23.771346,-21.38062777,1.0
112,6,1.730452657671853,-14.659497,-12.26877877,1.0
112,7,1.730452657671853,-14.195226,-11.80450777,1.0
112,8,1.730452657671853,-9.512477,-7.1217587700000005,1.0
112,9,1.730452657671853,-6.463967,-4.07324877,1.0
112,10,1.730452657671853,-6.013188,-3.6224697700000004,1.0
112,11,1.730452657671853,-5.200707,-2.8099887700000004,1.0
112,12,1.730452657671853,-3.860705,-1.4699867699999998,1.0
112,13,1.730452657671853,-3.224716,-0.8339977699999999,1.0
112,14,1.730452657671853,-0.839388,1.55133023,0.0
112,15,1.730452657671853,2.102313,4.49303123,0.0
112,16,1.730452657671853,2.794209,5.1849272299999996,0.0
112,17,1.730452657671853,3.501061,5.89177923,0.0
112,18,1.730452657671853,4.830774,7.22149223,0.0
112,19,1.730452657671853,4.899884,7.29060223,0.0
112,20,1.730452657671853,5.324785,7.71550323,0.0
113,1,1.752656314781969,-23.861183,-21.47046477,1.0
113,2,1.752656314781969,-23.830183,-21.43946477,1.0
113,3,1.752656314781969,-23.802111,-21.41139277,1.0
113,4,1.752656314781969,-23.789337,-21.39861877,1.0
113,5,1.752656314781969,-23.771355,-21.38063677,1.0
113,6,1.752656314781969,-14.708065,-12.31734677,1.0
113,7,1.752656314781969,-14.198492,-11.80777377,1.0
113,8,1.752656314781969,-9.469984,-7.07926577,1.0
113,9,1.752656314781969,-6.454015,-4.06329677,1.0
113,10,1.752656314781969,-5.973058,-3.58233977,1.0
113,11,1.752656314781969,-5.118067,-2.72734877,1.0
113,12,1.752656314781969,-3.878333,-1.48761477,1.0
113,13,1.752656314781969,-3.205033,-0.8143147699999997,1.0
113,14,1.752656314781969,-0.822554,1.56816423,0.0
113,15,1.752656314781969,2.074954,4.46567223,0.0
113,16,1.752656314781969,2.799014,5.189732230000001,0.0
113,17,1.752656314781969,3.451347,5.84206523,0.0
113,18,1.752656314781969,4.786642,7.17736023,0.0
113,19,1.752656314781969,4.794508,7.1852262300000005,0.0
113,20,1.752656314781969,5.245674,7.63639223,0.0
114,1,1.7748599718920848,-23.861521,-21.47080277,1.0
114,2,1.7748599718920848,-23.829178,-21.438459769999998,1.0
114,3,1.7748599718920848,-23.802526,-21.41180777,1.0
114,4,1.7748599718920848,-23.789546,-21.39882777,1.0
114,5,1.7748599718920848,-23.771443,-21.38072477,1.0
114,6,1.7748599718920848,-14.758354,-12.36763577,1.0
114,7,1.7748599718920848,-14.20397,-11.81325177,1.0
114,8,1.7748599718920848,-9.424081,-7.033362769999999,1.0
114,9,1.7748599718920848,-6.436769,-4.04605077,1.0
114,10,1.7748599718920848,-5.932097,-3.5413787699999997,1.0
114,11,1.7748599718920848,-5.034848,-2.64412977,1.0
114,12,1.7748599718920848,-3.891071,-1.5003527700000001,1.0
114,13,1.7748599718920848,-3.18798,-0.79726177,1.0
114,14,1.7748599718920848,-0.804767,1.58595123,0.0
114,15,1.7748599718920848,2.05167,4.442388230000001,0.0
114,16,1.7748599718920848,2.797506,5.188224229999999,0.0
114,17,1.7748599718920848,3.400058,5.7907762300000005,0.0
114,18,1.7748599718920848,4.693131,7.08384923,0.0
114,19,1.7748599718920848,4.74514,7.13585823,0.0
114,20,1.7748599718920848,5.17235,7.56306823,0.0
115,1,1.797063955396972,-23.861721,-21.47100277,1.0
115,2,1.797063955396972,-23.82825,-21.43753177,1.0
115,3,1.797063955396972,-23.80288,-21.412161769999997,1.0
115,4,1.797063955396972,-23.789786,-21.39906777,1.0
115,5,1.797063955396972,-23.771623,-21.38090477,1.0
115,6,1.797063955396972,-14.810117,-12.41939877,1.0
115,7,1.797063955396972,-14.211628,-11.82090977,1.0
115,8,1.797063955396972,-9.375075,-6.984356770000001,1.0
115,9,1.797063955396972,-6.412157,-4.02143877,1.0
115,10,1.797063955396972,-5.890673,-3.4999547699999995,1.0
115,11,1.797063955396972,-4.951325,-2.5606067699999997,1.0
115,12,1.797063955396972,-3.898352,-1.50763377,1.0
115,13,1.797063955396972,-3.173698,-0.7829797699999999,1.0
115,14,1.797063955396972,-0.7862,1.60451823,0.0
115,15,1.797063955396972,2.032556,4.4232742300000005,0.0
115,16,1.797063955396972,2.78925,5.17996823,0.0
115,17,1.797063955396972,3.347597,5.7383152299999995,0.0
115,18,1.797063955396972,4.596275,6.98699323,0.0
115,19,1.797063955396972,4.705379,7.09609723,0.0
115,20,1.797063955396972,5.105938,7.49665623,0.0
116,1,1.819267612507088,-23.86179,-21.47107177,1.0
116,2,1.819267612507088,-23.827403,-21.43668477,1.0
116,3,1.819267612507088,-23.803179,-21.41246077,1.0
116,4,1.819267612507088,-23.790054,-21.39933577,1.0
116,5,1.819267612507088,-23.771907,-21.381188769999998,1.0
116,6,1.819267612507088,-14.863103,-12.472384770000001,1.0
116,7,1.819267612507088,-14.221415,-11.83069677,1.0
116,8,1.819267612507088,-9.323321,-6.93260277,1.0
116,9,1.819267612507088,-6.38016,-3.98944177,1.0
116,10,1.819267612507088,-5.849074,-3.45835577,1.0
116,11,1.819267612507088,-4.86777,-2.47705177,1.0
116,12,1.819267612507088,-3.899696,-1.50897777,1.0
116,13,1.819267612507088,-3.162283,-0.7715647699999999,1.0
116,14,1.819267612507088,-0.767013,1.62370523,0.0
116,15,1.819267612507088,2.017549,4.40826723,0.0
116,16,1.819267612507088,2.773958,5.1646762299999995,0.0
116,17,1.819267612507088,3.294392,5.68511023,0.0
116,18,1.819267612507088,4.504365,6.89508323,0.0
116,19,1.819267612507088,4.666024,7.05674223,0.0
116,20,1.819267612507088,5.047776,7.43849423,0.0
117,1,1.841471269617204,-23.861725,-21.47100677,1.0
117,2,1.841471269617204,-23.82664,-21.43592177,1.0
117,3,1.841471269617204,-23.803414,-21.41269577,1.0
117,4,1.841471269617204,-23.790339,-21.39962077,1.0
117,5,1.841471269617204,-23.772293,-21.38157477,1.0
117,6,1.841471269617204,-14.917058,-12.52633977,1.0
117,7,1.841471269617204,-14.23325,-11.84253177,1.0
117,8,1.841471269617204,-9.269215,-6.878496770000001,1.0
117,9,1.841471269617204,-6.340793,-3.9500747699999996,1.0
117,10,1.841471269617204,-5.807473,-3.41675477,1.0
117,11,1.841471269617204,-4.784459,-2.39374077,1.0
117,12,1.841471269617204,-3.894735,-1.5040167699999998,1.0
117,13,1.841471269617204,-3.153767,-0.7630487700000002,1.0
117,14,1.841471269617204,-0.747334,1.6433842300000001,0.0
117,15,1.841471269617204,2.006411,4.39712923,0.0
117,16,1.841471269617204,2.751516,5.14223423,0.0
117,17,1.841471269617204,3.240906,5.63162423,0.0
117,18,1.841471269617204,4.417733,6.80845123,0.0
117,19,1.841471269617204,4.625356,7.01607423,0.0
117,20,1.841471269617204,4.999349,7.39006723,0.0
118,1,1.8636749267273198,-23.861527,-21.470808769999998,1.0
118,2,1.8636749267273198,-23.825958,-21.43523977,1.0
118,3,1.8636749267273198,-23.803582,-21.412863769999998,1.0
118,4,1.8636749267273198,-23.790628,-21.39990977,1.0
118,5,1.8636749267273198,-23.77278,-21.38206177,1.0
118,6,1.8636749267273198,-14.97173,-12.58101177,1.0
118,7,1.8636749267273198,-14.247037,-11.856318770000001,1.0
118,8,1.8636749267273198,-9.213191,-6.82247277,1.0
118,9,1.8636749267273198,-6.294118,-3.90339977,1.0
118,10,1.8636749267273198,-5.765921,-3.3752027699999996,1.0
118,11,1.8636749267273198,-4.701672,-2.3109537700000002,1.0
118,12,1.8636749267273198,-3.883226,-1.49250777,1.0
118,13,1.8636749267273198,-3.148116,-0.7573977699999999,1.0
118,14,1.8636749267273198,-0.727275,1.66344323,0.0
118,15,1.8636749267273198,1.998723,4.38944123,0.0
118,16,1.8636749267273198,2.72199,5.11270823,0.0
118,17,1.8636749267273198,3.187642,5.5783602299999995,0.0
118,18,1.8636749267273198,4.336598,6.7273162300000005,0.0
118,19,1.8636749267273198,4.581582,6.97230023,0.0
118,20,1.8636749267273198,4.962431,7.35314923,0.0
119,1,1.885878583837436,-23.861207,-21.47048877,1.0
119,2,1.885878583837436,-23.825366,-21.434647769999998,1.0
119,3,1.885878583837436,-23.803692,-21.41297377,1.0
119,4,1.885878583837436,-23.790926,-21.400207769999998,1.0
119,5,1.885878583837436,-23.773379,-21.382660769999998,1.0
119,6,1.885878583837436,-15.026876,-12.63615777,1.0
119,7,1.885878583837436,-14.262665,-11.871946770000001,1.0
119,8,1.885878583837436,-9.155716,-6.76499777,1.0
119,9,1.885878583837436,-6.240233,-3.84951477,1.0
119,10,1.885878583837436,-5.724337,-3.33361877,1.0
119,11,1.885878583837436,-4.619706,-2.22898777,1.0
119,12,1.885878583837436,-3.865087,-1.4743687699999999,1.0
119,13,1.885878583837436,-3.145246,-0.7545277700000002,1.0
119,14,1.885878583837436,-0.706929,1.68378923,0.0
119,15,1.885878583837436,1.993867,4.38458523,0.0
119,16,1.885878583837436,2.685617,5.07633523,0.0
119,17,1.885878583837436,3.135159,5.52587723,0.0
119,18,1.885878583837436,4.261044,6.65176223,0.0
119,19,1.885878583837436,4.533294,6.92401223,0.0
119,20,1.885878583837436,4.938463,7.32918123,0.0
120,1,1.9080825673423232,-23.860764,-21.47004577,1.0
120,2,1.9080825673423232,-23.824858,-21.434139769999998,1.0
120,3,1.9080825673423232,-23.803736,-21.41301777,1.0
120,4,1.9080825673423232,-23.791214,-21.40049577,1.0
120,5,1.9080825673423232,-23.774071,-21.38335277,1.0
120,6,1.9080825673423232,-15.082255,-12.691536769999999,1.0
120,7,1.9080825673423232,-14.280001,-11.889282770000001,1.0
120,8,1.9080825673423232,-9.097281,-6.706562770000001,1.0
120,9,1.9080825673423232,-6.179254,-3.78853577,1.0
120,10,1.9080825673423232,-5.682484,-3.2917657699999996,1.0
120,11,1.9080825673423232,-4.538864,-2.14814577,1.0
120,12,1.9080825673423232,-3.840389,-1.44967077,1.0
120,13,1.9080825673423232,-3.144994,-0.75427577,1.0
120,14,1.9080825673423232,-0.686347,1.70437123,0.0
120,15,1.9080825673423232,1.991028,4.38174623,0.0
120,16,1.9080825673423232,2.642792,5.03351023,0.0
120,17,1.9080825673423232,3.08409,5.474808230000001,0.0
120,18,1.9080825673423232,4.191003,6.58172123,0.0
120,19,1.9080825673423232,4.479933,6.87065123,0.0
120,20,1.9080825673423232,4.927345,7.31806323,0.0
121,1,1.9302862244524392,-23.860212,-21.46949377,1.0
121,2,1.9302862244524392,-23.824447,-21.43372877,1.0
121,3,1.9302862244524392,-23.803723,-21.41300477,1.0
121,4,1.9302862244524392,-23.791501,-21.40078277,1.0
121,5,1.9302862244524392,-23.774868,-21.38414977,1.0
121,6,1.9302862244524392,-15.137641,-12.746922770000001,1.0
121,7,1.9302862244524392,-14.298902,-11.90818377,1.0
121,8,1.9302862244524392,-9.038404,-6.64768577,1.0
121,9,1.9302862244524392,-6.11134,-3.72062177,1.0
121,10,1.9302862244524392,-5.639997,-3.24927877,1.0
121,11,1.9302862244524392,-4.459483,-2.0687647699999996,1.0
121,12,1.9302862244524392,-3.809372,-1.4186537700000001,1.0
121,13,1.9302862244524392,-3.147153,-0.7564347699999998,1.0
121,14,1.9302862244524392,-0.665579,1.72513923,0.0
121,15,1.9302862244524392,1.989189,4.379907230000001,0.0
121,16,1.9302862244524392,2.594033,4.9847512300000005,0.0
121,17,1.9302862244524392,3.035132,5.42585023,0.0
121,18,1.9302862244524392,4.126195,6.51691323,0.0
121,19,1.9302862244524392,4.421731,6.81244923,0.0
121,20,1.9302862244524392,4.902299,7.29301723,0.0
122,1,1.952489881562555,-23.859559,-21.46884077,1.0
122,2,1.952489881562555,-23.824131,-21.43341277,1.0
122,3,1.952489881562555,-23.803653,-21.41293477,1.0
122,4,1.952489881562555,-23.791778,-21.40105977,1.0
122,5,1.952489881562555,-23.775753,-21.38503477,1.0
122,6,1.952489881562555,-15.192815,-12.802096769999999,1.0
122,7,1.952489881562555,-14.319212,-11.92849377,1.0
122,8,1.952489881562555,-8.979611,-6.58889277,1.0
122,9,1.952489881562555,-6.036669,-3.64595077,1.0
122,10,1.952489881562555,-5.596377,-3.2056587700000003,1.0
122,11,1.952489881562555,-4.381909,-1.9911907700000002,1.0
122,12,1.952489881562555,-3.772414,-1.3816957699999999,1.0
122,13,1.952489881562555,-3.151437,-0.76071877,1.0
122,14,1.952489881562555,-0.64465,1.74606823,0.0
122,15,1.952489881562555,1.98715,4.37786823,0.0
122,16,1.952489881562555,2.539954,4.93067223,0.0
122,17,1.952489881562555,2.989044,5.37976223,0.0
122,18,1.952489881562555,4.066103,6.45682123,0.0
122,19,1.952489881562555,4.359399,6.75011723,0.0
122,20,1.952489881562555,4.818881,7.20959923,0.0
123,1,1.9746935386726712,-23.858798,-21.46807977,1.0
123,2,1.9746935386726712,-23.823904,-21.433185769999998,1.0
123,3,1.9746935386726712,-23.803511,-21.41279277,1.0
123,4,1.9746935386726712,-23.792032,-21.401313769999998,1.0
123,5,1.9746935386726712,-23.776716,-21.38599777,1.0
123,6,1.9746935386726712,-15.247566,-12.856847770000002,1.0
123,7,1.9746935386726712,-14.340765,-11.95004677,1.0
123,8,1.9746935386726712,-8.921427,-6.5307087699999995,1.0
123,9,1.9746935386726712,-5.955435,-3.5647167699999995,1.0
123,10,1.9746935386726712,-5.551031,-3.16031277,1.0
123,11,1.9746935386726712,-4.306507,-1.9157887699999998,1.0
123,12,1.9746935386726712,-3.730026,-1.33930777,1.0
123,13,1.9746935386726712,-3.157493,-0.76677477,1.0
123,14,1.9746935386726712,-0.623573,1.7671452300000001,0.0
123,15,1.9746935386726712,1.983579,4.37429723,0.0
123,16,1.9746935386726712,2.481227,4.87194523,0.0
123,17,1.9746935386726712,2.946595,5.3373132299999995,0.0
123,18,1.9746935386726712,4.009926,6.40064423,0.0
123,19,1.9746935386726712,4.293781,6.68449923,0.0
123,20,1.9746935386726712,4.739771,7.13048923,0.0
124,1,1.9968975221775584,-23.857952,-21.46723377,1.0
124,2,1.9968975221775584,-23.823774,-21.43305577,1.0
124,3,1.9968975221775584,-23.803315,-21.41259677,1.0
124,4,1.9968975221775584,-23.792273,-21.40155477,1.0
124,5,1.9968975221775584,-23.777748,-21.387029769999998,1.0
124,6,1.9968975221775584,-15.301703,-12.910984769999999,1.0
124,7,1.9968975221775584,-14.36339,-11.972671770000002,1.0
124,8,1.9968975221775584,-8.864378,-6.47365977,1.0
124,9,1.9968975221775584,-5.867861,-3.4771427700000004,1.0
124,10,1.9968975221775584,-5.503307,-3.1125887700000003,1.0
124,11,1.9968975221775584,-4.233699,-1.8429807699999996,1.0
124,12,1.9968975221775584,-3.682839,-1.29212077,1.0
124,13,1.9968975221775584,-3.164924,-0.77420577,1.0
124,14,1.9968975221775584,-0.602375,1.7883432300000002,0.0
124,15,1.9968975221775584,1.977085,4.36780323,0.0
124,16,1.9968975221775584,2.418554,4.8092722299999995,0.0
124,17,1.9968975221775584,2.908475,5.29919323,0.0
124,18,1.9968975221775584,3.956559,6.3472772299999995,0.0
124,19,1.9968975221775584,4.225693,6.61641123,0.0
124,20,1.9968975221775584,4.670085,7.06080323,0.0
125,1,2.0191011792876745,-23.857028,-21.46630977,1.0
125,2,2.0191011792876745,-23.82374,-21.43302177,1.0
125,3,2.0191011792876745,-23.803062,-21.41234377,1.0
125,4,2.0191011792876745,-23.792497,-21.40177877,1.0
125,5,2.0191011792876745,-23.778844,-21.38812577,1.0
125,6,2.0191011792876745,-15.35504,-12.964321770000002,1.0
125,7,2.0191011792876745,-14.386911,-11.99619277,1.0
125,8,2.0191011792876745,-8.808962,-6.418243769999999,1.0
125,9,2.0191011792876745,-5.774194,-3.3834757699999995,1.0
125,10,2.0191011792876745,-5.452523,-3.06180477,1.0
125,11,2.0191011792876745,-4.163925,-1.7732067699999998,1.0
125,12,2.0191011792876745,-3.631555,-1.24083677,1.0
125,13,2.0191011792876745,-3.173249,-0.7825307700000002,1.0
125,14,2.0191011792876745,-0.581105,1.80961323,0.0
125,15,2.0191011792876745,1.966345,4.35706323,0.0
125,16,2.0191011792876745,2.352659,4.74337723,0.0
125,17,2.0191011792876745,2.875164,5.26588223,0.0
125,18,2.0191011792876745,3.904625,6.29534323,0.0
125,19,2.0191011792876745,4.155849,6.54656723,0.0
125,20,2.0191011792876745,4.609232,6.9999502300000005,0.0
126,1,2.0413048363977904,-23.856036,-21.46531777,1.0
126,2,2.0413048363977904,-23.823799,-21.43308077,1.0
126,3,2.0413048363977904,-23.802757,-21.41203877,1.0
126,4,2.0413048363977904,-23.792698,-21.40197977,1.0
126,5,2.0413048363977904,-23.779988,-21.38926977,1.0
126,6,2.0413048363977904,-15.407403,-13.016684770000001,1.0
126,7,2.0413048363977904,-14.411151,-12.02043277,1.0
126,8,2.0413048363977904,-8.75565,-6.364931769999999,1.0
126,9,2.0413048363977904,-5.674701,-3.2839827699999997,1.0
126,10,2.0413048363977904,-5.398,-3.0072817699999996,1.0
126,11,2.0413048363977904,-4.097675,-1.7069567699999997,1.0
126,12,2.0413048363977904,-3.576937,-1.18621877,1.0
126,13,2.0413048363977904,-3.181908,-0.7911897699999999,1.0
126,14,2.0413048363977904,-0.559846,1.8308722300000002,0.0
126,15,2.0413048363977904,1.950257,4.34097523,0.0
126,16,2.0413048363977904,2.284278,4.67499623,0.0
126,17,2.0413048363977904,2.846775,5.23749323,0.0
126,18,2.0413048363977904,3.852576,6.24329423,0.0
126,19,2.0413048363977904,4.084863,6.47558123,0.0
126,20,2.0413048363977904,4.558566,6.94928423,0.0
127,1,2.063508493507906,-23.854994,-21.46427577,1.0
127,2,2.063508493507906,-23.82396,-21.43324177,1.0
127,3,2.063508493507906,-23.802409,-21.41169077,1.0
127,4,2.063508493507906,-23.792891,-21.40217277,1.0
127,5,2.063508493507906,-23.78117,-21.39045177,1.0
127,6,2.063508493507906,-15.458636,-13.067917770000001,1.0
127,7,2.063508493507906,-14.435931,-12.04521277,1.0
127,8,2.063508493507906,-8.704866,-6.314147770000001,1.0
127,9,2.063508493507906,-5.569661,-3.17894277,1.0
127,10,2.063508493507906,-5.339112,-2.94839377,1.0
127,11,2.063508493507906,-4.035511,-1.6447927699999996,1.0
127,12,2.063508493507906,-3.519781,-1.12906277,1.0
127,13,2.063508493507906,-3.190288,-0.7995697699999997,1.0
127,14,2.063508493507906,-0.538747,1.8519712300000002,0.0
127,15,2.063508493507906,1.92806,4.31877823,0.0
127,16,2.063508493507906,2.214167,4.604885230000001,0.0
127,17,2.063508493507906,2.822911,5.2136292300000004,0.0
127,18,2.063508493507906,3.798913,6.18963123,0.0
127,19,2.063508493507906,4.013261,6.40397923,0.0
127,20,2.063508493507906,4.519429,6.91014723,0.0
128,1,2.085712150618022,-23.853891,-21.46317277,1.0
128,2,2.085712150618022,-23.824211,-21.433492769999997,1.0
128,3,2.085712150618022,-23.802,-21.41128177,1.0
128,4,2.085712150618022,-23.793067,-21.40234877,1.0
128,5,2.085712150618022,-23.782366,-21.39164777,1.0
128,6,2.085712150618022,-15.508585,-13.11786677,1.0
128,7,2.085712150618022,-14.461071,-12.07035277,1.0
128,8,2.085712150618022,-8.656966,-6.2662477700000005,1.0
128,9,2.085712150618022,-5.45937,-3.06865177,1.0
128,10,2.085712150618022,-5.275294,-2.8845757699999997,1.0
128,11,2.085712150618022,-3.978023,-1.5873047699999998,1.0
128,12,2.085712150618022,-3.460878,-1.07015977,1.0
128,13,2.085712150618022,-3.19768,-0.80696177,1.0
128,14,2.085712150618022,-0.518032,1.87268623,0.0
128,15,2.085712150618022,1.899414,4.29013223,0.0
128,16,2.085712150618022,2.143119,4.53383723,0.0
128,17,2.085712150618022,2.802582,5.19330023,0.0
128,18,2.085712150618022,3.742473,6.1331912299999995,0.0
128,19,2.085712150618022,3.941494,6.33221223,0.0
128,20,2.085712150618022,4.492777,6.88349523,0.0
129,1,2.1079161341229096,-23.852759,-21.462040769999998,1.0
129,2,2.1079161341229096,-23.824547,-21.433828769999998,1.0
129,3,2.1079161341229096,-23.801549,-21.41083077,1.0
129,4,2.1079161341229096,-23.793231,-21.402512769999998,1.0
129,5,2.1079161341229096,-23.783568,-21.392849769999998,1.0
129,6,2.1079161341229096,-15.557115,-13.166396769999999,1.0
129,7,2.1079161341229096,-14.486398,-12.09567977,1.0
129,8,2.1079161341229096,-8.612249,-6.22153077,1.0
129,9,2.1079161341229096,-5.344167,-2.9534487699999996,1.0
129,10,2.1079161341229096,-5.206089,-2.8153707700000004,1.0
129,11,2.1079161341229096,-3.925868,-1.5351497699999999,1.0
129,12,2.1079161341229096,-3.401023,-1.0103047699999999,1.0
129,13,2.1079161341229096,-3.203325,-0.8126067699999999,1.0
129,14,2.1079161341229096,-0.498061,1.8926572300000002,0.0
129,15,2.1079161341229096,1.864362,4.25508023,0.0
129,16,2.1079161341229096,2.071982,4.46270023,0.0
129,17,2.1079161341229096,2.784203,5.174921230000001,0.0
129,18,2.1079161341229096,3.682704,6.07342223,0.0
129,19,2.1079161341229096,3.869953,6.26067123,0.0
129,20,2.1079161341229096,4.479127,6.86984523,0.0
130,1,2.1301197912330254,-23.8516,-21.46088177,1.0
130,2,2.1301197912330254,-23.824967,-21.43424877,1.0
130,3,2.1301197912330254,-23.801055,-21.41033677,1.0
130,4,2.1301197912330254,-23.79339,-21.402671769999998,1.0
130,5,2.1301197912330254,-23.784756,-21.39403777,1.0
130,6,2.1301197912330254,-15.604098,-13.21337977,1.0
130,7,2.1301197912330254,-14.511739,-12.121020770000001,1.0
130,8,2.1301197912330254,-8.570928,-6.18020977,1.0
130,9,2.1301197912330254,-5.224398,-2.83367977,1.0
130,10,2.1301197912330254,-5.131152,-2.74043377,1.0
130,11,2.1301197912330254,-3.879708,-1.4889897699999999,1.0
130,12,2.1301197912330254,-3.340983,-0.95026477,1.0
130,13,2.1301197912330254,-3.20643,-0.8157117700000001,1.0
130,14,2.1301197912330254,-0.479343,1.91137523,0.0
130,15,2.1301197912330254,1.82322,4.21393823,0.0
130,16,2.1301197912330254,2.001696,4.39241423,0.0
130,17,2.1301197912330254,2.765715,5.15643323,0.0
130,18,2.1301197912330254,3.619823,6.010541229999999,0.0
130,19,2.1301197912330254,3.798979,6.18969723,0.0
130,20,2.1301197912330254,4.47839,6.86910823,0.0
131,1,2.1523234483431413,-23.850427,-21.45970877,1.0
131,2,2.1523234483431413,-23.82547,-21.43475177,1.0
131,3,2.1523234483431413,-23.800529,-21.40981077,1.0
131,4,2.1523234483431413,-23.793554,-21.40283577,1.0
131,5,2.1523234483431413,-23.785913,-21.39519477,1.0
131,6,2.1523234483431413,-15.649416,-13.258697770000001,1.0
131,7,2.1523234483431413,-14.536932,-12.14621377,1.0
131,8,2.1523234483431413,-8.533137,-6.14241877,1.0
131,9,2.1523234483431413,-5.100457,-2.7097387699999995,1.0
131,10,2.1523234483431413,-5.050267,-2.65954877,1.0
131,11,2.1523234483431413,-3.840152,-1.4494337699999997,1.0
131,12,2.1523234483431413,-3.281481,-0.8907627699999998,1.0
131,13,2.1523234483431413,-3.206242,-0.81552377,1.0
131,14,2.1523234483431413,-0.46257,1.9281482300000001,0.0
131,15,2.1523234483431413,1.776424,4.16714223,0.0
131,16,2.1523234483431413,1.933312,4.32403023,0.0
131,17,2.1523234483431413,2.744727,5.13544523,0.0
131,18,2.1523234483431413,3.554823,5.94554123,0.0
131,19,2.1523234483431413,3.728873,6.11959123,0.0
131,20,2.1523234483431413,4.490098,6.88081623,0.0
132,1,2.174527105453257,-23.849259,-21.45854077,1.0
132,2,2.174527105453257,-23.826041,-21.43532277,1.0
132,3,2.174527105453257,-23.799972,-21.40925377,1.0
132,4,2.174527105453257,-23.793738,-21.40301977,1.0
132,5,2.174527105453257,-23.787013,-21.39629477,1.0
132,6,2.174527105453257,-15.692963,-13.302244770000001,1.0
132,7,2.174527105453257,-14.561812,-12.171093769999999,1.0
132,8,2.174527105453257,-8.498932,-6.10821377,1.0
132,9,2.174527105453257,-4.972755,-2.58203677,1.0
132,10,2.174527105453257,-4.963348,-2.57262977,1.0
132,11,2.174527105453257,-3.807651,-1.4169327699999998,1.0
132,12,2.174527105453257,-3.223195,-0.83247677,1.0
132,13,2.174527105453257,-3.20216,-0.8114417700000001,1.0
132,14,2.174527105453257,-0.448645,1.94207323,0.0
132,15,2.174527105453257,1.72439,4.115108230000001,0.0
132,16,2.174527105453257,1.868029,4.25874723,0.0
132,17,2.174527105453257,2.718737,5.10945523,0.0
132,18,2.174527105453257,3.489363,5.88008123,0.0
132,19,2.174527105453257,3.659901,6.050619230000001,0.0
132,20,2.174527105453257,4.512863,6.90358123,0.0
133,1,2.196730762563373,-23.848094,-21.45737577,1.0
133,2,2.196730762563373,-23.82668,-21.43596177,1.0
133,3,2.196730762563373,-23.799385,-21.40866677,1.0
133,4,2.196730762563373,-23.793958,-21.40323977,1.0
133,5,2.196730762563373,-23.788029,-21.39731077,1.0
133,6,2.196730762563373,-15.734639,-13.34392077,1.0
133,7,2.196730762563373,-14.586228,-12.195509770000001,1.0
133,8,2.196730762563373,-8.468289,-6.07757077,1.0
133,9,2.196730762563373,-4.870443,-2.47972477,1.0
133,10,2.196730762563373,-4.841762,-2.45104377,1.0
133,11,2.196730762563373,-3.782369,-1.39165077,1.0
133,12,2.196730762563373,-3.193836,-0.8031177700000001,1.0
133,13,2.196730762563373,-3.166733,-0.7760147699999997,1.0
133,14,2.196730762563373,-0.438689,1.95202923,0.0
133,15,2.196730762563373,1.667413,4.05813123,0.0
133,16,2.196730762563373,1.807193,4.19791123,0.0
133,17,2.196730762563373,2.6854,5.0761182300000005,0.0
133,18,2.196730762563373,3.425536,5.81625423,0.0
133,19,2.196730762563373,3.592305,5.983023230000001,0.0
133,20,2.196730762563373,4.546991,6.93770923,0.0
134,1,2.2189347460682605,-23.846941,-21.45622277,1.0
134,2,2.2189347460682605,-23.82737,-21.436651769999997,1.0
134,3,2.2189347460682605,-23.798772,-21.40805377,1.0
134,4,2.2189347460682605,-23.794228,-21.40350977,1.0
134,5,2.2189347460682605,-23.788932,-21.398213769999998,1.0
134,6,2.2189347460682605,-15.774352,-13.38363377,1.0
134,7,2.2189347460682605,-14.610033,-12.21931477,1.0
134,8,2.2189347460682605,-8.441114,-6.050395770000001,1.0
134,9,2.2189347460682605,-4.771731,-2.38101277,1.0
134,10,2.2189347460682605,-4.708002,-2.3172837699999995,1.0
134,11,2.2189347460682605,-3.764096,-1.3733777699999998,1.0
134,12,2.2189347460682605,-3.181282,-0.7905637699999999,1.0
134,13,2.2189347460682605,-3.112634,-0.7219157699999998,1.0
134,14,2.2189347460682605,-0.434023,1.95669523,0.0
134,15,2.2189347460682605,1.60561,3.99632823,0.0
134,16,2.2189347460682605,1.752291,4.1430092300000005,0.0
134,17,2.2189347460682605,2.642937,5.03365523,0.0
134,18,2.2189347460682605,3.365508,5.75622623,0.0
134,19,2.2189347460682605,3.526303,5.91702123,0.0
134,20,2.2189347460682605,4.594519,6.98523723,0.0
135,1,2.2411384031783763,-23.845822,-21.455103769999997,1.0
135,2,2.2411384031783763,-23.828107,-21.43738877,1.0
135,3,2.2411384031783763,-23.798149,-21.407430769999998,1.0
135,4,2.2411384031783763,-23.794579,-21.403860769999998,1.0
135,5,2.2411384031783763,-23.789701,-21.39898277,1.0
135,6,2.2411384031783763,-15.812022,-13.421303770000002,1.0
135,7,2.2411384031783763,-14.633088,-12.24236977,1.0
135,8,2.2411384031783763,-8.417261,-6.02654277,1.0
135,9,2.2411384031783763,-4.66752,-2.2768017699999996,1.0
135,10,2.2411384031783763,-4.572075,-2.18135677,1.0
135,11,2.2411384031783763,-3.752239,-1.3615207699999998,1.0
135,12,2.2411384031783763,-3.164879,-0.7741607699999999,1.0
135,13,2.2411384031783763,-3.06138,-0.6706617700000002,1.0
135,14,2.2411384031783763,-0.436106,1.95461223,0.0
135,15,2.2411384031783763,1.538899,3.92961723,0.0
135,16,2.2411384031783763,1.704881,4.09559923,0.0
135,17,2.2411384031783763,2.590602,4.98132023,0.0
135,18,2.2411384031783763,3.311045,5.70176323,0.0
135,19,2.2411384031783763,3.462095,5.852813230000001,0.0
135,20,2.2411384031783763,4.547776,6.93849423,0.0
136,1,2.263342060288492,-23.844726,-21.45400777,1.0
136,2,2.263342060288492,-23.828871,-21.43815277,1.0
136,3,2.263342060288492,-23.79751,-21.406791769999998,1.0
136,4,2.263342060288492,-23.795017,-21.40429877,1.0
136,5,2.263342060288492,-23.790306,-21.39958777,1.0
136,6,2.263342060288492,-15.847572,-13.456853769999999,1.0
136,7,2.263342060288492,-14.655263,-12.26454477,1.0
136,8,2.263342060288492,-8.396529,-6.005810769999999,1.0
136,9,2.263342060288492,-4.558229,-2.16751077,1.0
136,10,2.263342060288492,-4.434669,-2.0439507700000004,1.0
136,11,2.263342060288492,-3.745893,-1.35517477,1.0
136,12,2.263342060288492,-3.145265,-0.7545467700000001,1.0
136,13,2.263342060288492,-3.013357,-0.62263877,1.0
136,14,2.263342060288492,-0.446402,1.94431623,0.0
136,15,2.263342060288492,1.467045,3.8577632299999998,0.0
136,16,2.263342060288492,1.666489,4.05720723,0.0
136,17,2.263342060288492,2.529046,4.91976423,0.0
136,18,2.263342060288492,3.263107,5.653825230000001,0.0
136,19,2.263342060288492,3.399864,5.79058223,0.0
136,20,2.263342060288492,4.505765,6.89648323,0.0
137,1,2.2855458153170396,-23.843684,-21.45296577,1.0
137,2,2.2855458153170396,-23.829664,-21.43894577,1.0
137,3,2.2855458153170396,-23.79687,-21.406151769999997,1.0
137,4,2.2855458153170396,-23.795541,-21.40482277,1.0
137,5,2.2855458153170396,-23.790764,-21.40004577,1.0
137,6,2.2855458153170396,-15.880937,-13.490218769999998,1.0
137,7,2.2855458153170396,-14.676436,-12.285717770000002,1.0
137,8,2.2855458153170396,-8.378691,-5.98797277,1.0
137,9,2.2855458153170396,-4.44442,-2.05370177,1.0
137,10,2.2855458153170396,-4.296626,-1.9059077699999998,1.0
137,11,2.2855458153170396,-3.74399,-1.35327177,1.0
137,12,2.2855458153170396,-3.123214,-0.7324957699999999,1.0
137,13,2.2855458153170396,-2.968904,-0.5781857700000002,1.0
137,14,2.2855458153170396,-0.466228,1.92449023,0.0
137,15,2.2855458153170396,1.389728,3.78044623,0.0
137,16,2.2855458153170396,1.638441,4.02915923,0.0
137,17,2.2855458153170396,2.460284,4.851002230000001,0.0
137,18,2.2855458153170396,3.22174,5.61245823,0.0
137,19,2.2855458153170396,3.339782,5.7305002300000005,0.0
137,20,2.2855458153170396,4.424688,6.81540623,0.0
138,1,2.3077495377061097,-23.842693,-21.45197477,1.0
138,2,2.3077495377061097,-23.830467,-21.439748769999998,1.0
138,3,2.3077495377061097,-23.796239,-21.40552077,1.0
138,4,2.3077495377061097,-23.796126,-21.40540777,1.0
138,5,2.3077495377061097,-23.791086,-21.40036777,1.0
138,6,2.3077495377061097,-15.912054,-13.52133577,1.0
138,7,2.3077495377061097,-14.696495,-12.305776770000001,1.0
138,8,2.3077495377061097,-8.363494,-5.972775769999999,1.0
138,9,2.3077495377061097,-4.326748,-1.9360297700000002,1.0
138,10,2.3077495377061097,-4.158955,-1.7682367699999997,1.0
138,11,2.3077495377061097,-3.745414,-1.3546957699999997,1.0
138,12,2.3077495377061097,-3.099448,-0.7087297700000001,1.0
138,13,2.3077495377061097,-2.928279,-0.5375607699999998,1.0
138,14,2.3077495377061097,-0.496525,1.89419323,0.0
138,15,2.3077495377061097,1.306682,3.69740023,0.0
138,16,2.3077495377061097,1.621675,4.01239323,0.0
138,17,2.3077495377061097,2.387284,4.77800223,0.0
138,18,2.3077495377061097,3.186318,5.57703623,0.0
138,19,2.3077495377061097,3.282004,5.67272223,0.0
138,20,2.3077495377061097,4.36759,6.75830823,0.0
139,1,2.32995326009518,-23.841761,-21.45104277,1.0
139,2,2.32995326009518,-23.831271,-21.44055277,1.0
139,3,2.32995326009518,-23.796739,-21.406020769999998,1.0
139,4,2.32995326009518,-23.795617,-21.40489877,1.0
139,5,2.32995326009518,-23.791308,-21.40058977,1.0
139,6,2.32995326009518,-15.940869,-13.550150769999998,1.0
139,7,2.32995326009518,-14.715332,-12.32461377,1.0
139,8,2.32995326009518,-8.350677,-5.959958769999999,1.0
139,9,2.32995326009518,-4.206009,-1.8152907699999998,1.0
139,10,2.32995326009518,-4.023005,-1.6322867700000003,1.0
139,11,2.32995326009518,-3.748991,-1.3582727700000001,1.0
139,12,2.32995326009518,-3.074547,-0.6838287699999999,1.0
139,13,2.32995326009518,-2.891697,-0.5009787700000001,1.0
139,14,2.32995326009518,-0.537681,1.85303723,0.0
139,15,2.32995326009518,1.217874,3.60859223,0.0
139,16,2.32995326009518,1.616564,4.0072822299999995,0.0
139,17,2.32995326009518,2.313324,4.704042230000001,0.0
139,18,2.32995326009518,3.155921,5.54663923,0.0
139,19,2.32995326009518,3.226679,5.61739723,0.0
139,20,2.32995326009518,4.313371,6.70408923,0.0
140,1,2.35215698248425,-23.840894,-21.450175769999998,1.0
140,2,2.35215698248425,-23.832061,-21.44134277,1.0
140,3,2.35215698248425,-23.797345,-21.40662677,1.0
140,4,2.35215698248425,-23.795021,-21.404302769999997,1.0
140,5,2.35215698248425,-23.791457,-21.40073877,1.0
140,6,2.35215698248425,-15.967332,-13.576613770000002,1.0
140,7,2.35215698248425,-14.732851,-12.34213277,1.0
140,8,2.35215698248425,-8.339976,-5.94925777,1.0
140,9,2.35215698248425,-4.083139,-1.69242077,1.0
140,10,2.35215698248425,-3.891217,-1.50049877,1.0
140,11,2.35215698248425,-3.752854,-1.36213577,1.0
140,12,2.35215698248425,-3.048865,-0.6581467700000001,1.0
140,13,2.35215698248425,-2.859331,-0.46861277,1.0
140,14,2.35215698248425,-0.589391,1.80132723,0.0
140,15,2.35215698248425,1.1237,3.51441823,0.0
140,16,2.35215698248425,1.622812,4.01353023,0.0
140,17,2.35215698248425,2.241433,4.63215123,0.0
140,18,2.35215698248425,3.129658,5.52037623,0.0
140,19,2.35215698248425,3.173951,5.56466923,0.0
140,20,2.35215698248425,4.262313,6.65303123,0.0
141,1,2.37436070487332,-23.840095,-21.44937677,1.0
141,2,2.37436070487332,-23.832816,-21.44209777,1.0
141,3,2.37436070487332,-23.797929,-21.40721077,1.0
141,4,2.37436070487332,-23.794453,-21.40373477,1.0
141,5,2.37436070487332,-23.791553,-21.40083477,1.0
141,6,2.37436070487332,-15.991398,-13.60067977,1.0
141,7,2.37436070487332,-14.748966,-12.358247769999998,1.0
141,8,2.37436070487332,-8.331138,-5.940419769999999,1.0
141,9,2.37436070487332,-3.959234,-1.5685157699999999,1.0
141,10,2.37436070487332,-3.78448,-1.3937617699999998,1.0
141,11,2.37436070487332,-3.737148,-1.3464297699999999,1.0
141,12,2.37436070487332,-3.022489,-0.6317707700000001,1.0
141,13,2.37436070487332,-2.831332,-0.4406137700000001,1.0
141,14,2.37436070487332,-0.650614,1.74010423,0.0
141,15,2.37436070487332,1.025143,3.41586123,0.0
141,16,2.37436070487332,1.639435,4.03015323,0.0
141,17,2.37436070487332,2.174034,4.56475223,0.0
141,18,2.37436070487332,3.106811,5.49752923,0.0
141,19,2.37436070487332,3.123972,5.51469023,0.0
141,20,2.37436070487332,4.214695,6.60541323,0.0
142,1,2.39656442726239,-23.839381,-21.44866277,1.0
142,2,2.39656442726239,-23.833541,-21.44282277,1.0
142,3,2.39656442726239,-23.798481,-21.407762769999998,1.0
142,4,2.39656442726239,-23.793928,-21.40320977,1.0
142,5,2.39656442726239,-23.791624,-21.400905769999998,1.0
142,6,2.39656442726239,-16.013031,-13.62231277,1.0
142,7,2.39656442726239,-14.763597,-12.37287877,1.0
142,8,2.39656442726239,-8.323921,-5.93320277,1.0
142,9,2.39656442726239,-3.835623,-1.44490477,1.0
142,10,2.39656442726239,-3.775162,-1.3844437699999999,1.0
142,11,2.39656442726239,-3.631102,-1.2403837699999998,1.0
142,12,2.39656442726239,-2.995212,-0.6044937699999999,1.0
142,13,2.39656442726239,-2.807864,-0.41714576999999986,1.0
142,14,2.39656442726239,-0.719615,1.67110323,0.0
142,15,2.39656442726239,0.923873,3.31459123,0.0
142,16,2.39656442726239,1.664835,4.05555323,0.0
142,17,2.39656442726239,2.112808,4.50352623,0.0
142,18,2.39656442726239,3.076922,5.467640230000001,0.0
142,19,2.39656442726239,3.086877,5.47759523,0.0
142,20,2.39656442726239,4.170802,6.56152023,0.0
143,1,2.41876814965146,-23.838739,-21.44802077,1.0
143,2,2.41876814965146,-23.834207,-21.44348877,1.0
143,3,2.41876814965146,-23.798974,-21.40825577,1.0
143,4,2.41876814965146,-23.793441,-21.40272277,1.0
143,5,2.41876814965146,-23.791666,-21.40094777,1.0
143,6,2.41876814965146,-16.032195,-13.64147677,1.0
143,7,2.41876814965146,-14.776672,-12.38595377,1.0
143,8,2.41876814965146,-8.318099,-5.92738077,1.0
143,9,2.41876814965146,-3.780681,-1.38996277,1.0
143,10,2.41876814965146,-3.713876,-1.32315777,1.0
143,11,2.41876814965146,-3.519449,-1.1287307699999998,1.0
143,12,2.41876814965146,-2.966524,-0.5758057700000001,1.0
143,13,2.41876814965146,-2.789082,-0.39836377,1.0
143,14,2.41876814965146,-0.794008,1.59671023,0.0
143,15,2.41876814965146,0.822233,3.21295123,0.0
143,16,2.41876814965146,1.696924,4.08764223,0.0
143,17,2.41876814965146,2.058745,4.44946323,0.0
143,18,2.41876814965146,3.033036,5.42375423,0.0
143,19,2.41876814965146,3.069537,5.46025523,0.0
143,20,2.41876814965146,4.130927,6.52164523,0.0
144,1,2.4409718720405302,-23.838171,-21.447452769999998,1.0
144,2,2.4409718720405302,-23.834805,-21.44408677,1.0
144,3,2.4409718720405302,-23.799406,-21.40868777,1.0
144,4,2.4409718720405302,-23.793005,-21.40228677,1.0
144,5,2.4409718720405302,-23.79169,-21.400971769999998,1.0
144,6,2.4409718720405302,-16.048861,-13.658142769999998,1.0
144,7,2.4409718720405302,-14.788127,-12.397408769999998,1.0
144,8,2.4409718720405302,-8.31347,-5.9227517700000005,1.0
144,9,2.4409718720405302,-3.787001,-1.39628277,1.0
144,10,2.4409718720405302,-3.595919,-1.2052007699999998,1.0
144,11,2.4409718720405302,-3.418901,-1.02818277,1.0
144,12,2.4409718720405302,-2.935747,-0.54502877,1.0
144,13,2.4409718720405302,-2.77517,-0.3844517700000001,1.0
144,14,2.4409718720405302,-0.870861,1.51985723,0.0
144,15,2.4409718720405302,0.723157,3.11387523,0.0
144,16,2.4409718720405302,1.733252,4.12397023,0.0
144,17,2.4409718720405302,2.012278,4.402996229999999,0.0
144,18,2.4409718720405302,2.992645,5.3833632300000005,0.0
144,19,2.4409718720405302,3.054606,5.445324230000001,0.0
144,20,2.4409718720405302,4.095382,6.48610023,0.0
145,1,2.4631755944296003,-23.837693,-21.44697477,1.0
145,2,2.4631755944296003,-23.835335,-21.44461677,1.0
145,3,2.4631755944296003,-23.799779,-21.40906077,1.0
145,4,2.4631755944296003,-23.792625,-21.40190677,1.0
145,5,2.4631755944296003,-23.791705,-21.40098677,1.0
145,6,2.4631755944296003,-16.063005,-13.67228677,1.0
145,7,2.4631755944296003,-14.797913,-12.40719477,1.0
145,8,2.4631755944296003,-8.309859,-5.919140769999999,1.0
145,9,2.4631755944296003,-3.792981,-1.40226277,1.0
145,10,2.4631755944296003,-3.484156,-1.09343777,1.0
145,11,2.4631755944296003,-3.333384,-0.9426657700000001,1.0
145,12,2.4631755944296003,-2.902452,-0.5117337699999998,1.0
145,13,2.4631755944296003,-2.766311,-0.3755927699999999,1.0
145,14,2.4631755944296003,-0.946724,1.44399423,0.0
145,15,2.4631755944296003,0.630034,3.0207522300000003,0.0
145,16,2.4631755944296003,1.771122,4.16184023,0.0
145,17,2.4631755944296003,1.973468,4.36418623,0.0
145,18,2.4631755944296003,2.956217,5.34693523,0.0
145,19,2.4631755944296003,3.041991,5.43270923,0.0
145,20,2.4631755944296003,4.064486,6.45520423,0.0
146,1,2.4853793494581478,-23.837299,-21.44658077,1.0
146,2,2.4853793494581478,-23.835775,-21.44505677,1.0
146,3,2.4853793494581478,-23.800088,-21.409369769999998,1.0
146,4,2.4853793494581478,-23.792305,-21.401586769999998,1.0
146,5,2.4853793494581478,-23.791714,-21.400995769999998,1.0
146,6,2.4853793494581478,-16.074605,-13.683886769999997,1.0
146,7,2.4853793494581478,-14.80598,-12.41526177,1.0
146,8,2.4853793494581478,-8.307112,-5.91639377,1.0
146,9,2.4853793494581478,-3.79822,-1.40750177,1.0
146,10,2.4853793494581478,-3.381591,-0.9908727699999997,1.0
146,11,2.4853793494581478,-3.265313,-0.8745947699999999,1.0
146,12,2.4853793494581478,-2.867258,-0.47653977000000003,1.0
146,13,2.4853793494581478,-2.762554,-0.3718357700000001,1.0
146,14,2.4853793494581478,-1.017686,1.37303223,0.0
146,15,2.4853793494581478,0.546545,2.93726323,0.0
146,16,2.4853793494581478,1.807702,4.19842023,0.0
146,17,2.4853793494581478,1.942173,4.3328912299999995,0.0
146,18,2.4853793494581478,2.924407,5.31512523,0.0
146,19,2.4853793494581478,3.031656,5.42237423,0.0
146,20,2.4853793494581478,4.038578,6.42929623,0.0
147,1,2.507583071847218,-23.836992,-21.446273769999998,1.0
147,2,2.507583071847218,-23.836132,-21.44541377,1.0
147,3,2.507583071847218,-23.800329,-21.40961077,1.0
147,4,2.507583071847218,-23.792055,-21.40133677,1.0
147,5,2.507583071847218,-23.79172,-21.40100177,1.0
147,6,2.507583071847218,-16.083645,-13.69292677,1.0
147,7,2.507583071847218,-14.812293,-12.42157477,1.0
147,8,2.507583071847218,-8.305106,-5.91438777,1.0
147,9,2.507583071847218,-3.802484,-1.4117657700000001,1.0
147,10,2.507583071847218,-3.292099,-0.9013807699999998,1.0
147,11,2.507583071847218,-3.215236,-0.8245177699999999,1.0
147,12,2.507583071847218,-2.83269,-0.4419717699999999,1.0
147,13,2.507583071847218,-2.763553,-0.37283476999999987,1.0
147,14,2.507583071847218,-1.07949,1.31122823,0.0
147,15,2.507583071847218,0.476446,2.86716423,0.0
147,16,2.507583071847218,1.840131,4.2308492300000005,0.0
147,17,2.507583071847218,1.918164,4.30888223,0.0
147,18,2.507583071847218,2.898061,5.28877923,0.0
147,19,2.507583071847218,3.023598,5.41431623,0.0
147,20,2.507583071847218,4.01799,6.40870823,0.0
148,1,2.529786794236288,-23.836764,-21.446045769999998,1.0
148,2,2.529786794236288,-23.836386,-21.44566777,1.0
148,3,2.529786794236288,-23.800499,-21.409780769999998,1.0
148,4,2.529786794236288,-23.791866,-21.401147769999998,1.0
148,5,2.529786794236288,-23.791717,-21.400998769999998,1.0
148,6,2.529786794236288,-16.09011,-13.699391769999998,1.0
148,7,2.529786794236288,-14.816822,-12.426103770000001,1.0
148,8,2.529786794236288,-8.303742,-5.91302377,1.0
148,9,2.529786794236288,-3.805625,-1.41490677,1.0
148,10,2.529786794236288,-3.220672,-0.8299537699999999,1.0
148,11,2.529786794236288,-3.181823,-0.79110477,1.0
148,12,2.529786794236288,-2.803001,-0.41228277,1.0
148,13,2.529786794236288,-2.768049,-0.3773307699999999,1.0
148,14,2.529786794236288,-1.127786,1.26293223,0.0
148,15,2.529786794236288,0.423289,2.81400723,0.0
148,16,2.529786794236288,1.865703,4.25642123,0.0
148,17,2.529786794236288,1.90121,4.29192823,0.0
148,18,2.529786794236288,2.878174,5.2688922300000005,0.0
148,19,2.529786794236288,3.017827,5.40854523,0.0
148,20,2.529786794236288,4.003026,6.39374423,0.0
149,1,2.5519905133614103,-23.836628,-21.44590977,1.0
149,2,2.5519905133614103,-23.836535,-21.44581677,1.0
149,3,2.5519905133614103,-23.800601,-21.40988277,1.0
149,4,2.5519905133614103,-23.791751,-21.40103277,1.0
149,5,2.5519905133614103,-23.79172,-21.40100177,1.0
149,6,2.5519905133614103,-16.093994,-13.703275769999998,1.0
149,7,2.5519905133614103,-14.819547,-12.428828769999999,1.0
149,8,2.5519905133614103,-8.302951,-5.91223277,1.0
149,9,2.5519905133614103,-3.807549,-1.4168307699999998,1.0
149,10,2.5519905133614103,-3.173517,-0.7827987699999999,1.0
149,11,2.5519905133614103,-3.16294,-0.7722217699999998,1.0
149,12,2.5519905133614103,-2.782863,-0.3921447699999998,1.0
149,13,2.5519905133614103,-2.773326,-0.3826077699999999,1.0
149,14,2.5519905133614103,-1.158655,1.23206323,0.0
149,15,2.5519905133614103,0.390049,2.78076723,0.0
149,16,2.5519905133614103,1.88211,4.27282823,0.0
149,17,2.5519905133614103,1.891118,4.28183623,0.0
149,18,2.5519905133614103,2.865734,5.25645223,0.0
149,19,2.5519905133614103,3.014357,5.40507523,0.0
149,20,2.5519905133614103,3.993937,6.38465523,0.0
150,1,2.574194239014428,-23.836583,-21.44586477,1.0
150,2,2.574194239014428,-23.83658,-21.44586177,1.0
150,3,2.574194239014428,-23.800633,-21.40991477,1.0
150,4,2.574194239014428,-23.791719,-21.40100077,1.0
150,5,2.574194239014428,-23.791717,-21.400998769999998,1.0
150,6,2.574194239014428,-16.095289,-13.70457077,1.0
150,7,2.574194239014428,-14.820456,-12.42973777,1.0
150,8,2.574194239014428,-8.302691,-5.911972769999999,1.0
150,9,2.574194239014428,-3.808197,-1.4174787699999998,1.0
150,10,2.574194239014428,-3.156856,-0.7661377699999998,1.0
150,11,2.574194239014428,-3.156848,-0.76612977,1.0
150,12,2.574194239014428,-2.775725,-0.38500676999999994,1.0
150,13,2.574194239014428,-2.775724,-0.3850057699999998,1.0
150,14,2.574194239014428,-1.169288,1.22143023,0.0
150,15,2.574194239014428,0.378732,2.76945023,0.0
150,16,2.574194239014428,1.887769,4.27848723,0.0
150,17,2.574194239014428,1.887769,4.27848723,0.0
150,18,2.574194239014428,2.861493,5.25221123,0.0
150,19,2.574194239014428,3.013198,5.40391623,0.0
150,20,2.574194239014428,3.990888,6.38160623,0.0
