k_index,band,distance_Ainv,energy_minus_scf_EF_eV,Sn_s,Sn_p,Sn_d,Se_s,Se_p,Se_d,projected_total
1,1,0.0,-21.44586477,0.0,0.0,0.988,0.0,0.0,0.0,0.989
1,2,0.0,-21.44586177,0.0,0.0,0.9889999999999999,0.0,0.0,0.0,0.989
1,3,0.0,-21.40991477,0.0,0.0,0.989,0.0,0.0,0.0,0.99
1,4,0.0,-21.40100077,0.0,0.0,0.991,0.0,0.0,0.0,0.991
1,5,0.0,-21.400998769999998,0.0,0.0,0.991,0.0,0.0,0.0,0.991
1,6,0.0,-13.70457077,0.139,0.0,0.0,0.516,0.01,0.0,0.664
1,7,0.0,-12.42973777,0.0,0.033,0.0,0.682,0.002,0.0,0.716
1,8,0.0,-5.911972769999999,0.333,0.0,0.005,0.2,0.142,0.0,0.68
1,9,0.0,-1.4174787699999998,0.0,0.062,0.0,0.004,0.476,0.0,0.542
1,10,0.0,-0.7661377699999998,0.0,0.127,0.0,0.0,0.512,0.004,0.646
1,11,0.0,-0.76612977,0.0,0.127,0.0,0.0,0.512,0.004,0.646
1,12,0.0,-0.38500676999999994,0.0,0.0,0.047,0.0,0.582,0.002,0.632
1,13,0.0,-0.3850057699999998,0.0,0.0,0.047,0.0,0.582,0.002,0.632
1,14,0.0,1.22143023,0.239,0.0,0.014,0.092,0.274,0.002,0.621
1,15,0.0,2.76945023,0.0,0.296,0.0,0.128,0.012,0.03,0.466
1,16,0.0,4.27848723,0.0,0.441,0.0,0.0,0.11,0.052000000000000005,0.603
1,17,0.0,4.27848723,0.0,0.441,0.0,0.0,0.11,0.052000000000000005,0.603
1,18,0.0,5.25221123,0.013,0.0,0.011,0.0,0.024,0.008,0.058
1,19,0.0,5.40391623,0.0,0.0,0.0,0.004,0.042,0.006,0.054
1,20,0.0,6.38160623,0.009,0.0,0.014,0.002,0.01,0.012,0.048
2,1,0.019228987647536864,-21.44589577,0.0,0.0,0.988,0.0,0.0,0.0,0.989
2,2,0.019228987647536864,-21.44582977,0.0,0.0,0.988,0.0,0.0,0.0,0.989
2,3,0.019228987647536864,-21.40988977,0.0,0.0,0.989,0.0,0.0,0.0,0.99
2,4,0.019228987647536864,-21.40102177,0.0,0.0,0.99,0.0,0.0,0.0,0.991
2,5,0.019228987647536864,-21.40099977,0.0,0.0,0.9910000000000001,0.0,0.0,0.0,0.991
2,6,0.019228987647536864,-13.70359877,0.139,0.0,0.0,0.516,0.01,0.0,0.664
2,7,0.019228987647536864,-12.429055770000002,0.0,0.033,0.0,0.682,0.002,0.0,0.716
2,8,0.019228987647536864,-5.91216677,0.333,0.0,0.005,0.2,0.142,0.0,0.68
2,9,0.019228987647536864,-1.4169897699999998,0.0,0.062,0.0,0.004,0.476,0.0,0.542
2,10,0.019228987647536864,-0.7787417699999999,0.001,0.126,0.0,0.0,0.512,0.004,0.645
2,11,0.019228987647536864,-0.7706267699999998,0.0,0.127,0.0,0.0,0.512,0.004,0.645
2,12,0.019228987647536864,-0.39046277000000007,0.0,0.001,0.047,0.0,0.582,0.002,0.631
2,13,0.019228987647536864,-0.38309177000000005,0.0,0.0,0.047,0.0,0.582,0.002,0.632
2,14,0.019228987647536864,1.22942223,0.239,0.0,0.014,0.09,0.274,0.002,0.621
2,15,0.019228987647536864,2.77794923,0.0,0.296,0.0,0.128,0.014,0.028,0.466
2,16,0.019228987647536864,4.27423823,0.0,0.439,0.0,0.0,0.106,0.052000000000000005,0.601
2,17,0.019228987647536864,4.28099423,0.0,0.44,0.0,0.0,0.11,0.052000000000000005,0.603
2,18,0.019228987647536864,5.25539723,0.013,0.001,0.011,0.0,0.024,0.008,0.059
2,19,0.019228987647536864,5.40478523,0.0,0.0,0.0,0.004,0.042,0.006,0.054
2,20,0.019228987647536864,6.38389423,0.009,0.0,0.014,0.002,0.01,0.012,0.048
3,1,0.03845797529507373,-21.44599677,0.0,0.0,0.9870000000000001,0.0,0.0,0.0,0.989
3,2,0.03845797529507373,-21.445713769999998,0.0,0.0,0.988,0.0,0.0,0.0,0.989
3,3,0.03845797529507373,-21.40981377,0.0,0.0,0.989,0.0,0.0,0.0,0.99
3,4,0.03845797529507373,-21.401105769999997,0.0,0.0,0.99,0.0,0.0,0.0,0.991
3,5,0.03845797529507373,-21.40099777,0.0,0.0,0.991,0.0,0.0,0.0,0.991
3,6,0.03845797529507373,-13.70068577,0.138,0.0,0.0,0.516,0.01,0.0,0.664
3,7,0.03845797529507373,-12.427010769999999,0.0,0.032,0.0,0.682,0.002,0.0,0.716
3,8,0.03845797529507373,-5.9127567700000006,0.334,0.0,0.005,0.2,0.14,0.0,0.68
3,9,0.03845797529507373,-1.41554477,0.0,0.062,0.0,0.004,0.476,0.0,0.542
3,10,0.03845797529507373,-0.8154717699999998,0.003,0.124,0.001,0.0,0.506,0.004,0.641
3,11,0.03845797529507373,-0.7837457699999999,0.0,0.125,0.001,0.0,0.512,0.004,0.644
3,12,0.03845797529507373,-0.40706076999999974,0.0,0.004,0.046,0.002,0.576,0.002,0.63
3,13,0.03845797529507373,-0.37766776999999996,0.0,0.001,0.046,0.0,0.582,0.002,0.633
3,14,0.03845797529507373,1.25280923,0.237,0.0,0.013,0.09,0.28200000000000003,0.002,0.624
3,15,0.03845797529507373,2.80304023,0.0,0.294,0.0,0.126,0.018000000000000002,0.028,0.469
3,16,0.03845797529507373,4.26186823,0.001,0.435,0.0,0.002,0.106,0.052000000000000005,0.596
3,17,0.03845797529507373,4.28849123,0.0,0.44,0.0,0.0,0.11,0.052000000000000005,0.604
3,18,0.03845797529507373,5.26479123,0.012,0.004,0.01,0.0,0.024,0.008,0.061
3,19,0.03845797529507373,5.40738923,0.0,0.0,0.0,0.004,0.042,0.006,0.054
3,20,0.03845797529507373,6.39072423,0.009,0.001,0.014,0.002,0.01,0.012,0.049
4,1,0.05768696294261058,-21.44617277,0.0,0.0,0.988,0.0,0.0,0.0,0.989
4,2,0.05768696294261058,-21.44552277,0.0,0.0,0.988,0.0,0.0,0.0,0.989
4,3,0.05768696294261058,-21.40968877,0.0,0.0,0.989,0.0,0.0,0.0,0.99
4,4,0.05768696294261058,-21.40125577,0.0,0.0,0.99,0.0,0.0,0.0,0.991
4,5,0.05768696294261058,-21.40099777,0.0,0.0,0.991,0.0,0.0,0.0,0.991
4,6,0.05768696294261058,-13.695834769999998,0.138,0.0,0.0,0.516,0.01,0.0,0.664
4,7,0.05768696294261058,-12.42361077,0.0,0.032,0.0,0.682,0.002,0.0,0.716
4,8,0.05768696294261058,-5.913767770000001,0.335,0.0,0.005,0.2,0.14,0.0,0.681
4,9,0.05768696294261058,-1.4131767699999997,0.0,0.062,0.0,0.004,0.476,0.0,0.543
4,10,0.05768696294261058,-0.87348677,0.005,0.123,0.004,0.002,0.498,0.004,0.637
4,11,0.05768696294261058,-0.8045937699999999,0.0,0.124,0.003,0.0,0.51,0.004,0.643
4,12,0.05768696294261058,-0.43520676999999974,0.0,0.008,0.044,0.002,0.57,0.002,0.628
4,13,0.05768696294261058,-0.36958277000000006,0.0,0.003,0.044,0.0,0.584,0.002,0.634
4,14,0.05768696294261058,1.28995123,0.235,0.001,0.013,0.086,0.29000000000000004,0.002,0.628
4,15,0.05768696294261058,2.84354123,0.0,0.292,0.0,0.124,0.026000000000000002,0.028,0.472
4,16,0.05768696294261058,4.24246123,0.001,0.427,0.0,0.004,0.104,0.052000000000000005,0.589
4,17,0.05768696294261058,4.30089523,0.0,0.44,0.0,0.0,0.11,0.052000000000000005,0.605
4,18,0.05768696294261058,5.27995023,0.012,0.007,0.01,0.0,0.024,0.008,0.065
4,19,0.05768696294261058,5.4117222300000005,0.0,0.0,0.0,0.004,0.042,0.006,0.054
4,20,0.05768696294261058,6.40200123,0.009,0.001,0.014,0.002,0.01,0.012,0.05
5,1,0.07691596943455835,-21.44640377,0.0,0.0,0.987,0.0,0.0,0.0,0.989
5,2,0.07691596943455835,-21.44525177,0.0,0.0,0.988,0.0,0.0,0.0,0.989
5,3,0.07691596943455835,-21.409504769999998,0.0,0.0,0.989,0.0,0.0,0.0,0.99
5,4,0.07691596943455835,-21.40144077,0.0,0.0,0.99,0.0,0.0,0.0,0.991
5,5,0.07691596943455835,-21.400995769999998,0.0,0.0,0.991,0.0,0.0,0.0,0.991
5,6,0.07691596943455835,-13.68904977,0.138,0.0,0.0,0.516,0.01,0.0,0.665
5,7,0.07691596943455835,-12.418863770000002,0.0,0.032,0.0,0.682,0.002,0.0,0.716
5,8,0.07691596943455835,-5.9152337699999995,0.336,0.0,0.005,0.2,0.14,0.0,0.681
5,9,0.07691596943455835,-1.40994677,0.0,0.062,0.0,0.004,0.476,0.0,0.543
5,10,0.07691596943455835,-0.9491867699999998,0.008,0.121,0.005,0.004,0.488,0.004,0.631
5,11,0.07691596943455835,-0.8320147699999998,0.0,0.124,0.004,0.0,0.506,0.004,0.641
5,12,0.07691596943455835,-0.47490977,0.001,0.012999999999999998,0.043000000000000003,0.004,0.562,0.002,0.624
5,13,0.07691596943455835,-0.35987776999999976,0.0,0.004,0.043,0.0,0.584,0.002,0.634
5,14,0.07691596943455835,1.3384682300000001,0.232,0.001,0.012,0.084,0.30200000000000005,0.002,0.633
5,15,0.07691596943455835,2.89759023,0.0,0.289,0.0,0.122,0.036000000000000004,0.028,0.476
5,16,0.07691596943455835,4.2177282300000005,0.002,0.419,0.0,0.006,0.102,0.05,0.579
5,17,0.07691596943455835,4.31807623,0.0,0.44,0.0,0.0,0.112,0.052000000000000005,0.606
5,18,0.07691596943455835,5.30025023,0.011,0.012,0.01,0.0,0.026000000000000002,0.008,0.069
5,19,0.07691596943455835,5.4177832299999995,0.0,0.0,0.0,0.004,0.042,0.006,0.054
5,20,0.07691596943455835,6.41757923,0.008,0.003,0.014,0.002,0.01,0.012,0.051
6,1,0.09614495708209524,-21.44670877,0.0,0.0,0.989,0.0,0.0,0.0,0.989
6,2,0.09614495708209524,-21.444904769999997,0.0,0.0,0.988,0.0,0.0,0.0,0.989
6,3,0.09614495708209524,-21.409272769999998,0.0,0.0,0.989,0.0,0.0,0.0,0.99
6,4,0.09614495708209524,-21.40168177,0.0,0.0,0.991,0.0,0.0,0.0,0.991
6,5,0.09614495708209524,-21.40099377,0.0,0.0,0.991,0.0,0.0,0.0,0.991
6,6,0.09614495708209524,-13.68033977,0.137,0.0,0.0,0.518,0.01,0.0,0.665
6,7,0.09614495708209524,-12.41278977,0.0,0.032,0.0,0.682,0.002,0.0,0.717
6,8,0.09614495708209524,-5.917213769999999,0.337,0.0,0.005,0.2,0.14,0.0,0.682
6,9,0.09614495708209524,-1.4059967699999998,0.0,0.062,0.0,0.004,0.476,0.0,0.544
6,10,0.09614495708209524,-1.0389927700000001,0.011,0.121,0.006,0.004,0.47400000000000003,0.004,0.625
6,11,0.09614495708209524,-0.86487077,0.0,0.124,0.005,0.0,0.504,0.004,0.639
6,12,0.09614495708209524,-0.5255507699999997,0.002,0.017,0.04,0.008,0.55,0.002,0.62
6,13,0.09614495708209524,-0.3495547700000001,0.0,0.005,0.043,0.0,0.586,0.002,0.635
6,14,0.09614495708209524,1.39557723,0.229,0.001,0.011,0.08,0.314,0.002,0.639
6,15,0.09614495708209524,2.96273923,0.0,0.287,0.002,0.118,0.046,0.028,0.481
6,16,0.09614495708209524,4.18990623,0.003,0.408,0.0,0.008,0.098,0.05,0.569
6,17,0.09614495708209524,4.33985123,0.0,0.44,0.0,0.0,0.11399999999999999,0.052000000000000005,0.608
6,18,0.09614495708209524,5.32499823,0.01,0.016,0.009,0.0,0.027999999999999997,0.01,0.073
6,19,0.09614495708209524,5.42558523,0.0,0.0,0.0,0.004,0.042,0.006,0.055
6,20,0.09614495708209524,6.43727023,0.008,0.005,0.014,0.002,0.012,0.012,0.053
7,1,0.11537394472963208,-21.44708477,0.0,0.0,0.988,0.0,0.0,0.0,0.989
7,2,0.11537394472963208,-21.44449277,0.0,0.0,0.988,0.0,0.0,0.0,0.989
7,3,0.11537394472963208,-21.40899577,0.0,0.0,0.989,0.0,0.0,0.0,0.99
7,4,0.11537394472963208,-21.40197277,0.0,0.0,0.9910000000000001,0.0,0.0,0.0,0.991
7,5,0.11537394472963208,-21.40098777,0.0,0.0,0.992,0.0,0.0,0.0,0.991
7,6,0.11537394472963208,-13.66971277,0.136,0.001,0.0,0.518,0.01,0.0,0.665
7,7,0.11537394472963208,-12.405408770000001,0.0,0.032,0.0,0.682,0.002,0.0,0.717
7,8,0.11537394472963208,-5.919779770000001,0.338,0.0,0.005,0.2,0.138,0.0,0.683
7,9,0.11537394472963208,-1.40165177,0.0,0.063,0.0,0.004,0.478,0.0,0.544
7,10,0.11537394472963208,-1.13957577,0.014,0.12,0.007,0.006,0.464,0.004,0.619
7,11,0.11537394472963208,-0.90217277,0.0,0.124,0.008,0.0,0.498,0.004,0.636
7,12,0.11537394472963208,-0.5859647699999999,0.003,0.021,0.038,0.01,0.54,0.004,0.615
7,13,0.11537394472963208,-0.33942676999999977,0.0,0.007,0.04,0.0,0.586,0.002,0.636
7,14,0.11537394472963208,1.45840823,0.227,0.001,0.011,0.076,0.328,0.002,0.645
7,15,0.11537394472963208,3.03601423,0.0,0.28400000000000003,0.002,0.116,0.058,0.028,0.486
7,16,0.11537394472963208,4.16175123,0.004,0.398,0.0,0.012,0.094,0.048,0.558
7,17,0.11537394472963208,4.36598823,0.0,0.44,0.0,0.0,0.118,0.052000000000000005,0.61
7,18,0.11537394472963208,5.353484229999999,0.009,0.02,0.009,0.0,0.027999999999999997,0.01,0.076
7,19,0.11537394472963208,5.43519923,0.0,0.0,0.001,0.004,0.042,0.006,0.056
7,20,0.11537394472963208,6.46085723,0.008,0.007,0.014,0.002,0.012,0.012,0.055
8,1,0.13460293237716894,-21.44752977,0.0,0.0,0.988,0.0,0.0,0.0,0.989
8,2,0.13460293237716894,-21.444013769999998,0.0,0.0,0.989,0.0,0.0,0.0,0.989
8,3,0.13460293237716894,-21.40867277,0.0,0.0,0.989,0.0,0.0,0.0,0.99
8,4,0.13460293237716894,-21.402305769999998,0.0,0.0,0.992,0.0,0.0,0.0,0.991
8,5,0.13460293237716894,-21.40097877,0.0,0.0,0.991,0.0,0.0,0.0,0.991
8,6,0.13460293237716894,-13.657181769999998,0.136,0.001,0.0,0.518,0.01,0.0,0.666
8,7,0.13460293237716894,-12.39674677,0.0,0.032,0.0,0.684,0.002,0.0,0.718
8,8,0.13460293237716894,-5.92301777,0.34,0.0,0.004,0.2,0.138,0.0,0.685
8,9,0.13460293237716894,-1.39808077,0.0,0.062,0.001,0.004,0.478,0.0,0.545
8,10,0.13460293237716894,-1.2472947699999999,0.015,0.122,0.008,0.006,0.45399999999999996,0.004,0.613
8,11,0.13460293237716894,-0.9431047700000001,0.0,0.124,0.008,0.0,0.496,0.004,0.634
8,12,0.13460293237716894,-0.65464177,0.004,0.024,0.037,0.012,0.528,0.004,0.609
8,13,0.13460293237716894,-0.3301027699999999,0.0,0.007,0.03900000000000001,0.0,0.59,0.002,0.637
8,14,0.13460293237716894,1.52417123,0.225,0.001,0.01,0.072,0.342,0.002,0.652
8,15,0.13460293237716894,3.11390423,0.0,0.28400000000000003,0.002,0.112,0.066,0.027999999999999997,0.491
8,16,0.13460293237716894,4.13659623,0.004,0.385,0.001,0.016,0.092,0.048,0.546
8,17,0.13460293237716894,4.3962112300000005,0.0,0.439,0.0,0.0,0.12,0.052000000000000005,0.612
8,18,0.13460293237716894,5.38491023,0.008,0.023,0.008,0.0,0.027999999999999997,0.01,0.079
8,19,0.13460293237716894,5.44687623,0.0,0.001,0.001,0.004,0.042,0.006,0.057
8,20,0.13460293237716894,6.4881122300000005,0.007,0.008,0.014,0.002,0.012,0.012,0.057
9,1,0.15383192002470583,-21.44804177,0.0,0.0,0.988,0.0,0.0,0.0,0.989
9,2,0.15383192002470583,-21.44346177,0.0,0.0,0.989,0.0,0.0,0.0,0.989
9,3,0.15383192002470583,-21.40830277,0.0,0.0,0.99,0.0,0.0,0.0,0.99
9,4,0.15383192002470583,-21.40266677,0.0,0.0,0.991,0.0,0.0,0.0,0.991
9,5,0.15383192002470583,-21.40095977,0.0,0.0,0.9900000000000001,0.0,0.0,0.0,0.991
9,6,0.15383192002470583,-13.64275877,0.135,0.001,0.0,0.52,0.01,0.0,0.666
9,7,0.15383192002470583,-12.386832770000002,0.0,0.031,0.001,0.684,0.002,0.0,0.718
9,8,0.15383192002470583,-5.92702977,0.342,0.0,0.004,0.2,0.14,0.0,0.686
9,9,0.15383192002470583,-1.4071157699999999,0.006,0.069,0.005,0.002,0.472,0.0,0.555
9,10,0.15383192002470583,-1.3483667700000002,0.012,0.11599999999999999,0.005,0.008,0.45199999999999996,0.004,0.597
9,11,0.15383192002470583,-0.98699577,0.0,0.125,0.009000000000000001,0.0,0.49,0.004,0.632
9,12,0.15383192002470583,-0.72993877,0.005,0.028,0.034999999999999996,0.014,0.518,0.004,0.603
9,13,0.15383192002470583,-0.3220077699999999,0.0,0.007,0.037000000000000005,0.0,0.59,0.002,0.637
9,14,0.15383192002470583,1.59024323,0.224,0.001,0.009,0.068,0.354,0.002,0.658
9,15,0.15383192002470583,3.19230423,0.0,0.28500000000000003,0.002,0.108,0.074,0.027999999999999997,0.495
9,16,0.15383192002470583,4.11844623,0.004,0.371,0.001,0.022,0.092,0.046,0.536
9,17,0.15383192002470583,4.43020423,0.0,0.439,0.001,0.0,0.122,0.054,0.615
9,18,0.15383192002470583,5.41792023,0.007,0.024,0.007,0.0,0.03,0.01,0.081
9,19,0.15383192002470583,5.46153423,0.0,0.003,0.001,0.004,0.04,0.006,0.059
9,20,0.15383192002470583,6.5187902300000005,0.007,0.011,0.014,0.0,0.014,0.012,0.06
10,1,0.1730609076722427,-21.44863177,0.0,0.0,0.9870000000000001,0.0,0.0,0.0,0.989
10,2,0.1730609076722427,-21.44284977,0.0,0.0,0.9869999999999999,0.0,0.0,0.0,0.99
10,3,0.1730609076722427,-21.40789977,0.0,0.0,0.989,0.0,0.0,0.0,0.99
10,4,0.1730609076722427,-21.40306177,0.0,0.0,0.991,0.0,0.0,0.0,0.991
10,5,0.1730609076722427,-21.40093777,0.0,0.0,0.9910000000000001,0.0,0.0,0.0,0.991
10,6,0.1730609076722427,-13.626461769999999,0.134,0.001,0.0,0.522,0.01,0.0,0.667
10,7,0.1730609076722427,-12.375703770000001,0.0,0.031,0.001,0.684,0.002,0.0,0.719
10,8,0.1730609076722427,-5.9319387699999995,0.345,0.0,0.004,0.2,0.138,0.0,0.687
10,9,0.1730609076722427,-1.4975897699999998,0.017,0.108,0.012000000000000002,0.004,0.44,0.004,0.587
10,10,0.1730609076722427,-1.37252077,0.001,0.08,0.0,0.006,0.472,0.0,0.56
10,11,0.1730609076722427,-1.03330877,0.0,0.127,0.009000000000000001,0.0,0.488,0.004,0.629
10,12,0.1730609076722427,-0.8101917699999999,0.006,0.030000000000000002,0.033999999999999996,0.014,0.508,0.004,0.597
10,13,0.1730609076722427,-0.31542577000000005,0.0,0.007,0.037,0.0,0.592,0.002,0.637
10,14,0.1730609076722427,1.65416023,0.224,0.0,0.008,0.062,0.368,0.002,0.665
10,15,0.1730609076722427,3.26654323,0.0,0.28800000000000003,0.002,0.102,0.076,0.03,0.498
10,16,0.1730609076722427,4.11196723,0.004,0.354,0.001,0.028,0.098,0.042,0.527
10,17,0.1730609076722427,4.46760923,0.0,0.439,0.001,0.0,0.126,0.054,0.617
10,18,0.1730609076722427,5.4488552299999995,0.005,0.019,0.006,0.002,0.034,0.01,0.076
10,19,0.1730609076722427,5.48248523,0.002,0.012,0.003,0.004,0.038,0.008,0.067
10,20,0.1730609076722427,6.55263123,0.006,0.012,0.014,0.0,0.014,0.012,0.062
11,1,0.19228987647536863,-21.44929177,0.0,0.0,0.988,0.0,0.0,0.0,0.989
11,2,0.19228987647536863,-21.44218277,0.0,0.0,0.9889999999999999,0.0,0.0,0.0,0.99
11,3,0.19228987647536863,-21.40747777,0.0,0.0,0.989,0.0,0.0,0.0,0.99
11,4,0.19228987647536863,-21.40346177,0.0,0.0,0.991,0.0,0.0,0.0,0.991
11,5,0.19228987647536863,-21.40090677,0.0,0.0,0.9900000000000001,0.0,0.0,0.0,0.991
11,6,0.19228987647536863,-13.608309769999998,0.133,0.003,0.0,0.522,0.01,0.0,0.667
11,7,0.19228987647536863,-12.363399770000001,0.0,0.03,0.001,0.686,0.002,0.0,0.72
11,8,0.19228987647536863,-5.937875770000001,0.348,0.0,0.004,0.2,0.136,0.0,0.689
11,9,0.19228987647536863,-1.6189957699999997,0.019,0.115,0.013,0.006,0.42800000000000005,0.006,0.586
11,10,0.19228987647536863,-1.3692857699999998,0.0,0.076,0.0,0.006,0.47400000000000003,0.0,0.558
11,11,0.19228987647536863,-1.08158977,0.0,0.128,0.01,0.0,0.482,0.004,0.627
11,12,0.19228987647536863,-0.89366477,0.007,0.030000000000000002,0.034,0.016,0.5,0.004,0.589
11,13,0.19228987647536863,-0.3105257699999999,0.0,0.007,0.036,0.0,0.592,0.002,0.637
11,14,0.19228987647536863,1.71362823,0.224,0.0,0.008,0.058,0.378,0.0,0.671
11,15,0.19228987647536863,3.33185223,0.0,0.293,0.002,0.098,0.076,0.027999999999999997,0.499
11,16,0.19228987647536863,4.12202523,0.003,0.33799999999999997,0.001,0.034,0.09999999999999999,0.038,0.52
11,17,0.19228987647536863,4.50803623,0.0,0.437,0.001,0.0,0.128,0.054,0.62
11,18,0.19228987647536863,5.47246523,0.003,0.008,0.004,0.002,0.038,0.01,0.068
11,19,0.19228987647536863,5.51471123,0.004,0.024,0.005,0.002,0.036000000000000004,0.008,0.079
11,20,0.19228987647536863,6.58934823,0.006,0.013000000000000001,0.013,0.0,0.016,0.014,0.064
12,1,0.2115189018117273,-21.45002077,0.0,0.0,0.9870000000000001,0.0,0.0,0.0,0.989
12,2,0.2115189018117273,-21.44145477,0.0,0.0,0.9889999999999999,0.0,0.0,0.0,0.99
12,3,0.2115189018117273,-21.40706877,0.0,0.0,0.9900000000000001,0.0,0.0,0.0,0.99
12,4,0.2115189018117273,-21.40383077,0.0,0.0,0.991,0.0,0.0,0.0,0.991
12,5,0.2115189018117273,-21.40085877,0.0,0.0,0.9900000000000001,0.0,0.0,0.0,0.991
12,6,0.2115189018117273,-13.588322770000001,0.131,0.003,0.0,0.524,0.01,0.0,0.668
12,7,0.2115189018117273,-12.34996477,0.0,0.03,0.001,0.686,0.002,0.0,0.72
12,8,0.2115189018117273,-5.94499277,0.351,0.0,0.004,0.2,0.134,0.0,0.691
12,9,0.2115189018117273,-1.7449987699999996,0.019,0.119,0.012,0.006,0.41800000000000004,0.006,0.581
12,10,0.2115189018117273,-1.36468277,0.0,0.079,0.0,0.008,0.47200000000000003,0.0,0.561
12,11,0.2115189018117273,-1.13144877,0.0,0.131,0.01,0.0,0.478,0.008,0.625
12,12,0.2115189018117273,-0.9783647699999998,0.007,0.029,0.032,0.016,0.492,0.002,0.581
12,13,0.2115189018117273,-0.30739477000000015,0.0,0.007,0.034,0.0,0.592,0.002,0.637
12,14,0.2115189018117273,1.7665072300000002,0.225,0.0,0.008,0.052,0.39,0.002,0.677
12,15,0.2115189018117273,3.38460623,0.0,0.299,0.001,0.094,0.072,0.032,0.497
12,16,0.2115189018117273,4.15239223,0.003,0.319,0.002,0.04,0.112,0.036,0.516
12,17,0.2115189018117273,4.55106823,0.0,0.437,0.001,0.0,0.134,0.052000000000000005,0.623
12,18,0.2115189018117273,5.49122023,0.002,0.004,0.005,0.004,0.04,0.01,0.065
12,19,0.2115189018117273,5.55553123,0.004,0.031,0.005,0.002,0.034,0.008,0.086
12,20,0.2115189018117273,6.6285972300000005,0.005,0.015,0.013,0.0,0.018000000000000002,0.016,0.067
13,1,0.23074792714808598,-21.450825769999998,0.0,0.0,0.988,0.0,0.0,0.0,0.989
13,2,0.23074792714808598,-21.440688769999998,0.0,0.0,0.99,0.0,0.0,0.0,0.99
13,3,0.23074792714808598,-21.40675077,0.0,0.0,0.9890000000000001,0.0,0.0,0.0,0.99
13,4,0.23074792714808598,-21.40409677,0.0,0.0,0.9900000000000001,0.0,0.0,0.0,0.991
13,5,0.23074792714808598,-21.40080377,0.0,0.0,0.9910000000000001,0.0,0.0,0.0,0.991
13,6,0.23074792714808598,-13.566528770000001,0.13,0.004,0.0,0.526,0.01,0.0,0.669
13,7,0.23074792714808598,-12.335451769999999,0.0,0.03,0.002,0.688,0.002,0.0,0.721
13,8,0.23074792714808598,-5.95345377,0.354,0.0,0.003,0.2,0.134,0.0,0.693
13,9,0.23074792714808598,-1.87283577,0.019,0.121,0.013,0.006,0.40800000000000003,0.006,0.575
13,10,0.23074792714808598,-1.36235177,0.0,0.086,0.0,0.01,0.472,0.0,0.567
13,11,0.23074792714808598,-1.1825607699999998,0.0,0.132,0.01,0.0,0.472,0.008,0.623
13,12,0.23074792714808598,-1.06147277,0.008,0.025,0.032,0.016,0.488,0.002,0.571
13,13,0.23074792714808598,-0.3060617699999999,0.0,0.007,0.035,0.0,0.594,0.002,0.637
13,14,0.23074792714808598,1.8108372300000002,0.226,0.001,0.007,0.046,0.4,0.002,0.682
13,15,0.23074792714808598,3.42393823,0.0,0.305,0.001,0.09,0.064,0.034,0.493
13,16,0.23074792714808598,4.20404523,0.002,0.30200000000000005,0.002,0.046,0.126,0.036000000000000004,0.514
13,17,0.23074792714808598,4.59626323,0.0,0.436,0.001,0.0,0.136,0.052000000000000005,0.627
13,18,0.23074792714808598,5.50888423,0.001,0.003,0.006,0.004,0.04,0.01,0.064
13,19,0.23074792714808598,5.6010072300000004,0.004,0.033,0.005,0.002,0.034,0.008,0.09
13,20,0.23074792714808598,6.6699252300000005,0.005,0.016,0.013,0.0,0.018000000000000002,0.016,0.069
14,1,0.24997695248444465,-21.45169877,0.0,0.0,0.9870000000000001,0.0,0.0,0.0,0.989
14,2,0.24997695248444465,-21.439876769999998,0.0,0.0,0.988,0.0,0.0,0.0,0.99
14,3,0.24997695248444465,-21.40665077,0.0,0.0,0.99,0.0,0.0,0.0,0.99
14,4,0.24997695248444465,-21.40412177,0.0,0.0,0.991,0.0,0.0,0.0,0.991
14,5,0.24997695248444465,-21.400732769999998,0.0,0.0,0.99,0.0,0.0,0.0,0.991
14,6,0.24997695248444465,-13.542951769999998,0.128,0.004,0.0,0.528,0.01,0.0,0.67
14,7,0.24997695248444465,-12.319916769999999,0.0,0.029,0.004,0.688,0.002,0.0,0.722
14,8,0.24997695248444465,-5.963433769999999,0.358,0.0,0.003,0.2,0.134,0.0,0.695
14,9,0.24997695248444465,-2.0013027699999997,0.019,0.124,0.014,0.006,0.402,0.006,0.569
14,10,0.24997695248444465,-1.3670737699999997,0.0,0.096,0.0,0.012,0.466,0.0,0.576
14,11,0.24997695248444465,-1.23462277,0.0,0.135,0.01,0.0,0.47,0.008,0.62
14,12,0.24997695248444465,-1.13771377,0.008,0.016,0.031000000000000003,0.012,0.488,0.002,0.557
14,13,0.24997695248444465,-0.3065027699999998,0.0,0.005,0.035,0.0,0.594,0.002,0.636
14,14,0.24997695248444465,1.84494723,0.227,0.003,0.007,0.04,0.404,0.002,0.686
14,15,0.24997695248444465,3.45223823,0.0,0.309,0.001,0.088,0.057999999999999996,0.030000000000000002,0.488
14,16,0.24997695248444465,4.27453423,0.002,0.28800000000000003,0.002,0.05,0.14,0.034,0.515
14,17,0.24997695248444465,4.6431612300000005,0.0,0.436,0.001,0.0,0.142,0.05,0.63
14,18,0.24997695248444465,5.52662723,0.001,0.001,0.006,0.004,0.04,0.01,0.065
14,19,0.24997695248444465,5.64982923,0.004,0.037,0.004,0.002,0.038000000000000006,0.006,0.094
14,20,0.24997695248444465,6.71267023,0.005,0.017,0.013000000000000001,0.0,0.018000000000000002,0.016,0.071
15,1,0.26920578937669426,-21.45264577,0.0,0.0,0.9870000000000001,0.0,0.0,0.0,0.989
15,2,0.26920578937669426,-21.43903477,0.0,0.0,0.9889999999999999,0.0,0.0,0.0,0.99
15,3,0.26920578937669426,-21.40685077,0.0,0.0,0.989,0.0,0.0,0.0,0.99
15,4,0.26920578937669426,-21.40383577,0.0,0.0,0.99,0.0,0.0,0.0,0.99
15,5,0.26920578937669426,-21.40064377,0.0,0.0,0.992,0.0,0.0,0.0,0.991
15,6,0.26920578937669426,-13.517624770000001,0.127,0.004,0.0,0.528,0.01,0.0,0.67
15,7,0.26920578937669426,-12.303419770000001,0.0,0.029,0.004,0.69,0.002,0.0,0.723
15,8,0.26920578937669426,-5.97512277,0.362,0.0,0.003,0.2,0.132,0.0,0.697
15,9,0.26920578937669426,-2.12956477,0.018,0.125,0.014,0.006,0.394,0.006,0.563
15,10,0.26920578937669426,-1.38873677,0.001,0.107,0.003,0.018,0.45599999999999996,0.0,0.588
15,11,0.26920578937669426,-1.2873737699999999,0.0,0.137,0.01,0.0,0.46399999999999997,0.008,0.618
15,12,0.26920578937669426,-1.19660177,0.007,0.007,0.029,0.008,0.49000000000000005,0.002,0.542
15,13,0.26920578937669426,-0.3086637699999999,0.0,0.005,0.035,0.0,0.594,0.002,0.636
15,14,0.26920578937669426,1.86754323,0.228,0.004,0.007,0.034,0.40599999999999997,0.002,0.688
15,15,0.26920578937669426,3.47380523,0.0,0.309,0.0,0.086,0.056,0.030000000000000002,0.482
15,16,0.26920578937669426,4.35916123,0.001,0.277,0.002,0.052,0.152,0.03,0.516
15,17,0.26920578937669426,4.69128723,0.0,0.435,0.001,0.0,0.146,0.05,0.633
15,18,0.26920578937669426,5.54475723,0.001,0.001,0.009000000000000001,0.006,0.038,0.01,0.065
15,19,0.26920578937669426,5.70158223,0.004,0.038,0.004,0.002,0.04000000000000001,0.006,0.097
15,20,0.26920578937669426,6.7557322300000004,0.004,0.017,0.014000000000000002,0.0,0.018000000000000002,0.018000000000000002,0.074
16,1,0.288434814713053,-21.45365677,0.0,0.0,0.988,0.0,0.0,0.0,0.989
16,2,0.288434814713053,-21.43816077,0.0,0.0,0.9890000000000001,0.0,0.0,0.0,0.99
16,3,0.288434814713053,-21.40726577,0.0,0.0,0.989,0.0,0.0,0.0,0.99
16,4,0.288434814713053,-21.40330677,0.0,0.0,0.99,0.0,0.0,0.0,0.99
16,5,0.288434814713053,-21.400532769999998,0.0,0.0,0.9900000000000002,0.0,0.0,0.0,0.991
16,6,0.288434814713053,-13.49057977,0.125,0.005,0.0,0.53,0.008,0.0,0.671
16,7,0.288434814713053,-12.286028770000001,0.0,0.028,0.004,0.69,0.002,0.0,0.724
16,8,0.288434814713053,-5.98871277,0.366,0.0,0.003,0.198,0.13,0.0,0.699
16,9,0.288434814713053,-2.25693577,0.017,0.127,0.014,0.006,0.386,0.006,0.557
16,10,0.288434814713053,-1.43746677,0.003,0.108,0.009000000000000001,0.022,0.446,0.002,0.592
16,11,0.288434814713053,-1.3405647699999999,0.0,0.139,0.009000000000000001,0.0,0.45799999999999996,0.008,0.616
16,12,0.288434814713053,-1.2274247699999998,0.005,0.008,0.023,0.004,0.49599999999999994,0.0,0.534
16,13,0.288434814713053,-0.3124627699999998,0.0,0.005,0.034,0.0,0.594,0.0,0.635
16,14,0.288434814713053,1.87786223,0.229,0.009000000000000001,0.006,0.028,0.40800000000000003,0.006,0.688
16,15,0.288434814713053,3.49291623,0.001,0.305,0.0,0.088,0.05,0.032,0.478
16,16,0.288434814713053,4.45273723,0.001,0.268,0.004,0.052,0.164,0.03,0.518
16,17,0.288434814713053,4.740165230000001,0.0,0.435,0.001,0.0,0.15,0.048,0.636
16,18,0.288434814713053,5.56338223,0.001,0.001,0.01,0.006,0.036000000000000004,0.01,0.067
16,19,0.288434814713053,5.75609823,0.004,0.041,0.003,0.004,0.042,0.006,0.101
16,20,0.288434814713053,6.79703523,0.003,0.016,0.019000000000000003,0.0,0.02,0.021000000000000005,0.078
17,1,0.30766384004941166,-21.45473377,0.0,0.0,0.9869999999999999,0.002,0.0,0.0,0.989
17,2,0.30766384004941166,-21.43726777,0.0,0.0,0.988,0.0,0.0,0.0,0.99
17,3,0.30766384004941166,-21.40779777,0.0,0.0,0.99,0.0,0.0,0.0,0.99
17,4,0.30766384004941166,-21.40263777,0.0,0.0,0.989,0.0,0.0,0.0,0.99
17,5,0.30766384004941166,-21.40039677,0.0,0.0,0.9909999999999999,0.0,0.0,0.0,0.991
17,6,0.30766384004941166,-13.46185577,0.123,0.005,0.0,0.534,0.008,0.0,0.672
17,7,0.30766384004941166,-12.26781677,0.0,0.027,0.004,0.692,0.002,0.0,0.725
17,8,0.30766384004941166,-6.004405769999999,0.37,0.0,0.002,0.198,0.13,0.002,0.701
17,9,0.30766384004941166,-2.3828457700000003,0.016,0.129,0.014,0.006,0.378,0.006,0.552
17,10,0.30766384004941166,-1.50767877,0.005,0.10300000000000001,0.012,0.024,0.44,0.002,0.587
17,11,0.30766384004941166,-1.39397877,0.0,0.14100000000000001,0.009000000000000001,0.0,0.456,0.008,0.614
17,12,0.30766384004941166,-1.23525377,0.004,0.016,0.017,0.002,0.498,0.0,0.536
17,13,0.30766384004941166,-0.31780177,0.0,0.004,0.034,0.0,0.594,0.0,0.634
17,14,0.30766384004941166,1.87573523,0.229,0.013,0.008,0.024,0.404,0.006,0.686
17,15,0.30766384004941166,3.5126832300000004,0.002,0.299,0.0,0.088,0.054,0.032,0.475
17,16,0.30766384004941166,4.55061023,0.001,0.261,0.004,0.05,0.174,0.027999999999999997,0.519
17,17,0.30766384004941166,4.78931823,0.0,0.433,0.001,0.0,0.154,0.05,0.639
17,18,0.30766384004941166,5.58259923,0.001,0.0,0.011000000000000001,0.006,0.032,0.016,0.068
17,19,0.30766384004941166,5.81328623,0.003,0.042,0.003,0.004,0.044,0.006,0.105
17,20,0.30766384004941166,6.83243323,0.002,0.016,0.025,0.0,0.02,0.024,0.085
18,1,0.32689286538577034,-21.455864769999998,0.0,0.0,0.986,0.002,0.0,0.0,0.989
18,2,0.32689286538577034,-21.43636577,0.0,0.0,0.9890000000000001,0.0,0.0,0.0,0.99
18,3,0.32689286538577034,-21.40839077,0.0,0.0,0.9900000000000001,0.0,0.0,0.0,0.99
18,4,0.32689286538577034,-21.40188477,0.0,0.0,0.99,0.0,0.0,0.0,0.99
18,5,0.32689286538577034,-21.40023777,0.0,0.0,0.9909999999999999,0.0,0.0,0.0,0.991
18,6,0.32689286538577034,-13.431495770000001,0.121,0.007,0.0,0.536,0.01,0.0,0.673
18,7,0.32689286538577034,-12.24885977,0.0,0.027,0.005,0.692,0.002,0.0,0.727
18,8,0.32689286538577034,-6.022394769999999,0.375,0.0,0.002,0.196,0.128,0.002,0.703
18,9,0.32689286538577034,-2.50680277,0.015,0.131,0.014,0.006,0.372,0.006,0.547
18,10,0.32689286538577034,-1.5874247700000002,0.005,0.097,0.015000000000000003,0.024,0.434,0.002,0.581
18,11,0.32689286538577034,-1.4474097700000002,0.0,0.144,0.009000000000000001,0.0,0.45,0.008,0.612
18,12,0.32689286538577034,-1.23156577,0.003,0.021,0.016,0.002,0.498,0.0,0.539
18,13,0.32689286538577034,-0.3245697700000001,0.0,0.004,0.035,0.0,0.594,0.0,0.633
18,14,0.32689286538577034,1.86160023,0.228,0.018,0.007,0.02,0.402,0.008,0.683
18,15,0.32689286538577034,3.53480923,0.004,0.29000000000000004,0.0,0.09,0.058,0.032,0.473
18,16,0.32689286538577034,4.64888223,0.001,0.257,0.003,0.048,0.182,0.032,0.519
18,17,0.32689286538577034,4.8382802300000005,0.0,0.432,0.001,0.0,0.16,0.048,0.642
18,18,0.32689286538577034,5.60259123,0.001,0.0,0.013000000000000001,0.008,0.03,0.016,0.069
18,19,0.32689286538577034,5.873064230000001,0.003,0.043,0.002,0.004,0.046,0.004,0.109
18,20,0.32689286538577034,6.84981523,0.0,0.011,0.049999999999999996,0.0,0.014,0.047999999999999994,0.123
19,1,0.346121890722129,-21.45706177,0.0,0.0,0.986,0.002,0.0,0.0,0.988
19,2,0.346121890722129,-21.43545177,0.0,0.0,0.9890000000000001,0.0,0.0,0.0,0.99
19,3,0.346121890722129,-21.40902477,0.0,0.0,0.9900000000000001,0.0,0.0,0.0,0.99
19,4,0.346121890722129,-21.40107577,0.0,0.0,0.99,0.0,0.0,0.0,0.99
19,5,0.346121890722129,-21.40004377,0.0,0.0,0.991,0.0,0.0,0.0,0.991
19,6,0.346121890722129,-13.399543770000001,0.119,0.007,0.0,0.538,0.01,0.0,0.675
19,7,0.346121890722129,-12.229245769999999,0.0,0.026,0.005,0.694,0.002,0.0,0.728
19,8,0.346121890722129,-6.04287677,0.379,0.0,0.002,0.194,0.126,0.002,0.705
19,9,0.346121890722129,-2.62837777,0.013,0.133,0.014,0.006,0.366,0.006,0.541
19,10,0.346121890722129,-1.6701027699999997,0.005,0.09400000000000001,0.016,0.024,0.432,0.002,0.575
19,11,0.346121890722129,-1.5006737700000001,0.0,0.147,0.009000000000000001,0.0,0.446,0.008,0.61
19,12,0.346121890722129,-1.22255177,0.002,0.026000000000000002,0.014,0.002,0.49800000000000005,0.0,0.542
19,13,0.346121890722129,-0.3326407699999998,0.0,0.004,0.034,0.0,0.592,0.0,0.632
19,14,0.346121890722129,1.8363972300000002,0.227,0.023,0.009000000000000001,0.016,0.394,0.01,0.678
19,15,0.346121890722129,3.55980923,0.005,0.28300000000000003,0.0,0.092,0.064,0.03,0.473
19,16,0.346121890722129,4.7442762300000005,0.0,0.253,0.003,0.044,0.188,0.032,0.518
19,17,0.346121890722129,4.88659523,0.0,0.431,0.001,0.0,0.166,0.052,0.645
19,18,0.346121890722129,5.62369023,0.001,0.0,0.016,0.008,0.03,0.016,0.071
19,19,0.346121890722129,5.9353342300000005,0.003,0.045,0.003,0.006,0.052,0.004,0.114
19,20,0.346121890722129,6.8387692300000005,0.0,0.009999999999999998,0.069,0.0,0.020999999999999998,0.065,0.166
20,1,0.3653509160584878,-21.458300769999997,0.0,0.0,0.9869999999999999,0.002,0.0,0.0,0.988
20,2,0.3653509160584878,-21.43453477,0.0,0.0,0.9890000000000001,0.0,0.0,0.0,0.99
20,3,0.3653509160584878,-21.40967277,0.0,0.0,0.989,0.0,0.0,0.0,0.99
20,4,0.3653509160584878,-21.40020877,0.0,0.0,0.9900000000000001,0.0,0.0,0.0,0.99
20,5,0.3653509160584878,-21.399813769999998,0.0,0.0,0.991,0.0,0.0,0.0,0.991
20,6,0.3653509160584878,-13.366048769999999,0.116,0.008,0.0,0.54,0.01,0.0,0.676
20,7,0.3653509160584878,-12.20906077,0.0,0.025,0.005,0.696,0.002,0.0,0.729
20,8,0.3653509160584878,-6.06602377,0.384,0.0,0.002,0.192,0.126,0.002,0.707
20,9,0.3653509160584878,-2.74719977,0.012,0.135,0.014,0.006,0.36,0.006,0.537
20,10,0.3653509160584878,-1.7527197699999997,0.005,0.093,0.016,0.022,0.43,0.002,0.569
20,11,0.3653509160584878,-1.55359077,0.0,0.148,0.009000000000000001,0.0,0.442,0.008,0.608
20,12,0.3653509160584878,-1.2108047699999998,0.002,0.028,0.014,0.002,0.49800000000000005,0.0,0.545
20,13,0.3653509160584878,-0.34188876999999973,0.0,0.004,0.034999999999999996,0.0,0.592,0.0,0.631
20,14,0.3653509160584878,1.80141123,0.226,0.029,0.008,0.014,0.384,0.01,0.672
20,15,0.3653509160584878,3.58737223,0.007,0.274,0.0,0.092,0.07200000000000001,0.03,0.473
20,16,0.3653509160584878,4.8339532300000005,0.0,0.249,0.003,0.04,0.192,0.03,0.515
20,17,0.3653509160584878,4.93383923,0.0,0.429,0.001,0.0,0.168,0.048,0.648
20,18,0.3653509160584878,5.64642523,0.001,0.001,0.018,0.01,0.026000000000000002,0.020000000000000004,0.074
20,19,0.3653509160584878,5.99994523,0.002,0.047,0.002,0.006,0.055999999999999994,0.004,0.119
20,20,0.3653509160584878,6.80664923,0.002,0.013,0.08000000000000002,0.0,0.032,0.076,0.205
21,1,0.3845797529507373,-21.45959077,0.0,0.0,0.985,0.002,0.0,0.0,0.988
21,2,0.3845797529507373,-21.43363777,0.0,0.0,0.988,0.0,0.0,0.0,0.99
21,3,0.3845797529507373,-21.410337769999998,0.0,0.0,0.99,0.0,0.0,0.0,0.99
21,4,0.3845797529507373,-21.39955377,0.0,0.0,0.991,0.0,0.0,0.0,0.991
21,5,0.3845797529507373,-21.39931877,0.0,0.0,0.9910000000000001,0.0,0.0,0.0,0.99
21,6,0.3845797529507373,-13.33107077,0.114,0.009000000000000001,0.0,0.544,0.01,0.0,0.677
21,7,0.3845797529507373,-12.18840677,0.0,0.024,0.005,0.696,0.002,0.0,0.731
21,8,0.3845797529507373,-6.09199577,0.389,0.0,0.001,0.19,0.122,0.002,0.708
21,9,0.3845797529507373,-2.86296877,0.01,0.137,0.014,0.006,0.356,0.006,0.532
21,10,0.3845797529507373,-1.83377077,0.005,0.092,0.017,0.022,0.426,0.002,0.564
21,11,0.3845797529507373,-1.60600677,0.0,0.151,0.009000000000000001,0.0,0.44,0.008,0.606
21,12,0.3845797529507373,-1.19752577,0.002,0.03,0.014,0.002,0.5,0.0,0.547
21,13,0.3845797529507373,-0.35218877000000015,0.0,0.003,0.032999999999999995,0.0,0.592,0.0,0.63
21,14,0.3845797529507373,1.75808623,0.225,0.033,0.008,0.012,0.374,0.01,0.666
21,15,0.3845797529507373,3.61670323,0.009,0.266,0.0,0.092,0.08,0.024000000000000004,0.474
21,16,0.3845797529507373,4.9153812299999995,0.0,0.245,0.003,0.036,0.192,0.032,0.51
21,17,0.3845797529507373,4.9796162299999995,0.0,0.427,0.001,0.0,0.174,0.05,0.65
21,18,0.3845797529507373,5.67152823,0.0,0.002,0.022000000000000002,0.01,0.022,0.020000000000000004,0.078
21,19,0.3845797529507373,6.066664230000001,0.002,0.049,0.002,0.006,0.06,0.004,0.125
21,20,0.3845797529507373,6.76613923,0.003,0.015,0.08399999999999999,0.0,0.041,0.078,0.221
22,1,0.403808778287096,-21.46092677,0.0,0.0,0.986,0.002,0.0,0.0,0.988
22,2,0.403808778287096,-21.43276277,0.0,0.0,0.989,0.0,0.0,0.0,0.99
22,3,0.403808778287096,-21.41101377,0.0,0.0,0.99,0.0,0.0,0.0,0.99
22,4,0.403808778287096,-21.39925777,0.0,0.0,0.991,0.0,0.0,0.0,0.991
22,5,0.403808778287096,-21.39840277,0.0,0.0,0.9910000000000001,0.0,0.0,0.0,0.99
22,6,0.403808778287096,-13.29466777,0.111,0.009000000000000001,0.0,0.546,0.01,0.0,0.679
22,7,0.403808778287096,-12.16738277,0.0,0.024,0.008,0.698,0.002,0.0,0.732
22,8,0.403808778287096,-6.120917769999999,0.394,0.0,0.001,0.188,0.124,0.002,0.71
22,9,0.403808778287096,-2.97542977,0.009,0.14,0.013,0.008,0.35,0.006,0.528
22,10,0.403808778287096,-1.9123227700000003,0.004,0.092,0.017,0.02,0.424,0.002,0.56
22,11,0.403808778287096,-1.65777177,0.0,0.153,0.008,0.0,0.434,0.008,0.604
22,12,0.403808778287096,-1.1833387699999998,0.001,0.03,0.014,0.002,0.5,0.0,0.55
22,13,0.403808778287096,-0.3634047699999998,0.0,0.003,0.033999999999999996,0.0,0.59,0.0,0.629
22,14,0.403808778287096,1.70789323,0.225,0.036000000000000004,0.008,0.01,0.366,0.014,0.659
22,15,0.403808778287096,3.6468012300000003,0.011,0.257,0.0,0.092,0.08600000000000001,0.024000000000000004,0.474
22,16,0.403808778287096,4.98637823,0.0,0.24100000000000002,0.003,0.03,0.194,0.034,0.502
22,17,0.403808778287096,5.023570230000001,0.0,0.425,0.001,0.0,0.176,0.048,0.652
22,18,0.403808778287096,5.69985623,0.0,0.004,0.025,0.012,0.022000000000000002,0.022,0.084
22,19,0.403808778287096,6.13511923,0.002,0.051000000000000004,0.001,0.006,0.066,0.002,0.132
22,20,0.403808778287096,6.72486223,0.004,0.015,0.08299999999999999,0.0,0.05,0.078,0.231
23,1,0.42303780362345467,-21.46229377,0.0,0.0,0.984,0.002,0.0,0.0,0.988
23,2,0.42303780362345467,-21.43190777,0.0,0.0,0.9889999999999999,0.0,0.0,0.0,0.99
23,3,0.42303780362345467,-21.41168777,0.0,0.0,0.99,0.0,0.0,0.0,0.99
23,4,0.42303780362345467,-21.39891277,0.0,0.0,0.99,0.0,0.0,0.0,0.991
23,5,0.42303780362345467,-21.39746277,0.0,0.0,0.9910000000000001,0.0,0.0,0.0,0.991
23,6,0.42303780362345467,-13.256904769999998,0.109,0.011,0.0,0.55,0.01,0.0,0.68
23,7,0.42303780362345467,-12.146098769999998,0.0,0.023,0.008,0.7,0.002,0.0,0.733
23,8,0.42303780362345467,-6.152877770000001,0.399,0.0,0.001,0.184,0.12,0.002,0.711
23,9,0.42303780362345467,-3.0843817700000002,0.008,0.142,0.013,0.008,0.346,0.006,0.524
23,10,0.42303780362345467,-1.9877167699999996,0.004,0.093,0.016,0.02,0.42,0.002,0.556
23,11,0.42303780362345467,-1.7087407700000004,0.0,0.155,0.008,0.0,0.432,0.008,0.602
23,12,0.42303780362345467,-1.16862377,0.001,0.031,0.014,0.002,0.502,0.0,0.552
23,13,0.42303780362345467,-0.37540476999999983,0.0,0.003,0.036,0.0,0.59,0.0,0.628
23,14,0.42303780362345467,1.65223123,0.224,0.039,0.008,0.01,0.356,0.014,0.653
23,15,0.42303780362345467,3.67664523,0.013,0.251,0.0,0.092,0.094,0.024000000000000004,0.475
23,16,0.42303780362345467,5.04525823,0.0,0.23500000000000001,0.004,0.026,0.188,0.038,0.491
23,17,0.42303780362345467,5.06539623,0.0,0.423,0.001,0.0,0.182,0.048,0.653
23,18,0.42303780362345467,5.73219623,0.0,0.009000000000000001,0.027,0.014,0.02,0.022,0.093
23,19,0.42303780362345467,6.20470323,0.002,0.056,0.001,0.006,0.06999999999999999,0.006,0.14
23,20,0.42303780362345467,6.68555323,0.005,0.015,0.08,0.0,0.06,0.078,0.236
24,1,0.4422668289598134,-21.46368677,0.0,0.0,0.985,0.002,0.0,0.0,0.988
24,2,0.4422668289598134,-21.431087769999998,0.0,0.0,0.9889999999999999,0.0,0.0,0.0,0.99
24,3,0.4422668289598134,-21.41235777,0.0,0.0,0.99,0.0,0.0,0.0,0.99
24,4,0.4422668289598134,-21.398527769999998,0.0,0.0,0.99,0.0,0.0,0.0,0.991
24,5,0.4422668289598134,-21.39650477,0.0,0.0,0.9900000000000001,0.0,0.0,0.0,0.991
24,6,0.4422668289598134,-13.217856770000001,0.106,0.012,0.0,0.554,0.01,0.0,0.682
24,7,0.4422668289598134,-12.124667769999999,0.0,0.022,0.008,0.702,0.002,0.0,0.735
24,8,0.4422668289598134,-6.187915769999999,0.404,0.0,0.001,0.18,0.12,0.002,0.711
24,9,0.4422668289598134,-3.18968077,0.006,0.143,0.013,0.01,0.34199999999999997,0.006,0.521
24,10,0.4422668289598134,-2.0594497699999996,0.003,0.094,0.016,0.018,0.41800000000000004,0.002,0.552
24,11,0.4422668289598134,-1.7587807699999995,0.0,0.157,0.008,0.0,0.43,0.008,0.601
24,12,0.4422668289598134,-1.1536577700000001,0.001,0.031,0.016,0.002,0.504,0.0,0.553
24,13,0.4422668289598134,-0.38806777000000015,0.0,0.003,0.034999999999999996,0.0,0.59,0.0,0.627
24,14,0.4422668289598134,1.59235923,0.223,0.042,0.008,0.01,0.35,0.014,0.646
24,15,0.4422668289598134,3.70530523,0.014,0.243,0.001,0.09,0.1,0.022000000000000002,0.475
24,16,0.4422668289598134,5.09107323,0.0,0.229,0.006,0.02,0.182,0.039999999999999994,0.478
24,17,0.4422668289598134,5.10483523,0.0,0.42,0.0,0.0,0.184,0.052,0.654
24,18,0.4422668289598134,5.76896223,0.0,0.013000000000000001,0.029,0.014,0.022,0.026000000000000002,0.105
24,19,0.4422668289598134,6.2743252300000005,0.002,0.059,0.001,0.006,0.076,0.006,0.149
24,20,0.4422668289598134,6.6498332300000005,0.006,0.013000000000000001,0.078,0.002,0.066,0.073,0.236
25,1,0.46149585429617207,-21.46510377,0.0,0.0,0.985,0.002,0.0,0.0,0.988
25,2,0.46149585429617207,-21.430292769999998,0.0,0.0,0.9890000000000001,0.0,0.0,0.0,0.99
25,3,0.46149585429617207,-21.41302077,0.0,0.0,0.99,0.0,0.0,0.0,0.99
25,4,0.46149585429617207,-21.39808777,0.0,0.0,0.992,0.0,0.0,0.0,0.991
25,5,0.46149585429617207,-21.39553277,0.0,0.0,0.9910000000000001,0.0,0.0,0.0,0.991
25,6,0.46149585429617207,-13.177597769999998,0.103,0.012,0.0,0.556,0.01,0.0,0.683
25,7,0.46149585429617207,-12.103212769999999,0.0,0.022000000000000002,0.010000000000000002,0.704,0.002,0.0,0.736
25,8,0.46149585429617207,-6.22602177,0.409,0.0,0.001,0.176,0.122,0.002,0.711
25,9,0.46149585429617207,-3.29123377,0.005,0.146,0.012,0.012,0.33999999999999997,0.006,0.518
25,10,0.46149585429617207,-2.1271147700000004,0.003,0.096,0.015000000000000003,0.018,0.41400000000000003,0.002,0.548
25,11,0.46149585429617207,-1.8077677699999999,0.0,0.159,0.007,0.0,0.424,0.008,0.599
25,12,0.46149585429617207,-1.13865177,0.001,0.031,0.017,0.002,0.506,0.0,0.555
25,13,0.46149585429617207,-0.4012557700000001,0.0,0.001,0.036,0.0,0.586,0.0,0.626
25,14,0.46149585429617207,1.52939223,0.223,0.043,0.008,0.01,0.34,0.014,0.64
25,15,0.46149585429617207,3.73200623,0.014,0.239,0.001,0.09,0.10400000000000001,0.026000000000000002,0.475
25,16,0.46149585429617207,5.12380923,0.0,0.221,0.007,0.016,0.174,0.041999999999999996,0.462
25,17,0.46149585429617207,5.14168323,0.0,0.417,0.0,0.0,0.19,0.048,0.655
25,18,0.46149585429617207,5.80991023,0.0,0.020999999999999998,0.032,0.014,0.024,0.026,0.12
25,19,0.46149585429617207,6.34169123,0.002,0.062,0.003,0.006,0.082,0.008,0.164
25,20,0.46149585429617207,6.62020823,0.006,0.009,0.07200000000000001,0.002,0.068,0.068,0.227
26,1,0.48072469118842165,-21.466540769999998,0.0,0.0,0.984,0.002,0.0,0.0,0.988
26,2,0.48072469118842165,-21.42954577,0.0,0.0,0.9890000000000001,0.0,0.0,0.0,0.99
26,3,0.48072469118842165,-21.413679769999998,0.0,0.0,0.989,0.0,0.0,0.0,0.99
26,4,0.48072469118842165,-21.39760577,0.0,0.0,0.9910000000000001,0.0,0.0,0.0,0.991
26,5,0.48072469118842165,-21.39455577,0.0,0.0,0.9900000000000001,0.0,0.0,0.0,0.991
26,6,0.48072469118842165,-13.136217769999998,0.1,0.013000000000000001,0.0,0.56,0.01,0.0,0.685
26,7,0.48072469118842165,-12.08185877,0.001,0.021,0.010000000000000002,0.704,0.002,0.0,0.738
26,8,0.48072469118842165,-6.267120769999999,0.413,0.001,0.002,0.172,0.12,0.002,0.711
26,9,0.48072469118842165,-3.38898877,0.004,0.14700000000000002,0.012,0.012,0.33399999999999996,0.004,0.515
26,10,0.48072469118842165,-2.1903917699999997,0.002,0.096,0.015000000000000003,0.016,0.41200000000000003,0.002,0.545
26,11,0.48072469118842165,-1.8555977700000001,0.0,0.161,0.007,0.0,0.422,0.008,0.597
26,12,0.48072469118842165,-1.12379577,0.001,0.03,0.017,0.002,0.506,0.0,0.557
26,13,0.48072469118842165,-0.4148577699999998,0.0,0.001,0.036,0.0,0.586,0.0,0.625
26,14,0.48072469118842165,1.46429023,0.223,0.043,0.010000000000000002,0.01,0.334,0.018000000000000002,0.634
26,15,0.48072469118842165,3.75615423,0.015,0.23299999999999998,0.002,0.088,0.10800000000000001,0.026000000000000002,0.474
26,16,0.48072469118842165,5.14437223,0.0,0.213,0.011000000000000001,0.012,0.16399999999999998,0.046,0.446
26,17,0.48072469118842165,5.175797230000001,0.0,0.415,0.0,0.0,0.192,0.048,0.655
26,18,0.48072469118842165,5.853988230000001,0.0,0.030000000000000002,0.035,0.014,0.027999999999999997,0.030000000000000002,0.139
26,19,0.48072469118842165,6.40107523,0.003,0.067,0.008,0.004,0.09400000000000001,0.012,0.189
26,20,0.48072469118842165,6.60257323,0.005,0.004,0.063,0.006,0.068,0.057999999999999996,0.201
27,1,0.4999537165247803,-21.46798777,0.0,0.0,0.9850000000000001,0.002,0.0,0.0,0.988
27,2,0.4999537165247803,-21.428847769999997,0.0,0.0,0.99,0.0,0.0,0.0,0.99
27,3,0.4999537165247803,-21.41433177,0.0,0.0,0.989,0.0,0.0,0.0,0.99
27,4,0.4999537165247803,-21.39708277,0.0,0.0,0.992,0.0,0.0,0.0,0.992
27,5,0.4999537165247803,-21.39357677,0.0,0.0,0.992,0.0,0.0,0.0,0.991
27,6,0.4999537165247803,-13.09380977,0.096,0.015,0.0,0.564,0.01,0.0,0.687
27,7,0.4999537165247803,-12.060740769999999,0.001,0.02,0.010000000000000002,0.706,0.002,0.0,0.74
27,8,0.4999537165247803,-6.31107977,0.418,0.001,0.001,0.166,0.12200000000000001,0.002,0.711
27,9,0.4999537165247803,-3.4829367700000002,0.003,0.14900000000000002,0.011000000000000001,0.014,0.32999999999999996,0.004,0.513
27,10,0.4999537165247803,-2.24900977,0.002,0.098,0.015000000000000003,0.016,0.41200000000000003,0.002,0.542
27,11,0.4999537165247803,-1.9021627700000003,0.0,0.163,0.007,0.0,0.418,0.008,0.596
27,12,0.4999537165247803,-1.1092527699999999,0.001,0.029,0.017,0.004,0.508,0.0,0.559
27,13,0.4999537165247803,-0.42875876999999996,0.0,0.001,0.036,0.0,0.586,0.0,0.624
27,14,0.4999537165247803,1.39789023,0.224,0.043,0.010000000000000002,0.01,0.328,0.018000000000000002,0.629
27,15,0.4999537165247803,3.77733323,0.015,0.229,0.002,0.086,0.114,0.027999999999999997,0.473
27,16,0.4999537165247803,5.1543182299999994,0.0,0.20500000000000002,0.013000000000000001,0.01,0.154,0.052000000000000005,0.431
27,17,0.4999537165247803,5.2070842299999995,0.0,0.412,0.0,0.0,0.194,0.048,0.655
27,18,0.4999537165247803,5.89932123,0.0,0.04,0.039,0.014,0.034,0.034,0.162
27,19,0.4999537165247803,6.43965223,0.005,0.063,0.020000000000000004,0.002,0.104,0.030000000000000006,0.223
27,20,0.4999537165247803,6.61036923,0.003,0.004,0.044,0.008,0.062,0.038,0.158
28,1,0.519182741861139,-21.46943177,0.0,0.0,0.9830000000000001,0.002,0.0,0.0,0.988
28,2,0.519182741861139,-21.42819577,0.0,0.0,0.989,0.0,0.0,0.0,0.99
28,3,0.519182741861139,-21.41496277,0.0,0.0,0.989,0.0,0.0,0.0,0.99
28,4,0.519182741861139,-21.396512769999998,0.0,0.0,0.992,0.0,0.0,0.0,0.992
28,5,0.519182741861139,-21.39259777,0.0,0.0,0.991,0.0,0.0,0.0,0.991
28,6,0.519182741861139,-13.050471770000001,0.093,0.015,0.0,0.57,0.01,0.0,0.688
28,7,0.519182741861139,-12.039993769999999,0.001,0.019,0.011,0.708,0.002,0.0,0.741
28,8,0.519182741861139,-6.35769377,0.422,0.001,0.001,0.16,0.11800000000000001,0.002,0.71
28,9,0.519182741861139,-3.5730977699999995,0.002,0.15100000000000002,0.011000000000000001,0.016,0.32599999999999996,0.004,0.511
28,10,0.519182741861139,-2.3027717699999997,0.001,0.099,0.015000000000000003,0.016,0.406,0.002,0.54
28,11,0.519182741861139,-1.94736477,0.0,0.164,0.005,0.0,0.416,0.008,0.594
28,12,0.519182741861139,-1.09516977,0.001,0.028,0.02,0.004,0.51,0.0,0.56
28,13,0.519182741861139,-0.44283677,0.0,0.001,0.036,0.0,0.584,0.0,0.623
28,14,0.519182741861139,1.33091523,0.224,0.043,0.009000000000000001,0.01,0.32,0.018000000000000002,0.624
28,15,0.519182741861139,3.79530423,0.015,0.226,0.002,0.086,0.118,0.027999999999999997,0.472
28,16,0.519182741861139,5.15551223,0.0,0.198,0.015000000000000003,0.008,0.14400000000000002,0.052000000000000005,0.417
28,17,0.519182741861139,5.235512229999999,0.0,0.408,0.0,0.0,0.198,0.048,0.654
28,18,0.519182741861139,5.94317423,0.001,0.05,0.043000000000000003,0.014,0.04,0.042,0.19
28,19,0.519182741861139,6.44982623,0.007,0.048,0.032,0.0,0.10600000000000001,0.038,0.235
28,20,0.519182741861139,6.65266823,0.001,0.013999999999999999,0.025,0.01,0.057999999999999996,0.020000000000000004,0.13
29,1,0.5384117671974977,-21.470877769999998,0.0,0.0,0.9840000000000001,0.002,0.0,0.0,0.987
29,2,0.5384117671974977,-21.42759977,0.0,0.0,0.9890000000000001,0.0,0.0,0.0,0.99
29,3,0.5384117671974977,-21.41558577,0.0,0.0,0.99,0.0,0.0,0.0,0.99
29,4,0.5384117671974977,-21.39590677,0.0,0.0,0.9910000000000001,0.0,0.0,0.0,0.992
29,5,0.5384117671974977,-21.39163077,0.0,0.0,0.9910000000000001,0.0,0.0,0.0,0.991
29,6,0.5384117671974977,-13.006317769999999,0.089,0.016,0.0,0.574,0.01,0.0,0.69
29,7,0.5384117671974977,-12.019760770000001,0.001,0.018000000000000002,0.012,0.71,0.002,0.0,0.743
29,8,0.5384117671974977,-6.406703769999999,0.426,0.001,0.001,0.154,0.12,0.002,0.708
29,9,0.5384117671974977,-3.6595227699999997,0.001,0.152,0.01,0.018,0.32199999999999995,0.004,0.509
29,10,0.5384117671974977,-2.35155477,0.001,0.101,0.013000000000000001,0.014,0.406,0.002,0.538
29,11,0.5384117671974977,-1.9911137700000001,0.0,0.167,0.005,0.0,0.414,0.008,0.593
29,12,0.5384117671974977,-1.0816997699999997,0.0,0.027,0.02,0.004,0.51,0.0,0.562
29,13,0.5384117671974977,-0.4569947700000001,0.0,0.001,0.038,0.0,0.584,0.0,0.622
29,14,0.5384117671974977,1.26398223,0.225,0.042,0.011000000000000001,0.01,0.316,0.018000000000000002,0.619
29,15,0.5384117671974977,3.80997223,0.014,0.222,0.004,0.084,0.12,0.03,0.47
29,16,0.5384117671974977,5.14983623,0.0,0.192,0.018,0.006,0.134,0.056,0.405
29,17,0.5384117671974977,5.26109823,0.0,0.405,0.0,0.0,0.198,0.052000000000000005,0.653
29,18,0.5384117671974977,5.98176323,0.001,0.061,0.051,0.012,0.05,0.049999999999999996,0.225
29,19,0.5384117671974977,6.44722723,0.007,0.033,0.032,0.002,0.1,0.038,0.215
29,20,0.5384117671974977,6.71661523,0.001,0.024,0.014,0.01,0.064,0.01,0.122
30,1,0.5576407925338565,-21.47230777,0.0,0.0,0.983,0.002,0.0,0.0,0.987
30,2,0.5576407925338565,-21.427054769999998,0.0,0.0,0.9890000000000001,0.0,0.0,0.0,0.99
30,3,0.5576407925338565,-21.41618677,0.0,0.0,0.989,0.0,0.0,0.0,0.99
30,4,0.5576407925338565,-21.39526277,0.0,0.0,0.9909999999999999,0.0,0.0,0.0,0.992
30,5,0.5576407925338565,-21.39067377,0.0,0.0,0.9910000000000001,0.0,0.0,0.0,0.991
30,6,0.5576407925338565,-12.961466770000001,0.086,0.017,0.0,0.578,0.01,0.0,0.692
30,7,0.5576407925338565,-12.00018677,0.002,0.017,0.012,0.71,0.002,0.0,0.744
30,8,0.5576407925338565,-6.457782770000001,0.43,0.001,0.001,0.148,0.12,0.002,0.707
30,9,0.5576407925338565,-3.74225777,0.001,0.154,0.01,0.018,0.31999999999999995,0.004,0.507
30,10,0.5576407925338565,-2.39529077,0.001,0.10200000000000001,0.011,0.014,0.404,0.002,0.536
30,11,0.5576407925338565,-2.03332477,0.0,0.168,0.005,0.0,0.41,0.008,0.592
30,12,0.5576407925338565,-1.0689757699999998,0.0,0.026,0.021,0.004,0.512,0.0,0.563
30,13,0.5576407925338565,-0.4711297700000001,0.0,0.001,0.036000000000000004,0.0,0.582,0.0,0.621
30,14,0.5576407925338565,1.19764423,0.226,0.039,0.011000000000000001,0.01,0.312,0.018000000000000002,0.614
30,15,0.5576407925338565,3.82137423,0.013,0.219,0.004,0.082,0.122,0.027999999999999997,0.468
30,16,0.5576407925338565,5.13903923,0.0,0.187,0.021,0.006,0.124,0.058,0.395
30,17,0.5576407925338565,5.28390123,0.0,0.401,0.0,0.0,0.2,0.048,0.652
30,18,0.5576407925338565,6.01028423,0.002,0.071,0.059,0.01,0.064,0.058,0.267
30,19,0.5576407925338565,6.44842923,0.006,0.019,0.026000000000000002,0.004,0.09,0.031,0.179
30,20,0.5576407925338565,6.78978023,0.001,0.027,0.011,0.01,0.064,0.006,0.12
31,1,0.576869629426106,-21.47372277,0.0,0.0,0.9840000000000001,0.004,0.0,0.0,0.987
31,2,0.576869629426106,-21.42656077,0.0,0.0,0.99,0.0,0.0,0.0,0.991
31,3,0.576869629426106,-21.41677377,0.0,0.0,0.989,0.0,0.0,0.0,0.99
31,4,0.576869629426106,-21.39458877,0.0,0.0,0.992,0.0,0.0,0.0,0.992
31,5,0.576869629426106,-21.38973277,0.0,0.0,0.992,0.0,0.0,0.0,0.991
31,6,0.576869629426106,-12.916047769999999,0.082,0.019,0.0,0.584,0.01,0.0,0.694
31,7,0.576869629426106,-11.981418770000001,0.002,0.016,0.012,0.712,0.002,0.0,0.745
31,8,0.576869629426106,-6.510555770000001,0.434,0.001,0.001,0.142,0.12,0.002,0.705
31,9,0.576869629426106,-3.82136677,0.001,0.156,0.009000000000000001,0.02,0.31599999999999995,0.004,0.506
31,10,0.576869629426106,-2.4339917699999996,0.0,0.10399999999999998,0.011,0.014,0.40199999999999997,0.002,0.535
31,11,0.576869629426106,-2.07391977,0.0,0.169,0.004,0.0,0.408,0.008,0.59
31,12,0.576869629426106,-1.05712977,0.0,0.025,0.023,0.004,0.512,0.0,0.564
31,13,0.576869629426106,-0.4851417699999998,0.0,0.001,0.037000000000000005,0.0,0.582,0.0,0.62
31,14,0.576869629426106,1.13237923,0.228,0.038,0.011000000000000001,0.01,0.308,0.018000000000000002,0.61
31,15,0.576869629426106,3.82964823,0.013,0.218,0.004,0.08,0.12,0.032,0.466
31,16,0.576869629426106,5.12466023,0.0,0.184,0.022000000000000002,0.004,0.11599999999999999,0.060000000000000005,0.386
31,17,0.576869629426106,5.30402723,0.0,0.399,0.0,0.0,0.202,0.05,0.65
31,18,0.576869629426106,6.02403523,0.004,0.08,0.068,0.008,0.082,0.06999999999999999,0.31
31,19,0.576869629426106,6.46267223,0.004,0.01,0.018000000000000002,0.006,0.076,0.026,0.139
31,20,0.576869629426106,6.86729423,0.001,0.029,0.008,0.008,0.066,0.004,0.118
32,1,0.5960986547624646,-21.47511077,0.0,0.0,0.983,0.004,0.0,0.0,0.987
32,2,0.5960986547624646,-21.426117769999998,0.0,0.0,0.99,0.0,0.0,0.0,0.991
32,3,0.5960986547624646,-21.41733777,0.0,0.0,0.988,0.0,0.0,0.0,0.99
32,4,0.5960986547624646,-21.393889769999998,0.0,0.0,0.992,0.0,0.0,0.0,0.992
32,5,0.5960986547624646,-21.388809769999998,0.0,0.0,0.9900000000000001,0.0,0.0,0.0,0.991
32,6,0.5960986547624646,-12.870202769999999,0.078,0.019,0.0,0.588,0.01,0.0,0.696
32,7,0.5960986547624646,-11.963605770000001,0.003,0.015,0.012,0.712,0.002,0.0,0.747
32,8,0.5960986547624646,-6.56460277,0.437,0.001,0.001,0.134,0.12,0.006,0.702
32,9,0.5960986547624646,-3.89689977,0.0,0.157,0.007,0.022,0.312,0.004,0.504
32,10,0.5960986547624646,-2.46772877,0.0,0.10599999999999998,0.01,0.016,0.4,0.002,0.534
32,11,0.5960986547624646,-2.1128247699999996,0.0,0.17099999999999999,0.004,0.0,0.408,0.008,0.589
32,12,0.5960986547624646,-1.04627977,0.0,0.023,0.023,0.004,0.514,0.0,0.565
32,13,0.5960986547624646,-0.49894576999999973,0.0,0.001,0.037000000000000005,0.0,0.578,0.0,0.62
32,14,0.5960986547624646,1.06862123,0.229,0.035,0.012,0.01,0.302,0.018000000000000002,0.606
32,15,0.5960986547624646,3.83500823,0.012,0.21500000000000002,0.004,0.078,0.12,0.032,0.463
32,16,0.5960986547624646,5.1080342299999995,0.0,0.181,0.023999999999999997,0.004,0.108,0.06,0.379
32,17,0.5960986547624646,5.321608230000001,0.0,0.395,0.0,0.0,0.202,0.048,0.649
32,18,0.5960986547624646,6.02088923,0.005,0.084,0.07500000000000001,0.006,0.098,0.08,0.343
32,19,0.5960986547624646,6.49377423,0.003,0.003,0.011,0.008,0.062,0.018000000000000002,0.106
32,20,0.5960986547624646,6.94740623,0.001,0.03,0.007,0.008,0.064,0.004,0.117
33,1,0.6153276800988233,-21.47646377,0.0,0.0,0.9820000000000001,0.004,0.0,0.0,0.987
33,2,0.6153276800988233,-21.42572577,0.0,0.0,0.989,0.0,0.0,0.0,0.991
33,3,0.6153276800988233,-21.41788077,0.0,0.0,0.989,0.0,0.0,0.0,0.99
33,4,0.6153276800988233,-21.393174769999998,0.0,0.0,0.992,0.0,0.0,0.0,0.992
33,5,0.6153276800988233,-21.38791377,0.0,0.0,0.992,0.0,0.0,0.0,0.991
33,6,0.6153276800988233,-12.824084769999999,0.074,0.02,0.0,0.594,0.008,0.0,0.699
33,7,0.6153276800988233,-11.94689477,0.003,0.016,0.013000000000000001,0.714,0.002,0.0,0.748
33,8,0.6153276800988233,-6.61946677,0.441,0.001,0.002,0.128,0.122,0.006,0.7
33,9,0.6153276800988233,-3.9688947700000003,0.0,0.158,0.007,0.022,0.31,0.004,0.503
33,10,0.6153276800988233,-2.49664777,0.0,0.107,0.009000000000000001,0.016,0.398,0.0,0.534
33,11,0.6153276800988233,-2.1499707700000004,0.0,0.172,0.004,0.0,0.40599999999999997,0.006,0.588
33,12,0.6153276800988233,-1.0365377699999998,0.0,0.022,0.023,0.004,0.514,0.0,0.566
33,13,0.6153276800988233,-0.5124557699999999,0.0,0.0,0.038000000000000006,0.0,0.578,0.0,0.619
33,14,0.6153276800988233,1.00675523,0.23,0.034,0.011000000000000001,0.01,0.3,0.018000000000000002,0.603
33,15,0.6153276800988233,3.83772123,0.011,0.21400000000000002,0.004,0.076,0.122,0.034,0.461
33,16,0.6153276800988233,5.090302230000001,0.0,0.179,0.023999999999999997,0.004,0.10200000000000001,0.064,0.374
33,17,0.6153276800988233,5.33680723,0.0,0.391,0.0,0.0,0.206,0.05,0.647
33,18,0.6153276800988233,6.00249423,0.006,0.086,0.08,0.004,0.108,0.082,0.364
33,19,0.6153276800988233,6.54090023,0.002,0.001,0.008,0.008,0.052000000000000005,0.016,0.085
33,20,0.6153276800988233,7.02942423,0.001,0.03,0.006,0.008,0.064,0.004,0.115
34,1,0.634556705435182,-21.47778477,0.0,0.0,0.983,0.004,0.0,0.0,0.987
34,2,0.634556705435182,-21.425374769999998,0.0,0.0,0.989,0.0,0.0,0.0,0.991
34,3,0.634556705435182,-21.41840277,0.0,0.0,0.989,0.0,0.0,0.0,0.99
34,4,0.634556705435182,-21.392444769999997,0.0,0.0,0.992,0.0,0.0,0.0,0.992
34,5,0.634556705435182,-21.387046769999998,0.0,0.0,0.9900000000000001,0.0,0.0,0.0,0.991
34,6,0.634556705435182,-12.777861770000001,0.069,0.021,0.0,0.6,0.008,0.0,0.701
34,7,0.634556705435182,-11.931430769999999,0.004,0.015000000000000001,0.014000000000000002,0.714,0.002,0.0,0.75
34,8,0.634556705435182,-6.67466777,0.444,0.003,0.002,0.12,0.12200000000000001,0.008,0.697
34,9,0.634556705435182,-4.03736877,0.0,0.159,0.007,0.024,0.308,0.004,0.502
34,10,0.634556705435182,-2.5209487699999995,0.0,0.11,0.009000000000000001,0.016,0.394,0.0,0.534
34,11,0.634556705435182,-2.18530477,0.0,0.173,0.004,0.0,0.402,0.006,0.587
34,12,0.634556705435182,-1.0279907700000002,0.0,0.02,0.024999999999999998,0.004,0.516,0.0,0.567
34,13,0.634556705435182,-0.5255927699999998,0.0,0.0,0.038000000000000006,0.0,0.578,0.0,0.618
34,14,0.634556705435182,0.94713023,0.232,0.031,0.012,0.01,0.298,0.018000000000000002,0.6
34,15,0.634556705435182,3.83808923,0.01,0.21300000000000002,0.004,0.074,0.122,0.034,0.458
34,16,0.634556705435182,5.07243623,0.0,0.17600000000000002,0.028,0.004,0.098,0.066,0.369
34,17,0.634556705435182,5.34979923,0.0,0.388,0.0,0.0,0.206,0.054,0.645
34,18,0.634556705435182,5.97253623,0.006,0.086,0.08100000000000002,0.004,0.11399999999999999,0.086,0.374
34,19,0.634556705435182,6.60088823,0.001,0.001,0.004,0.01,0.044000000000000004,0.012,0.073
34,20,0.634556705435182,7.11306023,0.001,0.028999999999999998,0.006,0.008,0.066,0.004,0.113
35,1,0.6537857307715406,-21.47905777,0.0,0.0,0.982,0.004,0.0,0.0,0.987
35,2,0.6537857307715406,-21.42507177,0.0,0.0,0.989,0.0,0.0,0.0,0.991
35,3,0.6537857307715406,-21.41889877,0.0,0.0,0.99,0.0,0.0,0.0,0.99
35,4,0.6537857307715406,-21.39171877,0.0,0.0,0.9930000000000001,0.0,0.0,0.0,0.992
35,5,0.6537857307715406,-21.38621677,0.0,0.0,0.991,0.0,0.0,0.0,0.991
35,6,0.6537857307715406,-12.73171477,0.065,0.021,0.001,0.604,0.008,0.0,0.703
35,7,0.6537857307715406,-11.91735477,0.005,0.014,0.014000000000000002,0.716,0.002,0.0,0.751
35,8,0.6537857307715406,-6.72970777,0.447,0.003,0.002,0.114,0.122,0.008,0.694
35,9,0.6537857307715406,-4.10231977,0.0,0.15999999999999998,0.005,0.024,0.306,0.004,0.5
35,10,0.6537857307715406,-2.5408897699999997,0.0,0.113,0.009000000000000001,0.018,0.394,0.0,0.535
35,11,0.6537857307715406,-2.21876377,0.0,0.175,0.003,0.0,0.4,0.006,0.586
35,12,0.6537857307715406,-1.0207187699999998,0.0,0.02,0.026,0.004,0.518,0.0,0.567
35,13,0.6537857307715406,-0.5382847699999997,0.0,0.0,0.039999999999999994,0.0,0.576,0.0,0.617
35,14,0.6537857307715406,0.8900592300000001,0.233,0.028,0.012,0.01,0.294,0.018000000000000002,0.597
35,15,0.6537857307715406,3.83643323,0.009,0.21300000000000002,0.004,0.074,0.122,0.036,0.456
35,16,0.6537857307715406,5.05526123,0.0,0.17500000000000002,0.028,0.002,0.094,0.066,0.366
35,17,0.6537857307715406,5.3607742300000005,0.0,0.384,0.0,0.0,0.206,0.052000000000000005,0.642
35,18,0.6537857307715406,5.93458923,0.006,0.08299999999999999,0.08100000000000002,0.002,0.11599999999999999,0.088,0.376
35,19,0.6537857307715406,6.67058923,0.0,0.002,0.004,0.01,0.04,0.012,0.067
35,20,0.6537857307715406,7.19817623,0.001,0.028,0.004,0.006,0.064,0.004,0.111
36,1,0.6730147561078992,-21.48028077,0.0,0.0,0.982,0.004,0.0,0.0,0.987
36,2,0.6730147561078992,-21.424807769999997,0.0,0.0,0.99,0.0,0.0,0.0,0.991
36,3,0.6730147561078992,-21.41936977,0.0,0.0,0.99,0.0,0.0,0.0,0.99
36,4,0.6730147561078992,-21.39099477,0.0,0.0,0.992,0.0,0.0,0.0,0.992
36,5,0.6730147561078992,-21.385415769999998,0.0,0.0,0.992,0.0,0.0,0.0,0.991
36,6,0.6730147561078992,-12.685840769999999,0.06,0.024,0.002,0.61,0.008,0.0,0.705
36,7,0.6730147561078992,-11.90479277,0.006,0.013,0.014000000000000002,0.716,0.002,0.0,0.752
36,8,0.6730147561078992,-6.78408077,0.45,0.003,0.004,0.108,0.124,0.008,0.691
36,9,0.6730147561078992,-4.16371977,0.0,0.16199999999999998,0.005,0.024,0.304,0.004,0.499
36,10,0.6730147561078992,-2.55677877,0.0,0.116,0.008,0.018,0.394,0.0,0.536
36,11,0.6730147561078992,-2.2502927699999997,0.0,0.176,0.003,0.0,0.4,0.006,0.585
36,12,0.6730147561078992,-1.0147587699999998,0.0,0.018000000000000002,0.027,0.004,0.518,0.0,0.568
36,13,0.6730147561078992,-0.55045777,0.0,0.0,0.039,0.0,0.576,0.0,0.616
36,14,0.6730147561078992,0.83582823,0.235,0.024999999999999998,0.014000000000000002,0.01,0.296,0.018000000000000002,0.594
36,15,0.6730147561078992,3.83307723,0.007,0.21200000000000002,0.004,0.072,0.122,0.034,0.454
36,16,0.6730147561078992,5.03946323,0.0,0.17500000000000002,0.028,0.002,0.09,0.066,0.363
36,17,0.6730147561078992,5.36993423,0.0,0.381,0.0,0.0,0.208,0.052000000000000005,0.64
36,18,0.6730147561078992,5.891338230000001,0.006,0.081,0.081,0.002,0.118,0.084,0.374
36,19,0.6730147561078992,6.74770023,0.0,0.002,0.004,0.01,0.036000000000000004,0.014,0.064
36,20,0.6730147561078992,7.28471723,0.001,0.027000000000000003,0.004,0.006,0.066,0.004,0.109
37,1,0.6922435930001488,-21.48144177,0.0,0.0,0.981,0.004,0.0,0.0,0.987
37,2,0.6922435930001488,-21.424576769999998,0.0,0.0,0.9890000000000001,0.0,0.0,0.0,0.991
37,3,0.6922435930001488,-21.41980977,0.0,0.0,0.989,0.0,0.0,0.0,0.99
37,4,0.6922435930001488,-21.39028077,0.0,0.0,0.992,0.0,0.0,0.0,0.992
37,5,0.6922435930001488,-21.38465377,0.0,0.0,0.9920000000000001,0.0,0.0,0.0,0.992
37,6,0.6922435930001488,-12.64045677,0.056,0.024999999999999998,0.002,0.616,0.008,0.0,0.708
37,7,0.6922435930001488,-11.89386077,0.007,0.011999999999999999,0.016,0.716,0.002,0.0,0.753
37,8,0.6922435930001488,-6.837282770000001,0.452,0.003,0.004,0.1,0.124,0.008,0.688
37,9,0.6922435930001488,-4.22151377,0.0,0.16299999999999998,0.004,0.024,0.302,0.004,0.498
37,10,0.6922435930001488,-2.5689617699999996,0.0,0.11699999999999999,0.006,0.02,0.39,0.0,0.537
37,11,0.6922435930001488,-2.2798447699999995,0.0,0.176,0.003,0.0,0.398,0.006,0.584
37,12,0.6922435930001488,-1.01013377,0.0,0.016,0.028,0.004,0.52,0.0,0.568
37,13,0.6922435930001488,-0.5620557699999997,0.0,0.0,0.039,0.0,0.576,0.0,0.616
37,14,0.6922435930001488,0.78468823,0.236,0.022,0.014000000000000002,0.01,0.292,0.018000000000000002,0.591
37,15,0.6922435930001488,3.8283472300000003,0.006,0.212,0.004,0.07,0.12000000000000001,0.038,0.452
37,16,0.6922435930001488,5.02560723,0.0,0.17400000000000002,0.028999999999999998,0.002,0.088,0.066,0.362
37,17,0.6922435930001488,5.37747623,0.0,0.379,0.0,0.0,0.208,0.054000000000000006,0.638
37,18,0.6922435930001488,5.84465423,0.005,0.076,0.081,0.002,0.118,0.084,0.37
37,19,0.6922435930001488,6.83070723,0.0,0.003,0.002,0.01,0.034,0.012,0.064
37,20,0.6922435930001488,7.37263423,0.002,0.026000000000000002,0.004,0.006,0.066,0.004,0.107
38,1,0.7114726183365075,-21.48254077,0.0,0.0,0.9800000000000001,0.004,0.0,0.0,0.987
38,2,0.7114726183365075,-21.42437677,0.0,0.0,0.9900000000000002,0.0,0.0,0.0,0.991
38,3,0.7114726183365075,-21.42022077,0.0,0.0,0.988,0.0,0.0,0.0,0.99
38,4,0.7114726183365075,-21.38958577,0.0,0.0,0.992,0.0,0.0,0.0,0.992
38,5,0.7114726183365075,-21.38393577,0.0,0.0,0.991,0.0,0.0,0.0,0.992
38,6,0.7114726183365075,-12.59579977,0.051,0.026,0.002,0.624,0.008,0.0,0.71
38,7,0.7114726183365075,-11.88465677,0.008,0.011000000000000001,0.016,0.716,0.002,0.0,0.754
38,8,0.7114726183365075,-6.888818769999999,0.455,0.001,0.004,0.094,0.124,0.008,0.685
38,9,0.7114726183365075,-4.27563377,0.0,0.16399999999999998,0.004,0.024,0.3,0.004,0.497
38,10,0.7114726183365075,-2.57782377,0.0,0.12,0.006,0.022,0.38799999999999996,0.0,0.538
38,11,0.7114726183365075,-2.30737577,0.0,0.177,0.003,0.0,0.398,0.006,0.583
38,12,0.7114726183365075,-1.0068287699999998,0.001,0.015,0.028,0.004,0.518,0.0,0.568
38,13,0.7114726183365075,-0.5730177699999999,0.0,0.0,0.04,0.0,0.574,0.0,0.615
38,14,0.7114726183365075,0.73685823,0.237,0.02,0.015,0.01,0.29,0.018000000000000002,0.589
38,15,0.7114726183365075,3.82255623,0.006,0.211,0.004,0.07,0.12000000000000001,0.038,0.45
38,16,0.7114726183365075,5.01414223,0.0,0.17600000000000002,0.028999999999999998,0.002,0.08399999999999999,0.066,0.361
38,17,0.7114726183365075,5.3835972299999995,0.0,0.376,0.0,0.0,0.208,0.054000000000000006,0.636
38,18,0.7114726183365075,5.79586923,0.005,0.074,0.081,0.002,0.11599999999999999,0.086,0.364
38,19,0.7114726183365075,6.91862423,0.0,0.004,0.004,0.01,0.034,0.014,0.064
38,20,0.7114726183365075,7.46187723,0.002,0.024,0.004,0.006,0.064,0.004,0.105
39,1,0.7307016436728662,-21.48357977,0.0,0.0,0.9810000000000001,0.004,0.0,0.0,0.986
39,2,0.7307016436728662,-21.42421777,0.0,0.0,0.99,0.0,0.0,0.0,0.991
39,3,0.7307016436728662,-21.42061177,0.0,0.0,0.988,0.0,0.0,0.0,0.989
39,4,0.7307016436728662,-21.38892577,0.0,0.0,0.992,0.0,0.0,0.0,0.992
39,5,0.7307016436728662,-21.383265769999998,0.0,0.0,0.9920000000000001,0.0,0.0,0.0,0.992
39,6,0.7307016436728662,-12.552133770000001,0.046,0.026,0.002,0.63,0.008,0.0,0.712
39,7,0.7307016436728662,-11.87725177,0.01,0.01,0.016,0.716,0.002,0.0,0.754
39,8,0.7307016436728662,-6.93821177,0.457,0.001,0.004,0.088,0.128,0.008,0.682
39,9,0.7307016436728662,-4.32599477,0.0,0.16599999999999998,0.004,0.024,0.298,0.004,0.496
39,10,0.7307016436728662,-2.58377677,0.0,0.122,0.006,0.024,0.38799999999999996,0.0,0.539
39,11,0.7307016436728662,-2.33284977,0.0,0.179,0.001,0.0,0.394,0.006,0.583
39,12,0.7307016436728662,-1.0048017699999998,0.001,0.013000000000000001,0.029,0.004,0.52,0.0,0.568
39,13,0.7307016436728662,-0.5832977700000002,0.0,0.0,0.04,0.0,0.574,0.0,0.614
39,14,0.7307016436728662,0.69252223,0.238,0.017,0.015,0.01,0.29,0.018000000000000002,0.587
39,15,0.7307016436728662,3.81600423,0.005,0.212,0.001,0.068,0.12000000000000001,0.04,0.448
39,16,0.7307016436728662,5.00540923,0.0,0.17600000000000002,0.026999999999999996,0.002,0.08399999999999999,0.068,0.362
39,17,0.7307016436728662,5.38848323,0.0,0.372,0.0,0.0,0.208,0.052000000000000005,0.634
39,18,0.7307016436728662,5.74597723,0.004,0.071,0.082,0.002,0.11000000000000001,0.088,0.357
39,19,0.7307016436728662,7.01079123,0.0,0.005,0.004,0.01,0.032,0.014,0.065
39,20,0.7307016436728662,7.55237623,0.003,0.022,0.005,0.006,0.064,0.004,0.104
40,1,0.7499306690092248,-21.48454577,0.0,0.0,0.981,0.004,0.0,0.0,0.986
40,2,0.7499306690092248,-21.42407677,0.0,0.0,0.99,0.0,0.0,0.0,0.991
40,3,0.7499306690092248,-21.420971769999998,0.0,0.0,0.989,0.0,0.0,0.0,0.989
40,4,0.7499306690092248,-21.38829577,0.0,0.0,0.992,0.0,0.0,0.0,0.992
40,5,0.7499306690092248,-21.38264277,0.0,0.0,0.9920000000000001,0.0,0.0,0.0,0.992
40,6,0.7499306690092248,-12.509745769999999,0.041,0.028,0.002,0.636,0.008,0.0,0.715
40,7,0.7499306690092248,-11.87168277,0.012,0.009000000000000001,0.016,0.714,0.002,0.0,0.755
40,8,0.7499306690092248,-6.98499877,0.46,0.001,0.004,0.082,0.126,0.008,0.679
40,9,0.7499306690092248,-4.37249377,0.0,0.166,0.004,0.024,0.3,0.004,0.495
40,10,0.7499306690092248,-2.5872417700000003,0.0,0.124,0.005,0.026,0.386,0.0,0.541
40,11,0.7499306690092248,-2.3562237699999997,0.0,0.179,0.001,0.0,0.394,0.006,0.582
40,12,0.7499306690092248,-1.00394777,0.002,0.011,0.030000000000000002,0.004,0.52,0.0,0.567
40,13,0.7499306690092248,-0.5928367699999999,0.0,0.0,0.04,0.0,0.574,0.0,0.614
40,14,0.7499306690092248,0.65183623,0.239,0.013000000000000001,0.016,0.01,0.292,0.018000000000000002,0.585
40,15,0.7499306690092248,3.80897823,0.004,0.212,0.001,0.066,0.12000000000000001,0.04,0.446
40,16,0.7499306690092248,4.99964623,0.0,0.17800000000000002,0.026999999999999996,0.004,0.086,0.068,0.363
40,17,0.7499306690092248,5.3923152299999995,0.0,0.371,0.0,0.0,0.208,0.052000000000000005,0.632
40,18,0.7499306690092248,5.69578023,0.004,0.068,0.083,0.002,0.10800000000000001,0.08399999999999999,0.349
40,19,0.7499306690092248,7.10674923,0.0,0.005,0.005,0.008,0.032,0.016,0.066
40,20,0.7499306690092248,7.64403023,0.003,0.022,0.005,0.006,0.066,0.004,0.103
41,1,0.7691596943455834,-21.485431769999998,0.0,0.0,0.9810000000000001,0.004,0.0,0.0,0.986
41,2,0.7691596943455834,-21.42396277,0.0,0.0,0.9890000000000001,0.0,0.0,0.0,0.991
41,3,0.7691596943455834,-21.42129877,0.0,0.0,0.99,0.0,0.0,0.0,0.989
41,4,0.7691596943455834,-21.38771177,0.0,0.0,0.9929999999999999,0.0,0.0,0.0,0.992
41,5,0.7691596943455834,-21.38207077,0.0,0.0,0.991,0.0,0.0,0.0,0.992
41,6,0.7691596943455834,-12.468960769999999,0.036,0.029,0.002,0.642,0.008,0.0,0.717
41,7,0.7691596943455834,-11.86794677,0.014,0.008,0.018000000000000002,0.712,0.002,0.0,0.755
41,8,0.7691596943455834,-7.02874577,0.462,0.001,0.004,0.076,0.126,0.008,0.676
41,9,0.7691596943455834,-4.41502077,0.0,0.167,0.001,0.024,0.298,0.004,0.494
41,10,0.7691596943455834,-2.58864877,0.0,0.127,0.003,0.026,0.384,0.0,0.543
41,11,0.7691596943455834,-2.37747377,0.0,0.18,0.001,0.0,0.394,0.006,0.581
41,12,0.7691596943455834,-1.0041407699999998,0.002,0.009999999999999998,0.030000000000000002,0.004,0.518,0.0,0.567
41,13,0.7691596943455834,-0.60159677,0.0,0.0,0.04,0.0,0.574,0.0,0.613
41,14,0.7691596943455834,0.61492123,0.24,0.012,0.016,0.008,0.29000000000000004,0.018000000000000002,0.584
41,15,0.7691596943455834,3.80174623,0.003,0.212,0.001,0.066,0.12000000000000001,0.04,0.445
41,16,0.7691596943455834,4.99698223,0.0,0.17800000000000002,0.026000000000000002,0.004,0.088,0.066,0.366
41,17,0.7691596943455834,5.39525823,0.0,0.368,0.0,0.0,0.208,0.052000000000000005,0.63
41,18,0.7691596943455834,5.6459632299999996,0.003,0.063,0.085,0.002,0.10200000000000001,0.086,0.341
41,19,0.7691596943455834,7.20615623,0.0,0.007,0.005,0.008,0.032,0.016,0.067
41,20,0.7691596943455834,7.73669623,0.004,0.02,0.003,0.006,0.066,0.004,0.102
42,1,0.788388531237833,-21.48623577,0.0,0.0,0.9800000000000001,0.004,0.0,0.0,0.986
42,2,0.788388531237833,-21.42386577,0.0,0.0,0.9900000000000001,0.0,0.0,0.0,0.991
42,3,0.788388531237833,-21.42159277,0.0,0.0,0.989,0.0,0.0,0.0,0.989
42,4,0.788388531237833,-21.38716977,0.0,0.0,0.992,0.0,0.0,0.0,0.992
42,5,0.788388531237833,-21.381551769999998,0.0,0.0,0.991,0.0,0.0,0.0,0.992
42,6,0.788388531237833,-12.43014377,0.031,0.03,0.002,0.65,0.008,0.0,0.719
42,7,0.788388531237833,-11.86598477,0.017,0.008,0.018000000000000002,0.712,0.002,0.0,0.756
42,8,0.788388531237833,-7.069046770000001,0.464,0.001,0.004,0.072,0.128,0.008,0.674
42,9,0.788388531237833,-4.45345877,0.0,0.167,0.001,0.022,0.296,0.002,0.492
42,10,0.788388531237833,-2.58843477,0.0,0.128,0.003,0.028,0.382,0.0,0.545
42,11,0.788388531237833,-2.39656377,0.0,0.18,0.001,0.0,0.392,0.006,0.581
42,12,0.788388531237833,-1.0052057699999999,0.003,0.008,0.032,0.004,0.518,0.0,0.566
42,13,0.788388531237833,-0.6095377699999998,0.0,0.0,0.041,0.0,0.57,0.0,0.613
42,14,0.788388531237833,0.5818592300000001,0.241,0.009000000000000001,0.018000000000000002,0.008,0.29000000000000004,0.018000000000000002,0.583
42,15,0.788388531237833,3.79456023,0.002,0.214,0.001,0.064,0.11800000000000001,0.042,0.444
42,16,0.788388531237833,4.99743623,0.0,0.18200000000000002,0.025,0.004,0.088,0.066,0.37
42,17,0.788388531237833,5.39747023,0.0,0.365,0.0,0.0,0.208,0.052000000000000005,0.628
42,18,0.788388531237833,5.59716323,0.003,0.06,0.085,0.002,0.098,0.086,0.332
42,19,0.788388531237833,7.30874223,0.0,0.007,0.004,0.008,0.032,0.016,0.069
42,20,0.788388531237833,7.83016823,0.005,0.019,0.003,0.006,0.066,0.004,0.101
43,1,0.8076175565741917,-21.48695077,0.0,0.0,0.981,0.004,0.0,0.0,0.986
43,2,0.8076175565741917,-21.42378677,0.0,0.0,0.9900000000000001,0.0,0.0,0.0,0.991
43,3,0.8076175565741917,-21.421849769999998,0.0,0.0,0.989,0.0,0.0,0.0,0.989
43,4,0.8076175565741917,-21.386680769999998,0.0,0.0,0.992,0.0,0.0,0.0,0.992
43,5,0.8076175565741917,-21.38108577,0.0,0.0,0.9920000000000001,0.0,0.0,0.0,0.992
43,6,0.8076175565741917,-12.39371277,0.026,0.033,0.001,0.656,0.008,0.0,0.721
43,7,0.8076175565741917,-11.86566977,0.019,0.007,0.019000000000000003,0.708,0.002,0.0,0.756
43,8,0.8076175565741917,-7.1055297699999995,0.466,0.001,0.005,0.068,0.126,0.008,0.672
43,9,0.8076175565741917,-4.48769977,0.0,0.169,0.001,0.022,0.296,0.002,0.492
43,10,0.8076175565741917,-2.58702477,0.0,0.131,0.002,0.03,0.38200000000000006,0.0,0.546
43,11,0.8076175565741917,-2.4134627699999998,0.0,0.181,0.001,0.0,0.392,0.006,0.58
43,12,0.8076175565741917,-1.00694177,0.004,0.007,0.032,0.004,0.518,0.0,0.565
43,13,0.8076175565741917,-0.6166197699999998,0.0,0.0,0.041,0.0,0.57,0.0,0.613
43,14,0.8076175565741917,0.5527032300000001,0.242,0.007,0.018000000000000002,0.008,0.29000000000000004,0.018000000000000002,0.582
43,15,0.8076175565741917,3.7876482300000003,0.002,0.213,0.001,0.064,0.11800000000000001,0.042,0.442
43,16,0.8076175565741917,5.0009032300000005,0.0,0.18600000000000003,0.023,0.004,0.092,0.07,0.375
43,17,0.8076175565741917,5.3990902300000005,0.0,0.364,0.0,0.0,0.208,0.056,0.627
43,18,0.8076175565741917,5.55001423,0.002,0.053,0.08600000000000001,0.002,0.09000000000000001,0.086,0.322
43,19,0.8076175565741917,7.41427923,0.0,0.006,0.004,0.008,0.036,0.018000000000000002,0.071
43,20,0.8076175565741917,7.92415623,0.006,0.017,0.003,0.006,0.066,0.002,0.101
44,1,0.8268465819105503,-21.48757677,0.0,0.0,0.98,0.004,0.0,0.0,0.986
44,2,0.8268465819105503,-21.42371877,0.0,0.0,0.988,0.0,0.0,0.0,0.991
44,3,0.8268465819105503,-21.42207477,0.0,0.0,0.989,0.0,0.0,0.0,0.989
44,4,0.8268465819105503,-21.386244769999998,0.0,0.0,0.992,0.0,0.0,0.0,0.993
44,5,0.8268465819105503,-21.380676769999997,0.0,0.0,0.991,0.0,0.0,0.0,0.992
44,6,0.8268465819105503,-12.36014377,0.02,0.033,0.0,0.662,0.006,0.0,0.723
44,7,0.8268465819105503,-11.866794769999998,0.022,0.006,0.019000000000000003,0.706,0.002,0.0,0.756
44,8,0.8268465819105503,-7.13785477,0.467,0.001,0.005,0.064,0.13,0.008,0.67
44,9,0.8268465819105503,-4.51762777,0.0,0.168,0.001,0.022,0.296,0.002,0.491
44,10,0.8268465819105503,-2.5848337700000004,0.0,0.132,0.002,0.032,0.37800000000000006,0.0,0.548
44,11,0.8268465819105503,-2.4281537699999998,0.0,0.181,0.0,0.0,0.392,0.006,0.58
44,12,0.8268465819105503,-1.0091247700000001,0.004,0.005,0.033,0.004,0.518,0.0,0.565
44,13,0.8268465819105503,-0.62281977,0.0,0.0,0.041,0.0,0.57,0.0,0.612
44,14,0.8268465819105503,0.52748423,0.242,0.005,0.018000000000000002,0.008,0.28800000000000003,0.018000000000000002,0.581
44,15,0.8268465819105503,3.78121723,0.001,0.214,0.0,0.064,0.11800000000000001,0.042,0.441
44,16,0.8268465819105503,5.00712623,0.0,0.19,0.020999999999999998,0.004,0.098,0.07,0.381
44,17,0.8268465819105503,5.40024223,0.0,0.363,0.0,0.0,0.208,0.056,0.626
44,18,0.8268465819105503,5.50519423,0.002,0.048,0.089,0.002,0.082,0.09,0.311
44,19,0.8268465819105503,7.52256023,0.0,0.007,0.005,0.008,0.034,0.018000000000000002,0.072
44,20,0.8268465819105503,8.018225229999999,0.007,0.015,0.003,0.006,0.066,0.002,0.1
45,1,0.846075607246909,-21.48811277,0.0,0.0,0.9810000000000001,0.004,0.0,0.0,0.986
45,2,0.846075607246909,-21.42366677,0.0,0.0,0.9890000000000001,0.0,0.0,0.0,0.991
45,3,0.846075607246909,-21.42226677,0.0,0.0,0.989,0.0,0.0,0.0,0.989
45,4,0.846075607246909,-21.38586677,0.0,0.0,0.992,0.0,0.0,0.0,0.993
45,5,0.846075607246909,-21.380334769999997,0.0,0.0,0.991,0.0,0.0,0.0,0.992
45,6,0.846075607246909,-12.329989770000001,0.015,0.034,0.0,0.668,0.006,0.0,0.725
45,7,0.846075607246909,-11.86905577,0.025,0.003,0.019000000000000003,0.704,0.002,0.0,0.756
45,8,0.846075607246909,-7.16572877,0.469,0.0,0.005,0.06,0.13,0.008,0.668
45,9,0.846075607246909,-4.54314577,0.0,0.17,0.0,0.022,0.294,0.002,0.49
45,10,0.846075607246909,-2.5822407700000003,0.0,0.135,0.001,0.032,0.37800000000000006,0.0,0.549
45,11,0.846075607246909,-2.4406187700000004,0.0,0.183,0.0,0.0,0.39,0.006,0.58
45,12,0.846075607246909,-1.0115177699999998,0.005,0.003,0.034,0.004,0.518,0.0,0.564
45,13,0.846075607246909,-0.6281137700000001,0.0,0.0,0.041,0.0,0.57,0.0,0.612
45,14,0.846075607246909,0.5062002300000001,0.242,0.004,0.019000000000000003,0.008,0.29000000000000004,0.018000000000000002,0.58
45,15,0.846075607246909,3.77545123,0.001,0.215,0.0,0.062,0.11800000000000001,0.042,0.441
45,16,0.846075607246909,5.015659230000001,0.0,0.197,0.018000000000000002,0.004,0.10200000000000001,0.07,0.39
45,17,0.846075607246909,5.4010332299999995,0.0,0.361,0.0,0.0,0.208,0.056,0.624
45,18,0.846075607246909,5.463491230000001,0.002,0.04,0.091,0.002,0.076,0.09,0.299
45,19,0.846075607246909,7.63338523,0.0,0.007,0.005,0.008,0.036000000000000004,0.02,0.074
45,20,0.846075607246909,8.11170323,0.008,0.014,0.003,0.006,0.066,0.006,0.101
46,1,0.8653046325832676,-21.488555769999998,0.0,0.0,0.9800000000000001,0.004,0.0,0.0,0.986
46,2,0.8653046325832676,-21.423625769999997,0.0,0.0,0.9900000000000001,0.0,0.0,0.0,0.991
46,3,0.8653046325832676,-21.422423769999998,0.0,0.0,0.989,0.0,0.0,0.0,0.989
46,4,0.8653046325832676,-21.385553769999998,0.0,0.0,0.992,0.0,0.0,0.0,0.993
46,5,0.8653046325832676,-21.38005277,0.0,0.0,0.991,0.0,0.0,0.0,0.992
46,6,0.8653046325832676,-12.30387077,0.011,0.036000000000000004,0.0,0.674,0.006,0.0,0.727
46,7,0.8653046325832676,-11.872043770000001,0.028,0.002,0.020000000000000004,0.702,0.004,0.0,0.756
46,8,0.8653046325832676,-7.18889277,0.47,0.0,0.005,0.056,0.128,0.008,0.667
46,9,0.8653046325832676,-4.56416077,0.0,0.17,0.0,0.02,0.296,0.002,0.489
46,10,0.8653046325832676,-2.5795977700000003,0.0,0.136,0.0,0.034,0.378,0.0,0.551
46,11,0.8653046325832676,-2.45083877,0.0,0.183,0.0,0.0,0.39,0.006,0.579
46,12,0.8653046325832676,-1.0138777700000001,0.006,0.002,0.034,0.002,0.518,0.0,0.563
46,13,0.8653046325832676,-0.63247177,0.0,0.0,0.041,0.0,0.57,0.0,0.612
46,14,0.8653046325832676,0.4888372300000001,0.243,0.003,0.019000000000000003,0.008,0.29000000000000004,0.018000000000000002,0.58
46,15,0.8653046325832676,3.7705112300000003,0.001,0.21499999999999997,0.0,0.062,0.116,0.046,0.44
46,16,0.8653046325832676,5.02579523,0.0,0.20500000000000002,0.015,0.004,0.10800000000000001,0.068,0.399
46,17,0.8653046325832676,5.40155523,0.0,0.36,0.0,0.0,0.208,0.056,0.624
46,18,0.8653046325832676,5.42588123,0.001,0.031,0.096,0.002,0.06799999999999999,0.09,0.286
46,19,0.8653046325832676,7.74654023,0.0,0.007,0.005,0.008,0.036000000000000004,0.02,0.076
46,20,0.8653046325832676,8.203451229999999,0.01,0.011,0.003,0.006,0.065,0.006,0.101
47,1,0.8845336579196263,-21.48890377,0.0,0.0,0.979,0.004,0.0,0.0,0.986
47,2,0.8845336579196263,-21.42359677,0.0,0.0,0.9900000000000001,0.0,0.0,0.0,0.99
47,3,0.8845336579196263,-21.42254977,0.0,0.0,0.989,0.0,0.0,0.0,0.989
47,4,0.8845336579196263,-21.385311769999998,0.0,0.0,0.9929999999999999,0.0,0.0,0.0,0.993
47,5,0.8845336579196263,-21.37983177,0.0,0.0,0.9920000000000001,0.0,0.0,0.0,0.992
47,6,0.8845336579196263,-12.28247377,0.006,0.038,0.0,0.678,0.006,0.0,0.728
47,7,0.8845336579196263,-11.875255769999999,0.031,0.002,0.020000000000000004,0.698,0.004,0.0,0.755
47,8,0.8845336579196263,-7.2071337699999996,0.471,0.0,0.005,0.054,0.128,0.008,0.666
47,9,0.8845336579196263,-4.58059177,0.0,0.17,0.0,0.02,0.294,0.002,0.489
47,10,0.8845336579196263,-2.5772087700000004,0.0,0.138,0.0,0.034,0.376,0.0,0.552
47,11,0.8845336579196263,-2.45880177,0.0,0.183,0.0,0.0,0.39,0.006,0.579
47,12,0.8845336579196263,-1.01598277,0.006,0.001,0.034,0.002,0.518,0.0,0.563
47,13,0.8845336579196263,-0.63588077,0.0,0.0,0.041,0.0,0.57,0.0,0.612
47,14,0.8845336579196263,0.4753742300000001,0.243,0.001,0.017,0.008,0.29200000000000004,0.018000000000000002,0.579
47,15,0.8845336579196263,3.76652823,0.0,0.21499999999999997,0.0,0.062,0.116,0.046,0.439
47,16,0.8845336579196263,5.03647623,0.0,0.21399999999999997,0.011,0.004,0.114,0.066,0.41
47,17,0.8845336579196263,5.39362923,0.001,0.020999999999999998,0.09999999999999999,0.002,0.060000000000000005,0.092,0.273
47,18,0.8845336579196263,5.40188223,0.0,0.359,0.0,0.0,0.208,0.056,0.623
47,19,0.8845336579196263,7.86176623,0.0,0.008,0.005,0.008,0.038,0.022000000000000002,0.078
47,20,0.8845336579196263,8.291373230000001,0.012,0.008,0.004,0.006,0.064,0.006,0.101
48,1,0.903762494811876,-21.489149769999997,0.0,0.0,0.981,0.004,0.0,0.0,0.986
48,2,0.903762494811876,-21.42357677,0.0,0.0,0.989,0.0,0.0,0.0,0.99
48,3,0.903762494811876,-21.42263477,0.0,0.0,0.987,0.0,0.0,0.0,0.989
48,4,0.903762494811876,-21.38513477,0.0,0.0,0.9929999999999999,0.0,0.0,0.0,0.993
48,5,0.903762494811876,-21.379671769999998,0.0,0.0,0.9920000000000001,0.0,0.0,0.0,0.992
48,6,0.903762494811876,-12.266505769999998,0.003,0.038,0.0,0.682,0.006,0.0,0.729
48,7,0.903762494811876,-11.878126770000001,0.034,0.0,0.020000000000000004,0.696,0.004,0.0,0.755
48,8,0.903762494811876,-7.220283769999999,0.472,0.0,0.005,0.054,0.13,0.008,0.665
48,9,0.903762494811876,-4.59237377,0.0,0.171,0.0,0.02,0.294,0.002,0.488
48,10,0.903762494811876,-2.5753147700000003,0.0,0.138,0.0,0.034,0.376,0.002,0.552
48,11,0.903762494811876,-2.4644967700000002,0.0,0.183,0.0,0.0,0.39,0.006,0.579
48,12,0.903762494811876,-1.0176367699999997,0.007,0.001,0.034,0.002,0.516,0.0,0.562
48,13,0.903762494811876,-0.6383247700000001,0.0,0.0,0.041,0.0,0.57,0.0,0.611
48,14,0.903762494811876,0.46578423000000013,0.243,0.0,0.017,0.008,0.29200000000000004,0.018000000000000002,0.579
48,15,0.903762494811876,3.76360823,0.0,0.21599999999999997,0.0,0.062,0.116,0.046,0.439
48,16,0.903762494811876,5.04622423,0.0,0.22299999999999998,0.005,0.006,0.122,0.068,0.421
48,17,0.903762494811876,5.36836923,0.001,0.011,0.104,0.0,0.05,0.092,0.261
48,18,0.903762494811876,5.40207423,0.0,0.359,0.0,0.0,0.208,0.056,0.622
48,19,0.903762494811876,7.97866323,0.0,0.008,0.005,0.008,0.04,0.022000000000000002,0.081
48,20,0.903762494811876,8.37422123,0.014,0.003,0.004,0.008,0.05399999999999999,0.009000000000000001,0.093
49,1,0.9229915201482346,-21.48929377,0.0,0.0,0.98,0.004,0.0,0.0,0.986
49,2,0.9229915201482346,-21.42356277,0.0,0.0,0.99,0.0,0.0,0.0,0.99
49,3,0.9229915201482346,-21.422682769999998,0.0,0.0,0.989,0.0,0.0,0.0,0.989
49,4,0.9229915201482346,-21.38502677,0.0,0.0,0.9929999999999999,0.0,0.0,0.0,0.993
49,5,0.9229915201482346,-21.379567769999998,0.0,0.0,0.9920000000000001,0.0,0.0,0.0,0.992
49,6,0.9229915201482346,-12.25661177,0.001,0.039,0.0,0.684,0.004,0.0,0.73
49,7,0.9229915201482346,-11.88011877,0.035,0.0,0.020000000000000004,0.694,0.004,0.0,0.755
49,8,0.9229915201482346,-7.228220769999999,0.472,0.0,0.005,0.052,0.13,0.008,0.664
49,9,0.9229915201482346,-4.59946277,0.0,0.171,0.0,0.02,0.294,0.002,0.488
49,10,0.9229915201482346,-2.5741007700000003,0.0,0.14,0.0,0.036,0.378,0.002,0.553
49,11,0.9229915201482346,-2.4679157700000003,0.0,0.183,0.0,0.0,0.39,0.006,0.579
49,12,0.9229915201482346,-1.01868677,0.007,0.0,0.034,0.002,0.516,0.0,0.562
49,13,0.9229915201482346,-0.6397937699999998,0.0,0.0,0.041,0.0,0.57,0.0,0.611
49,14,0.9229915201482346,0.4600462300000001,0.243,0.0,0.018,0.008,0.29200000000000004,0.018000000000000002,0.579
49,15,0.9229915201482346,3.76182623,0.0,0.21599999999999997,0.0,0.062,0.116,0.046,0.439
49,16,0.9229915201482346,5.05322023,0.0,0.23099999999999998,0.001,0.006,0.126,0.068,0.43
49,17,0.9229915201482346,5.352025230000001,0.001,0.003,0.109,0.0,0.046,0.09399999999999999,0.251
49,18,0.9229915201482346,5.402173230000001,0.0,0.359,0.0,0.0,0.208,0.054,0.622
49,19,0.9229915201482346,8.096076230000001,0.0,0.01,0.004,0.006,0.041999999999999996,0.024,0.085
49,20,0.9229915201482346,8.34605823,0.0,0.005,0.006,0.008,0.042,0.024,0.084
50,1,0.9422205454845932,-21.489346769999997,0.0,0.0,0.98,0.004,0.0,0.0,0.986
50,2,0.9422205454845932,-21.42355977,0.0,0.0,0.99,0.0,0.0,0.0,0.99
50,3,0.9422205454845932,-21.42270277,0.0,0.0,0.989,0.0,0.0,0.0,0.989
50,4,0.9422205454845932,-21.38499277,0.0,0.0,0.992,0.0,0.0,0.0,0.993
50,5,0.9422205454845932,-21.37953577,0.0,0.0,0.9920000000000001,0.0,0.0,0.0,0.992
50,6,0.9422205454845932,-12.253257770000001,0.0,0.039,0.0,0.686,0.004,0.0,0.73
50,7,0.9422205454845932,-11.880832770000001,0.036,0.0,0.021000000000000005,0.694,0.004,0.0,0.755
50,8,0.9422205454845932,-7.23087577,0.472,0.0,0.005,0.052,0.13,0.008,0.664
50,9,0.9422205454845932,-4.60182877,0.0,0.171,0.0,0.02,0.294,0.002,0.488
50,10,0.9422205454845932,-2.57368477,0.0,0.14,0.0,0.036,0.378,0.002,0.553
50,11,0.9422205454845932,-2.46905677,0.0,0.183,0.0,0.0,0.39,0.006,0.579
50,12,0.9422205454845932,-1.01904977,0.007,0.0,0.034,0.002,0.516,0.0,0.562
50,13,0.9422205454845932,-0.6402917700000001,0.0,0.0,0.041,0.0,0.57,0.0,0.611
50,14,0.9422205454845932,0.45813323000000006,0.243,0.0,0.018,0.008,0.29200000000000004,0.018000000000000002,0.579
50,15,0.9422205454845932,3.7612272300000003,0.0,0.21599999999999997,0.0,0.062,0.116,0.046,0.439
50,16,0.9422205454845932,5.0557902299999995,0.0,0.235,0.0,0.006,0.128,0.066,0.433
50,17,0.9422205454845932,5.34633223,0.001,0.0,0.109,0.0,0.044,0.09399999999999999,0.247
50,18,0.9422205454845932,5.40220323,0.0,0.357,0.0,0.0,0.208,0.054,0.622
50,19,0.9422205454845932,8.19017323,0.0,0.015,0.0,0.004,0.049,0.032,0.099
50,20,0.9422205454845932,8.25091523,0.001,0.0,0.009000000000000001,0.01,0.032,0.016,0.07
51,1,0.9422205454845932,-21.489346769999997,0.0,0.0,0.98,0.004,0.0,0.0,0.986
51,2,0.9422205454845932,-21.42355977,0.0,0.0,0.99,0.0,0.0,0.0,0.99
51,3,0.9422205454845932,-21.42270277,0.0,0.0,0.989,0.0,0.0,0.0,0.989
51,4,0.9422205454845932,-21.38499277,0.0,0.0,0.992,0.0,0.0,0.0,0.993
51,5,0.9422205454845932,-21.37953577,0.0,0.0,0.9920000000000001,0.0,0.0,0.0,0.992
51,6,0.9422205454845932,-12.253257770000001,0.0,0.039,0.0,0.686,0.004,0.0,0.73
51,7,0.9422205454845932,-11.880832770000001,0.036,0.0,0.021000000000000005,0.694,0.004,0.0,0.755
51,8,0.9422205454845932,-7.23087577,0.472,0.0,0.005,0.052,0.13,0.008,0.664
51,9,0.9422205454845932,-4.60182877,0.0,0.171,0.0,0.02,0.294,0.002,0.488
51,10,0.9422205454845932,-2.57368477,0.0,0.14,0.0,0.036,0.378,0.002,0.553
51,11,0.9422205454845932,-2.46905677,0.0,0.183,0.0,0.0,0.39,0.006,0.579
51,12,0.9422205454845932,-1.01904977,0.007,0.0,0.034,0.002,0.516,0.0,0.562
51,13,0.9422205454845932,-0.6402917700000001,0.0,0.0,0.041,0.0,0.57,0.0,0.611
51,14,0.9422205454845932,0.45813323000000006,0.243,0.0,0.018,0.008,0.29200000000000004,0.018000000000000002,0.579
51,15,0.9422205454845932,3.7612272300000003,0.0,0.21599999999999997,0.0,0.062,0.116,0.046,0.439
51,16,0.9422205454845932,5.0557902299999995,0.0,0.235,0.0,0.006,0.128,0.066,0.433
51,17,0.9422205454845932,5.34633223,0.001,0.0,0.109,0.0,0.044,0.09399999999999999,0.247
51,18,0.9422205454845932,5.40220323,0.0,0.357,0.0,0.0,0.208,0.054,0.622
51,19,0.9422205454845932,8.19015323,0.0,0.015,0.0,0.004,0.048,0.032,0.099
51,20,0.9422205454845932,8.25103723,0.001,0.0,0.009000000000000001,0.01,0.036,0.014,0.07
52,1,0.9533224083112135,-21.48932377,0.0,0.0,0.98,0.004,0.0,0.0,0.986
52,2,0.9533224083112135,-21.423577769999998,0.0,0.0,0.99,0.0,0.0,0.0,0.99
52,3,0.9533224083112135,-21.42268877,0.0,0.0,0.989,0.0,0.0,0.0,0.989
52,4,0.9533224083112135,-21.38500177,0.0,0.0,0.9929999999999999,0.0,0.0,0.0,0.993
52,5,0.9533224083112135,-21.379536769999998,0.0,0.0,0.9920000000000001,0.0,0.0,0.0,0.992
52,6,0.9533224083112135,-12.253051769999999,0.0,0.039,0.0,0.686,0.004,0.0,0.73
52,7,0.9533224083112135,-11.88075277,0.036,0.0,0.021000000000000005,0.694,0.004,0.0,0.755
52,8,0.9533224083112135,-7.23090177,0.472,0.0,0.005,0.052,0.13,0.008,0.664
52,9,0.9533224083112135,-4.60144477,0.0,0.171,0.0,0.02,0.294,0.002,0.488
52,10,0.9533224083112135,-2.5739237700000004,0.0,0.14,0.0,0.036,0.378,0.002,0.553
52,11,0.9533224083112135,-2.4713607699999995,0.0,0.183,0.0,0.0,0.39,0.006,0.579
52,12,0.9533224083112135,-1.0188667699999998,0.007,0.0,0.034,0.002,0.516,0.0,0.562
52,13,0.9533224083112135,-0.6418627699999999,0.0,0.0,0.041,0.0,0.568,0.0,0.611
52,14,0.9533224083112135,0.46034123000000005,0.243,0.0,0.018,0.008,0.29200000000000004,0.018000000000000002,0.579
52,15,0.9533224083112135,3.76377323,0.0,0.21599999999999997,0.0,0.062,0.116,0.046,0.439
52,16,0.9533224083112135,5.05614323,0.0,0.235,0.0,0.006,0.128,0.066,0.433
52,17,0.9533224083112135,5.34735723,0.001,0.001,0.109,0.0,0.042,0.09399999999999999,0.248
52,18,0.9533224083112135,5.40086123,0.0,0.357,0.0,0.0,0.208,0.054,0.621
52,19,0.9533224083112135,8.19052123,0.0,0.015,0.0,0.004,0.049,0.032,0.099
52,20,0.9533224083112135,8.25162623,0.001,0.0,0.009000000000000001,0.01,0.034999999999999996,0.014,0.07
53,1,0.9644242678742028,-21.489263769999997,0.0,0.0,0.98,0.004,0.0,0.0,0.986
53,2,0.9644242678742028,-21.42363377,0.0,0.0,0.99,0.0,0.0,0.0,0.99
53,3,0.9644242678742028,-21.42265577,0.0,0.0,0.988,0.0,0.0,0.0,0.989
53,4,0.9644242678742028,-21.385031769999998,0.0,0.0,0.9929999999999999,0.0,0.0,0.0,0.993
53,5,0.9644242678742028,-21.37954277,0.0,0.0,0.9920000000000001,0.0,0.0,0.0,0.992
53,6,0.9644242678742028,-12.25243477,0.0,0.039,0.0,0.686,0.004,0.0,0.73
53,7,0.9644242678742028,-11.88051277,0.036,0.0,0.021000000000000005,0.694,0.004,0.0,0.755
53,8,0.9644242678742028,-7.2309817700000005,0.473,0.0,0.005,0.052,0.13,0.008,0.664
53,9,0.9644242678742028,-4.60029077,0.0,0.171,0.0,0.02,0.294,0.002,0.488
53,10,0.9644242678742028,-2.5746427699999996,0.0,0.14,0.0,0.036,0.378,0.002,0.553
53,11,0.9644242678742028,-2.4782367699999996,0.0,0.183,0.0,0.0,0.388,0.006,0.578
53,12,0.9644242678742028,-1.0183237699999999,0.007,0.0,0.034,0.002,0.516,0.0,0.562
53,13,0.9644242678742028,-0.64657477,0.0,0.0,0.041,0.0,0.568,0.0,0.611
53,14,0.9644242678742028,0.46693123000000014,0.243,0.0,0.018,0.008,0.29200000000000004,0.018000000000000002,0.579
53,15,0.9644242678742028,3.77139123,0.0,0.21599999999999997,0.0,0.062,0.11800000000000001,0.046,0.44
53,16,0.9644242678742028,5.05720223,0.0,0.236,0.0,0.006,0.128,0.066,0.434
53,17,0.9644242678742028,5.35037023,0.001,0.005,0.109,0.0,0.046000000000000006,0.092,0.251
53,18,0.9644242678742028,5.396915229999999,0.0,0.352,0.0,0.0,0.206,0.054,0.617
53,19,0.9644242678742028,8.19168623,0.0,0.015,0.0,0.004,0.049,0.032,0.099
53,20,0.9644242678742028,8.25327623,0.001,0.0,0.009000000000000001,0.01,0.033,0.015000000000000001,0.069
54,1,0.9755261290688555,-21.489160769999998,0.0,0.0,0.9790000000000001,0.004,0.0,0.0,0.986
54,2,0.9755261290688555,-21.42372877,0.0,0.0,0.9890000000000001,0.0,0.0,0.0,0.99
54,3,0.9755261290688555,-21.42259677,0.0,0.0,0.989,0.0,0.0,0.0,0.989
54,4,0.9755261290688555,-21.38508277,0.0,0.0,0.992,0.0,0.0,0.0,0.993
54,5,0.9755261290688555,-21.379550769999998,0.0,0.0,0.9920000000000001,0.0,0.0,0.0,0.992
54,6,0.9755261290688555,-12.25140777,0.0,0.039,0.0,0.686,0.004,0.0,0.73
54,7,0.9755261290688555,-11.880114769999999,0.035,0.0,0.020000000000000004,0.694,0.004,0.0,0.755
54,8,0.9755261290688555,-7.231116770000001,0.473,0.0,0.005,0.052,0.13,0.008,0.664
54,9,0.9755261290688555,-4.5983687699999996,0.0,0.171,0.0,0.02,0.294,0.002,0.488
54,10,0.9755261290688555,-2.57585277,0.0,0.14,0.0,0.036,0.376,0.002,0.553
54,11,0.9755261290688555,-2.4895837700000003,0.001,0.181,0.0,0.0,0.386,0.006,0.577
54,12,0.9755261290688555,-1.01744177,0.007,0.0,0.034,0.002,0.514,0.0,0.562
54,13,0.9755261290688555,-0.65435577,0.0,0.0,0.041,0.0,0.568,0.0,0.61
54,14,0.9755261290688555,0.4778092300000001,0.242,0.0,0.017,0.008,0.29400000000000004,0.018000000000000002,0.58
54,15,0.9755261290688555,3.7840142300000004,0.0,0.21499999999999997,0.0,0.062,0.11800000000000001,0.046,0.441
54,16,0.9755261290688555,5.058973229999999,0.0,0.236,0.0,0.006,0.128,0.066,0.434
54,17,0.9755261290688555,5.355075230000001,0.001,0.017,0.106,0.0,0.046,0.088,0.262
54,18,0.9755261290688555,5.39072623,0.0,0.339,0.003,0.0,0.202,0.058,0.604
54,19,0.9755261290688555,8.19358023,0.0,0.015,0.0,0.004,0.05,0.032,0.099
54,20,0.9755261290688555,8.25573123,0.001,0.0,0.009000000000000001,0.01,0.036,0.015000000000000001,0.071
55,1,0.9866279902638281,-21.48902077,0.0,0.0,0.98,0.004,0.0,0.0,0.986
55,2,0.9866279902638281,-21.423860769999997,0.0,0.0,0.989,0.0,0.0,0.0,0.99
55,3,0.9866279902638281,-21.422519769999997,0.0,0.0,0.989,0.0,0.0,0.0,0.989
55,4,0.9866279902638281,-21.385152769999998,0.0,0.0,0.994,0.0,0.0,0.0,0.993
55,5,0.9866279902638281,-21.37956877,0.0,0.0,0.991,0.0,0.0,0.0,0.992
55,6,0.9866279902638281,-12.24997377,0.0,0.039,0.0,0.686,0.004,0.0,0.73
55,7,0.9866279902638281,-11.879560770000001,0.035,0.0,0.020000000000000004,0.694,0.004,0.0,0.755
55,8,0.9866279902638281,-7.231308769999999,0.473,0.0,0.005,0.052,0.13,0.008,0.664
55,9,0.9866279902638281,-4.59567877,0.0,0.171,0.0,0.02,0.294,0.002,0.488
55,10,0.9866279902638281,-2.57757377,0.0,0.14,0.0,0.036,0.378,0.002,0.553
55,11,0.9866279902638281,-2.5052347700000004,0.001,0.181,0.0,0.0,0.386,0.006,0.576
55,12,0.9866279902638281,-1.01625277,0.008,0.0,0.034,0.002,0.516,0.0,0.562
55,13,0.9866279902638281,-0.6651157699999999,0.0,0.001,0.041,0.0,0.568,0.0,0.608
55,14,0.9866279902638281,0.49281923000000005,0.241,0.001,0.017,0.008,0.29600000000000004,0.018000000000000002,0.582
55,15,0.9866279902638281,3.80153723,0.0,0.21399999999999997,0.0,0.062,0.122,0.046,0.442
55,16,0.9866279902638281,5.061466230000001,0.0,0.235,0.0,0.006,0.13,0.068,0.434
55,17,0.9866279902638281,5.36004723,0.001,0.075,0.089,0.002,0.064,0.08399999999999999,0.316
55,18,0.9866279902638281,5.38382223,0.0,0.281,0.020999999999999998,0.0,0.184,0.062000000000000006,0.547
55,19,0.9866279902638281,8.196510230000001,0.0,0.015,0.0,0.004,0.05,0.032,0.1
55,20,0.9866279902638281,8.25930823,0.001,0.0,0.009000000000000001,0.01,0.036,0.014,0.072
56,1,0.9977298677781594,-21.488838769999997,0.0,0.0,0.9810000000000001,0.004,0.0,0.0,0.986
56,2,0.9977298677781594,-21.42402777,0.0,0.0,0.989,0.0,0.0,0.0,0.99
56,3,0.9977298677781594,-21.42241577,0.0,0.0,0.989,0.0,0.0,0.0,0.989
56,4,0.9977298677781594,-21.38524377,0.0,0.0,0.992,0.0,0.0,0.0,0.993
56,5,0.9977298677781594,-21.379584769999997,0.0,0.0,0.9920000000000001,0.0,0.0,0.0,0.992
56,6,0.9977298677781594,-12.24813177,0.0,0.039,0.0,0.686,0.004,0.0,0.73
56,7,0.9977298677781594,-11.878852769999998,0.035,0.0,0.020000000000000004,0.694,0.004,0.0,0.755
56,8,0.9977298677781594,-7.23155977,0.474,0.0,0.004,0.05,0.13,0.008,0.665
56,9,0.9977298677781594,-4.59222177,0.0,0.171,0.0,0.02,0.294,0.002,0.488
56,10,0.9977298677781594,-2.5798267700000004,0.0,0.14100000000000001,0.0,0.036,0.376,0.002,0.554
56,11,0.9977298677781594,-2.52497477,0.002,0.18,0.0,0.0,0.384,0.006,0.574
56,12,0.9977298677781594,-1.01478577,0.008,0.0,0.035,0.002,0.514,0.0,0.562
56,13,0.9977298677781594,-0.6787037699999998,0.0,0.001,0.041,0.0,0.5640000000000001,0.0,0.607
56,14,0.9977298677781594,0.51175423,0.24,0.001,0.017,0.008,0.29800000000000004,0.018000000000000002,0.584
56,15,0.9977298677781594,3.82381223,0.0,0.21399999999999997,0.0,0.06,0.124,0.046,0.444
56,16,0.9977298677781594,5.06469523,0.0,0.236,0.0,0.006,0.128,0.068,0.435
56,17,0.9977298677781594,5.35881023,0.001,0.247,0.038000000000000006,0.002,0.132,0.06599999999999999,0.491
56,18,0.9977298677781594,5.38282123,0.0,0.107,0.07300000000000001,0.0,0.11199999999999999,0.07800000000000001,0.37
56,19,0.9977298677781594,8.19987023,0.0,0.015,0.0,0.004,0.05,0.032,0.1
56,20,0.9977298677781594,8.26422123,0.001,0.001,0.009000000000000001,0.01,0.036,0.015000000000000001,0.072
57,1,1.0088317289728121,-21.48862077,0.0,0.0,0.982,0.004,0.0,0.0,0.986
57,2,1.0088317289728121,-21.42424077,0.0,0.0,0.99,0.0,0.0,0.0,0.99
57,3,1.0088317289728121,-21.42229377,0.0,0.0,0.989,0.0,0.0,0.0,0.989
57,4,1.0088317289728121,-21.38535777,0.0,0.0,0.992,0.0,0.0,0.0,0.993
57,5,1.0088317289728121,-21.37960677,0.0,0.0,0.9920000000000001,0.0,0.0,0.0,0.992
57,6,1.0088317289728121,-12.245886769999998,0.0,0.039,0.0,0.686,0.004,0.0,0.731
57,7,1.0088317289728121,-11.87799677,0.035,0.0,0.020000000000000004,0.696,0.004,0.0,0.755
57,8,1.0088317289728121,-7.231875769999999,0.474,0.0,0.004,0.05,0.128,0.008,0.665
57,9,1.0088317289728121,-4.58799977,0.0,0.171,0.0,0.02,0.294,0.002,0.488
57,10,1.0088317289728121,-2.58264477,0.0,0.14100000000000001,0.0,0.036,0.376,0.002,0.554
57,11,1.0088317289728121,-2.5485467699999997,0.002,0.179,0.001,0.0,0.384,0.006,0.572
57,12,1.0088317289728121,-1.01309577,0.008,0.0,0.035,0.002,0.516,0.0,0.563
57,13,1.0088317289728121,-0.6949617699999999,0.0,0.001,0.041,0.0,0.562,0.0,0.605
57,14,1.0088317289728121,0.5343572300000001,0.239,0.003,0.017,0.008,0.30200000000000005,0.016,0.586
57,15,1.0088317289728121,3.85065423,0.0,0.212,0.0,0.06,0.128,0.042,0.446
57,16,1.0088317289728121,5.0686772300000005,0.0,0.238,0.0,0.004,0.128,0.068,0.436
57,17,1.0088317289728121,5.34752123,0.001,0.325,0.012,0.002,0.174,0.06,0.574
57,18,1.0088317289728121,5.391739230000001,0.0,0.027,0.09899999999999999,0.0,0.07200000000000001,0.088,0.283
57,19,1.0088317289728121,8.20373923,0.0,0.015,0.0,0.004,0.05,0.032,0.101
57,20,1.0088317289728121,8.26904823,0.001,0.001,0.009000000000000001,0.008,0.038,0.014,0.074
58,1,1.0199335901677848,-21.488368769999997,0.0,0.0,0.9800000000000001,0.004,0.0,0.0,0.986
58,2,1.0199335901677848,-21.424489769999997,0.0,0.0,0.989,0.0,0.0,0.0,0.99
58,3,1.0199335901677848,-21.422153769999998,0.0,0.0,0.988,0.0,0.0,0.0,0.989
58,4,1.0199335901677848,-21.38549777,0.0,0.0,0.992,0.0,0.0,0.0,0.993
58,5,1.0199335901677848,-21.37963177,0.0,0.0,0.9920000000000001,0.0,0.0,0.0,0.992
58,6,1.0199335901677848,-12.243241770000001,0.0,0.039,0.0,0.686,0.004,0.0,0.731
58,7,1.0199335901677848,-11.87699777,0.034,0.0,0.020000000000000004,0.696,0.004,0.0,0.755
58,8,1.0199335901677848,-7.232260770000001,0.475,0.0,0.004,0.05,0.128,0.008,0.665
58,9,1.0199335901677848,-4.58301477,0.0,0.171,0.0,0.02,0.294,0.002,0.488
58,10,1.0199335901677848,-2.5860667699999995,0.0,0.14200000000000002,0.0,0.036,0.376,0.002,0.554
58,11,1.0199335901677848,-2.57565677,0.003,0.177,0.001,0.0,0.382,0.006,0.57
58,12,1.0199335901677848,-1.01122077,0.008,0.0,0.035,0.002,0.514,0.0,0.563
58,13,1.0199335901677848,-0.7136857700000001,0.0,0.002,0.041,0.0,0.56,0.0,0.603
58,14,1.0199335901677848,0.5603362300000001,0.238,0.003,0.017,0.008,0.30600000000000005,0.016,0.588
58,15,1.0199335901677848,3.88184623,0.0,0.212,0.0,0.06,0.132,0.042,0.449
58,16,1.0199335901677848,5.073438230000001,0.0,0.238,0.0,0.004,0.128,0.066,0.437
58,17,1.0199335901677848,5.33154423,0.001,0.341,0.005,0.002,0.182,0.06,0.591
58,18,1.0199335901677848,5.40541523,0.0,0.008,0.106,0.0,0.058,0.092,0.262
58,19,1.0199335901677848,8.20861623,0.0,0.016,0.0,0.004,0.051000000000000004,0.032,0.101
58,20,1.0199335901677848,8.27504823,0.002,0.001,0.009000000000000001,0.008,0.036000000000000004,0.014,0.075
59,1,1.0310354513624376,-21.48807477,0.0,0.0,0.981,0.004,0.0,0.0,0.986
59,2,1.0310354513624376,-21.424773769999998,0.0,0.0,0.99,0.0,0.0,0.0,0.99
59,3,1.0310354513624376,-21.42198877,0.0,0.0,0.989,0.0,0.0,0.0,0.989
59,4,1.0310354513624376,-21.38565177,0.0,0.0,0.992,0.0,0.0,0.0,0.993
59,5,1.0310354513624376,-21.37965877,0.0,0.0,0.9920000000000001,0.0,0.0,0.0,0.992
59,6,1.0310354513624376,-12.24019977,0.0,0.038,0.0,0.686,0.004,0.0,0.731
59,7,1.0310354513624376,-11.87586077,0.034,0.001,0.020000000000000004,0.696,0.004,0.0,0.755
59,8,1.0310354513624376,-7.23271777,0.476,0.0,0.004,0.05,0.128,0.008,0.665
59,9,1.0310354513624376,-4.57726577,0.0,0.171,0.0,0.02,0.294,0.002,0.489
59,10,1.0310354513624376,-2.6059807699999995,0.004,0.176,0.001,0.0,0.376,0.006,0.568
59,11,1.0310354513624376,-2.59013677,0.0,0.143,0.0,0.036,0.37400000000000005,0.002,0.554
59,12,1.0310354513624376,-1.0092087699999999,0.009,0.0,0.034,0.002,0.516,0.0,0.563
59,13,1.0310354513624376,-0.7346387700000001,0.0,0.002,0.04,0.0,0.558,0.0,0.6
59,14,1.0310354513624376,0.58936923,0.237,0.004,0.017,0.008,0.31,0.016,0.591
59,15,1.0310354513624376,3.91713523,0.0,0.211,0.0,0.06,0.136,0.042,0.451
59,16,1.0310354513624376,5.07901023,0.0,0.24,0.0,0.004,0.126,0.066,0.438
59,17,1.0310354513624376,5.31288623,0.001,0.345,0.003,0.004,0.184,0.058,0.594
59,18,1.0310354513624376,5.42207923,0.0,0.003,0.106,0.0,0.052000000000000005,0.092,0.255
59,19,1.0310354513624376,8.21439923,0.0,0.016,0.0,0.004,0.052000000000000005,0.032,0.102
59,20,1.0310354513624376,8.28156223,0.002,0.001,0.009000000000000001,0.008,0.04,0.014,0.078
60,1,1.04213731255741,-21.48774977,0.0,0.0,0.981,0.004,0.0,0.0,0.986
60,2,1.04213731255741,-21.42509677,0.0,0.0,0.9880000000000001,0.0,0.0,0.0,0.99
60,3,1.04213731255741,-21.421807769999997,0.0,0.0,0.988,0.0,0.0,0.0,0.989
60,4,1.04213731255741,-21.38582877,0.0,0.0,0.9929999999999999,0.0,0.0,0.0,0.993
60,5,1.04213731255741,-21.379688769999998,0.0,0.0,0.992,0.0,0.0,0.0,0.992
60,6,1.04213731255741,-12.236765770000002,0.0,0.038,0.0,0.688,0.004,0.0,0.731
60,7,1.04213731255741,-11.87459277,0.033,0.001,0.020000000000000004,0.696,0.004,0.0,0.755
60,8,1.04213731255741,-7.23325577,0.477,0.0,0.004,0.048,0.128,0.008,0.665
60,9,1.04213731255741,-4.57075877,0.0,0.17,0.0,0.02,0.294,0.002,0.489
60,10,1.04213731255741,-2.6391937700000003,0.005,0.175,0.001,0.0,0.376,0.006,0.565
60,11,1.04213731255741,-2.5949057699999996,0.0,0.143,0.0,0.036,0.37400000000000005,0.002,0.554
60,12,1.04213731255741,-1.00710577,0.009,0.0,0.034,0.002,0.5179999999999999,0.0,0.563
60,13,1.04213731255741,-0.75758277,0.0,0.002,0.04,0.0,0.554,0.0,0.598
60,14,1.04213731255741,0.6211092300000001,0.236,0.004,0.016,0.008,0.314,0.014,0.594
60,15,1.04213731255741,3.95624223,0.0,0.209,0.0,0.06,0.14200000000000002,0.042,0.454
60,16,1.04213731255741,5.08543123,0.0,0.242,0.0,0.004,0.128,0.066,0.439
60,17,1.04213731255741,5.292162230000001,0.002,0.345,0.001,0.004,0.184,0.058,0.593
60,18,1.04213731255741,5.44136223,0.0,0.001,0.108,0.0,0.05,0.09399999999999999,0.252
60,19,1.04213731255741,8.22048823,0.0,0.016,0.0,0.004,0.052000000000000005,0.032,0.103
60,20,1.04213731255741,8.28915123,0.002,0.001,0.009000000000000001,0.008,0.04,0.014,0.078
61,1,1.0532391737520628,-21.48738177,0.0,0.0,0.98,0.004,0.0,0.0,0.986
61,2,1.0532391737520628,-21.42545277,0.0,0.0,0.989,0.0,0.0,0.0,0.99
61,3,1.0532391737520628,-21.42159977,0.0,0.0,0.989,0.0,0.0,0.0,0.989
61,4,1.0532391737520628,-21.38602177,0.0,0.0,0.9929999999999999,0.0,0.0,0.0,0.993
61,5,1.0532391737520628,-21.37972377,0.0,0.0,0.991,0.0,0.0,0.0,0.992
61,6,1.0532391737520628,-12.23294477,0.0,0.038,0.0,0.688,0.004,0.0,0.731
61,7,1.0532391737520628,-11.87320077,0.033,0.001,0.020000000000000004,0.696,0.004,0.0,0.755
61,8,1.0532391737520628,-7.23387877,0.478,0.0,0.004,0.048,0.126,0.008,0.666
61,9,1.0532391737520628,-4.56349177,0.0,0.17,0.0,0.02,0.294,0.002,0.489
61,10,1.0532391737520628,-2.6749557699999995,0.006,0.173,0.002,0.0,0.374,0.006,0.563
61,11,1.0532391737520628,-2.6004347699999997,0.0,0.144,0.0,0.036,0.37400000000000005,0.002,0.555
61,12,1.0532391737520628,-1.00495177,0.009,0.0,0.034,0.002,0.5159999999999999,0.0,0.564
61,13,1.0532391737520628,-0.78224677,0.0,0.003,0.04,0.0,0.55,0.0,0.595
61,14,1.0532391737520628,0.65520223,0.235,0.005,0.016,0.006,0.318,0.014,0.597
61,15,1.0532391737520628,3.9988582299999997,0.0,0.209,0.001,0.06,0.14600000000000002,0.042,0.458
61,16,1.0532391737520628,5.092754230000001,0.0,0.243,0.0,0.004,0.128,0.066,0.441
61,17,1.0532391737520628,5.26973023,0.002,0.344,0.001,0.004,0.182,0.058,0.59
61,18,1.0532391737520628,5.46317923,0.0,0.0,0.108,0.0,0.048,0.09,0.25
61,19,1.0532391737520628,8.227502229999999,0.0,0.016,0.0,0.004,0.054,0.032,0.103
61,20,1.0532391737520628,8.296156230000001,0.003,0.001,0.01,0.006,0.044,0.014,0.082
62,1,1.0643410349467155,-21.48697777,0.0,0.0,0.98,0.004,0.0,0.0,0.986
62,2,1.0643410349467155,-21.42584277,0.0,0.0,0.988,0.0,0.0,0.0,0.99
62,3,1.0643410349467155,-21.42136777,0.0,0.0,0.989,0.0,0.0,0.0,0.989
62,4,1.0643410349467155,-21.386230769999997,0.0,0.0,0.992,0.0,0.0,0.0,0.992
62,5,1.0643410349467155,-21.37976077,0.0,0.0,0.991,0.0,0.0,0.0,0.992
62,6,1.0643410349467155,-12.22874177,0.0,0.038,0.0,0.688,0.004,0.0,0.732
62,7,1.0643410349467155,-11.87169277,0.032,0.001,0.020000000000000004,0.698,0.004,0.0,0.756
62,8,1.0643410349467155,-7.23459477,0.479,0.0,0.004,0.048,0.128,0.008,0.666
62,9,1.0643410349467155,-4.55546977,0.0,0.17,0.0,0.02,0.294,0.002,0.489
62,10,1.0643410349467155,-2.7129367699999998,0.006,0.172,0.004,0.0,0.37,0.006,0.56
62,11,1.0643410349467155,-2.60678377,0.0,0.145,0.0,0.036,0.372,0.002,0.555
62,12,1.0643410349467155,-1.0027847699999999,0.01,0.0,0.034,0.002,0.5159999999999999,0.0,0.564
62,13,1.0643410349467155,-0.8083577699999998,0.0,0.003,0.039,0.0,0.55,0.0,0.592
62,14,1.0643410349467155,0.6912822300000001,0.234,0.005,0.016,0.006,0.32399999999999995,0.014,0.6
62,15,1.0643410349467155,4.04464923,0.0,0.206,0.001,0.06,0.15000000000000002,0.04,0.461
62,16,1.0643410349467155,5.101040230000001,0.0,0.24499999999999997,0.001,0.004,0.126,0.066,0.442
62,17,1.0643410349467155,5.24587723,0.002,0.341,0.001,0.006,0.178,0.056,0.586
62,18,1.0643410349467155,5.48751923,0.0,0.0,0.108,0.0,0.048,0.09,0.249
62,19,1.0643410349467155,8.23516123,0.0,0.016,0.0,0.004,0.055,0.032,0.105
62,20,1.0643410349467155,8.30403323,0.003,0.001,0.01,0.006,0.044,0.014,0.084
63,1,1.075442896141688,-21.48653577,0.0,0.0,0.981,0.004,0.0,0.0,0.986
63,2,1.075442896141688,-21.42626877,0.0,0.0,0.99,0.0,0.0,0.0,0.99
63,3,1.075442896141688,-21.42111477,0.0,0.0,0.988,0.0,0.0,0.0,0.989
63,4,1.075442896141688,-21.38645977,0.0,0.0,0.992,0.0,0.0,0.0,0.992
63,5,1.075442896141688,-21.37980177,0.0,0.0,0.9920000000000001,0.0,0.0,0.0,0.992
63,6,1.075442896141688,-12.22416277,0.0,0.038,0.0,0.688,0.004,0.0,0.732
63,7,1.075442896141688,-11.87007977,0.032,0.001,0.020000000000000004,0.698,0.004,0.0,0.756
63,8,1.075442896141688,-7.2354107700000005,0.481,0.0,0.004,0.046,0.128,0.008,0.666
63,9,1.075442896141688,-4.54669577,0.0,0.17,0.0,0.02,0.294,0.002,0.489
63,10,1.075442896141688,-2.7528137700000004,0.007,0.17099999999999999,0.004,0.0,0.37,0.006,0.557
63,11,1.075442896141688,-2.6140247700000003,0.0,0.145,0.0,0.036,0.372,0.002,0.555
63,12,1.075442896141688,-1.0006387700000001,0.01,0.0,0.034,0.002,0.516,0.0,0.564
63,13,1.075442896141688,-0.8356267699999997,0.0,0.003,0.039,0.0,0.546,0.0,0.589
63,14,1.075442896141688,0.7289832300000001,0.233,0.007,0.013999999999999999,0.006,0.32599999999999996,0.014,0.603
63,15,1.075442896141688,4.09325323,0.0,0.205,0.001,0.06,0.15800000000000003,0.04,0.464
63,16,1.075442896141688,5.11036923,0.0,0.246,0.001,0.004,0.124,0.066,0.444
63,17,1.075442896141688,5.2208732300000005,0.002,0.34,0.001,0.006,0.178,0.056,0.581
63,18,1.075442896141688,5.51440023,0.0,0.0,0.11,0.0,0.046,0.09,0.248
63,19,1.075442896141688,8.243475230000001,0.0,0.016,0.0,0.004,0.055,0.032,0.106
63,20,1.075442896141688,8.31221923,0.004,0.001,0.01,0.006,0.046,0.016,0.085
64,1,1.0865447573363407,-21.486063769999998,0.0,0.0,0.98,0.004,0.0,0.0,0.986
64,2,1.0865447573363407,-21.42673177,0.0,0.0,0.9890000000000001,0.0,0.0,0.0,0.99
64,3,1.0865447573363407,-21.42084277,0.0,0.0,0.989,0.0,0.0,0.0,0.989
64,4,1.0865447573363407,-21.38670577,0.0,0.0,0.9929999999999999,0.0,0.0,0.0,0.992
64,5,1.0865447573363407,-21.37984577,0.0,0.0,0.9920000000000001,0.0,0.0,0.0,0.992
64,6,1.0865447573363407,-12.21921677,0.0,0.038,0.0,0.688,0.004,0.0,0.732
64,7,1.0865447573363407,-11.86837277,0.031,0.001,0.020000000000000004,0.698,0.004,0.0,0.756
64,8,1.0865447573363407,-7.23633477,0.482,0.0,0.003,0.046,0.128,0.008,0.666
64,9,1.0865447573363407,-4.53717377,0.0,0.169,0.0,0.02,0.294,0.002,0.49
64,10,1.0865447573363407,-2.79427877,0.008,0.169,0.004,0.0,0.366,0.006,0.554
64,11,1.0865447573363407,-2.62223077,0.0,0.147,0.0,0.036,0.372,0.002,0.556
64,12,1.0865447573363407,-0.9985437699999999,0.01,0.0,0.033,0.004,0.516,0.0,0.564
64,13,1.0865447573363407,-0.8637727699999997,0.0,0.004,0.039,0.0,0.542,0.0,0.586
64,14,1.0865447573363407,0.7679422300000001,0.232,0.007,0.013000000000000001,0.006,0.33199999999999996,0.016,0.607
64,15,1.0865447573363407,4.14428223,0.0,0.203,0.001,0.06,0.162,0.04,0.468
64,16,1.0865447573363407,5.12083723,0.0,0.25,0.001,0.004,0.126,0.066,0.447
64,17,1.0865447573363407,5.19497623,0.002,0.336,0.001,0.008,0.17400000000000002,0.056,0.576
64,18,1.0865447573363407,5.54385023,0.0,0.0,0.109,0.0,0.046,0.094,0.248
64,19,1.0865447573363407,8.25231323,0.0,0.016,0.0,0.004,0.056,0.032,0.107
64,20,1.0865447573363407,8.320639230000001,0.004,0.001,0.01,0.006,0.048,0.016,0.087
65,1,1.097646634851152,-21.48555677,0.0,0.0,0.98,0.004,0.0,0.0,0.986
65,2,1.097646634851152,-21.42722177,0.0,0.0,0.9880000000000001,0.0,0.0,0.0,0.99
65,3,1.097646634851152,-21.420549769999997,0.0,0.0,0.988,0.0,0.0,0.0,0.989
65,4,1.097646634851152,-21.38696777,0.0,0.0,0.9929999999999999,0.0,0.0,0.0,0.992
65,5,1.097646634851152,-21.37989077,0.0,0.0,0.9910000000000001,0.0,0.0,0.0,0.992
65,6,1.097646634851152,-12.213907769999999,0.0,0.038,0.001,0.688,0.004,0.0,0.733
65,7,1.097646634851152,-11.86658177,0.03,0.003,0.020000000000000004,0.7,0.004,0.0,0.756
65,8,1.097646634851152,-7.237375770000001,0.484,0.0,0.003,0.046,0.126,0.008,0.667
65,9,1.097646634851152,-4.52690577,0.0,0.17,0.0,0.02,0.296,0.002,0.49
65,10,1.097646634851152,-2.8370337699999997,0.008,0.168,0.004,0.0,0.362,0.006,0.551
65,11,1.097646634851152,-2.6314757699999998,0.0,0.148,0.0,0.034,0.368,0.002,0.556
65,12,1.097646634851152,-0.9965247699999997,0.01,0.0,0.034,0.004,0.518,0.0,0.565
65,13,1.097646634851152,-0.8924977699999999,0.0,0.004,0.037000000000000005,0.0,0.538,0.0,0.583
65,14,1.097646634851152,0.8078092300000002,0.231,0.007,0.013999999999999999,0.006,0.33799999999999997,0.016,0.61
65,15,1.097646634851152,4.19732023,0.0,0.202,0.001,0.058,0.16999999999999998,0.038,0.472
65,16,1.097646634851152,5.13256623,0.0,0.252,0.001,0.002,0.124,0.066,0.449
65,17,1.097646634851152,5.168439230000001,0.002,0.333,0.001,0.008,0.17200000000000001,0.056,0.571
65,18,1.097646634851152,5.57590723,0.0,0.001,0.109,0.0,0.042,0.094,0.247
65,19,1.097646634851152,8.26180423,0.0,0.016,0.0,0.004,0.056,0.032,0.108
65,20,1.097646634851152,8.32930623,0.004,0.001,0.01,0.006,0.049999999999999996,0.020000000000000004,0.09
66,1,1.1087484634064715,-21.48502277,0.0,0.0,0.98,0.004,0.0,0.0,0.986
66,2,1.1087484634064715,-21.42774777,0.0,0.0,0.9880000000000001,0.0,0.0,0.0,0.99
66,3,1.1087484634064715,-21.420242769999998,0.0,0.0,0.989,0.0,0.0,0.0,0.99
66,4,1.1087484634064715,-21.38724977,0.0,0.0,0.9929999999999999,0.0,0.0,0.0,0.992
66,5,1.1087484634064715,-21.37994277,0.0,0.0,0.9910000000000001,0.0,0.0,0.0,0.992
66,6,1.1087484634064715,-12.208246769999999,0.0,0.038,0.001,0.69,0.004,0.0,0.733
66,7,1.1087484634064715,-11.86471977,0.03,0.003,0.020000000000000004,0.7,0.004,0.0,0.756
66,8,1.1087484634064715,-7.23854177,0.485,0.0,0.003,0.044,0.126,0.008,0.667
66,9,1.1087484634064715,-4.51589977,0.0,0.17,0.0,0.02,0.296,0.002,0.49
66,10,1.1087484634064715,-2.8808017699999997,0.009,0.167,0.004,0.002,0.36,0.006,0.548
66,11,1.1087484634064715,-2.64184177,0.0,0.149,0.0,0.034,0.37,0.002,0.556
66,12,1.1087484634064715,-0.99461077,0.01,0.0,0.034,0.004,0.516,0.0,0.565
66,13,1.1087484634064715,-0.9215207699999999,0.0,0.004,0.037000000000000005,0.0,0.538,0.0,0.58
66,14,1.1087484634064715,0.84823823,0.23,0.007,0.012999999999999998,0.006,0.34199999999999997,0.016,0.613
66,15,1.1087484634064715,4.25191623,0.0,0.2,0.001,0.058,0.176,0.04,0.475
66,16,1.1087484634064715,5.14150323,0.002,0.331,0.001,0.01,0.168,0.056,0.566
66,17,1.1087484634064715,5.1457032300000005,0.0,0.256,0.001,0.002,0.126,0.068,0.452
66,18,1.1087484634064715,5.610610230000001,0.0,0.001,0.109,0.0,0.042,0.094,0.247
66,19,1.1087484634064715,8.271915230000001,0.0,0.017,0.0,0.004,0.057999999999999996,0.032,0.11
66,20,1.1087484634064715,8.33817223,0.005,0.001,0.01,0.004,0.053,0.020000000000000004,0.092
67,1,1.119850291961791,-21.48445377,0.0,0.0,0.981,0.004,0.0,0.0,0.986
67,2,1.119850291961791,-21.42830977,0.0,0.0,0.9880000000000001,0.0,0.0,0.0,0.99
67,3,1.119850291961791,-21.419910769999998,0.0,0.0,0.989,0.0,0.0,0.0,0.99
67,4,1.119850291961791,-21.38755077,0.0,0.0,0.9929999999999999,0.0,0.0,0.0,0.992
67,5,1.119850291961791,-21.379996769999998,0.0,0.0,0.9920000000000001,0.0,0.0,0.0,0.992
67,6,1.119850291961791,-12.202242770000002,0.0,0.038,0.002,0.69,0.004,0.0,0.733
67,7,1.119850291961791,-11.86280077,0.029,0.003,0.020000000000000004,0.7,0.004,0.0,0.756
67,8,1.119850291961791,-7.239839770000001,0.487,0.0,0.003,0.044,0.126,0.008,0.667
67,9,1.119850291961791,-4.50415677,0.0,0.169,0.001,0.02,0.296,0.002,0.49
67,10,1.119850291961791,-2.92531377,0.009,0.165,0.005,0.002,0.358,0.006,0.545
67,11,1.119850291961791,-2.65340477,0.0,0.151,0.001,0.034,0.368,0.002,0.556
67,12,1.119850291961791,-0.9928227700000001,0.01,0.0,0.034,0.004,0.518,0.0,0.565
67,13,1.119850291961791,-0.9505597699999999,0.0,0.004,0.037000000000000005,0.0,0.536,0.0,0.577
67,14,1.119850291961791,0.8889032300000002,0.229,0.007,0.012999999999999998,0.006,0.346,0.016,0.617
67,15,1.119850291961791,4.30758423,0.0,0.198,0.001,0.058,0.182,0.036,0.478
67,16,1.119850291961791,5.1144142299999995,0.003,0.328,0.001,0.01,0.166,0.056,0.561
67,17,1.119850291961791,5.16043123,0.0,0.26,0.001,0.002,0.124,0.07,0.455
67,18,1.119850291961791,5.64800123,0.0,0.003,0.107,0.0,0.04,0.094,0.247
67,19,1.119850291961791,8.28249523,0.0,0.017,0.0,0.004,0.06,0.032,0.112
67,20,1.119850291961791,8.347161230000001,0.005,0.001,0.009000000000000001,0.004,0.054,0.020000000000000004,0.095
68,1,1.1309522837156958,-21.48385677,0.0,0.0,0.981,0.004,0.0,0.0,0.986
68,2,1.1309522837156958,-21.42890077,0.0,0.0,0.9890000000000001,0.0,0.0,0.0,0.99
68,3,1.1309522837156958,-21.419561769999998,0.0,0.0,0.99,0.0,0.0,0.0,0.99
68,4,1.1309522837156958,-21.387865769999998,0.0,0.0,0.992,0.0,0.0,0.0,0.992
68,5,1.1309522837156958,-21.38004877,0.0,0.0,0.9910000000000001,0.0,0.0,0.0,0.992
68,6,1.1309522837156958,-12.19590277,0.0,0.036000000000000004,0.002,0.69,0.004,0.0,0.734
68,7,1.1309522837156958,-11.860836769999999,0.028,0.003,0.020000000000000004,0.702,0.004,0.0,0.756
68,8,1.1309522837156958,-7.241279769999999,0.489,0.0,0.003,0.042,0.128,0.008,0.668
68,9,1.1309522837156958,-4.49168277,0.0,0.169,0.001,0.02,0.296,0.002,0.491
68,10,1.1309522837156958,-2.97032677,0.009,0.164,0.007,0.002,0.354,0.006,0.542
68,11,1.1309522837156958,-2.66623977,0.0,0.152,0.001,0.034,0.366,0.002,0.556
68,12,1.1309522837156958,-0.9911757699999999,0.01,0.0,0.034,0.004,0.516,0.0,0.565
68,13,1.1309522837156958,-0.9793407699999999,0.0,0.004,0.036000000000000004,0.0,0.532,0.0,0.574
68,14,1.1309522837156958,0.9294952300000001,0.229,0.007,0.012,0.006,0.352,0.014,0.62
68,15,1.1309522837156958,4.36380023,0.0,0.196,0.001,0.058,0.18999999999999997,0.038,0.481
68,16,1.1309522837156958,5.08739823,0.003,0.324,0.001,0.012,0.164,0.054,0.556
68,17,1.1309522837156958,5.17696623,0.0,0.263,0.001,0.002,0.126,0.07,0.459
68,18,1.1309522837156958,5.688118230000001,0.0,0.004,0.108,0.0,0.04,0.094,0.247
68,19,1.1309522837156958,8.293588230000001,0.0,0.017,0.0,0.004,0.062,0.032,0.113
68,20,1.1309522837156958,8.35627923,0.006,0.001,0.01,0.004,0.056,0.022,0.097
69,1,1.1420541122710155,-21.48322877,0.0,0.0,0.98,0.004,0.0,0.0,0.986
69,2,1.1420541122710155,-21.42952277,0.0,0.0,0.988,0.0,0.0,0.0,0.99
69,3,1.1420541122710155,-21.41919077,0.0,0.0,0.99,0.0,0.0,0.0,0.99
69,4,1.1420541122710155,-21.38819977,0.0,0.0,0.992,0.0,0.0,0.0,0.992
69,5,1.1420541122710155,-21.38010977,0.0,0.0,0.9920000000000001,0.0,0.0,0.0,0.992
69,6,1.1420541122710155,-12.18923877,0.0,0.035,0.002,0.69,0.004,0.0,0.734
69,7,1.1420541122710155,-11.858844770000001,0.027,0.004,0.020000000000000004,0.702,0.004,0.0,0.756
69,8,1.1420541122710155,-7.24286677,0.491,0.0,0.003,0.04,0.126,0.008,0.668
69,9,1.1420541122710155,-4.47848477,0.0,0.168,0.001,0.02,0.296,0.002,0.491
69,10,1.1420541122710155,-3.01560877,0.009,0.163,0.007,0.002,0.352,0.006,0.54
69,11,1.1420541122710155,-2.6804217699999997,0.0,0.152,0.001,0.034,0.36600000000000005,0.002,0.557
69,12,1.1420541122710155,-1.00760477,0.0,0.004,0.036000000000000004,0.0,0.528,0.0,0.571
69,13,1.1420541122710155,-0.9896997700000001,0.01,0.0,0.034,0.004,0.518,0.0,0.565
69,14,1.1420541122710155,0.9697172300000001,0.228,0.007,0.012,0.006,0.354,0.014,0.623
69,15,1.1420541122710155,4.41999523,0.0,0.193,0.001,0.058,0.19599999999999998,0.036000000000000004,0.484
69,16,1.1420541122710155,5.06067523,0.003,0.321,0.001,0.012,0.162,0.054,0.551
69,17,1.1420541122710155,5.1955642300000004,0.0,0.268,0.003,0.0,0.126,0.068,0.464
69,18,1.1420541122710155,5.73099923,0.0,0.004,0.10700000000000001,0.0,0.04,0.098,0.248
69,19,1.1420541122710155,8.305152230000001,0.0,0.017,0.0,0.004,0.062,0.03,0.116
69,20,1.1420541122710155,8.36543223,0.006,0.001,0.01,0.004,0.058,0.022,0.1
70,1,1.153155940826335,-21.482569769999998,0.0,0.0,0.98,0.004,0.0,0.0,0.986
70,2,1.153155940826335,-21.43017377,0.0,0.0,0.988,0.0,0.0,0.0,0.99
70,3,1.153155940826335,-21.41879677,0.0,0.0,0.988,0.0,0.0,0.0,0.99
70,4,1.153155940826335,-21.38854377,0.0,0.0,0.9929999999999999,0.0,0.0,0.0,0.992
70,5,1.153155940826335,-21.380172769999998,0.0,0.0,0.9920000000000001,0.0,0.0,0.0,0.992
70,6,1.153155940826335,-12.18225777,0.0,0.035,0.002,0.692,0.004,0.0,0.735
70,7,1.153155940826335,-11.85683977,0.026,0.004,0.019000000000000003,0.704,0.004,0.0,0.756
70,8,1.153155940826335,-7.244609769999999,0.493,0.0,0.003,0.04,0.124,0.008,0.669
70,9,1.153155940826335,-4.46456577,0.0,0.168,0.001,0.02,0.296,0.002,0.491
70,10,1.153155940826335,-3.06094677,0.01,0.161,0.007,0.002,0.352,0.006,0.537
70,11,1.153155940826335,-2.69601577,0.0,0.154,0.001,0.034,0.364,0.002,0.557
70,12,1.153155940826335,-1.0351017699999998,0.0,0.005,0.036000000000000004,0.0,0.526,0.0,0.568
70,13,1.153155940826335,-0.9884067700000001,0.01,0.0,0.034,0.004,0.516,0.0,0.566
70,14,1.153155940826335,1.00930023,0.228,0.007,0.012,0.004,0.362,0.014,0.626
70,15,1.153155940826335,4.475563230000001,0.0,0.191,0.0,0.058,0.20199999999999999,0.034,0.486
70,16,1.153155940826335,5.034452229999999,0.003,0.317,0.001,0.012,0.158,0.054,0.546
70,17,1.153155940826335,5.216522230000001,0.0,0.273,0.003,0.0,0.124,0.068,0.469
70,18,1.153155940826335,5.77668023,0.0,0.005,0.10700000000000001,0.002,0.038,0.096,0.248
70,19,1.153155940826335,8.31713023,0.0,0.017,0.0,0.004,0.066,0.03,0.118
70,20,1.153155940826335,8.374635229999999,0.007,0.001,0.01,0.004,0.059,0.022,0.104
71,1,1.1642577693816545,-21.48188777,0.0,0.0,0.981,0.004,0.0,0.0,0.987
71,2,1.1642577693816545,-21.43085477,0.0,0.0,0.988,0.0,0.0,0.0,0.99
71,3,1.1642577693816545,-21.418389769999997,0.0,0.0,0.99,0.0,0.0,0.0,0.99
71,4,1.1642577693816545,-21.38890077,0.0,0.0,0.992,0.0,0.0,0.0,0.992
71,5,1.1642577693816545,-21.38024377,0.0,0.0,0.9920000000000001,0.0,0.0,0.0,0.992
71,6,1.1642577693816545,-12.17497577,0.0,0.035,0.002,0.692,0.004,0.0,0.735
71,7,1.1642577693816545,-11.854839770000002,0.025,0.004,0.019000000000000003,0.704,0.004,0.0,0.757
71,8,1.1642577693816545,-7.24651477,0.495,0.0,0.003,0.038,0.124,0.008,0.669
71,9,1.1642577693816545,-4.44993577,0.0,0.169,0.001,0.02,0.298,0.002,0.492
71,10,1.1642577693816545,-3.1061457700000004,0.01,0.16,0.007,0.002,0.348,0.006,0.534
71,11,1.1642577693816545,-2.7130827699999998,0.0,0.156,0.001,0.034,0.364,0.002,0.557
71,12,1.1642577693816545,-1.0616117699999998,0.0,0.005,0.035,0.0,0.526,0.0,0.566
71,13,1.1642577693816545,-0.98732577,0.01,0.0,0.033,0.004,0.52,0.0,0.566
71,14,1.1642577693816545,1.04798823,0.228,0.007,0.01,0.004,0.366,0.014,0.629
71,15,1.1642577693816545,4.52985923,0.0,0.189,0.0,0.056,0.21,0.036000000000000004,0.488
71,16,1.1642577693816545,5.00892623,0.003,0.315,0.001,0.014,0.156,0.054,0.541
71,17,1.1642577693816545,5.24015923,0.0,0.277,0.003,0.0,0.126,0.068,0.474
71,18,1.1642577693816545,5.82518723,0.0,0.007,0.10700000000000001,0.002,0.038,0.096,0.248
71,19,1.1642577693816545,8.32938923,0.0,0.017,0.0,0.004,0.066,0.03,0.119
71,20,1.1642577693816545,8.38353123,0.007,0.001,0.01,0.004,0.061,0.022,0.106
72,1,1.175359597936974,-21.481183769999998,0.0,0.0,0.98,0.004,0.0,0.0,0.987
72,2,1.175359597936974,-21.43155977,0.0,0.0,0.988,0.0,0.0,0.0,0.99
72,3,1.175359597936974,-21.41796577,0.0,0.0,0.99,0.0,0.0,0.0,0.99
72,4,1.175359597936974,-21.38927377,0.0,0.0,0.9929999999999999,0.0,0.0,0.0,0.992
72,5,1.175359597936974,-21.38031377,0.0,0.0,0.9920000000000001,0.0,0.0,0.0,0.992
72,6,1.175359597936974,-12.16740077,0.0,0.035,0.002,0.692,0.004,0.0,0.735
72,7,1.175359597936974,-11.85286177,0.024,0.005,0.019000000000000003,0.704,0.004,0.0,0.757
72,8,1.175359597936974,-7.248587769999999,0.497,0.0,0.003,0.036,0.126,0.008,0.669
72,9,1.175359597936974,-4.43459977,0.0,0.169,0.001,0.02,0.298,0.002,0.492
72,10,1.175359597936974,-3.15102377,0.01,0.159,0.007,0.002,0.346,0.006,0.531
72,11,1.175359597936974,-2.73166277,0.0,0.157,0.001,0.034,0.362,0.002,0.556
72,12,1.175359597936974,-1.0869257700000001,0.0,0.005,0.035,0.0,0.522,0.0,0.563
72,13,1.175359597936974,-0.9864687700000001,0.01,0.001,0.033,0.004,0.518,0.0,0.566
72,14,1.175359597936974,1.0855482300000001,0.228,0.007,0.01,0.004,0.37,0.014,0.631
72,15,1.175359597936974,4.58223023,0.0,0.185,0.0,0.056,0.214,0.034,0.49
72,16,1.175359597936974,4.98427623,0.003,0.311,0.001,0.014,0.15200000000000002,0.054000000000000006,0.536
72,17,1.175359597936974,5.26681023,0.0,0.28300000000000003,0.003,0.0,0.126,0.07,0.481
72,18,1.175359597936974,5.87654223,0.0,0.008,0.10600000000000001,0.002,0.036,0.096,0.249
72,19,1.175359597936974,8.34195323,0.0,0.018000000000000002,0.0,0.004,0.068,0.03,0.123
72,20,1.175359597936974,8.39271423,0.007,0.002,0.01,0.004,0.063,0.024,0.11
73,1,1.1864615896908788,-21.48045577,0.0,0.0,0.982,0.004,0.0,0.0,0.987
73,2,1.1864615896908788,-21.43229277,0.0,0.0,0.988,0.0,0.0,0.0,0.99
73,3,1.1864615896908788,-21.417525769999997,0.0,0.0,0.989,0.0,0.0,0.0,0.99
73,4,1.1864615896908788,-21.38966377,0.0,0.0,0.992,0.0,0.0,0.0,0.992
73,5,1.1864615896908788,-21.38038577,0.0,0.0,0.9920000000000001,0.0,0.0,0.0,0.992
73,6,1.1864615896908788,-12.159545770000001,0.0,0.034,0.002,0.692,0.004,0.0,0.736
73,7,1.1864615896908788,-11.850926770000001,0.023,0.005,0.019000000000000003,0.706,0.004,0.0,0.757
73,8,1.1864615896908788,-7.25083277,0.499,0.0,0.003,0.036,0.124,0.008,0.67
73,9,1.1864615896908788,-4.41856877,0.0,0.168,0.001,0.02,0.298,0.002,0.493
73,10,1.1864615896908788,-3.1954117699999998,0.009,0.157,0.007,0.004,0.344,0.006,0.529
73,11,1.1864615896908788,-2.7517907700000004,0.0,0.158,0.001,0.032,0.36000000000000004,0.002,0.556
73,12,1.1864615896908788,-1.11086177,0.0,0.004,0.033,0.0,0.522,0.0,0.561
73,13,1.1864615896908788,-0.98585777,0.01,0.001,0.033,0.004,0.518,0.0,0.566
73,14,1.1864615896908788,1.1217752300000001,0.228,0.005,0.01,0.004,0.374,0.014,0.634
73,15,1.1864615896908788,4.632040229999999,0.0,0.183,0.0,0.056,0.218,0.036,0.49
73,16,1.1864615896908788,4.96067023,0.002,0.308,0.001,0.016,0.152,0.054000000000000006,0.532
73,17,1.1864615896908788,5.296781230000001,0.0,0.28700000000000003,0.003,0.0,0.13,0.07,0.488
73,18,1.1864615896908788,5.93076223,0.0,0.009000000000000001,0.10700000000000001,0.002,0.036,0.098,0.25
73,19,1.1864615896908788,8.355003230000001,0.0,0.018000000000000002,0.0,0.004,0.069,0.03,0.124
73,20,1.1864615896908788,8.40184123,0.007,0.002,0.011000000000000001,0.004,0.064,0.025,0.114
74,1,1.1975634182461983,-21.47970177,0.0,0.0,0.982,0.004,0.0,0.0,0.987
74,2,1.1975634182461983,-21.43304977,0.0,0.0,0.9870000000000001,0.0,0.0,0.0,0.99
74,3,1.1975634182461983,-21.41706577,0.0,0.0,0.99,0.0,0.0,0.0,0.99
74,4,1.1975634182461983,-21.39006177,0.0,0.0,0.992,0.0,0.0,0.0,0.992
74,5,1.1975634182461983,-21.38045877,0.0,0.0,0.9930000000000001,0.0,0.0,0.0,0.992
74,6,1.1975634182461983,-12.151423770000001,0.0,0.034,0.002,0.694,0.004,0.0,0.737
74,7,1.1975634182461983,-11.849050770000002,0.022,0.005,0.019000000000000003,0.706,0.004,0.0,0.757
74,8,1.1975634182461983,-7.2532527700000005,0.501,0.0,0.003,0.034,0.124,0.008,0.67
74,9,1.1975634182461983,-4.40184777,0.0,0.168,0.001,0.02,0.298,0.002,0.493
74,10,1.1975634182461983,-3.23914977,0.009,0.156,0.008,0.004,0.34199999999999997,0.006,0.526
74,11,1.1975634182461983,-2.77348077,0.0,0.159,0.001,0.032,0.35800000000000004,0.002,0.556
74,12,1.1975634182461983,-1.1332587699999999,0.0,0.004,0.033,0.0,0.52,0.0,0.559
74,13,1.1975634182461983,-0.9855157700000001,0.01,0.001,0.031,0.004,0.518,0.0,0.566
74,14,1.1975634182461983,1.1564882300000001,0.228,0.005,0.01,0.004,0.376,0.014,0.636
74,15,1.1975634182461983,4.678714230000001,0.0,0.18,0.0,0.054,0.21999999999999997,0.033999999999999996,0.49
74,16,1.1975634182461983,4.93826123,0.002,0.305,0.002,0.016,0.148,0.054000000000000006,0.527
74,17,1.1975634182461983,5.33031423,0.0,0.29300000000000004,0.003,0.0,0.13,0.068,0.496
74,18,1.1975634182461983,5.987853230000001,0.0,0.011,0.10500000000000001,0.002,0.036,0.096,0.251
74,19,1.1975634182461983,8.36741923,0.0,0.018000000000000002,0.0,0.004,0.072,0.032,0.128
74,20,1.1975634182461983,8.40938323,0.007,0.003,0.012,0.004,0.067,0.024,0.118
75,1,1.2086652468015178,-21.47892177,0.0,0.0,0.981,0.004,0.0,0.0,0.987
75,2,1.2086652468015178,-21.43382377,0.0,0.0,0.988,0.0,0.0,0.0,0.99
75,3,1.2086652468015178,-21.41658377,0.0,0.0,0.989,0.0,0.0,0.0,0.99
75,4,1.2086652468015178,-21.39046777,0.0,0.0,0.992,0.0,0.0,0.0,0.992
75,5,1.2086652468015178,-21.38053377,0.0,0.0,0.9900000000000001,0.0,0.0,0.0,0.992
75,6,1.2086652468015178,-12.143047769999999,0.0,0.034,0.004,0.694,0.004,0.0,0.737
75,7,1.2086652468015178,-11.84725577,0.021,0.007,0.019000000000000003,0.708,0.004,0.0,0.757
75,8,1.2086652468015178,-7.2558507699999995,0.503,0.0,0.003,0.032,0.126,0.008,0.67
75,9,1.2086652468015178,-4.3844477699999995,0.0,0.167,0.001,0.02,0.3,0.002,0.493
75,10,1.2086652468015178,-3.28209277,0.009,0.156,0.008,0.004,0.33999999999999997,0.006,0.524
75,11,1.2086652468015178,-2.7967267700000003,0.0,0.159,0.001,0.032,0.358,0.002,0.555
75,12,1.2086652468015178,-1.15398077,0.0,0.006,0.032,0.0,0.518,0.0,0.557
75,13,1.2086652468015178,-0.9854647700000001,0.009,0.001,0.032,0.004,0.52,0.0,0.567
75,14,1.2086652468015178,1.18952623,0.228,0.005,0.009000000000000001,0.004,0.38,0.014,0.638
75,15,1.2086652468015178,4.721793229999999,0.0,0.18,0.0,0.054,0.22199999999999998,0.034,0.49
75,16,1.2086652468015178,4.91718723,0.002,0.301,0.002,0.018,0.148,0.054000000000000006,0.523
75,17,1.2086652468015178,5.36752723,0.0,0.29900000000000004,0.003,0.0,0.134,0.068,0.505
75,18,1.2086652468015178,6.04781223,0.0,0.012,0.10400000000000001,0.002,0.036,0.096,0.252
75,19,1.2086652468015178,8.38070823,0.0,0.019,0.0,0.004,0.075,0.033,0.13
75,20,1.2086652468015178,8.41833323,0.008,0.002,0.011,0.003,0.071,0.026000000000000002,0.122
76,1,1.2197670753568373,-21.47812577,0.0,0.0,0.9820000000000001,0.004,0.0,0.0,0.987
76,2,1.2197670753568373,-21.434623769999998,0.0,0.0,0.9880000000000002,0.0,0.0,0.0,0.99
76,3,1.2197670753568373,-21.41608977,0.0,0.0,0.99,0.0,0.0,0.0,0.99
76,4,1.2197670753568373,-21.39088477,0.0,0.0,0.9930000000000001,0.0,0.0,0.0,0.992
76,5,1.2197670753568373,-21.38060977,0.0,0.0,0.9910000000000001,0.0,0.0,0.0,0.992
76,6,1.2197670753568373,-12.134431769999999,0.0,0.034,0.004,0.694,0.004,0.0,0.738
76,7,1.2197670753568373,-11.84556477,0.02,0.007,0.018000000000000002,0.708,0.002,0.0,0.757
76,8,1.2197670753568373,-7.25862477,0.506,0.0,0.001,0.03,0.124,0.008,0.671
76,9,1.2197670753568373,-4.36638077,0.0,0.167,0.001,0.02,0.3,0.002,0.494
76,10,1.2197670753568373,-3.3241157699999997,0.009,0.155,0.008,0.004,0.33999999999999997,0.006,0.522
76,11,1.2197670753568373,-2.82151277,0.0,0.162,0.003,0.032,0.35600000000000004,0.002,0.555
76,12,1.2197670753568373,-1.17292977,0.0,0.006,0.032,0.0,0.514,0.0,0.555
76,13,1.2197670753568373,-0.9857267699999999,0.009,0.001,0.032,0.004,0.52,0.0,0.567
76,14,1.2197670753568373,1.22075523,0.228,0.004,0.009000000000000001,0.004,0.382,0.01,0.64
76,15,1.2197670753568373,4.76096723,0.0,0.179,0.0,0.052,0.22399999999999998,0.036000000000000004,0.49
76,16,1.2197670753568373,4.89756423,0.002,0.299,0.002,0.018,0.14800000000000002,0.052000000000000005,0.519
76,17,1.2197670753568373,5.40837523,0.0,0.302,0.003,0.002,0.138,0.07,0.514
76,18,1.2197670753568373,6.11061923,0.001,0.013000000000000001,0.10400000000000001,0.002,0.036,0.096,0.253
76,19,1.2197670753568373,8.39294923,0.0,0.019,0.0,0.004,0.079,0.035,0.135
76,20,1.2197670753568373,8.424420229999999,0.008,0.003,0.012,0.002,0.072,0.03,0.127
77,1,1.230868903912157,-21.47731077,0.0,0.0,0.982,0.004,0.0,0.0,0.987
77,2,1.230868903912157,-21.43544177,0.0,0.0,0.988,0.002,0.0,0.0,0.99
77,3,1.230868903912157,-21.41558077,0.0,0.0,0.9890000000000001,0.0,0.0,0.0,0.99
77,4,1.230868903912157,-21.39131377,0.0,0.0,0.992,0.0,0.0,0.0,0.992
77,5,1.230868903912157,-21.38068877,0.0,0.0,0.9910000000000001,0.0,0.0,0.0,0.992
77,6,1.230868903912157,-12.12559177,0.0,0.034,0.004,0.696,0.004,0.0,0.738
77,7,1.230868903912157,-11.843998769999999,0.019,0.008,0.018000000000000002,0.71,0.002,0.0,0.757
77,8,1.230868903912157,-7.26157477,0.508,0.0,0.001,0.03,0.122,0.008,0.671
77,9,1.230868903912157,-4.34765877,0.0,0.167,0.001,0.02,0.3,0.002,0.494
77,10,1.230868903912157,-3.3650937699999997,0.008,0.153,0.008,0.006,0.33799999999999997,0.006,0.519
77,11,1.230868903912157,-2.84779477,0.0,0.163,0.003,0.03,0.35600000000000004,0.002,0.554
77,12,1.230868903912157,-1.1900237699999998,0.0,0.005,0.032,0.0,0.516,0.0,0.553
77,13,1.230868903912157,-0.98632477,0.009,0.001,0.031,0.004,0.52,0.0,0.567
77,14,1.230868903912157,1.2500682300000001,0.228,0.004,0.009000000000000001,0.002,0.384,0.01,0.642
77,15,1.230868903912157,4.79611123,0.0,0.178,0.0,0.05,0.22399999999999998,0.036000000000000004,0.489
77,16,1.230868903912157,4.87949523,0.002,0.295,0.002,0.02,0.146,0.054000000000000006,0.515
77,17,1.230868903912157,5.45262123,0.0,0.307,0.003,0.002,0.14200000000000002,0.066,0.523
77,18,1.230868903912157,6.17624523,0.001,0.013000000000000001,0.10300000000000001,0.002,0.036,0.096,0.254
77,19,1.230868903912157,8.40565023,0.0,0.019,0.0,0.004,0.08199999999999999,0.036000000000000004,0.138
77,20,1.230868903912157,8.43128523,0.008,0.003,0.012,0.002,0.076,0.032,0.133
78,1,1.2419708956660616,-21.47648277,0.0,0.0,0.9800000000000001,0.004,0.0,0.0,0.987
78,2,1.2419708956660616,-21.43628477,0.0,0.0,0.9880000000000002,0.002,0.0,0.0,0.99
78,3,1.2419708956660616,-21.415061769999998,0.0,0.0,0.988,0.0,0.0,0.0,0.99
78,4,1.2419708956660616,-21.39175577,0.0,0.0,0.992,0.0,0.0,0.0,0.992
78,5,1.2419708956660616,-21.38076877,0.0,0.0,0.9920000000000001,0.0,0.0,0.0,0.992
78,6,1.2419708956660616,-12.116541770000001,0.0,0.033,0.004,0.696,0.004,0.0,0.739
78,7,1.2419708956660616,-11.842581769999999,0.018,0.008,0.018000000000000002,0.71,0.002,0.0,0.757
78,8,1.2419708956660616,-7.26469677,0.51,0.0,0.001,0.028,0.124,0.008,0.671
78,9,1.2419708956660616,-4.3282957699999995,0.0,0.166,0.003,0.02,0.3,0.002,0.495
78,10,1.2419708956660616,-3.40491777,0.008,0.153,0.008,0.006,0.33599999999999997,0.006,0.517
78,11,1.2419708956660616,-2.87551177,0.0,0.164,0.003,0.03,0.35400000000000004,0.002,0.553
78,12,1.2419708956660616,-1.2052137699999999,0.0,0.006,0.031,0.0,0.514,0.0,0.552
78,13,1.2419708956660616,-0.9872887700000001,0.008,0.003,0.031,0.004,0.52,0.0,0.567
78,14,1.2419708956660616,1.27738123,0.229,0.004,0.008,0.002,0.388,0.01,0.643
78,15,1.2419708956660616,4.82726723,0.0,0.18,0.0,0.048,0.226,0.032,0.488
78,16,1.2419708956660616,4.86306623,0.002,0.292,0.001,0.02,0.146,0.054000000000000006,0.512
78,17,1.2419708956660616,5.49985223,0.0,0.312,0.003,0.002,0.15,0.066,0.533
78,18,1.2419708956660616,6.24464223,0.001,0.015,0.101,0.002,0.034,0.096,0.255
78,19,1.2419708956660616,8.42163123,0.001,0.017,0.002,0.003,0.08399999999999999,0.035,0.143
78,20,1.2419708956660616,8.44667823,0.008,0.005,0.012,0.003,0.078,0.035,0.139
79,1,1.2530727242213813,-21.475636769999998,0.0,0.0,0.982,0.004,0.0,0.0,0.987
79,2,1.2530727242213813,-21.43714477,0.0,0.0,0.9869999999999999,0.002,0.0,0.0,0.99
79,3,1.2530727242213813,-21.41452677,0.0,0.0,0.99,0.0,0.0,0.0,0.99
79,4,1.2530727242213813,-21.39220477,0.0,0.0,0.992,0.0,0.0,0.0,0.992
79,5,1.2530727242213813,-21.38085077,0.0,0.0,0.9910000000000001,0.0,0.0,0.0,0.992
79,6,1.2530727242213813,-12.107297769999999,0.0,0.033,0.006,0.698,0.004,0.0,0.739
79,7,1.2530727242213813,-11.841336770000002,0.016,0.008,0.018000000000000002,0.712,0.002,0.0,0.758
79,8,1.2530727242213813,-7.267982770000001,0.512,0.0,0.001,0.026,0.122,0.008,0.672
79,9,1.2530727242213813,-4.30830677,0.0,0.16699999999999998,0.003,0.022,0.302,0.002,0.495
79,10,1.2530727242213813,-3.44348677,0.007,0.152,0.008,0.006,0.33399999999999996,0.006,0.515
79,11,1.2530727242213813,-2.9045837700000003,0.0,0.16399999999999998,0.003,0.028,0.35200000000000004,0.004,0.552
79,12,1.2530727242213813,-1.2184687699999999,0.0,0.006,0.031,0.0,0.512,0.0,0.551
79,13,1.2530727242213813,-0.9886357700000001,0.008,0.003,0.031,0.004,0.52,0.0,0.567
79,14,1.2530727242213813,1.30264423,0.229,0.003,0.008,0.002,0.388,0.01,0.645
79,15,1.2530727242213813,4.84834323,0.002,0.288,0.001,0.02,0.144,0.052000000000000005,0.509
79,16,1.2530727242213813,4.854617230000001,0.0,0.18,0.0,0.046,0.224,0.036000000000000004,0.487
79,17,1.2530727242213813,5.54950623,0.0,0.315,0.003,0.004,0.154,0.066,0.542
79,18,1.2530727242213813,6.31574923,0.001,0.016,0.101,0.002,0.036,0.1,0.256
79,19,1.2530727242213813,8.431780230000001,0.0,0.018000000000000002,0.001,0.003,0.08499999999999999,0.034,0.141
79,20,1.2530727242213813,8.442357229999999,0.008,0.003,0.013999999999999999,0.003,0.08,0.034,0.143
80,1,1.2641745527767008,-21.47477677,0.0,0.0,0.9820000000000001,0.004,0.0,0.0,0.987
80,2,1.2641745527767008,-21.43802177,0.0,0.0,0.9870000000000001,0.002,0.0,0.0,0.99
80,3,1.2641745527767008,-21.413979769999997,0.0,0.0,0.99,0.0,0.0,0.0,0.99
80,4,1.2641745527767008,-21.392662769999998,0.0,0.0,0.992,0.0,0.0,0.0,0.992
80,5,1.2641745527767008,-21.380932769999998,0.0,0.0,0.9920000000000001,0.0,0.0,0.0,0.992
80,6,1.2641745527767008,-12.097875770000002,0.0,0.032,0.006,0.698,0.004,0.0,0.74
80,7,1.2641745527767008,-11.84028877,0.015,0.009000000000000001,0.018000000000000002,0.712,0.002,0.0,0.758
80,8,1.2641745527767008,-7.27142477,0.515,0.0,0.001,0.024,0.124,0.008,0.672
80,9,1.2641745527767008,-4.28770977,0.0,0.16499999999999998,0.004,0.022,0.3,0.002,0.496
80,10,1.2641745527767008,-3.4807067700000003,0.007,0.151,0.009000000000000001,0.008,0.33199999999999996,0.004,0.513
80,11,1.2641745527767008,-2.9349127699999995,0.0,0.16499999999999998,0.003,0.028,0.35000000000000003,0.004,0.551
80,12,1.2641745527767008,-1.22978377,0.0,0.005,0.029,0.0,0.51,0.0,0.55
80,13,1.2641745527767008,-0.99039477,0.007,0.003,0.031,0.004,0.52,0.0,0.567
80,14,1.2641745527767008,1.32582723,0.23,0.003,0.008,0.002,0.392,0.01,0.646
80,15,1.2641745527767008,4.835377230000001,0.001,0.285,0.001,0.022,0.14600000000000002,0.05,0.506
80,16,1.2641745527767008,4.87842923,0.0,0.182,0.0,0.046,0.224,0.036000000000000004,0.487
80,17,1.2641745527767008,5.60092423,0.0,0.318,0.003,0.004,0.16,0.066,0.551
80,18,1.2641745527767008,6.3894822300000005,0.001,0.017,0.1,0.002,0.038,0.10200000000000001,0.258
80,19,1.2641745527767008,8.438530230000001,0.0,0.02,0.0,0.002,0.09,0.041,0.152
80,20,1.2641745527767008,8.44904523,0.008,0.005,0.015,0.002,0.083,0.035,0.15
81,1,1.2752763813320203,-21.47390777,0.0,0.0,0.981,0.004,0.0,0.0,0.987
81,2,1.2752763813320203,-21.43891777,0.0,0.0,0.9869999999999999,0.002,0.0,0.0,0.989
81,3,1.2752763813320203,-21.41342477,0.0,0.0,0.989,0.0,0.0,0.0,0.99
81,4,1.2752763813320203,-21.39313177,0.0,0.0,0.992,0.0,0.0,0.0,0.992
81,5,1.2752763813320203,-21.38101677,0.0,0.0,0.9920000000000001,0.0,0.0,0.0,0.992
81,6,1.2752763813320203,-12.088292769999999,0.0,0.032,0.006,0.698,0.004,0.0,0.741
81,7,1.2752763813320203,-11.839463769999998,0.014,0.009000000000000001,0.018000000000000002,0.714,0.002,0.0,0.758
81,8,1.2752763813320203,-7.27501177,0.517,0.0,0.001,0.022,0.124,0.01,0.672
81,9,1.2752763813320203,-4.26652577,0.0,0.16499999999999998,0.004,0.022,0.302,0.002,0.496
81,10,1.2752763813320203,-3.51649877,0.006,0.151,0.009000000000000001,0.008,0.33199999999999996,0.004,0.511
81,11,1.2752763813320203,-2.96638377,0.0,0.16599999999999998,0.003,0.026,0.35000000000000003,0.006,0.55
81,12,1.2752763813320203,-1.2391767699999998,0.0,0.006,0.029,0.002,0.51,0.0,0.549
81,13,1.2752763813320203,-0.9925897699999999,0.007,0.003,0.031,0.004,0.524,0.0,0.567
81,14,1.2752763813320203,1.34692123,0.23,0.003,0.008,0.002,0.392,0.012,0.646
81,15,1.2752763813320203,4.82420123,0.001,0.281,0.001,0.022,0.146,0.05,0.503
81,16,1.2752763813320203,4.89900923,0.0,0.184,0.0,0.044,0.222,0.036000000000000004,0.487
81,17,1.2752763813320203,5.65340023,0.0,0.322,0.003,0.004,0.16599999999999998,0.064,0.56
81,18,1.2752763813320203,6.46573423,0.002,0.019,0.099,0.002,0.04,0.1,0.259
81,19,1.2752763813320203,8.44666723,0.004,0.013000000000000001,0.008,0.002,0.09000000000000001,0.042,0.157
81,20,1.2752763813320203,8.46799023,0.004,0.022,0.012,0.0,0.073,0.052000000000000005,0.164
82,1,1.2863783730843257,-21.473023769999998,0.0,0.0,0.982,0.004,0.0,0.0,0.987
82,2,1.2863783730843257,-21.439817769999998,0.0,0.0,0.9870000000000001,0.002,0.0,0.0,0.989
82,3,1.2863783730843257,-21.412856769999998,0.0,0.0,0.9900000000000001,0.0,0.0,0.0,0.99
82,4,1.2863783730843257,-21.39360177,0.0,0.0,0.992,0.0,0.0,0.0,0.992
82,5,1.2863783730843257,-21.381098769999998,0.0,0.0,0.992,0.0,0.0,0.0,0.992
82,6,1.2863783730843257,-12.07856577,0.0,0.03,0.007,0.7,0.004,0.0,0.741
82,7,1.2863783730843257,-11.83888477,0.013,0.011,0.018000000000000002,0.714,0.002,0.0,0.758
82,8,1.2863783730843257,-7.27872877,0.519,0.0,0.001,0.02,0.122,0.01,0.672
82,9,1.2863783730843257,-4.24477477,0.0,0.16499999999999998,0.004,0.022,0.302,0.002,0.497
82,10,1.2863783730843257,-3.55078477,0.006,0.149,0.009000000000000001,0.01,0.33,0.004,0.51
82,11,1.2863783730843257,-2.9988627699999997,0.0,0.16699999999999998,0.003,0.026,0.35,0.006,0.549
82,12,1.2863783730843257,-1.24667677,0.0,0.006,0.029,0.002,0.51,0.0,0.549
82,13,1.2863783730843257,-0.9952437700000001,0.006,0.004,0.031,0.004,0.522,0.0,0.567
82,14,1.2863783730843257,1.3659532300000001,0.23,0.001,0.008,0.002,0.392,0.012,0.647
82,15,1.2863783730843257,4.81483323,0.001,0.279,0.001,0.022,0.148,0.05,0.501
82,16,1.2863783730843257,4.9166652299999996,0.0,0.185,0.0,0.042,0.222,0.04,0.487
82,17,1.2863783730843257,5.70622223,0.0,0.326,0.003,0.004,0.172,0.064,0.568
82,18,1.2863783730843257,6.54437623,0.002,0.02,0.099,0.002,0.038,0.1,0.26
82,19,1.2863783730843257,8.44816723,0.008,0.006,0.015,0.001,0.091,0.043000000000000003,0.164
82,20,1.2863783730843257,8.50257423,0.0,0.032,0.019000000000000003,0.002,0.05,0.059000000000000004,0.163
83,1,1.2974802016396452,-21.472128769999998,0.0,0.0,0.981,0.004,0.0,0.0,0.987
83,2,1.2974802016396452,-21.44073277,0.0,0.0,0.986,0.002,0.0,0.0,0.989
83,3,1.2974802016396452,-21.41227877,0.0,0.0,0.989,0.0,0.0,0.0,0.99
83,4,1.2974802016396452,-21.394076769999998,0.0,0.0,0.9910000000000001,0.0,0.0,0.0,0.992
83,5,1.2974802016396452,-21.38118277,0.0,0.0,0.993,0.0,0.0,0.0,0.992
83,6,1.2974802016396452,-12.068712770000001,0.0,0.03,0.007,0.7,0.004,0.0,0.742
83,7,1.2974802016396452,-11.83858077,0.012,0.011,0.018000000000000002,0.714,0.002,0.0,0.758
83,8,1.2974802016396452,-7.28255677,0.521,0.0,0.001,0.02,0.122,0.01,0.673
83,9,1.2974802016396452,-4.22248577,0.0,0.16299999999999998,0.004,0.022,0.304,0.002,0.497
83,10,1.2974802016396452,-3.58350177,0.005,0.149,0.009000000000000001,0.01,0.326,0.004,0.508
83,11,1.2974802016396452,-3.0322097699999997,0.0,0.167,0.003,0.024,0.346,0.006,0.547
83,12,1.2974802016396452,-1.2523357699999997,0.0,0.008,0.028,0.002,0.51,0.0,0.548
83,13,1.2974802016396452,-0.9983857700000001,0.006,0.004,0.031,0.004,0.522,0.0,0.567
83,14,1.2974802016396452,1.38296323,0.231,0.001,0.008,0.002,0.396,0.012,0.647
83,15,1.2974802016396452,4.80727423,0.001,0.275,0.003,0.024,0.148,0.05,0.499
83,16,1.2974802016396452,4.93167923,0.0,0.188,0.001,0.04,0.218,0.036000000000000004,0.487
83,17,1.2974802016396452,5.75870123,0.0,0.329,0.003,0.004,0.178,0.062000000000000006,0.576
83,18,1.2974802016396452,6.62524723,0.002,0.02,0.096,0.002,0.04,0.10200000000000001,0.262
83,19,1.2974802016396452,8.44599223,0.005,0.015,0.012,0.001,0.082,0.054000000000000006,0.169
83,20,1.2974802016396452,8.45233523,0.004,0.017,0.013000000000000001,0.001,0.076,0.052000000000000005,0.164
84,1,1.3085820301949647,-21.47122477,0.0,0.0,0.983,0.004,0.0,0.0,0.987
84,2,1.3085820301949647,-21.44165877,0.0,0.0,0.9860000000000001,0.002,0.0,0.0,0.989
84,3,1.3085820301949647,-21.411688769999998,0.0,0.0,0.9900000000000001,0.0,0.0,0.0,0.99
84,4,1.3085820301949647,-21.394556769999998,0.0,0.0,0.9910000000000001,0.0,0.0,0.0,0.992
84,5,1.3085820301949647,-21.38126377,0.0,0.0,0.992,0.0,0.0,0.0,0.992
84,6,1.3085820301949647,-12.058752770000002,0.0,0.03,0.007,0.702,0.004,0.0,0.743
84,7,1.3085820301949647,-11.83857777,0.011,0.012,0.018000000000000002,0.716,0.002,0.0,0.758
84,8,1.3085820301949647,-7.28647577,0.524,0.0,0.002,0.018,0.12,0.01,0.673
84,9,1.3085820301949647,-4.19968977,0.0,0.16299999999999998,0.004,0.022,0.304,0.002,0.498
84,10,1.3085820301949647,-3.61458777,0.005,0.149,0.009000000000000001,0.01,0.324,0.004,0.507
84,11,1.3085820301949647,-3.06626977,0.0,0.168,0.003,0.024,0.346,0.006,0.546
84,12,1.3085820301949647,-1.2562147700000001,0.0,0.008,0.028,0.002,0.51,0.0,0.548
84,13,1.3085820301949647,-1.00203877,0.005,0.004,0.03,0.004,0.524,0.0,0.567
84,14,1.3085820301949647,1.39801123,0.231,0.001,0.007,0.002,0.394,0.012,0.648
84,15,1.3085820301949647,4.801509230000001,0.001,0.271,0.003,0.024,0.148,0.05,0.497
84,16,1.3085820301949647,4.94429523,0.0,0.191,0.001,0.04,0.218,0.038,0.488
84,17,1.3085820301949647,5.81019123,0.0,0.333,0.001,0.006,0.184,0.060000000000000005,0.584
84,18,1.3085820301949647,6.70815523,0.003,0.021,0.095,0.002,0.04,0.1,0.263
84,19,1.3085820301949647,8.42954023,0.0,0.027,0.01,0.0,0.059,0.067,0.165
84,20,1.3085820301949647,8.47659223,0.005,0.013000000000000001,0.017,0.003,0.092,0.044,0.175
85,1,1.3196838587502844,-21.47031377,0.0,0.0,0.983,0.004,0.0,0.0,0.987
85,2,1.3196838587502844,-21.44259777,0.0,0.0,0.9869999999999999,0.002,0.0,0.0,0.989
85,3,1.3196838587502844,-21.41109577,0.0,0.0,0.991,0.0,0.0,0.0,0.99
85,4,1.3196838587502844,-21.39504577,0.0,0.0,0.9910000000000001,0.0,0.0,0.0,0.992
85,5,1.3196838587502844,-21.38134677,0.0,0.0,0.992,0.0,0.0,0.0,0.992
85,6,1.3196838587502844,-12.04870377,0.0,0.029,0.007,0.702,0.004,0.0,0.743
85,7,1.3196838587502844,-11.83890277,0.01,0.012,0.016,0.716,0.002,0.0,0.758
85,8,1.3196838587502844,-7.29046277,0.526,0.0,0.002,0.016,0.122,0.01,0.673
85,9,1.3196838587502844,-4.17642477,0.0,0.16199999999999998,0.004,0.022,0.304,0.002,0.498
85,10,1.3196838587502844,-3.64400077,0.004,0.148,0.009000000000000001,0.012,0.324,0.004,0.505
85,11,1.3196838587502844,-3.10088277,0.0,0.169,0.003,0.022,0.346,0.006,0.545
85,12,1.3196838587502844,-1.2583877700000001,0.0,0.008,0.029,0.002,0.508,0.0,0.548
85,13,1.3196838587502844,-1.0062277699999997,0.005,0.004,0.03,0.004,0.524,0.0,0.567
85,14,1.3196838587502844,1.41117823,0.232,0.001,0.008,0.002,0.396,0.012,0.648
85,15,1.3196838587502844,4.797512230000001,0.001,0.268,0.003,0.024,0.148,0.048,0.495
85,16,1.3196838587502844,4.954713229999999,0.0,0.193,0.001,0.038,0.216,0.04,0.489
85,17,1.3196838587502844,5.860095230000001,0.0,0.337,0.001,0.006,0.188,0.060000000000000005,0.591
85,18,1.3196838587502844,6.7928602300000005,0.003,0.021,0.093,0.002,0.044000000000000004,0.1,0.265
85,19,1.3196838587502844,8.41351723,0.0,0.028,0.018000000000000002,0.0,0.048,0.072,0.166
85,20,1.3196838587502844,8.44681923,0.008,0.007,0.022,0.001,0.096,0.053000000000000005,0.188
86,1,1.3307856873056039,-21.46939677,0.0,0.0,0.9819999999999999,0.004,0.0,0.0,0.987
86,2,1.3307856873056039,-21.443539769999997,0.0,0.0,0.987,0.002,0.0,0.0,0.989
86,3,1.3307856873056039,-21.41049377,0.0,0.0,0.991,0.0,0.0,0.0,0.99
86,4,1.3307856873056039,-21.39553377,0.0,0.0,0.992,0.0,0.0,0.0,0.992
86,5,1.3307856873056039,-21.38142577,0.0,0.0,0.991,0.0,0.0,0.0,0.992
86,6,1.3307856873056039,-12.038585770000001,0.0,0.029,0.007,0.704,0.004,0.0,0.744
86,7,1.3307856873056039,-11.839581769999999,0.009,0.013000000000000001,0.016,0.716,0.002,0.0,0.758
86,8,1.3307856873056039,-7.29449077,0.528,0.0,0.002,0.014,0.12,0.01,0.673
86,9,1.3307856873056039,-4.15273677,0.0,0.16099999999999998,0.005,0.022,0.304,0.002,0.499
86,10,1.3307856873056039,-3.67168777,0.004,0.148,0.011,0.012,0.32399999999999995,0.004,0.504
86,11,1.3307856873056039,-3.1358657699999997,0.0,0.169,0.003,0.02,0.346,0.006,0.543
86,12,1.3307856873056039,-1.2589287699999998,0.0,0.008,0.029,0.002,0.508,0.0,0.548
86,13,1.3307856873056039,-1.01097277,0.004,0.005,0.028999999999999998,0.004,0.522,0.0,0.567
86,14,1.3307856873056039,1.4225632300000002,0.232,0.001,0.008,0.0,0.394,0.012,0.647
86,15,1.3307856873056039,4.79524423,0.0,0.264,0.003,0.024,0.15,0.05,0.494
86,16,1.3307856873056039,4.96309623,0.0,0.196,0.001,0.038,0.214,0.041999999999999996,0.49
86,17,1.3307856873056039,5.907879230000001,0.0,0.34,0.001,0.004,0.19,0.058,0.597
86,18,1.3307856873056039,6.87908123,0.004,0.021,0.091,0.002,0.046,0.1,0.266
86,19,1.3307856873056039,8.429385230000001,0.006,0.011,0.018,0.001,0.09100000000000001,0.057999999999999996,0.185
86,20,1.3307856873056039,8.44622923,0.003,0.015,0.009000000000000001,0.001,0.092,0.055,0.173
87,1,1.3418876790579093,-21.46847677,0.0,0.0,0.9829999999999999,0.004,0.0,0.0,0.987
87,2,1.3418876790579093,-21.44448577,0.0,0.0,0.9869999999999999,0.002,0.0,0.0,0.989
87,3,1.3418876790579093,-21.40989277,0.0,0.0,0.9900000000000001,0.0,0.0,0.0,0.99
87,4,1.3418876790579093,-21.396028769999997,0.0,0.0,0.992,0.0,0.0,0.0,0.992
87,5,1.3418876790579093,-21.38150377,0.0,0.0,0.992,0.0,0.0,0.0,0.992
87,6,1.3418876790579093,-12.028418769999998,0.0,0.029,0.007,0.704,0.004,0.0,0.745
87,7,1.3418876790579093,-11.840645769999998,0.008,0.013000000000000001,0.014000000000000002,0.718,0.002,0.0,0.758
87,8,1.3418876790579093,-7.298529769999999,0.529,0.0,0.001,0.012,0.122,0.01,0.673
87,9,1.3418876790579093,-4.12868277,0.0,0.162,0.005,0.022,0.304,0.002,0.499
87,10,1.3418876790579093,-3.6976267700000003,0.003,0.148,0.011,0.014,0.32199999999999995,0.004,0.503
87,11,1.3418876790579093,-3.17103877,0.0,0.17,0.003,0.02,0.344,0.006,0.542
87,12,1.3418876790579093,-1.25792377,0.0,0.008,0.028,0.002,0.508,0.0,0.548
87,13,1.3418876790579093,-1.01629477,0.004,0.005,0.028999999999999998,0.004,0.522,0.0,0.566
87,14,1.3418876790579093,1.43227323,0.233,0.0,0.006,0.0,0.396,0.01,0.647
87,15,1.3418876790579093,4.79465423,0.0,0.261,0.003,0.026,0.152,0.048,0.492
87,16,1.3418876790579093,4.969569229999999,0.0,0.198,0.001,0.036,0.214,0.04,0.491
87,17,1.3418876790579093,5.9530692300000005,0.0,0.344,0.001,0.004,0.194,0.058,0.603
87,18,1.3418876790579093,6.96646423,0.004,0.021,0.088,0.002,0.05,0.102,0.267
87,19,1.3418876790579093,8.37742723,0.0,0.022,0.019000000000000003,0.001,0.048,0.07300000000000001,0.164
87,20,1.3418876790579093,8.44275023,0.008,0.009000000000000001,0.025,0.001,0.102,0.057,0.203
88,1,1.3529895076132288,-21.467552769999998,0.0,0.0,0.983,0.004,0.0,0.0,0.988
88,2,1.3529895076132288,-21.44543977,0.0,0.0,0.987,0.002,0.0,0.0,0.989
88,3,1.3529895076132288,-21.40928577,0.0,0.0,0.9900000000000001,0.0,0.0,0.0,0.99
88,4,1.3529895076132288,-21.39652777,0.0,0.0,0.992,0.0,0.0,0.0,0.992
88,5,1.3529895076132288,-21.38158077,0.0,0.0,0.991,0.0,0.0,0.0,0.992
88,6,1.3529895076132288,-12.01822177,0.0,0.028,0.007,0.706,0.004,0.0,0.745
88,7,1.3529895076132288,-11.84211977,0.007,0.015,0.014000000000000002,0.718,0.002,0.0,0.758
88,8,1.3529895076132288,-7.302545769999999,0.531,0.0,0.001,0.01,0.122,0.01,0.673
88,9,1.3529895076132288,-4.10433177,0.0,0.16,0.005,0.024,0.306,0.002,0.5
88,10,1.3529895076132288,-3.72178377,0.003,0.147,0.011,0.014,0.32199999999999995,0.004,0.502
88,11,1.3529895076132288,-3.20620377,0.0,0.171,0.003,0.018,0.34199999999999997,0.006,0.54
88,12,1.3529895076132288,-1.2554567699999999,0.0,0.008,0.028,0.002,0.508,0.0,0.549
88,13,1.3529895076132288,-1.0222157699999999,0.003,0.005,0.028999999999999998,0.004,0.522,0.0,0.566
88,14,1.3529895076132288,1.44043323,0.233,0.0,0.006,0.0,0.394,0.01,0.647
88,15,1.3529895076132288,4.795682230000001,0.0,0.259,0.003,0.026,0.154,0.048,0.492
88,16,1.3529895076132288,4.97422723,0.0,0.201,0.001,0.036,0.214,0.04,0.492
88,17,1.3529895076132288,5.99526423,0.0,0.349,0.001,0.004,0.196,0.058,0.608
88,18,1.3529895076132288,7.05458423,0.005,0.021,0.087,0.002,0.05199999999999999,0.09999999999999999,0.268
88,19,1.3529895076132288,8.36559423,0.0,0.019,0.019000000000000003,0.001,0.053000000000000005,0.073,0.164
88,20,1.3529895076132288,8.440396230000001,0.007,0.010000000000000002,0.024,0.002,0.10300000000000001,0.058,0.205
89,1,1.3640913361685485,-21.466626769999998,0.0,0.0,0.982,0.004,0.0,0.0,0.988
89,2,1.3640913361685485,-21.44639677,0.0,0.0,0.986,0.002,0.0,0.0,0.989
89,3,1.3640913361685485,-21.40867977,0.0,0.0,0.9900000000000001,0.0,0.0,0.0,0.99
89,4,1.3640913361685485,-21.39702877,0.0,0.0,0.992,0.0,0.0,0.0,0.991
89,5,1.3640913361685485,-21.38165677,0.0,0.0,0.992,0.0,0.0,0.0,0.992
89,6,1.3640913361685485,-12.008016770000001,0.0,0.028,0.008,0.706,0.004,0.0,0.746
89,7,1.3640913361685485,-11.84403177,0.006,0.015,0.014000000000000002,0.718,0.002,0.0,0.757
89,8,1.3640913361685485,-7.30650377,0.533,0.0,0.001,0.01,0.12200000000000001,0.01,0.673
89,9,1.3640913361685485,-4.07976777,0.0,0.16,0.005,0.024,0.308,0.002,0.5
89,10,1.3640913361685485,-3.7441397700000003,0.002,0.147,0.011,0.016,0.31999999999999995,0.004,0.501
89,11,1.3640913361685485,-3.2411477699999995,0.0,0.17200000000000001,0.003,0.016,0.34199999999999997,0.006,0.539
89,12,1.3640913361685485,-1.2516177699999997,0.0,0.009000000000000001,0.028,0.002,0.51,0.0,0.549
89,13,1.3640913361685485,-1.0287507699999998,0.003,0.007,0.028999999999999998,0.004,0.522,0.0,0.566
89,14,1.3640913361685485,1.44717223,0.233,0.0,0.007,0.0,0.394,0.01,0.646
89,15,1.3640913361685485,4.798262230000001,0.0,0.255,0.003,0.026,0.158,0.048,0.491
89,16,1.3640913361685485,4.97714223,0.0,0.204,0.003,0.036,0.21,0.04,0.493
89,17,1.3640913361685485,6.03413323,0.0,0.352,0.001,0.004,0.198,0.058,0.613
89,18,1.3640913361685485,7.14291123,0.005,0.021,0.084,0.002,0.055999999999999994,0.102,0.268
89,19,1.3640913361685485,8.35344823,0.0,0.018,0.02,0.002,0.051000000000000004,0.07400000000000001,0.166
89,20,1.3640913361685485,8.40649123,0.008,0.009000000000000001,0.031,0.001,0.10400000000000001,0.068,0.223
90,1,1.375193164723868,-21.465700769999998,0.0,0.0,0.9829999999999999,0.004,0.0,0.0,0.988
90,2,1.375193164723868,-21.447351769999997,0.0,0.0,0.986,0.002,0.0,0.0,0.989
90,3,1.375193164723868,-21.40807577,0.0,0.0,0.9900000000000001,0.0,0.0,0.0,0.991
90,4,1.375193164723868,-21.397528769999997,0.0,0.0,0.9910000000000001,0.0,0.0,0.0,0.991
90,5,1.375193164723868,-21.38172877,0.0,0.0,0.992,0.0,0.0,0.0,0.992
90,6,1.375193164723868,-11.99782377,0.0,0.027,0.009000000000000001,0.706,0.004,0.0,0.747
90,7,1.375193164723868,-11.846409770000001,0.005,0.015,0.014000000000000002,0.718,0.002,0.0,0.757
90,8,1.375193164723868,-7.3103637699999995,0.535,0.0,0.001,0.008,0.12200000000000001,0.01,0.673
90,9,1.375193164723868,-4.05510377,0.0,0.158,0.005,0.024,0.308,0.002,0.501
90,10,1.375193164723868,-3.7646777699999996,0.002,0.147,0.011,0.018,0.31800000000000006,0.004,0.501
90,11,1.375193164723868,-3.2756397699999997,0.0,0.17200000000000001,0.003,0.014,0.34199999999999997,0.006,0.538
90,12,1.375193164723868,-1.2464927700000001,0.0,0.009000000000000001,0.028,0.002,0.51,0.0,0.549
90,13,1.375193164723868,-1.03591277,0.002,0.007,0.028999999999999998,0.004,0.522,0.0,0.565
90,14,1.375193164723868,1.45262923,0.234,0.0,0.007,0.0,0.392,0.01,0.646
90,15,1.375193164723868,4.80231823,0.0,0.252,0.003,0.026,0.16,0.048,0.49
90,16,1.375193164723868,4.97836823,0.0,0.206,0.003,0.034,0.208,0.041999999999999996,0.494
90,17,1.375193164723868,6.06942523,0.0,0.356,0.0,0.004,0.198,0.056,0.617
90,18,1.375193164723868,7.23078323,0.006,0.02,0.081,0.002,0.056,0.09999999999999999,0.269
90,19,1.375193164723868,8.34715523,0.0,0.015,0.018000000000000002,0.002,0.05500000000000001,0.07500000000000001,0.167
90,20,1.375193164723868,8.392322230000001,0.008,0.011,0.035,0.0,0.107,0.07200000000000001,0.232
91,1,1.3862949932791875,-21.46477577,0.0,0.0,0.9839999999999999,0.004,0.0,0.0,0.988
91,2,1.3862949932791875,-21.44830777,0.0,0.0,0.986,0.002,0.0,0.0,0.989
91,3,1.3862949932791875,-21.407475769999998,0.0,0.0,0.989,0.0,0.0,0.0,0.991
91,4,1.3862949932791875,-21.39803177,0.0,0.0,0.9910000000000001,0.0,0.0,0.0,0.991
91,5,1.3862949932791875,-21.38179777,0.0,0.0,0.991,0.0,0.0,0.0,0.992
91,6,1.3862949932791875,-11.987664769999999,0.0,0.025,0.009000000000000001,0.708,0.004,0.0,0.747
91,7,1.3862949932791875,-11.84928077,0.004,0.016,0.014000000000000002,0.72,0.002,0.0,0.757
91,8,1.3862949932791875,-7.314083770000001,0.536,0.0,0.001,0.006,0.12,0.01,0.673
91,9,1.3862949932791875,-4.03048077,0.0,0.157,0.006,0.024,0.30800000000000005,0.002,0.501
91,10,1.3862949932791875,-3.78339277,0.002,0.147,0.011,0.018,0.318,0.004,0.5
91,11,1.3862949932791875,-3.30941977,0.0,0.17300000000000001,0.003,0.014,0.33999999999999997,0.006,0.536
91,12,1.3862949932791875,-1.2401707699999998,0.0,0.009000000000000001,0.028,0.004,0.508,0.0,0.55
91,13,1.3862949932791875,-1.0437177699999998,0.002,0.007,0.027999999999999997,0.004,0.522,0.0,0.565
91,14,1.3862949932791875,1.45694123,0.234,0.0,0.007,0.0,0.392,0.01,0.646
91,15,1.3862949932791875,4.80777123,0.0,0.249,0.004,0.028,0.162,0.046,0.49
91,16,1.3862949932791875,4.97794323,0.0,0.208,0.003,0.034,0.208,0.041999999999999996,0.494
91,17,1.3862949932791875,6.100968229999999,0.0,0.359,0.0,0.002,0.2,0.058,0.62
91,18,1.3862949932791875,7.31735823,0.007,0.019,0.07800000000000001,0.002,0.062,0.09999999999999999,0.268
91,19,1.3862949932791875,8.343516229999999,0.0,0.013000000000000001,0.019000000000000003,0.002,0.061,0.077,0.168
91,20,1.3862949932791875,8.38310523,0.007,0.012,0.037,0.0,0.10700000000000001,0.07400000000000001,0.239
92,1,1.397396985031493,-21.463851769999998,0.0,0.0,0.9829999999999999,0.004,0.0,0.0,0.988
92,2,1.397396985031493,-21.44925877,0.0,0.0,0.985,0.002,0.0,0.0,0.989
92,3,1.397396985031493,-21.40687877,0.0,0.0,0.9900000000000001,0.0,0.0,0.0,0.991
92,4,1.397396985031493,-21.39853377,0.0,0.0,0.9910000000000001,0.0,0.0,0.0,0.991
92,5,1.397396985031493,-21.38186077,0.0,0.0,0.992,0.0,0.0,0.0,0.992
92,6,1.397396985031493,-11.97755977,0.0,0.025,0.009000000000000001,0.708,0.004,0.0,0.748
92,7,1.397396985031493,-11.852669769999999,0.003,0.016,0.014000000000000002,0.72,0.002,0.0,0.757
92,8,1.397396985031493,-7.31762077,0.537,0.0,0.001,0.006,0.12,0.01,0.673
92,9,1.397396985031493,-4.00608777,0.0,0.157,0.006,0.026,0.30800000000000005,0.002,0.501
92,10,1.397396985031493,-3.80028177,0.001,0.145,0.011,0.02,0.316,0.004,0.5
92,11,1.397396985031493,-3.3421857700000004,0.0,0.174,0.003,0.012,0.342,0.006,0.535
92,12,1.397396985031493,-1.2327367699999998,0.0,0.009000000000000001,0.026000000000000002,0.004,0.51,0.0,0.551
92,13,1.397396985031493,-1.0521687699999998,0.002,0.007,0.028999999999999998,0.004,0.522,0.0,0.564
92,14,1.397396985031493,1.4602532300000002,0.234,0.0,0.007,0.0,0.392,0.01,0.645
92,15,1.397396985031493,4.81453823,0.0,0.247,0.004,0.028,0.164,0.046,0.49
92,16,1.397396985031493,4.97590223,0.0,0.21,0.003,0.034,0.20800000000000002,0.041999999999999996,0.495
92,17,1.397396985031493,6.12867323,0.0,0.362,0.0,0.002,0.2,0.056,0.622
92,18,1.397396985031493,7.40156723,0.008,0.017,0.07300000000000001,0.002,0.066,0.102,0.267
92,19,1.397396985031493,8.34279223,0.0,0.01,0.02,0.002,0.065,0.07799999999999999,0.173
92,20,1.397396985031493,8.369347229999999,0.006,0.013,0.041,0.0,0.10699999999999998,0.07800000000000001,0.247
93,1,1.4084988135868124,-21.46293077,0.0,0.0,0.9840000000000001,0.004,0.0,0.0,0.988
93,2,1.4084988135868124,-21.45020877,0.0,0.0,0.985,0.002,0.0,0.0,0.989
93,3,1.4084988135868124,-21.40628977,0.0,0.0,0.9900000000000001,0.0,0.0,0.0,0.991
93,4,1.4084988135868124,-21.399035769999998,0.0,0.0,0.9910000000000001,0.0,0.0,0.0,0.991
93,5,1.4084988135868124,-21.38192077,0.0,0.0,0.993,0.0,0.0,0.0,0.992
93,6,1.4084988135868124,-11.96753377,0.0,0.025,0.009000000000000001,0.71,0.004,0.0,0.749
93,7,1.4084988135868124,-11.85660477,0.002,0.017,0.013000000000000001,0.72,0.002,0.0,0.757
93,8,1.4084988135868124,-7.320928769999999,0.538,0.0,0.001,0.004,0.12,0.01,0.673
93,9,1.4084988135868124,-3.9821707699999997,0.0,0.155,0.006,0.026,0.31000000000000005,0.002,0.502
93,10,1.4084988135868124,-3.81534877,0.001,0.145,0.011,0.02,0.316,0.004,0.499
93,11,1.4084988135868124,-3.37358577,0.0,0.175,0.001,0.01,0.342,0.006,0.534
93,12,1.4084988135868124,-1.22427477,0.0,0.009000000000000001,0.026000000000000002,0.004,0.512,0.0,0.551
93,13,1.4084988135868124,-1.0612747699999998,0.001,0.008,0.028999999999999998,0.004,0.52,0.0,0.564
93,14,1.4084988135868124,1.46270323,0.235,0.0,0.006,0.0,0.39,0.012,0.645
93,15,1.4084988135868124,4.82253023,0.0,0.243,0.004,0.028,0.168,0.046,0.49
93,16,1.4084988135868124,4.9722712300000005,0.0,0.213,0.003,0.034,0.20600000000000002,0.044,0.496
93,17,1.4084988135868124,6.15252923,0.0,0.364,0.0,0.002,0.2,0.056,0.624
93,18,1.4084988135868124,7.48203623,0.009,0.015,0.07,0.0,0.07,0.1,0.265
93,19,1.4084988135868124,8.34736923,0.001,0.011,0.028,0.002,0.07600000000000001,0.078,0.196
93,20,1.4084988135868124,8.359074230000001,0.004,0.013999999999999999,0.040999999999999995,0.001,0.09799999999999999,0.082,0.242
94,1,1.419600642142132,-21.46201077,0.0,0.0,0.984,0.004,0.0,0.0,0.988
94,2,1.419600642142132,-21.451153769999998,0.0,0.0,0.985,0.002,0.0,0.0,0.989
94,3,1.419600642142132,-21.405705769999997,0.0,0.0,0.9910000000000001,0.0,0.0,0.0,0.991
94,4,1.419600642142132,-21.399536769999997,0.0,0.0,0.992,0.0,0.0,0.0,0.991
94,5,1.419600642142132,-21.38197377,0.0,0.0,0.991,0.0,0.0,0.0,0.992
94,6,1.419600642142132,-11.95760577,0.0,0.024,0.009000000000000001,0.71,0.004,0.0,0.749
94,7,1.419600642142132,-11.861108770000001,0.002,0.017,0.013000000000000001,0.72,0.002,0.0,0.756
94,8,1.419600642142132,-7.32395877,0.54,0.0,0.001,0.004,0.12,0.01,0.673
94,9,1.419600642142132,-3.9590597699999996,0.0,0.155,0.006,0.026,0.31000000000000005,0.004,0.502
94,10,1.419600642142132,-3.8286057700000002,0.001,0.145,0.011,0.022,0.316,0.004,0.499
94,11,1.419600642142132,-3.40318377,0.0,0.177,0.001,0.008,0.34,0.006,0.533
94,12,1.419600642142132,-1.2148657699999998,0.0,0.009000000000000001,0.026000000000000002,0.004,0.51,0.0,0.552
94,13,1.419600642142132,-1.0710347699999998,0.001,0.008,0.028999999999999998,0.004,0.52,0.0,0.563
94,14,1.419600642142132,1.46443223,0.235,0.0,0.006,0.0,0.388,0.012,0.644
94,15,1.419600642142132,4.831660230000001,0.0,0.24,0.004,0.028,0.16999999999999998,0.046,0.49
94,16,1.419600642142132,4.9670792299999995,0.0,0.216,0.003,0.032,0.20400000000000001,0.044,0.496
94,17,1.419600642142132,6.172595230000001,0.0,0.367,0.0,0.002,0.202,0.057999999999999996,0.626
94,18,1.419600642142132,7.55703723,0.01,0.012,0.065,0.0,0.076,0.1,0.263
94,19,1.419600642142132,8.34333423,0.005,0.017,0.049,0.0,0.10400000000000001,0.088,0.264
94,20,1.419600642142132,8.34854123,0.0,0.009000000000000001,0.02,0.002,0.07400000000000001,0.075,0.181
95,1,1.4307024706974516,-21.46109877,0.0,0.0,0.9830000000000001,0.004,0.0,0.0,0.988
95,2,1.4307024706974516,-21.45209677,0.0,0.0,0.985,0.002,0.0,0.0,0.989
95,3,1.4307024706974516,-21.40513477,0.0,0.0,0.9900000000000001,0.0,0.0,0.0,0.991
95,4,1.4307024706974516,-21.40003977,0.0,0.0,0.992,0.0,0.0,0.0,0.991
95,5,1.4307024706974516,-21.382021769999998,0.0,0.0,0.992,0.0,0.0,0.0,0.992
95,6,1.4307024706974516,-11.94779977,0.0,0.024,0.011,0.712,0.004,0.0,0.75
95,7,1.4307024706974516,-11.866207769999999,0.001,0.019,0.013000000000000001,0.72,0.002,0.0,0.756
95,8,1.4307024706974516,-7.32666177,0.54,0.0,0.001,0.002,0.12,0.01,0.673
95,9,1.4307024706974516,-3.93719877,0.0,0.153,0.008,0.028,0.31,0.004,0.502
95,10,1.4307024706974516,-3.84006677,0.0,0.145,0.012,0.022,0.316,0.004,0.499
95,11,1.4307024706974516,-3.4304467699999996,0.0,0.17800000000000002,0.001,0.006,0.33799999999999997,0.006,0.532
95,12,1.4307024706974516,-1.2045937699999998,0.0,0.009000000000000001,0.028000000000000004,0.004,0.51,0.0,0.553
95,13,1.4307024706974516,-1.0814487699999997,0.001,0.008,0.028999999999999998,0.004,0.518,0.0,0.562
95,14,1.4307024706974516,1.4655712300000001,0.235,0.0,0.007,0.0,0.392,0.012,0.644
95,15,1.4307024706974516,4.8418382300000005,0.0,0.237,0.004,0.028,0.172,0.046,0.49
95,16,1.4307024706974516,4.96035523,0.0,0.216,0.003,0.032,0.2,0.041999999999999996,0.496
95,17,1.4307024706974516,6.18899223,0.0,0.367,0.0,0.0,0.2,0.057999999999999996,0.627
95,18,1.4307024706974516,7.62446123,0.011,0.009000000000000001,0.06000000000000001,0.0,0.078,0.098,0.259
95,19,1.4307024706974516,8.34002523,0.003,0.018000000000000002,0.05,0.0,0.09999999999999999,0.088,0.26
95,20,1.4307024706974516,8.366702230000001,0.0,0.01,0.025,0.002,0.083,0.07900000000000001,0.197
96,1,1.441804299252771,-21.46018977,0.0,0.0,0.983,0.004,0.0,0.0,0.988
96,2,1.441804299252771,-21.45302777,0.0,0.0,0.985,0.002,0.0,0.0,0.989
96,3,1.441804299252771,-21.404572769999998,0.0,0.0,0.9910000000000001,0.0,0.0,0.0,0.991
96,4,1.441804299252771,-21.40054077,0.0,0.0,0.9910000000000001,0.0,0.0,0.0,0.991
96,5,1.441804299252771,-21.38206477,0.0,0.0,0.991,0.0,0.0,0.0,0.992
96,6,1.441804299252771,-11.93813677,0.0,0.024,0.011,0.712,0.004,0.0,0.751
96,7,1.441804299252771,-11.87192477,0.001,0.019,0.013000000000000001,0.718,0.002,0.0,0.755
96,8,1.441804299252771,-7.32898777,0.541,0.0,0.001,0.002,0.12,0.01,0.673
96,9,1.441804299252771,-3.91716777,0.0,0.15100000000000002,0.01,0.028,0.30999999999999994,0.004,0.502
96,10,1.441804299252771,-3.84975077,0.0,0.145,0.011,0.024,0.314,0.004,0.499
96,11,1.441804299252771,-3.45469777,0.0,0.18100000000000002,0.001,0.004,0.34,0.006,0.532
96,12,1.441804299252771,-1.1935317699999999,0.0,0.009000000000000001,0.028000000000000004,0.004,0.512,0.0,0.554
96,13,1.441804299252771,-1.09250677,0.0,0.008,0.028999999999999998,0.004,0.52,0.0,0.562
96,14,1.441804299252771,1.4662512300000001,0.235,0.0,0.007,0.0,0.39,0.012,0.643
96,15,1.441804299252771,4.85297123,0.0,0.236,0.004,0.028,0.176,0.048,0.491
96,16,1.441804299252771,4.95213423,0.0,0.219,0.004,0.032,0.198,0.041999999999999996,0.496
96,17,1.441804299252771,6.20189623,0.0,0.369,0.0,0.0,0.2,0.057999999999999996,0.627
96,18,1.441804299252771,7.68195523,0.012,0.007,0.05500000000000001,0.0,0.08399999999999999,0.096,0.256
96,19,1.441804299252771,8.33525323,0.002,0.02,0.057,0.0,0.10200000000000001,0.093,0.275
96,20,1.441804299252771,8.36350323,0.0,0.009000000000000001,0.026,0.002,0.08399999999999999,0.078,0.199
97,1,1.4529062910050765,-21.45928877,0.0,0.0,0.984,0.004,0.0,0.0,0.988
97,2,1.4529062910050765,-21.453949769999998,0.0,0.0,0.985,0.002,0.0,0.0,0.988
97,3,1.4529062910050765,-21.404026769999998,0.0,0.0,0.991,0.0,0.0,0.0,0.991
97,4,1.4529062910050765,-21.401036769999997,0.0,0.0,0.9910000000000001,0.0,0.0,0.0,0.991
97,5,1.4529062910050765,-21.38209977,0.0,0.0,0.991,0.0,0.0,0.0,0.992
97,6,1.4529062910050765,-11.928640770000001,0.0,0.023,0.011,0.714,0.004,0.0,0.751
97,7,1.4529062910050765,-11.878278770000001,0.0,0.02,0.013000000000000001,0.718,0.002,0.0,0.755
97,8,1.4529062910050765,-7.330885769999999,0.542,0.0,0.001,0.0,0.12,0.01,0.673
97,9,1.4529062910050765,-3.8997057699999997,0.0,0.149,0.01,0.028,0.312,0.004,0.501
97,10,1.4529062910050765,-3.8576847699999997,0.0,0.145,0.011,0.024,0.312,0.004,0.499
97,11,1.4529062910050765,-3.4751167699999996,0.0,0.181,0.0,0.002,0.34,0.006,0.531
97,12,1.4529062910050765,-1.18175577,0.0,0.009000000000000001,0.028000000000000004,0.004,0.512,0.0,0.555
97,13,1.4529062910050765,-1.10419577,0.0,0.009000000000000001,0.028000000000000004,0.004,0.518,0.0,0.561
97,14,1.4529062910050765,1.46659423,0.235,0.0,0.007,0.0,0.39,0.012,0.643
97,15,1.4529062910050765,4.86496923,0.0,0.23299999999999998,0.004,0.03,0.17800000000000002,0.048,0.491
97,16,1.4529062910050765,4.94245823,0.0,0.221,0.004,0.032,0.196,0.044,0.496
97,17,1.4529062910050765,6.21151623,0.0,0.37,0.0,0.0,0.198,0.057999999999999996,0.627
97,18,1.4529062910050765,7.72727223,0.014,0.004,0.051,0.0,0.088,0.09400000000000001,0.252
97,19,1.4529062910050765,8.34706323,0.001,0.019,0.053000000000000005,0.0,0.101,0.091,0.268
97,20,1.4529062910050765,8.374569229999999,0.0,0.009000000000000001,0.032,0.002,0.09,0.081,0.215
98,1,1.464008119560396,-21.458394769999998,0.0,0.0,0.984,0.002,0.0,0.0,0.988
98,2,1.464008119560396,-21.454858769999998,0.0,0.0,0.985,0.002,0.0,0.0,0.988
98,3,1.464008119560396,-21.403497769999998,0.0,0.0,0.991,0.0,0.0,0.0,0.991
98,4,1.464008119560396,-21.401527769999998,0.0,0.0,0.991,0.0,0.0,0.0,0.991
98,5,1.464008119560396,-21.38212377,0.0,0.0,0.991,0.0,0.0,0.0,0.992
98,6,1.464008119560396,-11.91933277,0.0,0.023,0.011,0.714,0.004,0.0,0.752
98,7,1.464008119560396,-11.88529277,0.0,0.02,0.013000000000000001,0.718,0.002,0.0,0.755
98,8,1.464008119560396,-7.33230377,0.542,0.0,0.001,0.0,0.12,0.01,0.673
98,9,1.464008119560396,-3.8856807699999996,0.0,0.147,0.01,0.028,0.31,0.004,0.501
98,10,1.464008119560396,-3.86389677,0.0,0.145,0.011,0.026,0.312,0.004,0.499
98,11,1.464008119560396,-3.4907537699999995,0.0,0.182,0.0,0.002,0.34199999999999997,0.004,0.531
98,12,1.464008119560396,-1.1693347699999999,0.0,0.009000000000000001,0.028000000000000004,0.004,0.514,0.0,0.556
98,13,1.464008119560396,-1.11649677,0.0,0.009000000000000001,0.028000000000000004,0.004,0.518,0.0,0.56
98,14,1.464008119560396,1.46671323,0.235,0.0,0.007,0.0,0.386,0.012,0.643
98,15,1.464008119560396,4.87774123,0.0,0.23099999999999998,0.004,0.03,0.18200000000000002,0.046,0.492
98,16,1.464008119560396,4.93137723,0.0,0.223,0.004,0.032,0.194,0.044,0.496
98,17,1.464008119560396,6.21808523,0.0,0.371,0.0,0.0,0.198,0.057999999999999996,0.627
98,18,1.464008119560396,7.7589602300000005,0.015,0.001,0.047,0.0,0.092,0.092,0.249
98,19,1.464008119560396,8.34998223,0.001,0.019,0.055999999999999994,0.0,0.1,0.095,0.274
98,20,1.464008119560396,8.39912423,0.0,0.011,0.040999999999999995,0.002,0.099,0.086,0.237
99,1,1.4751099481157155,-21.45750677,0.0,0.0,0.984,0.002,0.0,0.0,0.988
99,2,1.4751099481157155,-21.45575177,0.0,0.0,0.983,0.002,0.0,0.0,0.988
99,3,1.4751099481157155,-21.40298577,0.0,0.0,0.99,0.0,0.0,0.0,0.991
99,4,1.4751099481157155,-21.40201277,0.0,0.0,0.991,0.0,0.0,0.0,0.991
99,5,1.4751099481157155,-21.38213777,0.0,0.0,0.991,0.0,0.0,0.0,0.992
99,6,1.4751099481157155,-11.910234769999999,0.0,0.021,0.011,0.716,0.004,0.0,0.753
99,7,1.4751099481157155,-11.892984769999998,0.0,0.021,0.013000000000000001,0.718,0.004,0.0,0.754
99,8,1.4751099481157155,-7.33319177,0.542,0.0,0.001,0.0,0.122,0.008,0.673
99,9,1.4751099481157155,-3.87598077,0.0,0.147,0.011000000000000001,0.028,0.312,0.004,0.501
99,10,1.4751099481157155,-3.86842077,0.0,0.145,0.011,0.028,0.31,0.004,0.5
99,11,1.4751099481157155,-3.50064577,0.0,0.184,0.0,0.0,0.33999999999999997,0.004,0.531
99,12,1.4751099481157155,-1.15634077,0.0,0.009000000000000001,0.028000000000000004,0.004,0.516,0.0,0.557
99,13,1.4751099481157155,-1.1293877700000001,0.0,0.009000000000000001,0.028000000000000004,0.004,0.518,0.0,0.559
99,14,1.4751099481157155,1.46671723,0.235,0.0,0.007,0.0,0.388,0.012,0.643
99,15,1.4751099481157155,4.8911972299999995,0.0,0.22899999999999998,0.004,0.03,0.186,0.046,0.493
99,16,1.4751099481157155,4.91895023,0.0,0.225,0.004,0.03,0.19,0.044,0.495
99,17,1.4751099481157155,6.22185023,0.0,0.371,0.0,0.0,0.198,0.057999999999999996,0.627
99,18,1.4751099481157155,7.77691623,0.015,0.0,0.045,0.0,0.094,0.093,0.247
99,19,1.4751099481157155,8.371234229999999,0.0,0.015,0.048,0.001,0.10099999999999999,0.089,0.257
99,20,1.4751099481157155,8.400604229999999,0.0,0.012,0.044,0.001,0.10400000000000001,0.086,0.247
100,1,1.486211776671035,-21.45662977,0.0,0.0,0.984,0.002,0.0,0.0,0.988
100,2,1.486211776671035,-21.45662377,0.0,0.0,0.984,0.002,0.0,0.0,0.988
100,3,1.486211776671035,-21.40249277,0.0,0.0,0.99,0.0,0.0,0.0,0.991
100,4,1.486211776671035,-21.402491769999997,0.0,0.0,0.99,0.0,0.0,0.0,0.991
100,5,1.486211776671035,-21.382142769999998,0.0,0.0,0.992,0.0,0.0,0.0,0.992
100,6,1.486211776671035,-11.901372769999998,0.0,0.021,0.012,0.716,0.004,0.0,0.753
100,7,1.486211776671035,-11.901369769999999,0.0,0.021,0.012,0.716,0.004,0.0,0.753
100,8,1.486211776671035,-7.33349777,0.542,0.0,0.001,0.0,0.12,0.008,0.673
100,9,1.486211776671035,-3.87129177,0.0,0.145,0.011,0.028,0.312,0.004,0.5
100,10,1.486211776671035,-3.87129077,0.0,0.145,0.011000000000000001,0.028,0.312,0.004,0.5
100,11,1.486211776671035,-3.50403677,0.0,0.184,0.0,0.0,0.34,0.004,0.531
100,12,1.486211776671035,-1.1428427700000001,0.0,0.009000000000000001,0.028000000000000004,0.004,0.516,0.0,0.558
100,13,1.486211776671035,-1.1428397700000001,0.0,0.009000000000000001,0.028000000000000004,0.004,0.516,0.0,0.558
100,14,1.486211776671035,1.46669723,0.235,0.0,0.007,0.0,0.388,0.012,0.643
100,15,1.486211776671035,4.9052462299999995,0.0,0.227,0.004,0.03,0.186,0.046,0.494
100,16,1.486211776671035,4.90524823,0.0,0.227,0.004,0.03,0.186,0.046,0.494
100,17,1.486211776671035,6.22305323,0.0,0.371,0.0,0.0,0.198,0.06,0.627
100,18,1.486211776671035,7.78241623,0.015,0.0,0.045,0.0,0.094,0.094,0.247
100,19,1.486211776671035,8.37816423,0.0,0.016,0.05499999999999999,0.001,0.1,0.093,0.266
100,20,1.486211776671035,8.41099123,0.0,0.008,0.017,0.0,0.105,0.07100000000000001,0.204
101,1,1.486211776671035,-21.45662977,0.0,0.0,0.984,0.002,0.0,0.0,0.988
101,2,1.486211776671035,-21.45662377,0.0,0.0,0.984,0.002,0.0,0.0,0.988
101,3,1.486211776671035,-21.40249277,0.0,0.0,0.99,0.0,0.0,0.0,0.991
101,4,1.486211776671035,-21.402491769999997,0.0,0.0,0.99,0.0,0.0,0.0,0.991
101,5,1.486211776671035,-21.382142769999998,0.0,0.0,0.992,0.0,0.0,0.0,0.992
101,6,1.486211776671035,-11.901372769999998,0.0,0.021,0.012,0.716,0.004,0.0,0.753
101,7,1.486211776671035,-11.901369769999999,0.0,0.021,0.012,0.716,0.004,0.0,0.753
101,8,1.486211776671035,-7.33349777,0.542,0.0,0.001,0.0,0.12,0.008,0.673
101,9,1.486211776671035,-3.87129177,0.0,0.145,0.011,0.028,0.312,0.004,0.5
101,10,1.486211776671035,-3.87129077,0.0,0.145,0.011000000000000001,0.028,0.312,0.004,0.5
101,11,1.486211776671035,-3.50403677,0.0,0.184,0.0,0.0,0.34,0.004,0.531
101,12,1.486211776671035,-1.1428427700000001,0.0,0.009000000000000001,0.028000000000000004,0.004,0.516,0.0,0.558
101,13,1.486211776671035,-1.1428397700000001,0.0,0.009000000000000001,0.028000000000000004,0.004,0.516,0.0,0.558
101,14,1.486211776671035,1.46669723,0.235,0.0,0.007,0.0,0.388,0.012,0.643
101,15,1.486211776671035,4.9052462299999995,0.0,0.227,0.004,0.03,0.187,0.046,0.494
101,16,1.486211776671035,4.90524823,0.0,0.227,0.004,0.03,0.187,0.046,0.494
101,17,1.486211776671035,6.22305323,0.0,0.371,0.0,0.0,0.198,0.06,0.627
101,18,1.486211776671035,7.78245423,0.015,0.0,0.045,0.0,0.094,0.094,0.247
101,19,1.486211776671035,8.37816423,0.0,0.016,0.054,0.001,0.1,0.093,0.266
101,20,1.486211776671035,8.41283923,0.0,0.008,0.016,0.0,0.106,0.07100000000000001,0.203
102,1,1.5084154337811508,-21.45834377,0.0,0.0,0.984,0.002,0.0,0.0,0.988
102,2,1.5084154337811508,-21.45490477,0.0,0.0,0.984,0.002,0.0,0.0,0.988
102,3,1.5084154337811508,-21.40344677,0.0,0.0,0.99,0.0,0.0,0.0,0.991
102,4,1.5084154337811508,-21.40158077,0.0,0.0,0.991,0.0,0.0,0.0,0.991
102,5,1.5084154337811508,-21.38212277,0.0,0.0,0.991,0.0,0.0,0.0,0.992
102,6,1.5084154337811508,-11.920288769999999,0.0,0.023,0.011,0.714,0.004,0.0,0.752
102,7,1.5084154337811508,-11.88443277,0.0,0.02,0.013000000000000001,0.718,0.002,0.0,0.755
102,8,1.5084154337811508,-7.33217377,0.542,0.0,0.001,0.0,0.12,0.01,0.673
102,9,1.5084154337811508,-3.8772607700000004,0.0,0.147,0.01,0.024,0.314,0.004,0.499
102,10,1.5084154337811508,-3.87225077,0.0,0.147,0.011,0.03,0.31,0.004,0.501
102,11,1.5084154337811508,-3.4907657700000003,0.0,0.182,0.0,0.002,0.33999999999999997,0.004,0.531
102,12,1.5084154337811508,-1.17131577,0.0,0.009000000000000001,0.028000000000000004,0.004,0.514,0.0,0.556
102,13,1.5084154337811508,-1.11459377,0.0,0.009000000000000001,0.028000000000000004,0.004,0.518,0.0,0.56
102,14,1.5084154337811508,1.4669342300000001,0.235,0.0,0.007,0.0,0.386,0.012,0.643
102,15,1.5084154337811508,4.87433623,0.0,0.23099999999999998,0.004,0.03,0.18000000000000002,0.046,0.491
102,16,1.5084154337811508,4.934769230000001,0.0,0.223,0.004,0.032,0.194,0.044,0.496
102,17,1.5084154337811508,6.21869023,0.0,0.371,0.0,0.0,0.198,0.057999999999999996,0.628
102,18,1.5084154337811508,7.76508823,0.015,0.001,0.046,0.0,0.092,0.094,0.248
102,19,1.5084154337811508,8.37444223,0.0,0.014,0.046,0.002,0.099,0.086,0.247
102,20,1.5084154337811508,8.43305823,0.0,0.006,0.007,0.0,0.10899999999999999,0.065,0.186
103,1,1.530619090891267,-21.459983769999997,0.0,0.0,0.9840000000000001,0.004,0.0,0.0,0.988
103,2,1.530619090891267,-21.453223769999997,0.0,0.0,0.985,0.002,0.0,0.0,0.988
103,3,1.530619090891267,-21.40437077,0.0,0.0,0.99,0.0,0.0,0.0,0.991
103,4,1.530619090891267,-21.40077177,0.0,0.0,0.991,0.0,0.0,0.0,0.991
103,5,1.530619090891267,-21.38205777,0.0,0.0,0.992,0.0,0.0,0.0,0.992
103,6,1.530619090891267,-11.942143770000001,0.001,0.023,0.011,0.712,0.004,0.0,0.75
103,7,1.530619090891267,-11.868687770000001,0.0,0.019,0.013000000000000001,0.72,0.002,0.0,0.756
103,8,1.530619090891267,-7.32795577,0.541,0.0,0.001,0.002,0.12,0.01,0.673
103,9,1.530619090891267,-3.89925077,0.0,0.14900000000000002,0.01,0.02,0.314,0.004,0.499
103,10,1.530619090891267,-3.86712877,0.0,0.147,0.011,0.032,0.31,0.004,0.503
103,11,1.530619090891267,-3.45480477,0.0,0.18000000000000002,0.001,0.004,0.34,0.006,0.531
103,12,1.530619090891267,-1.2015937700000001,0.0,0.009000000000000001,0.028000000000000004,0.004,0.512,0.0,0.553
103,13,1.530619090891267,-1.08508577,0.0,0.008,0.029000000000000005,0.004,0.52,0.0,0.562
103,14,1.530619090891267,1.4680182300000002,0.235,0.0,0.007,0.0,0.39,0.012,0.643
103,15,1.530619090891267,4.839386230000001,0.0,0.23299999999999998,0.004,0.028,0.17400000000000002,0.046,0.488
103,16,1.530619090891267,4.96559723,0.0,0.22,0.004,0.032,0.2,0.044,0.499
103,17,1.530619090891267,6.20665923,0.0,0.37,0.0,0.0,0.198,0.057999999999999996,0.628
103,18,1.530619090891267,7.72395823,0.014,0.003,0.05,0.0,0.088,0.096,0.25
103,19,1.530619090891267,8.25696323,0.0,0.03,0.063,0.0,0.089,0.099,0.283
103,20,1.530619090891267,8.42326823,0.0,0.005,0.027000000000000003,0.002,0.10200000000000001,0.06999999999999999,0.209
104,1,1.552822748001383,-21.46153877,0.0,0.0,0.9840000000000001,0.004,0.0,0.0,0.988
104,2,1.552822748001383,-21.45158477,0.0,0.0,0.985,0.002,0.0,0.0,0.989
104,3,1.552822748001383,-21.40526477,0.0,0.0,0.9910000000000001,0.0,0.0,0.0,0.991
104,4,1.552822748001383,-21.40007077,0.0,0.0,0.991,0.0,0.0,0.0,0.991
104,5,1.552822748001383,-21.38194677,0.0,0.0,0.992,0.0,0.0,0.0,0.992
104,6,1.552822748001383,-11.966996770000002,0.002,0.024,0.009000000000000001,0.708,0.004,0.0,0.749
104,7,1.552822748001383,-11.854303770000001,0.0,0.019,0.013000000000000001,0.722,0.002,0.0,0.757
104,8,1.552822748001383,-7.32050577,0.54,0.0,0.001,0.004,0.12,0.01,0.673
104,9,1.552822748001383,-3.9295577699999997,0.0,0.152,0.008,0.016,0.316,0.004,0.498
104,10,1.552822748001383,-3.8563317699999997,0.001,0.148,0.009000000000000001,0.034,0.308,0.004,0.504
104,11,1.552822748001383,-3.4034657699999995,0.0,0.176,0.001,0.006,0.34199999999999997,0.006,0.532
104,12,1.552822748001383,-1.23327777,0.001,0.009000000000000001,0.026000000000000002,0.004,0.508,0.0,0.551
104,13,1.552822748001383,-1.05479477,0.0,0.008,0.029000000000000005,0.004,0.522,0.0,0.565
104,14,1.552822748001383,1.47038923,0.235,0.0,0.006,0.0,0.39,0.012,0.644
104,15,1.552822748001383,4.801259229999999,0.0,0.238,0.004,0.028,0.168,0.048,0.484
104,16,1.552822748001383,4.99703223,0.0,0.217,0.003,0.032,0.20600000000000002,0.044,0.502
104,17,1.552822748001383,6.18828023,0.0,0.369,0.0,0.002,0.202,0.058,0.629
104,18,1.552822748001383,7.67061723,0.013,0.004,0.053,0.0,0.084,0.094,0.25
104,19,1.552822748001383,8.17340923,0.0,0.037,0.058,0.0,0.077,0.097,0.268
104,20,1.552822748001383,8.397158229999999,0.001,0.003,0.023,0.004,0.094,0.063,0.189
105,1,1.5750267315062703,-21.46300577,0.0,0.0,0.9830000000000001,0.004,0.0,0.0,0.988
105,2,1.5750267315062703,-21.44999477,0.0,0.0,0.985,0.002,0.0,0.0,0.989
105,3,1.5750267315062703,-21.40612877,0.0,0.0,0.9909999999999999,0.0,0.0,0.0,0.991
105,4,1.5750267315062703,-21.399491769999997,0.0,0.0,0.99,0.0,0.0,0.0,0.991
105,5,1.5750267315062703,-21.38179277,0.0,0.0,0.992,0.0,0.0,0.0,0.992
105,6,1.5750267315062703,-11.99487177,0.004,0.025,0.009000000000000001,0.704,0.004,0.0,0.747
105,7,1.5750267315062703,-11.84144177,0.0,0.017,0.014,0.724,0.002,0.0,0.758
105,8,1.5750267315062703,-7.30952977,0.537,0.0,0.001,0.006,0.12,0.01,0.674
105,9,1.5750267315062703,-3.9621547699999997,0.0,0.15400000000000003,0.009000000000000001,0.012,0.316,0.004,0.497
105,10,1.5750267315062703,-3.84029677,0.001,0.149,0.008,0.036,0.308,0.004,0.506
105,11,1.5750267315062703,-3.3424527699999995,0.0,0.174,0.003,0.008,0.34199999999999997,0.006,0.533
105,12,1.5750267315062703,-1.2658987699999997,0.001,0.009000000000000001,0.026000000000000002,0.004,0.506,0.0,0.548
105,13,1.5750267315062703,-1.02417077,0.0,0.007,0.029000000000000005,0.004,0.526,0.0,0.567
105,14,1.5750267315062703,1.47435223,0.234,0.0,0.006,0.0,0.394,0.012,0.646
105,15,1.5750267315062703,4.76089623,0.0,0.242,0.004,0.028,0.162,0.046,0.48
105,16,1.5750267315062703,5.02837223,0.0,0.216,0.003,0.034,0.212,0.044,0.505
105,17,1.5750267315062703,6.16453023,0.0,0.368,0.0,0.002,0.20600000000000002,0.056,0.631
105,18,1.5750267315062703,7.61155123,0.012,0.005,0.057,0.0,0.08,0.096,0.25
105,19,1.5750267315062703,8.06660223,0.0,0.047,0.07,0.0,0.07,0.101,0.288
105,20,1.5750267315062703,8.31329323,0.001,0.002,0.028000000000000004,0.006,0.07300000000000001,0.055,0.166
106,1,1.597230388616386,-21.464362769999997,0.0,0.0,0.9830000000000001,0.004,0.0,0.0,0.988
106,2,1.597230388616386,-21.44846077,0.0,0.0,0.985,0.002,0.0,0.0,0.989
106,3,1.597230388616386,-21.406950769999998,0.0,0.0,0.9909999999999999,0.0,0.0,0.0,0.991
106,4,1.597230388616386,-21.39903377,0.0,0.0,0.991,0.0,0.0,0.0,0.991
106,5,1.597230388616386,-21.38160977,0.0,0.0,0.993,0.0,0.0,0.0,0.992
106,6,1.597230388616386,-12.025754769999999,0.006,0.025,0.009000000000000001,0.7,0.004,0.0,0.745
106,7,1.597230388616386,-11.830249769999998,0.0,0.017,0.014,0.724,0.002,0.0,0.758
106,8,1.597230388616386,-7.294786769999999,0.534,0.0,0.001,0.01,0.122,0.01,0.675
106,9,1.597230388616386,-3.9933657699999996,0.0,0.156,0.008,0.01,0.316,0.004,0.496
106,10,1.597230388616386,-3.8194877700000003,0.001,0.151,0.008,0.036,0.306,0.004,0.508
106,11,1.597230388616386,-3.2751667700000002,0.0,0.17,0.004,0.01,0.346,0.006,0.535
106,12,1.597230388616386,-1.2989217699999998,0.002,0.009000000000000001,0.027000000000000003,0.004,0.502,0.0,0.545
106,13,1.597230388616386,-0.9936477699999999,0.0,0.007,0.029000000000000005,0.004,0.53,0.0,0.569
106,14,1.597230388616386,1.48009323,0.234,0.0,0.007,0.0,0.394,0.01,0.648
106,15,1.597230388616386,4.71927623,0.0,0.245,0.003,0.026,0.154,0.048,0.476
106,16,1.597230388616386,5.058912230000001,0.0,0.213,0.003,0.036,0.216,0.039999999999999994,0.509
106,17,1.597230388616386,6.13612223,0.0,0.366,0.0,0.002,0.20600000000000002,0.05600000000000001,0.632
106,18,1.597230388616386,7.55048623,0.011,0.007,0.06,0.0,0.075,0.096,0.249
106,19,1.597230388616386,7.96100223,0.0,0.054,0.073,0.0,0.062,0.102,0.292
106,20,1.597230388616386,8.23872923,0.001,0.001,0.028,0.006,0.065,0.049999999999999996,0.149
107,1,1.6194340457265022,-21.46561277,0.0,0.0,0.9830000000000001,0.004,0.0,0.0,0.988
107,2,1.6194340457265022,-21.44698177,0.0,0.0,0.985,0.002,0.0,0.0,0.989
107,3,1.6194340457265022,-21.407734769999998,0.0,0.0,0.9909999999999999,0.0,0.0,0.0,0.991
107,4,1.6194340457265022,-21.39869177,0.0,0.0,0.9920000000000001,0.0,0.0,0.0,0.991
107,5,1.6194340457265022,-21.38140377,0.0,0.0,0.9920000000000001,0.0,0.0,0.0,0.992
107,6,1.6194340457265022,-12.059592769999998,0.008,0.025,0.009000000000000001,0.694,0.004,0.0,0.742
107,7,1.6194340457265022,-11.82086177,0.0,0.016,0.014,0.726,0.002,0.0,0.759
107,8,1.6194340457265022,-7.276099769999999,0.531,0.0,0.001,0.014,0.12000000000000001,0.01,0.676
107,9,1.6194340457265022,-4.02104277,0.0,0.158,0.008,0.008,0.318,0.002,0.495
107,10,1.6194340457265022,-3.79439377,0.002,0.152,0.008,0.038,0.306,0.004,0.51
107,11,1.6194340457265022,-3.20354677,0.0,0.169,0.005,0.01,0.348,0.006,0.537
107,12,1.6194340457265022,-1.3317597700000001,0.003,0.008,0.027000000000000003,0.002,0.5,0.0,0.542
107,13,1.6194340457265022,-0.96363377,0.0,0.005,0.029000000000000005,0.004,0.53,0.0,0.571
107,14,1.6194340457265022,1.4876902300000001,0.234,0.0,0.007,0.0,0.396,0.01,0.65
107,15,1.6194340457265022,4.67737023,0.0,0.248,0.003,0.026,0.14600000000000002,0.048,0.472
107,16,1.6194340457265022,5.08793923,0.0,0.212,0.003,0.036,0.222,0.039999999999999994,0.512
107,17,1.6194340457265022,6.1035742299999995,0.0,0.364,0.0,0.004,0.21000000000000002,0.054000000000000006,0.633
107,18,1.6194340457265022,7.48955023,0.011,0.007,0.061,0.002,0.07,0.096,0.246
107,19,1.6194340457265022,7.85051423,0.0,0.06,0.076,0.0,0.055999999999999994,0.09999999999999999,0.295
107,20,1.6194340457265022,8.15514023,0.001,0.001,0.026,0.006,0.054000000000000006,0.044,0.136
108,1,1.6416377028366183,-21.466740769999998,0.0,0.0,0.984,0.004,0.0,0.0,0.988
108,2,1.6416377028366183,-21.445565769999998,0.0,0.0,0.987,0.002,0.0,0.0,0.989
108,3,1.6416377028366183,-21.40846877,0.0,0.0,0.99,0.0,0.0,0.0,0.991
108,4,1.6416377028366183,-21.39846477,0.0,0.0,0.99,0.0,0.0,0.0,0.991
108,5,1.6416377028366183,-21.381195769999998,0.0,0.0,0.9920000000000001,0.0,0.0,0.0,0.992
108,6,1.6416377028366183,-12.09629477,0.011,0.027,0.007,0.69,0.006,0.0,0.74
108,7,1.6416377028366183,-11.813397770000002,0.0,0.014,0.014,0.726,0.002,0.0,0.76
108,8,1.6416377028366183,-7.25335277,0.527,0.0,0.001,0.02,0.12000000000000001,0.01,0.677
108,9,1.6416377028366183,-4.04387377,0.0,0.15899999999999997,0.007,0.006,0.318,0.002,0.494
108,10,1.6416377028366183,-3.7655157700000004,0.002,0.153,0.008,0.038,0.306,0.004,0.512
108,11,1.6416377028366183,-3.1287497699999998,0.0,0.168,0.005,0.012,0.35,0.006,0.539
108,12,1.6416377028366183,-1.3637767699999999,0.004,0.008,0.027000000000000003,0.002,0.496,0.0,0.54
108,13,1.6416377028366183,-0.9345227700000001,0.0,0.005,0.029000000000000005,0.004,0.534,0.0,0.573
108,14,1.6416377028366183,1.49713823,0.233,0.0,0.006,0.0,0.398,0.01,0.652
108,15,1.6416377028366183,4.63610623,0.0,0.252,0.003,0.026,0.138,0.048,0.467
108,16,1.6416377028366183,5.11473023,0.0,0.212,0.001,0.038,0.22599999999999998,0.038,0.516
108,17,1.6416377028366183,6.06729423,0.0,0.363,0.0,0.004,0.21200000000000002,0.054000000000000006,0.634
108,18,1.6416377028366183,7.43019623,0.01,0.007,0.063,0.002,0.066,0.094,0.243
108,19,1.6416377028366183,7.73758223,0.0,0.064,0.079,0.002,0.05,0.102,0.295
108,20,1.6416377028366183,8.06673623,0.001,0.003,0.026,0.006,0.048,0.044,0.127
109,1,1.663841359946734,-21.46774477,0.0,0.0,0.982,0.004,0.0,0.0,0.988
109,2,1.663841359946734,-21.444210769999998,0.0,0.0,0.986,0.002,0.0,0.0,0.989
109,3,1.663841359946734,-21.409155769999998,0.0,0.0,0.9909999999999999,0.0,0.0,0.0,0.99
109,4,1.663841359946734,-21.39833677,0.0,0.0,0.99,0.0,0.0,0.0,0.991
109,5,1.663841359946734,-21.38099677,0.0,0.0,0.992,0.0,0.0,0.0,0.992
109,6,1.663841359946734,-12.13573477,0.015,0.027,0.007,0.684,0.006,0.0,0.737
109,7,1.663841359946734,-11.807957770000002,0.0,0.015,0.014,0.728,0.002,0.0,0.76
109,8,1.663841359946734,-7.22649677,0.523,0.0,0.0,0.026,0.12200000000000001,0.01,0.678
109,9,1.663841359946734,-4.06100477,0.0,0.15999999999999998,0.007,0.004,0.318,0.002,0.493
109,10,1.663841359946734,-3.7333687700000002,0.003,0.155,0.009000000000000001,0.04,0.306,0.004,0.514
109,11,1.663841359946734,-3.05152377,0.0,0.166,0.005,0.012,0.354,0.006,0.542
109,12,1.663841359946734,-1.3943017699999998,0.005,0.007,0.026000000000000002,0.002,0.496,0.0,0.537
109,13,1.663841359946734,-0.90667477,0.0,0.004,0.030000000000000002,0.004,0.536,0.0,0.575
109,14,1.663841359946734,1.50836623,0.233,0.001,0.006,0.0,0.404,0.01,0.655
109,15,1.663841359946734,4.59633623,0.0,0.255,0.003,0.026,0.132,0.052000000000000005,0.464
109,16,1.663841359946734,5.13855223,0.0,0.211,0.001,0.04,0.22999999999999998,0.038,0.519
109,17,1.663841359946734,6.02763223,0.0,0.361,0.0,0.006,0.214,0.054000000000000006,0.634
109,18,1.663841359946734,7.37329023,0.009,0.007,0.064,0.002,0.064,0.094,0.239
109,19,1.663841359946734,7.62386223,0.0,0.068,0.07999999999999999,0.002,0.046,0.098,0.294
109,20,1.663841359946734,7.97653023,0.001,0.004,0.027,0.006,0.041999999999999996,0.044,0.121
110,1,1.6860453434516214,-21.468620769999998,0.0,0.0,0.982,0.004,0.0,0.0,0.987
110,2,1.6860453434516214,-21.44292077,0.0,0.0,0.986,0.002,0.0,0.0,0.989
110,3,1.6860453434516214,-21.409791769999998,0.0,0.0,0.9909999999999999,0.0,0.0,0.0,0.99
110,4,1.6860453434516214,-21.39830077,0.0,0.0,0.992,0.0,0.0,0.0,0.991
110,5,1.6860453434516214,-21.38082377,0.0,0.0,0.991,0.0,0.0,0.0,0.992
110,6,1.6860453434516214,-12.177755770000001,0.018,0.027,0.007,0.676,0.006,0.0,0.734
110,7,1.6860453434516214,-11.804626769999999,0.0,0.013999999999999999,0.014,0.728,0.002,0.0,0.76
110,8,1.6860453434516214,-7.195546769999999,0.518,0.0,0.001,0.032,0.12000000000000001,0.01,0.68
110,9,1.6860453434516214,-4.07185977,0.0,0.159,0.006,0.002,0.32,0.002,0.492
110,10,1.6860453434516214,-3.69847077,0.003,0.156,0.006,0.04,0.308,0.002,0.517
110,11,1.6860453434516214,-2.9723957700000003,0.0,0.164,0.005,0.012,0.358,0.006,0.544
110,12,1.6860453434516214,-1.42264377,0.006,0.005,0.028000000000000004,0.002,0.492,0.0,0.534
110,13,1.6860453434516214,-0.8804377699999999,0.0,0.003,0.030000000000000002,0.004,0.538,0.0,0.577
110,14,1.6860453434516214,1.5212502300000001,0.232,0.001,0.007,0.0,0.406,0.01,0.658
110,15,1.6860453434516214,4.5588222300000005,0.0,0.257,0.001,0.026,0.124,0.052000000000000005,0.46
110,16,1.6860453434516214,5.15867023,0.0,0.211,0.001,0.04,0.23399999999999999,0.034,0.522
110,17,1.6860453434516214,5.9849282299999995,0.0,0.358,0.0,0.006,0.214,0.052000000000000005,0.633
110,18,1.6860453434516214,7.31938323,0.008,0.007,0.063,0.002,0.06,0.094,0.234
110,19,1.6860453434516214,7.51074423,0.0,0.071,0.08,0.002,0.042,0.098,0.293
110,20,1.6860453434516214,7.88678823,0.001,0.005,0.028999999999999998,0.004,0.038,0.042,0.117
111,1,1.7082490005617372,-21.469367769999998,0.0,0.0,0.9830000000000001,0.004,0.0,0.0,0.987
111,2,1.7082490005617372,-21.44169277,0.0,0.0,0.985,0.002,0.0,0.0,0.989
111,3,1.7082490005617372,-21.41037777,0.0,0.0,0.99,0.0,0.0,0.0,0.99
111,4,1.7082490005617372,-21.39834077,0.0,0.0,0.993,0.0,0.0,0.0,0.991
111,5,1.7082490005617372,-21.38069677,0.0,0.0,0.991,0.0,0.0,0.0,0.992
111,6,1.7082490005617372,-12.22217277,0.022,0.027,0.006,0.67,0.006,0.0,0.732
111,7,1.7082490005617372,-11.80346377,0.0,0.014,0.016,0.728,0.002,0.0,0.76
111,8,1.7082490005617372,-7.160586769999999,0.514,0.0,0.001,0.038,0.12000000000000001,0.01,0.682
111,9,1.7082490005617372,-4.07603677,0.0,0.16,0.006,0.002,0.318,0.002,0.492
111,10,1.7082490005617372,-3.6613377700000003,0.003,0.157,0.006,0.04,0.306,0.002,0.519
111,11,1.7082490005617372,-2.8917687699999997,0.0,0.162,0.006,0.012,0.36,0.006,0.547
111,12,1.7082490005617372,-1.44810377,0.007,0.004,0.029000000000000005,0.002,0.492,0.0,0.532
111,13,1.7082490005617372,-0.85611477,0.0,0.003,0.030000000000000002,0.004,0.542,0.0,0.579
111,14,1.7082490005617372,1.53563223,0.232,0.001,0.007,0.0,0.40800000000000003,0.012,0.661
111,15,1.7082490005617372,4.52421223,0.0,0.261,0.001,0.024,0.12,0.05,0.458
111,16,1.7082490005617372,5.17436023,0.001,0.209,0.0,0.042,0.236,0.034,0.524
111,17,1.7082490005617372,5.93952523,0.0,0.356,0.0,0.008,0.216,0.054,0.632
111,18,1.7082490005617372,7.26876623,0.007,0.005,0.06300000000000001,0.002,0.06,0.09,0.227
111,19,1.7082490005617372,7.39935723,0.0,0.072,0.081,0.002,0.04,0.096,0.29
111,20,1.7082490005617372,7.7993412300000005,0.0,0.008,0.03,0.004,0.032,0.041999999999999996,0.116
112,1,1.730452657671853,-21.469985769999997,0.0,0.0,0.9830000000000001,0.004,0.0,0.0,0.987
112,2,1.730452657671853,-21.44054277,0.0,0.0,0.986,0.002,0.0,0.0,0.989
112,3,1.730452657671853,-21.410914769999998,0.0,0.0,0.9890000000000001,0.0,0.0,0.0,0.99
112,4,1.730452657671853,-21.39845377,0.0,0.0,0.991,0.0,0.0,0.0,0.991
112,5,1.730452657671853,-21.38062777,0.0,0.0,0.9920000000000001,0.0,0.0,0.0,0.992
112,6,1.730452657671853,-12.26877877,0.027,0.027,0.006,0.664,0.006,0.0,0.729
112,7,1.730452657671853,-11.80450777,0.0,0.013000000000000001,0.016,0.728,0.002,0.0,0.76
112,8,1.730452657671853,-7.1217587700000005,0.508,0.001,0.001,0.046,0.11800000000000002,0.008,0.684
112,9,1.730452657671853,-4.07324877,0.0,0.161,0.006,0.0,0.32,0.002,0.492
112,10,1.730452657671853,-3.6224697700000004,0.004,0.159,0.006,0.04,0.308,0.004,0.521
112,11,1.730452657671853,-2.8099887700000004,0.0,0.16,0.006,0.012,0.364,0.006,0.55
112,12,1.730452657671853,-1.4699867699999998,0.007,0.004,0.029000000000000005,0.0,0.488,0.0,0.529
112,13,1.730452657671853,-0.8339977699999999,0.0,0.002,0.030000000000000002,0.002,0.544,0.0,0.58
112,14,1.730452657671853,1.55133023,0.231,0.001,0.006,0.0,0.41400000000000003,0.012,0.664
112,15,1.730452657671853,4.49303123,0.0,0.264,0.001,0.024,0.112,0.05,0.455
112,16,1.730452657671853,5.1849272299999996,0.001,0.209,0.0,0.044,0.238,0.032,0.526
112,17,1.730452657671853,5.89177923,0.0,0.353,0.0,0.008,0.214,0.054,0.63
112,18,1.730452657671853,7.22149223,0.007,0.004,0.06000000000000001,0.002,0.057999999999999996,0.088,0.22
112,19,1.730452657671853,7.29060223,0.0,0.073,0.081,0.002,0.036000000000000004,0.096,0.287
112,20,1.730452657671853,7.71550323,0.0,0.011,0.034,0.002,0.028,0.044,0.118
113,1,1.752656314781969,-21.47046477,0.0,0.0,0.9830000000000001,0.004,0.0,0.0,0.987
113,2,1.752656314781969,-21.43946477,0.0,0.0,0.987,0.002,0.0,0.0,0.989
113,3,1.752656314781969,-21.41139277,0.0,0.0,0.99,0.0,0.0,0.0,0.99
113,4,1.752656314781969,-21.39861877,0.0,0.0,0.991,0.0,0.0,0.0,0.991
113,5,1.752656314781969,-21.38063677,0.0,0.0,0.9920000000000001,0.0,0.0,0.0,0.992
113,6,1.752656314781969,-12.31734677,0.031,0.027,0.006,0.656,0.008,0.0,0.726
113,7,1.752656314781969,-11.80777377,0.0,0.013000000000000001,0.016,0.728,0.002,0.0,0.759
113,8,1.752656314781969,-7.07926577,0.503,0.001,0.001,0.054,0.12000000000000002,0.008,0.686
113,9,1.752656314781969,-4.06329677,0.0,0.16,0.008,0.0,0.32,0.002,0.492
113,10,1.752656314781969,-3.58233977,0.004,0.16,0.006,0.038,0.308,0.004,0.523
113,11,1.752656314781969,-2.72734877,0.0,0.159,0.006,0.014,0.368,0.006,0.553
113,12,1.752656314781969,-1.48761477,0.008,0.003,0.029000000000000005,0.0,0.486,0.0,0.528
113,13,1.752656314781969,-0.8143147699999997,0.0,0.002,0.030000000000000002,0.002,0.546,0.0,0.581
113,14,1.752656314781969,1.56816423,0.231,0.003,0.006,0.0,0.41600000000000004,0.012,0.667
113,15,1.752656314781969,4.46567223,0.0,0.268,0.001,0.024,0.10800000000000001,0.052000000000000005,0.454
113,16,1.752656314781969,5.189732230000001,0.001,0.208,0.0,0.046,0.238,0.034,0.527
113,17,1.752656314781969,5.84206523,0.0,0.35000000000000003,0.0,0.01,0.216,0.049999999999999996,0.627
113,18,1.752656314781969,7.17736023,0.006,0.003,0.06,0.004,0.058,0.082,0.211
113,19,1.752656314781969,7.1852262300000005,0.0,0.073,0.08,0.002,0.036000000000000004,0.096,0.283
113,20,1.752656314781969,7.63639223,0.0,0.013000000000000001,0.038000000000000006,0.002,0.024,0.046,0.123
114,1,1.7748599718920848,-21.47080277,0.0,0.0,0.982,0.004,0.0,0.0,0.987
114,2,1.7748599718920848,-21.438459769999998,0.0,0.0,0.987,0.002,0.0,0.0,0.99
114,3,1.7748599718920848,-21.41180777,0.0,0.0,0.9910000000000001,0.0,0.0,0.0,0.99
114,4,1.7748599718920848,-21.39882777,0.0,0.0,0.991,0.0,0.0,0.0,0.991
114,5,1.7748599718920848,-21.38072477,0.0,0.0,0.9930000000000001,0.0,0.0,0.0,0.992
114,6,1.7748599718920848,-12.36763577,0.036,0.025,0.006,0.648,0.008,0.0,0.723
114,7,1.7748599718920848,-11.81325177,0.0,0.013000000000000001,0.016,0.728,0.002,0.0,0.759
114,8,1.7748599718920848,-7.033362769999999,0.498,0.001,0.001,0.062,0.12,0.008,0.688
114,9,1.7748599718920848,-4.04605077,0.0,0.159,0.007,0.0,0.32,0.004,0.493
114,10,1.7748599718920848,-3.5413787699999997,0.004,0.161,0.006,0.038,0.31,0.004,0.524
114,11,1.7748599718920848,-2.64412977,0.0,0.158,0.006,0.014,0.372,0.006,0.557
114,12,1.7748599718920848,-1.5003527700000001,0.009,0.001,0.029000000000000005,0.0,0.486,0.0,0.526
114,13,1.7748599718920848,-0.79726177,0.0,0.001,0.030000000000000002,0.002,0.546,0.0,0.582
114,14,1.7748599718920848,1.58595123,0.231,0.003,0.006,0.0,0.42,0.012,0.67
114,15,1.7748599718920848,4.442388230000001,0.0,0.272,0.001,0.024,0.10600000000000001,0.05,0.454
114,16,1.7748599718920848,5.188224229999999,0.001,0.208,0.0,0.048,0.238,0.032,0.527
114,17,1.7748599718920848,5.7907762300000005,0.0,0.34800000000000003,0.0,0.01,0.212,0.052,0.624
114,18,1.7748599718920848,7.08384923,0.0,0.074,0.08,0.001,0.032,0.092,0.279
114,19,1.7748599718920848,7.13585823,0.005,0.001,0.054,0.004,0.06,0.076,0.2
114,20,1.7748599718920848,7.56306823,0.0,0.016,0.040999999999999995,0.0,0.018000000000000002,0.052000000000000005,0.131
115,1,1.797063955396972,-21.47100277,0.0,0.0,0.983,0.004,0.0,0.0,0.987
115,2,1.797063955396972,-21.43753177,0.0,0.0,0.988,0.002,0.0,0.0,0.99
115,3,1.797063955396972,-21.412161769999997,0.0,0.0,0.989,0.0,0.0,0.0,0.99
115,4,1.797063955396972,-21.39906777,0.0,0.0,0.991,0.0,0.0,0.0,0.991
115,5,1.797063955396972,-21.38090477,0.0,0.0,0.9920000000000001,0.0,0.0,0.0,0.992
115,6,1.797063955396972,-12.41939877,0.04,0.025,0.004,0.642,0.008,0.0,0.72
115,7,1.797063955396972,-11.82090977,0.0,0.013000000000000001,0.016,0.728,0.002,0.0,0.758
115,8,1.797063955396972,-6.984356770000001,0.492,0.001,0.001,0.07,0.118,0.008,0.691
115,9,1.797063955396972,-4.02143877,0.0,0.159,0.007,0.0,0.322,0.004,0.494
115,10,1.797063955396972,-3.4999547699999995,0.004,0.163,0.005,0.036,0.312,0.004,0.526
115,11,1.797063955396972,-2.5606067699999997,0.0,0.156,0.006,0.014,0.376,0.006,0.56
115,12,1.797063955396972,-1.50763377,0.009,0.001,0.029000000000000005,0.0,0.484,0.0,0.525
115,13,1.797063955396972,-0.7829797699999999,0.0,0.001,0.030000000000000002,0.002,0.55,0.0,0.583
115,14,1.797063955396972,1.60451823,0.23,0.004,0.006,0.0,0.422,0.012,0.673
115,15,1.797063955396972,4.4232742300000005,0.0,0.275,0.0,0.026,0.10200000000000001,0.05,0.454
115,16,1.797063955396972,5.17996823,0.002,0.207,0.0,0.05,0.236,0.03,0.526
115,17,1.797063955396972,5.7383152299999995,0.0,0.34500000000000003,0.0,0.01,0.21200000000000002,0.05,0.619
115,18,1.797063955396972,6.98699323,0.0,0.073,0.078,0.0,0.032,0.09,0.275
115,19,1.797063955396972,7.09609723,0.004,0.0,0.048999999999999995,0.002,0.066,0.066,0.188
115,20,1.797063955396972,7.49665623,0.0,0.02,0.048999999999999995,0.0,0.014,0.057999999999999996,0.142
116,1,1.819267612507088,-21.47107177,0.0,0.0,0.982,0.004,0.0,0.0,0.987
116,2,1.819267612507088,-21.43668477,0.0,0.0,0.987,0.0,0.0,0.0,0.99
116,3,1.819267612507088,-21.41246077,0.0,0.0,0.991,0.0,0.0,0.0,0.99
116,4,1.819267612507088,-21.39933577,0.0,0.0,0.992,0.0,0.0,0.0,0.991
116,5,1.819267612507088,-21.381188769999998,0.0,0.0,0.9920000000000001,0.0,0.0,0.0,0.992
116,6,1.819267612507088,-12.472384770000001,0.045,0.024,0.002,0.634,0.008,0.0,0.717
116,7,1.819267612507088,-11.83069677,0.0,0.014000000000000002,0.016,0.726,0.002,0.0,0.757
116,8,1.819267612507088,-6.93260277,0.487,0.001,0.001,0.078,0.118,0.008,0.694
116,9,1.819267612507088,-3.98944177,0.0,0.157,0.008,0.0,0.322,0.006,0.495
116,10,1.819267612507088,-3.45835577,0.004,0.164,0.006,0.036,0.314,0.004,0.527
116,11,1.819267612507088,-2.47705177,0.0,0.155,0.006,0.014,0.382,0.006,0.563
116,12,1.819267612507088,-1.50897777,0.009,0.0,0.03,0.0,0.484,0.0,0.525
116,13,1.819267612507088,-0.7715647699999999,0.0,0.002,0.030000000000000002,0.002,0.55,0.0,0.584
116,14,1.819267612507088,1.62370523,0.23,0.004,0.006,0.0,0.422,0.01,0.676
116,15,1.819267612507088,4.40826723,0.0,0.279,0.0,0.026,0.1,0.052000000000000005,0.455
116,16,1.819267612507088,5.1646762299999995,0.002,0.205,0.0,0.054,0.234,0.028000000000000004,0.524
116,17,1.819267612507088,5.68511023,0.0,0.342,0.0,0.012,0.20800000000000002,0.05,0.614
116,18,1.819267612507088,6.89508323,0.0,0.075,0.076,0.0,0.028,0.09,0.271
116,19,1.819267612507088,7.05674223,0.003,0.0,0.041,0.002,0.06999999999999999,0.057999999999999996,0.174
116,20,1.819267612507088,7.43849423,0.0,0.023,0.056,0.0,0.011,0.065,0.156
117,1,1.841471269617204,-21.47100677,0.0,0.0,0.983,0.004,0.0,0.0,0.987
117,2,1.841471269617204,-21.43592177,0.0,0.0,0.988,0.0,0.0,0.0,0.99
117,3,1.841471269617204,-21.41269577,0.0,0.0,0.989,0.0,0.0,0.0,0.99
117,4,1.841471269617204,-21.39962077,0.0,0.0,0.991,0.0,0.0,0.0,0.991
117,5,1.841471269617204,-21.38157477,0.0,0.0,0.9909999999999999,0.0,0.0,0.0,0.992
117,6,1.841471269617204,-12.52633977,0.05,0.024,0.002,0.628,0.008,0.0,0.714
117,7,1.841471269617204,-11.84253177,0.0,0.013000000000000001,0.016,0.726,0.002,0.0,0.756
117,8,1.841471269617204,-6.878496770000001,0.481,0.001,0.001,0.088,0.12,0.008,0.696
117,9,1.841471269617204,-3.9500747699999996,0.0,0.157,0.008,0.0,0.326,0.006,0.496
117,10,1.841471269617204,-3.41675477,0.005,0.164,0.006,0.034,0.316,0.006,0.528
117,11,1.841471269617204,-2.39374077,0.0,0.154,0.006,0.014,0.386,0.006,0.567
117,12,1.841471269617204,-1.5040167699999998,0.009,0.0,0.03,0.0,0.484,0.0,0.525
117,13,1.841471269617204,-0.7630487700000002,0.0,0.002,0.030000000000000002,0.002,0.552,0.0,0.584
117,14,1.841471269617204,1.6433842300000001,0.23,0.005,0.006,0.0,0.424,0.008,0.678
117,15,1.841471269617204,4.39712923,0.0,0.284,0.0,0.026,0.098,0.052000000000000005,0.458
117,16,1.841471269617204,5.14223423,0.003,0.204,0.0,0.056,0.23,0.028000000000000004,0.521
117,17,1.841471269617204,5.63162423,0.0,0.339,0.001,0.012,0.20600000000000002,0.05,0.608
117,18,1.841471269617204,6.80845123,0.0,0.075,0.076,0.0,0.028,0.088,0.267
117,19,1.841471269617204,7.01607423,0.002,0.0,0.033,0.002,0.074,0.048,0.159
117,20,1.841471269617204,7.39006723,0.0,0.025,0.066,0.0,0.004,0.076,0.172
118,1,1.8636749267273198,-21.470808769999998,0.0,0.0,0.982,0.004,0.0,0.0,0.987
118,2,1.8636749267273198,-21.43523977,0.0,0.0,0.9880000000000001,0.0,0.0,0.0,0.99
118,3,1.8636749267273198,-21.412863769999998,0.0,0.0,0.991,0.0,0.0,0.0,0.99
118,4,1.8636749267273198,-21.39990977,0.0,0.0,0.99,0.0,0.0,0.0,0.991
118,5,1.8636749267273198,-21.38206177,0.0,0.0,0.99,0.0,0.0,0.0,0.992
118,6,1.8636749267273198,-12.58101177,0.055,0.023,0.002,0.62,0.008,0.0,0.711
118,7,1.8636749267273198,-11.856318770000001,0.0,0.013999999999999999,0.014,0.724,0.002,0.0,0.755
118,8,1.8636749267273198,-6.82247277,0.475,0.001,0.001,0.096,0.11800000000000001,0.008,0.699
118,9,1.8636749267273198,-3.90339977,0.0,0.155,0.009000000000000001,0.002,0.326,0.006,0.497
118,10,1.8636749267273198,-3.3752027699999996,0.005,0.164,0.005,0.032,0.318,0.006,0.529
118,11,1.8636749267273198,-2.3109537700000002,0.0,0.152,0.006,0.014,0.39,0.006,0.57
118,12,1.8636749267273198,-1.49250777,0.009,0.0,0.03,0.0,0.484,0.0,0.525
118,13,1.8636749267273198,-0.7573977699999999,0.0,0.002,0.030000000000000002,0.002,0.55,0.0,0.584
118,14,1.8636749267273198,1.66344323,0.23,0.007,0.006,0.0,0.426,0.008,0.681
118,15,1.8636749267273198,4.38944123,0.0,0.288,0.0,0.026,0.094,0.048,0.461
118,16,1.8636749267273198,5.11270823,0.003,0.20299999999999999,0.0,0.058,0.226,0.024,0.517
118,17,1.8636749267273198,5.5783602299999995,0.0,0.334,0.001,0.012,0.202,0.05,0.601
118,18,1.8636749267273198,6.7273162300000005,0.0,0.075,0.073,0.0,0.026000000000000002,0.088,0.263
118,19,1.8636749267273198,6.97230023,0.001,0.003,0.022000000000000002,0.002,0.078,0.039999999999999994,0.144
118,20,1.8636749267273198,7.35314923,0.001,0.024,0.07500000000000001,0.0,0.004,0.083,0.189
119,1,1.885878583837436,-21.47048877,0.0,0.0,0.983,0.004,0.0,0.0,0.987
119,2,1.885878583837436,-21.434647769999998,0.0,0.0,0.9870000000000001,0.0,0.0,0.0,0.99
119,3,1.885878583837436,-21.41297377,0.0,0.0,0.991,0.0,0.0,0.0,0.99
119,4,1.885878583837436,-21.400207769999998,0.0,0.0,0.99,0.0,0.0,0.0,0.991
119,5,1.885878583837436,-21.382660769999998,0.0,0.0,0.9910000000000001,0.0,0.0,0.0,0.992
119,6,1.885878583837436,-12.63615777,0.06,0.023,0.002,0.614,0.008,0.0,0.708
119,7,1.885878583837436,-11.871946770000001,0.0,0.013999999999999999,0.014,0.722,0.002,0.0,0.754
119,8,1.885878583837436,-6.76499777,0.47,0.001,0.001,0.104,0.116,0.008,0.701
119,9,1.885878583837436,-3.84951477,0.0,0.155,0.009000000000000001,0.002,0.33,0.006,0.499
119,10,1.885878583837436,-3.33361877,0.005,0.164,0.005,0.028,0.32,0.006,0.529
119,11,1.885878583837436,-2.22898777,0.0,0.15,0.006,0.014,0.396,0.006,0.574
119,12,1.885878583837436,-1.4743687699999999,0.009,0.0,0.03,0.0,0.484,0.0,0.527
119,13,1.885878583837436,-0.7545277700000002,0.0,0.003,0.028000000000000004,0.002,0.55,0.0,0.584
119,14,1.885878583837436,1.68378923,0.23,0.007,0.006,0.0,0.428,0.01,0.683
119,15,1.885878583837436,4.38458523,0.0,0.293,0.001,0.028,0.096,0.048,0.466
119,16,1.885878583837436,5.07633523,0.004,0.201,0.001,0.06,0.224,0.024,0.512
119,17,1.885878583837436,5.52587723,0.0,0.328,0.001,0.012,0.2,0.052000000000000005,0.593
119,18,1.885878583837436,6.65176223,0.0,0.078,0.07100000000000001,0.0,0.024,0.086,0.259
119,19,1.885878583837436,6.92401223,0.001,0.007,0.015,0.0,0.08,0.03,0.132
119,20,1.885878583837436,7.32918123,0.001,0.023,0.083,0.001,0.005,0.091,0.205
120,1,1.9080825673423232,-21.47004577,0.0,0.0,0.983,0.004,0.0,0.0,0.987
120,2,1.9080825673423232,-21.434139769999998,0.0,0.0,0.988,0.0,0.0,0.0,0.99
120,3,1.9080825673423232,-21.41301777,0.0,0.0,0.989,0.0,0.0,0.0,0.99
120,4,1.9080825673423232,-21.40049577,0.0,0.0,0.992,0.0,0.0,0.0,0.991
120,5,1.9080825673423232,-21.38335277,0.0,0.0,0.9920000000000002,0.0,0.0,0.0,0.992
120,6,1.9080825673423232,-12.691536769999999,0.064,0.021,0.002,0.606,0.008,0.0,0.705
120,7,1.9080825673423232,-11.889282770000001,0.0,0.015,0.014,0.722,0.002,0.0,0.752
120,8,1.9080825673423232,-6.706562770000001,0.464,0.001,0.001,0.114,0.118,0.008,0.704
120,9,1.9080825673423232,-3.78853577,0.0,0.15300000000000002,0.011,0.004,0.33,0.006,0.501
120,10,1.9080825673423232,-3.2917657699999996,0.005,0.163,0.006,0.026,0.324,0.006,0.53
120,11,1.9080825673423232,-2.14814577,0.0,0.149,0.006,0.014,0.4,0.006,0.577
120,12,1.9080825673423232,-1.44967077,0.009,0.001,0.031,0.0,0.484,0.0,0.529
120,13,1.9080825673423232,-0.75427577,0.0,0.004,0.028000000000000004,0.0,0.55,0.0,0.583
120,14,1.9080825673423232,1.70437123,0.23,0.008,0.005,0.002,0.43,0.01,0.685
120,15,1.9080825673423232,4.38174623,0.0,0.299,0.001,0.028,0.096,0.048,0.471
120,16,1.9080825673423232,5.03351023,0.004,0.2,0.001,0.062,0.218,0.022000000000000002,0.506
120,17,1.9080825673423232,5.474808230000001,0.0,0.322,0.001,0.012,0.196,0.05,0.584
120,18,1.9080825673423232,6.58172123,0.0,0.08,0.069,0.0,0.024,0.08199999999999999,0.255
120,19,1.9080825673423232,6.87065123,0.0,0.011,0.009000000000000001,0.0,0.08,0.022,0.123
120,20,1.9080825673423232,7.31806323,0.001,0.021,0.088,0.001,0.009000000000000001,0.094,0.215
121,1,1.9302862244524392,-21.46949377,0.0,0.0,0.9840000000000001,0.004,0.0,0.0,0.987
121,2,1.9302862244524392,-21.43372877,0.0,0.0,0.988,0.0,0.0,0.0,0.99
121,3,1.9302862244524392,-21.41300477,0.0,0.0,0.99,0.0,0.0,0.0,0.99
121,4,1.9302862244524392,-21.40078277,0.0,0.0,0.9899999999999999,0.0,0.0,0.0,0.991
121,5,1.9302862244524392,-21.38414977,0.0,0.0,0.9920000000000002,0.0,0.0,0.0,0.992
121,6,1.9302862244524392,-12.746922770000001,0.069,0.02,0.002,0.6,0.008,0.0,0.702
121,7,1.9302862244524392,-11.90818377,0.0,0.016,0.013000000000000001,0.72,0.002,0.0,0.751
121,8,1.9302862244524392,-6.64768577,0.458,0.001,0.001,0.122,0.12,0.006,0.706
121,9,1.9302862244524392,-3.72062177,0.0,0.15200000000000002,0.011,0.004,0.334,0.006,0.504
121,10,1.9302862244524392,-3.24927877,0.006,0.163,0.006,0.024,0.326,0.006,0.53
121,11,1.9302862244524392,-2.0687647699999996,0.0,0.148,0.006,0.014,0.406,0.006,0.58
121,12,1.9302862244524392,-1.4186537700000001,0.008,0.001,0.031,0.002,0.486,0.0,0.531
121,13,1.9302862244524392,-0.7564347699999998,0.0,0.006,0.028000000000000004,0.0,0.548,0.0,0.583
121,14,1.9302862244524392,1.72513923,0.231,0.009000000000000001,0.007,0.002,0.43,0.01,0.687
121,15,1.9302862244524392,4.379907230000001,0.0,0.305,0.001,0.03,0.096,0.046,0.478
121,16,1.9302862244524392,4.9847512300000005,0.005,0.199,0.001,0.062,0.208,0.022000000000000002,0.5
121,17,1.9302862244524392,5.42585023,0.0,0.314,0.003,0.012,0.194,0.052000000000000005,0.574
121,18,1.9302862244524392,6.51691323,0.0,0.08399999999999999,0.066,0.0,0.022,0.078,0.252
121,19,1.9302862244524392,6.81244923,0.0,0.015,0.005,0.0,0.08,0.016,0.116
121,20,1.9302862244524392,7.29301723,0.0,0.009000000000000001,0.030999999999999996,0.004,0.089,0.029,0.158
122,1,1.952489881562555,-21.46884077,0.0,0.0,0.9840000000000001,0.004,0.0,0.0,0.988
122,2,1.952489881562555,-21.43341277,0.0,0.0,0.988,0.0,0.0,0.0,0.99
122,3,1.952489881562555,-21.41293477,0.0,0.0,0.9890000000000001,0.0,0.0,0.0,0.99
122,4,1.952489881562555,-21.40105977,0.0,0.0,0.9909999999999999,0.0,0.0,0.0,0.991
122,5,1.952489881562555,-21.38503477,0.0,0.0,0.9920000000000002,0.0,0.0,0.0,0.992
122,6,1.952489881562555,-12.802096769999999,0.074,0.02,0.002,0.594,0.008,0.0,0.7
122,7,1.952489881562555,-11.92849377,0.0,0.016,0.013000000000000001,0.718,0.002,0.0,0.749
122,8,1.952489881562555,-6.58889277,0.453,0.001,0.001,0.13,0.118,0.006,0.708
122,9,1.952489881562555,-3.64595077,0.0,0.14900000000000002,0.011,0.006,0.334,0.006,0.506
122,10,1.952489881562555,-3.2056587700000003,0.006,0.161,0.006,0.02,0.328,0.006,0.53
122,11,1.952489881562555,-1.9911907700000002,0.0,0.146,0.006,0.014,0.414,0.006,0.583
122,12,1.952489881562555,-1.3816957699999999,0.008,0.003,0.031,0.002,0.488,0.0,0.534
122,13,1.952489881562555,-0.76071877,0.0,0.007,0.028000000000000004,0.0,0.548,0.0,0.582
122,14,1.952489881562555,1.74606823,0.231,0.011,0.007,0.002,0.43,0.012,0.689
122,15,1.952489881562555,4.37786823,0.0,0.312,0.001,0.032,0.096,0.046,0.486
122,16,1.952489881562555,4.93067223,0.005,0.199,0.003,0.064,0.19999999999999998,0.022000000000000002,0.494
122,17,1.952489881562555,5.37976223,0.0,0.306,0.003,0.012,0.192,0.052000000000000005,0.564
122,18,1.952489881562555,6.45682123,0.0,0.088,0.063,0.0,0.022,0.076,0.248
122,19,1.952489881562555,6.75011723,0.0,0.02,0.002,0.0,0.07800000000000001,0.012,0.113
122,20,1.952489881562555,7.20959923,0.0,0.007,0.031000000000000003,0.004,0.089,0.028000000000000004,0.16
123,1,1.9746935386726712,-21.46807977,0.0,0.0,0.984,0.002,0.0,0.0,0.988
123,2,1.9746935386726712,-21.433185769999998,0.0,0.0,0.988,0.0,0.0,0.0,0.99
123,3,1.9746935386726712,-21.41279277,0.0,0.0,0.99,0.0,0.0,0.0,0.99
123,4,1.9746935386726712,-21.401313769999998,0.0,0.0,0.991,0.0,0.0,0.0,0.991
123,5,1.9746935386726712,-21.38599777,0.0,0.0,0.9920000000000002,0.0,0.0,0.0,0.992
123,6,1.9746935386726712,-12.856847770000002,0.078,0.019,0.002,0.588,0.01,0.0,0.697
123,7,1.9746935386726712,-11.95004677,0.0,0.017,0.012,0.716,0.002,0.0,0.748
123,8,1.9746935386726712,-6.5307087699999995,0.447,0.001,0.001,0.138,0.118,0.006,0.71
123,9,1.9746935386726712,-3.5647167699999995,0.0,0.14800000000000002,0.012,0.006,0.33799999999999997,0.006,0.509
123,10,1.9746935386726712,-3.16031277,0.007,0.159,0.006,0.018,0.33399999999999996,0.006,0.53
123,11,1.9746935386726712,-1.9157887699999998,0.0,0.143,0.005,0.014,0.41800000000000004,0.006,0.586
123,12,1.9746935386726712,-1.33930777,0.007,0.004,0.031,0.002,0.49,0.0,0.538
123,13,1.9746935386726712,-0.76677477,0.0,0.008,0.026000000000000002,0.0,0.546,0.0,0.582
123,14,1.9746935386726712,1.7671452300000001,0.231,0.012,0.007,0.002,0.43000000000000005,0.012,0.691
123,15,1.9746935386726712,4.37429723,0.0,0.32,0.0,0.034,0.098,0.044000000000000004,0.495
123,16,1.9746935386726712,4.87194523,0.005,0.197,0.003,0.066,0.194,0.018000000000000002,0.488
123,17,1.9746935386726712,5.3373132299999995,0.0,0.297,0.003,0.012,0.188,0.05,0.552
123,18,1.9746935386726712,6.40064423,0.0,0.092,0.056999999999999995,0.0,0.022,0.07200000000000001,0.245
123,19,1.9746935386726712,6.68449923,0.0,0.023,0.0,0.0,0.07600000000000001,0.012,0.111
123,20,1.9746935386726712,7.13048923,0.0,0.004,0.034,0.004,0.091,0.032,0.164
124,1,1.9968975221775584,-21.46723377,0.0,0.0,0.984,0.002,0.0,0.0,0.988
124,2,1.9968975221775584,-21.43305577,0.0,0.0,0.988,0.0,0.0,0.0,0.99
124,3,1.9968975221775584,-21.41259677,0.0,0.0,0.9890000000000001,0.0,0.0,0.0,0.99
124,4,1.9968975221775584,-21.40155477,0.0,0.0,0.9889999999999999,0.0,0.0,0.0,0.991
124,5,1.9968975221775584,-21.387029769999998,0.0,0.0,0.992,0.0,0.0,0.0,0.992
124,6,1.9968975221775584,-12.910984769999999,0.083,0.017,0.001,0.582,0.01,0.0,0.695
124,7,1.9968975221775584,-11.972671770000002,0.0,0.018000000000000002,0.012,0.714,0.002,0.0,0.746
124,8,1.9968975221775584,-6.47365977,0.441,0.001,0.001,0.146,0.118,0.006,0.712
124,9,1.9968975221775584,-3.4771427700000004,0.0,0.14600000000000002,0.012,0.008,0.33799999999999997,0.006,0.512
124,10,1.9968975221775584,-3.1125887700000003,0.008,0.157,0.007,0.014,0.33799999999999997,0.006,0.53
124,11,1.9968975221775584,-1.8429807699999996,0.0,0.142,0.005,0.014,0.42200000000000004,0.006,0.589
124,12,1.9968975221775584,-1.29212077,0.006,0.005,0.033,0.002,0.494,0.0,0.542
124,13,1.9968975221775584,-0.77420577,0.0,0.01,0.026000000000000002,0.0,0.5439999999999999,0.0,0.581
124,14,1.9968975221775584,1.7883432300000002,0.231,0.012,0.007,0.002,0.42800000000000005,0.012,0.692
124,15,1.9968975221775584,4.36780323,0.0,0.327,0.0,0.036,0.098,0.046,0.505
124,16,1.9968975221775584,4.8092722299999995,0.005,0.199,0.003,0.068,0.188,0.018000000000000002,0.482
124,17,1.9968975221775584,5.29919323,0.0,0.288,0.003,0.01,0.188,0.052000000000000005,0.541
124,18,1.9968975221775584,6.3472772299999995,0.0,0.097,0.053,0.002,0.022,0.066,0.241
124,19,1.9968975221775584,6.61641123,0.001,0.027,0.0,0.0,0.07200000000000001,0.006,0.11
124,20,1.9968975221775584,7.06080323,0.0,0.004,0.038,0.004,0.088,0.036000000000000004,0.17
125,1,2.0191011792876745,-21.46630977,0.0,0.0,0.984,0.002,0.0,0.0,0.988
125,2,2.0191011792876745,-21.43302177,0.0,0.0,0.989,0.0,0.0,0.0,0.99
125,3,2.0191011792876745,-21.41234377,0.0,0.0,0.9910000000000001,0.0,0.0,0.0,0.99
125,4,2.0191011792876745,-21.40177877,0.0,0.0,0.9909999999999999,0.0,0.0,0.0,0.991
125,5,2.0191011792876745,-21.38812577,0.0,0.0,0.9929999999999999,0.0,0.0,0.0,0.992
125,6,2.0191011792876745,-12.964321770000002,0.087,0.016,0.0,0.578,0.01,0.0,0.692
125,7,2.0191011792876745,-11.99619277,0.0,0.018000000000000002,0.012,0.712,0.002,0.0,0.744
125,8,2.0191011792876745,-6.418243769999999,0.436,0.001,0.001,0.152,0.11599999999999999,0.004,0.713
125,9,2.0191011792876745,-3.3834757699999995,0.0,0.14400000000000002,0.013000000000000001,0.008,0.34199999999999997,0.006,0.515
125,10,2.0191011792876745,-3.06180477,0.009,0.155,0.007,0.012,0.33999999999999997,0.006,0.531
125,11,2.0191011792876745,-1.7732067699999998,0.0,0.13999999999999999,0.005,0.014,0.428,0.006,0.591
125,12,2.0191011792876745,-1.24083677,0.005,0.007,0.033,0.004,0.498,0.0,0.546
125,13,2.0191011792876745,-0.7825307700000002,0.0,0.012,0.026000000000000002,0.0,0.542,0.0,0.581
125,14,2.0191011792876745,1.80961323,0.232,0.013000000000000001,0.007,0.002,0.42800000000000005,0.012,0.693
125,15,2.0191011792876745,4.35706323,0.0,0.335,0.0,0.038,0.1,0.04200000000000001,0.515
125,16,2.0191011792876745,4.74337723,0.005,0.2,0.003,0.068,0.18,0.022,0.477
125,17,2.0191011792876745,5.26588223,0.0,0.279,0.004,0.01,0.188,0.052,0.53
125,18,2.0191011792876745,6.29534323,0.0,0.10200000000000001,0.048,0.002,0.022,0.062,0.237
125,19,2.0191011792876745,6.54656723,0.001,0.028999999999999998,0.0,0.0,0.07,0.006,0.109
125,20,2.0191011792876745,6.9999502300000005,0.0,0.003,0.044,0.004,0.08600000000000001,0.041999999999999996,0.177
126,1,2.0413048363977904,-21.46531777,0.0,0.0,0.984,0.002,0.0,0.0,0.988
126,2,2.0413048363977904,-21.43308077,0.0,0.0,0.9880000000000001,0.0,0.0,0.0,0.99
126,3,2.0413048363977904,-21.41203877,0.0,0.0,0.9910000000000001,0.0,0.0,0.0,0.99
126,4,2.0413048363977904,-21.40197977,0.0,0.0,0.9910000000000001,0.0,0.0,0.0,0.991
126,5,2.0413048363977904,-21.38926977,0.0,0.0,0.992,0.0,0.0,0.0,0.991
126,6,2.0413048363977904,-13.016684770000001,0.091,0.016,0.0,0.572,0.01,0.0,0.69
126,7,2.0413048363977904,-12.02043277,0.0,0.019,0.012,0.71,0.002,0.0,0.742
126,8,2.0413048363977904,-6.364931769999999,0.43,0.001,0.001,0.16,0.11800000000000001,0.004,0.714
126,9,2.0413048363977904,-3.2839827699999997,0.0,0.14100000000000001,0.013000000000000001,0.01,0.348,0.006,0.518
126,10,2.0413048363977904,-3.0072817699999996,0.01,0.153,0.008,0.008,0.344,0.006,0.532
126,11,2.0413048363977904,-1.7069567699999997,0.0,0.13699999999999998,0.004,0.014,0.434,0.006,0.593
126,12,2.0413048363977904,-1.18621877,0.004,0.007,0.033,0.004,0.502,0.0,0.551
126,13,2.0413048363977904,-0.7911897699999999,0.0,0.013999999999999999,0.026000000000000002,0.0,0.54,0.0,0.58
126,14,2.0413048363977904,1.8308722300000002,0.232,0.015,0.007,0.004,0.42800000000000005,0.012,0.694
126,15,2.0413048363977904,4.34097523,0.0,0.34099999999999997,0.001,0.04,0.102,0.04400000000000001,0.524
126,16,2.0413048363977904,4.67499623,0.005,0.201,0.003,0.07,0.17400000000000002,0.022,0.472
126,17,2.0413048363977904,5.23749323,0.0,0.271,0.004,0.008,0.188,0.05,0.521
126,18,2.0413048363977904,6.24329423,0.0,0.10600000000000001,0.042,0.002,0.024,0.056,0.232
126,19,2.0413048363977904,6.47558123,0.001,0.031,0.0,0.002,0.068,0.006,0.108
126,20,2.0413048363977904,6.94928423,0.0,0.002,0.049,0.004,0.084,0.048,0.184
127,1,2.063508493507906,-21.46427577,0.0,0.0,0.984,0.002,0.0,0.0,0.988
127,2,2.063508493507906,-21.43324177,0.0,0.0,0.9880000000000001,0.0,0.0,0.0,0.99
127,3,2.063508493507906,-21.41169077,0.0,0.0,0.99,0.0,0.0,0.0,0.99
127,4,2.063508493507906,-21.40217277,0.0,0.0,0.9900000000000001,0.0,0.0,0.0,0.991
127,5,2.063508493507906,-21.39045177,0.0,0.0,0.992,0.0,0.0,0.0,0.991
127,6,2.063508493507906,-13.067917770000001,0.095,0.015,0.0,0.566,0.01,0.0,0.688
127,7,2.063508493507906,-12.04521277,0.0,0.02,0.01,0.708,0.002,0.0,0.74
127,8,2.063508493507906,-6.314147770000001,0.424,0.0,0.0,0.166,0.11800000000000001,0.002,0.714
127,9,2.063508493507906,-3.17894277,0.0,0.14,0.016,0.012,0.352,0.006,0.521
127,10,2.063508493507906,-2.94839377,0.011,0.151,0.009000000000000001,0.006,0.352,0.006,0.533
127,11,2.063508493507906,-1.6447927699999996,0.0,0.134,0.004,0.014,0.438,0.004,0.595
127,12,2.063508493507906,-1.12906277,0.003,0.008,0.032,0.004,0.504,0.0,0.556
127,13,2.063508493507906,-0.7995697699999997,0.0,0.018000000000000002,0.022,0.0,0.538,0.0,0.581
127,14,2.063508493507906,1.8519712300000002,0.233,0.015,0.007,0.004,0.42800000000000005,0.01,0.695
127,15,2.063508493507906,4.31877823,0.0,0.346,0.001,0.042,0.102,0.04000000000000001,0.532
127,16,2.063508493507906,4.604885230000001,0.005,0.204,0.004,0.07,0.164,0.02,0.468
127,17,2.063508493507906,5.2136292300000004,0.0,0.265,0.004,0.008,0.188,0.05,0.515
127,18,2.063508493507906,6.18963123,0.0,0.10900000000000001,0.037,0.004,0.028,0.05,0.226
127,19,2.063508493507906,6.40397923,0.002,0.032,0.0,0.002,0.064,0.004,0.107
127,20,2.063508493507906,6.91014723,0.0,0.003,0.05399999999999999,0.002,0.078,0.054000000000000006,0.191
128,1,2.085712150618022,-21.46317277,0.0,0.0,0.984,0.002,0.0,0.0,0.988
128,2,2.085712150618022,-21.433492769999997,0.0,0.0,0.989,0.0,0.0,0.0,0.99
128,3,2.085712150618022,-21.41128177,0.0,0.0,0.9910000000000001,0.0,0.0,0.0,0.99
128,4,2.085712150618022,-21.40234877,0.0,0.0,0.991,0.0,0.0,0.0,0.991
128,5,2.085712150618022,-21.39164777,0.0,0.0,0.992,0.0,0.0,0.0,0.991
128,6,2.085712150618022,-13.11786677,0.099,0.013000000000000001,0.0,0.562,0.01,0.0,0.686
128,7,2.085712150618022,-12.07035277,0.0,0.021,0.01,0.706,0.002,0.0,0.739
128,8,2.085712150618022,-6.2662477700000005,0.418,0.0,0.0,0.172,0.11800000000000001,0.002,0.714
128,9,2.085712150618022,-3.06865177,0.0,0.136,0.016,0.012,0.354,0.006,0.525
128,10,2.085712150618022,-2.8845757699999997,0.012,0.148,0.009000000000000001,0.004,0.354,0.006,0.535
128,11,2.085712150618022,-1.5873047699999998,0.0,0.132,0.004,0.014,0.44399999999999995,0.004,0.596
128,12,2.085712150618022,-1.07015977,0.003,0.009000000000000001,0.033,0.004,0.508,0.0,0.561
128,13,2.085712150618022,-0.80696177,0.0,0.020999999999999998,0.022,0.0,0.536,0.0,0.581
128,14,2.085712150618022,1.87268623,0.233,0.016,0.005,0.004,0.426,0.01,0.696
128,15,2.085712150618022,4.29013223,0.0,0.349,0.001,0.046,0.102,0.042,0.539
128,16,2.085712150618022,4.53383723,0.004,0.209,0.004,0.07,0.158,0.02,0.465
128,17,2.085712150618022,5.19330023,0.0,0.263,0.003,0.008,0.188,0.048,0.511
128,18,2.085712150618022,6.1331912299999995,0.0,0.10900000000000001,0.032,0.006,0.03,0.042,0.218
128,19,2.085712150618022,6.33221223,0.002,0.033,0.001,0.002,0.06,0.006,0.107
128,20,2.085712150618022,6.88349523,0.0,0.004,0.06,0.002,0.06999999999999999,0.062000000000000006,0.198
129,1,2.1079161341229096,-21.462040769999998,0.0,0.0,0.986,0.002,0.0,0.0,0.988
129,2,2.1079161341229096,-21.433828769999998,0.0,0.0,0.989,0.0,0.0,0.0,0.99
129,3,2.1079161341229096,-21.41083077,0.0,0.0,0.989,0.0,0.0,0.0,0.99
129,4,2.1079161341229096,-21.402512769999998,0.0,0.0,0.989,0.0,0.0,0.0,0.991
129,5,2.1079161341229096,-21.392849769999998,0.0,0.0,0.9909999999999999,0.0,0.0,0.0,0.991
129,6,2.1079161341229096,-13.166396769999999,0.102,0.012,0.0,0.558,0.01,0.0,0.684
129,7,2.1079161341229096,-12.09567977,0.0,0.022000000000000002,0.01,0.704,0.002,0.0,0.737
129,8,2.1079161341229096,-6.22153077,0.412,0.0,0.001,0.176,0.12200000000000001,0.002,0.714
129,9,2.1079161341229096,-2.9534487699999996,0.0,0.134,0.017,0.012,0.36,0.006,0.529
129,10,2.1079161341229096,-2.8153707700000004,0.014,0.147,0.009000000000000001,0.002,0.358,0.006,0.537
129,11,2.1079161341229096,-1.5351497699999999,0.0,0.128,0.002,0.014,0.44800000000000006,0.002,0.595
129,12,2.1079161341229096,-1.0103047699999999,0.002,0.009000000000000001,0.035,0.004,0.514,0.002,0.566
129,13,2.1079161341229096,-0.8126067699999999,0.0,0.024999999999999998,0.022,0.0,0.534,0.0,0.583
129,14,2.1079161341229096,1.8926572300000002,0.233,0.016,0.006,0.006,0.426,0.008,0.697
129,15,2.1079161341229096,4.25508023,0.0,0.35000000000000003,0.001,0.048,0.104,0.04,0.544
129,16,2.1079161341229096,4.46270023,0.004,0.213,0.003,0.07,0.148,0.022,0.462
129,17,2.1079161341229096,5.174921230000001,0.0,0.264,0.003,0.006,0.19,0.048,0.512
129,18,2.1079161341229096,6.07342223,0.0,0.10700000000000001,0.028,0.006,0.033999999999999996,0.036000000000000004,0.21
129,19,2.1079161341229096,6.26067123,0.002,0.034999999999999996,0.001,0.002,0.058,0.006,0.106
129,20,2.1079161341229096,6.86984523,0.0,0.007,0.065,0.002,0.065,0.068,0.205
130,1,2.1301197912330254,-21.46088177,0.0,0.0,0.984,0.002,0.0,0.0,0.988
130,2,2.1301197912330254,-21.43424877,0.0,0.0,0.9890000000000001,0.0,0.0,0.0,0.99
130,3,2.1301197912330254,-21.41033677,0.0,0.0,0.99,0.0,0.0,0.0,0.99
130,4,2.1301197912330254,-21.402671769999998,0.0,0.0,0.991,0.0,0.0,0.0,0.991
130,5,2.1301197912330254,-21.39403777,0.0,0.0,0.9909999999999999,0.0,0.0,0.0,0.991
130,6,2.1301197912330254,-13.21337977,0.106,0.012,0.0,0.554,0.01,0.0,0.682
130,7,2.1301197912330254,-12.121020770000001,0.0,0.023,0.008,0.702,0.002,0.0,0.735
130,8,2.1301197912330254,-6.18020977,0.406,0.0,0.001,0.182,0.122,0.002,0.713
130,9,2.1301197912330254,-2.83367977,0.0,0.131,0.017,0.014,0.364,0.006,0.533
130,10,2.1301197912330254,-2.74043377,0.016,0.144,0.009000000000000001,0.002,0.362,0.006,0.539
130,11,2.1301197912330254,-1.4889897699999999,0.0,0.122,0.002,0.014,0.452,0.002,0.594
130,12,2.1301197912330254,-0.95026477,0.001,0.009000000000000001,0.036000000000000004,0.004,0.52,0.002,0.571
130,13,2.1301197912330254,-0.8157117700000001,0.0,0.028,0.021,0.0,0.534,0.0,0.585
130,14,2.1301197912330254,1.91137523,0.234,0.016,0.006,0.008,0.426,0.008,0.698
130,15,2.1301197912330254,4.21393823,0.0,0.351,0.001,0.05,0.106,0.038,0.547
130,16,2.1301197912330254,4.39241423,0.003,0.22,0.004,0.07,0.13799999999999998,0.022,0.46
130,17,2.1301197912330254,5.15643323,0.0,0.269,0.003,0.006,0.192,0.048,0.517
130,18,2.1301197912330254,6.010541229999999,0.0,0.10200000000000001,0.023,0.008,0.036,0.03,0.199
130,19,2.1301197912330254,6.18969723,0.002,0.036,0.001,0.002,0.056,0.006,0.104
130,20,2.1301197912330254,6.86910823,0.0,0.01,0.071,0.0,0.057,0.07400000000000001,0.21
131,1,2.1523234483431413,-21.45970877,0.0,0.0,0.986,0.002,0.0,0.0,0.988
131,2,2.1523234483431413,-21.43475177,0.0,0.0,0.9890000000000001,0.0,0.0,0.0,0.99
131,3,2.1523234483431413,-21.40981077,0.0,0.0,0.99,0.0,0.0,0.0,0.99
131,4,2.1523234483431413,-21.40283577,0.0,0.0,0.9910000000000001,0.0,0.0,0.0,0.991
131,5,2.1523234483431413,-21.39519477,0.0,0.0,0.9910000000000001,0.0,0.0,0.0,0.991
131,6,2.1523234483431413,-13.258697770000001,0.109,0.011,0.0,0.55,0.01,0.0,0.68
131,7,2.1523234483431413,-12.14621377,0.0,0.023,0.008,0.7,0.002,0.0,0.733
131,8,2.1523234483431413,-6.14241877,0.4,0.0,0.001,0.186,0.122,0.002,0.712
131,9,2.1523234483431413,-2.7097387699999995,0.0,0.129,0.018,0.014,0.368,0.006,0.537
131,10,2.1523234483431413,-2.65954877,0.017,0.143,0.009000000000000001,0.0,0.366,0.006,0.543
131,11,2.1523234483431413,-1.4494337699999997,0.0,0.118,0.002,0.012,0.45599999999999996,0.002,0.592
131,12,2.1523234483431413,-0.8907627699999998,0.001,0.009000000000000001,0.034,0.004,0.526,0.002,0.577
131,13,2.1523234483431413,-0.81552377,0.0,0.033,0.02,0.0,0.53,0.0,0.588
131,14,2.1523234483431413,1.9281482300000001,0.234,0.016,0.006,0.01,0.426,0.008,0.699
131,15,2.1523234483431413,4.16714223,0.0,0.35,0.001,0.054,0.10600000000000001,0.038,0.548
131,16,2.1523234483431413,4.32403023,0.003,0.228,0.004,0.07,0.132,0.024,0.459
131,17,2.1523234483431413,5.13544523,0.0,0.278,0.001,0.006,0.196,0.048,0.527
131,18,2.1523234483431413,5.94554123,0.0,0.094,0.02,0.008,0.036,0.026000000000000002,0.185
131,19,2.1523234483431413,6.11959123,0.003,0.036,0.002,0.002,0.054,0.006,0.103
131,20,2.1523234483431413,6.88081623,0.0,0.013,0.074,0.0,0.05,0.077,0.214
132,1,2.174527105453257,-21.45854077,0.0,0.0,0.986,0.002,0.0,0.0,0.988
132,2,2.174527105453257,-21.43532277,0.0,0.0,0.988,0.0,0.0,0.0,0.99
132,3,2.174527105453257,-21.40925377,0.0,0.0,0.99,0.0,0.0,0.0,0.991
132,4,2.174527105453257,-21.40301977,0.0,0.0,0.99,0.0,0.0,0.0,0.991
132,5,2.174527105453257,-21.39629477,0.0,0.0,0.9910000000000001,0.0,0.0,0.0,0.991
132,6,2.174527105453257,-13.302244770000001,0.112,0.009000000000000001,0.0,0.546,0.01,0.0,0.678
132,7,2.174527105453257,-12.171093769999999,0.0,0.024,0.008,0.698,0.002,0.0,0.732
132,8,2.174527105453257,-6.10821377,0.393,0.0,0.001,0.188,0.12199999999999998,0.002,0.71
132,9,2.174527105453257,-2.58203677,0.0,0.126,0.02,0.014,0.376,0.006,0.541
132,10,2.174527105453257,-2.57262977,0.019,0.14,0.009000000000000001,0.0,0.37,0.008,0.546
132,11,2.174527105453257,-1.4169327699999998,0.0,0.112,0.001,0.012,0.46199999999999997,0.0,0.589
132,12,2.174527105453257,-0.83247677,0.0,0.008,0.035,0.004,0.532,0.002,0.582
132,13,2.174527105453257,-0.8114417700000001,0.0,0.039,0.02,0.002,0.53,0.0,0.592
132,14,2.174527105453257,1.94207323,0.234,0.015,0.006,0.012,0.424,0.008,0.7
132,15,2.174527105453257,4.115108230000001,0.0,0.346,0.001,0.056,0.10600000000000001,0.04,0.548
132,16,2.174527105453257,4.25874723,0.002,0.237,0.004,0.07,0.122,0.024,0.458
132,17,2.174527105453257,5.10945523,0.0,0.292,0.001,0.006,0.198,0.046,0.541
132,18,2.174527105453257,5.88008123,0.0,0.082,0.017,0.01,0.038,0.022,0.169
132,19,2.174527105453257,6.050619230000001,0.003,0.037,0.002,0.002,0.05,0.004,0.102
132,20,2.174527105453257,6.90358123,0.0,0.016,0.078,0.0,0.041999999999999996,0.081,0.217
133,1,2.196730762563373,-21.45737577,0.0,0.0,0.986,0.002,0.0,0.0,0.988
133,2,2.196730762563373,-21.43596177,0.0,0.0,0.99,0.0,0.0,0.0,0.99
133,3,2.196730762563373,-21.40866677,0.0,0.0,0.99,0.0,0.0,0.0,0.991
133,4,2.196730762563373,-21.40323977,0.0,0.0,0.99,0.0,0.0,0.0,0.991
133,5,2.196730762563373,-21.39731077,0.0,0.0,0.992,0.0,0.0,0.0,0.991
133,6,2.196730762563373,-13.34392077,0.115,0.008,0.0,0.542,0.01,0.0,0.677
133,7,2.196730762563373,-12.195509770000001,0.0,0.025,0.005,0.696,0.002,0.0,0.73
133,8,2.196730762563373,-6.07757077,0.388,0.0,0.002,0.192,0.126,0.002,0.708
133,9,2.196730762563373,-2.47972477,0.021,0.137,0.009000000000000001,0.0,0.376,0.008,0.551
133,10,2.196730762563373,-2.45104377,0.0,0.122,0.022,0.016,0.382,0.006,0.546
133,11,2.196730762563373,-1.39165077,0.0,0.106,0.001,0.012,0.46399999999999997,0.0,0.585
133,12,2.196730762563373,-0.8031177700000001,0.0,0.045,0.019,0.002,0.528,0.002,0.596
133,13,2.196730762563373,-0.7760147699999997,0.0,0.008,0.037000000000000005,0.004,0.536,0.002,0.588
133,14,2.196730762563373,1.95202923,0.234,0.013000000000000001,0.006,0.014,0.42400000000000004,0.008,0.7
133,15,2.196730762563373,4.05813123,0.0,0.33899999999999997,0.001,0.06,0.11,0.034,0.546
133,16,2.196730762563373,4.19791123,0.001,0.248,0.004,0.068,0.114,0.026000000000000002,0.458
133,17,2.196730762563373,5.0761182300000005,0.0,0.308,0.0,0.006,0.196,0.041999999999999996,0.558
133,18,2.196730762563373,5.81625423,0.0,0.068,0.016,0.01,0.036000000000000004,0.018000000000000002,0.15
133,19,2.196730762563373,5.983023230000001,0.003,0.037,0.002,0.002,0.048,0.006,0.101
133,20,2.196730762563373,6.93770923,0.0,0.018000000000000002,0.08,0.0,0.034,0.082,0.217
134,1,2.2189347460682605,-21.45622277,0.0,0.0,0.986,0.002,0.0,0.0,0.989
134,2,2.2189347460682605,-21.436651769999997,0.0,0.0,0.989,0.0,0.0,0.0,0.99
134,3,2.2189347460682605,-21.40805377,0.0,0.0,0.9899999999999999,0.0,0.0,0.0,0.991
134,4,2.2189347460682605,-21.40350977,0.0,0.0,0.989,0.0,0.0,0.0,0.99
134,5,2.2189347460682605,-21.398213769999998,0.0,0.0,0.9910000000000001,0.0,0.0,0.0,0.991
134,6,2.2189347460682605,-13.38363377,0.118,0.008,0.0,0.54,0.01,0.0,0.675
134,7,2.2189347460682605,-12.21931477,0.0,0.026,0.005,0.694,0.002,0.0,0.729
134,8,2.2189347460682605,-6.050395770000001,0.382,0.0,0.002,0.194,0.126,0.002,0.706
134,9,2.2189347460682605,-2.38101277,0.022,0.136,0.011,0.0,0.38,0.008,0.555
134,10,2.2189347460682605,-2.3172837699999995,0.0,0.12,0.022,0.016,0.388,0.006,0.55
134,11,2.2189347460682605,-1.3733777699999998,0.0,0.09899999999999999,0.001,0.01,0.468,0.0,0.581
134,12,2.2189347460682605,-0.7905637699999999,0.0,0.051,0.019,0.002,0.526,0.002,0.601
134,13,2.2189347460682605,-0.7219157699999998,0.0,0.007,0.037000000000000005,0.004,0.542,0.002,0.593
134,14,2.2189347460682605,1.95669523,0.234,0.011,0.006,0.018,0.42599999999999993,0.008,0.7
134,15,2.2189347460682605,3.99632823,0.0,0.334,0.003,0.064,0.108,0.034,0.543
134,16,2.2189347460682605,4.1430092300000005,0.0,0.259,0.004,0.066,0.10400000000000001,0.028,0.46
134,17,2.2189347460682605,5.03365523,0.0,0.329,0.0,0.006,0.196,0.046,0.576
134,18,2.2189347460682605,5.75622623,0.0,0.054000000000000006,0.013000000000000001,0.01,0.036000000000000004,0.018000000000000002,0.13
134,19,2.2189347460682605,5.91702123,0.004,0.037,0.003,0.002,0.046,0.006,0.099
134,20,2.2189347460682605,6.98523723,0.001,0.021,0.063,0.0,0.031,0.065,0.181
135,1,2.2411384031783763,-21.455103769999997,0.0,0.0,0.9870000000000001,0.002,0.0,0.0,0.989
135,2,2.2411384031783763,-21.43738877,0.0,0.0,0.988,0.0,0.0,0.0,0.99
135,3,2.2411384031783763,-21.407430769999998,0.0,0.0,0.989,0.0,0.0,0.0,0.991
135,4,2.2411384031783763,-21.403860769999998,0.0,0.0,0.99,0.0,0.0,0.0,0.99
135,5,2.2411384031783763,-21.39898277,0.0,0.0,0.99,0.0,0.0,0.0,0.991
135,6,2.2411384031783763,-13.421303770000002,0.12,0.007,0.0,0.536,0.01,0.0,0.674
135,7,2.2411384031783763,-12.24236977,0.0,0.026,0.005,0.694,0.002,0.0,0.727
135,8,2.2411384031783763,-6.02654277,0.376,0.0,0.002,0.196,0.126,0.002,0.704
135,9,2.2411384031783763,-2.2768017699999996,0.024,0.135,0.011,0.0,0.386,0.008,0.56
135,10,2.2411384031783763,-2.18135677,0.0,0.11599999999999999,0.022,0.016,0.396,0.006,0.555
135,11,2.2411384031783763,-1.3615207699999998,0.0,0.09300000000000001,0.001,0.01,0.47000000000000003,0.0,0.576
135,12,2.2411384031783763,-0.7741607699999999,0.0,0.055,0.016999999999999998,0.004,0.526,0.002,0.606
135,13,2.2411384031783763,-0.6706617700000002,0.0,0.005,0.038000000000000006,0.004,0.546,0.002,0.598
135,14,2.2411384031783763,1.95461223,0.233,0.008,0.007,0.022,0.424,0.006,0.7
135,15,2.2411384031783763,3.92961723,0.0,0.326,0.003,0.068,0.108,0.034,0.54
135,16,2.2411384031783763,4.09559923,0.0,0.272,0.002,0.062,0.096,0.028,0.462
135,17,2.2411384031783763,4.98132023,0.0,0.348,0.0,0.006,0.194,0.046,0.593
135,18,2.2411384031783763,5.70176323,0.0,0.04,0.012,0.008,0.036000000000000004,0.018000000000000002,0.111
135,19,2.2411384031783763,5.852813230000001,0.004,0.037,0.003,0.002,0.044,0.006,0.098
135,20,2.2411384031783763,6.93849423,0.004,0.022000000000000002,0.009,0.0,0.028,0.014000000000000002,0.08
136,1,2.263342060288492,-21.45400777,0.0,0.0,0.9870000000000001,0.002,0.0,0.0,0.989
136,2,2.263342060288492,-21.43815277,0.0,0.0,0.988,0.0,0.0,0.0,0.99
136,3,2.263342060288492,-21.406791769999998,0.0,0.0,0.9890000000000001,0.0,0.0,0.0,0.991
136,4,2.263342060288492,-21.40429877,0.0,0.0,0.9900000000000001,0.0,0.0,0.0,0.99
136,5,2.263342060288492,-21.39958777,0.0,0.0,0.9910000000000001,0.0,0.0,0.0,0.991
136,6,2.263342060288492,-13.456853769999999,0.123,0.005,0.0,0.534,0.008,0.0,0.673
136,7,2.263342060288492,-12.26454477,0.0,0.027,0.004,0.692,0.002,0.0,0.726
136,8,2.263342060288492,-6.005810769999999,0.371,0.0,0.002,0.198,0.13,0.002,0.701
136,9,2.263342060288492,-2.16751077,0.025,0.132,0.010000000000000002,0.002,0.39,0.008,0.566
136,10,2.263342060288492,-2.0439507700000004,0.0,0.11299999999999999,0.023,0.014,0.404,0.006,0.561
136,11,2.263342060288492,-1.35517477,0.0,0.08900000000000001,0.001,0.008,0.47200000000000003,0.0,0.572
136,12,2.263342060288492,-0.7545467700000001,0.0,0.06,0.016999999999999998,0.004,0.526,0.002,0.611
136,13,2.263342060288492,-0.62263877,0.0,0.005,0.04,0.004,0.554,0.002,0.602
136,14,2.263342060288492,1.94431623,0.232,0.007,0.008,0.026,0.422,0.004,0.698
136,15,2.263342060288492,3.8577632299999998,0.0,0.319,0.003,0.072,0.108,0.034,0.536
136,16,2.263342060288492,4.05720723,0.0,0.285,0.002,0.058,0.088,0.032,0.466
136,17,2.263342060288492,4.91976423,0.0,0.367,0.0,0.006,0.186,0.044,0.607
136,18,2.263342060288492,5.653825230000001,0.0,0.027,0.011,0.008,0.036000000000000004,0.014,0.095
136,19,2.263342060288492,5.79058223,0.004,0.037,0.004,0.002,0.041999999999999996,0.006,0.096
136,20,2.263342060288492,6.89648323,0.003,0.021,0.014,0.0,0.026,0.021,0.086
137,1,2.2855458153170396,-21.45296577,0.0,0.0,0.9870000000000001,0.0,0.0,0.0,0.989
137,2,2.2855458153170396,-21.43894577,0.0,0.0,0.99,0.0,0.0,0.0,0.99
137,3,2.2855458153170396,-21.406151769999997,0.0,0.0,0.9909999999999999,0.0,0.0,0.0,0.991
137,4,2.2855458153170396,-21.40482277,0.0,0.0,0.989,0.0,0.0,0.0,0.99
137,5,2.2855458153170396,-21.40004577,0.0,0.0,0.9909999999999999,0.0,0.0,0.0,0.991
137,6,2.2855458153170396,-13.490218769999998,0.125,0.005,0.0,0.53,0.008,0.0,0.671
137,7,2.2855458153170396,-12.285717770000002,0.0,0.028,0.004,0.69,0.002,0.0,0.724
137,8,2.2855458153170396,-5.98797277,0.366,0.0,0.003,0.198,0.128,0.0,0.699
137,9,2.2855458153170396,-2.05370177,0.025,0.131,0.010000000000000002,0.002,0.39599999999999996,0.008,0.571
137,10,2.2855458153170396,-1.9059077699999998,0.0,0.11000000000000001,0.024,0.014,0.41400000000000003,0.006,0.566
137,11,2.2855458153170396,-1.35327177,0.0,0.085,0.001,0.008,0.47400000000000003,0.0,0.568
137,12,2.2855458153170396,-0.7324957699999999,0.0,0.063,0.015999999999999997,0.004,0.526,0.002,0.615
137,13,2.2855458153170396,-0.5781857700000002,0.001,0.004,0.04,0.004,0.556,0.002,0.607
137,14,2.2855458153170396,1.92449023,0.231,0.004,0.006,0.032,0.418,0.004,0.696
137,15,2.2855458153170396,3.78044623,0.0,0.31,0.003,0.076,0.11,0.032,0.531
137,16,2.2855458153170396,4.02915923,0.0,0.299,0.002,0.054,0.08199999999999999,0.034,0.471
137,17,2.2855458153170396,4.851002230000001,0.0,0.383,0.0,0.006,0.18,0.046,0.616
137,18,2.2855458153170396,5.61245823,0.0,0.018,0.008,0.008,0.036000000000000004,0.012,0.082
137,19,2.2855458153170396,5.7305002300000005,0.004,0.037,0.004,0.002,0.04000000000000001,0.006,0.095
137,20,2.2855458153170396,6.81540623,0.004,0.02,0.011,0.0,0.024,0.014,0.075
138,1,2.3077495377061097,-21.45197477,0.0,0.0,0.9869999999999999,0.0,0.0,0.0,0.989
138,2,2.3077495377061097,-21.439748769999998,0.0,0.0,0.988,0.0,0.0,0.0,0.99
138,3,2.3077495377061097,-21.40552077,0.0,0.0,0.9910000000000001,0.0,0.0,0.0,0.991
138,4,2.3077495377061097,-21.40540777,0.0,0.0,0.9900000000000001,0.0,0.0,0.0,0.99
138,5,2.3077495377061097,-21.40036777,0.0,0.0,0.99,0.0,0.0,0.0,0.991
138,6,2.3077495377061097,-13.52133577,0.127,0.004,0.0,0.528,0.01,0.0,0.67
138,7,2.3077495377061097,-12.305776770000001,0.0,0.029,0.004,0.69,0.002,0.0,0.723
138,8,2.3077495377061097,-5.972775769999999,0.361,0.0,0.003,0.2,0.13,0.0,0.697
138,9,2.3077495377061097,-1.9360297700000002,0.026,0.129,0.010000000000000002,0.002,0.404,0.008,0.577
138,10,2.3077495377061097,-1.7682367699999997,0.0,0.10600000000000001,0.024,0.014,0.42000000000000004,0.006,0.571
138,11,2.3077495377061097,-1.3546957699999997,0.0,0.08,0.0,0.008,0.47400000000000003,0.0,0.565
138,12,2.3077495377061097,-0.7087297700000001,0.0,0.066,0.016999999999999998,0.006,0.528,0.002,0.619
138,13,2.3077495377061097,-0.5375607699999998,0.001,0.003,0.041,0.004,0.562,0.002,0.611
138,14,2.3077495377061097,1.89419323,0.229,0.003,0.007,0.036,0.414,0.002,0.692
138,15,2.3077495377061097,3.69740023,0.0,0.303,0.003,0.082,0.108,0.032,0.527
138,16,2.3077495377061097,4.01239323,0.001,0.312,0.002,0.048,0.07600000000000001,0.036000000000000004,0.478
138,17,2.3077495377061097,4.77800223,0.0,0.397,0.001,0.006,0.168,0.046,0.621
138,18,2.3077495377061097,5.57703623,0.0,0.011,0.007,0.006,0.036,0.012,0.074
138,19,2.3077495377061097,5.67272223,0.005,0.036,0.005,0.002,0.036000000000000004,0.008,0.093
138,20,2.3077495377061097,6.75830823,0.005,0.019,0.011,0.0,0.022,0.014,0.073
139,1,2.32995326009518,-21.45104277,0.0,0.0,0.988,0.0,0.0,0.0,0.989
139,2,2.32995326009518,-21.44055277,0.0,0.0,0.9890000000000001,0.0,0.0,0.0,0.99
139,3,2.32995326009518,-21.406020769999998,0.0,0.0,0.989,0.0,0.0,0.0,0.99
139,4,2.32995326009518,-21.40489877,0.0,0.0,0.99,0.0,0.0,0.0,0.991
139,5,2.32995326009518,-21.40058977,0.0,0.0,0.9910000000000001,0.0,0.0,0.0,0.991
139,6,2.32995326009518,-13.550150769999998,0.129,0.004,0.0,0.526,0.01,0.0,0.669
139,7,2.32995326009518,-12.32461377,0.0,0.029,0.002,0.688,0.002,0.0,0.722
139,8,2.32995326009518,-5.959958769999999,0.357,0.0,0.003,0.2,0.132,0.0,0.694
139,9,2.32995326009518,-1.8152907699999998,0.026,0.128,0.009000000000000001,0.004,0.41,0.008,0.583
139,10,2.32995326009518,-1.6322867700000003,0.0,0.102,0.024,0.012,0.43400000000000005,0.008,0.576
139,11,2.32995326009518,-1.3582727700000001,0.0,0.08,0.0,0.008,0.47400000000000003,0.0,0.563
139,12,2.32995326009518,-0.6838287699999999,0.0,0.066,0.016,0.006,0.53,0.002,0.622
139,13,2.32995326009518,-0.5009787700000001,0.001,0.001,0.043000000000000003,0.004,0.5640000000000001,0.002,0.615
139,14,2.32995326009518,1.85303723,0.228,0.001,0.008,0.044,0.40599999999999997,0.002,0.687
139,15,2.32995326009518,3.60859223,0.0,0.295,0.004,0.086,0.10600000000000001,0.032,0.521
139,16,2.32995326009518,4.0072822299999995,0.002,0.325,0.001,0.042,0.076,0.036000000000000004,0.487
139,17,2.32995326009518,4.704042230000001,0.0,0.40800000000000003,0.001,0.004,0.16,0.048,0.623
139,18,2.32995326009518,5.54663923,0.0,0.007,0.005,0.006,0.038,0.01,0.067
139,19,2.32995326009518,5.61739723,0.005,0.034999999999999996,0.006,0.0,0.036000000000000004,0.008,0.092
139,20,2.32995326009518,6.70408923,0.005,0.017,0.012,0.0,0.019999999999999997,0.014,0.07
140,1,2.35215698248425,-21.450175769999998,0.0,0.0,0.988,0.0,0.0,0.0,0.989
140,2,2.35215698248425,-21.44134277,0.0,0.0,0.988,0.0,0.0,0.0,0.99
140,3,2.35215698248425,-21.40662677,0.0,0.0,0.989,0.0,0.0,0.0,0.99
140,4,2.35215698248425,-21.404302769999997,0.0,0.0,0.9910000000000001,0.0,0.0,0.0,0.991
140,5,2.35215698248425,-21.40073877,0.0,0.0,0.991,0.0,0.0,0.0,0.991
140,6,2.35215698248425,-13.576613770000002,0.131,0.003,0.0,0.524,0.01,0.0,0.668
140,7,2.35215698248425,-12.34213277,0.0,0.03,0.002,0.686,0.002,0.0,0.721
140,8,2.35215698248425,-5.94925777,0.353,0.0,0.004,0.2,0.134,0.0,0.692
140,9,2.35215698248425,-1.69242077,0.025,0.127,0.009000000000000001,0.004,0.418,0.008,0.589
140,10,2.35215698248425,-1.50049877,0.0,0.093,0.024,0.008,0.44600000000000006,0.008,0.578
140,11,2.35215698248425,-1.36213577,0.0,0.083,0.0,0.008,0.47000000000000003,0.0,0.565
140,12,2.35215698248425,-0.6581467700000001,0.0,0.064,0.018000000000000002,0.006,0.532,0.002,0.624
140,13,2.35215698248425,-0.46861277,0.002,0.001,0.041,0.004,0.5700000000000001,0.002,0.618
140,14,2.35215698248425,1.80132723,0.226,0.0,0.007,0.05,0.39799999999999996,0.0,0.681
140,15,2.35215698248425,3.51441823,0.0,0.28900000000000003,0.004,0.092,0.1,0.027999999999999997,0.516
140,16,2.35215698248425,4.01353023,0.003,0.339,0.001,0.038,0.074,0.04,0.497
140,17,2.35215698248425,4.63215123,0.0,0.417,0.001,0.004,0.15,0.048,0.622
140,18,2.35215698248425,5.52037623,0.0,0.004,0.004,0.006,0.04,0.006,0.063
140,19,2.35215698248425,5.56466923,0.006,0.034999999999999996,0.006,0.0,0.034,0.008,0.09
140,20,2.35215698248425,6.65303123,0.005,0.016,0.013,0.0,0.016,0.014,0.068
141,1,2.37436070487332,-21.44937677,0.0,0.0,0.988,0.0,0.0,0.0,0.989
141,2,2.37436070487332,-21.44209777,0.0,0.0,0.9890000000000001,0.0,0.0,0.0,0.99
141,3,2.37436070487332,-21.40721077,0.0,0.0,0.989,0.0,0.0,0.0,0.99
141,4,2.37436070487332,-21.40373477,0.0,0.0,0.9900000000000001,0.0,0.0,0.0,0.991
141,5,2.37436070487332,-21.40083477,0.0,0.0,0.992,0.0,0.0,0.0,0.991
141,6,2.37436070487332,-13.60067977,0.132,0.003,0.0,0.522,0.01,0.0,0.668
141,7,2.37436070487332,-12.358247769999998,0.0,0.03,0.001,0.686,0.002,0.0,0.72
141,8,2.37436070487332,-5.940419769999999,0.349,0.0,0.004,0.2,0.136,0.0,0.69
141,9,2.37436070487332,-1.5685157699999999,0.024,0.125,0.008,0.004,0.42800000000000005,0.006,0.596
141,10,2.37436070487332,-1.3937617699999998,0.0,0.053,0.015,0.0,0.47800000000000004,0.0,0.548
141,11,2.37436070487332,-1.3464297699999999,0.0,0.12,0.009000000000000001,0.016,0.45199999999999996,0.004,0.6
141,12,2.37436070487332,-0.6317707700000001,0.0,0.064,0.019000000000000003,0.006,0.536,0.002,0.626
141,13,2.37436070487332,-0.4406137700000001,0.002,0.0,0.041999999999999996,0.002,0.5720000000000001,0.002,0.622
141,14,2.37436070487332,1.74010423,0.224,0.0,0.007,0.056,0.38399999999999995,0.0,0.674
141,15,2.37436070487332,3.41586123,0.0,0.28500000000000003,0.004,0.098,0.096,0.028000000000000004,0.51
141,16,2.37436070487332,4.03015323,0.003,0.352,0.001,0.032,0.07999999999999999,0.04,0.508
141,17,2.37436070487332,4.56475223,0.0,0.424,0.001,0.002,0.14200000000000002,0.05,0.62
141,18,2.37436070487332,5.49752923,0.0,0.003,0.004,0.006,0.04,0.006,0.061
141,19,2.37436070487332,5.51469023,0.006,0.032,0.007,0.0,0.032,0.008,0.088
141,20,2.37436070487332,6.60541323,0.006,0.015,0.013,0.0,0.016,0.014,0.065
142,1,2.39656442726239,-21.44866277,0.0,0.0,0.9869999999999999,0.0,0.0,0.0,0.989
142,2,2.39656442726239,-21.44282277,0.0,0.0,0.9890000000000001,0.0,0.0,0.0,0.99
142,3,2.39656442726239,-21.407762769999998,0.0,0.0,0.99,0.0,0.0,0.0,0.99
142,4,2.39656442726239,-21.40320977,0.0,0.0,0.9910000000000001,0.0,0.0,0.0,0.991
142,5,2.39656442726239,-21.400905769999998,0.0,0.0,0.991,0.0,0.0,0.0,0.991
142,6,2.39656442726239,-13.62231277,0.133,0.003,0.0,0.522,0.01,0.0,0.667
142,7,2.39656442726239,-12.37287877,0.0,0.031,0.001,0.684,0.002,0.0,0.719
142,8,2.39656442726239,-5.93320277,0.346,0.0,0.004,0.2,0.136,0.0,0.688
142,9,2.39656442726239,-1.44490477,0.023,0.124,0.008,0.004,0.436,0.006,0.602
142,10,2.39656442726239,-1.3844437699999999,0.0,0.059000000000000004,0.001,0.002,0.478,0.0,0.545
142,11,2.39656442726239,-1.2403837699999998,0.0,0.112,0.019,0.01,0.462,0.008,0.609
142,12,2.39656442726239,-0.6044937699999999,0.0,0.058,0.02,0.006,0.536,0.002,0.627
142,13,2.39656442726239,-0.41714576999999986,0.002,0.0,0.043,0.002,0.5740000000000001,0.002,0.624
142,14,2.39656442726239,1.67110323,0.224,0.0,0.008,0.062,0.37,0.0,0.667
142,15,2.39656442726239,3.31459123,0.0,0.28200000000000003,0.002,0.102,0.088,0.03,0.504
142,16,2.39656442726239,4.05555323,0.004,0.364,0.001,0.026,0.082,0.041999999999999996,0.52
142,17,2.39656442726239,4.50352623,0.0,0.431,0.001,0.002,0.132,0.052000000000000005,0.618
142,18,2.39656442726239,5.467640230000001,0.007,0.031,0.007,0.0,0.032,0.008,0.086
142,19,2.39656442726239,5.47759523,0.0,0.001,0.003,0.004,0.042,0.006,0.059
142,20,2.39656442726239,6.56152023,0.006,0.012,0.013,0.0,0.014,0.012,0.063
143,1,2.41876814965146,-21.44802077,0.0,0.0,0.988,0.0,0.0,0.0,0.989
143,2,2.41876814965146,-21.44348877,0.0,0.0,0.9890000000000001,0.0,0.0,0.0,0.989
143,3,2.41876814965146,-21.40825577,0.0,0.0,0.989,0.0,0.0,0.0,0.99
143,4,2.41876814965146,-21.40272277,0.0,0.0,0.9910000000000001,0.0,0.0,0.0,0.991
143,5,2.41876814965146,-21.40094777,0.0,0.0,0.9890000000000001,0.0,0.0,0.0,0.991
143,6,2.41876814965146,-13.64147677,0.135,0.001,0.0,0.52,0.01,0.0,0.666
143,7,2.41876814965146,-12.38595377,0.0,0.031,0.001,0.684,0.002,0.0,0.718
143,8,2.41876814965146,-5.92738077,0.343,0.0,0.004,0.2,0.14,0.0,0.686
143,9,2.41876814965146,-1.38996277,0.0,0.062,0.001,0.004,0.478,0.0,0.545
143,10,2.41876814965146,-1.32315777,0.02,0.123,0.007,0.004,0.446,0.006,0.609
143,11,2.41876814965146,-1.1287307699999998,0.0,0.109,0.019,0.006,0.472,0.006,0.614
143,12,2.41876814965146,-0.5758057700000001,0.0,0.053000000000000005,0.023,0.006,0.542,0.002,0.627
143,13,2.41876814965146,-0.39836377,0.002,0.0,0.041999999999999996,0.002,0.5780000000000001,0.002,0.627
143,14,2.41876814965146,1.59671023,0.224,0.001,0.009,0.068,0.358,0.002,0.659
143,15,2.41876814965146,3.21295123,0.0,0.281,0.002,0.108,0.078,0.027999999999999997,0.498
143,16,2.41876814965146,4.08764223,0.004,0.377,0.001,0.02,0.086,0.044,0.533
143,17,2.41876814965146,4.44946323,0.0,0.434,0.001,0.002,0.124,0.052000000000000005,0.615
143,18,2.41876814965146,5.42375423,0.008,0.027,0.008,0.0,0.03,0.01,0.083
143,19,2.41876814965146,5.46025523,0.0,0.0,0.001,0.004,0.042,0.006,0.057
143,20,2.41876814965146,6.52164523,0.007,0.011,0.014,0.0,0.014,0.012,0.06
144,1,2.4409718720405302,-21.447452769999998,0.0,0.0,0.988,0.0,0.0,0.0,0.989
144,2,2.4409718720405302,-21.44408677,0.0,0.0,0.9870000000000001,0.0,0.0,0.0,0.989
144,3,2.4409718720405302,-21.40868777,0.0,0.0,0.99,0.0,0.0,0.0,0.99
144,4,2.4409718720405302,-21.40228677,0.0,0.0,0.9900000000000001,0.0,0.0,0.0,0.991
144,5,2.4409718720405302,-21.400971769999998,0.0,0.0,0.9920000000000001,0.0,0.0,0.0,0.991
144,6,2.4409718720405302,-13.658142769999998,0.136,0.001,0.0,0.518,0.01,0.0,0.666
144,7,2.4409718720405302,-12.397408769999998,0.0,0.032,0.0,0.684,0.002,0.0,0.717
144,8,2.4409718720405302,-5.9227517700000005,0.34,0.0,0.004,0.2,0.138,0.0,0.684
144,9,2.4409718720405302,-1.39628277,0.0,0.062,0.0,0.004,0.478,0.0,0.545
144,10,2.4409718720405302,-1.2052007699999998,0.018,0.123,0.006,0.004,0.45799999999999996,0.006,0.616
144,11,2.4409718720405302,-1.02818277,0.0,0.11,0.016,0.004,0.486,0.006,0.621
144,12,2.4409718720405302,-0.54502877,0.0,0.044,0.027,0.006,0.546,0.002,0.627
144,13,2.4409718720405302,-0.3844517700000001,0.002,0.0,0.043000000000000003,0.002,0.5800000000000001,0.002,0.629
144,14,2.4409718720405302,1.51985723,0.225,0.001,0.01,0.072,0.342,0.002,0.651
144,15,2.4409718720405302,3.11387523,0.0,0.28300000000000003,0.002,0.112,0.068,0.026,0.491
144,16,2.4409718720405302,4.12397023,0.004,0.389,0.001,0.016,0.09,0.048,0.546
144,17,2.4409718720405302,4.402996229999999,0.0,0.437,0.001,0.0,0.12,0.052000000000000005,0.612
144,18,2.4409718720405302,5.3833632300000005,0.009,0.024,0.008,0.0,0.027999999999999997,0.01,0.08
144,19,2.4409718720405302,5.445324230000001,0.0,0.0,0.001,0.004,0.042,0.006,0.056
144,20,2.4409718720405302,6.48610023,0.007,0.008,0.014,0.002,0.012,0.012,0.057
145,1,2.4631755944296003,-21.44697477,0.0,0.0,0.988,0.0,0.0,0.0,0.989
145,2,2.4631755944296003,-21.44461677,0.0,0.0,0.988,0.0,0.0,0.0,0.989
145,3,2.4631755944296003,-21.40906077,0.0,0.0,0.989,0.0,0.0,0.0,0.99
145,4,2.4631755944296003,-21.40190677,0.0,0.0,0.991,0.0,0.0,0.0,0.991
145,5,2.4631755944296003,-21.40098677,0.0,0.0,0.99,0.0,0.0,0.0,0.991
145,6,2.4631755944296003,-13.67228677,0.137,0.001,0.0,0.518,0.01,0.0,0.665
145,7,2.4631755944296003,-12.40719477,0.0,0.032,0.0,0.682,0.002,0.0,0.717
145,8,2.4631755944296003,-5.919140769999999,0.338,0.0,0.005,0.2,0.14,0.0,0.683
145,9,2.4631755944296003,-1.40226277,0.0,0.062,0.0,0.004,0.476,0.0,0.544
145,10,2.4631755944296003,-1.09343777,0.014,0.123,0.005,0.004,0.47,0.006,0.622
145,11,2.4631755944296003,-0.9426657700000001,0.0,0.113,0.014,0.002,0.494,0.006,0.629
145,12,2.4631755944296003,-0.5117337699999998,0.0,0.033,0.031,0.006,0.552,0.002,0.627
145,13,2.4631755944296003,-0.3755927699999999,0.002,0.001,0.044000000000000004,0.002,0.5800000000000001,0.002,0.631
145,14,2.4631755944296003,1.44399423,0.227,0.001,0.011,0.078,0.324,0.002,0.644
145,15,2.4631755944296003,3.0207522300000003,0.0,0.28400000000000003,0.002,0.116,0.05399999999999999,0.028,0.485
145,16,2.4631755944296003,4.16184023,0.004,0.401,0.0,0.012,0.094,0.05,0.56
145,17,2.4631755944296003,4.36418623,0.0,0.438,0.0,0.0,0.11599999999999999,0.054000000000000006,0.609
145,18,2.4631755944296003,5.34693523,0.009,0.019,0.009,0.0,0.027999999999999997,0.01,0.076
145,19,2.4631755944296003,5.43270923,0.0,0.0,0.001,0.004,0.042,0.006,0.055
145,20,2.4631755944296003,6.45520423,0.008,0.007,0.014,0.002,0.012,0.012,0.055
146,1,2.4853793494581478,-21.44658077,0.0,0.0,0.988,0.0,0.0,0.0,0.989
146,2,2.4853793494581478,-21.44505677,0.0,0.0,0.988,0.0,0.0,0.0,0.989
146,3,2.4853793494581478,-21.409369769999998,0.0,0.0,0.989,0.0,0.0,0.0,0.99
146,4,2.4853793494581478,-21.401586769999998,0.0,0.0,0.991,0.0,0.0,0.0,0.991
146,5,2.4853793494581478,-21.400995769999998,0.0,0.0,0.99,0.0,0.0,0.0,0.991
146,6,2.4853793494581478,-13.683886769999997,0.137,0.0,0.0,0.518,0.01,0.0,0.665
146,7,2.4853793494581478,-12.41526177,0.0,0.032,0.0,0.682,0.002,0.0,0.716
146,8,2.4853793494581478,-5.91639377,0.336,0.0,0.005,0.2,0.14,0.0,0.682
146,9,2.4853793494581478,-1.40750177,0.0,0.063,0.0,0.004,0.476,0.0,0.543
146,10,2.4853793494581478,-0.9908727699999997,0.011,0.123,0.005,0.004,0.48200000000000004,0.004,0.629
146,11,2.4853793494581478,-0.8745947699999999,0.0,0.118,0.008,0.002,0.502,0.006,0.635
146,12,2.4853793494581478,-0.47653977000000003,0.0,0.023,0.037,0.004,0.5599999999999999,0.002,0.627
146,13,2.4853793494581478,-0.3718357700000001,0.001,0.001,0.045,0.0,0.582,0.002,0.632
146,14,2.4853793494581478,1.37303223,0.23,0.001,0.012,0.082,0.31,0.002,0.636
146,15,2.4853793494581478,2.93726323,0.0,0.287,0.002,0.12,0.042,0.028,0.479
146,16,2.4853793494581478,4.19842023,0.003,0.413,0.0,0.008,0.098,0.05,0.573
146,17,2.4853793494581478,4.3328912299999995,0.0,0.44,0.0,0.0,0.112,0.052000000000000005,0.607
146,18,2.4853793494581478,5.31512523,0.01,0.015,0.01,0.0,0.027999999999999997,0.01,0.071
146,19,2.4853793494581478,5.42237423,0.0,0.0,0.0,0.004,0.042,0.006,0.055
146,20,2.4853793494581478,6.42929623,0.008,0.004,0.014,0.002,0.012,0.012,0.053
147,1,2.507583071847218,-21.446273769999998,0.0,0.0,0.988,0.0,0.0,0.0,0.989
147,2,2.507583071847218,-21.44541377,0.0,0.0,0.99,0.0,0.0,0.0,0.989
147,3,2.507583071847218,-21.40961077,0.0,0.0,0.989,0.0,0.0,0.0,0.99
147,4,2.507583071847218,-21.40133677,0.0,0.0,0.992,0.0,0.0,0.0,0.991
147,5,2.507583071847218,-21.40100177,0.0,0.0,0.991,0.0,0.0,0.0,0.991
147,6,2.507583071847218,-13.69292677,0.138,0.0,0.0,0.516,0.01,0.0,0.665
147,7,2.507583071847218,-12.42157477,0.0,0.032,0.0,0.682,0.002,0.0,0.716
147,8,2.507583071847218,-5.91438777,0.335,0.0,0.005,0.2,0.14,0.0,0.681
147,9,2.507583071847218,-1.4117657700000001,0.0,0.063,0.0,0.004,0.476,0.0,0.543
147,10,2.507583071847218,-0.9013807699999998,0.007,0.123,0.004,0.002,0.49200000000000005,0.004,0.635
147,11,2.507583071847218,-0.8245177699999999,0.0,0.122,0.005,0.0,0.508,0.006,0.64
147,12,2.507583071847218,-0.4419717699999999,0.0,0.014000000000000002,0.041999999999999996,0.004,0.5680000000000001,0.002,0.628
147,13,2.507583071847218,-0.37283476999999987,0.001,0.001,0.045,0.0,0.584,0.002,0.633
147,14,2.507583071847218,1.31122823,0.233,0.001,0.012,0.086,0.29400000000000004,0.002,0.63
147,15,2.507583071847218,2.86716423,0.0,0.29,0.0,0.124,0.030000000000000002,0.028,0.474
147,16,2.507583071847218,4.2308492300000005,0.002,0.424,0.0,0.004,0.102,0.052000000000000005,0.585
147,17,2.507583071847218,4.30888223,0.0,0.44,0.0,0.0,0.11,0.052000000000000005,0.605
147,18,2.507583071847218,5.28877923,0.011,0.009000000000000001,0.01,0.0,0.024,0.008,0.066
147,19,2.507583071847218,5.41431623,0.0,0.0,0.0,0.004,0.042,0.006,0.054
147,20,2.507583071847218,6.40870823,0.008,0.003,0.014,0.002,0.01,0.012,0.051
148,1,2.529786794236288,-21.446045769999998,0.0,0.0,0.988,0.0,0.0,0.0,0.989
148,2,2.529786794236288,-21.44566777,0.0,0.0,0.988,0.0,0.0,0.0,0.989
148,3,2.529786794236288,-21.409780769999998,0.0,0.0,0.989,0.0,0.0,0.0,0.99
148,4,2.529786794236288,-21.401147769999998,0.0,0.0,0.992,0.0,0.0,0.0,0.991
148,5,2.529786794236288,-21.400998769999998,0.0,0.0,0.991,0.0,0.0,0.0,0.991
148,6,2.529786794236288,-13.699391769999998,0.138,0.0,0.0,0.516,0.01,0.0,0.664
148,7,2.529786794236288,-12.426103770000001,0.0,0.032,0.0,0.682,0.002,0.0,0.716
148,8,2.529786794236288,-5.91302377,0.334,0.0,0.005,0.2,0.14,0.0,0.68
148,9,2.529786794236288,-1.41490677,0.0,0.062,0.0,0.004,0.476,0.0,0.542
148,10,2.529786794236288,-0.8299537699999999,0.004,0.124,0.002,0.002,0.506,0.004,0.64
148,11,2.529786794236288,-0.79110477,0.0,0.124,0.001,0.0,0.512,0.004,0.643
148,12,2.529786794236288,-0.41228277,0.0,0.006,0.046,0.002,0.574,0.002,0.63
148,13,2.529786794236288,-0.3773307699999999,0.0,0.001,0.046,0.0,0.582,0.002,0.632
148,14,2.529786794236288,1.26293223,0.236,0.001,0.013,0.088,0.28400000000000003,0.002,0.625
148,15,2.529786794236288,2.81400723,0.0,0.293,0.0,0.126,0.020000000000000004,0.028,0.469
148,16,2.529786794236288,4.25642123,0.001,0.432,0.0,0.002,0.106,0.052000000000000005,0.594
148,17,2.529786794236288,4.29192823,0.0,0.44,0.0,0.0,0.11,0.052000000000000005,0.604
148,18,2.529786794236288,5.2688922300000005,0.012,0.004,0.01,0.0,0.024,0.008,0.062
148,19,2.529786794236288,5.40854523,0.0,0.0,0.0,0.004,0.042,0.006,0.054
148,20,2.529786794236288,6.39374423,0.009,0.001,0.014,0.002,0.01,0.012,0.049
149,1,2.5519905133614103,-21.44590977,0.0,0.0,0.988,0.0,0.0,0.0,0.989
149,2,2.5519905133614103,-21.44581677,0.0,0.0,0.988,0.0,0.0,0.0,0.989
149,3,2.5519905133614103,-21.40988277,0.0,0.0,0.989,0.0,0.0,0.0,0.99
149,4,2.5519905133614103,-21.40103277,0.0,0.0,0.992,0.0,0.0,0.0,0.991
149,5,2.5519905133614103,-21.40100177,0.0,0.0,0.991,0.0,0.0,0.0,0.991
149,6,2.5519905133614103,-13.703275769999998,0.139,0.0,0.0,0.516,0.01,0.0,0.664
149,7,2.5519905133614103,-12.428828769999999,0.0,0.033,0.0,0.682,0.002,0.0,0.716
149,8,2.5519905133614103,-5.91223277,0.333,0.0,0.005,0.2,0.14,0.0,0.68
149,9,2.5519905133614103,-1.4168307699999998,0.0,0.062,0.0,0.004,0.476,0.0,0.542
149,10,2.5519905133614103,-0.7827987699999999,0.001,0.125,0.0,0.0,0.51,0.004,0.644
149,11,2.5519905133614103,-0.7722217699999998,0.0,0.127,0.0,0.0,0.512,0.004,0.645
149,12,2.5519905133614103,-0.3921447699999998,0.0,0.001,0.047,0.0,0.58,0.002,0.631
149,13,2.5519905133614103,-0.3826077699999999,0.0,0.0,0.047,0.0,0.582,0.002,0.632
149,14,2.5519905133614103,1.23206323,0.239,0.0,0.014,0.09,0.278,0.002,0.622
149,15,2.5519905133614103,2.78076723,0.0,0.295,0.0,0.128,0.014,0.028,0.467
149,16,2.5519905133614103,4.27282823,0.0,0.439,0.0,0.0,0.108,0.052000000000000005,0.601
149,17,2.5519905133614103,4.28183623,0.0,0.44,0.0,0.0,0.11,0.052000000000000005,0.603
149,18,2.5519905133614103,5.25645223,0.013,0.001,0.011,0.0,0.024,0.008,0.059
149,19,2.5519905133614103,5.40507523,0.0,0.0,0.0,0.004,0.042,0.006,0.054
149,20,2.5519905133614103,6.38465523,0.009,0.0,0.014,0.002,0.01,0.012,0.048
150,1,2.574194239014428,-21.44586477,0.0,0.0,0.988,0.0,0.0,0.0,0.989
150,2,2.574194239014428,-21.44586177,0.0,0.0,0.9889999999999999,0.0,0.0,0.0,0.989
150,3,2.574194239014428,-21.40991477,0.0,0.0,0.989,0.0,0.0,0.0,0.99
150,4,2.574194239014428,-21.40100077,0.0,0.0,0.991,0.0,0.0,0.0,0.991
150,5,2.574194239014428,-21.400998769999998,0.0,0.0,0.991,0.0,0.0,0.0,0.991
150,6,2.574194239014428,-13.70457077,0.139,0.0,0.0,0.516,0.01,0.0,0.664
150,7,2.574194239014428,-12.42973777,0.0,0.033,0.0,0.682,0.002,0.0,0.716
150,8,2.574194239014428,-5.911972769999999,0.333,0.0,0.005,0.2,0.142,0.0,0.68
150,9,2.574194239014428,-1.4174787699999998,0.0,0.062,0.0,0.004,0.476,0.0,0.542
150,10,2.574194239014428,-0.7661377699999998,0.0,0.127,0.0,0.0,0.512,0.004,0.646
150,11,2.574194239014428,-0.76612977,0.0,0.127,0.0,0.0,0.512,0.004,0.646
150,12,2.574194239014428,-0.38500676999999994,0.0,0.0,0.047,0.0,0.582,0.002,0.632
150,13,2.574194239014428,-0.3850057699999998,0.0,0.0,0.047,0.0,0.582,0.002,0.632
150,14,2.574194239014428,1.22143023,0.239,0.0,0.014,0.092,0.274,0.002,0.621
150,15,2.574194239014428,2.76945023,0.0,0.296,0.0,0.128,0.012,0.03,0.466
150,16,2.574194239014428,4.27848723,0.0,0.44,0.0,0.0,0.108,0.054000000000000006,0.603
150,17,2.574194239014428,4.27848723,0.0,0.44,0.0,0.0,0.108,0.054,0.603
150,18,2.574194239014428,5.25221123,0.013,0.0,0.011,0.0,0.024,0.008,0.058
150,19,2.574194239014428,5.40391623,0.0,0.0,0.0,0.004,0.042,0.006,0.054
150,20,2.574194239014428,6.38160623,0.009,0.0,0.014,0.002,0.01,0.012,0.048
