route,sigma_Ry,frequency_THz,a2F,cumulative_lambda
lambda.x,0.005,0.0,0.0,0.0
lambda.x,0.005,0.007,0.0,0.0
lambda.x,0.005,0.014,0.0,0.0
lambda.x,0.005,0.021,0.0,0.0
lambda.x,0.005,0.028,0.0,0.0
lambda.x,0.005,0.035,0.0,0.0
lambda.x,0.005,0.042,0.0,0.0
lambda.x,0.005,0.049,0.0,0.0
lambda.x,0.005,0.056,0.0,0.0
lambda.x,0.005,0.063,0.0,0.0
lambda.x,0.005,0.07,0.0,0.0
lambda.x,0.005,0.077,0.0,0.0
lambda.x,0.005,0.084,0.0,0.0
lambda.x,0.005,0.091,0.0,0.0
lambda.x,0.005,0.098,0.0,0.0
lambda.x,0.005,0.1051,0.0,0.0
lambda.x,0.005,0.1121,0.0,0.0
lambda.x,0.005,0.1191,0.0,0.0
lambda.x,0.005,0.1261,0.0,0.0
lambda.x,0.005,0.1331,0.0,0.0
lambda.x,0.005,0.1401,0.0,0.0
lambda.x,0.005,0.1471,0.0,0.0
lambda.x,0.005,0.1541,0.0,0.0
lambda.x,0.005,0.1611,0.0,0.0
lambda.x,0.005,0.1681,0.0,0.0
lambda.x,0.005,0.1751,0.0,0.0
lambda.x,0.005,0.1821,0.0,0.0
lambda.x,0.005,0.1891,0.0,0.0
lambda.x,0.005,0.1961,0.0,0.0
lambda.x,0.005,0.2031,0.0,0.0
lambda.x,0.005,0.2101,0.0,0.0
lambda.x,0.005,0.2171,0.0,0.0
lambda.x,0.005,0.2241,0.0,0.0
lambda.x,0.005,0.2311,0.0,0.0
lambda.x,0.005,0.2381,0.0,0.0
lambda.x,0.005,0.2451,0.0,0.0
lambda.x,0.005,0.2521,0.0,0.0
lambda.x,0.005,0.2591,0.0,0.0
lambda.x,0.005,0.2661,0.0,0.0
lambda.x,0.005,0.2731,0.0,0.0
lambda.x,0.005,0.2801,0.0,0.0
lambda.x,0.005,0.2871,0.0,0.0
lambda.x,0.005,0.2941,0.0,0.0
lambda.x,0.005,0.3012,0.0,0.0
lambda.x,0.005,0.3082,0.0,0.0
lambda.x,0.005,0.3152,0.0,0.0
lambda.x,0.005,0.3222,0.0,0.0
lambda.x,0.005,0.3292,0.0,0.0
lambda.x,0.005,0.3362,0.0,0.0
lambda.x,0.005,0.3432,0.0,0.0
lambda.x,0.005,0.3502,0.0,0.0
lambda.x,0.005,0.3572,0.0,0.0
lambda.x,0.005,0.3642,0.0,0.0
lambda.x,0.005,0.3712,0.0,0.0
lambda.x,0.005,0.3782,0.0,0.0
lambda.x,0.005,0.3852,0.0,0.0
lambda.x,0.005,0.3922,0.0,0.0
lambda.x,0.005,0.3992,0.0,0.0
lambda.x,0.005,0.4062,0.0,0.0
lambda.x,0.005,0.4132,0.0,0.0
lambda.x,0.005,0.4202,0.0,0.0
lambda.x,0.005,0.4272,0.0,0.0
lambda.x,0.005,0.4342,0.0,0.0
lambda.x,0.005,0.4412,0.0,0.0
lambda.x,0.005,0.4482,0.0,0.0
lambda.x,0.005,0.4552,0.0,0.0
lambda.x,0.005,0.4622,0.0,0.0
lambda.x,0.005,0.4692,0.0,0.0
lambda.x,0.005,0.4762,0.0,0.0
lambda.x,0.005,0.4832,0.0,0.0
lambda.x,0.005,0.4902,0.0,0.0
lambda.x,0.005,0.4972,0.0,0.0
lambda.x,0.005,0.5043,0.0,0.0
lambda.x,0.005,0.5113,0.0,0.0
lambda.x,0.005,0.5183,0.0,0.0
lambda.x,0.005,0.5253,0.0,0.0
lambda.x,0.005,0.5323,0.0,0.0
lambda.x,0.005,0.5393,0.0,0.0
lambda.x,0.005,0.5463,0.0,0.0
lambda.x,0.005,0.5533,0.0,0.0
lambda.x,0.005,0.5603,0.0,0.0
lambda.x,0.005,0.5673,0.0,0.0
lambda.x,0.005,0.5743,0.0,0.0
lambda.x,0.005,0.5813,0.0,0.0
lambda.x,0.005,0.5883,0.0,0.0
lambda.x,0.005,0.5953,0.0,0.0
lambda.x,0.005,0.6023,0.0,0.0
lambda.x,0.005,0.6093,0.0,0.0
lambda.x,0.005,0.6163,0.0,0.0
lambda.x,0.005,0.6233,0.0,0.0
lambda.x,0.005,0.6303,0.0,0.0
lambda.x,0.005,0.6373,0.0,0.0
lambda.x,0.005,0.6443,0.0,0.0
lambda.x,0.005,0.6513,0.0,0.0
lambda.x,0.005,0.6583,0.0,0.0
lambda.x,0.005,0.6653,0.0,0.0
lambda.x,0.005,0.6723,0.0,0.0
lambda.x,0.005,0.6793,0.0,0.0
lambda.x,0.005,0.6863,0.0,0.0
lambda.x,0.005,0.6933,0.0,0.0
lambda.x,0.005,0.7004,0.0,0.0
lambda.x,0.005,0.7074,0.0,0.0
lambda.x,0.005,0.7144,0.0,0.0
lambda.x,0.005,0.7214,0.0,0.0
lambda.x,0.005,0.7284,0.0,0.0
lambda.x,0.005,0.7354,0.0,0.0
lambda.x,0.005,0.7424,0.0,0.0
lambda.x,0.005,0.7494,0.0,0.0
lambda.x,0.005,0.7564,0.0,0.0
lambda.x,0.005,0.7634,0.0,0.0
lambda.x,0.005,0.7704,0.0,0.0
lambda.x,0.005,0.7774,0.0,0.0
lambda.x,0.005,0.7844,0.0,0.0
lambda.x,0.005,0.7914,0.0,0.0
lambda.x,0.005,0.7984,0.0,0.0
lambda.x,0.005,0.8054,0.0,0.0
lambda.x,0.005,0.8124,0.0,0.0
lambda.x,0.005,0.8194,0.0,0.0
lambda.x,0.005,0.8264,0.0,0.0
lambda.x,0.005,0.8334,0.0,0.0
lambda.x,0.005,0.8404,0.0,0.0
lambda.x,0.005,0.8474,0.0,0.0
lambda.x,0.005,0.8544,0.0,0.0
lambda.x,0.005,0.8614,0.0,0.0
lambda.x,0.005,0.8684,0.0,0.0
lambda.x,0.005,0.8754,0.0,0.0
lambda.x,0.005,0.8824,0.0,0.0
lambda.x,0.005,0.8894,0.0,0.0
lambda.x,0.005,0.8964,0.0,0.0
lambda.x,0.005,0.9035,0.0,0.0
lambda.x,0.005,0.9105,0.0,0.0
lambda.x,0.005,0.9175,0.0,0.0
lambda.x,0.005,0.9245,0.0,0.0
lambda.x,0.005,0.9315,0.0,0.0
lambda.x,0.005,0.9385,0.0,0.0
lambda.x,0.005,0.9455,0.0,0.0
lambda.x,0.005,0.9525,0.0,0.0
lambda.x,0.005,0.9595,0.0,0.0
lambda.x,0.005,0.9665,0.0,0.0
lambda.x,0.005,0.9735,0.0,0.0
lambda.x,0.005,0.9805,0.0,0.0
lambda.x,0.005,0.9875,0.0,0.0
lambda.x,0.005,0.9945,0.0,0.0
lambda.x,0.005,1.0015,0.0,0.0
lambda.x,0.005,1.0085,0.0,0.0
lambda.x,0.005,1.0155,0.0,0.0
lambda.x,0.005,1.0225,0.0,0.0
lambda.x,0.005,1.0295,0.0,0.0
lambda.x,0.005,1.0365,0.0,0.0
lambda.x,0.005,1.0435,0.0,0.0
lambda.x,0.005,1.0505,0.0,0.0
lambda.x,0.005,1.0575,0.0,0.0
lambda.x,0.005,1.0645,0.0,0.0
lambda.x,0.005,1.0715,0.0,0.0
lambda.x,0.005,1.0785,0.0,0.0
lambda.x,0.005,1.0855,0.0,0.0
lambda.x,0.005,1.0925,0.0,0.0
lambda.x,0.005,1.0995,0.0,0.0
lambda.x,0.005,1.1066,0.0,0.0
lambda.x,0.005,1.1136,0.0,0.0
lambda.x,0.005,1.1206,0.0,0.0
lambda.x,0.005,1.1276,0.0,0.0
lambda.x,0.005,1.1346,0.0,0.0
lambda.x,0.005,1.1416,0.0,0.0
lambda.x,0.005,1.1486,0.0,0.0
lambda.x,0.005,1.1556,0.0,0.0
lambda.x,0.005,1.1626,0.0,0.0
lambda.x,0.005,1.1696,0.0,0.0
lambda.x,0.005,1.1766,0.0,0.0
lambda.x,0.005,1.1836,0.0,0.0
lambda.x,0.005,1.1906,0.0,0.0
lambda.x,0.005,1.1976,0.0,0.0
lambda.x,0.005,1.2046,0.0,0.0
lambda.x,0.005,1.2116,0.0,0.0
lambda.x,0.005,1.2186,0.0,0.0
lambda.x,0.005,1.2256,0.0,0.0
lambda.x,0.005,1.2326,0.0,0.0
lambda.x,0.005,1.2396,0.0,0.0
lambda.x,0.005,1.2466,0.0,0.0
lambda.x,0.005,1.2536,0.0,0.0
lambda.x,0.005,1.2606,0.0,0.0
lambda.x,0.005,1.2676,0.0,0.0
lambda.x,0.005,1.2746,0.0,0.0
lambda.x,0.005,1.2816,0.0,0.0
lambda.x,0.005,1.2886,0.0,0.0
lambda.x,0.005,1.2956,0.0,0.0
lambda.x,0.005,1.3027,0.0,0.0
lambda.x,0.005,1.3097,0.0,0.0
lambda.x,0.005,1.3167,0.0,0.0
lambda.x,0.005,1.3237,0.0,0.0
lambda.x,0.005,1.3307,0.0,0.0
lambda.x,0.005,1.3377,0.0,0.0
lambda.x,0.005,1.3447,0.0,0.0
lambda.x,0.005,1.3517,0.0,0.0
lambda.x,0.005,1.3587,0.0,0.0
lambda.x,0.005,1.3657,0.0,0.0
lambda.x,0.005,1.3727,0.0,0.0
lambda.x,0.005,1.3797,0.0,0.0
lambda.x,0.005,1.3867,0.0,0.0
lambda.x,0.005,1.3937,0.0,0.0
lambda.x,0.005,1.4007,0.0,0.0
lambda.x,0.005,1.4077,0.0,0.0
lambda.x,0.005,1.4147,0.0,0.0
lambda.x,0.005,1.4217,0.0,0.0
lambda.x,0.005,1.4287,0.0,0.0
lambda.x,0.005,1.4357,0.0,0.0
lambda.x,0.005,1.4427,0.0,0.0
lambda.x,0.005,1.4497,0.0,0.0
lambda.x,0.005,1.4567,0.0,0.0
lambda.x,0.005,1.4637,0.0,0.0
lambda.x,0.005,1.4707,0.0,0.0
lambda.x,0.005,1.4777,0.0,0.0
lambda.x,0.005,1.4847,0.0,0.0
lambda.x,0.005,1.4917,0.0,0.0
lambda.x,0.005,1.4987,0.0,0.0
lambda.x,0.005,1.5058,0.0,0.0
lambda.x,0.005,1.5128,0.0,0.0
lambda.x,0.005,1.5198,0.0,0.0
lambda.x,0.005,1.5268,0.0,0.0
lambda.x,0.005,1.5338,0.0,0.0
lambda.x,0.005,1.5408,0.0,0.0
lambda.x,0.005,1.5478,0.0,0.0
lambda.x,0.005,1.5548,0.0,0.0
lambda.x,0.005,1.5618,0.0,0.0
lambda.x,0.005,1.5688,0.0,0.0
lambda.x,0.005,1.5758,0.0,0.0
lambda.x,0.005,1.5828,0.0,0.0
lambda.x,0.005,1.5898,0.0,0.0
lambda.x,0.005,1.5968,0.0,0.0
lambda.x,0.005,1.6038,0.0,0.0
lambda.x,0.005,1.6108,0.0,0.0
lambda.x,0.005,1.6178,0.0,0.0
lambda.x,0.005,1.6248,0.0,0.0
lambda.x,0.005,1.6318,0.0,0.0
lambda.x,0.005,1.6388,0.0,0.0
lambda.x,0.005,1.6458,0.0,0.0
lambda.x,0.005,1.6528,0.0,0.0
lambda.x,0.005,1.6598,0.0,0.0
lambda.x,0.005,1.6668,0.0,0.0
lambda.x,0.005,1.6738,0.0,0.0
lambda.x,0.005,1.6808,0.0,0.0
lambda.x,0.005,1.6878,0.0,0.0
lambda.x,0.005,1.6948,0.0,0.0
lambda.x,0.005,1.7019,0.0,0.0
lambda.x,0.005,1.7089,0.0,0.0
lambda.x,0.005,1.7159,0.0,0.0
lambda.x,0.005,1.7229,0.0,0.0
lambda.x,0.005,1.7299,0.0,0.0
lambda.x,0.005,1.7369,0.0,0.0
lambda.x,0.005,1.7439,0.0,0.0
lambda.x,0.005,1.7509,0.0,0.0
lambda.x,0.005,1.7579,0.0,0.0
lambda.x,0.005,1.7649,0.0,0.0
lambda.x,0.005,1.7719,0.0,0.0
lambda.x,0.005,1.7789,0.0,0.0
lambda.x,0.005,1.7859,0.0,0.0
lambda.x,0.005,1.7929,0.0,0.0
lambda.x,0.005,1.7999,0.0,0.0
lambda.x,0.005,1.8069,0.0,0.0
lambda.x,0.005,1.8139,0.0,0.0
lambda.x,0.005,1.8209,0.0,0.0
lambda.x,0.005,1.8279,0.0,0.0
lambda.x,0.005,1.8349,0.0,0.0
lambda.x,0.005,1.8419,0.0,0.0
lambda.x,0.005,1.8489,0.0,0.0
lambda.x,0.005,1.8559,0.0,0.0
lambda.x,0.005,1.8629,0.0,0.0
lambda.x,0.005,1.8699,0.0,0.0
lambda.x,0.005,1.8769,0.0,0.0
lambda.x,0.005,1.8839,0.0,0.0
lambda.x,0.005,1.8909,0.0,0.0
lambda.x,0.005,1.8979,0.0,0.0
lambda.x,0.005,1.905,0.0,0.0
lambda.x,0.005,1.912,0.0,0.0
lambda.x,0.005,1.919,0.0,0.0
lambda.x,0.005,1.926,0.0,0.0
lambda.x,0.005,1.933,0.0,0.0
lambda.x,0.005,1.94,0.0,0.0
lambda.x,0.005,1.947,0.0,0.0
lambda.x,0.005,1.954,0.0,0.0
lambda.x,0.005,1.961,0.0,0.0
lambda.x,0.005,1.968,0.0,0.0
lambda.x,0.005,1.975,0.0,0.0
lambda.x,0.005,1.982,0.0,0.0
lambda.x,0.005,1.989,0.0,0.0
lambda.x,0.005,1.996,0.0,0.0
lambda.x,0.005,2.003,0.0,0.0
lambda.x,0.005,2.01,0.0,0.0
lambda.x,0.005,2.017,0.0,0.0
lambda.x,0.005,2.024,0.0,0.0
lambda.x,0.005,2.031,0.0,0.0
lambda.x,0.005,2.038,0.0,0.0
lambda.x,0.005,2.045,0.0,0.0
lambda.x,0.005,2.052,0.0,0.0
lambda.x,0.005,2.059,0.0,0.0
lambda.x,0.005,2.066,0.0,0.0
lambda.x,0.005,2.073,0.0,0.0
lambda.x,0.005,2.08,0.0,0.0
lambda.x,0.005,2.087,0.0,0.0
lambda.x,0.005,2.094,0.0,0.0
lambda.x,0.005,2.1011,0.0,0.0
lambda.x,0.005,2.1081,0.0,0.0
lambda.x,0.005,2.1151,0.0,0.0
lambda.x,0.005,2.1221,0.0,0.0
lambda.x,0.005,2.1291,0.0,0.0
lambda.x,0.005,2.1361,0.0,0.0
lambda.x,0.005,2.1431,0.0,0.0
lambda.x,0.005,2.1501,0.0,0.0
lambda.x,0.005,2.1571,0.0,0.0
lambda.x,0.005,2.1641,0.0,0.0
lambda.x,0.005,2.1711,0.0,0.0
lambda.x,0.005,2.1781,0.0,0.0
lambda.x,0.005,2.1851,0.0,0.0
lambda.x,0.005,2.1921,0.0,0.0
lambda.x,0.005,2.1991,0.0,0.0
lambda.x,0.005,2.2061,0.0,0.0
lambda.x,0.005,2.2131,0.0,0.0
lambda.x,0.005,2.2201,0.0,0.0
lambda.x,0.005,2.2271,0.0,0.0
lambda.x,0.005,2.2341,0.0,0.0
lambda.x,0.005,2.2411,0.0,0.0
lambda.x,0.005,2.2481,0.0,0.0
lambda.x,0.005,2.2551,0.0,0.0
lambda.x,0.005,2.2621,0.0,0.0
lambda.x,0.005,2.2691,0.0,0.0
lambda.x,0.005,2.2761,0.0,0.0
lambda.x,0.005,2.2831,0.0,0.0
lambda.x,0.005,2.2901,0.0,0.0
lambda.x,0.005,2.2971,0.0,0.0
lambda.x,0.005,2.3042,0.0,0.0
lambda.x,0.005,2.3112,0.0,0.0
lambda.x,0.005,2.3182,0.0,0.0
lambda.x,0.005,2.3252,0.0,0.0
lambda.x,0.005,2.3322,0.0,0.0
lambda.x,0.005,2.3392,0.0,0.0
lambda.x,0.005,2.3462,0.0,0.0
lambda.x,0.005,2.3532,0.0,0.0
lambda.x,0.005,2.3602,0.0,0.0
lambda.x,0.005,2.3672,0.0,0.0
lambda.x,0.005,2.3742,0.0,0.0
lambda.x,0.005,2.3812,0.0,0.0
lambda.x,0.005,2.3882,0.0,0.0
lambda.x,0.005,2.3952,0.0,0.0
lambda.x,0.005,2.4022,0.0,0.0
lambda.x,0.005,2.4092,0.0,0.0
lambda.x,0.005,2.4162,0.0,0.0
lambda.x,0.005,2.4232,0.0,0.0
lambda.x,0.005,2.4302,0.0,0.0
lambda.x,0.005,2.4372,0.0,0.0
lambda.x,0.005,2.4442,0.0,0.0
lambda.x,0.005,2.4512,0.0,0.0
lambda.x,0.005,2.4582,0.0,0.0
lambda.x,0.005,2.4652,0.0,0.0
lambda.x,0.005,2.4722,0.0,0.0
lambda.x,0.005,2.4792,0.0,0.0
lambda.x,0.005,2.4862,0.0,0.0
lambda.x,0.005,2.4932,0.0,0.0
lambda.x,0.005,2.5003,0.0,0.0
lambda.x,0.005,2.5073,0.0,0.0
lambda.x,0.005,2.5143,0.0,0.0
lambda.x,0.005,2.5213,0.0,0.0
lambda.x,0.005,2.5283,0.0,0.0
lambda.x,0.005,2.5353,0.0,0.0
lambda.x,0.005,2.5423,0.0,0.0
lambda.x,0.005,2.5493,0.0,0.0
lambda.x,0.005,2.5563,0.0,0.0
lambda.x,0.005,2.5633,0.0,0.0
lambda.x,0.005,2.5703,0.0,0.0
lambda.x,0.005,2.5773,0.0,0.0
lambda.x,0.005,2.5843,0.0,0.0
lambda.x,0.005,2.5913,0.0,0.0
lambda.x,0.005,2.5983,0.0,0.0
lambda.x,0.005,2.6053,0.0,0.0
lambda.x,0.005,2.6123,0.0,0.0
lambda.x,0.005,2.6193,0.0,0.0
lambda.x,0.005,2.6263,0.0,0.0
lambda.x,0.005,2.6333,0.0,0.0
lambda.x,0.005,2.6403,0.0,0.0
lambda.x,0.005,2.6473,0.0,0.0
lambda.x,0.005,2.6543,0.0,0.0
lambda.x,0.005,2.6613,0.0,0.0
lambda.x,0.005,2.6683,0.0,0.0
lambda.x,0.005,2.6753,0.0,0.0
lambda.x,0.005,2.6823,0.0,0.0
lambda.x,0.005,2.6893,0.0,0.0
lambda.x,0.005,2.6963,0.0,0.0
lambda.x,0.005,2.7034,0.0,0.0
lambda.x,0.005,2.7104,0.0,0.0
lambda.x,0.005,2.7174,0.0,0.0
lambda.x,0.005,2.7244,0.0,0.0
lambda.x,0.005,2.7314,0.0,0.0
lambda.x,0.005,2.7384,0.0,0.0
lambda.x,0.005,2.7454,0.0,0.0
lambda.x,0.005,2.7524,0.0,0.0
lambda.x,0.005,2.7594,0.0,0.0
lambda.x,0.005,2.7664,0.0,0.0
lambda.x,0.005,2.7734,0.0,0.0
lambda.x,0.005,2.7804,0.0,0.0
lambda.x,0.005,2.7874,0.0,0.0
lambda.x,0.005,2.7944,0.0,0.0
lambda.x,0.005,2.8014,0.0,0.0
lambda.x,0.005,2.8084,0.0,0.0
lambda.x,0.005,2.8154,0.0,0.0
lambda.x,0.005,2.8224,0.0,0.0
lambda.x,0.005,2.8294,0.0,0.0
lambda.x,0.005,2.8364,0.0,0.0
lambda.x,0.005,2.8434,0.0,0.0
lambda.x,0.005,2.8504,0.0,0.0
lambda.x,0.005,2.8574,0.0,0.0
lambda.x,0.005,2.8644,0.0,0.0
lambda.x,0.005,2.8714,0.0,0.0
lambda.x,0.005,2.8784,0.0,0.0
lambda.x,0.005,2.8854,0.0,0.0
lambda.x,0.005,2.8924,0.0,0.0
lambda.x,0.005,2.8994,0.0,0.0
lambda.x,0.005,2.9065,0.0,0.0
lambda.x,0.005,2.9135,0.0,0.0
lambda.x,0.005,2.9205,0.0,0.0
lambda.x,0.005,2.9275,0.0,0.0
lambda.x,0.005,2.9345,0.0,0.0
lambda.x,0.005,2.9415,0.0,0.0
lambda.x,0.005,2.9485,0.0,0.0
lambda.x,0.005,2.9555,0.0,0.0
lambda.x,0.005,2.9625,0.0,0.0
lambda.x,0.005,2.9695,0.0,0.0
lambda.x,0.005,2.9765,0.0,0.0
lambda.x,0.005,2.9835,0.0,0.0
lambda.x,0.005,2.9905,0.0,0.0
lambda.x,0.005,2.9975,0.0,0.0
lambda.x,0.005,3.0045,0.0,0.0
lambda.x,0.005,3.0115,0.0,0.0
lambda.x,0.005,3.0185,0.0,0.0
lambda.x,0.005,3.0255,0.0,0.0
lambda.x,0.005,3.0325,0.0,0.0
lambda.x,0.005,3.0395,0.0,0.0
lambda.x,0.005,3.0465,0.0,0.0
lambda.x,0.005,3.0535,0.0,0.0
lambda.x,0.005,3.0605,0.0,0.0
lambda.x,0.005,3.0675,0.0,0.0
lambda.x,0.005,3.0745,0.0,0.0
lambda.x,0.005,3.0815,0.0,0.0
lambda.x,0.005,3.0885,0.0,0.0
lambda.x,0.005,3.0955,0.0,0.0
lambda.x,0.005,3.1026,0.0,0.0
lambda.x,0.005,3.1096,0.0,0.0
lambda.x,0.005,3.1166,0.0,0.0
lambda.x,0.005,3.1236,0.0,0.0
lambda.x,0.005,3.1306,0.0,0.0
lambda.x,0.005,3.1376,0.0,0.0
lambda.x,0.005,3.1446,0.0,0.0
lambda.x,0.005,3.1516,0.0,0.0
lambda.x,0.005,3.1586,0.0,0.0
lambda.x,0.005,3.1656,0.0,0.0
lambda.x,0.005,3.1726,0.0,0.0
lambda.x,0.005,3.1796,0.0,0.0
lambda.x,0.005,3.1866,0.0,0.0
lambda.x,0.005,3.1936,0.0,0.0
lambda.x,0.005,3.2006,0.0,0.0
lambda.x,0.005,3.2076,0.0,0.0
lambda.x,0.005,3.2146,1e-05,2.177564860324805e-08
lambda.x,0.005,3.2216,1e-05,6.527963095370282e-08
lambda.x,0.005,3.2286,1e-05,1.0868918876087398e-07
lambda.x,0.005,3.2356,2e-05,1.7363904924066443e-07
lambda.x,0.005,3.2426,2e-05,2.600829154143965e-07
lambda.x,0.005,3.2496,3e-05,3.6788148342531575e-07
lambda.x,0.005,3.2566,4e-05,5.184840638367287e-07
lambda.x,0.005,3.2636,6e-05,7.331555476873991e-07
lambda.x,0.005,3.2706,8e-05,1.0330701950584903e-06
lambda.x,0.005,3.2776,0.00011,1.4392205968280002e-06
lambda.x,0.005,3.2846,0.00015,1.9938222213706213e-06
lambda.x,0.005,3.2916,0.0002,2.738820919693328e-06
lambda.x,0.005,3.2986,0.00027,3.7371163406262023e-06
lambda.x,0.005,3.3057,0.00035,5.070003839508926e-06
lambda.x,0.005,3.3127,0.00047,6.804295507511256e-06
lambda.x,0.005,3.3197,0.00061,9.08370389775282e-06
lambda.x,0.005,3.3267,0.0008,1.2053314570686075e-05
lambda.x,0.005,3.3337,0.00103,1.5899426533089123e-05
lambda.x,0.005,3.3407,0.00132,2.082807601812922e-05
lambda.x,0.005,3.3477,0.00169,2.712773286065467e-05
lambda.x,0.005,3.3547,0.00214,3.512687924816304e-05
lambda.x,0.005,3.3617,0.00269,4.519358884108851e-05
lambda.x,0.005,3.3687,0.00337,5.779762283895541e-05
lambda.x,0.005,3.3757,0.00418,7.346815603484735e-05
lambda.x,0.005,3.3827,0.00516,9.281384877230459e-05
lambda.x,0.005,3.3897,0.00632,0.00011654301212781213
lambda.x,0.005,3.3967,0.00769,0.0001454420491688601
lambda.x,0.005,3.4037,0.00929,0.00018039546284866835
lambda.x,0.005,3.4107,0.01115,0.00022238500744473094
lambda.x,0.005,3.4177,0.01329,0.00027248893320134447
lambda.x,0.005,3.4247,0.01573,0.0003318607147944547
lambda.x,0.005,3.4317,0.0185,0.00040174883498247656
lambda.x,0.005,3.4387,0.0216,0.0004834553388333715
lambda.x,0.005,3.4457,0.02506,0.00057833527345765
lambda.x,0.005,3.4527,0.02887,0.000687776107821338
lambda.x,0.005,3.4597,0.03304,0.0008131568393972128
lambda.x,0.005,3.4667,0.03755,0.0009558279525849594
lambda.x,0.005,3.4737,0.04238,0.0011170510719402116
lambda.x,0.005,3.4807,0.04751,0.0012979996777181205
lambda.x,0.005,3.4877,0.05291,0.0014997397436954853
lambda.x,0.005,3.4947,0.05852,0.0017231504377042892
lambda.x,0.005,3.5018,0.06428,0.001972372019022247
lambda.x,0.005,3.5088,0.07013,0.002240774167170307
lambda.x,0.005,3.5158,0.07599,0.0025319794000092503
lambda.x,0.005,3.5228,0.08178,0.002845777821439576
lambda.x,0.005,3.5298,0.08742,0.0031816431707328004
lambda.x,0.005,3.5368,0.09281,0.003538695745803428
lambda.x,0.005,3.5438,0.09786,0.003915685367259419
lambda.x,0.005,3.5508,0.10249,0.004311033769544678
lambda.x,0.005,3.5578,0.10661,0.004722837224483532
lambda.x,0.005,3.5648,0.11014,0.005148869061389691
lambda.x,0.005,3.5718,0.11302,0.005586641033688062
lambda.x,0.005,3.5788,0.11519,0.0060334445636843785
lambda.x,0.005,3.5858,0.11659,0.0064863524647271326
lambda.x,0.005,3.5928,0.11722,0.006942337547044029
lambda.x,0.005,3.5998,0.11705,0.007398331961130403
lambda.x,0.005,3.6068,0.11608,0.007851227400043131
lambda.x,0.005,3.6138,0.11434,0.008297991747544906
lambda.x,0.005,3.6208,0.11187,0.008735745932098223
lambda.x,0.005,3.6278,0.1087,0.009161762781941453
lambda.x,0.005,3.6348,0.10491,0.009573542849644652
lambda.x,0.005,3.6418,0.10056,0.009968870509149921
lambda.x,0.005,3.6488,0.09573,0.010345811701659869
lambda.x,0.005,3.6558,0.09052,0.010702788441393257
lambda.x,0.005,3.6628,0.08501,0.011038576164463252
lambda.x,0.005,3.6698,0.0793,0.011352300956550198
lambda.x,0.005,3.6768,0.07347,0.011643436952944881
lambda.x,0.005,3.6838,0.0676,0.011911765613684016
lambda.x,0.005,3.6908,0.06178,0.012157392355906385
lambda.x,0.005,3.6978,0.05608,0.012380725204357141
lambda.x,0.005,3.7049,0.05056,0.012585294425302276
lambda.x,0.005,3.7119,0.04527,0.012766193343056589
lambda.x,0.005,3.7189,0.04026,0.012927345188928236
lambda.x,0.005,3.7259,0.03556,0.013069933681187569
lambda.x,0.005,3.7329,0.0312,0.013195248491693274
lambda.x,0.005,3.7399,0.02718,0.013304628300655218
lambda.x,0.005,3.7469,0.02353,0.013399460324762073
lambda.x,0.005,3.7539,0.02022,0.013481124117895286
lambda.x,0.005,3.7609,0.01726,0.013550954194076295
lambda.x,0.005,3.7679,0.01464,0.013610277657285012
lambda.x,0.005,3.7749,0.01233,0.01366034001316685
lambda.x,0.005,3.7819,0.01031,0.013702287195607638
lambda.x,0.005,3.7889,0.00857,0.013737203287614358
lambda.x,0.005,3.7959,0.00707,0.013766074130270853
lambda.x,0.005,3.8029,0.00579,0.013789769537528158
lambda.x,0.005,3.8099,0.00472,0.013809099337153343
lambda.x,0.005,3.8169,0.00381,0.013824758826530949
lambda.x,0.005,3.8239,0.00306,0.013837347783203524
lambda.x,0.005,3.8309,0.00244,0.013847407876465276
lambda.x,0.005,3.8379,0.00193,0.013855386513057262
lambda.x,0.005,3.8449,0.00152,0.013861673969448783
lambda.x,0.005,3.8519,0.00119,0.013866603840711013
lambda.x,0.005,3.8589,0.00092,0.013870435279199664
lambda.x,0.005,3.8659,0.00071,0.013873389748297563
lambda.x,0.005,3.8729,0.00054,0.013875651360835484
lambda.x,0.005,3.8799,0.00041,0.013877367083428759
lambda.x,0.005,3.8869,0.00031,0.01387866507873826
lambda.x,0.005,3.8939,0.00023,0.013879636831479384
lambda.x,0.005,3.901,0.00017,0.013880365613216025
lambda.x,0.005,3.908,0.00013,0.013880903518883863
lambda.x,0.005,3.915,9e-05,0.013881297294104748
lambda.x,0.005,3.922,7e-05,0.01388158314990199
lambda.x,0.005,3.929,5e-05,0.013881797167350144
lambda.x,0.005,3.936,4e-05,0.013881957386752668
lambda.x,0.005,3.943,3e-05,0.013882081783903944
lambda.x,0.005,3.95,2e-05,0.013882170485881813
lambda.x,0.005,3.957,1e-05,0.013882223619089107
lambda.x,0.005,3.964,1e-05,0.013882258968188801
lambda.x,0.005,3.971,1e-05,0.013882294254920735
lambda.x,0.005,3.978,0.0,0.013882311882722296
lambda.x,0.005,3.985,0.0,0.013882311882722296
lambda.x,0.005,3.992,0.0,0.013882311882722296
lambda.x,0.005,3.999,0.0,0.013882311882722296
lambda.x,0.005,4.006,0.0,0.013882311882722296
lambda.x,0.005,4.013,0.0,0.013882311882722296
lambda.x,0.005,4.02,0.0,0.013882311882722296
lambda.x,0.005,4.027,0.0,0.013882311882722296
lambda.x,0.005,4.034,0.0,0.013882311882722296
lambda.x,0.005,4.041,0.0,0.013882311882722296
lambda.x,0.005,4.048,0.0,0.013882311882722296
lambda.x,0.005,4.055,0.0,0.013882311882722296
lambda.x,0.005,4.062,0.0,0.013882311882722296
lambda.x,0.005,4.069,0.0,0.013882311882722296
lambda.x,0.005,4.076,0.0,0.013882311882722296
lambda.x,0.005,4.083,0.0,0.013882311882722296
lambda.x,0.005,4.09,0.0,0.013882311882722296
lambda.x,0.005,4.097,0.0,0.013882311882722296
lambda.x,0.005,4.1041,0.0,0.013882311882722296
lambda.x,0.005,4.1111,0.0,0.013882311882722296
lambda.x,0.005,4.1181,0.0,0.013882311882722296
lambda.x,0.005,4.1251,0.0,0.013882311882722296
lambda.x,0.005,4.1321,1e-05,0.013882328823261006
lambda.x,0.005,4.1391,1e-05,0.013882362675688773
lambda.x,0.005,4.1461,1e-05,0.013882396470913978
lambda.x,0.005,4.1531,2e-05,0.013882447064009101
lambda.x,0.005,4.1601,3e-05,0.013882531253323857
lambda.x,0.005,4.1671,4e-05,0.013882648925891564
lambda.x,0.005,4.1741,5e-05,0.013882799969314357
lambda.x,0.005,4.1811,7e-05,0.01388300101376507
lambda.x,0.005,4.1881,0.0001,0.01388328534803557
lambda.x,0.005,4.1951,0.00014,0.013883686094139742
lambda.x,0.005,4.2021,0.00019,0.013884236208425722
lambda.x,0.005,4.2091,0.00026,0.013884985113312489
lambda.x,0.005,4.2161,0.00035,0.013885998615548043
lambda.x,0.005,4.2231,0.00047,0.013887358769875511
lambda.x,0.005,4.2301,0.00062,0.013889163798915005
lambda.x,0.005,4.2371,0.00082,0.013891544479536966
lambda.x,0.005,4.2441,0.00107,0.013894663982588507
lambda.x,0.005,4.2511,0.0014,0.013898734071182122
lambda.x,0.005,4.2581,0.00181,0.013904014862380035
lambda.x,0.005,4.2651,0.00233,0.013910814428284363
lambda.x,0.005,4.2721,0.00298,0.013919521333184243
lambda.x,0.005,4.2791,0.00379,0.013930604079535466
lambda.x,0.005,4.2861,0.00478,0.013944610612120554
lambda.x,0.005,4.2931,0.00599,0.013962184078011204
lambda.x,0.005,4.3002,0.00746,0.013984407540911938
lambda.x,0.005,4.3072,0.00923,0.014011551626477638
lambda.x,0.005,4.3142,0.01135,0.014044968019609704
lambda.x,0.005,4.3212,0.01386,0.014085836045042818
lambda.x,0.005,4.3282,0.01683,0.014135507309003925
lambda.x,0.005,4.3352,0.02029,0.014195488517292186
lambda.x,0.005,4.3422,0.02432,0.014267456490735774
lambda.x,0.005,4.3492,0.02895,0.014353257199263163
lambda.x,0.005,4.3562,0.03426,0.014454904544066522
lambda.x,0.005,4.3632,0.04028,0.014574579408381989
lambda.x,0.005,4.3702,0.04705,0.01471456438757491
lambda.x,0.005,4.3772,0.05462,0.014877275147600833
lambda.x,0.005,4.3842,0.06301,0.01506522766722465
lambda.x,0.005,4.3912,0.07224,0.0152809896983557
lambda.x,0.005,4.3982,0.08229,0.015527116773776387
lambda.x,0.005,4.4052,0.09316,0.015806120402763166
lambda.x,0.005,4.4122,0.10481,0.016120436671062516
lambda.x,0.005,4.4192,0.11718,0.016472331578486425
lambda.x,0.005,4.4262,0.13021,0.016863870435624394
lambda.x,0.005,4.4332,0.14378,0.017296824392706404
lambda.x,0.005,4.4402,0.15779,0.017772609086000327
lambda.x,0.005,4.4472,0.1721,0.01829225544723643
lambda.x,0.005,4.4542,0.18655,0.018856317731561236
lambda.x,0.005,4.4612,0.20097,0.019464829389669095
lambda.x,0.005,4.4682,0.21519,0.020117290643072272
lambda.x,0.005,4.4752,0.229,0.02081260925594272
lambda.x,0.005,4.4822,0.2422,0.021549057289045208
lambda.x,0.005,4.4892,0.25461,0.02232432187121127
lambda.x,0.005,4.4962,0.26601,0.023135477756139743
lambda.x,0.005,4.5033,0.27624,0.023991063087257562
lambda.x,0.005,4.5103,0.28512,0.024862962016919746
lambda.x,0.005,4.5173,0.29249,0.025758711148049385
lambda.x,0.005,4.5243,0.29824,0.02667339025727427
lambda.x,0.005,4.5313,0.30224,0.027601730923285914
lambda.x,0.005,4.5383,0.30445,0.02853822659892726
lambda.x,0.005,4.5453,0.3048,0.02947722669682322
lambda.x,0.005,4.5523,0.30331,0.030413029665810082
lambda.x,0.005,4.5593,0.29999,0.03134000634316497
lambda.x,0.005,4.5663,0.2949,0.03225266080556943
lambda.x,0.005,4.5733,0.28814,0.03314576742651251
lambda.x,0.005,4.5803,0.27982,0.03401444573072572
lambda.x,0.005,4.5873,0.27008,0.03485421934730669
lambda.x,0.005,4.5943,0.2591,0.03566112026887773
lambda.x,0.005,4.6013,0.24704,0.03643171627489283
lambda.x,0.005,4.6083,0.23411,0.037163153197307806
lambda.x,0.005,4.6153,0.22049,0.03785318186042657
lambda.x,0.005,4.6223,0.2064,0.038500169488176805
lambda.x,0.005,4.6293,0.19202,0.03910309606490419
lambda.x,0.005,4.6363,0.17755,0.03966152034383202
lambda.x,0.005,4.6433,0.16315,0.040175546249020026
lambda.x,0.005,4.6503,0.14901,0.04064580444650763
lambda.x,0.005,4.6573,0.13525,0.04107338912252289
lambda.x,0.005,4.6643,0.12201,0.04145978000242476
lambda.x,0.005,4.6713,0.10939,0.04180681011289355
lambda.x,0.005,4.6783,0.09748,0.042116588762347515
lambda.x,0.005,4.6853,0.08634,0.0423914401048028
lambda.x,0.005,4.6923,0.07602,0.04263384211758789
lambda.x,0.005,4.6993,0.06655,0.0428463809743321
lambda.x,0.005,4.7064,0.05793,0.043034321202632515
lambda.x,0.005,4.7134,0.05017,0.04319499144699554
lambda.x,0.005,4.7204,0.04324,0.043333621978715264
lambda.x,0.005,4.7274,0.03711,0.04345269353005263
lambda.x,0.005,4.7344,0.03176,0.04355460182868965
lambda.x,0.005,4.7414,0.02715,0.043641643358411523
lambda.x,0.005,4.7484,0.02322,0.04371595693386531
lambda.x,0.005,4.7554,0.01993,0.04377952458608036
lambda.x,0.005,4.7624,0.01724,0.04383420192528372
lambda.x,0.005,4.7694,0.01511,0.04388171888363327
lambda.x,0.005,4.7764,0.01348,0.04392365114172641
lambda.x,0.005,4.7834,0.01231,0.04396142098916768
lambda.x,0.005,4.7904,0.01158,0.043996356714927846
lambda.x,0.005,4.7974,0.01124,0.04402967860791129
lambda.x,0.005,4.8044,0.01126,0.04406248495289758
lambda.x,0.005,4.8114,0.01162,0.04409579642992356
lambda.x,0.005,4.8184,0.01228,0.044130542059131674
lambda.x,0.005,4.8254,0.01323,0.04416757419732294
lambda.x,0.005,4.8324,0.01444,0.04420768353126451
lambda.x,0.005,4.8394,0.01588,0.044251570463528504
lambda.x,0.005,4.8464,0.01753,0.044299860078196605
lambda.x,0.005,4.8534,0.01937,0.044353117019469764
lambda.x,0.005,4.8604,0.02137,0.04441183143799782
lambda.x,0.005,4.8674,0.0235,0.04447640501755075
lambda.x,0.005,4.8744,0.02573,0.04454715148356521
lambda.x,0.005,4.8814,0.02803,0.04462429710804204
lambda.x,0.005,4.8884,0.03036,0.04470796689121243
lambda.x,0.005,4.8954,0.03269,0.04479818512065887
lambda.x,0.005,4.9025,0.03498,0.04489625623187303
lambda.x,0.005,4.9095,0.03719,0.044999227944190305
lambda.x,0.005,4.9165,0.03928,0.045108179674153606
lambda.x,0.005,4.9235,0.04121,0.04522269607138019
lambda.x,0.005,4.9305,0.04295,0.045342264093494684
lambda.x,0.005,4.9375,0.04445,0.04546625940349354
lambda.x,0.005,4.9445,0.04571,0.045593989431615814
lambda.x,0.005,4.9515,0.04668,0.04572469386181803
lambda.x,0.005,4.9585,0.04735,0.04585753079735603
lambda.x,0.005,4.9655,0.0477,0.04599161959278117
lambda.x,0.005,4.9725,0.04773,0.04612605512981173
lambda.x,0.005,4.9795,0.04743,0.04625992205236917
lambda.x,0.005,4.9865,0.04682,0.04639232288012073
lambda.x,0.005,4.9935,0.0459,0.046522391985600084
lambda.x,0.005,5.0005,0.0447,0.04664930937496658
lambda.x,0.005,5.0075,0.04323,0.04677231447056287
lambda.x,0.005,5.0145,0.04152,0.0468907057397763
lambda.x,0.005,5.0215,0.03962,0.0470038961648313
lambda.x,0.005,5.0285,0.03754,0.047111384802310016
lambda.x,0.005,5.0355,0.03533,0.04721275622657784
lambda.x,0.005,5.0425,0.03302,0.04730770789600159
lambda.x,0.005,5.0495,0.03066,0.047396049487964505
lambda.x,0.005,5.0565,0.02827,0.04747768847195085
lambda.x,0.005,5.0635,0.02589,0.04755261568639954
lambda.x,0.005,5.0705,0.02355,0.04762091872163082
lambda.x,0.005,5.0775,0.02128,0.04768276758053902
lambda.x,0.005,5.0845,0.01909,0.04773838668977414
lambda.x,0.005,5.0915,0.01701,0.04778805456227904
lambda.x,0.005,5.0985,0.01506,0.04783211726743719
lambda.x,0.005,5.1056,0.01324,0.04787150125787108
lambda.x,0.005,5.1126,0.01156,0.04790548143788069
lambda.x,0.005,5.1196,0.01003,0.04793502296318402
lambda.x,0.005,5.1266,0.00864,0.04796053421776487
lambda.x,0.005,5.1336,0.00739,0.04798240825957722
lambda.x,0.005,5.1406,0.00628,0.04800103653978669
lambda.x,0.005,5.1476,0.0053,0.04801679531294635
lambda.x,0.005,5.1546,0.00444,0.04803003212098101
lambda.x,0.005,5.1616,0.0037,0.04804107951073627
lambda.x,0.005,5.1686,0.00306,0.0480502415903647
lambda.x,0.005,5.1756,0.00252,0.04805779414654947
lambda.x,0.005,5.1826,0.00206,0.04806398483425514
lambda.x,0.005,5.1896,0.00167,0.04806901980356117
lambda.x,0.005,5.1966,0.00135,0.048073090882357804
lambda.x,0.005,5.2036,0.00109,0.04807637567163388
lambda.x,0.005,5.2106,0.00088,0.04807902416970473
lambda.x,0.005,5.2176,0.00072,0.04808117233657044
lambda.x,0.005,5.2246,0.00059,0.048082928789070056
lambda.x,0.005,5.2316,0.00051,0.048084401671828286
lambda.x,0.005,5.2386,0.00045,0.048085685369140804
lambda.x,0.005,5.2456,0.00043,0.04808686048907748
lambda.x,0.005,5.2526,0.00045,0.048088034006326025
lambda.x,0.005,5.2596,0.00051,0.048089312468171226
lambda.x,0.005,5.2666,0.00061,0.04809080199676878
lambda.x,0.005,5.2736,0.00077,0.0480926348387341
lambda.x,0.005,5.2806,0.00099,0.04809496926181205
lambda.x,0.005,5.2876,0.00129,0.04809798938180148
lambda.x,0.005,5.2946,0.00168,0.04810191828188531
lambda.x,0.005,5.3017,0.00221,0.04810713076001798
lambda.x,0.005,5.3087,0.00289,0.048113859417791796
lambda.x,0.005,5.3157,0.00375,0.048122608345511665
lambda.x,0.005,5.3227,0.00485,0.0481339248892608
lambda.x,0.005,5.3297,0.00624,0.04814849881432088
lambda.x,0.005,5.3367,0.00797,0.048167148423458116
lambda.x,0.005,5.3437,0.01011,0.04819084608204323
lambda.x,0.005,5.3507,0.01274,0.04822075669288458
lambda.x,0.005,5.3577,0.01594,0.04825824977178916
lambda.x,0.005,5.3647,0.01982,0.04830493752370544
lambda.x,0.005,5.3717,0.02447,0.04836268665927856
lambda.x,0.005,5.3787,0.03001,0.04843363004938972
lambda.x,0.005,5.3857,0.03655,0.04852019138614073
lambda.x,0.005,5.3927,0.04422,0.04862509663546246
lambda.x,0.005,5.3997,0.05313,0.04875137250240469
lambda.x,0.005,5.4067,0.06341,0.04890234483901309
lambda.x,0.005,5.4137,0.07516,0.049081624199527274
lambda.x,0.005,5.4207,0.08849,0.049293078491686584
lambda.x,0.005,5.4277,0.10347,0.04954079297453144
lambda.x,0.005,5.4347,0.12016,0.04982900467027232
lambda.x,0.005,5.4417,0.1386,0.05016206297540257
lambda.x,0.005,5.4487,0.15879,0.05054435196710857
lambda.x,0.005,5.4557,0.18068,0.05098017468350309
lambda.x,0.005,5.4627,0.20419,0.051473650943444374
lambda.x,0.005,5.4697,0.22919,0.052028615853519526
lambda.x,0.005,5.4767,0.25551,0.05264850614981704
lambda.x,0.005,5.4837,0.28291,0.05333622175175398
lambda.x,0.005,5.4907,0.31113,0.054094013647663815
lambda.x,0.005,5.4977,0.33984,0.05492337257601556
lambda.x,0.005,5.5048,0.36868,0.05583777602231073
lambda.x,0.005,5.5118,0.39726,0.056811117170315464
lambda.x,0.005,5.5188,0.42514,0.05785488241791694
lambda.x,0.005,5.5258,0.45189,0.05896657388490279
lambda.x,0.005,5.5328,0.47706,0.060142589127094574
lambda.x,0.005,5.5398,0.50021,0.061378214054834936
lambda.x,0.005,5.5468,0.52093,0.06266767904362097
lambda.x,0.005,5.5538,0.53882,0.0640042147228178
lambda.x,0.005,5.5608,0.55354,0.06538014514553239
lambda.x,0.005,5.5678,0.5648,0.06678703074097905
lambda.x,0.005,5.5748,0.57238,0.06821582290945855
lambda.x,0.005,5.5818,0.57612,0.06965703021970616
lambda.x,0.005,5.5888,0.57595,0.07110090859911353
lambda.x,0.005,5.5958,0.57188,0.07253767539953943
lambda.x,0.005,5.6028,0.56397,0.07395767213434702
lambda.x,0.005,5.6098,0.5524,0.07535157606521158
lambda.x,0.005,5.6168,0.53739,0.07671059811622842
lambda.x,0.005,5.6238,0.51924,0.07802662964263511
lambda.x,0.005,5.6308,0.4983,0.07929240078039158
lambda.x,0.005,5.6378,0.47496,0.08050158810088635
lambda.x,0.005,5.6448,0.44963,0.08164888437989683
lambda.x,0.005,5.6518,0.42277,0.08273008028884515
lambda.x,0.005,5.6588,0.39481,0.08374208377601004
lambda.x,0.005,5.6658,0.3662,0.08468290214080261
lambda.x,0.005,5.6728,0.33735,0.08555161195558744
lambda.x,0.005,5.6798,0.30867,0.08634830443268035
lambda.x,0.005,5.6868,0.28051,0.0870740065702529
lambda.x,0.005,5.6938,0.25319,0.08773056580995495
lambda.x,0.005,5.7009,0.22698,0.08832897108194222
lambda.x,0.005,5.7079,0.20209,0.08885551165264925
lambda.x,0.005,5.7149,0.17872,0.08932225732806902
lambda.x,0.005,5.7219,0.15698,0.08973321039597851
lambda.x,0.005,5.7289,0.13694,0.09009257856651808
lambda.x,0.005,5.7359,0.11865,0.09040470068597443
lambda.x,0.005,5.7429,0.10211,0.0906739607444547
lambda.x,0.005,5.7499,0.08727,0.09090466584029343
lambda.x,0.005,5.7569,0.07409,0.09110099784277877
lambda.x,0.005,5.7639,0.06247,0.0912669532928923
lambda.x,0.005,5.7709,0.05231,0.09140627143551154
lambda.x,0.005,5.7779,0.04351,0.09152243546703805
lambda.x,0.005,5.7849,0.03594,0.09161863747406733
lambda.x,0.005,5.7919,0.02949,0.09169776771174158
lambda.x,0.005,5.7989,0.02403,0.09176241609127532
lambda.x,0.005,5.8059,0.01945,0.09181487360011609
lambda.x,0.005,5.8129,0.01564,0.09185715785616441
lambda.x,0.005,5.8199,0.01249,0.0918910144237702
lambda.x,0.005,5.8269,0.0099,0.09191793013506853
lambda.x,0.005,5.8339,0.0078,0.09193918234230809
lambda.x,0.005,5.8409,0.0061,0.09195585195035408
lambda.x,0.005,5.8479,0.00474,0.09196883629920076
lambda.x,0.005,5.8549,0.00366,0.09197888595279372
lambda.x,0.005,5.8619,0.0028,0.09198660540054167
lambda.x,0.005,5.8689,0.00213,0.09199248953647524
lambda.x,0.005,5.8759,0.00161,0.09199694805067238
lambda.x,0.005,5.8829,0.00121,0.09200030582082458
lambda.x,0.005,5.8899,0.0009,0.09200281521459404
lambda.x,0.005,5.8969,0.00067,0.09200468017540288
lambda.x,0.005,5.904,0.00049,0.09200607613196365
lambda.x,0.005,5.911,0.00036,0.09200708341782636
lambda.x,0.005,5.918,0.00026,0.09200781727795929
lambda.x,0.005,5.925,0.00019,0.09200834928686297
lambda.x,0.005,5.932,0.00014,0.092008738965101
lambda.x,0.005,5.939,0.0001,0.09200902203572563
lambda.x,0.005,5.946,7e-05,0.0920092223090278
lambda.x,0.005,5.953,5e-05,0.09200936351125498
lambda.x,0.005,5.96,4e-05,0.09200946928500618
lambda.x,0.005,5.967,4e-05,0.09200956318962476
lambda.x,0.005,5.974,4e-05,0.09200965698414657
lambda.x,0.005,5.981,4e-05,0.09200975066882945
lambda.x,0.005,5.988,5e-05,0.09200985593397715
lambda.x,0.005,5.995,7e-05,0.09200999611898993
lambda.x,0.005,6.002,9e-05,0.09201018281878057
lambda.x,0.005,6.009,0.00013,0.09201043922329964
lambda.x,0.005,6.016,0.00018,0.09201080010429641
lambda.x,0.005,6.023,0.00024,0.09201128847655117
lambda.x,0.005,6.03,0.00033,0.09201195049189369
lambda.x,0.005,6.037,0.00046,0.09201286695397619
lambda.x,0.005,6.044,0.00062,0.09201411839898653
lambda.x,0.005,6.051,0.00084,0.09201580820669972
lambda.x,0.005,6.058,0.00113,0.09201808565836388
lambda.x,0.005,6.065,0.0015,0.09202112261466729
lambda.x,0.005,6.072,0.00199,0.09202514799653717
lambda.x,0.005,6.079,0.00261,0.092030447562084
lambda.x,0.005,6.086,0.00341,0.092037375106941
lambda.x,0.005,6.093,0.00442,0.09204637518158638
lambda.x,0.005,6.1001,0.0057,0.09205815999963102
lambda.x,0.005,6.1071,0.00729,0.0920730567241213
lambda.x,0.005,6.1141,0.00927,0.09209202574506253
lambda.x,0.005,6.1211,0.0117,0.0921160188659411
lambda.x,0.005,6.1281,0.01467,0.09214615604706353
lambda.x,0.005,6.1351,0.01827,0.09218375890612557
lambda.x,0.005,6.1421,0.0226,0.09223036119514429
lambda.x,0.005,6.1491,0.02777,0.09228773061451317
lambda.x,0.005,6.1561,0.03388,0.09235786776129351
lambda.x,0.005,6.1631,0.04105,0.09244301641549887
lambda.x,0.005,6.1701,0.04941,0.09254569649683407
lambda.x,0.005,6.1771,0.05906,0.09266868016080633
lambda.x,0.005,6.1841,0.07013,0.09281499061744913
lambda.x,0.005,6.1911,0.0827,0.09298787842062978
lambda.x,0.005,6.1981,0.09686,0.09319077520131268
lambda.x,0.005,6.2051,0.11267,0.09342727030068483
lambda.x,0.005,6.2121,0.13018,0.09370106494735529
lambda.x,0.005,6.2191,0.14938,0.09401589295107693
lambda.x,0.005,6.2261,0.17026,0.09437545302208135
lambda.x,0.005,6.2331,0.19273,0.09478331908590457
lambda.x,0.005,6.2401,0.21669,0.09524283978269313
lambda.x,0.005,6.2471,0.24198,0.0957570610285267
lambda.x,0.005,6.2541,0.26838,0.09632859298418364
lambda.x,0.005,6.2611,0.29564,0.09695951130841031
lambda.x,0.005,6.2681,0.32346,0.09765127016810521
lambda.x,0.005,6.2751,0.35149,0.09840459339858193
lambda.x,0.005,6.2821,0.37936,0.09921939969887149
lambda.x,0.005,6.2891,0.40667,0.10009475054160784
lambda.x,0.005,6.2961,0.43297,0.101028765006252
lambda.x,0.005,6.3032,0.45785,0.10203274530090244
lambda.x,0.005,6.3102,0.48087,0.10307464559688091
lambda.x,0.005,6.3172,0.50162,0.10416391996754953
lambda.x,0.005,6.3242,0.51971,0.1052950038779583
lambda.x,0.005,6.3312,0.5348,0.1064615436683876
lambda.x,0.005,6.3382,0.54658,0.10765648845671336
lambda.x,0.005,6.3452,0.55484,0.10887223666892924
lambda.x,0.005,6.3522,0.5594,0.11010078184718773
lambda.x,0.005,6.3592,0.56017,0.11133384656207554
lambda.x,0.005,6.3662,0.55712,0.11256304864779229
lambda.x,0.005,6.3732,0.55034,0.1137800994380561
lambda.x,0.005,6.3802,0.53994,0.11497695710067213
lambda.x,0.005,6.3872,0.52615,0.11614597901083869
lambda.x,0.005,6.3942,0.50923,0.11728008435767717
lambda.x,0.005,6.4012,0.4895,0.11837285014044813
lambda.x,0.005,6.4082,0.46735,0.11941865037012357
lambda.x,0.005,6.4152,0.44317,0.12041272905353187
lambda.x,0.005,6.4222,0.41738,0.12135122909728373
lambda.x,0.005,6.4292,0.39044,0.12223126464125861
lambda.x,0.005,6.4362,0.36275,0.1230508951265581
lambda.x,0.005,6.4432,0.33474,0.1238090885217519
lambda.x,0.005,6.4502,0.3068,0.12450570655992953
lambda.x,0.005,6.4572,0.27929,0.1251414249295656
lambda.x,0.005,6.4642,0.25252,0.12571764308063973
lambda.x,0.005,6.4712,0.22678,0.12623640531251074
lambda.x,0.005,6.4782,0.2023,0.12670031151805233
lambda.x,0.005,6.4852,0.17925,0.1271123851877463
lambda.x,0.005,6.4922,0.15778,0.12747598525443996
lambda.x,0.005,6.4992,0.13798,0.12779471845967727
lambda.x,0.005,6.5063,0.11989,0.12807628359188586
lambda.x,0.005,6.5133,0.10353,0.12831653705956347
lambda.x,0.005,6.5203,0.08889,0.12852323289614292
lambda.x,0.005,6.5273,0.07593,0.12870009132269097
lambda.x,0.005,6.5343,0.06458,0.1288507027120332
lambda.x,0.005,6.5413,0.05476,0.12897848530545447
lambda.x,0.005,6.5483,0.0464,0.12908668593765021
lambda.x,0.005,6.5553,0.0394,0.12917835942393124
lambda.x,0.005,6.5623,0.03368,0.12925635867873306
lambda.x,0.005,6.5693,0.02915,0.12932334625503458
lambda.x,0.005,6.5763,0.02575,0.12938181643249552
lambda.x,0.005,6.5833,0.02341,0.12943411723349285
lambda.x,0.005,6.5903,0.02208,0.12948246165520372
lambda.x,0.005,6.5973,0.02173,0.12952897070717206
lambda.x,0.005,6.6043,0.02234,0.12957570562151774
lambda.x,0.005,6.6113,0.02391,0.1296246998812832
lambda.x,0.005,6.6183,0.02645,0.129677991090541
lambda.x,0.005,6.6253,0.02998,0.12973764209928534
lambda.x,0.005,6.6323,0.03454,0.12980577257119214
lambda.x,0.005,6.6393,0.04018,0.1298845903960345
lambda.x,0.005,6.6463,0.04695,0.12997640186110498
lambda.x,0.005,6.6533,0.05492,0.13008363227908668
lambda.x,0.005,6.6603,0.06415,0.13020883601960412
lambda.x,0.005,6.6673,0.0747,0.13035468545688986
lambda.x,0.005,6.6743,0.08663,0.13052397047447156
lambda.x,0.005,6.6813,0.1,0.1307195979724551
lambda.x,0.005,6.6883,0.11485,0.13094457044531196
lambda.x,0.005,6.6953,0.13121,0.13120195419467368
lambda.x,0.005,6.7024,0.14911,0.13149905074238474
lambda.x,0.005,6.7094,0.16854,0.13183062139184384
lambda.x,0.005,6.7164,0.1895,0.13220396289608205
lambda.x,0.005,6.7234,0.21194,0.1326221237241548
lambda.x,0.005,6.7304,0.23584,0.1330880699701925
lambda.x,0.005,6.7374,0.2611,0.1336046337795834
lambda.x,0.005,6.7444,0.28767,0.13417448268197282
lambda.x,0.005,6.7514,0.31542,0.13480008922358516
lambda.x,0.005,6.7584,0.34426,0.1354836902594442
lambda.x,0.005,6.7654,0.37404,0.1362272672787632
lambda.x,0.005,6.7724,0.40464,0.13703251638877365
lambda.x,0.005,6.7794,0.4359,0.1379008392006944
lambda.x,0.005,6.7864,0.46766,0.13883330274374348
lambda.x,0.005,6.7934,0.49975,0.1398306305407602
lambda.x,0.005,6.8004,0.53198,0.14089317313212615
lambda.x,0.005,6.8074,0.56417,0.14202089930655615
lambda.x,0.005,6.8144,0.59612,0.1432133874087231
lambda.x,0.005,6.8214,0.62761,0.14446978587433248
lambda.x,0.005,6.8284,0.65842,0.14578879447018975
lambda.x,0.005,6.8354,0.6883,0.1471686354106204
lambda.x,0.005,6.8424,0.71702,0.14860704505085812
lambda.x,0.005,6.8494,0.74431,0.15010125545543654
lambda.x,0.005,6.8564,0.7699,0.15164795557907473
lambda.x,0.005,6.8634,0.7935,0.15324327308543498
lambda.x,0.005,6.8704,0.81485,0.15488278680361614
lambda.x,0.005,6.8774,0.83365,0.15656151881667837
lambda.x,0.005,6.8844,0.84963,0.15827392651777905
lambda.x,0.005,6.8914,0.86256,0.16001397603985737
lambda.x,0.005,6.8984,0.87219,0.1617751645865063
lambda.x,0.005,6.9055,0.87834,0.1635759228981553
lambda.x,0.005,6.9125,0.88086,0.16535829288282164
lambda.x,0.005,6.9195,0.87967,0.16714020690419415
lambda.x,0.005,6.9265,0.87474,0.16891413303243538
lambda.x,0.005,6.9335,0.86609,0.17067255203519519
lambda.x,0.005,6.9405,0.85385,0.17240811874903203
lambda.x,0.005,6.9475,0.83822,0.17411384284973172
lambda.x,0.005,6.9545,0.81944,0.17578319821375418
lambda.x,0.005,6.9615,0.79786,0.17741027192034822
lambda.x,0.005,6.9685,0.77388,0.17898992262099983
lambda.x,0.005,6.9755,0.74797,0.18051789791272288
lambda.x,0.005,6.9825,0.72064,0.18199094111782538
lambda.x,0.005,6.9895,0.69241,0.18340683740837643
lambda.x,0.005,6.9965,0.66387,0.18476448968468995
lambda.x,0.005,7.0035,0.63556,0.186063934164551
lambda.x,0.005,7.0105,0.60803,0.18730629586438016
lambda.x,0.005,7.0175,0.5818,0.18849376431258064
lambda.x,0.005,7.0245,0.55734,0.18962950955336502
lambda.x,0.005,7.0315,0.53506,0.1907175686833936
lambda.x,0.005,7.0385,0.5153,0.19176271305238055
lambda.x,0.005,7.0455,0.49829,0.19277026643673476
lambda.x,0.005,7.0525,0.48422,0.19374595385314355
lambda.x,0.005,7.0595,0.47314,0.1946957214440058
lambda.x,0.005,7.0665,0.46502,0.1956255175333631
lambda.x,0.005,7.0735,0.45974,0.19654112430613221
lambda.x,0.005,7.0805,0.4571,0.19744799030997762
lambda.x,0.005,7.0875,0.4568,0.1983510539179917
lambda.x,0.005,7.0945,0.45849,0.19925459724358993
lambda.x,0.005,7.1016,0.46176,0.2001750986520965
lambda.x,0.005,7.1086,0.46615,0.20108928092095069
lambda.x,0.005,7.1156,0.47117,0.2020118247963097
lambda.x,0.005,7.1226,0.47636,0.20294350067416655
lambda.x,0.005,7.1296,0.48121,0.2038841238681076
lambda.x,0.005,7.1366,0.48527,0.204832568118708
lambda.x,0.005,7.1436,0.48812,0.2057868575345375
lambda.x,0.005,7.1506,0.48939,0.20674424826468482
lambda.x,0.005,7.1576,0.48876,0.20770132935054036
lambda.x,0.005,7.1646,0.48598,0.20865414262517978
lambda.x,0.005,7.1716,0.48088,0.20959833132859887
lambda.x,0.005,7.1786,0.47337,0.21052929775875012
lambda.x,0.005,7.1856,0.46343,0.2114423504126033
lambda.x,0.005,7.1926,0.4511,0.21233283093689898
lambda.x,0.005,7.1996,0.43651,0.2131962598974831
lambda.x,0.005,7.2066,0.41984,0.2140284721554276
lambda.x,0.005,7.2136,0.40134,0.2148257321404146
lambda.x,0.005,7.2206,0.38127,0.21558480980600928
lambda.x,0.005,7.2276,0.35996,0.2163030561604653
lambda.x,0.005,7.2346,0.33774,0.2169784688125836
lambda.x,0.005,7.2416,0.31496,0.21760970880313127
lambda.x,0.005,7.2486,0.29196,0.2181961077166295
lambda.x,0.005,7.2556,0.26911,0.21873768437851981
lambda.x,0.005,7.2626,0.24671,0.2192351036785807
lambda.x,0.005,7.2696,0.22509,0.21968963549965448
lambda.x,0.005,7.2766,0.20454,0.22010314279650597
lambda.x,0.005,7.2836,0.18529,0.2204779831714316
lambda.x,0.005,7.2906,0.1676,0.2208169781139351
lambda.x,0.005,7.2976,0.15165,0.2211233632867017
lambda.x,0.005,7.3047,0.13761,0.22140466074729043
lambda.x,0.005,7.3117,0.12564,0.22165681456777592
lambda.x,0.005,7.3187,0.11584,0.22188789412937832
lambda.x,0.005,7.3257,0.10831,0.2221021843090788
lambda.x,0.005,7.3327,0.10315,0.22230414872352725
lambda.x,0.005,7.3397,0.10039,0.22249836228662587
lambda.x,0.005,7.3467,0.10009,0.22268947260906544
lambda.x,0.005,7.3537,0.10228,0.2228821997486537
lambda.x,0.005,7.3607,0.10696,0.2230812788475963
lambda.x,0.005,7.3677,0.11415,0.22329145054705554
lambda.x,0.005,7.3747,0.1238,0.22351741352477536
lambda.x,0.005,7.3817,0.1359,0.22376379614247235
lambda.x,0.005,7.3887,0.15036,0.2240351188527286
lambda.x,0.005,7.3957,0.1671,0.2243357282811399
lambda.x,0.005,7.4027,0.18599,0.22466976006904127
lambda.x,0.005,7.4097,0.20688,0.22504107349687477
lambda.x,0.005,7.4167,0.22956,0.22545317700487383
lambda.x,0.005,7.4237,0.25381,0.22590916345863402
lambda.x,0.005,7.4307,0.27934,0.22641163634387995
lambda.x,0.005,7.4377,0.30584,0.22696262684387322
lambda.x,0.005,7.4447,0.33295,0.2275635301565252
lambda.x,0.005,7.4517,0.3603,0.22821505147803411
lambda.x,0.005,7.4587,0.38746,0.22891714289044685
lambda.x,0.005,7.4657,0.41401,0.22966895925356406
lambda.x,0.005,7.4727,0.43949,0.23046883310002078
lambda.x,0.005,7.4797,0.46346,0.23131425896262334
lambda.x,0.005,7.4867,0.48549,0.23220192457718383
lambda.x,0.005,7.4937,0.50516,0.2331277325896171
lambda.x,0.005,7.5008,0.52209,0.23410054525003168
lambda.x,0.005,7.5078,0.53596,0.23508748691392786
lambda.x,0.005,7.5148,0.54647,0.2360962307218067
lambda.x,0.005,7.5218,0.55342,0.23712029321206268
lambda.x,0.005,7.5288,0.55666,0.2381528834254067
lambda.x,0.005,7.5358,0.55613,0.23918703413711204
lambda.x,0.005,7.5428,0.55183,0.24021574179497276
lambda.x,0.005,7.5498,0.54384,0.24123209651058022
lambda.x,0.005,7.5568,0.53234,0.24222944851819142
lambda.x,0.005,7.5638,0.51754,0.243201527607133
lambda.x,0.005,7.5708,0.49974,0.2441425526957216
lambda.x,0.005,7.5778,0.47928,0.24504735018772902
lambda.x,0.005,7.5848,0.45653,0.24591141636581024
lambda.x,0.005,7.5918,0.43191,0.24673098870909332
lambda.x,0.005,7.5988,0.40585,0.24750309847519666
lambda.x,0.005,7.6058,0.37877,0.2482255677851571
lambda.x,0.005,7.6128,0.35109,0.2488969975097621
lambda.x,0.005,7.6198,0.32323,0.24951676440660964
lambda.x,0.005,7.6268,0.29556,0.2500849723795051
lambda.x,0.005,7.6338,0.26842,0.25060237641001826
lambda.x,0.005,7.6408,0.24212,0.2510703251771738
lambda.x,0.005,7.6478,0.21692,0.2514906856339441
lambda.x,0.005,7.6548,0.19302,0.251865740478213
lambda.x,0.005,7.6618,0.17058,0.25219809522017966
lambda.x,0.005,7.6688,0.14973,0.2524906130744976
lambda.x,0.005,7.6758,0.13054,0.2527463319186294
lambda.x,0.005,7.6828,0.11303,0.2529683633821742
lambda.x,0.005,7.6898,0.09721,0.2531598379188491
lambda.x,0.005,7.6968,0.08303,0.25332384106686306
lambda.x,0.005,7.7039,0.07044,0.253465351315298
lambda.x,0.005,7.7109,0.05936,0.25358324261561604
lambda.x,0.005,7.7179,0.04968,0.2536821888589568
lambda.x,0.005,7.7249,0.04129,0.2537646631191056
lambda.x,0.005,7.7319,0.03409,0.2538329415380709
lambda.x,0.005,7.7389,0.02795,0.25388908595670084
lambda.x,0.005,7.7459,0.02276,0.25393493562808767
lambda.x,0.005,7.7529,0.01841,0.2539721260959261
lambda.x,0.005,7.7599,0.01479,0.2540020899298892
lambda.x,0.005,7.7669,0.0118,0.2540260664702937
lambda.x,0.005,7.7739,0.00935,0.2540451205414955
lambda.x,0.005,7.7809,0.00736,0.254060161081071
lambda.x,0.005,7.7879,0.00576,0.2540719596852382
lambda.x,0.005,7.7949,0.00447,0.25408115111050794
lambda.x,0.005,7.8019,0.00345,0.2540882606734531
lambda.x,0.005,7.8089,0.00264,0.2540937226037888
lambda.x,0.005,7.8159,0.00201,0.25409788931084926
lambda.x,0.005,7.8229,0.00152,0.25410104959683477
lambda.x,0.005,7.8299,0.00114,0.25410342887636145
lambda.x,0.005,7.8369,0.00085,0.2541052072752425
lambda.x,0.005,7.8439,0.00063,0.25410652872434325
lambda.x,0.005,7.8509,0.00046,0.25410750108872726
lambda.x,0.005,7.8579,0.00034,0.25410821411269147
lambda.x,0.005,7.8649,0.00024,0.2541087305998889
lambda.x,0.005,7.8719,0.00018,0.254109104270191
lambda.x,0.005,7.8789,0.00013,0.2541093798315563
lambda.x,0.005,7.8859,9e-05,0.2541095752193356
lambda.x,0.005,7.8929,6e-05,0.2541097083211392
lambda.x,0.005,7.8999,4e-05,0.2541097969770066
lambda.x,0.005,7.907,3e-05,0.2541098598649848
lambda.x,0.005,7.914,2e-05,0.25410990411389955
lambda.x,0.005,7.921,1e-05,0.2541099306413369
lambda.x,0.005,7.928,1e-05,0.2541099483080701
lambda.x,0.005,7.935,1e-05,0.2541099659592114
lambda.x,0.005,7.942,0.0,0.25410997478088754
lambda.x,0.005,7.949,0.0,0.25410997478088754
lambda.x,0.005,7.956,0.0,0.25410997478088754
lambda.x,0.005,7.963,0.0,0.25410997478088754
lambda.x,0.005,7.97,0.0,0.25410997478088754
lambda.x,0.005,7.977,0.0,0.25410997478088754
lambda.x,0.005,7.984,0.0,0.25410997478088754
lambda.x,0.005,7.991,0.0,0.25410997478088754
lambda.x,0.005,7.998,0.0,0.25410997478088754
lambda.x,0.005,8.005,0.0,0.25410997478088754
lambda.x,0.005,8.012,0.0,0.25410997478088754
lambda.x,0.005,8.019,0.0,0.25410997478088754
lambda.x,0.005,8.026,0.0,0.25410997478088754
lambda.x,0.005,8.033,0.0,0.25410997478088754
lambda.x,0.005,8.04,0.0,0.25410997478088754
lambda.x,0.005,8.047,0.0,0.25410997478088754
lambda.x,0.005,8.054,1e-05,0.254109983472221
lambda.x,0.005,8.061,1e-05,0.25411000084734064
lambda.x,0.005,8.068,1e-05,0.2541100182073786
lambda.x,0.005,8.075,2e-05,0.2541100442210918
lambda.x,0.005,8.082,3e-05,0.2541100875422205
lambda.x,0.005,8.089,4e-05,0.254110148140797
lambda.x,0.005,8.096,6e-05,0.2541102346331765
lambda.x,0.005,8.1031,8e-05,0.2541103573483833
lambda.x,0.005,8.1101,0.00011,0.25411052140107876
lambda.x,0.005,8.1171,0.00016,0.2541107543247342
lambda.x,0.005,8.1241,0.00021,0.2541110732481672
lambda.x,0.005,8.1311,0.00029,0.2541115038500048
lambda.x,0.005,8.1381,0.00039,0.2541120889678592
lambda.x,0.005,8.1451,0.00052,0.2541128713214477
lambda.x,0.005,8.1521,0.00069,0.2541139107012715
lambda.x,0.005,8.1591,0.00092,0.2541152924893851
lambda.x,0.005,8.1661,0.0012,0.25411711043493057
lambda.x,0.005,8.1731,0.00156,0.25411947516807953
lambda.x,0.005,8.1801,0.00202,0.2541225398436498
lambda.x,0.005,8.1871,0.00259,0.2541264828882073
lambda.x,0.005,8.1941,0.0033,0.2541315164490883
lambda.x,0.005,8.2011,0.00419,0.2541379119001511
lambda.x,0.005,8.2081,0.00528,0.2541459911187823
lambda.x,0.005,8.2151,0.0066,0.25415611777823666
lambda.x,0.005,8.2221,0.00821,0.25416873126706946
lambda.x,0.005,8.2291,0.01015,0.2541843549595619
lambda.x,0.005,8.2361,0.01246,0.2542035789172552
lambda.x,0.005,8.2431,0.01521,0.2542270851381849
lambda.x,0.005,8.2501,0.01846,0.25425566423586865
lambda.x,0.005,8.2571,0.02227,0.2542902065860743
lambda.x,0.005,8.2641,0.0267,0.2543317019886673
lambda.x,0.005,8.2711,0.03183,0.2543812562572954
lambda.x,0.005,8.2781,0.03774,0.2544401077532462
lambda.x,0.005,8.2851,0.04449,0.25450961003949996
lambda.x,0.005,8.2921,0.05217,0.2545912399190435
lambda.x,0.005,8.2991,0.06085,0.2546866054749464
lambda.x,0.005,8.3062,0.07062,0.2547990283171832
lambda.x,0.005,8.3132,0.08155,0.2549272107983043
lambda.x,0.005,8.3202,0.09372,0.2550747277660829
lambda.x,0.005,8.3272,0.10721,0.25524369956254067
lambda.x,0.005,8.3342,0.12209,0.2554363672281969
lambda.x,0.005,8.3412,0.13845,0.2556551004817513
lambda.x,0.005,8.3482,0.15636,0.25590239730241054
lambda.x,0.005,8.3552,0.17589,0.2561808667297752
lambda.x,0.005,8.3622,0.19711,0.25649322849180844
lambda.x,0.005,8.3692,0.22009,0.256842312634362
lambda.x,0.005,8.3762,0.24489,0.2572310507952391
lambda.x,0.005,8.3832,0.27157,0.2576624675077102
lambda.x,0.005,8.3902,0.30018,0.25813967154730394
lambda.x,0.005,8.3972,0.33073,0.2586658139632614
lambda.x,0.005,8.4042,0.36326,0.25924407958064716
lambda.x,0.005,8.4112,0.39775,0.2598776619419853
lambda.x,0.005,8.4182,0.43415,0.2605696883988101
lambda.x,0.005,8.4252,0.4724,0.2613231870773407
lambda.x,0.005,8.4322,0.51237,0.26214102078911145
lambda.x,0.005,8.4392,0.55391,0.2630258128797822
lambda.x,0.005,8.4462,0.5968,0.26397987341979373
lambda.x,0.005,8.4532,0.64075,0.2650050842619288
lambda.x,0.005,8.4602,0.68545,0.2661028259447685
lambda.x,0.005,8.4672,0.73048,0.2672738718639175
lambda.x,0.005,8.4742,0.77541,0.2685182910792787
lambda.x,0.005,8.4812,0.8197,0.26983535159190575
lambda.x,0.005,8.4882,0.86282,0.2712234404451253
lambda.x,0.005,8.4952,0.90415,0.2726800007165817
lambda.x,0.005,8.5023,0.94308,0.27422319469598677
lambda.x,0.005,8.5093,0.97896,0.2758049599537808
lambda.x,0.005,8.5163,1.01117,0.27744141560337704
lambda.x,0.005,8.5233,1.0391,0.2791259401350599
lambda.x,0.005,8.5303,1.06219,0.2808509678282045
lambda.x,0.005,8.5373,1.07994,0.28260808207545124
lambda.x,0.005,8.5443,1.09191,0.284388116523763
lambda.x,0.005,8.5513,1.09778,0.28618130491668886
lambda.x,0.005,8.5583,1.09733,0.2879774630806142
lambda.x,0.005,8.5653,1.09046,0.289766170153668
lambda.x,0.005,8.5723,1.07717,0.29153694908775646
lambda.x,0.005,8.5793,1.05763,0.2932794871964426
lambda.x,0.005,8.5863,1.03209,0.2949838395450571
lambda.x,0.005,8.5933,1.00093,0.29664059886866156
lambda.x,0.005,8.6003,0.96465,0.29824109738845006
lambda.x,0.005,8.6073,0.92382,0.29977755900474135
lambda.x,0.005,8.6143,0.87909,0.30124321833415973
lambda.x,0.005,8.6213,0.83117,0.3026324311505443
lambda.x,0.005,8.6283,0.78079,0.30394073568745394
lambda.x,0.005,8.6353,0.72871,0.3051648893469611
lambda.x,0.005,8.6423,0.67567,0.30630287286751423
lambda.x,0.005,8.6493,0.62239,0.30735385397638626
lambda.x,0.005,8.6563,0.56954,0.3083181269293563
lambda.x,0.005,8.6633,0.51774,0.30919702803492527
lambda.x,0.005,8.6703,0.46753,0.3099928272990641
lambda.x,0.005,8.6773,0.41939,0.3107086124205866
lambda.x,0.005,8.6843,0.3737,0.3113481571462253
lambda.x,0.005,8.6913,0.33077,0.31191578207600734
lambda.x,0.005,8.6983,0.29081,0.31241621604842645
lambda.x,0.005,8.7054,0.25397,0.31286072444045904
lambda.x,0.005,8.7124,0.22031,0.3132419499946646
lambda.x,0.005,8.7194,0.18982,0.3135713475518841
lambda.x,0.005,8.7264,0.16246,0.31385405596800997
lambda.x,0.005,8.7334,0.1381,0.3140950654530252
lambda.x,0.005,8.7404,0.11661,0.31429914591043706
lambda.x,0.005,8.7474,0.0978,0.31447079962848346
lambda.x,0.005,8.7544,0.08147,0.3146142061261061
lambda.x,0.005,8.7614,0.06741,0.31473320719930165
lambda.x,0.005,8.7684,0.05541,0.31483130001039794
lambda.x,0.005,8.7754,0.04524,0.31491162223444025
lambda.x,0.005,8.7824,0.0367,0.31497696116351515
lambda.x,0.005,8.7894,0.02958,0.3150297707707462
lambda.x,0.005,8.7964,0.02371,0.3150721966387665
lambda.x,0.005,8.8034,0.0189,0.3151060928692708
lambda.x,0.005,8.8104,0.01501,0.31513304683254056
lambda.x,0.005,8.8174,0.0119,0.31515441974062586
lambda.x,0.005,8.8244,0.00945,0.31517136323033684
lambda.x,0.005,8.8314,0.00758,0.31518486759814063
lambda.x,0.005,8.8384,0.00619,0.31519577817661093
lambda.x,0.005,8.8454,0.00523,0.3152048195220896
lambda.x,0.005,8.8524,0.00466,0.3152126432729505
lambda.x,0.005,8.8594,0.00445,0.3152198441888291
lambda.x,0.005,8.8664,0.0046,0.3152269919164611
lambda.x,0.005,8.8734,0.00511,0.31523465475390977
lambda.x,0.005,8.8804,0.00603,0.3152434390674593
lambda.x,0.005,8.8874,0.00739,0.31525401283168164
lambda.x,0.005,8.8944,0.00928,0.3152671369034796
lambda.x,0.005,8.9015,0.01178,0.31528394065514287
lambda.x,0.005,8.9085,0.01501,0.3153049986161072
lambda.x,0.005,8.9155,0.01911,0.31533179717597215
lambda.x,0.005,8.9225,0.02426,0.31536583416442193
lambda.x,0.005,8.9295,0.03064,0.31540888620871066
lambda.x,0.005,8.9365,0.03847,0.31546303919196295
lambda.x,0.005,8.9435,0.04801,0.3155307499244557
lambda.x,0.005,8.9505,0.05952,0.3156148762904775
lambda.x,0.005,8.9575,0.07331,0.315718715067534
lambda.x,0.005,8.9645,0.08969,0.3158460396284081
lambda.x,0.005,8.9715,0.109,0.31600112186058454
lambda.x,0.005,8.9785,0.13156,0.3161887384256739
lambda.x,0.005,8.9855,0.15772,0.3164141769640191
lambda.x,0.005,8.9925,0.18779,0.31668322673699295
lambda.x,0.005,8.9995,0.22208,0.31700214592860837
lambda.x,0.005,9.0065,0.26086,0.31737762909847445
lambda.x,0.005,9.0135,0.30432,0.31781671260796474
lambda.x,0.005,9.0205,0.35261,0.3183266803893267
lambda.x,0.005,9.0275,0.4058,0.3189149701043855
lambda.x,0.005,9.0345,0.46384,0.31958901765824144
lambda.x,0.005,9.0415,0.52657,0.32035607906481833
lambda.x,0.005,9.0485,0.59374,0.32122307621597956
lambda.x,0.005,9.0555,0.66492,0.3221963891482061
lambda.x,0.005,9.0625,0.73959,0.32328164905802653
lambda.x,0.005,9.0695,0.81705,0.32448353217028414
lambda.x,0.005,9.0765,0.8965,0.3258055466356799
lambda.x,0.005,9.0835,0.977,0.32724985112250715
lambda.x,0.005,9.0905,1.0575,0.3288170663829785
lambda.x,0.005,9.0975,1.13686,0.3305061260346968
lambda.x,0.005,9.1046,1.21387,0.33233997732253967
lambda.x,0.005,9.1116,1.28731,0.3342622294978679
lambda.x,0.005,9.1186,1.35591,0.33629208746340095
lambda.x,0.005,9.1256,1.41848,0.3384210451386499
lambda.x,0.005,9.1326,1.47386,0.34063881407000274
lambda.x,0.005,9.1396,1.52101,0.34293344379559737
lambda.x,0.005,9.1466,1.559,0.345291503027228
lambda.x,0.005,9.1536,1.5871,0.34769832131146505
lambda.x,0.005,9.1606,1.60474,0.3501382680268986
lambda.x,0.005,9.1676,1.61155,0.35259503029244305
lambda.x,0.005,9.1746,1.6074,0.3550519508764741
lambda.x,0.005,9.1816,1.59239,0.3574923877125195
lambda.x,0.005,9.1886,1.5668,0.35990002633037377
lambda.x,0.005,9.1956,1.53115,0.36225919868087975
lambda.x,0.005,9.2026,1.48616,0.3645552159955674
lambda.x,0.005,9.2096,1.4327,0.3667746319507725
lambda.x,0.005,9.2166,1.37178,0.3689054592331356
lambda.x,0.005,9.2236,1.30454,0.3709373700987788
lambda.x,0.005,9.2306,1.23217,0.37286182791470796
lambda.x,0.005,9.2376,1.15591,0.3746721575337647
lambda.x,0.005,9.2446,1.07701,0.37636358511509144
lambda.x,0.005,9.2516,0.99668,0.3779332096745984
lambda.x,0.005,9.2586,0.91608,0.3793799293511349
lambda.x,0.005,9.2656,0.83629,0.38070433772625945
lambda.x,0.005,9.2726,0.75826,0.3819085601253787
lambda.x,0.005,9.2796,0.68284,0.38299607542115893
lambda.x,0.005,9.2866,0.61075,0.38397153852588484
lambda.x,0.005,9.2936,0.54256,0.38484056587517734
lambda.x,0.005,9.3007,0.47872,0.38562051049588386
lambda.x,0.005,9.3077,0.41951,0.38629630925372266
lambda.x,0.005,9.3147,0.36514,0.3868862110748192
lambda.x,0.005,9.3217,0.31565,0.3873976468450949
lambda.x,0.005,9.3287,0.27102,0.3878380457464008
lambda.x,0.005,9.3357,0.23112,0.3882147077601434
lambda.x,0.005,9.3427,0.19575,0.38853466912809914
lambda.x,0.005,9.3497,0.16468,0.3888046282345064
lambda.x,0.005,9.3567,0.13759,0.3890308568254165
lambda.x,0.005,9.3637,0.11418,0.3892191489047834
lambda.x,0.005,9.3707,0.09411,0.38937480723350887
lambda.x,0.005,9.3777,0.07704,0.38950261491634297
lambda.x,0.005,9.3847,0.06264,0.38960684441184806
lambda.x,0.005,9.3917,0.05058,0.389691266514343
lambda.x,0.005,9.3987,0.04057,0.3897591816403408
lambda.x,0.005,9.4057,0.03232,0.3898134510207342
lambda.x,0.005,9.4127,0.02557,0.38985652031801304
lambda.x,0.005,9.4197,0.0201,0.3898904728972443
lambda.x,0.005,9.4267,0.01569,0.3899170606275709
lambda.x,0.005,9.4337,0.01216,0.38993773454730996
lambda.x,0.005,9.4407,0.00937,0.3899537050961883
lambda.x,0.005,9.4477,0.00716,0.38996595766909453
lambda.x,0.005,9.4547,0.00545,0.3899752976941576
lambda.x,0.005,9.4617,0.00411,0.3899823734041475
lambda.x,0.005,9.4687,0.00309,0.3899876984524391
lambda.x,0.005,9.4757,0.00231,0.3899916892911718
lambda.x,0.005,9.4827,0.00173,0.3899946728238462
lambda.x,0.005,9.4897,0.0013,0.38999690882070986
lambda.x,0.005,9.4967,0.00098,0.3899985901113204
lambda.x,0.005,9.5038,0.00076,0.3899998905597722
lambda.x,0.005,9.5108,0.00062,0.39000090665919945
lambda.x,0.005,9.5178,0.00054,0.39000176013313914
lambda.x,0.005,9.5248,0.00052,0.3900025394439965
lambda.x,0.005,9.5318,0.00055,0.39000332551537037
lambda.x,0.005,9.5388,0.00063,0.39000419174879364
lambda.x,0.005,9.5458,0.00077,0.3900052187173302
lambda.x,0.005,9.5528,0.00097,0.39000649414992833
lambda.x,0.005,9.5598,0.00125,0.3900081202274095
lambda.x,0.005,9.5668,0.00161,0.3900102135508863
lambda.x,0.005,9.5738,0.00208,0.39001291240047853
lambda.x,0.005,9.5808,0.00269,0.39001639860682047
lambda.x,0.005,9.5878,0.00345,0.3900208828219401
lambda.x,0.005,9.5948,0.0044,0.3900266117200705
lambda.x,0.005,9.6018,0.00558,0.3900338897794453
lambda.x,0.005,9.6088,0.00703,0.3900430791137962
lambda.x,0.005,9.6158,0.00879,0.3900545993044647
lambda.x,0.005,9.6228,0.01093,0.3900689490562942
lambda.x,0.005,9.6298,0.01351,0.39008672052157467
lambda.x,0.005,9.6368,0.01658,0.39010858449549746
lambda.x,0.005,9.6438,0.02021,0.3901352974410084
lambda.x,0.005,9.6508,0.02448,0.3901677230105674
lambda.x,0.005,9.6578,0.02945,0.3902068244925081
lambda.x,0.005,9.6648,0.03521,0.3902536717545401
lambda.x,0.005,9.6718,0.04181,0.3903094337133014
lambda.x,0.005,9.6788,0.04934,0.39037537802674566
lambda.x,0.005,9.6858,0.05785,0.39045287082953223
lambda.x,0.005,9.6928,0.06739,0.39054334754012043
lambda.x,0.005,9.6998,0.07801,0.39064831266069866
lambda.x,0.005,9.7069,0.08973,0.3907710459142699
lambda.x,0.005,9.7139,0.10256,0.39090965995734783
lambda.x,0.005,9.7209,0.11649,0.3910674506295333
lambda.x,0.005,9.7279,0.13149,0.3912459523811403
lambda.x,0.005,9.7349,0.14752,0.3914466460012908
lambda.x,0.005,9.7419,0.16449,0.3916709156542884
lambda.x,0.005,9.7489,0.18231,0.3919200132299158
lambda.x,0.005,9.7559,0.20084,0.39219502284748015
lambda.x,0.005,9.7629,0.21995,0.3924968326313893
lambda.x,0.005,9.7699,0.23947,0.3928261137836181
lambda.x,0.005,9.7769,0.25921,0.3931832782262231
lambda.x,0.005,9.7839,0.27897,0.39356845786953437
lambda.x,0.005,9.7909,0.29853,0.3939814839596089
lambda.x,0.005,9.7979,0.31768,0.3944218807831446
lambda.x,0.005,9.8049,0.3362,0.39488886654949046
lambda.x,0.005,9.8119,0.35387,0.39538134712510986
lambda.x,0.005,9.8189,0.37047,0.39589791692458937
lambda.x,0.005,9.8259,0.38579,0.39643686692250185
lambda.x,0.005,9.8329,0.39966,0.39699622111765265
lambda.x,0.005,9.8399,0.41191,0.39757376576890596
lambda.x,0.005,9.8469,0.42237,0.3981670500714469
lambda.x,0.005,9.8539,0.43094,0.39877343655714564
lambda.x,0.005,9.8609,0.43751,0.3993901442525867
lambda.x,0.005,9.8679,0.44202,0.40001427745619583
lambda.x,0.005,9.8749,0.44442,0.4006428686209195
lambda.x,0.005,9.8819,0.4447,0.40127291398118653
lambda.x,0.005,9.8889,0.44287,0.4019014161474435
lambda.x,0.005,9.8959,0.43898,0.402525426539956
lambda.x,0.005,9.903,0.43308,0.403150879652829
lambda.x,0.005,9.91,0.42527,0.40375739760216456
lambda.x,0.005,9.917,0.41565,0.4043511802731063
lambda.x,0.005,9.924,0.40435,0.40492978302713356
lambda.x,0.005,9.931,0.39152,0.4054909638234593
lambda.x,0.005,9.938,0.37731,0.4060326967453011
lambda.x,0.005,9.945,0.3619,0.40655319250731115
lambda.x,0.005,9.952,0.34546,0.40705091187197595
lambda.x,0.005,9.959,0.32818,0.4075245719702196
lambda.x,0.005,9.966,0.31025,0.4079731596385197
lambda.x,0.005,9.973,0.29185,0.40839592364247035
lambda.x,0.005,9.98,0.27318,0.40879238095074977
lambda.x,0.005,9.987,0.2544,0.40916230197453357
lambda.x,0.005,9.994,0.23571,0.4095057098375151
lambda.x,0.005,10.001,0.21725,0.40982286568917026
lambda.x,0.005,10.008,0.19918,0.41011424003155217
lambda.x,0.005,10.015,0.18164,0.4103805121435681
lambda.x,0.005,10.022,0.16474,0.4106225345645365
lambda.x,0.005,10.029,0.14859,0.4108413116563703
lambda.x,0.005,10.036,0.13328,0.4110379852300691
lambda.x,0.005,10.043,0.11887,0.41121379930249513
lambda.x,0.005,10.05,0.10542,0.41137007890141386
lambda.x,0.005,10.057,0.09294,0.41150819503823993
lambda.x,0.005,10.064,0.08146,0.41162954368936255
lambda.x,0.005,10.071,0.07098,0.4117355387857442
lambda.x,0.005,10.078,0.06148,0.4118275774194031
lambda.x,0.005,10.085,0.05293,0.4119070190575212
lambda.x,0.005,10.092,0.04529,0.411975171769674
lambda.x,0.005,10.099,0.03851,0.41203327850280985
lambda.x,0.005,10.1061,0.03255,0.4120832204414285
lambda.x,0.005,10.1131,0.02733,0.4121246832787903
lambda.x,0.005,10.1201,0.02281,0.41215937783905526
lambda.x,0.005,10.1271,0.01892,0.4121882331325336
lambda.x,0.005,10.1341,0.01559,0.4122120795070977
lambda.x,0.005,10.1411,0.01277,0.4122316627258957
lambda.x,0.005,10.1481,0.01038,0.4122476373125059
lambda.x,0.005,10.1551,0.00839,0.4122605805744853
lambda.x,0.005,10.1621,0.00674,0.41227100661665245
lambda.x,0.005,10.1691,0.00538,0.41227935273373145
lambda.x,0.005,10.1761,0.00426,0.41228598650537596
lambda.x,0.005,10.1831,0.00336,0.41229122661033124
lambda.x,0.005,10.1901,0.00263,0.4122953429750347
lambda.x,0.005,10.1971,0.00204,0.41229855002866644
lambda.x,0.005,10.2041,0.00157,0.41230102744488023
lambda.x,0.005,10.2111,0.00121,0.41230293395241874
lambda.x,0.005,10.2181,0.00092,0.4123043936960527
lambda.x,0.005,10.2251,0.0007,0.41230550316312675
lambda.x,0.005,10.2321,0.00052,0.41230633811924433
lambda.x,0.005,10.2391,0.00039,0.412306960487441
lambda.x,0.005,10.2461,0.00029,0.41230742523660163
lambda.x,0.005,10.2531,0.00021,0.412307766732039
lambda.x,0.005,10.2601,0.00016,0.41230801926404154
lambda.x,0.005,10.2671,0.00011,0.4123082034216055
lambda.x,0.005,10.2741,8e-05,0.41230833292443086
lambda.x,0.005,10.2811,6e-05,0.4123084282820815
lambda.x,0.005,10.2881,4e-05,0.41230849634965094
lambda.x,0.005,10.2951,3e-05,0.41230854396361405
lambda.x,0.005,10.3022,2e-05,0.41230857843653196
lambda.x,0.005,10.3092,1e-05,0.412308598815914
lambda.x,0.005,10.3162,1e-05,0.4123086123914098
lambda.x,0.005,10.3232,1e-05,0.41230862595769724
lambda.x,0.005,10.3302,0.0,0.4123086327385404
lambda.x,0.005,10.3372,0.0,0.4123086327385404
lambda.x,0.005,10.3442,0.0,0.4123086327385404
lambda.x,0.005,10.3512,0.0,0.4123086327385404
lambda.x,0.005,10.3582,0.0,0.4123086327385404
lambda.x,0.005,10.3652,0.0,0.4123086327385404
lambda.x,0.005,10.3722,0.0,0.4123086327385404
lambda.x,0.005,10.3792,0.0,0.4123086327385404
lambda.x,0.005,10.3862,0.0,0.4123086327385404
lambda.x,0.005,10.3932,0.0,0.4123086327385404
lambda.x,0.005,10.4002,0.0,0.4123086327385404
lambda.x,0.005,10.4072,0.0,0.4123086327385404
lambda.x,0.005,10.4142,0.0,0.4123086327385404
lambda.x,0.005,10.4212,0.0,0.4123086327385404
lambda.x,0.005,10.4282,0.0,0.4123086327385404
lambda.x,0.005,10.4352,0.0,0.4123086327385404
lambda.x,0.005,10.4422,0.0,0.4123086327385404
lambda.x,0.005,10.4492,0.0,0.4123086327385404
lambda.x,0.005,10.4562,0.0,0.4123086327385404
lambda.x,0.005,10.4632,0.0,0.4123086327385404
lambda.x,0.005,10.4702,0.0,0.4123086327385404
lambda.x,0.005,10.4772,0.0,0.4123086327385404
lambda.x,0.005,10.4842,0.0,0.4123086327385404
lambda.x,0.005,10.4912,0.0,0.4123086327385404
lambda.x,0.005,10.4982,0.0,0.4123086327385404
lambda.x,0.005,10.5053,0.0,0.4123086327385404
lambda.x,0.005,10.5123,0.0,0.4123086327385404
lambda.x,0.005,10.5193,0.0,0.4123086327385404
lambda.x,0.005,10.5263,0.0,0.4123086327385404
lambda.x,0.005,10.5333,0.0,0.4123086327385404
lambda.x,0.005,10.5403,0.0,0.4123086327385404
lambda.x,0.005,10.5473,0.0,0.4123086327385404
lambda.x,0.005,10.5543,0.0,0.4123086327385404
lambda.x,0.005,10.5613,0.0,0.4123086327385404
lambda.x,0.005,10.5683,0.0,0.4123086327385404
lambda.x,0.005,10.5753,0.0,0.4123086327385404
lambda.x,0.005,10.5823,0.0,0.4123086327385404
lambda.x,0.005,10.5893,0.0,0.4123086327385404
lambda.x,0.005,10.5963,0.0,0.4123086327385404
lambda.x,0.005,10.6033,0.0,0.4123086327385404
lambda.x,0.005,10.6103,0.0,0.4123086327385404
lambda.x,0.005,10.6173,0.0,0.4123086327385404
lambda.x,0.005,10.6243,0.0,0.4123086327385404
lambda.x,0.005,10.6313,0.0,0.4123086327385404
lambda.x,0.005,10.6383,0.0,0.4123086327385404
lambda.x,0.005,10.6453,0.0,0.4123086327385404
lambda.x,0.005,10.6523,0.0,0.4123086327385404
lambda.x,0.005,10.6593,0.0,0.4123086327385404
lambda.x,0.005,10.6663,0.0,0.4123086327385404
lambda.x,0.005,10.6733,0.0,0.4123086327385404
lambda.x,0.005,10.6803,0.0,0.4123086327385404
lambda.x,0.005,10.6873,0.0,0.4123086327385404
lambda.x,0.005,10.6943,0.0,0.4123086327385404
lambda.x,0.005,10.7014,0.0,0.4123086327385404
lambda.x,0.005,10.7084,0.0,0.4123086327385404
lambda.x,0.005,10.7154,0.0,0.4123086327385404
lambda.x,0.005,10.7224,0.0,0.4123086327385404
lambda.x,0.005,10.7294,0.0,0.4123086327385404
lambda.x,0.005,10.7364,0.0,0.4123086327385404
lambda.x,0.005,10.7434,0.0,0.4123086327385404
lambda.x,0.005,10.7504,0.0,0.4123086327385404
lambda.x,0.005,10.7574,0.0,0.4123086327385404
lambda.x,0.005,10.7644,0.0,0.4123086327385404
lambda.x,0.005,10.7714,0.0,0.4123086327385404
lambda.x,0.005,10.7784,0.0,0.4123086327385404
lambda.x,0.005,10.7854,0.0,0.4123086327385404
lambda.x,0.005,10.7924,0.0,0.4123086327385404
lambda.x,0.005,10.7994,0.0,0.4123086327385404
lambda.x,0.005,10.8064,0.0,0.4123086327385404
lambda.x,0.005,10.8134,0.0,0.4123086327385404
lambda.x,0.005,10.8204,0.0,0.4123086327385404
lambda.x,0.005,10.8274,0.0,0.4123086327385404
lambda.x,0.005,10.8344,0.0,0.4123086327385404
lambda.x,0.005,10.8414,0.0,0.4123086327385404
lambda.x,0.005,10.8484,0.0,0.4123086327385404
lambda.x,0.005,10.8554,0.0,0.4123086327385404
lambda.x,0.005,10.8624,0.0,0.4123086327385404
lambda.x,0.005,10.8694,0.0,0.4123086327385404
lambda.x,0.005,10.8764,0.0,0.4123086327385404
lambda.x,0.005,10.8834,0.0,0.4123086327385404
lambda.x,0.005,10.8904,0.0,0.4123086327385404
lambda.x,0.005,10.8974,0.0,0.4123086327385404
lambda.x,0.005,10.9045,0.0,0.4123086327385404
lambda.x,0.005,10.9115,0.0,0.4123086327385404
lambda.x,0.005,10.9185,0.0,0.4123086327385404
lambda.x,0.005,10.9255,0.0,0.4123086327385404
lambda.x,0.005,10.9325,0.0,0.4123086327385404
lambda.x,0.005,10.9395,0.0,0.4123086327385404
lambda.x,0.005,10.9465,0.0,0.4123086327385404
lambda.x,0.005,10.9535,0.0,0.4123086327385404
lambda.x,0.005,10.9605,0.0,0.4123086327385404
lambda.x,0.005,10.9675,0.0,0.4123086327385404
lambda.x,0.005,10.9745,0.0,0.4123086327385404
lambda.x,0.005,10.9815,0.0,0.4123086327385404
lambda.x,0.005,10.9885,0.0,0.4123086327385404
lambda.x,0.005,10.9955,0.0,0.4123086327385404
lambda.x,0.005,11.0025,0.0,0.4123086327385404
lambda.x,0.005,11.0095,0.0,0.4123086327385404
lambda.x,0.005,11.0165,0.0,0.4123086327385404
lambda.x,0.005,11.0235,0.0,0.4123086327385404
lambda.x,0.005,11.0305,0.0,0.4123086327385404
lambda.x,0.005,11.0375,0.0,0.4123086327385404
lambda.x,0.005,11.0445,0.0,0.4123086327385404
lambda.x,0.005,11.0515,0.0,0.4123086327385404
lambda.x,0.005,11.0585,0.0,0.4123086327385404
lambda.x,0.005,11.0655,0.0,0.4123086327385404
lambda.x,0.005,11.0725,0.0,0.4123086327385404
lambda.x,0.005,11.0795,0.0,0.4123086327385404
lambda.x,0.005,11.0865,0.0,0.4123086327385404
lambda.x,0.005,11.0935,0.0,0.4123086327385404
lambda.x,0.005,11.1006,0.0,0.4123086327385404
lambda.x,0.005,11.1076,0.0,0.4123086327385404
lambda.x,0.005,11.1146,0.0,0.4123086327385404
lambda.x,0.005,11.1216,0.0,0.4123086327385404
lambda.x,0.005,11.1286,0.0,0.4123086327385404
lambda.x,0.005,11.1356,0.0,0.4123086327385404
lambda.x,0.005,11.1426,0.0,0.4123086327385404
lambda.x,0.005,11.1496,0.0,0.4123086327385404
lambda.x,0.005,11.1566,0.0,0.4123086327385404
lambda.x,0.005,11.1636,0.0,0.4123086327385404
lambda.x,0.005,11.1706,0.0,0.4123086327385404
lambda.x,0.005,11.1776,0.0,0.4123086327385404
lambda.x,0.005,11.1846,0.0,0.4123086327385404
lambda.x,0.005,11.1916,0.0,0.4123086327385404
lambda.x,0.005,11.1986,0.0,0.4123086327385404
lambda.x,0.005,11.2056,0.0,0.4123086327385404
lambda.x,0.005,11.2126,0.0,0.4123086327385404
lambda.x,0.005,11.2196,0.0,0.4123086327385404
lambda.x,0.005,11.2266,0.0,0.4123086327385404
lambda.x,0.005,11.2336,0.0,0.4123086327385404
lambda.x,0.005,11.2406,0.0,0.4123086327385404
lambda.x,0.005,11.2476,0.0,0.4123086327385404
lambda.x,0.005,11.2546,0.0,0.4123086327385404
lambda.x,0.005,11.2616,0.0,0.4123086327385404
lambda.x,0.005,11.2686,0.0,0.4123086327385404
lambda.x,0.005,11.2756,0.0,0.4123086327385404
lambda.x,0.005,11.2826,0.0,0.4123086327385404
lambda.x,0.005,11.2896,0.0,0.4123086327385404
lambda.x,0.005,11.2966,0.0,0.4123086327385404
lambda.x,0.005,11.3037,0.0,0.4123086327385404
lambda.x,0.005,11.3107,0.0,0.4123086327385404
lambda.x,0.005,11.3177,0.0,0.4123086327385404
lambda.x,0.005,11.3247,0.0,0.4123086327385404
lambda.x,0.005,11.3317,0.0,0.4123086327385404
lambda.x,0.005,11.3387,0.0,0.4123086327385404
lambda.x,0.005,11.3457,0.0,0.4123086327385404
lambda.x,0.005,11.3527,0.0,0.4123086327385404
lambda.x,0.005,11.3597,0.0,0.4123086327385404
lambda.x,0.005,11.3667,0.0,0.4123086327385404
lambda.x,0.005,11.3737,0.0,0.4123086327385404
lambda.x,0.005,11.3807,0.0,0.4123086327385404
lambda.x,0.005,11.3877,0.0,0.4123086327385404
lambda.x,0.005,11.3947,0.0,0.4123086327385404
lambda.x,0.005,11.4017,0.0,0.4123086327385404
lambda.x,0.005,11.4087,0.0,0.4123086327385404
lambda.x,0.005,11.4157,0.0,0.4123086327385404
lambda.x,0.005,11.4227,0.0,0.4123086327385404
lambda.x,0.005,11.4297,0.0,0.4123086327385404
lambda.x,0.005,11.4367,0.0,0.4123086327385404
lambda.x,0.005,11.4437,0.0,0.4123086327385404
lambda.x,0.005,11.4507,0.0,0.4123086327385404
lambda.x,0.005,11.4577,0.0,0.4123086327385404
lambda.x,0.005,11.4647,0.0,0.4123086327385404
lambda.x,0.005,11.4717,0.0,0.4123086327385404
lambda.x,0.005,11.4787,0.0,0.4123086327385404
lambda.x,0.005,11.4857,0.0,0.4123086327385404
lambda.x,0.005,11.4927,0.0,0.4123086327385404
lambda.x,0.005,11.4997,0.0,0.4123086327385404
lambda.x,0.005,11.5068,0.0,0.4123086327385404
lambda.x,0.005,11.5138,0.0,0.4123086327385404
lambda.x,0.005,11.5208,0.0,0.4123086327385404
lambda.x,0.005,11.5278,0.0,0.4123086327385404
lambda.x,0.005,11.5348,0.0,0.4123086327385404
lambda.x,0.005,11.5418,0.0,0.4123086327385404
lambda.x,0.005,11.5488,0.0,0.4123086327385404
lambda.x,0.005,11.5558,0.0,0.4123086327385404
lambda.x,0.005,11.5628,0.0,0.4123086327385404
lambda.x,0.005,11.5698,0.0,0.4123086327385404
lambda.x,0.005,11.5768,0.0,0.4123086327385404
lambda.x,0.005,11.5838,0.0,0.4123086327385404
lambda.x,0.005,11.5908,0.0,0.4123086327385404
lambda.x,0.005,11.5978,0.0,0.4123086327385404
lambda.x,0.005,11.6048,0.0,0.4123086327385404
lambda.x,0.005,11.6118,0.0,0.4123086327385404
lambda.x,0.005,11.6188,0.0,0.4123086327385404
lambda.x,0.005,11.6258,0.0,0.4123086327385404
lambda.x,0.005,11.6328,0.0,0.4123086327385404
lambda.x,0.005,11.6398,0.0,0.4123086327385404
lambda.x,0.005,11.6468,0.0,0.4123086327385404
lambda.x,0.005,11.6538,0.0,0.4123086327385404
lambda.x,0.005,11.6608,0.0,0.4123086327385404
lambda.x,0.005,11.6678,0.0,0.4123086327385404
lambda.x,0.005,11.6748,0.0,0.4123086327385404
lambda.x,0.005,11.6818,0.0,0.4123086327385404
lambda.x,0.005,11.6888,0.0,0.4123086327385404
lambda.x,0.005,11.6958,0.0,0.4123086327385404
lambda.x,0.005,11.7029,0.0,0.4123086327385404
lambda.x,0.005,11.7099,0.0,0.4123086327385404
lambda.x,0.005,11.7169,0.0,0.4123086327385404
lambda.x,0.005,11.7239,0.0,0.4123086327385404
lambda.x,0.005,11.7309,0.0,0.4123086327385404
lambda.x,0.005,11.7379,0.0,0.4123086327385404
lambda.x,0.005,11.7449,0.0,0.4123086327385404
lambda.x,0.005,11.7519,0.0,0.4123086327385404
lambda.x,0.005,11.7589,0.0,0.4123086327385404
lambda.x,0.005,11.7659,0.0,0.4123086327385404
lambda.x,0.005,11.7729,0.0,0.4123086327385404
lambda.x,0.005,11.7799,0.0,0.4123086327385404
lambda.x,0.005,11.7869,0.0,0.4123086327385404
lambda.x,0.005,11.7939,0.0,0.4123086327385404
lambda.x,0.005,11.8009,0.0,0.4123086327385404
lambda.x,0.005,11.8079,0.0,0.4123086327385404
lambda.x,0.005,11.8149,0.0,0.4123086327385404
lambda.x,0.005,11.8219,0.0,0.4123086327385404
lambda.x,0.005,11.8289,0.0,0.4123086327385404
lambda.x,0.005,11.8359,0.0,0.4123086327385404
lambda.x,0.005,11.8429,0.0,0.4123086327385404
lambda.x,0.005,11.8499,0.0,0.4123086327385404
lambda.x,0.005,11.8569,0.0,0.4123086327385404
lambda.x,0.005,11.8639,0.0,0.4123086327385404
lambda.x,0.005,11.8709,0.0,0.4123086327385404
lambda.x,0.005,11.8779,0.0,0.4123086327385404
lambda.x,0.005,11.8849,0.0,0.4123086327385404
lambda.x,0.005,11.8919,0.0,0.4123086327385404
lambda.x,0.005,11.8989,0.0,0.4123086327385404
lambda.x,0.005,11.906,0.0,0.4123086327385404
lambda.x,0.005,11.913,0.0,0.4123086327385404
lambda.x,0.005,11.92,0.0,0.4123086327385404
lambda.x,0.005,11.927,0.0,0.4123086327385404
lambda.x,0.005,11.934,0.0,0.4123086327385404
lambda.x,0.005,11.941,0.0,0.4123086327385404
lambda.x,0.005,11.948,0.0,0.4123086327385404
lambda.x,0.005,11.955,0.0,0.4123086327385404
lambda.x,0.005,11.962,0.0,0.4123086327385404
lambda.x,0.005,11.969,0.0,0.4123086327385404
lambda.x,0.005,11.976,0.0,0.4123086327385404
lambda.x,0.005,11.983,0.0,0.4123086327385404
lambda.x,0.005,11.99,0.0,0.4123086327385404
lambda.x,0.005,11.997,0.0,0.4123086327385404
lambda.x,0.005,12.004,0.0,0.4123086327385404
lambda.x,0.005,12.011,0.0,0.4123086327385404
lambda.x,0.005,12.018,0.0,0.4123086327385404
lambda.x,0.005,12.025,0.0,0.4123086327385404
lambda.x,0.005,12.032,0.0,0.4123086327385404
lambda.x,0.005,12.039,0.0,0.4123086327385404
lambda.x,0.005,12.046,0.0,0.4123086327385404
lambda.x,0.005,12.053,0.0,0.4123086327385404
lambda.x,0.005,12.06,0.0,0.4123086327385404
lambda.x,0.005,12.067,0.0,0.4123086327385404
lambda.x,0.005,12.074,0.0,0.4123086327385404
lambda.x,0.005,12.081,0.0,0.4123086327385404
lambda.x,0.005,12.088,0.0,0.4123086327385404
lambda.x,0.005,12.095,0.0,0.4123086327385404
lambda.x,0.005,12.1021,0.0,0.4123086327385404
lambda.x,0.005,12.1091,0.0,0.4123086327385404
lambda.x,0.005,12.1161,0.0,0.4123086327385404
lambda.x,0.005,12.1231,0.0,0.4123086327385404
lambda.x,0.005,12.1301,0.0,0.4123086327385404
lambda.x,0.005,12.1371,0.0,0.4123086327385404
lambda.x,0.005,12.1441,0.0,0.4123086327385404
lambda.x,0.005,12.1511,0.0,0.4123086327385404
lambda.x,0.005,12.1581,0.0,0.4123086327385404
lambda.x,0.005,12.1651,0.0,0.4123086327385404
lambda.x,0.005,12.1721,0.0,0.4123086327385404
lambda.x,0.005,12.1791,0.0,0.4123086327385404
lambda.x,0.005,12.1861,0.0,0.4123086327385404
lambda.x,0.005,12.1931,0.0,0.4123086327385404
lambda.x,0.005,12.2001,0.0,0.4123086327385404
lambda.x,0.005,12.2071,0.0,0.4123086327385404
lambda.x,0.005,12.2141,0.0,0.4123086327385404
lambda.x,0.005,12.2211,0.0,0.4123086327385404
lambda.x,0.005,12.2281,0.0,0.4123086327385404
lambda.x,0.005,12.2351,0.0,0.4123086327385404
lambda.x,0.005,12.2421,0.0,0.4123086327385404
lambda.x,0.005,12.2491,0.0,0.4123086327385404
lambda.x,0.005,12.2561,0.0,0.4123086327385404
lambda.x,0.005,12.2631,0.0,0.4123086327385404
lambda.x,0.005,12.2701,0.0,0.4123086327385404
lambda.x,0.005,12.2771,0.0,0.4123086327385404
lambda.x,0.005,12.2841,0.0,0.4123086327385404
lambda.x,0.005,12.2911,0.0,0.4123086327385404
lambda.x,0.005,12.2981,0.0,0.4123086327385404
lambda.x,0.005,12.3052,0.0,0.4123086327385404
lambda.x,0.005,12.3122,0.0,0.4123086327385404
lambda.x,0.005,12.3192,0.0,0.4123086327385404
lambda.x,0.005,12.3262,0.0,0.4123086327385404
lambda.x,0.005,12.3332,0.0,0.4123086327385404
lambda.x,0.005,12.3402,0.0,0.4123086327385404
lambda.x,0.005,12.3472,0.0,0.4123086327385404
lambda.x,0.005,12.3542,0.0,0.4123086327385404
lambda.x,0.005,12.3612,0.0,0.4123086327385404
lambda.x,0.005,12.3682,0.0,0.4123086327385404
lambda.x,0.005,12.3752,0.0,0.4123086327385404
lambda.x,0.005,12.3822,0.0,0.4123086327385404
lambda.x,0.005,12.3892,0.0,0.4123086327385404
lambda.x,0.005,12.3962,0.0,0.4123086327385404
lambda.x,0.005,12.4032,0.0,0.4123086327385404
lambda.x,0.005,12.4102,0.0,0.4123086327385404
lambda.x,0.005,12.4172,0.0,0.4123086327385404
lambda.x,0.005,12.4242,0.0,0.4123086327385404
lambda.x,0.005,12.4312,0.0,0.4123086327385404
lambda.x,0.005,12.4382,0.0,0.4123086327385404
lambda.x,0.005,12.4452,0.0,0.4123086327385404
lambda.x,0.005,12.4522,0.0,0.4123086327385404
lambda.x,0.005,12.4592,0.0,0.4123086327385404
lambda.x,0.005,12.4662,0.0,0.4123086327385404
lambda.x,0.005,12.4732,0.0,0.4123086327385404
lambda.x,0.005,12.4802,0.0,0.4123086327385404
lambda.x,0.005,12.4872,0.0,0.4123086327385404
lambda.x,0.005,12.4942,0.0,0.4123086327385404
lambda.x,0.005,12.5013,0.0,0.4123086327385404
lambda.x,0.005,12.5083,0.0,0.4123086327385404
lambda.x,0.005,12.5153,0.0,0.4123086327385404
lambda.x,0.005,12.5223,0.0,0.4123086327385404
lambda.x,0.005,12.5293,0.0,0.4123086327385404
lambda.x,0.005,12.5363,0.0,0.4123086327385404
lambda.x,0.005,12.5433,0.0,0.4123086327385404
lambda.x,0.005,12.5503,0.0,0.4123086327385404
lambda.x,0.005,12.5573,0.0,0.4123086327385404
lambda.x,0.005,12.5643,0.0,0.4123086327385404
lambda.x,0.005,12.5713,0.0,0.4123086327385404
lambda.x,0.005,12.5783,0.0,0.4123086327385404
lambda.x,0.005,12.5853,0.0,0.4123086327385404
lambda.x,0.005,12.5923,0.0,0.4123086327385404
lambda.x,0.005,12.5993,0.0,0.4123086327385404
lambda.x,0.005,12.6063,0.0,0.4123086327385404
lambda.x,0.005,12.6133,0.0,0.4123086327385404
lambda.x,0.005,12.6203,0.0,0.4123086327385404
lambda.x,0.005,12.6273,0.0,0.4123086327385404
lambda.x,0.005,12.6343,0.0,0.4123086327385404
lambda.x,0.005,12.6413,0.0,0.4123086327385404
lambda.x,0.005,12.6483,0.0,0.4123086327385404
lambda.x,0.005,12.6553,0.0,0.4123086327385404
lambda.x,0.005,12.6623,0.0,0.4123086327385404
lambda.x,0.005,12.6693,0.0,0.4123086327385404
lambda.x,0.005,12.6763,0.0,0.4123086327385404
lambda.x,0.005,12.6833,0.0,0.4123086327385404
lambda.x,0.005,12.6903,0.0,0.4123086327385404
lambda.x,0.005,12.6973,0.0,0.4123086327385404
lambda.x,0.005,12.7044,0.0,0.4123086327385404
lambda.x,0.005,12.7114,0.0,0.4123086327385404
lambda.x,0.005,12.7184,0.0,0.4123086327385404
lambda.x,0.005,12.7254,0.0,0.4123086327385404
lambda.x,0.005,12.7324,0.0,0.4123086327385404
lambda.x,0.005,12.7394,0.0,0.4123086327385404
lambda.x,0.005,12.7464,0.0,0.4123086327385404
lambda.x,0.005,12.7534,0.0,0.4123086327385404
lambda.x,0.005,12.7604,0.0,0.4123086327385404
lambda.x,0.005,12.7674,0.0,0.4123086327385404
lambda.x,0.005,12.7744,0.0,0.4123086327385404
lambda.x,0.005,12.7814,0.0,0.4123086327385404
lambda.x,0.005,12.7884,0.0,0.4123086327385404
lambda.x,0.005,12.7954,0.0,0.4123086327385404
lambda.x,0.005,12.8024,0.0,0.4123086327385404
lambda.x,0.005,12.8094,0.0,0.4123086327385404
lambda.x,0.005,12.8164,0.0,0.4123086327385404
lambda.x,0.005,12.8234,0.0,0.4123086327385404
lambda.x,0.005,12.8304,0.0,0.4123086327385404
lambda.x,0.005,12.8374,0.0,0.4123086327385404
lambda.x,0.005,12.8444,0.0,0.4123086327385404
lambda.x,0.005,12.8514,0.0,0.4123086327385404
lambda.x,0.005,12.8584,0.0,0.4123086327385404
lambda.x,0.005,12.8654,0.0,0.4123086327385404
lambda.x,0.005,12.8724,0.0,0.4123086327385404
lambda.x,0.005,12.8794,0.0,0.4123086327385404
lambda.x,0.005,12.8864,0.0,0.4123086327385404
lambda.x,0.005,12.8934,0.0,0.4123086327385404
lambda.x,0.005,12.9005,0.0,0.4123086327385404
lambda.x,0.005,12.9075,0.0,0.4123086327385404
lambda.x,0.005,12.9145,0.0,0.4123086327385404
lambda.x,0.005,12.9215,0.0,0.4123086327385404
lambda.x,0.005,12.9285,0.0,0.4123086327385404
lambda.x,0.005,12.9355,0.0,0.4123086327385404
lambda.x,0.005,12.9425,0.0,0.4123086327385404
lambda.x,0.005,12.9495,0.0,0.4123086327385404
lambda.x,0.005,12.9565,0.0,0.4123086327385404
lambda.x,0.005,12.9635,0.0,0.4123086327385404
lambda.x,0.005,12.9705,0.0,0.4123086327385404
lambda.x,0.005,12.9775,0.0,0.4123086327385404
lambda.x,0.005,12.9845,0.0,0.4123086327385404
lambda.x,0.005,12.9915,0.0,0.4123086327385404
lambda.x,0.005,12.9985,0.0,0.4123086327385404
lambda.x,0.005,13.0055,0.0,0.4123086327385404
lambda.x,0.005,13.0125,0.0,0.4123086327385404
lambda.x,0.005,13.0195,0.0,0.4123086327385404
lambda.x,0.005,13.0265,0.0,0.4123086327385404
lambda.x,0.005,13.0335,0.0,0.4123086327385404
lambda.x,0.005,13.0405,0.0,0.4123086327385404
lambda.x,0.005,13.0475,0.0,0.4123086327385404
lambda.x,0.005,13.0545,0.0,0.4123086327385404
lambda.x,0.005,13.0615,0.0,0.4123086327385404
lambda.x,0.005,13.0685,0.0,0.4123086327385404
lambda.x,0.005,13.0755,0.0,0.4123086327385404
lambda.x,0.005,13.0825,0.0,0.4123086327385404
lambda.x,0.005,13.0895,0.0,0.4123086327385404
lambda.x,0.005,13.0965,0.0,0.4123086327385404
lambda.x,0.005,13.1036,0.0,0.4123086327385404
lambda.x,0.005,13.1106,0.0,0.4123086327385404
lambda.x,0.005,13.1176,0.0,0.4123086327385404
lambda.x,0.005,13.1246,0.0,0.4123086327385404
lambda.x,0.005,13.1316,0.0,0.4123086327385404
lambda.x,0.005,13.1386,0.0,0.4123086327385404
lambda.x,0.005,13.1456,0.0,0.4123086327385404
lambda.x,0.005,13.1526,0.0,0.4123086327385404
lambda.x,0.005,13.1596,0.0,0.4123086327385404
lambda.x,0.005,13.1666,0.0,0.4123086327385404
lambda.x,0.005,13.1736,0.0,0.4123086327385404
lambda.x,0.005,13.1806,0.0,0.4123086327385404
lambda.x,0.005,13.1876,0.0,0.4123086327385404
lambda.x,0.005,13.1946,0.0,0.4123086327385404
lambda.x,0.005,13.2016,0.0,0.4123086327385404
lambda.x,0.005,13.2086,0.0,0.4123086327385404
lambda.x,0.005,13.2156,0.0,0.4123086327385404
lambda.x,0.005,13.2226,0.0,0.4123086327385404
lambda.x,0.005,13.2296,0.0,0.4123086327385404
lambda.x,0.005,13.2366,0.0,0.4123086327385404
lambda.x,0.005,13.2436,0.0,0.4123086327385404
lambda.x,0.005,13.2506,0.0,0.4123086327385404
lambda.x,0.005,13.2576,0.0,0.4123086327385404
lambda.x,0.005,13.2646,0.0,0.4123086327385404
lambda.x,0.005,13.2716,0.0,0.4123086327385404
lambda.x,0.005,13.2786,0.0,0.4123086327385404
lambda.x,0.005,13.2856,0.0,0.4123086327385404
lambda.x,0.005,13.2926,0.0,0.4123086327385404
lambda.x,0.005,13.2996,0.0,0.4123086327385404
lambda.x,0.005,13.3067,0.0,0.4123086327385404
lambda.x,0.005,13.3137,0.0,0.4123086327385404
lambda.x,0.005,13.3207,0.0,0.4123086327385404
lambda.x,0.005,13.3277,0.0,0.4123086327385404
lambda.x,0.005,13.3347,0.0,0.4123086327385404
lambda.x,0.005,13.3417,0.0,0.4123086327385404
lambda.x,0.005,13.3487,0.0,0.4123086327385404
lambda.x,0.005,13.3557,0.0,0.4123086327385404
lambda.x,0.005,13.3627,0.0,0.4123086327385404
lambda.x,0.005,13.3697,0.0,0.4123086327385404
lambda.x,0.005,13.3767,0.0,0.4123086327385404
lambda.x,0.005,13.3837,0.0,0.4123086327385404
lambda.x,0.005,13.3907,0.0,0.4123086327385404
lambda.x,0.005,13.3977,0.0,0.4123086327385404
lambda.x,0.005,13.4047,0.0,0.4123086327385404
lambda.x,0.005,13.4117,0.0,0.4123086327385404
lambda.x,0.005,13.4187,0.0,0.4123086327385404
lambda.x,0.005,13.4257,0.0,0.4123086327385404
lambda.x,0.005,13.4327,0.0,0.4123086327385404
lambda.x,0.005,13.4397,0.0,0.4123086327385404
lambda.x,0.005,13.4467,0.0,0.4123086327385404
lambda.x,0.005,13.4537,0.0,0.4123086327385404
lambda.x,0.005,13.4607,0.0,0.4123086327385404
lambda.x,0.005,13.4677,0.0,0.4123086327385404
lambda.x,0.005,13.4747,0.0,0.4123086327385404
lambda.x,0.005,13.4817,0.0,0.4123086327385404
lambda.x,0.005,13.4887,0.0,0.4123086327385404
lambda.x,0.005,13.4957,0.0,0.4123086327385404
lambda.x,0.005,13.5028,0.0,0.4123086327385404
lambda.x,0.005,13.5098,0.0,0.4123086327385404
lambda.x,0.005,13.5168,0.0,0.4123086327385404
lambda.x,0.005,13.5238,0.0,0.4123086327385404
lambda.x,0.005,13.5308,0.0,0.4123086327385404
lambda.x,0.005,13.5378,0.0,0.4123086327385404
lambda.x,0.005,13.5448,0.0,0.4123086327385404
lambda.x,0.005,13.5518,0.0,0.4123086327385404
lambda.x,0.005,13.5588,0.0,0.4123086327385404
lambda.x,0.005,13.5658,0.0,0.4123086327385404
lambda.x,0.005,13.5728,0.0,0.4123086327385404
lambda.x,0.005,13.5798,0.0,0.4123086327385404
lambda.x,0.005,13.5868,0.0,0.4123086327385404
lambda.x,0.005,13.5938,0.0,0.4123086327385404
lambda.x,0.005,13.6008,0.0,0.4123086327385404
lambda.x,0.005,13.6078,0.0,0.4123086327385404
lambda.x,0.005,13.6148,0.0,0.4123086327385404
lambda.x,0.005,13.6218,0.0,0.4123086327385404
lambda.x,0.005,13.6288,0.0,0.4123086327385404
lambda.x,0.005,13.6358,0.0,0.4123086327385404
lambda.x,0.005,13.6428,0.0,0.4123086327385404
lambda.x,0.005,13.6498,0.0,0.4123086327385404
lambda.x,0.005,13.6568,0.0,0.4123086327385404
lambda.x,0.005,13.6638,0.0,0.4123086327385404
lambda.x,0.005,13.6708,0.0,0.4123086327385404
lambda.x,0.005,13.6778,0.0,0.4123086327385404
lambda.x,0.005,13.6848,0.0,0.4123086327385404
lambda.x,0.005,13.6918,0.0,0.4123086327385404
lambda.x,0.005,13.6988,0.0,0.4123086327385404
lambda.x,0.005,13.7059,0.0,0.4123086327385404
lambda.x,0.005,13.7129,0.0,0.4123086327385404
lambda.x,0.005,13.7199,0.0,0.4123086327385404
lambda.x,0.005,13.7269,0.0,0.4123086327385404
lambda.x,0.005,13.7339,0.0,0.4123086327385404
lambda.x,0.005,13.7409,0.0,0.4123086327385404
lambda.x,0.005,13.7479,0.0,0.4123086327385404
lambda.x,0.005,13.7549,0.0,0.4123086327385404
lambda.x,0.005,13.7619,0.0,0.4123086327385404
lambda.x,0.005,13.7689,0.0,0.4123086327385404
lambda.x,0.005,13.7759,0.0,0.4123086327385404
lambda.x,0.005,13.7829,0.0,0.4123086327385404
lambda.x,0.005,13.7899,0.0,0.4123086327385404
lambda.x,0.005,13.7969,0.0,0.4123086327385404
lambda.x,0.005,13.8039,0.0,0.4123086327385404
lambda.x,0.005,13.8109,0.0,0.4123086327385404
lambda.x,0.005,13.8179,0.0,0.4123086327385404
lambda.x,0.005,13.8249,0.0,0.4123086327385404
lambda.x,0.005,13.8319,0.0,0.4123086327385404
lambda.x,0.005,13.8389,0.0,0.4123086327385404
lambda.x,0.005,13.8459,0.0,0.4123086327385404
lambda.x,0.005,13.8529,0.0,0.4123086327385404
lambda.x,0.005,13.8599,0.0,0.4123086327385404
lambda.x,0.005,13.8669,0.0,0.4123086327385404
lambda.x,0.005,13.8739,0.0,0.4123086327385404
lambda.x,0.005,13.8809,0.0,0.4123086327385404
lambda.x,0.005,13.8879,0.0,0.4123086327385404
lambda.x,0.005,13.8949,0.0,0.4123086327385404
lambda.x,0.005,13.902,0.0,0.4123086327385404
lambda.x,0.005,13.909,0.0,0.4123086327385404
lambda.x,0.005,13.916,0.0,0.4123086327385404
lambda.x,0.005,13.923,0.0,0.4123086327385404
lambda.x,0.005,13.93,0.0,0.4123086327385404
lambda.x,0.005,13.937,0.0,0.4123086327385404
lambda.x,0.005,13.944,0.0,0.4123086327385404
lambda.x,0.005,13.951,0.0,0.4123086327385404
lambda.x,0.005,13.958,0.0,0.4123086327385404
lambda.x,0.005,13.965,0.0,0.4123086327385404
lambda.x,0.005,13.972,0.0,0.4123086327385404
lambda.x,0.005,13.979,0.0,0.4123086327385404
lambda.x,0.005,13.986,0.0,0.4123086327385404
lambda.x,0.005,13.993,0.0,0.4123086327385404
lambda.x,0.005,14.0,0.0,0.4123086327385404
matdyn.x,0.005,0.012451295155898528,-6.60801e-10,0.0
matdyn.x,0.005,0.03735385256927598,-1.78418e-08,-1.3216128349487637e-08
matdyn.x,0.005,0.062256640271590655,-8.26012e-08,-5.8151421037351805e-08
matdyn.x,0.005,0.08715942797390532,-2.26658e-07,-1.5595174864050668e-07
matdyn.x,0.005,0.11206221567622,-4.81731e-07,-3.277630692540345e-07
matdyn.x,0.005,0.13696500337853465,-8.79539e-07,-5.947312827911219e-07
matdyn.x,0.005,0.16186746209665331,-1.4518e-06,-9.779975394801098e-07
matdyn.x,0.005,0.18677024979896797,-2.23024e-06,-1.4987186744502907e-06
matdyn.x,0.005,0.21167303750128266,-3.24656e-06,-2.1780344779138488e-06
matdyn.x,0.005,0.2365758252035973,-4.5325e-06,-3.0370904905534667e-06
matdyn.x,0.005,0.261478612905912,-6.11977e-06,-4.097033785349296e-06
matdyn.x,0.005,0.2863810716240306,-8.04009e-06,-5.378994224491423e-06
matdyn.x,0.005,0.31128385932634534,-1.03252e-05,-6.90415351375075e-06
matdyn.x,0.005,0.33618566007607187,-1.30067e-05,-8.693566127698399e-06
matdyn.x,0.005,0.3610897637151707,-1.61165e-05,-1.0768625474283645e-05
matdyn.x,0.005,0.3859905775123092,-1.96862e-05,-1.3150007563738843e-05
matdyn.x,0.005,0.4108946811514079,-2.37476e-05,-1.5859489906787472e-05
matdyn.x,0.005,0.43579878479050677,-2.83323e-05,-1.8917893178934638e-05
matdyn.x,0.005,0.46069959858764525,-3.34721e-05,-2.2345920463016676e-05
matdyn.x,0.005,0.48560370222674404,-3.91987e-05,-2.616562521892477e-05
matdyn.x,0.005,0.5105045160238826,-4.55438e-05,-3.039714248490067e-05
matdyn.x,0.005,0.5354086196629813,-5.25391e-05,-3.506273432545504e-05
matdyn.x,0.005,0.56031272330208,-6.02164e-05,-4.018297440008182e-05
matdyn.x,0.005,0.5852135370992186,-6.86074e-05,-4.577828897700856e-05
matdyn.x,0.005,0.6101176407383174,-7.77438e-05,-5.1871304358564e-05
matdyn.x,0.005,0.6350184545354559,-8.76573e-05,-5.848155553145626e-05
matdyn.x,0.005,0.6599225581745547,-9.83796e-05,-6.563193392089607e-05
matdyn.x,0.005,0.6848233719716932,-0.000109942,-7.334167801741938e-05
matdyn.x,0.005,0.709727475610792,-0.000122378,-8.163400315458706e-05
matdyn.x,0.005,0.7346315792498908,-0.000175632,-9.188215397419881e-05
matdyn.x,0.005,0.7595323930470292,-0.000444832,-0.00011241886474087948
matdyn.x,0.005,0.784436496686128,-0.000651856,-0.00014769931122553872
matdyn.x,0.005,0.8093373104832666,-0.000722976,-0.00019063528945410812
matdyn.x,0.005,0.8342414141223653,-0.000584466,-0.00023032968027064137
matdyn.x,0.005,0.8591422279195038,-0.000547757,-0.00026365091387094635
matdyn.x,0.005,0.8840463315586027,-0.000596649,-0.00029633679256682485
matdyn.x,0.005,0.9089504351977014,-0.000648,-0.0003308991333267921
matdyn.x,0.005,0.93385124899484,-0.000701859,-0.0003673659988676062
matdyn.x,0.005,0.9587553526339386,-0.000758275,-0.00040577982969036523
matdyn.x,0.005,0.9836561664310772,-0.000817296,-0.0004461632445794704
matdyn.x,0.005,1.008560270070176,-0.000878973,-0.0004885596995029403
matdyn.x,0.005,1.0334643737092748,-0.000943354,-0.0005329965918585047
matdyn.x,0.005,1.0583651875064133,-0.00101049,-0.0005795006652794706
matdyn.x,0.005,1.083269291145512,-0.00108042,-0.0006281168300030158
matdyn.x,0.005,1.1081701049426507,-0.00115321,-0.000678865017576463
matdyn.x,0.005,1.1330742085817493,-0.0012289,-0.0007317915919503042
matdyn.x,0.005,1.1579750223788878,-0.00130753,-0.0007869151127863479
matdyn.x,0.005,1.1828791260179867,-0.00138917,-0.0008442829462334238
matdyn.x,0.005,1.2077832296570854,-0.00151838,-0.0009048387668507364
matdyn.x,0.005,1.2326840434542239,-0.00167582,-0.0009699955150374135
matdyn.x,0.005,1.2575881470933226,-0.001832,-0.0010401315826011589
matdyn.x,0.005,1.2824889608904613,-0.00198479,-0.001114942705970964
matdyn.x,0.005,1.30739306452956,-0.00213201,-0.0011940964549981396
matdyn.x,0.005,1.3322938783266987,-0.00227152,-0.0012771581726154788
matdyn.x,0.005,1.3571979819657973,-0.0023901,-0.0013634763926259643
matdyn.x,0.005,1.382102085604896,-0.00245464,-0.001451564052597385
matdyn.x,0.005,1.4070028994020345,-0.00243953,-0.0015389626198836915
matdyn.x,0.005,1.4319070030411334,-0.00247228,-0.0016251411097307025
matdyn.x,0.005,1.4568078168382719,-0.00255937,-0.0017118805791366263
matdyn.x,0.005,1.4817119204773705,-0.00266331,-0.0018003969608293628
matdyn.x,0.005,1.5066160241164692,-0.00278688,-0.0018912276049005093
matdyn.x,0.005,1.531516837913608,-0.00293335,-0.0019849812770876083
matdyn.x,0.005,1.5564209415527066,-0.00310596,-0.0020823787800367134
matdyn.x,0.005,1.5813217553498453,-0.00325001,-0.0021832476793393276
matdyn.x,0.005,1.606225858988944,-0.00338474,-0.002286911305276556
matdyn.x,0.005,1.6311266727860825,-0.00352427,-0.0023931854431688297
matdyn.x,0.005,1.6560307764251812,-0.00366883,-0.00250216757537594
matdyn.x,0.005,1.68093488006428,-0.00381828,-0.0026139112311304295
matdyn.x,0.005,1.7058356938614185,-0.00397135,-0.002728445465048619
matdyn.x,0.005,1.7307397975005174,-0.00412789,-0.0028458219947469082
matdyn.x,0.005,1.7556406112976557,-0.00428788,-0.0029660279001915463
matdyn.x,0.005,1.7805447149367546,-0.00445128,-0.003089111427373478
matdyn.x,0.005,1.805445528733893,-0.00463703,-0.0032153165159526553
matdyn.x,0.005,1.8303496323729918,-0.00486749,-0.003345507207012069
matdyn.x,0.005,1.8552537360120906,-0.00512428,-0.0034805213136109617
matdyn.x,0.005,1.8801545498092291,-0.00533495,-0.003619954500843881
matdyn.x,0.005,1.905058653448328,-0.00550334,-0.003762563107155604
matdyn.x,0.005,1.9299594672454663,-0.00566824,-0.003907629696507225
matdyn.x,0.005,1.9548635708845652,-0.00582885,-0.004055029381300053
matdyn.x,0.005,1.979767674523664,-0.00598441,-0.0042045660966118555
matdyn.x,0.005,2.004668488320802,-0.00612423,-0.004355907463298111
matdyn.x,0.005,2.029572591959901,-0.00624925,-0.004508671239512623
matdyn.x,0.005,2.0544734057570397,-0.0063688,-0.004662534953736647
matdyn.x,0.005,2.0793775093961386,-0.00651355,-0.004817747762490258
matdyn.x,0.005,2.104278323193277,-0.0066782,-0.004974774323668611
matdyn.x,0.005,2.129182426832376,-0.00685049,-0.0051339378712852955
matdyn.x,0.005,2.1540865304714747,-0.00702594,-0.005295294223833277
matdyn.x,0.005,2.178987344268613,-0.00720034,-0.0054587960249674675
matdyn.x,0.005,2.203891447907712,-0.00736343,-0.005624297416159526
matdyn.x,0.005,2.2287922617048506,-0.00752425,-0.005791557060364773
matdyn.x,0.005,2.2536963653439495,-0.00768591,-0.00596056350156916
matdyn.x,0.005,2.278600468983048,-0.00784832,-0.0061312740898627986
matdyn.x,0.005,2.3035012827801866,-0.00800807,-0.00630360856825161
matdyn.x,0.005,2.3284053864192855,-0.00816284,-0.006477495032424918
matdyn.x,0.005,2.353306200216424,-0.00831193,-0.006652741641200031
matdyn.x,0.005,2.3782103038555227,-0.00848168,-0.006829521808308449
matdyn.x,0.005,2.403111117652661,-0.00869941,-0.0070084708697930225
matdyn.x,0.005,2.42801522129176,-0.00886282,-0.007189531023939001
matdyn.x,0.005,2.4529193249308587,-0.00908482,-0.007372673538547173
matdyn.x,0.005,2.477820138727997,-0.00928527,-0.007558210273032294
matdyn.x,0.005,2.502724242367096,-0.00942284,-0.007745299551760628
matdyn.x,0.005,2.5276250561642346,-0.00954983,-0.007933131774978768
matdyn.x,0.005,2.552529159803333,-0.00966606,-0.008121532286544256
matdyn.x,0.005,2.5774299736004718,-0.00978244,-0.008310337229487787
matdyn.x,0.005,2.6023340772395707,-0.00987931,-0.00849940297652848
matdyn.x,0.005,2.627238180878669,-0.0099544,-0.008688306787885259
matdyn.x,0.005,2.652138994675808,-0.0100144,-0.008876678775368898
matdyn.x,0.005,2.6770430983149067,-0.0100854,-0.009064538811751212
matdyn.x,0.005,2.7019439121120454,-0.0101555,-0.009251941235882624
matdyn.x,0.005,2.726848015751144,-0.0102196,-0.009438880416510469
matdyn.x,0.005,2.751752119390243,-0.0102763,-0.009625218580906833
matdyn.x,0.005,2.7766529331873815,-0.0103241,-0.009810795348687028
matdyn.x,0.005,2.80155703682648,-0.0103592,-0.009995480189909358
matdyn.x,0.005,2.826457850623618,-0.0103828,-0.010179026325050454
matdyn.x,0.005,2.851361954262717,-0.0103953,-0.010361303524279017
matdyn.x,0.005,2.876262768059856,-0.0103971,-0.010542096539538354
matdyn.x,0.005,2.9011668716989543,-0.010402,-0.010721412281369259
matdyn.x,0.005,2.926070975338053,-0.0104172,-0.010899366701790548
matdyn.x,0.005,2.950971789135192,-0.0104109,-0.011075865882067881
matdyn.x,0.005,2.9758758927742903,-0.0103954,-0.011250722078905291
matdyn.x,0.005,3.000776706571429,-0.0103851,-0.0114238830259132
matdyn.x,0.005,3.025680810210528,-0.0103693,-0.011595420012633764
matdyn.x,0.005,3.0505816240076666,-0.0102685,-0.011764575620171533
matdyn.x,0.005,3.075485727646765,-0.010127,-0.011930409371905664
matdyn.x,0.005,3.100389831285864,-0.00995615,-0.01209238742189886
matdyn.x,0.005,3.1252906450830027,-0.00975982,-0.012250111901208782
matdyn.x,0.005,3.150194748722101,-0.00953324,-0.012403249482189743
matdyn.x,0.005,3.17509556251924,-0.00928509,-0.012551423967868737
matdyn.x,0.005,3.1999996661583388,-0.00901829,-0.012694437419114928
matdyn.x,0.005,3.2249037697974376,-0.00872553,-0.012832004882188362
matdyn.x,0.005,3.249804583594576,-0.00840502,-0.01296377966364863
matdyn.x,0.005,3.274708687233675,-0.00805631,-0.013089457633120406
matdyn.x,0.005,3.2996127908727733,-0.00767658,-0.013208665362979419
matdyn.x,0.005,3.3245168945118726,-0.00725735,-0.01332097012389768
matdyn.x,0.005,3.349420998150971,-0.00680206,-0.013425910923754093
matdyn.x,0.005,3.3743251017900695,-0.00631492,-0.013523093667312608
matdyn.x,0.005,3.399229205429169,-0.00581178,-0.01361228015127645
matdyn.x,0.005,3.4241333090682673,-0.00528471,-0.013693295846044005
matdyn.x,0.005,3.4490374127073657,-0.00472734,-0.013765866340975683
matdyn.x,0.005,3.473941516346465,-0.00413537,-0.013829646323801938
matdyn.x,0.005,3.4988456199855635,-0.00349656,-0.0138841799322613
matdyn.x,0.005,3.523749723624662,-0.0028123,-0.013928943699520427
matdyn.x,0.005,3.5486538272637613,-0.00207599,-0.013963388725438362
matdyn.x,0.005,3.5735250324832575,-0.00128424,-0.01398687669359417
matdyn.x,0.005,3.5984291361223564,-0.000493164,-0.013999239739260663
matdyn.x,0.005,3.623333239761455,0.000396537,-0.013999927340680427
matdyn.x,0.005,3.648237343400554,0.00136573,-0.013987878904125754
matdyn.x,0.005,3.6731414470396526,0.00238653,-0.013962375162267839
matdyn.x,0.005,3.698045550678751,0.00345802,-0.01392290667941601
matdyn.x,0.005,3.7229496543178504,0.00457841,-0.013868992427826644
matdyn.x,0.005,3.747853757956949,0.00576953,-0.013800027917922125
matdyn.x,0.005,3.7727578615960473,0.00705063,-0.013715148533408352
matdyn.x,0.005,3.7976619652351467,0.00839071,-0.013613582936389899
matdyn.x,0.005,3.822566068874245,0.00980018,-0.013494710396654107
matdyn.x,0.005,3.8474701725133436,0.011279,-0.013357854710522778
matdyn.x,0.005,3.872374276152442,0.0129516,-0.013201552785222309
matdyn.x,0.005,3.8972783797915413,0.0147496,-0.01302400633705147
matdyn.x,0.005,3.92218248343064,0.0166311,-0.012824154477688143
matdyn.x,0.005,3.9470865870697387,0.0182907,-0.012603149444828932
matdyn.x,0.005,3.9719906907088376,0.0202776,-0.012360605321935883
matdyn.x,0.005,3.9968947943479365,0.0223316,-0.012094321050349787
matdyn.x,0.005,4.0217988979870345,0.0244193,-0.011803964776105808
matdyn.x,0.005,4.046703001626134,0.0265687,-0.01148924530852251
matdyn.x,0.005,4.071607105265232,0.0288968,-0.011148988856211158
matdyn.x,0.005,4.096511208904332,0.0313223,-0.010781821678031033
matdyn.x,0.005,4.12141531254343,0.0338645,-0.010386772668022062
matdyn.x,0.005,4.146286517762927,0.036522,-0.00996333840966039
matdyn.x,0.005,4.171190621402025,0.0396603,-0.00950718208854475
matdyn.x,0.005,4.196094725041124,0.0432954,-0.009013429069023856
matdyn.x,0.005,4.220998828680223,0.0460088,-0.00848501375106848
matdyn.x,0.005,4.245902932319321,0.0493507,-0.007924095794902431
matdyn.x,0.005,4.27080703595842,0.0527758,-0.007326883662901707
matdyn.x,0.005,4.295711139597519,0.0563484,-0.006692459118143097
matdyn.x,0.005,4.320615243236618,0.0600668,-0.006019556853283599
matdyn.x,0.005,4.345519346875716,0.0639731,-0.00530670190346969
matdyn.x,0.005,4.370423450514815,0.0682047,-0.004551420354676043
matdyn.x,0.005,4.395327554153914,0.0741083,-0.0037428670205338693
matdyn.x,0.005,4.420231657793012,0.0782363,-0.0028821739052276273
matdyn.x,0.005,4.445135761432112,0.0832053,-0.001975219405677301
matdyn.x,0.005,4.47003986507121,0.088741,-0.0010146512782914928
matdyn.x,0.005,4.494943968710309,0.0949034,5.564311377097937e-06
matdyn.x,0.005,4.519848072349408,0.101908,0.0010928810171255729
matdyn.x,0.005,4.544752175988507,0.110746,0.002261248594503556
matdyn.x,0.005,4.569656279627606,0.122861,0.0035376873230977485
matdyn.x,0.005,4.594560383266705,0.133909,0.004933098723998209
matdyn.x,0.005,4.6194644869058035,0.135782,0.00639094927231269
matdyn.x,0.005,4.644368590544902,0.143334,0.007891554552875858
matdyn.x,0.005,4.669272694184001,0.143697,0.009426566797816635
matdyn.x,0.005,4.6941767978231,0.141016,0.01094112610837035
matdyn.x,0.005,4.719080901462198,0.140754,0.012432064928070771
matdyn.x,0.005,4.743952106681694,0.142605,0.01392152555224994
matdyn.x,0.005,4.768856210320793,0.144211,0.015423256565515351
matdyn.x,0.005,4.793760313959892,0.145265,0.01693102817213606
matdyn.x,0.005,4.818664417598991,0.146035,0.01844044220780918
matdyn.x,0.005,4.8435685212380895,0.146261,0.0199472168376753
matdyn.x,0.005,4.868472624877189,0.146669,0.021449512983831208
matdyn.x,0.005,4.893376728516287,0.147351,0.02294970185445117
matdyn.x,0.005,4.918280832155387,0.148627,0.024452207128608905
matdyn.x,0.005,4.943184935794485,0.149239,0.025956667972177428
matdyn.x,0.005,4.9680890394335835,0.14943,0.027457608972934616
matdyn.x,0.005,4.992993143072683,0.149625,0.028952974835688983
matdyn.x,0.005,5.017897246711781,0.149577,0.03044163496778282
matdyn.x,0.005,5.04280135035088,0.150186,0.03192569433961624
matdyn.x,0.005,5.067705453989979,0.150707,0.033408010529412245
matdyn.x,0.005,5.0926095576290775,0.151399,0.03488900439343705
matdyn.x,0.005,5.117513661268176,0.152276,0.03637042537760182
matdyn.x,0.005,5.142417764907275,0.153241,0.037853595821926406
matdyn.x,0.005,5.167321868546374,0.154194,0.03933886717103471
matdyn.x,0.005,5.192225972185472,0.155073,0.040825806451496596
matdyn.x,0.005,5.2171300758245716,0.155914,0.04231386136379573
matdyn.x,0.005,5.24203417946367,0.156611,0.04380215576201011
matdyn.x,0.005,5.2669382831027685,0.157458,0.04529071249603988
matdyn.x,0.005,5.291842386741868,0.158543,0.046781358423400705
matdyn.x,0.005,5.316746490380966,0.159492,0.048274556974039685
matdyn.x,0.005,5.341617695600463,0.160482,0.049767867721750514
matdyn.x,0.005,5.366521799239561,0.161577,0.051265900256426744
matdyn.x,0.005,5.391425902878661,0.162827,0.052767852541574053
matdyn.x,0.005,5.416330006517759,0.164152,0.054274749287389915
matdyn.x,0.005,5.4412341101568575,0.165598,0.05578744379084495
matdyn.x,0.005,5.466138213795957,0.1671,0.05730669205953971
matdyn.x,0.005,5.491042317435055,0.168735,0.05883329286356605
matdyn.x,0.005,5.515946421074154,0.170589,0.06036877165001894
matdyn.x,0.005,5.540850524713253,0.172554,0.06191453612536932
matdyn.x,0.005,5.565754628352352,0.174606,0.06347138223292285
matdyn.x,0.005,5.59065873199145,0.176859,0.06504049568689407
matdyn.x,0.005,5.615562835630549,0.179515,0.06662445006641035
matdyn.x,0.005,5.640466939269648,0.182174,0.06822491454668836
matdyn.x,0.005,5.665371042908746,0.184938,0.06984221846406398
matdyn.x,0.005,5.690275146547845,0.187763,0.0714769426398338
matdyn.x,0.005,5.715179250186944,0.190786,0.0731300646919575
matdyn.x,0.005,5.7400833538260425,0.194201,0.07480398817990978
matdyn.x,0.005,5.764987457465141,0.198384,0.07650355144217294
matdyn.x,0.005,5.78989156110424,0.20182,0.07822863809086686
matdyn.x,0.005,5.814795664743339,0.20601,0.07997904518580025
matdyn.x,0.005,5.839699768382437,0.21105,0.08176141058063754
matdyn.x,0.005,5.8646038720215365,0.216184,0.08357948643702197
matdyn.x,0.005,5.889507975660635,0.221379,0.0854336272247551
matdyn.x,0.005,5.914412079299734,0.226812,0.08732478868286195
matdyn.x,0.005,5.93928328451923,0.232238,0.08925108989356549
matdyn.x,0.005,5.964187388158329,0.239832,0.09122633498161448
matdyn.x,0.005,5.989091491797428,0.2452,0.09324738062492925
matdyn.x,0.005,6.013995595436526,0.251246,0.09530739791262824
matdyn.x,0.005,6.038899699075626,0.258183,0.09741254684219415
matdyn.x,0.005,6.063803802714724,0.265816,0.09956898891235895
matdyn.x,0.005,6.0887079063538225,0.273578,0.10177968982288436
matdyn.x,0.005,6.113612009992922,0.281722,0.10404629035601287
matdyn.x,0.005,6.13851611363202,0.296516,0.10639687133961709
matdyn.x,0.005,6.163420217271119,0.304249,0.10882920148140676
matdyn.x,0.005,6.188324320910218,0.316033,0.11133039283216735
matdyn.x,0.005,6.213228424549317,0.327305,0.11391414301886052
matdyn.x,0.005,6.238132528188416,0.339402,0.1165810328704688
matdyn.x,0.005,6.263036631827514,0.366025,0.11939145416389185
matdyn.x,0.005,6.287940735466614,0.374595,0.12233052828117054
matdyn.x,0.005,6.312844839105712,0.381567,0.12531943196467016
matdyn.x,0.005,6.3377489427448115,0.439851,0.12855309848858115
matdyn.x,0.005,6.36265304638391,0.370741,0.13173260725728303
matdyn.x,0.005,6.387557150023008,0.317786,0.13442272590553522
matdyn.x,0.005,6.412461253662108,0.30755,0.13685615795133976
matdyn.x,0.005,6.437365357301207,0.283346,0.13914676609542947
matdyn.x,0.005,6.462269460940305,0.268501,0.1412776822103933
matdyn.x,0.005,6.487173564579404,0.25682,0.14329834926985208
matdyn.x,0.005,6.5120776682185015,0.24823,0.14523357974217238
matdyn.x,0.005,6.536948873437998,0.24037,0.14709616889003183
matdyn.x,0.005,6.5618529770770975,0.234949,0.14890361559266466
matdyn.x,0.005,6.586757080716196,0.230793,0.1506679275060585
matdyn.x,0.005,6.611661184355294,0.22914,0.15240364118447283
matdyn.x,0.005,6.636565287994394,0.221398,0.15409755050279736
matdyn.x,0.005,6.661469391633492,0.217089,0.15573995334288349
matdyn.x,0.005,6.6863734952725915,0.212799,0.15734413942787662
matdyn.x,0.005,6.71127759891169,0.21025,0.1589169241602006
matdyn.x,0.005,6.736181702550788,0.210471,0.1604752415932958
matdyn.x,0.005,6.761085806189888,0.205841,0.16201157111171582
matdyn.x,0.005,6.785989909828987,0.204848,0.16352155328951531
matdyn.x,0.005,6.810894013468085,0.20369,0.1650181255488798
matdyn.x,0.005,6.835798117107184,0.201854,0.16649831236452398
matdyn.x,0.005,6.860702220746283,0.200968,0.167963211262256
matdyn.x,0.005,6.885606324385381,0.200592,0.1694182261287138
matdyn.x,0.005,6.91051042802448,0.200404,0.17086595045803146
matdyn.x,0.005,6.93541453166358,0.200319,0.17230748408545554
matdyn.x,0.005,6.960318635302677,0.200087,0.17374271528722235
matdyn.x,0.005,6.9852227389417765,0.199717,0.17517067110377854
matdyn.x,0.005,7.010126842580876,0.199972,0.17659313167750165
matdyn.x,0.005,7.035030946219973,0.199559,0.17800999165179604
matdyn.x,0.005,7.059935049859073,0.199386,0.17941977245701066
matdyn.x,0.005,7.084839153498172,0.199817,0.18082549370254528
matdyn.x,0.005,7.109710358717668,0.200347,0.1822278021612293
matdyn.x,0.005,7.134614462356767,0.20073,0.1836302522115633
matdyn.x,0.005,7.159518565995865,0.200787,0.18502935054664552
matdyn.x,0.005,7.184422669634964,0.200955,0.1864243712226508
matdyn.x,0.005,7.209326773274063,0.20128,0.1878162695811555
matdyn.x,0.005,7.234230876913161,0.201552,0.18920542705411098
matdyn.x,0.005,7.25913498055226,0.201697,0.1905912443216487
matdyn.x,0.005,7.28403908419136,0.201897,0.1919734966008481
matdyn.x,0.005,7.308943187830457,0.202014,0.19335211346490896
matdyn.x,0.005,7.3338472914695565,0.201966,0.19472627653002655
matdyn.x,0.005,7.358751395108656,0.202316,0.19609680262885493
matdyn.x,0.005,7.383655498747753,0.20244,0.197464301029058
matdyn.x,0.005,7.408559602386853,0.202687,0.19882844331172045
matdyn.x,0.005,7.433463706025952,0.203125,0.20019030537695473
matdyn.x,0.005,7.45836780966505,0.203592,0.20155063921998506
matdyn.x,0.005,7.483271913304149,0.203847,0.2029088463344532
matdyn.x,0.005,7.508176016943248,0.204213,0.2042646034942752
matdyn.x,0.005,7.533080120582346,0.204763,0.20561890340642439
matdyn.x,0.005,7.557984224221445,0.205295,0.2069723046833174
matdyn.x,0.005,7.582888327860545,0.205935,0.2083251086244918
matdyn.x,0.005,7.607792431499642,0.206623,0.20967783097797962
matdyn.x,0.005,7.6326965351387415,0.207139,0.21103006820193385
matdyn.x,0.005,7.657600638777841,0.207693,0.2123813858301141
matdyn.x,0.005,7.682504742416939,0.208433,0.21373251636908325
matdyn.x,0.005,7.707375947636436,0.209723,0.21508405628170693
matdyn.x,0.005,7.732280051275535,0.211137,0.21644174346423162
matdyn.x,0.005,7.757184154914633,0.212317,0.2178034073894389
matdyn.x,0.005,7.782088258553732,0.212842,0.2191661751895095
matdyn.x,0.005,7.806992362192831,0.21326,0.2205276023421553
matdyn.x,0.005,7.831896465831929,0.213781,0.22188768357892363
matdyn.x,0.005,7.856800569471028,0.214501,0.2232473857522234
matdyn.x,0.005,7.881704673110128,0.215316,0.22460764222307725
matdyn.x,0.005,7.906608776749225,0.216359,0.2259694678225791
matdyn.x,0.005,7.931512880388325,0.218711,0.22733768095931228
matdyn.x,0.005,7.956416984027424,0.219758,0.22871226700921296
matdyn.x,0.005,7.9813210876665215,0.220879,0.2300893322660848
matdyn.x,0.005,8.00622519130562,0.223269,0.2314730395283363
matdyn.x,0.005,8.031129294944721,0.225032,0.23286535062514355
matdyn.x,0.005,8.056033398583818,0.230225,0.2342748713330071
matdyn.x,0.005,8.080937502222918,0.232242,0.23570231097799393
matdyn.x,0.005,8.105841605862016,0.231141,0.23712819165291668
matdyn.x,0.005,8.130745709501115,0.23243,0.238550263659361
matdyn.x,0.005,8.155649813140213,0.233861,0.23997630443454887
matdyn.x,0.005,8.180553916779314,0.235683,0.24140791371599893
matdyn.x,0.005,8.20545802041841,0.236763,0.2428439959662431
matdyn.x,0.005,8.23036212405751,0.236859,0.24427929456751032
matdyn.x,0.005,8.255266227696609,0.235339,0.2457059616863678
matdyn.x,0.005,8.280170331335707,0.230725,0.24710986844248278
matdyn.x,0.005,8.305041536555205,0.225721,0.24847886805387245
matdyn.x,0.005,8.329945640194302,0.221749,0.24981869623706898
matdyn.x,0.005,8.354849743833402,0.218789,0.25113382635765125
matdyn.x,0.005,8.3797538474725,0.217559,0.25243256348138254
matdyn.x,0.005,8.404657951111599,0.22118,0.2537345205484476
matdyn.x,0.005,8.429562054750697,0.227096,0.2550608330751051
matdyn.x,0.005,8.454466158389797,0.23516,0.2564244650248817
matdyn.x,0.005,8.479370262028894,0.243642,0.2578327518967729
matdyn.x,0.005,8.504274365667994,0.252525,0.2592878337519815
matdyn.x,0.005,8.529178469307093,0.26332,0.26079619401978854
matdyn.x,0.005,8.554082572946191,0.275751,0.26236786786326527
matdyn.x,0.005,8.57898667658529,0.289754,0.26401181358860354
matdyn.x,0.005,8.60389078022439,0.309038,0.2657474615711454
matdyn.x,0.005,8.628794883863486,0.341598,0.267627884469419
matdyn.x,0.005,8.653698987502587,0.373855,0.26968969281572513
matdyn.x,0.005,8.678603091141685,0.408678,0.27193833549230123
matdyn.x,0.005,8.703507194780784,0.448496,0.2743943978283021
matdyn.x,0.005,8.728411298419882,0.499582,0.2771031373586811
matdyn.x,0.005,8.753315402058982,0.56809,0.2801448320419106
matdyn.x,0.005,8.77821950569808,0.639996,0.28357679803803404
matdyn.x,0.005,8.80312360933718,0.669329,0.28728602502177913
matdyn.x,0.005,8.828027712976278,0.686398,0.29111590907415
matdyn.x,0.005,8.852931816615376,0.696787,0.29501238159856047
matdyn.x,0.005,8.877835920254476,0.690777,0.29891027441122586
matdyn.x,0.005,8.90270712547397,0.691848,0.3027782755236278
matdyn.x,0.005,8.92761122911307,0.700903,0.30666883622494245
matdyn.x,0.005,8.952515332752169,0.713557,0.3106090195021592
matdyn.x,0.005,8.977419436391267,0.728326,0.31461442861611993
matdyn.x,0.005,9.002323540030366,0.750091,0.3187099232055597
matdyn.x,0.005,9.027227643669466,0.765192,0.32289597498436906
matdyn.x,0.005,9.052131747308565,0.77609,0.32714213711992435
matdyn.x,0.005,9.077035850947663,0.785005,0.3314310753554061
matdyn.x,0.005,9.101939954586761,0.812282,0.33580735545557777
matdyn.x,0.005,9.12684405822586,0.815815,0.34025595190247876
matdyn.x,0.005,9.15174816186496,0.825015,0.3447271019309809
matdyn.x,0.005,9.176652265504059,0.713298,0.3489079531362367
matdyn.x,0.005,9.201556369143157,0.647059,0.3525950120860233
matdyn.x,0.005,9.226460472782255,0.604145,0.35597699459505494
matdyn.x,0.005,9.251364576421356,0.570056,0.3591422611401775
matdyn.x,0.005,9.276268680060452,0.541294,0.3621300349173242
matdyn.x,0.005,9.301172783699553,0.517373,0.3649685311367062
matdyn.x,0.005,9.326076887338651,0.491919,0.3676674164218207
matdyn.x,0.005,9.35098099097775,0.472019,0.3702381334499847
matdyn.x,0.005,9.375885094616848,0.45555,0.37270526924232855
matdyn.x,0.005,9.400789198255948,0.436197,0.37507084662640916
matdyn.x,0.005,9.425693301895045,0.418391,0.3773318501844961
matdyn.x,0.005,9.450597405534145,0.400181,0.37949185460990503
matdyn.x,0.005,9.475501509173244,0.384795,0.3815577490977777
matdyn.x,0.005,9.50037271439274,0.36828,0.383531882482471
matdyn.x,0.005,9.52527681803184,0.350384,0.3854133737570279
matdyn.x,0.005,9.550180921670938,0.33667,0.3872074003343989
matdyn.x,0.005,9.575085025310036,0.321467,0.3889214505247246
matdyn.x,0.005,9.599989128949135,0.301603,0.39053997553303404
matdyn.x,0.005,9.624893232588233,0.282902,0.3920543880080192
matdyn.x,0.005,9.649797336227332,0.26919,0.39348111084038373
matdyn.x,0.005,9.674701439866432,0.252456,0.39482569264273576
matdyn.x,0.005,9.69960554350553,0.236627,0.3960831002576808
matdyn.x,0.005,9.724509647144629,0.208697,0.3972251141904401
matdyn.x,0.005,9.749413750783727,0.181244,0.39822255277513213
matdyn.x,0.005,9.774317854422828,0.163204,0.3991013556497753
matdyn.x,0.005,9.799221958061924,0.125082,0.39983507311351657
matdyn.x,0.005,9.824126061701024,0.0891589,0.40037897841965037
matdyn.x,0.005,9.849030165340123,0.0680128,0.4007769718259544
matdyn.x,0.005,9.873934268979221,0.0572474,0.40109333770689254
matdyn.x,0.005,9.89883837261832,0.0302781,0.4013139029832297
matdyn.x,0.005,9.92374247625742,0.00279137,0.4013970835567519
matdyn.x,0.005,9.948646579896517,0.0,0.40140408863250243
lambda.x,0.02,0.0,0.0,0.0
lambda.x,0.02,0.007,0.0,0.0
lambda.x,0.02,0.014,0.0,0.0
lambda.x,0.02,0.021,0.0,0.0
lambda.x,0.02,0.028,0.0,0.0
lambda.x,0.02,0.035,0.0,0.0
lambda.x,0.02,0.042,0.0,0.0
lambda.x,0.02,0.049,0.0,0.0
lambda.x,0.02,0.056,0.0,0.0
lambda.x,0.02,0.063,0.0,0.0
lambda.x,0.02,0.07,0.0,0.0
lambda.x,0.02,0.077,0.0,0.0
lambda.x,0.02,0.084,0.0,0.0
lambda.x,0.02,0.091,0.0,0.0
lambda.x,0.02,0.098,0.0,0.0
lambda.x,0.02,0.1051,0.0,0.0
lambda.x,0.02,0.1121,0.0,0.0
lambda.x,0.02,0.1191,0.0,0.0
lambda.x,0.02,0.1261,0.0,0.0
lambda.x,0.02,0.1331,0.0,0.0
lambda.x,0.02,0.1401,0.0,0.0
lambda.x,0.02,0.1471,0.0,0.0
lambda.x,0.02,0.1541,0.0,0.0
lambda.x,0.02,0.1611,0.0,0.0
lambda.x,0.02,0.1681,0.0,0.0
lambda.x,0.02,0.1751,0.0,0.0
lambda.x,0.02,0.1821,0.0,0.0
lambda.x,0.02,0.1891,0.0,0.0
lambda.x,0.02,0.1961,0.0,0.0
lambda.x,0.02,0.2031,0.0,0.0
lambda.x,0.02,0.2101,0.0,0.0
lambda.x,0.02,0.2171,0.0,0.0
lambda.x,0.02,0.2241,0.0,0.0
lambda.x,0.02,0.2311,0.0,0.0
lambda.x,0.02,0.2381,0.0,0.0
lambda.x,0.02,0.2451,0.0,0.0
lambda.x,0.02,0.2521,0.0,0.0
lambda.x,0.02,0.2591,0.0,0.0
lambda.x,0.02,0.2661,0.0,0.0
lambda.x,0.02,0.2731,0.0,0.0
lambda.x,0.02,0.2801,0.0,0.0
lambda.x,0.02,0.2871,0.0,0.0
lambda.x,0.02,0.2941,0.0,0.0
lambda.x,0.02,0.3012,0.0,0.0
lambda.x,0.02,0.3082,0.0,0.0
lambda.x,0.02,0.3152,0.0,0.0
lambda.x,0.02,0.3222,0.0,0.0
lambda.x,0.02,0.3292,0.0,0.0
lambda.x,0.02,0.3362,0.0,0.0
lambda.x,0.02,0.3432,0.0,0.0
lambda.x,0.02,0.3502,0.0,0.0
lambda.x,0.02,0.3572,0.0,0.0
lambda.x,0.02,0.3642,0.0,0.0
lambda.x,0.02,0.3712,0.0,0.0
lambda.x,0.02,0.3782,0.0,0.0
lambda.x,0.02,0.3852,0.0,0.0
lambda.x,0.02,0.3922,0.0,0.0
lambda.x,0.02,0.3992,0.0,0.0
lambda.x,0.02,0.4062,0.0,0.0
lambda.x,0.02,0.4132,0.0,0.0
lambda.x,0.02,0.4202,0.0,0.0
lambda.x,0.02,0.4272,0.0,0.0
lambda.x,0.02,0.4342,0.0,0.0
lambda.x,0.02,0.4412,0.0,0.0
lambda.x,0.02,0.4482,0.0,0.0
lambda.x,0.02,0.4552,0.0,0.0
lambda.x,0.02,0.4622,0.0,0.0
lambda.x,0.02,0.4692,0.0,0.0
lambda.x,0.02,0.4762,0.0,0.0
lambda.x,0.02,0.4832,0.0,0.0
lambda.x,0.02,0.4902,0.0,0.0
lambda.x,0.02,0.4972,0.0,0.0
lambda.x,0.02,0.5043,0.0,0.0
lambda.x,0.02,0.5113,0.0,0.0
lambda.x,0.02,0.5183,0.0,0.0
lambda.x,0.02,0.5253,0.0,0.0
lambda.x,0.02,0.5323,0.0,0.0
lambda.x,0.02,0.5393,0.0,0.0
lambda.x,0.02,0.5463,0.0,0.0
lambda.x,0.02,0.5533,0.0,0.0
lambda.x,0.02,0.5603,0.0,0.0
lambda.x,0.02,0.5673,0.0,0.0
lambda.x,0.02,0.5743,0.0,0.0
lambda.x,0.02,0.5813,0.0,0.0
lambda.x,0.02,0.5883,0.0,0.0
lambda.x,0.02,0.5953,0.0,0.0
lambda.x,0.02,0.6023,0.0,0.0
lambda.x,0.02,0.6093,0.0,0.0
lambda.x,0.02,0.6163,0.0,0.0
lambda.x,0.02,0.6233,0.0,0.0
lambda.x,0.02,0.6303,0.0,0.0
lambda.x,0.02,0.6373,0.0,0.0
lambda.x,0.02,0.6443,0.0,0.0
lambda.x,0.02,0.6513,0.0,0.0
lambda.x,0.02,0.6583,0.0,0.0
lambda.x,0.02,0.6653,0.0,0.0
lambda.x,0.02,0.6723,0.0,0.0
lambda.x,0.02,0.6793,0.0,0.0
lambda.x,0.02,0.6863,0.0,0.0
lambda.x,0.02,0.6933,0.0,0.0
lambda.x,0.02,0.7004,0.0,0.0
lambda.x,0.02,0.7074,0.0,0.0
lambda.x,0.02,0.7144,0.0,0.0
lambda.x,0.02,0.7214,0.0,0.0
lambda.x,0.02,0.7284,0.0,0.0
lambda.x,0.02,0.7354,0.0,0.0
lambda.x,0.02,0.7424,0.0,0.0
lambda.x,0.02,0.7494,0.0,0.0
lambda.x,0.02,0.7564,0.0,0.0
lambda.x,0.02,0.7634,0.0,0.0
lambda.x,0.02,0.7704,0.0,0.0
lambda.x,0.02,0.7774,0.0,0.0
lambda.x,0.02,0.7844,0.0,0.0
lambda.x,0.02,0.7914,0.0,0.0
lambda.x,0.02,0.7984,0.0,0.0
lambda.x,0.02,0.8054,0.0,0.0
lambda.x,0.02,0.8124,0.0,0.0
lambda.x,0.02,0.8194,0.0,0.0
lambda.x,0.02,0.8264,0.0,0.0
lambda.x,0.02,0.8334,0.0,0.0
lambda.x,0.02,0.8404,0.0,0.0
lambda.x,0.02,0.8474,0.0,0.0
lambda.x,0.02,0.8544,0.0,0.0
lambda.x,0.02,0.8614,0.0,0.0
lambda.x,0.02,0.8684,0.0,0.0
lambda.x,0.02,0.8754,0.0,0.0
lambda.x,0.02,0.8824,0.0,0.0
lambda.x,0.02,0.8894,0.0,0.0
lambda.x,0.02,0.8964,0.0,0.0
lambda.x,0.02,0.9035,0.0,0.0
lambda.x,0.02,0.9105,0.0,0.0
lambda.x,0.02,0.9175,0.0,0.0
lambda.x,0.02,0.9245,0.0,0.0
lambda.x,0.02,0.9315,0.0,0.0
lambda.x,0.02,0.9385,0.0,0.0
lambda.x,0.02,0.9455,0.0,0.0
lambda.x,0.02,0.9525,0.0,0.0
lambda.x,0.02,0.9595,0.0,0.0
lambda.x,0.02,0.9665,0.0,0.0
lambda.x,0.02,0.9735,0.0,0.0
lambda.x,0.02,0.9805,0.0,0.0
lambda.x,0.02,0.9875,0.0,0.0
lambda.x,0.02,0.9945,0.0,0.0
lambda.x,0.02,1.0015,0.0,0.0
lambda.x,0.02,1.0085,0.0,0.0
lambda.x,0.02,1.0155,0.0,0.0
lambda.x,0.02,1.0225,0.0,0.0
lambda.x,0.02,1.0295,0.0,0.0
lambda.x,0.02,1.0365,0.0,0.0
lambda.x,0.02,1.0435,0.0,0.0
lambda.x,0.02,1.0505,0.0,0.0
lambda.x,0.02,1.0575,0.0,0.0
lambda.x,0.02,1.0645,0.0,0.0
lambda.x,0.02,1.0715,0.0,0.0
lambda.x,0.02,1.0785,0.0,0.0
lambda.x,0.02,1.0855,0.0,0.0
lambda.x,0.02,1.0925,0.0,0.0
lambda.x,0.02,1.0995,0.0,0.0
lambda.x,0.02,1.1066,0.0,0.0
lambda.x,0.02,1.1136,0.0,0.0
lambda.x,0.02,1.1206,0.0,0.0
lambda.x,0.02,1.1276,0.0,0.0
lambda.x,0.02,1.1346,0.0,0.0
lambda.x,0.02,1.1416,0.0,0.0
lambda.x,0.02,1.1486,0.0,0.0
lambda.x,0.02,1.1556,0.0,0.0
lambda.x,0.02,1.1626,0.0,0.0
lambda.x,0.02,1.1696,0.0,0.0
lambda.x,0.02,1.1766,0.0,0.0
lambda.x,0.02,1.1836,0.0,0.0
lambda.x,0.02,1.1906,0.0,0.0
lambda.x,0.02,1.1976,0.0,0.0
lambda.x,0.02,1.2046,0.0,0.0
lambda.x,0.02,1.2116,0.0,0.0
lambda.x,0.02,1.2186,0.0,0.0
lambda.x,0.02,1.2256,0.0,0.0
lambda.x,0.02,1.2326,0.0,0.0
lambda.x,0.02,1.2396,0.0,0.0
lambda.x,0.02,1.2466,0.0,0.0
lambda.x,0.02,1.2536,0.0,0.0
lambda.x,0.02,1.2606,0.0,0.0
lambda.x,0.02,1.2676,0.0,0.0
lambda.x,0.02,1.2746,0.0,0.0
lambda.x,0.02,1.2816,0.0,0.0
lambda.x,0.02,1.2886,0.0,0.0
lambda.x,0.02,1.2956,0.0,0.0
lambda.x,0.02,1.3027,0.0,0.0
lambda.x,0.02,1.3097,0.0,0.0
lambda.x,0.02,1.3167,0.0,0.0
lambda.x,0.02,1.3237,0.0,0.0
lambda.x,0.02,1.3307,0.0,0.0
lambda.x,0.02,1.3377,0.0,0.0
lambda.x,0.02,1.3447,0.0,0.0
lambda.x,0.02,1.3517,0.0,0.0
lambda.x,0.02,1.3587,0.0,0.0
lambda.x,0.02,1.3657,0.0,0.0
lambda.x,0.02,1.3727,0.0,0.0
lambda.x,0.02,1.3797,0.0,0.0
lambda.x,0.02,1.3867,0.0,0.0
lambda.x,0.02,1.3937,0.0,0.0
lambda.x,0.02,1.4007,0.0,0.0
lambda.x,0.02,1.4077,0.0,0.0
lambda.x,0.02,1.4147,0.0,0.0
lambda.x,0.02,1.4217,0.0,0.0
lambda.x,0.02,1.4287,0.0,0.0
lambda.x,0.02,1.4357,0.0,0.0
lambda.x,0.02,1.4427,0.0,0.0
lambda.x,0.02,1.4497,0.0,0.0
lambda.x,0.02,1.4567,0.0,0.0
lambda.x,0.02,1.4637,0.0,0.0
lambda.x,0.02,1.4707,0.0,0.0
lambda.x,0.02,1.4777,0.0,0.0
lambda.x,0.02,1.4847,0.0,0.0
lambda.x,0.02,1.4917,0.0,0.0
lambda.x,0.02,1.4987,0.0,0.0
lambda.x,0.02,1.5058,0.0,0.0
lambda.x,0.02,1.5128,0.0,0.0
lambda.x,0.02,1.5198,0.0,0.0
lambda.x,0.02,1.5268,0.0,0.0
lambda.x,0.02,1.5338,0.0,0.0
lambda.x,0.02,1.5408,0.0,0.0
lambda.x,0.02,1.5478,0.0,0.0
lambda.x,0.02,1.5548,0.0,0.0
lambda.x,0.02,1.5618,0.0,0.0
lambda.x,0.02,1.5688,0.0,0.0
lambda.x,0.02,1.5758,0.0,0.0
lambda.x,0.02,1.5828,0.0,0.0
lambda.x,0.02,1.5898,0.0,0.0
lambda.x,0.02,1.5968,0.0,0.0
lambda.x,0.02,1.6038,0.0,0.0
lambda.x,0.02,1.6108,0.0,0.0
lambda.x,0.02,1.6178,0.0,0.0
lambda.x,0.02,1.6248,0.0,0.0
lambda.x,0.02,1.6318,0.0,0.0
lambda.x,0.02,1.6388,0.0,0.0
lambda.x,0.02,1.6458,0.0,0.0
lambda.x,0.02,1.6528,0.0,0.0
lambda.x,0.02,1.6598,0.0,0.0
lambda.x,0.02,1.6668,0.0,0.0
lambda.x,0.02,1.6738,0.0,0.0
lambda.x,0.02,1.6808,0.0,0.0
lambda.x,0.02,1.6878,0.0,0.0
lambda.x,0.02,1.6948,0.0,0.0
lambda.x,0.02,1.7019,0.0,0.0
lambda.x,0.02,1.7089,0.0,0.0
lambda.x,0.02,1.7159,0.0,0.0
lambda.x,0.02,1.7229,0.0,0.0
lambda.x,0.02,1.7299,0.0,0.0
lambda.x,0.02,1.7369,0.0,0.0
lambda.x,0.02,1.7439,0.0,0.0
lambda.x,0.02,1.7509,0.0,0.0
lambda.x,0.02,1.7579,0.0,0.0
lambda.x,0.02,1.7649,0.0,0.0
lambda.x,0.02,1.7719,0.0,0.0
lambda.x,0.02,1.7789,0.0,0.0
lambda.x,0.02,1.7859,0.0,0.0
lambda.x,0.02,1.7929,0.0,0.0
lambda.x,0.02,1.7999,0.0,0.0
lambda.x,0.02,1.8069,0.0,0.0
lambda.x,0.02,1.8139,0.0,0.0
lambda.x,0.02,1.8209,0.0,0.0
lambda.x,0.02,1.8279,0.0,0.0
lambda.x,0.02,1.8349,0.0,0.0
lambda.x,0.02,1.8419,0.0,0.0
lambda.x,0.02,1.8489,0.0,0.0
lambda.x,0.02,1.8559,0.0,0.0
lambda.x,0.02,1.8629,0.0,0.0
lambda.x,0.02,1.8699,0.0,0.0
lambda.x,0.02,1.8769,0.0,0.0
lambda.x,0.02,1.8839,0.0,0.0
lambda.x,0.02,1.8909,0.0,0.0
lambda.x,0.02,1.8979,0.0,0.0
lambda.x,0.02,1.905,0.0,0.0
lambda.x,0.02,1.912,0.0,0.0
lambda.x,0.02,1.919,0.0,0.0
lambda.x,0.02,1.926,0.0,0.0
lambda.x,0.02,1.933,0.0,0.0
lambda.x,0.02,1.94,0.0,0.0
lambda.x,0.02,1.947,0.0,0.0
lambda.x,0.02,1.954,0.0,0.0
lambda.x,0.02,1.961,0.0,0.0
lambda.x,0.02,1.968,0.0,0.0
lambda.x,0.02,1.975,0.0,0.0
lambda.x,0.02,1.982,0.0,0.0
lambda.x,0.02,1.989,0.0,0.0
lambda.x,0.02,1.996,0.0,0.0
lambda.x,0.02,2.003,0.0,0.0
lambda.x,0.02,2.01,0.0,0.0
lambda.x,0.02,2.017,0.0,0.0
lambda.x,0.02,2.024,0.0,0.0
lambda.x,0.02,2.031,0.0,0.0
lambda.x,0.02,2.038,0.0,0.0
lambda.x,0.02,2.045,0.0,0.0
lambda.x,0.02,2.052,0.0,0.0
lambda.x,0.02,2.059,0.0,0.0
lambda.x,0.02,2.066,0.0,0.0
lambda.x,0.02,2.073,0.0,0.0
lambda.x,0.02,2.08,0.0,0.0
lambda.x,0.02,2.087,0.0,0.0
lambda.x,0.02,2.094,0.0,0.0
lambda.x,0.02,2.1011,0.0,0.0
lambda.x,0.02,2.1081,0.0,0.0
lambda.x,0.02,2.1151,0.0,0.0
lambda.x,0.02,2.1221,0.0,0.0
lambda.x,0.02,2.1291,0.0,0.0
lambda.x,0.02,2.1361,0.0,0.0
lambda.x,0.02,2.1431,0.0,0.0
lambda.x,0.02,2.1501,0.0,0.0
lambda.x,0.02,2.1571,0.0,0.0
lambda.x,0.02,2.1641,0.0,0.0
lambda.x,0.02,2.1711,0.0,0.0
lambda.x,0.02,2.1781,0.0,0.0
lambda.x,0.02,2.1851,0.0,0.0
lambda.x,0.02,2.1921,0.0,0.0
lambda.x,0.02,2.1991,0.0,0.0
lambda.x,0.02,2.2061,0.0,0.0
lambda.x,0.02,2.2131,0.0,0.0
lambda.x,0.02,2.2201,0.0,0.0
lambda.x,0.02,2.2271,0.0,0.0
lambda.x,0.02,2.2341,0.0,0.0
lambda.x,0.02,2.2411,0.0,0.0
lambda.x,0.02,2.2481,0.0,0.0
lambda.x,0.02,2.2551,0.0,0.0
lambda.x,0.02,2.2621,0.0,0.0
lambda.x,0.02,2.2691,0.0,0.0
lambda.x,0.02,2.2761,0.0,0.0
lambda.x,0.02,2.2831,0.0,0.0
lambda.x,0.02,2.2901,0.0,0.0
lambda.x,0.02,2.2971,0.0,0.0
lambda.x,0.02,2.3042,0.0,0.0
lambda.x,0.02,2.3112,0.0,0.0
lambda.x,0.02,2.3182,0.0,0.0
lambda.x,0.02,2.3252,0.0,0.0
lambda.x,0.02,2.3322,0.0,0.0
lambda.x,0.02,2.3392,0.0,0.0
lambda.x,0.02,2.3462,0.0,0.0
lambda.x,0.02,2.3532,0.0,0.0
lambda.x,0.02,2.3602,0.0,0.0
lambda.x,0.02,2.3672,0.0,0.0
lambda.x,0.02,2.3742,0.0,0.0
lambda.x,0.02,2.3812,0.0,0.0
lambda.x,0.02,2.3882,0.0,0.0
lambda.x,0.02,2.3952,0.0,0.0
lambda.x,0.02,2.4022,0.0,0.0
lambda.x,0.02,2.4092,0.0,0.0
lambda.x,0.02,2.4162,0.0,0.0
lambda.x,0.02,2.4232,0.0,0.0
lambda.x,0.02,2.4302,0.0,0.0
lambda.x,0.02,2.4372,0.0,0.0
lambda.x,0.02,2.4442,0.0,0.0
lambda.x,0.02,2.4512,0.0,0.0
lambda.x,0.02,2.4582,0.0,0.0
lambda.x,0.02,2.4652,0.0,0.0
lambda.x,0.02,2.4722,0.0,0.0
lambda.x,0.02,2.4792,0.0,0.0
lambda.x,0.02,2.4862,0.0,0.0
lambda.x,0.02,2.4932,0.0,0.0
lambda.x,0.02,2.5003,0.0,0.0
lambda.x,0.02,2.5073,0.0,0.0
lambda.x,0.02,2.5143,0.0,0.0
lambda.x,0.02,2.5213,0.0,0.0
lambda.x,0.02,2.5283,0.0,0.0
lambda.x,0.02,2.5353,0.0,0.0
lambda.x,0.02,2.5423,0.0,0.0
lambda.x,0.02,2.5493,0.0,0.0
lambda.x,0.02,2.5563,0.0,0.0
lambda.x,0.02,2.5633,0.0,0.0
lambda.x,0.02,2.5703,0.0,0.0
lambda.x,0.02,2.5773,0.0,0.0
lambda.x,0.02,2.5843,0.0,0.0
lambda.x,0.02,2.5913,0.0,0.0
lambda.x,0.02,2.5983,0.0,0.0
lambda.x,0.02,2.6053,0.0,0.0
lambda.x,0.02,2.6123,0.0,0.0
lambda.x,0.02,2.6193,0.0,0.0
lambda.x,0.02,2.6263,0.0,0.0
lambda.x,0.02,2.6333,0.0,0.0
lambda.x,0.02,2.6403,0.0,0.0
lambda.x,0.02,2.6473,0.0,0.0
lambda.x,0.02,2.6543,0.0,0.0
lambda.x,0.02,2.6613,0.0,0.0
lambda.x,0.02,2.6683,0.0,0.0
lambda.x,0.02,2.6753,0.0,0.0
lambda.x,0.02,2.6823,0.0,0.0
lambda.x,0.02,2.6893,0.0,0.0
lambda.x,0.02,2.6963,0.0,0.0
lambda.x,0.02,2.7034,0.0,0.0
lambda.x,0.02,2.7104,0.0,0.0
lambda.x,0.02,2.7174,0.0,0.0
lambda.x,0.02,2.7244,0.0,0.0
lambda.x,0.02,2.7314,0.0,0.0
lambda.x,0.02,2.7384,0.0,0.0
lambda.x,0.02,2.7454,0.0,0.0
lambda.x,0.02,2.7524,0.0,0.0
lambda.x,0.02,2.7594,0.0,0.0
lambda.x,0.02,2.7664,0.0,0.0
lambda.x,0.02,2.7734,0.0,0.0
lambda.x,0.02,2.7804,0.0,0.0
lambda.x,0.02,2.7874,0.0,0.0
lambda.x,0.02,2.7944,0.0,0.0
lambda.x,0.02,2.8014,0.0,0.0
lambda.x,0.02,2.8084,0.0,0.0
lambda.x,0.02,2.8154,0.0,0.0
lambda.x,0.02,2.8224,0.0,0.0
lambda.x,0.02,2.8294,0.0,0.0
lambda.x,0.02,2.8364,0.0,0.0
lambda.x,0.02,2.8434,0.0,0.0
lambda.x,0.02,2.8504,0.0,0.0
lambda.x,0.02,2.8574,0.0,0.0
lambda.x,0.02,2.8644,0.0,0.0
lambda.x,0.02,2.8714,0.0,0.0
lambda.x,0.02,2.8784,0.0,0.0
lambda.x,0.02,2.8854,0.0,0.0
lambda.x,0.02,2.8924,0.0,0.0
lambda.x,0.02,2.8994,0.0,0.0
lambda.x,0.02,2.9065,0.0,0.0
lambda.x,0.02,2.9135,0.0,0.0
lambda.x,0.02,2.9205,0.0,0.0
lambda.x,0.02,2.9275,0.0,0.0
lambda.x,0.02,2.9345,0.0,0.0
lambda.x,0.02,2.9415,0.0,0.0
lambda.x,0.02,2.9485,0.0,0.0
lambda.x,0.02,2.9555,0.0,0.0
lambda.x,0.02,2.9625,0.0,0.0
lambda.x,0.02,2.9695,0.0,0.0
lambda.x,0.02,2.9765,0.0,0.0
lambda.x,0.02,2.9835,0.0,0.0
lambda.x,0.02,2.9905,0.0,0.0
lambda.x,0.02,2.9975,0.0,0.0
lambda.x,0.02,3.0045,0.0,0.0
lambda.x,0.02,3.0115,0.0,0.0
lambda.x,0.02,3.0185,0.0,0.0
lambda.x,0.02,3.0255,0.0,0.0
lambda.x,0.02,3.0325,0.0,0.0
lambda.x,0.02,3.0395,0.0,0.0
lambda.x,0.02,3.0465,0.0,0.0
lambda.x,0.02,3.0535,0.0,0.0
lambda.x,0.02,3.0605,0.0,0.0
lambda.x,0.02,3.0675,0.0,0.0
lambda.x,0.02,3.0745,0.0,0.0
lambda.x,0.02,3.0815,0.0,0.0
lambda.x,0.02,3.0885,0.0,0.0
lambda.x,0.02,3.0955,0.0,0.0
lambda.x,0.02,3.1026,0.0,0.0
lambda.x,0.02,3.1096,0.0,0.0
lambda.x,0.02,3.1166,0.0,0.0
lambda.x,0.02,3.1236,0.0,0.0
lambda.x,0.02,3.1306,0.0,0.0
lambda.x,0.02,3.1376,0.0,0.0
lambda.x,0.02,3.1446,0.0,0.0
lambda.x,0.02,3.1516,0.0,0.0
lambda.x,0.02,3.1586,0.0,0.0
lambda.x,0.02,3.1656,0.0,0.0
lambda.x,0.02,3.1726,0.0,0.0
lambda.x,0.02,3.1796,0.0,0.0
lambda.x,0.02,3.1866,0.0,0.0
lambda.x,0.02,3.1936,0.0,0.0
lambda.x,0.02,3.2006,0.0,0.0
lambda.x,0.02,3.2076,0.0,0.0
lambda.x,0.02,3.2146,1e-05,2.177564860324805e-08
lambda.x,0.02,3.2216,1e-05,6.527963095370282e-08
lambda.x,0.02,3.2286,1e-05,1.0868918876087398e-07
lambda.x,0.02,3.2356,2e-05,1.7363904924066443e-07
lambda.x,0.02,3.2426,2e-05,2.600829154143965e-07
lambda.x,0.02,3.2496,3e-05,3.6788148342531575e-07
lambda.x,0.02,3.2566,4e-05,5.184840638367287e-07
lambda.x,0.02,3.2636,6e-05,7.331555476873991e-07
lambda.x,0.02,3.2706,8e-05,1.0330701950584903e-06
lambda.x,0.02,3.2776,0.00011,1.4392205968280002e-06
lambda.x,0.02,3.2846,0.00015,1.9938222213706213e-06
lambda.x,0.02,3.2916,0.0002,2.738820919693328e-06
lambda.x,0.02,3.2986,0.00027,3.7371163406262023e-06
lambda.x,0.02,3.3057,0.00036,5.091481892568792e-06
lambda.x,0.02,3.3127,0.00047,6.846949105841413e-06
lambda.x,0.02,3.3197,0.00062,9.147443738815754e-06
lambda.x,0.02,3.3267,0.00081,1.215918252780971e-05
lambda.x,0.02,3.3337,0.00105,1.606833174404882e-05
lambda.x,0.02,3.3407,0.00135,2.110183768661685e-05
lambda.x,0.02,3.3477,0.00172,2.7527085241434065e-05
lambda.x,0.02,3.3547,0.00218,3.567242625363224e-05
lambda.x,0.02,3.3617,0.00274,4.5926714825921105e-05
lambda.x,0.02,3.3687,0.00343,5.8759539988904995e-05
lambda.x,0.02,3.3757,0.00426,7.472064187876448e-05
lambda.x,0.02,3.3827,0.00525,9.441846789455901e-05
lambda.x,0.02,3.3897,0.00643,0.00011856103175521946
lambda.x,0.02,3.3967,0.00782,0.0001479551346281688
lambda.x,0.02,3.4037,0.00945,0.00018350550907114772
lambda.x,0.02,3.4107,0.01135,0.0002262345802675381
lambda.x,0.02,3.4177,0.01353,0.0002772405375981529
lambda.x,0.02,3.4247,0.01601,0.0003376761907451376
lambda.x,0.02,3.4317,0.01883,0.00040880975960009517
lambda.x,0.02,3.4387,0.02199,0.0004919833038878835
lambda.x,0.02,3.4457,0.02551,0.0005885713260800619
lambda.x,0.02,3.4527,0.02939,0.0006999805907389572
lambda.x,0.02,3.4597,0.03363,0.0008276093148378265
lambda.x,0.02,3.4667,0.03822,0.0009728270447549863
lambda.x,0.02,3.4737,0.04314,0.0011369345439073565
lambda.x,0.02,3.4807,0.04837,0.0013211441950374448
lambda.x,0.02,3.4877,0.05386,0.0015265204988678745
lambda.x,0.02,3.4947,0.05957,0.0017539410783904096
lambda.x,0.02,3.5018,0.06543,0.002007627548033021
lambda.x,0.02,3.5088,0.07139,0.002280842193822513
lambda.x,0.02,3.5158,0.07736,0.00257728879299607
lambda.x,0.02,3.5228,0.08325,0.0028967358728245757
lambda.x,0.02,3.5298,0.08899,0.0032386356849212674
lambda.x,0.02,3.5368,0.09448,0.003602106998522755
lambda.x,0.02,3.5438,0.09963,0.003985898114626799
lambda.x,0.02,3.5508,0.10434,0.00438838982932863
lambda.x,0.02,3.5578,0.10853,0.004807617965097815
lambda.x,0.02,3.5648,0.11213,0.0052413350699874964
lambda.x,0.02,3.5718,0.11506,0.005687012679098742
lambda.x,0.02,3.5788,0.11726,0.006141863036492361
lambda.x,0.02,3.5858,0.1187,0.006602938805766001
lambda.x,0.02,3.5928,0.11933,0.007067153912903456
lambda.x,0.02,3.5998,0.11916,0.007531362332489702
lambda.x,0.02,3.6068,0.11817,0.007992417004251509
lambda.x,0.02,3.6138,0.1164,0.008447227838440395
lambda.x,0.02,3.6208,0.11388,0.00889285816412742
lambda.x,0.02,3.6278,0.11066,0.00932654280193333
lambda.x,0.02,3.6348,0.1068,0.009745744591146578
lambda.x,0.02,3.6418,0.10237,0.010148191114594361
lambda.x,0.02,3.6488,0.09746,0.010531930255290494
lambda.x,0.02,3.6558,0.09215,0.010895346962280172
lambda.x,0.02,3.6628,0.08655,0.011237198856878846
lambda.x,0.02,3.6698,0.08073,0.011556594421685138
lambda.x,0.02,3.6768,0.07479,0.011852971141992892
lambda.x,0.02,3.6838,0.06882,0.012126131115882528
lambda.x,0.02,3.6908,0.06289,0.012376181351062587
lambda.x,0.02,3.6978,0.05709,0.012603531381795366
lambda.x,0.02,3.7049,0.05147,0.012811783770640956
lambda.x,0.02,3.7119,0.04608,0.012995929552646073
lambda.x,0.02,3.7189,0.04099,0.013159982980339548
lambda.x,0.02,3.7259,0.0362,0.013305147928874026
lambda.x,0.02,3.7329,0.03176,0.013432715255321324
lambda.x,0.02,3.7399,0.02767,0.013544062322994257
lambda.x,0.02,3.7469,0.02395,0.01364059613256583
lambda.x,0.02,3.7539,0.02059,0.013723734523461503
lambda.x,0.02,3.7609,0.01758,0.013794850150878609
lambda.x,0.02,3.7679,0.0149,0.01385525224388504
lambda.x,0.02,3.7749,0.01255,0.013906205585274778
lambda.x,0.02,3.7819,0.0105,0.013948912400626217
lambda.x,0.02,3.7889,0.00872,0.013984457293003912
lambda.x,0.02,3.7959,0.0072,0.01401384499329022
lambda.x,0.02,3.8029,0.0059,0.0140379826099473
lambda.x,0.02,3.8099,0.0048,0.014057661872114652
lambda.x,0.02,3.8169,0.00388,0.014073596723408577
lambda.x,0.02,3.8239,0.00312,0.014086423892020538
lambda.x,0.02,3.8309,0.00249,0.014096685183133593
lambda.x,0.02,3.8379,0.00197,0.01410482813863342
lambda.x,0.02,3.8449,0.00155,0.014111243169395134
lambda.x,0.02,3.8519,0.00121,0.014116264004162294
lambda.x,0.02,3.8589,0.00094,0.014120168068119315
lambda.x,0.02,3.8659,0.00072,0.014123176924024525
lambda.x,0.02,3.8729,0.00055,0.01412547471791215
lambda.x,0.02,3.8799,0.00042,0.014127226556518772
lambda.x,0.02,3.8869,0.00032,0.014128560602740805
lambda.x,0.02,3.8939,0.00024,0.014129568341527917
lambda.x,0.02,3.901,0.00018,0.014130333557373479
lambda.x,0.02,3.908,0.00013,0.01413088940715821
lambda.x,0.02,3.915,0.0001,0.01413130106232801
lambda.x,0.02,3.922,7e-05,0.014131604798074167
lambda.x,0.02,3.929,5e-05,0.01413181881552232
lambda.x,0.02,3.936,4e-05,0.014131979034924845
lambda.x,0.02,3.943,3e-05,0.014132103432076121
lambda.x,0.02,3.95,2e-05,0.01413219213405399
lambda.x,0.02,3.957,1e-05,0.014132245267261284
lambda.x,0.02,3.964,1e-05,0.014132280616360978
lambda.x,0.02,3.971,1e-05,0.014132315903092912
lambda.x,0.02,3.978,0.0,0.014132333530894473
lambda.x,0.02,3.985,0.0,0.014132333530894473
lambda.x,0.02,3.992,0.0,0.014132333530894473
lambda.x,0.02,3.999,0.0,0.014132333530894473
lambda.x,0.02,4.006,0.0,0.014132333530894473
lambda.x,0.02,4.013,0.0,0.014132333530894473
lambda.x,0.02,4.02,0.0,0.014132333530894473
lambda.x,0.02,4.027,0.0,0.014132333530894473
lambda.x,0.02,4.034,0.0,0.014132333530894473
lambda.x,0.02,4.041,0.0,0.014132333530894473
lambda.x,0.02,4.048,0.0,0.014132333530894473
lambda.x,0.02,4.055,0.0,0.014132333530894473
lambda.x,0.02,4.062,0.0,0.014132333530894473
lambda.x,0.02,4.069,0.0,0.014132333530894473
lambda.x,0.02,4.076,0.0,0.014132333530894473
lambda.x,0.02,4.083,0.0,0.014132333530894473
lambda.x,0.02,4.09,0.0,0.014132333530894473
lambda.x,0.02,4.097,0.0,0.014132333530894473
lambda.x,0.02,4.1041,0.0,0.014132333530894473
lambda.x,0.02,4.1111,0.0,0.014132333530894473
lambda.x,0.02,4.1181,0.0,0.014132333530894473
lambda.x,0.02,4.1251,1e-05,0.014132350500180066
lambda.x,0.02,4.1321,1e-05,0.014132384410004369
lambda.x,0.02,4.1391,1e-05,0.014132418262432136
lambda.x,0.02,4.1461,2e-05,0.014132468940993488
lambda.x,0.02,4.1531,2e-05,0.014132536417424757
lambda.x,0.02,4.1601,3e-05,0.014132620606739513
lambda.x,0.02,4.1671,5e-05,0.014132755077560202
lambda.x,0.02,4.1741,7e-05,0.014132956459400324
lambda.x,0.02,4.1811,9e-05,0.014133224528026768
lambda.x,0.02,4.1881,0.00013,0.014133592488377847
lambda.x,0.02,4.1951,0.00017,0.014134093434952684
lambda.x,0.02,4.2021,0.00024,0.014134776899327621
lambda.x,0.02,4.2091,0.00032,0.01413570887970364
lambda.x,0.02,4.2161,0.00043,0.014136954989914957
lambda.x,0.02,4.2231,0.00057,0.014138613723430515
lambda.x,0.02,4.2301,0.00076,0.014140816180494193
lambda.x,0.02,4.2371,0.001,0.014143725907329619
lambda.x,0.02,4.2441,0.00131,0.014147538627226291
lambda.x,0.02,4.2511,0.00171,0.014152515015578909
lambda.x,0.02,4.2581,0.00221,0.014158963833171886
lambda.x,0.02,4.2651,0.00283,0.014167241583173175
lambda.x,0.02,4.2721,0.00361,0.01417780138109914
lambda.x,0.02,4.2791,0.00458,0.014191208734483256
lambda.x,0.02,4.2861,0.00576,0.01420810811751392
lambda.x,0.02,4.2931,0.0072,0.014229255039335793
lambda.x,0.02,4.3002,0.00894,0.014255923227583794
lambda.x,0.02,4.3072,0.01103,0.014288401837743636
lambda.x,0.02,4.3142,0.01352,0.014328264496079046
lambda.x,0.02,4.3212,0.01647,0.014376881444615963
lambda.x,0.02,4.3282,0.01992,0.014435778159329248
lambda.x,0.02,4.3352,0.02394,0.014506650441203433
lambda.x,0.02,4.3422,0.02859,0.014591395637093111
lambda.x,0.02,4.3492,0.03392,0.014692079125270024
lambda.x,0.02,4.3562,0.03998,0.014810917139511387
lambda.x,0.02,4.3632,0.04682,0.014950275800233214
lambda.x,0.02,4.3702,0.05447,0.015112638118242348
lambda.x,0.02,4.3772,0.06297,0.015300587203059716
lambda.x,0.02,4.3842,0.07232,0.015516757749460692
lambda.x,0.02,4.3912,0.08253,0.015763787783231346
lambda.x,0.02,4.3982,0.09358,0.016044286834193726
lambda.x,0.02,4.4052,0.10543,0.016360756589803887
lambda.x,0.02,4.4122,0.11803,0.016715543934184344
lambda.x,0.02,4.4192,0.13128,0.017110746864700106
lambda.x,0.02,4.4262,0.14511,0.01754818431216705
lambda.x,0.02,4.4332,0.15937,0.01802931903023846
lambda.x,0.02,4.4402,0.17393,0.01855516505313662
lambda.x,0.02,4.4472,0.18863,0.019126274832613067
lambda.x,0.02,4.4542,0.20328,0.019742647774368887
lambda.x,0.02,4.4612,0.21769,0.02040368656514796
lambda.x,0.02,4.4682,0.23168,0.021108216581286893
lambda.x,0.02,4.4752,0.24502,0.021854426961158427
lambda.x,0.02,4.4822,0.25751,0.02263984322563964
lambda.x,0.02,4.4892,0.26896,0.023461393865663212
lambda.x,0.02,4.4962,0.27919,0.024315445224874648
lambda.x,0.02,4.5033,0.288,0.025210384312142963
lambda.x,0.02,4.5103,0.29526,0.026116300482231805
lambda.x,0.02,4.5173,0.30085,0.027040741566781986
lambda.x,0.02,4.5243,0.30465,0.027978292873360566
lambda.x,0.02,4.5313,0.3066,0.02892328646963376
lambda.x,0.02,4.5383,0.30668,0.029869957133181958
lambda.x,0.02,4.5453,0.30489,0.030812535449742842
lambda.x,0.02,4.5523,0.30125,0.03174530939389237
lambda.x,0.02,4.5593,0.29584,0.03266274684956699
lambda.x,0.02,4.5663,0.28876,0.03355961728526604
lambda.x,0.02,4.5733,0.28013,0.03443105117819171
lambda.x,0.02,4.5803,0.27011,0.035272629549637606
lambda.x,0.02,4.5873,0.25886,0.03608044234449877
lambda.x,0.02,4.5943,0.24657,0.036851131036072474
lambda.x,0.02,4.6013,0.23345,0.037581961402521964
lambda.x,0.02,4.6083,0.21968,0.038270804587084865
lambda.x,0.02,4.6153,0.20547,0.038916133353334256
lambda.x,0.02,4.6223,0.19101,0.03951703365112822
lambda.x,0.02,4.6293,0.17649,0.04007317061688789
lambda.x,0.02,4.6363,0.16209,0.040584769974817525
lambda.x,0.02,4.6433,0.14797,0.04105256940460592
lambda.x,0.02,4.6503,0.13426,0.0414777401470681
lambda.x,0.02,4.6573,0.12108,0.04186182420682921
lambda.x,0.02,4.6643,0.10855,0.04220671709469941
lambda.x,0.02,4.6713,0.09673,0.04251457579641456
lambda.x,0.02,4.6783,0.08569,0.04278774225807586
lambda.x,0.02,4.6853,0.07547,0.04302871242170287
lambda.x,0.02,4.6923,0.0661,0.04324007556632359
lambda.x,0.02,4.6993,0.05758,0.0434244541457947
lambda.x,0.02,4.7064,0.0499,0.043586728000146395
lambda.x,0.02,4.7134,0.04306,0.043724895676686054
lambda.x,0.02,4.7204,0.03701,0.043843728327972745
lambda.x,0.02,4.7274,0.03174,0.04394560973877474
lambda.x,0.02,4.7344,0.02719,0.044032809592705606
lambda.x,0.02,4.7414,0.02333,0.04410745450992988
lambda.x,0.02,4.7484,0.02011,0.044171543698686803
lambda.x,0.02,4.7554,0.0175,0.04422694966252327
lambda.x,0.02,4.7624,0.01544,0.04427540429071891
lambda.x,0.02,4.7694,0.0139,0.04431849961949789
lambda.x,0.02,4.7764,0.01284,0.04435771802796933
lambda.x,0.02,4.7834,0.01223,0.0443944328589758
lambda.x,0.02,4.7904,0.01203,0.044429909078327154
lambda.x,0.02,4.7974,0.01223,0.04446533306889594
lambda.x,0.02,4.8044,0.0128,0.044501827722875476
lambda.x,0.02,4.8114,0.01372,0.044540438220235616
lambda.x,0.02,4.8184,0.01496,0.04458213250184007
lambda.x,0.02,4.8254,0.0165,0.04462780169682667
lambda.x,0.02,4.8324,0.01833,0.04467828956018165
lambda.x,0.02,4.8394,0.02043,0.044734392768051814
lambda.x,0.02,4.8464,0.02276,0.04479681783785377
lambda.x,0.02,4.8534,0.02531,0.044866196029884176
lambda.x,0.02,4.8604,0.02805,0.04494309824578078
lambda.x,0.02,4.8674,0.03094,0.045027992190261906
lambda.x,0.02,4.8744,0.03396,0.045121257304377264
lambda.x,0.02,4.8814,0.03704,0.04522314229301883
lambda.x,0.02,4.8884,0.04017,0.045333780090941585
lambda.x,0.02,4.8954,0.04328,0.04545318864861203
lambda.x,0.02,4.9025,0.04633,0.045583056404334035
lambda.x,0.02,4.9095,0.04927,0.0457194578838621
lambda.x,0.02,4.9165,0.05205,0.0458638149969738
lambda.x,0.02,4.9235,0.05461,0.04601556451523886
lambda.x,0.02,4.9305,0.05692,0.04617401771338303
lambda.x,0.02,4.9375,0.05892,0.046338361142028536
lambda.x,0.02,4.9445,0.06059,0.04650767143125156
lambda.x,0.02,4.9515,0.06188,0.046680930130021905
lambda.x,0.02,4.9585,0.06276,0.046857010066278855
lambda.x,0.02,4.9655,0.06323,0.04703474648670452
lambda.x,0.02,4.9725,0.06327,0.04721295140562244
lambda.x,0.02,4.9795,0.06288,0.04739041369603575
lambda.x,0.02,4.9865,0.06207,0.04756594137294738
lambda.x,0.02,4.9935,0.06085,0.04773837552390734
lambda.x,0.02,5.0005,0.05926,0.0479066321194954
lambda.x,0.02,5.0075,0.05731,0.048069701653181085
lambda.x,0.02,5.0145,0.05505,0.048226662625721665
lambda.x,0.02,5.0215,0.05252,0.048376722952317895
lambda.x,0.02,5.0285,0.04976,0.048519205301384864
lambda.x,0.02,5.0355,0.04683,0.04865357425862054
lambda.x,0.02,5.0425,0.04378,0.04877944945912434
lambda.x,0.02,5.0495,0.04064,0.04889656311945965
lambda.x,0.02,5.0565,0.03748,0.049004787062455625
lambda.x,0.02,5.0635,0.03432,0.04910411819701509
lambda.x,0.02,5.0705,0.03122,0.04919466392585842
lambda.x,0.02,5.0775,0.02821,0.04927665539843385
lambda.x,0.02,5.0845,0.02531,0.04935039170255545
lambda.x,0.02,5.0915,0.02256,0.04941625321995162
lambda.x,0.02,5.0985,0.01997,0.049474687487834165
lambda.x,0.02,5.1056,0.01755,0.049526902594348186
lambda.x,0.02,5.1126,0.01533,0.04957195372932869
lambda.x,0.02,5.1196,0.01329,0.04961111439134204
lambda.x,0.02,5.1266,0.01145,0.04964491987634
lambda.x,0.02,5.1336,0.0098,0.04967391696201174
lambda.x,0.02,5.1406,0.00832,0.04969860932099616
lambda.x,0.02,5.1476,0.00703,0.049719498532651604
lambda.x,0.02,5.1546,0.00589,0.04973705700829743
lambda.x,0.02,5.1616,0.0049,0.04975170091537383
lambda.x,0.02,5.1686,0.00406,0.04976384472928553
lambda.x,0.02,5.1756,0.00333,0.04977384714255421
lambda.x,0.02,5.1826,0.00272,0.04978202479986511
lambda.x,0.02,5.1896,0.00221,0.04978867959345647
lambda.x,0.02,5.1966,0.00178,0.04979405827696751
lambda.x,0.02,5.2036,0.00143,0.04979837966678439
lambda.x,0.02,5.2106,0.00115,0.04980184826266156
lambda.x,0.02,5.2176,0.00093,0.04980464089040105
lambda.x,0.02,5.2246,0.00075,0.049806893452109244
lambda.x,0.02,5.2316,0.00062,0.04980872788785191
lambda.x,0.02,5.2386,0.00053,0.04981026566646048
lambda.x,0.02,5.2456,0.00048,0.049811614407773465
lambda.x,0.02,5.2526,0.00046,0.049812867974341986
lambda.x,0.02,5.2596,0.00049,0.04981413314492685
lambda.x,0.02,5.2666,0.00055,0.049815516307685735
lambda.x,0.02,5.2736,0.00067,0.04981713666515566
lambda.x,0.02,5.2806,0.00084,0.049819139510542336
lambda.x,0.02,5.2876,0.00107,0.04982166954204412
lambda.x,0.02,5.2946,0.0014,0.049824937006187155
lambda.x,0.02,5.3017,0.00182,0.049829251722114117
lambda.x,0.02,5.3087,0.00237,0.049834779783790174
lambda.x,0.02,5.3157,0.00308,0.049841960752507755
lambda.x,0.02,5.3227,0.00398,0.04985125084801736
lambda.x,0.02,5.3297,0.00511,0.0498631964808484
lambda.x,0.02,5.3367,0.00653,0.0498784731462278
lambda.x,0.02,5.3437,0.00828,0.04989788478171023
lambda.x,0.02,5.3507,0.01043,0.04992237614263888
lambda.x,0.02,5.3577,0.01306,0.0499530843783754
lambda.x,0.02,5.3647,0.01623,0.04999132499631202
lambda.x,0.02,5.3717,0.02004,0.050038616959988506
lambda.x,0.02,5.3787,0.02458,0.050096720740170485
lambda.x,0.02,5.3857,0.02993,0.05016761104672237
lambda.x,0.02,5.3927,0.03621,0.05025351464012629
lambda.x,0.02,5.3997,0.04352,0.05035693501848148
lambda.x,0.02,5.4067,0.05193,0.05048058621526399
lambda.x,0.02,5.4137,0.06156,0.05062741751968306
lambda.x,0.02,5.4207,0.07247,0.05080059943094866
lambda.x,0.02,5.4277,0.08474,0.05100347082895911
lambda.x,0.02,5.4347,0.09841,0.05123951237914676
lambda.x,0.02,5.4417,0.11351,0.05151228141787483
lambda.x,0.02,5.4487,0.13004,0.051825360153210674
lambda.x,0.02,5.4557,0.14797,0.052182278503912334
lambda.x,0.02,5.4627,0.16722,0.05258641180475842
lambda.x,0.02,5.4697,0.1877,0.05304090472952098
lambda.x,0.02,5.4767,0.20925,0.05354857020323684
lambda.x,0.02,5.4837,0.23169,0.05411177609677887
lambda.x,0.02,5.4907,0.2548,0.05473237097226624
lambda.x,0.02,5.4977,0.27832,0.05541158480373941
lambda.x,0.02,5.5048,0.30194,0.05616045815000227
lambda.x,0.02,5.5118,0.32534,0.05695759296354958
lambda.x,0.02,5.5188,0.34817,0.05781239152091429
lambda.x,0.02,5.5258,0.37008,0.058722819207677725
lambda.x,0.02,5.5328,0.39069,0.05968592499178163
lambda.x,0.02,5.5398,0.40965,0.06069784601026571
lambda.x,0.02,5.5468,0.42662,0.061753862702580466
lambda.x,0.02,5.5538,0.44127,0.06284842835635174
lambda.x,0.02,5.5608,0.45332,0.0639752488195336
lambda.x,0.02,5.5678,0.46255,0.0651274246361184
lambda.x,0.02,5.5748,0.46876,0.06629755463524567
lambda.x,0.02,5.5818,0.47182,0.06747785134792963
lambda.x,0.02,5.5888,0.47168,0.06866033092961615
lambda.x,0.02,5.5958,0.46834,0.06983697689104107
lambda.x,0.02,5.6028,0.46187,0.07099989026485214
lambda.x,0.02,5.6098,0.45239,0.07214143886601943
lambda.x,0.02,5.6168,0.4401,0.07325441805299053
lambda.x,0.02,5.6238,0.42524,0.07433219808729646
lambda.x,0.02,5.6308,0.40809,0.0753688207880336
lambda.x,0.02,5.6378,0.38897,0.07635909558593254
lambda.x,0.02,5.6448,0.36823,0.07729868258068714
lambda.x,0.02,5.6518,0.34623,0.0781841379119041
lambda.x,0.02,5.6588,0.32333,0.07901292170817657
lambda.x,0.02,5.6658,0.2999,0.0797834059716923
lambda.x,0.02,5.6728,0.27628,0.08049484541070245
lambda.x,0.02,5.6798,0.25279,0.08114731141768446
lambda.x,0.02,5.6868,0.22973,0.08174163877851878
lambda.x,0.02,5.6938,0.20735,0.08227933582722673
lambda.x,0.02,5.7009,0.18588,0.08276939332185068
lambda.x,0.02,5.7079,0.16551,0.08320060754486212
lambda.x,0.02,5.7149,0.14636,0.08358285584947536
lambda.x,0.02,5.7219,0.12856,0.0839194040069227
lambda.x,0.02,5.7289,0.11215,0.08421371372344844
lambda.x,0.02,5.7359,0.09717,0.08446933171417552
lambda.x,0.02,5.7429,0.08362,0.08468984053252922
lambda.x,0.02,5.7499,0.07147,0.08487877311723592
lambda.x,0.02,5.7569,0.06068,0.08503956435197822
lambda.x,0.02,5.7639,0.05116,0.08517547865988696
lambda.x,0.02,5.7709,0.04284,0.08528957436780084
lambda.x,0.02,5.7779,0.03563,0.08538470473508916
lambda.x,0.02,5.7849,0.02944,0.08546349471649174
lambda.x,0.02,5.7919,0.02415,0.08552830580895777
lambda.x,0.02,5.7989,0.01968,0.0855812493519044
lambda.x,0.02,5.8059,0.01593,0.085624211906135
lambda.x,0.02,5.8129,0.01281,0.08565884426593343
lambda.x,0.02,5.8199,0.01023,0.08568657463625703
lambda.x,0.02,5.8269,0.00811,0.08570862171623883
lambda.x,0.02,5.8339,0.00639,0.0857260317162755
lambda.x,0.02,5.8409,0.005,0.08573969119868169
lambda.x,0.02,5.8479,0.00388,0.085750327828171
lambda.x,0.02,5.8549,0.003,0.08575855896974743
lambda.x,0.02,5.8619,0.0023,0.0857648922588133
lambda.x,0.02,5.8689,0.00175,0.0857697260821615
lambda.x,0.02,5.8759,0.00132,0.0857733858808162
lambda.x,0.02,5.8829,0.00099,0.08577613639632309
lambda.x,0.02,5.8899,0.00074,0.08577819385840786
lambda.x,0.02,5.8969,0.00055,0.08577972621546012
lambda.x,0.02,5.904,0.0004,0.08578086945761929
lambda.x,0.02,5.911,0.00029,0.08578168713986987
lambda.x,0.02,5.918,0.00021,0.08578227896210586
lambda.x,0.02,5.925,0.00015,0.08578270457202368
lambda.x,0.02,5.932,0.00011,0.08578301159166399
lambda.x,0.02,5.939,8e-05,0.08578323568808277
lambda.x,0.02,5.946,6e-05,0.08578340061577261
lambda.x,0.02,5.953,4e-05,0.08578351828660245
lambda.x,0.02,5.96,3e-05,0.08578360055661013
lambda.x,0.02,5.967,2e-05,0.08578365925388587
lambda.x,0.02,5.974,2e-05,0.08578370615114678
lambda.x,0.02,5.981,2e-05,0.08578375299348823
lambda.x,0.02,5.988,2e-05,0.0857837997810387
lambda.x,0.02,5.995,2e-05,0.08578384651392622
lambda.x,0.02,6.002,3e-05,0.08578390485505744
lambda.x,0.02,6.009,4e-05,0.08578398644016616
lambda.x,0.02,6.016,5e-05,0.08578409121512916
lambda.x,0.02,6.023,8e-05,0.08578424237024244
lambda.x,0.02,6.03,0.0001,0.08578445143339973
lambda.x,0.02,6.037,0.00014,0.08578472985191947
lambda.x,0.02,6.044,0.00019,0.08578511223714878
lambda.x,0.02,6.051,0.00026,0.08578563306682498
lambda.x,0.02,6.058,0.00035,0.08578633826745838
lambda.x,0.02,6.065,0.00046,0.08578727360644722
lambda.x,0.02,6.072,0.00061,0.08578850774946527
lambda.x,0.02,6.079,0.00081,0.08579014369659399
lambda.x,0.02,6.086,0.00106,0.08579229560737847
lambda.x,0.02,6.093,0.00137,0.08579508873627083
lambda.x,0.02,6.1001,0.00177,0.08579874528855638
lambda.x,0.02,6.1071,0.00226,0.08580336683033557
lambda.x,0.02,6.1141,0.00287,0.08580924310533806
lambda.x,0.02,6.1211,0.00362,0.08581666873160332
lambda.x,0.02,6.1281,0.00454,0.08582599445710577
lambda.x,0.02,6.1351,0.00566,0.08583763832625656
lambda.x,0.02,6.1421,0.007,0.08585207397619014
lambda.x,0.02,6.1491,0.0086,0.085869841754254
lambda.x,0.02,6.1561,0.01049,0.08589155981119817
lambda.x,0.02,6.1631,0.01271,0.08591792373455566
lambda.x,0.02,6.1701,0.0153,0.08594971755498303
lambda.x,0.02,6.1771,0.01829,0.08598780201295264
lambda.x,0.02,6.1841,0.02172,0.08603311419837682
lambda.x,0.02,6.1911,0.02561,0.08608665591138683
lambda.x,0.02,6.1981,0.02999,0.08614948205045765
lambda.x,0.02,6.2051,0.03489,0.08622271166648296
lambda.x,0.02,6.2121,0.04031,0.08630749386846193
lambda.x,0.02,6.2191,0.04626,0.08640498513866185
lambda.x,0.02,6.2261,0.05272,0.08651632682613732
lambda.x,0.02,6.2331,0.05968,0.08664262271605105
lambda.x,0.02,6.2401,0.0671,0.08678491677541038
lambda.x,0.02,6.2471,0.07493,0.08694414856273687
lambda.x,0.02,6.2541,0.08311,0.08712113129788725
lambda.x,0.02,6.2611,0.09155,0.08731650769424605
lambda.x,0.02,6.2681,0.10016,0.0875307171802996
lambda.x,0.02,6.2751,0.10884,0.08776398565201642
lambda.x,0.02,6.2821,0.11748,0.0880163041271174
lambda.x,0.02,6.2891,0.12593,0.08828737412710053
lambda.x,0.02,6.2961,0.13408,0.08857660891579608
lambda.x,0.02,6.3032,0.14178,0.08888751123801081
lambda.x,0.02,6.3102,0.14891,0.08921015270317817
lambda.x,0.02,6.3172,0.15533,0.08954745978808239
lambda.x,0.02,6.3242,0.16093,0.08989770564255212
lambda.x,0.02,6.3312,0.16561,0.09025893682907976
lambda.x,0.02,6.3382,0.16926,0.0906289743365995
lambda.x,0.02,6.3452,0.17181,0.09100544766011824
lambda.x,0.02,6.3522,0.17323,0.09138588385244116
lambda.x,0.02,6.3592,0.17346,0.09176771903178332
lambda.x,0.02,6.3662,0.17252,0.092148353723402
lambda.x,0.02,6.3732,0.17042,0.09252522999733948
lambda.x,0.02,6.3802,0.1672,0.09289585321680897
lambda.x,0.02,6.3872,0.16293,0.09325785755324388
lambda.x,0.02,6.3942,0.15769,0.09360904924769788
lambda.x,0.02,6.4012,0.15158,0.09394743867611496
lambda.x,0.02,6.4082,0.14472,0.09427128317485338
lambda.x,0.02,6.4152,0.13724,0.09457911872084968
lambda.x,0.02,6.4222,0.12925,0.09486974782834345
lambda.x,0.02,6.4292,0.12091,0.09514227102712494
lambda.x,0.02,6.4362,0.11234,0.09539609650066298
lambda.x,0.02,6.4432,0.10367,0.0956309061085487
lambda.x,0.02,6.4502,0.09503,0.095846665062027
lambda.x,0.02,6.4572,0.08651,0.09604357733219807
lambda.x,0.02,6.4642,0.07824,0.09622208456819674
lambda.x,0.02,6.4712,0.07029,0.09638284348087278
lambda.x,0.02,6.4782,0.06273,0.09652666000964305
lambda.x,0.02,6.4852,0.05562,0.09665447788403735
lambda.x,0.02,6.4922,0.04902,0.09676736723527404
lambda.x,0.02,6.4992,0.04295,0.09686648096917357
lambda.x,0.02,6.5063,0.03742,0.09695423593509436
lambda.x,0.02,6.5133,0.03247,0.09702939166507547
lambda.x,0.02,6.5203,0.02807,0.09709442307068931
lambda.x,0.02,6.5273,0.02424,0.09715055362173115
lambda.x,0.02,6.5343,0.02096,0.0971990028768988
lambda.x,0.02,6.5413,0.01822,0.09724095435087862
lambda.x,0.02,6.5483,0.01602,0.09727757705960816
lambda.x,0.02,6.5553,0.01435,0.09731002559367792
lambda.x,0.02,6.5623,0.0132,0.09733942950150765
lambda.x,0.02,6.5693,0.01258,0.09736691470739013
lambda.x,0.02,6.5763,0.0125,0.09739362483822926
lambda.x,0.02,6.5833,0.01297,0.09742072114820732
lambda.x,0.02,6.5903,0.01403,0.09744941430886638
lambda.x,0.02,6.5973,0.01572,0.09748099606434714
lambda.x,0.02,6.6043,0.01807,0.09751682828833078
lambda.x,0.02,6.6113,0.02115,0.09755837443942252
lambda.x,0.02,6.6183,0.02502,0.097607230906241
lambda.x,0.02,6.6253,0.02976,0.09766513699968929
lambda.x,0.02,6.6323,0.03546,0.0977340060348251
lambda.x,0.02,6.6393,0.04219,0.09781591406451419
lambda.x,0.02,6.6463,0.05006,0.09791312023557074
lambda.x,0.02,6.6533,0.05914,0.09802806606222882
lambda.x,0.02,6.6603,0.06955,0.0981633851247759
lambda.x,0.02,6.6673,0.08135,0.09832189181881329
lambda.x,0.02,6.6743,0.09463,0.09850654906612052
lambda.x,0.02,6.6813,0.10946,0.09872047820192172
lambda.x,0.02,6.6883,0.12589,0.09896691642522541
lambda.x,0.02,6.6953,0.14397,0.0992491953819026
lambda.x,0.02,6.7024,0.16369,0.09957526812800684
lambda.x,0.02,6.7094,0.18508,0.09993932254526465
lambda.x,0.02,6.7164,0.20809,0.10034929539884266
lambda.x,0.02,6.7234,0.23269,0.10080843484260679
lambda.x,0.02,6.7304,0.25878,0.10131984365038979
lambda.x,0.02,6.7374,0.28629,0.10188643818563363
lambda.x,0.02,6.7444,0.31507,0.10251089731320531
lambda.x,0.02,6.7514,0.345,0.10319561145751593
lambda.x,0.02,6.7584,0.37589,0.10394264240050712
lambda.x,0.02,6.7654,0.40756,0.10475366248675314
lambda.x,0.02,6.7724,0.43981,0.10562994590904289
lambda.x,0.02,6.7794,0.47243,0.10657233935607967
lambda.x,0.02,6.7864,0.50519,0.10758123282231927
lambda.x,0.02,6.7934,0.53784,0.10865652025349887
lambda.x,0.02,6.8004,0.57015,0.10979760156886885
lambda.x,0.02,6.8074,0.60188,0.1110033949983964
lambda.x,0.02,6.8144,0.63276,0.11227229796297745
lambda.x,0.02,6.8214,0.66255,0.11360218918162907
lambda.x,0.02,6.8284,0.69099,0.11499044108245807
lambda.x,0.02,6.8354,0.71785,0.11643393209742213
lambda.x,0.02,6.8424,0.74286,0.11792903848603117
lambda.x,0.02,6.8494,0.76579,0.11947163634734781
lambda.x,0.02,6.8564,0.7864,0.12105713433371491
lambda.x,0.02,6.8634,0.80448,0.12268049594635261
lambda.x,0.02,6.8704,0.8198,0.12433625157034994
lambda.x,0.02,6.8774,0.83217,0.12601852057466198
lambda.x,0.02,6.8844,0.84142,0.12772107403360902
lambda.x,0.02,6.8914,0.8474,0.1294373767937794
lambda.x,0.02,6.8984,0.85001,0.13116065976923486
lambda.x,0.02,6.9055,0.84917,0.13290859828794152
lambda.x,0.02,6.9125,0.84485,0.13462493326583927
lambda.x,0.02,6.9195,0.83706,0.13632727574869605
lambda.x,0.02,6.9265,0.82589,0.13800872779334383
lambda.x,0.02,6.9335,0.81145,0.1396626143696848
lambda.x,0.02,6.9405,0.79395,0.14128260351008892
lambda.x,0.02,6.9475,0.77361,0.14286281585913635
lambda.x,0.02,6.9545,0.75076,0.14439794364566833
lambda.x,0.02,6.9615,0.72572,0.14588334904724407
lambda.x,0.02,6.9685,0.69891,0.147315151893587
lambda.x,0.02,6.9755,0.67077,0.14869034714628343
lambda.x,0.02,6.9825,0.64174,0.15000682145800345
lambda.x,0.02,6.9895,0.61232,0.1512634096887204
lambda.x,0.02,6.9965,0.583,0.1524599411943331
lambda.x,0.02,7.0035,0.55424,0.1535971958586467
lambda.x,0.02,7.0105,0.52651,0.15467688029501073
lambda.x,0.02,7.0175,0.50022,0.15570157428146242
lambda.x,0.02,7.0245,0.47576,0.15667464749777385
lambda.x,0.02,7.0315,0.45346,0.15760017671693544
lambda.x,0.02,7.0385,0.43355,0.15848278380651415
lambda.x,0.02,7.0455,0.41625,0.15932752417265236
lambda.x,0.02,7.0525,0.40164,0.16013973614470997
lambda.x,0.02,7.0595,0.38978,0.1609248810630283
lambda.x,0.02,7.0665,0.3806,0.16168839418318107
lambda.x,0.02,7.0735,0.37399,0.162435516418041
lambda.x,0.02,7.0805,0.36977,0.16317118631809924
lambda.x,0.02,7.0875,0.36767,0.16389988317339915
lambda.x,0.02,7.0945,0.36739,0.16462551033754733
lambda.x,0.02,7.1016,0.36857,0.16536167211675368
lambda.x,0.02,7.1086,0.37084,0.1660901436975184
lambda.x,0.02,7.1156,0.3738,0.1668230455219662
lambda.x,0.02,7.1226,0.37703,0.1675613130212966
lambda.x,0.02,7.1296,0.38015,0.168305093006396
lambda.x,0.02,7.1366,0.38277,0.16905377622783624
lambda.x,0.02,7.1436,0.38453,0.1698060199291101
lambda.x,0.02,7.1506,0.38515,0.17055985843238103
lambda.x,0.02,7.1576,0.38434,0.17131277411194315
lambda.x,0.02,7.1646,0.38191,0.17206178747510692
lambda.x,0.02,7.1716,0.37771,0.17280359571201617
lambda.x,0.02,7.1786,0.37166,0.1735346812587579
lambda.x,0.02,7.1856,0.36374,0.17425143934339762
lambda.x,0.02,7.1926,0.35397,0.17495027570488092
lambda.x,0.02,7.1996,0.34244,0.17562771354044482
lambda.x,0.02,7.2066,0.32931,0.17628052910172523
lambda.x,0.02,7.2136,0.31474,0.17690581870539124
lambda.x,0.02,7.2206,0.29895,0.1775010556583066
lambda.x,0.02,7.2276,0.2822,0.17806418570375043
lambda.x,0.02,7.2346,0.26472,0.1785936349053467
lambda.x,0.02,7.2416,0.24681,0.17908834642635627
lambda.x,0.02,7.2486,0.22872,0.17954779791079514
lambda.x,0.02,7.2556,0.21072,0.17997197042999238
lambda.x,0.02,7.2626,0.19307,0.1803613561978093
lambda.x,0.02,7.2696,0.17601,0.18071692770422332
lambda.x,0.02,7.2766,0.15975,0.18104008774840843
lambda.x,0.02,7.2836,0.1445,0.18133263892403476
lambda.x,0.02,7.2906,0.13041,0.18159672447466674
lambda.x,0.02,7.2976,0.11765,0.18183478856195803
lambda.x,0.02,7.3047,0.10633,0.1820526032151054
lambda.x,0.02,7.3117,0.09657,0.18224695107712024
lambda.x,0.02,7.3187,0.08843,0.18242398349713201
lambda.x,0.02,7.3257,0.08199,0.18258690745724504
lambda.x,0.02,7.3327,0.07731,0.18273905447173094
lambda.x,0.02,7.3397,0.0744,0.18288381333326212
lambda.x,0.02,7.3467,0.0733,0.18302461079280863
lambda.x,0.02,7.3537,0.07402,0.18316491144230024
lambda.x,0.02,7.3607,0.07655,0.18330816999357658
lambda.x,0.02,7.3677,0.0809,0.18345783129784782
lambda.x,0.02,7.3747,0.08702,0.18361729243357547
lambda.x,0.02,7.3817,0.09489,0.18378987438492805
lambda.x,0.02,7.3887,0.10445,0.18397881288335946
lambda.x,0.02,7.3957,0.11563,0.18418721136979466
lambda.x,0.02,7.4027,0.12833,0.18441800366223882
lambda.x,0.02,7.4097,0.14244,0.18467391678190234
lambda.x,0.02,7.4167,0.15782,0.18495743397271047
lambda.x,0.02,7.4237,0.1743,0.18527073901888275
lambda.x,0.02,7.4307,0.19168,0.18561566082491102
lambda.x,0.02,7.4377,0.20975,0.18599363707947736
lambda.x,0.02,7.4447,0.22826,0.18640566870535805
lambda.x,0.02,7.4517,0.24694,0.18685226510298367
lambda.x,0.02,7.4587,0.26551,0.18733341782377905
lambda.x,0.02,7.4657,0.28366,0.18784856499958963
lambda.x,0.02,7.4727,0.30109,0.1883965746560433
lambda.x,0.02,7.4797,0.3175,0.18897575621517188
lambda.x,0.02,7.4867,0.33257,0.18958384388572097
lambda.x,0.02,7.4937,0.34603,0.19021802681946445
lambda.x,0.02,7.5008,0.35763,0.19088439757168738
lambda.x,0.02,7.5078,0.36712,0.1915604393238382
lambda.x,0.02,7.5148,0.37431,0.19225139663813362
lambda.x,0.02,7.5218,0.37907,0.19295283787237716
lambda.x,0.02,7.5288,0.38129,0.193660120495492
lambda.x,0.02,7.5358,0.38092,0.1943684662007197
lambda.x,0.02,7.5428,0.37797,0.1950730728261746
lambda.x,0.02,7.5498,0.37251,0.19576922575630484
lambda.x,0.02,7.5568,0.36463,0.19645237175442756
lambda.x,0.02,7.5638,0.35449,0.1971182016736973
lambda.x,0.02,7.5708,0.3423,0.19776276056655703
lambda.x,0.02,7.5778,0.32828,0.19838250184320563
lambda.x,0.02,7.5848,0.3127,0.19897434114585685
lambda.x,0.02,7.5918,0.29584,0.19953571000862586
lambda.x,0.02,7.5988,0.27799,0.20006457238816858
lambda.x,0.02,7.6058,0.25944,0.20055943191471248
lambda.x,0.02,7.6128,0.24048,0.2010193299062134
lambda.x,0.02,7.6198,0.2214,0.20144384339163848
lambda.x,0.02,7.6268,0.20244,0.20183303725251803
lambda.x,0.02,7.6338,0.18386,0.20218743488133595
lambda.x,0.02,7.6408,0.16584,0.20250796154929365
lambda.x,0.02,7.6478,0.14858,0.202795887949323
lambda.x,0.02,7.6548,0.13221,0.20305278322583653
lambda.x,0.02,7.6618,0.11684,0.20328043159884024
lambda.x,0.02,7.6688,0.10256,0.20348079505001007
lambda.x,0.02,7.6758,0.08941,0.20365594882027854
lambda.x,0.02,7.6828,0.07742,0.20380802628768172
lambda.x,0.02,7.6898,0.06658,0.20393917323242758
lambda.x,0.02,7.6968,0.05687,0.20405150228513863
lambda.x,0.02,7.7039,0.04825,0.20414843039540087
lambda.x,0.02,7.7109,0.04066,0.20422918321154643
lambda.x,0.02,7.7179,0.03403,0.20429695921015956
lambda.x,0.02,7.7249,0.02828,0.20435345004528932
lambda.x,0.02,7.7319,0.02335,0.20440021596098298
lambda.x,0.02,7.7389,0.01915,0.20443867723814874
lambda.x,0.02,7.7459,0.01559,0.20447008756504195
lambda.x,0.02,7.7529,0.01261,0.2044955617258342
lambda.x,0.02,7.7599,0.01013,0.20451608514725966
lambda.x,0.02,7.7669,0.00808,0.2045325053362708
lambda.x,0.02,7.7739,0.00641,0.2045455593986195
lambda.x,0.02,7.7809,0.00504,0.20455586545616344
lambda.x,0.02,7.7879,0.00394,0.2045639410271465
lambda.x,0.02,7.7949,0.00306,0.204570230368862
lambda.x,0.02,7.8019,0.00236,0.20457509575237806
lambda.x,0.02,7.8089,0.00181,0.2045788356929626
lambda.x,0.02,7.8159,0.00138,0.2045816941427321
lambda.x,0.02,7.8229,0.00104,0.20458386068603382
lambda.x,0.02,7.8299,0.00078,0.20458548861413103
lambda.x,0.02,7.8369,0.00058,0.20458670400303333
lambda.x,0.02,7.8439,0.00043,0.20458760580270363
lambda.x,0.02,7.8509,0.00032,0.20458827485799205
lambda.x,0.02,7.8579,0.00023,0.20458876506494597
lambda.x,0.02,7.8649,0.00017,0.204589121259459
lambda.x,0.02,7.8719,0.00012,0.2045893792732976
lambda.x,0.02,7.8789,9e-05,0.20458956594237077
lambda.x,0.02,7.8859,6e-05,0.2045896991623866
lambda.x,0.02,7.8929,4e-05,0.20458978789692234
lambda.x,0.02,7.8999,3e-05,0.2045898499544578
lambda.x,0.02,7.907,2e-05,0.20458989487559512
lambda.x,0.02,7.914,1e-05,0.20458992142651006
lambda.x,0.02,7.921,1e-05,0.20458993910886275
lambda.x,0.02,7.928,1e-05,0.20458995677559597
lambda.x,0.02,7.935,0.0,0.20458996560506115
lambda.x,0.02,7.942,0.0,0.20458996560506115
lambda.x,0.02,7.949,0.0,0.20458996560506115
lambda.x,0.02,7.956,0.0,0.20458996560506115
lambda.x,0.02,7.963,0.0,0.20458996560506115
lambda.x,0.02,7.97,0.0,0.20458996560506115
lambda.x,0.02,7.977,0.0,0.20458996560506115
lambda.x,0.02,7.984,0.0,0.20458996560506115
lambda.x,0.02,7.991,0.0,0.20458996560506115
lambda.x,0.02,7.998,0.0,0.20458996560506115
lambda.x,0.02,8.005,0.0,0.20458996560506115
lambda.x,0.02,8.012,0.0,0.20458996560506115
lambda.x,0.02,8.019,0.0,0.20458996560506115
lambda.x,0.02,8.026,0.0,0.20458996560506115
lambda.x,0.02,8.033,1e-05,0.20458997431911569
lambda.x,0.02,8.04,1e-05,0.20458999173963788
lambda.x,0.02,8.047,1e-05,0.20459000914499953
lambda.x,0.02,8.054,2e-05,0.20459003522656052
lambda.x,0.02,8.061,3e-05,0.2045900786605859
lambda.x,0.02,8.068,5e-05,0.20459014809320358
lambda.x,0.02,8.075,6e-05,0.2045902434868468
lambda.x,0.02,8.082,9e-05,0.20459037345023293
lambda.x,0.02,8.089,0.00013,0.20459056389968985
lambda.x,0.02,8.096,0.00018,0.2045908320305556
lambda.x,0.02,8.1031,0.00025,0.2045912089382546
lambda.x,0.02,8.1101,0.00035,0.20459172699743602
lambda.x,0.02,8.1171,0.00048,0.20459244303082813
lambda.x,0.02,8.1241,0.00065,0.20459341703380526
lambda.x,0.02,8.1311,0.00088,0.2045947346809175
lambda.x,0.02,8.1381,0.00118,0.20459650724491837
lambda.x,0.02,8.1451,0.00158,0.20459888009544844
lambda.x,0.02,8.1521,0.00209,0.20460203259665688
lambda.x,0.02,8.1591,0.00275,0.20460618655510907
lambda.x,0.02,8.1661,0.0036,0.20461163181236797
lambda.x,0.02,8.1731,0.00468,0.2046187260118148
lambda.x,0.02,8.1801,0.00604,0.20462790292382044
lambda.x,0.02,8.1871,0.00775,0.20463969784271563
lambda.x,0.02,8.1941,0.00986,0.2046547472543588
lambda.x,0.02,8.2011,0.01247,0.20467381408221555
lambda.x,0.02,8.2081,0.01567,0.2046978214049649
lambda.x,0.02,8.2151,0.01956,0.20472785190312076
lambda.x,0.02,8.2221,0.02424,0.2047651558361898
lambda.x,0.02,8.2291,0.02985,0.20481118449782287
lambda.x,0.02,8.2361,0.03652,0.2048676150585478
lambda.x,0.02,8.2431,0.04438,0.20493634129900812
lambda.x,0.02,8.2501,0.05357,0.20501948135924314
lambda.x,0.02,8.2571,0.06425,0.20511940241742055
lambda.x,0.02,8.2641,0.07656,0.20523871986008588
lambda.x,0.02,8.2711,0.09063,0.2053802710375796
lambda.x,0.02,8.2781,0.10659,0.20554710604972903
lambda.x,0.02,8.2851,0.12456,0.20574247857764189
lambda.x,0.02,8.2921,0.14464,0.20596981986352658
lambda.x,0.02,8.2991,0.1669,0.2062326959238604
lambda.x,0.02,8.3062,0.19138,0.20653906968997157
lambda.x,0.02,8.3132,0.2181,0.20688400172461438
lambda.x,0.02,8.3202,0.24703,0.2072754821618454
lambda.x,0.02,8.3272,0.27811,0.2077170993716171
lambda.x,0.02,8.3342,0.31124,0.20821229824988463
lambda.x,0.02,8.3412,0.34628,0.2087643135355619
lambda.x,0.02,8.3482,0.38305,0.20937610340716406
lambda.x,0.02,8.3552,0.42135,0.2100503001137649
lambda.x,0.02,8.3622,0.46091,0.21078913571372115
lambda.x,0.02,8.3692,0.50149,0.21159440990901401
lambda.x,0.02,8.3762,0.54277,0.21246744972708465
lambda.x,0.02,8.3832,0.58446,0.21340906929414785
lambda.x,0.02,8.3902,0.62625,0.21441957991157823
lambda.x,0.02,8.3972,0.66783,0.21549877504709444
lambda.x,0.02,8.4042,0.70888,0.21664592373156064
lambda.x,0.02,8.4112,0.74912,0.21785979726527752
lambda.x,0.02,8.4182,0.78826,0.21913869584786505
lambda.x,0.02,8.4252,0.82606,0.22048048337126408
lambda.x,0.02,8.4322,0.86228,0.2218826304112443
lambda.x,0.02,8.4392,0.89669,0.22334222382753466
lambda.x,0.02,8.4462,0.9291,0.22485600948204856
lambda.x,0.02,8.4532,0.95934,0.22642044308168283
lambda.x,0.02,8.4602,0.98723,0.22803169942677765
lambda.x,0.02,8.4672,1.01263,0.22968569813516332
lambda.x,0.02,8.4742,1.03536,0.23137810451302956
lambda.x,0.02,8.4812,1.05529,0.23310433862109559
lambda.x,0.02,8.4882,1.07225,0.23485958436476673
lambda.x,0.02,8.4952,1.0861,0.23663878200564378
lambda.x,0.02,8.5023,1.09667,0.238462301741636
lambda.x,0.02,8.5093,1.1038,0.24027321571456076
lambda.x,0.02,8.5163,1.10733,0.2420914074325604
lambda.x,0.02,8.5233,1.10712,0.24391083432285268
lambda.x,0.02,8.5303,1.10303,0.24572523883080744
lambda.x,0.02,8.5373,1.09496,0.24752818192257506
lambda.x,0.02,8.5443,1.08282,0.24931308466993798
lambda.x,0.02,8.5513,1.06658,0.2510732860165095
lambda.x,0.02,8.5583,1.04625,0.2528021248787237
lambda.x,0.02,8.5653,1.0219,0.25449302189780654
lambda.x,0.02,8.5723,0.99365,0.2561395690370324
lambda.x,0.02,8.5793,0.96171,0.25773564328416065
lambda.x,0.02,8.5863,0.92632,0.2592755036118153
lambda.x,0.02,8.5933,0.8878,0.2607538793569832
lambda.x,0.02,8.6003,0.84653,0.2621660826916653
lambda.x,0.02,8.6073,0.80293,0.26350808809220644
lambda.x,0.02,8.6143,0.75745,0.26477658709429885
lambda.x,0.02,8.6213,0.7106,0.26596905905784135
lambda.x,0.02,8.6283,0.66288,0.2670838092130811
lambda.x,0.02,8.6353,0.6148,0.2681199659750504
lambda.x,0.02,8.6423,0.56687,0.26907748638173634
lambda.x,0.02,8.6493,0.51956,0.26995712103796793
lambda.x,0.02,8.6563,0.47332,0.27076036300167633
lambda.x,0.02,8.6633,0.42856,0.2714893968898363
lambda.x,0.02,8.6703,0.38562,0.27214700780917245
lambda.x,0.02,8.6773,0.34482,0.2727365067688161
lambda.x,0.02,8.6843,0.30639,0.27326164030522115
lambda.x,0.02,8.6913,0.27051,0.27372647626354174
lambda.x,0.02,8.6983,0.23731,0.2741353222549603
lambda.x,0.02,8.7054,0.20683,0.2744977144831045
lambda.x,0.02,8.7124,0.1791,0.274807924549447
lambda.x,0.02,8.7194,0.15408,0.27507551948584885
lambda.x,0.02,8.7264,0.13169,0.2753048529883347
lambda.x,0.02,8.7334,0.11181,0.2755001079243762
lambda.x,0.02,8.7404,0.0943,0.27566524880192494
lambda.x,0.02,8.7474,0.07901,0.2758039984486789
lambda.x,0.02,8.7544,0.06577,0.27591981479103384
lambda.x,0.02,8.7614,0.05438,0.27601585174025256
lambda.x,0.02,8.7684,0.04467,0.276094960144495
lambda.x,0.02,8.7754,0.03645,0.276159696752179
lambda.x,0.02,8.7824,0.02956,0.27621233310775195
lambda.x,0.02,8.7894,0.02382,0.2762548644438278
lambda.x,0.02,8.7964,0.01909,0.2762890264639778
lambda.x,0.02,8.8034,0.01523,0.2763163279997587
lambda.x,0.02,8.8104,0.01211,0.2763380596771691
lambda.x,0.02,8.8174,0.00962,0.2763553184327076
lambda.x,0.02,8.8244,0.00768,0.2763690478035661
lambda.x,0.02,8.8314,0.0062,0.27638005428559526
lambda.x,0.02,8.8384,0.00513,0.27638903152129196
lambda.x,0.02,8.8454,0.00442,0.27639659233715874
lambda.x,0.02,8.8524,0.00404,0.27640328481434495
lambda.x,0.02,8.8594,0.00398,0.2764096241107191
lambda.x,0.02,8.8664,0.00424,0.27641611626230006
lambda.x,0.02,8.8734,0.00484,0.2764232818845287
lambda.x,0.02,8.8804,0.00582,0.2764316876688483
lambda.x,0.02,8.8874,0.00723,0.27644196987887804
lambda.x,0.02,8.8944,0.00914,0.2764548577478801
lambda.x,0.02,8.9015,0.01166,0.2764714540296265
lambda.x,0.02,8.9085,0.0149,0.2764923311901684
lambda.x,0.02,8.9155,0.019,0.2765189569492886
lambda.x,0.02,8.9225,0.02414,0.27655281342727994
lambda.x,0.02,8.9295,0.0305,0.2765956615789646
lambda.x,0.02,8.9365,0.0383,0.27664957165187837
lambda.x,0.02,8.9435,0.04781,0.27671699268435074
lambda.x,0.02,8.9505,0.05928,0.27680077481309334
lambda.x,0.02,8.9575,0.07302,0.276904199265406
lambda.x,0.02,8.9645,0.08933,0.27703101609172937
lambda.x,0.02,8.9715,0.10856,0.27718547390571907
lambda.x,0.02,8.9785,0.13103,0.2773723339521065
lambda.x,0.02,8.9855,0.15708,0.277596860700071
lambda.x,0.02,8.9925,0.18704,0.2778648280721478
lambda.x,0.02,8.9995,0.22119,0.2781824711832322
lambda.x,0.02,9.0065,0.25981,0.2785564460151396
lambda.x,0.02,9.0135,0.3031,0.278993765979665
lambda.x,0.02,9.0205,0.3512,0.27950169211895903
lambda.x,0.02,9.0275,0.40417,0.2800876237438245
lambda.x,0.02,9.0345,0.46198,0.28075896623957974
lambda.x,0.02,9.0415,0.52446,0.2815229529253696
lambda.x,0.02,9.0485,0.59136,0.2823864753088843
lambda.x,0.02,9.0555,0.66226,0.2833558908430296
lambda.x,0.02,9.0625,0.73662,0.2844368004749507
lambda.x,0.02,9.0695,0.81378,0.2856338656745909
lambda.x,0.02,9.0765,0.89291,0.2869505876079638
lambda.x,0.02,9.0835,0.97308,0.28838910254441746
lambda.x,0.02,9.0905,1.05326,0.28995003199596364
lambda.x,0.02,9.0975,1.1323,0.2916323180445351
lambda.x,0.02,9.1046,1.209,0.2934588128019058
lambda.x,0.02,9.1116,1.28214,0.2953733488560447
lambda.x,0.02,9.1186,1.35047,0.2973950588818699
lambda.x,0.02,9.1256,1.41279,0.29951547583294097
lambda.x,0.02,9.1326,1.46795,0.30172435019401683
lambda.x,0.02,9.1396,1.51491,0.3040097780169592
lambda.x,0.02,9.1466,1.55275,0.3063583820735698
lambda.x,0.02,9.1536,1.58073,0.3087555458522149
lambda.x,0.02,9.1606,1.5983,0.31118570018514596
lambda.x,0.02,9.1676,1.60508,0.3136326011513836
lambda.x,0.02,9.1746,1.60096,0.3160796679454326
lambda.x,0.02,9.1816,1.586,0.31851031951584236
lambda.x,0.02,9.1886,1.56051,0.32090829462653564
lambda.x,0.02,9.1956,1.52501,0.32325800119529263
lambda.x,0.02,9.2026,1.4802,0.3255448110340689
lambda.x,0.02,9.2096,1.42695,0.3277553230483308
lambda.x,0.02,9.2166,1.36628,0.32987760264574756
lambda.x,0.02,9.2236,1.2993,0.3319013595107058
lambda.x,0.02,9.2306,1.22722,0.333818086752535
lambda.x,0.02,9.2376,1.15127,0.335621146487993
lambda.x,0.02,9.2446,1.07269,0.33730578690573737
lambda.x,0.02,9.2516,0.99268,0.338869113862917
lambda.x,0.02,9.2586,0.91241,0.34031003231836987
lambda.x,0.02,9.2656,0.83293,0.34162912755424574
lambda.x,0.02,9.2726,0.75522,0.34282851659821634
lambda.x,0.02,9.2796,0.6801,0.34391167006110135
lambda.x,0.02,9.2866,0.6083,0.3448832195194662
lambda.x,0.02,9.2936,0.54039,0.3457487656637113
lambda.x,0.02,9.3007,0.4768,0.346525586780764
lambda.x,0.02,9.3077,0.41783,0.34719867701604973
lambda.x,0.02,9.3147,0.36367,0.3477862106616505
lambda.x,0.02,9.3217,0.31439,0.3482955955471157
lambda.x,0.02,9.3287,0.26993,0.3487342303630447
lambda.x,0.02,9.3357,0.23019,0.34910937714757656
lambda.x,0.02,9.3427,0.19497,0.34942805677885425
lambda.x,0.02,9.3497,0.16401,0.34969692985138934
lambda.x,0.02,9.3567,0.13704,0.3499222453520708
lambda.x,0.02,9.3637,0.11372,0.35010978208042376
lambda.x,0.02,9.3707,0.09373,0.3502648126644591
lambda.x,0.02,9.3777,0.07673,0.35039210508373764
lambda.x,0.02,9.3847,0.06239,0.35049591670549074
lambda.x,0.02,9.3917,0.05038,0.35058000326646327
lambda.x,0.02,9.3987,0.04041,0.35064765015925065
lambda.x,0.02,9.4057,0.03219,0.3507017036243844
lambda.x,0.02,9.4127,0.02547,0.3507446018042103
lambda.x,0.02,9.4197,0.02001,0.35077841313472097
lambda.x,0.02,9.4267,0.01562,0.3508048820039225
lambda.x,0.02,9.4337,0.01211,0.35082546684261595
lambda.x,0.02,9.4407,0.00933,0.3508413706316452
lambda.x,0.02,9.4477,0.00713,0.3508535713181017
lambda.x,0.02,9.4547,0.00542,0.35086286690435725
lambda.x,0.02,9.4617,0.00409,0.3508699056066764
lambda.x,0.02,9.4687,0.00307,0.35087520107291603
lambda.x,0.02,9.4757,0.00229,0.35087916235145805
lambda.x,0.02,9.4827,0.0017,0.350882108963907
lambda.x,0.02,9.4897,0.00126,0.3508842933095046
lambda.x,0.02,9.4967,0.00094,0.3508859156105146
lambda.x,0.02,9.5038,0.00071,0.3508871488003618
lambda.x,0.02,9.5108,0.00055,0.3508880765520379
lambda.x,0.02,9.5178,0.00044,0.350888804959193
lambda.x,0.02,9.5248,0.00038,0.3508894078343431
lambda.x,0.02,9.5318,0.00036,0.3508899514834856
lambda.x,0.02,9.5388,0.00038,0.35089049472274497
lambda.x,0.02,9.5458,0.00043,0.35089108890573933
lambda.x,0.02,9.5528,0.00052,0.3508917852677749
lambda.x,0.02,9.5598,0.00065,0.35089264225926853
lambda.x,0.02,9.5668,0.00084,0.3508937328362284
lambda.x,0.02,9.5738,0.00107,0.3508951298052876
lambda.x,0.02,9.5808,0.00138,0.35089692041529974
lambda.x,0.02,9.5878,0.00177,0.3508992209490891
lambda.x,0.02,9.5948,0.00226,0.35090216202611735
lambda.x,0.02,9.6018,0.00287,0.3509059031519134
lambda.x,0.02,9.6088,0.00362,0.3509106326338687
lambda.x,0.02,9.6158,0.00453,0.35091656749733935
lambda.x,0.02,9.6228,0.00565,0.3509239752252234
lambda.x,0.02,9.6298,0.007,0.35093317362708143
lambda.x,0.02,9.6368,0.00861,0.3509445161493503
lambda.x,0.02,9.6438,0.01052,0.35095840629421593
lambda.x,0.02,9.6508,0.01278,0.35097531198617504
lambda.x,0.02,9.6578,0.01543,0.3509957653904581
lambda.x,0.02,9.6648,0.0185,0.3510203482360364
lambda.x,0.02,9.6718,0.02206,0.3510497133794403
lambda.x,0.02,9.6788,0.02614,0.3510845846198864
lambda.x,0.02,9.6858,0.03078,0.35112573479195824
lambda.x,0.02,9.6928,0.03603,0.3511740000728421
lambda.x,0.02,9.6998,0.04192,0.3512302725879883
lambda.x,0.02,9.7069,0.04849,0.35129642438298386
lambda.x,0.02,9.7139,0.05576,0.35137157388785484
lambda.x,0.02,9.7209,0.06375,0.35145766172654963
lambda.x,0.02,9.7279,0.07246,0.35155570871960085
lambda.x,0.02,9.7349,0.08191,0.3516667478658939
lambda.x,0.02,9.7419,0.09206,0.3517917955761738
lambda.x,0.02,9.7489,0.10291,0.3519318373291097
lambda.x,0.02,9.7559,0.11441,0.3520878206055961
lambda.x,0.02,9.7629,0.12652,0.35226062629200705
lambda.x,0.02,9.7699,0.13917,0.35245105454653813
lambda.x,0.02,9.7769,0.15229,0.352659803535874
lambda.x,0.02,9.7839,0.16579,0.35288745541795447
lambda.x,0.02,9.7909,0.17958,0.353134462364618
lambda.x,0.02,9.7979,0.19354,0.35340112550003877
lambda.x,0.02,9.8049,0.20757,0.35368758817761925
lambda.x,0.02,9.8119,0.22153,0.35399382217219055
lambda.x,0.02,9.8189,0.23528,0.35431959963266246
lambda.x,0.02,9.8259,0.2487,0.3546645078991415
lambda.x,0.02,9.8329,0.26165,0.3550279500395344
lambda.x,0.02,9.8399,0.27397,0.35540911690837584
lambda.x,0.02,9.8469,0.28553,0.35580699484918654
lambda.x,0.02,9.8539,0.29619,0.3562203804985453
lambda.x,0.02,9.8609,0.30581,0.35664787422115984
lambda.x,0.02,9.8679,0.31428,0.35708790194810575
lambda.x,0.02,9.8749,0.32146,0.3575387156867116
lambda.x,0.02,9.8819,0.32727,0.3579984152494284
lambda.x,0.02,9.8889,0.33159,0.3584649628723316
lambda.x,0.02,9.8959,0.33437,0.35893620480537786
lambda.x,0.02,9.903,0.33555,0.3594166789334627
lambda.x,0.02,9.91,0.33509,0.35989055787391766
lambda.x,0.02,9.917,0.33298,0.3603622879185555
lambda.x,0.02,9.924,0.32923,0.36082955064100997
lambda.x,0.02,9.931,0.32387,0.3612900607186878
lambda.x,0.02,9.938,0.31696,0.36174160106776465
lambda.x,0.02,9.945,0.30858,0.36218205785945073
lambda.x,0.02,9.952,0.29884,0.3626094554081066
lambda.x,0.02,9.959,0.28785,0.36302197688401955
lambda.x,0.02,9.966,0.27576,0.3634179919624576
lambda.x,0.02,9.973,0.26272,0.36379608439541017
lambda.x,0.02,9.98,0.2489,0.36415506543881654
lambda.x,0.02,9.987,0.23447,0.3644939872425722
lambda.x,0.02,9.994,0.21961,0.3648121491795862
lambda.x,0.02,10.001,0.2045,0.3651091041575925
lambda.x,0.02,10.008,0.18931,0.3653846509151669
lambda.x,0.02,10.015,0.17422,0.3656388333292956
lambda.x,0.02,10.022,0.15936,0.3658719117966076
lambda.x,0.02,10.029,0.1449,0.36608435562449376
lambda.x,0.02,10.036,0.13094,0.36627682154288005
lambda.x,0.02,10.043,0.1176,0.36645011829728646
lambda.x,0.02,10.05,0.10496,0.366605192304528
lambda.x,0.02,10.057,0.0931,0.36674309940856237
lambda.x,0.02,10.064,0.08206,0.36686497675399704
lambda.x,0.02,10.071,0.07187,0.3669720077873565
lambda.x,0.02,10.078,0.06255,0.36706540823191597
lambda.x,0.02,10.085,0.05408,0.3671463912882216
lambda.x,0.02,10.092,0.04647,0.36721616068562074
lambda.x,0.02,10.099,0.03966,0.3672758829974565
lambda.x,0.02,10.1061,0.03364,0.36732739920709173
lambda.x,0.02,10.1131,0.02834,0.3673703161272696
lambda.x,0.02,10.1201,0.02372,0.3674063392212104
lambda.x,0.02,10.1271,0.01973,0.36743638383898525
lambda.x,0.02,10.1341,0.0163,0.36746128052084714
lambda.x,0.02,10.1411,0.01337,0.3674817683193223
lambda.x,0.02,10.1481,0.0109,0.36749851575002096
lambda.x,0.02,10.1551,0.00883,0.3675121209957144
lambda.x,0.02,10.1621,0.0071,0.36752309831400276
lambda.x,0.02,10.1691,0.00568,0.3675318989192726
lambda.x,0.02,10.1761,0.00451,0.3675389111704481
lambda.x,0.02,10.1831,0.00355,0.3675444538555412
lambda.x,0.02,10.1901,0.00278,0.367548803869989
lambda.x,0.02,10.1971,0.00216,0.3675521963411697
lambda.x,0.02,10.2041,0.00167,0.3675548247336219
lambda.x,0.02,10.2111,0.00128,0.36755684782803144
lambda.x,0.02,10.2181,0.00098,0.3675583966621919
lambda.x,0.02,10.2251,0.00074,0.3675595746163932
lambda.x,0.02,10.2321,0.00056,0.3675604643209676
lambda.x,0.02,10.2391,0.00042,0.3675611345636409
lambda.x,0.02,10.2461,0.00031,0.3675616334861522
lambda.x,0.02,10.2531,0.00023,0.367562002299732
lambda.x,0.02,10.2601,0.00017,0.36756227530868707
lambda.x,0.02,10.2671,0.00012,0.3675624731066907
lambda.x,0.02,10.2741,9e-05,0.36756261624065895
lambda.x,0.02,10.2811,6e-05,0.3675627184115584
lambda.x,0.02,10.2881,4e-05,0.3675627864791279
lambda.x,0.02,10.2951,3e-05,0.367562834093091
lambda.x,0.02,10.3022,2e-05,0.3675628685660089
lambda.x,0.02,10.3092,2e-05,0.36756289573544254
lambda.x,0.02,10.3162,1e-05,0.36756291610099
lambda.x,0.02,10.3232,1e-05,0.36756292966727744
lambda.x,0.02,10.3302,1e-05,0.3675629432243689
lambda.x,0.02,10.3372,0.0,0.3675629500006172
lambda.x,0.02,10.3442,0.0,0.3675629500006172
lambda.x,0.02,10.3512,0.0,0.3675629500006172
lambda.x,0.02,10.3582,0.0,0.3675629500006172
lambda.x,0.02,10.3652,0.0,0.3675629500006172
lambda.x,0.02,10.3722,0.0,0.3675629500006172
lambda.x,0.02,10.3792,0.0,0.3675629500006172
lambda.x,0.02,10.3862,0.0,0.3675629500006172
lambda.x,0.02,10.3932,0.0,0.3675629500006172
lambda.x,0.02,10.4002,0.0,0.3675629500006172
lambda.x,0.02,10.4072,0.0,0.3675629500006172
lambda.x,0.02,10.4142,0.0,0.3675629500006172
lambda.x,0.02,10.4212,0.0,0.3675629500006172
lambda.x,0.02,10.4282,0.0,0.3675629500006172
lambda.x,0.02,10.4352,0.0,0.3675629500006172
lambda.x,0.02,10.4422,0.0,0.3675629500006172
lambda.x,0.02,10.4492,0.0,0.3675629500006172
lambda.x,0.02,10.4562,0.0,0.3675629500006172
lambda.x,0.02,10.4632,0.0,0.3675629500006172
lambda.x,0.02,10.4702,0.0,0.3675629500006172
lambda.x,0.02,10.4772,0.0,0.3675629500006172
lambda.x,0.02,10.4842,0.0,0.3675629500006172
lambda.x,0.02,10.4912,0.0,0.3675629500006172
lambda.x,0.02,10.4982,0.0,0.3675629500006172
lambda.x,0.02,10.5053,0.0,0.3675629500006172
lambda.x,0.02,10.5123,0.0,0.3675629500006172
lambda.x,0.02,10.5193,0.0,0.3675629500006172
lambda.x,0.02,10.5263,0.0,0.3675629500006172
lambda.x,0.02,10.5333,0.0,0.3675629500006172
lambda.x,0.02,10.5403,0.0,0.3675629500006172
lambda.x,0.02,10.5473,0.0,0.3675629500006172
lambda.x,0.02,10.5543,0.0,0.3675629500006172
lambda.x,0.02,10.5613,0.0,0.3675629500006172
lambda.x,0.02,10.5683,0.0,0.3675629500006172
lambda.x,0.02,10.5753,0.0,0.3675629500006172
lambda.x,0.02,10.5823,0.0,0.3675629500006172
lambda.x,0.02,10.5893,0.0,0.3675629500006172
lambda.x,0.02,10.5963,0.0,0.3675629500006172
lambda.x,0.02,10.6033,0.0,0.3675629500006172
lambda.x,0.02,10.6103,0.0,0.3675629500006172
lambda.x,0.02,10.6173,0.0,0.3675629500006172
lambda.x,0.02,10.6243,0.0,0.3675629500006172
lambda.x,0.02,10.6313,0.0,0.3675629500006172
lambda.x,0.02,10.6383,0.0,0.3675629500006172
lambda.x,0.02,10.6453,0.0,0.3675629500006172
lambda.x,0.02,10.6523,0.0,0.3675629500006172
lambda.x,0.02,10.6593,0.0,0.3675629500006172
lambda.x,0.02,10.6663,0.0,0.3675629500006172
lambda.x,0.02,10.6733,0.0,0.3675629500006172
lambda.x,0.02,10.6803,0.0,0.3675629500006172
lambda.x,0.02,10.6873,0.0,0.3675629500006172
lambda.x,0.02,10.6943,0.0,0.3675629500006172
lambda.x,0.02,10.7014,0.0,0.3675629500006172
lambda.x,0.02,10.7084,0.0,0.3675629500006172
lambda.x,0.02,10.7154,0.0,0.3675629500006172
lambda.x,0.02,10.7224,0.0,0.3675629500006172
lambda.x,0.02,10.7294,0.0,0.3675629500006172
lambda.x,0.02,10.7364,0.0,0.3675629500006172
lambda.x,0.02,10.7434,0.0,0.3675629500006172
lambda.x,0.02,10.7504,0.0,0.3675629500006172
lambda.x,0.02,10.7574,0.0,0.3675629500006172
lambda.x,0.02,10.7644,0.0,0.3675629500006172
lambda.x,0.02,10.7714,0.0,0.3675629500006172
lambda.x,0.02,10.7784,0.0,0.3675629500006172
lambda.x,0.02,10.7854,0.0,0.3675629500006172
lambda.x,0.02,10.7924,0.0,0.3675629500006172
lambda.x,0.02,10.7994,0.0,0.3675629500006172
lambda.x,0.02,10.8064,0.0,0.3675629500006172
lambda.x,0.02,10.8134,0.0,0.3675629500006172
lambda.x,0.02,10.8204,0.0,0.3675629500006172
lambda.x,0.02,10.8274,0.0,0.3675629500006172
lambda.x,0.02,10.8344,0.0,0.3675629500006172
lambda.x,0.02,10.8414,0.0,0.3675629500006172
lambda.x,0.02,10.8484,0.0,0.3675629500006172
lambda.x,0.02,10.8554,0.0,0.3675629500006172
lambda.x,0.02,10.8624,0.0,0.3675629500006172
lambda.x,0.02,10.8694,0.0,0.3675629500006172
lambda.x,0.02,10.8764,0.0,0.3675629500006172
lambda.x,0.02,10.8834,0.0,0.3675629500006172
lambda.x,0.02,10.8904,0.0,0.3675629500006172
lambda.x,0.02,10.8974,0.0,0.3675629500006172
lambda.x,0.02,10.9045,0.0,0.3675629500006172
lambda.x,0.02,10.9115,0.0,0.3675629500006172
lambda.x,0.02,10.9185,0.0,0.3675629500006172
lambda.x,0.02,10.9255,0.0,0.3675629500006172
lambda.x,0.02,10.9325,0.0,0.3675629500006172
lambda.x,0.02,10.9395,0.0,0.3675629500006172
lambda.x,0.02,10.9465,0.0,0.3675629500006172
lambda.x,0.02,10.9535,0.0,0.3675629500006172
lambda.x,0.02,10.9605,0.0,0.3675629500006172
lambda.x,0.02,10.9675,0.0,0.3675629500006172
lambda.x,0.02,10.9745,0.0,0.3675629500006172
lambda.x,0.02,10.9815,0.0,0.3675629500006172
lambda.x,0.02,10.9885,0.0,0.3675629500006172
lambda.x,0.02,10.9955,0.0,0.3675629500006172
lambda.x,0.02,11.0025,0.0,0.3675629500006172
lambda.x,0.02,11.0095,0.0,0.3675629500006172
lambda.x,0.02,11.0165,0.0,0.3675629500006172
lambda.x,0.02,11.0235,0.0,0.3675629500006172
lambda.x,0.02,11.0305,0.0,0.3675629500006172
lambda.x,0.02,11.0375,0.0,0.3675629500006172
lambda.x,0.02,11.0445,0.0,0.3675629500006172
lambda.x,0.02,11.0515,0.0,0.3675629500006172
lambda.x,0.02,11.0585,0.0,0.3675629500006172
lambda.x,0.02,11.0655,0.0,0.3675629500006172
lambda.x,0.02,11.0725,0.0,0.3675629500006172
lambda.x,0.02,11.0795,0.0,0.3675629500006172
lambda.x,0.02,11.0865,0.0,0.3675629500006172
lambda.x,0.02,11.0935,0.0,0.3675629500006172
lambda.x,0.02,11.1006,0.0,0.3675629500006172
lambda.x,0.02,11.1076,0.0,0.3675629500006172
lambda.x,0.02,11.1146,0.0,0.3675629500006172
lambda.x,0.02,11.1216,0.0,0.3675629500006172
lambda.x,0.02,11.1286,0.0,0.3675629500006172
lambda.x,0.02,11.1356,0.0,0.3675629500006172
lambda.x,0.02,11.1426,0.0,0.3675629500006172
lambda.x,0.02,11.1496,0.0,0.3675629500006172
lambda.x,0.02,11.1566,0.0,0.3675629500006172
lambda.x,0.02,11.1636,0.0,0.3675629500006172
lambda.x,0.02,11.1706,0.0,0.3675629500006172
lambda.x,0.02,11.1776,0.0,0.3675629500006172
lambda.x,0.02,11.1846,0.0,0.3675629500006172
lambda.x,0.02,11.1916,0.0,0.3675629500006172
lambda.x,0.02,11.1986,0.0,0.3675629500006172
lambda.x,0.02,11.2056,0.0,0.3675629500006172
lambda.x,0.02,11.2126,0.0,0.3675629500006172
lambda.x,0.02,11.2196,0.0,0.3675629500006172
lambda.x,0.02,11.2266,0.0,0.3675629500006172
lambda.x,0.02,11.2336,0.0,0.3675629500006172
lambda.x,0.02,11.2406,0.0,0.3675629500006172
lambda.x,0.02,11.2476,0.0,0.3675629500006172
lambda.x,0.02,11.2546,0.0,0.3675629500006172
lambda.x,0.02,11.2616,0.0,0.3675629500006172
lambda.x,0.02,11.2686,0.0,0.3675629500006172
lambda.x,0.02,11.2756,0.0,0.3675629500006172
lambda.x,0.02,11.2826,0.0,0.3675629500006172
lambda.x,0.02,11.2896,0.0,0.3675629500006172
lambda.x,0.02,11.2966,0.0,0.3675629500006172
lambda.x,0.02,11.3037,0.0,0.3675629500006172
lambda.x,0.02,11.3107,0.0,0.3675629500006172
lambda.x,0.02,11.3177,0.0,0.3675629500006172
lambda.x,0.02,11.3247,0.0,0.3675629500006172
lambda.x,0.02,11.3317,0.0,0.3675629500006172
lambda.x,0.02,11.3387,0.0,0.3675629500006172
lambda.x,0.02,11.3457,0.0,0.3675629500006172
lambda.x,0.02,11.3527,0.0,0.3675629500006172
lambda.x,0.02,11.3597,0.0,0.3675629500006172
lambda.x,0.02,11.3667,0.0,0.3675629500006172
lambda.x,0.02,11.3737,0.0,0.3675629500006172
lambda.x,0.02,11.3807,0.0,0.3675629500006172
lambda.x,0.02,11.3877,0.0,0.3675629500006172
lambda.x,0.02,11.3947,0.0,0.3675629500006172
lambda.x,0.02,11.4017,0.0,0.3675629500006172
lambda.x,0.02,11.4087,0.0,0.3675629500006172
lambda.x,0.02,11.4157,0.0,0.3675629500006172
lambda.x,0.02,11.4227,0.0,0.3675629500006172
lambda.x,0.02,11.4297,0.0,0.3675629500006172
lambda.x,0.02,11.4367,0.0,0.3675629500006172
lambda.x,0.02,11.4437,0.0,0.3675629500006172
lambda.x,0.02,11.4507,0.0,0.3675629500006172
lambda.x,0.02,11.4577,0.0,0.3675629500006172
lambda.x,0.02,11.4647,0.0,0.3675629500006172
lambda.x,0.02,11.4717,0.0,0.3675629500006172
lambda.x,0.02,11.4787,0.0,0.3675629500006172
lambda.x,0.02,11.4857,0.0,0.3675629500006172
lambda.x,0.02,11.4927,0.0,0.3675629500006172
lambda.x,0.02,11.4997,0.0,0.3675629500006172
lambda.x,0.02,11.5068,0.0,0.3675629500006172
lambda.x,0.02,11.5138,0.0,0.3675629500006172
lambda.x,0.02,11.5208,0.0,0.3675629500006172
lambda.x,0.02,11.5278,0.0,0.3675629500006172
lambda.x,0.02,11.5348,0.0,0.3675629500006172
lambda.x,0.02,11.5418,0.0,0.3675629500006172
lambda.x,0.02,11.5488,0.0,0.3675629500006172
lambda.x,0.02,11.5558,0.0,0.3675629500006172
lambda.x,0.02,11.5628,0.0,0.3675629500006172
lambda.x,0.02,11.5698,0.0,0.3675629500006172
lambda.x,0.02,11.5768,0.0,0.3675629500006172
lambda.x,0.02,11.5838,0.0,0.3675629500006172
lambda.x,0.02,11.5908,0.0,0.3675629500006172
lambda.x,0.02,11.5978,0.0,0.3675629500006172
lambda.x,0.02,11.6048,0.0,0.3675629500006172
lambda.x,0.02,11.6118,0.0,0.3675629500006172
lambda.x,0.02,11.6188,0.0,0.3675629500006172
lambda.x,0.02,11.6258,0.0,0.3675629500006172
lambda.x,0.02,11.6328,0.0,0.3675629500006172
lambda.x,0.02,11.6398,0.0,0.3675629500006172
lambda.x,0.02,11.6468,0.0,0.3675629500006172
lambda.x,0.02,11.6538,0.0,0.3675629500006172
lambda.x,0.02,11.6608,0.0,0.3675629500006172
lambda.x,0.02,11.6678,0.0,0.3675629500006172
lambda.x,0.02,11.6748,0.0,0.3675629500006172
lambda.x,0.02,11.6818,0.0,0.3675629500006172
lambda.x,0.02,11.6888,0.0,0.3675629500006172
lambda.x,0.02,11.6958,0.0,0.3675629500006172
lambda.x,0.02,11.7029,0.0,0.3675629500006172
lambda.x,0.02,11.7099,0.0,0.3675629500006172
lambda.x,0.02,11.7169,0.0,0.3675629500006172
lambda.x,0.02,11.7239,0.0,0.3675629500006172
lambda.x,0.02,11.7309,0.0,0.3675629500006172
lambda.x,0.02,11.7379,0.0,0.3675629500006172
lambda.x,0.02,11.7449,0.0,0.3675629500006172
lambda.x,0.02,11.7519,0.0,0.3675629500006172
lambda.x,0.02,11.7589,0.0,0.3675629500006172
lambda.x,0.02,11.7659,0.0,0.3675629500006172
lambda.x,0.02,11.7729,0.0,0.3675629500006172
lambda.x,0.02,11.7799,0.0,0.3675629500006172
lambda.x,0.02,11.7869,0.0,0.3675629500006172
lambda.x,0.02,11.7939,0.0,0.3675629500006172
lambda.x,0.02,11.8009,0.0,0.3675629500006172
lambda.x,0.02,11.8079,0.0,0.3675629500006172
lambda.x,0.02,11.8149,0.0,0.3675629500006172
lambda.x,0.02,11.8219,0.0,0.3675629500006172
lambda.x,0.02,11.8289,0.0,0.3675629500006172
lambda.x,0.02,11.8359,0.0,0.3675629500006172
lambda.x,0.02,11.8429,0.0,0.3675629500006172
lambda.x,0.02,11.8499,0.0,0.3675629500006172
lambda.x,0.02,11.8569,0.0,0.3675629500006172
lambda.x,0.02,11.8639,0.0,0.3675629500006172
lambda.x,0.02,11.8709,0.0,0.3675629500006172
lambda.x,0.02,11.8779,0.0,0.3675629500006172
lambda.x,0.02,11.8849,0.0,0.3675629500006172
lambda.x,0.02,11.8919,0.0,0.3675629500006172
lambda.x,0.02,11.8989,0.0,0.3675629500006172
lambda.x,0.02,11.906,0.0,0.3675629500006172
lambda.x,0.02,11.913,0.0,0.3675629500006172
lambda.x,0.02,11.92,0.0,0.3675629500006172
lambda.x,0.02,11.927,0.0,0.3675629500006172
lambda.x,0.02,11.934,0.0,0.3675629500006172
lambda.x,0.02,11.941,0.0,0.3675629500006172
lambda.x,0.02,11.948,0.0,0.3675629500006172
lambda.x,0.02,11.955,0.0,0.3675629500006172
lambda.x,0.02,11.962,0.0,0.3675629500006172
lambda.x,0.02,11.969,0.0,0.3675629500006172
lambda.x,0.02,11.976,0.0,0.3675629500006172
lambda.x,0.02,11.983,0.0,0.3675629500006172
lambda.x,0.02,11.99,0.0,0.3675629500006172
lambda.x,0.02,11.997,0.0,0.3675629500006172
lambda.x,0.02,12.004,0.0,0.3675629500006172
lambda.x,0.02,12.011,0.0,0.3675629500006172
lambda.x,0.02,12.018,0.0,0.3675629500006172
lambda.x,0.02,12.025,0.0,0.3675629500006172
lambda.x,0.02,12.032,0.0,0.3675629500006172
lambda.x,0.02,12.039,0.0,0.3675629500006172
lambda.x,0.02,12.046,0.0,0.3675629500006172
lambda.x,0.02,12.053,0.0,0.3675629500006172
lambda.x,0.02,12.06,0.0,0.3675629500006172
lambda.x,0.02,12.067,0.0,0.3675629500006172
lambda.x,0.02,12.074,0.0,0.3675629500006172
lambda.x,0.02,12.081,0.0,0.3675629500006172
lambda.x,0.02,12.088,0.0,0.3675629500006172
lambda.x,0.02,12.095,0.0,0.3675629500006172
lambda.x,0.02,12.1021,0.0,0.3675629500006172
lambda.x,0.02,12.1091,0.0,0.3675629500006172
lambda.x,0.02,12.1161,0.0,0.3675629500006172
lambda.x,0.02,12.1231,0.0,0.3675629500006172
lambda.x,0.02,12.1301,0.0,0.3675629500006172
lambda.x,0.02,12.1371,0.0,0.3675629500006172
lambda.x,0.02,12.1441,0.0,0.3675629500006172
lambda.x,0.02,12.1511,0.0,0.3675629500006172
lambda.x,0.02,12.1581,0.0,0.3675629500006172
lambda.x,0.02,12.1651,0.0,0.3675629500006172
lambda.x,0.02,12.1721,0.0,0.3675629500006172
lambda.x,0.02,12.1791,0.0,0.3675629500006172
lambda.x,0.02,12.1861,0.0,0.3675629500006172
lambda.x,0.02,12.1931,0.0,0.3675629500006172
lambda.x,0.02,12.2001,0.0,0.3675629500006172
lambda.x,0.02,12.2071,0.0,0.3675629500006172
lambda.x,0.02,12.2141,0.0,0.3675629500006172
lambda.x,0.02,12.2211,0.0,0.3675629500006172
lambda.x,0.02,12.2281,0.0,0.3675629500006172
lambda.x,0.02,12.2351,0.0,0.3675629500006172
lambda.x,0.02,12.2421,0.0,0.3675629500006172
lambda.x,0.02,12.2491,0.0,0.3675629500006172
lambda.x,0.02,12.2561,0.0,0.3675629500006172
lambda.x,0.02,12.2631,0.0,0.3675629500006172
lambda.x,0.02,12.2701,0.0,0.3675629500006172
lambda.x,0.02,12.2771,0.0,0.3675629500006172
lambda.x,0.02,12.2841,0.0,0.3675629500006172
lambda.x,0.02,12.2911,0.0,0.3675629500006172
lambda.x,0.02,12.2981,0.0,0.3675629500006172
lambda.x,0.02,12.3052,0.0,0.3675629500006172
lambda.x,0.02,12.3122,0.0,0.3675629500006172
lambda.x,0.02,12.3192,0.0,0.3675629500006172
lambda.x,0.02,12.3262,0.0,0.3675629500006172
lambda.x,0.02,12.3332,0.0,0.3675629500006172
lambda.x,0.02,12.3402,0.0,0.3675629500006172
lambda.x,0.02,12.3472,0.0,0.3675629500006172
lambda.x,0.02,12.3542,0.0,0.3675629500006172
lambda.x,0.02,12.3612,0.0,0.3675629500006172
lambda.x,0.02,12.3682,0.0,0.3675629500006172
lambda.x,0.02,12.3752,0.0,0.3675629500006172
lambda.x,0.02,12.3822,0.0,0.3675629500006172
lambda.x,0.02,12.3892,0.0,0.3675629500006172
lambda.x,0.02,12.3962,0.0,0.3675629500006172
lambda.x,0.02,12.4032,0.0,0.3675629500006172
lambda.x,0.02,12.4102,0.0,0.3675629500006172
lambda.x,0.02,12.4172,0.0,0.3675629500006172
lambda.x,0.02,12.4242,0.0,0.3675629500006172
lambda.x,0.02,12.4312,0.0,0.3675629500006172
lambda.x,0.02,12.4382,0.0,0.3675629500006172
lambda.x,0.02,12.4452,0.0,0.3675629500006172
lambda.x,0.02,12.4522,0.0,0.3675629500006172
lambda.x,0.02,12.4592,0.0,0.3675629500006172
lambda.x,0.02,12.4662,0.0,0.3675629500006172
lambda.x,0.02,12.4732,0.0,0.3675629500006172
lambda.x,0.02,12.4802,0.0,0.3675629500006172
lambda.x,0.02,12.4872,0.0,0.3675629500006172
lambda.x,0.02,12.4942,0.0,0.3675629500006172
lambda.x,0.02,12.5013,0.0,0.3675629500006172
lambda.x,0.02,12.5083,0.0,0.3675629500006172
lambda.x,0.02,12.5153,0.0,0.3675629500006172
lambda.x,0.02,12.5223,0.0,0.3675629500006172
lambda.x,0.02,12.5293,0.0,0.3675629500006172
lambda.x,0.02,12.5363,0.0,0.3675629500006172
lambda.x,0.02,12.5433,0.0,0.3675629500006172
lambda.x,0.02,12.5503,0.0,0.3675629500006172
lambda.x,0.02,12.5573,0.0,0.3675629500006172
lambda.x,0.02,12.5643,0.0,0.3675629500006172
lambda.x,0.02,12.5713,0.0,0.3675629500006172
lambda.x,0.02,12.5783,0.0,0.3675629500006172
lambda.x,0.02,12.5853,0.0,0.3675629500006172
lambda.x,0.02,12.5923,0.0,0.3675629500006172
lambda.x,0.02,12.5993,0.0,0.3675629500006172
lambda.x,0.02,12.6063,0.0,0.3675629500006172
lambda.x,0.02,12.6133,0.0,0.3675629500006172
lambda.x,0.02,12.6203,0.0,0.3675629500006172
lambda.x,0.02,12.6273,0.0,0.3675629500006172
lambda.x,0.02,12.6343,0.0,0.3675629500006172
lambda.x,0.02,12.6413,0.0,0.3675629500006172
lambda.x,0.02,12.6483,0.0,0.3675629500006172
lambda.x,0.02,12.6553,0.0,0.3675629500006172
lambda.x,0.02,12.6623,0.0,0.3675629500006172
lambda.x,0.02,12.6693,0.0,0.3675629500006172
lambda.x,0.02,12.6763,0.0,0.3675629500006172
lambda.x,0.02,12.6833,0.0,0.3675629500006172
lambda.x,0.02,12.6903,0.0,0.3675629500006172
lambda.x,0.02,12.6973,0.0,0.3675629500006172
lambda.x,0.02,12.7044,0.0,0.3675629500006172
lambda.x,0.02,12.7114,0.0,0.3675629500006172
lambda.x,0.02,12.7184,0.0,0.3675629500006172
lambda.x,0.02,12.7254,0.0,0.3675629500006172
lambda.x,0.02,12.7324,0.0,0.3675629500006172
lambda.x,0.02,12.7394,0.0,0.3675629500006172
lambda.x,0.02,12.7464,0.0,0.3675629500006172
lambda.x,0.02,12.7534,0.0,0.3675629500006172
lambda.x,0.02,12.7604,0.0,0.3675629500006172
lambda.x,0.02,12.7674,0.0,0.3675629500006172
lambda.x,0.02,12.7744,0.0,0.3675629500006172
lambda.x,0.02,12.7814,0.0,0.3675629500006172
lambda.x,0.02,12.7884,0.0,0.3675629500006172
lambda.x,0.02,12.7954,0.0,0.3675629500006172
lambda.x,0.02,12.8024,0.0,0.3675629500006172
lambda.x,0.02,12.8094,0.0,0.3675629500006172
lambda.x,0.02,12.8164,0.0,0.3675629500006172
lambda.x,0.02,12.8234,0.0,0.3675629500006172
lambda.x,0.02,12.8304,0.0,0.3675629500006172
lambda.x,0.02,12.8374,0.0,0.3675629500006172
lambda.x,0.02,12.8444,0.0,0.3675629500006172
lambda.x,0.02,12.8514,0.0,0.3675629500006172
lambda.x,0.02,12.8584,0.0,0.3675629500006172
lambda.x,0.02,12.8654,0.0,0.3675629500006172
lambda.x,0.02,12.8724,0.0,0.3675629500006172
lambda.x,0.02,12.8794,0.0,0.3675629500006172
lambda.x,0.02,12.8864,0.0,0.3675629500006172
lambda.x,0.02,12.8934,0.0,0.3675629500006172
lambda.x,0.02,12.9005,0.0,0.3675629500006172
lambda.x,0.02,12.9075,0.0,0.3675629500006172
lambda.x,0.02,12.9145,0.0,0.3675629500006172
lambda.x,0.02,12.9215,0.0,0.3675629500006172
lambda.x,0.02,12.9285,0.0,0.3675629500006172
lambda.x,0.02,12.9355,0.0,0.3675629500006172
lambda.x,0.02,12.9425,0.0,0.3675629500006172
lambda.x,0.02,12.9495,0.0,0.3675629500006172
lambda.x,0.02,12.9565,0.0,0.3675629500006172
lambda.x,0.02,12.9635,0.0,0.3675629500006172
lambda.x,0.02,12.9705,0.0,0.3675629500006172
lambda.x,0.02,12.9775,0.0,0.3675629500006172
lambda.x,0.02,12.9845,0.0,0.3675629500006172
lambda.x,0.02,12.9915,0.0,0.3675629500006172
lambda.x,0.02,12.9985,0.0,0.3675629500006172
lambda.x,0.02,13.0055,0.0,0.3675629500006172
lambda.x,0.02,13.0125,0.0,0.3675629500006172
lambda.x,0.02,13.0195,0.0,0.3675629500006172
lambda.x,0.02,13.0265,0.0,0.3675629500006172
lambda.x,0.02,13.0335,0.0,0.3675629500006172
lambda.x,0.02,13.0405,0.0,0.3675629500006172
lambda.x,0.02,13.0475,0.0,0.3675629500006172
lambda.x,0.02,13.0545,0.0,0.3675629500006172
lambda.x,0.02,13.0615,0.0,0.3675629500006172
lambda.x,0.02,13.0685,0.0,0.3675629500006172
lambda.x,0.02,13.0755,0.0,0.3675629500006172
lambda.x,0.02,13.0825,0.0,0.3675629500006172
lambda.x,0.02,13.0895,0.0,0.3675629500006172
lambda.x,0.02,13.0965,0.0,0.3675629500006172
lambda.x,0.02,13.1036,0.0,0.3675629500006172
lambda.x,0.02,13.1106,0.0,0.3675629500006172
lambda.x,0.02,13.1176,0.0,0.3675629500006172
lambda.x,0.02,13.1246,0.0,0.3675629500006172
lambda.x,0.02,13.1316,0.0,0.3675629500006172
lambda.x,0.02,13.1386,0.0,0.3675629500006172
lambda.x,0.02,13.1456,0.0,0.3675629500006172
lambda.x,0.02,13.1526,0.0,0.3675629500006172
lambda.x,0.02,13.1596,0.0,0.3675629500006172
lambda.x,0.02,13.1666,0.0,0.3675629500006172
lambda.x,0.02,13.1736,0.0,0.3675629500006172
lambda.x,0.02,13.1806,0.0,0.3675629500006172
lambda.x,0.02,13.1876,0.0,0.3675629500006172
lambda.x,0.02,13.1946,0.0,0.3675629500006172
lambda.x,0.02,13.2016,0.0,0.3675629500006172
lambda.x,0.02,13.2086,0.0,0.3675629500006172
lambda.x,0.02,13.2156,0.0,0.3675629500006172
lambda.x,0.02,13.2226,0.0,0.3675629500006172
lambda.x,0.02,13.2296,0.0,0.3675629500006172
lambda.x,0.02,13.2366,0.0,0.3675629500006172
lambda.x,0.02,13.2436,0.0,0.3675629500006172
lambda.x,0.02,13.2506,0.0,0.3675629500006172
lambda.x,0.02,13.2576,0.0,0.3675629500006172
lambda.x,0.02,13.2646,0.0,0.3675629500006172
lambda.x,0.02,13.2716,0.0,0.3675629500006172
lambda.x,0.02,13.2786,0.0,0.3675629500006172
lambda.x,0.02,13.2856,0.0,0.3675629500006172
lambda.x,0.02,13.2926,0.0,0.3675629500006172
lambda.x,0.02,13.2996,0.0,0.3675629500006172
lambda.x,0.02,13.3067,0.0,0.3675629500006172
lambda.x,0.02,13.3137,0.0,0.3675629500006172
lambda.x,0.02,13.3207,0.0,0.3675629500006172
lambda.x,0.02,13.3277,0.0,0.3675629500006172
lambda.x,0.02,13.3347,0.0,0.3675629500006172
lambda.x,0.02,13.3417,0.0,0.3675629500006172
lambda.x,0.02,13.3487,0.0,0.3675629500006172
lambda.x,0.02,13.3557,0.0,0.3675629500006172
lambda.x,0.02,13.3627,0.0,0.3675629500006172
lambda.x,0.02,13.3697,0.0,0.3675629500006172
lambda.x,0.02,13.3767,0.0,0.3675629500006172
lambda.x,0.02,13.3837,0.0,0.3675629500006172
lambda.x,0.02,13.3907,0.0,0.3675629500006172
lambda.x,0.02,13.3977,0.0,0.3675629500006172
lambda.x,0.02,13.4047,0.0,0.3675629500006172
lambda.x,0.02,13.4117,0.0,0.3675629500006172
lambda.x,0.02,13.4187,0.0,0.3675629500006172
lambda.x,0.02,13.4257,0.0,0.3675629500006172
lambda.x,0.02,13.4327,0.0,0.3675629500006172
lambda.x,0.02,13.4397,0.0,0.3675629500006172
lambda.x,0.02,13.4467,0.0,0.3675629500006172
lambda.x,0.02,13.4537,0.0,0.3675629500006172
lambda.x,0.02,13.4607,0.0,0.3675629500006172
lambda.x,0.02,13.4677,0.0,0.3675629500006172
lambda.x,0.02,13.4747,0.0,0.3675629500006172
lambda.x,0.02,13.4817,0.0,0.3675629500006172
lambda.x,0.02,13.4887,0.0,0.3675629500006172
lambda.x,0.02,13.4957,0.0,0.3675629500006172
lambda.x,0.02,13.5028,0.0,0.3675629500006172
lambda.x,0.02,13.5098,0.0,0.3675629500006172
lambda.x,0.02,13.5168,0.0,0.3675629500006172
lambda.x,0.02,13.5238,0.0,0.3675629500006172
lambda.x,0.02,13.5308,0.0,0.3675629500006172
lambda.x,0.02,13.5378,0.0,0.3675629500006172
lambda.x,0.02,13.5448,0.0,0.3675629500006172
lambda.x,0.02,13.5518,0.0,0.3675629500006172
lambda.x,0.02,13.5588,0.0,0.3675629500006172
lambda.x,0.02,13.5658,0.0,0.3675629500006172
lambda.x,0.02,13.5728,0.0,0.3675629500006172
lambda.x,0.02,13.5798,0.0,0.3675629500006172
lambda.x,0.02,13.5868,0.0,0.3675629500006172
lambda.x,0.02,13.5938,0.0,0.3675629500006172
lambda.x,0.02,13.6008,0.0,0.3675629500006172
lambda.x,0.02,13.6078,0.0,0.3675629500006172
lambda.x,0.02,13.6148,0.0,0.3675629500006172
lambda.x,0.02,13.6218,0.0,0.3675629500006172
lambda.x,0.02,13.6288,0.0,0.3675629500006172
lambda.x,0.02,13.6358,0.0,0.3675629500006172
lambda.x,0.02,13.6428,0.0,0.3675629500006172
lambda.x,0.02,13.6498,0.0,0.3675629500006172
lambda.x,0.02,13.6568,0.0,0.3675629500006172
lambda.x,0.02,13.6638,0.0,0.3675629500006172
lambda.x,0.02,13.6708,0.0,0.3675629500006172
lambda.x,0.02,13.6778,0.0,0.3675629500006172
lambda.x,0.02,13.6848,0.0,0.3675629500006172
lambda.x,0.02,13.6918,0.0,0.3675629500006172
lambda.x,0.02,13.6988,0.0,0.3675629500006172
lambda.x,0.02,13.7059,0.0,0.3675629500006172
lambda.x,0.02,13.7129,0.0,0.3675629500006172
lambda.x,0.02,13.7199,0.0,0.3675629500006172
lambda.x,0.02,13.7269,0.0,0.3675629500006172
lambda.x,0.02,13.7339,0.0,0.3675629500006172
lambda.x,0.02,13.7409,0.0,0.3675629500006172
lambda.x,0.02,13.7479,0.0,0.3675629500006172
lambda.x,0.02,13.7549,0.0,0.3675629500006172
lambda.x,0.02,13.7619,0.0,0.3675629500006172
lambda.x,0.02,13.7689,0.0,0.3675629500006172
lambda.x,0.02,13.7759,0.0,0.3675629500006172
lambda.x,0.02,13.7829,0.0,0.3675629500006172
lambda.x,0.02,13.7899,0.0,0.3675629500006172
lambda.x,0.02,13.7969,0.0,0.3675629500006172
lambda.x,0.02,13.8039,0.0,0.3675629500006172
lambda.x,0.02,13.8109,0.0,0.3675629500006172
lambda.x,0.02,13.8179,0.0,0.3675629500006172
lambda.x,0.02,13.8249,0.0,0.3675629500006172
lambda.x,0.02,13.8319,0.0,0.3675629500006172
lambda.x,0.02,13.8389,0.0,0.3675629500006172
lambda.x,0.02,13.8459,0.0,0.3675629500006172
lambda.x,0.02,13.8529,0.0,0.3675629500006172
lambda.x,0.02,13.8599,0.0,0.3675629500006172
lambda.x,0.02,13.8669,0.0,0.3675629500006172
lambda.x,0.02,13.8739,0.0,0.3675629500006172
lambda.x,0.02,13.8809,0.0,0.3675629500006172
lambda.x,0.02,13.8879,0.0,0.3675629500006172
lambda.x,0.02,13.8949,0.0,0.3675629500006172
lambda.x,0.02,13.902,0.0,0.3675629500006172
lambda.x,0.02,13.909,0.0,0.3675629500006172
lambda.x,0.02,13.916,0.0,0.3675629500006172
lambda.x,0.02,13.923,0.0,0.3675629500006172
lambda.x,0.02,13.93,0.0,0.3675629500006172
lambda.x,0.02,13.937,0.0,0.3675629500006172
lambda.x,0.02,13.944,0.0,0.3675629500006172
lambda.x,0.02,13.951,0.0,0.3675629500006172
lambda.x,0.02,13.958,0.0,0.3675629500006172
lambda.x,0.02,13.965,0.0,0.3675629500006172
lambda.x,0.02,13.972,0.0,0.3675629500006172
lambda.x,0.02,13.979,0.0,0.3675629500006172
lambda.x,0.02,13.986,0.0,0.3675629500006172
lambda.x,0.02,13.993,0.0,0.3675629500006172
lambda.x,0.02,14.0,0.0,0.3675629500006172
matdyn.x,0.02,0.012451295155898528,7.583e-11,0.0
matdyn.x,0.02,0.03735385256927598,2.04745e-09,1.5166258652318507e-09
matdyn.x,0.02,0.062256640271590655,9.47895e-09,6.673204589415512e-09
matdyn.x,0.02,0.08715942797390532,2.60103e-08,1.7896346961393597e-08
matdyn.x,0.02,0.11206221567622,5.52813e-08,3.761265869540853e-08
matdyn.x,0.02,0.13696500337853465,1.00932e-07,6.824874489963921e-08
matdyn.x,0.02,0.16186746209665331,1.66602e-07,1.1223066177444465e-07
matdyn.x,0.02,0.18677024979896797,2.55932e-07,1.7198622976645208e-07
matdyn.x,0.02,0.21167303750128266,3.72562e-07,2.499415764226276e-07
matdyn.x,0.02,0.2365758252035973,5.20131e-07,3.485233200488452e-07
matdyn.x,0.02,0.261478612905912,7.02279e-07,4.701579864888078e-07
matdyn.x,0.02,0.2863810716240306,9.22646e-07,6.17270289041564e-07
matdyn.x,0.02,0.31128385932634534,1.18487e-06,7.922905530330173e-07
matdyn.x,0.02,0.33618566007607187,1.4926e-06,9.976359270879965e-07
matdyn.x,0.02,0.3610897637151707,1.84946e-06,1.235761319735611e-06
matdyn.x,0.02,0.3859905775123092,2.25911e-06,1.5090388808097545e-06
matdyn.x,0.02,0.4108946811514079,2.72517e-06,1.8199676835148755e-06
matdyn.x,0.02,0.43579878479050677,3.25129e-06,2.1709365758980443e-06
matdyn.x,0.02,0.46069959858764525,3.84111e-06,2.5643218491332308e-06
matdyn.x,0.02,0.48560370222674404,4.49827e-06,3.0026542932348646e-06
matdyn.x,0.02,0.5105045160238826,5.22641e-06,3.488244769144694e-06
matdyn.x,0.02,0.5354086196629813,6.02917e-06,4.023648404453265e-06
matdyn.x,0.02,0.56031272330208,6.91018e-06,4.6112257641103555e-06
matdyn.x,0.02,0.5852135370992186,7.8731e-06,5.2533206378497904e-06
matdyn.x,0.02,0.6101176407383174,8.92155e-06,5.952529536766867e-06
matdyn.x,0.02,0.6350184545354559,1.00592e-05,6.711094761739802e-06
matdyn.x,0.02,0.6599225581745547,1.12896e-05,7.531641676913508e-06
matdyn.x,0.02,0.6848233719716932,1.26165e-05,8.416379056321879e-06
matdyn.x,0.02,0.709727475610792,1.40435e-05,9.367969117049163e-06
matdyn.x,0.02,0.7346315792498908,2.0621e-05,1.055980542551267e-05
matdyn.x,0.02,0.7595323930470292,3.09304e-05,1.227280219969733e-05
matdyn.x,0.02,0.784436496686128,1.64376e-05,1.380882779979055e-05
matdyn.x,0.02,0.8093373104832666,1.1731e-06,1.4366708554351008e-05
matdyn.x,0.02,0.8342414141223653,9.16728e-06,1.46764712503385e-05
matdyn.x,0.02,0.8591422279195038,1.89601e-05,1.549962743614381e-05
matdyn.x,0.02,0.8840463315586027,2.14488e-05,1.6653452393698387e-05
matdyn.x,0.02,0.9089504351977014,2.4112e-05,1.791831627344294e-05
matdyn.x,0.02,0.93385124899484,2.69579e-05,1.9297690491435346e-05
matdyn.x,0.02,0.9587553526339386,2.99948e-05,2.0795736832573725e-05
matdyn.x,0.02,0.9836561664310772,3.32309e-05,2.241598769644823e-05
matdyn.x,0.02,1.008560270070176,3.66745e-05,2.416291756144933e-05
matdyn.x,0.02,1.0334643737092748,4.03338e-05,2.6040462376862934e-05
matdyn.x,0.02,1.0583651875064133,4.4217e-05,2.8052606139522423e-05
matdyn.x,0.02,1.083269291145512,4.83323e-05,3.0204212445655717e-05
matdyn.x,0.02,1.1081701049426507,5.26881e-05,3.24991263722672e-05
matdyn.x,0.02,1.1330742085817493,5.72925e-05,3.4942440691488135e-05
matdyn.x,0.02,1.1579750223788878,6.21539e-05,3.7538062010872415e-05
matdyn.x,0.02,1.1828791260179867,6.72803e-05,4.029128712670805e-05
matdyn.x,0.02,1.2077832296570854,7.65171e-05,4.3285551395288474e-05
matdyn.x,0.02,1.2326840434542239,8.33616e-05,4.6547045718396835e-05
matdyn.x,0.02,1.2575881470933226,8.92742e-05,4.9999115887286895e-05
matdyn.x,0.02,1.2824889608904613,9.48296e-05,5.360799751805016e-05
matdyn.x,0.02,1.30739306452956,0.000100602,5.736578754269869e-05
matdyn.x,0.02,1.3322938783266987,0.000107167,6.128483967940205e-05
matdyn.x,0.02,1.3571979819657973,0.000125056,6.558280837331338e-05
matdyn.x,0.02,1.382102085604896,0.000176954,7.106607672101431e-05
matdyn.x,0.02,1.4070028994020345,0.000223127,7.820304077051416e-05
matdyn.x,0.02,1.4319070030411334,0.000259291,8.666207017299437e-05
matdyn.x,0.02,1.4568078168382719,0.000290999,9.614509735649759e-05
matdyn.x,0.02,1.4817119204773705,0.000313436,0.00010638784440670146
matdyn.x,0.02,1.5066160241164692,0.000324938,0.00011702713797214103
matdyn.x,0.02,1.531516837913608,0.000323916,0.00012766412285478585
matdyn.x,0.02,1.5564209415527066,0.000308779,0.00013787207935625842
matdyn.x,0.02,1.5813217553498453,0.000319686,0.00014784620509795048
matdyn.x,0.02,1.606225858988944,0.00034176,0.0001581798107564247
matdyn.x,0.02,1.6311266727860825,0.000364801,0.00016904706811111549
matdyn.x,0.02,1.6560307764251812,0.000388785,0.0001804635797346413
matdyn.x,0.02,1.68093488006428,0.000413711,0.00019243968363871455
matdyn.x,0.02,1.7058356938614185,0.000439669,0.00020498629826027612
matdyn.x,0.02,1.7307397975005174,0.000466699,0.00021812064647687597
matdyn.x,0.02,1.7556406112976557,0.000494834,0.0002318536123576064
matdyn.x,0.02,1.7805447149367546,0.000524107,0.0002462035030617976
matdyn.x,0.02,1.805445528733893,0.000560663,0.00026126580679703337
matdyn.x,0.02,1.8303496323729918,0.000592236,0.00027705760800508154
matdyn.x,0.02,1.8552537360120906,0.000618751,0.0002934215287259999
matdyn.x,0.02,1.8801545498092291,0.000650137,0.0003103367012858046
matdyn.x,0.02,1.905058653448328,0.000687318,0.00032793331504893657
matdyn.x,0.02,1.9299594672454663,0.000726306,0.00034628815306194044
matdyn.x,0.02,1.9548635708845652,0.000767266,0.0003654350025474653
matdyn.x,0.02,1.979767674523664,0.000810368,0.0003854035016785674
matdyn.x,0.02,2.004668488320802,0.000855284,0.00040621985740116703
matdyn.x,0.02,2.029572591959901,0.000900512,0.00042789493213134553
matdyn.x,0.02,2.0544734057570397,0.000943997,0.00045038482593409484
matdyn.x,0.02,2.0793775093961386,0.000992672,0.00047371680084290247
matdyn.x,0.02,2.104278323193277,0.00104697,0.0004979934140685031
matdyn.x,0.02,2.129182426832376,0.00110452,0.0005233033700831751
matdyn.x,0.02,2.1540865304714747,0.00116493,0.0005496905905293043
matdyn.x,0.02,2.178987344268613,0.00122796,0.0005771897092420855
matdyn.x,0.02,2.203891447907712,0.001303,0.0006059482988050135
matdyn.x,0.02,2.2287922617048506,0.00138311,0.0006361228990498345
matdyn.x,0.02,2.2536963653439495,0.00146569,0.0006677738768606573
matdyn.x,0.02,2.278600468983048,0.0015507,0.0007009187156469664
matdyn.x,0.02,2.3035012827801866,0.00163561,0.0007355458667457494
matdyn.x,0.02,2.3284053864192855,0.00171906,0.0007716158034776016
matdyn.x,0.02,2.353306200216424,0.00180098,0.0008090565935639782
matdyn.x,0.02,2.3782103038555227,0.00189104,0.0008479182103232846
matdyn.x,0.02,2.403111117652661,0.00199174,0.0008883563805947033
matdyn.x,0.02,2.42801522129176,0.00207724,0.000930303541024736
matdyn.x,0.02,2.4529193249308587,0.00217004,0.0009736418246225123
matdyn.x,0.02,2.477820138727997,0.00227069,0.0010184902513610708
matdyn.x,0.02,2.502724242367096,0.00237539,0.001064949555280482
matdyn.x,0.02,2.5276250561642346,0.00248335,0.0011130480986823491
matdyn.x,0.02,2.552529159803333,0.00259449,0.0011628294708360327
matdyn.x,0.02,2.5774299736004718,0.00269676,0.0012141933006405794
matdyn.x,0.02,2.6023340772395707,0.00280514,0.0012670953542704803
matdyn.x,0.02,2.627238180878669,0.00291761,0.001321596887197348
matdyn.x,0.02,2.652138994675808,0.00303547,0.0013777497199267315
matdyn.x,0.02,2.6770430983149067,0.0031692,0.0014357359371994847
matdyn.x,0.02,2.7019439121120454,0.00331357,0.001495752094716018
matdyn.x,0.02,2.726848015751144,0.00346509,0.0015579400346113319
matdyn.x,0.02,2.751752119390243,0.0036237,0.0016223819169863985
matdyn.x,0.02,2.7766529331873815,0.00378913,0.001689153685004067
matdyn.x,0.02,2.80155703682648,0.00395733,0.001758317014219737
matdyn.x,0.02,2.826457850623618,0.0041288,0.0018298648944469523
matdyn.x,0.02,2.851361954262717,0.00430299,0.0019038267992847633
matdyn.x,0.02,2.876262768059856,0.00448068,0.0019801954300459955
matdyn.x,0.02,2.9011668716989543,0.00467096,0.0020590876755705173
matdyn.x,0.02,2.926070975338053,0.00487567,0.002140681330500042
matdyn.x,0.02,2.950971789135192,0.00507055,0.002224959382361258
matdyn.x,0.02,2.9758758927742903,0.00527012,0.0023118550793021146
matdyn.x,0.02,3.000776706571429,0.00548274,0.002401449563622008
matdyn.x,0.02,3.025680810210528,0.0057196,0.0024940295322098227
matdyn.x,0.02,3.0505816240076666,0.0059557,0.002589715083588248
matdyn.x,0.02,3.075485727646765,0.0061981,0.0026885256053443126
matdyn.x,0.02,3.100389831285864,0.0064476,0.002790506250835927
matdyn.x,0.02,3.1252906450830027,0.00670816,0.002895737613421646
matdyn.x,0.02,3.150194748722101,0.00696975,0.003004291957137032
matdyn.x,0.02,3.17509556251924,0.00723753,0.0031161451841169377
matdyn.x,0.02,3.1999996661583388,0.00753488,0.0032315537551304186
matdyn.x,0.02,3.2249037697974376,0.00784674,0.0033507901336407332
matdyn.x,0.02,3.249804583594576,0.00817333,0.0034740041479919674
matdyn.x,0.02,3.274708687233675,0.00850809,0.0036013423954990064
matdyn.x,0.02,3.2996127908727733,0.00884395,0.0037327967272986805
matdyn.x,0.02,3.3245168945118726,0.00919568,0.0038684324270499082
matdyn.x,0.02,3.349420998150971,0.00955992,0.004008398985988051
matdyn.x,0.02,3.3743251017900695,0.00995865,0.0041529798108365865
matdyn.x,0.02,3.399229205429169,0.0103446,0.004302267973249806
matdyn.x,0.02,3.4241333090682673,0.0107378,0.004456153840235462
matdyn.x,0.02,3.4490374127073657,0.0111416,0.004614700043401333
matdyn.x,0.02,3.473941516346465,0.0115677,0.004778075928681931
matdyn.x,0.02,3.4988456199855635,0.01205,0.004946772388237069
matdyn.x,0.02,3.523749723624662,0.012524,0.0051210553268685255
matdyn.x,0.02,3.5486538272637613,0.0129898,0.005300729844818676
matdyn.x,0.02,3.5735250324832575,0.0134842,0.005485618595640377
matdyn.x,0.02,3.5984291361223564,0.0139432,0.005676089236848319
matdyn.x,0.02,3.623333239761455,0.0144907,0.005872186022125468
matdyn.x,0.02,3.648237343400554,0.0150603,0.00607459104788327
matdyn.x,0.02,3.6731414470396526,0.0156335,0.00628339375702258
matdyn.x,0.02,3.698045550678751,0.0162125,0.006498571155185566
matdyn.x,0.02,3.7229496543178504,0.016802,0.006720146967651476
matdyn.x,0.02,3.747853757956949,0.0174224,0.006948311443102506
matdyn.x,0.02,3.7727578615960473,0.0180862,0.0071834691279060335
matdyn.x,0.02,3.7976619652351467,0.018769,0.0074259390924908495
matdyn.x,0.02,3.822566068874245,0.0194778,0.007675919736173155
matdyn.x,0.02,3.8474701725133436,0.0202118,0.007933646022756214
matdyn.x,0.02,3.872374276152442,0.0210595,0.008199912352567135
matdyn.x,0.02,3.8972783797915413,0.0219623,0.008475692584777875
matdyn.x,0.02,3.92218248343064,0.0228809,0.008761317946141819
matdyn.x,0.02,3.9470865870697387,0.0236471,0.009055802564916771
matdyn.x,0.02,3.9719906907088376,0.0246,0.009359243985921714
matdyn.x,0.02,3.9968947943479365,0.025575,0.009672838583843135
matdyn.x,0.02,4.0217988979870345,0.0265533,0.009996618363800079
matdyn.x,0.02,4.046703001626134,0.0275505,0.010330594321667755
matdyn.x,0.02,4.071607105265232,0.0286387,0.01067531426322246
matdyn.x,0.02,4.096511208904332,0.0297738,0.01103148889998058
matdyn.x,0.02,4.12141531254343,0.0309653,0.011399605311060868
matdyn.x,0.02,4.146286517762927,0.0322129,0.011779696147722864
matdyn.x,0.02,4.171190621402025,0.033715,0.012174474020304861
matdyn.x,0.02,4.196094725041124,0.0354615,0.012586235889928389
matdyn.x,0.02,4.220998828680223,0.0367295,0.013013408153072434
matdyn.x,0.02,4.245902932319321,0.038318,0.013454866098174107
matdyn.x,0.02,4.27080703595842,0.0399573,0.013912618793575929
matdyn.x,0.02,4.295711139597519,0.0416947,0.01438734171510567
matdyn.x,0.02,4.320615243236618,0.043533,0.014879988995835824
matdyn.x,0.02,4.345519346875716,0.0454911,0.01539162277244598
matdyn.x,0.02,4.370423450514815,0.0476511,0.01592386312556339
matdyn.x,0.02,4.395327554153914,0.0507452,0.016482919048686935
matdyn.x,0.02,4.420231657793012,0.0529671,0.017068866257951062
matdyn.x,0.02,4.445135761432112,0.0557016,0.017679360215045178
matdyn.x,0.02,4.47003986507121,0.0588446,0.018319274482858264
matdyn.x,0.02,4.494943968710309,0.0624837,0.018993306733049636
matdyn.x,0.02,4.519848072349408,0.0668096,0.01970761288233122
matdyn.x,0.02,4.544752175988507,0.0724609,0.02047279752974885
matdyn.x,0.02,4.569656279627606,0.0808799,0.02131065130982822
matdyn.x,0.02,4.594560383266705,0.0889788,0.022233733324241445
matdyn.x,0.02,4.6194644869058035,0.0905292,0.02320408324115957
matdyn.x,0.02,4.644368590544902,0.0960651,0.024207259075441828
matdyn.x,0.02,4.669272694184001,0.0969319,0.025239378262036795
matdyn.x,0.02,4.6941767978231,0.0953513,0.026262244742310613
matdyn.x,0.02,4.719080901462198,0.0954021,0.027271581254501673
matdyn.x,0.02,4.743952106681694,0.0971721,0.02828382961660367
matdyn.x,0.02,4.768856210320793,0.0988435,0.02931013376136685
matdyn.x,0.02,4.793760313959892,0.100148,0.030346597773233595
matdyn.x,0.02,4.818664417598991,0.101266,0.031390246343475
matdyn.x,0.02,4.8435685212380895,0.101933,0.03243772259280152
matdyn.x,0.02,4.868472624877189,0.10272,0.03348728214468108
matdyn.x,0.02,4.893376728516287,0.103804,0.034541029138105084
matdyn.x,0.02,4.918280832155387,0.105448,0.035603268237886024
matdyn.x,0.02,4.943184935794485,0.106612,0.036674331062800734
matdyn.x,0.02,4.9680890394335835,0.107458,0.03775011651662307
matdyn.x,0.02,4.992993143072683,0.10831,0.038829013181645625
matdyn.x,0.02,5.017897246711781,0.108862,0.03990953110912699
matdyn.x,0.02,5.04280135035088,0.110038,0.0409932469447403
matdyn.x,0.02,5.067705453989979,0.111075,0.04208252782282737
matdyn.x,0.02,5.0926095576290775,0.112303,0.043177570115901585
matdyn.x,0.02,5.117513661268176,0.11376,0.04428036608602503
matdyn.x,0.02,5.142417764907275,0.115345,0.04539257478028288
matdyn.x,0.02,5.167321868546374,0.116934,0.046514744429066036
matdyn.x,0.02,5.192225972185472,0.11848,0.047646592279606534
matdyn.x,0.02,5.2171300758245716,0.119998,0.04878768580138035
matdyn.x,0.02,5.24203417946367,0.121197,0.04993628775213049
matdyn.x,0.02,5.2669382831027685,0.122494,0.05109127478401858
matdyn.x,0.02,5.291842386741868,0.124109,0.05225454659783082
matdyn.x,0.02,5.316746490380966,0.125486,0.05342640716687688
matdyn.x,0.02,5.341617695600463,0.126887,0.05460421896501582
matdyn.x,0.02,5.366521799239561,0.128513,0.05579218411958705
matdyn.x,0.02,5.391425902878661,0.130259,0.05699025995356253
matdyn.x,0.02,5.416330006517759,0.132045,0.05819909150920938
matdyn.x,0.02,5.4412341101568575,0.133794,0.05941859467937193
matdyn.x,0.02,5.466138213795957,0.135551,0.060648539098161834
matdyn.x,0.02,5.491042317435055,0.137151,0.061888154228887236
matdyn.x,0.02,5.515946421074154,0.138915,0.063137380922431
matdyn.x,0.02,5.540850524713253,0.140708,0.0643970033897146
matdyn.x,0.02,5.565754628352352,0.142462,0.06566688422905986
matdyn.x,0.02,5.59065873199145,0.144516,0.0669480937090139
matdyn.x,0.02,5.615562835630549,0.146817,0.06824296293219326
matdyn.x,0.02,5.640466939269648,0.149,0.06955194543343601
matdyn.x,0.02,5.665371042908746,0.151162,0.0708743035348765
matdyn.x,0.02,5.690275146547845,0.153465,0.07221044468568691
matdyn.x,0.02,5.715179250186944,0.15562,0.07356022069967043
matdyn.x,0.02,5.7400833538260425,0.15804,0.07492401781417328
matdyn.x,0.02,5.764987457465141,0.160989,0.07630514960601018
matdyn.x,0.02,5.78989156110424,0.162645,0.07770019030133381
matdyn.x,0.02,5.814795664743339,0.164873,0.07910590861937777
matdyn.x,0.02,5.839699768382437,0.167712,0.08052726883082005
matdyn.x,0.02,5.8646038720215365,0.170479,0.08196643778600775
matdyn.x,0.02,5.889507975660635,0.173338,0.08342334782601143
matdyn.x,0.02,5.914412079299734,0.176238,0.0848984109017425
matdyn.x,0.02,5.93928328451923,0.178854,0.08638848941278174
matdyn.x,0.02,5.964187388158329,0.183135,0.08790314479756547
matdyn.x,0.02,5.989091491797428,0.184691,0.08943583485603057
matdyn.x,0.02,6.013995595436526,0.187072,0.09097849484679012
matdyn.x,0.02,6.038899699075626,0.189939,0.09253646301014751
matdyn.x,0.02,6.063803802714724,0.193224,0.09411333434678375
matdyn.x,0.02,6.0887079063538225,0.195997,0.09570857647274483
matdyn.x,0.02,6.113612009992922,0.198824,0.09732016516035673
matdyn.x,0.02,6.13851611363202,0.205056,0.09896200164168768
matdyn.x,0.02,6.163420217271119,0.207135,0.10063087463226035
matdyn.x,0.02,6.188324320910218,0.210941,0.10231673515457274
matdyn.x,0.02,6.213228424549317,0.21437,0.10402488584596135
matdyn.x,0.02,6.238132528188416,0.218298,0.1057556293689762
matdyn.x,0.02,6.263036631827514,0.22766,0.1075323854004924
matdyn.x,0.02,6.287940735466614,0.229276,0.10934571771960153
matdyn.x,0.02,6.312844839105712,0.230624,0.11116360051512182
matdyn.x,0.02,6.3377489427448115,0.248586,0.11305022518174672
matdyn.x,0.02,6.36265304638391,0.22593,0.11491135485060408
matdyn.x,0.02,6.387557150023008,0.207608,0.11660510068812623
matdyn.x,0.02,6.412461253662108,0.203856,0.1182062488064828
matdyn.x,0.02,6.437365357301207,0.195498,0.11975428435203253
matdyn.x,0.02,6.462269460940305,0.190787,0.12124585278353305
matdyn.x,0.02,6.487173564579404,0.186757,0.12269805774394932
matdyn.x,0.02,6.5120776682185015,0.183928,0.12411840824747537
matdyn.x,0.02,6.536948873437998,0.181228,0.12551039419646487
matdyn.x,0.02,6.5618529770770975,0.179625,0.1268825546426736
matdyn.x,0.02,6.586757080716196,0.17887,0.12824057868271993
matdyn.x,0.02,6.611661184355294,0.179108,0.12959151961986756
matdyn.x,0.02,6.636565287994394,0.175184,0.13092355294313293
matdyn.x,0.02,6.661469391633492,0.173065,0.13222794996789863
matdyn.x,0.02,6.6863734952725915,0.171183,0.13351254782165514
matdyn.x,0.02,6.71127759891169,0.170654,0.13478339715491136
matdyn.x,0.02,6.736181702550788,0.172731,0.13605525512783048
matdyn.x,0.02,6.761085806189888,0.168702,0.13731525785039195
matdyn.x,0.02,6.785989909828987,0.168336,0.1385544440158563
matdyn.x,0.02,6.810894013468085,0.166097,0.13977956062515917
matdyn.x,0.02,6.835798117107184,0.161961,0.140976950517993
matdyn.x,0.02,6.860702220746283,0.160957,0.14215127318329018
matdyn.x,0.02,6.885606324385381,0.161643,0.14332017743506023
matdyn.x,0.02,6.91051042802448,0.163,0.14449223307987574
matdyn.x,0.02,6.93541453166358,0.164428,0.14567009057725858
matdyn.x,0.02,6.960318635302677,0.1658,0.14685376291988628
matdyn.x,0.02,6.9852227389417765,0.167114,0.1480428014144424
matdyn.x,0.02,7.010126842580876,0.168837,0.14923841408694136
matdyn.x,0.02,7.035030946219973,0.17024,0.15044087453225496
matdyn.x,0.02,7.059935049859073,0.171823,0.15164963648935983
matdyn.x,0.02,7.084839153498172,0.173871,0.1528669250748617
matdyn.x,0.02,7.109710358717668,0.176023,0.15409306027658132
matdyn.x,0.02,7.134614462356767,0.178042,0.15533111270928832
matdyn.x,0.02,7.159518565995865,0.179663,0.15657753725019702
matdyn.x,0.02,7.184422669634964,0.181447,0.15783145633538814
matdyn.x,0.02,7.209326773274063,0.183406,0.15909398765151758
matdyn.x,0.02,7.234230876913161,0.185249,0.1603652769979405
matdyn.x,0.02,7.25913498055226,0.186894,0.16164418555533255
matdyn.x,0.02,7.28403908419136,0.188599,0.16293018698193357
matdyn.x,0.02,7.308943187830457,0.190069,0.16422263727480424
matdyn.x,0.02,7.3338472914695565,0.1914,0.16552021981259962
matdyn.x,0.02,7.358751395108656,0.192997,0.16682332799937286
matdyn.x,0.02,7.383655498747753,0.194487,0.16813246383007782
matdyn.x,0.02,7.408559602386853,0.196141,0.16944777710191813
matdyn.x,0.02,7.433463706025952,0.198056,0.17077065207047215
matdyn.x,0.02,7.45836780966505,0.200019,0.17210207285860352
matdyn.x,0.02,7.483271913304149,0.201612,0.17344091141944398
matdyn.x,0.02,7.508176016943248,0.203192,0.17478584397974875
matdyn.x,0.02,7.533080120582346,0.204857,0.17613706806585983
matdyn.x,0.02,7.557984224221445,0.206584,0.17749502745157247
matdyn.x,0.02,7.582888327860545,0.208354,0.17886002334239623
matdyn.x,0.02,7.607792431499642,0.21011,0.18023210498973968
matdyn.x,0.02,7.6326965351387415,0.211581,0.18161025034583608
matdyn.x,0.02,7.657600638777841,0.212993,0.18299329811185489
matdyn.x,0.02,7.682504742416939,0.21453,0.18438142977782856
matdyn.x,0.02,7.707375947636436,0.216576,0.18577482219973626
matdyn.x,0.02,7.732280051275535,0.218667,0.1871789054236361
matdyn.x,0.02,7.757184154914633,0.220449,0.18859092938319022
matdyn.x,0.02,7.782088258553732,0.221403,0.19000720138039245
matdyn.x,0.02,7.806992362192831,0.222109,0.19142425337754257
matdyn.x,0.02,7.831896465831929,0.222892,0.19284153413148641
matdyn.x,0.02,7.856800569471028,0.223865,0.19425988929187749
matdyn.x,0.02,7.881704673110128,0.224748,0.19567962994082055
matdyn.x,0.02,7.906608776749225,0.225771,0.19710090392710386
matdyn.x,0.02,7.931512880388325,0.228791,0.19853041294730037
matdyn.x,0.02,7.956416984027424,0.229426,0.19996691059102742
matdyn.x,0.02,7.9813210876665215,0.230332,0.2014037334989485
matdyn.x,0.02,8.00622519130562,0.233208,0.20284785312060305
matdyn.x,0.02,8.031129294944721,0.234108,0.20429922458775024
matdyn.x,0.02,8.056033398583818,0.2375,0.20575937913540748
matdyn.x,0.02,8.080937502222918,0.239347,0.20723120485499913
matdyn.x,0.02,8.105841605862016,0.236543,0.20869557887216417
matdyn.x,0.02,8.130745709501115,0.237005,0.21014826081061252
matdyn.x,0.02,8.155649813140213,0.237579,0.21159966789232845
matdyn.x,0.02,8.180553916779314,0.238665,0.2130517085821639
matdyn.x,0.02,8.20545802041841,0.238051,0.21450077811534526
matdyn.x,0.02,8.23036212405751,0.235469,0.2159357799053306
matdyn.x,0.02,8.255266227696609,0.227674,0.21733511763246566
matdyn.x,0.02,8.280170331335707,0.213922,0.21866536292373379
matdyn.x,0.02,8.305041536555205,0.200007,0.2199068852299928
matdyn.x,0.02,8.329945640194302,0.187941,0.22106852949417266
matdyn.x,0.02,8.354849743833402,0.177565,0.22215970323374917
matdyn.x,0.02,8.3797538474725,0.170379,0.22319534401325167
matdyn.x,0.02,8.404657951111599,0.171431,0.22420967226429314
matdyn.x,0.02,8.429562054750697,0.176012,0.22523765058926568
matdyn.x,0.02,8.454466158389797,0.18289,0.2262963907527148
matdyn.x,0.02,8.479370262028894,0.190654,0.2273950802660281
matdyn.x,0.02,8.504274365667994,0.199259,0.22853854983497424
matdyn.x,0.02,8.529178469307093,0.211785,0.22974044921096864
matdyn.x,0.02,8.554082572946191,0.227019,0.23101977057860537
matdyn.x,0.02,8.57898667658529,0.244738,0.23239116159401052
matdyn.x,0.02,8.60389078022439,0.269572,0.23388189678639623
matdyn.x,0.02,8.628794883863486,0.315018,0.23557137049986618
matdyn.x,0.02,8.653698987502587,0.352476,0.23749493895517543
matdyn.x,0.02,8.678603091141685,0.392388,0.23963531018387438
matdyn.x,0.02,8.703507194780784,0.436738,0.24201098257541698
matdyn.x,0.02,8.728411298419882,0.490088,0.2446589894167863
matdyn.x,0.02,8.753315402058982,0.559685,0.2476496824914464
matdyn.x,0.02,8.77821950569808,0.634194,0.2510412749089948
matdyn.x,0.02,8.80312360933718,0.669217,0.25473372457497184
matdyn.x,0.02,8.828027712976278,0.69228,0.258579885058708
matdyn.x,0.02,8.852931816615376,0.704087,0.2625134864283134
matdyn.x,0.02,8.877835920254476,0.69932,0.2664558796279359
matdyn.x,0.02,8.90270712547397,0.701262,0.27037411349229357
matdyn.x,0.02,8.92761122911307,0.711244,0.27431985540488213
matdyn.x,0.02,8.952515332752169,0.724174,0.27831841988439027
matdyn.x,0.02,8.977419436391267,0.738092,0.28238045505609516
matdyn.x,0.02,9.002323540030366,0.75945,0.286528932153247
matdyn.x,0.02,9.027227643669466,0.771924,0.29075944683197147
matdyn.x,0.02,9.052131747308565,0.778694,0.2950313451409686
matdyn.x,0.02,9.077035850947663,0.783761,0.2993240343802744
matdyn.x,0.02,9.101939954586761,0.807053,0.3036825941632927
matdyn.x,0.02,9.12684405822586,0.805919,0.3080898805062957
matdyn.x,0.02,9.15174816186496,0.811265,0.31249661061124145
matdyn.x,0.02,9.176652265504059,0.693186,0.3165854637140183
matdyn.x,0.02,9.201556369143157,0.62427,0.3201562629573515
matdyn.x,0.02,9.226460472782255,0.578363,0.32340697592124873
matdyn.x,0.02,9.251364576421356,0.541432,0.32642559753089934
matdyn.x,0.02,9.276268680060452,0.510531,0.32925372748833637
matdyn.x,0.02,9.301172783699553,0.484691,0.33192212712780494
matdyn.x,0.02,9.326076887338651,0.457436,0.33444142313656033
matdyn.x,0.02,9.35098099097775,0.435748,0.33682345855132056
matdyn.x,0.02,9.375885094616848,0.417932,0.3390940747606868
matdyn.x,0.02,9.400789198255948,0.397493,0.3412571989903761
matdyn.x,0.02,9.425693301895045,0.378357,0.3433098939673565
matdyn.x,0.02,9.450597405534145,0.359902,0.3452579797761117
matdyn.x,0.02,9.475501509173244,0.344704,0.3471123618498328
matdyn.x,0.02,9.50037271439274,0.328057,0.3488759642117156
matdyn.x,0.02,9.52527681803184,0.309699,0.3505456435735658
matdyn.x,0.02,9.550180921670938,0.295362,0.35212557878579714
matdyn.x,0.02,9.575085025310036,0.279464,0.3536226629204523
matdyn.x,0.02,9.599989128949135,0.261581,0.35502811687562996
matdyn.x,0.02,9.624893232588233,0.245165,0.35634106178117386
matdyn.x,0.02,9.649797336227332,0.234221,0.35757989367506465
matdyn.x,0.02,9.674701439866432,0.218365,0.35874647257520587
matdyn.x,0.02,9.69960554350553,0.201238,0.3598252623506114
matdyn.x,0.02,9.724509647144629,0.179107,0.3608006348113962
matdyn.x,0.02,9.749413750783727,0.157933,0.36166274841908347
matdyn.x,0.02,9.774317854422828,0.145641,0.36243725621251915
matdyn.x,0.02,9.799221958061924,0.119105,0.3631110345264525
matdyn.x,0.02,9.824126061701024,0.091935,0.36364678706231923
matdyn.x,0.02,9.849030165340123,0.0719628,0.36406180577454206
matdyn.x,0.02,9.873934268979221,0.0607048,0.3643968798413123
matdyn.x,0.02,9.89883837261832,0.0322238,0.3646310605064453
matdyn.x,0.02,9.92374247625742,0.00298134,0.36471961292990235
matdyn.x,0.02,9.948646579896517,0.0,0.36472709474440135
