route,sigma_Ry,frequency_THz,a2F,cumulative_lambda
lambda.x,0.005,0.0,0.0,0.0
lambda.x,0.005,0.007,0.0,0.0
lambda.x,0.005,0.014,0.0,0.0
lambda.x,0.005,0.021,0.0,0.0
lambda.x,0.005,0.028,0.0,0.0
lambda.x,0.005,0.035,0.0,0.0
lambda.x,0.005,0.042,0.0,0.0
lambda.x,0.005,0.049,0.0,0.0
lambda.x,0.005,0.056,0.0,0.0
lambda.x,0.005,0.063,0.0,0.0
lambda.x,0.005,0.07,0.0,0.0
lambda.x,0.005,0.077,0.0,0.0
lambda.x,0.005,0.084,0.0,0.0
lambda.x,0.005,0.091,0.0,0.0
lambda.x,0.005,0.098,0.0,0.0
lambda.x,0.005,0.1051,0.0,0.0
lambda.x,0.005,0.1121,0.0,0.0
lambda.x,0.005,0.1191,0.0,0.0
lambda.x,0.005,0.1261,0.0,0.0
lambda.x,0.005,0.1331,0.0,0.0
lambda.x,0.005,0.1401,0.0,0.0
lambda.x,0.005,0.1471,0.0,0.0
lambda.x,0.005,0.1541,0.0,0.0
lambda.x,0.005,0.1611,0.0,0.0
lambda.x,0.005,0.1681,0.0,0.0
lambda.x,0.005,0.1751,0.0,0.0
lambda.x,0.005,0.1821,0.0,0.0
lambda.x,0.005,0.1891,0.0,0.0
lambda.x,0.005,0.1961,0.0,0.0
lambda.x,0.005,0.2031,0.0,0.0
lambda.x,0.005,0.2101,0.0,0.0
lambda.x,0.005,0.2171,0.0,0.0
lambda.x,0.005,0.2241,0.0,0.0
lambda.x,0.005,0.2311,0.0,0.0
lambda.x,0.005,0.2381,0.0,0.0
lambda.x,0.005,0.2451,0.0,0.0
lambda.x,0.005,0.2521,0.0,0.0
lambda.x,0.005,0.2591,0.0,0.0
lambda.x,0.005,0.2661,0.0,0.0
lambda.x,0.005,0.2731,0.0,0.0
lambda.x,0.005,0.2801,0.0,0.0
lambda.x,0.005,0.2871,0.0,0.0
lambda.x,0.005,0.2941,0.0,0.0
lambda.x,0.005,0.3012,0.0,0.0
lambda.x,0.005,0.3082,0.0,0.0
lambda.x,0.005,0.3152,0.0,0.0
lambda.x,0.005,0.3222,0.0,0.0
lambda.x,0.005,0.3292,0.0,0.0
lambda.x,0.005,0.3362,0.0,0.0
lambda.x,0.005,0.3432,0.0,0.0
lambda.x,0.005,0.3502,0.0,0.0
lambda.x,0.005,0.3572,0.0,0.0
lambda.x,0.005,0.3642,0.0,0.0
lambda.x,0.005,0.3712,0.0,0.0
lambda.x,0.005,0.3782,0.0,0.0
lambda.x,0.005,0.3852,0.0,0.0
lambda.x,0.005,0.3922,0.0,0.0
lambda.x,0.005,0.3992,0.0,0.0
lambda.x,0.005,0.4062,0.0,0.0
lambda.x,0.005,0.4132,0.0,0.0
lambda.x,0.005,0.4202,0.0,0.0
lambda.x,0.005,0.4272,0.0,0.0
lambda.x,0.005,0.4342,0.0,0.0
lambda.x,0.005,0.4412,0.0,0.0
lambda.x,0.005,0.4482,0.0,0.0
lambda.x,0.005,0.4552,0.0,0.0
lambda.x,0.005,0.4622,0.0,0.0
lambda.x,0.005,0.4692,0.0,0.0
lambda.x,0.005,0.4762,0.0,0.0
lambda.x,0.005,0.4832,0.0,0.0
lambda.x,0.005,0.4902,0.0,0.0
lambda.x,0.005,0.4972,0.0,0.0
lambda.x,0.005,0.5043,0.0,0.0
lambda.x,0.005,0.5113,0.0,0.0
lambda.x,0.005,0.5183,0.0,0.0
lambda.x,0.005,0.5253,0.0,0.0
lambda.x,0.005,0.5323,0.0,0.0
lambda.x,0.005,0.5393,0.0,0.0
lambda.x,0.005,0.5463,0.0,0.0
lambda.x,0.005,0.5533,0.0,0.0
lambda.x,0.005,0.5603,0.0,0.0
lambda.x,0.005,0.5673,0.0,0.0
lambda.x,0.005,0.5743,0.0,0.0
lambda.x,0.005,0.5813,0.0,0.0
lambda.x,0.005,0.5883,0.0,0.0
lambda.x,0.005,0.5953,0.0,0.0
lambda.x,0.005,0.6023,0.0,0.0
lambda.x,0.005,0.6093,0.0,0.0
lambda.x,0.005,0.6163,0.0,0.0
lambda.x,0.005,0.6233,0.0,0.0
lambda.x,0.005,0.6303,0.0,0.0
lambda.x,0.005,0.6373,0.0,0.0
lambda.x,0.005,0.6443,0.0,0.0
lambda.x,0.005,0.6513,0.0,0.0
lambda.x,0.005,0.6583,0.0,0.0
lambda.x,0.005,0.6653,0.0,0.0
lambda.x,0.005,0.6723,0.0,0.0
lambda.x,0.005,0.6793,0.0,0.0
lambda.x,0.005,0.6863,0.0,0.0
lambda.x,0.005,0.6933,0.0,0.0
lambda.x,0.005,0.7004,0.0,0.0
lambda.x,0.005,0.7074,0.0,0.0
lambda.x,0.005,0.7144,0.0,0.0
lambda.x,0.005,0.7214,0.0,0.0
lambda.x,0.005,0.7284,0.0,0.0
lambda.x,0.005,0.7354,0.0,0.0
lambda.x,0.005,0.7424,0.0,0.0
lambda.x,0.005,0.7494,0.0,0.0
lambda.x,0.005,0.7564,0.0,0.0
lambda.x,0.005,0.7634,0.0,0.0
lambda.x,0.005,0.7704,0.0,0.0
lambda.x,0.005,0.7774,0.0,0.0
lambda.x,0.005,0.7844,0.0,0.0
lambda.x,0.005,0.7914,0.0,0.0
lambda.x,0.005,0.7984,0.0,0.0
lambda.x,0.005,0.8054,0.0,0.0
lambda.x,0.005,0.8124,0.0,0.0
lambda.x,0.005,0.8194,0.0,0.0
lambda.x,0.005,0.8264,0.0,0.0
lambda.x,0.005,0.8334,0.0,0.0
lambda.x,0.005,0.8404,0.0,0.0
lambda.x,0.005,0.8474,0.0,0.0
lambda.x,0.005,0.8544,0.0,0.0
lambda.x,0.005,0.8614,0.0,0.0
lambda.x,0.005,0.8684,0.0,0.0
lambda.x,0.005,0.8754,0.0,0.0
lambda.x,0.005,0.8824,0.0,0.0
lambda.x,0.005,0.8894,0.0,0.0
lambda.x,0.005,0.8964,0.0,0.0
lambda.x,0.005,0.9035,0.0,0.0
lambda.x,0.005,0.9105,0.0,0.0
lambda.x,0.005,0.9175,0.0,0.0
lambda.x,0.005,0.9245,0.0,0.0
lambda.x,0.005,0.9315,0.0,0.0
lambda.x,0.005,0.9385,0.0,0.0
lambda.x,0.005,0.9455,0.0,0.0
lambda.x,0.005,0.9525,0.0,0.0
lambda.x,0.005,0.9595,0.0,0.0
lambda.x,0.005,0.9665,0.0,0.0
lambda.x,0.005,0.9735,0.0,0.0
lambda.x,0.005,0.9805,0.0,0.0
lambda.x,0.005,0.9875,0.0,0.0
lambda.x,0.005,0.9945,0.0,0.0
lambda.x,0.005,1.0015,0.0,0.0
lambda.x,0.005,1.0085,0.0,0.0
lambda.x,0.005,1.0155,0.0,0.0
lambda.x,0.005,1.0225,0.0,0.0
lambda.x,0.005,1.0295,0.0,0.0
lambda.x,0.005,1.0365,0.0,0.0
lambda.x,0.005,1.0435,0.0,0.0
lambda.x,0.005,1.0505,0.0,0.0
lambda.x,0.005,1.0575,0.0,0.0
lambda.x,0.005,1.0645,0.0,0.0
lambda.x,0.005,1.0715,0.0,0.0
lambda.x,0.005,1.0785,0.0,0.0
lambda.x,0.005,1.0855,0.0,0.0
lambda.x,0.005,1.0925,0.0,0.0
lambda.x,0.005,1.0995,0.0,0.0
lambda.x,0.005,1.1066,0.0,0.0
lambda.x,0.005,1.1136,0.0,0.0
lambda.x,0.005,1.1206,0.0,0.0
lambda.x,0.005,1.1276,0.0,0.0
lambda.x,0.005,1.1346,0.0,0.0
lambda.x,0.005,1.1416,0.0,0.0
lambda.x,0.005,1.1486,0.0,0.0
lambda.x,0.005,1.1556,0.0,0.0
lambda.x,0.005,1.1626,0.0,0.0
lambda.x,0.005,1.1696,0.0,0.0
lambda.x,0.005,1.1766,0.0,0.0
lambda.x,0.005,1.1836,0.0,0.0
lambda.x,0.005,1.1906,0.0,0.0
lambda.x,0.005,1.1976,0.0,0.0
lambda.x,0.005,1.2046,0.0,0.0
lambda.x,0.005,1.2116,0.0,0.0
lambda.x,0.005,1.2186,0.0,0.0
lambda.x,0.005,1.2256,0.0,0.0
lambda.x,0.005,1.2326,0.0,0.0
lambda.x,0.005,1.2396,0.0,0.0
lambda.x,0.005,1.2466,0.0,0.0
lambda.x,0.005,1.2536,0.0,0.0
lambda.x,0.005,1.2606,0.0,0.0
lambda.x,0.005,1.2676,0.0,0.0
lambda.x,0.005,1.2746,0.0,0.0
lambda.x,0.005,1.2816,0.0,0.0
lambda.x,0.005,1.2886,0.0,0.0
lambda.x,0.005,1.2956,0.0,0.0
lambda.x,0.005,1.3027,0.0,0.0
lambda.x,0.005,1.3097,0.0,0.0
lambda.x,0.005,1.3167,0.0,0.0
lambda.x,0.005,1.3237,0.0,0.0
lambda.x,0.005,1.3307,0.0,0.0
lambda.x,0.005,1.3377,0.0,0.0
lambda.x,0.005,1.3447,0.0,0.0
lambda.x,0.005,1.3517,0.0,0.0
lambda.x,0.005,1.3587,0.0,0.0
lambda.x,0.005,1.3657,0.0,0.0
lambda.x,0.005,1.3727,0.0,0.0
lambda.x,0.005,1.3797,0.0,0.0
lambda.x,0.005,1.3867,0.0,0.0
lambda.x,0.005,1.3937,0.0,0.0
lambda.x,0.005,1.4007,0.0,0.0
lambda.x,0.005,1.4077,0.0,0.0
lambda.x,0.005,1.4147,0.0,0.0
lambda.x,0.005,1.4217,0.0,0.0
lambda.x,0.005,1.4287,0.0,0.0
lambda.x,0.005,1.4357,0.0,0.0
lambda.x,0.005,1.4427,0.0,0.0
lambda.x,0.005,1.4497,0.0,0.0
lambda.x,0.005,1.4567,0.0,0.0
lambda.x,0.005,1.4637,0.0,0.0
lambda.x,0.005,1.4707,0.0,0.0
lambda.x,0.005,1.4777,0.0,0.0
lambda.x,0.005,1.4847,0.0,0.0
lambda.x,0.005,1.4917,0.0,0.0
lambda.x,0.005,1.4987,0.0,0.0
lambda.x,0.005,1.5058,0.0,0.0
lambda.x,0.005,1.5128,0.0,0.0
lambda.x,0.005,1.5198,0.0,0.0
lambda.x,0.005,1.5268,0.0,0.0
lambda.x,0.005,1.5338,0.0,0.0
lambda.x,0.005,1.5408,0.0,0.0
lambda.x,0.005,1.5478,0.0,0.0
lambda.x,0.005,1.5548,0.0,0.0
lambda.x,0.005,1.5618,0.0,0.0
lambda.x,0.005,1.5688,0.0,0.0
lambda.x,0.005,1.5758,0.0,0.0
lambda.x,0.005,1.5828,0.0,0.0
lambda.x,0.005,1.5898,0.0,0.0
lambda.x,0.005,1.5968,0.0,0.0
lambda.x,0.005,1.6038,0.0,0.0
lambda.x,0.005,1.6108,0.0,0.0
lambda.x,0.005,1.6178,0.0,0.0
lambda.x,0.005,1.6248,0.0,0.0
lambda.x,0.005,1.6318,0.0,0.0
lambda.x,0.005,1.6388,0.0,0.0
lambda.x,0.005,1.6458,0.0,0.0
lambda.x,0.005,1.6528,0.0,0.0
lambda.x,0.005,1.6598,0.0,0.0
lambda.x,0.005,1.6668,0.0,0.0
lambda.x,0.005,1.6738,0.0,0.0
lambda.x,0.005,1.6808,0.0,0.0
lambda.x,0.005,1.6878,0.0,0.0
lambda.x,0.005,1.6948,0.0,0.0
lambda.x,0.005,1.7019,0.0,0.0
lambda.x,0.005,1.7089,0.0,0.0
lambda.x,0.005,1.7159,0.0,0.0
lambda.x,0.005,1.7229,0.0,0.0
lambda.x,0.005,1.7299,0.0,0.0
lambda.x,0.005,1.7369,0.0,0.0
lambda.x,0.005,1.7439,0.0,0.0
lambda.x,0.005,1.7509,0.0,0.0
lambda.x,0.005,1.7579,0.0,0.0
lambda.x,0.005,1.7649,0.0,0.0
lambda.x,0.005,1.7719,0.0,0.0
lambda.x,0.005,1.7789,0.0,0.0
lambda.x,0.005,1.7859,0.0,0.0
lambda.x,0.005,1.7929,0.0,0.0
lambda.x,0.005,1.7999,0.0,0.0
lambda.x,0.005,1.8069,0.0,0.0
lambda.x,0.005,1.8139,0.0,0.0
lambda.x,0.005,1.8209,0.0,0.0
lambda.x,0.005,1.8279,0.0,0.0
lambda.x,0.005,1.8349,0.0,0.0
lambda.x,0.005,1.8419,0.0,0.0
lambda.x,0.005,1.8489,0.0,0.0
lambda.x,0.005,1.8559,0.0,0.0
lambda.x,0.005,1.8629,0.0,0.0
lambda.x,0.005,1.8699,0.0,0.0
lambda.x,0.005,1.8769,0.0,0.0
lambda.x,0.005,1.8839,0.0,0.0
lambda.x,0.005,1.8909,0.0,0.0
lambda.x,0.005,1.8979,0.0,0.0
lambda.x,0.005,1.905,0.0,0.0
lambda.x,0.005,1.912,0.0,0.0
lambda.x,0.005,1.919,0.0,0.0
lambda.x,0.005,1.926,0.0,0.0
lambda.x,0.005,1.933,0.0,0.0
lambda.x,0.005,1.94,0.0,0.0
lambda.x,0.005,1.947,0.0,0.0
lambda.x,0.005,1.954,0.0,0.0
lambda.x,0.005,1.961,0.0,0.0
lambda.x,0.005,1.968,0.0,0.0
lambda.x,0.005,1.975,0.0,0.0
lambda.x,0.005,1.982,0.0,0.0
lambda.x,0.005,1.989,0.0,0.0
lambda.x,0.005,1.996,0.0,0.0
lambda.x,0.005,2.003,0.0,0.0
lambda.x,0.005,2.01,0.0,0.0
lambda.x,0.005,2.017,0.0,0.0
lambda.x,0.005,2.024,0.0,0.0
lambda.x,0.005,2.031,0.0,0.0
lambda.x,0.005,2.038,0.0,0.0
lambda.x,0.005,2.045,0.0,0.0
lambda.x,0.005,2.052,0.0,0.0
lambda.x,0.005,2.059,0.0,0.0
lambda.x,0.005,2.066,0.0,0.0
lambda.x,0.005,2.073,0.0,0.0
lambda.x,0.005,2.08,0.0,0.0
lambda.x,0.005,2.087,0.0,0.0
lambda.x,0.005,2.094,0.0,0.0
lambda.x,0.005,2.1011,0.0,0.0
lambda.x,0.005,2.1081,0.0,0.0
lambda.x,0.005,2.1151,0.0,0.0
lambda.x,0.005,2.1221,0.0,0.0
lambda.x,0.005,2.1291,0.0,0.0
lambda.x,0.005,2.1361,0.0,0.0
lambda.x,0.005,2.1431,0.0,0.0
lambda.x,0.005,2.1501,0.0,0.0
lambda.x,0.005,2.1571,0.0,0.0
lambda.x,0.005,2.1641,0.0,0.0
lambda.x,0.005,2.1711,0.0,0.0
lambda.x,0.005,2.1781,0.0,0.0
lambda.x,0.005,2.1851,0.0,0.0
lambda.x,0.005,2.1921,0.0,0.0
lambda.x,0.005,2.1991,0.0,0.0
lambda.x,0.005,2.2061,0.0,0.0
lambda.x,0.005,2.2131,0.0,0.0
lambda.x,0.005,2.2201,0.0,0.0
lambda.x,0.005,2.2271,0.0,0.0
lambda.x,0.005,2.2341,0.0,0.0
lambda.x,0.005,2.2411,0.0,0.0
lambda.x,0.005,2.2481,0.0,0.0
lambda.x,0.005,2.2551,0.0,0.0
lambda.x,0.005,2.2621,0.0,0.0
lambda.x,0.005,2.2691,0.0,0.0
lambda.x,0.005,2.2761,0.0,0.0
lambda.x,0.005,2.2831,0.0,0.0
lambda.x,0.005,2.2901,0.0,0.0
lambda.x,0.005,2.2971,0.0,0.0
lambda.x,0.005,2.3042,0.0,0.0
lambda.x,0.005,2.3112,0.0,0.0
lambda.x,0.005,2.3182,0.0,0.0
lambda.x,0.005,2.3252,0.0,0.0
lambda.x,0.005,2.3322,0.0,0.0
lambda.x,0.005,2.3392,0.0,0.0
lambda.x,0.005,2.3462,0.0,0.0
lambda.x,0.005,2.3532,0.0,0.0
lambda.x,0.005,2.3602,0.0,0.0
lambda.x,0.005,2.3672,0.0,0.0
lambda.x,0.005,2.3742,0.0,0.0
lambda.x,0.005,2.3812,0.0,0.0
lambda.x,0.005,2.3882,0.0,0.0
lambda.x,0.005,2.3952,0.0,0.0
lambda.x,0.005,2.4022,0.0,0.0
lambda.x,0.005,2.4092,0.0,0.0
lambda.x,0.005,2.4162,0.0,0.0
lambda.x,0.005,2.4232,0.0,0.0
lambda.x,0.005,2.4302,0.0,0.0
lambda.x,0.005,2.4372,0.0,0.0
lambda.x,0.005,2.4442,0.0,0.0
lambda.x,0.005,2.4512,0.0,0.0
lambda.x,0.005,2.4582,0.0,0.0
lambda.x,0.005,2.4652,0.0,0.0
lambda.x,0.005,2.4722,0.0,0.0
lambda.x,0.005,2.4792,0.0,0.0
lambda.x,0.005,2.4862,0.0,0.0
lambda.x,0.005,2.4932,0.0,0.0
lambda.x,0.005,2.5003,0.0,0.0
lambda.x,0.005,2.5073,0.0,0.0
lambda.x,0.005,2.5143,0.0,0.0
lambda.x,0.005,2.5213,0.0,0.0
lambda.x,0.005,2.5283,0.0,0.0
lambda.x,0.005,2.5353,0.0,0.0
lambda.x,0.005,2.5423,0.0,0.0
lambda.x,0.005,2.5493,0.0,0.0
lambda.x,0.005,2.5563,0.0,0.0
lambda.x,0.005,2.5633,0.0,0.0
lambda.x,0.005,2.5703,0.0,0.0
lambda.x,0.005,2.5773,0.0,0.0
lambda.x,0.005,2.5843,0.0,0.0
lambda.x,0.005,2.5913,0.0,0.0
lambda.x,0.005,2.5983,0.0,0.0
lambda.x,0.005,2.6053,0.0,0.0
lambda.x,0.005,2.6123,0.0,0.0
lambda.x,0.005,2.6193,0.0,0.0
lambda.x,0.005,2.6263,0.0,0.0
lambda.x,0.005,2.6333,0.0,0.0
lambda.x,0.005,2.6403,0.0,0.0
lambda.x,0.005,2.6473,0.0,0.0
lambda.x,0.005,2.6543,0.0,0.0
lambda.x,0.005,2.6613,0.0,0.0
lambda.x,0.005,2.6683,0.0,0.0
lambda.x,0.005,2.6753,0.0,0.0
lambda.x,0.005,2.6823,0.0,0.0
lambda.x,0.005,2.6893,0.0,0.0
lambda.x,0.005,2.6963,0.0,0.0
lambda.x,0.005,2.7034,0.0,0.0
lambda.x,0.005,2.7104,0.0,0.0
lambda.x,0.005,2.7174,0.0,0.0
lambda.x,0.005,2.7244,0.0,0.0
lambda.x,0.005,2.7314,0.0,0.0
lambda.x,0.005,2.7384,0.0,0.0
lambda.x,0.005,2.7454,0.0,0.0
lambda.x,0.005,2.7524,0.0,0.0
lambda.x,0.005,2.7594,0.0,0.0
lambda.x,0.005,2.7664,0.0,0.0
lambda.x,0.005,2.7734,0.0,0.0
lambda.x,0.005,2.7804,0.0,0.0
lambda.x,0.005,2.7874,0.0,0.0
lambda.x,0.005,2.7944,0.0,0.0
lambda.x,0.005,2.8014,0.0,0.0
lambda.x,0.005,2.8084,0.0,0.0
lambda.x,0.005,2.8154,0.0,0.0
lambda.x,0.005,2.8224,0.0,0.0
lambda.x,0.005,2.8294,0.0,0.0
lambda.x,0.005,2.8364,0.0,0.0
lambda.x,0.005,2.8434,0.0,0.0
lambda.x,0.005,2.8504,0.0,0.0
lambda.x,0.005,2.8574,0.0,0.0
lambda.x,0.005,2.8644,0.0,0.0
lambda.x,0.005,2.8714,0.0,0.0
lambda.x,0.005,2.8784,0.0,0.0
lambda.x,0.005,2.8854,0.0,0.0
lambda.x,0.005,2.8924,0.0,0.0
lambda.x,0.005,2.8994,0.0,0.0
lambda.x,0.005,2.9065,0.0,0.0
lambda.x,0.005,2.9135,0.0,0.0
lambda.x,0.005,2.9205,0.0,0.0
lambda.x,0.005,2.9275,0.0,0.0
lambda.x,0.005,2.9345,0.0,0.0
lambda.x,0.005,2.9415,0.0,0.0
lambda.x,0.005,2.9485,0.0,0.0
lambda.x,0.005,2.9555,0.0,0.0
lambda.x,0.005,2.9625,0.0,0.0
lambda.x,0.005,2.9695,0.0,0.0
lambda.x,0.005,2.9765,0.0,0.0
lambda.x,0.005,2.9835,0.0,0.0
lambda.x,0.005,2.9905,0.0,0.0
lambda.x,0.005,2.9975,0.0,0.0
lambda.x,0.005,3.0045,0.0,0.0
lambda.x,0.005,3.0115,0.0,0.0
lambda.x,0.005,3.0185,0.0,0.0
lambda.x,0.005,3.0255,0.0,0.0
lambda.x,0.005,3.0325,0.0,0.0
lambda.x,0.005,3.0395,0.0,0.0
lambda.x,0.005,3.0465,0.0,0.0
lambda.x,0.005,3.0535,0.0,0.0
lambda.x,0.005,3.0605,0.0,0.0
lambda.x,0.005,3.0675,0.0,0.0
lambda.x,0.005,3.0745,0.0,0.0
lambda.x,0.005,3.0815,0.0,0.0
lambda.x,0.005,3.0885,0.0,0.0
lambda.x,0.005,3.0955,0.0,0.0
lambda.x,0.005,3.1026,0.0,0.0
lambda.x,0.005,3.1096,0.0,0.0
lambda.x,0.005,3.1166,0.0,0.0
lambda.x,0.005,3.1236,0.0,0.0
lambda.x,0.005,3.1306,0.0,0.0
lambda.x,0.005,3.1376,0.0,0.0
lambda.x,0.005,3.1446,0.0,0.0
lambda.x,0.005,3.1516,0.0,0.0
lambda.x,0.005,3.1586,0.0,0.0
lambda.x,0.005,3.1656,0.0,0.0
lambda.x,0.005,3.1726,0.0,0.0
lambda.x,0.005,3.1796,0.0,0.0
lambda.x,0.005,3.1866,0.0,0.0
lambda.x,0.005,3.1936,0.0,0.0
lambda.x,0.005,3.2006,0.0,0.0
lambda.x,0.005,3.2076,0.0,0.0
lambda.x,0.005,3.2146,0.0,0.0
lambda.x,0.005,3.2216,1e-05,2.1728333747206724e-08
lambda.x,0.005,3.2286,1e-05,6.513789155437789e-08
lambda.x,0.005,3.2356,1e-05,1.0845343382425464e-07
lambda.x,0.005,3.2426,2e-05,1.7326298178807164e-07
lambda.x,0.005,3.2496,3e-05,2.810615497989909e-07
lambda.x,0.005,3.2566,4e-05,4.316641302104038e-07
lambda.x,0.005,3.2636,5e-05,6.248869071116942e-07
lambda.x,0.005,3.2706,7e-05,8.819500468240536e-07
lambda.x,0.005,3.2776,9e-05,1.2239834667760846e-06
lambda.x,0.005,3.2846,0.00013,1.6932477597508552e-06
lambda.x,0.005,3.2916,0.00017,2.3318245471326204e-06
lambda.x,0.005,3.2986,0.00023,3.1814367111312266e-06
lambda.x,0.005,3.3057,0.0003,4.320836812597966e-06
lambda.x,0.005,3.3127,0.0004,5.801335156700011e-06
lambda.x,0.005,3.3197,0.00052,7.743051764797749e-06
lambda.x,0.005,3.3267,0.00068,1.0270383773200933e-05
lambda.x,0.005,3.3337,0.00088,1.3549027901857855e-05
lambda.x,0.005,3.3407,0.00113,1.7764591878628216e-05
lambda.x,0.005,3.3477,0.00145,2.3164291484519183e-05
lambda.x,0.005,3.3547,0.00183,3.001474712186359e-05
lambda.x,0.005,3.3617,0.00231,3.8643336723214554e-05
lambda.x,0.005,3.3687,0.00289,4.945868699612369e-05
lambda.x,0.005,3.3757,0.00359,6.29083528395229e-05
lambda.x,0.005,3.3827,0.00442,7.949927449185364e-05
lambda.x,0.005,3.3897,0.00542,9.983854515835086e-05
lambda.x,0.005,3.3967,0.00659,0.00012461210452963545
lambda.x,0.005,3.4037,0.00796,0.0001545633534056115
lambda.x,0.005,3.4107,0.00956,0.00019055437957119864
lambda.x,0.005,3.4177,0.01139,0.00023350353960285378
lambda.x,0.005,3.4247,0.01349,0.0002844053119858477
lambda.x,0.005,3.4317,0.01586,0.0003443298428383838
lambda.x,0.005,3.4387,0.01853,0.0004144018058445524
lambda.x,0.005,3.4457,0.02149,0.0004957797681023592
lambda.x,0.005,3.4527,0.02476,0.0005896354755730603
lambda.x,0.005,3.4597,0.02833,0.0006971538698755191
lambda.x,0.005,3.4667,0.0322,0.0008194924743096747
lambda.x,0.005,3.4737,0.03635,0.0009577615045192899
lambda.x,0.005,3.4807,0.04075,0.0011129638353643337
lambda.x,0.005,3.4877,0.04538,0.0012859958230191067
lambda.x,0.005,3.4947,0.05019,0.0014776081389747007
lambda.x,0.005,3.5018,0.05513,0.001691354205485083
lambda.x,0.005,3.5088,0.06014,0.0019215358696631631
lambda.x,0.005,3.5158,0.06517,0.0021712684620692237
lambda.x,0.005,3.5228,0.07014,0.002440394804684656
lambda.x,0.005,3.5298,0.07497,0.00272844104091125
lambda.x,0.005,3.5368,0.0796,0.0030346587289402384
lambda.x,0.005,3.5438,0.08393,0.0033579875863236444
lambda.x,0.005,3.5508,0.0879,0.003697057795067141
lambda.x,0.005,3.5578,0.09144,0.0040502516210986095
lambda.x,0.005,3.5648,0.09447,0.004415666051789651
lambda.x,0.005,3.5718,0.09693,0.004791134593837765
lambda.x,0.005,3.5788,0.09879,0.005174327211840148
lambda.x,0.005,3.5858,0.1,0.005562771243023998
lambda.x,0.005,3.5928,0.10053,0.00595385243351587
lambda.x,0.005,3.5998,0.10039,0.006344932789961864
lambda.x,0.005,3.6068,0.09956,0.006733370323332383
lambda.x,0.005,3.6138,0.09807,0.007116557707076023
lambda.x,0.005,3.6208,0.09594,0.007491999527754737
lambda.x,0.005,3.6278,0.09323,0.00785736926931472
lambda.x,0.005,3.6348,0.08997,0.008210527418252645
lambda.x,0.005,3.6418,0.08624,0.008549558355504265
lambda.x,0.005,3.6488,0.08211,0.008872845559318629
lambda.x,0.005,3.6558,0.07764,0.009179030980060707
lambda.x,0.005,3.6628,0.07291,0.009467032136770404
lambda.x,0.005,3.6698,0.06801,0.00973609730961379
lambda.x,0.005,3.6768,0.06301,0.009985784016780151
lambda.x,0.005,3.6838,0.05798,0.010215918584900277
lambda.x,0.005,3.6908,0.05299,0.01042659410780477
lambda.x,0.005,3.6978,0.0481,0.010618149494446666
lambda.x,0.005,3.7049,0.04336,0.010793598688726536
lambda.x,0.005,3.7119,0.03883,0.010948749276719204
lambda.x,0.005,3.7189,0.03453,0.011086970951554769
lambda.x,0.005,3.7259,0.0305,0.011209267568527281
lambda.x,0.005,3.7329,0.02676,0.01131674998464904
lambda.x,0.005,3.7399,0.02331,0.011410560318019432
lambda.x,0.005,3.7469,0.02018,0.011491890325909068
lambda.x,0.005,3.7539,0.01734,0.011561925197241162
lambda.x,0.005,3.7609,0.01481,0.011621824779948964
lambda.x,0.005,3.7679,0.01255,0.011672705365015763
lambda.x,0.005,3.7749,0.01057,0.011715621258846669
lambda.x,0.005,3.7819,0.00884,0.011751583924076983
lambda.x,0.005,3.7889,0.00735,0.011781525209152356
lambda.x,0.005,3.7959,0.00606,0.011806279563580411
lambda.x,0.005,3.8029,0.00497,0.011826603060518944
lambda.x,0.005,3.8099,0.00404,0.01184317410909529
lambda.x,0.005,3.8169,0.00327,0.011856593889380079
lambda.x,0.005,3.8239,0.00263,0.0118674053591081
lambda.x,0.005,3.8309,0.00209,0.011876038761492687
lambda.x,0.005,3.8379,0.00166,0.011882885404870987
lambda.x,0.005,3.8449,0.0013,0.01188827987387722
lambda.x,0.005,3.8519,0.00102,0.011892500276120523
lambda.x,0.005,3.8589,0.00079,0.011895786957665713
lambda.x,0.005,3.8659,0.00061,0.011898324537881467
lambda.x,0.005,3.8729,0.00047,0.011900278559856066
lambda.x,0.005,3.8799,0.00035,0.01190175951205803
lambda.x,0.005,3.8869,0.00027,0.011902877220313197
lambda.x,0.005,3.8939,0.0002,0.011903723005705932
lambda.x,0.005,3.901,0.00015,0.011904360685577233
lambda.x,0.005,3.908,0.00011,0.011904826879060415
lambda.x,0.005,3.915,8e-05,0.011905166950381515
lambda.x,0.005,3.922,6e-05,0.011905417078193125
lambda.x,0.005,3.929,4e-05,0.011905595431366335
lambda.x,0.005,3.936,3e-05,0.011905720049977786
lambda.x,0.005,3.943,2e-05,0.011905808909596251
lambda.x,0.005,3.95,2e-05,0.011905879858594155
lambda.x,0.005,3.957,1e-05,0.01190593299180145
lambda.x,0.005,3.964,1e-05,0.011905968340901144
lambda.x,0.005,3.971,1e-05,0.011906003627633078
lambda.x,0.005,3.978,0.0,0.011906021255434638
lambda.x,0.005,3.985,0.0,0.011906021255434638
lambda.x,0.005,3.992,0.0,0.011906021255434638
lambda.x,0.005,3.999,0.0,0.011906021255434638
lambda.x,0.005,4.006,0.0,0.011906021255434638
lambda.x,0.005,4.013,0.0,0.011906021255434638
lambda.x,0.005,4.02,0.0,0.011906021255434638
lambda.x,0.005,4.027,0.0,0.011906021255434638
lambda.x,0.005,4.034,0.0,0.011906021255434638
lambda.x,0.005,4.041,0.0,0.011906021255434638
lambda.x,0.005,4.048,0.0,0.011906021255434638
lambda.x,0.005,4.055,0.0,0.011906021255434638
lambda.x,0.005,4.062,0.0,0.011906021255434638
lambda.x,0.005,4.069,0.0,0.011906021255434638
lambda.x,0.005,4.076,0.0,0.011906021255434638
lambda.x,0.005,4.083,0.0,0.011906021255434638
lambda.x,0.005,4.09,0.0,0.011906021255434638
lambda.x,0.005,4.097,0.0,0.011906021255434638
lambda.x,0.005,4.1041,0.0,0.011906021255434638
lambda.x,0.005,4.1111,0.0,0.011906021255434638
lambda.x,0.005,4.1181,0.0,0.011906021255434638
lambda.x,0.005,4.1251,0.0,0.011906021255434638
lambda.x,0.005,4.1321,0.0,0.011906021255434638
lambda.x,0.005,4.1391,0.0,0.011906021255434638
lambda.x,0.005,4.1461,0.0,0.011906021255434638
lambda.x,0.005,4.1531,1e-05,0.011906038110314125
lambda.x,0.005,4.1601,1e-05,0.011906071791712205
lambda.x,0.005,4.1671,1e-05,0.01190610541648378
lambda.x,0.005,4.1741,2e-05,0.011906155754901109
lambda.x,0.005,4.1811,3e-05,0.011906239521082532
lambda.x,0.005,4.1881,4e-05,0.01190635660319187
lambda.x,0.005,4.1951,5e-05,0.011906506889953246
lambda.x,0.005,4.2021,7e-05,0.011906706928984845
lambda.x,0.005,4.2091,9e-05,0.011906973213049975
lambda.x,0.005,4.2161,0.00013,0.011907338728035368
lambda.x,0.005,4.2231,0.00017,0.011907836350842069
lambda.x,0.005,4.2301,0.00023,0.011908498740025461
lambda.x,0.005,4.2371,0.0003,0.011909374967690518
lambda.x,0.005,4.2441,0.0004,0.011910530329099072
lambda.x,0.005,4.2511,0.00052,0.011912046317472861
lambda.x,0.005,4.2581,0.00068,0.011914020435916016
lambda.x,0.005,4.2651,0.00088,0.011916582585709996
lambda.x,0.005,4.2721,0.00112,0.01191986202906625
lambda.x,0.005,4.2791,0.00143,0.011924036469051583
lambda.x,0.005,4.2861,0.00181,0.011929331813289621
lambda.x,0.005,4.2931,0.00228,0.011936005473924363
lambda.x,0.005,4.3002,0.00286,0.01194449828169678
lambda.x,0.005,4.3072,0.00355,0.011954923288471923
lambda.x,0.005,4.3142,0.00438,0.011967799461543529
lambda.x,0.005,4.3212,0.00538,0.011983621396965629
lambda.x,0.005,4.3282,0.00656,0.012002946059920663
lambda.x,0.005,4.3352,0.00794,0.01202637618227689
lambda.x,0.005,4.3422,0.00957,0.012054624476786076
lambda.x,0.005,4.3492,0.01145,0.012088480816720723
lambda.x,0.005,4.3562,0.01362,0.012128795540731508
lambda.x,0.005,4.3632,0.0161,0.012176511254504037
lambda.x,0.005,4.3702,0.01891,0.01223263015241811
lambda.x,0.005,4.3772,0.02208,0.012298229628023823
lambda.x,0.005,4.3842,0.02562,0.012374445852581992
lambda.x,0.005,4.3912,0.02954,0.01246244146696166
lambda.x,0.005,4.3982,0.03386,0.012563421328595208
lambda.x,0.005,4.4052,0.03856,0.012678584597367277
lambda.x,0.005,4.4122,0.04366,0.012809124670638368
lambda.x,0.005,4.4192,0.04913,0.01295621348065516
lambda.x,0.005,4.4262,0.05494,0.013120922430192878
lambda.x,0.005,4.4332,0.06107,0.013304238817949565
lambda.x,0.005,4.4402,0.06747,0.013507034864188782
lambda.x,0.005,4.4472,0.07409,0.013730021140455245
lambda.x,0.005,4.4542,0.08087,0.013973731871029016
lambda.x,0.005,4.4612,0.08772,0.014238463252494173
lambda.x,0.005,4.4682,0.09458,0.014524274872537579
lambda.x,0.005,4.4752,0.10136,0.014830991265249054
lambda.x,0.005,4.4822,0.10796,0.015158140837799688
lambda.x,0.005,4.4892,0.1143,0.015504973287439147
lambda.x,0.005,4.4962,0.12027,0.015870445818515627
lambda.x,0.005,4.5033,0.12579,0.016258688758124563
lambda.x,0.005,4.5103,0.13076,0.016657158640308204
lambda.x,0.005,4.5173,0.13509,0.01706943380015197
lambda.x,0.005,4.5243,0.13872,0.01749339669972908
lambda.x,0.005,4.5313,0.14158,0.017926738653195058
lambda.x,0.005,4.5383,0.14361,0.018366960983127786
lambda.x,0.005,4.5453,0.14478,0.01881143781774286
lambda.x,0.005,4.5523,0.14507,0.019257478452469588
lambda.x,0.005,4.5593,0.14446,0.01970234312533092
lambda.x,0.005,4.5663,0.14297,0.020143304636780764
lambda.x,0.005,4.5733,0.14063,0.02057772489804649
lambda.x,0.005,4.5803,0.13746,0.02100305440942836
lambda.x,0.005,4.5873,0.13354,0.021416907993366048
lambda.x,0.005,4.5943,0.12892,0.021817109640948927
lambda.x,0.005,4.6013,0.12369,0.02220170638144468
lambda.x,0.005,4.6083,0.11794,0.022569027778736615
lambda.x,0.005,4.6153,0.11175,0.022917669048998716
lambda.x,0.005,4.6223,0.10522,0.023246504571195724
lambda.x,0.005,4.6293,0.09845,0.023554716485395283
lambda.x,0.005,4.6363,0.09154,0.0238417928326971
lambda.x,0.005,4.6433,0.08459,0.0241075257091935
lambda.x,0.005,4.6503,0.07767,0.024351964275457962
lambda.x,0.005,4.6573,0.07087,0.024575398111642933
lambda.x,0.005,4.6643,0.06426,0.02477835581839187
lambda.x,0.005,4.6713,0.0579,0.0249615585825813
lambda.x,0.005,4.6783,0.05185,0.02512590403862116
lambda.x,0.005,4.6853,0.04615,0.025272435332497976
lambda.x,0.005,4.6923,0.04084,0.025402310372000164
lambda.x,0.005,4.6993,0.03593,0.025516756454910475
lambda.x,0.005,4.7064,0.03143,0.025618456570872902
lambda.x,0.005,4.7134,0.02737,0.02570585149362077
lambda.x,0.005,4.7204,0.02373,0.025781689247959257
lambda.x,0.005,4.7274,0.02051,0.02584724882165748
lambda.x,0.005,4.7344,0.01769,0.025903773954370164
lambda.x,0.005,4.7414,0.01527,0.0259524733021607
lambda.x,0.005,4.7484,0.01322,0.025994505946382016
lambda.x,0.005,4.7554,0.01152,0.026030952180282226
lambda.x,0.005,4.7624,0.01016,0.02606284339121542
lambda.x,0.005,4.7694,0.00911,0.02609114769270582
lambda.x,0.005,4.7764,0.00836,0.026116770252496063
lambda.x,0.005,4.7834,0.00789,0.026140568338237673
lambda.x,0.005,4.7904,0.00768,0.02616333696366849
lambda.x,0.005,4.7974,0.00771,0.026185809252223587
lambda.x,0.005,4.8044,0.00797,0.02620867136797283
lambda.x,0.005,4.8114,0.00845,0.026232577359140592
lambda.x,0.005,4.8184,0.00913,0.026258134817224933
lambda.x,0.005,4.8254,0.01001,0.02628591963219841
lambda.x,0.005,4.8324,0.01106,0.02631646173292099
lambda.x,0.005,4.8394,0.01227,0.026350230825612907
lambda.x,0.005,4.8464,0.01364,0.026387680115080466
lambda.x,0.005,4.8534,0.01514,0.026429217575118926
lambda.x,0.005,4.8604,0.01675,0.026475177342559796
lambda.x,0.005,4.8674,0.01846,0.026525848925890216
lambda.x,0.005,4.8744,0.02024,0.026581463121766798
lambda.x,0.005,4.8814,0.02207,0.026642177970578683
lambda.x,0.005,4.8884,0.02392,0.026708079194077444
lambda.x,0.005,4.8954,0.02577,0.026779180588777193
lambda.x,0.005,4.9025,0.02758,0.026856498358194165
lambda.x,0.005,4.9095,0.02933,0.026937697188901467
lambda.x,0.005,4.9165,0.03098,0.02702362472524998
lambda.x,0.005,4.9235,0.03251,0.027113954523218284
lambda.x,0.005,4.9305,0.03388,0.027208276305651882
lambda.x,0.005,4.9375,0.03507,0.027306096397639364
lambda.x,0.005,4.9445,0.03606,0.027406866553662354
lambda.x,0.005,4.9515,0.03683,0.02750998426640324
lambda.x,0.005,4.9585,0.03735,0.027614778956199085
lambda.x,0.005,4.9655,0.03763,0.027720554627022935
lambda.x,0.005,4.9725,0.03766,0.02782661824416119
lambda.x,0.005,4.9795,0.03742,0.02793223750495043
lambda.x,0.005,4.9865,0.03694,0.02803669719124854
lambda.x,0.005,4.9935,0.03622,0.028139327208686928
lambda.x,0.005,5.0005,0.03527,0.028239474277588723
lambda.x,0.005,5.0075,0.03411,0.028336529816568035
lambda.x,0.005,5.0145,0.03276,0.0284299436718545
lambda.x,0.005,5.0215,0.03126,0.028519251671387105
lambda.x,0.005,5.0285,0.02962,0.028604061263978086
lambda.x,0.005,5.0355,0.02787,0.028684037161268206
lambda.x,0.005,5.0425,0.02605,0.028758942704248204
lambda.x,0.005,5.0495,0.02419,0.028828639335265974
lambda.x,0.005,5.0565,0.0223,0.028893044504472512
lambda.x,0.005,5.0635,0.02043,0.028952158970373884
lambda.x,0.005,5.0705,0.01858,0.029006052610679522
lambda.x,0.005,5.0775,0.01679,0.029054850159140846
lambda.x,0.005,5.0845,0.01506,0.029098730979384105
lambda.x,0.005,5.0915,0.01342,0.029137914939948745
lambda.x,0.005,5.0985,0.01188,0.029172675978000932
lambda.x,0.005,5.1056,0.01045,0.029203751749740627
lambda.x,0.005,5.1126,0.00912,0.029230565952267015
lambda.x,0.005,5.1196,0.00791,0.029253868047661436
lambda.x,0.005,5.1266,0.00681,0.029273981906181017
lambda.x,0.005,5.1336,0.00583,0.02929123005366488
lambda.x,0.005,5.1406,0.00495,0.02930592009901158
lambda.x,0.005,5.1476,0.00418,0.029318344759670562
lambda.x,0.005,5.1546,0.00351,0.029328795578243572
lambda.x,0.005,5.1616,0.00292,0.02933752220686911
lambda.x,0.005,5.1686,0.00242,0.029344759702532693
lambda.x,0.005,5.1756,0.00199,0.02935072866118152
lambda.x,0.005,5.1826,0.00162,0.02935560822748563
lambda.x,0.005,5.1896,0.00132,0.029359576802450257
lambda.x,0.005,5.1966,0.00107,0.029362798613516785
lambda.x,0.005,5.2036,0.00086,0.029365396831921187
lambda.x,0.005,5.2106,0.00069,0.029367480679892567
lambda.x,0.005,5.2176,0.00056,0.02936915893976226
lambda.x,0.005,5.2246,0.00047,0.02937053995632295
lambda.x,0.005,5.2316,0.0004,0.029371704878716282
lambda.x,0.005,5.2386,0.00036,0.029372721132384018
lambda.x,0.005,5.2456,0.00034,0.02937365589052644
lambda.x,0.005,5.2526,0.00035,0.029374576039784925
lambda.x,0.005,5.2596,0.0004,0.029375574835330154
lambda.x,0.005,5.2666,0.00047,0.02937673188665722
lambda.x,0.005,5.2736,0.00059,0.029378139724346875
lambda.x,0.005,5.2806,0.00076,0.029379930331858078
lambda.x,0.005,5.2876,0.00099,0.029382248406642275
lambda.x,0.005,5.2946,0.0013,0.029385277752446412
lambda.x,0.005,5.3017,0.00171,0.029389311058240372
lambda.x,0.005,5.3087,0.00223,0.029394509280849416
lambda.x,0.005,5.3157,0.0029,0.02940126861324094
lambda.x,0.005,5.3227,0.00375,0.02941001919699225
lambda.x,0.005,5.3297,0.00482,0.0294212814672801
lambda.x,0.005,5.3367,0.00616,0.029435691929539338
lambda.x,0.005,5.3437,0.00781,0.029454002568103804
lambda.x,0.005,5.3507,0.00984,0.02947710638913152
lambda.x,0.005,5.3577,0.01232,0.02950607593045974
lambda.x,0.005,5.3647,0.01532,0.029542162323960793
lambda.x,0.005,5.3717,0.01891,0.029586794364011314
lambda.x,0.005,5.3787,0.02319,0.029641616624918408
lambda.x,0.005,5.3857,0.02825,0.029708514383999934
lambda.x,0.005,5.3927,0.03418,0.029789599373565116
lambda.x,0.005,5.3997,0.04106,0.029887195642190934
lambda.x,0.005,5.4067,0.04901,0.030003877278342667
lambda.x,0.005,5.4137,0.05809,0.03014244132313117
lambda.x,0.005,5.4207,0.06839,0.03030586777710243
lambda.x,0.005,5.4277,0.07996,0.030497305809074664
lambda.x,0.005,5.4347,0.09287,0.030720047056997855
lambda.x,0.005,5.4417,0.10712,0.030977460609499338
lambda.x,0.005,5.4487,0.12272,0.03127291540903318
lambda.x,0.005,5.4557,0.13963,0.03160972894668679
lambda.x,0.005,5.4627,0.1578,0.031991090558597904
lambda.x,0.005,5.4697,0.17713,0.032419985279313175
lambda.x,0.005,5.4767,0.19747,0.03289906699077241
lambda.x,0.005,5.4837,0.21865,0.0334305706767566
lambda.x,0.005,5.4907,0.24046,0.034016238034829435
lambda.x,0.005,5.4977,0.26265,0.03465721806439381
lambda.x,0.005,5.5048,0.28494,0.035363928083604244
lambda.x,0.005,5.5118,0.30702,0.0361161789531619
lambda.x,0.005,5.5188,0.32856,0.03692283790316165
lambda.x,0.005,5.5258,0.34924,0.0377819926317786
lambda.x,0.005,5.5328,0.36869,0.03869086461047093
lambda.x,0.005,5.5398,0.38658,0.039645800748985216
lambda.x,0.005,5.5468,0.40259,0.04064234097629255
lambda.x,0.005,5.5538,0.41642,0.04167526013952547
lambda.x,0.005,5.5608,0.4278,0.042738634831184924
lambda.x,0.005,5.5678,0.4365,0.043825934956451984
lambda.x,0.005,5.5748,0.44236,0.04493016496710965
lambda.x,0.005,5.5818,0.44525,0.04604399171594703
lambda.x,0.005,5.5888,0.44512,0.04715988397199155
lambda.x,0.005,5.5958,0.44197,0.04827027615992002
lambda.x,0.005,5.6028,0.43586,0.04936770604142669
lambda.x,0.005,5.6098,0.42692,0.05044497650901292
lambda.x,0.005,5.6168,0.41532,0.051495291461335836
lambda.x,0.005,5.6238,0.40129,0.05251237833861794
lambda.x,0.005,5.6308,0.38511,0.053490622358594156
lambda.x,0.005,5.6378,0.36707,0.05442513782215404
lambda.x,0.005,5.6448,0.3475,0.05531182651400977
lambda.x,0.005,5.6518,0.32673,0.05614742340226755
lambda.x,0.005,5.6588,0.30513,0.05692954199369375
lambda.x,0.005,5.6658,0.28301,0.05765664534096643
lambda.x,0.005,5.6728,0.26072,0.058328017075991986
lambda.x,0.005,5.6798,0.23856,0.058943745098755516
lambda.x,0.005,5.6868,0.21679,0.05950460675600866
lambda.x,0.005,5.6938,0.19567,0.060012016211755906
lambda.x,0.005,5.7009,0.17542,0.06047448202633628
lambda.x,0.005,5.7079,0.15619,0.06088142289047621
lambda.x,0.005,5.7149,0.13812,0.061242148507306735
lambda.x,0.005,5.7219,0.12132,0.061559746551958484
lambda.x,0.005,5.7289,0.10583,0.061837476820355515
lambda.x,0.005,5.7359,0.0917,0.06207869706081631
lambda.x,0.005,5.7429,0.07891,0.062286789377315646
lambda.x,0.005,5.7499,0.06745,0.062465086961933036
lambda.x,0.005,5.7569,0.05726,0.06261682571044366
lambda.x,0.005,5.7639,0.04828,0.06274508389846543
lambda.x,0.005,5.7709,0.04043,0.06285275868703871
lambda.x,0.005,5.7779,0.03363,0.06294254274113147
lambda.x,0.005,5.7849,0.02778,0.06301690101910276
lambda.x,0.005,5.7919,0.02279,0.06307805975901706
lambda.x,0.005,5.7989,0.01857,0.06312801971788334
lambda.x,0.005,5.8059,0.01503,0.06316855725973601
lambda.x,0.005,5.8129,0.01209,0.0632012374793425
lambda.x,0.005,5.8199,0.00965,0.06322740320607091
lambda.x,0.005,5.8269,0.00765,0.06324820007011533
lambda.x,0.005,5.8339,0.00603,0.06326462550266437
lambda.x,0.005,5.8409,0.00471,0.06327750547785313
lambda.x,0.005,5.8479,0.00366,0.06328753121576697
lambda.x,0.005,5.8549,0.00283,0.06329529576638594
lambda.x,0.005,5.8619,0.00217,0.06330127056712209
lambda.x,0.005,5.8689,0.00165,0.06330582987792478
lambda.x,0.005,5.8759,0.00125,0.06330928701232219
lambda.x,0.005,5.8829,0.00094,0.0633118946418816
lambda.x,0.005,5.8899,0.0007,0.06331384507049191
lambda.x,0.005,5.8969,0.00052,0.06331529427660502
lambda.x,0.005,5.904,0.00038,0.06331637734660009
lambda.x,0.005,5.911,0.00028,0.06331715947378568
lambda.x,0.005,5.918,0.0002,0.06331772762537342
lambda.x,0.005,5.925,0.00015,0.06331814140697087
lambda.x,0.005,5.932,0.00011,0.06331844842661118
lambda.x,0.005,5.939,8e-05,0.06331867252302996
lambda.x,0.005,5.946,6e-05,0.0633188374507198
lambda.x,0.005,5.953,4e-05,0.06331895512154964
lambda.x,0.005,5.96,3e-05,0.06331903739155732
lambda.x,0.005,5.967,3e-05,0.06331910782002126
lambda.x,0.005,5.974,3e-05,0.0633191781659126
lambda.x,0.005,5.981,3e-05,0.06331924842942478
lambda.x,0.005,5.988,4e-05,0.06331933030079724
lambda.x,0.005,5.995,5e-05,0.06331943544296927
lambda.x,0.005,6.002,6e-05,0.06331956380162869
lambda.x,0.005,6.009,9e-05,0.06331973862103903
lambda.x,0.005,6.016,0.00012,0.0633199830914345
lambda.x,0.005,6.023,0.00017,0.0633203202950529
lambda.x,0.005,6.03,0.00024,0.06332079647797689
lambda.x,0.005,6.037,0.00032,0.0633214461301632
lambda.x,0.005,6.044,0.00044,0.06332232677167818
lambda.x,0.005,6.051,0.00059,0.06332351889978495
lambda.x,0.005,6.058,0.00079,0.06332511427412016
lambda.x,0.005,6.065,0.00106,0.063327250529668
lambda.x,0.005,6.072,0.0014,0.06333008790843796
lambda.x,0.005,6.079,0.00184,0.06333382064371681
lambda.x,0.005,6.086,0.0024,0.06333869984703373
lambda.x,0.005,6.093,0.00312,0.06334504472197817
lambda.x,0.005,6.1001,0.00402,0.063353359309132
lambda.x,0.005,6.1071,0.00514,0.06336386385159469
lambda.x,0.005,6.1141,0.00654,0.06337724296553188
lambda.x,0.005,6.1211,0.00825,0.06339416515488906
lambda.x,0.005,6.1281,0.01034,0.06341541089860266
lambda.x,0.005,6.1351,0.01288,0.06344191783054423
lambda.x,0.005,6.1421,0.01593,0.06347476862593487
lambda.x,0.005,6.1491,0.01957,0.06351520171129678
lambda.x,0.005,6.1561,0.02388,0.06356463332325868
lambda.x,0.005,6.1631,0.02893,0.06362464534235379
lambda.x,0.005,6.1701,0.03483,0.06369701856308742
lambda.x,0.005,6.1771,0.04163,0.0637837091789584
lambda.x,0.005,6.1841,0.04943,0.06388683659135705
lambda.x,0.005,6.1911,0.05829,0.06400869404170871
lambda.x,0.005,6.1981,0.06827,0.06415170259937643
lambda.x,0.005,6.2051,0.07941,0.06431838802243543
lambda.x,0.005,6.2121,0.09175,0.06451135772339615
lambda.x,0.005,6.2191,0.10529,0.06473325537877533
lambda.x,0.005,6.2261,0.12,0.06498668201423233
lambda.x,0.005,6.2331,0.13585,0.06527416246720588
lambda.x,0.005,6.2401,0.15273,0.06559805598681957
lambda.x,0.005,6.2471,0.17056,0.06596050084969926
lambda.x,0.005,6.2541,0.18916,0.06636333703894225
lambda.x,0.005,6.2611,0.20838,0.0668080291924265
lambda.x,0.005,6.2681,0.22799,0.06729561247968961
lambda.x,0.005,6.2751,0.24775,0.06782659402263189
lambda.x,0.005,6.2821,0.26739,0.06840091066685654
lambda.x,0.005,6.2891,0.28663,0.06901788696327829
lambda.x,0.005,6.2961,0.30517,0.06967620452625363
lambda.x,0.005,6.3032,0.32271,0.07038384371856092
lambda.x,0.005,6.3102,0.33893,0.07111820850769755
lambda.x,0.005,6.3172,0.35356,0.07188596350375807
lambda.x,0.005,6.3242,0.36631,0.07268319199492836
lambda.x,0.005,6.3312,0.37694,0.07350540392561752
lambda.x,0.005,6.3382,0.38525,0.07434763788919316
lambda.x,0.005,6.3452,0.39107,0.07520454048167412
lambda.x,0.005,6.3522,0.39429,0.07607046724536817
lambda.x,0.005,6.3592,0.39483,0.07693958309311769
lambda.x,0.005,6.3662,0.39268,0.07780597313928742
lambda.x,0.005,6.3732,0.3879,0.07866379690417741
lambda.x,0.005,6.3802,0.38057,0.07950738681483185
lambda.x,0.005,6.3872,0.37085,0.0803313570649285
lambda.x,0.005,6.3942,0.35892,0.08113071195065821
lambda.x,0.005,6.4012,0.34502,0.08190093167100242
lambda.x,0.005,6.4082,0.32941,0.08263805770704612
lambda.x,0.005,6.4152,0.31236,0.08333872312949228
lambda.x,0.005,6.4222,0.29419,0.08400021542806296
lambda.x,0.005,6.4292,0.2752,0.0846205063828022
lambda.x,0.005,6.4362,0.25569,0.08519822730982028
lambda.x,0.005,6.4432,0.23595,0.08573265532944027
lambda.x,0.005,6.4502,0.21627,0.08622369969707562
lambda.x,0.005,6.4572,0.19688,0.08667183401697465
lambda.x,0.005,6.4642,0.17803,0.0870780504103083
lambda.x,0.005,6.4712,0.15991,0.08744381402524305
lambda.x,0.005,6.4782,0.14268,0.08777096367180211
lambda.x,0.005,6.4852,0.12647,0.08806164540978816
lambda.x,0.005,6.4922,0.11139,0.0883182572771026
lambda.x,0.005,6.4992,0.0975,0.08854337278641028
lambda.x,0.005,6.5063,0.08484,0.08874246754734601
lambda.x,0.005,6.5133,0.07342,0.0889126514700569
lambda.x,0.005,6.5203,0.06326,0.08905947176109658
lambda.x,0.005,6.5273,0.05433,0.08918565033391708
lambda.x,0.005,6.5343,0.04659,0.08929382532613331
lambda.x,0.005,6.5413,0.04,0.08938654074559228
lambda.x,0.005,6.5483,0.03454,0.08946626825267492
lambda.x,0.005,6.5553,0.03015,0.0895353861355972
lambda.x,0.005,6.5623,0.02681,0.08959617966336339
lambda.x,0.005,6.5693,0.02449,0.08965087349488796
lambda.x,0.005,6.5763,0.02316,0.08970162128154403
lambda.x,0.005,6.5833,0.02283,0.0897505485011938
lambda.x,0.005,6.5903,0.02351,0.08979979510990922
lambda.x,0.005,6.5973,0.02523,0.08985153670129413
lambda.x,0.005,6.6043,0.02803,0.08990801617531803
lambda.x,0.005,6.6113,0.03198,0.08997158581608794
lambda.x,0.005,6.6183,0.03713,0.09004471743923334
lambda.x,0.005,6.6253,0.04359,0.09013004412631148
lambda.x,0.005,6.6323,0.05144,0.09023039127389389
lambda.x,0.005,6.6393,0.0608,0.0903487862919112
lambda.x,0.005,6.6463,0.07178,0.09048848939318617
lambda.x,0.005,6.6533,0.08448,0.09065297155988616
lambda.x,0.005,6.6603,0.09902,0.09084592415593468
lambda.x,0.005,6.6673,0.11549,0.09107124752412127
lambda.x,0.005,6.6743,0.13399,0.09133302909984707
lambda.x,0.005,6.6813,0.15457,0.09163550072964419
lambda.x,0.005,6.6883,0.17728,0.09198298568116328
lambda.x,0.005,6.6953,0.20214,0.0923798668953606
lambda.x,0.005,6.7024,0.22915,0.09283696896996924
lambda.x,0.005,6.7094,0.25824,0.09334571867531344
lambda.x,0.005,6.7164,0.28935,0.09391671146533506
lambda.x,0.005,6.7234,0.32234,0.09455388030470638
lambda.x,0.005,6.7304,0.35707,0.09526085451236814
lambda.x,0.005,6.7374,0.39333,0.09604088829575744
lambda.x,0.005,6.7444,0.4309,0.09689677920143862
lambda.x,0.005,6.7514,0.46952,0.09783081815810891
lambda.x,0.005,6.7584,0.50891,0.09884472938867134
lambda.x,0.005,6.7654,0.54875,0.09993961065481675
lambda.x,0.005,6.7724,0.58872,0.10111589446127872
lambda.x,0.005,6.7794,0.6285,0.1023733508048729
lambda.x,0.005,6.7864,0.66773,0.10371104865036435
lambda.x,0.005,6.7934,0.70609,0.10512735877876479
lambda.x,0.005,6.8004,0.74324,0.10661997729306134
lambda.x,0.005,6.8074,0.77886,0.10818592837350001
lambda.x,0.005,6.8144,0.81265,0.10982160815052883
lambda.x,0.005,6.8214,0.84431,0.11152280782887242
lambda.x,0.005,6.8284,0.87359,0.1132847674258345
lambda.x,0.005,6.8354,0.90022,0.1151022088053124
lambda.x,0.005,6.8424,0.92399,0.11696937869955593
lambda.x,0.005,6.8494,0.9447,0.11888012225444952
lambda.x,0.005,6.8564,0.96216,0.12082790509967391
lambda.x,0.005,6.8634,0.97624,0.12280588630139909
lambda.x,0.005,6.8704,0.9868,0.12480697061795881
lambda.x,0.005,6.8774,0.99375,0.1268238502384146
lambda.x,0.005,6.8844,0.99702,0.12884907687481298
lambda.x,0.005,6.8914,0.99657,0.13087511314187544
lambda.x,0.005,6.8984,0.99239,0.13289439383349
lambda.x,0.005,6.9055,0.98454,0.13492805611450975
lambda.x,0.005,6.9125,0.97307,0.1369114566341835
lambda.x,0.005,6.9195,0.95813,0.138866120657797
lambda.x,0.005,6.9265,0.93988,0.1407852508009822
lambda.x,0.005,6.9335,0.91854,0.142662454085648
lambda.x,0.005,6.9405,0.89439,0.14449186139762304
lambda.x,0.005,6.9475,0.86776,0.14626823626662916
lambda.x,0.005,6.9545,0.83901,0.14798705289207506
lambda.x,0.005,6.9615,0.80856,0.14964458381137624
lambda.x,0.005,6.9685,0.77687,0.1512379972033141
lambda.x,0.005,6.9755,0.74442,0.15276541354221812
lambda.x,0.005,6.9825,0.71173,0.15422596194785332
lambda.x,0.005,6.9895,0.6793,0.15561979621303548
lambda.x,0.005,6.9965,0.64766,0.15694810068575266
lambda.x,0.005,7.0035,0.6173,0.15821307618199648
lambda.x,0.005,7.0105,0.5887,0.15941788595883558
lambda.x,0.005,7.0175,0.56228,0.16056658203691293
lambda.x,0.005,7.0245,0.53842,0.1616640019450399
lambda.x,0.005,7.0315,0.51742,0.1627156460884971
lambda.x,0.005,7.0385,0.49951,0.16372752585183947
lambda.x,0.005,7.0455,0.48486,0.16470603233740577
lambda.x,0.005,7.0525,0.47351,0.16565774621210863
lambda.x,0.005,7.0595,0.46545,0.16658925834409832
lambda.x,0.005,7.0665,0.46056,0.16750701121880884
lambda.x,0.005,7.0735,0.45862,0.16841709160065393
lambda.x,0.005,7.0805,0.45937,0.16932509343409677
lambda.x,0.005,7.0875,0.46244,0.1702359716042756
lambda.x,0.005,7.0945,0.46741,0.17115388648425994
lambda.x,0.005,7.1016,0.47382,0.17209537209084835
lambda.x,0.005,7.1086,0.48118,0.17303624220431804
lambda.x,0.005,7.1156,0.48896,0.17399108744606617
lambda.x,0.005,7.1226,0.49664,0.17496019523177778
lambda.x,0.005,7.1296,0.50373,0.17594285998716247
lambda.x,0.005,7.1366,0.50973,0.17693740669193733
lambda.x,0.005,7.1436,0.51422,0.17794126326476298
lambda.x,0.005,7.1506,0.51681,0.17895107183780198
lambda.x,0.005,7.1576,0.51718,0.1799627896590883
lambda.x,0.005,7.1646,0.5151,0.1809718481616021
lambda.x,0.005,7.1716,0.51039,0.1819732917533259
lambda.x,0.005,7.1786,0.50297,0.18296192564332336
lambda.x,0.005,7.1856,0.49284,0.1839324922201568
lambda.x,0.005,7.1926,0.48007,0.1848798173559273
lambda.x,0.005,7.1996,0.4648,0.18579894626647897
lambda.x,0.005,7.2066,0.44723,0.18668526899813692
lambda.x,0.005,7.2136,0.42763,0.18753464529584607
lambda.x,0.005,7.2206,0.4063,0.18834349979172305
lambda.x,0.005,7.2276,0.38358,0.189108887639493
lambda.x,0.005,7.2346,0.35983,0.18982855016491149
lambda.x,0.005,7.2416,0.33543,0.19050095089559055
lambda.x,0.005,7.2486,0.31073,0.19112526313158493
lambda.x,0.005,7.2556,0.2861,0.19170135752926717
lambda.x,0.005,7.2626,0.26189,0.19222979943009616
lambda.x,0.005,7.2696,0.2384,0.19271177876105589
lambda.x,0.005,7.2766,0.21593,0.1931490594843294
lambda.x,0.005,7.2836,0.19473,0.19354392933633816
lambda.x,0.005,7.2906,0.17502,0.19389912095772366
lambda.x,0.005,7.2976,0.15698,0.19421774301243708
lambda.x,0.005,7.3047,0.14076,0.19450728787788982
lambda.x,0.005,7.3117,0.12648,0.19476326449337938
lambda.x,0.005,7.3187,0.11423,0.19499360835456145
lambda.x,0.005,7.3257,0.10406,0.19520229759793684
lambda.x,0.005,7.3327,0.09603,0.1953934040163787
lambda.x,0.005,7.3397,0.09014,0.19557104502492406
lambda.x,0.005,7.3467,0.08639,0.19573932626366247
lambda.x,0.005,7.3537,0.08478,0.19590234164259168
lambda.x,0.005,7.3607,0.08528,0.19606414485636492
lambda.x,0.005,7.3677,0.08784,0.1962287020053905
lambda.x,0.005,7.3747,0.09242,0.19639988241858256
lambda.x,0.005,7.3817,0.09894,0.19658143058089272
lambda.x,0.005,7.3887,0.10733,0.19677693814885613
lambda.x,0.005,7.3957,0.1175,0.1969898350734967
lambda.x,0.005,7.4027,0.12932,0.19722333345826285
lambda.x,0.005,7.4097,0.14265,0.1974803811114452
lambda.x,0.005,7.4167,0.15735,0.19776365309734012
lambda.x,0.005,7.4237,0.17322,0.19807549618988352
lambda.x,0.005,7.4307,0.19006,0.19841787353462
lambda.x,0.005,7.4377,0.20764,0.198792337859059
lambda.x,0.005,7.4447,0.2257,0.19919997657443925
lambda.x,0.005,7.4517,0.24397,0.19964137592312695
lambda.x,0.005,7.4587,0.26217,0.20011660408203197
lambda.x,0.005,7.4657,0.27998,0.20062516621663257
lambda.x,0.005,7.4727,0.2971,0.20116598782149483
lambda.x,0.005,7.4797,0.31322,0.20173742626749935
lambda.x,0.005,7.4867,0.32805,0.2023372822687472
lambda.x,0.005,7.4937,0.34129,0.20296281132214752
lambda.x,0.005,7.5008,0.3527,0.2036200245330543
lambda.x,0.005,7.5078,0.36204,0.20428672903515877
lambda.x,0.005,7.5148,0.36913,0.20496812479693752
lambda.x,0.005,7.5218,0.37381,0.20565984578123883
lambda.x,0.005,7.5288,0.37599,0.20635730555532933
lambda.x,0.005,7.5358,0.37563,0.207055809638671
lambda.x,0.005,7.5428,0.37272,0.20775063019036757
lambda.x,0.005,7.5498,0.36732,0.20843709887649506
lambda.x,0.005,7.5568,0.35955,0.209110727131084
lambda.x,0.005,7.5638,0.34956,0.20976728883333734
lambda.x,0.005,7.5708,0.33753,0.21040287483856956
lambda.x,0.005,7.5778,0.32371,0.21101398420720224
lambda.x,0.005,7.5848,0.30835,0.21159758735981746
lambda.x,0.005,7.5918,0.29172,0.212151142778837
lambda.x,0.005,7.5988,0.27411,0.2126726320742284
lambda.x,0.005,7.6058,0.25582,0.21316058568426913
lambda.x,0.005,7.6128,0.23713,0.21361407166945495
lambda.x,0.005,7.6198,0.21831,0.21403266615931996
lambda.x,0.005,7.6268,0.19962,0.2144164331215526
lambda.x,0.005,7.6338,0.1813,0.21476589505416543
lambda.x,0.005,7.6408,0.16353,0.2150819579968348
lambda.x,0.005,7.6478,0.14651,0.21536587346379923
lambda.x,0.005,7.6548,0.13036,0.21561918232882749
lambda.x,0.005,7.6618,0.11521,0.21584364974667147
lambda.x,0.005,7.6688,0.10113,0.2160412187026865
lambda.x,0.005,7.6758,0.08817,0.21621393635723768
lambda.x,0.005,7.6828,0.07634,0.21636389898164257
lambda.x,0.005,7.6898,0.06566,0.21649322443712815
lambda.x,0.005,7.6968,0.05608,0.21660399753641554
lambda.x,0.005,7.7039,0.04758,0.21669957942280607
lambda.x,0.005,7.7109,0.04009,0.21677920600706196
lambda.x,0.005,7.7179,0.03355,0.21684602920476484
lambda.x,0.005,7.7249,0.02789,0.2169017312856763
lambda.x,0.005,7.7319,0.02302,0.21694784503646633
lambda.x,0.005,7.7389,0.01888,0.2169857633306066
lambda.x,0.005,7.7459,0.01537,0.21701673062188803
lambda.x,0.005,7.7529,0.01244,0.2170418524768716
lambda.x,0.005,7.7599,0.00999,0.21706209611705804
lambda.x,0.005,7.7669,0.00797,0.21707829087712943
lambda.x,0.005,7.7739,0.00632,0.21709116476042123
lambda.x,0.005,7.7809,0.00497,0.2171013268028406
lambda.x,0.005,7.7879,0.00389,0.2171092944575917
lambda.x,0.005,7.7949,0.00302,0.21711550293687268
lambda.x,0.005,7.8019,0.00233,0.21712030548294575
lambda.x,0.005,7.8089,0.00178,0.21712399161461793
lambda.x,0.005,7.8159,0.00136,0.21712680525979083
lambda.x,0.005,7.8229,0.00103,0.2171289449427996
lambda.x,0.005,7.8299,0.00077,0.21713055498271988
lambda.x,0.005,7.8369,0.00057,0.21713175249943029
lambda.x,0.005,7.8439,0.00042,0.2171326364428652
lambda.x,0.005,7.8509,0.00031,0.21713328765784629
lambda.x,0.005,7.8579,0.00023,0.217133768948625
lambda.x,0.005,7.8649,0.00017,0.217134125143138
lambda.x,0.005,7.8719,0.00012,0.2171343831569766
lambda.x,0.005,7.8789,9e-05,0.21713456982604978
lambda.x,0.005,7.8859,6e-05,0.2171347030460656
lambda.x,0.005,7.8929,4e-05,0.21713479178060135
lambda.x,0.005,7.8999,3e-05,0.21713485383813683
lambda.x,0.005,7.907,2e-05,0.21713489875927414
lambda.x,0.005,7.914,1e-05,0.21713492531018908
lambda.x,0.005,7.921,1e-05,0.21713494299254177
lambda.x,0.005,7.928,1e-05,0.21713496065927498
lambda.x,0.005,7.935,0.0,0.21713496948874017
lambda.x,0.005,7.942,0.0,0.21713496948874017
lambda.x,0.005,7.949,0.0,0.21713496948874017
lambda.x,0.005,7.956,0.0,0.21713496948874017
lambda.x,0.005,7.963,0.0,0.21713496948874017
lambda.x,0.005,7.97,0.0,0.21713496948874017
lambda.x,0.005,7.977,0.0,0.21713496948874017
lambda.x,0.005,7.984,0.0,0.21713496948874017
lambda.x,0.005,7.991,0.0,0.21713496948874017
lambda.x,0.005,7.998,0.0,0.21713496948874017
lambda.x,0.005,8.005,0.0,0.21713496948874017
lambda.x,0.005,8.012,0.0,0.21713496948874017
lambda.x,0.005,8.019,0.0,0.21713496948874017
lambda.x,0.005,8.026,1e-05,0.2171349782103948
lambda.x,0.005,8.033,1e-05,0.21713499564610395
lambda.x,0.005,8.04,1e-05,0.21713501306662614
lambda.x,0.005,8.047,2e-05,0.21713503917088178
lambda.x,0.005,8.054,3e-05,0.21713508264267029
lambda.x,0.005,8.061,5e-05,0.21713515213560144
lambda.x,0.005,8.068,7e-05,0.2171352562882951
lambda.x,0.005,8.075,9e-05,0.21713539504063398
lambda.x,0.005,8.082,0.00013,0.21713558565510194
lambda.x,0.005,8.089,0.00019,0.21713586267181245
lambda.x,0.005,8.096,0.00026,0.21713625189500238
lambda.x,0.005,8.1031,0.00037,0.21713680410574868
lambda.x,0.005,8.1101,0.00051,0.2171375639283668
lambda.x,0.005,8.1171,0.0007,0.21713860778409644
lambda.x,0.005,8.1241,0.00095,0.2171400300001754
lambda.x,0.005,8.1311,0.00128,0.21714195049431093
lambda.x,0.005,8.1381,0.00172,0.2171445318970454
lambda.x,0.005,8.1451,0.0023,0.21714798800639037
lambda.x,0.005,8.1521,0.00305,0.21715258361200607
lambda.x,0.005,8.1591,0.00402,0.21715865147889085
lambda.x,0.005,8.1661,0.00526,0.217166609272987
lambda.x,0.005,8.1731,0.00683,0.21717696783487783
lambda.x,0.005,8.1801,0.00882,0.21719036509747158
lambda.x,0.005,8.1871,0.01131,0.21720758277321695
lambda.x,0.005,8.1941,0.0144,0.21722955439800007
lambda.x,0.005,8.2011,0.01822,0.2172574075043807
lambda.x,0.005,8.2081,0.02289,0.2172924800377327
lambda.x,0.005,8.2151,0.02857,0.2173363451941796
lambda.x,0.005,8.2221,0.03543,0.21739085321638416
lambda.x,0.005,8.2291,0.04364,0.21745813896413146
lambda.x,0.005,8.2361,0.0534,0.21754064644381807
lambda.x,0.005,8.2431,0.06492,0.2176411617473945
lambda.x,0.005,8.2501,0.0784,0.2177628118980853
lambda.x,0.005,8.2571,0.09407,0.2179090806416927
lambda.x,0.005,8.2641,0.11215,0.218083824199777
lambda.x,0.005,8.2711,0.13283,0.21829123614819287
lambda.x,0.005,8.2781,0.15634,0.21853585471007264
lambda.x,0.005,8.2851,0.18284,0.2188225362724963
lambda.x,0.005,8.2921,0.21249,0.2191563951692897
lambda.x,0.005,8.2991,0.24542,0.2195427775064319
lambda.x,0.005,8.3062,0.28171,0.21999353883153078
lambda.x,0.005,8.3132,0.32141,0.2205015864985946
lambda.x,0.005,8.3202,0.36452,0.22107890488851722
lambda.x,0.005,8.3272,0.41097,0.22173105408163074
lambda.x,0.005,8.3342,0.46067,0.22246344570691648
lambda.x,0.005,8.3412,0.51345,0.2232812595056411
lambda.x,0.005,8.3482,0.5691,0.22418934343255592
lambda.x,0.005,8.3552,0.62736,0.22519213933795823
lambda.x,0.005,8.3622,0.68792,0.2262936005829081
lambda.x,0.005,8.3692,0.75045,0.227497135091128
lambda.x,0.005,8.3762,0.81458,0.22880555701698524
lambda.x,0.005,8.3832,0.87991,0.23022103025132504
lambda.x,0.005,8.3902,0.94605,0.2317450538853888
lambda.x,0.005,8.3972,1.01258,0.23337844776321895
lambda.x,0.005,8.4042,1.0791,0.23512134639559656
lambda.x,0.005,8.4112,1.14522,0.23697322622299302
lambda.x,0.005,8.4182,1.21054,0.2389329078122398
lambda.x,0.005,8.4252,1.27471,0.2409985912638528
lambda.x,0.005,8.4322,1.33735,0.2431678749107812
lambda.x,0.005,8.4392,1.39812,0.24543776558974334
lambda.x,0.005,8.4462,1.45668,0.24780471378145721
lambda.x,0.005,8.4532,1.51269,0.2502646154542547
lambda.x,0.005,8.4602,1.56581,0.25281281390006227
lambda.x,0.005,8.4672,1.6157,0.2554441015627958
lambda.x,0.005,8.4742,1.66198,0.2581526888177272
lambda.x,0.005,8.4812,1.70427,0.2609321728524207
lambda.x,0.005,8.4882,1.74217,0.26377552319680514
lambda.x,0.005,8.4952,1.77525,0.2666750425794224
lambda.x,0.005,8.5023,1.8031,0.2696644477080937
lambda.x,0.005,8.5093,1.82526,0.27265046436391144
lambda.x,0.005,8.5163,1.8413,0.2756654392458718
lambda.x,0.005,8.5233,1.85082,0.27869893967844356
lambda.x,0.005,8.5303,1.85343,0.2817399101327175
lambda.x,0.005,8.5373,1.84881,0.28477673987128643
lambda.x,0.005,8.5443,1.83671,0.28779737951187523
lambda.x,0.005,8.5513,1.81697,0.29078947348546974
lambda.x,0.005,8.5583,1.78952,0.2937405083243296
lambda.x,0.005,8.5653,1.75441,0.29663798486134074
lambda.x,0.005,8.5723,1.71184,0.29946963874108146
lambda.x,0.005,8.5793,1.66209,0.3022236274142663
lambda.x,0.005,8.5863,1.60562,0.30488874078054223
lambda.x,0.005,8.5933,1.54299,0.3074546273313093
lambda.x,0.005,8.6003,1.47485,0.3099119460654409
lambda.x,0.005,8.6073,1.40199,0.3122525503109058
lambda.x,0.005,8.6143,1.32525,0.31446963832824054
lambda.x,0.005,8.6213,1.24555,0.31655785452630736
lambda.x,0.005,8.6283,1.16381,0.3185133497229268
lambda.x,0.005,8.6353,1.081,0.320333816789663
lambda.x,0.005,8.6423,0.99804,0.3220184856866097
lambda.x,0.005,8.6493,0.91583,0.32356806179961245
lambda.x,0.005,8.6563,0.83522,0.32498466454658226
lambda.x,0.005,8.6633,0.75695,0.3262716934917455
lambda.x,0.005,8.6703,0.6817,0.3274336868878197
lambda.x,0.005,8.6773,0.61004,0.32847618082162305
lambda.x,0.005,8.6843,0.54242,0.32940552053187566
lambda.x,0.005,8.6913,0.47919,0.33022868053466287
lambda.x,0.005,8.6983,0.4206,0.3309531015810506
lambda.x,0.005,8.7054,0.36676,0.3315955411632707
lambda.x,0.005,8.7124,0.31773,0.3321457333466453
lambda.x,0.005,8.7194,0.27344,0.332620534017202
lambda.x,0.005,8.7264,0.23377,0.3330275754819345
lambda.x,0.005,8.7334,0.19854,0.33337423115468634
lambda.x,0.005,8.7404,0.1675,0.33366751223304636
lambda.x,0.005,8.7474,0.14038,0.33391399679191536
lambda.x,0.005,8.7544,0.11686,0.3341197751846849
lambda.x,0.005,8.7614,0.09664,0.33429042760177435
lambda.x,0.005,8.7684,0.07939,0.33443101772994277
lambda.x,0.005,8.7754,0.06479,0.334546078428152
lambda.x,0.005,8.7824,0.05253,0.334639629367966
lambda.x,0.005,8.7894,0.04232,0.3347152025678154
lambda.x,0.005,8.7964,0.03389,0.33477587578977464
lambda.x,0.005,8.8034,0.027,0.3348243137549825
lambda.x,0.005,8.8104,0.02141,0.33486279331128477
lambda.x,0.005,8.8174,0.01694,0.3348932522985201
lambda.x,0.005,8.8244,0.01341,0.3349173382577765
lambda.x,0.005,8.8314,0.01068,0.3349364410572027
lambda.x,0.005,8.8384,0.00864,0.3349517491736879
lambda.x,0.005,8.8454,0.0072,0.3349642899180378
lambda.x,0.005,8.8524,0.00628,0.3349749536798581
lambda.x,0.005,8.8594,0.00585,0.3349845417739948
lambda.x,0.005,8.8664,0.00588,0.3349938062280533
lambda.x,0.005,8.8734,0.00638,0.33500348149297027
lambda.x,0.005,8.8804,0.00739,0.33501433970106226
lambda.x,0.005,8.8874,0.00894,0.33502720631855626
lambda.x,0.005,8.8944,0.01114,0.33504301506226086
lambda.x,0.005,8.9015,0.01407,0.33506313011446415
lambda.x,0.005,8.9085,0.01788,0.33508824404509124
lambda.x,0.005,8.9155,0.02273,0.33512013999557333
lambda.x,0.005,8.9225,0.02883,0.3351606045430802
lambda.x,0.005,8.9295,0.03639,0.3352117494366019
lambda.x,0.005,8.9365,0.04568,0.33527605757598006
lambda.x,0.005,8.9435,0.057,0.3353564523285292
lambda.x,0.005,8.9505,0.07067,0.33545633527292834
lambda.x,0.005,8.9575,0.08703,0.33557961597477215
lambda.x,0.005,8.9645,0.10648,0.3357307728801374
lambda.x,0.005,8.9715,0.12939,0.33591487498348593
lambda.x,0.005,8.9785,0.15617,0.33613758776340824
lambda.x,0.005,8.9855,0.18722,0.3364051947184944
lambda.x,0.005,8.9925,0.22292,0.33672457208338274
lambda.x,0.005,8.9995,0.26363,0.3371031558589031
lambda.x,0.005,9.0065,0.30965,0.3375488778817348
lambda.x,0.005,9.0135,0.36125,0.3380700943520878
lambda.x,0.005,9.0205,0.41858,0.338675468096311
lambda.x,0.005,9.0275,0.48171,0.33937381246146675
lambda.x,0.005,9.0345,0.5506,0.34017394358705333
lambda.x,0.005,9.0415,0.62507,0.3410844867783121
lambda.x,0.005,9.0485,0.7048,0.3421136604025121
lambda.x,0.005,9.0555,0.78931,0.3432690451605925
lambda.x,0.005,9.0625,0.87794,0.34455732334172445
lambda.x,0.005,9.0695,0.96989,0.3459840345089065
lambda.x,0.005,9.0765,1.06421,0.3475533552875559
lambda.x,0.005,9.0835,1.15976,0.3492678414655756
lambda.x,0.005,9.0905,1.25532,0.3511282249654058
lambda.x,0.005,9.0975,1.34952,0.35313324244045835
lambda.x,0.005,9.1046,1.44094,0.3553101358571866
lambda.x,0.005,9.1116,1.52811,0.3575919639650478
lambda.x,0.005,9.1186,1.60955,0.3600015265962818
lambda.x,0.005,9.1256,1.68383,0.36252873676648995
lambda.x,0.005,9.1326,1.74957,0.36516137603043863
lambda.x,0.005,9.1396,1.80553,0.36788524656447813
lambda.x,0.005,9.1466,1.85063,0.3706844069039298
lambda.x,0.005,9.1536,1.88399,0.3735414526740696
lambda.x,0.005,9.1606,1.90492,0.37643781919578684
lambda.x,0.005,9.1676,1.91301,0.37935414401436596
lambda.x,0.005,9.1746,1.90809,0.3822706662460623
lambda.x,0.005,9.1816,1.89026,0.38516761675454647
lambda.x,0.005,9.1886,1.85988,0.38802562209429997
lambda.x,0.005,9.1956,1.81757,0.39082609929780204
lambda.x,0.005,9.2026,1.76416,0.3935516111279267
lambda.x,0.005,9.2096,1.7007,0.3961861895477173
lambda.x,0.005,9.2166,1.62839,0.3987156123971447
lambda.x,0.005,9.2236,1.54857,0.4011276182653427
lambda.x,0.005,9.2306,1.46266,0.4034120674577213
lambda.x,0.005,9.2376,1.37214,0.4055610416966124
lambda.x,0.005,9.2446,1.27848,0.40756887528492236
lambda.x,0.005,9.2516,1.18312,0.4094321180153286
lambda.x,0.005,9.2586,1.08745,0.41114946796612944
lambda.x,0.005,9.2656,0.99272,0.4127216214365112
lambda.x,0.005,9.2726,0.9001,0.4141511007496624
lambda.x,0.005,9.2796,0.81058,0.4154420525661274
lambda.x,0.005,9.2866,0.725,0.41659999413641635
lambda.x,0.005,9.2936,0.64406,0.41763159065491784
lambda.x,0.005,9.3007,0.56827,0.4185574388691744
lambda.x,0.005,9.3077,0.49799,0.41935965787982216
lambda.x,0.005,9.3147,0.43344,0.4200599092725313
lambda.x,0.005,9.3217,0.3747,0.42066701528453343
lambda.x,0.005,9.3287,0.32172,0.4211898008420069
lambda.x,0.005,9.3357,0.27435,0.42163692102248607
lambda.x,0.005,9.3427,0.23237,0.4220167341356509
lambda.x,0.005,9.3497,0.19548,0.4223371902700111
lambda.x,0.005,9.3567,0.16333,0.42260573521358225
lambda.x,0.005,9.3637,0.13554,0.42282925212902084
lambda.x,0.005,9.3707,0.11171,0.4230140258681562
lambda.x,0.005,9.3777,0.09145,0.4231657372834135
lambda.x,0.005,9.3847,0.07435,0.4232894575771947
lambda.x,0.005,9.3917,0.06004,0.42338966501578496
lambda.x,0.005,9.3987,0.04816,0.4234702839578793
lambda.x,0.005,9.4057,0.03836,0.4235347013942777
lambda.x,0.005,9.4127,0.03035,0.4235858206098611
lambda.x,0.005,9.4197,0.02385,0.4236261146737896
lambda.x,0.005,9.4267,0.01862,0.42365766485194956
lambda.x,0.005,9.4337,0.01443,0.42368219889339526
lambda.x,0.005,9.4407,0.01111,0.42370114398766834
lambda.x,0.005,9.4477,0.0085,0.42371567955337813
lambda.x,0.005,9.4547,0.00646,0.4237267601889143
lambda.x,0.005,9.4617,0.00487,0.42373514594196554
lambda.x,0.005,9.4687,0.00365,0.42374144725266566
lambda.x,0.005,9.4757,0.00272,0.42374615496698215
lambda.x,0.005,9.4827,0.00202,0.4237496554537055
lambda.x,0.005,9.4897,0.00149,0.42375224567657405
lambda.x,0.005,9.4967,0.0011,0.4237541555709168
lambda.x,0.005,9.5038,0.00081,0.4237555830882231
lambda.x,0.005,9.5108,0.00061,0.4237566286549708
lambda.x,0.005,9.5178,0.00046,0.4237574159317305
lambda.x,0.005,9.5248,0.00037,0.4237580261669264
lambda.x,0.005,9.5318,0.00032,0.4237585330914792
lambda.x,0.005,9.5388,0.0003,0.42375898824779024
lambda.x,0.005,9.5458,0.00031,0.423759435726375
lambda.x,0.005,9.5528,0.00035,0.42375991952078873
lambda.x,0.005,9.5598,0.00042,0.42376048352791074
lambda.x,0.005,9.5668,0.00053,0.42376117886519854
lambda.x,0.005,9.5738,0.00067,0.4237620565432988
lambda.x,0.005,9.5808,0.00085,0.42376316745566
lambda.x,0.005,9.5878,0.00108,0.4237645769914488
lambda.x,0.005,9.5948,0.00137,0.4237663649932325
lambda.x,0.005,9.6018,0.00174,0.42376863300511547
lambda.x,0.005,9.6088,0.00219,0.4237714969298079
lambda.x,0.005,9.6158,0.00274,0.4237750869761783
lambda.x,0.005,9.6228,0.0034,0.4237795549026068
lambda.x,0.005,9.6298,0.0042,0.42378508121811165
lambda.x,0.005,9.6368,0.00516,0.4237918823731798
lambda.x,0.005,9.6438,0.00629,0.42380019613299696
lambda.x,0.005,9.6508,0.00761,0.4238102815103122
lambda.x,0.005,9.6578,0.00916,0.42382244045316125
lambda.x,0.005,9.6648,0.01094,0.4238370032453921
lambda.x,0.005,9.6718,0.01299,0.42385432840360393
lambda.x,0.005,9.6788,0.01533,0.42387481708101377
lambda.x,0.005,9.6858,0.01796,0.4238988840253888
lambda.x,0.005,9.6928,0.02092,0.42392697197301826
lambda.x,0.005,9.6998,0.0242,0.42395954437212446
lambda.x,0.005,9.7069,0.02782,0.423997606757412
lambda.x,0.005,9.7139,0.03178,0.4240405699785821
lambda.x,0.005,9.7209,0.03608,0.42408945231544637
lambda.x,0.005,9.7279,0.0407,0.42414472034533296
lambda.x,0.005,9.7349,0.04563,0.4242068180564831
lambda.x,0.005,9.7419,0.05084,0.424276159732717
lambda.x,0.005,9.7489,0.0563,0.4243531156678513
lambda.x,0.005,9.7559,0.06197,0.4244380051168529
lambda.x,0.005,9.7629,0.06781,0.4245310892671185
lambda.x,0.005,9.7699,0.07375,0.424632549910362
lambda.x,0.005,9.7769,0.07974,0.4247424824949316
lambda.x,0.005,9.7839,0.08572,0.4248609035378708
lambda.x,0.005,9.7909,0.09162,0.42498773654661237
lambda.x,0.005,9.7979,0.09738,0.4251228122797566
lambda.x,0.005,9.8049,0.10291,0.42526585473856376
lambda.x,0.005,9.8119,0.10816,0.42541648859060605
lambda.x,0.005,9.8189,0.11306,0.42557425373172275
lambda.x,0.005,9.8259,0.11755,0.42573859839347156
lambda.x,0.005,9.8329,0.12157,0.4259088865282797
lambda.x,0.005,9.8399,0.12507,0.4260844051632443
lambda.x,0.005,9.8469,0.12801,0.4262643788416869
lambda.x,0.005,9.8539,0.13036,0.42644798401339484
lambda.x,0.005,9.8609,0.13209,0.42663435627502505
lambda.x,0.005,9.8679,0.13317,0.42682259048606513
lambda.x,0.005,9.8749,0.13361,0.4270117692391011
lambda.x,0.005,9.8819,0.13341,0.4272009841656756
lambda.x,0.005,9.8889,0.13257,0.4273893288270201
lambda.x,0.005,9.8959,0.13111,0.4275759128558663
lambda.x,0.005,9.903,0.12906,0.4277625103392675
lambda.x,0.005,9.91,0.12644,0.4279430490464629
lambda.x,0.005,9.917,0.1233,0.4281193932213791
lambda.x,0.005,9.924,0.11967,0.4282908361099906
lambda.x,0.005,9.931,0.11561,0.42845673590594663
lambda.x,0.005,9.938,0.11117,0.4286165296697756
lambda.x,0.005,9.945,0.10639,0.42876971902436734
lambda.x,0.005,9.952,0.10134,0.4289158840358291
lambda.x,0.005,9.959,0.09607,0.42905469003653324
lambda.x,0.005,9.966,0.09063,0.4291858733278228
lambda.x,0.005,9.973,0.08509,0.42930925501859263
lambda.x,0.005,9.98,0.07949,0.4294247337831005
lambda.x,0.005,9.987,0.07389,0.4295322786195442
lambda.x,0.005,9.994,0.06834,0.42963193566700186
lambda.x,0.005,10.001,0.06288,0.429723813985874
lambda.x,0.005,10.008,0.05755,0.4298080783824759
lambda.x,0.005,10.015,0.0524,0.4298849562426441
lambda.x,0.005,10.022,0.04746,0.42995473037709203
lambda.x,0.005,10.029,0.04275,0.43001771791757504
lambda.x,0.005,10.036,0.03829,0.4300742632413374
lambda.x,0.005,10.043,0.03411,0.43012474486515373
lambda.x,0.005,10.05,0.03022,0.43016956838986814
lambda.x,0.005,10.057,0.02661,0.4302091385739482
lambda.x,0.005,10.064,0.0233,0.43024386628161865
lambda.x,0.005,10.071,0.02028,0.4302741684804031
lambda.x,0.005,10.078,0.01755,0.43030045431801306
lambda.x,0.005,10.085,0.0151,0.43032312514889365
lambda.x,0.005,10.092,0.01291,0.4303425606786584
lambda.x,0.005,10.099,0.01097,0.4303591190193181
lambda.x,0.005,10.1061,0.00927,0.4303733439683755
lambda.x,0.005,10.1131,0.00778,0.4303851499374771
lambda.x,0.005,10.1201,0.00649,0.43039502411813363
lambda.x,0.005,10.1271,0.00538,0.4304032319390895
lambda.x,0.005,10.1341,0.00443,0.43041001063982703
lambda.x,0.005,10.1411,0.00362,0.43041556934842484
lambda.x,0.005,10.1481,0.00295,0.43042010295483385
lambda.x,0.005,10.1551,0.00238,0.430423778373495
lambda.x,0.005,10.1621,0.00191,0.43042673460142866
lambda.x,0.005,10.1691,0.00152,0.4304290965813198
lambda.x,0.005,10.1761,0.00121,0.4304309752307187
lambda.x,0.005,10.1831,0.00095,0.43043246061595475
lambda.x,0.005,10.1901,0.00074,0.430433621995264
lambda.x,0.005,10.1971,0.00058,0.4304345284842026
lambda.x,0.005,10.2041,0.00045,0.4304352353360628
lambda.x,0.005,10.2111,0.00034,0.43043577711519493
lambda.x,0.005,10.2181,0.00026,0.43043618831018793
lambda.x,0.005,10.2251,0.0002,0.4304365033434695
lambda.x,0.005,10.2321,0.00015,0.4304367428796767
lambda.x,0.005,10.2391,0.00011,0.4304369206998296
lambda.x,0.005,10.2461,8e-05,0.4304370505566935
lambda.x,0.005,10.2531,6e-05,0.4304371461748563
lambda.x,0.005,10.2601,4e-05,0.43043721442825955
lambda.x,0.005,10.2671,3e-05,0.4304372621721241
lambda.x,0.005,10.2741,2e-05,0.4304372962523039
lambda.x,0.005,10.2811,2e-05,0.4304373234960216
lambda.x,0.005,10.2881,1e-05,0.43043734391721894
lambda.x,0.005,10.2951,1e-05,0.4304373575205475
lambda.x,0.005,10.3022,1e-05,0.43043737130876414
lambda.x,0.005,10.3092,0.0,0.43043737810342936
lambda.x,0.005,10.3162,0.0,0.43043737810342936
lambda.x,0.005,10.3232,0.0,0.43043737810342936
lambda.x,0.005,10.3302,0.0,0.43043737810342936
lambda.x,0.005,10.3372,0.0,0.43043737810342936
lambda.x,0.005,10.3442,0.0,0.43043737810342936
lambda.x,0.005,10.3512,0.0,0.43043737810342936
lambda.x,0.005,10.3582,0.0,0.43043737810342936
lambda.x,0.005,10.3652,0.0,0.43043737810342936
lambda.x,0.005,10.3722,0.0,0.43043737810342936
lambda.x,0.005,10.3792,0.0,0.43043737810342936
lambda.x,0.005,10.3862,0.0,0.43043737810342936
lambda.x,0.005,10.3932,0.0,0.43043737810342936
lambda.x,0.005,10.4002,0.0,0.43043737810342936
lambda.x,0.005,10.4072,0.0,0.43043737810342936
lambda.x,0.005,10.4142,0.0,0.43043737810342936
lambda.x,0.005,10.4212,0.0,0.43043737810342936
lambda.x,0.005,10.4282,0.0,0.43043737810342936
lambda.x,0.005,10.4352,0.0,0.43043737810342936
lambda.x,0.005,10.4422,0.0,0.43043737810342936
lambda.x,0.005,10.4492,0.0,0.43043737810342936
lambda.x,0.005,10.4562,0.0,0.43043737810342936
lambda.x,0.005,10.4632,0.0,0.43043737810342936
lambda.x,0.005,10.4702,0.0,0.43043737810342936
lambda.x,0.005,10.4772,0.0,0.43043737810342936
lambda.x,0.005,10.4842,0.0,0.43043737810342936
lambda.x,0.005,10.4912,0.0,0.43043737810342936
lambda.x,0.005,10.4982,0.0,0.43043737810342936
lambda.x,0.005,10.5053,0.0,0.43043737810342936
lambda.x,0.005,10.5123,0.0,0.43043737810342936
lambda.x,0.005,10.5193,0.0,0.43043737810342936
lambda.x,0.005,10.5263,0.0,0.43043737810342936
lambda.x,0.005,10.5333,0.0,0.43043737810342936
lambda.x,0.005,10.5403,0.0,0.43043737810342936
lambda.x,0.005,10.5473,0.0,0.43043737810342936
lambda.x,0.005,10.5543,0.0,0.43043737810342936
lambda.x,0.005,10.5613,0.0,0.43043737810342936
lambda.x,0.005,10.5683,0.0,0.43043737810342936
lambda.x,0.005,10.5753,0.0,0.43043737810342936
lambda.x,0.005,10.5823,0.0,0.43043737810342936
lambda.x,0.005,10.5893,0.0,0.43043737810342936
lambda.x,0.005,10.5963,0.0,0.43043737810342936
lambda.x,0.005,10.6033,0.0,0.43043737810342936
lambda.x,0.005,10.6103,0.0,0.43043737810342936
lambda.x,0.005,10.6173,0.0,0.43043737810342936
lambda.x,0.005,10.6243,0.0,0.43043737810342936
lambda.x,0.005,10.6313,0.0,0.43043737810342936
lambda.x,0.005,10.6383,0.0,0.43043737810342936
lambda.x,0.005,10.6453,0.0,0.43043737810342936
lambda.x,0.005,10.6523,0.0,0.43043737810342936
lambda.x,0.005,10.6593,0.0,0.43043737810342936
lambda.x,0.005,10.6663,0.0,0.43043737810342936
lambda.x,0.005,10.6733,0.0,0.43043737810342936
lambda.x,0.005,10.6803,0.0,0.43043737810342936
lambda.x,0.005,10.6873,0.0,0.43043737810342936
lambda.x,0.005,10.6943,0.0,0.43043737810342936
lambda.x,0.005,10.7014,0.0,0.43043737810342936
lambda.x,0.005,10.7084,0.0,0.43043737810342936
lambda.x,0.005,10.7154,0.0,0.43043737810342936
lambda.x,0.005,10.7224,0.0,0.43043737810342936
lambda.x,0.005,10.7294,0.0,0.43043737810342936
lambda.x,0.005,10.7364,0.0,0.43043737810342936
lambda.x,0.005,10.7434,0.0,0.43043737810342936
lambda.x,0.005,10.7504,0.0,0.43043737810342936
lambda.x,0.005,10.7574,0.0,0.43043737810342936
lambda.x,0.005,10.7644,0.0,0.43043737810342936
lambda.x,0.005,10.7714,0.0,0.43043737810342936
lambda.x,0.005,10.7784,0.0,0.43043737810342936
lambda.x,0.005,10.7854,0.0,0.43043737810342936
lambda.x,0.005,10.7924,0.0,0.43043737810342936
lambda.x,0.005,10.7994,0.0,0.43043737810342936
lambda.x,0.005,10.8064,0.0,0.43043737810342936
lambda.x,0.005,10.8134,0.0,0.43043737810342936
lambda.x,0.005,10.8204,0.0,0.43043737810342936
lambda.x,0.005,10.8274,0.0,0.43043737810342936
lambda.x,0.005,10.8344,0.0,0.43043737810342936
lambda.x,0.005,10.8414,0.0,0.43043737810342936
lambda.x,0.005,10.8484,0.0,0.43043737810342936
lambda.x,0.005,10.8554,0.0,0.43043737810342936
lambda.x,0.005,10.8624,0.0,0.43043737810342936
lambda.x,0.005,10.8694,0.0,0.43043737810342936
lambda.x,0.005,10.8764,0.0,0.43043737810342936
lambda.x,0.005,10.8834,0.0,0.43043737810342936
lambda.x,0.005,10.8904,0.0,0.43043737810342936
lambda.x,0.005,10.8974,0.0,0.43043737810342936
lambda.x,0.005,10.9045,0.0,0.43043737810342936
lambda.x,0.005,10.9115,0.0,0.43043737810342936
lambda.x,0.005,10.9185,0.0,0.43043737810342936
lambda.x,0.005,10.9255,0.0,0.43043737810342936
lambda.x,0.005,10.9325,0.0,0.43043737810342936
lambda.x,0.005,10.9395,0.0,0.43043737810342936
lambda.x,0.005,10.9465,0.0,0.43043737810342936
lambda.x,0.005,10.9535,0.0,0.43043737810342936
lambda.x,0.005,10.9605,0.0,0.43043737810342936
lambda.x,0.005,10.9675,0.0,0.43043737810342936
lambda.x,0.005,10.9745,0.0,0.43043737810342936
lambda.x,0.005,10.9815,0.0,0.43043737810342936
lambda.x,0.005,10.9885,0.0,0.43043737810342936
lambda.x,0.005,10.9955,0.0,0.43043737810342936
lambda.x,0.005,11.0025,0.0,0.43043737810342936
lambda.x,0.005,11.0095,0.0,0.43043737810342936
lambda.x,0.005,11.0165,0.0,0.43043737810342936
lambda.x,0.005,11.0235,0.0,0.43043737810342936
lambda.x,0.005,11.0305,0.0,0.43043737810342936
lambda.x,0.005,11.0375,0.0,0.43043737810342936
lambda.x,0.005,11.0445,0.0,0.43043737810342936
lambda.x,0.005,11.0515,0.0,0.43043737810342936
lambda.x,0.005,11.0585,0.0,0.43043737810342936
lambda.x,0.005,11.0655,0.0,0.43043737810342936
lambda.x,0.005,11.0725,0.0,0.43043737810342936
lambda.x,0.005,11.0795,0.0,0.43043737810342936
lambda.x,0.005,11.0865,0.0,0.43043737810342936
lambda.x,0.005,11.0935,0.0,0.43043737810342936
lambda.x,0.005,11.1006,0.0,0.43043737810342936
lambda.x,0.005,11.1076,0.0,0.43043737810342936
lambda.x,0.005,11.1146,0.0,0.43043737810342936
lambda.x,0.005,11.1216,0.0,0.43043737810342936
lambda.x,0.005,11.1286,0.0,0.43043737810342936
lambda.x,0.005,11.1356,0.0,0.43043737810342936
lambda.x,0.005,11.1426,0.0,0.43043737810342936
lambda.x,0.005,11.1496,0.0,0.43043737810342936
lambda.x,0.005,11.1566,0.0,0.43043737810342936
lambda.x,0.005,11.1636,0.0,0.43043737810342936
lambda.x,0.005,11.1706,0.0,0.43043737810342936
lambda.x,0.005,11.1776,0.0,0.43043737810342936
lambda.x,0.005,11.1846,0.0,0.43043737810342936
lambda.x,0.005,11.1916,0.0,0.43043737810342936
lambda.x,0.005,11.1986,0.0,0.43043737810342936
lambda.x,0.005,11.2056,0.0,0.43043737810342936
lambda.x,0.005,11.2126,0.0,0.43043737810342936
lambda.x,0.005,11.2196,0.0,0.43043737810342936
lambda.x,0.005,11.2266,0.0,0.43043737810342936
lambda.x,0.005,11.2336,0.0,0.43043737810342936
lambda.x,0.005,11.2406,0.0,0.43043737810342936
lambda.x,0.005,11.2476,0.0,0.43043737810342936
lambda.x,0.005,11.2546,0.0,0.43043737810342936
lambda.x,0.005,11.2616,0.0,0.43043737810342936
lambda.x,0.005,11.2686,0.0,0.43043737810342936
lambda.x,0.005,11.2756,0.0,0.43043737810342936
lambda.x,0.005,11.2826,0.0,0.43043737810342936
lambda.x,0.005,11.2896,0.0,0.43043737810342936
lambda.x,0.005,11.2966,0.0,0.43043737810342936
lambda.x,0.005,11.3037,0.0,0.43043737810342936
lambda.x,0.005,11.3107,0.0,0.43043737810342936
lambda.x,0.005,11.3177,0.0,0.43043737810342936
lambda.x,0.005,11.3247,0.0,0.43043737810342936
lambda.x,0.005,11.3317,0.0,0.43043737810342936
lambda.x,0.005,11.3387,0.0,0.43043737810342936
lambda.x,0.005,11.3457,0.0,0.43043737810342936
lambda.x,0.005,11.3527,0.0,0.43043737810342936
lambda.x,0.005,11.3597,0.0,0.43043737810342936
lambda.x,0.005,11.3667,0.0,0.43043737810342936
lambda.x,0.005,11.3737,0.0,0.43043737810342936
lambda.x,0.005,11.3807,0.0,0.43043737810342936
lambda.x,0.005,11.3877,0.0,0.43043737810342936
lambda.x,0.005,11.3947,0.0,0.43043737810342936
lambda.x,0.005,11.4017,0.0,0.43043737810342936
lambda.x,0.005,11.4087,0.0,0.43043737810342936
lambda.x,0.005,11.4157,0.0,0.43043737810342936
lambda.x,0.005,11.4227,0.0,0.43043737810342936
lambda.x,0.005,11.4297,0.0,0.43043737810342936
lambda.x,0.005,11.4367,0.0,0.43043737810342936
lambda.x,0.005,11.4437,0.0,0.43043737810342936
lambda.x,0.005,11.4507,0.0,0.43043737810342936
lambda.x,0.005,11.4577,0.0,0.43043737810342936
lambda.x,0.005,11.4647,0.0,0.43043737810342936
lambda.x,0.005,11.4717,0.0,0.43043737810342936
lambda.x,0.005,11.4787,0.0,0.43043737810342936
lambda.x,0.005,11.4857,0.0,0.43043737810342936
lambda.x,0.005,11.4927,0.0,0.43043737810342936
lambda.x,0.005,11.4997,0.0,0.43043737810342936
lambda.x,0.005,11.5068,0.0,0.43043737810342936
lambda.x,0.005,11.5138,0.0,0.43043737810342936
lambda.x,0.005,11.5208,0.0,0.43043737810342936
lambda.x,0.005,11.5278,0.0,0.43043737810342936
lambda.x,0.005,11.5348,0.0,0.43043737810342936
lambda.x,0.005,11.5418,0.0,0.43043737810342936
lambda.x,0.005,11.5488,0.0,0.43043737810342936
lambda.x,0.005,11.5558,0.0,0.43043737810342936
lambda.x,0.005,11.5628,0.0,0.43043737810342936
lambda.x,0.005,11.5698,0.0,0.43043737810342936
lambda.x,0.005,11.5768,0.0,0.43043737810342936
lambda.x,0.005,11.5838,0.0,0.43043737810342936
lambda.x,0.005,11.5908,0.0,0.43043737810342936
lambda.x,0.005,11.5978,0.0,0.43043737810342936
lambda.x,0.005,11.6048,0.0,0.43043737810342936
lambda.x,0.005,11.6118,0.0,0.43043737810342936
lambda.x,0.005,11.6188,0.0,0.43043737810342936
lambda.x,0.005,11.6258,0.0,0.43043737810342936
lambda.x,0.005,11.6328,0.0,0.43043737810342936
lambda.x,0.005,11.6398,0.0,0.43043737810342936
lambda.x,0.005,11.6468,0.0,0.43043737810342936
lambda.x,0.005,11.6538,0.0,0.43043737810342936
lambda.x,0.005,11.6608,0.0,0.43043737810342936
lambda.x,0.005,11.6678,0.0,0.43043737810342936
lambda.x,0.005,11.6748,0.0,0.43043737810342936
lambda.x,0.005,11.6818,0.0,0.43043737810342936
lambda.x,0.005,11.6888,0.0,0.43043737810342936
lambda.x,0.005,11.6958,0.0,0.43043737810342936
lambda.x,0.005,11.7029,0.0,0.43043737810342936
lambda.x,0.005,11.7099,0.0,0.43043737810342936
lambda.x,0.005,11.7169,0.0,0.43043737810342936
lambda.x,0.005,11.7239,0.0,0.43043737810342936
lambda.x,0.005,11.7309,0.0,0.43043737810342936
lambda.x,0.005,11.7379,0.0,0.43043737810342936
lambda.x,0.005,11.7449,0.0,0.43043737810342936
lambda.x,0.005,11.7519,0.0,0.43043737810342936
lambda.x,0.005,11.7589,0.0,0.43043737810342936
lambda.x,0.005,11.7659,0.0,0.43043737810342936
lambda.x,0.005,11.7729,0.0,0.43043737810342936
lambda.x,0.005,11.7799,0.0,0.43043737810342936
lambda.x,0.005,11.7869,0.0,0.43043737810342936
lambda.x,0.005,11.7939,0.0,0.43043737810342936
lambda.x,0.005,11.8009,0.0,0.43043737810342936
lambda.x,0.005,11.8079,0.0,0.43043737810342936
lambda.x,0.005,11.8149,0.0,0.43043737810342936
lambda.x,0.005,11.8219,0.0,0.43043737810342936
lambda.x,0.005,11.8289,0.0,0.43043737810342936
lambda.x,0.005,11.8359,0.0,0.43043737810342936
lambda.x,0.005,11.8429,0.0,0.43043737810342936
lambda.x,0.005,11.8499,0.0,0.43043737810342936
lambda.x,0.005,11.8569,0.0,0.43043737810342936
lambda.x,0.005,11.8639,0.0,0.43043737810342936
lambda.x,0.005,11.8709,0.0,0.43043737810342936
lambda.x,0.005,11.8779,0.0,0.43043737810342936
lambda.x,0.005,11.8849,0.0,0.43043737810342936
lambda.x,0.005,11.8919,0.0,0.43043737810342936
lambda.x,0.005,11.8989,0.0,0.43043737810342936
lambda.x,0.005,11.906,0.0,0.43043737810342936
lambda.x,0.005,11.913,0.0,0.43043737810342936
lambda.x,0.005,11.92,0.0,0.43043737810342936
lambda.x,0.005,11.927,0.0,0.43043737810342936
lambda.x,0.005,11.934,0.0,0.43043737810342936
lambda.x,0.005,11.941,0.0,0.43043737810342936
lambda.x,0.005,11.948,0.0,0.43043737810342936
lambda.x,0.005,11.955,0.0,0.43043737810342936
lambda.x,0.005,11.962,0.0,0.43043737810342936
lambda.x,0.005,11.969,0.0,0.43043737810342936
lambda.x,0.005,11.976,0.0,0.43043737810342936
lambda.x,0.005,11.983,0.0,0.43043737810342936
lambda.x,0.005,11.99,0.0,0.43043737810342936
lambda.x,0.005,11.997,0.0,0.43043737810342936
lambda.x,0.005,12.004,0.0,0.43043737810342936
lambda.x,0.005,12.011,0.0,0.43043737810342936
lambda.x,0.005,12.018,0.0,0.43043737810342936
lambda.x,0.005,12.025,0.0,0.43043737810342936
lambda.x,0.005,12.032,0.0,0.43043737810342936
lambda.x,0.005,12.039,0.0,0.43043737810342936
lambda.x,0.005,12.046,0.0,0.43043737810342936
lambda.x,0.005,12.053,0.0,0.43043737810342936
lambda.x,0.005,12.06,0.0,0.43043737810342936
lambda.x,0.005,12.067,0.0,0.43043737810342936
lambda.x,0.005,12.074,0.0,0.43043737810342936
lambda.x,0.005,12.081,0.0,0.43043737810342936
lambda.x,0.005,12.088,0.0,0.43043737810342936
lambda.x,0.005,12.095,0.0,0.43043737810342936
lambda.x,0.005,12.1021,0.0,0.43043737810342936
lambda.x,0.005,12.1091,0.0,0.43043737810342936
lambda.x,0.005,12.1161,0.0,0.43043737810342936
lambda.x,0.005,12.1231,0.0,0.43043737810342936
lambda.x,0.005,12.1301,0.0,0.43043737810342936
lambda.x,0.005,12.1371,0.0,0.43043737810342936
lambda.x,0.005,12.1441,0.0,0.43043737810342936
lambda.x,0.005,12.1511,0.0,0.43043737810342936
lambda.x,0.005,12.1581,0.0,0.43043737810342936
lambda.x,0.005,12.1651,0.0,0.43043737810342936
lambda.x,0.005,12.1721,0.0,0.43043737810342936
lambda.x,0.005,12.1791,0.0,0.43043737810342936
lambda.x,0.005,12.1861,0.0,0.43043737810342936
lambda.x,0.005,12.1931,0.0,0.43043737810342936
lambda.x,0.005,12.2001,0.0,0.43043737810342936
lambda.x,0.005,12.2071,0.0,0.43043737810342936
lambda.x,0.005,12.2141,0.0,0.43043737810342936
lambda.x,0.005,12.2211,0.0,0.43043737810342936
lambda.x,0.005,12.2281,0.0,0.43043737810342936
lambda.x,0.005,12.2351,0.0,0.43043737810342936
lambda.x,0.005,12.2421,0.0,0.43043737810342936
lambda.x,0.005,12.2491,0.0,0.43043737810342936
lambda.x,0.005,12.2561,0.0,0.43043737810342936
lambda.x,0.005,12.2631,0.0,0.43043737810342936
lambda.x,0.005,12.2701,0.0,0.43043737810342936
lambda.x,0.005,12.2771,0.0,0.43043737810342936
lambda.x,0.005,12.2841,0.0,0.43043737810342936
lambda.x,0.005,12.2911,0.0,0.43043737810342936
lambda.x,0.005,12.2981,0.0,0.43043737810342936
lambda.x,0.005,12.3052,0.0,0.43043737810342936
lambda.x,0.005,12.3122,0.0,0.43043737810342936
lambda.x,0.005,12.3192,0.0,0.43043737810342936
lambda.x,0.005,12.3262,0.0,0.43043737810342936
lambda.x,0.005,12.3332,0.0,0.43043737810342936
lambda.x,0.005,12.3402,0.0,0.43043737810342936
lambda.x,0.005,12.3472,0.0,0.43043737810342936
lambda.x,0.005,12.3542,0.0,0.43043737810342936
lambda.x,0.005,12.3612,0.0,0.43043737810342936
lambda.x,0.005,12.3682,0.0,0.43043737810342936
lambda.x,0.005,12.3752,0.0,0.43043737810342936
lambda.x,0.005,12.3822,0.0,0.43043737810342936
lambda.x,0.005,12.3892,0.0,0.43043737810342936
lambda.x,0.005,12.3962,0.0,0.43043737810342936
lambda.x,0.005,12.4032,0.0,0.43043737810342936
lambda.x,0.005,12.4102,0.0,0.43043737810342936
lambda.x,0.005,12.4172,0.0,0.43043737810342936
lambda.x,0.005,12.4242,0.0,0.43043737810342936
lambda.x,0.005,12.4312,0.0,0.43043737810342936
lambda.x,0.005,12.4382,0.0,0.43043737810342936
lambda.x,0.005,12.4452,0.0,0.43043737810342936
lambda.x,0.005,12.4522,0.0,0.43043737810342936
lambda.x,0.005,12.4592,0.0,0.43043737810342936
lambda.x,0.005,12.4662,0.0,0.43043737810342936
lambda.x,0.005,12.4732,0.0,0.43043737810342936
lambda.x,0.005,12.4802,0.0,0.43043737810342936
lambda.x,0.005,12.4872,0.0,0.43043737810342936
lambda.x,0.005,12.4942,0.0,0.43043737810342936
lambda.x,0.005,12.5013,0.0,0.43043737810342936
lambda.x,0.005,12.5083,0.0,0.43043737810342936
lambda.x,0.005,12.5153,0.0,0.43043737810342936
lambda.x,0.005,12.5223,0.0,0.43043737810342936
lambda.x,0.005,12.5293,0.0,0.43043737810342936
lambda.x,0.005,12.5363,0.0,0.43043737810342936
lambda.x,0.005,12.5433,0.0,0.43043737810342936
lambda.x,0.005,12.5503,0.0,0.43043737810342936
lambda.x,0.005,12.5573,0.0,0.43043737810342936
lambda.x,0.005,12.5643,0.0,0.43043737810342936
lambda.x,0.005,12.5713,0.0,0.43043737810342936
lambda.x,0.005,12.5783,0.0,0.43043737810342936
lambda.x,0.005,12.5853,0.0,0.43043737810342936
lambda.x,0.005,12.5923,0.0,0.43043737810342936
lambda.x,0.005,12.5993,0.0,0.43043737810342936
lambda.x,0.005,12.6063,0.0,0.43043737810342936
lambda.x,0.005,12.6133,0.0,0.43043737810342936
lambda.x,0.005,12.6203,0.0,0.43043737810342936
lambda.x,0.005,12.6273,0.0,0.43043737810342936
lambda.x,0.005,12.6343,0.0,0.43043737810342936
lambda.x,0.005,12.6413,0.0,0.43043737810342936
lambda.x,0.005,12.6483,0.0,0.43043737810342936
lambda.x,0.005,12.6553,0.0,0.43043737810342936
lambda.x,0.005,12.6623,0.0,0.43043737810342936
lambda.x,0.005,12.6693,0.0,0.43043737810342936
lambda.x,0.005,12.6763,0.0,0.43043737810342936
lambda.x,0.005,12.6833,0.0,0.43043737810342936
lambda.x,0.005,12.6903,0.0,0.43043737810342936
lambda.x,0.005,12.6973,0.0,0.43043737810342936
lambda.x,0.005,12.7044,0.0,0.43043737810342936
lambda.x,0.005,12.7114,0.0,0.43043737810342936
lambda.x,0.005,12.7184,0.0,0.43043737810342936
lambda.x,0.005,12.7254,0.0,0.43043737810342936
lambda.x,0.005,12.7324,0.0,0.43043737810342936
lambda.x,0.005,12.7394,0.0,0.43043737810342936
lambda.x,0.005,12.7464,0.0,0.43043737810342936
lambda.x,0.005,12.7534,0.0,0.43043737810342936
lambda.x,0.005,12.7604,0.0,0.43043737810342936
lambda.x,0.005,12.7674,0.0,0.43043737810342936
lambda.x,0.005,12.7744,0.0,0.43043737810342936
lambda.x,0.005,12.7814,0.0,0.43043737810342936
lambda.x,0.005,12.7884,0.0,0.43043737810342936
lambda.x,0.005,12.7954,0.0,0.43043737810342936
lambda.x,0.005,12.8024,0.0,0.43043737810342936
lambda.x,0.005,12.8094,0.0,0.43043737810342936
lambda.x,0.005,12.8164,0.0,0.43043737810342936
lambda.x,0.005,12.8234,0.0,0.43043737810342936
lambda.x,0.005,12.8304,0.0,0.43043737810342936
lambda.x,0.005,12.8374,0.0,0.43043737810342936
lambda.x,0.005,12.8444,0.0,0.43043737810342936
lambda.x,0.005,12.8514,0.0,0.43043737810342936
lambda.x,0.005,12.8584,0.0,0.43043737810342936
lambda.x,0.005,12.8654,0.0,0.43043737810342936
lambda.x,0.005,12.8724,0.0,0.43043737810342936
lambda.x,0.005,12.8794,0.0,0.43043737810342936
lambda.x,0.005,12.8864,0.0,0.43043737810342936
lambda.x,0.005,12.8934,0.0,0.43043737810342936
lambda.x,0.005,12.9005,0.0,0.43043737810342936
lambda.x,0.005,12.9075,0.0,0.43043737810342936
lambda.x,0.005,12.9145,0.0,0.43043737810342936
lambda.x,0.005,12.9215,0.0,0.43043737810342936
lambda.x,0.005,12.9285,0.0,0.43043737810342936
lambda.x,0.005,12.9355,0.0,0.43043737810342936
lambda.x,0.005,12.9425,0.0,0.43043737810342936
lambda.x,0.005,12.9495,0.0,0.43043737810342936
lambda.x,0.005,12.9565,0.0,0.43043737810342936
lambda.x,0.005,12.9635,0.0,0.43043737810342936
lambda.x,0.005,12.9705,0.0,0.43043737810342936
lambda.x,0.005,12.9775,0.0,0.43043737810342936
lambda.x,0.005,12.9845,0.0,0.43043737810342936
lambda.x,0.005,12.9915,0.0,0.43043737810342936
lambda.x,0.005,12.9985,0.0,0.43043737810342936
lambda.x,0.005,13.0055,0.0,0.43043737810342936
lambda.x,0.005,13.0125,0.0,0.43043737810342936
lambda.x,0.005,13.0195,0.0,0.43043737810342936
lambda.x,0.005,13.0265,0.0,0.43043737810342936
lambda.x,0.005,13.0335,0.0,0.43043737810342936
lambda.x,0.005,13.0405,0.0,0.43043737810342936
lambda.x,0.005,13.0475,0.0,0.43043737810342936
lambda.x,0.005,13.0545,0.0,0.43043737810342936
lambda.x,0.005,13.0615,0.0,0.43043737810342936
lambda.x,0.005,13.0685,0.0,0.43043737810342936
lambda.x,0.005,13.0755,0.0,0.43043737810342936
lambda.x,0.005,13.0825,0.0,0.43043737810342936
lambda.x,0.005,13.0895,0.0,0.43043737810342936
lambda.x,0.005,13.0965,0.0,0.43043737810342936
lambda.x,0.005,13.1036,0.0,0.43043737810342936
lambda.x,0.005,13.1106,0.0,0.43043737810342936
lambda.x,0.005,13.1176,0.0,0.43043737810342936
lambda.x,0.005,13.1246,0.0,0.43043737810342936
lambda.x,0.005,13.1316,0.0,0.43043737810342936
lambda.x,0.005,13.1386,0.0,0.43043737810342936
lambda.x,0.005,13.1456,0.0,0.43043737810342936
lambda.x,0.005,13.1526,0.0,0.43043737810342936
lambda.x,0.005,13.1596,0.0,0.43043737810342936
lambda.x,0.005,13.1666,0.0,0.43043737810342936
lambda.x,0.005,13.1736,0.0,0.43043737810342936
lambda.x,0.005,13.1806,0.0,0.43043737810342936
lambda.x,0.005,13.1876,0.0,0.43043737810342936
lambda.x,0.005,13.1946,0.0,0.43043737810342936
lambda.x,0.005,13.2016,0.0,0.43043737810342936
lambda.x,0.005,13.2086,0.0,0.43043737810342936
lambda.x,0.005,13.2156,0.0,0.43043737810342936
lambda.x,0.005,13.2226,0.0,0.43043737810342936
lambda.x,0.005,13.2296,0.0,0.43043737810342936
lambda.x,0.005,13.2366,0.0,0.43043737810342936
lambda.x,0.005,13.2436,0.0,0.43043737810342936
lambda.x,0.005,13.2506,0.0,0.43043737810342936
lambda.x,0.005,13.2576,0.0,0.43043737810342936
lambda.x,0.005,13.2646,0.0,0.43043737810342936
lambda.x,0.005,13.2716,0.0,0.43043737810342936
lambda.x,0.005,13.2786,0.0,0.43043737810342936
lambda.x,0.005,13.2856,0.0,0.43043737810342936
lambda.x,0.005,13.2926,0.0,0.43043737810342936
lambda.x,0.005,13.2996,0.0,0.43043737810342936
lambda.x,0.005,13.3067,0.0,0.43043737810342936
lambda.x,0.005,13.3137,0.0,0.43043737810342936
lambda.x,0.005,13.3207,0.0,0.43043737810342936
lambda.x,0.005,13.3277,0.0,0.43043737810342936
lambda.x,0.005,13.3347,0.0,0.43043737810342936
lambda.x,0.005,13.3417,0.0,0.43043737810342936
lambda.x,0.005,13.3487,0.0,0.43043737810342936
lambda.x,0.005,13.3557,0.0,0.43043737810342936
lambda.x,0.005,13.3627,0.0,0.43043737810342936
lambda.x,0.005,13.3697,0.0,0.43043737810342936
lambda.x,0.005,13.3767,0.0,0.43043737810342936
lambda.x,0.005,13.3837,0.0,0.43043737810342936
lambda.x,0.005,13.3907,0.0,0.43043737810342936
lambda.x,0.005,13.3977,0.0,0.43043737810342936
lambda.x,0.005,13.4047,0.0,0.43043737810342936
lambda.x,0.005,13.4117,0.0,0.43043737810342936
lambda.x,0.005,13.4187,0.0,0.43043737810342936
lambda.x,0.005,13.4257,0.0,0.43043737810342936
lambda.x,0.005,13.4327,0.0,0.43043737810342936
lambda.x,0.005,13.4397,0.0,0.43043737810342936
lambda.x,0.005,13.4467,0.0,0.43043737810342936
lambda.x,0.005,13.4537,0.0,0.43043737810342936
lambda.x,0.005,13.4607,0.0,0.43043737810342936
lambda.x,0.005,13.4677,0.0,0.43043737810342936
lambda.x,0.005,13.4747,0.0,0.43043737810342936
lambda.x,0.005,13.4817,0.0,0.43043737810342936
lambda.x,0.005,13.4887,0.0,0.43043737810342936
lambda.x,0.005,13.4957,0.0,0.43043737810342936
lambda.x,0.005,13.5028,0.0,0.43043737810342936
lambda.x,0.005,13.5098,0.0,0.43043737810342936
lambda.x,0.005,13.5168,0.0,0.43043737810342936
lambda.x,0.005,13.5238,0.0,0.43043737810342936
lambda.x,0.005,13.5308,0.0,0.43043737810342936
lambda.x,0.005,13.5378,0.0,0.43043737810342936
lambda.x,0.005,13.5448,0.0,0.43043737810342936
lambda.x,0.005,13.5518,0.0,0.43043737810342936
lambda.x,0.005,13.5588,0.0,0.43043737810342936
lambda.x,0.005,13.5658,0.0,0.43043737810342936
lambda.x,0.005,13.5728,0.0,0.43043737810342936
lambda.x,0.005,13.5798,0.0,0.43043737810342936
lambda.x,0.005,13.5868,0.0,0.43043737810342936
lambda.x,0.005,13.5938,0.0,0.43043737810342936
lambda.x,0.005,13.6008,0.0,0.43043737810342936
lambda.x,0.005,13.6078,0.0,0.43043737810342936
lambda.x,0.005,13.6148,0.0,0.43043737810342936
lambda.x,0.005,13.6218,0.0,0.43043737810342936
lambda.x,0.005,13.6288,0.0,0.43043737810342936
lambda.x,0.005,13.6358,0.0,0.43043737810342936
lambda.x,0.005,13.6428,0.0,0.43043737810342936
lambda.x,0.005,13.6498,0.0,0.43043737810342936
lambda.x,0.005,13.6568,0.0,0.43043737810342936
lambda.x,0.005,13.6638,0.0,0.43043737810342936
lambda.x,0.005,13.6708,0.0,0.43043737810342936
lambda.x,0.005,13.6778,0.0,0.43043737810342936
lambda.x,0.005,13.6848,0.0,0.43043737810342936
lambda.x,0.005,13.6918,0.0,0.43043737810342936
lambda.x,0.005,13.6988,0.0,0.43043737810342936
lambda.x,0.005,13.7059,0.0,0.43043737810342936
lambda.x,0.005,13.7129,0.0,0.43043737810342936
lambda.x,0.005,13.7199,0.0,0.43043737810342936
lambda.x,0.005,13.7269,0.0,0.43043737810342936
lambda.x,0.005,13.7339,0.0,0.43043737810342936
lambda.x,0.005,13.7409,0.0,0.43043737810342936
lambda.x,0.005,13.7479,0.0,0.43043737810342936
lambda.x,0.005,13.7549,0.0,0.43043737810342936
lambda.x,0.005,13.7619,0.0,0.43043737810342936
lambda.x,0.005,13.7689,0.0,0.43043737810342936
lambda.x,0.005,13.7759,0.0,0.43043737810342936
lambda.x,0.005,13.7829,0.0,0.43043737810342936
lambda.x,0.005,13.7899,0.0,0.43043737810342936
lambda.x,0.005,13.7969,0.0,0.43043737810342936
lambda.x,0.005,13.8039,0.0,0.43043737810342936
lambda.x,0.005,13.8109,0.0,0.43043737810342936
lambda.x,0.005,13.8179,0.0,0.43043737810342936
lambda.x,0.005,13.8249,0.0,0.43043737810342936
lambda.x,0.005,13.8319,0.0,0.43043737810342936
lambda.x,0.005,13.8389,0.0,0.43043737810342936
lambda.x,0.005,13.8459,0.0,0.43043737810342936
lambda.x,0.005,13.8529,0.0,0.43043737810342936
lambda.x,0.005,13.8599,0.0,0.43043737810342936
lambda.x,0.005,13.8669,0.0,0.43043737810342936
lambda.x,0.005,13.8739,0.0,0.43043737810342936
lambda.x,0.005,13.8809,0.0,0.43043737810342936
lambda.x,0.005,13.8879,0.0,0.43043737810342936
lambda.x,0.005,13.8949,0.0,0.43043737810342936
lambda.x,0.005,13.902,0.0,0.43043737810342936
lambda.x,0.005,13.909,0.0,0.43043737810342936
lambda.x,0.005,13.916,0.0,0.43043737810342936
lambda.x,0.005,13.923,0.0,0.43043737810342936
lambda.x,0.005,13.93,0.0,0.43043737810342936
lambda.x,0.005,13.937,0.0,0.43043737810342936
lambda.x,0.005,13.944,0.0,0.43043737810342936
lambda.x,0.005,13.951,0.0,0.43043737810342936
lambda.x,0.005,13.958,0.0,0.43043737810342936
lambda.x,0.005,13.965,0.0,0.43043737810342936
lambda.x,0.005,13.972,0.0,0.43043737810342936
lambda.x,0.005,13.979,0.0,0.43043737810342936
lambda.x,0.005,13.986,0.0,0.43043737810342936
lambda.x,0.005,13.993,0.0,0.43043737810342936
lambda.x,0.005,14.0,0.0,0.43043737810342936
matdyn.x,0.005,0.012451295155898528,-3.75153e-10,0.0
matdyn.x,0.005,0.03735385256927598,-1.01292e-08,-7.503102035107397e-09
matdyn.x,0.005,0.062256640271590655,-4.68946e-08,-3.3013900631096146e-08
matdyn.x,0.005,0.08715942797390532,-1.28679e-07,-8.853740709651463e-08
matdyn.x,0.005,0.11206221567622,-2.73489e-07,-1.860784861926353e-07
matdyn.x,0.005,0.13696500337853465,-4.99334e-07,-3.376422160147925e-07
matdyn.x,0.005,0.16186746209665331,-8.2422e-07,-5.552311518951231e-07
matdyn.x,0.005,0.18677024979896797,-1.26615e-06,-8.508553389867057e-07
matdyn.x,0.005,0.21167303750128266,-1.84315e-06,-1.2365177842223166e-06
matdyn.x,0.005,0.2365758252035973,-2.5732e-06,-1.7242235459496314e-06
matdyn.x,0.005,0.261478612905912,-3.47433e-06,-2.3259768612290607e-06
matdyn.x,0.005,0.2863810716240306,-4.56454e-06,-3.0537745400427238e-06
matdyn.x,0.005,0.31128385932634534,-5.86183e-06,-3.919640316507206e-06
matdyn.x,0.005,0.33618566007607187,-7.38422e-06,-4.935530410607673e-06
matdyn.x,0.005,0.3610897637151707,-9.14971e-06,-6.11359076291372e-06
matdyn.x,0.005,0.3859905775123092,-1.11763e-05,-7.4655557536542474e-06
matdyn.x,0.005,0.4108946811514079,-1.3482e-05,-9.003787089346714e-06
matdyn.x,0.005,0.43579878479050677,-1.60849e-05,-1.0740109505672729e-05
matdyn.x,0.005,0.46069959858764525,-1.90028e-05,-1.2686275154006474e-05
matdyn.x,0.005,0.48560370222674404,-2.22539e-05,-1.485479970592437e-05
matdyn.x,0.005,0.5105045160238826,-2.58562e-05,-1.7257121010757927e-05
matdyn.x,0.005,0.5354086196629813,-2.98276e-05,-1.990587916514089e-05
matdyn.x,0.005,0.56031272330208,-3.41862e-05,-2.281275307384864e-05
matdyn.x,0.005,0.5852135370992186,-3.89499e-05,-2.5989336074215503e-05
matdyn.x,0.005,0.6101176407383174,-4.41369e-05,-2.944847506460138e-05
matdyn.x,0.005,0.6350184545354559,-4.9765e-05,-3.320126235958375e-05
matdyn.x,0.005,0.6599225581745547,-5.58523e-05,-3.72606917413744e-05
matdyn.x,0.005,0.6848233719716932,-6.24168e-05,-4.1637695659883446e-05
matdyn.x,0.005,0.709727475610792,-6.94765e-05,-4.634543584908059e-05
matdyn.x,0.005,0.7346315792498908,-0.000108076,-5.244713347515886e-05
matdyn.x,0.005,0.7595323930470292,-0.000259808,-6.462808898270007e-05
matdyn.x,0.005,0.784436496686128,-0.000323763,-8.342561456428243e-05
matdyn.x,0.005,0.8093373104832666,-0.000319724,-0.0001035399293338865
matdyn.x,0.005,0.8342414141223653,-0.000267474,-0.00012136289002829657
matdyn.x,0.005,0.8591422279195038,-0.00026833,-0.00013712367495720185
matdyn.x,0.005,0.8840463315586027,-0.000293463,-0.00015316882767442265
matdyn.x,0.005,0.9089504351977014,-0.000319857,-0.00017019953373652335
matdyn.x,0.005,0.93385124899484,-0.00034754,-0.00018822908866973848
matdyn.x,0.005,0.9587553526339386,-0.000376538,-0.0002072780891322494
matdyn.x,0.005,0.9836561664310772,-0.00040688,-0.00022735752618371688
matdyn.x,0.005,1.008560270070176,-0.000438594,-0.0002484889533478612
matdyn.x,0.005,1.0334643737092748,-0.000471707,-0.0002706860841972814
matdyn.x,0.005,1.0583651875064133,-0.000506248,-0.0002939624419456638
matdyn.x,0.005,1.083269291145512,-0.000542242,-0.0003183408408251278
matdyn.x,0.005,1.1081701049426507,-0.000579719,-0.00034383161586862407
matdyn.x,0.005,1.1330742085817493,-0.000618707,-0.0003704584501316601
matdyn.x,0.005,1.1579750223788878,-0.000659231,-0.0003982313033277264
matdyn.x,0.005,1.1828791260179867,-0.000701322,-0.000427174614585763
matdyn.x,0.005,1.2077832296570854,-0.000775845,-0.00045793778513214355
matdyn.x,0.005,1.2326840434542239,-0.000856917,-0.0004912434852206378
matdyn.x,0.005,1.2575881470933226,-0.000933102,-0.0005270341923904841
matdyn.x,0.005,1.2824889608904613,-0.00100489,-0.0005650209844054695
matdyn.x,0.005,1.30739306452956,-0.00107279,-0.000604969739220261
matdyn.x,0.005,1.3322938783266987,-0.00113727,-0.0006466580483787509
matdyn.x,0.005,1.3571979819657973,-0.00118082,-0.0006895842688117281
matdyn.x,0.005,1.382102085604896,-0.00116791,-0.000732296474268407
matdyn.x,0.005,1.4070028994020345,-0.00113244,-0.0007733799325004066
matdyn.x,0.005,1.4319070030411334,-0.00112484,-0.0008129877565633301
matdyn.x,0.005,1.4568078168382719,-0.00116202,-0.0008524107727154962
matdyn.x,0.005,1.4817119204773705,-0.00121798,-0.0008927468722371369
matdyn.x,0.005,1.5066160241164692,-0.00129205,-0.0009345756247697315
matdyn.x,0.005,1.531516837913608,-0.0013839,-0.0009784308906821402
matdyn.x,0.005,1.5564209415527066,-0.0014932,-0.0010248270994612165
matdyn.x,0.005,1.5813217553498453,-0.00157216,-0.0010734730013756682
matdyn.x,0.005,1.606225858988944,-0.00164146,-0.0011236832168987037
matdyn.x,0.005,1.6311266727860825,-0.00171324,-0.001175284612053545
matdyn.x,0.005,1.6560307764251812,-0.00178745,-0.001228322867564943
matdyn.x,0.005,1.68093488006428,-0.00186396,-0.0012828190455435986
matdyn.x,0.005,1.7058356938614185,-0.00194242,-0.001338785469163729
matdyn.x,0.005,1.7307397975005174,-0.00202275,-0.0013962494723551919
matdyn.x,0.005,1.7556406112976557,-0.00210493,-0.0014552064455554399
matdyn.x,0.005,1.7805447149367546,-0.00218895,-0.0015156816694100528
matdyn.x,0.005,1.805445528733893,-0.00229628,-0.001577964439730331
matdyn.x,0.005,1.8303496323729918,-0.00240428,-0.0016423521715901502
matdyn.x,0.005,1.8552537360120906,-0.0025064,-0.0017087100891509325
matdyn.x,0.005,1.8801545498092291,-0.00259558,-0.0017767263733857535
matdyn.x,0.005,1.905058653448328,-0.00267571,-0.0018460853755197075
matdyn.x,0.005,1.9299594672454663,-0.00275491,-0.0019166038183366062
matdyn.x,0.005,1.9548635708845652,-0.0028333,-0.001988248041840077
matdyn.x,0.005,1.979767674523664,-0.00291102,-0.0020609616516447525
matdyn.x,0.005,2.004668488320802,-0.00298464,-0.002134648870010453
matdyn.x,0.005,2.029572591959901,-0.00304897,-0.0022091399486886595
matdyn.x,0.005,2.0544734057570397,-0.00310272,-0.002284153609765419
matdyn.x,0.005,2.0793775093961386,-0.00317604,-0.0023598029582791147
matdyn.x,0.005,2.104278323193277,-0.00326521,-0.00243647505526765
matdyn.x,0.005,2.129182426832376,-0.00336031,-0.002514422826061097
matdyn.x,0.005,2.1540865304714747,-0.00345909,-0.002593718561985001
matdyn.x,0.005,2.178987344268613,-0.00355923,-0.002674378770379674
matdyn.x,0.005,2.203891447907712,-0.00364632,-0.00275626158853176
matdyn.x,0.005,2.2287922617048506,-0.00373254,-0.002839160964346679
matdyn.x,0.005,2.2536963653439495,-0.00382209,-0.0029231030424733827
matdyn.x,0.005,2.278600468983048,-0.00391468,-0.0030081241591034323
matdyn.x,0.005,2.3035012827801866,-0.00400267,-0.0030941730441141515
matdyn.x,0.005,2.3284053864192855,-0.00408188,-0.0031811064386793003
matdyn.x,0.005,2.353306200216424,-0.00415193,-0.003268691967314567
matdyn.x,0.005,2.3782103038555227,-0.00424242,-0.003357055895486517
matdyn.x,0.005,2.403111117652661,-0.004352,-0.003446570750037679
matdyn.x,0.005,2.42801522129176,-0.00440003,-0.003536802746795598
matdyn.x,0.005,2.4529193249308587,-0.00446925,-0.0036273093581069954
matdyn.x,0.005,2.477820138727997,-0.00455381,-0.0037184423960972247
matdyn.x,0.005,2.502724242367096,-0.00462292,-0.0038102136264802334
matdyn.x,0.005,2.5276250561642346,-0.00469058,-0.0039024183853559615
matdyn.x,0.005,2.552529159803333,-0.0047565,-0.0039950410324116874
matdyn.x,0.005,2.5774299736004718,-0.00483634,-0.004088166725718035
matdyn.x,0.005,2.6023340772395707,-0.00490955,-0.004181881225764185
matdyn.x,0.005,2.627238180878669,-0.00495978,-0.004275879901712629
matdyn.x,0.005,2.652138994675808,-0.00499805,-0.004369814880748243
matdyn.x,0.005,2.6770430983149067,-0.00505288,-0.0044637536815619085
matdyn.x,0.005,2.7019439121120454,-0.00511484,-0.004557891401332659
matdyn.x,0.005,2.726848015751144,-0.00518108,-0.004652353849141377
matdyn.x,0.005,2.751752119390243,-0.00525075,-0.004747192986935223
matdyn.x,0.005,2.7766529331873815,-0.00532196,-0.0048424343575748435
matdyn.x,0.005,2.80155703682648,-0.00538245,-0.0049380142390815784
matdyn.x,0.005,2.826457850623618,-0.00543229,-0.005033712496122926
matdyn.x,0.005,2.851361954262717,-0.00546988,-0.00512935127942525
matdyn.x,0.005,2.876262768059856,-0.00549694,-0.0052247084259189865
matdyn.x,0.005,2.9011668716989543,-0.0055279,-0.005319756069328504
matdyn.x,0.005,2.926070975338053,-0.00554175,-0.00541437491938918
matdyn.x,0.005,2.950971789135192,-0.00550612,-0.005507996716126362
matdyn.x,0.005,2.9758758927742903,-0.0054554,-0.005600118860112225
matdyn.x,0.005,3.000776706571429,-0.00539355,-0.0056905235759792125
matdyn.x,0.005,3.025680810210528,-0.00534731,-0.005779299052067578
matdyn.x,0.005,3.0505816240076666,-0.00530121,-0.005866578353797473
matdyn.x,0.005,3.075485727646765,-0.00524584,-0.005952334764244266
matdyn.x,0.005,3.100389831285864,-0.00518261,-0.006036443250667703
matdyn.x,0.005,3.1252906450830027,-0.0051115,-0.006118793413157709
matdyn.x,0.005,3.150194748722101,-0.0050098,-0.006199130123189787
matdyn.x,0.005,3.17509556251924,-0.00490451,-0.006277194060991193
matdyn.x,0.005,3.1999996661583388,-0.00481458,-0.006353132587052503
matdyn.x,0.005,3.2249037697974376,-0.00472747,-0.0064271097865832225
matdyn.x,0.005,3.249804583594576,-0.00464154,-0.006499177172662757
matdyn.x,0.005,3.274708687233675,-0.00453964,-0.006569270393958983
matdyn.x,0.005,3.2996127908727733,-0.00440593,-0.006637048403976179
matdyn.x,0.005,3.3245168945118726,-0.00423856,-0.006702053770442508
matdyn.x,0.005,3.349420998150971,-0.00404321,-0.006763867676400869
matdyn.x,0.005,3.3743251017900695,-0.00382422,-0.00682215488047313
matdyn.x,0.005,3.399229205429169,-0.00354589,-0.006876358018592647
matdyn.x,0.005,3.4241333090682673,-0.00324378,-0.006925928991377158
matdyn.x,0.005,3.4490374127073657,-0.00291471,-0.006970567306861285
matdyn.x,0.005,3.473941516346465,-0.00254919,-0.007009887963683335
matdyn.x,0.005,3.4988456199855635,-0.00215514,-0.007043502546905559
matdyn.x,0.005,3.523749723624662,-0.00180188,-0.0070715772030540604
matdyn.x,0.005,3.5486538272637613,-0.00146119,-0.007094566478964566
matdyn.x,0.005,3.5735250324832575,-0.0010957,-0.007112433330292522
matdyn.x,0.005,3.5984291361223564,-0.000712289,-0.007124998955843026
matdyn.x,0.005,3.623333239761455,-0.000330625,-0.007132201055290328
matdyn.x,0.005,3.648237343400554,6.17759e-05,-0.0071340518229527266
matdyn.x,0.005,3.6731414470396526,0.000498982,-0.007130246993980003
matdyn.x,0.005,3.698045550678751,0.000977205,-0.007120282982653418
matdyn.x,0.005,3.7229496543178504,0.00148063,-0.007103797648624562
matdyn.x,0.005,3.747853757956949,0.00202818,-0.007080416152184152
matdyn.x,0.005,3.7727578615960473,0.00270403,-0.007049089709720223
matdyn.x,0.005,3.7976619652351467,0.00344134,-0.007008672880640696
matdyn.x,0.005,3.822566068874245,0.00423695,-0.006958501621804201
matdyn.x,0.005,3.8474701725133436,0.00508375,-0.006897991438008132
matdyn.x,0.005,3.872374276152442,0.00610614,-0.006825815128662186
matdyn.x,0.005,3.8972783797915413,0.00713178,-0.006740972199232218
matdyn.x,0.005,3.92218248343064,0.00810477,-0.0066439375568824064
matdyn.x,0.005,3.9470865870697387,0.008918,-0.006536207861699359
matdyn.x,0.005,3.9719906907088376,0.00985789,-0.006418131548860646
matdyn.x,0.005,3.9968947943479365,0.0108312,-0.006288835545846151
matdyn.x,0.005,4.0217988979870345,0.011862,-0.006147895001497775
matdyn.x,0.005,4.046703001626134,0.0129347,-0.0059948398197503215
matdyn.x,0.005,4.071607105265232,0.0142008,-0.005828377852227267
matdyn.x,0.005,4.096511208904332,0.0155814,-0.005646793543498879
matdyn.x,0.005,4.12141531254343,0.0170609,-0.005448976484510806
matdyn.x,0.005,4.146286517762927,0.0186362,-0.005234232389977823
matdyn.x,0.005,4.171190621402025,0.0206244,-0.004999158570331927
matdyn.x,0.005,4.196094725041124,0.0227424,-0.004741042871110712
matdyn.x,0.005,4.220998828680223,0.0241761,-0.004463425005761677
matdyn.x,0.005,4.245902932319321,0.0259057,-0.0041688363908561135
matdyn.x,0.005,4.27080703595842,0.0276163,-0.0038558506804526574
matdyn.x,0.005,4.295711139597519,0.0295378,-0.0035235699304651405
matdyn.x,0.005,4.320615243236618,0.0316806,-0.0031697189261545313
matdyn.x,0.005,4.345519346875716,0.0339882,-0.002792325535999853
matdyn.x,0.005,4.370423450514815,0.036523,-0.0023894196804663302
matdyn.x,0.005,4.395327554153914,0.0402971,-0.001952974671383952
matdyn.x,0.005,4.420231657793012,0.0424808,-0.0014853078633797747
matdyn.x,0.005,4.445135761432112,0.0452732,-0.0009923206023377251
matdyn.x,0.005,4.47003986507121,0.048507,-0.0004684262516422954
matdyn.x,0.005,4.494943968710309,0.0522182,9.113603522586955e-05
matdyn.x,0.005,4.519848072349408,0.056355,0.0006909622400914754
matdyn.x,0.005,4.544752175988507,0.0617007,0.0013395794401566833
matdyn.x,0.005,4.569656279627606,0.0688239,0.002052766199292185
matdyn.x,0.005,4.594560383266705,0.0752549,0.002835756117301245
matdyn.x,0.005,4.6194644869058035,0.0763596,0.003655327693964208
matdyn.x,0.005,4.644368590544902,0.0814377,0.004503678198485789
matdyn.x,0.005,4.669272694184001,0.0813008,0.005373991847165413
matdyn.x,0.005,4.6941767978231,0.079491,0.006229344110335518
matdyn.x,0.005,4.719080901462198,0.0794571,0.007070389797769393
matdyn.x,0.005,4.743952106681694,0.0807405,0.007912456186187132
matdyn.x,0.005,4.768856210320793,0.0818856,0.008763941933264859
matdyn.x,0.005,4.793760313959892,0.0827456,0.009621440398555723
matdyn.x,0.005,4.818664417598991,0.0834567,0.010482638550181845
matdyn.x,0.005,4.8435685212380895,0.0838933,0.011345317277285064
matdyn.x,0.005,4.868472624877189,0.0845017,0.012208928786306018
matdyn.x,0.005,4.893376728516287,0.0852977,0.013075297166117104
matdyn.x,0.005,4.918280832155387,0.086564,0.01394773061392383
matdyn.x,0.005,4.943184935794485,0.0872982,0.014825868567858004
matdyn.x,0.005,4.9680890394335835,0.0877114,0.0157053637545293
matdyn.x,0.005,4.992993143072683,0.0881872,0.016584905683972005
matdyn.x,0.005,5.017897246711781,0.0885909,0.017464448299437267
matdyn.x,0.005,5.04280135035088,0.0895637,0.018346444275213175
matdyn.x,0.005,5.067705453989979,0.0905526,0.019233759153088736
matdyn.x,0.005,5.0926095576290775,0.0916832,0.020127112852488752
matdyn.x,0.005,5.117513661268176,0.0930062,0.021028075722153625
matdyn.x,0.005,5.142417764907275,0.0944347,0.021938021131345613
matdyn.x,0.005,5.167321868546374,0.0959162,0.022857628657166378
matdyn.x,0.005,5.192225972185472,0.0974176,0.023787156278242134
matdyn.x,0.005,5.2171300758245716,0.0989329,0.024726670861679536
matdyn.x,0.005,5.24203417946367,0.10035,0.025675677107157194
matdyn.x,0.005,5.2669382831027685,0.101921,0.02663434619448184
matdyn.x,0.005,5.291842386741868,0.103721,0.027604392376893792
matdyn.x,0.005,5.316746490380966,0.105379,0.02858612140730877
matdyn.x,0.005,5.341617695600463,0.107031,0.029577422792349154
matdyn.x,0.005,5.366521799239561,0.108845,0.03058154162967215
matdyn.x,0.005,5.391425902878661,0.110904,0.03159894060661505
matdyn.x,0.005,5.416330006517759,0.113074,0.032631139420286066
matdyn.x,0.005,5.4412341101568575,0.115324,0.03367887882121582
matdyn.x,0.005,5.466138213795957,0.117662,0.034742783971377894
matdyn.x,0.005,5.491042317435055,0.120077,0.03582345806737599
matdyn.x,0.005,5.515946421074154,0.122815,0.03692255689839553
matdyn.x,0.005,5.540850524713253,0.125637,0.03804175036492541
matdyn.x,0.005,5.565754628352352,0.12855,0.03918164297185769
matdyn.x,0.005,5.59065873199145,0.131803,0.04034397164343975
matdyn.x,0.005,5.615562835630549,0.135382,0.04153149728196101
matdyn.x,0.005,5.640466939269648,0.138968,0.04274547358170038
matdyn.x,0.005,5.665371042908746,0.142648,0.04398611159789176
matdyn.x,0.005,5.690275146547845,0.146527,0.04525446160214677
matdyn.x,0.005,5.715179250186944,0.150484,0.04655149240116621
matdyn.x,0.005,5.7400833538260425,0.154844,0.04787904294219181
matdyn.x,0.005,5.764987457465141,0.159901,0.049241608430515824
matdyn.x,0.005,5.78989156110424,0.163971,0.050637652620697915
matdyn.x,0.005,5.814795664743339,0.168692,0.052065430811867666
matdyn.x,0.005,5.839699768382437,0.17421,0.0535308588671075
matdyn.x,0.005,5.8646038720215365,0.179791,0.05503728283513448
matdyn.x,0.005,5.889507975660635,0.185625,0.056585692628999096
matdyn.x,0.005,5.914412079299734,0.19175,0.05817802908566517
matdyn.x,0.005,5.93928328451923,0.197769,0.05981254646430633
matdyn.x,0.005,5.964187388158329,0.205912,0.06150162244239623
matdyn.x,0.005,5.989091491797428,0.211369,0.06324035393832873
matdyn.x,0.005,6.013995595436526,0.217794,0.06502116811940088
matdyn.x,0.005,6.038899699075626,0.225101,0.06685136307240958
matdyn.x,0.005,6.063803802714724,0.233101,0.06873701588419376
matdyn.x,0.005,6.0887079063538225,0.240837,0.07067943834071576
matdyn.x,0.005,6.113612009992922,0.248886,0.07267836217144726
matdyn.x,0.005,6.13851611363202,0.262308,0.07475640141311905
matdyn.x,0.005,6.163420217271119,0.269987,0.07691150881597257
matdyn.x,0.005,6.188324320910218,0.280647,0.07913185374591328
matdyn.x,0.005,6.213228424549317,0.290956,0.08142750211911051
matdyn.x,0.005,6.238132528188416,0.302224,0.08380027310819435
matdyn.x,0.005,6.263036631827514,0.323894,0.08629474288747546
matdyn.x,0.005,6.287940735466614,0.332424,0.08889926584225163
matdyn.x,0.005,6.312844839105712,0.340158,0.09155778843856761
matdyn.x,0.005,6.3377489427448115,0.383933,0.09440836784390663
matdyn.x,0.005,6.36265304638391,0.337705,0.09723884111210261
matdyn.x,0.005,6.387557150023008,0.301777,0.09973723669705888
matdyn.x,0.005,6.412461253662108,0.296839,0.10206665375499999
matdyn.x,0.005,6.437365357301207,0.281627,0.10430901328171366
matdyn.x,0.005,6.462269460940305,0.273151,0.10645119916953964
matdyn.x,0.005,6.487173564579404,0.266698,0.10852770766694075
matdyn.x,0.005,6.5120776682185015,0.262659,0.11055604029139196
matdyn.x,0.005,6.536948873437998,0.259025,0.11254471418737555
matdyn.x,0.005,6.5618529770770975,0.257279,0.1145079803887512
matdyn.x,0.005,6.586757080716196,0.256723,0.11645508067854192
matdyn.x,0.005,6.611661184355294,0.258044,0.11839770653387954
matdyn.x,0.005,6.636565287994394,0.252998,0.12031906924015177
matdyn.x,0.005,6.661469391633492,0.251015,0.12220688631982667
matdyn.x,0.005,6.6863734952725915,0.248995,0.12407272159747096
matdyn.x,0.005,6.71127759891169,0.248911,0.125923784783603
matdyn.x,0.005,6.736181702550788,0.252267,0.12778008739040503
matdyn.x,0.005,6.761085806189888,0.248093,0.12962657246788092
matdyn.x,0.005,6.785989909828987,0.248763,0.13145335261143618
matdyn.x,0.005,6.810894013468085,0.247483,0.1332712193713787
matdyn.x,0.005,6.835798117107184,0.24395,0.1350648994183498
matdyn.x,0.005,6.860702220746283,0.243713,0.136838324815803
matdyn.x,0.005,6.885606324385381,0.24528,0.13861013163662
matdyn.x,0.005,6.91051042802448,0.247501,0.14038921330995077
matdyn.x,0.005,6.93541453166358,0.249877,0.14217843099507244
matdyn.x,0.005,6.960318635302677,0.252133,0.14397783925680177
matdyn.x,0.005,6.9852227389417765,0.254264,0.14578649027678534
matdyn.x,0.005,7.010126842580876,0.257124,0.14760646244129366
matdyn.x,0.005,7.035030946219973,0.259311,0.1494378828949318
matdyn.x,0.005,7.059935049859073,0.261776,0.15127926891929813
matdyn.x,0.005,7.084839153498172,0.264931,0.15313395643137584
matdyn.x,0.005,7.109710358717668,0.268243,0.15500236040424883
matdyn.x,0.005,7.134614462356767,0.271393,0.1568892950206963
matdyn.x,0.005,7.159518565995865,0.27394,0.15878950963806523
matdyn.x,0.005,7.184422669634964,0.276716,0.16070160829711416
matdyn.x,0.005,7.209326773274063,0.279755,0.16262721108039097
matdyn.x,0.005,7.234230876913161,0.282632,0.16456657568448763
matdyn.x,0.005,7.25913498055226,0.285207,0.1665180137434438
matdyn.x,0.005,7.28403908419136,0.28786,0.16848067314720963
matdyn.x,0.005,7.308943187830457,0.290122,0.17045341170685555
matdyn.x,0.005,7.3338472914695565,0.292135,0.17243398301595098
matdyn.x,0.005,7.358751395108656,0.294602,0.17442302487454517
matdyn.x,0.005,7.383655498747753,0.296819,0.17642117331070453
matdyn.x,0.005,7.408559602386853,0.29926,0.17842827675283882
matdyn.x,0.005,7.433463706025952,0.30202,0.18044609682371354
matdyn.x,0.005,7.45836780966505,0.304776,0.18247561722713537
matdyn.x,0.005,7.483271913304149,0.306957,0.18451483301677438
matdyn.x,0.005,7.508176016943248,0.309111,0.18656167660636327
matdyn.x,0.005,7.533080120582346,0.311394,0.18861643438892314
matdyn.x,0.005,7.557984224221445,0.313742,0.19067969477619567
matdyn.x,0.005,7.582888327860545,0.316152,0.19275181963203727
matdyn.x,0.005,7.607792431499642,0.318533,0.1948328595194043
matdyn.x,0.005,7.6326965351387415,0.320502,0.19692131695277393
matdyn.x,0.005,7.657600638777841,0.322413,0.19901561068282725
matdyn.x,0.005,7.682504742416939,0.324499,0.20111608147049514
matdyn.x,0.005,7.707375947636436,0.327343,0.2032229235583746
matdyn.x,0.005,7.732280051275535,0.330224,0.20534421999073993
matdyn.x,0.005,7.757184154914633,0.332523,0.20747535511160198
matdyn.x,0.005,7.782088258553732,0.333377,0.2096097730794149
matdyn.x,0.005,7.806992362192831,0.333783,0.21174139949650286
matdyn.x,0.005,7.831896465831929,0.334286,0.21386913146520128
matdyn.x,0.005,7.856800569471028,0.33505,0.2159941294655197
matdyn.x,0.005,7.881704673110128,0.335664,0.21811676415520284
matdyn.x,0.005,7.906608776749225,0.336495,0.2202372599835495
matdyn.x,0.005,7.931512880388325,0.340261,0.22236552949975785
matdyn.x,0.005,7.956416984027424,0.340496,0.22449968738029275
matdyn.x,0.005,7.9813210876665215,0.34115,0.22662995185721593
matdyn.x,0.005,8.00622519130562,0.344782,0.2287669179521078
matdyn.x,0.005,8.031129294944721,0.345394,0.23091044261241192
matdyn.x,0.005,8.056033398583818,0.350446,0.2330648459170194
matdyn.x,0.005,8.080937502222918,0.352429,0.23523432833462013
matdyn.x,0.005,8.105841605862016,0.346667,0.2373855433616408
matdyn.x,0.005,8.130745709501115,0.346132,0.2395108174465693
matdyn.x,0.005,8.155649813140213,0.345717,0.24162668590457909
matdyn.x,0.005,8.180553916779314,0.346053,0.24373585879943704
matdyn.x,0.005,8.20545802041841,0.343823,0.2458328751521988
matdyn.x,0.005,8.23036212405751,0.3386,0.24790096412873883
matdyn.x,0.005,8.255266227696609,0.32551,0.2499075111799294
matdyn.x,0.005,8.280170331335707,0.303271,0.2518016367812405
matdyn.x,0.005,8.305041536555205,0.280776,0.25355341717115687
matdyn.x,0.005,8.329945640194302,0.261207,0.25517630518642104
matdyn.x,0.005,8.354849743833402,0.244223,0.25668521676658407
matdyn.x,0.005,8.3797538474725,0.231793,0.2581020700152201
matdyn.x,0.005,8.404657951111599,0.231944,0.2594782247823761
matdyn.x,0.005,8.429562054750697,0.237691,0.26086773407609304
matdyn.x,0.005,8.454466158389797,0.24678,0.2622968963847167
matdyn.x,0.005,8.479370262028894,0.257148,0.2637790794216113
matdyn.x,0.005,8.504274365667994,0.268677,0.26532112857769796
matdyn.x,0.005,8.529178469307093,0.285918,0.26694277196888977
matdyn.x,0.005,8.554082572946191,0.30702,0.2686714647086683
matdyn.x,0.005,8.57898667658529,0.331606,0.2705279390451404
matdyn.x,0.005,8.60389078022439,0.366199,0.27255053345112307
matdyn.x,0.005,8.628794883863486,0.43187,0.27485694946098665
matdyn.x,0.005,8.653698987502587,0.486661,0.27750393693967407
matdyn.x,0.005,8.678603091141685,0.544461,0.2804668617431806
matdyn.x,0.005,8.703507194780784,0.608356,0.2837699880785685
matdyn.x,0.005,8.728411298419882,0.687616,0.2874726518872053
matdyn.x,0.005,8.753315402058982,0.794407,0.2916947451847782
matdyn.x,0.005,8.77821950569808,0.90653,0.29652677277876277
matdyn.x,0.005,8.80312360933718,0.949113,0.30178367673840517
matdyn.x,0.005,8.828027712976278,0.969645,0.3072041192604725
matdyn.x,0.005,8.852931816615376,0.972348,0.3126748173854472
matdyn.x,0.005,8.877835920254476,0.950358,0.31807606496470425
matdyn.x,0.005,8.90270712547397,0.9394,0.32336285874806586
matdyn.x,0.005,8.92761122911307,0.9402,0.3286134455026745
matdyn.x,0.005,8.952515332752169,0.944871,0.33386463121871013
matdyn.x,0.005,8.977419436391267,0.950973,0.33913115071030586
matdyn.x,0.005,9.002323540030366,0.966347,0.34444253890220033
matdyn.x,0.005,9.027227643669466,0.970021,0.3497919205354956
matdyn.x,0.005,9.052131747308565,0.965662,0.35512470805399454
matdyn.x,0.005,9.077035850947663,0.959144,0.3604129686753051
matdyn.x,0.005,9.101939954586761,0.974972,0.3657121644297977
matdyn.x,0.005,9.12684405822586,0.960818,0.37100156676261614
matdyn.x,0.005,9.15174816186496,0.95479,0.37622153038852924
matdyn.x,0.005,9.176652265504059,0.800526,0.380992254665454
matdyn.x,0.005,9.201556369143157,0.70931,0.3850845207085741
matdyn.x,0.005,9.226460472782255,0.64618,0.38874844722816243
matdyn.x,0.005,9.251364576421356,0.594407,0.39209272622669467
matdyn.x,0.005,9.276268680060452,0.550635,0.39517112928458664
matdyn.x,0.005,9.301172783699553,0.513286,0.3980237603561978
matdyn.x,0.005,9.326076887338651,0.475058,0.4006666774463416
matdyn.x,0.005,9.35098099097775,0.443513,0.403116450395793
matdyn.x,0.005,9.375885094616848,0.41687,0.40540492595682587
matdyn.x,0.005,9.400789198255948,0.387877,0.40753975508657186
matdyn.x,0.005,9.425693301895045,0.360646,0.4095201807003153
matdyn.x,0.005,9.450597405534145,0.335089,0.41135608444813637
matdyn.x,0.005,9.475501509173244,0.313261,0.41306243914243357
matdyn.x,0.005,9.50037271439274,0.290398,0.41464492201276515
matdyn.x,0.005,9.52527681803184,0.266567,0.41610311293451896
matdyn.x,0.005,9.550180921670938,0.246933,0.41744398952750217
matdyn.x,0.005,9.575085025310036,0.22624,0.41867635309312323
matdyn.x,0.005,9.599989128949135,0.204797,0.41979606733385477
matdyn.x,0.005,9.624893232588233,0.185328,0.4208068779743816
matdyn.x,0.005,9.649797336227332,0.170708,0.4217269698069465
matdyn.x,0.005,9.674701439866432,0.15251,0.4225601145205853
matdyn.x,0.005,9.69960554350553,0.134554,0.4232981701566216
matdyn.x,0.005,9.724509647144629,0.11389,0.4239353106430546
matdyn.x,0.005,9.749413750783727,0.0949422,0.4244695009662294
matdyn.x,0.005,9.774317854422828,0.0824008,0.4249219732838269
matdyn.x,0.005,9.799221958061924,0.0613245,0.42528777563004744
matdyn.x,0.005,9.824126061701024,0.0425286,0.42555143773212967
matdyn.x,0.005,9.849030165340123,0.0300682,0.4257352774712796
matdyn.x,0.005,9.873934268979221,0.0225415,0.4258681617749408
matdyn.x,0.005,9.89883837261832,0.0106834,0.42595189405015943
matdyn.x,0.005,9.92374247625742,0.000856047,0.42598092029262924
matdyn.x,0.005,9.948646579896517,0.0,0.4259830685832826
lambda.x,0.02,0.0,0.0,0.0
lambda.x,0.02,0.007,0.0,0.0
lambda.x,0.02,0.014,0.0,0.0
lambda.x,0.02,0.021,0.0,0.0
lambda.x,0.02,0.028,0.0,0.0
lambda.x,0.02,0.035,0.0,0.0
lambda.x,0.02,0.042,0.0,0.0
lambda.x,0.02,0.049,0.0,0.0
lambda.x,0.02,0.056,0.0,0.0
lambda.x,0.02,0.063,0.0,0.0
lambda.x,0.02,0.07,0.0,0.0
lambda.x,0.02,0.077,0.0,0.0
lambda.x,0.02,0.084,0.0,0.0
lambda.x,0.02,0.091,0.0,0.0
lambda.x,0.02,0.098,0.0,0.0
lambda.x,0.02,0.1051,0.0,0.0
lambda.x,0.02,0.1121,0.0,0.0
lambda.x,0.02,0.1191,0.0,0.0
lambda.x,0.02,0.1261,0.0,0.0
lambda.x,0.02,0.1331,0.0,0.0
lambda.x,0.02,0.1401,0.0,0.0
lambda.x,0.02,0.1471,0.0,0.0
lambda.x,0.02,0.1541,0.0,0.0
lambda.x,0.02,0.1611,0.0,0.0
lambda.x,0.02,0.1681,0.0,0.0
lambda.x,0.02,0.1751,0.0,0.0
lambda.x,0.02,0.1821,0.0,0.0
lambda.x,0.02,0.1891,0.0,0.0
lambda.x,0.02,0.1961,0.0,0.0
lambda.x,0.02,0.2031,0.0,0.0
lambda.x,0.02,0.2101,0.0,0.0
lambda.x,0.02,0.2171,0.0,0.0
lambda.x,0.02,0.2241,0.0,0.0
lambda.x,0.02,0.2311,0.0,0.0
lambda.x,0.02,0.2381,0.0,0.0
lambda.x,0.02,0.2451,0.0,0.0
lambda.x,0.02,0.2521,0.0,0.0
lambda.x,0.02,0.2591,0.0,0.0
lambda.x,0.02,0.2661,0.0,0.0
lambda.x,0.02,0.2731,0.0,0.0
lambda.x,0.02,0.2801,0.0,0.0
lambda.x,0.02,0.2871,0.0,0.0
lambda.x,0.02,0.2941,0.0,0.0
lambda.x,0.02,0.3012,0.0,0.0
lambda.x,0.02,0.3082,0.0,0.0
lambda.x,0.02,0.3152,0.0,0.0
lambda.x,0.02,0.3222,0.0,0.0
lambda.x,0.02,0.3292,0.0,0.0
lambda.x,0.02,0.3362,0.0,0.0
lambda.x,0.02,0.3432,0.0,0.0
lambda.x,0.02,0.3502,0.0,0.0
lambda.x,0.02,0.3572,0.0,0.0
lambda.x,0.02,0.3642,0.0,0.0
lambda.x,0.02,0.3712,0.0,0.0
lambda.x,0.02,0.3782,0.0,0.0
lambda.x,0.02,0.3852,0.0,0.0
lambda.x,0.02,0.3922,0.0,0.0
lambda.x,0.02,0.3992,0.0,0.0
lambda.x,0.02,0.4062,0.0,0.0
lambda.x,0.02,0.4132,0.0,0.0
lambda.x,0.02,0.4202,0.0,0.0
lambda.x,0.02,0.4272,0.0,0.0
lambda.x,0.02,0.4342,0.0,0.0
lambda.x,0.02,0.4412,0.0,0.0
lambda.x,0.02,0.4482,0.0,0.0
lambda.x,0.02,0.4552,0.0,0.0
lambda.x,0.02,0.4622,0.0,0.0
lambda.x,0.02,0.4692,0.0,0.0
lambda.x,0.02,0.4762,0.0,0.0
lambda.x,0.02,0.4832,0.0,0.0
lambda.x,0.02,0.4902,0.0,0.0
lambda.x,0.02,0.4972,0.0,0.0
lambda.x,0.02,0.5043,0.0,0.0
lambda.x,0.02,0.5113,0.0,0.0
lambda.x,0.02,0.5183,0.0,0.0
lambda.x,0.02,0.5253,0.0,0.0
lambda.x,0.02,0.5323,0.0,0.0
lambda.x,0.02,0.5393,0.0,0.0
lambda.x,0.02,0.5463,0.0,0.0
lambda.x,0.02,0.5533,0.0,0.0
lambda.x,0.02,0.5603,0.0,0.0
lambda.x,0.02,0.5673,0.0,0.0
lambda.x,0.02,0.5743,0.0,0.0
lambda.x,0.02,0.5813,0.0,0.0
lambda.x,0.02,0.5883,0.0,0.0
lambda.x,0.02,0.5953,0.0,0.0
lambda.x,0.02,0.6023,0.0,0.0
lambda.x,0.02,0.6093,0.0,0.0
lambda.x,0.02,0.6163,0.0,0.0
lambda.x,0.02,0.6233,0.0,0.0
lambda.x,0.02,0.6303,0.0,0.0
lambda.x,0.02,0.6373,0.0,0.0
lambda.x,0.02,0.6443,0.0,0.0
lambda.x,0.02,0.6513,0.0,0.0
lambda.x,0.02,0.6583,0.0,0.0
lambda.x,0.02,0.6653,0.0,0.0
lambda.x,0.02,0.6723,0.0,0.0
lambda.x,0.02,0.6793,0.0,0.0
lambda.x,0.02,0.6863,0.0,0.0
lambda.x,0.02,0.6933,0.0,0.0
lambda.x,0.02,0.7004,0.0,0.0
lambda.x,0.02,0.7074,0.0,0.0
lambda.x,0.02,0.7144,0.0,0.0
lambda.x,0.02,0.7214,0.0,0.0
lambda.x,0.02,0.7284,0.0,0.0
lambda.x,0.02,0.7354,0.0,0.0
lambda.x,0.02,0.7424,0.0,0.0
lambda.x,0.02,0.7494,0.0,0.0
lambda.x,0.02,0.7564,0.0,0.0
lambda.x,0.02,0.7634,0.0,0.0
lambda.x,0.02,0.7704,0.0,0.0
lambda.x,0.02,0.7774,0.0,0.0
lambda.x,0.02,0.7844,0.0,0.0
lambda.x,0.02,0.7914,0.0,0.0
lambda.x,0.02,0.7984,0.0,0.0
lambda.x,0.02,0.8054,0.0,0.0
lambda.x,0.02,0.8124,0.0,0.0
lambda.x,0.02,0.8194,0.0,0.0
lambda.x,0.02,0.8264,0.0,0.0
lambda.x,0.02,0.8334,0.0,0.0
lambda.x,0.02,0.8404,0.0,0.0
lambda.x,0.02,0.8474,0.0,0.0
lambda.x,0.02,0.8544,0.0,0.0
lambda.x,0.02,0.8614,0.0,0.0
lambda.x,0.02,0.8684,0.0,0.0
lambda.x,0.02,0.8754,0.0,0.0
lambda.x,0.02,0.8824,0.0,0.0
lambda.x,0.02,0.8894,0.0,0.0
lambda.x,0.02,0.8964,0.0,0.0
lambda.x,0.02,0.9035,0.0,0.0
lambda.x,0.02,0.9105,0.0,0.0
lambda.x,0.02,0.9175,0.0,0.0
lambda.x,0.02,0.9245,0.0,0.0
lambda.x,0.02,0.9315,0.0,0.0
lambda.x,0.02,0.9385,0.0,0.0
lambda.x,0.02,0.9455,0.0,0.0
lambda.x,0.02,0.9525,0.0,0.0
lambda.x,0.02,0.9595,0.0,0.0
lambda.x,0.02,0.9665,0.0,0.0
lambda.x,0.02,0.9735,0.0,0.0
lambda.x,0.02,0.9805,0.0,0.0
lambda.x,0.02,0.9875,0.0,0.0
lambda.x,0.02,0.9945,0.0,0.0
lambda.x,0.02,1.0015,0.0,0.0
lambda.x,0.02,1.0085,0.0,0.0
lambda.x,0.02,1.0155,0.0,0.0
lambda.x,0.02,1.0225,0.0,0.0
lambda.x,0.02,1.0295,0.0,0.0
lambda.x,0.02,1.0365,0.0,0.0
lambda.x,0.02,1.0435,0.0,0.0
lambda.x,0.02,1.0505,0.0,0.0
lambda.x,0.02,1.0575,0.0,0.0
lambda.x,0.02,1.0645,0.0,0.0
lambda.x,0.02,1.0715,0.0,0.0
lambda.x,0.02,1.0785,0.0,0.0
lambda.x,0.02,1.0855,0.0,0.0
lambda.x,0.02,1.0925,0.0,0.0
lambda.x,0.02,1.0995,0.0,0.0
lambda.x,0.02,1.1066,0.0,0.0
lambda.x,0.02,1.1136,0.0,0.0
lambda.x,0.02,1.1206,0.0,0.0
lambda.x,0.02,1.1276,0.0,0.0
lambda.x,0.02,1.1346,0.0,0.0
lambda.x,0.02,1.1416,0.0,0.0
lambda.x,0.02,1.1486,0.0,0.0
lambda.x,0.02,1.1556,0.0,0.0
lambda.x,0.02,1.1626,0.0,0.0
lambda.x,0.02,1.1696,0.0,0.0
lambda.x,0.02,1.1766,0.0,0.0
lambda.x,0.02,1.1836,0.0,0.0
lambda.x,0.02,1.1906,0.0,0.0
lambda.x,0.02,1.1976,0.0,0.0
lambda.x,0.02,1.2046,0.0,0.0
lambda.x,0.02,1.2116,0.0,0.0
lambda.x,0.02,1.2186,0.0,0.0
lambda.x,0.02,1.2256,0.0,0.0
lambda.x,0.02,1.2326,0.0,0.0
lambda.x,0.02,1.2396,0.0,0.0
lambda.x,0.02,1.2466,0.0,0.0
lambda.x,0.02,1.2536,0.0,0.0
lambda.x,0.02,1.2606,0.0,0.0
lambda.x,0.02,1.2676,0.0,0.0
lambda.x,0.02,1.2746,0.0,0.0
lambda.x,0.02,1.2816,0.0,0.0
lambda.x,0.02,1.2886,0.0,0.0
lambda.x,0.02,1.2956,0.0,0.0
lambda.x,0.02,1.3027,0.0,0.0
lambda.x,0.02,1.3097,0.0,0.0
lambda.x,0.02,1.3167,0.0,0.0
lambda.x,0.02,1.3237,0.0,0.0
lambda.x,0.02,1.3307,0.0,0.0
lambda.x,0.02,1.3377,0.0,0.0
lambda.x,0.02,1.3447,0.0,0.0
lambda.x,0.02,1.3517,0.0,0.0
lambda.x,0.02,1.3587,0.0,0.0
lambda.x,0.02,1.3657,0.0,0.0
lambda.x,0.02,1.3727,0.0,0.0
lambda.x,0.02,1.3797,0.0,0.0
lambda.x,0.02,1.3867,0.0,0.0
lambda.x,0.02,1.3937,0.0,0.0
lambda.x,0.02,1.4007,0.0,0.0
lambda.x,0.02,1.4077,0.0,0.0
lambda.x,0.02,1.4147,0.0,0.0
lambda.x,0.02,1.4217,0.0,0.0
lambda.x,0.02,1.4287,0.0,0.0
lambda.x,0.02,1.4357,0.0,0.0
lambda.x,0.02,1.4427,0.0,0.0
lambda.x,0.02,1.4497,0.0,0.0
lambda.x,0.02,1.4567,0.0,0.0
lambda.x,0.02,1.4637,0.0,0.0
lambda.x,0.02,1.4707,0.0,0.0
lambda.x,0.02,1.4777,0.0,0.0
lambda.x,0.02,1.4847,0.0,0.0
lambda.x,0.02,1.4917,0.0,0.0
lambda.x,0.02,1.4987,0.0,0.0
lambda.x,0.02,1.5058,0.0,0.0
lambda.x,0.02,1.5128,0.0,0.0
lambda.x,0.02,1.5198,0.0,0.0
lambda.x,0.02,1.5268,0.0,0.0
lambda.x,0.02,1.5338,0.0,0.0
lambda.x,0.02,1.5408,0.0,0.0
lambda.x,0.02,1.5478,0.0,0.0
lambda.x,0.02,1.5548,0.0,0.0
lambda.x,0.02,1.5618,0.0,0.0
lambda.x,0.02,1.5688,0.0,0.0
lambda.x,0.02,1.5758,0.0,0.0
lambda.x,0.02,1.5828,0.0,0.0
lambda.x,0.02,1.5898,0.0,0.0
lambda.x,0.02,1.5968,0.0,0.0
lambda.x,0.02,1.6038,0.0,0.0
lambda.x,0.02,1.6108,0.0,0.0
lambda.x,0.02,1.6178,0.0,0.0
lambda.x,0.02,1.6248,0.0,0.0
lambda.x,0.02,1.6318,0.0,0.0
lambda.x,0.02,1.6388,0.0,0.0
lambda.x,0.02,1.6458,0.0,0.0
lambda.x,0.02,1.6528,0.0,0.0
lambda.x,0.02,1.6598,0.0,0.0
lambda.x,0.02,1.6668,0.0,0.0
lambda.x,0.02,1.6738,0.0,0.0
lambda.x,0.02,1.6808,0.0,0.0
lambda.x,0.02,1.6878,0.0,0.0
lambda.x,0.02,1.6948,0.0,0.0
lambda.x,0.02,1.7019,0.0,0.0
lambda.x,0.02,1.7089,0.0,0.0
lambda.x,0.02,1.7159,0.0,0.0
lambda.x,0.02,1.7229,0.0,0.0
lambda.x,0.02,1.7299,0.0,0.0
lambda.x,0.02,1.7369,0.0,0.0
lambda.x,0.02,1.7439,0.0,0.0
lambda.x,0.02,1.7509,0.0,0.0
lambda.x,0.02,1.7579,0.0,0.0
lambda.x,0.02,1.7649,0.0,0.0
lambda.x,0.02,1.7719,0.0,0.0
lambda.x,0.02,1.7789,0.0,0.0
lambda.x,0.02,1.7859,0.0,0.0
lambda.x,0.02,1.7929,0.0,0.0
lambda.x,0.02,1.7999,0.0,0.0
lambda.x,0.02,1.8069,0.0,0.0
lambda.x,0.02,1.8139,0.0,0.0
lambda.x,0.02,1.8209,0.0,0.0
lambda.x,0.02,1.8279,0.0,0.0
lambda.x,0.02,1.8349,0.0,0.0
lambda.x,0.02,1.8419,0.0,0.0
lambda.x,0.02,1.8489,0.0,0.0
lambda.x,0.02,1.8559,0.0,0.0
lambda.x,0.02,1.8629,0.0,0.0
lambda.x,0.02,1.8699,0.0,0.0
lambda.x,0.02,1.8769,0.0,0.0
lambda.x,0.02,1.8839,0.0,0.0
lambda.x,0.02,1.8909,0.0,0.0
lambda.x,0.02,1.8979,0.0,0.0
lambda.x,0.02,1.905,0.0,0.0
lambda.x,0.02,1.912,0.0,0.0
lambda.x,0.02,1.919,0.0,0.0
lambda.x,0.02,1.926,0.0,0.0
lambda.x,0.02,1.933,0.0,0.0
lambda.x,0.02,1.94,0.0,0.0
lambda.x,0.02,1.947,0.0,0.0
lambda.x,0.02,1.954,0.0,0.0
lambda.x,0.02,1.961,0.0,0.0
lambda.x,0.02,1.968,0.0,0.0
lambda.x,0.02,1.975,0.0,0.0
lambda.x,0.02,1.982,0.0,0.0
lambda.x,0.02,1.989,0.0,0.0
lambda.x,0.02,1.996,0.0,0.0
lambda.x,0.02,2.003,0.0,0.0
lambda.x,0.02,2.01,0.0,0.0
lambda.x,0.02,2.017,0.0,0.0
lambda.x,0.02,2.024,0.0,0.0
lambda.x,0.02,2.031,0.0,0.0
lambda.x,0.02,2.038,0.0,0.0
lambda.x,0.02,2.045,0.0,0.0
lambda.x,0.02,2.052,0.0,0.0
lambda.x,0.02,2.059,0.0,0.0
lambda.x,0.02,2.066,0.0,0.0
lambda.x,0.02,2.073,0.0,0.0
lambda.x,0.02,2.08,0.0,0.0
lambda.x,0.02,2.087,0.0,0.0
lambda.x,0.02,2.094,0.0,0.0
lambda.x,0.02,2.1011,0.0,0.0
lambda.x,0.02,2.1081,0.0,0.0
lambda.x,0.02,2.1151,0.0,0.0
lambda.x,0.02,2.1221,0.0,0.0
lambda.x,0.02,2.1291,0.0,0.0
lambda.x,0.02,2.1361,0.0,0.0
lambda.x,0.02,2.1431,0.0,0.0
lambda.x,0.02,2.1501,0.0,0.0
lambda.x,0.02,2.1571,0.0,0.0
lambda.x,0.02,2.1641,0.0,0.0
lambda.x,0.02,2.1711,0.0,0.0
lambda.x,0.02,2.1781,0.0,0.0
lambda.x,0.02,2.1851,0.0,0.0
lambda.x,0.02,2.1921,0.0,0.0
lambda.x,0.02,2.1991,0.0,0.0
lambda.x,0.02,2.2061,0.0,0.0
lambda.x,0.02,2.2131,0.0,0.0
lambda.x,0.02,2.2201,0.0,0.0
lambda.x,0.02,2.2271,0.0,0.0
lambda.x,0.02,2.2341,0.0,0.0
lambda.x,0.02,2.2411,0.0,0.0
lambda.x,0.02,2.2481,0.0,0.0
lambda.x,0.02,2.2551,0.0,0.0
lambda.x,0.02,2.2621,0.0,0.0
lambda.x,0.02,2.2691,0.0,0.0
lambda.x,0.02,2.2761,0.0,0.0
lambda.x,0.02,2.2831,0.0,0.0
lambda.x,0.02,2.2901,0.0,0.0
lambda.x,0.02,2.2971,0.0,0.0
lambda.x,0.02,2.3042,0.0,0.0
lambda.x,0.02,2.3112,0.0,0.0
lambda.x,0.02,2.3182,0.0,0.0
lambda.x,0.02,2.3252,0.0,0.0
lambda.x,0.02,2.3322,0.0,0.0
lambda.x,0.02,2.3392,0.0,0.0
lambda.x,0.02,2.3462,0.0,0.0
lambda.x,0.02,2.3532,0.0,0.0
lambda.x,0.02,2.3602,0.0,0.0
lambda.x,0.02,2.3672,0.0,0.0
lambda.x,0.02,2.3742,0.0,0.0
lambda.x,0.02,2.3812,0.0,0.0
lambda.x,0.02,2.3882,0.0,0.0
lambda.x,0.02,2.3952,0.0,0.0
lambda.x,0.02,2.4022,0.0,0.0
lambda.x,0.02,2.4092,0.0,0.0
lambda.x,0.02,2.4162,0.0,0.0
lambda.x,0.02,2.4232,0.0,0.0
lambda.x,0.02,2.4302,0.0,0.0
lambda.x,0.02,2.4372,0.0,0.0
lambda.x,0.02,2.4442,0.0,0.0
lambda.x,0.02,2.4512,0.0,0.0
lambda.x,0.02,2.4582,0.0,0.0
lambda.x,0.02,2.4652,0.0,0.0
lambda.x,0.02,2.4722,0.0,0.0
lambda.x,0.02,2.4792,0.0,0.0
lambda.x,0.02,2.4862,0.0,0.0
lambda.x,0.02,2.4932,0.0,0.0
lambda.x,0.02,2.5003,0.0,0.0
lambda.x,0.02,2.5073,0.0,0.0
lambda.x,0.02,2.5143,0.0,0.0
lambda.x,0.02,2.5213,0.0,0.0
lambda.x,0.02,2.5283,0.0,0.0
lambda.x,0.02,2.5353,0.0,0.0
lambda.x,0.02,2.5423,0.0,0.0
lambda.x,0.02,2.5493,0.0,0.0
lambda.x,0.02,2.5563,0.0,0.0
lambda.x,0.02,2.5633,0.0,0.0
lambda.x,0.02,2.5703,0.0,0.0
lambda.x,0.02,2.5773,0.0,0.0
lambda.x,0.02,2.5843,0.0,0.0
lambda.x,0.02,2.5913,0.0,0.0
lambda.x,0.02,2.5983,0.0,0.0
lambda.x,0.02,2.6053,0.0,0.0
lambda.x,0.02,2.6123,0.0,0.0
lambda.x,0.02,2.6193,0.0,0.0
lambda.x,0.02,2.6263,0.0,0.0
lambda.x,0.02,2.6333,0.0,0.0
lambda.x,0.02,2.6403,0.0,0.0
lambda.x,0.02,2.6473,0.0,0.0
lambda.x,0.02,2.6543,0.0,0.0
lambda.x,0.02,2.6613,0.0,0.0
lambda.x,0.02,2.6683,0.0,0.0
lambda.x,0.02,2.6753,0.0,0.0
lambda.x,0.02,2.6823,0.0,0.0
lambda.x,0.02,2.6893,0.0,0.0
lambda.x,0.02,2.6963,0.0,0.0
lambda.x,0.02,2.7034,0.0,0.0
lambda.x,0.02,2.7104,0.0,0.0
lambda.x,0.02,2.7174,0.0,0.0
lambda.x,0.02,2.7244,0.0,0.0
lambda.x,0.02,2.7314,0.0,0.0
lambda.x,0.02,2.7384,0.0,0.0
lambda.x,0.02,2.7454,0.0,0.0
lambda.x,0.02,2.7524,0.0,0.0
lambda.x,0.02,2.7594,0.0,0.0
lambda.x,0.02,2.7664,0.0,0.0
lambda.x,0.02,2.7734,0.0,0.0
lambda.x,0.02,2.7804,0.0,0.0
lambda.x,0.02,2.7874,0.0,0.0
lambda.x,0.02,2.7944,0.0,0.0
lambda.x,0.02,2.8014,0.0,0.0
lambda.x,0.02,2.8084,0.0,0.0
lambda.x,0.02,2.8154,0.0,0.0
lambda.x,0.02,2.8224,0.0,0.0
lambda.x,0.02,2.8294,0.0,0.0
lambda.x,0.02,2.8364,0.0,0.0
lambda.x,0.02,2.8434,0.0,0.0
lambda.x,0.02,2.8504,0.0,0.0
lambda.x,0.02,2.8574,0.0,0.0
lambda.x,0.02,2.8644,0.0,0.0
lambda.x,0.02,2.8714,0.0,0.0
lambda.x,0.02,2.8784,0.0,0.0
lambda.x,0.02,2.8854,0.0,0.0
lambda.x,0.02,2.8924,0.0,0.0
lambda.x,0.02,2.8994,0.0,0.0
lambda.x,0.02,2.9065,0.0,0.0
lambda.x,0.02,2.9135,0.0,0.0
lambda.x,0.02,2.9205,0.0,0.0
lambda.x,0.02,2.9275,0.0,0.0
lambda.x,0.02,2.9345,0.0,0.0
lambda.x,0.02,2.9415,0.0,0.0
lambda.x,0.02,2.9485,0.0,0.0
lambda.x,0.02,2.9555,0.0,0.0
lambda.x,0.02,2.9625,0.0,0.0
lambda.x,0.02,2.9695,0.0,0.0
lambda.x,0.02,2.9765,0.0,0.0
lambda.x,0.02,2.9835,0.0,0.0
lambda.x,0.02,2.9905,0.0,0.0
lambda.x,0.02,2.9975,0.0,0.0
lambda.x,0.02,3.0045,0.0,0.0
lambda.x,0.02,3.0115,0.0,0.0
lambda.x,0.02,3.0185,0.0,0.0
lambda.x,0.02,3.0255,0.0,0.0
lambda.x,0.02,3.0325,0.0,0.0
lambda.x,0.02,3.0395,0.0,0.0
lambda.x,0.02,3.0465,0.0,0.0
lambda.x,0.02,3.0535,0.0,0.0
lambda.x,0.02,3.0605,0.0,0.0
lambda.x,0.02,3.0675,0.0,0.0
lambda.x,0.02,3.0745,0.0,0.0
lambda.x,0.02,3.0815,0.0,0.0
lambda.x,0.02,3.0885,0.0,0.0
lambda.x,0.02,3.0955,0.0,0.0
lambda.x,0.02,3.1026,0.0,0.0
lambda.x,0.02,3.1096,0.0,0.0
lambda.x,0.02,3.1166,0.0,0.0
lambda.x,0.02,3.1236,0.0,0.0
lambda.x,0.02,3.1306,0.0,0.0
lambda.x,0.02,3.1376,0.0,0.0
lambda.x,0.02,3.1446,0.0,0.0
lambda.x,0.02,3.1516,0.0,0.0
lambda.x,0.02,3.1586,0.0,0.0
lambda.x,0.02,3.1656,0.0,0.0
lambda.x,0.02,3.1726,0.0,0.0
lambda.x,0.02,3.1796,0.0,0.0
lambda.x,0.02,3.1866,0.0,0.0
lambda.x,0.02,3.1936,0.0,0.0
lambda.x,0.02,3.2006,0.0,0.0
lambda.x,0.02,3.2076,0.0,0.0
lambda.x,0.02,3.2146,1e-05,2.177564860324805e-08
lambda.x,0.02,3.2216,1e-05,6.527963095370282e-08
lambda.x,0.02,3.2286,1e-05,1.0868918876087398e-07
lambda.x,0.02,3.2356,2e-05,1.7363904924066443e-07
lambda.x,0.02,3.2426,2e-05,2.600829154143965e-07
lambda.x,0.02,3.2496,3e-05,3.6788148342531575e-07
lambda.x,0.02,3.2566,4e-05,5.184840638367287e-07
lambda.x,0.02,3.2636,6e-05,7.331555476873991e-07
lambda.x,0.02,3.2706,8e-05,1.0330701950584903e-06
lambda.x,0.02,3.2776,0.00011,1.4392205968280002e-06
lambda.x,0.02,3.2846,0.00016,2.015133796600482e-06
lambda.x,0.02,3.2916,0.00021,2.802710323646789e-06
lambda.x,0.02,3.2986,0.00028,3.843493122186666e-06
lambda.x,0.02,3.3057,0.00037,5.2408610102182845e-06
lambda.x,0.02,3.3127,0.00049,7.059765368060862e-06
lambda.x,0.02,3.3197,0.00065,9.465780328533203e-06
lambda.x,0.02,3.3267,0.00084,1.260390346570926e-05
lambda.x,0.02,3.3337,0.00109,1.666016906294842e-05
lambda.x,0.02,3.3407,0.0014,2.188243422823239e-05
lambda.x,0.02,3.3477,0.00179,2.85588193937172e-05
lambda.x,0.02,3.3547,0.00226,3.701745953371897e-05
lambda.x,0.02,3.3617,0.00285,4.7667728862723746e-05
lambda.x,0.02,3.3687,0.00356,6.099973868312599e-05
lambda.x,0.02,3.3757,0.00443,7.758349392996531e-05
lambda.x,0.02,3.3827,0.00546,9.806840352879763e-05
lambda.x,0.02,3.3897,0.00669,0.00012318245216650004
lambda.x,0.02,3.3967,0.00814,0.0001537729393079159
lambda.x,0.02,3.4037,0.00983,0.00019076427983050795
lambda.x,0.02,3.4107,0.0118,0.00023519841758724603
lambda.x,0.02,3.4177,0.01406,0.00028821346434892395
lambda.x,0.02,3.4247,0.01665,0.0003510427866282336
lambda.x,0.02,3.4317,0.01958,0.00042501435327042586
lambda.x,0.02,3.4387,0.02287,0.0005115091262138273
lambda.x,0.02,3.4457,0.02653,0.0006119606709478788
lambda.x,0.02,3.4527,0.03056,0.0007278141401525677
lambda.x,0.02,3.4597,0.03497,0.0008605261386383953
lambda.x,0.02,3.4667,0.03974,0.0010115242875488768
lambda.x,0.02,3.4737,0.04486,0.0011821670328102387
lambda.x,0.02,3.4807,0.0503,0.0013737241319576683
lambda.x,0.02,3.4877,0.05601,0.0015872970036758638
lambda.x,0.02,3.4947,0.06194,0.0018237799365200154
lambda.x,0.02,3.5018,0.06804,0.002087573261648268
lambda.x,0.02,3.5088,0.07423,0.002371670978920221
lambda.x,0.02,3.5158,0.08044,0.0026799156497368513
lambda.x,0.02,3.5228,0.08657,0.0030120920716281436
lambda.x,0.02,3.5298,0.09254,0.0033676289677453614
lambda.x,0.02,3.5368,0.09824,0.0037455820955326915
lambda.x,0.02,3.5438,0.10359,0.004144637078753056
lambda.x,0.02,3.5508,0.10849,0.004563132160240682
lambda.x,0.02,3.5578,0.11286,0.004999060860624094
lambda.x,0.02,3.5648,0.11659,0.005450055129777634
lambda.x,0.02,3.5718,0.11964,0.005913466459976859
lambda.x,0.02,3.5788,0.12193,0.0063864270305887556
lambda.x,0.02,3.5858,0.12342,0.006865851268942365
lambda.x,0.02,3.5928,0.12408,0.007348535118803212
lambda.x,0.02,3.5998,0.1239,0.007831215337473425
lambda.x,0.02,3.6068,0.12288,0.008310628254841065
lambda.x,0.02,3.6138,0.12104,0.008783567925010945
lambda.x,0.02,3.6208,0.11842,0.009246963085647084
lambda.x,0.02,3.6278,0.11507,0.00969793407867128
lambda.x,0.02,3.6348,0.11105,0.010133829926711873
lambda.x,0.02,3.6418,0.10645,0.010552303495408201
lambda.x,0.02,3.6488,0.10134,0.010951328454984675
lambda.x,0.02,3.6558,0.09582,0.011329215894728219
lambda.x,0.02,3.6628,0.08999,0.011684669184523926
lambda.x,0.02,3.6698,0.08394,0.012016761904335581
lambda.x,0.02,3.6768,0.07777,0.012324934985785187
lambda.x,0.02,3.6838,0.07156,0.012608974951498927
lambda.x,0.02,3.6908,0.0654,0.012868992252372367
lambda.x,0.02,3.6978,0.05936,0.01310539991829329
lambda.x,0.02,3.7049,0.05352,0.013321939425715985
lambda.x,0.02,3.7119,0.04792,0.013513428377726379
lambda.x,0.02,3.7189,0.04262,0.013684019838022896
lambda.x,0.02,3.7259,0.03764,0.013834958284713731
lambda.x,0.02,3.7329,0.03303,0.013967612524206202
lambda.x,0.02,3.7399,0.02878,0.014083418713963947
lambda.x,0.02,3.7469,0.0249,0.014183804919694907
lambda.x,0.02,3.7539,0.02141,0.01427024718751951
lambda.x,0.02,3.7609,0.01828,0.014344194770993675
lambda.x,0.02,3.7679,0.0155,0.014407014422894293
lambda.x,0.02,3.7749,0.01305,0.014460009620427199
lambda.x,0.02,3.7819,0.01092,0.01450442099968518
lambda.x,0.02,3.7889,0.00907,0.014541389904760279
lambda.x,0.02,3.7959,0.00748,0.01457194057730078
lambda.x,0.02,3.8029,0.00613,0.014597017901661478
lambda.x,0.02,3.8099,0.00499,0.014617469615475286
lambda.x,0.02,3.8169,0.00404,0.014634046989139116
lambda.x,0.02,3.8239,0.00324,0.014647387260610174
lambda.x,0.02,3.8309,0.00258,0.014658032674957225
lambda.x,0.02,3.8379,0.00205,0.014666485995804123
lambda.x,0.02,3.8449,0.00161,0.014673156175306222
lambda.x,0.02,3.8519,0.00126,0.014678377109933003
lambda.x,0.02,3.8589,0.00098,0.01468244459767653
lambda.x,0.02,3.8659,0.00075,0.014685580334234824
lambda.x,0.02,3.8729,0.00058,0.014687986672171562
lambda.x,0.02,3.8799,0.00044,0.014689828817116113
lambda.x,0.02,3.8869,0.00033,0.014691216955952782
lambda.x,0.02,3.8939,0.00025,0.014692260680785883
lambda.x,0.02,3.901,0.00018,0.014693044130278944
lambda.x,0.02,3.908,0.00014,0.01469361789203911
lambda.x,0.02,3.915,0.0001,0.014694047459184345
lambda.x,0.02,3.922,7e-05,0.014694351194930502
lambda.x,0.02,3.929,5e-05,0.014694565212378656
lambda.x,0.02,3.936,4e-05,0.01469472543178118
lambda.x,0.02,3.943,3e-05,0.014694849828932457
lambda.x,0.02,3.95,2e-05,0.014694938530910326
lambda.x,0.02,3.957,1e-05,0.01469499166411762
lambda.x,0.02,3.964,1e-05,0.014695027013217314
lambda.x,0.02,3.971,1e-05,0.014695062299949248
lambda.x,0.02,3.978,0.0,0.014695079927750808
lambda.x,0.02,3.985,0.0,0.014695079927750808
lambda.x,0.02,3.992,0.0,0.014695079927750808
lambda.x,0.02,3.999,0.0,0.014695079927750808
lambda.x,0.02,4.006,0.0,0.014695079927750808
lambda.x,0.02,4.013,0.0,0.014695079927750808
lambda.x,0.02,4.02,0.0,0.014695079927750808
lambda.x,0.02,4.027,0.0,0.014695079927750808
lambda.x,0.02,4.034,0.0,0.014695079927750808
lambda.x,0.02,4.041,0.0,0.014695079927750808
lambda.x,0.02,4.048,0.0,0.014695079927750808
lambda.x,0.02,4.055,0.0,0.014695079927750808
lambda.x,0.02,4.062,0.0,0.014695079927750808
lambda.x,0.02,4.069,0.0,0.014695079927750808
lambda.x,0.02,4.076,0.0,0.014695079927750808
lambda.x,0.02,4.083,0.0,0.014695079927750808
lambda.x,0.02,4.09,0.0,0.014695079927750808
lambda.x,0.02,4.097,0.0,0.014695079927750808
lambda.x,0.02,4.1041,0.0,0.014695079927750808
lambda.x,0.02,4.1111,0.0,0.014695079927750808
lambda.x,0.02,4.1181,0.0,0.014695079927750808
lambda.x,0.02,4.1251,1e-05,0.014695096897036401
lambda.x,0.02,4.1321,1e-05,0.014695130806860704
lambda.x,0.02,4.1391,1e-05,0.014695164659288471
lambda.x,0.02,4.1461,2e-05,0.014695215337849824
lambda.x,0.02,4.1531,2e-05,0.014695282814281093
lambda.x,0.02,4.1601,3e-05,0.014695367003595848
lambda.x,0.02,4.1671,5e-05,0.014695501474416537
lambda.x,0.02,4.1741,6e-05,0.014695686086174485
lambda.x,0.02,4.1811,9e-05,0.014695937384718756
lambda.x,0.02,4.1881,0.00012,0.01469628863104677
lambda.x,0.02,4.1951,0.00017,0.014696772863598542
lambda.x,0.02,4.2021,0.00023,0.014697439669635982
lambda.x,0.02,4.2091,0.00031,0.014698338361040876
lambda.x,0.02,4.2161,0.00042,0.014699551237596815
lambda.x,0.02,4.2231,0.00056,0.014701176792589213
lambda.x,0.02,4.2301,0.00074,0.014703329578007183
lambda.x,0.02,4.2371,0.00097,0.014706156646497747
lambda.x,0.02,4.2441,0.00127,0.014709853830253564
lambda.x,0.02,4.2511,0.00165,0.014714665446707713
lambda.x,0.02,4.2581,0.00214,0.014720900391543895
lambda.x,0.02,4.2651,0.00274,0.01472891535625912
lambda.x,0.02,4.2721,0.0035,0.01473914720447103
lambda.x,0.02,4.2791,0.00443,0.014752128939927407
lambda.x,0.02,4.2861,0.00557,0.014768472638851095
lambda.x,0.02,4.2931,0.00697,0.01478893423488558
lambda.x,0.02,4.3002,0.00865,0.014814743230379178
lambda.x,0.02,4.3072,0.01067,0.014846164702607774
lambda.x,0.02,4.3142,0.01307,0.014884712147121839
lambda.x,0.02,4.3212,0.01591,0.014931691793282402
lambda.x,0.02,4.3282,0.01924,0.014988581588239682
lambda.x,0.02,4.3352,0.02312,0.015057030060750895
lambda.x,0.02,4.3422,0.02759,0.015138839125574479
lambda.x,0.02,4.3492,0.03272,0.015235979138031196
lambda.x,0.02,4.3562,0.03855,0.015350587888297589
lambda.x,0.02,4.3632,0.04512,0.015484921318656366
lambda.x,0.02,4.3702,0.05247,0.015641352765883274
lambda.x,0.02,4.3772,0.06062,0.015822340225779916
lambda.x,0.02,4.3842,0.06959,0.016030393827978655
lambda.x,0.02,4.3912,0.07937,0.01626802768033239
lambda.x,0.02,4.3982,0.08994,0.01653769610480394
lambda.x,0.02,4.4052,0.10127,0.016841762211782147
lambda.x,0.02,4.4122,0.11329,0.01718241912857842
lambda.x,0.02,4.4192,0.12594,0.017561643456540293
lambda.x,0.02,4.4262,0.1391,0.017981117592405473
lambda.x,0.02,4.4332,0.15267,0.018442168277866242
lambda.x,0.02,4.4402,0.1665,0.018945721598890884
lambda.x,0.02,4.4472,0.18043,0.019492210944374186
lambda.x,0.02,4.4542,0.19429,0.020081548649952097
lambda.x,0.02,4.4612,0.20791,0.02071311355530357
lambda.x,0.02,4.4682,0.22108,0.021385691684882278
lambda.x,0.02,4.4752,0.23361,0.02209744857805433
lambda.x,0.02,4.4822,0.24531,0.02284596445193955
lambda.x,0.02,4.4892,0.256,0.023628253448016577
lambda.x,0.02,4.4962,0.26549,0.024440767184457052
lambda.x,0.02,4.5033,0.27362,0.025291400629162967
lambda.x,0.02,4.5103,0.28025,0.02615166873427179
lambda.x,0.02,4.5173,0.28527,0.02702867151076728
lambda.x,0.02,4.5243,0.28859,0.027917232034422326
lambda.x,0.02,4.5313,0.29016,0.028811980902626416
lambda.x,0.02,4.5383,0.28994,0.029707434639837233
lambda.x,0.02,4.5453,0.28794,0.03059808882780651
lambda.x,0.02,4.5523,0.28421,0.031478556744846065
lambda.x,0.02,4.5593,0.27881,0.03234364550335729
lambda.x,0.02,4.5663,0.27184,0.033188431532446376
lambda.x,0.02,4.5733,0.26344,0.03400838147178423
lambda.x,0.02,4.5803,0.25373,0.03479938044390433
lambda.x,0.02,4.5873,0.2429,0.03555780574872487
lambda.x,0.02,4.5943,0.23112,0.03628060020627665
lambda.x,0.02,4.6013,0.21857,0.036965253453157494
lambda.x,0.02,4.6083,0.20545,0.037609844210672295
lambda.x,0.02,4.6153,0.19195,0.038213051921427224
lambda.x,0.02,4.6223,0.17825,0.03877412279664696
lambda.x,0.02,4.6293,0.16452,0.03929283612038881
lambda.x,0.02,4.6363,0.15093,0.039769485906569195
lambda.x,0.02,4.6433,0.13762,0.040204832566236935
lambda.x,0.02,4.6503,0.12473,0.040600054870557574
lambda.x,0.02,4.6573,0.11237,0.04095670234320224
lambda.x,0.02,4.6643,0.10063,0.041276617927097047
lambda.x,0.02,4.6713,0.08957,0.041561861253607134
lambda.x,0.02,4.6783,0.07926,0.04181467735179644
lambda.x,0.02,4.6853,0.06973,0.04203745074101983
lambda.x,0.02,4.6923,0.061,0.04223262991822424
lambda.x,0.02,4.6993,0.05307,0.042402682266668525
lambda.x,0.02,4.7064,0.04594,0.04255216813458592
lambda.x,0.02,4.7134,0.03958,0.04267927771527868
lambda.x,0.02,4.7204,0.03396,0.042788419201048436
lambda.x,0.02,4.7274,0.02907,0.04288182414265965
lambda.x,0.02,4.7344,0.02484,0.04296159588007483
lambda.x,0.02,4.7414,0.02125,0.04302969540522424
lambda.x,0.02,4.7484,0.01824,0.043087957052965094
lambda.x,0.02,4.7554,0.01579,0.043138089160338094
lambda.x,0.02,4.7624,0.01384,0.04318167489470523
lambda.x,0.02,4.7694,0.01236,0.04322015822568827
lambda.x,0.02,4.7764,0.01132,0.043254888772653835
lambda.x,0.02,4.7834,0.01067,0.04328709308952101
lambda.x,0.02,4.7904,0.0104,0.043317904566833064
lambda.x,0.02,4.7974,0.01047,0.043348378652676545
lambda.x,0.02,4.8044,0.01086,0.04337947867331916
lambda.x,0.02,4.8114,0.01156,0.043412120058564437
lambda.x,0.02,4.8184,0.01254,0.043447156113837475
lambda.x,0.02,4.8254,0.01377,0.04348534932552134
lambda.x,0.02,4.8324,0.01526,0.04352742982978888
lambda.x,0.02,4.8394,0.01697,0.0435740812193635
lambda.x,0.02,4.8464,0.01888,0.04362589737672146
lambda.x,0.02,4.8534,0.02098,0.0436834263024399
lambda.x,0.02,4.8604,0.02323,0.0437471415963248
lambda.x,0.02,4.8674,0.02561,0.043817428442004015
lambda.x,0.02,4.8744,0.0281,0.04389461287809065
lambda.x,0.02,4.8814,0.03065,0.043978919117241694
lambda.x,0.02,4.8884,0.03323,0.04407045574842616
lambda.x,0.02,4.8954,0.0358,0.04416923073893484
lambda.x,0.02,4.9025,0.03832,0.04427664953500012
lambda.x,0.02,4.9095,0.04075,0.044389466116034754
lambda.x,0.02,4.9165,0.04304,0.04450884712111514
lambda.x,0.02,4.9235,0.04517,0.04463434706131171
lambda.x,0.02,4.9305,0.04707,0.04476539452993023
lambda.x,0.02,4.9375,0.04873,0.044901306993374634
lambda.x,0.02,4.9445,0.05011,0.04504133401309095
lambda.x,0.02,4.9515,0.05117,0.045184615158228934
lambda.x,0.02,4.9585,0.0519,0.045330222978712
lambda.x,0.02,4.9655,0.05229,0.04547720573510673
lambda.x,0.02,4.9725,0.05232,0.04562457345806636
lambda.x,0.02,4.9795,0.052,0.04577132625887849
lambda.x,0.02,4.9865,0.05133,0.045916482520376875
lambda.x,0.02,4.9935,0.05032,0.04605907877468123
lambda.x,0.02,5.0005,0.049,0.046198211616979255
lambda.x,0.02,5.0075,0.04739,0.04633305138772011
lambda.x,0.02,5.0145,0.04552,0.046462841740977735
lambda.x,0.02,5.0215,0.04343,0.04658692713499594
lambda.x,0.02,5.0285,0.04115,0.04670475228995184
lambda.x,0.02,5.0355,0.03873,0.046815875511953424
lambda.x,0.02,5.0425,0.0362,0.04691996810058308
lambda.x,0.02,5.0495,0.03361,0.04701681368330521
lambda.x,0.02,5.0565,0.03099,0.04710630763151517
lambda.x,0.02,5.0635,0.02838,0.04718844257938005
lambda.x,0.02,5.0705,0.02582,0.04726332171085056
lambda.x,0.02,5.0775,0.02333,0.04733113057698528
lambda.x,0.02,5.0845,0.02093,0.04739210906931765
lambda.x,0.02,5.0915,0.01865,0.047446564869215994
lambda.x,0.02,5.0985,0.01651,0.04749487309426589
lambda.x,0.02,5.1056,0.01452,0.047538056312307016
lambda.x,0.02,5.1126,0.01268,0.047575324894411505
lambda.x,0.02,5.1196,0.01099,0.047607712488599976
lambda.x,0.02,5.1266,0.00947,0.04763566965045228
lambda.x,0.02,5.1336,0.0081,0.047659645128514644
lambda.x,0.02,5.1406,0.00688,0.04768005856549972
lambda.x,0.02,5.1476,0.00581,0.047697327890989925
lambda.x,0.02,5.1546,0.00487,0.047711842170543146
lambda.x,0.02,5.1616,0.00406,0.047723961725443145
lambda.x,0.02,5.1686,0.00335,0.047734004782037286
lambda.x,0.02,5.1756,0.00276,0.047742274694527374
lambda.x,0.02,5.1826,0.00225,0.047749046610226775
lambda.x,0.02,5.1896,0.00183,0.04775455402372804
lambda.x,0.02,5.1966,0.00148,0.0477590160332705
lambda.x,0.02,5.2036,0.00119,0.04776261045929833
lambda.x,0.02,5.2106,0.00096,0.047765500952850655
lambda.x,0.02,5.2176,0.00077,0.047767823673594126
lambda.x,0.02,5.2246,0.00063,0.047769700799363386
lambda.x,0.02,5.2316,0.00053,0.047771254035196845
lambda.x,0.02,5.2386,0.00046,0.04777257785531377
lambda.x,0.02,5.2456,0.00043,0.047773766337599166
lambda.x,0.02,5.2526,0.00043,0.04777491320138086
lambda.x,0.02,5.2596,0.00046,0.0477760984647748
lambda.x,0.02,5.2666,0.00054,0.04777742840923555
lambda.x,0.02,5.2736,0.00067,0.04777903547539799
lambda.x,0.02,5.2806,0.00085,0.047781051576854056
lambda.x,0.02,5.2876,0.00109,0.04778362134146584
lambda.x,0.02,5.2946,0.00143,0.04778695494570242
lambda.x,0.02,5.3017,0.00187,0.0477913768509518
lambda.x,0.02,5.3087,0.00244,0.04779706323050528
lambda.x,0.02,5.3157,0.00317,0.047804455017385894
lambda.x,0.02,5.3227,0.0041,0.04781402144438476
lambda.x,0.02,5.3297,0.00527,0.04782633503501878
lambda.x,0.02,5.3367,0.00672,0.04784207106123954
lambda.x,0.02,5.3437,0.00853,0.04786205940284764
lambda.x,0.02,5.3507,0.01075,0.0478872968890345
lambda.x,0.02,5.3577,0.01345,0.04791893330859201
lambda.x,0.02,5.3647,0.01672,0.04795832283827189
lambda.x,0.02,5.3717,0.02065,0.04800704907332487
lambda.x,0.02,5.3787,0.02532,0.04806691081813519
lambda.x,0.02,5.3857,0.03084,0.048139946944433055
lambda.x,0.02,5.3927,0.03731,0.04822846115577091
lambda.x,0.02,5.3997,0.04483,0.048335007632796995
lambda.x,0.02,5.4067,0.0535,0.048462389735251625
lambda.x,0.02,5.4137,0.06342,0.048613658712360765
lambda.x,0.02,5.4207,0.07466,0.04879207368117734
lambda.x,0.02,5.4277,0.0873,0.049001074709848345
lambda.x,0.02,5.4347,0.10138,0.04924424326080482
lambda.x,0.02,5.4417,0.11694,0.04952524994180039
lambda.x,0.02,5.4487,0.13397,0.04984778981200672
lambda.x,0.02,5.4557,0.15244,0.050215492359488856
lambda.x,0.02,5.4627,0.17228,0.05063184491949291
lambda.x,0.02,5.4697,0.19337,0.05110007815685248
lambda.x,0.02,5.4767,0.21558,0.05162309060856172
lambda.x,0.02,5.4837,0.2387,0.052203335478428065
lambda.x,0.02,5.4907,0.26251,0.052842708039522845
lambda.x,0.02,5.4977,0.28673,0.05354245933310464
lambda.x,0.02,5.5048,0.31107,0.05431396948973669
lambda.x,0.02,5.5118,0.33517,0.05513519829600403
lambda.x,0.02,5.5188,0.3587,0.05601583714272055
lambda.x,0.02,5.5258,0.38127,0.0569537963168977
lambda.x,0.02,5.5328,0.4025,0.05794601922565119
lambda.x,0.02,5.5398,0.42204,0.05898853784560307
lambda.x,0.02,5.5468,0.43952,0.06007648999450522
lambda.x,0.02,5.5538,0.45461,0.061204149018148864
lambda.x,0.02,5.5608,0.46703,0.06236504150262118
lambda.x,0.02,5.5678,0.47654,0.06355206426201229
lambda.x,0.02,5.5748,0.48293,0.06475757546233826
lambda.x,0.02,5.5818,0.48609,0.06597356040246963
lambda.x,0.02,5.5888,0.48595,0.06719180889154705
lambda.x,0.02,5.5958,0.4825,0.06840404138442868
lambda.x,0.02,5.6028,0.47584,0.0696021218163169
lambda.x,0.02,5.6098,0.46607,0.07077819431787491
lambda.x,0.02,5.6168,0.45341,0.07192483136891291
lambda.x,0.02,5.6238,0.4381,0.07303520611038437
lambda.x,0.02,5.6308,0.42043,0.07410317640805136
lambda.x,0.02,5.6378,0.40073,0.07512339327278239
lambda.x,0.02,5.6448,0.37937,0.0760913961919421
lambda.x,0.02,5.6518,0.3567,0.07700363355744705
lambda.x,0.02,5.6588,0.33311,0.07785748287518188
lambda.x,0.02,5.6658,0.30897,0.07865127094147904
lambda.x,0.02,5.6728,0.28463,0.0793842197657699
lambda.x,0.02,5.6798,0.26043,0.08005640515105336
lambda.x,0.02,5.6868,0.23667,0.08066869092624576
lambda.x,0.02,5.6938,0.21362,0.08122263894936955
lambda.x,0.02,5.7009,0.1915,0.08172751419406468
lambda.x,0.02,5.7079,0.17051,0.08217176093422843
lambda.x,0.02,5.7149,0.15079,0.08256556725787374
lambda.x,0.02,5.7219,0.13244,0.08291228825706365
lambda.x,0.02,5.7289,0.11554,0.08321548680507979
lambda.x,0.02,5.7359,0.10011,0.08347883488090163
lambda.x,0.02,5.7429,0.08615,0.08370601543574746
lambda.x,0.02,5.7499,0.07364,0.08390067361336097
lambda.x,0.02,5.7569,0.06251,0.08406633178907767
lambda.x,0.02,5.7639,0.05271,0.0842063536588961
lambda.x,0.02,5.7709,0.04414,0.08432390864991003
lambda.x,0.02,5.7779,0.03671,0.08442192432814864
lambda.x,0.02,5.7849,0.03033,0.0845030996851043
lambda.x,0.02,5.7919,0.02488,0.08456986998587708
lambda.x,0.02,5.7989,0.02028,0.08462442007073102
lambda.x,0.02,5.8059,0.01641,0.08466868562190044
lambda.x,0.02,5.8129,0.01319,0.08470435430626172
lambda.x,0.02,5.8199,0.01053,0.0847329031104451
lambda.x,0.02,5.8269,0.00835,0.08475559933934254
lambda.x,0.02,5.8339,0.00658,0.08477352563520633
lambda.x,0.02,5.8409,0.00515,0.08478759286228285
lambda.x,0.02,5.8479,0.004,0.08479855289989606
lambda.x,0.02,5.8549,0.00309,0.084807035284959
lambda.x,0.02,5.8619,0.00237,0.08481355976684891
lambda.x,0.02,5.8689,0.0018,0.08481853681723021
lambda.x,0.02,5.8759,0.00136,0.08482230390454788
lambda.x,0.02,5.8829,0.00102,0.08482513776900952
lambda.x,0.02,5.8899,0.00076,0.08482725469727823
lambda.x,0.02,5.8969,0.00056,0.08482882269447811
lambda.x,0.02,5.904,0.00042,0.08483000202835231
lambda.x,0.02,5.911,0.0003,0.08483085526566789
lambda.x,0.02,5.918,0.00022,0.08483147075855212
lambda.x,0.02,5.925,0.00016,0.0848319200111363
lambda.x,0.02,5.932,0.00011,0.08483223884512262
lambda.x,0.02,5.939,8e-05,0.0848324629415414
lambda.x,0.02,5.946,6e-05,0.08483262786923124
lambda.x,0.02,5.953,4e-05,0.08483274554006108
lambda.x,0.02,5.96,3e-05,0.08483282781006876
lambda.x,0.02,5.967,2e-05,0.0848328865073445
lambda.x,0.02,5.974,2e-05,0.0848329334046054
lambda.x,0.02,5.981,2e-05,0.08483298024694685
lambda.x,0.02,5.988,2e-05,0.08483302703449733
lambda.x,0.02,5.995,2e-05,0.08483307376738485
lambda.x,0.02,6.002,3e-05,0.08483313210851606
lambda.x,0.02,6.009,4e-05,0.08483321369362479
lambda.x,0.02,6.016,6e-05,0.08483333010422608
lambda.x,0.02,6.023,8e-05,0.08483349289497767
lambda.x,0.02,6.03,0.00011,0.0848337135667585
lambda.x,0.02,6.037,0.00014,0.0848340035939018
lambda.x,0.02,6.044,0.0002,0.08483439756086505
lambda.x,0.02,6.051,0.00026,0.0848349299722752
lambda.x,0.02,6.058,0.00035,0.0848356351729086
lambda.x,0.02,6.065,0.00047,0.08483658205352976
lambda.x,0.02,6.072,0.00063,0.08483785079483362
lambda.x,0.02,6.079,0.00082,0.08483952131366766
lambda.x,0.02,6.086,0.00107,0.0848416962413114
lambda.x,0.02,6.093,0.00139,0.0848445238491981
lambda.x,0.02,6.1001,0.0018,0.08484823862437649
lambda.x,0.02,6.1071,0.0023,0.0848529404400958
lambda.x,0.02,6.1141,0.00292,0.08485891980810265
lambda.x,0.02,6.1211,0.00369,0.08486648273006853
lambda.x,0.02,6.1281,0.00462,0.084875979888863
lambda.x,0.02,6.1351,0.00576,0.08488782923790429
lambda.x,0.02,6.1421,0.00712,0.08490251574645025
lambda.x,0.02,6.1491,0.00875,0.08492059104225283
lambda.x,0.02,6.1561,0.01067,0.08494268453093087
lambda.x,0.02,6.1631,0.01293,0.08496950300357772
lambda.x,0.02,6.1701,0.01557,0.0850018530141997
lambda.x,0.02,6.1771,0.01861,0.08504060641782529
lambda.x,0.02,6.1841,0.02209,0.08508670004895831
lambda.x,0.02,6.1911,0.02605,0.0851411580662942
lambda.x,0.02,6.1981,0.03051,0.08520506897044114
lambda.x,0.02,6.2051,0.0355,0.08527957400683635
lambda.x,0.02,6.2121,0.04101,0.08536583313562032
lambda.x,0.02,6.2191,0.04706,0.08546501364083532
lambda.x,0.02,6.2261,0.05364,0.08557829013551961
lambda.x,0.02,6.2331,0.06072,0.08570678833896717
lambda.x,0.02,6.2401,0.06827,0.08585156283545203
lambda.x,0.02,6.2471,0.07623,0.08601356377764283
lambda.x,0.02,6.2541,0.08455,0.08619361493138761
lambda.x,0.02,6.2611,0.09314,0.0863923807133494
lambda.x,0.02,6.2681,0.1019,0.08661031101488138
lambda.x,0.02,6.2751,0.11073,0.08684763099210535
lambda.x,0.02,6.2821,0.11951,0.08710431978259937
lambda.x,0.02,6.2891,0.12812,0.08738008931572352
lambda.x,0.02,6.2961,0.1364,0.08767434102963545
lambda.x,0.02,6.3032,0.14424,0.08799063054806502
lambda.x,0.02,6.3102,0.15149,0.08831886599180988
lambda.x,0.02,6.3172,0.15803,0.08866202694143743
lambda.x,0.02,6.3242,0.16373,0.0890183638339551
lambda.x,0.02,6.3312,0.16848,0.08938586740082827
lambda.x,0.02,6.3382,0.1722,0.08976232506110729
lambda.x,0.02,6.3452,0.1748,0.09014534391965258
lambda.x,0.02,6.3522,0.17623,0.09053238460961327
lambda.x,0.02,6.3592,0.17647,0.09092083904005444
lambda.x,0.02,6.3662,0.17552,0.09130808571263017
lambda.x,0.02,6.3732,0.17338,0.09169151177171447
lambda.x,0.02,6.3802,0.1701,0.09206856782366545
lambda.x,0.02,6.3872,0.16576,0.09243685539407284
lambda.x,0.02,6.3942,0.16043,0.0927941481974394
lambda.x,0.02,6.4012,0.15421,0.09313841324248365
lambda.x,0.02,6.4082,0.14723,0.093467875564037
lambda.x,0.02,6.4152,0.13962,0.0937810498668292
lambda.x,0.02,6.4222,0.1315,0.09407672836218081
lambda.x,0.02,6.4292,0.12301,0.09435399043469689
lambda.x,0.02,6.4362,0.11429,0.0946122231679692
lambda.x,0.02,6.4432,0.10547,0.09485110914252311
lambda.x,0.02,6.4502,0.09667,0.09507060343581263
lambda.x,0.02,6.4572,0.08801,0.09527092158756215
lambda.x,0.02,6.4642,0.0796,0.09545252764207551
lambda.x,0.02,6.4712,0.0715,0.09561606815771345
lambda.x,0.02,6.4782,0.06381,0.0957623605535662
lambda.x,0.02,6.4852,0.05658,0.09589238162430538
lambda.x,0.02,6.4922,0.04986,0.09600721288328345
lambda.x,0.02,6.4992,0.04368,0.09610801857002574
lambda.x,0.02,6.5063,0.03806,0.09619726941872593
lambda.x,0.02,6.5133,0.03301,0.0962736940630736
lambda.x,0.02,6.5203,0.02853,0.09633979966196946
lambda.x,0.02,6.5273,0.02462,0.0963968315745078
lambda.x,0.02,6.5343,0.02127,0.0964460204425849
lambda.x,0.02,6.5413,0.01847,0.0964885715412045
lambda.x,0.02,6.5483,0.01621,0.09652566488700265
lambda.x,0.02,6.5553,0.01448,0.096558455346193
lambda.x,0.02,6.5623,0.01327,0.09658807274193593
lambda.x,0.02,6.5693,0.0126,0.09661565392801152
lambda.x,0.02,6.5763,0.01246,0.09664234279296843
lambda.x,0.02,6.5833,0.01288,0.09666930082912638
lambda.x,0.02,6.5903,0.01388,0.09669773896802969
lambda.x,0.02,6.5973,0.01549,0.09672891735921363
lambda.x,0.02,6.6043,0.01777,0.0967641875693162
lambda.x,0.02,6.6113,0.02076,0.09680500281637658
lambda.x,0.02,6.6183,0.02454,0.09685293867057466
lambda.x,0.02,6.6253,0.02917,0.0969097137127826
lambda.x,0.02,6.6323,0.03474,0.09697719946254592
lambda.x,0.02,6.6393,0.04134,0.0970574513960469
lambda.x,0.02,6.6463,0.04905,0.09715269763853392
lambda.x,0.02,6.6533,0.05797,0.09726534874734548
lambda.x,0.02,6.6603,0.06818,0.09739799696672084
lambda.x,0.02,6.6673,0.07978,0.09755341544227016
lambda.x,0.02,6.6743,0.09284,0.09773454699573626
lambda.x,0.02,6.6813,0.10743,0.09794447194949907
lambda.x,0.02,6.6883,0.1236,0.09818638661856309
lambda.x,0.02,6.6953,0.14141,0.09846359234819169
lambda.x,0.02,6.7024,0.16086,0.0987839524727491
lambda.x,0.02,6.7094,0.18196,0.09914179609774475
lambda.x,0.02,6.7164,0.20469,0.0995449702517304
lambda.x,0.02,6.7234,0.229,0.09999672432426047
lambda.x,0.02,6.7304,0.25481,0.10050016229930789
lambda.x,0.02,6.7374,0.28204,0.10105821215809115
lambda.x,0.02,6.7444,0.31057,0.10167358509422257
lambda.x,0.02,6.7514,0.34025,0.10234870379258267
lambda.x,0.02,6.7584,0.37091,0.10308565180554141
lambda.x,0.02,6.7654,0.40239,0.10388616458901466
lambda.x,0.02,6.7724,0.43446,0.10475156893668677
lambda.x,0.02,6.7794,0.46693,0.10568275361767022
lambda.x,0.02,6.7864,0.49956,0.10668016091262895
lambda.x,0.02,6.7934,0.53212,0.1077437471852696
lambda.x,0.02,6.8004,0.56435,0.10887296430769634
lambda.x,0.02,6.8074,0.59602,0.11006676170472113
lambda.x,0.02,6.8144,0.62686,0.11132357817884547
lambda.x,0.02,6.8214,0.65663,0.11264133370323125
lambda.x,0.02,6.8284,0.68506,0.1140174315818889
lambda.x,0.02,6.8354,0.71189,0.11544874005403757
lambda.x,0.02,6.8424,0.73689,0.11693163541659736
lambda.x,0.02,6.8494,0.7598,0.11846200406768492
lambda.x,0.02,6.8564,0.78038,0.12003523426746888
lambda.x,0.02,6.8634,0.7984,0.12164624878936767
lambda.x,0.02,6.8704,0.81367,0.12328955777167634
lambda.x,0.02,6.8774,0.82597,0.12495927061822032
lambda.x,0.02,6.8844,0.83514,0.12664912810167633
lambda.x,0.02,6.8914,0.84103,0.12835257502730538
lambda.x,0.02,6.8984,0.84355,0.13006283247616285
lambda.x,0.02,6.9055,0.84261,0.13179737743808206
lambda.x,0.02,6.9125,0.83821,0.13350033859342597
lambda.x,0.02,6.9195,0.83036,0.13518917907926645
lambda.x,0.02,6.9265,0.81915,0.13685704165656062
lambda.x,0.02,6.9335,0.80472,0.13849732216372343
lambda.x,0.02,6.9405,0.78727,0.14010377948915204
lambda.x,0.02,6.9475,0.76704,0.14167063492407678
lambda.x,0.02,6.9545,0.74436,0.1431927011910845
lambda.x,0.02,6.9615,0.71958,0.14466549076372892
lambda.x,0.02,6.9685,0.69311,0.14608529343532872
lambda.x,0.02,6.9755,0.66539,0.14744926357390778
lambda.x,0.02,6.9825,0.63689,0.14875547683410287
lambda.x,0.02,6.9895,0.60809,0.15000296655489953
lambda.x,0.02,6.9965,0.57948,0.1511917399451
lambda.x,0.02,7.0035,0.55155,0.152322784192861
lambda.x,0.02,7.0105,0.52474,0.15339801262457634
lambda.x,0.02,7.0175,0.49948,0.15442020110743804
lambda.x,0.02,7.0245,0.47613,0.1553929048786527
lambda.x,0.02,7.0315,0.45502,0.15632035581877946
lambda.x,0.02,7.0385,0.4364,0.15720735033054756
lambda.x,0.02,7.0455,0.42044,0.15805908804831095
lambda.x,0.02,7.0525,0.40723,0.1588810113483496
lambda.x,0.02,7.0595,0.39681,0.15967867540240127
lambda.x,0.02,7.0665,0.38911,0.16045758918699052
lambda.x,0.02,7.0735,0.38399,0.1612230374286944
lambda.x,0.02,7.0805,0.38125,0.16197995290076556
lambda.x,0.02,7.0875,0.38061,0.1627327794839479
lambda.x,0.02,7.0945,0.38175,0.16348535561725927
lambda.x,0.02,7.1016,0.3843,0.164251614985043
lambda.x,0.02,7.1086,0.38787,0.1650123613505328
lambda.x,0.02,7.1156,0.39203,0.16577996683859245
lambda.x,0.02,7.1226,0.39635,0.16655515562184284
lambda.x,0.02,7.1296,0.40043,0.1673378344108217
lambda.x,0.02,7.1366,0.40388,0.16812713492613973
lambda.x,0.02,7.1436,0.40632,0.16892143654520977
lambda.x,0.02,7.1506,0.40745,0.16971845736379074
lambda.x,0.02,7.1576,0.40699,0.1705153546590273
lambda.x,0.02,7.1646,0.40474,0.17130882480400142
lambda.x,0.02,7.1716,0.40056,0.17209524179467753
lambda.x,0.02,7.1786,0.39435,0.17287075607721203
lambda.x,0.02,7.1856,0.3861,0.1736314220997259
lambda.x,0.02,7.1926,0.37586,0.17437334475506353
lambda.x,0.02,7.1996,0.36373,0.1750927861917831
lambda.x,0.02,7.2066,0.34985,0.17578625267004622
lambda.x,0.02,7.2136,0.33444,0.17645061009811214
lambda.x,0.02,7.2206,0.31771,0.17708315057382057
lambda.x,0.02,7.2276,0.29993,0.17768163914878735
lambda.x,0.02,7.2346,0.28138,0.17824437978345892
lambda.x,0.02,7.2416,0.26235,0.17877023260449956
lambda.x,0.02,7.2486,0.24313,0.17925862142177448
lambda.x,0.02,7.2556,0.224,0.17970952190427378
lambda.x,0.02,7.2626,0.20523,0.18012344016530366
lambda.x,0.02,7.2696,0.18708,0.18050139145083124
lambda.x,0.02,7.2766,0.16978,0.18084485969063108
lambda.x,0.02,7.2836,0.15353,0.18115573800409573
lambda.x,0.02,7.2906,0.13853,0.18143629829601177
lambda.x,0.02,7.2976,0.12492,0.18168913224933894
lambda.x,0.02,7.3047,0.11284,0.18192034761974316
lambda.x,0.02,7.3117,0.1024,0.18212651539629832
lambda.x,0.02,7.3187,0.09369,0.182314160229752
lambda.x,0.02,7.3257,0.08676,0.18248667306418923
lambda.x,0.02,7.3327,0.08168,0.18264754972880176
lambda.x,0.02,7.3397,0.07849,0.18280038101864302
lambda.x,0.02,7.3467,0.07719,0.1829487856085924
lambda.x,0.02,7.3537,0.07781,0.183096400391783
lambda.x,0.02,7.3607,0.08034,0.18324687092751105
lambda.x,0.02,7.3677,0.08477,0.18340381336835643
lambda.x,0.02,7.3747,0.09107,0.1835707955880629
lambda.x,0.02,7.3817,0.0992,0.18375130889798727
lambda.x,0.02,7.3887,0.1091,0.18394873990659513
lambda.x,0.02,7.3957,0.1207,0.18416634250320657
lambda.x,0.02,7.4027,0.1339,0.18440720052722714
lambda.x,0.02,7.4097,0.14858,0.18467418114881115
lambda.x,0.02,7.4167,0.16458,0.18496987904040713
lambda.x,0.02,7.4237,0.18173,0.18529657022305748
lambda.x,0.02,7.4307,0.19983,0.18565617557728215
lambda.x,0.02,7.4377,0.21865,0.18605020568495553
lambda.x,0.02,7.4447,0.23793,0.18647970593062177
lambda.x,0.02,7.4517,0.25739,0.18694521125461602
lambda.x,0.02,7.4587,0.27674,0.1874467198974707
lambda.x,0.02,7.4657,0.29565,0.1879836485238607
lambda.x,0.02,7.4727,0.31381,0.1885548156327162
lambda.x,0.02,7.4797,0.33091,0.18915846253238033
lambda.x,0.02,7.4867,0.34662,0.1897922368004664
lambda.x,0.02,7.4937,0.36065,0.19045321316821479
lambda.x,0.02,7.5008,0.37272,0.19114771949911014
lambda.x,0.02,7.5078,0.38261,0.19185228606245533
lambda.x,0.02,7.5148,0.39011,0.19257240331396708
lambda.x,0.02,7.5218,0.39507,0.19330345222501233
lambda.x,0.02,7.5288,0.39738,0.19404058478840588
lambda.x,0.02,7.5358,0.397,0.19477882708314123
lambda.x,0.02,7.5428,0.39393,0.1955131818865824
lambda.x,0.02,7.5498,0.38823,0.1962387215130928
lambda.x,0.02,7.5568,0.38002,0.1969506987660514
lambda.x,0.02,7.5638,0.36945,0.19764462961240015
lambda.x,0.02,7.5708,0.35675,0.19831639394117806
lambda.x,0.02,7.5778,0.34214,0.19896229894922654
lambda.x,0.02,7.5848,0.3259,0.19957912369939354
lambda.x,0.02,7.5918,0.30833,0.20016419119434659
lambda.x,0.02,7.5988,0.28972,0.20071537560034222
lambda.x,0.02,7.6058,0.27039,0.20123111861574658
lambda.x,0.02,7.6128,0.25063,0.20171042740811543
lambda.x,0.02,7.6198,0.23074,0.2021528541367698
lambda.x,0.02,7.6268,0.21099,0.20255847560319085
lambda.x,0.02,7.6338,0.19162,0.2029278362820356
lambda.x,0.02,7.6408,0.17284,0.20326189161322952
lambda.x,0.02,7.6478,0.15485,0.20356196985961827
lambda.x,0.02,7.6548,0.13779,0.20382970672210887
lambda.x,0.02,7.6618,0.12177,0.20406696193929602
lambda.x,0.02,7.6688,0.10689,0.20427578193244694
lambda.x,0.02,7.6758,0.09319,0.20445833527887025
lambda.x,0.02,7.6828,0.08069,0.20461683932647645
lambda.x,0.02,7.6898,0.06939,0.20475352358762555
lambda.x,0.02,7.6968,0.05927,0.2048705932995115
lambda.x,0.02,7.7039,0.05029,0.20497161540356135
lambda.x,0.02,7.7109,0.04237,0.20505577417429668
lambda.x,0.02,7.7179,0.03546,0.2051263995058159
lambda.x,0.02,7.7249,0.02948,0.20518527471859388
lambda.x,0.02,7.7319,0.02433,0.20523401526041427
lambda.x,0.02,7.7389,0.01995,0.20527408738804118
lambda.x,0.02,7.7459,0.01625,0.2053068177765566
lambda.x,0.02,7.7529,0.01314,0.20533336691253384
lambda.x,0.02,7.7599,0.01056,0.2053547567561702
lambda.x,0.02,7.7669,0.00843,0.20537188027794487
lambda.x,0.02,7.7739,0.00668,0.20538549290267386
lambda.x,0.02,7.7809,0.00526,0.20539624000198015
lambda.x,0.02,7.7879,0.00411,0.20540466629465248
lambda.x,0.02,7.7949,0.00319,0.2054112251805068
lambda.x,0.02,7.8019,0.00246,0.20541629702875597
lambda.x,0.02,7.8089,0.00188,0.20542018943998966
lambda.x,0.02,7.8159,0.00143,0.2054231554191854
lambda.x,0.02,7.8229,0.00108,0.20542540253535185
lambda.x,0.02,7.8299,0.00081,0.20542709307606818
lambda.x,0.02,7.8369,0.00061,0.20542836208154616
lambda.x,0.02,7.8439,0.00045,0.2054293085257905
lambda.x,0.02,7.8509,0.00033,0.2054300043455184
lambda.x,0.02,7.8579,0.00024,0.20543051237688
lambda.x,0.02,7.8649,0.00017,0.20543087747962552
lambda.x,0.02,7.8719,0.00013,0.20543114438585353
lambda.x,0.02,7.8789,9e-05,0.2054313399473161
lambda.x,0.02,7.8859,6e-05,0.20543147316733193
lambda.x,0.02,7.8929,5e-05,0.20543157077059782
lambda.x,0.02,7.8999,3e-05,0.2054316416968634
lambda.x,0.02,7.907,2e-05,0.2054316866180007
lambda.x,0.02,7.914,2e-05,0.2054317220140003
lambda.x,0.02,7.921,1e-05,0.20543174854143764
lambda.x,0.02,7.928,1e-05,0.20543176620817086
lambda.x,0.02,7.935,0.0,0.20543177503763604
lambda.x,0.02,7.942,0.0,0.20543177503763604
lambda.x,0.02,7.949,0.0,0.20543177503763604
lambda.x,0.02,7.956,0.0,0.20543177503763604
lambda.x,0.02,7.963,0.0,0.20543177503763604
lambda.x,0.02,7.97,0.0,0.20543177503763604
lambda.x,0.02,7.977,0.0,0.20543177503763604
lambda.x,0.02,7.984,0.0,0.20543177503763604
lambda.x,0.02,7.991,0.0,0.20543177503763604
lambda.x,0.02,7.998,0.0,0.20543177503763604
lambda.x,0.02,8.005,0.0,0.20543177503763604
lambda.x,0.02,8.012,0.0,0.20543177503763604
lambda.x,0.02,8.019,0.0,0.20543177503763604
lambda.x,0.02,8.026,1e-05,0.20543178375929066
lambda.x,0.02,8.033,1e-05,0.20543180119499982
lambda.x,0.02,8.04,1e-05,0.205431818615522
lambda.x,0.02,8.047,2e-05,0.20543184471977766
lambda.x,0.02,8.054,3e-05,0.20543188819156616
lambda.x,0.02,8.061,4e-05,0.20543194900071118
lambda.x,0.02,8.068,5e-05,0.205432027117115
lambda.x,0.02,8.075,8e-05,0.2054321398482195
lambda.x,0.02,8.082,0.00011,0.20543230447151187
lambda.x,0.02,8.089,0.00015,0.2054325295508683
lambda.x,0.02,8.096,0.00022,0.20543284957416885
lambda.x,0.02,8.1031,0.0003,0.20543330537131277
lambda.x,0.02,8.1101,0.00042,0.20543392704233046
lambda.x,0.02,8.1171,0.00057,0.20543478110813926
lambda.x,0.02,8.1241,0.00078,0.20543594473745008
lambda.x,0.02,8.1311,0.00105,0.20543752074863197
lambda.x,0.02,8.1381,0.00141,0.20543963749917044
lambda.x,0.02,8.1451,0.00189,0.2054424746024223
lambda.x,0.02,8.1521,0.0025,0.20544624557800234
lambda.x,0.02,8.1591,0.00329,0.2054512148793717
lambda.x,0.02,8.1661,0.00431,0.2054577320366814
lambda.x,0.02,8.1731,0.00559,0.20546621423582181
lambda.x,0.02,8.1801,0.00722,0.20547718030146886
lambda.x,0.02,8.1871,0.00925,0.20549126749337565
lambda.x,0.02,8.1941,0.01178,0.2055092396149611
lambda.x,0.02,8.2011,0.0149,0.2055320207593646
lambda.x,0.02,8.2081,0.01872,0.20556070328329135
lambda.x,0.02,8.2151,0.02336,0.20559657281050642
lambda.x,0.02,8.2221,0.02896,0.20564113312157853
lambda.x,0.02,8.2291,0.03565,0.2056961139321789
lambda.x,0.02,8.2361,0.04361,0.20576350411408087
lambda.x,0.02,8.2431,0.05298,0.2058455593425884
lambda.x,0.02,8.2501,0.06395,0.2059448096465228
lambda.x,0.02,8.2571,0.07668,0.20606407546861996
lambda.x,0.02,8.2641,0.09135,0.20620645818919645
lambda.x,0.02,8.2711,0.10811,0.20637533072585157
lambda.x,0.02,8.2781,0.12712,0.2065743196810259
lambda.x,0.02,8.2851,0.14851,0.20680728759364705
lambda.x,0.02,8.2921,0.1724,0.20707829835359093
lambda.x,0.02,8.2991,0.19885,0.20739155747238558
lambda.x,0.02,8.3062,0.22792,0.20775649870246055
lambda.x,0.02,8.3132,0.25962,0.2081671858683469
lambda.x,0.02,8.3202,0.29391,0.2086330689315803
lambda.x,0.02,8.3272,0.33069,0.20915832723193667
lambda.x,0.02,8.3342,0.36985,0.20974695312156907
lambda.x,0.02,8.3412,0.41119,0.21040266866511845
lambda.x,0.02,8.3482,0.4545,0.21112884263279433
lambda.x,0.02,8.3552,0.4995,0.21192842465367012
lambda.x,0.02,8.3622,0.54588,0.21280386286052047
lambda.x,0.02,8.3692,0.5933,0.21375705536328335
lambda.x,0.02,8.3762,0.64139,0.21478930192537565
lambda.x,0.02,8.3832,0.68977,0.2159012725419109
lambda.x,0.02,8.3902,0.73806,0.21709300119221442
lambda.x,0.02,8.3972,0.78586,0.21836387128924376
lambda.x,0.02,8.4042,0.8328,0.21971262616322385
lambda.x,0.02,8.4112,0.87852,0.2211374045030818
lambda.x,0.02,8.4182,0.92267,0.22263575900596458
lambda.x,0.02,8.4252,0.96496,0.2242047164912889
lambda.x,0.02,8.4322,1.0051,0.22584082949821965
lambda.x,0.02,8.4392,1.04284,0.2275402110384137
lambda.x,0.02,8.4462,1.07798,0.22929861067100285
lambda.x,0.02,8.4532,1.1103,0.23111144058401287
lambda.x,0.02,8.4602,1.13966,0.23297382634188352
lambda.x,0.02,8.4672,1.16589,0.23488064922448537
lambda.x,0.02,8.4742,1.18887,0.23682656353481676
lambda.x,0.02,8.4812,1.20845,0.23880601388990336
lambda.x,0.02,8.4882,1.22452,0.2408132441390643
lambda.x,0.02,8.4952,1.23694,0.2428423062930829
lambda.x,0.02,8.5023,1.2456,0.24491625968530736
lambda.x,0.02,8.5093,1.25035,0.2469703450478176
lambda.x,0.02,8.5163,1.25109,0.24902725708970522
lambda.x,0.02,8.5233,1.2477,0.25108030325280734
lambda.x,0.02,8.5303,1.24007,0.25312261864161856
lambda.x,0.02,8.5373,1.22812,0.2551471993927394
lambda.x,0.02,8.5443,1.21182,0.2571469686914195
lambda.x,0.02,8.5513,1.19114,0.259114817973561
lambda.x,0.02,8.5583,1.16614,0.26104368064238503
lambda.x,0.02,8.5653,1.1369,0.2629266218890533
lambda.x,0.02,8.5723,1.10359,0.2647569280995967
lambda.x,0.02,8.5793,1.06642,0.2665282122620378
lambda.x,0.02,8.5863,1.02567,0.2682345026052945
lambda.x,0.02,8.5933,0.9817,0.2698703634804061
lambda.x,0.02,8.6003,0.93492,0.27143099947775867
lambda.x,0.02,8.6073,0.88576,0.2729123103050741
lambda.x,0.02,8.6143,0.83475,0.27431098605259135
lambda.x,0.02,8.6213,0.78239,0.27562456152710146
lambda.x,0.02,8.6283,0.72924,0.27685143782833427
lambda.x,0.02,8.6353,0.67584,0.27799091200342757
lambda.x,0.02,8.6423,0.62272,0.27904314983074713
lambda.x,0.02,8.6493,0.5704,0.28000916681359506
lambda.x,0.02,8.6563,0.51935,0.2808907769044113
lambda.x,0.02,8.6633,0.47,0.28169051716984156
lambda.x,0.02,8.6703,0.42273,0.28241157276657464
lambda.x,0.02,8.6773,0.37786,0.28305768607933585
lambda.x,0.02,8.6843,0.33563,0.283633042037141
lambda.x,0.02,8.6913,0.29623,0.28414216193259245
lambda.x,0.02,8.6983,0.25979,0.284589813783176
lambda.x,0.02,8.7054,0.22638,0.2849865000449386
lambda.x,0.02,8.7124,0.19598,0.28532599251806845
lambda.x,0.02,8.7194,0.16857,0.28561878241466865
lambda.x,0.02,8.7264,0.14404,0.2858696553181409
lambda.x,0.02,8.7334,0.12228,0.2860832088946934
lambda.x,0.02,8.7404,0.10312,0.28626380544285734
lambda.x,0.02,8.7474,0.08639,0.286415524594407
lambda.x,0.02,8.7544,0.0719,0.28654214822684276
lambda.x,0.02,8.7614,0.05944,0.286647129444186
lambda.x,0.02,8.7684,0.04882,0.28673359361448963
lambda.x,0.02,8.7754,0.03984,0.2868043474055763
lambda.x,0.02,8.7824,0.0323,0.28686187182466855
lambda.x,0.02,8.7894,0.02602,0.28690833918452224
lambda.x,0.02,8.7964,0.02085,0.28694565388813065
lambda.x,0.02,8.8034,0.01662,0.2869754612516611
lambda.x,0.02,8.8104,0.0132,0.2869991642058335
lambda.x,0.02,8.8174,0.01047,0.28701796378544187
lambda.x,0.02,8.8244,0.00833,0.28703288357418877
lambda.x,0.02,8.8314,0.0067,0.28704480198516585
lambda.x,0.02,8.8384,0.0055,0.28705446857348205
lambda.x,0.02,8.8454,0.00468,0.28706252818547745
lambda.x,0.02,8.8524,0.00421,0.2870695608461502
lambda.x,0.02,8.8594,0.00407,0.28707610568025693
lambda.x,0.02,8.8664,0.00425,0.2870826768377226
lambda.x,0.02,8.8734,0.00478,0.2870898030224487
lambda.x,0.02,8.8804,0.00568,0.2870980511189021
lambda.x,0.02,8.8874,0.007,0.2871080418181989
lambda.x,0.02,8.8944,0.00881,0.2871204888178801
lambda.x,0.02,8.9015,0.01121,0.28713646274717897
lambda.x,0.02,8.9085,0.0143,0.2871565145749364
lambda.x,0.02,8.9155,0.01822,0.28718205645763695
lambda.x,0.02,8.9225,0.02313,0.28721450814023286
lambda.x,0.02,8.9295,0.02922,0.28725556049745515
lambda.x,0.02,8.9365,0.03669,0.2873072060345988
lambda.x,0.02,8.9435,0.04579,0.28737178491043885
lambda.x,0.02,8.9505,0.05677,0.28745202298384875
lambda.x,0.02,8.9575,0.06993,0.2875510696810811
lambda.x,0.02,8.9645,0.08556,0.28767252793713793
lambda.x,0.02,8.9715,0.10397,0.2878204605762028
lambda.x,0.02,8.9785,0.12549,0.2879994200746828
lambda.x,0.02,8.9855,0.15044,0.2882144548372877
lambda.x,0.02,8.9925,0.17913,0.2884710920776493
lambda.x,0.02,8.9995,0.21184,0.2887753052091267
lambda.x,0.02,9.0065,0.24882,0.28913346580593907
lambda.x,0.02,9.0135,0.29028,0.28955228798478055
lambda.x,0.02,9.0205,0.33635,0.2900387341957737
lambda.x,0.02,9.0275,0.38708,0.29059989033836164
lambda.x,0.02,9.0345,0.44244,0.29124284136119466
lambda.x,0.02,9.0415,0.50228,0.2919745163754483
lambda.x,0.02,9.0485,0.56634,0.2928015111352125
lambda.x,0.02,9.0555,0.63425,0.2937299189403688
lambda.x,0.02,9.0625,0.70547,0.2947651158479597
lambda.x,0.02,9.0695,0.77936,0.2959115543951023
lambda.x,0.02,9.0765,0.85514,0.29717258129605745
lambda.x,0.02,9.0835,0.93193,0.29855025581818984
lambda.x,0.02,9.0905,1.00871,0.3000451688812631
lambda.x,0.02,9.0975,1.0844,0.30165629360691004
lambda.x,0.02,9.1046,1.15787,0.3034055330847668
lambda.x,0.02,9.1116,1.22791,0.30523909596445953
lambda.x,0.02,9.1186,1.29335,0.30717529487718215
lambda.x,0.02,9.1256,1.35304,0.3092060303890213
lambda.x,0.02,9.1326,1.40586,0.311321481099853
lambda.x,0.02,9.1396,1.45083,0.31351023914104
lambda.x,0.02,9.1466,1.48707,0.3157594987908611
lambda.x,0.02,9.1536,1.51388,0.3180552749340723
lambda.x,0.02,9.1606,1.5307,0.3203826512989947
lambda.x,0.02,9.1676,1.53719,0.3227260582654902
lambda.x,0.02,9.1746,1.53324,0.32506961832726067
lambda.x,0.02,9.1816,1.51892,0.3273974597468075
lambda.x,0.02,9.1886,1.49451,0.32969401374983553
lambda.x,0.02,9.1956,1.46051,0.33194434105482934
lambda.x,0.02,9.2026,1.41759,0.3341344267398898
lambda.x,0.02,9.2096,1.3666,0.33625144355652203
lambda.x,0.02,9.2166,1.30849,0.33828396108394626
lambda.x,0.02,9.2236,1.24435,0.34022212368633925
lambda.x,0.02,9.2306,1.17532,0.34205778990075514
lambda.x,0.02,9.2376,1.10258,0.34378459546764656
lambda.x,0.02,9.2446,1.02732,0.3453979858289657
lambda.x,0.02,9.2516,0.9507,0.3468951955222379
lambda.x,0.02,9.2586,0.87382,0.3482751747058698
lambda.x,0.02,9.2656,0.7977,0.3495384781708057
lambda.x,0.02,9.2726,0.72327,0.35068713211247754
lambda.x,0.02,9.2796,0.65134,0.351724471226022
lambda.x,0.02,9.2866,0.58257,0.35265493117215374
lambda.x,0.02,9.2936,0.51753,0.35348386440404184
lambda.x,0.02,9.3007,0.45663,0.35422782380139994
lambda.x,0.02,9.3077,0.40016,0.3548724444615979
lambda.x,0.02,9.3147,0.34829,0.3554351310350459
lambda.x,0.02,9.3217,0.30109,0.3559229703969989
lambda.x,0.02,9.3287,0.25852,0.3563430560139891
lambda.x,0.02,9.3357,0.22046,0.3567023453981919
lambda.x,0.02,9.3427,0.18672,0.35700754808281066
lambda.x,0.02,9.3497,0.15708,0.35726505145695153
lambda.x,0.02,9.3567,0.13124,0.3574808394192046
lambda.x,0.02,9.3637,0.10891,0.3576604412100909
lambda.x,0.02,9.3707,0.08977,0.35780891783651303
lambda.x,0.02,9.3777,0.07348,0.3579308261309958
lambda.x,0.02,9.3847,0.05975,0.3580302426221879
lambda.x,0.02,9.3917,0.04825,0.35811077244858225
lambda.x,0.02,9.3987,0.0387,0.3581755581889758
lambda.x,0.02,9.4057,0.03083,0.3582273259215152
lambda.x,0.02,9.4127,0.02439,0.35826840877895055
lambda.x,0.02,9.4197,0.01917,0.35830079271557486
lambda.x,0.02,9.4267,0.01496,0.35832614726379813
lambda.x,0.02,9.4337,0.0116,0.35834586357469433
lambda.x,0.02,9.4407,0.00893,0.3583610923450265
lambda.x,0.02,9.4477,0.00683,0.358372774166985
lambda.x,0.02,9.4547,0.00519,0.3583816771912413
lambda.x,0.02,9.4617,0.00392,0.358388419837672
lambda.x,0.02,9.4687,0.00294,0.35839349342758314
lambda.x,0.02,9.4757,0.0022,0.35839729211415383
lambda.x,0.02,9.4827,0.00163,0.35840012056770276
lambda.x,0.02,9.4897,0.00121,0.3584022163581605
lambda.x,0.02,9.4967,0.0009,0.35840377229315123
lambda.x,0.02,9.5038,0.00068,0.35840495316578574
lambda.x,0.02,9.5108,0.00053,0.35840584410092957
lambda.x,0.02,9.5178,0.00043,0.3584065504333362
lambda.x,0.02,9.5248,0.00037,0.3584071386046098
lambda.x,0.02,9.5318,0.00036,0.35840767490451664
lambda.x,0.02,9.5388,0.00038,0.358408218143776
lambda.x,0.02,9.5458,0.00043,0.35840881232677035
lambda.x,0.02,9.5528,0.00052,0.35840950868880594
lambda.x,0.02,9.5598,0.00066,0.3584103730026285
lambda.x,0.02,9.5668,0.00084,0.3584114709019173
lambda.x,0.02,9.5738,0.00108,0.3584128751825978
lambda.x,0.02,9.5808,0.00139,0.35841468041051044
lambda.x,0.02,9.5878,0.00178,0.358416995551524
lambda.x,0.02,9.5948,0.00227,0.35841995122511566
lambda.x,0.02,9.6018,0.00288,0.3584237069368299
lambda.x,0.02,9.6088,0.00364,0.35842845827906245
lambda.x,0.02,9.6158,0.00456,0.35843442955156724
lambda.x,0.02,9.6228,0.00568,0.35844188094167784
lambda.x,0.02,9.6298,0.00703,0.3584511229740123
lambda.x,0.02,9.6368,0.00864,0.3584625090950537
lambda.x,0.02,9.6438,0.01056,0.35847645006558354
lambda.x,0.02,9.6508,0.01283,0.3584934210581643
lambda.x,0.02,9.6578,0.01548,0.35851394696900835
lambda.x,0.02,9.6648,0.01856,0.35853860951139166
lambda.x,0.02,9.6718,0.02212,0.35856806153667864
lambda.x,0.02,9.6788,0.02619,0.35860301236384795
lambda.x,0.02,9.6858,0.03083,0.35864423483280083
lambda.x,0.02,9.6928,0.03607,0.35869256513647974
lambda.x,0.02,9.6998,0.04194,0.3587488809723348
lambda.x,0.02,9.7069,0.04848,0.3588150400924229
lambda.x,0.02,9.7139,0.05571,0.3588901463550863
lambda.x,0.02,9.7209,0.06364,0.358976118952166
lambda.x,0.02,9.7279,0.07228,0.3590739572100868
lambda.x,0.02,9.7349,0.08163,0.3591846654945661
lambda.x,0.02,9.7419,0.09167,0.3593092316345812
lambda.x,0.02,9.7489,0.10238,0.35944861259895333
lambda.x,0.02,9.7559,0.1137,0.3596037058843687
lambda.x,0.02,9.7629,0.1256,0.3597753424953976
lambda.x,0.02,9.7699,0.13801,0.3599642799856957
lambda.x,0.02,9.7769,0.15084,0.3601711596894841
lambda.x,0.02,9.7839,0.16402,0.36039650704401116
lambda.x,0.02,9.7909,0.17743,0.36064071048287016
lambda.x,0.02,9.7979,0.19098,0.36090400751331014
lambda.x,0.02,9.8049,0.20454,0.36118647802342907
lambda.x,0.02,9.8119,0.21798,0.3614880161749497
lambda.x,0.02,9.8189,0.23118,0.36180833806214224
lambda.x,0.02,9.8259,0.24401,0.36214698222451475
lambda.x,0.02,9.8329,0.25632,0.36250328879064286
lambda.x,0.02,9.8399,0.26798,0.36287640003281824
lambda.x,0.02,9.8469,0.27886,0.36326527515766094
lambda.x,0.02,9.8539,0.28883,0.3636686908264885
lambda.x,0.02,9.8609,0.29775,0.36408523457509384
lambda.x,0.02,9.8679,0.30552,0.3645133266266568
lambda.x,0.02,9.8749,0.31202,0.364951234563825
lambda.x,0.02,9.8819,0.31717,0.36539708791862696
lambda.x,0.02,9.8889,0.32089,0.3658489068981561
lambda.x,0.02,9.8959,0.32311,0.36630460976764656
lambda.x,0.02,9.903,0.32378,0.3667685666424986
lambda.x,0.02,9.91,0.32289,0.36722550832383066
lambda.x,0.02,9.917,0.32042,0.36767975522609625
lambda.x,0.02,9.924,0.3164,0.36812910258588544
lambda.x,0.02,9.931,0.31086,0.36857139261035127
lambda.x,0.02,9.938,0.30386,0.36900453547583745
lambda.x,0.02,9.945,0.29549,0.36942655138361596
lambda.x,0.02,9.952,0.28585,0.36983559840014496
lambda.x,0.02,9.959,0.27505,0.37022998613190705
lambda.x,0.02,9.966,0.26324,0.37060821042385
lambda.x,0.02,9.973,0.25056,0.3709689739129246
lambda.x,0.02,9.98,0.23717,0.37131119245680066
lambda.x,0.02,9.987,0.22324,0.37163401557304415
lambda.x,0.02,9.994,0.20893,0.3719368257891628
lambda.x,0.02,10.001,0.19442,0.37221924498440556
lambda.x,0.02,10.008,0.17986,0.3724811267352792
lambda.x,0.02,10.015,0.16542,0.3727225486633384
lambda.x,0.02,10.022,0.15123,0.3729437978495272
lambda.x,0.02,10.029,0.13742,0.37314534231062196
lambda.x,0.02,10.036,0.12412,0.3733278304942517
lambda.x,0.02,10.043,0.11143,0.37349206986559264
lambda.x,0.02,10.05,0.09941,0.373638977693376
lambda.x,0.02,10.057,0.08814,0.37376956680400264
lambda.x,0.02,10.064,0.07766,0.37388493141431683
lambda.x,0.02,10.071,0.06799,0.37398620518197345
lambda.x,0.02,10.078,0.05915,0.37407454719450606
lambda.x,0.02,10.085,0.05114,0.37415112801669587
lambda.x,0.02,10.092,0.04392,0.37421708803195264
lambda.x,0.02,10.099,0.03748,0.3742735305753862
lambda.x,0.02,10.1061,0.03178,0.3743222074224927
lambda.x,0.02,10.1131,0.02677,0.37436274930254293
lambda.x,0.02,10.1201,0.0224,0.37439677265270993
lambda.x,0.02,10.1271,0.01863,0.3744251438999008
lambda.x,0.02,10.1341,0.01539,0.3744486516747702
lambda.x,0.02,10.1411,0.01262,0.3744679932070616
lambda.x,0.02,10.1481,0.01029,0.3744838021740215
lambda.x,0.02,10.1551,0.00833,0.37449664199688515
lambda.x,0.02,10.1621,0.0067,0.37450699912716306
lambda.x,0.02,10.1691,0.00536,0.3745153039236853
lambda.x,0.02,10.1761,0.00425,0.37452191704926985
lambda.x,0.02,10.1831,0.00335,0.37452714340122734
lambda.x,0.02,10.1901,0.00262,0.3745312460223837
lambda.x,0.02,10.1971,0.00204,0.374534446206603
lambda.x,0.02,10.2041,0.00158,0.3745369304828044
lambda.x,0.02,10.2111,0.00121,0.37453884385033054
lambda.x,0.02,10.2181,0.00092,0.3745403035939645
lambda.x,0.02,10.2251,0.0007,0.37454141306103855
lambda.x,0.02,10.2321,0.00053,0.3745422548583715
lambda.x,0.02,10.2391,0.00039,0.3745428840677836
lambda.x,0.02,10.2461,0.00029,0.37454334881694423
lambda.x,0.02,10.2531,0.00021,0.3745436903123816
lambda.x,0.02,10.2601,0.00016,0.37454394284438414
lambda.x,0.02,10.2671,0.00011,0.3745441270019481
lambda.x,0.02,10.2741,8e-05,0.37454425650477347
lambda.x,0.02,10.2811,6e-05,0.3745443518624241
lambda.x,0.02,10.2881,4e-05,0.37454441992999354
lambda.x,0.02,10.2951,3e-05,0.37454446754395665
lambda.x,0.02,10.3022,2e-05,0.37454450201687456
lambda.x,0.02,10.3092,1e-05,0.3745445223962566
lambda.x,0.02,10.3162,1e-05,0.3745445359717524
lambda.x,0.02,10.3232,1e-05,0.37454454953803984
lambda.x,0.02,10.3302,0.0,0.374544556318883
lambda.x,0.02,10.3372,0.0,0.374544556318883
lambda.x,0.02,10.3442,0.0,0.374544556318883
lambda.x,0.02,10.3512,0.0,0.374544556318883
lambda.x,0.02,10.3582,0.0,0.374544556318883
lambda.x,0.02,10.3652,0.0,0.374544556318883
lambda.x,0.02,10.3722,0.0,0.374544556318883
lambda.x,0.02,10.3792,0.0,0.374544556318883
lambda.x,0.02,10.3862,0.0,0.374544556318883
lambda.x,0.02,10.3932,0.0,0.374544556318883
lambda.x,0.02,10.4002,0.0,0.374544556318883
lambda.x,0.02,10.4072,0.0,0.374544556318883
lambda.x,0.02,10.4142,0.0,0.374544556318883
lambda.x,0.02,10.4212,0.0,0.374544556318883
lambda.x,0.02,10.4282,0.0,0.374544556318883
lambda.x,0.02,10.4352,0.0,0.374544556318883
lambda.x,0.02,10.4422,0.0,0.374544556318883
lambda.x,0.02,10.4492,0.0,0.374544556318883
lambda.x,0.02,10.4562,0.0,0.374544556318883
lambda.x,0.02,10.4632,0.0,0.374544556318883
lambda.x,0.02,10.4702,0.0,0.374544556318883
lambda.x,0.02,10.4772,0.0,0.374544556318883
lambda.x,0.02,10.4842,0.0,0.374544556318883
lambda.x,0.02,10.4912,0.0,0.374544556318883
lambda.x,0.02,10.4982,0.0,0.374544556318883
lambda.x,0.02,10.5053,0.0,0.374544556318883
lambda.x,0.02,10.5123,0.0,0.374544556318883
lambda.x,0.02,10.5193,0.0,0.374544556318883
lambda.x,0.02,10.5263,0.0,0.374544556318883
lambda.x,0.02,10.5333,0.0,0.374544556318883
lambda.x,0.02,10.5403,0.0,0.374544556318883
lambda.x,0.02,10.5473,0.0,0.374544556318883
lambda.x,0.02,10.5543,0.0,0.374544556318883
lambda.x,0.02,10.5613,0.0,0.374544556318883
lambda.x,0.02,10.5683,0.0,0.374544556318883
lambda.x,0.02,10.5753,0.0,0.374544556318883
lambda.x,0.02,10.5823,0.0,0.374544556318883
lambda.x,0.02,10.5893,0.0,0.374544556318883
lambda.x,0.02,10.5963,0.0,0.374544556318883
lambda.x,0.02,10.6033,0.0,0.374544556318883
lambda.x,0.02,10.6103,0.0,0.374544556318883
lambda.x,0.02,10.6173,0.0,0.374544556318883
lambda.x,0.02,10.6243,0.0,0.374544556318883
lambda.x,0.02,10.6313,0.0,0.374544556318883
lambda.x,0.02,10.6383,0.0,0.374544556318883
lambda.x,0.02,10.6453,0.0,0.374544556318883
lambda.x,0.02,10.6523,0.0,0.374544556318883
lambda.x,0.02,10.6593,0.0,0.374544556318883
lambda.x,0.02,10.6663,0.0,0.374544556318883
lambda.x,0.02,10.6733,0.0,0.374544556318883
lambda.x,0.02,10.6803,0.0,0.374544556318883
lambda.x,0.02,10.6873,0.0,0.374544556318883
lambda.x,0.02,10.6943,0.0,0.374544556318883
lambda.x,0.02,10.7014,0.0,0.374544556318883
lambda.x,0.02,10.7084,0.0,0.374544556318883
lambda.x,0.02,10.7154,0.0,0.374544556318883
lambda.x,0.02,10.7224,0.0,0.374544556318883
lambda.x,0.02,10.7294,0.0,0.374544556318883
lambda.x,0.02,10.7364,0.0,0.374544556318883
lambda.x,0.02,10.7434,0.0,0.374544556318883
lambda.x,0.02,10.7504,0.0,0.374544556318883
lambda.x,0.02,10.7574,0.0,0.374544556318883
lambda.x,0.02,10.7644,0.0,0.374544556318883
lambda.x,0.02,10.7714,0.0,0.374544556318883
lambda.x,0.02,10.7784,0.0,0.374544556318883
lambda.x,0.02,10.7854,0.0,0.374544556318883
lambda.x,0.02,10.7924,0.0,0.374544556318883
lambda.x,0.02,10.7994,0.0,0.374544556318883
lambda.x,0.02,10.8064,0.0,0.374544556318883
lambda.x,0.02,10.8134,0.0,0.374544556318883
lambda.x,0.02,10.8204,0.0,0.374544556318883
lambda.x,0.02,10.8274,0.0,0.374544556318883
lambda.x,0.02,10.8344,0.0,0.374544556318883
lambda.x,0.02,10.8414,0.0,0.374544556318883
lambda.x,0.02,10.8484,0.0,0.374544556318883
lambda.x,0.02,10.8554,0.0,0.374544556318883
lambda.x,0.02,10.8624,0.0,0.374544556318883
lambda.x,0.02,10.8694,0.0,0.374544556318883
lambda.x,0.02,10.8764,0.0,0.374544556318883
lambda.x,0.02,10.8834,0.0,0.374544556318883
lambda.x,0.02,10.8904,0.0,0.374544556318883
lambda.x,0.02,10.8974,0.0,0.374544556318883
lambda.x,0.02,10.9045,0.0,0.374544556318883
lambda.x,0.02,10.9115,0.0,0.374544556318883
lambda.x,0.02,10.9185,0.0,0.374544556318883
lambda.x,0.02,10.9255,0.0,0.374544556318883
lambda.x,0.02,10.9325,0.0,0.374544556318883
lambda.x,0.02,10.9395,0.0,0.374544556318883
lambda.x,0.02,10.9465,0.0,0.374544556318883
lambda.x,0.02,10.9535,0.0,0.374544556318883
lambda.x,0.02,10.9605,0.0,0.374544556318883
lambda.x,0.02,10.9675,0.0,0.374544556318883
lambda.x,0.02,10.9745,0.0,0.374544556318883
lambda.x,0.02,10.9815,0.0,0.374544556318883
lambda.x,0.02,10.9885,0.0,0.374544556318883
lambda.x,0.02,10.9955,0.0,0.374544556318883
lambda.x,0.02,11.0025,0.0,0.374544556318883
lambda.x,0.02,11.0095,0.0,0.374544556318883
lambda.x,0.02,11.0165,0.0,0.374544556318883
lambda.x,0.02,11.0235,0.0,0.374544556318883
lambda.x,0.02,11.0305,0.0,0.374544556318883
lambda.x,0.02,11.0375,0.0,0.374544556318883
lambda.x,0.02,11.0445,0.0,0.374544556318883
lambda.x,0.02,11.0515,0.0,0.374544556318883
lambda.x,0.02,11.0585,0.0,0.374544556318883
lambda.x,0.02,11.0655,0.0,0.374544556318883
lambda.x,0.02,11.0725,0.0,0.374544556318883
lambda.x,0.02,11.0795,0.0,0.374544556318883
lambda.x,0.02,11.0865,0.0,0.374544556318883
lambda.x,0.02,11.0935,0.0,0.374544556318883
lambda.x,0.02,11.1006,0.0,0.374544556318883
lambda.x,0.02,11.1076,0.0,0.374544556318883
lambda.x,0.02,11.1146,0.0,0.374544556318883
lambda.x,0.02,11.1216,0.0,0.374544556318883
lambda.x,0.02,11.1286,0.0,0.374544556318883
lambda.x,0.02,11.1356,0.0,0.374544556318883
lambda.x,0.02,11.1426,0.0,0.374544556318883
lambda.x,0.02,11.1496,0.0,0.374544556318883
lambda.x,0.02,11.1566,0.0,0.374544556318883
lambda.x,0.02,11.1636,0.0,0.374544556318883
lambda.x,0.02,11.1706,0.0,0.374544556318883
lambda.x,0.02,11.1776,0.0,0.374544556318883
lambda.x,0.02,11.1846,0.0,0.374544556318883
lambda.x,0.02,11.1916,0.0,0.374544556318883
lambda.x,0.02,11.1986,0.0,0.374544556318883
lambda.x,0.02,11.2056,0.0,0.374544556318883
lambda.x,0.02,11.2126,0.0,0.374544556318883
lambda.x,0.02,11.2196,0.0,0.374544556318883
lambda.x,0.02,11.2266,0.0,0.374544556318883
lambda.x,0.02,11.2336,0.0,0.374544556318883
lambda.x,0.02,11.2406,0.0,0.374544556318883
lambda.x,0.02,11.2476,0.0,0.374544556318883
lambda.x,0.02,11.2546,0.0,0.374544556318883
lambda.x,0.02,11.2616,0.0,0.374544556318883
lambda.x,0.02,11.2686,0.0,0.374544556318883
lambda.x,0.02,11.2756,0.0,0.374544556318883
lambda.x,0.02,11.2826,0.0,0.374544556318883
lambda.x,0.02,11.2896,0.0,0.374544556318883
lambda.x,0.02,11.2966,0.0,0.374544556318883
lambda.x,0.02,11.3037,0.0,0.374544556318883
lambda.x,0.02,11.3107,0.0,0.374544556318883
lambda.x,0.02,11.3177,0.0,0.374544556318883
lambda.x,0.02,11.3247,0.0,0.374544556318883
lambda.x,0.02,11.3317,0.0,0.374544556318883
lambda.x,0.02,11.3387,0.0,0.374544556318883
lambda.x,0.02,11.3457,0.0,0.374544556318883
lambda.x,0.02,11.3527,0.0,0.374544556318883
lambda.x,0.02,11.3597,0.0,0.374544556318883
lambda.x,0.02,11.3667,0.0,0.374544556318883
lambda.x,0.02,11.3737,0.0,0.374544556318883
lambda.x,0.02,11.3807,0.0,0.374544556318883
lambda.x,0.02,11.3877,0.0,0.374544556318883
lambda.x,0.02,11.3947,0.0,0.374544556318883
lambda.x,0.02,11.4017,0.0,0.374544556318883
lambda.x,0.02,11.4087,0.0,0.374544556318883
lambda.x,0.02,11.4157,0.0,0.374544556318883
lambda.x,0.02,11.4227,0.0,0.374544556318883
lambda.x,0.02,11.4297,0.0,0.374544556318883
lambda.x,0.02,11.4367,0.0,0.374544556318883
lambda.x,0.02,11.4437,0.0,0.374544556318883
lambda.x,0.02,11.4507,0.0,0.374544556318883
lambda.x,0.02,11.4577,0.0,0.374544556318883
lambda.x,0.02,11.4647,0.0,0.374544556318883
lambda.x,0.02,11.4717,0.0,0.374544556318883
lambda.x,0.02,11.4787,0.0,0.374544556318883
lambda.x,0.02,11.4857,0.0,0.374544556318883
lambda.x,0.02,11.4927,0.0,0.374544556318883
lambda.x,0.02,11.4997,0.0,0.374544556318883
lambda.x,0.02,11.5068,0.0,0.374544556318883
lambda.x,0.02,11.5138,0.0,0.374544556318883
lambda.x,0.02,11.5208,0.0,0.374544556318883
lambda.x,0.02,11.5278,0.0,0.374544556318883
lambda.x,0.02,11.5348,0.0,0.374544556318883
lambda.x,0.02,11.5418,0.0,0.374544556318883
lambda.x,0.02,11.5488,0.0,0.374544556318883
lambda.x,0.02,11.5558,0.0,0.374544556318883
lambda.x,0.02,11.5628,0.0,0.374544556318883
lambda.x,0.02,11.5698,0.0,0.374544556318883
lambda.x,0.02,11.5768,0.0,0.374544556318883
lambda.x,0.02,11.5838,0.0,0.374544556318883
lambda.x,0.02,11.5908,0.0,0.374544556318883
lambda.x,0.02,11.5978,0.0,0.374544556318883
lambda.x,0.02,11.6048,0.0,0.374544556318883
lambda.x,0.02,11.6118,0.0,0.374544556318883
lambda.x,0.02,11.6188,0.0,0.374544556318883
lambda.x,0.02,11.6258,0.0,0.374544556318883
lambda.x,0.02,11.6328,0.0,0.374544556318883
lambda.x,0.02,11.6398,0.0,0.374544556318883
lambda.x,0.02,11.6468,0.0,0.374544556318883
lambda.x,0.02,11.6538,0.0,0.374544556318883
lambda.x,0.02,11.6608,0.0,0.374544556318883
lambda.x,0.02,11.6678,0.0,0.374544556318883
lambda.x,0.02,11.6748,0.0,0.374544556318883
lambda.x,0.02,11.6818,0.0,0.374544556318883
lambda.x,0.02,11.6888,0.0,0.374544556318883
lambda.x,0.02,11.6958,0.0,0.374544556318883
lambda.x,0.02,11.7029,0.0,0.374544556318883
lambda.x,0.02,11.7099,0.0,0.374544556318883
lambda.x,0.02,11.7169,0.0,0.374544556318883
lambda.x,0.02,11.7239,0.0,0.374544556318883
lambda.x,0.02,11.7309,0.0,0.374544556318883
lambda.x,0.02,11.7379,0.0,0.374544556318883
lambda.x,0.02,11.7449,0.0,0.374544556318883
lambda.x,0.02,11.7519,0.0,0.374544556318883
lambda.x,0.02,11.7589,0.0,0.374544556318883
lambda.x,0.02,11.7659,0.0,0.374544556318883
lambda.x,0.02,11.7729,0.0,0.374544556318883
lambda.x,0.02,11.7799,0.0,0.374544556318883
lambda.x,0.02,11.7869,0.0,0.374544556318883
lambda.x,0.02,11.7939,0.0,0.374544556318883
lambda.x,0.02,11.8009,0.0,0.374544556318883
lambda.x,0.02,11.8079,0.0,0.374544556318883
lambda.x,0.02,11.8149,0.0,0.374544556318883
lambda.x,0.02,11.8219,0.0,0.374544556318883
lambda.x,0.02,11.8289,0.0,0.374544556318883
lambda.x,0.02,11.8359,0.0,0.374544556318883
lambda.x,0.02,11.8429,0.0,0.374544556318883
lambda.x,0.02,11.8499,0.0,0.374544556318883
lambda.x,0.02,11.8569,0.0,0.374544556318883
lambda.x,0.02,11.8639,0.0,0.374544556318883
lambda.x,0.02,11.8709,0.0,0.374544556318883
lambda.x,0.02,11.8779,0.0,0.374544556318883
lambda.x,0.02,11.8849,0.0,0.374544556318883
lambda.x,0.02,11.8919,0.0,0.374544556318883
lambda.x,0.02,11.8989,0.0,0.374544556318883
lambda.x,0.02,11.906,0.0,0.374544556318883
lambda.x,0.02,11.913,0.0,0.374544556318883
lambda.x,0.02,11.92,0.0,0.374544556318883
lambda.x,0.02,11.927,0.0,0.374544556318883
lambda.x,0.02,11.934,0.0,0.374544556318883
lambda.x,0.02,11.941,0.0,0.374544556318883
lambda.x,0.02,11.948,0.0,0.374544556318883
lambda.x,0.02,11.955,0.0,0.374544556318883
lambda.x,0.02,11.962,0.0,0.374544556318883
lambda.x,0.02,11.969,0.0,0.374544556318883
lambda.x,0.02,11.976,0.0,0.374544556318883
lambda.x,0.02,11.983,0.0,0.374544556318883
lambda.x,0.02,11.99,0.0,0.374544556318883
lambda.x,0.02,11.997,0.0,0.374544556318883
lambda.x,0.02,12.004,0.0,0.374544556318883
lambda.x,0.02,12.011,0.0,0.374544556318883
lambda.x,0.02,12.018,0.0,0.374544556318883
lambda.x,0.02,12.025,0.0,0.374544556318883
lambda.x,0.02,12.032,0.0,0.374544556318883
lambda.x,0.02,12.039,0.0,0.374544556318883
lambda.x,0.02,12.046,0.0,0.374544556318883
lambda.x,0.02,12.053,0.0,0.374544556318883
lambda.x,0.02,12.06,0.0,0.374544556318883
lambda.x,0.02,12.067,0.0,0.374544556318883
lambda.x,0.02,12.074,0.0,0.374544556318883
lambda.x,0.02,12.081,0.0,0.374544556318883
lambda.x,0.02,12.088,0.0,0.374544556318883
lambda.x,0.02,12.095,0.0,0.374544556318883
lambda.x,0.02,12.1021,0.0,0.374544556318883
lambda.x,0.02,12.1091,0.0,0.374544556318883
lambda.x,0.02,12.1161,0.0,0.374544556318883
lambda.x,0.02,12.1231,0.0,0.374544556318883
lambda.x,0.02,12.1301,0.0,0.374544556318883
lambda.x,0.02,12.1371,0.0,0.374544556318883
lambda.x,0.02,12.1441,0.0,0.374544556318883
lambda.x,0.02,12.1511,0.0,0.374544556318883
lambda.x,0.02,12.1581,0.0,0.374544556318883
lambda.x,0.02,12.1651,0.0,0.374544556318883
lambda.x,0.02,12.1721,0.0,0.374544556318883
lambda.x,0.02,12.1791,0.0,0.374544556318883
lambda.x,0.02,12.1861,0.0,0.374544556318883
lambda.x,0.02,12.1931,0.0,0.374544556318883
lambda.x,0.02,12.2001,0.0,0.374544556318883
lambda.x,0.02,12.2071,0.0,0.374544556318883
lambda.x,0.02,12.2141,0.0,0.374544556318883
lambda.x,0.02,12.2211,0.0,0.374544556318883
lambda.x,0.02,12.2281,0.0,0.374544556318883
lambda.x,0.02,12.2351,0.0,0.374544556318883
lambda.x,0.02,12.2421,0.0,0.374544556318883
lambda.x,0.02,12.2491,0.0,0.374544556318883
lambda.x,0.02,12.2561,0.0,0.374544556318883
lambda.x,0.02,12.2631,0.0,0.374544556318883
lambda.x,0.02,12.2701,0.0,0.374544556318883
lambda.x,0.02,12.2771,0.0,0.374544556318883
lambda.x,0.02,12.2841,0.0,0.374544556318883
lambda.x,0.02,12.2911,0.0,0.374544556318883
lambda.x,0.02,12.2981,0.0,0.374544556318883
lambda.x,0.02,12.3052,0.0,0.374544556318883
lambda.x,0.02,12.3122,0.0,0.374544556318883
lambda.x,0.02,12.3192,0.0,0.374544556318883
lambda.x,0.02,12.3262,0.0,0.374544556318883
lambda.x,0.02,12.3332,0.0,0.374544556318883
lambda.x,0.02,12.3402,0.0,0.374544556318883
lambda.x,0.02,12.3472,0.0,0.374544556318883
lambda.x,0.02,12.3542,0.0,0.374544556318883
lambda.x,0.02,12.3612,0.0,0.374544556318883
lambda.x,0.02,12.3682,0.0,0.374544556318883
lambda.x,0.02,12.3752,0.0,0.374544556318883
lambda.x,0.02,12.3822,0.0,0.374544556318883
lambda.x,0.02,12.3892,0.0,0.374544556318883
lambda.x,0.02,12.3962,0.0,0.374544556318883
lambda.x,0.02,12.4032,0.0,0.374544556318883
lambda.x,0.02,12.4102,0.0,0.374544556318883
lambda.x,0.02,12.4172,0.0,0.374544556318883
lambda.x,0.02,12.4242,0.0,0.374544556318883
lambda.x,0.02,12.4312,0.0,0.374544556318883
lambda.x,0.02,12.4382,0.0,0.374544556318883
lambda.x,0.02,12.4452,0.0,0.374544556318883
lambda.x,0.02,12.4522,0.0,0.374544556318883
lambda.x,0.02,12.4592,0.0,0.374544556318883
lambda.x,0.02,12.4662,0.0,0.374544556318883
lambda.x,0.02,12.4732,0.0,0.374544556318883
lambda.x,0.02,12.4802,0.0,0.374544556318883
lambda.x,0.02,12.4872,0.0,0.374544556318883
lambda.x,0.02,12.4942,0.0,0.374544556318883
lambda.x,0.02,12.5013,0.0,0.374544556318883
lambda.x,0.02,12.5083,0.0,0.374544556318883
lambda.x,0.02,12.5153,0.0,0.374544556318883
lambda.x,0.02,12.5223,0.0,0.374544556318883
lambda.x,0.02,12.5293,0.0,0.374544556318883
lambda.x,0.02,12.5363,0.0,0.374544556318883
lambda.x,0.02,12.5433,0.0,0.374544556318883
lambda.x,0.02,12.5503,0.0,0.374544556318883
lambda.x,0.02,12.5573,0.0,0.374544556318883
lambda.x,0.02,12.5643,0.0,0.374544556318883
lambda.x,0.02,12.5713,0.0,0.374544556318883
lambda.x,0.02,12.5783,0.0,0.374544556318883
lambda.x,0.02,12.5853,0.0,0.374544556318883
lambda.x,0.02,12.5923,0.0,0.374544556318883
lambda.x,0.02,12.5993,0.0,0.374544556318883
lambda.x,0.02,12.6063,0.0,0.374544556318883
lambda.x,0.02,12.6133,0.0,0.374544556318883
lambda.x,0.02,12.6203,0.0,0.374544556318883
lambda.x,0.02,12.6273,0.0,0.374544556318883
lambda.x,0.02,12.6343,0.0,0.374544556318883
lambda.x,0.02,12.6413,0.0,0.374544556318883
lambda.x,0.02,12.6483,0.0,0.374544556318883
lambda.x,0.02,12.6553,0.0,0.374544556318883
lambda.x,0.02,12.6623,0.0,0.374544556318883
lambda.x,0.02,12.6693,0.0,0.374544556318883
lambda.x,0.02,12.6763,0.0,0.374544556318883
lambda.x,0.02,12.6833,0.0,0.374544556318883
lambda.x,0.02,12.6903,0.0,0.374544556318883
lambda.x,0.02,12.6973,0.0,0.374544556318883
lambda.x,0.02,12.7044,0.0,0.374544556318883
lambda.x,0.02,12.7114,0.0,0.374544556318883
lambda.x,0.02,12.7184,0.0,0.374544556318883
lambda.x,0.02,12.7254,0.0,0.374544556318883
lambda.x,0.02,12.7324,0.0,0.374544556318883
lambda.x,0.02,12.7394,0.0,0.374544556318883
lambda.x,0.02,12.7464,0.0,0.374544556318883
lambda.x,0.02,12.7534,0.0,0.374544556318883
lambda.x,0.02,12.7604,0.0,0.374544556318883
lambda.x,0.02,12.7674,0.0,0.374544556318883
lambda.x,0.02,12.7744,0.0,0.374544556318883
lambda.x,0.02,12.7814,0.0,0.374544556318883
lambda.x,0.02,12.7884,0.0,0.374544556318883
lambda.x,0.02,12.7954,0.0,0.374544556318883
lambda.x,0.02,12.8024,0.0,0.374544556318883
lambda.x,0.02,12.8094,0.0,0.374544556318883
lambda.x,0.02,12.8164,0.0,0.374544556318883
lambda.x,0.02,12.8234,0.0,0.374544556318883
lambda.x,0.02,12.8304,0.0,0.374544556318883
lambda.x,0.02,12.8374,0.0,0.374544556318883
lambda.x,0.02,12.8444,0.0,0.374544556318883
lambda.x,0.02,12.8514,0.0,0.374544556318883
lambda.x,0.02,12.8584,0.0,0.374544556318883
lambda.x,0.02,12.8654,0.0,0.374544556318883
lambda.x,0.02,12.8724,0.0,0.374544556318883
lambda.x,0.02,12.8794,0.0,0.374544556318883
lambda.x,0.02,12.8864,0.0,0.374544556318883
lambda.x,0.02,12.8934,0.0,0.374544556318883
lambda.x,0.02,12.9005,0.0,0.374544556318883
lambda.x,0.02,12.9075,0.0,0.374544556318883
lambda.x,0.02,12.9145,0.0,0.374544556318883
lambda.x,0.02,12.9215,0.0,0.374544556318883
lambda.x,0.02,12.9285,0.0,0.374544556318883
lambda.x,0.02,12.9355,0.0,0.374544556318883
lambda.x,0.02,12.9425,0.0,0.374544556318883
lambda.x,0.02,12.9495,0.0,0.374544556318883
lambda.x,0.02,12.9565,0.0,0.374544556318883
lambda.x,0.02,12.9635,0.0,0.374544556318883
lambda.x,0.02,12.9705,0.0,0.374544556318883
lambda.x,0.02,12.9775,0.0,0.374544556318883
lambda.x,0.02,12.9845,0.0,0.374544556318883
lambda.x,0.02,12.9915,0.0,0.374544556318883
lambda.x,0.02,12.9985,0.0,0.374544556318883
lambda.x,0.02,13.0055,0.0,0.374544556318883
lambda.x,0.02,13.0125,0.0,0.374544556318883
lambda.x,0.02,13.0195,0.0,0.374544556318883
lambda.x,0.02,13.0265,0.0,0.374544556318883
lambda.x,0.02,13.0335,0.0,0.374544556318883
lambda.x,0.02,13.0405,0.0,0.374544556318883
lambda.x,0.02,13.0475,0.0,0.374544556318883
lambda.x,0.02,13.0545,0.0,0.374544556318883
lambda.x,0.02,13.0615,0.0,0.374544556318883
lambda.x,0.02,13.0685,0.0,0.374544556318883
lambda.x,0.02,13.0755,0.0,0.374544556318883
lambda.x,0.02,13.0825,0.0,0.374544556318883
lambda.x,0.02,13.0895,0.0,0.374544556318883
lambda.x,0.02,13.0965,0.0,0.374544556318883
lambda.x,0.02,13.1036,0.0,0.374544556318883
lambda.x,0.02,13.1106,0.0,0.374544556318883
lambda.x,0.02,13.1176,0.0,0.374544556318883
lambda.x,0.02,13.1246,0.0,0.374544556318883
lambda.x,0.02,13.1316,0.0,0.374544556318883
lambda.x,0.02,13.1386,0.0,0.374544556318883
lambda.x,0.02,13.1456,0.0,0.374544556318883
lambda.x,0.02,13.1526,0.0,0.374544556318883
lambda.x,0.02,13.1596,0.0,0.374544556318883
lambda.x,0.02,13.1666,0.0,0.374544556318883
lambda.x,0.02,13.1736,0.0,0.374544556318883
lambda.x,0.02,13.1806,0.0,0.374544556318883
lambda.x,0.02,13.1876,0.0,0.374544556318883
lambda.x,0.02,13.1946,0.0,0.374544556318883
lambda.x,0.02,13.2016,0.0,0.374544556318883
lambda.x,0.02,13.2086,0.0,0.374544556318883
lambda.x,0.02,13.2156,0.0,0.374544556318883
lambda.x,0.02,13.2226,0.0,0.374544556318883
lambda.x,0.02,13.2296,0.0,0.374544556318883
lambda.x,0.02,13.2366,0.0,0.374544556318883
lambda.x,0.02,13.2436,0.0,0.374544556318883
lambda.x,0.02,13.2506,0.0,0.374544556318883
lambda.x,0.02,13.2576,0.0,0.374544556318883
lambda.x,0.02,13.2646,0.0,0.374544556318883
lambda.x,0.02,13.2716,0.0,0.374544556318883
lambda.x,0.02,13.2786,0.0,0.374544556318883
lambda.x,0.02,13.2856,0.0,0.374544556318883
lambda.x,0.02,13.2926,0.0,0.374544556318883
lambda.x,0.02,13.2996,0.0,0.374544556318883
lambda.x,0.02,13.3067,0.0,0.374544556318883
lambda.x,0.02,13.3137,0.0,0.374544556318883
lambda.x,0.02,13.3207,0.0,0.374544556318883
lambda.x,0.02,13.3277,0.0,0.374544556318883
lambda.x,0.02,13.3347,0.0,0.374544556318883
lambda.x,0.02,13.3417,0.0,0.374544556318883
lambda.x,0.02,13.3487,0.0,0.374544556318883
lambda.x,0.02,13.3557,0.0,0.374544556318883
lambda.x,0.02,13.3627,0.0,0.374544556318883
lambda.x,0.02,13.3697,0.0,0.374544556318883
lambda.x,0.02,13.3767,0.0,0.374544556318883
lambda.x,0.02,13.3837,0.0,0.374544556318883
lambda.x,0.02,13.3907,0.0,0.374544556318883
lambda.x,0.02,13.3977,0.0,0.374544556318883
lambda.x,0.02,13.4047,0.0,0.374544556318883
lambda.x,0.02,13.4117,0.0,0.374544556318883
lambda.x,0.02,13.4187,0.0,0.374544556318883
lambda.x,0.02,13.4257,0.0,0.374544556318883
lambda.x,0.02,13.4327,0.0,0.374544556318883
lambda.x,0.02,13.4397,0.0,0.374544556318883
lambda.x,0.02,13.4467,0.0,0.374544556318883
lambda.x,0.02,13.4537,0.0,0.374544556318883
lambda.x,0.02,13.4607,0.0,0.374544556318883
lambda.x,0.02,13.4677,0.0,0.374544556318883
lambda.x,0.02,13.4747,0.0,0.374544556318883
lambda.x,0.02,13.4817,0.0,0.374544556318883
lambda.x,0.02,13.4887,0.0,0.374544556318883
lambda.x,0.02,13.4957,0.0,0.374544556318883
lambda.x,0.02,13.5028,0.0,0.374544556318883
lambda.x,0.02,13.5098,0.0,0.374544556318883
lambda.x,0.02,13.5168,0.0,0.374544556318883
lambda.x,0.02,13.5238,0.0,0.374544556318883
lambda.x,0.02,13.5308,0.0,0.374544556318883
lambda.x,0.02,13.5378,0.0,0.374544556318883
lambda.x,0.02,13.5448,0.0,0.374544556318883
lambda.x,0.02,13.5518,0.0,0.374544556318883
lambda.x,0.02,13.5588,0.0,0.374544556318883
lambda.x,0.02,13.5658,0.0,0.374544556318883
lambda.x,0.02,13.5728,0.0,0.374544556318883
lambda.x,0.02,13.5798,0.0,0.374544556318883
lambda.x,0.02,13.5868,0.0,0.374544556318883
lambda.x,0.02,13.5938,0.0,0.374544556318883
lambda.x,0.02,13.6008,0.0,0.374544556318883
lambda.x,0.02,13.6078,0.0,0.374544556318883
lambda.x,0.02,13.6148,0.0,0.374544556318883
lambda.x,0.02,13.6218,0.0,0.374544556318883
lambda.x,0.02,13.6288,0.0,0.374544556318883
lambda.x,0.02,13.6358,0.0,0.374544556318883
lambda.x,0.02,13.6428,0.0,0.374544556318883
lambda.x,0.02,13.6498,0.0,0.374544556318883
lambda.x,0.02,13.6568,0.0,0.374544556318883
lambda.x,0.02,13.6638,0.0,0.374544556318883
lambda.x,0.02,13.6708,0.0,0.374544556318883
lambda.x,0.02,13.6778,0.0,0.374544556318883
lambda.x,0.02,13.6848,0.0,0.374544556318883
lambda.x,0.02,13.6918,0.0,0.374544556318883
lambda.x,0.02,13.6988,0.0,0.374544556318883
lambda.x,0.02,13.7059,0.0,0.374544556318883
lambda.x,0.02,13.7129,0.0,0.374544556318883
lambda.x,0.02,13.7199,0.0,0.374544556318883
lambda.x,0.02,13.7269,0.0,0.374544556318883
lambda.x,0.02,13.7339,0.0,0.374544556318883
lambda.x,0.02,13.7409,0.0,0.374544556318883
lambda.x,0.02,13.7479,0.0,0.374544556318883
lambda.x,0.02,13.7549,0.0,0.374544556318883
lambda.x,0.02,13.7619,0.0,0.374544556318883
lambda.x,0.02,13.7689,0.0,0.374544556318883
lambda.x,0.02,13.7759,0.0,0.374544556318883
lambda.x,0.02,13.7829,0.0,0.374544556318883
lambda.x,0.02,13.7899,0.0,0.374544556318883
lambda.x,0.02,13.7969,0.0,0.374544556318883
lambda.x,0.02,13.8039,0.0,0.374544556318883
lambda.x,0.02,13.8109,0.0,0.374544556318883
lambda.x,0.02,13.8179,0.0,0.374544556318883
lambda.x,0.02,13.8249,0.0,0.374544556318883
lambda.x,0.02,13.8319,0.0,0.374544556318883
lambda.x,0.02,13.8389,0.0,0.374544556318883
lambda.x,0.02,13.8459,0.0,0.374544556318883
lambda.x,0.02,13.8529,0.0,0.374544556318883
lambda.x,0.02,13.8599,0.0,0.374544556318883
lambda.x,0.02,13.8669,0.0,0.374544556318883
lambda.x,0.02,13.8739,0.0,0.374544556318883
lambda.x,0.02,13.8809,0.0,0.374544556318883
lambda.x,0.02,13.8879,0.0,0.374544556318883
lambda.x,0.02,13.8949,0.0,0.374544556318883
lambda.x,0.02,13.902,0.0,0.374544556318883
lambda.x,0.02,13.909,0.0,0.374544556318883
lambda.x,0.02,13.916,0.0,0.374544556318883
lambda.x,0.02,13.923,0.0,0.374544556318883
lambda.x,0.02,13.93,0.0,0.374544556318883
lambda.x,0.02,13.937,0.0,0.374544556318883
lambda.x,0.02,13.944,0.0,0.374544556318883
lambda.x,0.02,13.951,0.0,0.374544556318883
lambda.x,0.02,13.958,0.0,0.374544556318883
lambda.x,0.02,13.965,0.0,0.374544556318883
lambda.x,0.02,13.972,0.0,0.374544556318883
lambda.x,0.02,13.979,0.0,0.374544556318883
lambda.x,0.02,13.986,0.0,0.374544556318883
lambda.x,0.02,13.993,0.0,0.374544556318883
lambda.x,0.02,14.0,0.0,0.374544556318883
matdyn.x,0.02,0.012451295155898528,1.38515e-10,0.0
matdyn.x,0.02,0.03735385256927598,3.73996e-09,2.770335202729685e-09
matdyn.x,0.02,0.062256640271590655,1.73147e-08,1.2189580427123618e-08
matdyn.x,0.02,0.08715942797390532,4.75115e-08,3.269026254932959e-08
matdyn.x,0.02,0.11206221567622,1.00979e-07,6.870487172781265e-08
matdyn.x,0.02,0.13696500337853465,1.84367e-07,1.2466606862664116e-07
matdyn.x,0.02,0.16186746209665331,3.04323e-07,2.05005473903014e-07
matdyn.x,0.02,0.18677024979896797,4.67497e-07,3.1415774021676797e-07
matdyn.x,0.02,0.21167303750128266,6.80538e-07,4.5655443612915743e-07
matdyn.x,0.02,0.2365758252035973,9.50094e-07,6.366281520029598e-07
matdyn.x,0.02,0.261478612905912,1.28281e-06,8.588110132681911e-07
matdyn.x,0.02,0.2863810716240306,1.68535e-06,1.127532830561677e-06
matdyn.x,0.02,0.31128385932634534,2.16434e-06,1.4472332585144773e-06
matdyn.x,0.02,0.33618566007607187,2.72645e-06,1.8223265861825746e-06
matdyn.x,0.02,0.3610897637151707,3.37831e-06,2.257297336258046e-06
matdyn.x,0.02,0.3859905775123092,4.12659e-06,2.7564785151075227e-06
matdyn.x,0.02,0.4108946811514079,4.97792e-06,3.32443504163703e-06
matdyn.x,0.02,0.43579878479050677,5.93895e-06,3.9655305760706e-06
matdyn.x,0.02,0.46069959858764525,7.01635e-06,4.684105972659643e-06
matdyn.x,0.02,0.48560370222674404,8.21674e-06,5.4847839207393154e-06
matdyn.x,0.02,0.5105045160238826,9.54679e-06,6.371784934570025e-06
matdyn.x,0.02,0.5354086196629813,1.10131e-05,7.349774554026931e-06
matdyn.x,0.02,0.56031272330208,1.26224e-05,8.423065290723161e-06
matdyn.x,0.02,0.5852135370992186,1.43813e-05,9.595940148577094e-06
matdyn.x,0.02,0.6101176407383174,1.62965e-05,1.0873143895783341e-05
matdyn.x,0.02,0.6350184545354559,1.83745e-05,1.225876965277639e-05
matdyn.x,0.02,0.6599225581745547,2.06221e-05,1.375761447047305e-05
matdyn.x,0.02,0.6848233719716932,2.30459e-05,1.537371711859722e-05
matdyn.x,0.02,0.709727475610792,2.56525e-05,1.711193594211306e-05
matdyn.x,0.02,0.7346315792498908,3.72964e-05,1.9276426414880876e-05
matdyn.x,0.02,0.7595323930470292,6.84747e-05,2.2785514035727185e-05
matdyn.x,0.02,0.784436496686128,6.54995e-05,2.71101751566818e-05
matdyn.x,0.02,0.8093373104832666,5.21086e-05,3.07925839999145e-05
matdyn.x,0.02,0.8342414141223653,5.20394e-05,3.3949517469518525e-05
matdyn.x,0.02,0.8591422279195038,6.12227e-05,3.727725144735916e-05
matdyn.x,0.02,0.8840463315586027,6.75911e-05,4.0956005318215986e-05
matdyn.x,0.02,0.9089504351977014,7.43337e-05,4.489673653768011e-05
matdyn.x,0.02,0.93385124899484,8.1464e-05,4.910532658053259e-05
matdyn.x,0.02,0.9587553526339386,8.89954e-05,5.358951810253233e-05
matdyn.x,0.02,0.9836561664310772,9.69411e-05,5.8354928848325177e-05
matdyn.x,0.02,1.008560270070176,0.000105315,6.340978801702288e-05
matdyn.x,0.02,1.0334643737092748,0.00011413,6.876057189314649e-05
matdyn.x,0.02,1.0583651875064133,0.000123399,7.441376265209558e-05
matdyn.x,0.02,1.083269291145512,0.000133137,8.037821898921705e-05
matdyn.x,0.02,1.1081701049426507,0.000143355,8.665981945940817e-05
matdyn.x,0.02,1.1330742085817493,0.000154069,9.326778050894148e-05
matdyn.x,0.02,1.1579750223788878,0.000165291,0.00010020802938352109
matdyn.x,0.02,1.1828791260179867,0.000177035,0.00010749013646821599
matdyn.x,0.02,1.2077832296570854,0.00019684,0.00011527617421501519
matdyn.x,0.02,1.2326840434542239,0.000215763,0.00012369293279116048
matdyn.x,0.02,1.2575881470933226,0.00023362,0.00013267841832561412
matdyn.x,0.02,1.2824889608904613,0.000250925,0.00014217616132320302
matdyn.x,0.02,1.30739306452956,0.000268188,0.00015215739203946872
matdyn.x,0.02,1.3322938783266987,0.00028592,0.00016260923940572997
matdyn.x,0.02,1.3571979819657973,0.000316428,0.0001737601840407122
matdyn.x,0.02,1.382102085604896,0.000385847,0.0001865191048982025
matdyn.x,0.02,1.4070028994020345,0.000442381,0.00020129992249208687
matdyn.x,0.02,1.4319070030411334,0.000489649,0.00021764621842327797
matdyn.x,0.02,1.4568078168382719,0.000534691,0.00023530052342027126
matdyn.x,0.02,1.4817119204773705,0.000569133,0.0002540068479736859
matdyn.x,0.02,1.5066160241164692,0.000591127,0.0002733438670173947
matdyn.x,0.02,1.531516837913608,0.000598949,0.0002928520692899482
matdyn.x,0.02,1.5564209415527066,0.000590874,0.0003120461249084951
matdyn.x,0.02,1.5813217553498453,0.000613357,0.00033115781140144934
matdyn.x,0.02,1.606225858988944,0.000649076,0.00035088126963085724
matdyn.x,0.02,1.6311266727860825,0.000686249,0.00037141998205043945
matdyn.x,0.02,1.6560307764251812,0.000724864,0.00039279847454146534
matdyn.x,0.02,1.68093488006428,0.000764913,0.000415031956827303
matdyn.x,0.02,1.7058356938614185,0.000806407,0.00043813459337770484
matdyn.x,0.02,1.7307397975005174,0.000849383,0.0004621296285753217
matdyn.x,0.02,1.7556406112976557,0.000893881,0.0004870282267390479
matdyn.x,0.02,1.7805447149367546,0.000939938,0.0005128548173261691
matdyn.x,0.02,1.805445528733893,0.000996104,0.0005397381218749383
matdyn.x,0.02,1.8303496323729918,0.00104973,0.0005677611000907474
matdyn.x,0.02,1.8552537360120906,0.00109922,0.0005967993786358133
matdyn.x,0.02,1.8801545498092291,0.00115141,0.0006268021741707771
matdyn.x,0.02,1.905058653448328,0.00120766,0.000657840769258799
matdyn.x,0.02,1.9299594672454663,0.00126575,0.0006899569805238301
matdyn.x,0.02,1.9548635708845652,0.0013258,0.0007231802672435876
matdyn.x,0.02,1.979767674523664,0.00138792,0.00075752944773112
matdyn.x,0.02,2.004668488320802,0.00145085,0.0007930078179615906
matdyn.x,0.02,2.029572591959901,0.00151313,0.0008295988404451173
matdyn.x,0.02,2.0544734057570397,0.00157303,0.000867229003245198
matdyn.x,0.02,2.0793775093961386,0.00164037,0.0009059433397146638
matdyn.x,0.02,2.104278323193277,0.00171551,0.0009458873360755282
matdyn.x,0.02,2.129182426832376,0.00179485,0.000987183937559063
matdyn.x,0.02,2.1540865304714747,0.00187757,0.0010298847078913304
matdyn.x,0.02,2.178987344268613,0.00196312,0.001074022991879542
matdyn.x,0.02,2.203891447907712,0.00206258,0.0011197671782636118
matdyn.x,0.02,2.2287922617048506,0.0021678,0.0011672907631045367
matdyn.x,0.02,2.2536963653439495,0.00227573,0.0012166609334554198
matdyn.x,0.02,2.278600468983048,0.00238629,0.0012678896191521247
matdyn.x,0.02,2.3035012827801866,0.00249641,0.0013209534308975303
matdyn.x,0.02,2.3284053864192855,0.00260435,0.0013757986958987541
matdyn.x,0.02,2.353306200216424,0.00270994,0.0014323249906353312
matdyn.x,0.02,2.3782103038555227,0.0028261,0.0014905975155595113
matdyn.x,0.02,2.403111117652661,0.00295864,0.0015508450661354531
matdyn.x,0.02,2.42801522129176,0.00307062,0.001613001556899781
matdyn.x,0.02,2.4529193249308587,0.00319498,0.0016769349737407928
matdyn.x,0.02,2.477820138727997,0.00332536,0.0017427869695281987
matdyn.x,0.02,2.502724242367096,0.00345595,0.001810598997418888
matdyn.x,0.02,2.5276250561642346,0.00358918,0.00188034260211738
matdyn.x,0.02,2.552529159803333,0.0037249,0.0019520484623163537
matdyn.x,0.02,2.5774299736004718,0.00384875,0.0020255693294906926
matdyn.x,0.02,2.6023340772395707,0.00397804,0.002100826894152421
matdyn.x,0.02,2.627238180878669,0.00411132,0.002177868384988411
matdyn.x,0.02,2.652138994675808,0.0042497,0.0022567354839744215
matdyn.x,0.02,2.6770430983149067,0.00440649,0.0023376338692366327
matdyn.x,0.02,2.7019439121120454,0.00457491,0.002420783185936992
matdyn.x,0.02,2.726848015751144,0.0047504,0.002506335672699927
matdyn.x,0.02,2.751752119390243,0.00493283,0.0025943641792306937
matdyn.x,0.02,2.7766529331873815,0.00512177,0.0026849333788583596
matdyn.x,0.02,2.80155703682648,0.00531262,0.002778096989005634
matdyn.x,0.02,2.826457850623618,0.00550593,0.0028738233437869075
matdyn.x,0.02,2.851361954262717,0.00570112,0.0029721306490755753
matdyn.x,0.02,2.876262768059856,0.00589905,0.0030729884109879685
matdyn.x,0.02,2.9011668716989543,0.00611117,0.003176524609013049
matdyn.x,0.02,2.926070975338053,0.00634188,0.003282960338880901
matdyn.x,0.02,2.950971789135192,0.00656102,0.003392292658075485
matdyn.x,0.02,2.9758758927742903,0.00678471,0.0035044419559163366
matdyn.x,0.02,3.000776706571429,0.00702399,0.003619499341599621
matdyn.x,0.02,3.025680810210528,0.00728875,0.003737786012744865
matdyn.x,0.02,3.0505816240076666,0.00754329,0.0038593443219843804
matdyn.x,0.02,3.075485727646765,0.00780097,0.003984094915264436
matdyn.x,0.02,3.100389831285864,0.00806347,0.004112034578785019
matdyn.x,0.02,3.1252906450830027,0.00833592,0.004243213027758982
matdyn.x,0.02,3.150194748722101,0.00860829,0.004377691896602745
matdyn.x,0.02,3.17509556251924,0.00888458,0.004515414070143755
matdyn.x,0.02,3.1999996661583388,0.00919061,0.004656627176850831
matdyn.x,0.02,3.2249037697974376,0.00950905,0.004801586406833215
matdyn.x,0.02,3.249804583594576,0.00983979,0.004950404635610334
matdyn.x,0.02,3.274708687233675,0.0101762,0.0051031993505998114
matdyn.x,0.02,3.2996127908727733,0.010511,0.005259921829828444
matdyn.x,0.02,3.3245168945118726,0.0108606,0.0054206117185768565
matdyn.x,0.02,3.349420998150971,0.0112212,0.005585402458557808
matdyn.x,0.02,3.3743251017900695,0.0116183,0.0057545844710954865
matdyn.x,0.02,3.399229205429169,0.0120029,0.005928270994410527
matdyn.x,0.02,3.4241333090682673,0.0123932,0.006106346134940332
matdyn.x,0.02,3.4490374127073657,0.0127923,0.006288851283832992
matdyn.x,0.02,3.473941516346465,0.0132139,0.006475947537412241
matdyn.x,0.02,3.4988456199855635,0.0136923,0.006668134900918727
matdyn.x,0.02,3.523749723624662,0.0141485,0.006865588566899202
matdyn.x,0.02,3.5486538272637613,0.0145858,0.007067944810810489
matdyn.x,0.02,3.5735250324832575,0.0150487,0.007274908025106376
matdyn.x,0.02,3.5984291361223564,0.0154736,0.007486873390580269
matdyn.x,0.02,3.623333239761455,0.01598,0.007703798151615425
matdyn.x,0.02,3.648237343400554,0.0165003,0.007926269447970277
matdyn.x,0.02,3.6731414470396526,0.0170198,0.008154301276018086
matdyn.x,0.02,3.698045550678751,0.0175406,0.008387821816909
matdyn.x,0.02,3.7229496543178504,0.0180667,0.008626801598546334
matdyn.x,0.02,3.747853757956949,0.0186196,0.00887138136282111
matdyn.x,0.02,3.7727578615960473,0.019223,0.009121998374443503
matdyn.x,0.02,3.7976619652351467,0.0198448,0.009379027218148707
matdyn.x,0.02,3.822566068874245,0.0204898,0.009642655887971599
matdyn.x,0.02,3.8474701725133436,0.0211559,0.009913086396482279
matdyn.x,0.02,3.872374276152442,0.0219372,0.010191108430215345
matdyn.x,0.02,3.8972783797915413,0.0227521,0.010477580269380985
matdyn.x,0.02,3.92218248343064,0.0235562,0.010772540405827839
matdyn.x,0.02,3.9470865870697387,0.0242117,0.011074875215509275
matdyn.x,0.02,3.9719906907088376,0.0250266,0.011384553726752658
matdyn.x,0.02,3.9968947943479365,0.0258534,0.011702557749058996
matdyn.x,0.02,4.0217988979870345,0.0266816,0.012028866670742147
matdyn.x,0.02,4.046703001626134,0.0275219,0.012363461088793876
matdyn.x,0.02,4.071607105265232,0.0284589,0.01270690526910297
matdyn.x,0.02,4.096511208904332,0.0294464,0.013059989776466436
matdyn.x,0.02,4.12141531254343,0.0304859,0.013423218983066018
matdyn.x,0.02,4.146286517762927,0.0315761,0.013796597019840403
matdyn.x,0.02,4.171190621402025,0.0329134,0.014182764085472865
matdyn.x,0.02,4.196094725041124,0.0344125,0.014583514115008196
matdyn.x,0.02,4.220998828680223,0.0354668,0.014997010499806923
matdyn.x,0.02,4.245902932319321,0.0367804,0.015421999746039923
matdyn.x,0.02,4.27080703595842,0.0381248,0.015860047987049028
matdyn.x,0.02,4.295711139597519,0.0395806,0.016311828803952145
matdyn.x,0.02,4.320615243236618,0.0411582,0.01677853133883528
matdyn.x,0.02,4.345519346875716,0.0428518,0.017261350938556932
matdyn.x,0.02,4.370423450514815,0.0447246,0.017761789349418806
matdyn.x,0.02,4.395327554153914,0.0474493,0.01828549441478161
matdyn.x,0.02,4.420231657793012,0.0492944,0.018832074498785868
matdyn.x,0.02,4.445135761432112,0.0516034,0.01939891565524124
matdyn.x,0.02,4.47003986507121,0.0543148,0.019990632497452827
matdyn.x,0.02,4.494943968710309,0.057511,0.020611876603335792
matdyn.x,0.02,4.519848072349408,0.0612917,0.02126822834335136
matdyn.x,0.02,4.544752175988507,0.0662557,0.02196900673641614
matdyn.x,0.02,4.569656279627606,0.0737206,0.022733840209178333
matdyn.x,0.02,4.594560383266705,0.0808838,0.023574027163153856
matdyn.x,0.02,4.6194644869058035,0.0822112,0.024455656019686536
matdyn.x,0.02,4.644368590544902,0.0871833,0.02536636236598151
matdyn.x,0.02,4.669272694184001,0.087864,0.026302490741086464
matdyn.x,0.02,4.6941767978231,0.0864187,0.02722960224319464
matdyn.x,0.02,4.719080901462198,0.0864855,0.028144492707806505
matdyn.x,0.02,4.743952106681694,0.0880988,0.029062178715125484
matdyn.x,0.02,4.768856210320793,0.0896332,0.02999275279938147
matdyn.x,0.02,4.793760313959892,0.0908824,0.030932982634883126
matdyn.x,0.02,4.818664417598991,0.0919821,0.03188051381467424
matdyn.x,0.02,4.8435685212380895,0.0927164,0.03283261961430419
matdyn.x,0.02,4.868472624877189,0.0935878,0.03378807560864417
matdyn.x,0.02,4.893376728516287,0.0947359,0.034748957169772235
matdyn.x,0.02,4.918280832155387,0.0964114,0.035719288002596966
matdyn.x,0.02,4.943184935794485,0.0976518,0.03669945118918509
matdyn.x,0.02,4.9680890394335835,0.0986107,0.03768574467827715
matdyn.x,0.02,4.992993143072683,0.0996038,0.0386768666029196
matdyn.x,0.02,5.017897246711781,0.100363,0.039671778644026885
matdyn.x,0.02,5.04280135035088,0.101728,0.040672274156416596
matdyn.x,0.02,5.067705453989979,0.102984,0.04168075431417808
matdyn.x,0.02,5.0926095576290775,0.10443,0.04269753430809073
matdyn.x,0.02,5.117513661268176,0.106108,0.043724591342308196
matdyn.x,0.02,5.142417764907275,0.107923,0.04476361814906139
matdyn.x,0.02,5.167321868546374,0.109764,0.045815287867946135
matdyn.x,0.02,5.192225972185472,0.111588,0.046879522695551755
matdyn.x,0.02,5.2171300758245716,0.113405,0.04795608742735034
matdyn.x,0.02,5.24203417946367,0.114937,0.04904347722049179
matdyn.x,0.02,5.2669382831027685,0.116582,0.05014076974586232
matdyn.x,0.02,5.291842386741868,0.118546,0.05124990715001429
matdyn.x,0.02,5.316746490380966,0.120273,0.05237116936612262
matdyn.x,0.02,5.341617695600463,0.122031,0.05350198516302659
matdyn.x,0.02,5.366521799239561,0.124045,0.05464657591227091
matdyn.x,0.02,5.391425902878661,0.126204,0.0558051864822421
matdyn.x,0.02,5.416330006517759,0.128424,0.05697863792348908
matdyn.x,0.02,5.4412341101568575,0.130605,0.05816689605316047
matdyn.x,0.02,5.466138213795957,0.132803,0.0593697245899651
matdyn.x,0.02,5.491042317435055,0.134836,0.060586320178909976
matdyn.x,0.02,5.515946421074154,0.13707,0.06181671736561228
matdyn.x,0.02,5.540850524713253,0.139326,0.06306179820353054
matdyn.x,0.02,5.565754628352352,0.14153,0.06432129720004076
matdyn.x,0.02,5.59065873199145,0.144079,0.0655963897667611
matdyn.x,0.02,5.615562835630549,0.146887,0.06688962277180084
matdyn.x,0.02,5.640466939269648,0.149573,0.06820144565310549
matdyn.x,0.02,5.665371042908746,0.152235,0.0695310504397506
matdyn.x,0.02,5.690275146547845,0.155079,0.0708789721795529
matdyn.x,0.02,5.715179250186944,0.157733,0.0722450195139845
matdyn.x,0.02,5.7400833538260425,0.160683,0.07362949110540834
matdyn.x,0.02,5.764987457465141,0.164219,0.07503604313920655
matdyn.x,0.02,5.78989156110424,0.166254,0.07646056049327701
matdyn.x,0.02,5.814795664743339,0.168886,0.07789898944910224
matdyn.x,0.02,5.839699768382437,0.172174,0.07935656561667562
matdyn.x,0.02,5.8646038720215365,0.175386,0.08083560093721937
matdyn.x,0.02,5.889507975660635,0.178771,0.08233632234060916
matdyn.x,0.02,5.914412079299734,0.182221,0.08385955206140991
matdyn.x,0.02,5.93928328451923,0.185339,0.08540194663856655
matdyn.x,0.02,5.964187388158329,0.190367,0.08697399237154374
matdyn.x,0.02,5.989091491797428,0.192123,0.08856778449034042
matdyn.x,0.02,6.013995595436526,0.194859,0.0901735947088313
matdyn.x,0.02,6.038899699075626,0.19815,0.09179767076130499
matdyn.x,0.02,6.063803802714724,0.20191,0.09344407731856469
matdyn.x,0.02,6.0887079063538225,0.204971,0.09511169849330528
matdyn.x,0.02,6.113612009992922,0.208066,0.09679764048796173
matdyn.x,0.02,6.13851611363202,0.2149,0.09851706205608954
matdyn.x,0.02,6.163420217271119,0.217083,0.10026606857730472
matdyn.x,0.02,6.188324320910218,0.221044,0.10203278349674536
matdyn.x,0.02,6.213228424549317,0.224578,0.10382250849548812
matdyn.x,0.02,6.238132528188416,0.22869,0.10563565544797408
matdyn.x,0.02,6.263036631827514,0.238379,0.10749652143566443
matdyn.x,0.02,6.287940735466614,0.239915,0.10939461335196382
matdyn.x,0.02,6.312844839105712,0.241205,0.11129637504458037
matdyn.x,0.02,6.3377489427448115,0.259389,0.11326719189085185
matdyn.x,0.02,6.36265304638391,0.236062,0.11521042954065984
matdyn.x,0.02,6.387557150023008,0.217012,0.11698049785913472
matdyn.x,0.02,6.412461253662108,0.213075,0.11865411459857769
matdyn.x,0.02,6.437365357301207,0.204525,0.12027287658468605
matdyn.x,0.02,6.462269460940305,0.199702,0.12183372395070115
matdyn.x,0.02,6.487173564579404,0.195551,0.12335404523040557
matdyn.x,0.02,6.5120776682185015,0.192675,0.12484160679400341
matdyn.x,0.02,6.536948873437998,0.189967,0.12630024903374407
matdyn.x,0.02,6.5618529770770975,0.188401,0.1277390102584124
matdyn.x,0.02,6.586757080716196,0.187759,0.1291639504571846
matdyn.x,0.02,6.611661184355294,0.188089,0.13058232880756818
matdyn.x,0.02,6.636565287994394,0.183977,0.1319811870608583
matdyn.x,0.02,6.661469391633492,0.181797,0.13335122518260387
matdyn.x,0.02,6.6863734952725915,0.179878,0.1347008533259514
matdyn.x,0.02,6.71127759891169,0.179445,0.13603670960911876
matdyn.x,0.02,6.736181702550788,0.1818,0.13737471777216184
matdyn.x,0.02,6.761085806189888,0.177532,0.13870077402010217
matdyn.x,0.02,6.785989909828987,0.177239,0.1400051584068579
matdyn.x,0.02,6.810894013468085,0.174838,0.1412949099532201
matdyn.x,0.02,6.835798117107184,0.170393,0.14255498077055687
matdyn.x,0.02,6.860702220746283,0.169493,0.1437910081790809
matdyn.x,0.02,6.885606324385381,0.170477,0.14502284892805642
matdyn.x,0.02,6.91051042802448,0.172191,0.14625997822941958
matdyn.x,0.02,6.93541453166358,0.17399,0.1475052940655113
matdyn.x,0.02,6.960318635302677,0.175735,0.1487588497621314
matdyn.x,0.02,6.9852227389417765,0.17742,0.15002017932892425
matdyn.x,0.02,7.010126842580876,0.179546,0.15129058020629493
matdyn.x,0.02,7.035030946219973,0.18132,0.15257030868170662
matdyn.x,0.02,7.059935049859073,0.183275,0.1538586912134421
matdyn.x,0.02,7.084839153498172,0.185719,0.15515802424044944
matdyn.x,0.02,7.109710358717668,0.188271,0.15646859762302237
matdyn.x,0.02,7.134614462356767,0.190688,0.15779369487244263
matdyn.x,0.02,7.159518565995865,0.192679,0.1591295372174422
matdyn.x,0.02,7.184422669634964,0.194834,0.16047513668225444
matdyn.x,0.02,7.209326773274063,0.197171,0.1618316229419811
matdyn.x,0.02,7.234230876913161,0.199403,0.16319918815748463
matdyn.x,0.02,7.25913498055226,0.201439,0.16457672228681788
matdyn.x,0.02,7.28403908419136,0.203542,0.16596371368782123
matdyn.x,0.02,7.308943187830457,0.205364,0.16735936941254365
matdyn.x,0.02,7.3338472914695565,0.207029,0.16876213990378372
matdyn.x,0.02,7.358751395108656,0.208965,0.17017236092064558
matdyn.x,0.02,7.383655498747753,0.210788,0.17159051813572093
matdyn.x,0.02,7.408559602386853,0.212789,0.17301677531716247
matdyn.x,0.02,7.433463706025952,0.215071,0.17445261788421937
matdyn.x,0.02,7.45836780966505,0.217389,0.17589904335965978
matdyn.x,0.02,7.483271913304149,0.219286,0.17735470031926379
matdyn.x,0.02,7.508176016943248,0.221145,0.17881800028616085
matdyn.x,0.02,7.533080120582346,0.22308,0.1802890178498336
matdyn.x,0.02,7.557984224221445,0.225076,0.1817681543213898
matdyn.x,0.02,7.582888327860545,0.227093,0.18325562625446862
matdyn.x,0.02,7.607792431499642,0.229083,0.18475135957242297
matdyn.x,0.02,7.6326965351387415,0.2308,0.18625432114103882
matdyn.x,0.02,7.657600638777841,0.232478,0.18776344627280706
matdyn.x,0.02,7.682504742416939,0.234267,0.1892789279294763
matdyn.x,0.02,7.707375947636436,0.236576,0.19080075527715082
matdyn.x,0.02,7.732280051275535,0.238916,0.19233468049661673
matdyn.x,0.02,7.757184154914633,0.240906,0.19387759868482482
matdyn.x,0.02,7.782088258553732,0.241965,0.1954253491493565
matdyn.x,0.02,7.806992362192831,0.242718,0.19697394547843017
matdyn.x,0.02,7.831896465831929,0.243539,0.19852262237048793
matdyn.x,0.02,7.856800569471028,0.244548,0.2000721914578899
matdyn.x,0.02,7.881704673110128,0.245424,0.20162282276784804
matdyn.x,0.02,7.906608776749225,0.246432,0.20317450512055632
matdyn.x,0.02,7.931512880388325,0.249563,0.20473431367411163
matdyn.x,0.02,7.956416984027424,0.250105,0.20630075979766796
matdyn.x,0.02,7.9813210876665215,0.251031,0.20786689638028444
matdyn.x,0.02,8.00622519130562,0.254174,0.20944081974041198
matdyn.x,0.02,8.031129294944721,0.254959,0.2110220657278864
matdyn.x,0.02,8.056033398583818,0.258189,0.2126108352724569
matdyn.x,0.02,8.080937502222918,0.260099,0.21421057235806423
matdyn.x,0.02,8.105841605862016,0.256723,0.21580090090802498
matdyn.x,0.02,8.130745709501115,0.256992,0.21737680244147464
matdyn.x,0.02,8.155649813140213,0.257355,0.21894981681467285
matdyn.x,0.02,8.180553916779314,0.258259,0.22052189564370997
matdyn.x,0.02,8.20545802041841,0.257208,0.22208875804725092
matdyn.x,0.02,8.23036212405751,0.253953,0.2236378329902832
matdyn.x,0.02,8.255266227696609,0.244572,0.22514407821950383
matdyn.x,0.02,8.280170331335707,0.228335,0.226568650305609
matdyn.x,0.02,8.305041536555205,0.212022,0.22788944650153045
matdyn.x,0.02,8.329945640194302,0.197869,0.22911680164080317
matdyn.x,0.02,8.354849743833402,0.185639,0.23026172414745302
matdyn.x,0.02,8.3797538474725,0.176915,0.2313408564574424
matdyn.x,0.02,8.404657951111599,0.177431,0.23239238807795573
matdyn.x,0.02,8.429562054750697,0.181859,0.2334554194316197
matdyn.x,0.02,8.454466158389797,0.188776,0.23454877207586014
matdyn.x,0.02,8.479370262028894,0.196702,0.23568256294186002
matdyn.x,0.02,8.504274365667994,0.205568,0.2368622710386151
matdyn.x,0.02,8.529178469307093,0.218911,0.23810345283169368
matdyn.x,0.02,8.554082572946191,0.235259,0.23942757089529534
matdyn.x,0.02,8.57898667658529,0.254308,0.24085073253867254
matdyn.x,0.02,8.60389078022439,0.280991,0.24240230114979136
matdyn.x,0.02,8.628794883863486,0.330231,0.2441687345360236
matdyn.x,0.02,8.653698987502587,0.369648,0.2461856287317713
matdyn.x,0.02,8.678603091141685,0.411336,0.24842979165813273
matdyn.x,0.02,8.703507194780784,0.457286,0.25091863297913763
matdyn.x,0.02,8.728411298419882,0.512396,0.2536890853017399
matdyn.x,0.02,8.753315402058982,0.584715,0.2568146410589977
matdyn.x,0.02,8.77821950569808,0.662052,0.2603564805429307
matdyn.x,0.02,8.80312360933718,0.696954,0.26420643247472975
matdyn.x,0.02,8.828027712976278,0.719032,0.2682065292539964
matdyn.x,0.02,8.852931816615376,0.728783,0.2722850708328202
matdyn.x,0.02,8.877835920254476,0.721392,0.27635885250028447
matdyn.x,0.02,8.90270712547397,0.721075,0.28039427188095817
matdyn.x,0.02,8.92761122911307,0.729055,0.28444512279304235
matdyn.x,0.02,8.952515332752169,0.73992,0.2885371743352659
matdyn.x,0.02,8.977419436391267,0.75162,0.2926805395138894
matdyn.x,0.02,9.002323540030366,0.770847,0.2968980731581003
matdyn.x,0.02,9.027227643669466,0.780825,0.30118467246336544
matdyn.x,0.02,9.052131747308565,0.785013,0.3054985113903199
matdyn.x,0.02,9.077035850947663,0.787262,0.30981819085565643
matdyn.x,0.02,9.101939954586761,0.807608,0.31418787466945075
matdyn.x,0.02,9.12684405822586,0.803796,0.3185908866087214
matdyn.x,0.02,9.15174816186496,0.806496,0.32297884616320677
matdyn.x,0.02,9.176652265504059,0.689154,0.32704377940881585
matdyn.x,0.02,9.201556369143157,0.619627,0.33059107006320476
matdyn.x,0.02,9.226460472782255,0.572992,0.33381471927414347
matdyn.x,0.02,9.251364576421356,0.535469,0.33680279142768466
matdyn.x,0.02,9.276268680060452,0.503981,0.3395972844971676
matdyn.x,0.02,9.301172783699553,0.477581,0.34222906208920323
matdyn.x,0.02,9.326076887338651,0.450041,0.3447095735016313
matdyn.x,0.02,9.35098099097775,0.428046,0.34705134907151525
matdyn.x,0.02,9.375885094616848,0.409822,0.349279911167951
matdyn.x,0.02,9.400789198255948,0.389096,0.35139924880629936
matdyn.x,0.02,9.425693301895045,0.369809,0.3534071137625796
matdyn.x,0.02,9.450597405534145,0.351104,0.35530943007920945
matdyn.x,0.02,9.475501509173244,0.335582,0.3571166527573939
matdyn.x,0.02,9.50037271439274,0.318833,0.35883216409754926
matdyn.x,0.02,9.52527681803184,0.300661,0.36045403372943047
matdyn.x,0.02,9.550180921670938,0.286421,0.36198702330057064
matdyn.x,0.02,9.575085025310036,0.270727,0.36343806759375175
matdyn.x,0.02,9.599989128949135,0.252986,0.3647985002632887
matdyn.x,0.02,9.624893232588233,0.236666,0.3660671572974121
matdyn.x,0.02,9.649797336227332,0.225578,0.3672616925296101
matdyn.x,0.02,9.674701439866432,0.210089,0.36838466201840975
matdyn.x,0.02,9.69960554350553,0.19371,0.3694228197289116
matdyn.x,0.02,9.724509647144629,0.172026,0.3703607295905149
matdyn.x,0.02,9.749413750783727,0.151297,0.3711877578880769
matdyn.x,0.02,9.774317854422828,0.139086,0.371928612981771
matdyn.x,0.02,9.799221958061924,0.1131,0.37257042840308496
matdyn.x,0.02,9.824126061701024,0.0867862,0.37307786743206856
matdyn.x,0.02,9.849030165340123,0.067825,0.3734693711892372
matdyn.x,0.02,9.873934268979221,0.057234,0.37378522840446204
matdyn.x,0.02,9.89883837261832,0.03038,0.3740060162494877
matdyn.x,0.02,9.92374247625742,0.00281188,0.37408950466008906
matdyn.x,0.02,9.948646579896517,0.0,0.3740965612066599
