frequency_THz,alpha2F_k32,alpha2F_k48,signed_difference_density_per_THz,cumulative_positive,cumulative_negative_magnitude,cumulative_signed,cumulative_absolute
0.0,0.0,0.0,0.0,0.0,0.0,0.0,0.0
0.007,0.0,0.0,0.0,0.0,0.0,0.0,0.0
0.014,0.0,0.0,0.0,0.0,0.0,0.0,0.0
0.021,0.0,0.0,0.0,0.0,0.0,0.0,0.0
0.028,0.0,0.0,0.0,0.0,0.0,0.0,0.0
0.035,0.0,0.0,0.0,0.0,0.0,0.0,0.0
0.042,0.0,0.0,0.0,0.0,0.0,0.0,0.0
0.049,0.0,0.0,0.0,0.0,0.0,0.0,0.0
0.056,0.0,0.0,0.0,0.0,0.0,0.0,0.0
0.063,0.0,0.0,0.0,0.0,0.0,0.0,0.0
0.07,0.0,0.0,0.0,0.0,0.0,0.0,0.0
0.077,0.0,0.0,0.0,0.0,0.0,0.0,0.0
0.084,0.0,0.0,0.0,0.0,0.0,0.0,0.0
0.091,0.0,0.0,0.0,0.0,0.0,0.0,0.0
0.098,0.0,0.0,0.0,0.0,0.0,0.0,0.0
0.1051,0.0,0.0,0.0,0.0,0.0,0.0,0.0
0.1121,0.0,0.0,0.0,0.0,0.0,0.0,0.0
0.1191,0.0,0.0,0.0,0.0,0.0,0.0,0.0
0.1261,0.0,0.0,0.0,0.0,0.0,0.0,0.0
0.1331,0.0,0.0,0.0,0.0,0.0,0.0,0.0
0.1401,0.0,0.0,0.0,0.0,0.0,0.0,0.0
0.1471,0.0,0.0,0.0,0.0,0.0,0.0,0.0
0.1541,0.0,0.0,0.0,0.0,0.0,0.0,0.0
0.1611,0.0,0.0,0.0,0.0,0.0,0.0,0.0
0.1681,0.0,0.0,0.0,0.0,0.0,0.0,0.0
0.1751,0.0,0.0,0.0,0.0,0.0,0.0,0.0
0.1821,0.0,0.0,0.0,0.0,0.0,0.0,0.0
0.1891,0.0,0.0,0.0,0.0,0.0,0.0,0.0
0.1961,0.0,0.0,0.0,0.0,0.0,0.0,0.0
0.2031,0.0,0.0,0.0,0.0,0.0,0.0,0.0
0.2101,0.0,0.0,0.0,0.0,0.0,0.0,0.0
0.2171,0.0,0.0,0.0,0.0,0.0,0.0,0.0
0.2241,0.0,0.0,0.0,0.0,0.0,0.0,0.0
0.2311,0.0,0.0,0.0,0.0,0.0,0.0,0.0
0.2381,0.0,0.0,0.0,0.0,0.0,0.0,0.0
0.2451,0.0,0.0,0.0,0.0,0.0,0.0,0.0
0.2521,0.0,0.0,0.0,0.0,0.0,0.0,0.0
0.2591,0.0,0.0,0.0,0.0,0.0,0.0,0.0
0.2661,0.0,0.0,0.0,0.0,0.0,0.0,0.0
0.2731,0.0,0.0,0.0,0.0,0.0,0.0,0.0
0.2801,0.0,0.0,0.0,0.0,0.0,0.0,0.0
0.2871,0.0,0.0,0.0,0.0,0.0,0.0,0.0
0.2941,0.0,0.0,0.0,0.0,0.0,0.0,0.0
0.3012,0.0,0.0,0.0,0.0,0.0,0.0,0.0
0.3082,0.0,0.0,0.0,0.0,0.0,0.0,0.0
0.3152,0.0,0.0,0.0,0.0,0.0,0.0,0.0
0.3222,0.0,0.0,0.0,0.0,0.0,0.0,0.0
0.3292,0.0,0.0,0.0,0.0,0.0,0.0,0.0
0.3362,0.0,0.0,0.0,0.0,0.0,0.0,0.0
0.3432,0.0,0.0,0.0,0.0,0.0,0.0,0.0
0.3502,0.0,0.0,0.0,0.0,0.0,0.0,0.0
0.3572,0.0,0.0,0.0,0.0,0.0,0.0,0.0
0.3642,0.0,0.0,0.0,0.0,0.0,0.0,0.0
0.3712,0.0,0.0,0.0,0.0,0.0,0.0,0.0
0.3782,0.0,0.0,0.0,0.0,0.0,0.0,0.0
0.3852,0.0,0.0,0.0,0.0,0.0,0.0,0.0
0.3922,0.0,0.0,0.0,0.0,0.0,0.0,0.0
0.3992,0.0,0.0,0.0,0.0,0.0,0.0,0.0
0.4062,0.0,0.0,0.0,0.0,0.0,0.0,0.0
0.4132,0.0,0.0,0.0,0.0,0.0,0.0,0.0
0.4202,0.0,0.0,0.0,0.0,0.0,0.0,0.0
0.4272,0.0,0.0,0.0,0.0,0.0,0.0,0.0
0.4342,0.0,0.0,0.0,0.0,0.0,0.0,0.0
0.4412,0.0,0.0,0.0,0.0,0.0,0.0,0.0
0.4482,0.0,0.0,0.0,0.0,0.0,0.0,0.0
0.4552,0.0,0.0,0.0,0.0,0.0,0.0,0.0
0.4622,0.0,0.0,0.0,0.0,0.0,0.0,0.0
0.4692,0.0,0.0,0.0,0.0,0.0,0.0,0.0
0.4762,0.0,0.0,0.0,0.0,0.0,0.0,0.0
0.4832,0.0,0.0,0.0,0.0,0.0,0.0,0.0
0.4902,0.0,0.0,0.0,0.0,0.0,0.0,0.0
0.4972,0.0,0.0,0.0,0.0,0.0,0.0,0.0
0.5043,0.0,0.0,0.0,0.0,0.0,0.0,0.0
0.5113,0.0,0.0,0.0,0.0,0.0,0.0,0.0
0.5183,0.0,0.0,0.0,0.0,0.0,0.0,0.0
0.5253,0.0,0.0,0.0,0.0,0.0,0.0,0.0
0.5323,0.0,0.0,0.0,0.0,0.0,0.0,0.0
0.5393,0.0,0.0,0.0,0.0,0.0,0.0,0.0
0.5463,0.0,0.0,0.0,0.0,0.0,0.0,0.0
0.5533,0.0,0.0,0.0,0.0,0.0,0.0,0.0
0.5603,0.0,0.0,0.0,0.0,0.0,0.0,0.0
0.5673,0.0,0.0,0.0,0.0,0.0,0.0,0.0
0.5743,0.0,0.0,0.0,0.0,0.0,0.0,0.0
0.5813,0.0,0.0,0.0,0.0,0.0,0.0,0.0
0.5883,0.0,0.0,0.0,0.0,0.0,0.0,0.0
0.5953,0.0,0.0,0.0,0.0,0.0,0.0,0.0
0.6023,0.0,0.0,0.0,0.0,0.0,0.0,0.0
0.6093,0.0,0.0,0.0,0.0,0.0,0.0,0.0
0.6163,0.0,0.0,0.0,0.0,0.0,0.0,0.0
0.6233,0.0,0.0,0.0,0.0,0.0,0.0,0.0
0.6303,0.0,0.0,0.0,0.0,0.0,0.0,0.0
0.6373,0.0,0.0,0.0,0.0,0.0,0.0,0.0
0.6443,0.0,0.0,0.0,0.0,0.0,0.0,0.0
0.6513,0.0,0.0,0.0,0.0,0.0,0.0,0.0
0.6583,0.0,0.0,0.0,0.0,0.0,0.0,0.0
0.6653,0.0,0.0,0.0,0.0,0.0,0.0,0.0
0.6723,0.0,0.0,0.0,0.0,0.0,0.0,0.0
0.6793,0.0,0.0,0.0,0.0,0.0,0.0,0.0
0.6863,0.0,0.0,0.0,0.0,0.0,0.0,0.0
0.6933,0.0,0.0,0.0,0.0,0.0,0.0,0.0
0.7004,0.0,0.0,0.0,0.0,0.0,0.0,0.0
0.7074,0.0,0.0,0.0,0.0,0.0,0.0,0.0
0.7144,0.0,0.0,0.0,0.0,0.0,0.0,0.0
0.7214,0.0,0.0,0.0,0.0,0.0,0.0,0.0
0.7284,0.0,0.0,0.0,0.0,0.0,0.0,0.0
0.7354,0.0,0.0,0.0,0.0,0.0,0.0,0.0
0.7424,0.0,0.0,0.0,0.0,0.0,0.0,0.0
0.7494,0.0,0.0,0.0,0.0,0.0,0.0,0.0
0.7564,0.0,0.0,0.0,0.0,0.0,0.0,0.0
0.7634,0.0,0.0,0.0,0.0,0.0,0.0,0.0
0.7704,0.0,0.0,0.0,0.0,0.0,0.0,0.0
0.7774,0.0,0.0,0.0,0.0,0.0,0.0,0.0
0.7844,0.0,0.0,0.0,0.0,0.0,0.0,0.0
0.7914,0.0,0.0,0.0,0.0,0.0,0.0,0.0
0.7984,0.0,0.0,0.0,0.0,0.0,0.0,0.0
0.8054,0.0,0.0,0.0,0.0,0.0,0.0,0.0
0.8124,0.0,0.0,0.0,0.0,0.0,0.0,0.0
0.8194,0.0,0.0,0.0,0.0,0.0,0.0,0.0
0.8264,0.0,0.0,0.0,0.0,0.0,0.0,0.0
0.8334,0.0,0.0,0.0,0.0,0.0,0.0,0.0
0.8404,0.0,0.0,0.0,0.0,0.0,0.0,0.0
0.8474,0.0,0.0,0.0,0.0,0.0,0.0,0.0
0.8544,0.0,0.0,0.0,0.0,0.0,0.0,0.0
0.8614,0.0,0.0,0.0,0.0,0.0,0.0,0.0
0.8684,0.0,0.0,0.0,0.0,0.0,0.0,0.0
0.8754,0.0,0.0,0.0,0.0,0.0,0.0,0.0
0.8824,0.0,0.0,0.0,0.0,0.0,0.0,0.0
0.8894,0.0,0.0,0.0,0.0,0.0,0.0,0.0
0.8964,0.0,0.0,0.0,0.0,0.0,0.0,0.0
0.9035,0.0,0.0,0.0,0.0,0.0,0.0,0.0
0.9105,0.0,0.0,0.0,0.0,0.0,0.0,0.0
0.9175,0.0,0.0,0.0,0.0,0.0,0.0,0.0
0.9245,0.0,0.0,0.0,0.0,0.0,0.0,0.0
0.9315,0.0,0.0,0.0,0.0,0.0,0.0,0.0
0.9385,0.0,0.0,0.0,0.0,0.0,0.0,0.0
0.9455,0.0,0.0,0.0,0.0,0.0,0.0,0.0
0.9525,0.0,0.0,0.0,0.0,0.0,0.0,0.0
0.9595,0.0,0.0,0.0,0.0,0.0,0.0,0.0
0.9665,0.0,0.0,0.0,0.0,0.0,0.0,0.0
0.9735,0.0,0.0,0.0,0.0,0.0,0.0,0.0
0.9805,0.0,0.0,0.0,0.0,0.0,0.0,0.0
0.9875,0.0,0.0,0.0,0.0,0.0,0.0,0.0
0.9945,0.0,0.0,0.0,0.0,0.0,0.0,0.0
1.0015,0.0,0.0,0.0,0.0,0.0,0.0,0.0
1.0085,0.0,0.0,0.0,0.0,0.0,0.0,0.0
1.0155,0.0,0.0,0.0,0.0,0.0,0.0,0.0
1.0225,0.0,0.0,0.0,0.0,0.0,0.0,0.0
1.0295,0.0,0.0,0.0,0.0,0.0,0.0,0.0
1.0365,0.0,0.0,0.0,0.0,0.0,0.0,0.0
1.0435,0.0,0.0,0.0,0.0,0.0,0.0,0.0
1.0505,0.0,0.0,0.0,0.0,0.0,0.0,0.0
1.0575,0.0,0.0,0.0,0.0,0.0,0.0,0.0
1.0645,0.0,0.0,0.0,0.0,0.0,0.0,0.0
1.0715,0.0,0.0,0.0,0.0,0.0,0.0,0.0
1.0785,0.0,0.0,0.0,0.0,0.0,0.0,0.0
1.0855,0.0,0.0,0.0,0.0,0.0,0.0,0.0
1.0925,0.0,0.0,0.0,0.0,0.0,0.0,0.0
1.0995,0.0,0.0,0.0,0.0,0.0,0.0,0.0
1.1066,0.0,0.0,0.0,0.0,0.0,0.0,0.0
1.1136,0.0,0.0,0.0,0.0,0.0,0.0,0.0
1.1206,0.0,0.0,0.0,0.0,0.0,0.0,0.0
1.1276,0.0,0.0,0.0,0.0,0.0,0.0,0.0
1.1346,0.0,0.0,0.0,0.0,0.0,0.0,0.0
1.1416,0.0,0.0,0.0,0.0,0.0,0.0,0.0
1.1486,0.0,0.0,0.0,0.0,0.0,0.0,0.0
1.1556,0.0,0.0,0.0,0.0,0.0,0.0,0.0
1.1626,0.0,0.0,0.0,0.0,0.0,0.0,0.0
1.1696,0.0,0.0,0.0,0.0,0.0,0.0,0.0
1.1766,0.0,0.0,0.0,0.0,0.0,0.0,0.0
1.1836,0.0,0.0,0.0,0.0,0.0,0.0,0.0
1.1906,0.0,0.0,0.0,0.0,0.0,0.0,0.0
1.1976,0.0,0.0,0.0,0.0,0.0,0.0,0.0
1.2046,0.0,0.0,0.0,0.0,0.0,0.0,0.0
1.2116,0.0,0.0,0.0,0.0,0.0,0.0,0.0
1.2186,0.0,0.0,0.0,0.0,0.0,0.0,0.0
1.2256,0.0,0.0,0.0,0.0,0.0,0.0,0.0
1.2326,0.0,0.0,0.0,0.0,0.0,0.0,0.0
1.2396,0.0,0.0,0.0,0.0,0.0,0.0,0.0
1.2466,0.0,0.0,0.0,0.0,0.0,0.0,0.0
1.2536,0.0,0.0,0.0,0.0,0.0,0.0,0.0
1.2606,0.0,0.0,0.0,0.0,0.0,0.0,0.0
1.2676,0.0,0.0,0.0,0.0,0.0,0.0,0.0
1.2746,0.0,0.0,0.0,0.0,0.0,0.0,0.0
1.2816,0.0,0.0,0.0,0.0,0.0,0.0,0.0
1.2886,0.0,0.0,0.0,0.0,0.0,0.0,0.0
1.2956,0.0,0.0,0.0,0.0,0.0,0.0,0.0
1.3027,0.0,0.0,0.0,0.0,0.0,0.0,0.0
1.3097,0.0,0.0,0.0,0.0,0.0,0.0,0.0
1.3167,0.0,0.0,0.0,0.0,0.0,0.0,0.0
1.3237,0.0,0.0,0.0,0.0,0.0,0.0,0.0
1.3307,0.0,0.0,0.0,0.0,0.0,0.0,0.0
1.3377,0.0,0.0,0.0,0.0,0.0,0.0,0.0
1.3447,0.0,0.0,0.0,0.0,0.0,0.0,0.0
1.3517,0.0,0.0,0.0,0.0,0.0,0.0,0.0
1.3587,0.0,0.0,0.0,0.0,0.0,0.0,0.0
1.3657,0.0,0.0,0.0,0.0,0.0,0.0,0.0
1.3727,0.0,0.0,0.0,0.0,0.0,0.0,0.0
1.3797,0.0,0.0,0.0,0.0,0.0,0.0,0.0
1.3867,0.0,0.0,0.0,0.0,0.0,0.0,0.0
1.3937,0.0,0.0,0.0,0.0,0.0,0.0,0.0
1.4007,0.0,0.0,0.0,0.0,0.0,0.0,0.0
1.4077,0.0,0.0,0.0,0.0,0.0,0.0,0.0
1.4147,0.0,0.0,0.0,0.0,0.0,0.0,0.0
1.4217,0.0,0.0,0.0,0.0,0.0,0.0,0.0
1.4287,0.0,0.0,0.0,0.0,0.0,0.0,0.0
1.4357,0.0,0.0,0.0,0.0,0.0,0.0,0.0
1.4427,0.0,0.0,0.0,0.0,0.0,0.0,0.0
1.4497,0.0,0.0,0.0,0.0,0.0,0.0,0.0
1.4567,0.0,0.0,0.0,0.0,0.0,0.0,0.0
1.4637,0.0,0.0,0.0,0.0,0.0,0.0,0.0
1.4707,0.0,0.0,0.0,0.0,0.0,0.0,0.0
1.4777,0.0,0.0,0.0,0.0,0.0,0.0,0.0
1.4847,0.0,0.0,0.0,0.0,0.0,0.0,0.0
1.4917,0.0,0.0,0.0,0.0,0.0,0.0,0.0
1.4987,0.0,0.0,0.0,0.0,0.0,0.0,0.0
1.5058,0.0,0.0,0.0,0.0,0.0,0.0,0.0
1.5128,0.0,0.0,0.0,0.0,0.0,0.0,0.0
1.5198,0.0,0.0,0.0,0.0,0.0,0.0,0.0
1.5268,0.0,0.0,0.0,0.0,0.0,0.0,0.0
1.5338,0.0,0.0,0.0,0.0,0.0,0.0,0.0
1.5408,0.0,0.0,0.0,0.0,0.0,0.0,0.0
1.5478,0.0,0.0,0.0,0.0,0.0,0.0,0.0
1.5548,0.0,0.0,0.0,0.0,0.0,0.0,0.0
1.5618,0.0,0.0,0.0,0.0,0.0,0.0,0.0
1.5688,0.0,0.0,0.0,0.0,0.0,0.0,0.0
1.5758,0.0,0.0,0.0,0.0,0.0,0.0,0.0
1.5828,0.0,0.0,0.0,0.0,0.0,0.0,0.0
1.5898,0.0,0.0,0.0,0.0,0.0,0.0,0.0
1.5968,0.0,0.0,0.0,0.0,0.0,0.0,0.0
1.6038,0.0,0.0,0.0,0.0,0.0,0.0,0.0
1.6108,0.0,0.0,0.0,0.0,0.0,0.0,0.0
1.6178,0.0,0.0,0.0,0.0,0.0,0.0,0.0
1.6248,0.0,0.0,0.0,0.0,0.0,0.0,0.0
1.6318,0.0,0.0,0.0,0.0,0.0,0.0,0.0
1.6388,0.0,0.0,0.0,0.0,0.0,0.0,0.0
1.6458,0.0,0.0,0.0,0.0,0.0,0.0,0.0
1.6528,0.0,0.0,0.0,0.0,0.0,0.0,0.0
1.6598,0.0,0.0,0.0,0.0,0.0,0.0,0.0
1.6668,0.0,0.0,0.0,0.0,0.0,0.0,0.0
1.6738,0.0,0.0,0.0,0.0,0.0,0.0,0.0
1.6808,0.0,0.0,0.0,0.0,0.0,0.0,0.0
1.6878,0.0,0.0,0.0,0.0,0.0,0.0,0.0
1.6948,0.0,0.0,0.0,0.0,0.0,0.0,0.0
1.7019,0.0,0.0,0.0,0.0,0.0,0.0,0.0
1.7089,0.0,0.0,0.0,0.0,0.0,0.0,0.0
1.7159,0.0,0.0,0.0,0.0,0.0,0.0,0.0
1.7229,0.0,0.0,0.0,0.0,0.0,0.0,0.0
1.7299,0.0,0.0,0.0,0.0,0.0,0.0,0.0
1.7369,0.0,0.0,0.0,0.0,0.0,0.0,0.0
1.7439,0.0,0.0,0.0,0.0,0.0,0.0,0.0
1.7509,0.0,0.0,0.0,0.0,0.0,0.0,0.0
1.7579,0.0,0.0,0.0,0.0,0.0,0.0,0.0
1.7649,0.0,0.0,0.0,0.0,0.0,0.0,0.0
1.7719,0.0,0.0,0.0,0.0,0.0,0.0,0.0
1.7789,0.0,0.0,0.0,0.0,0.0,0.0,0.0
1.7859,0.0,0.0,0.0,0.0,0.0,0.0,0.0
1.7929,0.0,0.0,0.0,0.0,0.0,0.0,0.0
1.7999,0.0,0.0,0.0,0.0,0.0,0.0,0.0
1.8069,0.0,0.0,0.0,0.0,0.0,0.0,0.0
1.8139,0.0,0.0,0.0,0.0,0.0,0.0,0.0
1.8209,0.0,0.0,0.0,0.0,0.0,0.0,0.0
1.8279,0.0,0.0,0.0,0.0,0.0,0.0,0.0
1.8349,0.0,0.0,0.0,0.0,0.0,0.0,0.0
1.8419,0.0,0.0,0.0,0.0,0.0,0.0,0.0
1.8489,0.0,0.0,0.0,0.0,0.0,0.0,0.0
1.8559,0.0,0.0,0.0,0.0,0.0,0.0,0.0
1.8629,0.0,0.0,0.0,0.0,0.0,0.0,0.0
1.8699,0.0,0.0,0.0,0.0,0.0,0.0,0.0
1.8769,0.0,0.0,0.0,0.0,0.0,0.0,0.0
1.8839,0.0,0.0,0.0,0.0,0.0,0.0,0.0
1.8909,0.0,0.0,0.0,0.0,0.0,0.0,0.0
1.8979,0.0,0.0,0.0,0.0,0.0,0.0,0.0
1.905,0.0,0.0,0.0,0.0,0.0,0.0,0.0
1.912,0.0,0.0,0.0,0.0,0.0,0.0,0.0
1.919,0.0,0.0,0.0,0.0,0.0,0.0,0.0
1.926,0.0,0.0,0.0,0.0,0.0,0.0,0.0
1.933,0.0,0.0,0.0,0.0,0.0,0.0,0.0
1.94,0.0,0.0,0.0,0.0,0.0,0.0,0.0
1.947,0.0,0.0,0.0,0.0,0.0,0.0,0.0
1.954,0.0,0.0,0.0,0.0,0.0,0.0,0.0
1.961,0.0,0.0,0.0,0.0,0.0,0.0,0.0
1.968,0.0,0.0,0.0,0.0,0.0,0.0,0.0
1.975,0.0,0.0,0.0,0.0,0.0,0.0,0.0
1.982,0.0,0.0,0.0,0.0,0.0,0.0,0.0
1.989,0.0,0.0,0.0,0.0,0.0,0.0,0.0
1.996,0.0,0.0,0.0,0.0,0.0,0.0,0.0
2.003,0.0,0.0,0.0,0.0,0.0,0.0,0.0
2.01,0.0,0.0,0.0,0.0,0.0,0.0,0.0
2.017,0.0,0.0,0.0,0.0,0.0,0.0,0.0
2.024,0.0,0.0,0.0,0.0,0.0,0.0,0.0
2.031,0.0,0.0,0.0,0.0,0.0,0.0,0.0
2.038,0.0,0.0,0.0,0.0,0.0,0.0,0.0
2.045,0.0,0.0,0.0,0.0,0.0,0.0,0.0
2.052,0.0,0.0,0.0,0.0,0.0,0.0,0.0
2.059,0.0,0.0,0.0,0.0,0.0,0.0,0.0
2.066,0.0,0.0,0.0,0.0,0.0,0.0,0.0
2.073,0.0,0.0,0.0,0.0,0.0,0.0,0.0
2.08,0.0,0.0,0.0,0.0,0.0,0.0,0.0
2.087,0.0,0.0,0.0,0.0,0.0,0.0,0.0
2.094,0.0,0.0,0.0,0.0,0.0,0.0,0.0
2.1011,0.0,0.0,0.0,0.0,0.0,0.0,0.0
2.1081,0.0,0.0,0.0,0.0,0.0,0.0,0.0
2.1151,0.0,0.0,0.0,0.0,0.0,0.0,0.0
2.1221,0.0,0.0,0.0,0.0,0.0,0.0,0.0
2.1291,0.0,0.0,0.0,0.0,0.0,0.0,0.0
2.1361,0.0,0.0,0.0,0.0,0.0,0.0,0.0
2.1431,0.0,0.0,0.0,0.0,0.0,0.0,0.0
2.1501,0.0,0.0,0.0,0.0,0.0,0.0,0.0
2.1571,0.0,0.0,0.0,0.0,0.0,0.0,0.0
2.1641,0.0,0.0,0.0,0.0,0.0,0.0,0.0
2.1711,0.0,0.0,0.0,0.0,0.0,0.0,0.0
2.1781,0.0,0.0,0.0,0.0,0.0,0.0,0.0
2.1851,0.0,0.0,0.0,0.0,0.0,0.0,0.0
2.1921,0.0,0.0,0.0,0.0,0.0,0.0,0.0
2.1991,0.0,0.0,0.0,0.0,0.0,0.0,0.0
2.2061,0.0,0.0,0.0,0.0,0.0,0.0,0.0
2.2131,0.0,0.0,0.0,0.0,0.0,0.0,0.0
2.2201,0.0,0.0,0.0,0.0,0.0,0.0,0.0
2.2271,0.0,0.0,0.0,0.0,0.0,0.0,0.0
2.2341,0.0,0.0,0.0,0.0,0.0,0.0,0.0
2.2411,0.0,0.0,0.0,0.0,0.0,0.0,0.0
2.2481,0.0,0.0,0.0,0.0,0.0,0.0,0.0
2.2551,0.0,0.0,0.0,0.0,0.0,0.0,0.0
2.2621,0.0,0.0,0.0,0.0,0.0,0.0,0.0
2.2691,0.0,0.0,0.0,0.0,0.0,0.0,0.0
2.2761,0.0,0.0,0.0,0.0,0.0,0.0,0.0
2.2831,0.0,0.0,0.0,0.0,0.0,0.0,0.0
2.2901,0.0,0.0,0.0,0.0,0.0,0.0,0.0
2.2971,0.0,0.0,0.0,0.0,0.0,0.0,0.0
2.3042,0.0,0.0,0.0,0.0,0.0,0.0,0.0
2.3112,0.0,0.0,0.0,0.0,0.0,0.0,0.0
2.3182,0.0,0.0,0.0,0.0,0.0,0.0,0.0
2.3252,0.0,0.0,0.0,0.0,0.0,0.0,0.0
2.3322,0.0,0.0,0.0,0.0,0.0,0.0,0.0
2.3392,0.0,0.0,0.0,0.0,0.0,0.0,0.0
2.3462,0.0,0.0,0.0,0.0,0.0,0.0,0.0
2.3532,0.0,0.0,0.0,0.0,0.0,0.0,0.0
2.3602,0.0,0.0,0.0,0.0,0.0,0.0,0.0
2.3672,0.0,0.0,0.0,0.0,0.0,0.0,0.0
2.3742,0.0,0.0,0.0,0.0,0.0,0.0,0.0
2.3812,0.0,0.0,0.0,0.0,0.0,0.0,0.0
2.3882,0.0,0.0,0.0,0.0,0.0,0.0,0.0
2.3952,0.0,0.0,0.0,0.0,0.0,0.0,0.0
2.4022,0.0,0.0,0.0,0.0,0.0,0.0,0.0
2.4092,0.0,0.0,0.0,0.0,0.0,0.0,0.0
2.4162,0.0,0.0,0.0,0.0,0.0,0.0,0.0
2.4232,0.0,0.0,0.0,0.0,0.0,0.0,0.0
2.4302,0.0,0.0,0.0,0.0,0.0,0.0,0.0
2.4372,0.0,0.0,0.0,0.0,0.0,0.0,0.0
2.4442,0.0,0.0,0.0,0.0,0.0,0.0,0.0
2.4512,0.0,0.0,0.0,0.0,0.0,0.0,0.0
2.4582,0.0,0.0,0.0,0.0,0.0,0.0,0.0
2.4652,0.0,0.0,0.0,0.0,0.0,0.0,0.0
2.4722,0.0,0.0,0.0,0.0,0.0,0.0,0.0
2.4792,0.0,0.0,0.0,0.0,0.0,0.0,0.0
2.4862,0.0,0.0,0.0,0.0,0.0,0.0,0.0
2.4932,0.0,0.0,0.0,0.0,0.0,0.0,0.0
2.5003,0.0,0.0,0.0,0.0,0.0,0.0,0.0
2.5073,0.0,0.0,0.0,0.0,0.0,0.0,0.0
2.5143,0.0,0.0,0.0,0.0,0.0,0.0,0.0
2.5213,0.0,0.0,0.0,0.0,0.0,0.0,0.0
2.5283,0.0,0.0,0.0,0.0,0.0,0.0,0.0
2.5353,0.0,0.0,0.0,0.0,0.0,0.0,0.0
2.5423,0.0,0.0,0.0,0.0,0.0,0.0,0.0
2.5493,0.0,0.0,0.0,0.0,0.0,0.0,0.0
2.5563,0.0,0.0,0.0,0.0,0.0,0.0,0.0
2.5633,0.0,0.0,0.0,0.0,0.0,0.0,0.0
2.5703,0.0,0.0,0.0,0.0,0.0,0.0,0.0
2.5773,0.0,0.0,0.0,0.0,0.0,0.0,0.0
2.5843,0.0,0.0,0.0,0.0,0.0,0.0,0.0
2.5913,0.0,0.0,0.0,0.0,0.0,0.0,0.0
2.5983,0.0,0.0,0.0,0.0,0.0,0.0,0.0
2.6053,0.0,0.0,0.0,0.0,0.0,0.0,0.0
2.6123,0.0,0.0,0.0,0.0,0.0,0.0,0.0
2.6193,0.0,0.0,0.0,0.0,0.0,0.0,0.0
2.6263,0.0,0.0,0.0,0.0,0.0,0.0,0.0
2.6333,0.0,0.0,0.0,0.0,0.0,0.0,0.0
2.6403,0.0,0.0,0.0,0.0,0.0,0.0,0.0
2.6473,0.0,0.0,0.0,0.0,0.0,0.0,0.0
2.6543,0.0,0.0,0.0,0.0,0.0,0.0,0.0
2.6613,0.0,0.0,0.0,0.0,0.0,0.0,0.0
2.6683,0.0,0.0,0.0,0.0,0.0,0.0,0.0
2.6753,0.0,0.0,0.0,0.0,0.0,0.0,0.0
2.6823,0.0,0.0,0.0,0.0,0.0,0.0,0.0
2.6893,0.0,0.0,0.0,0.0,0.0,0.0,0.0
2.6963,0.0,0.0,0.0,0.0,0.0,0.0,0.0
2.7034,0.0,0.0,0.0,0.0,0.0,0.0,0.0
2.7104,0.0,0.0,0.0,0.0,0.0,0.0,0.0
2.7174,0.0,0.0,0.0,0.0,0.0,0.0,0.0
2.7244,0.0,0.0,0.0,0.0,0.0,0.0,0.0
2.7314,0.0,0.0,0.0,0.0,0.0,0.0,0.0
2.7384,0.0,0.0,0.0,0.0,0.0,0.0,0.0
2.7454,0.0,0.0,0.0,0.0,0.0,0.0,0.0
2.7524,0.0,0.0,0.0,0.0,0.0,0.0,0.0
2.7594,0.0,0.0,0.0,0.0,0.0,0.0,0.0
2.7664,0.0,0.0,0.0,0.0,0.0,0.0,0.0
2.7734,0.0,0.0,0.0,0.0,0.0,0.0,0.0
2.7804,0.0,0.0,0.0,0.0,0.0,0.0,0.0
2.7874,0.0,0.0,0.0,0.0,0.0,0.0,0.0
2.7944,0.0,0.0,0.0,0.0,0.0,0.0,0.0
2.8014,0.0,0.0,0.0,0.0,0.0,0.0,0.0
2.8084,0.0,0.0,0.0,0.0,0.0,0.0,0.0
2.8154,0.0,0.0,0.0,0.0,0.0,0.0,0.0
2.8224,0.0,0.0,0.0,0.0,0.0,0.0,0.0
2.8294,0.0,0.0,0.0,0.0,0.0,0.0,0.0
2.8364,0.0,0.0,0.0,0.0,0.0,0.0,0.0
2.8434,0.0,0.0,0.0,0.0,0.0,0.0,0.0
2.8504,0.0,0.0,0.0,0.0,0.0,0.0,0.0
2.8574,0.0,0.0,0.0,0.0,0.0,0.0,0.0
2.8644,0.0,0.0,0.0,0.0,0.0,0.0,0.0
2.8714,0.0,0.0,0.0,0.0,0.0,0.0,0.0
2.8784,0.0,0.0,0.0,0.0,0.0,0.0,0.0
2.8854,0.0,0.0,0.0,0.0,0.0,0.0,0.0
2.8924,0.0,0.0,0.0,0.0,0.0,0.0,0.0
2.8994,0.0,0.0,0.0,0.0,0.0,0.0,0.0
2.9065,0.0,0.0,0.0,0.0,0.0,0.0,0.0
2.9135,0.0,0.0,0.0,0.0,0.0,0.0,0.0
2.9205,0.0,0.0,0.0,0.0,0.0,0.0,0.0
2.9275,0.0,0.0,0.0,0.0,0.0,0.0,0.0
2.9345,0.0,0.0,0.0,0.0,0.0,0.0,0.0
2.9415,0.0,0.0,0.0,0.0,0.0,0.0,0.0
2.9485,0.0,0.0,0.0,0.0,0.0,0.0,0.0
2.9555,0.0,0.0,0.0,0.0,0.0,0.0,0.0
2.9625,0.0,0.0,0.0,0.0,0.0,0.0,0.0
2.9695,0.0,0.0,0.0,0.0,0.0,0.0,0.0
2.9765,0.0,0.0,0.0,0.0,0.0,0.0,0.0
2.9835,0.0,0.0,0.0,0.0,0.0,0.0,0.0
2.9905,0.0,0.0,0.0,0.0,0.0,0.0,0.0
2.9975,0.0,0.0,0.0,0.0,0.0,0.0,0.0
3.0045,0.0,0.0,0.0,0.0,0.0,0.0,0.0
3.0115,0.0,0.0,0.0,0.0,0.0,0.0,0.0
3.0185,0.0,0.0,0.0,0.0,0.0,0.0,0.0
3.0255,0.0,0.0,0.0,0.0,0.0,0.0,0.0
3.0325,0.0,0.0,0.0,0.0,0.0,0.0,0.0
3.0395,0.0,0.0,0.0,0.0,0.0,0.0,0.0
3.0465,0.0,0.0,0.0,0.0,0.0,0.0,0.0
3.0535,0.0,0.0,0.0,0.0,0.0,0.0,0.0
3.0605,0.0,0.0,0.0,0.0,0.0,0.0,0.0
3.0675,0.0,0.0,0.0,0.0,0.0,0.0,0.0
3.0745,0.0,0.0,0.0,0.0,0.0,0.0,0.0
3.0815,0.0,0.0,0.0,0.0,0.0,0.0,0.0
3.0885,0.0,0.0,0.0,0.0,0.0,0.0,0.0
3.0955,0.0,0.0,0.0,0.0,0.0,0.0,0.0
3.1026,0.0,0.0,0.0,0.0,0.0,0.0,0.0
3.1096,0.0,0.0,0.0,0.0,0.0,0.0,0.0
3.1166,0.0,0.0,0.0,0.0,0.0,0.0,0.0
3.1236,0.0,0.0,0.0,0.0,0.0,0.0,0.0
3.1306,0.0,0.0,0.0,0.0,0.0,0.0,0.0
3.1376,0.0,0.0,0.0,0.0,0.0,0.0,0.0
3.1446,0.0,0.0,0.0,0.0,0.0,0.0,0.0
3.1516,0.0,0.0,0.0,0.0,0.0,0.0,0.0
3.1586,0.0,0.0,0.0,0.0,0.0,0.0,0.0
3.1656,0.0,0.0,0.0,0.0,0.0,0.0,0.0
3.1726,0.0,0.0,0.0,0.0,0.0,0.0,0.0
3.1796,0.0,0.0,0.0,0.0,0.0,0.0,0.0
3.1866,0.0,0.0,0.0,0.0,0.0,0.0,0.0
3.1936,0.0,0.0,0.0,0.0,0.0,0.0,0.0
3.2006,0.0,0.0,0.0,0.0,0.0,0.0,0.0
3.2076,0.0,0.0,0.0,0.0,0.0,0.0,0.0
3.2146,1e-05,1e-05,0.0,0.0,0.0,0.0,0.0
3.2216,1e-05,1e-05,0.0,0.0,0.0,0.0,0.0
3.2286,1e-05,1e-05,0.0,0.0,0.0,0.0,0.0
3.2356,2e-05,2e-05,0.0,0.0,0.0,0.0,0.0
3.2426,2e-05,2e-05,0.0,0.0,0.0,0.0,0.0
3.2496,3e-05,3e-05,0.0,0.0,0.0,0.0,0.0
3.2566,5e-05,5e-05,0.0,0.0,0.0,0.0,0.0
3.2636,7e-05,6e-05,6.128201985537439e-06,2.1448706949380035e-08,0.0,2.1448706949380035e-08,2.1448706949380035e-08
3.2706,9e-05,9e-05,0.0,4.289741389876143e-08,0.0,4.289741389876143e-08,4.289741389876143e-08
3.2776,0.00013,0.00012,6.102025872589691e-06,6.425450445282571e-08,0.0,6.425450445282571e-08,6.425450445282571e-08
3.2846,0.00017,0.00016,6.089021494245874e-06,1.0692317023675089e-07,0.0,1.0692317023675089e-07,1.0692317023675089e-07
3.2916,0.00023,0.00022,6.076072426783327e-06,1.495009989603511e-07,0.0,1.495009989603511e-07,1.495009989603511e-07
3.2986,0.00031,0.00029,1.2126356636148668e-05,2.1320950068061413e-07,0.0,2.1320950068061413e-07,2.1320950068061413e-07
3.3057,0.00041,0.00039,1.2100311583023262e-05,2.9921417285867307e-07,0.0,2.9921417285867307e-07,2.9921417285867307e-07
3.3127,0.00055,0.00051,2.4149485314094242e-05,4.2608846199858647e-07,0.0,4.2608846199858647e-07,4.2608846199858647e-07
3.3197,0.00071,0.00067,2.4098563123173778e-05,5.949566315290274e-07,0.0,5.949566315290274e-07,5.949566315290274e-07
3.3267,0.00093,0.00087,3.607178284786728e-05,8.055528424276746e-07,0.0,8.055528424276746e-07,8.055528424276746e-07
3.3337,0.0012,0.00113,4.1995380508144084e-05,1.0787879141737016e-06,0.0,1.0787879141737016e-06,1.0787879141737016e-06
3.3407,0.00155,0.00145,5.9867692399796476e-05,1.4353086693514997e-06,0.0,1.4353086693514997e-06,1.4353086693514997e-06
3.3477,0.00197,0.00185,7.16910117394031e-05,1.895764133838706e-06,0.0,1.895764133838706e-06,1.895764133838706e-06
3.3547,0.0025,0.00235,8.942677437624823e-05,2.459676385243459e-06,0.0,2.459676385243459e-06,2.459676385243459e-06
3.3617,0.00315,0.00296,0.00011303804622661158,3.1683032573534805e-06,0.0,3.1683032573534805e-06,3.1683032573534805e-06
3.3687,0.00394,0.0037,0.00014248820019592114,4.06264511983236e-06,0.0,4.06264511983236e-06,4.06264511983236e-06
3.3757,0.00489,0.00459,0.00017774091299582303,5.1834470160034835e-06,0.0,5.1834470160034835e-06,5.1834470160034835e-06
3.3827,0.00603,0.00566,0.00021876016200076843,6.571200778491489e-06,0.0,6.571200778491489e-06,6.571200778491489e-06
3.3897,0.00739,0.00694,0.00026551022214355247,8.26614712299664e-06,0.0,8.26614712299664e-06,8.26614712299664e-06
3.3967,0.00899,0.00844,0.0003238437306797775,1.032888595787833e-05,0.0,1.032888595787833e-05,1.032888595787833e-05
3.4037,0.01086,0.0102,0.0003878132620383695,1.2819685432391886e-05,0.0,1.2819685432391886e-05,1.2819685432391886e-05
3.4107,0.01303,0.01224,0.0004632480136042459,1.57983998971409e-05,0.0,1.57983998971409e-05,1.57983998971409e-05
3.4177,0.01554,0.01459,0.0005559294262223129,1.9365520936533915e-05,0.0,1.9365520936533915e-05,1.9365520936533915e-05
3.4247,0.01839,0.01727,0.0006540718895085698,2.3600525541592074e-05,0.0,2.3600525541592074e-05,2.3600525541592074e-05
3.4317,0.02163,0.02031,0.0007692980155607997,2.858232020933495e-05,0.0,2.858232020933495e-05,2.858232020933495e-05
3.4387,0.02526,0.02372,0.0008956873236979089,3.440976889674016e-05,0.0,3.440976889674016e-05,3.440976889674016e-05
3.4457,0.0293,0.02752,0.0010331717793191516,4.116077575729998e-05,0.0,4.116077575729998e-05,4.116077575729998e-05
3.4527,0.03376,0.0317,0.0011932690358270335,4.895331861031176e-05,0.0,4.895331861031176e-05,4.895331861031176e-05
3.4597,0.03863,0.03628,0.0013584992918461126,5.7884507757167926e-05,0.0,5.7884507757167926e-05,5.7884507757167926e-05
3.4667,0.0439,0.04123,0.001540369804136498,6.803054959310659e-05,0.0,6.803054959310659e-05,6.803054959310659e-05
3.4737,0.04956,0.04654,0.0017387799752425377,7.95075738209334e-05,0.0,7.95075738209334e-05,7.95075738209334e-05
3.4807,0.05556,0.05218,0.0019421380756744339,9.239078699914302e-05,0.0,9.239078699914302e-05,9.239078699914302e-05
3.4877,0.06187,0.0581,0.0021618831894945107,0.00010675486142723365,0.0,0.00010675486142723365,0.00010675486142723365
3.4947,0.06843,0.06426,0.002386470941711739,0.0001226741008864558,0.0,0.0001226741008864558,0.0001226741008864558
3.5018,0.07516,0.07059,0.0026100862413615884,0.00014041187888636582,0.0,0.00014041187888636582,0.00014041187888636582
3.5088,0.082,0.07701,0.0028442772457820385,0.00015950215109136883,0.0,0.00015950215109136883,0.00015950215109136883
3.5158,0.08886,0.08345,0.003077535696000909,0.0001802284963876095,0.0,0.0001802284963876095,0.0001802284963876095
3.5228,0.09563,0.08981,0.003304189848983766,0.00020256453579505624,0.0,0.00020256453579505624,0.00020256453579505624
3.5298,0.10222,0.096,0.003524278995977111,0.00022646417675241818,0.0,0.00022646417675241818,0.00022646417675241818
3.5368,0.10853,0.10192,0.003737842117168064,0.00025188160064842674,0.0,0.00025188160064842674,0.00025188160064842674
3.5438,0.11444,0.10747,0.003933630566059035,0.00027873175503972204,0.0,0.00027873175503972204,0.00027873175503972204
3.5508,0.11985,0.11256,0.004106116931395744,0.00030687087128081426,0.0,0.00030687087128081426,0.00030687087128081426
3.5578,0.12467,0.11708,0.00426668165720389,0.0003361756663409116,0.0,0.0003361756663409116,0.0003361756663409116
3.5648,0.1288,0.12096,0.004398563734290844,0.0003665040252111437,0.0,0.0003665040252111437,0.0003665040252111437
3.5718,0.13216,0.12412,0.004501931799092898,0.00039765575957798733,0.0,0.00039765575957798733,0.00039765575957798733
3.5788,0.13469,0.1265,0.004576953168659887,0.0004294318569651226,0.0,0.0004294318569651226,0.0004294318569651226
3.5858,0.13634,0.12804,0.004629371409448381,0.00046165399298850004,0.0,0.00046165399298850004,0.00046165399298850004
3.5928,0.13707,0.12873,0.004642618570474274,0.0004941059579182299,0.0,0.0004941059579182299,0.0004941059579182299
3.5998,0.13687,0.12854,0.00462803489082727,0.0005265532450327859,0.0,0.0005265532450327859,0.0005265532450327859
3.6068,0.13574,0.12748,0.004580237329488738,0.0005587821978038904,0.0,0.0005587821978038904,0.0005587821978038904
3.6138,0.13371,0.12557,0.004504953234822076,0.0005905803647789788,0.0,0.0005905803647789788,0.0005905803647789788
3.6208,0.13081,0.12285,0.004396818382677866,0.000621736565440229,0.0,0.000621736565440229,0.000621736565440229
3.6278,0.12711,0.11937,0.0042670489001598744,0.0006520601009301617,0.0,0.0006520601009301617,0.0006520601009301617
3.6348,0.12267,0.11521,0.0041047650489710544,0.0006813614497521186,0.0,0.0006813614497521186,0.0006813614497521186
3.6418,0.11759,0.11043,0.003932121478389807,0.0007094905525978821,0.0,0.0007094905525978821,0.0007094905525978821
3.6488,0.11195,0.10513,0.0037382153036614736,0.000736336731335062,0.0,0.000736336731335062,0.000736336731335062
3.6558,0.10585,0.09941,0.003523168663493627,0.0007617515752201053,0.0,0.0007617515752201053,0.0007617515752201053
3.6628,0.09941,0.09336,0.003303483673692257,0.0007856448584002548,0.0,0.0007856448584002548,0.0007856448584002548
3.6698,0.09273,0.08709,0.0030737369883917414,0.0008079651307175492,0.0,0.0008079651307175492,0.0008079651307175492
3.6768,0.08591,0.08068,0.0028448651000870314,0.0008286802380272253,0.0,0.0008286802380272253,0.0008286802380272253
3.6838,0.07905,0.07424,0.002611433845485637,0.0008477772843367299,0.0,0.0008477772843367299,0.0008477772843367299
3.6908,0.07224,0.06785,0.0023788880459520998,0.0008652434109567612,0.0,0.0008652434109567612,0.0008652434109567612
3.6978,0.06558,0.06158,0.002163448536967925,0.0008811415889969815,0.0,0.0008811415889969815,0.0008811415889969815
3.7049,0.05912,0.05552,0.0019433722907500873,0.0008957208029353802,0.0,0.0008957208029353802,0.0008957208029353802
3.7119,0.05294,0.04971,0.0017403486085293266,0.0009086138260828583,0.0,0.0009086138260828583,0.0009086138260828583
3.7189,0.04708,0.04421,0.001543467154266045,0.0009201071812526423,0.0,0.0009201071812526423,0.0009201071812526423
3.7259,0.04158,0.03905,0.0013580611395904332,0.0009302625302811401,0.0,0.0009302625302811401,0.0009302625302811401
3.7329,0.03648,0.03426,0.0011894237724021537,0.0009391787274731138,0.0,0.0009391787274731138,0.0009391787274731138
3.7399,0.03179,0.02985,0.0010374608946763268,0.0009469728238078886,0.0,0.0009469728238078886,0.0009469728238078886
3.7469,0.02751,0.02584,0.0008914035602764959,0.0009537238494002236,0.0,0.0009537238494002236,0.0009537238494002236
3.7539,0.02365,0.02221,0.0007672021098058022,0.0009595289692455114,0.0,0.0009595289692455114,0.0009595289692455114
3.7609,0.02019,0.01896,0.0006540987529580677,0.000964503522265185,0.0,0.000964503522265185,0.000964503522265185
3.7679,0.01712,0.01608,0.0005520316356591201,0.0009687249786253453,0.0,0.0009687249786253453,0.0009687249786253453
3.7749,0.01442,0.01354,0.0004662375162255957,0.0009722889206569418,0.0,0.0009722889206569418,0.0009722889206569418
3.7819,0.01206,0.01132,0.00039133768740580097,0.0009752904338696515,0.0,0.0009752904338696515,0.0009752904338696515
3.7889,0.01002,0.00941,0.0003219931906358043,0.0009777870919427973,0.0,0.0009777870919427973,0.0009777870919427973
3.7959,0.00827,0.00776,0.0002687109776337623,0.0009798545565317409,0.0,0.0009798545565317409,0.0009798545565317409
3.8029,0.00677,0.00636,0.0002156249178258696,0.0009815497321658496,0.0,0.0009815497321658496,0.0009815497321658496
3.8099,0.00551,0.00518,0.00017323289325179162,0.0009829107345046214,0.0,0.0009829107345046214,0.0009829107345046214
3.8169,0.00446,0.00419,0.00014147606696533852,0.0009840122158653814,0.0,0.0009840122158653814,0.0009840122158653814
3.8239,0.00358,0.00336,0.00011506577054839284,0.0009849101122966794,0.0,0.0009849101122966794,0.0009849101122966794
3.8309,0.00285,0.00268,8.875199039390222e-05,0.0009856234744599775,0.0,0.0009856234744599775,0.0009856234744599775
3.8379,0.00226,0.00212,7.295656478803509e-05,0.0009861894544031143,0.0,0.0009861894544031143,0.0009861894544031143
3.8449,0.00178,0.00167,5.721865328096952e-05,0.0009866450676663558,0.0,0.0009866450676663558,0.0009866450676663558
3.8519,0.00139,0.00131,4.153794231418261e-05,0.0009869907157509389,0.0,0.0009869907157509389,0.0009869907157509389
3.8589,0.00108,0.00101,3.627976884604419e-05,0.0009872630777399997,0.0,0.0009872630777399997,0.0009872630777399997
3.8659,0.00083,0.00078,2.5867197806461638e-05,0.0009874805921232836,0.0,0.0009874805921232836,0.0009874805921232836
3.8729,0.00064,0.0006,2.065635570244525e-05,0.0009876434245605647,0.0,0.0009876434245605647,0.0009876434245605647
3.8799,0.00048,0.00045,1.5464316090620905e-05,0.0009877698469118405,0.0,0.0009877698469118405,0.0009877698469118405
3.8869,0.00037,0.00034,1.5436466078365778e-05,0.0009878779996494319,0.0,0.0009878779996494319,0.0009878779996494319
3.8939,0.00027,0.00026,5.136238732376295e-06,0.0009879500041162694,0.0,0.0009879500041162694,0.0009879500041162694
3.901,0.0002,0.00019,5.126890540886952e-06,0.0009879864382251896,0.0,0.0009879864382251896,0.0009879864382251896
3.908,0.00015,0.00014,5.117707267144319e-06,0.0009880222943175177,0.0,0.0009880222943175177,0.0009880222943175177
3.915,0.00011,0.0001,5.108556832694763e-06,0.0009880580862418672,0.0,0.0009880580862418672,0.0009880580862418672
3.922,8e-05,8e-05,0.0,0.0009880759661907816,0.0,0.0009880759661907816,0.0009880759661907816
3.929,6e-05,6e-05,0.0,0.0009880759661907816,0.0,0.0009880759661907816,0.0009880759661907816
3.936,4e-05,4e-05,0.0,0.0009880759661907816,0.0,0.0009880759661907816,0.0009880759661907816
3.943,3e-05,3e-05,0.0,0.0009880759661907816,0.0,0.0009880759661907816,0.0009880759661907816
3.95,2e-05,2e-05,0.0,0.0009880759661907816,0.0,0.0009880759661907816,0.0009880759661907816
3.957,2e-05,1e-05,5.054334091483448e-06,0.000988093656360102,0.0,0.000988093656360102,0.000988093656360102
3.964,1e-05,1e-05,0.0,0.0009881113465294222,0.0,0.0009881113465294222,0.0009881113465294222
3.971,1e-05,1e-05,0.0,0.0009881113465294222,0.0,0.0009881113465294222,0.0009881113465294222
3.978,1e-05,0.0,5.027652086475616e-06,0.000988128943311725,0.0,0.000988128943311725,0.000988128943311725
3.985,0.0,0.0,0.0,0.0009881465400940277,0.0,0.0009881465400940277,0.0009881465400940277
3.992,0.0,0.0,0.0,0.0009881465400940277,0.0,0.0009881465400940277,0.0009881465400940277
3.999,0.0,0.0,0.0,0.0009881465400940277,0.0,0.0009881465400940277,0.0009881465400940277
4.006,0.0,0.0,0.0,0.0009881465400940277,0.0,0.0009881465400940277,0.0009881465400940277
4.013,0.0,0.0,0.0,0.0009881465400940277,0.0,0.0009881465400940277,0.0009881465400940277
4.02,0.0,0.0,0.0,0.0009881465400940277,0.0,0.0009881465400940277,0.0009881465400940277
4.027,0.0,0.0,0.0,0.0009881465400940277,0.0,0.0009881465400940277,0.0009881465400940277
4.034,0.0,0.0,0.0,0.0009881465400940277,0.0,0.0009881465400940277,0.0009881465400940277
4.041,0.0,0.0,0.0,0.0009881465400940277,0.0,0.0009881465400940277,0.0009881465400940277
4.048,0.0,0.0,0.0,0.0009881465400940277,0.0,0.0009881465400940277,0.0009881465400940277
4.055,0.0,0.0,0.0,0.0009881465400940277,0.0,0.0009881465400940277,0.0009881465400940277
4.062,0.0,0.0,0.0,0.0009881465400940277,0.0,0.0009881465400940277,0.0009881465400940277
4.069,0.0,0.0,0.0,0.0009881465400940277,0.0,0.0009881465400940277,0.0009881465400940277
4.076,0.0,0.0,0.0,0.0009881465400940277,0.0,0.0009881465400940277,0.0009881465400940277
4.083,0.0,0.0,0.0,0.0009881465400940277,0.0,0.0009881465400940277,0.0009881465400940277
4.09,0.0,0.0,0.0,0.0009881465400940277,0.0,0.0009881465400940277,0.0009881465400940277
4.097,0.0,0.0,0.0,0.0009881465400940277,0.0,0.0009881465400940277,0.0009881465400940277
4.1041,0.0,0.0,0.0,0.0009881465400940277,0.0,0.0009881465400940277,0.0009881465400940277
4.1111,0.0,0.0,0.0,0.0009881465400940277,0.0,0.0009881465400940277,0.0009881465400940277
4.1181,0.0,0.0,0.0,0.0009881465400940277,0.0,0.0009881465400940277,0.0009881465400940277
4.1251,0.0,1e-05,-4.848367312307581e-06,0.0009881465400940277,1.6969285593075744e-08,0.0009881295708084347,0.0009881635093796208
4.1321,1e-05,1e-05,0.0,0.0009881465400940277,3.393857118615364e-08,0.0009881126015228415,0.000988180478665214
4.1391,1e-05,1e-05,0.0,0.0009881465400940277,3.393857118615364e-08,0.0009881126015228415,0.000988180478665214
4.1461,1e-05,2e-05,-4.823810327777913e-06,0.0009881465400940277,5.082190733337554e-08,0.0009880957181866944,0.000988197362001361
4.1531,2e-05,2e-05,0.0,0.0009881465400940277,6.770524348059959e-08,0.000988078834850547,0.0009882142453375084
4.1601,3e-05,3e-05,0.0,0.0009881465400940277,6.770524348059959e-08,0.000988078834850547,0.0009882142453375084
4.1671,4e-05,5e-05,-4.799500851911401e-06,0.0009881465400940277,8.450349646228872e-08,0.0009880620365975655,0.00098823104359049
4.1741,6e-05,7e-05,-4.79145204954361e-06,0.0009881465400940277,1.1807183161738394e-07,0.0009880284682624104,0.0009882646119256451
4.1811,8e-05,9e-05,-4.783430197794839e-06,0.0009881465400940277,1.5158391948306695e-07,0.0009879949561745448,0.0009882981240135107
4.1881,0.00011,0.00013,-9.550870323058181e-06,0.0009881465400940277,2.0175397130605653e-07,0.0009879447861227218,0.0009883482940653337
4.1951,0.00015,0.00018,-1.4302400419537091e-05,0.0009881465400940277,2.852404189051361e-07,0.0009878612996751226,0.0009884317805129328
4.2021,0.00021,0.00024,-1.4278574998215177e-05,0.0009881465400940277,3.852738328672643e-07,0.0009877612662611604,0.000988531813926895
4.2091,0.00028,0.00033,-2.3758048038773143e-05,0.0009881465400940277,5.184020134967341e-07,0.0009876281380805311,0.0009886649421075244
4.2161,0.00038,0.00044,-2.8462322999928842e-05,0.0009881465400940277,7.011733121321825e-07,0.0009874453667818956,0.0009888477134061598
4.2231,0.00051,0.00059,-3.7886860363240276e-05,0.0009881465400940277,9.333954539032635e-07,0.0009872131446401246,0.000989079935547931
4.2301,0.00067,0.00078,-5.200822675586863e-05,0.0009881465400940277,1.24802825882017e-06,0.0009868985118352076,0.0009893945683528479
4.2371,0.00088,0.00102,-6.608293408227328e-05,0.0009881465400940277,1.6613473217536473e-06,0.000986485192772274,0.0009898078874157814
4.2441,0.00116,0.00134,-8.482363752032234e-05,0.0009881465400940277,2.1895203223627742e-06,0.000985957019771665,0.0009903360604163905
4.2511,0.0015,0.00175,-0.0001176166168756322,0.0009881465400940277,2.898061212748582e-06,0.0009852484788812792,0.0009910446013067762
4.2581,0.00194,0.00226,-0.0001503017777882153,0.0009881465400940277,3.8357755940720045e-06,0.0009843107644999557,0.0009919823156880998
4.2651,0.00249,0.0029,-0.00019225809476917293,0.0009881465400940277,5.034735148022959e-06,0.0009831118049460049,0.0009931812752420506
4.2721,0.00318,0.0037,-0.000243439994382154,0.0009881465400940277,6.559678460052532e-06,0.0009815868616339751,0.0009947062185540804
4.2791,0.00402,0.00469,-0.00031314996144048965,0.0009881465400940277,8.507743305431694e-06,0.000979638796788596,0.0009966542833994595
4.2861,0.00505,0.0059,-0.0003966309698793775,0.0009881465400940277,1.0991976565051429e-05,0.0009771545635289763,0.0009991385166590791
4.2931,0.00631,0.00738,-0.0004984742959632903,0.0009881465400940277,1.4124844995500619e-05,0.0009740216950985271,0.0010022713850895283
4.3002,0.00783,0.00917,-0.0006232268266592247,0.0009881465400940277,1.810688398081073e-05,0.000970039656113217,0.0010062534240748385
4.3072,0.00965,0.01133,-0.000780089153046062,0.0009881465400940277,2.3018489909779007e-05,0.0009651280501842487,0.0010111650300038068
4.3142,0.01181,0.01389,-0.0009642575680311532,0.0009881465400940277,2.9123703433548974e-05,0.0009590228366604788,0.0010172702435275768
4.3212,0.01437,0.01692,-0.0011802277145237434,0.0009881465400940277,3.662940192249171e-05,0.000951517138171536,0.0010247759420165194
4.3282,0.01736,0.02048,-0.0014417078693221208,0.0009881465400940277,4.580617646595181e-05,0.000942340363628076,0.0010339527165599796
4.3352,0.02083,0.02463,-0.0017530909761948688,0.0009881465400940277,5.698797242526217e-05,0.0009311585676687656,0.00104513451251929
4.3422,0.02484,0.02943,-0.002114135691584911,0.0009881465400940277,7.052326576249077e-05,0.000917623274331537,0.0010586698058565186
4.3492,0.02943,0.03493,-0.002529200772555873,0.0009881465400940277,8.677494338698276e-05,0.000901371596707045,0.0010749214834810104
4.3562,0.03463,0.0412,-0.0030163904320279137,0.0009881465400940277,0.00010618451260302757,0.0008819620274910002,0.0010943310526970553
4.3632,0.04049,0.04827,-0.003566189952328567,0.0009881465400940277,0.00012922354394827418,0.0008589229961457536,0.0011173700840423019
4.3702,0.04703,0.0562,-0.004196604274403917,0.0009881465400940277,0.0001563933237418366,0.0008317532163521911,0.0011445398638358644
4.3772,0.05427,0.06501,-0.00490724664168875,0.0009881465400940277,0.00018825680194816348,0.0007998897381458642,0.0011764033420421911
4.3842,0.06222,0.07472,-0.005702294603348386,0.0009881465400940277,0.00022539019630579173,0.000762756343788236,0.0012135367363998195
4.3912,0.07087,0.08533,-0.00658589907086901,0.0009881465400940277,0.00026839887416555606,0.0007197476659284716,0.0012565454142595839
4.3982,0.0802,0.09683,-0.007562184530035017,0.0009881465400940277,0.00031791716676871784,0.00067022937332531,0.0013060637068627455
4.4052,0.09017,0.10918,-0.008630709161899574,0.0009881465400940277,0.0003745922946904863,0.0006135542454035414,0.0013627388347845141
4.4122,0.10073,0.12232,-0.009786501065228229,0.0009881465400940277,0.0004390525304854388,0.000549094009608589,0.0014271990705794664
4.4192,0.1118,0.13618,-0.011033671252715423,0.0009881465400940277,0.0005119231335982381,0.0004762234064957896,0.0015000696736922657
4.4262,0.1233,0.15065,-0.012358230536351725,0.0009881465400940277,0.0005937947898599693,0.0003943517502340584,0.0015819413299539972
4.4332,0.1351,0.1656,-0.01375981232518271,0.0009881465400940277,0.0006852079398753472,0.0003029386002186805,0.001673354479969375
4.4402,0.14708,0.1809,-0.015233548038376657,0.0009881465400940277,0.0007866847011478003,0.00020146183894622749,0.0017748312412418279
4.4472,0.15911,0.19637,-0.016756610901241226,0.0009881465400940277,0.0008986502574364576,8.949628265757009e-05,0.0018867967975304853
4.4542,0.17102,0.21183,-0.01832427820933051,0.0009881465400940277,0.0010214333693234685,-3.328682922944075e-05,0.0020095799094174962
4.4612,0.18266,0.22708,-0.0199139245046176,0.0009881465400940277,0.0011552670788222807,-0.00016712053872825297,0.0021434136189163082
4.4682,0.19386,0.24191,-0.02150754218701042,0.0009881465400940277,0.0013002422122429904,-0.00031209567214896265,0.002288388752337018
4.4752,0.20444,0.25611,-0.023091705398641398,0.0009881465400940277,0.0014563395787927644,-0.0004681930386987367,0.002444486118886792
4.4822,0.21424,0.26946,-0.02463968586854668,0.0009881465400940277,0.0016233994482279148,-0.0006352529081338871,0.0026115459883219424
4.4892,0.22309,0.28175,-0.02613383230865187,0.0009881465400940277,0.001801106761848124,-0.0008129602217540964,0.002789253301942152
4.4962,0.23086,0.29279,-0.027547706952537693,0.0009881465400940277,0.001988992149262279,-0.0010008456091682512,0.0029771386893563067
4.5033,0.2374,0.30239,-0.028863278040548036,0.0009881465400940277,0.0021892511459877424,-0.0012011046058937147,0.00317739768608177
4.5103,0.2426,0.31038,-0.0300556504001951,0.0009881465400940277,0.002395467395530334,-0.001407320855436306,0.0033836139356243616
4.5173,0.24638,0.31662,-0.031098222389480457,0.0009881465400940277,0.002609505950294188,-0.0016213594102001605,0.003597652490388216
4.5243,0.24865,0.32101,-0.031987268748756716,0.0009881465400940277,0.002830305169278036,-0.0018421586291840083,0.0038184517093720637
4.5313,0.24939,0.32347,-0.03269701851565775,0.0009881465400940277,0.003056700174703476,-0.002068553634609448,0.004044846714797504
4.5383,0.24858,0.32396,-0.03321948747328297,0.0009881465400940277,0.003287407945664758,-0.00229926140557073,0.004275554485758786
4.5453,0.24625,0.32247,-0.03353794028996985,0.0009881465400940277,0.0035210589428361617,-0.002532912402742134,0.004509205482930189
4.5523,0.24243,0.31903,-0.033653318102936966,0.0009881465400940277,0.0037562283472113247,-0.002768081807117297,0.0047443748873053524
4.5593,0.2372,0.31371,-0.03356216963130305,0.0009881465400940277,0.003991482554281184,-0.003003336014187156,0.004979629094375212
4.5663,0.23066,0.3066,-0.033261064757024277,0.0009881465400940277,0.004225363874640319,-0.003237217334546291,0.005213510414734347
4.5733,0.22293,0.29782,-0.03275096757264994,0.0009881465400940277,0.004456405987794168,-0.00346825944770014,0.005444552527888195
4.5803,0.21414,0.28755,-0.032054668908150105,0.0009881465400940277,0.004683225715476986,-0.003695079175382958,0.005671372255571013
4.5873,0.20444,0.27594,-0.031173021167135356,0.0009881465400940277,0.004904522630740474,-0.003916376090646446,0.0058926691708345025
4.5943,0.19398,0.26319,-0.030128637659708756,0.0009881465400940277,0.005119078436634419,-0.004130931896540391,0.006107224976728446
4.6013,0.18294,0.24951,-0.028935300893225834,0.0009881465400940277,0.005325802221569706,-0.004337655681475679,0.006313948761663734
4.6083,0.17148,0.23511,-0.027615389623071425,0.0009881465400940277,0.0055237296383767375,-0.004535583098282709,0.006511876178470766
4.6153,0.15975,0.22019,-0.02619114683769202,0.0009881465400940277,0.005712052515989424,-0.004723905975895396,0.0067001990560834526
4.6223,0.14793,0.20497,-0.024680353936352036,0.0009881465400940277,0.00589010276869857,-0.004901956228604542,0.006878249308792599
4.6293,0.13615,0.18964,-0.023109325383967344,0.0009881465400940277,0.006057366646319681,-0.0050692201062256526,0.007045513186413709
4.6363,0.12455,0.17439,-0.02149990293984427,0.0009881465400940277,0.006213498945453034,-0.005225352405359006,0.007201645485547062
4.6433,0.11325,0.1594,-0.019878103934701605,0.0009881465400940277,0.006358321969513938,-0.005370175429419911,0.007346468509607965
4.6503,0.10235,0.14481,-0.018261187450272026,0.0009881465400940277,0.006491809489361339,-0.005503662949267312,0.007479956029455366
4.6573,0.09194,0.13077,-0.01667489747278466,0.0009881465400940277,0.006614085786592047,-0.00562593924649802,0.0076022323266860745
4.6643,0.0821,0.11737,-0.01512338400188667,0.0009881465400940277,0.006725379771753391,-0.005737233231659363,0.0077135263118474195
4.6713,0.07287,0.10472,-0.013636460942350092,0.0009881465400940277,0.006826039229058215,-0.005837892688964187,0.007814185769152243
4.6783,0.0643,0.09287,-0.012213838360088065,0.0009881465400940277,0.006916515276616756,-0.005928368736522728,0.007904661816710784
4.6853,0.05641,0.08188,-0.010872302734083194,0.0009881465400940277,0.006997316770446352,-0.0060091702303523235,0.00798546331054038
4.6923,0.0492,0.07178,-0.009624278072587002,0.0009881465400940277,0.007069054803269703,-0.006080908263175675,0.008057201343363731
4.6993,0.04268,0.06258,-0.008469346498414654,0.0009881465400940277,0.007132382489268206,-0.006144235949174178,0.008120529029362234
4.7064,0.03683,0.05428,-0.007415434302226754,0.0009881465400940277,0.007188773461110486,-0.006200626921016458,0.008176920001204513
4.7134,0.03163,0.04685,-0.006458183052573516,0.0009881465400940277,0.007237331121852284,-0.006249184581758256,0.008225477661946312
4.7204,0.02705,0.04028,-0.005605457164647065,0.0009881465400940277,0.007279553862612554,-0.006291407322518526,0.008267700402706581
4.7274,0.02306,0.03452,-0.004848331006472903,0.0009881465400940277,0.007316142121211477,-0.006327995581117449,0.008304288661305505
4.7344,0.01962,0.02954,-0.004190604934099358,0.0009881465400940277,0.007347778397003478,-0.006359631856909451,0.008335924937097505
4.7414,0.0167,0.02529,-0.0036234023706078378,0.0009881465400940277,0.007375127422569952,-0.006386980882475924,0.008363273962663979
4.7484,0.01425,0.02173,-0.0031505349170246814,0.0009881465400940277,0.007398836203076667,-0.00641068966298264,0.008386982743170695
4.7554,0.01224,0.0188,-0.002758968751314296,0.0009881465400940277,0.007419519465915853,-0.006431372925821825,0.008407666006009881
4.7624,0.01063,0.01646,-0.0024483453720813026,0.0009881465400940277,0.007437745065347739,-0.006449598525253711,0.008425891605441767
4.7694,0.00939,0.01467,-0.0022141149830167315,0.0009881465400940277,0.007454063676590582,-0.0064659171364965535,0.00844221021668461
4.7764,0.00849,0.01339,-0.0020517544594255096,0.0009881465400940277,0.007468994219639129,-0.0064808476795451,0.008457140759733157
4.7834,0.0079,0.01257,-0.0019525860266755859,0.0009881465400940277,0.007483009411340484,-0.006494862871246456,0.008471155951434512
4.7904,0.00759,0.01219,-0.0019205076820307278,0.0009881465400940277,0.007496565239320956,-0.006508418699226928,0.008484711779414983
4.7974,0.00754,0.01222,-0.0019510568224454915,0.0009881465400940277,0.007510115715086621,-0.006521969174992594,0.008498262255180649
4.8044,0.00773,0.01262,-0.002035634002164682,0.0009881465400940277,0.007524069132972758,-0.00653592259287873,0.008512215673066786
4.8114,0.00814,0.01337,-0.00217400340857131,0.0009881465400940277,0.007538802863910334,-0.0065506563238163056,0.008526949404004362
4.8184,0.00877,0.01445,-0.0023576290884941057,0.0009881465400940277,0.007554663577650062,-0.006566517037556034,0.00854281011774409
4.8254,0.00958,0.01584,-0.002594603556181871,0.0009881465400940277,0.007571996391906429,-0.006583849851812401,0.008560142932000457
4.8324,0.01057,0.01751,-0.002872278784868803,0.0009881465400940277,0.007591130480100106,-0.006602983940006078,0.008579277020194134
4.8394,0.01171,0.01945,-0.0031987436459065166,0.0009881465400940277,0.007612379058607822,-0.006624232518513793,0.00860052559870185
4.8464,0.01301,0.02162,-0.003553152855727963,0.0009881465400940277,0.007636010696363541,-0.006647864156269513,0.00862415723645757
4.8534,0.01443,0.024,-0.003943627147978737,0.0009881465400940277,0.007662249426376513,-0.006674102886282486,0.00865039596647054
4.8604,0.01597,0.02657,-0.004361780923380791,0.0009881465400940277,0.0076913183546262745,-0.006703171814532246,0.008679464894720303
4.8674,0.0176,0.02928,-0.0047992768213009,0.0009881465400940277,0.0077233820567326585,-0.00673523551663863,0.008711528596826687
4.8744,0.0193,0.03211,-0.005256031511570654,0.0009881465400940277,0.007758575635897707,-0.006770429095803679,0.008746722175991735
4.8814,0.02104,0.03502,-0.005727864956774697,0.0009881465400940277,0.007797019273536919,-0.006808872733442892,0.008785165813630947
4.8884,0.02281,0.03796,-0.006198347107438017,0.0009881465400940277,0.007838761015761662,-0.006850614475667635,0.00882690755585569
4.8954,0.02457,0.0409,-0.006671569228255095,0.0009881465400940277,0.007883805722936591,-0.006895659182842564,0.008871952263030619
4.9025,0.0263,0.04378,-0.007131055583885772,0.0009881465400940277,0.007932805041019687,-0.00694465850092566,0.008920951581113714
4.9095,0.02796,0.04655,-0.007573072614319177,0.0009881465400940277,0.00798426948971341,-0.006996122949619382,0.008972416029807436
4.9165,0.02954,0.04917,-0.007985355435777483,0.0009881465400940277,0.008038723987888744,-0.007050577447794717,0.009026870527982771
4.9235,0.03099,0.05159,-0.008368030872346907,0.0009881465400940277,0.008095960839967177,-0.007107814299873149,0.009084107380061204
4.9305,0.0323,0.05377,-0.008709055876685932,0.0009881465400940277,0.008155730643588797,-0.0071675841034947695,0.009143877183682824
4.9375,0.03344,0.05566,-0.009000506329113925,0.0009881465400940277,0.008217714111309093,-0.007229567571215066,0.00920586065140312
4.9445,0.03438,0.05723,-0.009242592779856408,0.0009881465400940277,0.008281564958190487,-0.00729341841809646,0.009269711498284514
4.9515,0.03511,0.05845,-0.009427446228415631,0.0009881465400940277,0.008346910094719445,-0.007358763554625418,0.009335056634813472
4.9585,0.03562,0.05929,-0.009547242109508925,0.0009881465400940277,0.008413321503902178,-0.007425174963808151,0.009401468043996206
4.9655,0.03588,0.05973,-0.009606283355150538,0.0009881465400940277,0.008480358843028484,-0.007492212302934457,0.009468505383122511
4.9725,0.0359,0.05977,-0.009600804424333835,0.0009881465400940277,0.008547583650256685,-0.007559437110162657,0.009535730190350712
4.9795,0.03568,0.0594,-0.009527060949894568,0.0009881465400940277,0.00861453117906648,-0.007626384638972453,0.009602677719160508
4.9865,0.03522,0.05863,-0.0093893512483706,0.0009881465400940277,0.008680738621760414,-0.007692592081666387,0.009668885161854442
4.9935,0.03453,0.05748,-0.009191949534394716,0.0009881465400940277,0.00874577317450009,-0.0077576266344060625,0.009733919714594117
5.0005,0.03363,0.05597,-0.008935106489351065,0.0009881465400940277,0.008809217870583197,-0.00782107133048917,0.009797364410677224
5.0075,0.03252,0.05413,-0.008631053419870194,0.0009881465400940277,0.008870699430265477,-0.00788255289017145,0.009858845970359504
5.0145,0.03124,0.052,-0.00827998803469937,0.0009881465400940277,0.008929888075356468,-0.00794174153526244,0.009918034615450495
5.0215,0.0298,0.04961,-0.007890072687443992,0.0009881465400940277,0.008986483287883967,-0.00799833674778994,0.009974629827977994
5.0285,0.02824,0.04701,-0.0074654469523714835,0.0009881465400940277,0.009040227606623326,-0.008052081066529299,0.010028374146717353
5.0355,0.02658,0.04424,-0.007014199185780956,0.0009881465400940277,0.009090906368106857,-0.00810275982801283,0.010079052908200884
5.0425,0.02484,0.04135,-0.006548339117501237,0.0009881465400940277,0.009138375252168348,-0.00815022871207432,0.010126521792262375
5.0495,0.02306,0.03839,-0.006071888305772849,0.0009881465400940277,0.009182546048149805,-0.008194399508055778,0.010170692588243832
5.0565,0.02127,0.0354,-0.005588846039750816,0.0009881465400940277,0.009223358618359136,-0.008235212078265108,0.010211505158453163
5.0635,0.01948,0.03242,-0.005111089167571836,0.0009881465400940277,0.009260808391584769,-0.008272661851490741,0.010248954931678796
5.0705,0.01772,0.02949,-0.0046425401834138645,0.0009881465400940277,0.009294946094313217,-0.00830679955421919,0.010283092634407244
5.0775,0.01601,0.02664,-0.004187099950763171,0.0009881465400940277,0.009325849834782836,-0.008337703294688808,0.010313996374876863
5.0845,0.01436,0.02391,-0.003756514898220081,0.0009881465400940277,0.00935365248675428,-0.008365505946660252,0.010341799026848307
5.0915,0.0128,0.02131,-0.0033428262790926046,0.0009881465400940277,0.009378500180874874,-0.008390353640780846,0.010366646720968901
5.0985,0.01133,0.01886,-0.002953809944101206,0.0009881465400940277,0.009400538407656051,-0.008412391867562024,0.010388684947750079
5.1056,0.00996,0.01658,-0.0025932309620808527,0.0009881465400940277,0.009420230402872999,-0.008432083862778971,0.010408376942967026
5.1126,0.0087,0.01448,-0.0022610804678637095,0.0009881465400940277,0.009437220492877804,-0.008449073952783777,0.010425367032971831
5.1196,0.00754,0.01256,-0.0019610907102117353,0.0009881465400940277,0.00945199809200107,-0.008463851551907042,0.010440144632095097
5.1266,0.0065,0.01082,-0.0016853275075098507,0.0009881465400940277,0.009464760555763094,-0.008476614015669067,0.010452907095857122
5.1336,0.00556,0.00925,-0.001437587657784011,0.0009881465400940277,0.009475690758841623,-0.008487544218747596,0.01046383729893565
5.1406,0.00472,0.00786,-0.0012216472785277984,0.0009881465400940277,0.009484998081118714,-0.008496851541024687,0.010473144621212741
5.1476,0.00399,0.00664,-0.0010296060299945608,0.0009881465400940277,0.009492877467698542,-0.008504730927604514,0.010481024007792569
5.1546,0.00334,0.00556,-0.0008613665463857524,0.0009881465400940277,0.009499495871715873,-0.008511349331621846,0.0104876424118099
5.1616,0.00278,0.00463,-0.000716831990080595,0.0009881465400940277,0.009505019566593505,-0.008516873026499477,0.010493166106687532
5.1686,0.0023,0.00383,-0.0005920365282668422,0.0009881465400940277,0.009509600606407721,-0.008521454066313694,0.010497747146501748
5.1756,0.00189,0.00315,-0.0004869000695571528,0.0009881465400940277,0.009513376884500106,-0.008525230344406078,0.010501523424594133
5.1826,0.00155,0.00257,-0.00039362482151815686,0.0009881465400940277,0.009516458721618869,-0.008528312181524842,0.010504605261712896
5.1896,0.00126,0.00209,-0.00031987051025127167,0.0009881465400940277,0.009518955955280062,-0.008530809415186035,0.01050710249537409
5.1966,0.00102,0.00168,-0.00025401223877150443,0.0009881465400940277,0.009520964544901643,-0.008532818004807615,0.01050911108499567
5.2036,0.00082,0.00135,-0.00020370512721961723,0.0009881465400940277,0.00952256655568261,-0.008534420015588583,0.010510713095776638
5.2106,0.00066,0.00109,-0.00016504817103596514,0.0009881465400940277,0.009523857192226506,-0.008535710652132478,0.010512003732320533
5.2176,0.00054,0.00087,-0.0001264949402023919,0.0009881465400940277,0.00952487759311584,-0.008536731053021813,0.010513024133209868
5.2246,0.00045,0.00071,-9.952915055698046e-05,0.0009881465400940277,0.009525668677433497,-0.00853752213733947,0.010513815217527525
5.2316,0.00038,0.00059,-8.028136707699365e-05,0.0009881465400940277,0.009526298014245217,-0.00853815147415119,0.010514444554339244
5.2386,0.00034,0.0005,-6.108502271599281e-05,0.0009881465400940277,0.009526792796609493,-0.008538646256515466,0.01051493933670352
5.2456,0.00033,0.00045,-4.5752630776269635e-05,0.0009881465400940277,0.009527166728396716,-0.008539020188302689,0.010515313268490744
5.2526,0.00034,0.00044,-3.807638122072878e-05,0.0009881465400940277,0.009527460129938705,-0.008539313589844678,0.010515606670032733
5.2596,0.00038,0.00046,-3.042056430146779e-05,0.0009881465400940277,0.009527699869248034,-0.008539553329154006,0.01051584640934206
5.2666,0.00045,0.00053,-3.0380131394068274e-05,0.0009881465400940277,0.009527912671682967,-0.00853976613158894,0.010516059211776995
5.2736,0.00057,0.00063,-2.2754854368932057e-05,0.0009881465400940277,0.009528098644133138,-0.00853995210403911,0.010516245184227165
5.2806,0.00073,0.0008,-2.6512138772109258e-05,0.0009881465400940277,0.009528271078609131,-0.008540124538515104,0.010516417618703158
5.2876,0.00096,0.00102,-2.2694606248581606e-05,0.0009881465400940277,0.009528443302216704,-0.008540296762122677,0.010516589842310731
5.2946,0.00125,0.00133,-3.0219468892834208e-05,0.0009881465400940277,0.009528628501479699,-0.008540481961385672,0.010516775041573726
5.3017,0.00164,0.00174,-3.772374898617426e-05,0.0009881465400940277,0.009528869699903169,-0.008540723159809142,0.010517016239997196
5.3087,0.00214,0.00226,-4.520880818279424e-05,0.0009881465400940277,0.00952915996385326,-0.008541013423759233,0.010517306503947287
5.3157,0.00279,0.00294,-5.64365934872171e-05,0.0009881465400940277,0.009529515722759105,-0.008541369182665078,0.010517662262853132
5.3227,0.00361,0.0038,-7.139233847483422e-05,0.0009881465400940277,0.009529963124020971,-0.008541816583926944,0.010518109664114999
5.3297,0.00464,0.00488,-9.006135429761516e-05,0.0009881465400940277,0.009530528211945674,-0.008542381671851647,0.010518674752039702
5.3367,0.00592,0.00623,-0.00011617666348117764,0.0009881465400940277,0.0095312500450079,-0.008543103504913873,0.010519396585101927
5.3437,0.00751,0.0079,-0.00014596627804704628,0.0009881465400940277,0.009532167545303248,-0.00854402100520922,0.010520314085397275
5.3507,0.00946,0.00995,-0.00018315360607023412,0.0009881465400940277,0.009533319464897659,-0.008545172924803631,0.010521466004991686
5.3577,0.01184,0.01246,-0.00023144259663661674,0.0009881465400940277,0.009534770551607133,-0.008546624011513106,0.01052291709170116
5.3647,0.01472,0.01549,-0.00028706171826942784,0.0009881465400940277,0.009536585316709305,-0.008548438776615278,0.010524731856803332
5.3717,0.01818,0.01912,-0.0003499823147234581,0.0009881465400940277,0.00953881497082478,-0.008550668430730752,0.010526961510918807
5.3787,0.0223,0.02345,-0.00042761262014984967,0.0009881465400940277,0.009541536553096837,-0.00855339001300281,0.010529683093190864
5.3857,0.02716,0.02856,-0.0005198952782368118,0.0009881465400940277,0.00954485283074119,-0.008556706290647163,0.010532999370835218
5.3927,0.03285,0.03455,-0.0006304819478183471,0.0009881465400940277,0.009548879151032384,-0.008560732610938357,0.010537025691126412
5.3997,0.03948,0.04152,-0.0007555975331962888,0.0009881465400940277,0.009553730429215935,-0.008565583889121908,0.010541876969309963
5.4067,0.04711,0.04955,-0.0009025838311724334,0.0009881465400940277,0.009559534063991225,-0.008571387523897198,0.010547680604085253
5.4137,0.05584,0.05873,-0.0010676616731625308,0.0009881465400940277,0.009566429923256398,-0.00857828338316237,0.010554576463350425
5.4207,0.06574,0.06914,-0.0012544505322190811,0.0009881465400940277,0.009574557315975233,-0.008586410775881206,0.01056270385606926
5.4277,0.07687,0.08085,-0.001466551209536272,0.0009881465400940277,0.009584080822071376,-0.008595934281977349,0.010572227362165404
5.4347,0.08927,0.09389,-0.0017001858428248105,0.0009881465400940277,0.009595164401754641,-0.008607017861660614,0.010583310941848669
5.4417,0.10298,0.1083,-0.001955271330650345,0.0009881465400940277,0.009607958501861804,-0.008619811961767776,0.010596105041955831
5.4487,0.11797,0.12407,-0.0022390661992768898,0.0009881465400940277,0.009622638683216549,-0.008634492143122521,0.010610785223310576
5.4557,0.13423,0.14118,-0.002547794050259366,0.0009881465400940277,0.009639392694089926,-0.008651246153995899,0.010627539234183954
5.4627,0.1517,0.15955,-0.002874036648543759,0.0009881465400940277,0.009658369101535736,-0.008670222561441709,0.010646515641629764
5.4697,0.17028,0.17908,-0.0032177267491818574,0.0009881465400940277,0.009679690273427775,-0.008691543733333747,0.010667836813521802
5.4767,0.18983,0.19965,-0.0035861011192871604,0.0009881465400940277,0.009703503670967418,-0.00871535713087339,0.010691650211061445
5.4837,0.21019,0.22106,-0.003964476539562711,0.0009881465400940277,0.00972993069277339,-0.008741784152679363,0.010718077232867418
5.4907,0.23116,0.24311,-0.004352814759502427,0.0009881465400940277,0.009759041212320121,-0.008770894672226094,0.010747187752414148
5.4977,0.25249,0.26555,-0.004751077723411615,0.0009881465400940277,0.00979090483601032,-0.008802758295916292,0.010779051376104347
5.5048,0.27392,0.28808,-0.005144601075425085,0.0009881465400940277,0.009826034495746191,-0.008837887955652164,0.010814181035840219
5.5118,0.29514,0.31041,-0.00554083965310788,0.0009881465400940277,0.009863433538296055,-0.008875286998202028,0.010851580078390082
5.5188,0.31586,0.3322,-0.005921577154453875,0.0009881465400940277,0.00990355199712252,-0.008915405457028493,0.010891698537216547
5.5258,0.33573,0.3531,-0.006286872489051377,0.0009881465400940277,0.009946281570874791,-0.008958135030780764,0.010934428110968819
5.5328,0.35443,0.37276,-0.006625939849624045,0.0009881465400940277,0.009991476414060153,-0.009003329873966126,0.01097962295415418
5.5398,0.37163,0.39086,-0.006942488898516182,0.0009881465400940277,0.010038965914678642,-0.009050819374584615,0.01102711245477267
5.5468,0.38702,0.40704,-0.00721857647652702,0.0009881465400940277,0.010088529643491297,-0.00910038310339727,0.011076676183585325
5.5538,0.40032,0.42102,-0.007454355576362129,0.0009881465400940277,0.010139884905676407,-0.00915173836558238,0.011128031445770434
5.5608,0.41125,0.43253,-0.007653575025176241,0.0009881465400940277,0.010192762662781796,-0.009204616122687768,0.011180909202875823
5.5678,0.41962,0.44133,-0.007798412299292362,0.0009881465400940277,0.010246844618417433,-0.009258698078323406,0.01123499115851146
5.5748,0.42525,0.44725,-0.007892659826361472,0.0009881465400940277,0.010301763370857218,-0.009313616830763191,0.011289909910951246
5.5818,0.42803,0.45017,-0.007932924862947433,0.0009881465400940277,0.010357152917269803,-0.009369006377175776,0.01134529945736383
5.5888,0.42791,0.45004,-0.007919410249069562,0.0009881465400940277,0.01041263609016186,-0.009424489550067833,0.011400782630255887
5.5958,0.42488,0.44685,-0.007852317809785927,0.0009881465400940277,0.01046783713836785,-0.009479690598273824,0.011455983678461878
5.6028,0.419,0.44068,-0.007738987649032638,0.0009881465400940277,0.01052240670747372,-0.009534260167379693,0.011510553247567747
5.6098,0.41041,0.43164,-0.007568897286890808,0.0009881465400940277,0.01057598430474945,-0.009587837764655422,0.011564130844843477
5.6168,0.39926,0.41991,-0.007352941176470589,0.0009881465400940277,0.010628210739371213,-0.009640064199277185,0.01161635727946524
5.6238,0.38577,0.40573,-0.0070984032149080615,0.0009881465400940277,0.010678790444741041,-0.009690643904647014,0.011666936984835069
5.6308,0.37022,0.38936,-0.006798323506428923,0.0009881465400940277,0.010727428988265718,-0.009739282448171691,0.011715575528359745
5.6378,0.35287,0.37112,-0.006474156585902298,0.0009881465400940277,0.01077388266858888,-0.009785736128494853,0.011762029208682908
5.6448,0.33406,0.35134,-0.006122448979591823,0.0009881465400940277,0.010817970788068109,-0.009829824247974081,0.011806117328162136
5.6518,0.3141,0.33034,-0.005746841714144178,0.0009881465400940277,0.010859513305496183,-0.009871366765402156,0.01184765984559021
5.6588,0.29333,0.3085,-0.00536156075493038,0.0009881465400940277,0.010898392714137948,-0.009910246174043921,0.011886539254231976
5.6658,0.27207,0.28614,-0.004966641957005199,0.0009881465400940277,0.01093454142362972,-0.009946394883535693,0.011922687963723748
5.6728,0.25064,0.2636,-0.004569172190100137,0.0009881465400940277,0.010967916773144588,-0.00997977023305056,0.011956063313238615
5.6798,0.22933,0.24119,-0.004176203387443214,0.0009881465400940277,0.010998525587665993,-0.010010379047571965,0.01198667212776002
5.6868,0.20841,0.21919,-0.0037912358444116144,0.0009881465400940277,0.011026411624977483,-0.010038265084883456,0.01201455816507151
5.6938,0.18811,0.19784,-0.003417752643225961,0.0009881465400940277,0.011051643084684216,-0.010063496544590189,0.012039789624778243
5.7009,0.16863,0.17735,-0.0030591660965812438,0.0009881465400940277,0.01107463614621053,-0.010086489606116503,0.012062782686304558
5.7079,0.15015,0.15791,-0.002719038525552301,0.0009881465400940277,0.011094859862388,-0.010106713322293973,0.012083006402482027
5.7149,0.13278,0.13965,-0.002404241544034012,0.0009881465400940277,0.011112791342631552,-0.010124644802537525,0.01210093788272558
5.7219,0.11663,0.12266,-0.0021076915010748206,0.0009881465400940277,0.011128583108289432,-0.010140436568195405,0.01211672964838346
5.7289,0.10174,0.107,-0.0018363036534064132,0.0009881465400940277,0.011142387091330117,-0.01015424055123609,0.012130533631424145
5.7359,0.08815,0.09271,-0.0015899858784148937,0.0009881465400940277,0.01115437910469149,-0.010166232564597463,0.012142525644785518
5.7429,0.07586,0.07979,-0.001368646502638041,0.0009881465400940277,0.011164734318025175,-0.010176587777931147,0.012152880858119202
5.7499,0.06484,0.06819,-0.0011652376563070681,0.0009881465400940277,0.011173602912581484,-0.010185456372487457,0.012161749452675511
5.7569,0.05504,0.05789,-0.0009901162083760353,0.0009881465400940277,0.011181146651107874,-0.010193000111013846,0.012169293191201901
5.7639,0.04641,0.04881,-0.0008327694789985945,0.0009881465400940277,0.011187526751013685,-0.010199380210919658,0.012175673291107712
5.7709,0.03887,0.04088,-0.0006965984508482205,0.0009881465400940277,0.01119287953876815,-0.010204732998674122,0.012181026078862177
5.7779,0.03233,0.034,-0.0005780646947853043,0.0009881465400940277,0.011197340859777867,-0.01020919431968384,0.012185487399871894
5.7849,0.02671,0.02809,-0.00047710418503344885,0.0009881465400940277,0.011201033950857232,-0.010212887410763205,0.01218918049095126
5.7919,0.02191,0.02304,-0.0003902001070460479,0.0009881465400940277,0.01120406951587951,-0.010215922975785482,0.012192216055973537
5.7989,0.01786,0.01878,-0.0003173015571918815,0.0009881465400940277,0.011206545771704343,-0.010218399231610316,0.01219469231179837
5.8059,0.01445,0.0152,-0.00025835787733168004,0.0009881465400940277,0.011208560579725175,-0.010220414039631148,0.012196707119819203
5.8129,0.01162,0.01222,-0.00020643740645805015,0.0009881465400940277,0.01121018736321844,-0.010222040823124412,0.012198333903312467
5.8199,0.00928,0.00976,-0.00016495128782281467,0.0009881465400940277,0.011211487223648422,-0.010223340683554395,0.01219963376374245
5.8269,0.00736,0.00774,-0.0001304295594570012,0.0009881465400940277,0.0112125210566139,-0.010224374516519873,0.012200667596707928
5.8339,0.00579,0.00609,-0.00010284715199094942,0.0009881465400940277,0.01121333752510397,-0.010225190985009942,0.012201484065197997
5.8409,0.00453,0.00477,-8.217911623208743e-05,0.0009881465400940277,0.01121398511704275,-0.010225838576948722,0.012202131657136777
5.8479,0.00352,0.0037,-6.156056020109784e-05,0.0009881465400940277,0.011214488205910266,-0.010226341665816239,0.012202634746004293
5.8549,0.00272,0.00286,-4.7823190831611106e-05,0.0009881465400940277,0.01121487104903888,-0.010226724508944853,0.012203017589132907
5.8619,0.00208,0.00219,-3.753049352598996e-05,0.0009881465400940277,0.011215169786934131,-0.010227023246840104,0.012203316327028159
5.8689,0.00159,0.00167,-2.7262348992145032e-05,0.0009881465400940277,0.011215396561882945,-0.010227250021788918,0.012203543101976973
5.8759,0.0012,0.00126,-2.042240337650408e-05,0.0009881465400940277,0.011215563458516235,-0.010227416918422208,0.012203709998610262
5.8829,0.0009,0.00095,-1.6998419147019334e-05,0.0009881465400940277,0.011215694431395067,-0.01022754789130104,0.012203840971489095
5.8899,0.00067,0.00071,-1.3582573558124924e-05,0.0009881465400940277,0.011215801464869534,-0.010227654924775507,0.012203948004963562
5.8969,0.0005,0.00052,-6.783225084366343e-06,0.0009881465400940277,0.011215872745164782,-0.010227726205070755,0.01220401928525881
5.904,0.00037,0.00039,-6.775067750677506e-06,0.0009881465400940277,0.011215920877104347,-0.01022777433701032,0.012204067417198374
5.911,0.00027,0.00028,-3.3835222466587624e-06,0.0009881465400940277,0.011215956432169338,-0.01022780989207531,0.012204102972263365
5.918,0.00019,0.0002,-3.3795201081446433e-06,0.0009881465400940277,0.01121598010281758,-0.010227833562723552,0.012204126642911607
5.925,0.00014,0.00015,-3.3755274261603373e-06,0.0009881465400940277,0.01121600374548395,-0.010227857205389922,0.012204150285577977
5.932,0.0001,0.00011,-3.37154416722859e-06,0.0009881465400940277,0.011216027360234526,-0.010227880820140499,0.012204173900328553
5.939,7e-05,8e-05,-3.3675702980299754e-06,0.0009881465400940277,0.011216050947135155,-0.010227904407041128,0.012204197487229182
5.946,5e-05,6e-05,-3.3636057854019506e-06,0.0009881465400940277,0.011216074506251447,-0.01022792796615742,0.012204221046345474
5.953,4e-05,4e-05,0.0,0.0009881465400940277,0.011216086278871695,-0.010227939738777668,0.012204232818965722
5.96,3e-05,3e-05,0.0,0.0009881465400940277,0.011216086278871695,-0.010227939738777668,0.012204232818965722
5.967,2e-05,3e-05,-3.3517680576504107e-06,0.0009881465400940277,0.011216098010059896,-0.010227951469965869,0.012204244550153924
5.974,2e-05,2e-05,0.0,0.0009881465400940277,0.011216109741248098,-0.01022796320115407,0.012204256281342125
5.981,2e-05,2e-05,0.0,0.0009881465400940277,0.011216109741248098,-0.01022796320115407,0.012204256281342125
5.988,2e-05,3e-05,-3.3400133600534397e-06,0.0009881465400940277,0.011216121431294858,-0.010227974891200831,0.012204267971388886
5.995,3e-05,4e-05,-3.336113427856548e-06,0.0009881465400940277,0.011216144797738616,-0.010227998257644588,0.012204291337832643
6.002,4e-05,5e-05,-3.332222592469177e-06,0.0009881465400940277,0.011216168136914687,-0.01022802159682066,0.012204314677008714
6.009,5e-05,7e-05,-6.656681644200363e-06,0.0009881465400940277,0.011216203098079514,-0.010228056557985487,0.012204349638173542
6.016,7e-05,9e-05,-6.64893617021277e-06,0.0009881465400940277,0.011216249667741865,-0.010228103127647837,0.012204396207835892
6.023,0.0001,0.00013,-9.96181304997509e-06,0.0009881465400940277,0.011216307805364135,-0.010228161265270107,0.012204454345458162
6.03,0.00013,0.00018,-1.6583747927031516e-05,0.0009881465400940277,0.011216400714827554,-0.010228254174733527,0.012204547254921582
6.037,0.00018,0.00024,-1.9877422560874607e-05,0.0009881465400940277,0.011216528328924263,-0.010228381788830235,0.01220467486901829
6.044,0.00025,0.00033,-2.647253474520185e-05,0.0009881465400940277,0.011216690553774835,-0.010228544013680807,0.012204837093868862
6.051,0.00033,0.00045,-3.966286564204263e-05,0.0009881465400940277,0.01121692202767619,-0.010228775487582163,0.012205068567770217
6.058,0.00045,0.0006,-4.952129415648728e-05,0.0009881465400940277,0.011217234172235486,-0.010229087632141459,0.012205380712329513
6.065,0.00059,0.0008,-6.924979389942291e-05,0.0009881465400940277,0.011217649871043681,-0.010229503330949654,0.012205796411137709
6.072,0.00079,0.00106,-8.893280632411065e-05,0.0009881465400940277,0.011218203510144464,-0.010230056970050437,0.012206350050238492
6.079,0.00104,0.00139,-0.00011515051817733182,0.0009881465400940277,0.011218917801780219,-0.010230771261686191,0.012207064341874246
6.086,0.00135,0.00181,-0.00015116661189615508,0.0009881465400940277,0.011219849911735476,-0.010231703371641448,0.012207996451829503
6.093,0.00175,0.00235,-0.00019694731659281145,0.0009881465400940277,0.011221068310485187,-0.01023292177039116,0.012209214850579214
6.1001,0.00226,0.00303,-0.00025245487778888877,0.0009881465400940277,0.011222663688275241,-0.010234517148181214,0.012210810228369269
6.1071,0.00289,0.00388,-0.0003242128014933438,0.0009881465400940277,0.011224682025152729,-0.010236535485058701,0.012212828565246756
6.1141,0.00368,0.00493,-0.00040889092425704527,0.0009881465400940277,0.011227247888192855,-0.010239101348098828,0.012215394428286883
6.1211,0.00464,0.00623,-0.0005195144663540867,0.0009881465400940277,0.011230497307059994,-0.010242350766965967,0.012218643847154022
6.1281,0.00582,0.00781,-0.0006494672084332829,0.0009881465400940277,0.01123458874292175,-0.010246442202827723,0.012222735283015778
6.1351,0.00724,0.00972,-0.0008084627797427913,0.0009881465400940277,0.011239691497880367,-0.01025154495778634,0.012227838037974394
6.1421,0.00896,0.01203,-0.0009996580973934,0.0009881465400940277,0.011246019920950343,-0.010257873380856316,0.01223416646104437
6.1491,0.01101,0.01477,-0.0012229431949390965,0.0009881465400940277,0.011253799025473507,-0.01026565248537948,0.012241945565567534
6.1561,0.01343,0.01802,-0.0014912038465911867,0.0009881465400940277,0.011263298540118864,-0.010275152000024837,0.012251445080212892
6.1631,0.01627,0.02184,-0.0018075319238694807,0.0009881465400940277,0.011274844115315477,-0.01028669757522145,0.012262990655409504
6.1701,0.01959,0.02629,-0.002171763828787216,0.0009881465400940277,0.011288771650449775,-0.010300625110355748,0.012276918190543802
6.1771,0.02341,0.03143,-0.0025966877661038348,0.0009881465400940277,0.011305461231031896,-0.010317314690937869,0.012293607771125923
6.1841,0.0278,0.03731,-0.0030756294367814247,0.0009881465400940277,0.011325314341241994,-0.010337167801147967,0.012313460881336022
6.1911,0.03278,0.044,-0.0036245578330183657,0.0009881465400940277,0.011348764996686292,-0.010360618456592264,0.012336911536780319
6.1981,0.0384,0.05153,-0.004236782239718624,0.0009881465400940277,0.011376279686940874,-0.010388133146846846,0.0123644262270349
6.2051,0.04467,0.05995,-0.004924981063963514,0.0009881465400940277,0.01140834585850376,-0.010420199318409732,0.012396492398597787
6.2121,0.05161,0.06926,-0.005682458427906826,0.0009881465400940277,0.011445471896725309,-0.010457325356631282,0.012433618436819336
6.2191,0.05922,0.07948,-0.006515412197906447,0.0009881465400940277,0.011488164443915653,-0.010500017903821626,0.01247631098400968
6.2261,0.06749,0.09059,-0.0074203755159730845,0.0009881465400940277,0.011536939700914229,-0.010548793160820202,0.012525086241008256
6.2331,0.0764,0.10255,-0.008390688421491715,0.0009881465400940277,0.01159227842469536,-0.010604131884601332,0.012580424964789387
6.2401,0.0859,0.1153,-0.009422925914648802,0.0009881465400940277,0.011654626074871848,-0.01066647953477782,0.012642772614965875
6.2471,0.09593,0.12875,-0.010507275375774361,0.0009881465400940277,0.011724381779388325,-0.010736235239294298,0.012712528319482353
6.2541,0.10639,0.1428,-0.011643561823443824,0.0009881465400940277,0.011801909709585594,-0.010813763169491567,0.012790056249679622
6.2611,0.1172,0.1573,-0.012809250770631359,0.0009881465400940277,0.011887494553664854,-0.010899348013570826,0.012875641093758881
6.2681,0.12823,0.1721,-0.013997862191094588,0.0009881465400940277,0.01198131944903089,-0.010993172908936862,0.012969465989124917
6.2751,0.13934,0.18702,-0.015196570572580517,0.0009881465400940277,0.01208349996370376,-0.011095353423609733,0.013071646503797787
6.2821,0.15039,0.20185,-0.01638305662119355,0.0009881465400940277,0.012194028658881964,-0.011205882118787936,0.013182175198975991
6.2891,0.16121,0.21637,-0.017541460622346603,0.0009881465400940277,0.012312764469234364,-0.011324617929140336,0.01330091100932839
6.2961,0.17164,0.23037,-0.018655993392735187,0.0009881465400940277,0.012439455558287144,-0.011451309018193117,0.013427602098381172
6.3032,0.1815,0.24361,-0.019707450184033505,0.0009881465400940277,0.012575645782984679,-0.011587499242890651,0.013563792323078706
6.3102,0.19063,0.25585,-0.020671294095274326,0.0009881465400940277,0.01271697138796225,-0.011728824847868222,0.013705117928056277
6.3172,0.19885,0.26689,-0.021541189134426653,0.0009881465400940277,0.012864715079266197,-0.01187656853917217,0.013852861619360224
6.3242,0.20602,0.27652,-0.02229531007874513,0.0009881465400940277,0.01301814282651231,-0.012029996286418283,0.014006289366606337
6.3312,0.21201,0.28455,-0.022915087187263084,0.0009881465400940277,0.013176379216943332,-0.012188232676849304,0.014164525757037359
6.3382,0.21668,0.29082,-0.023394654633807712,0.0009881465400940277,0.013338463313317072,-0.012350316773223045,0.0143266098534111
6.3452,0.21995,0.29521,-0.023721868499022872,0.0009881465400940277,0.013503371144281993,-0.012515224604187965,0.01449151768437602
6.3522,0.22176,0.29764,-0.02389093542394761,0.0009881465400940277,0.013670015958012382,-0.012681869417918355,0.01465816249810641
6.3592,0.22206,0.29805,-0.023899232607875194,0.0009881465400940277,0.013837281546123775,-0.012849135006029747,0.014825428086217802
6.3662,0.22086,0.29643,-0.02374100719424461,0.0009881465400940277,0.014004022385431187,-0.01301587584533716,0.014992168925525214
6.3732,0.21817,0.29282,-0.023426222305905988,0.0009881465400940277,0.014169107688681706,-0.013180961148587678,0.015157254228775733
6.3802,0.21405,0.28729,-0.02295852794583242,0.0009881465400940277,0.014331454314562803,-0.013343307774468776,0.01531960085465683
6.3872,0.20858,0.27995,-0.022347820641282563,0.0009881465400940277,0.014490026534617699,-0.013501879994523671,0.015478173074711726
6.3942,0.20187,0.27094,-0.021603953582934543,0.0009881465400940277,0.01464385774440245,-0.013655711204308424,0.01563200428449648
6.4012,0.19405,0.26045,-0.020746110104355436,0.0009881465400940277,0.014792082967307978,-0.013803936427213951,0.015780229507402006
6.4082,0.18527,0.24866,-0.019784026715770422,0.0009881465400940277,0.014933938446178413,-0.013945791906084385,0.01592208498627244
6.4152,0.17568,0.2358,-0.01874298540965208,0.0009881465400940277,0.015068782988617385,-0.014080636448523358,0.016056929528711412
6.4222,0.16547,0.22208,-0.01762947276634175,0.0009881465400940277,0.015196086592233374,-0.014207940052139347,0.016184233132327402
6.4292,0.15478,0.20774,-0.016474833571828534,0.0009881465400940277,0.015315451664416965,-0.014327305124322938,0.016303598204510994
6.4362,0.14381,0.19301,-0.015288524284515706,0.0009881465400940277,0.015426623416914179,-0.014438476876820152,0.016414769957008208
6.4432,0.13271,0.17811,-0.014092376458902408,0.0009881465400940277,0.015529456569516138,-0.01454131002942211,0.016517603109610167
6.4502,0.12164,0.16325,-0.012901925521689252,0.0009881465400940277,0.015623936626448204,-0.014635790086354176,0.01661208316654223
6.4572,0.11074,0.14862,-0.011732639534163413,0.0009881465400940277,0.015710157604143696,-0.014722011064049668,0.016698304144237723
6.4642,0.10014,0.13439,-0.010596825593267536,0.0009881465400940277,0.0157883107320897,-0.014800164191995674,0.01677645727218373
6.4712,0.08995,0.1207,-0.009503646927926815,0.0009881465400940277,0.01585866238591388,-0.014870515845819852,0.016846808926007907
6.4782,0.08026,0.10769,-0.008468401716526195,0.0009881465400940277,0.01592156455616947,-0.014933418016075443,0.016909711096263498
6.4852,0.07115,0.09545,-0.007493986307284275,0.0009881465400940277,0.015977432914252805,-0.014989286374158778,0.016965579454346832
6.4922,0.06267,0.08406,-0.006589445796494252,0.0009881465400940277,0.016026724926616033,-0.015038578386522006,0.01701487146671006
6.4992,0.05486,0.07356,-0.005754554406696209,0.0009881465400940277,0.0160699289273272,-0.015081782387233171,0.017058075467421226
6.5063,0.04775,0.06399,-0.004992084594931068,0.0009881465400940277,0.016108079495782978,-0.01511993295568895,0.017096226035877005
6.5133,0.04134,0.05536,-0.004305037385042911,0.0009881465400940277,0.016140619422712884,-0.015152472882618857,0.01712876596280691
6.5203,0.03564,0.04767,-0.003690014263147401,0.0009881465400940277,0.01616860210348155,-0.015180455563387523,0.017156748643575578
6.5273,0.03063,0.04089,-0.0031437194552111905,0.0009881465400940277,0.01619252017149581,-0.015204373631401782,0.017180666711589836
6.5343,0.02631,0.03501,-0.002662871309857215,0.0009881465400940277,0.016212843239173547,-0.01522469669907952,0.017200989779267574
6.5413,0.02264,0.02999,-0.0022472597190160977,0.0009881465400940277,0.016230028697774602,-0.015241882157680575,0.01721817523786863
6.5483,0.01961,0.02581,-0.0018936212452086802,0.0009881465400940277,0.01624452178114939,-0.015256375241055362,0.017232668321243417
6.5553,0.0172,0.02242,-0.0015926044574619007,0.0009881465400940277,0.016256723571108737,-0.01526857703101471,0.017244870111202765
6.5623,0.01539,0.0198,-0.0013440409612483436,0.0009881465400940277,0.016267001830074224,-0.015278855289980197,0.01725514837016825
6.5693,0.01418,0.01792,-0.0011386296865723894,0.0009881465400940277,0.016275691177341598,-0.01528754463724757,0.017263837717435625
6.5763,0.01355,0.01676,-0.0009762328360932443,0.0009881465400940277,0.01628309319617093,-0.015294946656076901,0.017271239736264956
6.5833,0.01351,0.01633,-0.0008567131985478411,0.0009881465400940277,0.016289508507292175,-0.015301361967198147,0.017277655047386202
6.5903,0.01407,0.01662,-0.000773864619213086,0.0009881465400940277,0.016295215529654336,-0.015307068989560309,0.017283362069748363
6.5973,0.01526,0.01765,-0.0007245388264896245,0.0009881465400940277,0.016300459941714297,-0.01531231340162027,0.017288606481808324
6.6043,0.01711,0.01944,-0.0007056008963856877,0.0009881465400940277,0.016305465430744362,-0.015317318890650335,0.01729361197083839
6.6113,0.01967,0.02203,-0.0007139291818553087,0.0009881465400940277,0.016310433786018205,-0.015322287245924177,0.017298580326112232
6.6183,0.02297,0.02547,-0.0007554810147620987,0.0009881465400940277,0.016315576721706367,-0.01532743018161234,0.017303723261800394
6.6253,0.0271,0.02982,-0.0008210948938161292,0.0009881465400940277,0.01632109473738639,-0.015332948197292362,0.017309241277480417
6.6323,0.03211,0.03514,-0.000913710175957058,0.0009881465400940277,0.016327166555130595,-0.015339020015036568,0.017315313095224622
6.6393,0.03808,0.04152,-0.0010362538219390593,0.0009881465400940277,0.016333991429123233,-0.015345844889029205,0.01732213796921726
6.6463,0.04509,0.04903,-0.0011856220754404704,0.0009881465400940277,0.01634176799476406,-0.015353621454670032,0.017329914534858087
6.6533,0.05322,0.05775,-0.0013617302691897252,0.0009881465400940277,0.016350683727970265,-0.015362537187876238,0.017338830268064293
6.6603,0.06256,0.06777,-0.0015644940918577218,0.0009881465400940277,0.016360925513233933,-0.015372778973139906,0.01734907205332796
6.6673,0.07319,0.07916,-0.0017908298711622364,0.0009881465400940277,0.0163726691471045,-0.015384522607010474,0.01736081568719853
6.6743,0.08516,0.09199,-0.0020466565782179414,0.0009881465400940277,0.016386100349677333,-0.015397953809583306,0.01737424688977136
6.6813,0.09856,0.10633,-0.002325894661218625,0.0009881465400940277,0.01640140427901536,-0.015413257738921333,0.017389550819109388
6.6883,0.11344,0.12224,-0.0026314609093491628,0.0009881465400940277,0.01641875502351235,-0.015430608483418321,0.017406901563606376
6.6953,0.12982,0.13973,-0.0029602855734619815,0.0009881465400940277,0.016438326136202188,-0.01545017959610816,0.017426472676296215
6.7024,0.14774,0.15884,-0.00331224635951301,0.0009881465400940277,0.01646059362456425,-0.015472447084470223,0.017448740164658277
6.7094,0.16719,0.17955,-0.003684383104301423,0.0009881465400940277,0.0164850818276876,-0.015496935287593574,0.01747322836778163
6.7164,0.18817,0.20185,-0.004073610862962301,0.0009881465400940277,0.016512234806573028,-0.015524088266479,0.017500381346667055
6.7234,0.21063,0.22568,-0.004476901567659214,0.0009881465400940277,0.0165421616000802,-0.015554015059986173,0.017530308140174228
6.7304,0.23451,0.25099,-0.004897182931177937,0.0009881465400940277,0.016574970895826133,-0.015586824355732106,0.01756311743592016
6.7374,0.25972,0.27767,-0.005328464986493296,0.0009881465400940277,0.01661076066353798,-0.015622614123443953,0.017598907203632008
6.7444,0.28617,0.30562,-0.005767748057647833,0.0009881465400940277,0.016649597409192474,-0.015661450869098446,0.0176377439492865
6.7514,0.31373,0.3347,-0.006212044909204013,0.0009881465400940277,0.01669152668457646,-0.015703380144482432,0.017679673224670487
6.7584,0.34224,0.36476,-0.006664299242424238,0.0009881465400940277,0.016736593889107157,-0.01574844734901313,0.017724740429201184
6.7654,0.37154,0.39562,-0.007118573920241241,0.0009881465400940277,0.016784833945176485,-0.015796687405082457,0.017772980485270512
6.7724,0.40145,0.42709,-0.0075719095150906775,0.0009881465400940277,0.01683625063720015,-0.015848104097106124,0.017824397177294178
6.7794,0.43178,0.459,-0.008030209163052785,0.0009881465400940277,0.016890858052573652,-0.015902711512479625,0.01787900459266768
6.7864,0.46231,0.49111,-0.008487563362018152,0.0009881465400940277,0.016948670256411405,-0.015960523716317378,0.017936816796505432
6.7934,0.49283,0.52321,-0.008943975034592388,0.0009881465400940277,0.017009680640799538,-0.01602153410070551,0.017997827180893565
6.8004,0.5231,0.55509,-0.009408270101758709,0.0009881465400940277,0.017073913498776763,-0.016085766958682735,0.01806206003887079
6.8074,0.5529,0.5865,-0.009871610306431258,0.0009881465400940277,0.017141393080205434,-0.016153246540111407,0.01812953962029946
6.8144,0.58198,0.61722,-0.010342803474994111,0.0009881465400940277,0.01721214352844042,-0.016223996988346392,0.018200290068534446
6.8214,0.61011,0.647,-0.010815961532823168,0.0009881465400940277,0.017286199205967776,-0.01629805266587375,0.018274345746061803
6.8284,0.63703,0.67561,-0.011299865268584165,0.0009881465400940277,0.01736360459977271,-0.01637545805967868,0.018351751139866736
6.8354,0.66251,0.7028,-0.01178862978026156,0.0009881465400940277,0.017444414332443665,-0.016456267792349637,0.018432560872537692
6.8424,0.68631,0.72834,-0.012285163100666437,0.0009881465400940277,0.01752867260752691,-0.016540526067432882,0.018516819147620937
6.8494,0.70819,0.75197,-0.012783601483341619,0.0009881465400940277,0.017616413283570945,-0.016628266743476918,0.018604559823664973
6.8564,0.72792,0.77347,-0.013286856076074903,0.0009881465400940277,0.017707659885028898,-0.01671951334493487,0.018695806425122925
6.8634,0.74528,0.7926,-0.013789084127400389,0.0009881465400940277,0.017802425675741067,-0.01681427913564704,0.018790572215835095
6.8704,0.76007,0.80914,-0.01428446669771773,0.0009881465400940277,0.017900683103628977,-0.01691253656353495,0.018888829643723005
6.8774,0.7721,0.82289,-0.014770116613836625,0.0009881465400940277,0.018002374145219414,-0.017014227605125387,0.01899052068531344
6.8844,0.78121,0.83364,-0.015231537969902995,0.0009881465400940277,0.018107379936262512,-0.017119233396168484,0.01909552647635654
6.8914,0.78725,0.84124,-0.01566880459703398,0.0009881465400940277,0.018215531135246786,-0.01722738459515276,0.019203677675340813
6.8984,0.79014,0.84555,-0.01606459468862347,0.0009881465400940277,0.018326598032746583,-0.017338451492652555,0.01931474457284061
6.9055,0.7898,0.84648,-0.01641590036927089,0.0009881465400940277,0.018441903790202115,-0.017453757250108087,0.019430050330296142
6.9125,0.78622,0.84399,-0.016714647377938513,0.0009881465400940277,0.018557860707317343,-0.017569714167223315,0.01954600724741137
6.9195,0.77943,0.83805,-0.01694342076739649,0.0009881465400940277,0.018675663945826024,-0.017687517405731996,0.01966381048592005
6.9265,0.76952,0.82874,-0.017099545224861054,0.0009881465400940277,0.01879481432679892,-0.017806667786704894,0.01978296086689295
6.9335,0.75663,0.81617,-0.01717458714934735,0.0009881465400940277,0.018914773790108662,-0.017926627250014635,0.01990292033020269
6.9405,0.74094,0.80051,-0.017165910237014626,0.0009881465400940277,0.019034965530960922,-0.018046818990866895,0.02002311207105495
6.9475,0.72273,0.782,-0.017062252608852118,0.0009881465400940277,0.01915476410092145,-0.018166617560827422,0.020142910641015477
6.9545,0.7023,0.76094,-0.016863901071248806,0.0009881465400940277,0.019273505638801813,-0.018285359098707786,0.02026165217889584
6.9615,0.68,0.73769,-0.01657401422107302,0.0009881465400940277,0.019390538342324935,-0.018402391802230907,0.020378684882418962
6.9685,0.65623,0.71265,-0.016192867905575097,0.0009881465400940277,0.0195052224297682,-0.018517075889674172,0.020493368969862227
6.9755,0.63144,0.68628,-0.01572360404272095,0.0009881465400940277,0.019616930081587245,-0.018628783541493218,0.020605076621681272
6.9825,0.60608,0.65905,-0.015172216254923043,0.0009881465400940277,0.019725065452628993,-0.018736918912534966,0.02071321199272302
6.9895,0.58063,0.63147,-0.014547535589097932,0.0009881465400940277,0.019829084584083063,-0.018840938043989036,0.02081723112417709
6.9965,0.55556,0.60404,-0.013858357750303713,0.0009881465400940277,0.019928505210770976,-0.01894035867067695,0.020916651750865004
7.0035,0.53134,0.57727,-0.01311629899336044,0.0009881465400940277,0.020022916509373795,-0.019034769969279768,0.021011063049467822
7.0105,0.50841,0.55163,-0.012330076314100257,0.0009881465400940277,0.020111978822949916,-0.01912383228285589,0.021100125363043943
7.0175,0.48717,0.52758,-0.011516921980762396,0.0009881465400940277,0.02019544331698193,-0.019207296776887903,0.021183589857075958
7.0245,0.46799,0.50551,-0.010682610861983058,0.0009881465400940277,0.020273141681931537,-0.01928499514183751,0.021261288222025564
7.0315,0.45115,0.48575,-0.009841427860342748,0.0009881465400940277,0.020344975817459685,-0.019356829277365657,0.021333122357553712
7.0385,0.43688,0.46859,-0.009010442565887622,0.0009881465400940277,0.020410957363951487,-0.01942281082385746,0.021399103904045515
7.0455,0.42535,0.45419,-0.008186785891703918,0.0009881465400940277,0.020471147663553055,-0.019483001123459028,0.021459294203647082
7.0525,0.41661,0.44268,-0.007393123006026243,0.0009881465400940277,0.020525677344695115,-0.019537530804601088,0.021513823884789143
7.0595,0.41067,0.43407,-0.006629364685884279,0.0009881465400940277,0.0205747560516168,-0.019586609511522773,0.021562902591710828
7.0665,0.40743,0.42829,-0.005903912828132737,0.0009881465400940277,0.02061862252291586,-0.019630475982821832,0.021606769063009887
7.0735,0.40672,0.4252,-0.005225136071251854,0.0009881465400940277,0.020657574194063708,-0.01966942765396968,0.021645720734157735
7.0805,0.4083,0.42455,-0.004590071322646702,0.0009881465400940277,0.02069192741994235,-0.019703780879848323,0.021680073960036378
7.0875,0.41187,0.42607,-0.004007054673721338,0.0009881465400940277,0.020722017360929643,-0.019733870820835615,0.02171016390102367
7.0945,0.41704,0.42937,-0.0034759320600465013,0.0009881465400940277,0.020748207814497828,-0.0197600612744038,0.021736354354591855
7.1016,0.42343,0.43406,-0.0029936915624648045,0.0009881465400940277,0.020771174978357745,-0.019783028438263718,0.021759321518451773
7.1086,0.43058,0.43969,-0.0025630925920715774,0.0009881465400940277,0.02079062372289862,-0.019802477182804593,0.021778770262992648
7.1156,0.43804,0.4458,-0.0021811231660014588,0.0009881465400940277,0.020807228478051876,-0.01981908193795785,0.021795375018145904
7.1226,0.44535,0.45192,-0.0018448319433914482,0.0009881465400940277,0.020821319320934752,-0.019833172780840725,0.02180946586102878
7.1296,0.45206,0.45759,-0.0015512791741472114,0.0009881465400940277,0.020833205709846137,-0.01984505916975211,0.021821352249940165
7.1366,0.45774,0.46238,-0.0013003390970490242,0.0009881465400940277,0.020843186373795324,-0.019855039833701297,0.02183133291388935
7.1436,0.46202,0.46589,-0.00108348731731901,0.0009881465400940277,0.020851529766245613,-0.019863383226151585,0.02183967630633964
7.1506,0.46455,0.46776,-0.0008978267557967137,0.0009881465400940277,0.020858464365501518,-0.01987031782540749,0.021846610905595545
7.1576,0.46506,0.46771,-0.000740471666480396,0.0009881465400940277,0.02086419840997949,-0.01987605186988546,0.021852344950073516
7.1646,0.46332,0.4655,-0.0006085475811629442,0.0009881465400940277,0.02086891997734624,-0.01988077343725221,0.021857066517440266
7.1716,0.4592,0.46099,-0.0004991912543923291,0.0009881465400940277,0.020872797063270682,-0.019884650523176655,0.02186094360336471
7.1786,0.45262,0.45408,-0.00040676455019083424,0.0009881465400940277,0.020875967908586722,-0.019887821368492695,0.02186411444868075
7.1856,0.44358,0.44477,-0.00033121799153863963,0.0009881465400940277,0.020878550847482774,-0.019890404307388747,0.0218666973875768
7.1926,0.43215,0.43312,-0.000269721658371111,0.0009881465400940277,0.02088065413625746,-0.01989250759616343,0.021868800676351486
7.1996,0.41845,0.41925,-0.0002222345685871501,0.0009881465400940277,0.02088237598305181,-0.019894229442957784,0.02187052252314584
7.2066,0.40269,0.40333,-0.0001776149640607303,0.0009881465400940277,0.02088377545641608,-0.01989562891632205,0.021871921996510106
7.2136,0.38509,0.38561,-0.00014417211933015982,0.0009881465400940277,0.020884901711207948,-0.01989675517111392,0.021873048251301975
7.2206,0.36594,0.36636,-0.00011633382267402473,0.0009881465400940277,0.020885813482004963,-0.019897666941910936,0.02187396002209899
7.2276,0.34554,0.34588,-9.408378991643338e-05,0.0009881465400940277,0.02088654994364903,-0.019898403403555004,0.02187469648374306
7.2346,0.32422,0.32449,-7.464130705221919e-05,0.0009881465400940277,0.02088714048148842,-0.019898993941394393,0.021875287021582448
7.2416,0.30233,0.30252,-5.247459125055885e-05,0.0009881465400940277,0.02088758538713248,-0.01989943884703845,0.021875731927226506
7.2486,0.28019,0.28032,-3.586899539221891e-05,0.0009881465400940277,0.020887894589685728,-0.0198997480495917,0.021876041129779755
7.2556,0.25814,0.25821,-1.9295440763000853e-05,0.0009881465400940277,0.02088808766521227,-0.019899941125118243,0.021876234205306298
7.2626,0.23649,0.2365,-2.753834714835526e-06,0.0009881465400940277,0.020888164837676443,-0.019900018297582416,0.02187631137777047
7.2696,0.21553,0.21549,1.1004732034778323e-05,0.0009881850566561495,0.020888174476097945,-0.019899989419441794,0.021876359532754096
7.2766,0.19554,0.19542,3.298243685237095e-05,0.0009883390117472546,0.020888174476097945,-0.01989983546435069,0.0218765134878452
7.2836,0.17676,0.17656,5.491789774287598e-05,0.000988646662918338,0.020888174476097945,-0.019899527813179607,0.021876821139016282
7.2906,0.15938,0.15909,7.955449482895364e-05,0.0009891173162923394,0.020888174476097945,-0.019899057159805604,0.021877291792390285
7.2976,0.14359,0.14319,0.0001096250822188072,0.0009897794448120065,0.020888174476097945,-0.01989839503128594,0.02187795392090995
7.3047,0.12955,0.12901,0.00014785001437430282,0.0009906934814049122,0.020888174476097945,-0.01989748099469303,0.021878867957502858
7.3117,0.11737,0.11668,0.00018873859704309425,0.000991871541544873,0.020888174476097945,-0.01989630293455307,0.021880046017642818
7.3187,0.10714,0.10628,0.00023501441512836972,0.000993354677087473,0.020888174476097945,-0.01989481979901047,0.02188152915318542
7.3257,0.09896,0.09787,0.00029758248358518845,0.0009952187662329707,0.020888174476097945,-0.019892955709864973,0.021883393242330917
7.3327,0.09286,0.09153,0.0003627586018792526,0.0009975299600320962,0.020888174476097945,-0.01989064451606585,0.02188570443613004
7.3397,0.08889,0.08727,0.0004414349360328069,0.0010003446374147883,0.020888174476097945,-0.019887829838683157,0.021888519113512733
7.3467,0.08706,0.08511,0.0005308505859773758,0.0010037476367418241,0.020888174476097945,-0.01988442683935612,0.02189192211283977
7.3537,0.0874,0.08506,0.0006364143220419676,0.0010078330639198916,0.020888174476097945,-0.01988034141217805,0.021896007540017838
7.3607,0.08988,0.08711,0.0007526458081432458,0.0010126947743755396,0.020888174476097945,-0.019875479701722404,0.021900869250473486
7.3677,0.0945,0.09123,0.0008876582922757428,0.0010184358387270065,0.020888174476097945,-0.01986973863737094,0.02190661031482495
7.3747,0.10122,0.09739,0.001038686319443503,0.0010251780448680236,0.020888174476097945,-0.01986299643122992,0.02191335252096597
7.3817,0.10998,0.10554,0.0012029749244753917,0.0010330238592217403,0.020888174476097945,-0.019855150616876205,0.021921198335319685
7.3887,0.12073,0.1156,0.0013886069267936198,0.0010420943957011814,0.020888174476097945,-0.019846080080396764,0.021930268871799125
7.3957,0.13337,0.1275,0.0015874088997660768,0.00105251045109414,0.020888174476097945,-0.019835664025003804,0.021940684927192085
7.4027,0.14779,0.14111,0.0018047469166655385,0.0010643829964516514,0.020888174476097945,-0.019823791479646292,0.021952557472549598
7.4097,0.16385,0.15631,0.0020351701148494518,0.0010778227060619532,0.020888174476097945,-0.01981035177003599,0.0219659971821599
7.4167,0.18139,0.17293,0.0022813380614019703,0.0010929304846788324,0.020888174476097945,-0.01979524399141911,0.02198110496077678
7.4237,0.20022,0.19078,0.002543206217923678,0.0011098163896564736,0.020888174476097945,-0.01977835808644147,0.021997990865754418
7.4307,0.2201,0.20966,0.0028099640679882048,0.0011285524856571643,0.020888174476097945,-0.01975962199044078,0.02201672696175511
7.4377,0.24077,0.2293,0.0030842868090942112,0.0011491823637269545,0.020888174476097945,-0.01973899211237099,0.022037356839824898
7.4447,0.26197,0.24944,0.0033661531022069354,0.0011717589034165074,0.020888174476097945,-0.019716415572681438,0.02205993337951445
7.4517,0.28336,0.26979,0.0036421219319081625,0.001196287866035909,0.020888174476097945,-0.019691886610062034,0.022084462342133855
7.4587,0.30464,0.29002,0.003920254199793536,0.0012227561824968672,0.020888174476097945,-0.019665418293601078,0.02211093065859481
7.4657,0.32544,0.3098,0.004189828147394079,0.0012511414707120226,0.020888174476097945,-0.019637033005385923,0.022139315946809967
7.4727,0.34542,0.32881,0.00444551500796232,0.0012813651717557687,0.020888174476097945,-0.019606809304342176,0.022169539647853714
7.4797,0.36423,0.3467,0.0046873537708731604,0.0013133302124816954,0.020888174476097945,-0.019574844263616248,0.02220150468857964
7.4867,0.38151,0.36315,0.004904697663857252,0.0013469023925032503,0.020888174476097945,-0.019541272083594696,0.022235076868601194
7.4937,0.39695,0.37784,0.0051002842387605635,0.001381919829162411,0.020888174476097945,-0.019506254646935534,0.022270094305260356
7.5008,0.41024,0.39048,0.005268771331058021,0.0014187299764352687,0.020888174476097945,-0.019469444499662675,0.022306904452533215
7.5078,0.42112,0.40084,0.005402381523215862,0.0014560790114252254,0.020888174476097945,-0.01943209546467272,0.02234425348752317
7.5148,0.42938,0.40869,0.005506467237983708,0.001494259982089427,0.020888174476097945,-0.019393914494008516,0.022382434458187373
7.5218,0.43483,0.41388,0.005570475152224193,0.001533029280455153,0.020888174476097945,-0.01935514519564279,0.0224212037565531
7.5288,0.43737,0.4163,0.0055971735203485225,0.0015721160508091606,0.020888174476097945,-0.019316058425288784,0.022460290526907106
7.5358,0.43695,0.4159,0.005586666312800237,0.0016112594902251795,0.020888174476097945,-0.019276914985872765,0.022499433966323125
7.5428,0.43357,0.41268,0.005539057114069051,0.0016501995222192203,0.020888174476097945,-0.019237974953878724,0.022538373998317165
7.5498,0.4273,0.40671,0.005454449124480118,0.0016886767940541454,0.020888174476097945,-0.0191994976820438,0.02257685127015209
7.5568,0.41826,0.39811,0.005332945161973322,0.0017264326740567308,0.020888174476097945,-0.019161741802041214,0.022614607150154675
7.5638,0.40663,0.38704,0.0051799360109997614,0.0017632277581621349,0.020888174476097945,-0.01912494671793581,0.02265140223426008
7.5708,0.39265,0.37373,0.004998150789876893,0.001798851061965206,0.020888174476097945,-0.01908932341413274,0.02268702553806315
7.5778,0.37657,0.35842,0.004790308532819552,0.0018331106695946419,0.020888174476097945,-0.019055063806503302,0.022721285145692587
7.5848,0.35869,0.34141,0.004556481383820276,0.0018658244343028839,0.020888174476097945,-0.01902235004179506,0.02275399891040083
7.5918,0.33935,0.323,0.004307278906188249,0.0018968475953179123,0.020888174476097945,-0.01899132688078003,0.022785022071415858
7.5988,0.31887,0.30351,0.004042743591093327,0.0019260726740583964,0.020888174476097945,-0.018962101802039548,0.02281424715015634
7.6058,0.29759,0.28326,0.0037681769176155064,0.0019534108958388797,0.020888174476097945,-0.018934763580259063,0.022841585371936826
7.6128,0.27585,0.26256,0.0034914880201765363,0.0019788197231211508,0.020888174476097945,-0.018909354752976795,0.022866994199219094
7.6198,0.25396,0.24173,0.003210058006771836,0.002002275134215469,0.020888174476097945,-0.018885899341882475,0.022890449610313415
7.6268,0.23222,0.22103,0.002934389258929041,0.002023780699645424,0.020888174476097945,-0.01886439377645252,0.02291195517574337
7.6338,0.2109,0.20074,0.0026618460006811815,0.0020433675230540588,0.020888174476097945,-0.018844806953043886,0.022931541999152004
7.6408,0.19023,0.18107,0.0023976546958433677,0.0020610757754918937,0.020888174476097945,-0.018827098700606053,0.022949250251589837
7.6478,0.17043,0.16222,0.002147022673187059,0.0020769821462835016,0.020888174476097945,-0.018811192329814444,0.022965156622381445
7.6548,0.15165,0.14434,0.0019099127344933927,0.0020911814202103827,0.020888174476097945,-0.018796993055887563,0.022979355896308326
7.6618,0.13403,0.12757,0.0016862878174841475,0.002103768122142305,0.020888174476097945,-0.01878440635395564,0.02299194259824025
7.6688,0.11764,0.11198,0.0014761109952013348,0.002114836517986704,0.020888174476097945,-0.01877333795811124,0.02300301099408465
7.6758,0.10256,0.09762,0.0012871622501889055,0.0021245079743455694,0.020888174476097945,-0.018763666501752374,0.023012682450443515
7.6828,0.08881,0.08453,0.0011141771229239354,0.002132912662151465,0.020888174476097945,-0.01875526181394648,0.02302108713824941
7.6898,0.07638,0.0727,0.0009571120185180376,0.0021401621741465116,0.020888174476097945,-0.018748012301951434,0.023028336650244455
7.6968,0.06524,0.0621,0.0008159235006756065,0.002146367798463689,0.020888174476097945,-0.018741806677634254,0.023034542274561635
7.7039,0.05535,0.05268,0.0006931554147899131,0.0021517250286135917,0.020888174476097945,-0.018736449447484354,0.023039899504711536
7.7109,0.04664,0.04439,0.0005835894642648723,0.0021561936356902832,0.020888174476097945,-0.018731980840407662,0.023044368111788227
7.7179,0.03903,0.03715,0.00048717915495147637,0.002159941325857541,0.020888174476097945,-0.018728233150240404,0.023048115801955486
7.7249,0.03244,0.03088,0.00040388872347861993,0.002163060063432046,0.020888174476097945,-0.0187251144126659,0.02305123453952999
7.7319,0.02678,0.02549,0.0003336825359872742,0.002165641562840177,0.020888174476097945,-0.018722532913257768,0.02305381603893812
7.7389,0.02196,0.0209,0.0002739407409321743,0.0021677682443093952,0.020888174476097945,-0.01872040623178855,0.02305594272040734
7.7459,0.01789,0.01702,0.00022463496817671266,0.0021695132592912765,0.020888174476097945,-0.018718661216806667,0.023057687735389222
7.7529,0.01447,0.01377,0.0001805775903210414,0.0021709315032460187,0.020888174476097945,-0.018717242972851926,0.023059105979343963
7.7599,0.01162,0.01106,0.00014433175685253668,0.002172068685961126,0.020888174476097945,-0.018716105790136817,0.023060243162059072
7.7669,0.00927,0.00883,0.00011330131712781192,0.002172970401720057,0.020888174476097945,-0.01871520407437789,0.023061144877818
7.7739,0.00735,0.007,9.004489381134298e-05,0.0021736821134583444,0.020888174476097945,-0.0187144923626396,0.023061856589556288
7.7809,0.00579,0.00551,7.197110874063408e-05,0.002174249169467276,0.020888174476097945,-0.018713925306630668,0.02306242364556522
7.7879,0.00452,0.0043,5.649790058937576e-05,0.0021746988109999314,0.020888174476097945,-0.01871347566509801,0.023062873287097878
7.7949,0.00351,0.00334,4.3618263223389654e-05,0.002175049217573276,0.020888174476097945,-0.018713125258524668,0.023063223693671222
7.8019,0.00271,0.00258,3.3325215652597535e-05,0.002175318519749342,0.020888174476097945,-0.0187128559563486,0.023063492995847288
7.8089,0.00207,0.00197,2.561180191832392e-05,0.00217552479931084,0.020888174476097945,-0.018712649676787103,0.023063699275408786
7.8159,0.00158,0.0015,2.047109098120498e-05,0.0021756860894359886,0.020888174476097945,-0.018712488386661955,0.023063860565533934
7.8229,0.00119,0.00114,1.278298329264087e-05,0.002175802478695947,0.020888174476097945,-0.018712371997401996,0.023063976954793893
7.8299,0.00089,0.00085,1.0217244153820609e-05,0.0021758829794920097,0.020888174476097945,-0.018712291496605936,0.023064057455589954
7.8369,0.00067,0.00063,1.0208118005844147e-05,0.0021759544682595686,0.020888174476097945,-0.018712220007838377,0.023064128944357512
7.8439,0.00049,0.00047,5.099504073228878e-06,0.002176008044936845,0.020888174476097945,-0.0187121664311611,0.02306418252103479
7.8509,0.00036,0.00035,2.547478633022972e-06,0.002176034809376317,0.020888174476097945,-0.01871213966672163,0.02306420928547426
7.8579,0.00027,0.00025,5.090418559666068e-06,0.0021760615420164916,0.020888174476097945,-0.018712112934081454,0.023064236018114435
7.8649,0.00019,0.00018,2.542943966229704e-06,0.002176088258785332,0.020888174476097945,-0.01871208621731261,0.023064262734883278
7.8719,0.00014,0.00013,2.5406826814365017e-06,0.002176106051478599,0.020888174476097945,-0.018712068424619345,0.023064280527576544
7.8789,0.0001,9e-05,2.538425414715252e-06,0.0021761238283569354,0.020888174476097945,-0.018712050647741008,0.023064298304454882
7.8859,7e-05,7e-05,0.0,0.002176132712845887,0.020888174476097945,-0.018712041763252057,0.023064307188943832
7.8929,5e-05,5e-05,0.0,0.002176132712845887,0.020888174476097945,-0.018712041763252057,0.023064307188943832
7.8999,3e-05,3e-05,0.0,0.002176132712845887,0.020888174476097945,-0.018712041763252057,0.023064307188943832
7.907,2e-05,2e-05,0.0,0.002176132712845887,0.020888174476097945,-0.018712041763252057,0.023064307188943832
7.914,2e-05,2e-05,0.0,0.002176132712845887,0.020888174476097945,-0.018712041763252057,0.023064307188943832
7.921,1e-05,1e-05,0.0,0.002176132712845887,0.020888174476097945,-0.018712041763252057,0.023064307188943832
7.928,1e-05,1e-05,0.0,0.002176132712845887,0.020888174476097945,-0.018712041763252057,0.023064307188943832
7.935,1e-05,1e-05,0.0,0.002176132712845887,0.020888174476097945,-0.018712041763252057,0.023064307188943832
7.942,0.0,0.0,0.0,0.002176132712845887,0.020888174476097945,-0.018712041763252057,0.023064307188943832
7.949,0.0,0.0,0.0,0.002176132712845887,0.020888174476097945,-0.018712041763252057,0.023064307188943832
7.956,0.0,0.0,0.0,0.002176132712845887,0.020888174476097945,-0.018712041763252057,0.023064307188943832
7.963,0.0,0.0,0.0,0.002176132712845887,0.020888174476097945,-0.018712041763252057,0.023064307188943832
7.97,0.0,0.0,0.0,0.002176132712845887,0.020888174476097945,-0.018712041763252057,0.023064307188943832
7.977,0.0,0.0,0.0,0.002176132712845887,0.020888174476097945,-0.018712041763252057,0.023064307188943832
7.984,0.0,0.0,0.0,0.002176132712845887,0.020888174476097945,-0.018712041763252057,0.023064307188943832
7.991,0.0,0.0,0.0,0.002176132712845887,0.020888174476097945,-0.018712041763252057,0.023064307188943832
7.998,0.0,0.0,0.0,0.002176132712845887,0.020888174476097945,-0.018712041763252057,0.023064307188943832
8.005,0.0,0.0,0.0,0.002176132712845887,0.020888174476097945,-0.018712041763252057,0.023064307188943832
8.012,0.0,0.0,0.0,0.002176132712845887,0.020888174476097945,-0.018712041763252057,0.023064307188943832
8.019,0.0,0.0,0.0,0.002176132712845887,0.020888174476097945,-0.018712041763252057,0.023064307188943832
8.026,1e-05,0.0,2.4919013207077e-06,0.0021761414345005093,0.020888174476097945,-0.018712033041597437,0.023064315910598453
8.033,1e-05,1e-05,0.0,0.0021761501561551318,0.020888174476097945,-0.018712024319942813,0.023064324632253077
8.04,1e-05,1e-05,0.0,0.0021761501561551318,0.020888174476097945,-0.018712024319942813,0.023064324632253077
8.047,2e-05,1e-05,2.4853982850751835e-06,0.0021761588550491297,0.020888174476097945,-0.018712015621048815,0.023064333331147074
8.054,3e-05,2e-05,2.483238142537869e-06,0.0021761762452766264,0.020888174476097945,-0.018711998230821317,0.023064350721374572
8.061,4e-05,2e-05,4.962163503287434e-06,0.0021762023041823867,0.020888174476097945,-0.01871197217191556,0.02306437678028033
8.068,6e-05,3e-05,7.436787307882995e-06,0.0021762457005102256,0.020888174476097945,-0.018711928775587718,0.02306442017660817
8.075,8e-05,5e-05,7.4303405572755435e-06,0.0021762977354577535,0.020888174476097945,-0.01871187674064019,0.0230644722115557
8.082,0.00012,7e-05,1.2373174956693889e-05,0.0021763670477620524,0.020888174476097945,-0.01871180742833589,0.023064541523859998
8.089,0.00017,0.0001,1.730745456793176e-05,0.0021764709299653883,0.020888174476097945,-0.018711703546132556,0.023064645406063334
8.096,0.00023,0.00014,2.2233201581027673e-05,0.00217660932226191,0.020888174476097945,-0.018711565153836034,0.023064783798359856
8.1031,0.00032,0.00019,3.2086485419160574e-05,0.0021768021571507605,0.020888174476097945,-0.018711372318947185,0.023064976633248704
8.1101,0.00045,0.00027,4.43890950789756e-05,0.002177069821682504,0.020888174476097945,-0.01871110465441544,0.023065244297780448
8.1171,0.00061,0.00037,5.9134419928299504e-05,0.0021774321539850296,0.020888174476097945,-0.018710742322112915,0.023065606630082974
8.1241,0.00083,0.0005,8.123976809738924e-05,0.0021779234636431196,0.020888174476097945,-0.018710251012454826,0.023066097939741063
8.1311,0.00113,0.00068,0.00011068613102778219,0.0021785952042900577,0.020888174476097945,-0.018709579271807886,0.023066769680388004
8.1381,0.00152,0.00091,0.000149912141654686,0.0021795072982444463,0.020888174476097945,-0.018708667177853498,0.023067681774342392
8.1451,0.00202,0.00122,0.00019643712170507426,0.0021807195206662053,0.020888174476097945,-0.01870745495543174,0.02306889399676415
8.1521,0.00268,0.00162,0.00026005569117159996,0.002182317245511274,0.020888174476097945,-0.01870585723058667,0.02307049172160922
8.1591,0.00354,0.00213,0.0003456263558480715,0.002184437132675843,0.020888174476097945,-0.0187037373434221,0.023072611608773788
8.1661,0.00462,0.00279,0.000448194364506925,0.0021872155051970853,0.020888174476097945,-0.01870095897090086,0.02307538998129503
8.1731,0.00601,0.00362,0.00058484540749532,0.002190831144399093,0.020888174476097945,-0.01869734333169885,0.02307900562049704
8.1801,0.00776,0.00468,0.0007530470287649296,0.0021955137679260037,0.020888174476097945,-0.01869266070817194,0.02308368824402395
8.1871,0.00994,0.00599,0.0009649326379304027,0.002201526696759437,0.020888174476097945,-0.018686647779338508,0.023089701172857382
8.1941,0.01266,0.00763,0.0012277126224966744,0.0022092009551709334,0.020888174476097945,-0.01867897352092701,0.023097375431268878
8.2011,0.01601,0.00966,0.0015485727524356487,0.002218917953983196,0.020888174476097945,-0.01866925652211475,0.02310709243008114
8.2081,0.02012,0.01214,0.0019444207551077592,0.0022311434312595976,0.020888174476097945,-0.018657031044838346,0.023119317907357544
8.2151,0.02511,0.01515,0.0024248031064746625,0.0022464357147751355,0.020888174476097945,-0.01864173876132281,0.02313461019087308
8.2221,0.03113,0.01879,0.0030016662409846637,0.0022654283574912422,0.020888174476097945,-0.018622746118606703,0.023153602833589186
8.2291,0.03834,0.02315,0.0036917767435077947,0.002288855407936971,0.020888174476097945,-0.018599319068160973,0.023177029884034916
8.2361,0.04691,0.02833,0.004511844198103471,0.002317568081232609,0.020888174476097945,-0.018570606394865335,0.023205742557330555
8.2431,0.05701,0.03445,0.005473668886705243,0.0023525173770294378,0.020888174476097945,-0.018535657099068507,0.023240691853127382
8.2501,0.06883,0.04161,0.006598707894449765,0.002394770695763478,0.020888174476097945,-0.018493403780334466,0.023282945171861424
8.2571,0.08256,0.04994,0.007901079071344661,0.0024455199501437564,0.020888174476097945,-0.01844265452595419,0.0233336944262417
8.2641,0.09839,0.05955,0.009399692646507184,0.002506072651156235,0.020888174476097945,-0.01838210182494171,0.02339424712725418
8.2711,0.11649,0.07056,0.011106140658437208,0.0025778430677235553,0.020888174476097945,-0.01831033140837439,0.0234660175438215
8.2781,0.13704,0.08307,0.013039223976516348,0.0026623518439458887,0.020888174476097945,-0.018225822632152056,0.023550526320043834
8.2851,0.16019,0.09718,0.015210438015232162,0.002761225660917004,0.020888174476097945,-0.01812694881518094,0.02364940013701495
8.2921,0.18607,0.11298,0.01762882743816404,0.002876163090003885,0.020888174476097945,-0.01801201138609406,0.02376433756610183
8.2991,0.21477,0.13055,0.02029617669385837,0.0030089006044659574,0.020888174476097945,-0.017879273871631986,0.023897075080563903
8.3062,0.24636,0.14992,0.023221208254075268,0.0031633873210311484,0.020888174476097945,-0.017724787155066795,0.024051561797129094
8.3132,0.28086,0.17114,0.026396574123081367,0.0033370495593511885,0.020888174476097945,-0.017551124916746756,0.024225224035449133
8.3202,0.31825,0.19421,0.029816590947332994,0.0035337956370976296,0.020888174476097945,-0.017354378839000314,0.024421970113195576
8.3272,0.35847,0.2191,0.03347343644922664,0.003755310732985578,0.020888174476097945,-0.01713286374311237,0.02464348520908352
8.3342,0.40139,0.24578,0.037342516378296664,0.0040031665678818985,0.020888174476097945,-0.016885007908216045,0.024891341043979845
8.3412,0.44685,0.27416,0.041406512252433705,0.0042787881680895114,0.020888174476097945,-0.016609386308008435,0.025166962644187454
8.3482,0.49464,0.30414,0.04563858077190292,0.004583445993674676,0.020888174476097945,-0.01630472848242327,0.02547162046977262
8.3552,0.54449,0.3356,0.05000239371888166,0.004918189404392407,0.020888174476097945,-0.015969985071705536,0.025806363880490353
8.3622,0.59611,0.36839,0.05446413623209204,0.005283822259220797,0.020888174476097945,-0.015604352216877147,0.026171996735318743
8.3692,0.64916,0.40235,0.05898054772260192,0.005680878653062208,0.020888174476097945,-0.015207295823035736,0.026569053129160154
8.3762,0.70329,0.43729,0.06351328764833694,0.0061096070768605825,0.020888174476097945,-0.014778567399237361,0.026997781552958528
8.3832,0.75813,0.47301,0.06802175780131692,0.006569979735934349,0.020888174476097945,-0.014318194740163596,0.027458154212032293
8.3902,0.81328,0.50932,0.07245596052537484,0.007061651750077748,0.020888174476097945,-0.013826522726020196,0.027949826226175693
8.3972,0.86837,0.54602,0.07677559186395466,0.007583962183440376,0.020888174476097945,-0.013304212292657568,0.028472136659538322
8.4042,0.92301,0.58289,0.08094048213988243,0.00813596844245378,0.020888174476097945,-0.012752206033644164,0.029024142918551724
8.4112,0.97684,0.61974,0.08491059539661407,0.008716447213831491,0.020888174476097945,-0.012171727262266454,0.029604621689929438
8.4182,1.0295,0.65636,0.08865078045187808,0.00932391202930134,0.020888174476097945,-0.011564262446796605,0.030212086505399284
8.4252,1.08067,0.69257,0.09212837677443858,0.009956639079593418,0.020888174476097945,-0.010931535396504526,0.030844813555691363
8.4322,1.13004,0.72816,0.09532031972676168,0.010612709517347588,0.020888174476097945,-0.010275464958750357,0.031500883993445535
8.4392,1.17732,0.76294,0.09820362119632192,0.011290043310578349,0.020888174476097945,-0.009598131165519596,0.032178217786676296
8.4462,1.22224,0.79672,0.10076010513603752,0.011986416352741575,0.020888174476097945,-0.00890175812335637,0.03287459082883952
8.4532,1.26456,0.8293,0.1029811195760185,0.01269951063923392,0.020888174476097945,-0.008188663836864025,0.03358768511533186
8.4602,1.30402,0.86049,0.10485094915013829,0.013426922879775434,0.020888174476097945,-0.007461251596322511,0.034315097355873375
8.4672,1.34039,0.89005,0.10637282690854119,0.014166206095980778,0.020888174476097945,-0.006721968380117167,0.03505438057207872
8.4742,1.37344,0.91777,0.10754289490453377,0.014914911122326506,0.020888174476097945,-0.005973263353771439,0.03580308559842445
8.4812,1.40291,0.94341,0.10835730792812341,0.015670561832240772,0.020888174476097945,-0.005217612643857172,0.03655873630833872
8.4882,1.42856,0.96669,0.1088263707264202,0.016430704707531833,0.020888174476097945,-0.004457469768566112,0.03731887918362978
8.4952,1.45013,0.98737,0.10894622845842356,0.01719290880467875,0.020888174476097945,-0.003695265671419194,0.038081083280776695
8.5023,1.46735,1.00515,0.10872352187055266,0.017965636418346555,0.020888174476097945,-0.0029225380577513893,0.0388538108944445
8.5093,1.47997,1.01976,0.10816635915997791,0.018724751001953376,0.020888174476097945,-0.0021634234741445685,0.03961292547805132
8.5163,1.48771,1.03091,0.10727663421908579,0.019478801478780065,0.020888174476097945,-0.00140937299731788,0.04036697595487801
8.5233,1.49034,1.03834,0.10606220595309326,0.020225487419382845,0.020888174476097945,-0.0006626870567151,0.04111366189548079
8.5303,1.48762,1.04182,0.10452152913731051,0.020962530492199222,0.020888174476097945,7.435601610127768e-05,0.04185070496829717
8.5373,1.47937,1.04111,0.10266946224216089,0.021687698962027338,0.020888174476097945,0.0007995244859293933,0.042575873438125286
8.5443,1.46544,1.03607,0.10050442985382069,0.02239880758436324,0.020888174476097945,0.0015106331082652968,0.043286982060461186
8.5513,1.44576,1.02656,0.09804357232233696,0.02309372559197976,0.020888174476097945,0.0022055511158818146,0.0439819000680777
8.5583,1.42032,1.01255,0.09529228935653108,0.023770401107855766,0.020888174476097945,0.0028822266317578213,0.04465857558395371
8.5653,1.38919,0.99405,0.09226530302499618,0.024426852681191248,0.020888174476097945,0.0035386782050933034,0.04531502715728919
8.5723,1.35254,0.97115,0.08898195350139405,0.025061218079033585,0.020888174476097945,0.00417304360293564,0.04594939255513153
8.5793,1.31062,0.94402,0.08546151783945076,0.025671770228726513,0.020888174476097945,0.004783595752628569,0.046559944704824455
8.5863,1.26377,0.91291,0.08172553952226223,0.02625692492949248,0.020888174476097945,0.005368750453394536,0.047145099405590425
8.5933,1.21244,0.87814,0.0778048014150559,0.02681528112277307,0.020888174476097945,0.005927106646675125,0.047703455598871014
8.6003,1.15714,0.8401,0.07372766066300014,0.027345644740046374,0.020888174476097945,0.006457470263948429,0.04823381921614432
8.6073,1.09845,0.79923,0.06952702938203616,0.027847036155203977,0.020888174476097945,0.006958861679106032,0.04873521063130192
8.6143,1.03703,0.75602,0.06524267787283931,0.02831873013059602,0.020888174476097945,0.007430555654498076,0.04920690460669397
8.6213,0.97355,0.71101,0.06090496792827068,0.028760246890899885,0.020888174476097945,0.00787207241480194,0.04964842136699783
8.6283,0.90873,0.66474,0.05655575258162096,0.029171359412684485,0.020888174476097945,0.00828318493658654,0.050059533888782426
8.6353,0.8433,0.61776,0.05223674915752784,0.029552133168771585,0.020888174476097945,0.00866395869267364,0.05044030764486953
8.6423,0.77794,0.57062,0.0479779688277426,0.029902884681720015,0.020888174476097945,0.00901471020562207,0.05079105915781796
8.6493,0.71333,0.52384,0.04381626258772387,0.030224164491674133,0.020888174476097945,0.009335990015576189,0.05111233896777208
8.6563,0.65011,0.47791,0.03978605177731825,0.030516772591951766,0.020888174476097945,0.009628598115853822,0.05140494706804971
8.6633,0.58884,0.43327,0.03591472071843294,0.030781725295686884,0.020888174476097945,0.00989355081958894,0.05166989977178483
8.6703,0.53002,0.39032,0.032224951847110266,0.031020214149666273,0.020888174476097945,0.010132039673568329,0.05190838862576422
8.6773,0.47408,0.34938,0.028741659271893323,0.03123359728858283,0.020888174476097945,0.010345422812484885,0.052121771764680774
8.6843,0.42135,0.31073,0.025475858733576683,0.03142335860160197,0.020888174476097945,0.010535184125504023,0.05231153307769991
8.6913,0.3721,0.27457,0.022443132787960375,0.03159107507192734,0.020888174476097945,0.010702900595829398,0.052479249548025284
8.6983,0.32649,0.24104,0.019647517330972718,0.0317383923473436,0.020888174476097945,0.010850217871245658,0.05262656682344155
8.7054,0.28461,0.21022,0.017090541502975162,0.031868812456204106,0.020888174476097945,0.01098063798010616,0.05275698693230205
8.7124,0.2465,0.18214,0.014774344612276754,0.03198033955760751,0.020888174476097945,0.011092165081509568,0.05286851403370546
8.7194,0.21209,0.15677,0.012688946487143611,0.03207646107645548,0.020888174476097945,0.011188286600357537,0.05296463555255343
8.7264,0.18128,0.13405,0.010824624129079573,0.03215875857361226,0.020888174476097945,0.011270584097514313,0.0530469330497102
8.7334,0.15393,0.11386,0.009176265830031834,0.032228761688469144,0.020888174476097945,0.0113405872123712,0.053116936164567086
8.7404,0.12985,0.09607,0.007729623358198708,0.03228793230062795,0.020888174476097945,0.011399757824530007,0.05317610677672589
8.7474,0.1088,0.08052,0.006465921302329834,0.03233761670693981,0.020888174476097945,0.011449442230841867,0.05322579118303776
8.7544,0.09056,0.06704,0.005373297998720643,0.032379053974493484,0.020888174476097945,0.011490879498395539,0.053267228450591425
8.7614,0.07488,0.05544,0.004437646951400461,0.03241339228181891,0.020888174476097945,0.011525217805720963,0.05330156675791685
8.7684,0.06151,0.04555,0.0036403448747776112,0.03244166525321053,0.020888174476097945,0.011553490777112586,0.05332983972930848
8.7754,0.05019,0.03718,0.002965107003669349,0.03246478433478509,0.020888174476097945,0.011576609858687147,0.05335295881088303
8.7824,0.04069,0.03015,0.0024002550555656758,0.03248356310199242,0.020888174476097945,0.011595388625894477,0.05337173757809037
8.7894,0.03278,0.0243,0.0019295970145857505,0.03249871758423795,0.020888174476097945,0.011610543108140008,0.053386892060335894
8.7964,0.02624,0.01947,0.001539266063389568,0.032510858605010864,0.020888174476097945,0.01162268412891292,0.05339903308110881
8.8034,0.0209,0.01553,0.0012199831883136056,0.03252051597739183,0.020888174476097945,0.011632341501293882,0.05340869045348977
8.8104,0.01657,0.01234,0.0009602288204848818,0.03252814671942262,0.020888174476097945,0.011639972243324675,0.05341632119552056
8.8174,0.01309,0.00979,0.0007485199718737949,0.032534127340195874,0.020888174476097945,0.01164595286409793,0.053422301816293816
8.8244,0.01035,0.0078,0.0005779429762930058,0.03253876996051446,0.020888174476097945,0.011650595484416517,0.0534269444366124
8.8314,0.00823,0.00628,0.00044160608737006576,0.03254233838223728,0.020888174476097945,0.011654163906139336,0.05343051285833522
8.8384,0.00663,0.00516,0.00033263939174511223,0.03254504824141418,0.020888174476097945,0.011656873765316236,0.05343322271751212
8.8454,0.00549,0.00441,0.00024419472268071544,0.03254706716081467,0.020888174476097945,0.011658892684716728,0.053435241636912614
8.8524,0.00475,0.00399,0.00017170484840269313,0.03254852280931347,0.020888174476097945,0.011660348333215522,0.05343669728541141
8.8594,0.00437,0.00387,0.0001128744610244485,0.03254951883689646,0.020888174476097945,0.011661344360798517,0.0534376933129944
8.8664,0.00434,0.00407,6.0904087340972716e-05,0.03255012706181574,0.020888174476097945,0.011661952585717793,0.05343830153791368
8.8734,0.00466,0.00459,1.5777492280298365e-05,0.032550395447344414,0.020888174476097945,0.01166222097124647,0.053438569923442356
8.8804,0.00534,0.00548,-3.1530111256249606e-05,0.0325504506685674,0.02088828483148734,0.011662165837080057,0.053438735500054735
8.8874,0.00643,0.00676,-7.426243895852566e-05,0.0325504506685674,0.020888655105413094,0.011661795563154304,0.05343910577398049
8.8944,0.00797,0.00853,-0.00012592192840438923,0.0325504506685674,0.020889355750698863,0.011661094917868535,0.05343980641926626
8.9015,0.01004,0.01085,-0.00018199179913497724,0.0325504506685674,0.020890448844431628,0.01166000182413577,0.053440899512999025
8.9085,0.01275,0.01385,-0.0002469551551888646,0.0325504506685674,0.020891950158771763,0.011658500509795635,0.05344240082733916
8.9155,0.01619,0.01766,-0.00032976277269923147,0.0325504506685674,0.02089396867151937,0.011656481997048027,0.05344441934008677
8.9225,0.02052,0.02242,-0.0004258896049313531,0.0325504506685674,0.020896613454841076,0.011653837213726322,0.05344706412340847
8.9295,0.0259,0.02832,-0.000542023629542528,0.0325504506685674,0.020900001151161734,0.011650449517405664,0.05345045181972913
8.9365,0.03251,0.03557,-0.0006848318693000615,0.0325504506685674,0.020904295145407682,0.011646155523159715,0.05345474581397508
8.9435,0.04056,0.04439,-0.0008564879521440152,0.0325504506685674,0.020909689764782736,0.011640760903784662,0.05346014043335014
8.9505,0.05028,0.05504,-0.0010636277302943972,0.0325504506685674,0.02091641016967127,0.011634040498896128,0.053466860838238664
8.9575,0.06192,0.0678,-0.001312866313145408,0.0325504506685674,0.020924727898823308,0.01162572276974409,0.0534751785673907
8.9645,0.07575,0.08295,-0.0016063361035194375,0.0325504506685674,0.020934945107281635,0.011615505561285763,0.05348539577584903
8.9715,0.09205,0.1008,-0.001950621412249901,0.0325504506685674,0.02094739445858683,0.011603056209980568,0.05349784512715423
8.9785,0.11111,0.12166,-0.002350058473018879,0.0325504506685674,0.02096244683818527,0.011588003830382127,0.05351289750675267
8.9855,0.1332,0.14585,-0.0028156474319737342,0.0325504506685674,0.020980526808852745,0.011569923859714653,0.05353097747742014
8.9925,0.1586,0.17366,-0.003349457881567977,0.0325504506685674,0.021002104677450138,0.01154834599111726,0.053552555346017536
8.9995,0.18756,0.20538,-0.003960220012222902,0.0325504506685674,0.021027688550078406,0.011522762118488992,0.05357813921864581
9.0065,0.2203,0.24123,-0.004647754399600289,0.0325504506685674,0.021057816460519792,0.011492634208047605,0.053608267129087186
9.0135,0.25701,0.28143,-0.0054185388583790975,0.0325504506685674,0.021093048486922717,0.01145740218164468,0.05364349915549012
9.0205,0.29779,0.32609,-0.006274596751843022,0.0325504506685674,0.021133974461558493,0.011416476207008905,0.05368442513012589
9.0275,0.34271,0.37527,-0.007213514261977287,0.0325504506685674,0.021181182850106863,0.011369267818460534,0.05373163351867426
9.0345,0.39173,0.42894,-0.008237312524212732,0.0325504506685674,0.021235260743858526,0.011315189924708872,0.05378571141242593
9.0415,0.44471,0.48696,-0.009345794392523367,0.0325504506685674,0.021296801618067098,0.0112536490505003,0.05384725228663449
9.0485,0.50143,0.54907,-0.010529922086533658,0.0325504506685674,0.021366366625743812,0.011184084042823585,0.053916817294311206
9.0555,0.56155,0.6149,-0.011782894373585116,0.0325504506685674,0.021444461483354223,0.011105989185213175,0.05399491215192162
9.0625,0.62461,0.68395,-0.013095724137931024,0.0325504506685674,0.021531536648144525,0.011018914020422873,0.05408198731671192
9.0695,0.69003,0.75559,-0.014457246816252264,0.0325504506685674,0.021627972046484163,0.010922478622083235,0.054178422715051563
9.0765,0.75713,0.82906,-0.015849721809067383,0.0325504506685674,0.021734046436672778,0.01081640423189462,0.05428449710524018
9.0835,0.82511,0.90351,-0.01726206858589751,0.0325504506685674,0.02184993770305518,0.010700512965512218,0.054400388371622574
9.0905,0.89309,0.97795,-0.018670040151806816,0.0325504506685674,0.02197570008363714,0.010574750584930258,0.05452615075220454
9.0975,0.96011,1.05134,-0.020056059356966183,0.0325504506685674,0.02211124143191784,0.010439209236649559,0.054661692100485236
9.1046,1.02516,1.12256,-0.021395777958394643,0.0325504506685674,0.022258395454387358,0.01029205521418004,0.05480884612295475
9.1116,1.08717,1.19047,-0.022674393081346843,0.0325504506685674,0.022412641053026445,0.010137809615540953,0.054963091721593846
9.1186,1.14512,1.25392,-0.023863312350580132,0.0325504506685674,0.022575523022038222,0.009974927646529175,0.05512597369060562
9.1256,1.19796,1.31178,-0.02494520908214255,0.0325504506685674,0.022746352847052745,0.009804097821514653,0.05529680351562014
9.1326,1.24473,1.36299,-0.025898429800932928,0.0325504506685674,0.0229243055831435,0.009626145085423896,0.0554747562517109
9.1396,1.28454,1.40659,-0.02670795220797409,0.0325504506685674,0.023108427920174666,0.009442022748392731,0.055658878588742064
9.1466,1.31663,1.44173,-0.02735442678153631,0.0325504506685674,0.023297646246637944,0.009252804421929453,0.05584809691520534
9.1536,1.34036,1.46771,-0.027825117986366034,0.0325504506685674,0.023490774653325643,0.009059676015241755,0.05604122532189304
9.1606,1.35525,1.48402,-0.02811387900355868,0.0325504506685674,0.02368656114279037,0.008863889525777026,0.05623701181135777
9.1676,1.36101,1.49032,-0.028210218595924787,0.0325504506685674,0.023883695484388553,0.008666755184178844,0.05643414615295595
9.1746,1.35751,1.48649,-0.02811675713382602,0.0325504506685674,0.024080839899442673,0.008469610769124725,0.05663129056801007
9.1816,1.34482,1.4726,-0.027833928727019258,0.0325504506685674,0.02427666729995562,0.008273783368611776,0.05682711796852302
9.1886,1.32321,1.44893,-0.02736434277256602,0.0325504506685674,0.024469861250204162,0.008080589418363236,0.05702031191877156
9.1956,1.29311,1.41597,-0.026721475488276993,0.0325504506685674,0.024659161614117152,0.007891289054450246,0.05720961228268455
9.2026,1.25511,1.37436,-0.025916588790124546,0.0325504506685674,0.024843394839091548,0.00770705582947585,0.05739384550765894
9.2096,1.20996,1.32492,-0.02496525364836696,0.0325504506685674,0.025021481287626258,0.00752896938094114,0.05757193195619366
9.2166,1.15852,1.26859,-0.023885163726319925,0.0325504506685674,0.025192457748437654,0.007357992920129744,0.05774290841700505
9.2236,1.10173,1.2064,-0.022696127325556145,0.0325504506685674,0.025355492267119212,0.007194958401448185,0.05790594293568661
9.2306,1.04061,1.13948,-0.021422226074144693,0.0325504506685674,0.025509906504018198,0.0070405441645492,0.05806035717258559
9.2376,0.9762,1.06896,-0.02008313847752662,0.0325504506685674,0.025655175279949042,0.006895275388618356,0.05820562594851644
9.2446,0.90957,0.99599,-0.01869632001384593,0.0325504506685674,0.02579090338466884,0.006759547283898559,0.05834135405323623
9.2516,0.84173,0.92171,-0.017289982273336515,0.0325504506685674,0.025916855442673973,0.006633595225893425,0.058467306111241374
9.2586,0.77366,0.84717,-0.015879290605491102,0.0325504506685674,0.026032947897749865,0.006517502770817533,0.058583398566317266
9.2656,0.70627,0.77338,-0.01448584009670178,0.0325504506685674,0.026139225855207535,0.006411224813359862,0.058689676523774936
9.2726,0.64037,0.70122,-0.013124689946724749,0.0325504506685674,0.026235862710359548,0.00631458795820785,0.058786313378926945
9.2796,0.57668,0.63148,-0.011810853916117088,0.0325504506685674,0.02632313711387949,0.006227313554687908,0.05887358778244689
9.2866,0.5158,0.56481,-0.010554993216031702,0.0325504506685674,0.026401417578842006,0.006149033089725392,0.0589518682474094
9.2936,0.45821,0.50175,-0.009369888955840584,0.0325504506685674,0.026471154666443557,0.006079296002123841,0.059021605335010954
9.3007,0.40429,0.4427,-0.008259593363940347,0.0325504506685674,0.02653373932867879,0.006016711339888608,0.059084189997246184
9.3077,0.35429,0.38796,-0.007234870053826409,0.0325504506685674,0.02658796995064097,0.005962480717926426,0.05913842061920837
9.3147,0.30837,0.33767,-0.0062911312226910255,0.0325504506685674,0.02663531095510878,0.005915139713458618,0.05918576162367618
9.3217,0.26658,0.29191,-0.005434631022238437,0.0325504506685674,0.02667635112296603,0.005874099545601367,0.05922680179153343
9.3287,0.22889,0.25063,-0.0046608852251653525,0.0325504506685674,0.026711685429831943,0.005838765238735454,0.05926213609839934
9.3357,0.19519,0.21373,-0.003971849995179794,0.0325504506685674,0.02674190000310315,0.005808550665464249,0.059292350671670546
9.3427,0.16532,0.18103,-0.0033630535070161734,0.0325504506685674,0.02676757216536084,0.005782878503206558,0.05931802283392824
9.3497,0.13907,0.15229,-0.002827898221333307,0.0325504506685674,0.02678924049641006,0.005761210172157336,0.05933969116497746
9.3567,0.1162,0.12724,-0.0023598063419795427,0.0325504506685674,0.026807397462381654,0.0057430532061857435,0.05935784813094905
9.3637,0.09643,0.10559,-0.0019564915578243647,0.0325504506685674,0.026822504505030965,0.005727946163536432,0.05937295517359836
9.3707,0.07948,0.08703,-0.001611405764777445,0.0325504506685674,0.026834992145660073,0.005715458522907325,0.059385442814227474
9.3777,0.06506,0.07124,-0.001318020410121883,0.0325504506685674,0.02684524513727222,0.005705205531295176,0.059395695805839616
9.3847,0.0529,0.05793,-0.0010719575479237482,0.0325504506685674,0.02685361006012538,0.005696840608442017,0.05940406072869278
9.3917,0.04272,0.04678,-0.0008645932046381381,0.0325504506685674,0.026860387987759346,0.0056900626808080515,0.059410838656326743
9.3987,0.03426,0.03752,-0.0006937129603030205,0.0325504506685674,0.02686584205933664,0.005684608609230757,0.05941629272790404
9.4057,0.02729,0.02989,-0.000552856246743996,0.0325504506685674,0.026870205051561305,0.0056802456170060925,0.0594206557201287
9.4127,0.0216,0.02365,-0.00043558171406716454,0.0325504506685674,0.026873664584424143,0.0056767860841432545,0.059424115252991544
9.4197,0.01697,0.01858,-0.00034183678885739465,0.0325504506685674,0.02687638554918438,0.005674065119383016,0.05942683621775178
9.4267,0.01325,0.01451,-0.00026732578739113385,0.0325504506685674,0.02687851761820125,0.005671933050366146,0.05942896828676865
9.4337,0.01027,0.01125,-0.0002077657758885697,0.0325504506685674,0.02688018043867273,0.005670270229894667,0.05943063110724013
9.4407,0.00791,0.00866,-0.00015888652324509814,0.0325504506685674,0.0268814637217197,0.005668986946847698,0.0594319143902871
9.4477,0.00605,0.00662,-0.00012066428866284921,0.0325504506685674,0.026882442149561377,0.005668008519006021,0.059432892818128774
9.4547,0.0046,0.00503,-9.096005161454087e-05,0.0325504506685674,0.02688318283475235,0.005667267833815048,0.05943363350331975
9.4617,0.00347,0.0038,-6.975490662354545e-05,0.0325504506685674,0.026883745337106184,0.005666705331461214,0.05943419600567358
9.4687,0.00261,0.00285,-5.069333699451882e-05,0.0325504506685674,0.026884166905958847,0.00566628376260855,0.05943461757452624
9.4757,0.00195,0.00213,-3.799191616450501e-05,0.0325504506685674,0.026884477304344904,0.005665973364222494,0.059434927972912305
9.4827,0.00145,0.00158,-2.741835131344451e-05,0.0325504506685674,0.026884706240281078,0.00566574442828632,0.05943515690884847
9.4897,0.00108,0.00118,-2.1075481838203537e-05,0.0325504506685674,0.026884875968697108,0.00566557469987029,0.0594353266372645
9.4967,0.0008,0.00088,-1.6847957711626143e-05,0.0325504506685674,0.02688500870073553,0.005665441967831867,0.05943545936930293
9.5038,0.00061,0.00066,-1.0522106946695012e-05,0.0325504506685674,0.02688510586446507,0.005665344804102329,0.059435556533032466
9.5108,0.00047,0.00052,-1.0514362619338009e-05,0.0325504506685674,0.02688517949210855,0.005665271176458847,0.05943563016067595
9.5178,0.00039,0.00042,-6.303977809998114e-06,0.0325504506685674,0.026885238356300054,0.005665212312267343,0.059435689024867455
9.5248,0.00034,0.00037,-6.299344868133707e-06,0.0325504506685674,0.026885282467929428,0.00566516820063797,0.059435733136496825
9.5318,0.00034,0.00036,-4.196479153989802e-06,0.0325504506685674,0.026885319203313506,0.005665131465253891,0.0594357698718809
9.5388,0.00036,0.00039,-6.290099383570254e-06,0.0325504506685674,0.026885355906338386,0.0056650947622290115,0.05943580657490578
9.5458,0.00042,0.00045,-6.285486810953502e-06,0.0325504506685674,0.026885399920890066,0.005665050747677331,0.05943585058945747
9.5528,0.00051,0.00055,-8.374507997655138e-06,0.0325504506685674,0.026885451230871896,0.005664999437695502,0.05943590189943929
9.5598,0.00065,0.00069,-8.368375907445762e-06,0.0325504506685674,0.026885509830965562,0.005664940837601835,0.05943596049953296
9.5668,0.00083,0.00089,-1.254337918635279e-05,0.0325504506685674,0.02688558302210839,0.005664867646459008,0.05943603369067579
9.5738,0.00106,0.00114,-1.6712277256679687e-05,0.0325504506685674,0.02688568541690594,0.005664765251661458,0.05943613608547334
9.5808,0.00137,0.00147,-2.087508350033401e-05,0.0325504506685674,0.026885816972668588,0.00566463369589881,0.05943626764123598
9.5878,0.00175,0.00189,-2.9203779803500267e-05,0.0325504506685674,0.026885992248690153,0.005664458419877245,0.059436442917257554
9.5948,0.00223,0.00241,-3.752032350856706e-05,0.0325504506685674,0.026886225783051745,0.005664224885515653,0.05943667645161914
9.6018,0.00283,0.00306,-4.790768397592112e-05,0.0325504506685674,0.02688652478107794,0.005663925887489457,0.05943697544964534
9.6088,0.00356,0.00385,-6.0361335442511096e-05,0.0325504506685674,0.026886903722645905,0.005663546945921492,0.0594373543912133
9.6158,0.00446,0.00483,-7.695667547161956e-05,0.0325504506685674,0.026887384335684106,0.005663066332883292,0.0594378350042515
9.6228,0.00554,0.00601,-9.768466558590014e-05,0.0325504506685674,0.026887995580377806,0.005662455088189591,0.059438446248945204
9.6298,0.00684,0.00744,-0.0001246131799206631,0.0325504506685674,0.02688877362283708,0.005661677045730319,0.059439224291404476
9.6368,0.00839,0.00915,-0.00015772870662460574,0.0325504506685674,0.026889761819439986,0.005660688849127411,0.059440212488007384
9.6438,0.01023,0.01117,-0.0001949439017814554,0.0325504506685674,0.02689099617356941,0.005659454494997988,0.05944144684213681
9.6508,0.01238,0.01356,-0.0002445393128030834,0.0325504506685674,0.026892534364820454,0.005657916303746943,0.05944298503338785
9.6578,0.01489,0.01635,-0.0003023462900453518,0.0325504506685674,0.026894448464430423,0.005656002204136975,0.05944489913299782
9.6648,0.01778,0.01959,-0.0003745550864994618,0.0325504506685674,0.02689681761924833,0.005653633049319068,0.05944726828781573
9.6718,0.02111,0.02332,-0.0004569986972435328,0.0325504506685674,0.02689972805749143,0.005650722611075968,0.05945017872605883
9.6788,0.02488,0.02759,-0.0005599867752200686,0.0325504506685674,0.026903287506645054,0.005647163161922344,0.05945373817521245
9.6858,0.02915,0.03245,-0.0006814098990274423,0.0325504506685674,0.02690763239500492,0.005642818273562479,0.059458083063572316
9.6928,0.03392,0.03792,-0.0008253549026081222,0.0325504506685674,0.02691290607181064,0.005637544596756756,0.05946335674037804
9.6998,0.03922,0.04404,-0.0009938349244314325,0.0325504506685674,0.026919273236205278,0.005631177432362119,0.059469723904772676
9.7069,0.04506,0.05085,-0.0011929658284313214,0.0325504506685674,0.02692703637887794,0.005623414289689457,0.059477487047445335
9.7139,0.05144,0.05836,-0.0014247624538033133,0.0325504506685674,0.026936198427865765,0.005614252240701632,0.05948664909643316
9.7209,0.05834,0.06657,-0.0016932588546328016,0.0325504506685674,0.02694711150244529,0.005603339166122108,0.05949756217101269
9.7279,0.06576,0.0755,-0.0020024876900461555,0.0325504506685674,0.026960046615351667,0.005590404053215731,0.059510497283919064
9.7349,0.07365,0.08513,-0.00235852448407277,0.0325504506685674,0.026975310157961084,0.0055751405106063134,0.05952576082652848
9.7419,0.08198,0.09544,-0.0027633213233558135,0.0325504506685674,0.02699323661828708,0.005557214050280316,0.05954368728685448
9.7489,0.09069,0.10639,-0.0032208762014175937,0.0325504506685674,0.027014181309623794,0.005536269358943604,0.05956463197819119
9.7559,0.0997,0.11794,-0.003739275720333338,0.0325504506685674,0.02703854184134992,0.005511908827217478,0.05958899250991732
9.7629,0.10895,0.13002,-0.004316340431634041,0.0325504506685674,0.027066736497881803,0.005483714170685595,0.059617187166449204
9.7699,0.11833,0.14256,-0.0049601326523301134,0.0325504506685674,0.027099204153675675,0.005451246514891723,0.059649654822243076
9.7769,0.12776,0.15546,-0.005666417780687125,0.0325504506685674,0.02713639708019123,0.005414053588376166,0.059686847748758626
9.7839,0.13712,0.16865,-0.006445282556035938,0.0325504506685674,0.02717878803136976,0.005371662637197638,0.059729238699937154
9.7909,0.14631,0.18199,-0.007288400453482318,0.0325504506685674,0.027226855921903083,0.005323594746664315,0.05977730659047048
9.7979,0.15521,0.19538,-0.008199716265730414,0.0325504506685674,0.027281064330420324,0.005269386338147074,0.05983151499898772
9.8049,0.16372,0.2087,-0.009175004334567409,0.0325504506685674,0.027341875852521364,0.005208574816046033,0.059892326521088765
9.8119,0.17172,0.22181,-0.010210051060447008,0.0325504506685674,0.027409723546403912,0.005140727122163485,0.05996017421497131
9.8189,0.17911,0.23457,-0.011296581083420753,0.0325504506685674,0.027484996758907445,0.0050654539096599525,0.06003544742747484
9.8259,0.18579,0.24687,-0.012432448935975329,0.0325504506685674,0.027568048363975348,0.00498240230459205,0.060118499032542745
9.8329,0.19167,0.25855,-0.013603311332363798,0.0325504506685674,0.02765917352491453,0.004891277143652867,0.06020962419348193
9.8399,0.19669,0.2695,-0.01479893088344394,0.0325504506685674,0.027758581372669854,0.004791869295897543,0.06030903204123725
9.8469,0.20078,0.27957,-0.01600300602219988,0.0325504506685674,0.027866388151839602,0.004684062516727795,0.060416838820407
9.8539,0.20389,0.28866,-0.017205370462456498,0.0325504506685674,0.027982617469535894,0.004567833199031503,0.06053306813810329
9.8609,0.20599,0.29665,-0.018387773935442,0.0325504506685674,0.028107193474928564,0.004443257193638833,0.06065764414349596
9.8679,0.20706,0.30344,-0.019534044730895123,0.0325504506685674,0.028239919840260738,0.004310530828306659,0.060790370508828136
9.8749,0.2071,0.30893,-0.020624006319051327,0.0325504506685674,0.028380473018935544,0.004169977649631854,0.06093092368750294
9.8819,0.20612,0.31306,-0.021643611046458677,0.0325504506685674,0.028528409679714824,0.004022040988852574,0.06107886034828222
9.8889,0.20415,0.31576,-0.02257278362608581,0.0325504506685674,0.028683167061068722,0.0038672836074986755,0.06123361772963612
9.8959,0.20123,0.31698,-0.023393526612031246,0.0325504506685674,0.028844049146902122,0.003706401521665275,0.061394499815469517
9.903,0.1974,0.3167,-0.02409370897707765,0.0325504506685674,0.029012628833243487,0.0035378218353239108,0.061563079501810884
9.91,0.19274,0.31492,-0.024657921291624616,0.0325504506685674,0.029183259539183937,0.003367191129383461,0.061733710207751334
9.917,0.18729,0.31164,-0.025078148633659366,0.0325504506685674,0.029357335783922422,0.0031931148846449757,0.061907786452489816
9.924,0.18116,0.30689,-0.02533857315598549,0.0325504506685674,0.02953379431018617,0.003016656358381227,0.06208424497875357
9.931,0.1744,0.30072,-0.025439532776155474,0.0325504506685674,0.029711517680948655,0.0028389329876187426,0.062261968349516056
9.938,0.16711,0.29321,-0.025377339504930572,0.0325504506685674,0.029889376733932493,0.002661073934634904,0.06243982740249989
9.945,0.15938,0.28444,-0.025150326797385627,0.0325504506685674,0.03006622356599059,0.0024842271025768067,0.062616674234558
9.952,0.1513,0.27452,-0.024762861736334404,0.0325504506685674,0.030240919725858604,0.0023095309427087936,0.062791370394426
9.959,0.14295,0.26357,-0.024223315593935143,0.0325504506685674,0.03041237134651454,0.0021380793220528577,0.06296282201508194
9.966,0.13442,0.25172,-0.02354003612281758,0.0325504506685674,0.030579543077523166,0.001970907591044232,0.06312999374609056
9.973,0.12579,0.23912,-0.0227273638824827,0.0325504506685674,0.03074147897754175,0.001808971691025646,0.06329192964610915
9.98,0.11715,0.22592,-0.021797595190380763,0.0325504506685674,0.030897316334296765,0.0016531343342706326,0.06344776700286417
9.987,0.10857,0.21227,-0.02076699709622509,0.0325504506685674,0.031046292407299877,0.00150415826126752,0.06359674307586727
9.994,0.10012,0.19834,-0.019655793476085648,0.0325504506685674,0.03118777217430296,0.0013626784942644375,0.06373822284287035
10.001,0.09187,0.18427,-0.01847815218478152,0.0325504506685674,0.03132124098411599,0.0012292096844514072,0.06387169165268339
10.008,0.08387,0.17023,-0.017258193445243805,0.0325504506685674,0.03144631819382107,0.0011041324747463263,0.06399676886238848
10.015,0.07617,0.15634,-0.0160099850224663,0.0325504506685674,0.03156275681845808,0.000987693850109314,0.06411320748702548
10.022,0.06881,0.14275,-0.01475553781680303,0.0325504506685674,0.03167043614839552,0.0008800145201718762,0.06422088681696292
10.029,0.06184,0.12957,-0.013506830192441916,0.0325504506685674,0.03176935443642787,0.0007810962321395248,0.06431980510499527
10.036,0.05528,0.1169,-0.012279792746113991,0.0325504506685674,0.03185960761671281,0.0006908430518545866,0.06441005828528021
10.043,0.04914,0.10483,-0.011090311659862592,0.0325504506685674,0.03194140298213372,0.0006090476864336752,0.06449185365070112
10.05,0.04344,0.09344,-0.009950248756218904,0.0325504506685674,0.032015044943590025,0.0005354057249773725,0.06456549561215742
10.057,0.03819,0.08278,-0.008867455503629313,0.0325504506685674,0.03208090690849949,0.00046954376006790727,0.0646313575770669
10.064,0.03338,0.07287,-0.007847774244833069,0.0325504506685674,0.0321394102126191,0.0004110404559482944,0.0646898608811865
10.071,0.02902,0.06376,-0.006899016979445932,0.0325504506685674,0.03219102398190408,0.00035942668666331945,0.06474147465047148
10.078,0.02507,0.05543,-0.006025004961301846,0.0325504506685674,0.03223625805869669,0.00031419260987070735,0.06478670872726408
10.085,0.02154,0.04789,-0.0052255825483391175,0.0325504506685674,0.03227563511498044,0.0002748155535869587,0.06482608578354784
10.092,0.01839,0.04111,-0.004502576298057868,0.0325504506685674,0.03230968367094283,0.00024076699762456966,0.06486013433951023
10.099,0.01561,0.03506,-0.0038518665214377665,0.0325504506685674,0.03233892422081106,0.00021152644775633556,0.06488937488937846
10.1061,0.01317,0.02971,-0.0032732705989451916,0.0325504506685674,0.03236421845758842,0.0001862322109789788,0.06491466912615582
10.1131,0.01104,0.02502,-0.0027647308935934583,0.0325504506685674,0.0323853514628123,0.0001650992057550954,0.0649358021313797
10.1201,0.0092,0.02093,-0.0023181589114732067,0.0325504506685674,0.03240314157713004,0.00014730909143735593,0.06495359224569744
10.1271,0.00762,0.01739,-0.0019294763555213238,0.0325504506685674,0.03241800830056452,0.00013244236800287468,0.06496845896913192
10.1341,0.00627,0.01436,-0.0015965897316979308,0.0325504506685674,0.03243034953186979,0.00012010113669760902,0.06498080020043719
10.1411,0.00513,0.01178,-0.0013114948082555149,0.0325504506685674,0.03244052782775963,0.00010992284080776904,0.06499097849632703
10.1481,0.00417,0.0096,-0.0010701510627605167,0.0325504506685674,0.03244886358830818,0.00010158708025921614,0.06499931425687558
10.1551,0.00337,0.00777,-0.0008665596596783881,0.0325504506685674,0.03245564207583672,9.480859273067882e-05,0.06500609274440411
10.1621,0.0027,0.00625,-0.0006986744865726572,0.0325504506685674,0.0324611203953486,8.933027321880033e-05,0.065011571063916
10.1691,0.00215,0.00499,-0.0005585548376945844,0.0325504506685674,0.03246552069798353,8.49299705838677e-05,0.06501597136655093
10.1761,0.0017,0.00396,-0.0004441780249801004,0.0325504506685674,0.03246903026300289,8.14204055645043e-05,0.06501948093157028
10.1831,0.00134,0.00312,-0.00034959884514538793,0.0325504506685674,0.03247180848204833,7.864218651906785e-05,0.06502225915061573
10.1901,0.00105,0.00245,-0.00027477649875859905,0.0325504506685674,0.03247399379575199,7.645687281540581e-05,0.06502444446431939
10.1971,0.00081,0.0019,-0.00021378627256769082,0.0325504506685674,0.032475703765451634,7.474690311576326e-05,0.06502615443401903
10.2041,0.00063,0.00147,-0.0001646397036485334,0.0325504506685674,0.03247702825636839,7.342241219900764e-05,0.0650274789249358
10.2111,0.00048,0.00113,-0.0001273124345075457,0.0325504506685674,0.032478050088851934,7.240057971546338e-05,0.06502850075741934
10.2181,0.00037,0.00086,-9.590824125815955e-05,0.0325504506685674,0.03247883136121711,7.161930735028604e-05,0.0650292820297845
10.2251,0.00028,0.00065,-7.237093035764932e-05,0.0325504506685674,0.032479420338317765,7.10303302496329e-05,0.06502987100688516
10.2321,0.00021,0.00049,-5.472972312623996e-05,0.0325504506685674,0.03247986519060496,7.058547796243847e-05,0.06503031585917235
10.2391,0.00016,0.00037,-4.10192302057798e-05,0.0325504506685674,0.03248020031194162,7.025035662577839e-05,0.06503065098050902
10.2461,0.00012,0.00027,-2.9279433150174215e-05,0.0325504506685674,0.03248044635726337,7.000431130402968e-05,0.06503089702583076
10.2531,8e-05,0.0002,-2.3407554788307926e-05,0.0325504506685674,0.032480630761721155,6.981990684624267e-05,0.06503108143028855
10.2601,6e-05,0.00015,-1.7543688658005283e-05,0.0325504506685674,0.032480774091073215,6.96765774941821e-05,0.06503122475964061
10.2671,5e-05,0.00011,-1.1687818371302511e-05,0.0325504506685674,0.032480876401347815,6.95742672195826e-05,0.06503132706991521
10.2741,3e-05,8e-05,-9.73321264149658e-06,0.0325504506685674,0.03248095137495636,6.94992936110389e-05,0.06503140204352376
10.2811,2e-05,6e-05,-7.781268541303946e-06,0.0325504506685674,0.0324810126756405,6.9437992926899e-05,0.0650314633442079
10.2881,2e-05,4e-05,-3.887987091882855e-06,0.0325504506685674,0.032481053518035215,6.939715053218276e-05,0.06503150418660261
10.2951,1e-05,3e-05,-3.885343512933337e-06,0.0325504506685674,0.03248108072469233,6.936994387506806e-05,0.06503153139325973
10.3022,1e-05,2e-05,-1.9413329191823107e-06,0.0325504506685674,0.03248110140939366,6.934925917373436e-05,0.06503155207796106
10.3092,1e-05,1e-05,0.0,0.0325504506685674,0.03248110820405888,6.9342464508515e-05,0.06503155887262628
10.3162,0.0,1e-05,-1.938698357922491e-06,0.0325504506685674,0.03248111498950314,6.933567906425991e-05,0.06503156565807053
10.3232,0.0,1e-05,-1.9373837569745815e-06,0.0325504506685674,0.03248112855579054,6.93221127768609e-05,0.06503157922435793
10.3302,0.0,0.0,0.0,0.0325504506685674,0.03248113533663369,6.931533193371003e-05,0.06503158600520109
10.3372,0.0,0.0,0.0,0.0325504506685674,0.03248113533663369,6.931533193371003e-05,0.06503158600520109
10.3442,0.0,0.0,0.0,0.0325504506685674,0.03248113533663369,6.931533193371003e-05,0.06503158600520109
10.3512,0.0,0.0,0.0,0.0325504506685674,0.03248113533663369,6.931533193371003e-05,0.06503158600520109
10.3582,0.0,0.0,0.0,0.0325504506685674,0.03248113533663369,6.931533193371003e-05,0.06503158600520109
10.3652,0.0,0.0,0.0,0.0325504506685674,0.03248113533663369,6.931533193371003e-05,0.06503158600520109
10.3722,0.0,0.0,0.0,0.0325504506685674,0.03248113533663369,6.931533193371003e-05,0.06503158600520109
10.3792,0.0,0.0,0.0,0.0325504506685674,0.03248113533663369,6.931533193371003e-05,0.06503158600520109
10.3862,0.0,0.0,0.0,0.0325504506685674,0.03248113533663369,6.931533193371003e-05,0.06503158600520109
10.3932,0.0,0.0,0.0,0.0325504506685674,0.03248113533663369,6.931533193371003e-05,0.06503158600520109
10.4002,0.0,0.0,0.0,0.0325504506685674,0.03248113533663369,6.931533193371003e-05,0.06503158600520109
10.4072,0.0,0.0,0.0,0.0325504506685674,0.03248113533663369,6.931533193371003e-05,0.06503158600520109
10.4142,0.0,0.0,0.0,0.0325504506685674,0.03248113533663369,6.931533193371003e-05,0.06503158600520109
10.4212,0.0,0.0,0.0,0.0325504506685674,0.03248113533663369,6.931533193371003e-05,0.06503158600520109
10.4282,0.0,0.0,0.0,0.0325504506685674,0.03248113533663369,6.931533193371003e-05,0.06503158600520109
10.4352,0.0,0.0,0.0,0.0325504506685674,0.03248113533663369,6.931533193371003e-05,0.06503158600520109
10.4422,0.0,0.0,0.0,0.0325504506685674,0.03248113533663369,6.931533193371003e-05,0.06503158600520109
10.4492,0.0,0.0,0.0,0.0325504506685674,0.03248113533663369,6.931533193371003e-05,0.06503158600520109
10.4562,0.0,0.0,0.0,0.0325504506685674,0.03248113533663369,6.931533193371003e-05,0.06503158600520109
10.4632,0.0,0.0,0.0,0.0325504506685674,0.03248113533663369,6.931533193371003e-05,0.06503158600520109
10.4702,0.0,0.0,0.0,0.0325504506685674,0.03248113533663369,6.931533193371003e-05,0.06503158600520109
10.4772,0.0,0.0,0.0,0.0325504506685674,0.03248113533663369,6.931533193371003e-05,0.06503158600520109
10.4842,0.0,0.0,0.0,0.0325504506685674,0.03248113533663369,6.931533193371003e-05,0.06503158600520109
10.4912,0.0,0.0,0.0,0.0325504506685674,0.03248113533663369,6.931533193371003e-05,0.06503158600520109
10.4982,0.0,0.0,0.0,0.0325504506685674,0.03248113533663369,6.931533193371003e-05,0.06503158600520109
10.5053,0.0,0.0,0.0,0.0325504506685674,0.03248113533663369,6.931533193371003e-05,0.06503158600520109
10.5123,0.0,0.0,0.0,0.0325504506685674,0.03248113533663369,6.931533193371003e-05,0.06503158600520109
10.5193,0.0,0.0,0.0,0.0325504506685674,0.03248113533663369,6.931533193371003e-05,0.06503158600520109
10.5263,0.0,0.0,0.0,0.0325504506685674,0.03248113533663369,6.931533193371003e-05,0.06503158600520109
10.5333,0.0,0.0,0.0,0.0325504506685674,0.03248113533663369,6.931533193371003e-05,0.06503158600520109
10.5403,0.0,0.0,0.0,0.0325504506685674,0.03248113533663369,6.931533193371003e-05,0.06503158600520109
10.5473,0.0,0.0,0.0,0.0325504506685674,0.03248113533663369,6.931533193371003e-05,0.06503158600520109
10.5543,0.0,0.0,0.0,0.0325504506685674,0.03248113533663369,6.931533193371003e-05,0.06503158600520109
10.5613,0.0,0.0,0.0,0.0325504506685674,0.03248113533663369,6.931533193371003e-05,0.06503158600520109
10.5683,0.0,0.0,0.0,0.0325504506685674,0.03248113533663369,6.931533193371003e-05,0.06503158600520109
10.5753,0.0,0.0,0.0,0.0325504506685674,0.03248113533663369,6.931533193371003e-05,0.06503158600520109
10.5823,0.0,0.0,0.0,0.0325504506685674,0.03248113533663369,6.931533193371003e-05,0.06503158600520109
10.5893,0.0,0.0,0.0,0.0325504506685674,0.03248113533663369,6.931533193371003e-05,0.06503158600520109
10.5963,0.0,0.0,0.0,0.0325504506685674,0.03248113533663369,6.931533193371003e-05,0.06503158600520109
10.6033,0.0,0.0,0.0,0.0325504506685674,0.03248113533663369,6.931533193371003e-05,0.06503158600520109
10.6103,0.0,0.0,0.0,0.0325504506685674,0.03248113533663369,6.931533193371003e-05,0.06503158600520109
10.6173,0.0,0.0,0.0,0.0325504506685674,0.03248113533663369,6.931533193371003e-05,0.06503158600520109
10.6243,0.0,0.0,0.0,0.0325504506685674,0.03248113533663369,6.931533193371003e-05,0.06503158600520109
10.6313,0.0,0.0,0.0,0.0325504506685674,0.03248113533663369,6.931533193371003e-05,0.06503158600520109
10.6383,0.0,0.0,0.0,0.0325504506685674,0.03248113533663369,6.931533193371003e-05,0.06503158600520109
10.6453,0.0,0.0,0.0,0.0325504506685674,0.03248113533663369,6.931533193371003e-05,0.06503158600520109
10.6523,0.0,0.0,0.0,0.0325504506685674,0.03248113533663369,6.931533193371003e-05,0.06503158600520109
10.6593,0.0,0.0,0.0,0.0325504506685674,0.03248113533663369,6.931533193371003e-05,0.06503158600520109
10.6663,0.0,0.0,0.0,0.0325504506685674,0.03248113533663369,6.931533193371003e-05,0.06503158600520109
10.6733,0.0,0.0,0.0,0.0325504506685674,0.03248113533663369,6.931533193371003e-05,0.06503158600520109
10.6803,0.0,0.0,0.0,0.0325504506685674,0.03248113533663369,6.931533193371003e-05,0.06503158600520109
10.6873,0.0,0.0,0.0,0.0325504506685674,0.03248113533663369,6.931533193371003e-05,0.06503158600520109
10.6943,0.0,0.0,0.0,0.0325504506685674,0.03248113533663369,6.931533193371003e-05,0.06503158600520109
10.7014,0.0,0.0,0.0,0.0325504506685674,0.03248113533663369,6.931533193371003e-05,0.06503158600520109
10.7084,0.0,0.0,0.0,0.0325504506685674,0.03248113533663369,6.931533193371003e-05,0.06503158600520109
10.7154,0.0,0.0,0.0,0.0325504506685674,0.03248113533663369,6.931533193371003e-05,0.06503158600520109
10.7224,0.0,0.0,0.0,0.0325504506685674,0.03248113533663369,6.931533193371003e-05,0.06503158600520109
10.7294,0.0,0.0,0.0,0.0325504506685674,0.03248113533663369,6.931533193371003e-05,0.06503158600520109
10.7364,0.0,0.0,0.0,0.0325504506685674,0.03248113533663369,6.931533193371003e-05,0.06503158600520109
10.7434,0.0,0.0,0.0,0.0325504506685674,0.03248113533663369,6.931533193371003e-05,0.06503158600520109
10.7504,0.0,0.0,0.0,0.0325504506685674,0.03248113533663369,6.931533193371003e-05,0.06503158600520109
10.7574,0.0,0.0,0.0,0.0325504506685674,0.03248113533663369,6.931533193371003e-05,0.06503158600520109
10.7644,0.0,0.0,0.0,0.0325504506685674,0.03248113533663369,6.931533193371003e-05,0.06503158600520109
10.7714,0.0,0.0,0.0,0.0325504506685674,0.03248113533663369,6.931533193371003e-05,0.06503158600520109
10.7784,0.0,0.0,0.0,0.0325504506685674,0.03248113533663369,6.931533193371003e-05,0.06503158600520109
10.7854,0.0,0.0,0.0,0.0325504506685674,0.03248113533663369,6.931533193371003e-05,0.06503158600520109
10.7924,0.0,0.0,0.0,0.0325504506685674,0.03248113533663369,6.931533193371003e-05,0.06503158600520109
10.7994,0.0,0.0,0.0,0.0325504506685674,0.03248113533663369,6.931533193371003e-05,0.06503158600520109
10.8064,0.0,0.0,0.0,0.0325504506685674,0.03248113533663369,6.931533193371003e-05,0.06503158600520109
10.8134,0.0,0.0,0.0,0.0325504506685674,0.03248113533663369,6.931533193371003e-05,0.06503158600520109
10.8204,0.0,0.0,0.0,0.0325504506685674,0.03248113533663369,6.931533193371003e-05,0.06503158600520109
10.8274,0.0,0.0,0.0,0.0325504506685674,0.03248113533663369,6.931533193371003e-05,0.06503158600520109
10.8344,0.0,0.0,0.0,0.0325504506685674,0.03248113533663369,6.931533193371003e-05,0.06503158600520109
10.8414,0.0,0.0,0.0,0.0325504506685674,0.03248113533663369,6.931533193371003e-05,0.06503158600520109
10.8484,0.0,0.0,0.0,0.0325504506685674,0.03248113533663369,6.931533193371003e-05,0.06503158600520109
10.8554,0.0,0.0,0.0,0.0325504506685674,0.03248113533663369,6.931533193371003e-05,0.06503158600520109
10.8624,0.0,0.0,0.0,0.0325504506685674,0.03248113533663369,6.931533193371003e-05,0.06503158600520109
10.8694,0.0,0.0,0.0,0.0325504506685674,0.03248113533663369,6.931533193371003e-05,0.06503158600520109
10.8764,0.0,0.0,0.0,0.0325504506685674,0.03248113533663369,6.931533193371003e-05,0.06503158600520109
10.8834,0.0,0.0,0.0,0.0325504506685674,0.03248113533663369,6.931533193371003e-05,0.06503158600520109
10.8904,0.0,0.0,0.0,0.0325504506685674,0.03248113533663369,6.931533193371003e-05,0.06503158600520109
10.8974,0.0,0.0,0.0,0.0325504506685674,0.03248113533663369,6.931533193371003e-05,0.06503158600520109
10.9045,0.0,0.0,0.0,0.0325504506685674,0.03248113533663369,6.931533193371003e-05,0.06503158600520109
10.9115,0.0,0.0,0.0,0.0325504506685674,0.03248113533663369,6.931533193371003e-05,0.06503158600520109
10.9185,0.0,0.0,0.0,0.0325504506685674,0.03248113533663369,6.931533193371003e-05,0.06503158600520109
10.9255,0.0,0.0,0.0,0.0325504506685674,0.03248113533663369,6.931533193371003e-05,0.06503158600520109
10.9325,0.0,0.0,0.0,0.0325504506685674,0.03248113533663369,6.931533193371003e-05,0.06503158600520109
10.9395,0.0,0.0,0.0,0.0325504506685674,0.03248113533663369,6.931533193371003e-05,0.06503158600520109
10.9465,0.0,0.0,0.0,0.0325504506685674,0.03248113533663369,6.931533193371003e-05,0.06503158600520109
10.9535,0.0,0.0,0.0,0.0325504506685674,0.03248113533663369,6.931533193371003e-05,0.06503158600520109
10.9605,0.0,0.0,0.0,0.0325504506685674,0.03248113533663369,6.931533193371003e-05,0.06503158600520109
10.9675,0.0,0.0,0.0,0.0325504506685674,0.03248113533663369,6.931533193371003e-05,0.06503158600520109
10.9745,0.0,0.0,0.0,0.0325504506685674,0.03248113533663369,6.931533193371003e-05,0.06503158600520109
10.9815,0.0,0.0,0.0,0.0325504506685674,0.03248113533663369,6.931533193371003e-05,0.06503158600520109
10.9885,0.0,0.0,0.0,0.0325504506685674,0.03248113533663369,6.931533193371003e-05,0.06503158600520109
10.9955,0.0,0.0,0.0,0.0325504506685674,0.03248113533663369,6.931533193371003e-05,0.06503158600520109
11.0025,0.0,0.0,0.0,0.0325504506685674,0.03248113533663369,6.931533193371003e-05,0.06503158600520109
11.0095,0.0,0.0,0.0,0.0325504506685674,0.03248113533663369,6.931533193371003e-05,0.06503158600520109
11.0165,0.0,0.0,0.0,0.0325504506685674,0.03248113533663369,6.931533193371003e-05,0.06503158600520109
11.0235,0.0,0.0,0.0,0.0325504506685674,0.03248113533663369,6.931533193371003e-05,0.06503158600520109
11.0305,0.0,0.0,0.0,0.0325504506685674,0.03248113533663369,6.931533193371003e-05,0.06503158600520109
11.0375,0.0,0.0,0.0,0.0325504506685674,0.03248113533663369,6.931533193371003e-05,0.06503158600520109
11.0445,0.0,0.0,0.0,0.0325504506685674,0.03248113533663369,6.931533193371003e-05,0.06503158600520109
11.0515,0.0,0.0,0.0,0.0325504506685674,0.03248113533663369,6.931533193371003e-05,0.06503158600520109
11.0585,0.0,0.0,0.0,0.0325504506685674,0.03248113533663369,6.931533193371003e-05,0.06503158600520109
11.0655,0.0,0.0,0.0,0.0325504506685674,0.03248113533663369,6.931533193371003e-05,0.06503158600520109
11.0725,0.0,0.0,0.0,0.0325504506685674,0.03248113533663369,6.931533193371003e-05,0.06503158600520109
11.0795,0.0,0.0,0.0,0.0325504506685674,0.03248113533663369,6.931533193371003e-05,0.06503158600520109
11.0865,0.0,0.0,0.0,0.0325504506685674,0.03248113533663369,6.931533193371003e-05,0.06503158600520109
11.0935,0.0,0.0,0.0,0.0325504506685674,0.03248113533663369,6.931533193371003e-05,0.06503158600520109
11.1006,0.0,0.0,0.0,0.0325504506685674,0.03248113533663369,6.931533193371003e-05,0.06503158600520109
11.1076,0.0,0.0,0.0,0.0325504506685674,0.03248113533663369,6.931533193371003e-05,0.06503158600520109
11.1146,0.0,0.0,0.0,0.0325504506685674,0.03248113533663369,6.931533193371003e-05,0.06503158600520109
11.1216,0.0,0.0,0.0,0.0325504506685674,0.03248113533663369,6.931533193371003e-05,0.06503158600520109
11.1286,0.0,0.0,0.0,0.0325504506685674,0.03248113533663369,6.931533193371003e-05,0.06503158600520109
11.1356,0.0,0.0,0.0,0.0325504506685674,0.03248113533663369,6.931533193371003e-05,0.06503158600520109
11.1426,0.0,0.0,0.0,0.0325504506685674,0.03248113533663369,6.931533193371003e-05,0.06503158600520109
11.1496,0.0,0.0,0.0,0.0325504506685674,0.03248113533663369,6.931533193371003e-05,0.06503158600520109
11.1566,0.0,0.0,0.0,0.0325504506685674,0.03248113533663369,6.931533193371003e-05,0.06503158600520109
11.1636,0.0,0.0,0.0,0.0325504506685674,0.03248113533663369,6.931533193371003e-05,0.06503158600520109
11.1706,0.0,0.0,0.0,0.0325504506685674,0.03248113533663369,6.931533193371003e-05,0.06503158600520109
11.1776,0.0,0.0,0.0,0.0325504506685674,0.03248113533663369,6.931533193371003e-05,0.06503158600520109
11.1846,0.0,0.0,0.0,0.0325504506685674,0.03248113533663369,6.931533193371003e-05,0.06503158600520109
11.1916,0.0,0.0,0.0,0.0325504506685674,0.03248113533663369,6.931533193371003e-05,0.06503158600520109
11.1986,0.0,0.0,0.0,0.0325504506685674,0.03248113533663369,6.931533193371003e-05,0.06503158600520109
11.2056,0.0,0.0,0.0,0.0325504506685674,0.03248113533663369,6.931533193371003e-05,0.06503158600520109
11.2126,0.0,0.0,0.0,0.0325504506685674,0.03248113533663369,6.931533193371003e-05,0.06503158600520109
11.2196,0.0,0.0,0.0,0.0325504506685674,0.03248113533663369,6.931533193371003e-05,0.06503158600520109
11.2266,0.0,0.0,0.0,0.0325504506685674,0.03248113533663369,6.931533193371003e-05,0.06503158600520109
11.2336,0.0,0.0,0.0,0.0325504506685674,0.03248113533663369,6.931533193371003e-05,0.06503158600520109
11.2406,0.0,0.0,0.0,0.0325504506685674,0.03248113533663369,6.931533193371003e-05,0.06503158600520109
11.2476,0.0,0.0,0.0,0.0325504506685674,0.03248113533663369,6.931533193371003e-05,0.06503158600520109
11.2546,0.0,0.0,0.0,0.0325504506685674,0.03248113533663369,6.931533193371003e-05,0.06503158600520109
11.2616,0.0,0.0,0.0,0.0325504506685674,0.03248113533663369,6.931533193371003e-05,0.06503158600520109
11.2686,0.0,0.0,0.0,0.0325504506685674,0.03248113533663369,6.931533193371003e-05,0.06503158600520109
11.2756,0.0,0.0,0.0,0.0325504506685674,0.03248113533663369,6.931533193371003e-05,0.06503158600520109
11.2826,0.0,0.0,0.0,0.0325504506685674,0.03248113533663369,6.931533193371003e-05,0.06503158600520109
11.2896,0.0,0.0,0.0,0.0325504506685674,0.03248113533663369,6.931533193371003e-05,0.06503158600520109
11.2966,0.0,0.0,0.0,0.0325504506685674,0.03248113533663369,6.931533193371003e-05,0.06503158600520109
11.3037,0.0,0.0,0.0,0.0325504506685674,0.03248113533663369,6.931533193371003e-05,0.06503158600520109
11.3107,0.0,0.0,0.0,0.0325504506685674,0.03248113533663369,6.931533193371003e-05,0.06503158600520109
11.3177,0.0,0.0,0.0,0.0325504506685674,0.03248113533663369,6.931533193371003e-05,0.06503158600520109
11.3247,0.0,0.0,0.0,0.0325504506685674,0.03248113533663369,6.931533193371003e-05,0.06503158600520109
11.3317,0.0,0.0,0.0,0.0325504506685674,0.03248113533663369,6.931533193371003e-05,0.06503158600520109
11.3387,0.0,0.0,0.0,0.0325504506685674,0.03248113533663369,6.931533193371003e-05,0.06503158600520109
11.3457,0.0,0.0,0.0,0.0325504506685674,0.03248113533663369,6.931533193371003e-05,0.06503158600520109
11.3527,0.0,0.0,0.0,0.0325504506685674,0.03248113533663369,6.931533193371003e-05,0.06503158600520109
11.3597,0.0,0.0,0.0,0.0325504506685674,0.03248113533663369,6.931533193371003e-05,0.06503158600520109
11.3667,0.0,0.0,0.0,0.0325504506685674,0.03248113533663369,6.931533193371003e-05,0.06503158600520109
11.3737,0.0,0.0,0.0,0.0325504506685674,0.03248113533663369,6.931533193371003e-05,0.06503158600520109
11.3807,0.0,0.0,0.0,0.0325504506685674,0.03248113533663369,6.931533193371003e-05,0.06503158600520109
11.3877,0.0,0.0,0.0,0.0325504506685674,0.03248113533663369,6.931533193371003e-05,0.06503158600520109
11.3947,0.0,0.0,0.0,0.0325504506685674,0.03248113533663369,6.931533193371003e-05,0.06503158600520109
11.4017,0.0,0.0,0.0,0.0325504506685674,0.03248113533663369,6.931533193371003e-05,0.06503158600520109
11.4087,0.0,0.0,0.0,0.0325504506685674,0.03248113533663369,6.931533193371003e-05,0.06503158600520109
11.4157,0.0,0.0,0.0,0.0325504506685674,0.03248113533663369,6.931533193371003e-05,0.06503158600520109
11.4227,0.0,0.0,0.0,0.0325504506685674,0.03248113533663369,6.931533193371003e-05,0.06503158600520109
11.4297,0.0,0.0,0.0,0.0325504506685674,0.03248113533663369,6.931533193371003e-05,0.06503158600520109
11.4367,0.0,0.0,0.0,0.0325504506685674,0.03248113533663369,6.931533193371003e-05,0.06503158600520109
11.4437,0.0,0.0,0.0,0.0325504506685674,0.03248113533663369,6.931533193371003e-05,0.06503158600520109
11.4507,0.0,0.0,0.0,0.0325504506685674,0.03248113533663369,6.931533193371003e-05,0.06503158600520109
11.4577,0.0,0.0,0.0,0.0325504506685674,0.03248113533663369,6.931533193371003e-05,0.06503158600520109
11.4647,0.0,0.0,0.0,0.0325504506685674,0.03248113533663369,6.931533193371003e-05,0.06503158600520109
11.4717,0.0,0.0,0.0,0.0325504506685674,0.03248113533663369,6.931533193371003e-05,0.06503158600520109
11.4787,0.0,0.0,0.0,0.0325504506685674,0.03248113533663369,6.931533193371003e-05,0.06503158600520109
11.4857,0.0,0.0,0.0,0.0325504506685674,0.03248113533663369,6.931533193371003e-05,0.06503158600520109
11.4927,0.0,0.0,0.0,0.0325504506685674,0.03248113533663369,6.931533193371003e-05,0.06503158600520109
11.4997,0.0,0.0,0.0,0.0325504506685674,0.03248113533663369,6.931533193371003e-05,0.06503158600520109
11.5068,0.0,0.0,0.0,0.0325504506685674,0.03248113533663369,6.931533193371003e-05,0.06503158600520109
11.5138,0.0,0.0,0.0,0.0325504506685674,0.03248113533663369,6.931533193371003e-05,0.06503158600520109
11.5208,0.0,0.0,0.0,0.0325504506685674,0.03248113533663369,6.931533193371003e-05,0.06503158600520109
11.5278,0.0,0.0,0.0,0.0325504506685674,0.03248113533663369,6.931533193371003e-05,0.06503158600520109
11.5348,0.0,0.0,0.0,0.0325504506685674,0.03248113533663369,6.931533193371003e-05,0.06503158600520109
11.5418,0.0,0.0,0.0,0.0325504506685674,0.03248113533663369,6.931533193371003e-05,0.06503158600520109
11.5488,0.0,0.0,0.0,0.0325504506685674,0.03248113533663369,6.931533193371003e-05,0.06503158600520109
11.5558,0.0,0.0,0.0,0.0325504506685674,0.03248113533663369,6.931533193371003e-05,0.06503158600520109
11.5628,0.0,0.0,0.0,0.0325504506685674,0.03248113533663369,6.931533193371003e-05,0.06503158600520109
11.5698,0.0,0.0,0.0,0.0325504506685674,0.03248113533663369,6.931533193371003e-05,0.06503158600520109
11.5768,0.0,0.0,0.0,0.0325504506685674,0.03248113533663369,6.931533193371003e-05,0.06503158600520109
11.5838,0.0,0.0,0.0,0.0325504506685674,0.03248113533663369,6.931533193371003e-05,0.06503158600520109
11.5908,0.0,0.0,0.0,0.0325504506685674,0.03248113533663369,6.931533193371003e-05,0.06503158600520109
11.5978,0.0,0.0,0.0,0.0325504506685674,0.03248113533663369,6.931533193371003e-05,0.06503158600520109
11.6048,0.0,0.0,0.0,0.0325504506685674,0.03248113533663369,6.931533193371003e-05,0.06503158600520109
11.6118,0.0,0.0,0.0,0.0325504506685674,0.03248113533663369,6.931533193371003e-05,0.06503158600520109
11.6188,0.0,0.0,0.0,0.0325504506685674,0.03248113533663369,6.931533193371003e-05,0.06503158600520109
11.6258,0.0,0.0,0.0,0.0325504506685674,0.03248113533663369,6.931533193371003e-05,0.06503158600520109
11.6328,0.0,0.0,0.0,0.0325504506685674,0.03248113533663369,6.931533193371003e-05,0.06503158600520109
11.6398,0.0,0.0,0.0,0.0325504506685674,0.03248113533663369,6.931533193371003e-05,0.06503158600520109
11.6468,0.0,0.0,0.0,0.0325504506685674,0.03248113533663369,6.931533193371003e-05,0.06503158600520109
11.6538,0.0,0.0,0.0,0.0325504506685674,0.03248113533663369,6.931533193371003e-05,0.06503158600520109
11.6608,0.0,0.0,0.0,0.0325504506685674,0.03248113533663369,6.931533193371003e-05,0.06503158600520109
11.6678,0.0,0.0,0.0,0.0325504506685674,0.03248113533663369,6.931533193371003e-05,0.06503158600520109
11.6748,0.0,0.0,0.0,0.0325504506685674,0.03248113533663369,6.931533193371003e-05,0.06503158600520109
11.6818,0.0,0.0,0.0,0.0325504506685674,0.03248113533663369,6.931533193371003e-05,0.06503158600520109
11.6888,0.0,0.0,0.0,0.0325504506685674,0.03248113533663369,6.931533193371003e-05,0.06503158600520109
11.6958,0.0,0.0,0.0,0.0325504506685674,0.03248113533663369,6.931533193371003e-05,0.06503158600520109
11.7029,0.0,0.0,0.0,0.0325504506685674,0.03248113533663369,6.931533193371003e-05,0.06503158600520109
11.7099,0.0,0.0,0.0,0.0325504506685674,0.03248113533663369,6.931533193371003e-05,0.06503158600520109
11.7169,0.0,0.0,0.0,0.0325504506685674,0.03248113533663369,6.931533193371003e-05,0.06503158600520109
11.7239,0.0,0.0,0.0,0.0325504506685674,0.03248113533663369,6.931533193371003e-05,0.06503158600520109
11.7309,0.0,0.0,0.0,0.0325504506685674,0.03248113533663369,6.931533193371003e-05,0.06503158600520109
11.7379,0.0,0.0,0.0,0.0325504506685674,0.03248113533663369,6.931533193371003e-05,0.06503158600520109
11.7449,0.0,0.0,0.0,0.0325504506685674,0.03248113533663369,6.931533193371003e-05,0.06503158600520109
11.7519,0.0,0.0,0.0,0.0325504506685674,0.03248113533663369,6.931533193371003e-05,0.06503158600520109
11.7589,0.0,0.0,0.0,0.0325504506685674,0.03248113533663369,6.931533193371003e-05,0.06503158600520109
11.7659,0.0,0.0,0.0,0.0325504506685674,0.03248113533663369,6.931533193371003e-05,0.06503158600520109
11.7729,0.0,0.0,0.0,0.0325504506685674,0.03248113533663369,6.931533193371003e-05,0.06503158600520109
11.7799,0.0,0.0,0.0,0.0325504506685674,0.03248113533663369,6.931533193371003e-05,0.06503158600520109
11.7869,0.0,0.0,0.0,0.0325504506685674,0.03248113533663369,6.931533193371003e-05,0.06503158600520109
11.7939,0.0,0.0,0.0,0.0325504506685674,0.03248113533663369,6.931533193371003e-05,0.06503158600520109
11.8009,0.0,0.0,0.0,0.0325504506685674,0.03248113533663369,6.931533193371003e-05,0.06503158600520109
11.8079,0.0,0.0,0.0,0.0325504506685674,0.03248113533663369,6.931533193371003e-05,0.06503158600520109
11.8149,0.0,0.0,0.0,0.0325504506685674,0.03248113533663369,6.931533193371003e-05,0.06503158600520109
11.8219,0.0,0.0,0.0,0.0325504506685674,0.03248113533663369,6.931533193371003e-05,0.06503158600520109
11.8289,0.0,0.0,0.0,0.0325504506685674,0.03248113533663369,6.931533193371003e-05,0.06503158600520109
11.8359,0.0,0.0,0.0,0.0325504506685674,0.03248113533663369,6.931533193371003e-05,0.06503158600520109
11.8429,0.0,0.0,0.0,0.0325504506685674,0.03248113533663369,6.931533193371003e-05,0.06503158600520109
11.8499,0.0,0.0,0.0,0.0325504506685674,0.03248113533663369,6.931533193371003e-05,0.06503158600520109
11.8569,0.0,0.0,0.0,0.0325504506685674,0.03248113533663369,6.931533193371003e-05,0.06503158600520109
11.8639,0.0,0.0,0.0,0.0325504506685674,0.03248113533663369,6.931533193371003e-05,0.06503158600520109
11.8709,0.0,0.0,0.0,0.0325504506685674,0.03248113533663369,6.931533193371003e-05,0.06503158600520109
11.8779,0.0,0.0,0.0,0.0325504506685674,0.03248113533663369,6.931533193371003e-05,0.06503158600520109
11.8849,0.0,0.0,0.0,0.0325504506685674,0.03248113533663369,6.931533193371003e-05,0.06503158600520109
11.8919,0.0,0.0,0.0,0.0325504506685674,0.03248113533663369,6.931533193371003e-05,0.06503158600520109
11.8989,0.0,0.0,0.0,0.0325504506685674,0.03248113533663369,6.931533193371003e-05,0.06503158600520109
11.906,0.0,0.0,0.0,0.0325504506685674,0.03248113533663369,6.931533193371003e-05,0.06503158600520109
11.913,0.0,0.0,0.0,0.0325504506685674,0.03248113533663369,6.931533193371003e-05,0.06503158600520109
11.92,0.0,0.0,0.0,0.0325504506685674,0.03248113533663369,6.931533193371003e-05,0.06503158600520109
11.927,0.0,0.0,0.0,0.0325504506685674,0.03248113533663369,6.931533193371003e-05,0.06503158600520109
11.934,0.0,0.0,0.0,0.0325504506685674,0.03248113533663369,6.931533193371003e-05,0.06503158600520109
11.941,0.0,0.0,0.0,0.0325504506685674,0.03248113533663369,6.931533193371003e-05,0.06503158600520109
11.948,0.0,0.0,0.0,0.0325504506685674,0.03248113533663369,6.931533193371003e-05,0.06503158600520109
11.955,0.0,0.0,0.0,0.0325504506685674,0.03248113533663369,6.931533193371003e-05,0.06503158600520109
11.962,0.0,0.0,0.0,0.0325504506685674,0.03248113533663369,6.931533193371003e-05,0.06503158600520109
11.969,0.0,0.0,0.0,0.0325504506685674,0.03248113533663369,6.931533193371003e-05,0.06503158600520109
11.976,0.0,0.0,0.0,0.0325504506685674,0.03248113533663369,6.931533193371003e-05,0.06503158600520109
11.983,0.0,0.0,0.0,0.0325504506685674,0.03248113533663369,6.931533193371003e-05,0.06503158600520109
11.99,0.0,0.0,0.0,0.0325504506685674,0.03248113533663369,6.931533193371003e-05,0.06503158600520109
11.997,0.0,0.0,0.0,0.0325504506685674,0.03248113533663369,6.931533193371003e-05,0.06503158600520109
12.004,0.0,0.0,0.0,0.0325504506685674,0.03248113533663369,6.931533193371003e-05,0.06503158600520109
12.011,0.0,0.0,0.0,0.0325504506685674,0.03248113533663369,6.931533193371003e-05,0.06503158600520109
12.018,0.0,0.0,0.0,0.0325504506685674,0.03248113533663369,6.931533193371003e-05,0.06503158600520109
12.025,0.0,0.0,0.0,0.0325504506685674,0.03248113533663369,6.931533193371003e-05,0.06503158600520109
12.032,0.0,0.0,0.0,0.0325504506685674,0.03248113533663369,6.931533193371003e-05,0.06503158600520109
12.039,0.0,0.0,0.0,0.0325504506685674,0.03248113533663369,6.931533193371003e-05,0.06503158600520109
12.046,0.0,0.0,0.0,0.0325504506685674,0.03248113533663369,6.931533193371003e-05,0.06503158600520109
12.053,0.0,0.0,0.0,0.0325504506685674,0.03248113533663369,6.931533193371003e-05,0.06503158600520109
12.06,0.0,0.0,0.0,0.0325504506685674,0.03248113533663369,6.931533193371003e-05,0.06503158600520109
12.067,0.0,0.0,0.0,0.0325504506685674,0.03248113533663369,6.931533193371003e-05,0.06503158600520109
12.074,0.0,0.0,0.0,0.0325504506685674,0.03248113533663369,6.931533193371003e-05,0.06503158600520109
12.081,0.0,0.0,0.0,0.0325504506685674,0.03248113533663369,6.931533193371003e-05,0.06503158600520109
12.088,0.0,0.0,0.0,0.0325504506685674,0.03248113533663369,6.931533193371003e-05,0.06503158600520109
12.095,0.0,0.0,0.0,0.0325504506685674,0.03248113533663369,6.931533193371003e-05,0.06503158600520109
12.1021,0.0,0.0,0.0,0.0325504506685674,0.03248113533663369,6.931533193371003e-05,0.06503158600520109
12.1091,0.0,0.0,0.0,0.0325504506685674,0.03248113533663369,6.931533193371003e-05,0.06503158600520109
12.1161,0.0,0.0,0.0,0.0325504506685674,0.03248113533663369,6.931533193371003e-05,0.06503158600520109
12.1231,0.0,0.0,0.0,0.0325504506685674,0.03248113533663369,6.931533193371003e-05,0.06503158600520109
12.1301,0.0,0.0,0.0,0.0325504506685674,0.03248113533663369,6.931533193371003e-05,0.06503158600520109
12.1371,0.0,0.0,0.0,0.0325504506685674,0.03248113533663369,6.931533193371003e-05,0.06503158600520109
12.1441,0.0,0.0,0.0,0.0325504506685674,0.03248113533663369,6.931533193371003e-05,0.06503158600520109
12.1511,0.0,0.0,0.0,0.0325504506685674,0.03248113533663369,6.931533193371003e-05,0.06503158600520109
12.1581,0.0,0.0,0.0,0.0325504506685674,0.03248113533663369,6.931533193371003e-05,0.06503158600520109
12.1651,0.0,0.0,0.0,0.0325504506685674,0.03248113533663369,6.931533193371003e-05,0.06503158600520109
12.1721,0.0,0.0,0.0,0.0325504506685674,0.03248113533663369,6.931533193371003e-05,0.06503158600520109
12.1791,0.0,0.0,0.0,0.0325504506685674,0.03248113533663369,6.931533193371003e-05,0.06503158600520109
12.1861,0.0,0.0,0.0,0.0325504506685674,0.03248113533663369,6.931533193371003e-05,0.06503158600520109
12.1931,0.0,0.0,0.0,0.0325504506685674,0.03248113533663369,6.931533193371003e-05,0.06503158600520109
12.2001,0.0,0.0,0.0,0.0325504506685674,0.03248113533663369,6.931533193371003e-05,0.06503158600520109
12.2071,0.0,0.0,0.0,0.0325504506685674,0.03248113533663369,6.931533193371003e-05,0.06503158600520109
12.2141,0.0,0.0,0.0,0.0325504506685674,0.03248113533663369,6.931533193371003e-05,0.06503158600520109
12.2211,0.0,0.0,0.0,0.0325504506685674,0.03248113533663369,6.931533193371003e-05,0.06503158600520109
12.2281,0.0,0.0,0.0,0.0325504506685674,0.03248113533663369,6.931533193371003e-05,0.06503158600520109
12.2351,0.0,0.0,0.0,0.0325504506685674,0.03248113533663369,6.931533193371003e-05,0.06503158600520109
12.2421,0.0,0.0,0.0,0.0325504506685674,0.03248113533663369,6.931533193371003e-05,0.06503158600520109
12.2491,0.0,0.0,0.0,0.0325504506685674,0.03248113533663369,6.931533193371003e-05,0.06503158600520109
12.2561,0.0,0.0,0.0,0.0325504506685674,0.03248113533663369,6.931533193371003e-05,0.06503158600520109
12.2631,0.0,0.0,0.0,0.0325504506685674,0.03248113533663369,6.931533193371003e-05,0.06503158600520109
12.2701,0.0,0.0,0.0,0.0325504506685674,0.03248113533663369,6.931533193371003e-05,0.06503158600520109
12.2771,0.0,0.0,0.0,0.0325504506685674,0.03248113533663369,6.931533193371003e-05,0.06503158600520109
12.2841,0.0,0.0,0.0,0.0325504506685674,0.03248113533663369,6.931533193371003e-05,0.06503158600520109
12.2911,0.0,0.0,0.0,0.0325504506685674,0.03248113533663369,6.931533193371003e-05,0.06503158600520109
12.2981,0.0,0.0,0.0,0.0325504506685674,0.03248113533663369,6.931533193371003e-05,0.06503158600520109
12.3052,0.0,0.0,0.0,0.0325504506685674,0.03248113533663369,6.931533193371003e-05,0.06503158600520109
12.3122,0.0,0.0,0.0,0.0325504506685674,0.03248113533663369,6.931533193371003e-05,0.06503158600520109
12.3192,0.0,0.0,0.0,0.0325504506685674,0.03248113533663369,6.931533193371003e-05,0.06503158600520109
12.3262,0.0,0.0,0.0,0.0325504506685674,0.03248113533663369,6.931533193371003e-05,0.06503158600520109
12.3332,0.0,0.0,0.0,0.0325504506685674,0.03248113533663369,6.931533193371003e-05,0.06503158600520109
12.3402,0.0,0.0,0.0,0.0325504506685674,0.03248113533663369,6.931533193371003e-05,0.06503158600520109
12.3472,0.0,0.0,0.0,0.0325504506685674,0.03248113533663369,6.931533193371003e-05,0.06503158600520109
12.3542,0.0,0.0,0.0,0.0325504506685674,0.03248113533663369,6.931533193371003e-05,0.06503158600520109
12.3612,0.0,0.0,0.0,0.0325504506685674,0.03248113533663369,6.931533193371003e-05,0.06503158600520109
12.3682,0.0,0.0,0.0,0.0325504506685674,0.03248113533663369,6.931533193371003e-05,0.06503158600520109
12.3752,0.0,0.0,0.0,0.0325504506685674,0.03248113533663369,6.931533193371003e-05,0.06503158600520109
12.3822,0.0,0.0,0.0,0.0325504506685674,0.03248113533663369,6.931533193371003e-05,0.06503158600520109
12.3892,0.0,0.0,0.0,0.0325504506685674,0.03248113533663369,6.931533193371003e-05,0.06503158600520109
12.3962,0.0,0.0,0.0,0.0325504506685674,0.03248113533663369,6.931533193371003e-05,0.06503158600520109
12.4032,0.0,0.0,0.0,0.0325504506685674,0.03248113533663369,6.931533193371003e-05,0.06503158600520109
12.4102,0.0,0.0,0.0,0.0325504506685674,0.03248113533663369,6.931533193371003e-05,0.06503158600520109
12.4172,0.0,0.0,0.0,0.0325504506685674,0.03248113533663369,6.931533193371003e-05,0.06503158600520109
12.4242,0.0,0.0,0.0,0.0325504506685674,0.03248113533663369,6.931533193371003e-05,0.06503158600520109
12.4312,0.0,0.0,0.0,0.0325504506685674,0.03248113533663369,6.931533193371003e-05,0.06503158600520109
12.4382,0.0,0.0,0.0,0.0325504506685674,0.03248113533663369,6.931533193371003e-05,0.06503158600520109
12.4452,0.0,0.0,0.0,0.0325504506685674,0.03248113533663369,6.931533193371003e-05,0.06503158600520109
12.4522,0.0,0.0,0.0,0.0325504506685674,0.03248113533663369,6.931533193371003e-05,0.06503158600520109
12.4592,0.0,0.0,0.0,0.0325504506685674,0.03248113533663369,6.931533193371003e-05,0.06503158600520109
12.4662,0.0,0.0,0.0,0.0325504506685674,0.03248113533663369,6.931533193371003e-05,0.06503158600520109
12.4732,0.0,0.0,0.0,0.0325504506685674,0.03248113533663369,6.931533193371003e-05,0.06503158600520109
12.4802,0.0,0.0,0.0,0.0325504506685674,0.03248113533663369,6.931533193371003e-05,0.06503158600520109
12.4872,0.0,0.0,0.0,0.0325504506685674,0.03248113533663369,6.931533193371003e-05,0.06503158600520109
12.4942,0.0,0.0,0.0,0.0325504506685674,0.03248113533663369,6.931533193371003e-05,0.06503158600520109
12.5013,0.0,0.0,0.0,0.0325504506685674,0.03248113533663369,6.931533193371003e-05,0.06503158600520109
12.5083,0.0,0.0,0.0,0.0325504506685674,0.03248113533663369,6.931533193371003e-05,0.06503158600520109
12.5153,0.0,0.0,0.0,0.0325504506685674,0.03248113533663369,6.931533193371003e-05,0.06503158600520109
12.5223,0.0,0.0,0.0,0.0325504506685674,0.03248113533663369,6.931533193371003e-05,0.06503158600520109
12.5293,0.0,0.0,0.0,0.0325504506685674,0.03248113533663369,6.931533193371003e-05,0.06503158600520109
12.5363,0.0,0.0,0.0,0.0325504506685674,0.03248113533663369,6.931533193371003e-05,0.06503158600520109
12.5433,0.0,0.0,0.0,0.0325504506685674,0.03248113533663369,6.931533193371003e-05,0.06503158600520109
12.5503,0.0,0.0,0.0,0.0325504506685674,0.03248113533663369,6.931533193371003e-05,0.06503158600520109
12.5573,0.0,0.0,0.0,0.0325504506685674,0.03248113533663369,6.931533193371003e-05,0.06503158600520109
12.5643,0.0,0.0,0.0,0.0325504506685674,0.03248113533663369,6.931533193371003e-05,0.06503158600520109
12.5713,0.0,0.0,0.0,0.0325504506685674,0.03248113533663369,6.931533193371003e-05,0.06503158600520109
12.5783,0.0,0.0,0.0,0.0325504506685674,0.03248113533663369,6.931533193371003e-05,0.06503158600520109
12.5853,0.0,0.0,0.0,0.0325504506685674,0.03248113533663369,6.931533193371003e-05,0.06503158600520109
12.5923,0.0,0.0,0.0,0.0325504506685674,0.03248113533663369,6.931533193371003e-05,0.06503158600520109
12.5993,0.0,0.0,0.0,0.0325504506685674,0.03248113533663369,6.931533193371003e-05,0.06503158600520109
12.6063,0.0,0.0,0.0,0.0325504506685674,0.03248113533663369,6.931533193371003e-05,0.06503158600520109
12.6133,0.0,0.0,0.0,0.0325504506685674,0.03248113533663369,6.931533193371003e-05,0.06503158600520109
12.6203,0.0,0.0,0.0,0.0325504506685674,0.03248113533663369,6.931533193371003e-05,0.06503158600520109
12.6273,0.0,0.0,0.0,0.0325504506685674,0.03248113533663369,6.931533193371003e-05,0.06503158600520109
12.6343,0.0,0.0,0.0,0.0325504506685674,0.03248113533663369,6.931533193371003e-05,0.06503158600520109
12.6413,0.0,0.0,0.0,0.0325504506685674,0.03248113533663369,6.931533193371003e-05,0.06503158600520109
12.6483,0.0,0.0,0.0,0.0325504506685674,0.03248113533663369,6.931533193371003e-05,0.06503158600520109
12.6553,0.0,0.0,0.0,0.0325504506685674,0.03248113533663369,6.931533193371003e-05,0.06503158600520109
12.6623,0.0,0.0,0.0,0.0325504506685674,0.03248113533663369,6.931533193371003e-05,0.06503158600520109
12.6693,0.0,0.0,0.0,0.0325504506685674,0.03248113533663369,6.931533193371003e-05,0.06503158600520109
12.6763,0.0,0.0,0.0,0.0325504506685674,0.03248113533663369,6.931533193371003e-05,0.06503158600520109
12.6833,0.0,0.0,0.0,0.0325504506685674,0.03248113533663369,6.931533193371003e-05,0.06503158600520109
12.6903,0.0,0.0,0.0,0.0325504506685674,0.03248113533663369,6.931533193371003e-05,0.06503158600520109
12.6973,0.0,0.0,0.0,0.0325504506685674,0.03248113533663369,6.931533193371003e-05,0.06503158600520109
12.7044,0.0,0.0,0.0,0.0325504506685674,0.03248113533663369,6.931533193371003e-05,0.06503158600520109
12.7114,0.0,0.0,0.0,0.0325504506685674,0.03248113533663369,6.931533193371003e-05,0.06503158600520109
12.7184,0.0,0.0,0.0,0.0325504506685674,0.03248113533663369,6.931533193371003e-05,0.06503158600520109
12.7254,0.0,0.0,0.0,0.0325504506685674,0.03248113533663369,6.931533193371003e-05,0.06503158600520109
12.7324,0.0,0.0,0.0,0.0325504506685674,0.03248113533663369,6.931533193371003e-05,0.06503158600520109
12.7394,0.0,0.0,0.0,0.0325504506685674,0.03248113533663369,6.931533193371003e-05,0.06503158600520109
12.7464,0.0,0.0,0.0,0.0325504506685674,0.03248113533663369,6.931533193371003e-05,0.06503158600520109
12.7534,0.0,0.0,0.0,0.0325504506685674,0.03248113533663369,6.931533193371003e-05,0.06503158600520109
12.7604,0.0,0.0,0.0,0.0325504506685674,0.03248113533663369,6.931533193371003e-05,0.06503158600520109
12.7674,0.0,0.0,0.0,0.0325504506685674,0.03248113533663369,6.931533193371003e-05,0.06503158600520109
12.7744,0.0,0.0,0.0,0.0325504506685674,0.03248113533663369,6.931533193371003e-05,0.06503158600520109
12.7814,0.0,0.0,0.0,0.0325504506685674,0.03248113533663369,6.931533193371003e-05,0.06503158600520109
12.7884,0.0,0.0,0.0,0.0325504506685674,0.03248113533663369,6.931533193371003e-05,0.06503158600520109
12.7954,0.0,0.0,0.0,0.0325504506685674,0.03248113533663369,6.931533193371003e-05,0.06503158600520109
12.8024,0.0,0.0,0.0,0.0325504506685674,0.03248113533663369,6.931533193371003e-05,0.06503158600520109
12.8094,0.0,0.0,0.0,0.0325504506685674,0.03248113533663369,6.931533193371003e-05,0.06503158600520109
12.8164,0.0,0.0,0.0,0.0325504506685674,0.03248113533663369,6.931533193371003e-05,0.06503158600520109
12.8234,0.0,0.0,0.0,0.0325504506685674,0.03248113533663369,6.931533193371003e-05,0.06503158600520109
12.8304,0.0,0.0,0.0,0.0325504506685674,0.03248113533663369,6.931533193371003e-05,0.06503158600520109
12.8374,0.0,0.0,0.0,0.0325504506685674,0.03248113533663369,6.931533193371003e-05,0.06503158600520109
12.8444,0.0,0.0,0.0,0.0325504506685674,0.03248113533663369,6.931533193371003e-05,0.06503158600520109
12.8514,0.0,0.0,0.0,0.0325504506685674,0.03248113533663369,6.931533193371003e-05,0.06503158600520109
12.8584,0.0,0.0,0.0,0.0325504506685674,0.03248113533663369,6.931533193371003e-05,0.06503158600520109
12.8654,0.0,0.0,0.0,0.0325504506685674,0.03248113533663369,6.931533193371003e-05,0.06503158600520109
12.8724,0.0,0.0,0.0,0.0325504506685674,0.03248113533663369,6.931533193371003e-05,0.06503158600520109
12.8794,0.0,0.0,0.0,0.0325504506685674,0.03248113533663369,6.931533193371003e-05,0.06503158600520109
12.8864,0.0,0.0,0.0,0.0325504506685674,0.03248113533663369,6.931533193371003e-05,0.06503158600520109
12.8934,0.0,0.0,0.0,0.0325504506685674,0.03248113533663369,6.931533193371003e-05,0.06503158600520109
12.9005,0.0,0.0,0.0,0.0325504506685674,0.03248113533663369,6.931533193371003e-05,0.06503158600520109
12.9075,0.0,0.0,0.0,0.0325504506685674,0.03248113533663369,6.931533193371003e-05,0.06503158600520109
12.9145,0.0,0.0,0.0,0.0325504506685674,0.03248113533663369,6.931533193371003e-05,0.06503158600520109
12.9215,0.0,0.0,0.0,0.0325504506685674,0.03248113533663369,6.931533193371003e-05,0.06503158600520109
12.9285,0.0,0.0,0.0,0.0325504506685674,0.03248113533663369,6.931533193371003e-05,0.06503158600520109
12.9355,0.0,0.0,0.0,0.0325504506685674,0.03248113533663369,6.931533193371003e-05,0.06503158600520109
12.9425,0.0,0.0,0.0,0.0325504506685674,0.03248113533663369,6.931533193371003e-05,0.06503158600520109
12.9495,0.0,0.0,0.0,0.0325504506685674,0.03248113533663369,6.931533193371003e-05,0.06503158600520109
12.9565,0.0,0.0,0.0,0.0325504506685674,0.03248113533663369,6.931533193371003e-05,0.06503158600520109
12.9635,0.0,0.0,0.0,0.0325504506685674,0.03248113533663369,6.931533193371003e-05,0.06503158600520109
12.9705,0.0,0.0,0.0,0.0325504506685674,0.03248113533663369,6.931533193371003e-05,0.06503158600520109
12.9775,0.0,0.0,0.0,0.0325504506685674,0.03248113533663369,6.931533193371003e-05,0.06503158600520109
12.9845,0.0,0.0,0.0,0.0325504506685674,0.03248113533663369,6.931533193371003e-05,0.06503158600520109
12.9915,0.0,0.0,0.0,0.0325504506685674,0.03248113533663369,6.931533193371003e-05,0.06503158600520109
12.9985,0.0,0.0,0.0,0.0325504506685674,0.03248113533663369,6.931533193371003e-05,0.06503158600520109
13.0055,0.0,0.0,0.0,0.0325504506685674,0.03248113533663369,6.931533193371003e-05,0.06503158600520109
13.0125,0.0,0.0,0.0,0.0325504506685674,0.03248113533663369,6.931533193371003e-05,0.06503158600520109
13.0195,0.0,0.0,0.0,0.0325504506685674,0.03248113533663369,6.931533193371003e-05,0.06503158600520109
13.0265,0.0,0.0,0.0,0.0325504506685674,0.03248113533663369,6.931533193371003e-05,0.06503158600520109
13.0335,0.0,0.0,0.0,0.0325504506685674,0.03248113533663369,6.931533193371003e-05,0.06503158600520109
13.0405,0.0,0.0,0.0,0.0325504506685674,0.03248113533663369,6.931533193371003e-05,0.06503158600520109
13.0475,0.0,0.0,0.0,0.0325504506685674,0.03248113533663369,6.931533193371003e-05,0.06503158600520109
13.0545,0.0,0.0,0.0,0.0325504506685674,0.03248113533663369,6.931533193371003e-05,0.06503158600520109
13.0615,0.0,0.0,0.0,0.0325504506685674,0.03248113533663369,6.931533193371003e-05,0.06503158600520109
13.0685,0.0,0.0,0.0,0.0325504506685674,0.03248113533663369,6.931533193371003e-05,0.06503158600520109
13.0755,0.0,0.0,0.0,0.0325504506685674,0.03248113533663369,6.931533193371003e-05,0.06503158600520109
13.0825,0.0,0.0,0.0,0.0325504506685674,0.03248113533663369,6.931533193371003e-05,0.06503158600520109
13.0895,0.0,0.0,0.0,0.0325504506685674,0.03248113533663369,6.931533193371003e-05,0.06503158600520109
13.0965,0.0,0.0,0.0,0.0325504506685674,0.03248113533663369,6.931533193371003e-05,0.06503158600520109
13.1036,0.0,0.0,0.0,0.0325504506685674,0.03248113533663369,6.931533193371003e-05,0.06503158600520109
13.1106,0.0,0.0,0.0,0.0325504506685674,0.03248113533663369,6.931533193371003e-05,0.06503158600520109
13.1176,0.0,0.0,0.0,0.0325504506685674,0.03248113533663369,6.931533193371003e-05,0.06503158600520109
13.1246,0.0,0.0,0.0,0.0325504506685674,0.03248113533663369,6.931533193371003e-05,0.06503158600520109
13.1316,0.0,0.0,0.0,0.0325504506685674,0.03248113533663369,6.931533193371003e-05,0.06503158600520109
13.1386,0.0,0.0,0.0,0.0325504506685674,0.03248113533663369,6.931533193371003e-05,0.06503158600520109
13.1456,0.0,0.0,0.0,0.0325504506685674,0.03248113533663369,6.931533193371003e-05,0.06503158600520109
13.1526,0.0,0.0,0.0,0.0325504506685674,0.03248113533663369,6.931533193371003e-05,0.06503158600520109
13.1596,0.0,0.0,0.0,0.0325504506685674,0.03248113533663369,6.931533193371003e-05,0.06503158600520109
13.1666,0.0,0.0,0.0,0.0325504506685674,0.03248113533663369,6.931533193371003e-05,0.06503158600520109
13.1736,0.0,0.0,0.0,0.0325504506685674,0.03248113533663369,6.931533193371003e-05,0.06503158600520109
13.1806,0.0,0.0,0.0,0.0325504506685674,0.03248113533663369,6.931533193371003e-05,0.06503158600520109
13.1876,0.0,0.0,0.0,0.0325504506685674,0.03248113533663369,6.931533193371003e-05,0.06503158600520109
13.1946,0.0,0.0,0.0,0.0325504506685674,0.03248113533663369,6.931533193371003e-05,0.06503158600520109
13.2016,0.0,0.0,0.0,0.0325504506685674,0.03248113533663369,6.931533193371003e-05,0.06503158600520109
13.2086,0.0,0.0,0.0,0.0325504506685674,0.03248113533663369,6.931533193371003e-05,0.06503158600520109
13.2156,0.0,0.0,0.0,0.0325504506685674,0.03248113533663369,6.931533193371003e-05,0.06503158600520109
13.2226,0.0,0.0,0.0,0.0325504506685674,0.03248113533663369,6.931533193371003e-05,0.06503158600520109
13.2296,0.0,0.0,0.0,0.0325504506685674,0.03248113533663369,6.931533193371003e-05,0.06503158600520109
13.2366,0.0,0.0,0.0,0.0325504506685674,0.03248113533663369,6.931533193371003e-05,0.06503158600520109
13.2436,0.0,0.0,0.0,0.0325504506685674,0.03248113533663369,6.931533193371003e-05,0.06503158600520109
13.2506,0.0,0.0,0.0,0.0325504506685674,0.03248113533663369,6.931533193371003e-05,0.06503158600520109
13.2576,0.0,0.0,0.0,0.0325504506685674,0.03248113533663369,6.931533193371003e-05,0.06503158600520109
13.2646,0.0,0.0,0.0,0.0325504506685674,0.03248113533663369,6.931533193371003e-05,0.06503158600520109
13.2716,0.0,0.0,0.0,0.0325504506685674,0.03248113533663369,6.931533193371003e-05,0.06503158600520109
13.2786,0.0,0.0,0.0,0.0325504506685674,0.03248113533663369,6.931533193371003e-05,0.06503158600520109
13.2856,0.0,0.0,0.0,0.0325504506685674,0.03248113533663369,6.931533193371003e-05,0.06503158600520109
13.2926,0.0,0.0,0.0,0.0325504506685674,0.03248113533663369,6.931533193371003e-05,0.06503158600520109
13.2996,0.0,0.0,0.0,0.0325504506685674,0.03248113533663369,6.931533193371003e-05,0.06503158600520109
13.3067,0.0,0.0,0.0,0.0325504506685674,0.03248113533663369,6.931533193371003e-05,0.06503158600520109
13.3137,0.0,0.0,0.0,0.0325504506685674,0.03248113533663369,6.931533193371003e-05,0.06503158600520109
13.3207,0.0,0.0,0.0,0.0325504506685674,0.03248113533663369,6.931533193371003e-05,0.06503158600520109
13.3277,0.0,0.0,0.0,0.0325504506685674,0.03248113533663369,6.931533193371003e-05,0.06503158600520109
13.3347,0.0,0.0,0.0,0.0325504506685674,0.03248113533663369,6.931533193371003e-05,0.06503158600520109
13.3417,0.0,0.0,0.0,0.0325504506685674,0.03248113533663369,6.931533193371003e-05,0.06503158600520109
13.3487,0.0,0.0,0.0,0.0325504506685674,0.03248113533663369,6.931533193371003e-05,0.06503158600520109
13.3557,0.0,0.0,0.0,0.0325504506685674,0.03248113533663369,6.931533193371003e-05,0.06503158600520109
13.3627,0.0,0.0,0.0,0.0325504506685674,0.03248113533663369,6.931533193371003e-05,0.06503158600520109
13.3697,0.0,0.0,0.0,0.0325504506685674,0.03248113533663369,6.931533193371003e-05,0.06503158600520109
13.3767,0.0,0.0,0.0,0.0325504506685674,0.03248113533663369,6.931533193371003e-05,0.06503158600520109
13.3837,0.0,0.0,0.0,0.0325504506685674,0.03248113533663369,6.931533193371003e-05,0.06503158600520109
13.3907,0.0,0.0,0.0,0.0325504506685674,0.03248113533663369,6.931533193371003e-05,0.06503158600520109
13.3977,0.0,0.0,0.0,0.0325504506685674,0.03248113533663369,6.931533193371003e-05,0.06503158600520109
13.4047,0.0,0.0,0.0,0.0325504506685674,0.03248113533663369,6.931533193371003e-05,0.06503158600520109
13.4117,0.0,0.0,0.0,0.0325504506685674,0.03248113533663369,6.931533193371003e-05,0.06503158600520109
13.4187,0.0,0.0,0.0,0.0325504506685674,0.03248113533663369,6.931533193371003e-05,0.06503158600520109
13.4257,0.0,0.0,0.0,0.0325504506685674,0.03248113533663369,6.931533193371003e-05,0.06503158600520109
13.4327,0.0,0.0,0.0,0.0325504506685674,0.03248113533663369,6.931533193371003e-05,0.06503158600520109
13.4397,0.0,0.0,0.0,0.0325504506685674,0.03248113533663369,6.931533193371003e-05,0.06503158600520109
13.4467,0.0,0.0,0.0,0.0325504506685674,0.03248113533663369,6.931533193371003e-05,0.06503158600520109
13.4537,0.0,0.0,0.0,0.0325504506685674,0.03248113533663369,6.931533193371003e-05,0.06503158600520109
13.4607,0.0,0.0,0.0,0.0325504506685674,0.03248113533663369,6.931533193371003e-05,0.06503158600520109
13.4677,0.0,0.0,0.0,0.0325504506685674,0.03248113533663369,6.931533193371003e-05,0.06503158600520109
13.4747,0.0,0.0,0.0,0.0325504506685674,0.03248113533663369,6.931533193371003e-05,0.06503158600520109
13.4817,0.0,0.0,0.0,0.0325504506685674,0.03248113533663369,6.931533193371003e-05,0.06503158600520109
13.4887,0.0,0.0,0.0,0.0325504506685674,0.03248113533663369,6.931533193371003e-05,0.06503158600520109
13.4957,0.0,0.0,0.0,0.0325504506685674,0.03248113533663369,6.931533193371003e-05,0.06503158600520109
13.5028,0.0,0.0,0.0,0.0325504506685674,0.03248113533663369,6.931533193371003e-05,0.06503158600520109
13.5098,0.0,0.0,0.0,0.0325504506685674,0.03248113533663369,6.931533193371003e-05,0.06503158600520109
13.5168,0.0,0.0,0.0,0.0325504506685674,0.03248113533663369,6.931533193371003e-05,0.06503158600520109
13.5238,0.0,0.0,0.0,0.0325504506685674,0.03248113533663369,6.931533193371003e-05,0.06503158600520109
13.5308,0.0,0.0,0.0,0.0325504506685674,0.03248113533663369,6.931533193371003e-05,0.06503158600520109
13.5378,0.0,0.0,0.0,0.0325504506685674,0.03248113533663369,6.931533193371003e-05,0.06503158600520109
13.5448,0.0,0.0,0.0,0.0325504506685674,0.03248113533663369,6.931533193371003e-05,0.06503158600520109
13.5518,0.0,0.0,0.0,0.0325504506685674,0.03248113533663369,6.931533193371003e-05,0.06503158600520109
13.5588,0.0,0.0,0.0,0.0325504506685674,0.03248113533663369,6.931533193371003e-05,0.06503158600520109
13.5658,0.0,0.0,0.0,0.0325504506685674,0.03248113533663369,6.931533193371003e-05,0.06503158600520109
13.5728,0.0,0.0,0.0,0.0325504506685674,0.03248113533663369,6.931533193371003e-05,0.06503158600520109
13.5798,0.0,0.0,0.0,0.0325504506685674,0.03248113533663369,6.931533193371003e-05,0.06503158600520109
13.5868,0.0,0.0,0.0,0.0325504506685674,0.03248113533663369,6.931533193371003e-05,0.06503158600520109
13.5938,0.0,0.0,0.0,0.0325504506685674,0.03248113533663369,6.931533193371003e-05,0.06503158600520109
13.6008,0.0,0.0,0.0,0.0325504506685674,0.03248113533663369,6.931533193371003e-05,0.06503158600520109
13.6078,0.0,0.0,0.0,0.0325504506685674,0.03248113533663369,6.931533193371003e-05,0.06503158600520109
13.6148,0.0,0.0,0.0,0.0325504506685674,0.03248113533663369,6.931533193371003e-05,0.06503158600520109
13.6218,0.0,0.0,0.0,0.0325504506685674,0.03248113533663369,6.931533193371003e-05,0.06503158600520109
13.6288,0.0,0.0,0.0,0.0325504506685674,0.03248113533663369,6.931533193371003e-05,0.06503158600520109
13.6358,0.0,0.0,0.0,0.0325504506685674,0.03248113533663369,6.931533193371003e-05,0.06503158600520109
13.6428,0.0,0.0,0.0,0.0325504506685674,0.03248113533663369,6.931533193371003e-05,0.06503158600520109
13.6498,0.0,0.0,0.0,0.0325504506685674,0.03248113533663369,6.931533193371003e-05,0.06503158600520109
13.6568,0.0,0.0,0.0,0.0325504506685674,0.03248113533663369,6.931533193371003e-05,0.06503158600520109
13.6638,0.0,0.0,0.0,0.0325504506685674,0.03248113533663369,6.931533193371003e-05,0.06503158600520109
13.6708,0.0,0.0,0.0,0.0325504506685674,0.03248113533663369,6.931533193371003e-05,0.06503158600520109
13.6778,0.0,0.0,0.0,0.0325504506685674,0.03248113533663369,6.931533193371003e-05,0.06503158600520109
13.6848,0.0,0.0,0.0,0.0325504506685674,0.03248113533663369,6.931533193371003e-05,0.06503158600520109
13.6918,0.0,0.0,0.0,0.0325504506685674,0.03248113533663369,6.931533193371003e-05,0.06503158600520109
13.6988,0.0,0.0,0.0,0.0325504506685674,0.03248113533663369,6.931533193371003e-05,0.06503158600520109
13.7059,0.0,0.0,0.0,0.0325504506685674,0.03248113533663369,6.931533193371003e-05,0.06503158600520109
13.7129,0.0,0.0,0.0,0.0325504506685674,0.03248113533663369,6.931533193371003e-05,0.06503158600520109
13.7199,0.0,0.0,0.0,0.0325504506685674,0.03248113533663369,6.931533193371003e-05,0.06503158600520109
13.7269,0.0,0.0,0.0,0.0325504506685674,0.03248113533663369,6.931533193371003e-05,0.06503158600520109
13.7339,0.0,0.0,0.0,0.0325504506685674,0.03248113533663369,6.931533193371003e-05,0.06503158600520109
13.7409,0.0,0.0,0.0,0.0325504506685674,0.03248113533663369,6.931533193371003e-05,0.06503158600520109
13.7479,0.0,0.0,0.0,0.0325504506685674,0.03248113533663369,6.931533193371003e-05,0.06503158600520109
13.7549,0.0,0.0,0.0,0.0325504506685674,0.03248113533663369,6.931533193371003e-05,0.06503158600520109
13.7619,0.0,0.0,0.0,0.0325504506685674,0.03248113533663369,6.931533193371003e-05,0.06503158600520109
13.7689,0.0,0.0,0.0,0.0325504506685674,0.03248113533663369,6.931533193371003e-05,0.06503158600520109
13.7759,0.0,0.0,0.0,0.0325504506685674,0.03248113533663369,6.931533193371003e-05,0.06503158600520109
13.7829,0.0,0.0,0.0,0.0325504506685674,0.03248113533663369,6.931533193371003e-05,0.06503158600520109
13.7899,0.0,0.0,0.0,0.0325504506685674,0.03248113533663369,6.931533193371003e-05,0.06503158600520109
13.7969,0.0,0.0,0.0,0.0325504506685674,0.03248113533663369,6.931533193371003e-05,0.06503158600520109
13.8039,0.0,0.0,0.0,0.0325504506685674,0.03248113533663369,6.931533193371003e-05,0.06503158600520109
13.8109,0.0,0.0,0.0,0.0325504506685674,0.03248113533663369,6.931533193371003e-05,0.06503158600520109
13.8179,0.0,0.0,0.0,0.0325504506685674,0.03248113533663369,6.931533193371003e-05,0.06503158600520109
13.8249,0.0,0.0,0.0,0.0325504506685674,0.03248113533663369,6.931533193371003e-05,0.06503158600520109
13.8319,0.0,0.0,0.0,0.0325504506685674,0.03248113533663369,6.931533193371003e-05,0.06503158600520109
13.8389,0.0,0.0,0.0,0.0325504506685674,0.03248113533663369,6.931533193371003e-05,0.06503158600520109
13.8459,0.0,0.0,0.0,0.0325504506685674,0.03248113533663369,6.931533193371003e-05,0.06503158600520109
13.8529,0.0,0.0,0.0,0.0325504506685674,0.03248113533663369,6.931533193371003e-05,0.06503158600520109
13.8599,0.0,0.0,0.0,0.0325504506685674,0.03248113533663369,6.931533193371003e-05,0.06503158600520109
13.8669,0.0,0.0,0.0,0.0325504506685674,0.03248113533663369,6.931533193371003e-05,0.06503158600520109
13.8739,0.0,0.0,0.0,0.0325504506685674,0.03248113533663369,6.931533193371003e-05,0.06503158600520109
13.8809,0.0,0.0,0.0,0.0325504506685674,0.03248113533663369,6.931533193371003e-05,0.06503158600520109
13.8879,0.0,0.0,0.0,0.0325504506685674,0.03248113533663369,6.931533193371003e-05,0.06503158600520109
13.8949,0.0,0.0,0.0,0.0325504506685674,0.03248113533663369,6.931533193371003e-05,0.06503158600520109
13.902,0.0,0.0,0.0,0.0325504506685674,0.03248113533663369,6.931533193371003e-05,0.06503158600520109
13.909,0.0,0.0,0.0,0.0325504506685674,0.03248113533663369,6.931533193371003e-05,0.06503158600520109
13.916,0.0,0.0,0.0,0.0325504506685674,0.03248113533663369,6.931533193371003e-05,0.06503158600520109
13.923,0.0,0.0,0.0,0.0325504506685674,0.03248113533663369,6.931533193371003e-05,0.06503158600520109
13.93,0.0,0.0,0.0,0.0325504506685674,0.03248113533663369,6.931533193371003e-05,0.06503158600520109
13.937,0.0,0.0,0.0,0.0325504506685674,0.03248113533663369,6.931533193371003e-05,0.06503158600520109
13.944,0.0,0.0,0.0,0.0325504506685674,0.03248113533663369,6.931533193371003e-05,0.06503158600520109
13.951,0.0,0.0,0.0,0.0325504506685674,0.03248113533663369,6.931533193371003e-05,0.06503158600520109
13.958,0.0,0.0,0.0,0.0325504506685674,0.03248113533663369,6.931533193371003e-05,0.06503158600520109
13.965,0.0,0.0,0.0,0.0325504506685674,0.03248113533663369,6.931533193371003e-05,0.06503158600520109
13.972,0.0,0.0,0.0,0.0325504506685674,0.03248113533663369,6.931533193371003e-05,0.06503158600520109
13.979,0.0,0.0,0.0,0.0325504506685674,0.03248113533663369,6.931533193371003e-05,0.06503158600520109
13.986,0.0,0.0,0.0,0.0325504506685674,0.03248113533663369,6.931533193371003e-05,0.06503158600520109
13.993,0.0,0.0,0.0,0.0325504506685674,0.03248113533663369,6.931533193371003e-05,0.06503158600520109
14.0,0.0,0.0,0.0,0.0325504506685674,0.03248113533663369,6.931533193371003e-05,0.06503158600520109
